key,label,rule_noise,rules,cl_issue,cl_budget,quality
benign_none_Facetime.pcap	udp_2423,3,0,,0,0,0.99953365
benign_none_Facetime.pcap	udp_1,3,0,,0,0,0.99960226
benign_none_Facetime.pcap	udp_1873,3,0,,0,0,0.999404
benign_none_Facetime.pcap	udp_1456,3,0,,0,0,0.99905473
benign_none_Facetime.pcap	udp_4,3,0,,0,0,0.999222
benign_none_Facetime.pcap	udp_1923,3,1,Cc_5,0,0,0.99961805
benign_none_Facetime.pcap	udp_8,3,0,,0,0,0.99960107
benign_none_Facetime.pcap	udp_1809,3,0,,0,0,0.9990073
benign_none_Facetime.pcap	udp_1511,3,0,,0,0,0.99948174
benign_none_Facetime.pcap	udp_11,3,0,,0,0,0.99930924
benign_none_Facetime.pcap	udp_2763,3,0,,0,0,0.99953365
benign_none_Facetime.pcap	udp_1583,3,0,,0,0,0.9991025
benign_none_Facetime.pcap	udp_14,3,0,,0,0,0.99937457
benign_none_Facetime.pcap	udp_1656,3,0,,0,0,0.9991243
benign_none_Facetime.pcap	udp_2421,3,0,,0,0,0.99914086
benign_none_Facetime.pcap	udp_17,3,0,,0,0,0.99949664
benign_none_Facetime.pcap	udp_2141,3,0,,0,0,0.99945503
benign_none_Facetime.pcap	udp_19,3,0,,0,0,0.9994698
benign_none_Facetime.pcap	udp_2489,3,0,,0,0,0.99960583
benign_none_Facetime.pcap	udp_1775,3,0,,0,0,0.9995933
benign_none_Facetime.pcap	udp_23,3,0,,0,0,0.9991621
benign_none_Facetime.pcap	udp_1097,3,0,,0,0,0.9991166
benign_none_Facetime.pcap	udp_2283,3,0,,0,0,0.9993906
benign_none_Facetime.pcap	udp_27,3,0,,0,0,0.9995534
benign_none_Facetime.pcap	udp_1561,3,0,,0,0,0.99916357
benign_none_Facetime.pcap	udp_1566,3,0,,0,0,0.99941134
benign_none_Facetime.pcap	udp_2533,3,0,,0,0,0.9992103
benign_none_Facetime.pcap	udp_31,3,0,,0,0,0.99952304
benign_none_Facetime.pcap	udp_2442,3,0,,0,0,0.9995938
benign_none_Facetime.pcap	udp_2584,3,0,,0,0,0.9995526
benign_none_Facetime.pcap	udp_1799,3,0,,0,0,0.99934965
benign_none_Facetime.pcap	udp_35,3,0,,0,0,0.99937797
benign_none_Facetime.pcap	udp_1265,3,0,,0,0,0.9992237
benign_none_Facetime.pcap	udp_39,3,0,,0,0,0.9995272
benign_none_Facetime.pcap	udp_40,3,0,,0,0,0.9988871
benign_none_Facetime.pcap	udp_41,3,0,,0,0,0.9992963
benign_none_Facetime.pcap	udp_42,3,0,,0,0,0.9995503
benign_none_Facetime.pcap	udp_1885,3,0,,0,0,0.9995307
benign_none_Facetime.pcap	udp_1064,3,0,,0,0,0.99913883
benign_none_Facetime.pcap	udp_45,3,0,,0,0,0.99910337
benign_none_Facetime.pcap	udp_1410,3,0,,0,0,0.99917525
benign_none_Facetime.pcap	udp_1807,3,0,,0,0,0.99923635
benign_none_Facetime.pcap	udp_2969,3,0,,0,0,0.99899393
benign_none_Facetime.pcap	udp_2663,3,0,,0,0,0.9993578
benign_none_Facetime.pcap	udp_1958,3,0,,0,0,0.9990091
benign_none_Facetime.pcap	udp_52,3,0,,0,0,0.99921685
benign_none_Facetime.pcap	udp_53,3,0,,0,0,0.99908906
benign_none_Facetime.pcap	udp_54,3,0,,0,0,0.999508
benign_none_Facetime.pcap	udp_55,3,0,,0,0,0.9995284
benign_none_Facetime.pcap	udp_2720,3,0,,0,0,0.9993942
benign_none_Facetime.pcap	udp_2392,3,0,,0,0,0.9992863
benign_none_Facetime.pcap	udp_1427,3,0,,0,0,0.9995209
benign_none_Facetime.pcap	udp_2679,3,0,,0,0,0.9994752
benign_none_Facetime.pcap	udp_60,3,0,,0,0,0.999368
benign_none_Facetime.pcap	udp_61,3,0,,0,0,0.9995015
benign_none_Facetime.pcap	udp_1648,3,0,,0,0,0.99949956
benign_none_Facetime.pcap	udp_64,3,0,,0,0,0.999571
benign_none_Facetime.pcap	udp_2013,3,0,,0,0,0.99946487
benign_none_Facetime.pcap	udp_1320,3,0,,0,0,0.9995482
benign_none_Facetime.pcap	udp_2341,3,0,,0,0,0.9993482
benign_none_Facetime.pcap	udp_69,3,0,,0,0,0.99933076
benign_none_Facetime.pcap	udp_70,3,0,,0,0,0.99945235
benign_none_Facetime.pcap	udp_2052,3,0,,0,0,0.9994423
benign_none_Facetime.pcap	udp_72,3,0,,0,0,0.99913836
benign_none_Facetime.pcap	udp_1804,3,0,,0,0,0.99959236
benign_none_Facetime.pcap	udp_74,3,0,,0,0,0.9993211
benign_none_Facetime.pcap	udp_2187,3,0,,0,0,0.9991561
benign_none_Facetime.pcap	udp_1448,3,0,,0,0,0.99957925
benign_none_Facetime.pcap	udp_1133,3,0,,0,0,0.9994708
benign_none_Facetime.pcap	udp_1642,3,0,,0,0,0.99940515
benign_none_Facetime.pcap	udp_1722,3,0,,0,0,0.999611
benign_none_Facetime.pcap	udp_81,3,0,,0,0,0.9990245
benign_none_Facetime.pcap	udp_82,3,0,,0,0,0.9994516
benign_none_Facetime.pcap	udp_83,3,0,,0,0,0.9994844
benign_none_Facetime.pcap	udp_1981,3,0,,0,0,0.99899787
benign_none_Facetime.pcap	udp_2123,3,0,,0,0,0.9993749
benign_none_Facetime.pcap	udp_86,3,0,,0,0,0.9992029
benign_none_Facetime.pcap	udp_2264,3,0,,0,0,0.9995677
benign_none_Facetime.pcap	udp_2230,3,0,,0,0,0.9989208
benign_none_Facetime.pcap	udp_2251,3,0,,0,0,0.9992171
benign_none_Facetime.pcap	udp_1360,3,0,,0,0,0.9995808
benign_none_Facetime.pcap	udp_1414,3,1,Cc_5,0,0,0.99918175
benign_none_Facetime.pcap	udp_1271,3,0,,0,0,0.9995203
benign_none_Facetime.pcap	udp_2333,3,0,,0,0,0.9978903
benign_none_Facetime.pcap	udp_2135,3,0,,0,0,0.9992854
benign_none_Facetime.pcap	udp_1372,3,0,,0,0,0.99945575
benign_none_Facetime.pcap	udp_1710,3,0,,0,0,0.998936
benign_none_Facetime.pcap	udp_100,3,0,,0,0,0.99908924
benign_none_Facetime.pcap	udp_102,3,0,,0,0,0.9992055
benign_none_Facetime.pcap	udp_1169,3,0,,0,0,0.999223
benign_none_Facetime.pcap	udp_1161,3,0,,0,0,0.9995322
benign_none_Facetime.pcap	udp_2775,3,0,,0,0,0.9994366
benign_none_Facetime.pcap	udp_2745,3,0,,0,0,0.99958044
benign_none_Facetime.pcap	udp_1386,3,0,,0,0,0.9991959
benign_none_Facetime.pcap	udp_1041,3,0,,0,0,0.9993765
benign_none_Facetime.pcap	udp_1986,3,0,,0,0,0.9995766
benign_none_Facetime.pcap	udp_2021,3,0,,0,0,0.9979725
benign_none_Facetime.pcap	udp_1850,3,0,,0,0,0.99911815
benign_none_Facetime.pcap	udp_1150,3,0,,0,0,0.9993387
benign_none_Facetime.pcap	udp_116,3,0,,0,0,0.99929583
benign_none_Facetime.pcap	udp_1190,3,0,,0,0,0.99962485
benign_none_Facetime.pcap	udp_118,3,0,,0,0,0.9995764
benign_none_Facetime.pcap	udp_2886,3,0,,0,0,0.9995534
benign_none_Facetime.pcap	udp_1631,3,0,,0,0,0.9993187
benign_none_Facetime.pcap	udp_1939,3,0,,0,0,0.99909806
benign_none_Facetime.pcap	udp_2033,3,0,,0,0,0.99911165
benign_none_Facetime.pcap	udp_2032,3,0,,0,0,0.9995988
benign_none_Facetime.pcap	udp_1865,3,0,,0,0,0.9989147
benign_none_Facetime.pcap	udp_1277,3,0,,0,0,0.9995295
benign_none_Facetime.pcap	udp_1364,3,0,,0,0,0.99951816
benign_none_Facetime.pcap	udp_1145,3,0,,0,0,0.9989577
benign_none_Facetime.pcap	udp_2072,3,0,,0,0,0.9993566
benign_none_Facetime.pcap	udp_1493,3,0,,0,0,0.9992126
benign_none_Facetime.pcap	udp_1603,3,0,,0,0,0.9990982
benign_none_Facetime.pcap	udp_1100,3,0,,0,0,0.9993249
benign_none_Facetime.pcap	udp_2519,3,0,,0,0,0.99936277
benign_none_Facetime.pcap	udp_1883,3,0,,0,0,0.9992083
benign_none_Facetime.pcap	udp_2482,3,0,,0,0,0.998858
benign_none_Facetime.pcap	udp_139,3,0,,0,0,0.9995317
benign_none_Facetime.pcap	udp_1272,3,0,,0,0,0.9993205
benign_none_Facetime.pcap	udp_1045,3,0,,0,0,0.99910814
benign_none_Facetime.pcap	udp_2409,3,0,,0,0,0.99922055
benign_none_Facetime.pcap	udp_1531,3,0,,0,0,0.999389
benign_none_Facetime.pcap	udp_145,3,0,,0,0,0.9990414
benign_none_Facetime.pcap	udp_1137,3,0,,0,0,0.9993455
benign_none_Facetime.pcap	udp_1424,3,0,,0,0,0.99961233
benign_none_Facetime.pcap	udp_1671,3,0,,0,0,0.99946886
benign_none_Facetime.pcap	udp_149,3,0,,0,0,0.9992823
benign_none_Facetime.pcap	udp_2817,3,0,,0,0,0.9994797
benign_none_Facetime.pcap	udp_151,3,0,,0,0,0.9991218
benign_none_Facetime.pcap	udp_2252,3,0,,0,0,0.99959904
benign_none_Facetime.pcap	udp_153,3,0,,0,0,0.9995187
benign_none_Facetime.pcap	udp_1139,3,0,,0,0,0.99913377
benign_none_Facetime.pcap	udp_155,3,0,,0,0,0.99942976
benign_none_Facetime.pcap	udp_2389,3,0,,0,0,0.9995685
benign_none_Facetime.pcap	udp_1474,3,0,,0,0,0.99954593
benign_none_Facetime.pcap	udp_1639,3,0,,0,0,0.99960315
benign_none_Facetime.pcap	udp_2749,3,0,,0,0,0.99920696
benign_none_Facetime.pcap	udp_1191,3,0,,0,0,0.9993971
benign_none_Facetime.pcap	udp_163,3,0,,0,0,0.99932706
benign_none_Facetime.pcap	udp_2935,3,0,,0,0,0.9995461
benign_none_Facetime.pcap	udp_2492,3,0,,0,0,0.9994983
benign_none_Facetime.pcap	udp_1413,3,0,,0,0,0.9995326
benign_none_Facetime.pcap	udp_167,3,0,,0,0,0.9993648
benign_none_Facetime.pcap	udp_2884,3,0,,0,0,0.99944955
benign_none_Facetime.pcap	udp_1483,3,0,,0,0,0.9994754
benign_none_Facetime.pcap	udp_2615,3,0,,0,0,0.9995383
benign_none_Facetime.pcap	udp_2804,3,0,,0,0,0.99960214
benign_none_Facetime.pcap	udp_1833,3,0,,0,0,0.99931395
benign_none_Facetime.pcap	udp_1813,3,0,,0,0,0.999405
benign_none_Facetime.pcap	udp_176,3,0,,0,0,0.99920636
benign_none_Facetime.pcap	udp_1481,3,0,,0,0,0.99960726
benign_none_Facetime.pcap	udp_1407,3,0,,0,0,0.99956775
benign_none_Facetime.pcap	udp_2386,3,0,,0,0,0.9992238
benign_none_Facetime.pcap	udp_180,3,0,,0,0,0.9995583
benign_none_Facetime.pcap	udp_181,3,0,,0,0,0.9994531
benign_none_Facetime.pcap	udp_1819,3,0,,0,0,0.99888307
benign_none_Facetime.pcap	udp_2769,3,0,,0,0,0.9993766
benign_none_Facetime.pcap	udp_2619,3,0,,0,0,0.99921155
benign_none_Facetime.pcap	udp_1403,3,0,,0,0,0.9995983
benign_none_Facetime.pcap	udp_1679,3,0,,0,0,0.99908996
benign_none_Facetime.pcap	udp_189,3,0,,0,0,0.999511
benign_none_Facetime.pcap	udp_1820,3,0,,0,0,0.99944407
benign_none_Facetime.pcap	udp_1317,3,0,,0,0,0.9993199
benign_none_Facetime.pcap	udp_1289,3,0,,0,0,0.9994772
benign_none_Facetime.pcap	udp_1619,3,0,,0,0,0.99937075
benign_none_Facetime.pcap	udp_2104,3,0,,0,0,0.99950564
benign_none_Facetime.pcap	udp_2388,3,0,,0,0,0.99942946
benign_none_Facetime.pcap	udp_1760,3,0,,0,0,0.9995577
benign_none_Facetime.pcap	udp_198,3,0,,0,0,0.9992931
benign_none_Facetime.pcap	udp_199,3,0,,0,0,0.9994093
benign_none_Facetime.pcap	udp_2276,3,0,,0,0,0.99816936
benign_none_Facetime.pcap	udp_1104,3,0,,0,0,0.9995737
benign_none_Facetime.pcap	udp_1965,3,0,,0,0,0.9992218
benign_none_Facetime.pcap	udp_2255,3,0,,0,0,0.9989969
benign_none_Facetime.pcap	udp_206,3,0,,0,0,0.9991304
benign_none_Facetime.pcap	udp_2300,3,0,,0,0,0.99943966
benign_none_Facetime.pcap	udp_1971,3,0,,0,0,0.9994102
benign_none_Facetime.pcap	udp_1564,3,0,,0,0,0.9990996
benign_none_Facetime.pcap	udp_2779,3,0,,0,0,0.9989948
benign_none_Facetime.pcap	udp_212,3,0,,0,0,0.9989498
benign_none_Facetime.pcap	udp_213,3,0,,0,0,0.9990425
benign_none_Facetime.pcap	udp_1894,3,0,,0,0,0.99905175
benign_none_Facetime.pcap	udp_1629,3,0,,0,0,0.99961936
benign_none_Facetime.pcap	udp_216,3,0,,0,0,0.99940574
benign_none_Facetime.pcap	udp_2713,3,0,,0,0,0.9994952
benign_none_Facetime.pcap	udp_2662,3,0,,0,0,0.99922
benign_none_Facetime.pcap	udp_220,3,0,,0,0,0.9993723
benign_none_Facetime.pcap	udp_2851,3,0,,0,0,0.9989645
benign_none_Facetime.pcap	udp_2929,3,0,,0,0,0.99931115
benign_none_Facetime.pcap	udp_2570,3,0,,0,0,0.99952245
benign_none_Facetime.pcap	udp_2427,3,0,,0,0,0.99936885
benign_none_Facetime.pcap	udp_2644,3,0,,0,0,0.9995414
benign_none_Facetime.pcap	udp_227,3,0,,0,0,0.999485
benign_none_Facetime.pcap	udp_228,3,0,,0,0,0.99859005
benign_none_Facetime.pcap	udp_1937,3,0,,0,0,0.9995245
benign_none_Facetime.pcap	udp_230,3,0,,0,0,0.99916506
benign_none_Facetime.pcap	udp_231,3,0,,0,0,0.9994199
benign_none_Facetime.pcap	udp_1803,3,0,,0,0,0.99915195
benign_none_Facetime.pcap	udp_233,3,0,,0,0,0.9993533
benign_none_Facetime.pcap	udp_1011,3,0,,0,0,0.99954414
benign_none_Facetime.pcap	udp_235,3,0,,0,0,0.9992306
benign_none_Facetime.pcap	udp_236,3,0,,0,0,0.9993469
benign_none_Facetime.pcap	udp_2682,3,0,,0,0,0.99953914
benign_none_Facetime.pcap	udp_1929,3,0,,0,0,0.9989252
benign_none_Facetime.pcap	udp_1637,3,0,,0,0,0.9994303
benign_none_Facetime.pcap	udp_241,3,0,,0,0,0.9993894
benign_none_Facetime.pcap	udp_242,3,0,,0,0,0.9991425
benign_none_Facetime.pcap	udp_243,3,0,,0,0,0.99919945
benign_none_Facetime.pcap	udp_2365,3,0,,0,0,0.99961597
benign_none_Facetime.pcap	udp_1250,3,0,,0,0,0.99939287
benign_none_Facetime.pcap	udp_247,3,0,,0,0,0.9992822
benign_none_Facetime.pcap	udp_1182,3,0,,0,0,0.9995507
benign_none_Facetime.pcap	udp_2140,3,0,,0,0,0.99960345
benign_none_Facetime.pcap	udp_1174,3,0,,0,0,0.9991636
benign_none_Facetime.pcap	udp_1875,3,0,,0,0,0.99922943
benign_none_Facetime.pcap	udp_252,3,0,,0,0,0.9991554
benign_none_Facetime.pcap	udp_1224,3,0,,0,0,0.99923044
benign_none_Facetime.pcap	udp_255,3,0,,0,0,0.9992306
benign_none_Facetime.pcap	udp_256,3,0,,0,0,0.99914414
benign_none_Facetime.pcap	udp_257,3,0,,0,0,0.9991153
benign_none_Facetime.pcap	udp_1695,3,0,,0,0,0.9995988
benign_none_Facetime.pcap	udp_1377,3,0,,0,0,0.9995574
benign_none_Facetime.pcap	udp_262,3,0,,0,0,0.9994753
benign_none_Facetime.pcap	udp_263,3,0,,0,0,0.9992983
benign_none_Facetime.pcap	udp_2152,3,0,,0,0,0.99922025
benign_none_Facetime.pcap	udp_1492,3,0,,0,0,0.9992204
benign_none_Facetime.pcap	udp_1094,3,0,,0,0,0.99911445
benign_none_Facetime.pcap	udp_267,3,0,,0,0,0.9991702
benign_none_Facetime.pcap	udp_1617,3,0,,0,0,0.99920684
benign_none_Facetime.pcap	udp_2504,3,0,,0,0,0.9995442
benign_none_Facetime.pcap	udp_2744,3,0,,0,0,0.9993488
benign_none_Facetime.pcap	udp_2901,3,0,,0,0,0.9993755
benign_none_Facetime.pcap	udp_272,3,0,,0,0,0.99955624
benign_none_Facetime.pcap	udp_273,3,0,,0,0,0.9977798
benign_none_Facetime.pcap	udp_1654,3,0,,0,0,0.9992322
benign_none_Facetime.pcap	udp_2378,3,0,,0,0,0.9991819
benign_none_Facetime.pcap	udp_2511,3,0,,0,0,0.99937516
benign_none_Facetime.pcap	udp_277,3,0,,0,0,0.99905175
benign_none_Facetime.pcap	udp_2084,3,0,,0,0,0.9993899
benign_none_Facetime.pcap	udp_1340,3,0,,0,0,0.9991207
benign_none_Facetime.pcap	udp_2120,3,0,,0,0,0.9995214
benign_none_Facetime.pcap	udp_281,3,0,,0,0,0.9994486
benign_none_Facetime.pcap	udp_1313,3,0,,0,0,0.99947625
benign_none_Facetime.pcap	udp_1346,3,0,,0,0,0.9993437
benign_none_Facetime.pcap	udp_2733,3,0,,0,0,0.9991347
benign_none_Facetime.pcap	udp_1095,3,0,,0,0,0.9995449
benign_none_Facetime.pcap	udp_2711,3,0,,0,0,0.9991874
benign_none_Facetime.pcap	udp_2666,3,0,,0,0,0.9993187
benign_none_Facetime.pcap	udp_2760,3,0,,0,0,0.9992124
benign_none_Facetime.pcap	udp_2687,3,0,,0,0,0.9992158
benign_none_Facetime.pcap	udp_2307,3,0,,0,0,0.9989599
benign_none_Facetime.pcap	udp_2449,3,0,,0,0,0.9994612
benign_none_Facetime.pcap	udp_2913,3,0,,0,0,0.9993309
benign_none_Facetime.pcap	udp_2961,3,0,,0,0,0.999471
benign_none_Facetime.pcap	udp_1652,3,0,,0,0,0.99917424
benign_none_Facetime.pcap	udp_2000,3,0,,0,0,0.999209
benign_none_Facetime.pcap	udp_2360,3,0,,0,0,0.9991007
benign_none_Facetime.pcap	udp_1244,3,0,,0,0,0.99865013
benign_none_Facetime.pcap	udp_2883,3,0,,0,0,0.9991249
benign_none_Facetime.pcap	udp_1433,3,0,,0,0,0.9992129
benign_none_Facetime.pcap	udp_1111,3,0,,0,0,0.99917716
benign_none_Facetime.pcap	udp_303,3,0,,0,0,0.99954116
benign_none_Facetime.pcap	udp_2613,3,0,,0,0,0.9991238
benign_none_Facetime.pcap	udp_1027,3,0,,0,0,0.99945086
benign_none_Facetime.pcap	udp_1291,3,0,,0,0,0.9994715
benign_none_Facetime.pcap	udp_308,3,0,,0,0,0.9990742
benign_none_Facetime.pcap	udp_1586,3,0,,0,0,0.9989844
benign_none_Facetime.pcap	udp_310,3,0,,0,0,0.99950534
benign_none_Facetime.pcap	udp_1686,3,0,,0,0,0.9994324
benign_none_Facetime.pcap	udp_1046,3,0,,0,0,0.99961287
benign_none_Facetime.pcap	udp_1817,3,0,,0,0,0.99902064
benign_none_Facetime.pcap	udp_1101,3,0,,0,0,0.9996149
benign_none_Facetime.pcap	udp_2575,3,0,,0,0,0.99959403
benign_none_Facetime.pcap	udp_1538,3,0,,0,0,0.999471
benign_none_Facetime.pcap	udp_2527,3,0,,0,0,0.99952763
benign_none_Facetime.pcap	udp_1187,3,0,,0,0,0.99947315
benign_none_Facetime.pcap	udp_1338,3,0,,0,0,0.9994762
benign_none_Facetime.pcap	udp_1462,3,0,,0,0,0.9992012
benign_none_Facetime.pcap	udp_1662,3,0,,0,0,0.99913836
benign_none_Facetime.pcap	udp_326,3,0,,0,0,0.99948955
benign_none_Facetime.pcap	udp_2963,3,0,,0,0,0.99915874
benign_none_Facetime.pcap	udp_2061,3,0,,0,0,0.9989851
benign_none_Facetime.pcap	udp_1948,3,0,,0,0,0.9992085
benign_none_Facetime.pcap	udp_1522,3,0,,0,0,0.9991009
benign_none_Facetime.pcap	udp_2060,3,0,,0,0,0.9994295
benign_none_Facetime.pcap	udp_333,3,0,,0,0,0.9993321
benign_none_Facetime.pcap	udp_334,3,0,,0,0,0.99933916
benign_none_Facetime.pcap	udp_1379,3,0,,0,0,0.99954444
benign_none_Facetime.pcap	udp_337,3,0,,0,0,0.99938273
benign_none_Facetime.pcap	udp_2792,3,0,,0,0,0.99824524
benign_none_Facetime.pcap	udp_339,3,0,,0,0,0.9992275
benign_none_Facetime.pcap	udp_1266,3,0,,0,0,0.99822545
benign_none_Facetime.pcap	udp_1223,3,0,,0,0,0.99945194
benign_none_Facetime.pcap	udp_342,3,0,,0,0,0.9995605
benign_none_Facetime.pcap	udp_343,3,0,,0,0,0.99953544
benign_none_Facetime.pcap	udp_1337,3,0,,0,0,0.99853975
benign_none_Facetime.pcap	udp_346,3,0,,0,0,0.999554
benign_none_Facetime.pcap	udp_2269,3,0,,0,0,0.9993897
benign_none_Facetime.pcap	udp_352,3,0,,0,0,0.9994567
benign_none_Facetime.pcap	udp_2834,3,0,,0,0,0.99941266
benign_none_Facetime.pcap	udp_1079,3,0,,0,0,0.9994503
benign_none_Facetime.pcap	udp_2530,3,0,,0,0,0.9992134
benign_none_Facetime.pcap	udp_2075,3,0,,0,0,0.99944156
benign_none_Facetime.pcap	udp_2914,3,0,,0,0,0.99928194
benign_none_Facetime.pcap	udp_1001,3,0,,0,0,0.99938726
benign_none_Facetime.pcap	udp_2730,3,0,,0,0,0.9991646
benign_none_Facetime.pcap	udp_2382,3,0,,0,0,0.9987903
benign_none_Facetime.pcap	udp_2991,3,0,,0,0,0.9995562
benign_none_Facetime.pcap	udp_1162,3,0,,0,0,0.9991243
benign_none_Facetime.pcap	udp_366,3,0,,0,0,0.99921834
benign_none_Facetime.pcap	udp_1896,3,0,,0,0,0.9993237
benign_none_Facetime.pcap	udp_368,3,0,,0,0,0.9991367
benign_none_Facetime.pcap	udp_1729,3,0,,0,0,0.99947375
benign_none_Facetime.pcap	udp_1691,3,0,,0,0,0.99898607
benign_none_Facetime.pcap	udp_371,3,0,,0,0,0.9983115
benign_none_Facetime.pcap	udp_372,3,0,,0,0,0.99960095
benign_none_Facetime.pcap	udp_373,3,0,,0,0,0.9993883
benign_none_Facetime.pcap	udp_1634,3,0,,0,0,0.99933845
benign_none_Facetime.pcap	udp_376,3,0,,0,0,0.9995455
benign_none_Facetime.pcap	udp_377,3,0,,0,0,0.9991788
benign_none_Facetime.pcap	udp_2207,3,0,,0,0,0.9992221
benign_none_Facetime.pcap	udp_2829,3,0,,0,0,0.99947244
benign_none_Facetime.pcap	udp_1034,3,0,,0,0,0.99923563
benign_none_Facetime.pcap	udp_1523,3,0,,0,0,0.99922717
benign_none_Facetime.pcap	udp_2672,3,0,,0,0,0.99914217
benign_none_Facetime.pcap	udp_383,3,0,,0,0,0.9995779
benign_none_Facetime.pcap	udp_2136,3,0,,0,0,0.99959165
benign_none_Facetime.pcap	udp_2188,3,0,,0,0,0.9995283
benign_none_Facetime.pcap	udp_386,3,0,,0,0,0.9995482
benign_none_Facetime.pcap	udp_388,3,0,,0,0,0.9989544
benign_none_Facetime.pcap	udp_1999,3,0,,0,0,0.9994013
benign_none_Facetime.pcap	udp_2585,3,0,,0,0,0.9995529
benign_none_Facetime.pcap	udp_2063,3,0,,0,0,0.9992913
benign_none_Facetime.pcap	udp_2025,3,0,,0,0,0.9993892
benign_none_Facetime.pcap	udp_2224,3,0,,0,0,0.999248
benign_none_Facetime.pcap	udp_2587,3,0,,0,0,0.9994367
benign_none_Facetime.pcap	udp_2758,3,0,,0,0,0.9993037
benign_none_Facetime.pcap	udp_2868,3,0,,0,0,0.99855405
benign_none_Facetime.pcap	udp_402,3,0,,0,0,0.99870384
benign_none_Facetime.pcap	udp_403,3,0,,0,0,0.99921095
benign_none_Facetime.pcap	udp_2854,3,0,,0,0,0.99901706
benign_none_Facetime.pcap	udp_1673,3,0,,0,0,0.9992878
benign_none_Facetime.pcap	udp_406,3,0,,0,0,0.99824154
benign_none_Facetime.pcap	udp_1393,3,0,,0,0,0.9994367
benign_none_Facetime.pcap	udp_1218,3,0,,0,0,0.99937
benign_none_Facetime.pcap	udp_1962,3,0,,0,0,0.99939
benign_none_Facetime.pcap	udp_1666,3,0,,0,0,0.99939466
benign_none_Facetime.pcap	udp_1469,3,0,,0,0,0.9995276
benign_none_Facetime.pcap	udp_1776,3,0,,0,0,0.99961686
benign_none_Facetime.pcap	udp_2375,3,0,,0,0,0.99952006
benign_none_Facetime.pcap	udp_1438,3,0,,0,0,0.9993957
benign_none_Facetime.pcap	udp_2658,3,0,,0,0,0.9995653
benign_none_Facetime.pcap	udp_1472,3,0,,0,0,0.9992236
benign_none_Facetime.pcap	udp_2701,3,0,,0,0,0.9993004
benign_none_Facetime.pcap	udp_2650,3,0,,0,0,0.9985304
benign_none_Facetime.pcap	udp_2845,3,0,,0,0,0.9992623
benign_none_Facetime.pcap	udp_1421,3,0,,0,0,0.99931014
benign_none_Facetime.pcap	udp_1562,3,0,,0,0,0.99948025
benign_none_Facetime.pcap	udp_1915,3,0,,0,0,0.9994961
benign_none_Facetime.pcap	udp_1082,3,0,,0,0,0.99960893
benign_none_Facetime.pcap	udp_428,3,0,,0,0,0.9995354
benign_none_Facetime.pcap	udp_1897,3,0,,0,0,0.9985008
benign_none_Facetime.pcap	udp_430,3,0,,0,0,0.9995638
benign_none_Facetime.pcap	udp_431,3,0,,0,0,0.9993957
benign_none_Facetime.pcap	udp_1830,3,0,,0,0,0.9993369
benign_none_Facetime.pcap	udp_433,3,0,,0,0,0.9992224
benign_none_Facetime.pcap	udp_1326,3,0,,0,0,0.99915195
benign_none_Facetime.pcap	udp_435,3,0,,0,0,0.999574
benign_none_Facetime.pcap	udp_1568,3,0,,0,0,0.99953127
benign_none_Facetime.pcap	udp_1401,3,0,,0,0,0.9994392
benign_none_Facetime.pcap	udp_2637,3,0,,0,0,0.9994271
benign_none_Facetime.pcap	udp_2501,3,0,,0,0,0.9995896
benign_none_Facetime.pcap	udp_442,3,0,,0,0,0.9988488
benign_none_Facetime.pcap	udp_2591,3,0,,0,0,0.9991025
benign_none_Facetime.pcap	udp_2235,3,0,,0,0,0.9990425
benign_none_Facetime.pcap	udp_1497,3,0,,0,0,0.99960047
benign_none_Facetime.pcap	udp_1841,3,0,,0,0,0.99949473
benign_none_Facetime.pcap	udp_2193,3,0,,0,0,0.9991184
benign_none_Facetime.pcap	udp_449,3,0,,0,0,0.9991829
benign_none_Facetime.pcap	udp_1308,3,0,,0,0,0.9993907
benign_none_Facetime.pcap	udp_451,3,0,,0,0,0.99911565
benign_none_Facetime.pcap	udp_1381,3,0,,0,0,0.9976888
benign_none_Facetime.pcap	udp_453,3,0,,0,0,0.9995977
benign_none_Facetime.pcap	udp_2721,3,0,,0,0,0.9994373
benign_none_Facetime.pcap	udp_455,3,0,,0,0,0.9991808
benign_none_Facetime.pcap	udp_2609,3,0,,0,0,0.9993278
benign_none_Facetime.pcap	udp_1149,3,0,,0,0,0.9992073
benign_none_Facetime.pcap	udp_2088,3,0,,0,0,0.99890316
benign_none_Facetime.pcap	udp_461,3,0,,0,0,0.9993734
benign_none_Facetime.pcap	udp_2355,3,0,,0,0,0.9993959
benign_none_Facetime.pcap	udp_1066,3,0,,0,0,0.9981377
benign_none_Facetime.pcap	udp_2850,3,0,,0,0,0.99922717
benign_none_Facetime.pcap	udp_2968,3,0,,0,0,0.99935883
benign_none_Facetime.pcap	udp_1087,3,0,,0,0,0.9988211
benign_none_Facetime.pcap	udp_468,3,0,,0,0,0.99956876
benign_none_Facetime.pcap	udp_1328,3,0,,0,0,0.99893355
benign_none_Facetime.pcap	udp_2684,3,0,,0,0,0.9986811
benign_none_Facetime.pcap	udp_2231,3,0,,0,0,0.9993697
benign_none_Facetime.pcap	udp_2837,3,0,,0,0,0.99948156
benign_none_Facetime.pcap	udp_473,3,0,,0,0,0.9995047
benign_none_Facetime.pcap	udp_2985,3,0,,0,0,0.99902964
benign_none_Facetime.pcap	udp_2170,3,0,,0,0,0.99887174
benign_none_Facetime.pcap	udp_1598,3,0,,0,0,0.99936754
benign_none_Facetime.pcap	udp_479,3,0,,0,0,0.99946636
benign_none_Facetime.pcap	udp_480,3,0,,0,0,0.9995478
benign_none_Facetime.pcap	udp_2128,3,0,,0,0,0.9992582
benign_none_Facetime.pcap	udp_483,3,0,,0,0,0.9994879
benign_none_Facetime.pcap	udp_484,3,0,,0,0,0.9995098
benign_none_Facetime.pcap	udp_1394,3,0,,0,0,0.9992114
benign_none_Facetime.pcap	udp_486,3,0,,0,0,0.9992992
benign_none_Facetime.pcap	udp_1429,3,0,,0,0,0.99930435
benign_none_Facetime.pcap	udp_2646,3,0,,0,0,0.9995727
benign_none_Facetime.pcap	udp_489,3,0,,0,0,0.9994065
benign_none_Facetime.pcap	udp_490,3,0,,0,0,0.9971693
benign_none_Facetime.pcap	udp_2796,3,0,,0,0,0.9992072
benign_none_Facetime.pcap	udp_492,3,0,,0,0,0.9990829
benign_none_Facetime.pcap	udp_1158,3,0,,0,0,0.99922776
benign_none_Facetime.pcap	udp_2885,3,0,,0,0,0.9994337
benign_none_Facetime.pcap	udp_495,3,0,,0,0,0.9993523
benign_none_Facetime.pcap	udp_496,3,0,,0,0,0.9990893
benign_none_Facetime.pcap	udp_2500,3,0,,0,0,0.9987287
benign_none_Facetime.pcap	udp_1723,3,0,,0,0,0.9994425
benign_none_Facetime.pcap	udp_2491,3,0,,0,0,0.998993
benign_none_Facetime.pcap	udp_1451,3,0,,0,0,0.99937564
benign_none_Facetime.pcap	udp_503,3,0,,0,0,0.9990978
benign_none_Facetime.pcap	udp_1117,3,0,,0,0,0.9995977
benign_none_Facetime.pcap	udp_2433,3,0,,0,0,0.9994335
benign_none_Facetime.pcap	udp_508,3,0,,0,0,0.9992298
benign_none_Facetime.pcap	udp_2117,3,0,,0,0,0.9992192
benign_none_Facetime.pcap	udp_1283,3,0,,0,0,0.9994966
benign_none_Facetime.pcap	udp_512,3,0,,0,0,0.9995738
benign_none_Facetime.pcap	udp_1740,3,0,,0,0,0.9992148
benign_none_Facetime.pcap	udp_514,3,0,,0,0,0.9991032
benign_none_Facetime.pcap	udp_1358,3,0,,0,0,0.99938303
benign_none_Facetime.pcap	udp_1352,3,0,,0,0,0.99938303
benign_none_Facetime.pcap	udp_2370,3,0,,0,0,0.9995852
benign_none_Facetime.pcap	udp_520,3,0,,0,0,0.9986167
benign_none_Facetime.pcap	udp_1465,3,0,,0,0,0.9993968
benign_none_Facetime.pcap	udp_1521,3,0,,0,0,0.9995943
benign_none_Facetime.pcap	udp_2967,3,0,,0,0,0.99952316
benign_none_Facetime.pcap	udp_1925,3,0,,0,0,0.9995974
benign_none_Facetime.pcap	udp_2889,3,1,Cc_5,0,0,0.99921596
benign_none_Facetime.pcap	udp_527,3,0,,0,0,0.9991347
benign_none_Facetime.pcap	udp_2671,3,0,,0,0,0.99935466
benign_none_Facetime.pcap	udp_1914,3,0,,0,0,0.99960774
benign_none_Facetime.pcap	udp_1000,3,0,,0,0,0.9994676
benign_none_Facetime.pcap	udp_2729,3,0,,0,0,0.999444
benign_none_Facetime.pcap	udp_532,3,0,,0,0,0.99923265
benign_none_Facetime.pcap	udp_533,3,0,,0,0,0.9995846
benign_none_Facetime.pcap	udp_1956,3,0,,0,0,0.9988286
benign_none_Facetime.pcap	udp_1822,3,0,,0,0,0.9996062
benign_none_Facetime.pcap	udp_536,3,0,,0,0,0.9993981
benign_none_Facetime.pcap	udp_537,3,0,,0,0,0.99932384
benign_none_Facetime.pcap	udp_538,3,0,,0,0,0.9995229
benign_none_Facetime.pcap	udp_1281,3,0,,0,0,0.9993765
benign_none_Facetime.pcap	udp_1269,3,0,,0,0,0.9992169
benign_none_Facetime.pcap	udp_1435,3,0,,0,0,0.999446
benign_none_Facetime.pcap	udp_542,3,0,,0,0,0.999185
benign_none_Facetime.pcap	udp_1229,3,0,,0,0,0.9989298
benign_none_Facetime.pcap	udp_2521,3,0,,0,0,0.999438
benign_none_Facetime.pcap	udp_546,3,0,,0,0,0.99916714
benign_none_Facetime.pcap	udp_547,3,0,,0,0,0.99918014
benign_none_Facetime.pcap	udp_1203,3,0,,0,0,0.9994725
benign_none_Facetime.pcap	udp_1683,3,0,,0,0,0.99945873
benign_none_Facetime.pcap	udp_1186,3,0,,0,0,0.99916446
benign_none_Facetime.pcap	udp_2125,3,0,,0,0,0.9991603
benign_none_Facetime.pcap	udp_1976,3,0,,0,0,0.9995943
benign_none_Facetime.pcap	udp_1479,3,0,,0,0,0.9992048
benign_none_Facetime.pcap	udp_2863,3,0,,0,0,0.99883974
benign_none_Facetime.pcap	udp_1942,3,0,,0,0,0.9994793
benign_none_Facetime.pcap	udp_1826,3,0,,0,0,0.99908745
benign_none_Facetime.pcap	udp_560,3,0,,0,0,0.99894786
benign_none_Facetime.pcap	udp_561,3,0,,0,0,0.99911207
benign_none_Facetime.pcap	udp_1954,3,0,,0,0,0.99957806
benign_none_Facetime.pcap	udp_2524,3,0,,0,0,0.9990884
benign_none_Facetime.pcap	udp_2041,3,0,,0,0,0.99934804
benign_none_Facetime.pcap	udp_2508,3,0,,0,0,0.99901825
benign_none_Facetime.pcap	udp_2986,3,0,,0,0,0.9992223
benign_none_Facetime.pcap	udp_568,3,0,,0,0,0.9984763
benign_none_Facetime.pcap	udp_1558,3,0,,0,0,0.99944514
benign_none_Facetime.pcap	udp_1734,3,0,,0,0,0.99959546
benign_none_Facetime.pcap	udp_2651,3,0,,0,0,0.99917305
benign_none_Facetime.pcap	udp_1529,3,0,,0,0,0.99932194
benign_none_Facetime.pcap	udp_1646,3,0,,0,0,0.9991171
benign_none_Facetime.pcap	udp_576,3,0,,0,0,0.99947685
benign_none_Facetime.pcap	udp_577,3,0,,0,0,0.99954116
benign_none_Facetime.pcap	udp_2142,3,0,,0,0,0.9991703
benign_none_Facetime.pcap	udp_1881,3,0,,0,0,0.9990194
benign_none_Facetime.pcap	udp_2691,3,0,,0,0,0.99947417
benign_none_Facetime.pcap	udp_581,3,0,,0,0,0.9995705
benign_none_Facetime.pcap	udp_2249,3,0,,0,0,0.9995452
benign_none_Facetime.pcap	udp_1085,3,0,,0,0,0.99929166
benign_none_Facetime.pcap	udp_2450,3,0,,0,0,0.99920803
benign_none_Facetime.pcap	udp_2133,3,0,,0,0,0.9991886
benign_none_Facetime.pcap	udp_1138,3,0,,0,0,0.99936277
benign_none_Facetime.pcap	udp_1593,3,0,,0,0,0.99939954
benign_none_Facetime.pcap	udp_1699,3,0,,0,0,0.9991924
benign_none_Facetime.pcap	udp_591,3,0,,0,0,0.9994019
benign_none_Facetime.pcap	udp_592,3,0,,0,0,0.999225
benign_none_Facetime.pcap	udp_1596,3,0,,0,0,0.9989618
benign_none_Facetime.pcap	udp_2183,3,0,,0,0,0.99936575
benign_none_Facetime.pcap	udp_1590,3,0,,0,0,0.999363
benign_none_Facetime.pcap	udp_598,3,0,,0,0,0.9993003
benign_none_Facetime.pcap	udp_1230,3,0,,0,0,0.9991842
benign_none_Facetime.pcap	udp_600,3,0,,0,0,0.9992094
benign_none_Facetime.pcap	udp_1273,3,0,,0,0,0.9990226
benign_none_Facetime.pcap	udp_1049,3,0,,0,0,0.9994504
benign_none_Facetime.pcap	udp_603,3,0,,0,0,0.9995055
benign_none_Facetime.pcap	udp_604,3,0,,0,0,0.99955976
benign_none_Facetime.pcap	udp_1707,3,0,,0,0,0.99951655
benign_none_Facetime.pcap	udp_607,3,0,,0,0,0.9995513
benign_none_Facetime.pcap	udp_2739,3,0,,0,0,0.9994295
benign_none_Facetime.pcap	udp_2132,3,0,,0,0,0.9992048
benign_none_Facetime.pcap	udp_2696,3,0,,0,0,0.999106
benign_none_Facetime.pcap	udp_2728,3,0,,0,0,0.9993427
benign_none_Facetime.pcap	udp_616,3,0,,0,0,0.9994316
benign_none_Facetime.pcap	udp_617,3,0,,0,0,0.99947983
benign_none_Facetime.pcap	udp_618,3,0,,0,0,0.9995383
benign_none_Facetime.pcap	udp_1072,3,0,,0,0,0.9995074
benign_none_Facetime.pcap	udp_620,3,0,,0,0,0.99952924
benign_none_Facetime.pcap	udp_1439,3,1,Cc_5,0,0,0.9995116
benign_none_Facetime.pcap	udp_622,3,0,,0,0,0.99939895
benign_none_Facetime.pcap	udp_623,3,0,,0,0,0.99937147
benign_none_Facetime.pcap	udp_1061,3,0,,0,0,0.9995863
benign_none_Facetime.pcap	udp_1348,3,0,,0,0,0.99923205
benign_none_Facetime.pcap	udp_1623,3,0,,0,0,0.9996012
benign_none_Facetime.pcap	udp_1040,3,0,,0,0,0.9992187
benign_none_Facetime.pcap	udp_628,3,0,,0,0,0.9995802
benign_none_Facetime.pcap	udp_1742,3,0,,0,0,0.99786633
benign_none_Facetime.pcap	udp_1325,3,0,,0,0,0.9992324
benign_none_Facetime.pcap	udp_633,3,0,,0,0,0.99928313
benign_none_Facetime.pcap	udp_2414,3,0,,0,0,0.99909735
benign_none_Facetime.pcap	udp_2833,3,0,,0,0,0.999116
benign_none_Facetime.pcap	udp_636,3,0,,0,0,0.99954885
benign_none_Facetime.pcap	udp_1398,3,0,,0,0,0.9994642
benign_none_Facetime.pcap	udp_638,3,0,,0,0,0.99895865
benign_none_Facetime.pcap	udp_1519,3,0,,0,0,0.9993654
benign_none_Facetime.pcap	udp_2962,3,0,,0,0,0.99960154
benign_none_Facetime.pcap	udp_2160,3,0,,0,0,0.99933475
benign_none_Facetime.pcap	udp_2844,3,0,,0,0,0.99921405
benign_none_Facetime.pcap	udp_1998,3,0,,0,0,0.99929374
benign_none_Facetime.pcap	udp_649,3,0,,0,0,0.9992213
benign_none_Facetime.pcap	udp_1731,3,0,,0,0,0.9988876
benign_none_Facetime.pcap	udp_1475,3,0,,0,0,0.999059
benign_none_Facetime.pcap	udp_652,3,0,,0,0,0.9991062
benign_none_Facetime.pcap	udp_1989,3,0,,0,0,0.9993396
benign_none_Facetime.pcap	udp_655,3,0,,0,0,0.99954
benign_none_Facetime.pcap	udp_2736,3,0,,0,0,0.999469
benign_none_Facetime.pcap	udp_1249,3,0,,0,0,0.99935204
benign_none_Facetime.pcap	udp_659,3,0,,0,0,0.99940634
benign_none_Facetime.pcap	udp_1624,3,0,,0,0,0.9992397
benign_none_Facetime.pcap	udp_1714,3,0,,0,0,0.9990225
benign_none_Facetime.pcap	udp_2978,3,0,,0,0,0.99940765
benign_none_Facetime.pcap	udp_1026,3,0,,0,0,0.99944764
benign_none_Facetime.pcap	udp_1849,3,0,,0,0,0.99928546
benign_none_Facetime.pcap	udp_665,3,0,,0,0,0.999089
benign_none_Facetime.pcap	udp_666,3,0,,0,0,0.99941325
benign_none_Facetime.pcap	udp_1099,3,0,,0,0,0.99959
benign_none_Facetime.pcap	udp_668,3,0,,0,0,0.99903214
benign_none_Facetime.pcap	udp_1572,3,0,,0,0,0.9994796
benign_none_Facetime.pcap	udp_1015,3,0,,0,0,0.999105
benign_none_Facetime.pcap	udp_1240,3,0,,0,0,0.9995919
benign_none_Facetime.pcap	udp_2600,3,0,,0,0,0.9994924
benign_none_Facetime.pcap	udp_1299,3,0,,0,0,0.9992706
benign_none_Facetime.pcap	udp_2083,3,0,,0,0,0.9988176
benign_none_Facetime.pcap	udp_1724,3,0,,0,0,0.9993462
benign_none_Facetime.pcap	udp_2228,3,0,,0,0,0.99955434
benign_none_Facetime.pcap	udp_2076,3,0,,0,0,0.99901974
benign_none_Facetime.pcap	udp_1166,3,0,,0,0,0.9987727
benign_none_Facetime.pcap	udp_2003,3,0,,0,0,0.99956435
benign_none_Facetime.pcap	udp_684,3,0,,0,0,0.9992117
benign_none_Facetime.pcap	udp_685,3,0,,0,0,0.99890065
benign_none_Facetime.pcap	udp_686,3,0,,0,0,0.99917346
benign_none_Facetime.pcap	udp_687,3,0,,0,0,0.99888617
benign_none_Facetime.pcap	udp_2664,3,0,,0,0,0.99959964
benign_none_Facetime.pcap	udp_1478,3,0,,0,0,0.9992757
benign_none_Facetime.pcap	udp_2771,3,0,,0,0,0.9996141
benign_none_Facetime.pcap	udp_1672,3,0,,0,0,0.9994474
benign_none_Facetime.pcap	udp_1399,3,0,,0,0,0.999
benign_none_Facetime.pcap	udp_2458,3,0,,0,0,0.9995946
benign_none_Facetime.pcap	udp_694,3,0,,0,0,0.99922454
benign_none_Facetime.pcap	udp_2192,3,0,,0,0,0.9987716
benign_none_Facetime.pcap	udp_696,3,0,,0,0,0.9993588
benign_none_Facetime.pcap	udp_2407,3,0,,0,0,0.99939674
benign_none_Facetime.pcap	udp_698,3,0,,0,0,0.99935925
benign_none_Facetime.pcap	udp_2636,3,0,,0,0,0.99951285
benign_none_Facetime.pcap	udp_1134,3,0,,0,0,0.9993789
benign_none_Facetime.pcap	udp_2410,3,0,,0,0,0.9992913
benign_none_Facetime.pcap	udp_702,3,0,,0,0,0.9993816
benign_none_Facetime.pcap	udp_703,3,0,,0,0,0.99920446
benign_none_Facetime.pcap	udp_2186,3,0,,0,0,0.9994808
benign_none_Facetime.pcap	udp_706,3,0,,0,0,0.9991798
benign_none_Facetime.pcap	udp_707,3,0,,0,0,0.999338
benign_none_Facetime.pcap	udp_2171,3,0,,0,0,0.9995266
benign_none_Facetime.pcap	udp_710,3,0,,0,0,0.99953747
benign_none_Facetime.pcap	udp_1665,3,0,,0,0,0.9990822
benign_none_Facetime.pcap	udp_1294,3,0,,0,0,0.9992163
benign_none_Facetime.pcap	udp_713,3,0,,0,0,0.99917173
benign_none_Facetime.pcap	udp_2634,3,0,,0,0,0.999525
benign_none_Facetime.pcap	udp_2258,3,0,,0,0,0.9995987
benign_none_Facetime.pcap	udp_2946,3,0,,0,0,0.9995086
benign_none_Facetime.pcap	udp_2139,3,0,,0,0,0.99945587
benign_none_Facetime.pcap	udp_2576,3,0,,0,0,0.9995494
benign_none_Facetime.pcap	udp_722,3,0,,0,0,0.9991126
benign_none_Facetime.pcap	udp_1503,3,0,,0,0,0.99944407
benign_none_Facetime.pcap	udp_1204,3,0,,0,0,0.99907094
benign_none_Facetime.pcap	udp_726,3,0,,0,0,0.9995559
benign_none_Facetime.pcap	udp_727,3,0,,0,0,0.9989987
benign_none_Facetime.pcap	udp_730,3,0,,0,0,0.9994313
benign_none_Facetime.pcap	udp_731,3,0,,0,0,0.9994368
benign_none_Facetime.pcap	udp_1518,3,0,,0,0,0.9994565
benign_none_Facetime.pcap	udp_1185,3,0,,0,0,0.99947274
benign_none_Facetime.pcap	udp_734,3,0,,0,0,0.99936783
benign_none_Facetime.pcap	udp_2582,3,0,,0,0,0.99936634
benign_none_Facetime.pcap	udp_2034,3,0,,0,0,0.9990938
benign_none_Facetime.pcap	udp_1548,3,0,,0,0,0.99948496
benign_none_Facetime.pcap	udp_738,3,0,,0,0,0.99938166
benign_none_Facetime.pcap	udp_2618,3,0,,0,0,0.99922955
benign_none_Facetime.pcap	udp_1031,3,0,,0,0,0.99849474
benign_none_Facetime.pcap	udp_1876,3,0,,0,0,0.9991628
benign_none_Facetime.pcap	udp_1651,3,0,,0,0,0.99962085
benign_none_Facetime.pcap	udp_1274,3,0,,0,0,0.9991851
benign_none_Facetime.pcap	udp_1260,3,0,,0,0,0.9994284
benign_none_Facetime.pcap	udp_747,3,0,,0,0,0.9989833
benign_none_Facetime.pcap	udp_749,3,0,,0,0,0.99929345
benign_none_Facetime.pcap	udp_2218,3,0,,0,0,0.99935436
benign_none_Facetime.pcap	udp_1415,3,0,,0,0,0.9985753
benign_none_Facetime.pcap	udp_2425,3,0,,0,0,0.9995701
benign_none_Facetime.pcap	udp_753,3,0,,0,0,0.99952924
benign_none_Facetime.pcap	udp_1351,3,0,,0,0,0.99937266
benign_none_Facetime.pcap	udp_2159,3,0,,0,0,0.9995467
benign_none_Facetime.pcap	udp_2945,3,0,,0,0,0.99938595
benign_none_Facetime.pcap	udp_1193,3,0,,0,0,0.99950063
benign_none_Facetime.pcap	udp_2310,3,0,,0,0,0.99945456
benign_none_Facetime.pcap	udp_1231,3,0,,0,0,0.99944323
benign_none_Facetime.pcap	udp_2692,3,0,,0,0,0.9992272
benign_none_Facetime.pcap	udp_2110,3,0,,0,0,0.9991066
benign_none_Facetime.pcap	udp_765,3,0,,0,0,0.99935657
benign_none_Facetime.pcap	udp_766,3,0,,0,0,0.9995592
benign_none_Facetime.pcap	udp_1838,3,0,,0,0,0.9993187
benign_none_Facetime.pcap	udp_768,3,0,,0,0,0.99891496
benign_none_Facetime.pcap	udp_2154,3,0,,0,0,0.9994461
benign_none_Facetime.pcap	udp_1510,3,0,,0,0,0.9995988
benign_none_Facetime.pcap	udp_1211,3,0,,0,0,0.99920624
benign_none_Facetime.pcap	udp_773,3,0,,0,0,0.9995523
benign_none_Facetime.pcap	udp_775,3,0,,0,0,0.9992804
benign_none_Facetime.pcap	udp_1615,3,0,,0,0,0.9995178
benign_none_Facetime.pcap	udp_2115,3,0,,0,0,0.9994466
benign_none_Facetime.pcap	udp_779,3,0,,0,0,0.99952066
benign_none_Facetime.pcap	udp_780,3,0,,0,0,0.99887854
benign_none_Facetime.pcap	udp_781,3,0,,0,0,0.99934745
benign_none_Facetime.pcap	udp_782,3,0,,0,0,0.9995546
benign_none_Facetime.pcap	udp_785,3,0,,0,0,0.99919635
benign_none_Facetime.pcap	udp_1442,3,0,,0,0,0.9992887
benign_none_Facetime.pcap	udp_788,3,0,,0,0,0.99936897
benign_none_Facetime.pcap	udp_1445,3,0,,0,0,0.9992937
benign_none_Facetime.pcap	udp_790,3,0,,0,0,0.99944705
benign_none_Facetime.pcap	udp_2546,3,0,,0,0,0.9995582
benign_none_Facetime.pcap	udp_792,3,0,,0,0,0.99915195
benign_none_Facetime.pcap	udp_2751,3,0,,0,0,0.9994324
benign_none_Facetime.pcap	udp_1704,3,0,,0,0,0.9993685
benign_none_Facetime.pcap	udp_795,3,0,,0,0,0.99947006
benign_none_Facetime.pcap	udp_1062,3,0,,0,0,0.99944794
benign_none_Facetime.pcap	udp_799,3,0,,0,0,0.99952644
benign_none_Facetime.pcap	udp_1741,3,0,,0,0,0.99943835
benign_none_Facetime.pcap	udp_1728,3,0,,0,0,0.99942255
benign_none_Facetime.pcap	udp_2278,3,0,,0,0,0.99940753
benign_none_Facetime.pcap	udp_2018,3,0,,0,0,0.99879533
benign_none_Facetime.pcap	udp_1501,3,0,,0,0,0.9995206
benign_none_Facetime.pcap	udp_2911,3,0,,0,0,0.99952954
benign_none_Facetime.pcap	udp_807,3,0,,0,0,0.9993902
benign_none_Facetime.pcap	udp_2899,3,0,,0,0,0.99943745
benign_none_Facetime.pcap	udp_2933,3,0,,0,0,0.9995231
benign_none_Facetime.pcap	udp_1770,3,0,,0,0,0.99934477
benign_none_Facetime.pcap	udp_2055,3,0,,0,0,0.99891245
benign_none_Facetime.pcap	udp_1103,3,0,,0,0,0.9993877
benign_none_Facetime.pcap	udp_2783,3,0,,0,0,0.99922764
benign_none_Facetime.pcap	udp_2356,3,0,,0,0,0.9995485
benign_none_Facetime.pcap	udp_2014,3,0,,0,0,0.9992337
benign_none_Facetime.pcap	udp_1450,3,0,,0,0,0.9994679
benign_none_Facetime.pcap	udp_1344,3,0,,0,0,0.9990682
benign_none_Facetime.pcap	udp_1737,3,0,,0,0,0.9993536
benign_none_Facetime.pcap	udp_2610,3,0,,0,0,0.9993605
benign_none_Facetime.pcap	udp_823,3,0,,0,0,0.9995842
benign_none_Facetime.pcap	udp_824,3,0,,0,0,0.99959654
benign_none_Facetime.pcap	udp_2219,3,0,,0,0,0.99912375
benign_none_Facetime.pcap	udp_2223,3,0,,0,0,0.9993123
benign_none_Facetime.pcap	udp_2400,3,0,,0,0,0.99916303
benign_none_Facetime.pcap	udp_2080,3,0,,0,0,0.9995092
benign_none_Facetime.pcap	udp_1668,3,0,,0,0,0.99952334
benign_none_Facetime.pcap	udp_832,3,0,,0,0,0.99932337
benign_none_Facetime.pcap	udp_1975,3,0,,0,0,0.9994072
benign_none_Facetime.pcap	udp_2605,3,0,,0,0,0.9994823
benign_none_Facetime.pcap	udp_2931,3,0,,0,0,0.9992398
benign_none_Facetime.pcap	udp_837,3,0,,0,0,0.9995543
benign_none_Facetime.pcap	udp_838,3,0,,0,0,0.9994783
benign_none_Facetime.pcap	udp_1197,3,0,,0,0,0.999037
benign_none_Facetime.pcap	udp_2645,3,0,,0,0,0.99922085
benign_none_Facetime.pcap	udp_1992,3,0,,0,0,0.9995509
benign_none_Facetime.pcap	udp_2539,3,0,,0,0,0.99944633
benign_none_Facetime.pcap	udp_1592,3,0,,0,0,0.9992963
benign_none_Facetime.pcap	udp_2415,3,0,,0,0,0.9992341
benign_none_Facetime.pcap	udp_2505,3,0,,0,0,0.9996006
benign_none_Facetime.pcap	udp_1024,3,0,,0,0,0.9990276
benign_none_Facetime.pcap	udp_2175,3,0,,0,0,0.9993309
benign_none_Facetime.pcap	udp_852,3,0,,0,0,0.9995405
benign_none_Facetime.pcap	udp_853,3,0,,0,0,0.9993548
benign_none_Facetime.pcap	udp_1560,3,0,,0,0,0.9985014
benign_none_Facetime.pcap	udp_856,3,0,,0,0,0.99912935
benign_none_Facetime.pcap	udp_1798,3,0,,0,0,0.9990984
benign_none_Facetime.pcap	udp_2385,3,0,,0,0,0.99823177
benign_none_Facetime.pcap	udp_1389,3,0,,0,0,0.99869907
benign_none_Facetime.pcap	udp_2659,3,0,,0,0,0.99960214
benign_none_Facetime.pcap	udp_2366,3,0,,0,0,0.999296
benign_none_Facetime.pcap	udp_2568,3,0,,0,0,0.9994981
benign_none_Facetime.pcap	udp_863,3,0,,0,0,0.9993618
benign_none_Facetime.pcap	udp_864,3,0,,0,0,0.99946505
benign_none_Facetime.pcap	udp_2597,3,0,,0,0,0.9995521
benign_none_Facetime.pcap	udp_2560,3,0,,0,0,0.9993789
benign_none_Facetime.pcap	udp_2167,3,0,,0,0,0.9994532
benign_none_Facetime.pcap	udp_2588,3,0,,0,0,0.999279
benign_none_Facetime.pcap	udp_1785,3,0,,0,0,0.99915075
benign_none_Facetime.pcap	udp_871,3,0,,0,0,0.9991254
benign_none_Facetime.pcap	udp_2124,3,0,,0,0,0.9992077
benign_none_Facetime.pcap	udp_1044,3,0,,0,0,0.9994892
benign_none_Facetime.pcap	udp_2493,3,0,,0,0,0.9990839
benign_none_Facetime.pcap	udp_876,3,0,,0,0,0.9991791
benign_none_Facetime.pcap	udp_1314,3,0,,0,0,0.9994653
benign_none_Facetime.pcap	udp_1621,3,0,,0,0,0.9995271
benign_none_Facetime.pcap	udp_2665,3,0,,0,0,0.999191
benign_none_Facetime.pcap	udp_2862,3,0,,0,0,0.9992198
benign_none_Facetime.pcap	udp_1604,3,0,,0,0,0.99922705
benign_none_Facetime.pcap	udp_2791,3,0,,0,0,0.9990288
benign_none_Facetime.pcap	udp_885,3,0,,0,0,0.99947685
benign_none_Facetime.pcap	udp_1733,3,0,,0,0,0.99953866
benign_none_Facetime.pcap	udp_1968,3,0,,0,0,0.9994832
benign_none_Facetime.pcap	udp_1430,3,0,,0,0,0.9991774
benign_none_Facetime.pcap	udp_890,3,0,,0,0,0.9977702
benign_none_Facetime.pcap	udp_2474,3,0,,0,0,0.9993319
benign_none_Facetime.pcap	udp_2349,3,0,,0,0,0.99941254
benign_none_Facetime.pcap	udp_2793,3,0,,0,0,0.999471
benign_none_Facetime.pcap	udp_894,3,0,,0,0,0.99934846
benign_none_Facetime.pcap	udp_895,3,0,,0,0,0.9994708
benign_none_Facetime.pcap	udp_2707,3,0,,0,0,0.99933237
benign_none_Facetime.pcap	udp_2878,3,0,,0,0,0.99933356
benign_none_Facetime.pcap	udp_898,3,0,,0,0,0.9994572
benign_none_Facetime.pcap	udp_2876,3,0,,0,0,0.99954236
benign_none_Facetime.pcap	udp_2095,3,0,,0,0,0.9994709
benign_none_Facetime.pcap	udp_1144,3,0,,0,0,0.9993999
benign_none_Facetime.pcap	udp_902,3,0,,0,0,0.9994211
benign_none_Facetime.pcap	udp_2254,3,0,,0,0,0.9991345
benign_none_Facetime.pcap	udp_904,3,0,,0,0,0.9994011
benign_none_Facetime.pcap	udp_906,3,0,,0,0,0.9995964
benign_none_Facetime.pcap	udp_907,3,0,,0,0,0.99920183
benign_none_Facetime.pcap	udp_2565,3,0,,0,0,0.9995845
benign_none_Facetime.pcap	udp_1641,3,0,,0,0,0.9993964
benign_none_Facetime.pcap	udp_2296,3,0,,0,0,0.9987937
benign_none_Facetime.pcap	udp_1422,3,0,,0,0,0.9994371
benign_none_Facetime.pcap	udp_1555,3,0,,0,0,0.99955523
benign_none_Facetime.pcap	udp_1765,3,0,,0,0,0.999132
benign_none_Facetime.pcap	udp_1949,3,0,,0,0,0.9995901
benign_none_Facetime.pcap	udp_916,3,0,,0,0,0.99942553
benign_none_Facetime.pcap	udp_2435,3,0,,0,0,0.999217
benign_none_Facetime.pcap	udp_918,3,0,,0,0,0.9994745
benign_none_Facetime.pcap	udp_920,3,0,,0,0,0.9985424
benign_none_Facetime.pcap	udp_2164,3,0,,0,0,0.9992885
benign_none_Facetime.pcap	udp_2695,3,0,,0,0,0.99935645
benign_none_Facetime.pcap	udp_923,3,0,,0,0,0.99944866
benign_none_Facetime.pcap	udp_2997,3,0,,0,0,0.999558
benign_none_Facetime.pcap	udp_2178,3,0,,0,0,0.9991483
benign_none_Facetime.pcap	udp_926,3,0,,0,0,0.99944973
benign_none_Facetime.pcap	udp_927,3,0,,0,0,0.999371
benign_none_Facetime.pcap	udp_1437,3,0,,0,0,0.9994344
benign_none_Facetime.pcap	udp_2930,3,0,,0,0,0.99942
benign_none_Facetime.pcap	udp_2550,3,0,,0,0,0.9991891
benign_none_Facetime.pcap	udp_2762,3,0,,0,0,0.99948055
benign_none_Facetime.pcap	udp_933,3,0,,0,0,0.99951345
benign_none_Facetime.pcap	udp_1019,3,0,,0,0,0.9995146
benign_none_Facetime.pcap	udp_2858,3,0,,0,0,0.9994749
benign_none_Facetime.pcap	udp_938,3,0,,0,0,0.99920565
benign_none_Facetime.pcap	udp_939,3,0,,0,0,0.99938464
benign_none_Facetime.pcap	udp_2734,3,0,,0,0,0.99951994
benign_none_Facetime.pcap	udp_942,3,0,,0,0,0.99935275
benign_none_Facetime.pcap	udp_1705,3,0,,0,0,0.9995894
benign_none_Facetime.pcap	udp_2784,3,0,,0,0,0.99944884
benign_none_Facetime.pcap	udp_2236,3,0,,0,0,0.9994833
benign_none_Facetime.pcap	udp_2045,3,0,,0,0,0.9993828
benign_none_Facetime.pcap	udp_947,3,0,,0,0,0.99952435
benign_none_Facetime.pcap	udp_2507,3,0,,0,0,0.99956304
benign_none_Facetime.pcap	udp_1790,3,0,,0,0,0.9993511
benign_none_Facetime.pcap	udp_1028,3,0,,0,0,0.99938667
benign_none_Facetime.pcap	udp_1293,3,0,,0,0,0.9994167
benign_none_Facetime.pcap	udp_955,3,0,,0,0,0.99916124
benign_none_Facetime.pcap	udp_2399,3,0,,0,0,0.9993438
benign_none_Facetime.pcap	udp_957,3,0,,0,0,0.9995059
benign_none_Facetime.pcap	udp_959,3,0,,0,0,0.9991678
benign_none_Facetime.pcap	udp_1383,3,0,,0,0,0.99861366
benign_none_Facetime.pcap	udp_961,3,0,,0,0,0.9995182
benign_none_Facetime.pcap	udp_2420,3,0,,0,0,0.99934596
benign_none_Facetime.pcap	udp_963,3,0,,0,0,0.99934584
benign_none_Facetime.pcap	udp_2387,3,0,,0,0,0.99919623
benign_none_Facetime.pcap	udp_965,3,0,,0,0,0.9994567
benign_none_Facetime.pcap	udp_2168,3,0,,0,0,0.9992908
benign_none_Facetime.pcap	udp_2604,3,0,,0,0,0.9992208
benign_none_Facetime.pcap	udp_2287,3,0,,0,0,0.9993549
benign_none_Facetime.pcap	udp_969,3,0,,0,0,0.99947876
benign_none_Facetime.pcap	udp_2208,3,0,,0,0,0.99819326
benign_none_Facetime.pcap	udp_2674,3,0,,0,0,0.99961936
benign_none_Facetime.pcap	udp_1818,3,0,,0,0,0.999545
benign_none_Facetime.pcap	udp_1391,3,0,,0,0,0.99917454
benign_none_Facetime.pcap	udp_1944,3,0,,0,0,0.9995297
benign_none_Facetime.pcap	udp_977,3,0,,0,0,0.9992955
benign_none_Facetime.pcap	udp_2808,3,0,,0,0,0.999474
benign_none_Facetime.pcap	udp_1535,3,0,,0,0,0.99930745
benign_none_Facetime.pcap	udp_2801,3,0,,0,0,0.99908835
benign_none_Facetime.pcap	udp_2704,3,0,,0,0,0.99949956
benign_none_Facetime.pcap	udp_2640,3,0,,0,0,0.99920136
benign_none_Facetime.pcap	udp_2288,3,0,,0,0,0.99954027
benign_none_Facetime.pcap	udp_2071,3,0,,0,0,0.9992217
benign_none_Facetime.pcap	udp_986,3,0,,0,0,0.99955875
benign_none_Facetime.pcap	udp_2103,3,0,,0,0,0.999366
benign_none_Facetime.pcap	udp_1025,3,0,,0,0,0.99923813
benign_none_Facetime.pcap	udp_989,3,0,,0,0,0.99916095
benign_none_Facetime.pcap	udp_2537,3,0,,0,0,0.9990515
benign_none_Facetime.pcap	udp_991,3,0,,0,0,0.99935526
benign_none_Facetime.pcap	udp_1755,3,0,,0,0,0.9989831
benign_none_Facetime.pcap	udp_1779,3,0,,0,0,0.99942636
benign_none_Facetime.pcap	udp_2161,3,0,,0,0,0.99923074
benign_none_Facetime.pcap	udp_1769,3,0,,0,0,0.9992262
benign_none_Facetime.pcap	udp_1130,3,0,,0,0,0.9994711
benign_none_Facetime.pcap	udp_1539,3,0,,0,0,0.9995544
benign_none_Facetime.pcap	udp_999,3,0,,0,0,0.9991541
benign_none_BitTorrent.pcap	tcp_0,0,0,,0,0,0.99943966
benign_none_BitTorrent.pcap	tcp_2856,0,0,,0,0,0.9995683
benign_none_BitTorrent.pcap	tcp_1744,0,0,,0,0,0.9993686
benign_none_BitTorrent.pcap	tcp_2225,0,0,,0,0,0.99940526
benign_none_BitTorrent.pcap	tcp_1445,0,0,,0,0,0.9994035
benign_none_BitTorrent.pcap	tcp_2408,0,0,,0,0,0.99926144
benign_none_BitTorrent.pcap	tcp_6,0,0,,0,0,0.98052835
benign_none_BitTorrent.pcap	tcp_2449,0,0,,0,0,0.9994736
benign_none_BitTorrent.pcap	tcp_1303,0,0,,0,0,0.99943733
benign_none_BitTorrent.pcap	tcp_1451,0,0,,0,0,0.99845135
benign_none_BitTorrent.pcap	tcp_1044,0,0,,0,0,0.999087
benign_none_BitTorrent.pcap	tcp_13,0,0,,0,0,0.9988139
benign_none_BitTorrent.pcap	tcp_2096,0,0,,0,0,0.9985246
benign_none_BitTorrent.pcap	tcp_1601,0,0,,0,0,0.9988673
benign_none_BitTorrent.pcap	tcp_1223,0,0,,0,0,0.99944836
benign_none_BitTorrent.pcap	tcp_2619,0,0,,0,0,0.99923426
benign_none_BitTorrent.pcap	tcp_19,0,0,,0,0,0.9990305
benign_none_BitTorrent.pcap	tcp_22,0,0,,0,0,0.97826725
benign_none_BitTorrent.pcap	tcp_1992,0,0,,0,0,0.99929744
benign_none_BitTorrent.pcap	tcp_2486,0,0,,0,0,0.9993562
benign_none_BitTorrent.pcap	tcp_1364,0,0,,0,0,0.9994993
benign_none_BitTorrent.pcap	tcp_27,0,0,,0,0,0.97541535
benign_none_BitTorrent.pcap	tcp_1337,0,0,,0,0,0.99940485
benign_none_BitTorrent.pcap	tcp_29,0,0,,0,0,0.94605666
benign_none_BitTorrent.pcap	tcp_31,0,0,,0,0,0.9990315
benign_none_BitTorrent.pcap	tcp_2448,0,0,,0,0,0.9991035
benign_none_BitTorrent.pcap	tcp_1368,0,0,,0,0,0.99897575
benign_none_BitTorrent.pcap	tcp_1593,0,0,,0,0,0.9993327
benign_none_BitTorrent.pcap	tcp_1781,0,0,,0,0,0.9990294
benign_none_BitTorrent.pcap	tcp_37,0,0,,0,0,0.9976967
benign_none_BitTorrent.pcap	tcp_40,0,0,,0,0,0.9993268
benign_none_BitTorrent.pcap	tcp_1480,0,0,,0,0,0.999178
benign_none_BitTorrent.pcap	tcp_2496,0,0,,0,0,0.9988441
benign_none_BitTorrent.pcap	tcp_46,0,0,,0,0,0.982615
benign_none_BitTorrent.pcap	tcp_2290,0,0,,0,0,0.9989728
benign_none_BitTorrent.pcap	tcp_2907,0,0,,0,0,0.9981592
benign_none_BitTorrent.pcap	tcp_50,0,0,,0,0,0.99777895
benign_none_BitTorrent.pcap	tcp_51,0,0,,0,0,0.9993048
benign_none_BitTorrent.pcap	tcp_1769,0,0,,0,0,0.9987896
benign_none_BitTorrent.pcap	tcp_53,0,0,,0,0,0.9992625
benign_none_BitTorrent.pcap	tcp_1928,0,0,,0,0,0.99938405
benign_none_BitTorrent.pcap	tcp_2369,0,0,,0,0,0.99939317
benign_none_BitTorrent.pcap	tcp_2726,0,0,,0,0,0.999429
benign_none_BitTorrent.pcap	tcp_2776,0,0,,0,0,0.9991485
benign_none_BitTorrent.pcap	tcp_58,0,0,,0,0,0.99816424
benign_none_BitTorrent.pcap	tcp_2895,0,0,,0,0,0.99892104
benign_none_BitTorrent.pcap	tcp_60,0,0,,0,0,0.9992011
benign_none_BitTorrent.pcap	tcp_2514,0,0,,0,0,0.99873346
benign_none_BitTorrent.pcap	tcp_2454,0,0,,0,0,0.99925023
benign_none_BitTorrent.pcap	tcp_1958,0,0,,0,0,0.99924916
benign_none_BitTorrent.pcap	tcp_1323,0,0,,0,0,0.99932075
benign_none_BitTorrent.pcap	tcp_1596,0,0,,0,0,0.99942434
benign_none_BitTorrent.pcap	tcp_67,0,0,,0,0,0.99841624
benign_none_BitTorrent.pcap	tcp_68,0,0,,0,0,0.99942285
benign_none_BitTorrent.pcap	tcp_1771,0,0,,0,0,0.99943966
benign_none_BitTorrent.pcap	tcp_2348,0,0,,0,0,0.9994557
benign_none_BitTorrent.pcap	tcp_2958,0,0,,0,0,0.99904007
benign_none_BitTorrent.pcap	tcp_1227,0,0,,0,0,0.9992742
benign_none_BitTorrent.pcap	tcp_2625,0,0,,0,0,0.9989874
benign_none_BitTorrent.pcap	tcp_1374,0,0,,0,0,0.9991904
benign_none_BitTorrent.pcap	tcp_1962,0,0,,0,0,0.9981092
benign_none_BitTorrent.pcap	tcp_2040,0,0,,0,0,0.9990234
benign_none_BitTorrent.pcap	tcp_2765,0,0,,0,0,0.9991209
benign_none_BitTorrent.pcap	tcp_1465,0,0,,0,0,0.9994925
benign_none_BitTorrent.pcap	tcp_80,0,0,,0,0,0.9989407
benign_none_BitTorrent.pcap	tcp_1041,0,0,,0,0,0.99942446
benign_none_BitTorrent.pcap	tcp_1329,0,0,,0,0,0.9988957
benign_none_BitTorrent.pcap	tcp_2060,0,0,,0,0,0.9986676
benign_none_BitTorrent.pcap	tcp_1591,0,0,,0,0,0.9993808
benign_none_BitTorrent.pcap	tcp_87,0,0,,0,0,0.9990871
benign_none_BitTorrent.pcap	tcp_2607,0,0,,0,0,0.9989471
benign_none_BitTorrent.pcap	tcp_2800,0,0,,0,0,0.99946564
benign_none_BitTorrent.pcap	tcp_90,0,0,,0,0,0.99954957
benign_none_BitTorrent.pcap	tcp_1893,0,0,,0,0,0.9987927
benign_none_BitTorrent.pcap	tcp_1258,0,0,,0,0,0.99794143
benign_none_BitTorrent.pcap	tcp_94,0,0,,0,0,0.99908113
benign_none_BitTorrent.pcap	tcp_95,0,0,,0,0,0.9990867
benign_none_BitTorrent.pcap	tcp_1663,0,0,,0,0,0.9985001
benign_none_BitTorrent.pcap	tcp_1564,0,0,,0,0,0.99951196
benign_none_BitTorrent.pcap	tcp_2725,0,0,,0,0,0.99904746
benign_none_BitTorrent.pcap	tcp_99,0,0,,0,0,0.9991922
benign_none_BitTorrent.pcap	tcp_100,0,0,,0,0,0.99800634
benign_none_BitTorrent.pcap	tcp_2662,0,0,,0,0,0.99921745
benign_none_BitTorrent.pcap	tcp_2659,0,0,,0,0,0.99712855
benign_none_BitTorrent.pcap	tcp_2278,0,0,,0,0,0.99844617
benign_none_BitTorrent.pcap	tcp_1675,0,0,,0,0,0.99947065
benign_none_BitTorrent.pcap	tcp_106,0,0,,0,0,0.99912757
benign_none_BitTorrent.pcap	tcp_2840,0,0,,0,0,0.99866736
benign_none_BitTorrent.pcap	tcp_2890,0,0,,0,0,0.99933916
benign_none_BitTorrent.pcap	tcp_110,0,0,,0,0,0.9986922
benign_none_BitTorrent.pcap	tcp_1271,0,0,,0,0,0.9993819
benign_none_BitTorrent.pcap	tcp_1801,0,0,,0,0,0.99709725
benign_none_BitTorrent.pcap	tcp_114,0,0,,0,0,0.99907345
benign_none_BitTorrent.pcap	tcp_2151,0,0,,0,0,0.9995548
benign_none_BitTorrent.pcap	tcp_117,0,0,,0,0,0.9995173
benign_none_BitTorrent.pcap	tcp_1170,0,0,,0,0,0.9987587
benign_none_BitTorrent.pcap	tcp_1687,0,0,,0,0,0.9977943
benign_none_BitTorrent.pcap	tcp_120,0,0,,0,0,0.999393
benign_none_BitTorrent.pcap	tcp_1776,0,0,,0,0,0.99942243
benign_none_BitTorrent.pcap	tcp_122,0,0,,0,0,0.99928194
benign_none_BitTorrent.pcap	tcp_2139,0,0,,0,0,0.99920803
benign_none_BitTorrent.pcap	tcp_124,0,0,,0,0,0.9993129
benign_none_BitTorrent.pcap	tcp_2566,0,0,,0,0,0.9994622
benign_none_BitTorrent.pcap	tcp_1200,0,0,,0,0,0.99944055
benign_none_BitTorrent.pcap	tcp_1789,0,0,,0,0,0.9994854
benign_none_BitTorrent.pcap	tcp_2403,0,0,,0,0,0.9992286
benign_none_BitTorrent.pcap	tcp_1685,0,0,,0,0,0.99937624
benign_none_BitTorrent.pcap	tcp_1010,0,0,,0,0,0.9992023
benign_none_BitTorrent.pcap	tcp_2834,0,0,,0,0,0.9993732
benign_none_BitTorrent.pcap	tcp_1236,0,0,,0,0,0.9992859
benign_none_BitTorrent.pcap	tcp_1062,0,0,,0,0,0.9994205
benign_none_BitTorrent.pcap	tcp_136,0,0,,0,0,0.99946326
benign_none_BitTorrent.pcap	tcp_137,0,0,,0,0,0.9992367
benign_none_BitTorrent.pcap	tcp_138,0,0,,0,0,0.99903345
benign_none_BitTorrent.pcap	tcp_140,0,0,,0,0,0.9995672
benign_none_BitTorrent.pcap	tcp_1710,0,0,,0,0,0.9981867
benign_none_BitTorrent.pcap	tcp_143,0,0,,0,0,0.9983756
benign_none_BitTorrent.pcap	tcp_1863,0,0,,0,0,0.99929285
benign_none_BitTorrent.pcap	tcp_145,0,0,,0,0,0.9993865
benign_none_BitTorrent.pcap	tcp_2390,0,0,,0,0,0.9986518
benign_none_BitTorrent.pcap	tcp_2703,0,0,,0,0,0.99927
benign_none_BitTorrent.pcap	tcp_149,0,0,,0,0,0.9987956
benign_none_BitTorrent.pcap	tcp_1421,0,0,,0,0,0.9991379
benign_none_BitTorrent.pcap	tcp_151,0,0,,0,0,0.9992318
benign_none_BitTorrent.pcap	tcp_152,0,0,,0,0,0.99714166
benign_none_BitTorrent.pcap	tcp_1737,0,0,,0,0,0.9991235
benign_none_BitTorrent.pcap	tcp_1435,0,0,,0,0,0.9983768
benign_none_BitTorrent.pcap	tcp_1766,0,0,,0,0,0.99917597
benign_none_BitTorrent.pcap	tcp_157,0,0,,0,0,0.99935085
benign_none_BitTorrent.pcap	tcp_2095,0,0,,0,0,0.9985661
benign_none_BitTorrent.pcap	tcp_1035,0,0,,0,0,0.99947053
benign_none_BitTorrent.pcap	tcp_2923,0,0,,0,0,0.9977853
benign_none_BitTorrent.pcap	tcp_163,0,0,,0,0,0.99889904
benign_none_BitTorrent.pcap	tcp_165,0,0,,0,0,0.9995752
benign_none_BitTorrent.pcap	tcp_1600,0,0,,0,0,0.99892366
benign_none_BitTorrent.pcap	tcp_2295,0,0,,0,0,0.9983998
benign_none_BitTorrent.pcap	tcp_1191,0,0,,0,0,0.9993715
benign_none_BitTorrent.pcap	tcp_1001,0,0,,0,0,0.9994227
benign_none_BitTorrent.pcap	tcp_2561,0,0,,0,0,0.99912983
benign_none_BitTorrent.pcap	tcp_1719,0,0,,0,0,0.9995631
benign_none_BitTorrent.pcap	tcp_2022,0,0,,0,0,0.99935216
benign_none_BitTorrent.pcap	tcp_1320,0,0,,0,0,0.99935627
benign_none_BitTorrent.pcap	tcp_2329,0,0,,0,0,0.9994598
benign_none_BitTorrent.pcap	tcp_180,0,0,,0,0,0.99868697
benign_none_BitTorrent.pcap	tcp_181,0,0,,0,0,0.99892974
benign_none_BitTorrent.pcap	tcp_182,0,0,,0,0,0.99922097
benign_none_BitTorrent.pcap	tcp_2979,0,0,,0,0,0.9994752
benign_none_BitTorrent.pcap	tcp_1684,0,0,,0,0,0.99952096
benign_none_BitTorrent.pcap	tcp_1369,0,0,,0,0,0.9985962
benign_none_BitTorrent.pcap	tcp_189,0,0,,0,0,0.99929655
benign_none_BitTorrent.pcap	tcp_2241,0,0,,0,0,0.9993161
benign_none_BitTorrent.pcap	tcp_2255,0,0,,0,0,0.9986199
benign_none_BitTorrent.pcap	tcp_1259,0,0,,0,0,0.99937254
benign_none_BitTorrent.pcap	tcp_2966,0,0,,0,0,0.998496
benign_none_BitTorrent.pcap	tcp_1015,0,0,,0,0,0.99888045
benign_none_BitTorrent.pcap	tcp_1588,0,0,,0,0,0.99939287
benign_none_BitTorrent.pcap	tcp_2171,0,0,,0,0,0.9988613
benign_none_BitTorrent.pcap	tcp_1023,0,0,,0,0,0.9993293
benign_none_BitTorrent.pcap	tcp_2724,0,0,,0,0,0.9985985
benign_none_BitTorrent.pcap	tcp_1186,0,0,,0,0,0.99934655
benign_none_BitTorrent.pcap	tcp_1444,0,0,,0,0,0.99913883
benign_none_BitTorrent.pcap	tcp_1979,0,0,,0,0,0.9992417
benign_none_BitTorrent.pcap	tcp_2234,0,0,,0,0,0.9991255
benign_none_BitTorrent.pcap	tcp_206,0,0,,0,0,0.9991696
benign_none_BitTorrent.pcap	tcp_207,0,0,,0,0,0.9993136
benign_none_BitTorrent.pcap	tcp_208,0,0,,0,0,0.9990751
benign_none_BitTorrent.pcap	tcp_1924,0,0,,0,0,0.9990205
benign_none_BitTorrent.pcap	tcp_1583,0,0,,0,0,0.9994412
benign_none_BitTorrent.pcap	tcp_211,0,0,,0,0,0.9991146
benign_none_BitTorrent.pcap	tcp_2685,0,0,,0,0,0.9994992
benign_none_BitTorrent.pcap	tcp_2365,0,0,,0,0,0.99952674
benign_none_BitTorrent.pcap	tcp_1432,0,0,,0,0,0.99926096
benign_none_BitTorrent.pcap	tcp_1563,0,0,,0,0,0.9993311
benign_none_BitTorrent.pcap	tcp_217,0,0,,0,0,0.9995222
benign_none_BitTorrent.pcap	tcp_218,0,0,,0,0,0.9989147
benign_none_BitTorrent.pcap	tcp_219,0,0,,0,0,0.9995321
benign_none_BitTorrent.pcap	tcp_2310,0,0,,0,0,0.9970619
benign_none_BitTorrent.pcap	tcp_1111,0,0,,0,0,0.99906975
benign_none_BitTorrent.pcap	tcp_1145,0,1,Cc_5,0,0,0.99945945
benign_none_BitTorrent.pcap	tcp_1542,0,0,,0,0,0.9992643
benign_none_BitTorrent.pcap	tcp_2062,0,0,,0,0,0.99936646
benign_none_BitTorrent.pcap	tcp_1517,0,0,,0,0,0.99766123
benign_none_BitTorrent.pcap	tcp_227,0,0,,0,0,0.99947304
benign_none_BitTorrent.pcap	tcp_1504,0,0,,0,0,0.99883294
benign_none_BitTorrent.pcap	tcp_1723,0,0,,0,0,0.9987602
benign_none_BitTorrent.pcap	tcp_2919,0,0,,0,0,0.9988839
benign_none_BitTorrent.pcap	tcp_2339,0,0,,0,0,0.99938816
benign_none_BitTorrent.pcap	tcp_234,0,0,,0,0,0.9984231
benign_none_BitTorrent.pcap	tcp_1254,0,0,,0,0,0.9972242
benign_none_BitTorrent.pcap	tcp_1365,0,0,,0,0,0.99944824
benign_none_BitTorrent.pcap	tcp_1568,0,0,,0,0,0.9993395
benign_none_BitTorrent.pcap	tcp_238,0,0,,0,0,0.99939436
benign_none_BitTorrent.pcap	tcp_2366,0,0,,0,0,0.99860877
benign_none_BitTorrent.pcap	tcp_1404,0,0,,0,0,0.9993341
benign_none_BitTorrent.pcap	tcp_2223,0,0,,0,0,0.9992115
benign_none_BitTorrent.pcap	tcp_2617,0,0,,0,0,0.9980191
benign_none_BitTorrent.pcap	tcp_2540,0,0,,0,0,0.9987866
benign_none_BitTorrent.pcap	tcp_1536,0,0,,0,0,0.9994487
benign_none_BitTorrent.pcap	tcp_247,0,0,,0,0,0.9988564
benign_none_BitTorrent.pcap	tcp_1735,0,0,,0,0,0.9992127
benign_none_BitTorrent.pcap	tcp_2569,0,0,,0,0,0.9994154
benign_none_BitTorrent.pcap	tcp_251,0,0,,0,0,0.99936
benign_none_BitTorrent.pcap	tcp_1054,0,0,,0,0,0.9991805
benign_none_BitTorrent.pcap	tcp_2038,0,0,,0,0,0.9993204
benign_none_BitTorrent.pcap	tcp_2034,0,0,,0,0,0.9991339
benign_none_BitTorrent.pcap	tcp_2418,0,0,,0,0,0.99895847
benign_none_BitTorrent.pcap	tcp_1936,0,0,,0,0,0.999196
benign_none_BitTorrent.pcap	tcp_2825,0,0,,0,0,0.99904186
benign_none_BitTorrent.pcap	tcp_259,0,0,,0,0,0.999295
benign_none_BitTorrent.pcap	tcp_2328,0,0,,0,0,0.9993809
benign_none_BitTorrent.pcap	tcp_1075,0,0,,0,0,0.99891
benign_none_BitTorrent.pcap	tcp_1679,0,0,,0,0,0.99900645
benign_none_BitTorrent.pcap	tcp_1221,0,0,,0,0,0.99943376
benign_none_BitTorrent.pcap	tcp_2141,0,0,,0,0,0.99877596
benign_none_BitTorrent.pcap	tcp_266,0,0,,0,0,0.9993057
benign_none_BitTorrent.pcap	tcp_2192,0,0,,0,0,0.99951154
benign_none_BitTorrent.pcap	tcp_269,0,0,,0,0,0.99962205
benign_none_BitTorrent.pcap	tcp_1330,0,0,,0,0,0.99895
benign_none_BitTorrent.pcap	tcp_2031,0,0,,0,0,0.99924445
benign_none_BitTorrent.pcap	tcp_273,0,0,,0,0,0.9994615
benign_none_BitTorrent.pcap	tcp_2113,0,0,,0,0,0.99943227
benign_none_BitTorrent.pcap	tcp_1354,0,0,,0,0,0.99905914
benign_none_BitTorrent.pcap	tcp_277,0,0,,0,0,0.9993967
benign_none_BitTorrent.pcap	tcp_1678,0,0,,0,0,0.99926746
benign_none_BitTorrent.pcap	tcp_1025,0,0,,0,0,0.99943405
benign_none_BitTorrent.pcap	tcp_1080,0,0,,0,0,0.9978003
benign_none_BitTorrent.pcap	tcp_2781,0,0,,0,0,0.99948007
benign_none_BitTorrent.pcap	tcp_2879,0,0,,0,0,0.99926394
benign_none_BitTorrent.pcap	tcp_1109,0,0,,0,0,0.99889153
benign_none_BitTorrent.pcap	tcp_2135,0,0,,0,0,0.99871814
benign_none_BitTorrent.pcap	tcp_2521,0,0,,0,0,0.99947697
benign_none_BitTorrent.pcap	tcp_286,0,0,,0,0,0.9991748
benign_none_BitTorrent.pcap	tcp_2738,0,0,,0,0,0.9973007
benign_none_BitTorrent.pcap	tcp_1196,0,0,,0,0,0.9994536
benign_none_BitTorrent.pcap	tcp_1131,0,0,,0,0,0.99892265
benign_none_BitTorrent.pcap	tcp_2071,0,0,,0,0,0.999353
benign_none_BitTorrent.pcap	tcp_292,0,0,,0,0,0.9987445
benign_none_BitTorrent.pcap	tcp_2610,0,0,,0,0,0.9995285
benign_none_BitTorrent.pcap	tcp_295,0,0,,0,0,0.9994148
benign_none_BitTorrent.pcap	tcp_2026,0,0,,0,0,0.99918044
benign_none_BitTorrent.pcap	tcp_298,0,0,,0,0,0.9994072
benign_none_BitTorrent.pcap	tcp_1066,0,0,,0,0,0.9993754
benign_none_BitTorrent.pcap	tcp_2796,0,0,,0,0,0.99699587
benign_none_BitTorrent.pcap	tcp_2727,0,0,,0,0,0.9987195
benign_none_BitTorrent.pcap	tcp_302,0,0,,0,0,0.9995548
benign_none_BitTorrent.pcap	tcp_303,0,0,,0,0,0.9994777
benign_none_BitTorrent.pcap	tcp_2641,0,0,,0,0,0.9993567
benign_none_BitTorrent.pcap	tcp_2005,0,0,,0,0,0.99939305
benign_none_BitTorrent.pcap	tcp_1410,0,0,,0,0,0.9991135
benign_none_BitTorrent.pcap	tcp_308,0,0,,0,0,0.99946517
benign_none_BitTorrent.pcap	tcp_1244,0,0,,0,0,0.9988361
benign_none_BitTorrent.pcap	tcp_313,0,0,,0,0,0.99942446
benign_none_BitTorrent.pcap	tcp_1584,0,0,,0,0,0.99935776
benign_none_BitTorrent.pcap	tcp_2246,0,0,,0,0,0.99872917
benign_none_BitTorrent.pcap	tcp_2056,0,0,,0,0,0.99876565
benign_none_BitTorrent.pcap	tcp_2434,0,0,,0,0,0.99921495
benign_none_BitTorrent.pcap	tcp_1672,0,0,,0,0,0.9995202
benign_none_BitTorrent.pcap	tcp_2962,0,0,,0,0,0.9993248
benign_none_BitTorrent.pcap	tcp_320,0,0,,0,0,0.9993845
benign_none_BitTorrent.pcap	tcp_2309,0,0,,0,0,0.9993287
benign_none_BitTorrent.pcap	tcp_2066,0,0,,0,0,0.9988235
benign_none_BitTorrent.pcap	tcp_1431,0,0,,0,0,0.99931747
benign_none_BitTorrent.pcap	tcp_2389,0,0,,0,0,0.9994779
benign_none_BitTorrent.pcap	tcp_2924,0,0,,0,0,0.98759276
benign_none_BitTorrent.pcap	tcp_2666,0,0,,0,0,0.99930286
benign_none_BitTorrent.pcap	tcp_1489,0,0,,0,0,0.9979717
benign_none_BitTorrent.pcap	tcp_1455,0,0,,0,0,0.9993136
benign_none_BitTorrent.pcap	tcp_1570,0,0,,0,0,0.9988953
benign_none_BitTorrent.pcap	tcp_2795,0,0,,0,0,0.99841493
benign_none_BitTorrent.pcap	tcp_1031,0,0,,0,0,0.9990939
benign_none_BitTorrent.pcap	tcp_333,0,0,,0,0,0.99894506
benign_none_BitTorrent.pcap	tcp_334,0,0,,0,0,0.99956703
benign_none_BitTorrent.pcap	tcp_2465,0,0,,0,0,0.99916327
benign_none_BitTorrent.pcap	tcp_2242,0,0,,0,0,0.9989982
benign_none_BitTorrent.pcap	tcp_1524,0,0,,0,0,0.9994321
benign_none_BitTorrent.pcap	tcp_340,0,0,,0,0,0.9991823
benign_none_BitTorrent.pcap	tcp_1392,0,0,,0,0,0.99944574
benign_none_BitTorrent.pcap	tcp_343,0,0,,0,0,0.99944454
benign_none_BitTorrent.pcap	tcp_1235,0,0,,0,0,0.99947476
benign_none_BitTorrent.pcap	tcp_2176,0,0,,0,0,0.9989429
benign_none_BitTorrent.pcap	tcp_346,0,0,,0,0,0.9956626
benign_none_BitTorrent.pcap	tcp_347,0,0,,0,0,0.99887687
benign_none_BitTorrent.pcap	tcp_1241,0,0,,0,0,0.9988869
benign_none_BitTorrent.pcap	tcp_1338,0,0,,0,0,0.9993716
benign_none_BitTorrent.pcap	tcp_353,0,0,,0,0,0.99916536
benign_none_BitTorrent.pcap	tcp_1630,0,0,,0,0,0.99942625
benign_none_BitTorrent.pcap	tcp_2218,0,0,,0,0,0.9992454
benign_none_BitTorrent.pcap	tcp_357,0,0,,0,0,0.99925464
benign_none_BitTorrent.pcap	tcp_2808,0,0,,0,0,0.99873513
benign_none_BitTorrent.pcap	tcp_2134,0,0,,0,0,0.9993705
benign_none_BitTorrent.pcap	tcp_361,0,0,,0,0,0.99922353
benign_none_BitTorrent.pcap	tcp_2260,0,0,,0,0,0.999377
benign_none_BitTorrent.pcap	tcp_363,0,0,,0,0,0.99887234
benign_none_BitTorrent.pcap	tcp_2048,0,0,,0,0,0.99943465
benign_none_BitTorrent.pcap	tcp_2709,0,0,,0,0,0.99945945
benign_none_BitTorrent.pcap	tcp_366,0,0,,0,0,0.9970689
benign_none_BitTorrent.pcap	tcp_367,0,0,,0,0,0.99875593
benign_none_BitTorrent.pcap	tcp_2510,0,0,,0,0,0.9995134
benign_none_BitTorrent.pcap	tcp_2833,0,0,,0,0,0.99936193
benign_none_BitTorrent.pcap	tcp_371,0,0,,0,0,0.9993374
benign_none_BitTorrent.pcap	tcp_372,0,0,,0,0,0.99915767
benign_none_BitTorrent.pcap	tcp_1755,0,0,,0,0,0.9987999
benign_none_BitTorrent.pcap	tcp_2035,0,0,,0,0,0.99944603
benign_none_BitTorrent.pcap	tcp_1549,0,0,,0,0,0.9989243
benign_none_BitTorrent.pcap	tcp_1168,0,0,,0,0,0.9990221
benign_none_BitTorrent.pcap	tcp_2626,0,0,,0,0,0.9993216
benign_none_BitTorrent.pcap	tcp_1772,0,0,,0,0,0.99924004
benign_none_BitTorrent.pcap	tcp_1830,0,0,,0,0,0.99933404
benign_none_BitTorrent.pcap	tcp_381,0,0,,0,0,0.99924004
benign_none_BitTorrent.pcap	tcp_382,0,0,,0,0,0.999075
benign_none_BitTorrent.pcap	tcp_2525,0,0,,0,0,0.9994501
benign_none_BitTorrent.pcap	tcp_384,0,0,,0,0,0.99926716
benign_none_BitTorrent.pcap	tcp_385,0,0,,0,0,0.99918556
benign_none_BitTorrent.pcap	tcp_386,0,0,,0,0,0.9989793
benign_none_BitTorrent.pcap	tcp_2289,0,0,,0,0,0.9992125
benign_none_BitTorrent.pcap	tcp_2483,0,0,,0,0,0.9993142
benign_none_BitTorrent.pcap	tcp_2495,0,0,,0,0,0.99896836
benign_none_BitTorrent.pcap	tcp_392,0,0,,0,0,0.99950683
benign_none_BitTorrent.pcap	tcp_1696,0,0,,0,0,0.9990858
benign_none_BitTorrent.pcap	tcp_1434,0,0,,0,0,0.9995836
benign_none_BitTorrent.pcap	tcp_1115,0,0,,0,0,0.9990415
benign_none_BitTorrent.pcap	tcp_1527,0,0,,0,0,0.9987026
benign_none_BitTorrent.pcap	tcp_1321,0,0,,0,0,0.99897075
benign_none_BitTorrent.pcap	tcp_400,0,0,,0,0,0.999514
benign_none_BitTorrent.pcap	tcp_1841,0,0,,0,0,0.99904877
benign_none_BitTorrent.pcap	tcp_2539,0,0,,0,0,0.999252
benign_none_BitTorrent.pcap	tcp_1942,0,0,,0,0,0.9995443
benign_none_BitTorrent.pcap	tcp_2897,0,0,,0,0,0.9995233
benign_none_BitTorrent.pcap	tcp_1838,0,0,,0,0,0.9990528
benign_none_BitTorrent.pcap	tcp_1756,0,0,,0,0,0.99945706
benign_none_BitTorrent.pcap	tcp_2664,0,0,,0,0,0.999485
benign_none_BitTorrent.pcap	tcp_1632,0,0,,0,0,0.99943954
benign_none_BitTorrent.pcap	tcp_410,0,0,,0,0,0.9990188
benign_none_BitTorrent.pcap	tcp_2650,0,0,,0,0,0.99952483
benign_none_BitTorrent.pcap	tcp_412,0,0,,0,0,0.99956
benign_none_BitTorrent.pcap	tcp_1507,0,0,,0,0,0.9988172
benign_none_BitTorrent.pcap	tcp_1809,0,0,,0,0,0.9979734
benign_none_BitTorrent.pcap	tcp_415,0,0,,0,0,0.99947375
benign_none_BitTorrent.pcap	tcp_2186,0,0,,0,0,0.99876916
benign_none_BitTorrent.pcap	tcp_2794,0,0,,0,0,0.9995922
benign_none_BitTorrent.pcap	tcp_418,0,0,,0,0,0.9988002
benign_none_BitTorrent.pcap	tcp_1505,0,0,,0,0,0.99940884
benign_none_BitTorrent.pcap	tcp_1792,0,0,,0,0,0.9985521
benign_none_BitTorrent.pcap	tcp_2464,0,0,,0,0,0.99840826
benign_none_BitTorrent.pcap	tcp_1931,0,0,,0,0,0.99938214
benign_none_BitTorrent.pcap	tcp_424,0,0,,0,0,0.9994205
benign_none_BitTorrent.pcap	tcp_2517,0,0,,0,0,0.99935883
benign_none_BitTorrent.pcap	tcp_2281,0,0,,0,0,0.99926955
benign_none_BitTorrent.pcap	tcp_1363,0,0,,0,0,0.9994941
benign_none_BitTorrent.pcap	tcp_2601,0,0,,0,0,0.99811846
benign_none_BitTorrent.pcap	tcp_1613,0,0,,0,0,0.9994863
benign_none_BitTorrent.pcap	tcp_1003,0,0,,0,0,0.99926746
benign_none_BitTorrent.pcap	tcp_2427,0,0,,0,0,0.9994396
benign_none_BitTorrent.pcap	tcp_2203,0,0,,0,0,0.9974595
benign_none_BitTorrent.pcap	tcp_2551,0,0,,0,0,0.99909496
benign_none_BitTorrent.pcap	tcp_2204,0,0,,0,0,0.99929506
benign_none_BitTorrent.pcap	tcp_2358,0,0,,0,0,0.99931717
benign_none_BitTorrent.pcap	tcp_1597,0,0,,0,0,0.9994448
benign_none_BitTorrent.pcap	tcp_441,0,0,,0,0,0.99943
benign_none_BitTorrent.pcap	tcp_1164,0,0,,0,0,0.9991636
benign_none_BitTorrent.pcap	tcp_443,0,0,,0,0,0.9995566
benign_none_BitTorrent.pcap	tcp_1154,0,0,,0,0,0.9977607
benign_none_BitTorrent.pcap	tcp_1869,0,0,,0,0,0.99887973
benign_none_BitTorrent.pcap	tcp_446,0,0,,0,0,0.99945945
benign_none_BitTorrent.pcap	tcp_447,0,0,,0,0,0.9986467
benign_none_BitTorrent.pcap	tcp_1514,0,0,,0,0,0.9988727
benign_none_BitTorrent.pcap	tcp_451,0,0,,0,0,0.99944866
benign_none_BitTorrent.pcap	tcp_2915,0,0,,0,0,0.995346
benign_none_BitTorrent.pcap	tcp_453,0,0,,0,0,0.9985106
benign_none_BitTorrent.pcap	tcp_1831,0,0,,0,0,0.9985936
benign_none_BitTorrent.pcap	tcp_1208,0,0,,0,0,0.99885976
benign_none_BitTorrent.pcap	tcp_2159,0,0,,0,0,0.99941355
benign_none_BitTorrent.pcap	tcp_1059,0,0,,0,0,0.9994359
benign_none_BitTorrent.pcap	tcp_459,0,0,,0,0,0.9990262
benign_none_BitTorrent.pcap	tcp_1552,0,0,,0,0,0.99925655
benign_none_BitTorrent.pcap	tcp_461,0,0,,0,0,0.9988848
benign_none_BitTorrent.pcap	tcp_2462,0,0,,0,0,0.9994696
benign_none_BitTorrent.pcap	tcp_463,0,0,,0,0,0.99943507
benign_none_BitTorrent.pcap	tcp_466,0,0,,0,0,0.99885976
benign_none_BitTorrent.pcap	tcp_1618,0,0,,0,0,0.9992761
benign_none_BitTorrent.pcap	tcp_469,0,0,,0,0,0.99927384
benign_none_BitTorrent.pcap	tcp_1889,0,0,,0,0,0.9994404
benign_none_BitTorrent.pcap	tcp_2079,0,0,,0,0,0.99946386
benign_none_BitTorrent.pcap	tcp_2379,0,0,,0,0,0.9989847
benign_none_BitTorrent.pcap	tcp_2942,0,0,,0,0,0.9980019
benign_none_BitTorrent.pcap	tcp_2340,0,0,,0,0,0.9988826
benign_none_BitTorrent.pcap	tcp_1884,0,0,,0,0,0.99934006
benign_none_BitTorrent.pcap	tcp_2099,0,0,,0,0,0.9995797
benign_none_BitTorrent.pcap	tcp_1083,0,0,,0,0,0.9992662
benign_none_BitTorrent.pcap	tcp_1610,0,0,,0,0,0.9993678
benign_none_BitTorrent.pcap	tcp_2154,0,0,,0,0,0.9987369
benign_none_BitTorrent.pcap	tcp_481,0,0,,0,0,0.99946034
benign_none_BitTorrent.pcap	tcp_482,0,0,,0,0,0.9994216
benign_none_BitTorrent.pcap	tcp_2258,0,0,,0,0,0.99903953
benign_none_BitTorrent.pcap	tcp_484,0,0,,0,0,0.99902385
benign_none_BitTorrent.pcap	tcp_486,0,0,,0,0,0.9974401
benign_none_BitTorrent.pcap	tcp_1995,0,0,,0,0,0.9995302
benign_none_BitTorrent.pcap	tcp_2778,0,0,,0,0,0.9989924
benign_none_BitTorrent.pcap	tcp_1870,0,1,Cc_5,0,0,0.9987993
benign_none_BitTorrent.pcap	tcp_492,0,0,,0,0,0.99889576
benign_none_BitTorrent.pcap	tcp_2868,0,0,,0,0,0.99881464
benign_none_BitTorrent.pcap	tcp_2883,0,0,,0,0,0.997815
benign_none_BitTorrent.pcap	tcp_496,0,0,,0,0,0.9972213
benign_none_BitTorrent.pcap	tcp_2585,0,0,,0,0,0.9992867
benign_none_BitTorrent.pcap	tcp_2818,0,0,,0,0,0.9988322
benign_none_BitTorrent.pcap	tcp_1472,0,0,,0,0,0.9988507
benign_none_BitTorrent.pcap	tcp_500,0,0,,0,0,0.9994467
benign_none_BitTorrent.pcap	tcp_1565,0,0,,0,0,0.99927825
benign_none_BitTorrent.pcap	tcp_502,0,0,,0,0,0.99948245
benign_none_BitTorrent.pcap	tcp_2944,0,0,,0,0,0.9988336
benign_none_BitTorrent.pcap	tcp_1715,0,0,,0,0,0.9995353
benign_none_BitTorrent.pcap	tcp_1508,0,0,,0,0,0.9995553
benign_none_BitTorrent.pcap	tcp_506,0,0,,0,0,0.9993254
benign_none_BitTorrent.pcap	tcp_2745,0,0,,0,0,0.99941385
benign_none_BitTorrent.pcap	tcp_510,0,0,,0,0,0.99896586
benign_none_BitTorrent.pcap	tcp_1104,0,0,,0,0,0.99920446
benign_none_BitTorrent.pcap	tcp_1495,0,0,,0,0,0.9993368
benign_none_BitTorrent.pcap	tcp_2126,0,0,,0,0,0.99902916
benign_none_BitTorrent.pcap	tcp_2076,0,0,,0,0,0.99894595
benign_none_BitTorrent.pcap	tcp_516,0,0,,0,0,0.99957734
benign_none_BitTorrent.pcap	tcp_1217,0,0,,0,0,0.9994153
benign_none_BitTorrent.pcap	tcp_2314,0,0,,0,0,0.99913543
benign_none_BitTorrent.pcap	tcp_1560,0,0,,0,0,0.9988768
benign_none_BitTorrent.pcap	tcp_520,0,0,,0,0,0.99924433
benign_none_BitTorrent.pcap	tcp_1960,0,0,,0,0,0.9994332
benign_none_BitTorrent.pcap	tcp_1401,0,0,,0,0,0.99947494
benign_none_BitTorrent.pcap	tcp_2891,0,0,,0,0,0.99914837
benign_none_BitTorrent.pcap	tcp_1408,0,0,,0,0,0.99948514
benign_none_BitTorrent.pcap	tcp_1932,0,0,,0,0,0.9994369
benign_none_BitTorrent.pcap	tcp_2431,0,0,,0,0,0.99899524
benign_none_BitTorrent.pcap	tcp_1279,0,0,,0,0,0.999421
benign_none_BitTorrent.pcap	tcp_528,0,0,,0,0,0.99922514
benign_none_BitTorrent.pcap	tcp_2458,0,0,,0,0,0.99935836
benign_none_BitTorrent.pcap	tcp_530,0,0,,0,0,0.9994204
benign_none_BitTorrent.pcap	tcp_1159,0,0,,0,0,0.9993647
benign_none_BitTorrent.pcap	tcp_532,0,0,,0,0,0.99941707
benign_none_BitTorrent.pcap	tcp_1381,0,0,,0,0,0.99941295
benign_none_BitTorrent.pcap	tcp_2091,0,0,,0,0,0.9994475
benign_none_BitTorrent.pcap	tcp_2772,0,0,,0,0,0.99936515
benign_none_BitTorrent.pcap	tcp_536,0,0,,0,0,0.99884284
benign_none_BitTorrent.pcap	tcp_2748,0,0,,0,0,0.9994826
benign_none_BitTorrent.pcap	tcp_540,0,0,,0,0,0.9971596
benign_none_BitTorrent.pcap	tcp_2144,0,0,,0,0,0.99802536
benign_none_BitTorrent.pcap	tcp_1252,0,0,,0,0,0.9993431
benign_none_BitTorrent.pcap	tcp_2196,0,0,,0,0,0.99715084
benign_none_BitTorrent.pcap	tcp_2814,0,0,,0,0,0.99936384
benign_none_BitTorrent.pcap	tcp_1028,0,0,,0,0,0.9992766
benign_none_BitTorrent.pcap	tcp_2191,0,0,,0,0,0.99828315
benign_none_BitTorrent.pcap	tcp_2599,0,0,,0,0,0.99811625
benign_none_BitTorrent.pcap	tcp_2397,0,0,,0,0,0.9993336
benign_none_BitTorrent.pcap	tcp_2651,0,0,,0,0,0.9989574
benign_none_BitTorrent.pcap	tcp_551,0,0,,0,0,0.9982541
benign_none_BitTorrent.pcap	tcp_2940,0,0,,0,0,0.99919266
benign_none_BitTorrent.pcap	tcp_1520,0,0,,0,0,0.99912643
benign_none_BitTorrent.pcap	tcp_556,0,0,,0,0,0.9994091
benign_none_BitTorrent.pcap	tcp_2318,0,0,,0,0,0.99865973
benign_none_BitTorrent.pcap	tcp_1851,0,0,,0,0,0.9992618
benign_none_BitTorrent.pcap	tcp_2211,0,0,,0,0,0.99899477
benign_none_BitTorrent.pcap	tcp_1676,0,0,,0,0,0.99940956
benign_none_BitTorrent.pcap	tcp_1779,0,0,,0,0,0.99815065
benign_none_BitTorrent.pcap	tcp_562,0,0,,0,0,0.9994764
benign_none_BitTorrent.pcap	tcp_1569,0,0,,0,0,0.99943
benign_none_BitTorrent.pcap	tcp_2693,0,0,,0,0,0.99945194
benign_none_BitTorrent.pcap	tcp_1651,0,0,,0,0,0.99955934
benign_none_BitTorrent.pcap	tcp_1454,0,0,,0,0,0.9994248
benign_none_BitTorrent.pcap	tcp_1546,0,0,,0,0,0.9970695
benign_none_BitTorrent.pcap	tcp_1183,0,0,,0,0,0.9989749
benign_none_BitTorrent.pcap	tcp_571,0,0,,0,0,0.99922115
benign_none_BitTorrent.pcap	tcp_572,0,0,,0,0,0.99902785
benign_none_BitTorrent.pcap	tcp_2511,0,0,,0,0,0.9989941
benign_none_BitTorrent.pcap	tcp_2697,0,0,,0,0,0.9992793
benign_none_BitTorrent.pcap	tcp_1415,0,0,,0,0,0.99938804
benign_none_BitTorrent.pcap	tcp_1471,0,0,,0,0,0.9990182
benign_none_BitTorrent.pcap	tcp_1192,0,0,,0,0,0.99922323
benign_none_BitTorrent.pcap	tcp_580,0,0,,0,0,0.9971577
benign_none_BitTorrent.pcap	tcp_581,0,0,,0,0,0.99876446
benign_none_BitTorrent.pcap	tcp_2065,0,0,,0,0,0.9993618
benign_none_BitTorrent.pcap	tcp_1017,0,0,,0,0,0.99919635
benign_none_BitTorrent.pcap	tcp_584,0,0,,0,0,0.9982382
benign_none_BitTorrent.pcap	tcp_2860,0,0,,0,0,0.99949193
benign_none_BitTorrent.pcap	tcp_2362,0,0,,0,0,0.99955505
benign_none_BitTorrent.pcap	tcp_2338,0,0,,0,0,0.99940884
benign_none_BitTorrent.pcap	tcp_589,0,0,,0,0,0.9991795
benign_none_BitTorrent.pcap	tcp_590,0,0,,0,0,0.9994905
benign_none_BitTorrent.pcap	tcp_1378,0,0,,0,0,0.9992911
benign_none_BitTorrent.pcap	tcp_592,0,0,,0,0,0.9946594
benign_none_BitTorrent.pcap	tcp_1136,0,0,,0,0,0.9994412
benign_none_BitTorrent.pcap	tcp_1150,0,0,,0,0,0.99945694
benign_none_BitTorrent.pcap	tcp_595,0,0,,0,0,0.99943656
benign_none_BitTorrent.pcap	tcp_2875,0,0,,0,0,0.99894136
benign_none_BitTorrent.pcap	tcp_2392,0,0,,0,0,0.99939954
benign_none_BitTorrent.pcap	tcp_2028,0,0,,0,0,0.99937004
benign_none_BitTorrent.pcap	tcp_1556,0,0,,0,0,0.9992225
benign_none_BitTorrent.pcap	tcp_600,0,0,,0,0,0.9977824
benign_none_BitTorrent.pcap	tcp_1229,0,0,,0,0,0.9990324
benign_none_BitTorrent.pcap	tcp_604,0,0,,0,0,0.9994863
benign_none_BitTorrent.pcap	tcp_2824,0,0,,0,0,0.99932885
benign_none_BitTorrent.pcap	tcp_606,0,0,,0,0,0.9989806
benign_none_BitTorrent.pcap	tcp_607,0,0,,0,0,0.99953556
benign_none_BitTorrent.pcap	tcp_2534,0,0,,0,0,0.99947035
benign_none_BitTorrent.pcap	tcp_1448,0,0,,0,0,0.99899846
benign_none_BitTorrent.pcap	tcp_612,0,0,,0,0,0.9993286
benign_none_BitTorrent.pcap	tcp_2219,0,0,,0,0,0.9993005
benign_none_BitTorrent.pcap	tcp_1367,0,0,,0,0,0.99794644
benign_none_BitTorrent.pcap	tcp_1919,0,0,,0,0,0.9981233
benign_none_BitTorrent.pcap	tcp_2983,0,0,,0,0,0.9988234
benign_none_BitTorrent.pcap	tcp_1019,0,0,,0,0,0.9991901
benign_none_BitTorrent.pcap	tcp_618,0,0,,0,0,0.99706966
benign_none_BitTorrent.pcap	tcp_619,0,0,,0,0,0.99920565
benign_none_BitTorrent.pcap	tcp_1061,0,0,,0,0,0.99931836
benign_none_BitTorrent.pcap	tcp_622,0,0,,0,0,0.9985825
benign_none_BitTorrent.pcap	tcp_623,0,0,,0,0,0.99840087
benign_none_BitTorrent.pcap	tcp_1450,0,0,,0,0,0.9995146
benign_none_BitTorrent.pcap	tcp_1180,0,0,,0,0,0.99930847
benign_none_BitTorrent.pcap	tcp_1199,0,0,,0,0,0.9974954
benign_none_BitTorrent.pcap	tcp_627,0,0,,0,0,0.9992254
benign_none_BitTorrent.pcap	tcp_2254,0,0,,0,0,0.9993067
benign_none_BitTorrent.pcap	tcp_2405,0,0,,0,0,0.9993426
benign_none_BitTorrent.pcap	tcp_1668,0,0,,0,0,0.99942714
benign_none_BitTorrent.pcap	tcp_1866,0,0,,0,0,0.99928135
benign_none_BitTorrent.pcap	tcp_632,0,0,,0,0,0.9988379
benign_none_BitTorrent.pcap	tcp_2672,0,0,,0,0,0.99946564
benign_none_BitTorrent.pcap	tcp_634,0,0,,0,0,0.9995208
benign_none_BitTorrent.pcap	tcp_2622,0,0,,0,0,0.999492
benign_none_BitTorrent.pcap	tcp_1818,0,0,,0,0,0.9978568
benign_none_BitTorrent.pcap	tcp_1725,0,0,,0,0,0.99925655
benign_none_BitTorrent.pcap	tcp_1968,0,0,,0,0,0.9986145
benign_none_BitTorrent.pcap	tcp_2215,0,0,,0,0,0.99928504
benign_none_BitTorrent.pcap	tcp_2583,0,0,,0,0,0.9995122
benign_none_BitTorrent.pcap	tcp_641,0,0,,0,0,0.99882925
benign_none_BitTorrent.pcap	tcp_2917,0,0,,0,0,0.999381
benign_none_BitTorrent.pcap	tcp_2859,0,0,,0,0,0.99941707
benign_none_BitTorrent.pcap	tcp_2669,0,0,,0,0,0.99952495
benign_none_BitTorrent.pcap	tcp_2766,0,0,,0,0,0.99930507
benign_none_BitTorrent.pcap	tcp_646,0,0,,0,0,0.99918646
benign_none_BitTorrent.pcap	tcp_647,0,0,,0,0,0.9994998
benign_none_BitTorrent.pcap	tcp_1265,0,0,,0,0,0.99932206
benign_none_BitTorrent.pcap	tcp_1537,0,0,,0,0,0.9994211
benign_none_BitTorrent.pcap	tcp_1430,0,0,,0,0,0.9993284
benign_none_BitTorrent.pcap	tcp_2470,0,0,,0,0,0.99943703
benign_none_BitTorrent.pcap	tcp_1645,0,0,,0,0,0.9984716
benign_none_BitTorrent.pcap	tcp_1351,0,0,,0,0,0.9987943
benign_none_BitTorrent.pcap	tcp_2542,0,0,,0,0,0.99951875
benign_none_BitTorrent.pcap	tcp_656,0,0,,0,0,0.99934685
benign_none_BitTorrent.pcap	tcp_657,0,0,,0,0,0.99872375
benign_none_BitTorrent.pcap	tcp_2876,0,0,,0,0,0.9977374
benign_none_BitTorrent.pcap	tcp_2269,0,0,,0,0,0.99794275
benign_none_BitTorrent.pcap	tcp_2734,0,0,,0,0,0.99942064
benign_none_BitTorrent.pcap	tcp_1858,0,0,,0,0,0.99931407
benign_none_BitTorrent.pcap	tcp_1340,0,0,,0,0,0.9993976
benign_none_BitTorrent.pcap	tcp_1734,0,0,,0,0,0.99903095
benign_none_BitTorrent.pcap	tcp_667,0,0,,0,0,0.99907047
benign_none_BitTorrent.pcap	tcp_671,0,0,,0,0,0.999002
benign_none_BitTorrent.pcap	tcp_2855,0,0,,0,0,0.9992655
benign_none_BitTorrent.pcap	tcp_1487,0,0,,0,0,0.99953544
benign_none_BitTorrent.pcap	tcp_1336,0,0,,0,0,0.99928343
benign_none_BitTorrent.pcap	tcp_1531,0,0,,0,0,0.9993895
benign_none_BitTorrent.pcap	tcp_1844,0,0,,0,0,0.99928457
benign_none_BitTorrent.pcap	tcp_679,0,0,,0,0,0.9983608
benign_none_BitTorrent.pcap	tcp_680,0,0,,0,0,0.9992993
benign_none_BitTorrent.pcap	tcp_2799,0,0,,0,0,0.9994389
benign_none_BitTorrent.pcap	tcp_1656,0,0,,0,0,0.99917006
benign_none_BitTorrent.pcap	tcp_2707,0,0,,0,0,0.99898916
benign_none_BitTorrent.pcap	tcp_1799,0,0,,0,0,0.99925566
benign_none_BitTorrent.pcap	tcp_1503,0,0,,0,0,0.9992373
benign_none_BitTorrent.pcap	tcp_2529,0,0,,0,0,0.99564266
benign_none_BitTorrent.pcap	tcp_1833,0,0,,0,0,0.99895513
benign_none_BitTorrent.pcap	tcp_2059,0,0,,0,0,0.9978662
benign_none_BitTorrent.pcap	tcp_691,0,0,,0,0,0.99876356
benign_none_BitTorrent.pcap	tcp_692,0,0,,0,0,0.9986052
benign_none_BitTorrent.pcap	tcp_1409,0,0,,0,0,0.9995229
benign_none_BitTorrent.pcap	tcp_2098,0,0,,0,0,0.99927706
benign_none_BitTorrent.pcap	tcp_695,0,0,,0,0,0.99922264
benign_none_BitTorrent.pcap	tcp_696,0,0,,0,0,0.9993976
benign_none_BitTorrent.pcap	tcp_1163,0,0,,0,0,0.9986463
benign_none_BitTorrent.pcap	tcp_1500,0,0,,0,0,0.9995153
benign_none_BitTorrent.pcap	tcp_1069,0,0,,0,0,0.9990614
benign_none_BitTorrent.pcap	tcp_2728,0,0,,0,0,0.9994913
benign_none_BitTorrent.pcap	tcp_1391,0,0,,0,0,0.9957124
benign_none_BitTorrent.pcap	tcp_2137,0,0,,0,0,0.99942076
benign_none_BitTorrent.pcap	tcp_706,0,0,,0,0,0.9991303
benign_none_BitTorrent.pcap	tcp_707,0,0,,0,0,0.9992855
benign_none_BitTorrent.pcap	tcp_1633,0,0,,0,0,0.9995454
benign_none_BitTorrent.pcap	tcp_1641,0,0,,0,0,0.99805987
benign_none_BitTorrent.pcap	tcp_1349,0,0,,0,0,0.99911165
benign_none_BitTorrent.pcap	tcp_712,0,0,,0,0,0.9994843
benign_none_BitTorrent.pcap	tcp_713,0,0,,0,0,0.99956185
benign_none_BitTorrent.pcap	tcp_1975,0,0,,0,0,0.998248
benign_none_BitTorrent.pcap	tcp_716,0,0,,0,0,0.9994353
benign_none_BitTorrent.pcap	tcp_1339,0,0,,0,0,0.9993754
benign_none_BitTorrent.pcap	tcp_2835,0,0,,0,0,0.99934745
benign_none_BitTorrent.pcap	tcp_720,0,0,,0,0,0.9991911
benign_none_BitTorrent.pcap	tcp_2878,0,0,,0,0,0.99946874
benign_none_BitTorrent.pcap	tcp_1407,0,0,,0,0,0.9983134
benign_none_BitTorrent.pcap	tcp_1615,0,0,,0,0,0.9989318
benign_none_BitTorrent.pcap	tcp_1474,0,0,,0,0,0.99953896
benign_none_BitTorrent.pcap	tcp_1470,0,0,,0,0,0.999038
benign_none_BitTorrent.pcap	tcp_1166,0,0,,0,0,0.99908054
benign_none_BitTorrent.pcap	tcp_1617,0,0,,0,0,0.9995333
benign_none_BitTorrent.pcap	tcp_2068,0,0,,0,0,0.99920326
benign_none_BitTorrent.pcap	tcp_1763,0,0,,0,0,0.99947506
benign_none_BitTorrent.pcap	tcp_2033,0,0,,0,0,0.99909
benign_none_BitTorrent.pcap	tcp_736,0,0,,0,0,0.99775344
benign_none_BitTorrent.pcap	tcp_737,0,0,,0,0,0.9995492
benign_none_BitTorrent.pcap	tcp_738,0,0,,0,0,0.9994068
benign_none_BitTorrent.pcap	tcp_1984,0,0,,0,0,0.9988153
benign_none_BitTorrent.pcap	tcp_1267,0,0,,0,0,0.9978054
benign_none_BitTorrent.pcap	tcp_742,0,0,,0,0,0.99849665
benign_none_BitTorrent.pcap	tcp_2848,0,0,,0,0,0.9985117
benign_none_BitTorrent.pcap	tcp_2138,0,0,,0,0,0.9994341
benign_none_BitTorrent.pcap	tcp_2450,0,0,,0,0,0.999256
benign_none_BitTorrent.pcap	tcp_2407,0,0,,0,0,0.9993494
benign_none_BitTorrent.pcap	tcp_747,0,0,,0,0,0.9992279
benign_none_BitTorrent.pcap	tcp_2169,0,0,,0,0,0.9987968
benign_none_BitTorrent.pcap	tcp_1917,0,0,,0,0,0.99868673
benign_none_BitTorrent.pcap	tcp_751,0,0,,0,0,0.99938476
benign_none_BitTorrent.pcap	tcp_1762,0,0,,0,0,0.9983412
benign_none_BitTorrent.pcap	tcp_2391,0,0,,0,0,0.99924785
benign_none_BitTorrent.pcap	tcp_2755,0,0,,0,0,0.9995009
benign_none_BitTorrent.pcap	tcp_755,0,0,,0,0,0.99941623
benign_none_BitTorrent.pcap	tcp_1795,0,0,,0,0,0.9994117
benign_none_BitTorrent.pcap	tcp_1009,0,0,,0,0,0.99954474
benign_none_BitTorrent.pcap	tcp_1872,0,0,,0,0,0.99919754
benign_none_BitTorrent.pcap	tcp_1242,0,0,,0,0,0.9985222
benign_none_BitTorrent.pcap	tcp_2865,0,0,,0,0,0.9993415
benign_none_BitTorrent.pcap	tcp_2148,0,0,,0,0,0.9994634
benign_none_BitTorrent.pcap	tcp_767,0,0,,0,0,0.99868214
benign_none_BitTorrent.pcap	tcp_1261,0,0,,0,0,0.9993691
benign_none_BitTorrent.pcap	tcp_1566,0,0,,0,0,0.9995247
benign_none_BitTorrent.pcap	tcp_1829,0,0,,0,0,0.9991184
benign_none_BitTorrent.pcap	tcp_771,0,0,,0,0,0.99949884
benign_none_BitTorrent.pcap	tcp_1879,0,0,,0,0,0.9992067
benign_none_BitTorrent.pcap	tcp_1849,0,0,,0,0,0.9993725
benign_none_BitTorrent.pcap	tcp_2998,0,0,,0,0,0.9995184
benign_none_BitTorrent.pcap	tcp_1861,0,0,,0,0,0.9992411
benign_none_BitTorrent.pcap	tcp_777,0,0,,0,0,0.99936527
benign_none_BitTorrent.pcap	tcp_1705,0,0,,0,0,0.999318
benign_none_BitTorrent.pcap	tcp_780,0,0,,0,0,0.99941325
benign_none_BitTorrent.pcap	tcp_2198,0,0,,0,0,0.998982
benign_none_BitTorrent.pcap	tcp_2791,0,0,,0,0,0.99937105
benign_none_BitTorrent.pcap	tcp_785,0,0,,0,0,0.9984902
benign_none_BitTorrent.pcap	tcp_786,0,0,,0,0,0.99912876
benign_none_BitTorrent.pcap	tcp_1110,0,0,,0,0,0.99912137
benign_none_BitTorrent.pcap	tcp_2886,0,0,,0,0,0.9991763
benign_none_BitTorrent.pcap	tcp_1951,0,0,,0,0,0.999329
benign_none_BitTorrent.pcap	tcp_791,0,0,,0,0,0.99944717
benign_none_BitTorrent.pcap	tcp_792,0,0,,0,0,0.9992187
benign_none_BitTorrent.pcap	tcp_2813,0,0,,0,0,0.9994536
benign_none_BitTorrent.pcap	tcp_1941,0,0,,0,0,0.999345
benign_none_BitTorrent.pcap	tcp_1759,0,0,,0,0,0.99801326
benign_none_BitTorrent.pcap	tcp_2933,0,0,,0,0,0.9991154
benign_none_BitTorrent.pcap	tcp_798,0,0,,0,0,0.99866474
benign_none_BitTorrent.pcap	tcp_799,0,0,,0,0,0.9989722
benign_none_BitTorrent.pcap	tcp_1513,0,0,,0,0,0.9993466
benign_none_BitTorrent.pcap	tcp_2072,0,0,,0,0,0.99947983
benign_none_BitTorrent.pcap	tcp_802,0,0,,0,0,0.9988995
benign_none_BitTorrent.pcap	tcp_1956,0,0,,0,0,0.9990403
benign_none_BitTorrent.pcap	tcp_2164,0,0,,0,0,0.99946636
benign_none_BitTorrent.pcap	tcp_1030,0,0,,0,0,0.99835485
benign_none_BitTorrent.pcap	tcp_1635,0,0,,0,0,0.99952495
benign_none_BitTorrent.pcap	tcp_1389,0,0,,0,0,0.99940145
benign_none_BitTorrent.pcap	tcp_810,0,0,,0,0,0.9993305
benign_none_BitTorrent.pcap	tcp_2425,0,0,,0,0,0.99877346
benign_none_BitTorrent.pcap	tcp_812,0,0,,0,0,0.9991196
benign_none_BitTorrent.pcap	tcp_813,0,0,,0,0,0.9993766
benign_none_BitTorrent.pcap	tcp_1027,0,0,,0,0,0.9991014
benign_none_BitTorrent.pcap	tcp_815,0,0,,0,0,0.9988761
benign_none_BitTorrent.pcap	tcp_2889,0,0,,0,0,0.9993492
benign_none_BitTorrent.pcap	tcp_2321,0,0,,0,0,0.9988493
benign_none_BitTorrent.pcap	tcp_1923,0,0,,0,0,0.9992678
benign_none_BitTorrent.pcap	tcp_2201,0,0,,0,0,0.9987407
benign_none_BitTorrent.pcap	tcp_1262,0,0,,0,0,0.99888796
benign_none_BitTorrent.pcap	tcp_1024,0,0,,0,0,0.9994779
benign_none_BitTorrent.pcap	tcp_822,0,0,,0,0,0.99944794
benign_none_BitTorrent.pcap	tcp_823,0,0,,0,0,0.99926966
benign_none_BitTorrent.pcap	tcp_2792,0,0,,0,0,0.9988424
benign_none_BitTorrent.pcap	tcp_1076,0,0,,0,0,0.9995401
benign_none_BitTorrent.pcap	tcp_827,0,0,,0,0,0.99943787
benign_none_BitTorrent.pcap	tcp_2325,0,0,,0,0,0.99634427
benign_none_BitTorrent.pcap	tcp_2307,0,0,,0,0,0.9987242
benign_none_BitTorrent.pcap	tcp_2175,0,0,,0,0,0.9994684
benign_none_BitTorrent.pcap	tcp_832,0,0,,0,0,0.9992939
benign_none_BitTorrent.pcap	tcp_1921,0,0,,0,0,0.9994316
benign_none_BitTorrent.pcap	tcp_834,0,0,,0,0,0.99797624
benign_none_BitTorrent.pcap	tcp_1521,0,0,,0,0,0.999416
benign_none_BitTorrent.pcap	tcp_2177,0,0,,0,0,0.9988324
benign_none_BitTorrent.pcap	tcp_2070,0,0,,0,0,0.994043
benign_none_BitTorrent.pcap	tcp_2597,0,0,,0,0,0.9992822
benign_none_BitTorrent.pcap	tcp_843,0,0,,0,0,0.9989101
benign_none_BitTorrent.pcap	tcp_844,0,0,,0,0,0.9989292
benign_none_BitTorrent.pcap	tcp_846,0,0,,0,0,0.99933505
benign_none_BitTorrent.pcap	tcp_847,0,0,,0,0,0.999389
benign_none_BitTorrent.pcap	tcp_848,0,0,,0,0,0.9992594
benign_none_BitTorrent.pcap	tcp_2466,0,0,,0,0,0.9990944
benign_none_BitTorrent.pcap	tcp_851,0,0,,0,0,0.9994269
benign_none_BitTorrent.pcap	tcp_1741,0,0,,0,0,0.9984195
benign_none_BitTorrent.pcap	tcp_2805,0,0,,0,0,0.99728185
benign_none_BitTorrent.pcap	tcp_2181,0,0,,0,0,0.9984907
benign_none_BitTorrent.pcap	tcp_1859,0,0,,0,0,0.9985824
benign_none_BitTorrent.pcap	tcp_1297,0,0,,0,0,0.9995497
benign_none_BitTorrent.pcap	tcp_2027,0,0,,0,0,0.99943596
benign_none_BitTorrent.pcap	tcp_862,0,0,,0,0,0.99952716
benign_none_BitTorrent.pcap	tcp_2978,0,0,,0,0,0.99564064
benign_none_BitTorrent.pcap	tcp_1034,0,0,,0,0,0.9993697
benign_none_BitTorrent.pcap	tcp_1156,0,0,,0,0,0.9995113
benign_none_BitTorrent.pcap	tcp_866,0,0,,0,0,0.9994672
benign_none_BitTorrent.pcap	tcp_2125,0,0,,0,0,0.99904424
benign_none_BitTorrent.pcap	tcp_1948,0,0,,0,0,0.9996368
benign_none_BitTorrent.pcap	tcp_871,0,0,,0,0,0.99931
benign_none_BitTorrent.pcap	tcp_1761,0,0,,0,0,0.99930316
benign_none_BitTorrent.pcap	tcp_873,0,0,,0,0,0.9989612
benign_none_BitTorrent.pcap	tcp_1370,0,0,,0,0,0.9976989
benign_none_BitTorrent.pcap	tcp_875,0,0,,0,0,0.9994568
benign_none_BitTorrent.pcap	tcp_1695,0,0,,0,0,0.9993527
benign_none_BitTorrent.pcap	tcp_2995,0,0,,0,0,0.99886477
benign_none_BitTorrent.pcap	tcp_2468,0,0,,0,0,0.9987538
benign_none_BitTorrent.pcap	tcp_2075,0,0,,0,0,0.99948883
benign_none_BitTorrent.pcap	tcp_880,0,0,,0,0,0.9994179
benign_none_BitTorrent.pcap	tcp_881,0,0,,0,0,0.99912304
benign_none_BitTorrent.pcap	tcp_882,0,0,,0,0,0.9989569
benign_none_BitTorrent.pcap	tcp_1375,0,0,,0,0,0.99879754
benign_none_BitTorrent.pcap	tcp_884,0,0,,0,0,0.9993173
benign_none_BitTorrent.pcap	tcp_2713,0,0,,0,0,0.9994748
benign_none_BitTorrent.pcap	tcp_886,0,0,,0,0,0.99895376
benign_none_BitTorrent.pcap	tcp_2898,0,0,,0,0,0.9993771
benign_none_BitTorrent.pcap	tcp_1287,0,0,,0,0,0.99940443
benign_none_BitTorrent.pcap	tcp_1897,0,0,,0,0,0.99934196
benign_none_BitTorrent.pcap	tcp_890,0,0,,0,0,0.9991065
benign_none_BitTorrent.pcap	tcp_2146,0,0,,0,0,0.998998
benign_none_BitTorrent.pcap	tcp_1981,0,0,,0,0,0.998949
benign_none_BitTorrent.pcap	tcp_1087,0,0,,0,0,0.9994646
benign_none_BitTorrent.pcap	tcp_2823,0,0,,0,0,0.9990683
benign_none_BitTorrent.pcap	tcp_1169,0,0,,0,0,0.9994954
benign_none_BitTorrent.pcap	tcp_2327,0,0,,0,0,0.9993796
benign_none_BitTorrent.pcap	tcp_2683,0,0,,0,0,0.9979207
benign_none_BitTorrent.pcap	tcp_1728,0,0,,0,0,0.99892884
benign_none_BitTorrent.pcap	tcp_1969,0,0,,0,0,0.9994769
benign_none_BitTorrent.pcap	tcp_1342,0,0,,0,0,0.99887544
benign_none_BitTorrent.pcap	tcp_906,0,0,,0,0,0.9991316
benign_none_BitTorrent.pcap	tcp_1807,0,0,,0,0,0.9989298
benign_none_BitTorrent.pcap	tcp_1203,0,0,,0,0,0.9995818
benign_none_BitTorrent.pcap	tcp_2474,0,0,,0,0,0.9989193
benign_none_BitTorrent.pcap	tcp_1832,0,0,,0,0,0.99947566
benign_none_BitTorrent.pcap	tcp_912,0,0,,0,0,0.99943
benign_none_BitTorrent.pcap	tcp_2810,0,0,,0,0,0.9990695
benign_none_BitTorrent.pcap	tcp_914,0,0,,0,0,0.9992637
benign_none_BitTorrent.pcap	tcp_915,0,0,,0,0,0.9994779
benign_none_BitTorrent.pcap	tcp_2256,0,0,,0,0,0.9993043
benign_none_BitTorrent.pcap	tcp_1914,0,0,,0,0,0.99936193
benign_none_BitTorrent.pcap	tcp_2378,0,0,,0,0,0.99888533
benign_none_BitTorrent.pcap	tcp_2428,0,0,,0,0,0.99425817
benign_none_BitTorrent.pcap	tcp_922,0,0,,0,0,0.999424
benign_none_BitTorrent.pcap	tcp_923,0,0,,0,0,0.99930805
benign_none_BitTorrent.pcap	tcp_924,0,0,,0,0,0.9984866
benign_none_BitTorrent.pcap	tcp_2846,0,0,,0,0,0.99933225
benign_none_BitTorrent.pcap	tcp_1840,0,0,,0,0,0.9992249
benign_none_BitTorrent.pcap	tcp_1854,0,0,,0,0,0.99924904
benign_none_BitTorrent.pcap	tcp_2015,0,0,,0,0,0.99928033
benign_none_BitTorrent.pcap	tcp_2398,0,0,,0,0,0.9994808
benign_none_BitTorrent.pcap	tcp_2166,0,0,,0,0,0.997821
benign_none_BitTorrent.pcap	tcp_932,0,0,,0,0,0.9992208
benign_none_BitTorrent.pcap	tcp_933,0,0,,0,0,0.99939215
benign_none_BitTorrent.pcap	tcp_2568,0,0,,0,0,0.9995698
benign_none_BitTorrent.pcap	tcp_1669,0,0,,0,0,0.9993753
benign_none_BitTorrent.pcap	tcp_938,0,0,,0,0,0.9993756
benign_none_BitTorrent.pcap	tcp_1187,0,0,,0,0,0.9993474
benign_none_BitTorrent.pcap	tcp_941,0,0,,0,0,0.99926585
benign_none_BitTorrent.pcap	tcp_1946,0,0,,0,0,0.999483
benign_none_BitTorrent.pcap	tcp_1904,0,0,,0,0,0.99949586
benign_none_BitTorrent.pcap	tcp_1218,0,0,,0,0,0.999139
benign_none_BitTorrent.pcap	tcp_2535,0,0,,0,0,0.99933654
benign_none_BitTorrent.pcap	tcp_1300,0,0,,0,0,0.9994239
benign_none_BitTorrent.pcap	tcp_1380,0,0,,0,0,0.99957925
benign_none_BitTorrent.pcap	tcp_1055,0,0,,0,0,0.9994436
benign_none_BitTorrent.pcap	tcp_949,0,0,,0,0,0.998376
benign_none_BitTorrent.pcap	tcp_2528,0,0,,0,0,0.9992343
benign_none_BitTorrent.pcap	tcp_2298,0,0,,0,0,0.99939585
benign_none_BitTorrent.pcap	tcp_2801,0,0,,0,0,0.99941146
benign_none_BitTorrent.pcap	tcp_2383,0,0,,0,0,0.99910897
benign_none_BitTorrent.pcap	tcp_2490,0,0,,0,0,0.99938136
benign_none_BitTorrent.pcap	tcp_1359,0,0,,0,0,0.99767584
benign_none_BitTorrent.pcap	tcp_2045,0,0,,0,0,0.9992397
benign_none_BitTorrent.pcap	tcp_1205,0,0,,0,0,0.9979662
benign_none_BitTorrent.pcap	tcp_1439,0,0,,0,0,0.999252
benign_none_BitTorrent.pcap	tcp_2550,0,0,,0,0,0.9993222
benign_none_BitTorrent.pcap	tcp_963,0,0,,0,0,0.9966169
benign_none_BitTorrent.pcap	tcp_2764,0,0,,0,0,0.9987391
benign_none_BitTorrent.pcap	tcp_1021,0,0,,0,0,0.9946944
benign_none_BitTorrent.pcap	tcp_1460,0,0,,0,0,0.9987388
benign_none_BitTorrent.pcap	tcp_1621,0,0,,0,0,0.99933004
benign_none_BitTorrent.pcap	tcp_2023,0,0,,0,0,0.999371
benign_none_BitTorrent.pcap	tcp_2668,0,0,,0,0,0.9987214
benign_none_BitTorrent.pcap	tcp_1060,0,0,,0,0,0.99914885
benign_none_BitTorrent.pcap	tcp_2896,0,0,,0,0,0.9992607
benign_none_BitTorrent.pcap	tcp_2977,0,0,,0,0,0.9994859
benign_none_BitTorrent.pcap	tcp_976,0,0,,0,0,0.9990239
benign_none_BitTorrent.pcap	tcp_2746,0,0,,0,0,0.99619126
benign_none_BitTorrent.pcap	tcp_1674,0,0,,0,0,0.9989909
benign_none_BitTorrent.pcap	tcp_2770,0,0,,0,0,0.999435
benign_none_BitTorrent.pcap	tcp_981,0,0,,0,0,0.9987703
benign_none_BitTorrent.pcap	tcp_2613,0,0,,0,0,0.9991855
benign_none_BitTorrent.pcap	tcp_984,0,0,,0,0,0.99943537
benign_none_BitTorrent.pcap	tcp_2021,0,0,,0,0,0.9991666
benign_none_BitTorrent.pcap	tcp_2473,0,0,,0,0,0.9994515
benign_none_BitTorrent.pcap	tcp_988,0,0,,0,0,0.99934787
benign_none_BitTorrent.pcap	tcp_2250,0,0,,0,0,0.9994686
benign_none_BitTorrent.pcap	tcp_990,0,0,,0,0,0.9984724
benign_none_BitTorrent.pcap	tcp_2020,0,0,,0,0,0.9994778
benign_none_BitTorrent.pcap	tcp_992,0,0,,0,0,0.99943805
benign_none_BitTorrent.pcap	tcp_2401,0,0,,0,0,0.9993798
benign_none_BitTorrent.pcap	tcp_2500,0,0,,0,0,0.9981862
benign_none_BitTorrent.pcap	tcp_1836,0,0,,0,0,0.99941933
benign_none_BitTorrent.pcap	tcp_2424,0,0,,0,0,0.99913055
benign_none_BitTorrent.pcap	tcp_1670,0,0,,0,0,0.99855465
benign_none_BitTorrent.pcap	tcp_999,0,0,,0,0,0.9965797
benign_none_Outlook.pcap	tcp_2651,11,0,,0,0,0.9995338
benign_none_Outlook.pcap	tcp_1,11,0,,0,0,0.99933285
benign_none_Outlook.pcap	tcp_1726,11,0,,0,0,0.9993909
benign_none_Outlook.pcap	tcp_2093,11,0,,0,0,0.9996835
benign_none_Outlook.pcap	tcp_5,11,0,,0,0,0.14418118
benign_none_Outlook.pcap	tcp_6,11,0,,0,0,0.79978085
benign_none_Outlook.pcap	tcp_1890,11,0,,0,0,0.99929094
benign_none_Outlook.pcap	tcp_8,11,0,,0,0,0.9995652
benign_none_Outlook.pcap	tcp_9,11,0,,0,0,0.59277225
benign_none_Outlook.pcap	tcp_2632,11,0,,0,0,0.9986242
benign_none_Outlook.pcap	tcp_1310,11,0,,0,0,0.99938315
benign_none_Outlook.pcap	tcp_12,11,0,,0,0,0.9997055
benign_none_Outlook.pcap	tcp_2780,11,0,,0,0,0.99912995
benign_none_Outlook.pcap	tcp_14,11,0,,0,0,0.600345
benign_none_Outlook.pcap	tcp_2995,11,0,,0,0,0.9984635
benign_none_Outlook.pcap	tcp_1702,11,0,,0,0,0.9995359
benign_none_Outlook.pcap	tcp_2683,11,0,,0,0,0.9996225
benign_none_Outlook.pcap	tcp_2695,11,0,,0,0,0.9995571
benign_none_Outlook.pcap	tcp_20,11,0,,0,0,0.8993702
benign_none_Outlook.pcap	tcp_2680,11,0,,0,0,0.99943477
benign_none_Outlook.pcap	tcp_2544,11,0,,0,0,0.99872947
benign_none_Outlook.pcap	tcp_1903,11,0,,0,0,0.9996062
benign_none_Outlook.pcap	tcp_24,11,0,,0,0,0.7062336
benign_none_Outlook.pcap	tcp_27,11,0,,0,0,0.87450796
benign_none_Outlook.pcap	tcp_2617,11,0,,0,0,0.9992074
benign_none_Outlook.pcap	tcp_32,11,0,,0,0,0.60548973
benign_none_Outlook.pcap	tcp_2142,11,0,,0,0,0.99885577
benign_none_Outlook.pcap	tcp_34,11,0,,0,0,0.8560557
benign_none_Outlook.pcap	tcp_2762,11,0,,0,0,0.99952173
benign_none_Outlook.pcap	tcp_2574,11,0,,0,0,0.99922407
benign_none_Outlook.pcap	tcp_38,11,0,,0,0,0.9995633
benign_none_Outlook.pcap	tcp_1221,11,0,,0,0,0.9988558
benign_none_Outlook.pcap	tcp_1287,11,0,,0,0,0.99964345
benign_none_Outlook.pcap	tcp_1757,11,0,,0,0,0.99893516
benign_none_Outlook.pcap	tcp_42,11,0,,0,0,0.999509
benign_none_Outlook.pcap	tcp_2042,11,0,,0,1,0.019066133
benign_none_Outlook.pcap	tcp_1483,11,0,,0,0,0.9996803
benign_none_Outlook.pcap	tcp_2639,11,0,,0,0,0.9989742
benign_none_Outlook.pcap	tcp_2008,11,0,,0,0,0.99952435
benign_none_Outlook.pcap	tcp_2281,11,0,,0,0,0.9994472
benign_none_Outlook.pcap	tcp_1948,11,0,,0,0,0.99900943
benign_none_Outlook.pcap	tcp_1977,11,0,,0,0,0.9990488
benign_none_Outlook.pcap	tcp_52,11,0,,0,0,0.99963546
benign_none_Outlook.pcap	tcp_2447,11,0,,0,0,0.9994477
benign_none_Outlook.pcap	tcp_2267,11,0,,0,0,0.9987983
benign_none_Outlook.pcap	tcp_2229,11,0,,0,0,0.9995248
benign_none_Outlook.pcap	tcp_59,11,0,,0,0,0.9160872
benign_none_Outlook.pcap	tcp_1339,11,0,,0,0,0.9983333
benign_none_Outlook.pcap	tcp_2250,11,0,,0,0,0.9993489
benign_none_Outlook.pcap	tcp_66,11,0,,0,0,0.9993494
benign_none_Outlook.pcap	tcp_67,11,0,,0,0,0.9991459
benign_none_Outlook.pcap	tcp_68,11,0,,0,0,0.99954504
benign_none_Outlook.pcap	tcp_2012,11,0,,0,0,0.99967504
benign_none_Outlook.pcap	tcp_1527,11,0,,0,0,0.99949336
benign_none_Outlook.pcap	tcp_1847,11,0,,0,0,0.9992859
benign_none_Outlook.pcap	tcp_2067,11,0,,0,0,0.9995433
benign_none_Outlook.pcap	tcp_73,11,0,,0,0,0.99874145
benign_none_Outlook.pcap	tcp_2459,11,0,,0,0,0.999537
benign_none_Outlook.pcap	tcp_2888,11,0,,0,0,0.9994574
benign_none_Outlook.pcap	tcp_1264,11,0,,0,0,0.99956805
benign_none_Outlook.pcap	tcp_77,11,0,,0,0,0.99963796
benign_none_Outlook.pcap	tcp_2755,11,0,,0,0,0.99956954
benign_none_Outlook.pcap	tcp_2706,11,0,,0,0,0.9993555
benign_none_Outlook.pcap	tcp_2901,11,0,,0,0,0.99954563
benign_none_Outlook.pcap	tcp_2709,11,0,,0,0,0.9994273
benign_none_Outlook.pcap	tcp_1826,11,0,,0,0,0.99970835
benign_none_Outlook.pcap	tcp_84,11,0,,0,0,0.99888223
benign_none_Outlook.pcap	tcp_1011,11,0,,0,0,0.9985911
benign_none_Outlook.pcap	tcp_2207,11,0,,0,0,0.99896264
benign_none_Outlook.pcap	tcp_88,11,0,,0,0,0.99949634
benign_none_Outlook.pcap	tcp_1306,11,0,,0,0,0.99905974
benign_none_Outlook.pcap	tcp_90,11,0,,0,0,0.99874663
benign_none_Outlook.pcap	tcp_91,11,0,,0,0,0.99953675
benign_none_Outlook.pcap	tcp_2411,11,0,,0,0,0.9992895
benign_none_Outlook.pcap	tcp_2090,11,0,,0,0,0.9987476
benign_none_Outlook.pcap	tcp_94,11,0,,0,0,0.99944514
benign_none_Outlook.pcap	tcp_1226,11,0,,0,0,0.99949586
benign_none_Outlook.pcap	tcp_1772,11,0,,0,0,0.99909437
benign_none_Outlook.pcap	tcp_2419,11,0,,0,0,0.99955577
benign_none_Outlook.pcap	tcp_2160,11,0,,0,0,0.9993334
benign_none_Outlook.pcap	tcp_2457,11,0,,0,0,0.99905485
benign_none_Outlook.pcap	tcp_2576,11,0,,0,0,0.99902505
benign_none_Outlook.pcap	tcp_2670,11,0,,0,0,0.9993813
benign_none_Outlook.pcap	tcp_2556,11,0,,0,0,0.99879897
benign_none_Outlook.pcap	tcp_105,11,0,,0,0,0.9997081
benign_none_Outlook.pcap	tcp_2650,11,0,,0,0,0.99910104
benign_none_Outlook.pcap	tcp_1911,11,0,,0,0,0.99949026
benign_none_Outlook.pcap	tcp_109,11,0,,0,0,0.99896944
benign_none_Outlook.pcap	tcp_2274,11,0,,0,0,0.99938464
benign_none_Outlook.pcap	tcp_2244,11,0,,0,0,0.9991078
benign_none_Outlook.pcap	tcp_1853,11,0,,0,0,0.99941576
benign_none_Outlook.pcap	tcp_1499,11,0,,0,0,0.9994584
benign_none_Outlook.pcap	tcp_114,11,0,,0,0,0.9996384
benign_none_Outlook.pcap	tcp_115,11,0,,0,0,0.99926203
benign_none_Outlook.pcap	tcp_116,11,0,,0,0,0.99913067
benign_none_Outlook.pcap	tcp_2347,11,0,,0,0,0.9993926
benign_none_Outlook.pcap	tcp_119,11,0,,0,0,0.9994955
benign_none_Outlook.pcap	tcp_1176,11,0,,0,0,0.998348
benign_none_Outlook.pcap	tcp_124,11,0,,0,0,0.9986652
benign_none_Outlook.pcap	tcp_125,11,0,,0,0,0.9995009
benign_none_Outlook.pcap	tcp_126,11,0,,0,0,0.99909055
benign_none_Outlook.pcap	tcp_2172,11,0,,0,0,0.9993351
benign_none_Outlook.pcap	tcp_129,11,0,,0,0,0.99925554
benign_none_Outlook.pcap	tcp_1488,11,0,,0,0,0.9991963
benign_none_Outlook.pcap	tcp_2731,11,0,,0,0,0.999371
benign_none_Outlook.pcap	tcp_135,11,0,,0,0,0.9992047
benign_none_Outlook.pcap	tcp_2757,11,0,,0,0,0.9994868
benign_none_Outlook.pcap	tcp_1748,11,0,,0,0,0.99748266
benign_none_Outlook.pcap	tcp_1650,11,0,,0,0,0.9990563
benign_none_Outlook.pcap	tcp_1315,11,0,,0,0,0.9995357
benign_none_Outlook.pcap	tcp_140,11,0,,0,0,0.9987596
benign_none_Outlook.pcap	tcp_2132,11,0,,0,0,0.9988194
benign_none_Outlook.pcap	tcp_2225,11,0,,0,0,0.9992672
benign_none_Outlook.pcap	tcp_145,11,0,,0,0,0.999416
benign_none_Outlook.pcap	tcp_147,11,0,,0,0,0.9993414
benign_none_Outlook.pcap	tcp_1632,11,0,,0,0,0.99936754
benign_none_Outlook.pcap	tcp_1019,11,0,,0,0,0.99941707
benign_none_Outlook.pcap	tcp_2640,11,0,,0,0,0.99966323
benign_none_Outlook.pcap	tcp_151,11,0,,0,0,0.9994752
benign_none_Outlook.pcap	tcp_2463,11,0,,0,0,0.99942744
benign_none_Outlook.pcap	tcp_2580,11,0,,0,0,0.99919933
benign_none_Outlook.pcap	tcp_1214,11,0,,0,0,0.9996932
benign_none_Outlook.pcap	tcp_1985,11,0,,0,0,0.9994311
benign_none_Outlook.pcap	tcp_2668,11,0,,0,0,0.9996544
benign_none_Outlook.pcap	tcp_1554,11,0,,0,0,0.9988364
benign_none_Outlook.pcap	tcp_160,11,0,,0,0,0.99939203
benign_none_Outlook.pcap	tcp_161,11,0,,0,0,0.9990407
benign_none_Outlook.pcap	tcp_2937,11,0,,0,0,0.9994295
benign_none_Outlook.pcap	tcp_163,11,0,,0,0,0.9993556
benign_none_Outlook.pcap	tcp_1567,11,0,,0,0,0.99920154
benign_none_Outlook.pcap	tcp_2746,11,0,,0,0,0.9983611
benign_none_Outlook.pcap	tcp_2495,11,0,,0,0,0.99957025
benign_none_Outlook.pcap	tcp_170,11,0,,0,0,0.9986135
benign_none_Outlook.pcap	tcp_2804,11,0,,0,0,0.99918014
benign_none_Outlook.pcap	tcp_2343,11,0,,0,0,0.99913436
benign_none_Outlook.pcap	tcp_2499,11,0,,0,0,0.99943954
benign_none_Outlook.pcap	tcp_175,11,0,,0,0,0.9990994
benign_none_Outlook.pcap	tcp_1707,11,0,,0,0,0.9993952
benign_none_Outlook.pcap	tcp_2029,11,0,,0,0,0.9990559
benign_none_Outlook.pcap	tcp_2057,11,0,,0,0,0.9997141
benign_none_Outlook.pcap	tcp_1733,11,0,,0,0,0.9988601
benign_none_Outlook.pcap	tcp_184,11,0,,0,0,0.99965787
benign_none_Outlook.pcap	tcp_185,11,0,,0,0,0.99949884
benign_none_Outlook.pcap	tcp_1067,11,0,,0,0,0.99893093
benign_none_Outlook.pcap	tcp_2837,11,0,,0,0,0.9995958
benign_none_Outlook.pcap	tcp_188,11,0,,0,0,0.99881685
benign_none_Outlook.pcap	tcp_2460,11,0,,0,0,0.9995701
benign_none_Outlook.pcap	tcp_1540,11,0,,0,0,0.99946195
benign_none_Outlook.pcap	tcp_196,11,0,,0,0,0.99897176
benign_none_Outlook.pcap	tcp_2727,11,0,,0,0,0.9993096
benign_none_Outlook.pcap	tcp_198,11,0,,0,0,0.9990631
benign_none_Outlook.pcap	tcp_1133,11,0,,0,0,0.99893826
benign_none_Outlook.pcap	tcp_2464,11,0,,0,0,0.9989907
benign_none_Outlook.pcap	tcp_2015,11,0,,0,0,0.99880445
benign_none_Outlook.pcap	tcp_2252,11,0,,0,0,0.9994371
benign_none_Outlook.pcap	tcp_2988,11,0,,0,0,0.99908155
benign_none_Outlook.pcap	tcp_204,11,0,,0,0,0.9986914
benign_none_Outlook.pcap	tcp_205,11,0,,0,0,0.9995129
benign_none_Outlook.pcap	tcp_206,11,0,,0,0,0.9994477
benign_none_Outlook.pcap	tcp_2643,11,0,,0,0,0.998525
benign_none_Outlook.pcap	tcp_208,11,0,,0,0,0.99928313
benign_none_Outlook.pcap	tcp_209,11,0,,0,0,0.99972564
benign_none_Outlook.pcap	tcp_1123,11,0,,0,0,0.99923843
benign_none_Outlook.pcap	tcp_211,11,0,,0,0,0.999584
benign_none_Outlook.pcap	tcp_2859,11,0,,0,0,0.9992842
benign_none_Outlook.pcap	tcp_1887,11,0,,0,0,0.9994228
benign_none_Outlook.pcap	tcp_214,11,0,,0,0,0.9992036
benign_none_Outlook.pcap	tcp_216,11,0,,0,0,0.9994584
benign_none_Outlook.pcap	tcp_1263,11,0,,0,0,0.99952
benign_none_Outlook.pcap	tcp_2304,11,0,,0,0,0.9997217
benign_none_Outlook.pcap	tcp_2194,11,0,,0,0,0.99891007
benign_none_Outlook.pcap	tcp_2423,11,0,,0,0,0.9983468
benign_none_Outlook.pcap	tcp_2111,11,0,,0,0,0.99936885
benign_none_Outlook.pcap	tcp_222,11,0,,0,0,0.99875855
benign_none_Outlook.pcap	tcp_1621,11,0,,0,0,0.99920446
benign_none_Outlook.pcap	tcp_1219,11,0,,0,0,0.9992455
benign_none_Outlook.pcap	tcp_225,11,0,,0,0,0.9990687
benign_none_Outlook.pcap	tcp_226,11,0,,0,0,0.9991534
benign_none_Outlook.pcap	tcp_1932,11,0,,0,0,0.9987813
benign_none_Outlook.pcap	tcp_228,11,0,,0,0,0.9994153
benign_none_Outlook.pcap	tcp_1978,11,0,,0,0,0.9991337
benign_none_Outlook.pcap	tcp_230,11,0,,0,0,0.99951017
benign_none_Outlook.pcap	tcp_2674,11,0,,0,0,0.9990853
benign_none_Outlook.pcap	tcp_232,11,0,,0,0,0.99922717
benign_none_Outlook.pcap	tcp_2532,11,0,,0,0,0.99882257
benign_none_Outlook.pcap	tcp_235,11,0,,0,0,0.99875104
benign_none_Outlook.pcap	tcp_236,11,0,,0,0,0.9996538
benign_none_Outlook.pcap	tcp_1960,11,0,,0,0,0.9986508
benign_none_Outlook.pcap	tcp_1916,11,0,,0,0,0.99900824
benign_none_Outlook.pcap	tcp_1753,11,0,,0,0,0.9997529
benign_none_Outlook.pcap	tcp_2758,11,0,,0,0,0.99972034
benign_none_Outlook.pcap	tcp_1599,11,0,,0,0,0.99949425
benign_none_Outlook.pcap	tcp_243,11,0,,0,0,0.99913013
benign_none_Outlook.pcap	tcp_2542,11,0,,0,0,0.9994468
benign_none_Outlook.pcap	tcp_2932,11,0,,0,0,0.999386
benign_none_Outlook.pcap	tcp_2478,11,0,,0,0,0.9997689
benign_none_Outlook.pcap	tcp_2129,11,0,,0,0,0.9994747
benign_none_Outlook.pcap	tcp_2326,11,0,,0,0,0.99951804
benign_none_Outlook.pcap	tcp_2155,11,0,,0,0,0.9994862
benign_none_Outlook.pcap	tcp_251,11,0,,0,0,0.9994394
benign_none_Outlook.pcap	tcp_1783,11,0,,0,0,0.9995283
benign_none_Outlook.pcap	tcp_253,11,0,,0,0,0.9994429
benign_none_Outlook.pcap	tcp_2555,11,0,,0,0,0.99827206
benign_none_Outlook.pcap	tcp_2795,11,0,,0,0,0.99947643
benign_none_Outlook.pcap	tcp_257,11,0,,0,0,0.9989484
benign_none_Outlook.pcap	tcp_2629,11,0,,0,0,0.99939555
benign_none_Outlook.pcap	tcp_2185,11,0,,0,0,0.9991348
benign_none_Outlook.pcap	tcp_261,11,0,,0,0,0.99973106
benign_none_Outlook.pcap	tcp_1505,11,0,,0,0,0.9995687
benign_none_Outlook.pcap	tcp_263,11,0,,0,0,0.9992581
benign_none_Outlook.pcap	tcp_1635,11,0,,0,0,0.9994454
benign_none_Outlook.pcap	tcp_268,11,0,,0,0,0.99854684
benign_none_Outlook.pcap	tcp_1719,11,0,,0,0,0.9995789
benign_none_Outlook.pcap	tcp_1248,11,0,,0,0,0.99885607
benign_none_Outlook.pcap	tcp_2636,11,0,,0,0,0.9993748
benign_none_Outlook.pcap	tcp_2733,11,0,,0,0,0.9994394
benign_none_Outlook.pcap	tcp_1366,11,0,,0,0,0.9992465
benign_none_Outlook.pcap	tcp_275,11,0,,0,0,0.9996288
benign_none_Outlook.pcap	tcp_1980,11,0,,0,0,0.9985489
benign_none_Outlook.pcap	tcp_1244,11,0,,0,0,0.99932563
benign_none_Outlook.pcap	tcp_278,11,0,,0,0,0.9990972
benign_none_Outlook.pcap	tcp_279,11,0,,0,0,0.99917173
benign_none_Outlook.pcap	tcp_1698,11,0,,0,0,0.99939746
benign_none_Outlook.pcap	tcp_1183,11,0,,0,0,0.999493
benign_none_Outlook.pcap	tcp_283,11,0,,0,0,0.99969435
benign_none_Outlook.pcap	tcp_2387,11,0,,0,0,0.998995
benign_none_Outlook.pcap	tcp_286,11,0,,0,0,0.99945885
benign_none_Outlook.pcap	tcp_287,11,0,,0,0,0.99905586
benign_none_Outlook.pcap	tcp_288,11,0,,0,0,0.9991715
benign_none_Outlook.pcap	tcp_2805,11,0,,0,0,0.99947804
benign_none_Outlook.pcap	tcp_1973,11,0,,0,0,0.9992142
benign_none_Outlook.pcap	tcp_2023,11,0,,0,0,0.9992902
benign_none_Outlook.pcap	tcp_294,11,0,,0,0,0.9994037
benign_none_Outlook.pcap	tcp_1711,11,0,,0,0,0.9992489
benign_none_Outlook.pcap	tcp_1512,11,0,,0,0,0.9991598
benign_none_Outlook.pcap	tcp_298,11,0,,0,0,0.99923825
benign_none_Outlook.pcap	tcp_2458,11,0,,0,0,0.99946016
benign_none_Outlook.pcap	tcp_2508,11,0,,0,0,0.9987134
benign_none_Outlook.pcap	tcp_1026,11,0,,0,0,0.99943346
benign_none_Outlook.pcap	tcp_1173,11,0,,0,0,0.99954873
benign_none_Outlook.pcap	tcp_2452,11,0,,0,0,0.9995154
benign_none_Outlook.pcap	tcp_304,11,0,,0,0,0.9992217
benign_none_Outlook.pcap	tcp_2787,11,0,,0,0,0.99841857
benign_none_Outlook.pcap	tcp_1378,11,0,,0,0,0.999013
benign_none_Outlook.pcap	tcp_2873,11,0,,0,0,0.9993572
benign_none_Outlook.pcap	tcp_2081,11,0,,0,0,0.9985063
benign_none_Outlook.pcap	tcp_1639,11,0,,0,0,0.9990689
benign_none_Outlook.pcap	tcp_1580,11,0,,0,0,0.9987283
benign_none_Outlook.pcap	tcp_312,11,0,,0,0,0.9997382
benign_none_Outlook.pcap	tcp_1923,11,0,,0,0,0.9996761
benign_none_Outlook.pcap	tcp_1660,11,0,,0,0,0.99969065
benign_none_Outlook.pcap	tcp_2716,11,0,,0,0,0.998914
benign_none_Outlook.pcap	tcp_1362,11,0,,0,0,0.99919164
benign_none_Outlook.pcap	tcp_319,11,0,,0,0,0.99870384
benign_none_Outlook.pcap	tcp_2151,11,0,,0,0,0.99966663
benign_none_Outlook.pcap	tcp_2537,11,0,,0,0,0.9989221
benign_none_Outlook.pcap	tcp_2748,11,0,,0,0,0.99944603
benign_none_Outlook.pcap	tcp_2440,11,0,,0,0,0.99873954
benign_none_Outlook.pcap	tcp_1212,11,0,,0,0,0.9996823
benign_none_Outlook.pcap	tcp_326,11,0,,0,0,0.99947226
benign_none_Outlook.pcap	tcp_2598,11,0,,0,0,0.999275
benign_none_Outlook.pcap	tcp_1518,11,0,,0,0,0.9994613
benign_none_Outlook.pcap	tcp_330,11,0,,0,0,0.99888045
benign_none_Outlook.pcap	tcp_331,11,0,,0,0,0.9995085
benign_none_Outlook.pcap	tcp_1177,11,0,,0,0,0.9984015
benign_none_Outlook.pcap	tcp_1689,11,0,,0,0,0.99944866
benign_none_Outlook.pcap	tcp_1845,11,0,,0,0,0.99964505
benign_none_Outlook.pcap	tcp_2321,11,0,,0,0,0.9993787
benign_none_Outlook.pcap	tcp_337,11,0,,0,0,0.9991741
benign_none_Outlook.pcap	tcp_2515,11,0,,0,0,0.9989987
benign_none_Outlook.pcap	tcp_2311,11,0,,0,0,0.9996696
benign_none_Outlook.pcap	tcp_1756,11,0,,0,0,0.99872535
benign_none_Outlook.pcap	tcp_341,11,0,,0,0,0.9992512
benign_none_Outlook.pcap	tcp_343,11,0,,0,0,0.9988453
benign_none_Outlook.pcap	tcp_1744,11,0,,0,0,0.9994568
benign_none_Outlook.pcap	tcp_2507,11,0,,0,0,0.9990908
benign_none_Outlook.pcap	tcp_347,11,0,,0,0,0.99898356
benign_none_Outlook.pcap	tcp_1839,11,0,,0,0,0.9994748
benign_none_Outlook.pcap	tcp_1094,11,0,,0,0,0.99901986
benign_none_Outlook.pcap	tcp_350,11,0,,0,0,0.99941134
benign_none_Outlook.pcap	tcp_1360,11,0,,0,0,0.99918115
benign_none_Outlook.pcap	tcp_2844,11,0,,0,0,0.9982324
benign_none_Outlook.pcap	tcp_1116,11,0,,0,0,0.99944
benign_none_Outlook.pcap	tcp_2062,11,0,,0,0,0.9992354
benign_none_Outlook.pcap	tcp_1593,11,0,,0,0,0.9994824
benign_none_Outlook.pcap	tcp_2399,11,0,,0,0,0.99941045
benign_none_Outlook.pcap	tcp_1666,11,0,,0,0,0.9994999
benign_none_Outlook.pcap	tcp_359,11,0,,0,0,0.99980295
benign_none_Outlook.pcap	tcp_2729,11,0,,0,0,0.9991823
benign_none_Outlook.pcap	tcp_361,11,0,,0,0,0.999757
benign_none_Outlook.pcap	tcp_362,11,0,,0,0,0.99925953
benign_none_Outlook.pcap	tcp_363,11,0,,0,0,0.9993199
benign_none_Outlook.pcap	tcp_1563,11,0,,0,0,0.9991484
benign_none_Outlook.pcap	tcp_1629,11,0,,0,0,0.9991105
benign_none_Outlook.pcap	tcp_1013,11,0,,0,0,0.9991743
benign_none_Outlook.pcap	tcp_2750,11,0,,0,0,0.99966365
benign_none_Outlook.pcap	tcp_1010,11,0,,0,0,0.9993119
benign_none_Outlook.pcap	tcp_1809,11,0,,0,0,0.9994492
benign_none_Outlook.pcap	tcp_370,11,0,,0,0,0.998741
benign_none_Outlook.pcap	tcp_1054,11,0,,0,0,0.99901354
benign_none_Outlook.pcap	tcp_373,11,0,,0,0,0.99944127
benign_none_Outlook.pcap	tcp_374,11,0,,0,0,0.9996663
benign_none_Outlook.pcap	tcp_375,11,0,,0,0,0.99895513
benign_none_Outlook.pcap	tcp_2900,11,0,,0,0,0.9993734
benign_none_Outlook.pcap	tcp_378,11,0,,0,0,0.9996592
benign_none_Outlook.pcap	tcp_2247,11,0,,0,0,0.9995952
benign_none_Outlook.pcap	tcp_1484,11,0,,0,0,0.9991111
benign_none_Outlook.pcap	tcp_2102,11,0,,0,0,0.9986977
benign_none_Outlook.pcap	tcp_383,11,0,,0,0,0.99964666
benign_none_Outlook.pcap	tcp_384,11,0,,0,0,0.9994979
benign_none_Outlook.pcap	tcp_2147,11,0,,0,0,0.9993804
benign_none_Outlook.pcap	tcp_2417,11,0,,0,0,0.9996778
benign_none_Outlook.pcap	tcp_1394,11,0,,0,0,0.99940574
benign_none_Outlook.pcap	tcp_2213,11,0,,0,0,0.99954337
benign_none_Outlook.pcap	tcp_1836,11,0,,0,0,0.9997321
benign_none_Outlook.pcap	tcp_2001,11,0,,0,0,0.9994012
benign_none_Outlook.pcap	tcp_392,11,0,,0,0,0.9984305
benign_none_Outlook.pcap	tcp_1005,11,0,,0,0,0.99945796
benign_none_Outlook.pcap	tcp_394,11,0,,0,0,0.9986835
benign_none_Outlook.pcap	tcp_1463,11,0,,0,0,0.99929494
benign_none_Outlook.pcap	tcp_397,11,0,,0,0,0.99895275
benign_none_Outlook.pcap	tcp_1074,11,0,,0,0,0.9993837
benign_none_Outlook.pcap	tcp_1209,11,0,,0,0,0.9992681
benign_none_Outlook.pcap	tcp_2853,11,0,,0,0,0.99960846
benign_none_Outlook.pcap	tcp_402,11,0,,0,0,0.999272
benign_none_Outlook.pcap	tcp_404,11,0,,0,0,0.9992263
benign_none_Outlook.pcap	tcp_1645,11,0,,0,0,0.99917203
benign_none_Outlook.pcap	tcp_2933,11,0,,0,0,0.9995849
benign_none_Outlook.pcap	tcp_1553,11,0,,0,0,0.9987896
benign_none_Outlook.pcap	tcp_1776,11,0,,0,0,0.9994356
benign_none_Outlook.pcap	tcp_1888,11,0,,0,0,0.99891484
benign_none_Outlook.pcap	tcp_412,11,0,,0,0,0.99915344
benign_none_Outlook.pcap	tcp_414,11,0,,0,0,0.99920416
benign_none_Outlook.pcap	tcp_2521,11,0,,0,0,0.9991242
benign_none_Outlook.pcap	tcp_418,11,0,,0,0,0.99928504
benign_none_Outlook.pcap	tcp_419,11,0,,0,0,0.9992394
benign_none_Outlook.pcap	tcp_1998,11,0,,0,0,0.99925417
benign_none_Outlook.pcap	tcp_2148,11,0,,0,0,0.99934196
benign_none_Outlook.pcap	tcp_1516,11,0,,0,0,0.99927306
benign_none_Outlook.pcap	tcp_2593,11,0,,0,0,0.9991497
benign_none_Outlook.pcap	tcp_2711,11,0,,0,0,0.9993179
benign_none_Outlook.pcap	tcp_1437,11,0,,0,0,0.9986395
benign_none_Outlook.pcap	tcp_426,11,0,,0,0,0.99942017
benign_none_Outlook.pcap	tcp_1649,11,0,,0,0,0.9984829
benign_none_Outlook.pcap	tcp_2570,11,0,,0,0,0.9992192
benign_none_Outlook.pcap	tcp_429,11,0,,0,0,0.9985202
benign_none_Outlook.pcap	tcp_2889,11,0,,0,0,0.99936694
benign_none_Outlook.pcap	tcp_1487,11,0,,0,0,0.99953103
benign_none_Outlook.pcap	tcp_432,11,0,,0,0,0.9991427
benign_none_Outlook.pcap	tcp_433,11,0,,0,0,0.99927837
benign_none_Outlook.pcap	tcp_1999,11,0,,0,0,0.99934965
benign_none_Outlook.pcap	tcp_1154,11,0,,0,0,0.99918157
benign_none_Outlook.pcap	tcp_2587,11,0,,0,0,0.9992055
benign_none_Outlook.pcap	tcp_2191,11,0,,0,0,0.9990093
benign_none_Outlook.pcap	tcp_1558,11,0,,0,0,0.9993641
benign_none_Outlook.pcap	tcp_2501,11,0,,0,0,0.9992486
benign_none_Outlook.pcap	tcp_2253,11,0,,0,0,0.9988511
benign_none_Outlook.pcap	tcp_1348,11,0,,0,0,0.99910635
benign_none_Outlook.pcap	tcp_444,11,0,,0,0,0.99931335
benign_none_Outlook.pcap	tcp_1648,11,0,,0,0,0.9994574
benign_none_Outlook.pcap	tcp_1732,11,0,,0,0,0.99898183
benign_none_Outlook.pcap	tcp_447,11,0,,0,0,0.9997918
benign_none_Outlook.pcap	tcp_448,11,0,,0,0,0.9992964
benign_none_Outlook.pcap	tcp_449,11,0,,0,0,0.9994968
benign_none_Outlook.pcap	tcp_2278,11,0,,0,0,0.9995974
benign_none_Outlook.pcap	tcp_1442,11,0,,0,0,0.9993462
benign_none_Outlook.pcap	tcp_453,11,0,,0,0,0.9989838
benign_none_Outlook.pcap	tcp_1021,11,0,,0,0,0.99930125
benign_none_Outlook.pcap	tcp_2527,11,0,,0,0,0.99945617
benign_none_Outlook.pcap	tcp_2588,11,0,,0,0,0.99949086
benign_none_Outlook.pcap	tcp_2548,11,0,,0,0,0.999178
benign_none_Outlook.pcap	tcp_1184,11,0,,0,0,0.9997421
benign_none_Outlook.pcap	tcp_1085,11,0,,0,0,0.99952173
benign_none_Outlook.pcap	tcp_461,11,0,,0,0,0.99942744
benign_none_Outlook.pcap	tcp_1097,11,0,,0,0,0.99949205
benign_none_Outlook.pcap	tcp_1284,11,0,,0,0,0.99927443
benign_none_Outlook.pcap	tcp_1789,11,0,,0,0,0.99924374
benign_none_Outlook.pcap	tcp_2987,11,0,,0,0,0.99958736
benign_none_Outlook.pcap	tcp_467,11,0,,0,0,0.999241
benign_none_Outlook.pcap	tcp_2188,11,0,,0,0,0.9987445
benign_none_Outlook.pcap	tcp_1036,11,0,,0,0,0.9992811
benign_none_Outlook.pcap	tcp_470,11,0,,0,0,0.99965245
benign_none_Outlook.pcap	tcp_2199,11,0,,0,0,0.9993905
benign_none_Outlook.pcap	tcp_473,11,0,,0,0,0.9994535
benign_none_Outlook.pcap	tcp_1480,11,0,,0,0,0.9994032
benign_none_Outlook.pcap	tcp_1102,11,0,,0,0,0.9987534
benign_none_Outlook.pcap	tcp_2876,11,0,,0,0,0.99908257
benign_none_Outlook.pcap	tcp_478,11,0,,0,0,0.99851817
benign_none_Outlook.pcap	tcp_2109,11,0,,0,0,0.9992549
benign_none_Outlook.pcap	tcp_2105,11,0,,0,0,0.9985846
benign_none_Outlook.pcap	tcp_1105,11,0,,0,0,0.9994324
benign_none_Outlook.pcap	tcp_1460,11,0,,0,0,0.99914527
benign_none_Outlook.pcap	tcp_484,11,0,,0,0,0.9995664
benign_none_Outlook.pcap	tcp_2689,11,0,,0,0,0.9993632
benign_none_Outlook.pcap	tcp_2444,11,0,,0,0,0.9994491
benign_none_Outlook.pcap	tcp_488,11,0,,0,0,0.9997937
benign_none_Outlook.pcap	tcp_1768,11,0,,0,0,0.99964404
benign_none_Outlook.pcap	tcp_2480,11,0,,0,0,0.99901295
benign_none_Outlook.pcap	tcp_1383,11,0,,0,0,0.9994665
benign_none_Outlook.pcap	tcp_1785,11,0,,0,0,0.9995557
benign_none_Outlook.pcap	tcp_1491,11,0,,0,0,0.99945104
benign_none_Outlook.pcap	tcp_497,11,0,,0,0,0.9985757
benign_none_Outlook.pcap	tcp_498,11,0,,0,0,0.999642
benign_none_Outlook.pcap	tcp_500,11,0,,0,0,0.99940157
benign_none_Outlook.pcap	tcp_2257,11,0,,0,0,0.99935716
benign_none_Outlook.pcap	tcp_502,11,0,,0,0,0.99954814
benign_none_Outlook.pcap	tcp_1341,11,0,,0,0,0.9994538
benign_none_Outlook.pcap	tcp_2306,11,0,,0,0,0.9995302
benign_none_Outlook.pcap	tcp_2666,11,0,,0,0,0.99936265
benign_none_Outlook.pcap	tcp_1943,11,0,,0,0,0.9994855
benign_none_Outlook.pcap	tcp_1101,11,0,,0,0,0.9993489
benign_none_Outlook.pcap	tcp_1747,11,0,,0,0,0.9987442
benign_none_Outlook.pcap	tcp_1093,11,0,,0,0,0.9996884
benign_none_Outlook.pcap	tcp_2567,11,0,,0,0,0.99889743
benign_none_Outlook.pcap	tcp_1464,11,0,,0,0,0.9987165
benign_none_Outlook.pcap	tcp_515,11,0,,0,0,0.99927044
benign_none_Outlook.pcap	tcp_2406,11,0,,0,0,0.99883395
benign_none_Outlook.pcap	tcp_518,11,0,,0,0,0.99965477
benign_none_Outlook.pcap	tcp_519,11,0,,0,0,0.9996616
benign_none_Outlook.pcap	tcp_520,11,0,,0,0,0.9988036
benign_none_Outlook.pcap	tcp_521,11,0,,0,0,0.99936587
benign_none_Outlook.pcap	tcp_1478,11,0,,0,0,0.99954456
benign_none_Outlook.pcap	tcp_1626,11,0,,0,0,0.9990435
benign_none_Outlook.pcap	tcp_2404,11,0,,0,0,0.9992543
benign_none_Outlook.pcap	tcp_525,11,0,,0,0,0.99949807
benign_none_Outlook.pcap	tcp_2497,11,0,,0,0,0.9994023
benign_none_Outlook.pcap	tcp_1211,11,0,,0,0,0.9985544
benign_none_Outlook.pcap	tcp_1058,11,0,,0,0,0.998909
benign_none_Outlook.pcap	tcp_1942,11,0,,0,0,0.99928945
benign_none_Outlook.pcap	tcp_1416,11,0,,0,0,0.99936527
benign_none_Outlook.pcap	tcp_1778,11,0,,0,0,0.99945813
benign_none_Outlook.pcap	tcp_535,11,0,,0,0,0.99888146
benign_none_Outlook.pcap	tcp_1919,11,0,,0,0,0.99969435
benign_none_Outlook.pcap	tcp_2619,11,0,,0,0,0.9994222
benign_none_Outlook.pcap	tcp_2433,11,0,,0,0,0.9995739
benign_none_Outlook.pcap	tcp_2944,11,0,,0,0,0.9993267
benign_none_Outlook.pcap	tcp_2366,11,0,,0,0,0.99874383
benign_none_Outlook.pcap	tcp_1710,11,0,,0,0,0.9990227
benign_none_Outlook.pcap	tcp_1927,11,0,,0,0,0.9990725
benign_none_Outlook.pcap	tcp_2201,11,0,,0,0,0.999051
benign_none_Outlook.pcap	tcp_1917,11,0,,0,0,0.99927557
benign_none_Outlook.pcap	tcp_550,11,0,,0,0,0.9995152
benign_none_Outlook.pcap	tcp_551,11,0,,0,0,0.9993543
benign_none_Outlook.pcap	tcp_553,11,0,,0,0,0.9991227
benign_none_Outlook.pcap	tcp_1313,11,0,,0,0,0.99895936
benign_none_Outlook.pcap	tcp_2098,11,0,,0,0,0.99948823
benign_none_Outlook.pcap	tcp_557,11,0,,0,0,0.9988124
benign_none_Outlook.pcap	tcp_2647,11,0,,0,0,0.99856126
benign_none_Outlook.pcap	tcp_1949,11,0,,0,0,0.9994132
benign_none_Outlook.pcap	tcp_563,11,0,,0,0,0.9992705
benign_none_Outlook.pcap	tcp_1043,11,0,,0,0,0.99933654
benign_none_Outlook.pcap	tcp_2737,11,0,,0,0,0.99882764
benign_none_Outlook.pcap	tcp_1736,11,0,,0,0,0.99884963
benign_none_Outlook.pcap	tcp_568,11,0,,0,0,0.9994766
benign_none_Outlook.pcap	tcp_1245,11,0,,0,0,0.99896324
benign_none_Outlook.pcap	tcp_2085,11,0,,0,0,0.99922043
benign_none_Outlook.pcap	tcp_1837,11,0,,0,0,0.99949825
benign_none_Outlook.pcap	tcp_2578,11,0,,0,0,0.9987757
benign_none_Outlook.pcap	tcp_1333,11,0,,0,0,0.9994112
benign_none_Outlook.pcap	tcp_1749,11,0,,0,0,0.99928284
benign_none_Outlook.pcap	tcp_1723,11,0,,0,0,0.9992931
benign_none_Outlook.pcap	tcp_1752,11,0,,0,0,0.99922323
benign_none_Outlook.pcap	tcp_2560,11,0,,0,0,0.99916077
benign_none_Outlook.pcap	tcp_581,11,0,,0,0,0.99972063
benign_none_Outlook.pcap	tcp_1964,11,0,,0,0,0.99821055
benign_none_Outlook.pcap	tcp_583,11,0,,0,0,0.99932164
benign_none_Outlook.pcap	tcp_584,11,0,,0,0,0.9997429
benign_none_Outlook.pcap	tcp_2843,11,0,,0,0,0.9995414
benign_none_Outlook.pcap	tcp_1556,11,0,,0,0,0.9993263
benign_none_Outlook.pcap	tcp_2117,11,0,,0,0,0.9983078
benign_none_Outlook.pcap	tcp_2612,11,0,,0,0,0.9992893
benign_none_Outlook.pcap	tcp_2364,11,0,,0,0,0.99915767
benign_none_Outlook.pcap	tcp_2312,11,0,,0,0,0.9993624
benign_none_Outlook.pcap	tcp_592,11,0,,0,0,0.9993618
benign_none_Outlook.pcap	tcp_2403,11,0,,0,0,0.99917114
benign_none_Outlook.pcap	tcp_594,11,0,,0,0,0.999363
benign_none_Outlook.pcap	tcp_2962,11,0,,0,0,0.9994996
benign_none_Outlook.pcap	tcp_2415,11,0,,0,0,0.999313
benign_none_Outlook.pcap	tcp_2717,11,0,,0,0,0.9990239
benign_none_Outlook.pcap	tcp_2108,11,0,,0,0,0.99950117
benign_none_Outlook.pcap	tcp_600,11,0,,0,0,0.9992684
benign_none_Outlook.pcap	tcp_1818,11,0,,0,0,0.99883574
benign_none_Outlook.pcap	tcp_602,11,0,,0,0,0.9994635
benign_none_Outlook.pcap	tcp_1880,11,0,,0,0,0.9994121
benign_none_Outlook.pcap	tcp_1913,11,0,,0,0,0.9993923
benign_none_Outlook.pcap	tcp_2663,11,0,,0,0,0.99949247
benign_none_Outlook.pcap	tcp_2909,11,0,,0,0,0.99917835
benign_none_Outlook.pcap	tcp_1901,11,0,,0,0,0.99924374
benign_none_Outlook.pcap	tcp_2181,11,0,,0,0,0.9986098
benign_none_Outlook.pcap	tcp_611,11,0,,0,0,0.9996428
benign_none_Outlook.pcap	tcp_1473,11,0,,0,0,0.9996215
benign_none_Outlook.pcap	tcp_616,11,0,,0,0,0.998782
benign_none_Outlook.pcap	tcp_1081,11,0,,0,0,0.9997235
benign_none_Outlook.pcap	tcp_1597,11,0,,0,0,0.9994505
benign_none_Outlook.pcap	tcp_1141,11,0,,0,0,0.9991426
benign_none_Outlook.pcap	tcp_620,11,0,,0,0,0.9994033
benign_none_Outlook.pcap	tcp_1997,11,0,,0,0,0.99865997
benign_none_Outlook.pcap	tcp_622,11,0,,0,0,0.99900657
benign_none_Outlook.pcap	tcp_624,11,0,,0,0,0.9995689
benign_none_Outlook.pcap	tcp_2940,11,0,,0,0,0.99931484
benign_none_Outlook.pcap	tcp_1529,11,0,,0,0,0.99968666
benign_none_Outlook.pcap	tcp_2426,11,0,,0,0,0.9989957
benign_none_Outlook.pcap	tcp_1090,11,0,,0,0,0.99931276
benign_none_Outlook.pcap	tcp_1717,11,0,,0,0,0.99931
benign_none_Outlook.pcap	tcp_630,11,0,,0,0,0.9995531
benign_none_Outlook.pcap	tcp_631,11,0,,0,0,0.9994061
benign_none_Outlook.pcap	tcp_632,11,0,,0,0,0.9990318
benign_none_Outlook.pcap	tcp_1970,11,0,,0,0,0.99940854
benign_none_Outlook.pcap	tcp_1354,11,0,,0,0,0.99938977
benign_none_Outlook.pcap	tcp_636,11,0,,0,0,0.99892896
benign_none_Outlook.pcap	tcp_2704,11,0,,0,0,0.9995931
benign_none_Outlook.pcap	tcp_638,11,0,,0,0,0.9985082
benign_none_Outlook.pcap	tcp_2152,11,0,,0,0,0.99956506
benign_none_Outlook.pcap	tcp_2332,11,0,,0,0,0.9994969
benign_none_Outlook.pcap	tcp_1472,11,0,,0,0,0.9996328
benign_none_Outlook.pcap	tcp_1314,11,0,,0,0,0.99742675
benign_none_Outlook.pcap	tcp_2064,11,0,,0,0,0.99872774
benign_none_Outlook.pcap	tcp_645,11,0,,0,0,0.9995296
benign_none_Outlook.pcap	tcp_2173,11,0,,0,0,0.9988606
benign_none_Outlook.pcap	tcp_648,11,0,,0,0,0.9993492
benign_none_Outlook.pcap	tcp_2697,11,0,,0,0,0.9990761
benign_none_Outlook.pcap	tcp_650,11,0,,0,0,0.99966943
benign_none_Outlook.pcap	tcp_653,11,0,,0,0,0.9989681
benign_none_Outlook.pcap	tcp_1199,11,0,,0,0,0.99945205
benign_none_Outlook.pcap	tcp_2923,11,0,,0,0,0.99908924
benign_none_Outlook.pcap	tcp_2885,11,0,,0,0,0.99960595
benign_none_Outlook.pcap	tcp_660,11,0,,0,0,0.9997563
benign_none_Outlook.pcap	tcp_2211,11,0,,0,0,0.9992212
benign_none_Outlook.pcap	tcp_1401,11,0,,0,0,0.99899846
benign_none_Outlook.pcap	tcp_2783,11,0,,0,0,0.99921364
benign_none_Outlook.pcap	tcp_665,11,0,,0,0,0.99888116
benign_none_Outlook.pcap	tcp_2881,11,0,,0,0,0.99924433
benign_none_Outlook.pcap	tcp_667,11,0,,0,0,0.9994877
benign_none_Outlook.pcap	tcp_2450,11,0,,0,0,0.99957955
benign_none_Outlook.pcap	tcp_1303,11,0,,0,0,0.99856067
benign_none_Outlook.pcap	tcp_671,11,0,,0,0,0.99892336
benign_none_Outlook.pcap	tcp_1258,11,0,,0,0,0.9996104
benign_none_Outlook.pcap	tcp_1240,11,0,,0,0,0.9993937
benign_none_Outlook.pcap	tcp_674,11,0,,0,0,0.9997392
benign_none_Outlook.pcap	tcp_2597,11,0,,0,0,0.9989581
benign_none_Outlook.pcap	tcp_1397,11,0,,0,0,0.9995696
benign_none_Outlook.pcap	tcp_1129,11,0,,0,0,0.9994168
benign_none_Outlook.pcap	tcp_1495,11,0,,0,0,0.99974406
benign_none_Outlook.pcap	tcp_2351,11,0,,0,0,0.9993828
benign_none_Outlook.pcap	tcp_1862,11,0,,0,0,0.99972385
benign_none_Outlook.pcap	tcp_681,11,0,,0,0,0.99937004
benign_none_Outlook.pcap	tcp_1921,11,0,,1,1,0.00024015048
benign_none_Outlook.pcap	tcp_684,11,0,,0,0,0.87747365
benign_none_Outlook.pcap	tcp_2878,11,0,,0,0,0.9994478
benign_none_Outlook.pcap	tcp_686,11,0,,0,0,0.9995064
benign_none_Outlook.pcap	tcp_1391,11,0,,0,0,0.99836296
benign_none_Outlook.pcap	tcp_689,11,0,,0,0,0.9988034
benign_none_Outlook.pcap	tcp_2170,11,0,,0,0,0.9989114
benign_none_Outlook.pcap	tcp_1042,11,0,,0,0,0.9992655
benign_none_Outlook.pcap	tcp_1637,11,0,,0,0,0.9992322
benign_none_Outlook.pcap	tcp_1670,11,0,,0,0,0.99936527
benign_none_Outlook.pcap	tcp_1098,11,0,,0,0,0.999661
benign_none_Outlook.pcap	tcp_1831,11,0,,0,0,0.9988073
benign_none_Outlook.pcap	tcp_701,11,0,,0,0,0.99928766
benign_none_Outlook.pcap	tcp_1254,11,0,,0,0,0.9993793
benign_none_Outlook.pcap	tcp_2095,11,0,,0,0,0.99903226
benign_none_Outlook.pcap	tcp_704,11,0,,0,0,0.9992467
benign_none_Outlook.pcap	tcp_1515,11,0,,0,0,0.9990275
benign_none_Outlook.pcap	tcp_1229,11,0,,0,0,0.99929106
benign_none_Outlook.pcap	tcp_708,11,0,,0,0,0.9996661
benign_none_Outlook.pcap	tcp_2337,11,0,,0,0,0.9995049
benign_none_Outlook.pcap	tcp_710,11,0,,0,0,0.9994444
benign_none_Outlook.pcap	tcp_711,11,0,,0,0,0.99904543
benign_none_Outlook.pcap	tcp_2791,11,0,,0,0,0.9994872
benign_none_Outlook.pcap	tcp_714,11,0,,0,0,0.9990761
benign_none_Outlook.pcap	tcp_2847,11,0,,0,0,0.9997173
benign_none_Outlook.pcap	tcp_718,11,0,,0,0,0.9996671
benign_none_Outlook.pcap	tcp_1009,11,0,,0,0,0.99951077
benign_none_Outlook.pcap	tcp_1053,11,0,,0,0,0.9992874
benign_none_Outlook.pcap	tcp_1578,11,0,,0,0,0.99902546
benign_none_Outlook.pcap	tcp_724,11,0,,0,0,0.9991278
benign_none_Outlook.pcap	tcp_725,11,0,,0,0,0.99905145
benign_none_Outlook.pcap	tcp_1705,11,0,,0,0,0.99939346
benign_none_Outlook.pcap	tcp_2525,11,0,,0,0,0.9994854
benign_none_Outlook.pcap	tcp_1610,11,0,,0,0,0.9992854
benign_none_Outlook.pcap	tcp_1846,11,0,,0,0,0.99948514
benign_none_Outlook.pcap	tcp_1457,11,0,,0,0,0.99933356
benign_none_Outlook.pcap	tcp_2121,11,0,,0,0,0.9992386
benign_none_Outlook.pcap	tcp_732,11,0,,0,0,0.99955446
benign_none_Outlook.pcap	tcp_2637,11,0,,0,0,0.99968255
benign_none_Outlook.pcap	tcp_734,11,0,,0,0,0.9994337
benign_none_Outlook.pcap	tcp_1398,11,0,,0,0,0.9994692
benign_none_Outlook.pcap	tcp_1146,11,0,,0,0,0.999209
benign_none_Outlook.pcap	tcp_738,11,0,,0,0,0.9992025
benign_none_Outlook.pcap	tcp_1931,11,0,,0,0,0.99936885
benign_none_Outlook.pcap	tcp_1276,11,0,,0,0,0.99959475
benign_none_Outlook.pcap	tcp_1418,11,0,,0,0,0.99941605
benign_none_Outlook.pcap	tcp_743,11,0,,0,0,0.999806
benign_none_Outlook.pcap	tcp_745,11,0,,0,0,0.99932516
benign_none_Outlook.pcap	tcp_748,11,0,,0,0,0.9989485
benign_none_Outlook.pcap	tcp_749,11,0,,0,0,0.9994848
benign_none_Outlook.pcap	tcp_751,11,0,,0,0,0.99951315
benign_none_Outlook.pcap	tcp_753,11,0,,0,0,0.9994004
benign_none_Outlook.pcap	tcp_1798,11,0,,0,0,0.9993944
benign_none_Outlook.pcap	tcp_755,11,0,,0,0,0.9987116
benign_none_Outlook.pcap	tcp_1147,11,0,,0,0,0.9994893
benign_none_Outlook.pcap	tcp_2305,11,0,,0,0,0.9988656
benign_none_Outlook.pcap	tcp_1623,11,0,,0,0,0.99904484
benign_none_Outlook.pcap	tcp_1695,11,0,,0,0,0.9992723
benign_none_Outlook.pcap	tcp_1745,11,0,,0,0,0.99940133
benign_none_Outlook.pcap	tcp_764,11,0,,0,0,0.99955565
benign_none_Outlook.pcap	tcp_765,11,0,,0,0,0.9994072
benign_none_Outlook.pcap	tcp_766,11,0,,0,0,0.99928457
benign_none_Outlook.pcap	tcp_1513,11,0,,0,0,0.99917173
benign_none_Outlook.pcap	tcp_768,11,0,,0,0,0.9993904
benign_none_Outlook.pcap	tcp_1509,11,1,Cc_5,0,0,0.9987445
benign_none_Outlook.pcap	tcp_2936,11,0,,0,0,0.9993736
benign_none_Outlook.pcap	tcp_2481,11,0,,0,0,0.9992073
benign_none_Outlook.pcap	tcp_2240,11,0,,0,0,0.9994814
benign_none_Outlook.pcap	tcp_1046,11,0,,0,0,0.99940085
benign_none_Outlook.pcap	tcp_1423,11,0,,0,0,0.9996489
benign_none_Outlook.pcap	tcp_1033,11,0,,0,0,0.999345
benign_none_Outlook.pcap	tcp_1763,11,0,,0,0,0.9994395
benign_none_Outlook.pcap	tcp_2512,11,0,,0,0,0.99880654
benign_none_Outlook.pcap	tcp_781,11,0,,0,0,0.99906045
benign_none_Outlook.pcap	tcp_2539,11,0,,0,0,0.998917
benign_none_Outlook.pcap	tcp_1568,11,0,,0,0,0.99908036
benign_none_Outlook.pcap	tcp_784,11,0,,0,0,0.99935013
benign_none_Outlook.pcap	tcp_2355,11,0,,0,0,0.9994286
benign_none_Outlook.pcap	tcp_1893,11,0,,0,0,0.9995782
benign_none_Outlook.pcap	tcp_2662,11,0,,0,0,0.99949735
benign_none_Outlook.pcap	tcp_2816,11,0,,0,0,0.99944687
benign_none_Outlook.pcap	tcp_2577,11,0,,0,0,0.9995277
benign_none_Outlook.pcap	tcp_2653,11,0,,0,0,0.9997476
benign_none_Outlook.pcap	tcp_1950,11,0,,0,0,0.9997033
benign_none_Outlook.pcap	tcp_794,11,0,,0,0,0.999288
benign_none_Outlook.pcap	tcp_796,11,0,,0,0,0.9989839
benign_none_Outlook.pcap	tcp_797,11,0,,0,0,0.99928486
benign_none_Outlook.pcap	tcp_2767,11,0,,0,0,0.99906176
benign_none_Outlook.pcap	tcp_2959,11,0,,0,0,0.9992853
benign_none_Outlook.pcap	tcp_801,11,0,,0,0,0.99956506
benign_none_Outlook.pcap	tcp_2374,11,0,,0,0,0.9993126
benign_none_Outlook.pcap	tcp_804,11,0,,0,0,0.9991359
benign_none_Outlook.pcap	tcp_805,11,0,,0,0,0.99948454
benign_none_Outlook.pcap	tcp_808,11,0,,0,0,0.9996686
benign_none_Outlook.pcap	tcp_2723,11,0,,0,0,0.9994462
benign_none_Outlook.pcap	tcp_811,11,0,,0,0,0.9990138
benign_none_Outlook.pcap	tcp_812,11,0,,0,0,0.99865866
benign_none_Outlook.pcap	tcp_1697,11,0,,0,0,0.9990607
benign_none_Outlook.pcap	tcp_1041,11,0,,0,0,0.9991429
benign_none_Outlook.pcap	tcp_2688,11,0,,0,0,0.5292516
benign_none_Outlook.pcap	tcp_2055,11,0,,0,0,0.9994398
benign_none_Outlook.pcap	tcp_1089,11,0,,0,0,0.99937373
benign_none_Outlook.pcap	tcp_1289,11,0,,0,0,0.9993717
benign_none_Outlook.pcap	tcp_822,11,0,,0,0,0.99847066
benign_none_Outlook.pcap	tcp_2407,11,0,,0,0,0.99866474
benign_none_Outlook.pcap	tcp_1246,11,0,,0,0,0.9987785
benign_none_Outlook.pcap	tcp_1658,11,0,,0,0,0.99873525
benign_none_Outlook.pcap	tcp_829,11,0,,0,0,0.999792
benign_none_Outlook.pcap	tcp_830,11,0,,0,0,0.99935263
benign_none_Outlook.pcap	tcp_2164,11,0,,0,0,0.9987931
benign_none_Outlook.pcap	tcp_1643,11,0,,0,0,0.9988907
benign_none_Outlook.pcap	tcp_836,11,0,,0,0,0.99962044
benign_none_Outlook.pcap	tcp_1425,11,0,,0,0,0.99935085
benign_none_Outlook.pcap	tcp_838,11,0,,0,0,0.99813217
benign_none_Outlook.pcap	tcp_839,11,0,,0,0,0.9991817
benign_none_Outlook.pcap	tcp_1376,11,0,,0,0,0.9995896
benign_none_Outlook.pcap	tcp_2835,11,0,,0,0,0.99865204
benign_none_Outlook.pcap	tcp_2078,11,0,,0,0,0.99880195
benign_none_Outlook.pcap	tcp_2383,11,0,,0,0,0.99948967
benign_none_Outlook.pcap	tcp_1750,11,0,,0,0,0.99946046
benign_none_Outlook.pcap	tcp_847,11,0,,0,0,0.9993495
benign_none_Outlook.pcap	tcp_848,11,0,,0,0,0.9988637
benign_none_Outlook.pcap	tcp_2390,11,0,,0,0,0.9992229
benign_none_Outlook.pcap	tcp_2083,11,0,,0,0,0.9994424
benign_none_Outlook.pcap	tcp_851,11,0,,0,0,0.9993619
benign_none_Outlook.pcap	tcp_1056,11,0,,0,0,0.9990102
benign_none_Outlook.pcap	tcp_1489,11,0,,0,0,0.99925816
benign_none_Outlook.pcap	tcp_2957,11,0,,0,0,0.9994805
benign_none_Outlook.pcap	tcp_1453,11,0,,0,0,0.99941313
benign_none_Outlook.pcap	tcp_857,11,0,,0,0,0.99741215
benign_none_Outlook.pcap	tcp_1576,11,0,,0,0,0.9994192
benign_none_Outlook.pcap	tcp_859,11,0,,0,0,0.9981408
benign_none_Outlook.pcap	tcp_2409,11,0,,0,0,0.8926339
benign_none_Outlook.pcap	tcp_861,11,0,,0,0,0.9985353
benign_none_Outlook.pcap	tcp_862,11,0,,0,0,0.99921834
benign_none_Outlook.pcap	tcp_863,11,0,,0,0,0.9995538
benign_none_Outlook.pcap	tcp_864,11,0,,0,0,0.999024
benign_none_Outlook.pcap	tcp_2836,11,0,,0,0,0.9994185
benign_none_Outlook.pcap	tcp_2687,11,0,,0,0,0.99941635
benign_none_Outlook.pcap	tcp_1712,11,0,,0,0,0.99916005
benign_none_Outlook.pcap	tcp_868,11,0,,0,0,0.9989216
benign_none_Outlook.pcap	tcp_2908,11,0,,0,0,0.99916184
benign_none_Outlook.pcap	tcp_870,11,0,,0,0,0.999185
benign_none_Outlook.pcap	tcp_2776,11,0,,0,0,0.9996768
benign_none_Outlook.pcap	tcp_2477,11,0,,0,0,0.9994748
benign_none_Outlook.pcap	tcp_2293,11,0,,0,0,0.9994821
benign_none_Outlook.pcap	tcp_875,11,0,,0,0,0.9991147
benign_none_Outlook.pcap	tcp_2902,11,0,,0,0,0.99953294
benign_none_Outlook.pcap	tcp_2393,11,0,,0,0,0.99962056
benign_none_Outlook.pcap	tcp_2621,11,0,,0,0,0.9986981
benign_none_Outlook.pcap	tcp_881,11,0,,0,0,0.99927366
benign_none_Outlook.pcap	tcp_2893,11,0,,0,0,0.99925977
benign_none_Outlook.pcap	tcp_2540,11,0,,0,0,0.9994598
benign_none_Outlook.pcap	tcp_884,11,0,,0,0,0.99922526
benign_none_Outlook.pcap	tcp_1474,11,0,,0,0,0.9987159
benign_none_Outlook.pcap	tcp_2376,11,0,,0,0,0.9995739
benign_none_Outlook.pcap	tcp_887,11,0,,0,0,0.9992555
benign_none_Outlook.pcap	tcp_888,11,0,,0,0,0.9994033
benign_none_Outlook.pcap	tcp_1606,11,0,,0,0,0.99936396
benign_none_Outlook.pcap	tcp_1411,11,0,,0,0,0.99960095
benign_none_Outlook.pcap	tcp_1152,11,0,,0,0,0.99942183
benign_none_Outlook.pcap	tcp_2973,11,0,,0,0,0.99973553
benign_none_Outlook.pcap	tcp_2140,11,0,,0,0,0.9990563
benign_none_Outlook.pcap	tcp_897,11,0,,0,0,0.9995427
benign_none_Outlook.pcap	tcp_1594,11,0,,0,0,0.9997914
benign_none_Outlook.pcap	tcp_2657,11,0,,0,0,0.99902034
benign_none_Outlook.pcap	tcp_901,11,0,,0,0,0.9994573
benign_none_Outlook.pcap	tcp_902,11,0,,0,0,0.999632
benign_none_Outlook.pcap	tcp_1889,11,0,,0,0,0.99947697
benign_none_Outlook.pcap	tcp_2116,11,0,,0,0,0.9994729
benign_none_Outlook.pcap	tcp_908,11,0,,0,0,0.9995518
benign_none_Outlook.pcap	tcp_2113,11,0,,0,0,0.99970853
benign_none_Outlook.pcap	tcp_1256,11,0,,0,0,0.9991192
benign_none_Outlook.pcap	tcp_911,11,0,,0,0,0.99965596
benign_none_Outlook.pcap	tcp_912,11,0,,0,0,0.9993655
benign_none_Outlook.pcap	tcp_1039,11,0,,0,0,0.9991715
benign_none_Outlook.pcap	tcp_1063,11,0,,0,0,0.9991146
benign_none_Outlook.pcap	tcp_1150,11,0,,0,0,0.9995129
benign_none_Outlook.pcap	tcp_916,11,0,,0,0,0.99924004
benign_none_Outlook.pcap	tcp_918,11,0,,0,0,0.9985348
benign_none_Outlook.pcap	tcp_2722,11,0,,0,0,0.99935555
benign_none_Outlook.pcap	tcp_2272,11,0,,0,0,0.99912566
benign_none_Outlook.pcap	tcp_1025,11,0,,0,0,0.99975437
benign_none_Outlook.pcap	tcp_1445,11,0,,0,0,0.9994801
benign_none_Outlook.pcap	tcp_1070,11,0,,0,0,0.99934185
benign_none_Outlook.pcap	tcp_925,11,0,,0,0,0.9994926
benign_none_Outlook.pcap	tcp_1673,11,0,,0,0,0.999424
benign_none_Outlook.pcap	tcp_928,11,0,,0,0,0.99941015
benign_none_Outlook.pcap	tcp_1615,11,0,,0,0,0.99958116
benign_none_Outlook.pcap	tcp_1095,11,0,,0,0,0.9986882
benign_none_Outlook.pcap	tcp_932,11,0,,0,0,0.99892175
benign_none_Outlook.pcap	tcp_2607,11,0,,0,0,0.99959403
benign_none_Outlook.pcap	tcp_1158,11,0,,0,0,0.99942124
benign_none_Outlook.pcap	tcp_1714,11,0,,0,0,0.99934334
benign_none_Outlook.pcap	tcp_2772,11,0,,0,0,0.99977607
benign_none_Outlook.pcap	tcp_938,11,0,,0,0,0.9995992
benign_none_Outlook.pcap	tcp_1321,11,0,,0,0,0.9995829
benign_none_Outlook.pcap	tcp_1552,11,0,,0,0,0.9996975
benign_none_Outlook.pcap	tcp_943,11,0,,0,0,0.9991699
benign_none_Outlook.pcap	tcp_2446,11,0,,0,0,0.9992501
benign_none_Outlook.pcap	tcp_1057,11,0,,0,0,0.99896634
benign_none_Outlook.pcap	tcp_1452,11,0,,0,0,0.99926025
benign_none_Outlook.pcap	tcp_2453,11,0,,0,0,0.9990535
benign_none_Outlook.pcap	tcp_951,11,0,,0,0,0.99934703
benign_none_Outlook.pcap	tcp_2968,11,0,,0,0,0.9991563
benign_none_Outlook.pcap	tcp_1813,11,0,,0,0,0.9994253
benign_none_Outlook.pcap	tcp_2346,11,0,,1,1,0.001260781
benign_none_Outlook.pcap	tcp_1412,11,0,,0,0,0.99905217
benign_none_Outlook.pcap	tcp_1323,11,0,,0,0,0.99948996
benign_none_Outlook.pcap	tcp_2603,11,0,,0,0,0.9996723
benign_none_Outlook.pcap	tcp_958,11,0,,0,0,0.9997254
benign_none_Outlook.pcap	tcp_959,11,0,,0,0,0.99943256
benign_none_Outlook.pcap	tcp_960,11,0,,0,0,0.99951184
benign_none_Outlook.pcap	tcp_2442,11,0,,0,0,0.999626
benign_none_Outlook.pcap	tcp_1413,11,0,,0,0,0.99951625
benign_none_Outlook.pcap	tcp_963,11,0,,0,0,0.99946916
benign_none_Outlook.pcap	tcp_964,11,0,,0,0,0.99862266
benign_none_Outlook.pcap	tcp_2025,11,0,,0,0,0.9996246
benign_none_Outlook.pcap	tcp_1406,11,0,,0,0,0.99881387
benign_none_Outlook.pcap	tcp_2802,11,0,,0,0,0.9990283
benign_none_Outlook.pcap	tcp_1493,11,0,,0,0,0.99910176
benign_none_Outlook.pcap	tcp_2298,11,0,,0,0,0.99950683
benign_none_Outlook.pcap	tcp_1068,11,0,,0,0,0.99933136
benign_none_Outlook.pcap	tcp_2353,11,0,,0,0,0.99890417
benign_none_Outlook.pcap	tcp_2456,11,0,,0,0,0.9996165
benign_none_Outlook.pcap	tcp_2917,11,0,,0,0,0.9994432
benign_none_Outlook.pcap	tcp_2702,11,0,,0,0,0.99972194
benign_none_Outlook.pcap	tcp_1585,11,0,,0,0,0.99926585
benign_none_Outlook.pcap	tcp_1377,11,0,,0,0,0.9995344
benign_none_Outlook.pcap	tcp_2462,11,0,,0,0,0.9994161
benign_none_Outlook.pcap	tcp_983,11,0,,0,0,0.99909306
benign_none_Outlook.pcap	tcp_1458,11,0,,0,0,0.99915814
benign_none_Outlook.pcap	tcp_1909,11,0,,0,0,0.9994281
benign_none_Outlook.pcap	tcp_987,11,0,,0,0,0.9991804
benign_none_Outlook.pcap	tcp_1088,11,0,,0,0,0.9993873
benign_none_Outlook.pcap	tcp_990,11,0,,0,0,0.99897355
benign_none_Outlook.pcap	tcp_2654,11,0,,0,0,0.9991968
benign_none_Outlook.pcap	tcp_2516,11,0,,0,0,0.99948114
benign_none_Outlook.pcap	tcp_1426,11,0,,0,0,0.9991968
benign_none_Outlook.pcap	tcp_2806,11,0,,0,0,0.99884236
benign_none_Outlook.pcap	tcp_998,11,0,,0,0,0.9993734
benign_none_Outlook.pcap	tcp_1625,11,0,,0,0,0.99941325
benign_none_Skype.pcap	tcp_2781,14,0,,0,0,0.99948525
benign_none_Skype.pcap	tcp_2823,14,0,,0,0,0.9990784
benign_none_Skype.pcap	tcp_3,14,0,,0,0,0.9994823
benign_none_Skype.pcap	tcp_1444,14,0,,0,0,0.9989934
benign_none_Skype.pcap	tcp_2509,14,0,,0,0,0.99914885
benign_none_Skype.pcap	tcp_1374,14,0,,0,0,0.9995388
benign_none_Skype.pcap	tcp_2313,14,0,,0,0,0.9994733
benign_none_Skype.pcap	tcp_2203,14,0,,0,0,0.9995585
benign_none_Skype.pcap	tcp_9,14,0,,0,0,0.9995394
benign_none_Skype.pcap	tcp_10,14,0,,0,0,0.9993989
benign_none_Skype.pcap	tcp_2454,14,0,,0,0,0.99925035
benign_none_Skype.pcap	tcp_2659,14,0,,0,0,0.9991756
benign_none_Skype.pcap	tcp_2057,14,0,,0,0,0.9994873
benign_none_Skype.pcap	tcp_1517,14,0,,0,0,0.9994035
benign_none_Skype.pcap	tcp_18,14,0,,0,0,0.9930107
benign_none_Skype.pcap	tcp_20,14,0,,0,0,0.9923089
benign_none_Skype.pcap	tcp_2356,14,0,,0,0,0.9991014
benign_none_Skype.pcap	tcp_2533,14,0,,0,0,0.9995928
benign_none_Skype.pcap	tcp_2551,14,0,,0,0,0.99967265
benign_none_Skype.pcap	tcp_2104,14,0,,0,0,0.9995372
benign_none_Skype.pcap	tcp_2368,14,0,,0,0,0.99939966
benign_none_Skype.pcap	tcp_1907,14,0,,0,0,0.99916214
benign_none_Skype.pcap	tcp_27,14,0,,0,0,0.98373175
benign_none_Skype.pcap	tcp_2000,14,0,,0,0,0.99938405
benign_none_Skype.pcap	tcp_33,14,0,,0,0,0.9997205
benign_none_Skype.pcap	tcp_34,14,0,,0,0,0.999414
benign_none_Skype.pcap	tcp_2462,14,0,,0,0,0.99960095
benign_none_Skype.pcap	tcp_36,14,0,,0,0,0.9994824
benign_none_Skype.pcap	tcp_1678,14,0,,0,0,0.99932766
benign_none_Skype.pcap	tcp_1974,14,0,,0,0,0.99946994
benign_none_Skype.pcap	tcp_2282,14,0,,0,0,0.99952495
benign_none_Skype.pcap	tcp_2607,14,0,,0,0,0.99956113
benign_none_Skype.pcap	tcp_42,14,0,,0,0,0.9863901
benign_none_Skype.pcap	tcp_1003,14,0,,0,0,0.9996417
benign_none_Skype.pcap	tcp_2658,14,0,,0,0,0.99939626
benign_none_Skype.pcap	tcp_1400,14,0,,0,0,0.9994381
benign_none_Skype.pcap	tcp_46,14,0,,0,0,0.9714521
benign_none_Skype.pcap	tcp_2338,14,0,,0,0,0.99905974
benign_none_Skype.pcap	tcp_1274,14,0,,0,0,0.9994301
benign_none_Skype.pcap	tcp_1709,14,0,,0,0,0.99891067
benign_none_Skype.pcap	tcp_50,14,0,,0,0,0.98832965
benign_none_Skype.pcap	tcp_51,14,0,,0,0,0.99059755
benign_none_Skype.pcap	tcp_52,14,0,,0,0,0.9921182
benign_none_Skype.pcap	tcp_53,14,0,,0,0,0.98778075
benign_none_Skype.pcap	tcp_54,14,0,,0,0,0.9939032
benign_none_Skype.pcap	tcp_1791,14,0,,0,0,0.99955493
benign_none_Skype.pcap	tcp_56,14,0,,0,0,0.999175
benign_none_Skype.pcap	tcp_2455,14,0,,0,0,0.9981205
benign_none_Skype.pcap	tcp_2554,14,0,,0,0,0.99945325
benign_none_Skype.pcap	tcp_59,14,0,,0,0,0.9995241
benign_none_Skype.pcap	tcp_61,14,0,,0,0,0.99941087
benign_none_Skype.pcap	tcp_2738,14,0,,0,0,0.99971145
benign_none_Skype.pcap	tcp_1175,14,0,,0,0,0.9990788
benign_none_Skype.pcap	tcp_1009,14,0,,0,0,0.99943507
benign_none_Skype.pcap	tcp_1987,14,0,,0,0,0.99946576
benign_none_Skype.pcap	tcp_1212,14,0,,0,0,0.9991749
benign_none_Skype.pcap	tcp_67,14,0,,0,0,0.9991468
benign_none_Skype.pcap	tcp_1929,14,0,,0,0,0.99955344
benign_none_Skype.pcap	tcp_2393,14,1,Cc_5,0,0,0.99917346
benign_none_Skype.pcap	tcp_72,14,0,,0,0,0.9867177
benign_none_Skype.pcap	tcp_73,14,0,,0,0,0.999406
benign_none_Skype.pcap	tcp_1378,14,0,,0,0,0.99947006
benign_none_Skype.pcap	tcp_2639,14,0,,0,0,0.9992648
benign_none_Skype.pcap	tcp_1386,14,0,,0,0,0.9994185
benign_none_Skype.pcap	tcp_2229,14,0,,0,0,0.99899334
benign_none_Skype.pcap	tcp_2721,14,0,,0,0,0.99916315
benign_none_Skype.pcap	tcp_79,14,0,,0,0,0.99891484
benign_none_Skype.pcap	tcp_80,14,0,,0,0,0.9995843
benign_none_Skype.pcap	tcp_1946,14,0,,0,0,0.9994468
benign_none_Skype.pcap	tcp_2429,14,0,,0,0,0.9987525
benign_none_Skype.pcap	tcp_1786,14,0,,0,0,0.9995382
benign_none_Skype.pcap	tcp_1479,14,0,,0,0,0.9994527
benign_none_Skype.pcap	tcp_1724,14,0,,0,0,0.99922895
benign_none_Skype.pcap	tcp_1897,14,0,,0,0,0.9995049
benign_none_Skype.pcap	tcp_2887,14,0,,0,0,0.9995358
benign_none_Skype.pcap	tcp_1710,14,0,,0,0,0.99921405
benign_none_Skype.pcap	tcp_1372,14,0,,0,0,0.999187
benign_none_Skype.pcap	tcp_2293,14,0,,0,0,0.9995338
benign_none_Skype.pcap	tcp_98,14,0,,0,0,0.99968517
benign_none_Skype.pcap	tcp_2649,14,0,,0,0,0.99906
benign_none_Skype.pcap	tcp_2856,14,0,,0,0,0.99951744
benign_none_Skype.pcap	tcp_2615,14,0,,0,0,0.99954444
benign_none_Skype.pcap	tcp_104,14,0,,0,0,0.99919075
benign_none_Skype.pcap	tcp_2170,14,0,,0,0,0.99952334
benign_none_Skype.pcap	tcp_1749,14,0,,0,0,0.99954915
benign_none_Skype.pcap	tcp_107,14,0,,0,0,0.9994674
benign_none_Skype.pcap	tcp_1560,14,0,,0,0,0.99926776
benign_none_Skype.pcap	tcp_110,14,0,,0,0,0.99415785
benign_none_Skype.pcap	tcp_1409,14,0,,0,0,0.99936944
benign_none_Skype.pcap	tcp_1964,14,0,,0,0,0.9996979
benign_none_Skype.pcap	tcp_1228,14,0,,0,0,0.9993931
benign_none_Skype.pcap	tcp_2169,14,0,,0,0,0.99918157
benign_none_Skype.pcap	tcp_1249,14,0,,0,0,0.99908406
benign_none_Skype.pcap	tcp_118,14,0,,0,0,0.99191207
benign_none_Skype.pcap	tcp_1397,14,0,,0,0,0.9994875
benign_none_Skype.pcap	tcp_1848,14,0,,0,0,0.9997075
benign_none_Skype.pcap	tcp_1289,14,0,,0,0,0.9995515
benign_none_Skype.pcap	tcp_123,14,0,,0,0,0.9994856
benign_none_Skype.pcap	tcp_2524,14,0,,0,0,0.9997016
benign_none_Skype.pcap	tcp_125,14,0,,0,0,0.9995571
benign_none_Skype.pcap	tcp_129,14,0,,0,0,0.9960394
benign_none_Skype.pcap	tcp_2228,14,0,,0,0,0.99951243
benign_none_Skype.pcap	tcp_131,14,0,,0,0,0.9897465
benign_none_Skype.pcap	tcp_1979,14,0,,0,0,0.9994599
benign_none_Skype.pcap	tcp_2354,14,0,,0,0,0.99965036
benign_none_Skype.pcap	tcp_2317,14,0,,0,0,0.9993467
benign_none_Skype.pcap	tcp_1278,14,0,,0,0,0.99882036
benign_none_Skype.pcap	tcp_1839,14,0,,0,0,0.99955356
benign_none_Skype.pcap	tcp_137,14,0,,0,0,0.983435
benign_none_Skype.pcap	tcp_1020,14,0,,0,0,0.9993172
benign_none_Skype.pcap	tcp_139,14,0,,0,0,0.9874235
benign_none_Skype.pcap	tcp_1169,14,0,,0,0,0.99913305
benign_none_Skype.pcap	tcp_2517,14,0,,0,0,0.999253
benign_none_Skype.pcap	tcp_2035,14,0,,0,0,0.9994112
benign_none_Skype.pcap	tcp_1917,14,0,,0,0,0.99966383
benign_none_Skype.pcap	tcp_145,14,0,,0,0,0.9993449
benign_none_Skype.pcap	tcp_2511,14,0,,0,0,0.9992662
benign_none_Skype.pcap	tcp_1214,14,0,,0,0,0.9992895
benign_none_Skype.pcap	tcp_2817,14,0,,0,0,0.99973875
benign_none_Skype.pcap	tcp_150,14,0,,0,0,0.99949515
benign_none_Skype.pcap	tcp_1510,14,0,,0,0,0.99952614
benign_none_Skype.pcap	tcp_2223,14,0,,0,0,0.9992311
benign_none_Skype.pcap	tcp_1403,14,0,,0,0,0.99958277
benign_none_Skype.pcap	tcp_1434,14,0,,0,0,0.9996377
benign_none_Skype.pcap	tcp_156,14,0,,0,0,0.98906064
benign_none_Skype.pcap	tcp_1700,14,0,,0,0,0.99952006
benign_none_Skype.pcap	tcp_1858,14,0,,0,0,0.99946314
benign_none_Skype.pcap	tcp_1914,14,0,,0,0,0.99952847
benign_none_Skype.pcap	tcp_2405,14,0,,0,0,0.99945146
benign_none_Skype.pcap	tcp_161,14,0,,0,0,0.9919704
benign_none_Skype.pcap	tcp_162,14,0,,0,0,0.9849584
benign_none_Skype.pcap	tcp_1304,14,0,,0,0,0.99942625
benign_none_Skype.pcap	tcp_164,14,0,,0,0,0.9883079
benign_none_Skype.pcap	tcp_2078,14,0,,0,0,0.999518
benign_none_Skype.pcap	tcp_166,14,0,,0,0,0.9954406
benign_none_Skype.pcap	tcp_168,14,0,,0,0,0.99928963
benign_none_Skype.pcap	tcp_1059,14,0,,0,0,0.9991019
benign_none_Skype.pcap	tcp_2439,14,0,,0,0,0.99941236
benign_none_Skype.pcap	tcp_1931,14,0,,0,0,0.999537
benign_none_Skype.pcap	tcp_1968,14,0,,0,0,0.99921864
benign_none_Skype.pcap	tcp_2418,14,0,,0,0,0.999448
benign_none_Skype.pcap	tcp_1715,14,0,,0,0,0.9995095
benign_none_Skype.pcap	tcp_2195,14,0,,0,0,0.99947107
benign_none_Skype.pcap	tcp_2878,14,0,,0,0,0.999188
benign_none_Skype.pcap	tcp_2123,14,0,,0,0,0.9992125
benign_none_Skype.pcap	tcp_2283,14,0,,0,0,0.9995111
benign_none_Skype.pcap	tcp_1256,14,0,,0,0,0.9994874
benign_none_Skype.pcap	tcp_2631,14,0,,0,0,0.9994246
benign_none_Skype.pcap	tcp_2162,14,0,,0,0,0.9995567
benign_none_Skype.pcap	tcp_190,14,0,,0,0,0.9841217
benign_none_Skype.pcap	tcp_2052,14,0,,0,0,0.99966943
benign_none_Skype.pcap	tcp_2376,14,0,,0,0,0.9994876
benign_none_Skype.pcap	tcp_1123,14,0,,0,0,0.99908257
benign_none_Skype.pcap	tcp_194,14,0,,0,0,0.99952745
benign_none_Skype.pcap	tcp_2579,14,0,,0,0,0.9995059
benign_none_Skype.pcap	tcp_2599,14,0,,0,0,0.9993573
benign_none_Skype.pcap	tcp_1671,14,0,,0,0,0.9995047
benign_none_Skype.pcap	tcp_1918,14,0,,0,0,0.99957186
benign_none_Skype.pcap	tcp_1605,14,0,,0,0,0.99918574
benign_none_Skype.pcap	tcp_201,14,0,,0,0,0.9897529
benign_none_Skype.pcap	tcp_2857,14,0,,0,0,0.9995312
benign_none_Skype.pcap	tcp_2756,14,0,,0,0,0.9991141
benign_none_Skype.pcap	tcp_1615,14,0,,0,0,0.99938977
benign_none_Skype.pcap	tcp_205,14,0,,0,0,0.9996836
benign_none_Skype.pcap	tcp_2100,14,0,,0,0,0.9988944
benign_none_Skype.pcap	tcp_1689,14,0,,0,0,0.9995591
benign_none_Skype.pcap	tcp_1676,14,0,,0,0,0.99958414
benign_none_Skype.pcap	tcp_1751,14,0,,0,0,0.9994892
benign_none_Skype.pcap	tcp_1391,14,0,,0,0,0.9993318
benign_none_Skype.pcap	tcp_211,14,0,,0,0,0.97728205
benign_none_Skype.pcap	tcp_1128,14,0,,0,0,0.9991796
benign_none_Skype.pcap	tcp_2419,14,0,,0,0,0.99965584
benign_none_Skype.pcap	tcp_2740,14,0,,0,0,0.99950707
benign_none_Skype.pcap	tcp_217,14,0,,0,0,0.9803155
benign_none_Skype.pcap	tcp_1081,14,0,,0,0,0.99934345
benign_none_Skype.pcap	tcp_2434,14,0,,0,0,0.9995148
benign_none_Skype.pcap	tcp_1469,14,0,,0,0,0.9992292
benign_none_Skype.pcap	tcp_223,14,0,,0,0,0.9923694
benign_none_Skype.pcap	tcp_224,14,0,,0,0,0.99347955
benign_none_Skype.pcap	tcp_225,14,0,,0,0,0.99940443
benign_none_Skype.pcap	tcp_2009,14,0,,0,0,0.9995474
benign_none_Skype.pcap	tcp_2785,14,0,,0,0,0.99971884
benign_none_Skype.pcap	tcp_2560,14,0,,0,0,0.99954313
benign_none_Skype.pcap	tcp_1176,14,0,,0,0,0.99940866
benign_none_Skype.pcap	tcp_230,14,0,,0,0,0.99482465
benign_none_Skype.pcap	tcp_2258,14,0,,0,0,0.99959046
benign_none_Skype.pcap	tcp_233,14,0,,0,0,0.95859957
benign_none_Skype.pcap	tcp_2814,14,0,,0,0,0.99956316
benign_none_Skype.pcap	tcp_2742,14,0,,0,0,0.99952793
benign_none_Skype.pcap	tcp_1038,14,0,,0,0,0.9992869
benign_none_Skype.pcap	tcp_237,14,0,,0,0,0.9700511
benign_none_Skype.pcap	tcp_1896,14,0,,0,0,0.99918145
benign_none_Skype.pcap	tcp_2289,14,0,,0,0,0.99955183
benign_none_Skype.pcap	tcp_240,14,0,,0,0,0.99255645
benign_none_Skype.pcap	tcp_241,14,0,,0,0,0.9943988
benign_none_Skype.pcap	tcp_1838,14,0,,0,0,0.9994532
benign_none_Skype.pcap	tcp_1481,14,0,,0,0,0.9995648
benign_none_Skype.pcap	tcp_1338,14,0,,0,0,0.9992089
benign_none_Skype.pcap	tcp_246,14,0,,0,0,0.9996143
benign_none_Skype.pcap	tcp_248,14,0,,0,0,0.9995501
benign_none_Skype.pcap	tcp_249,14,0,,0,0,0.99910337
benign_none_Skype.pcap	tcp_2696,14,0,,0,0,0.9995832
benign_none_Skype.pcap	tcp_251,14,0,,0,0,0.9996704
benign_none_Skype.pcap	tcp_1420,14,0,,0,0,0.99948835
benign_none_Skype.pcap	tcp_1596,14,0,,0,0,0.999666
benign_none_Skype.pcap	tcp_2997,14,0,,0,0,0.99937755
benign_none_Skype.pcap	tcp_255,14,0,,0,0,0.9991934
benign_none_Skype.pcap	tcp_258,14,0,,0,0,0.99933296
benign_none_Skype.pcap	tcp_259,14,0,,0,0,0.99958056
benign_none_Skype.pcap	tcp_260,14,0,,0,0,0.99933535
benign_none_Skype.pcap	tcp_2620,14,0,,0,0,0.99949527
benign_none_Skype.pcap	tcp_2140,14,0,,0,0,0.9992864
benign_none_Skype.pcap	tcp_2166,14,0,,0,0,0.9995938
benign_none_Skype.pcap	tcp_268,14,0,,0,0,0.9994453
benign_none_Skype.pcap	tcp_269,14,0,,0,0,0.9991918
benign_none_Skype.pcap	tcp_2707,14,0,,0,0,0.9996358
benign_none_Skype.pcap	tcp_1396,14,0,,0,0,0.9995039
benign_none_Skype.pcap	tcp_2044,14,0,,0,0,0.99936074
benign_none_Skype.pcap	tcp_2211,14,0,,0,0,0.9991643
benign_none_Skype.pcap	tcp_2745,14,0,,0,0,0.99964094
benign_none_Skype.pcap	tcp_276,14,0,,0,0,0.9995572
benign_none_Skype.pcap	tcp_1520,14,0,,0,0,0.9990432
benign_none_Skype.pcap	tcp_278,14,0,,0,0,0.95481557
benign_none_Skype.pcap	tcp_279,14,0,,0,0,0.98271793
benign_none_Skype.pcap	tcp_2718,14,0,,0,0,0.99963975
benign_none_Skype.pcap	tcp_281,14,0,,0,0,0.9910042
benign_none_Skype.pcap	tcp_1547,14,0,,0,0,0.9983108
benign_none_Skype.pcap	tcp_1189,14,0,,0,0,0.99898726
benign_none_Skype.pcap	tcp_1976,14,0,,0,0,0.9994699
benign_none_Skype.pcap	tcp_2910,14,0,,0,0,0.9995055
benign_none_Skype.pcap	tcp_1546,14,0,,0,0,0.99915385
benign_none_Skype.pcap	tcp_289,14,0,,0,0,0.99947137
benign_none_Skype.pcap	tcp_2902,14,0,,0,0,0.99947315
benign_none_Skype.pcap	tcp_2831,14,0,,0,0,0.9996306
benign_none_Skype.pcap	tcp_2846,14,0,,0,0,0.9992269
benign_none_Skype.pcap	tcp_1476,14,0,,0,0,0.9994586
benign_none_Skype.pcap	tcp_2174,14,0,,0,0,0.9995017
benign_none_Skype.pcap	tcp_2841,14,0,,0,0,0.99922615
benign_none_Skype.pcap	tcp_2655,14,0,,0,0,0.9994628
benign_none_Skype.pcap	tcp_2151,14,0,,0,0,0.99942154
benign_none_Skype.pcap	tcp_1938,14,0,,0,0,0.99923164
benign_none_Skype.pcap	tcp_303,14,0,,0,0,0.99968195
benign_none_Skype.pcap	tcp_1328,14,0,,0,0,0.99961996
benign_none_Skype.pcap	tcp_2295,14,0,,0,0,0.9997551
benign_none_Skype.pcap	tcp_2451,14,0,,0,0,0.99901533
benign_none_Skype.pcap	tcp_1241,14,0,,0,0,0.999177
benign_none_Skype.pcap	tcp_1303,14,0,,0,0,0.99947196
benign_none_Skype.pcap	tcp_310,14,0,,0,0,0.99942875
benign_none_Skype.pcap	tcp_314,14,0,,0,0,0.9993735
benign_none_Skype.pcap	tcp_1028,14,0,,0,0,0.9990228
benign_none_Skype.pcap	tcp_2692,14,0,,0,0,0.99902445
benign_none_Skype.pcap	tcp_2748,14,0,,0,0,0.99942935
benign_none_Skype.pcap	tcp_1545,14,0,,0,0,0.99934214
benign_none_Skype.pcap	tcp_1939,14,0,,0,0,0.99947125
benign_none_Skype.pcap	tcp_1870,14,0,,0,0,0.9992149
benign_none_Skype.pcap	tcp_321,14,0,,0,0,0.9949902
benign_none_Skype.pcap	tcp_2775,14,0,,0,0,0.99950016
benign_none_Skype.pcap	tcp_2903,14,0,,0,0,0.99911404
benign_none_Skype.pcap	tcp_1287,14,0,,0,0,0.999673
benign_none_Skype.pcap	tcp_2344,14,0,,0,0,0.99910736
benign_none_Skype.pcap	tcp_326,14,0,,0,0,0.9991935
benign_none_Skype.pcap	tcp_327,14,0,,0,0,0.99943763
benign_none_Skype.pcap	tcp_328,14,0,,0,0,0.9992681
benign_none_Skype.pcap	tcp_329,14,0,,0,0,0.9994704
benign_none_Skype.pcap	tcp_2200,14,0,,0,0,0.99944705
benign_none_Skype.pcap	tcp_1631,14,0,,0,0,0.99907416
benign_none_Skype.pcap	tcp_333,14,0,,0,0,0.99876
benign_none_Skype.pcap	tcp_2905,14,0,,0,0,0.99943
benign_none_Skype.pcap	tcp_335,14,0,,0,0,0.9993765
benign_none_Skype.pcap	tcp_2415,14,0,,0,0,0.9991949
benign_none_Skype.pcap	tcp_2929,14,0,,0,0,0.99949324
benign_none_Skype.pcap	tcp_2982,14,0,,0,0,0.9992225
benign_none_Skype.pcap	tcp_1181,14,0,,0,0,0.9993344
benign_none_Skype.pcap	tcp_2933,14,0,,0,0,0.99945253
benign_none_Skype.pcap	tcp_341,14,0,,0,0,0.99422497
benign_none_Skype.pcap	tcp_1049,14,0,,0,0,0.99929833
benign_none_Skype.pcap	tcp_345,14,0,,0,0,0.99957323
benign_none_Skype.pcap	tcp_346,14,0,,0,0,0.9993482
benign_none_Skype.pcap	tcp_1630,14,0,,0,0,0.99941146
benign_none_Skype.pcap	tcp_2442,14,0,,0,0,0.99951386
benign_none_Skype.pcap	tcp_349,14,0,,0,0,0.9994541
benign_none_Skype.pcap	tcp_351,14,0,,0,0,0.9992054
benign_none_Skype.pcap	tcp_1840,14,0,,0,0,0.99924517
benign_none_Skype.pcap	tcp_1865,14,0,,0,0,0.99917084
benign_none_Skype.pcap	tcp_2995,14,0,,0,0,0.9994956
benign_none_Skype.pcap	tcp_1970,14,0,,0,0,0.99964935
benign_none_Skype.pcap	tcp_356,14,0,,0,0,0.9993636
benign_none_Skype.pcap	tcp_2333,14,0,,0,0,0.99918896
benign_none_Skype.pcap	tcp_358,14,0,,0,0,0.9995648
benign_none_Skype.pcap	tcp_2638,14,0,,0,0,0.9995703
benign_none_Skype.pcap	tcp_361,14,0,,0,0,0.9994957
benign_none_Skype.pcap	tcp_2008,14,0,,0,0,0.9995333
benign_none_Skype.pcap	tcp_364,14,0,,0,0,0.9994836
benign_none_Skype.pcap	tcp_1664,14,0,,0,0,0.99950826
benign_none_Skype.pcap	tcp_368,14,0,,0,0,0.99935424
benign_none_Skype.pcap	tcp_369,14,0,,0,0,0.99942076
benign_none_Skype.pcap	tcp_370,14,0,,0,0,0.99929166
benign_none_Skype.pcap	tcp_1824,14,0,,0,0,0.9994613
benign_none_Skype.pcap	tcp_2201,14,0,,0,0,0.99940634
benign_none_Skype.pcap	tcp_374,14,0,,0,0,0.99910545
benign_none_Skype.pcap	tcp_2519,14,0,,0,0,0.99967253
benign_none_Skype.pcap	tcp_2250,14,0,,0,0,0.9994634
benign_none_Skype.pcap	tcp_377,14,0,,0,0,0.99925005
benign_none_Skype.pcap	tcp_378,14,0,,0,0,0.9995739
benign_none_Skype.pcap	tcp_379,14,0,,0,0,0.99066585
benign_none_Skype.pcap	tcp_1281,14,0,,0,0,0.99958503
benign_none_Skype.pcap	tcp_1681,14,0,,0,0,0.9994422
benign_none_Skype.pcap	tcp_383,14,0,,0,0,0.9801988
benign_none_Skype.pcap	tcp_2482,14,0,,0,0,0.9990295
benign_none_Skype.pcap	tcp_1305,14,0,,0,0,0.99951243
benign_none_Skype.pcap	tcp_386,14,0,,0,0,0.9995006
benign_none_Skype.pcap	tcp_2766,14,0,,0,0,0.9996538
benign_none_Skype.pcap	tcp_391,14,0,,0,0,0.99482334
benign_none_Skype.pcap	tcp_2518,14,0,,0,0,0.99962056
benign_none_Skype.pcap	tcp_393,14,0,,0,0,0.96818966
benign_none_Skype.pcap	tcp_2861,14,0,,0,0,0.99950683
benign_none_Skype.pcap	tcp_1052,14,0,,0,0,0.99906063
benign_none_Skype.pcap	tcp_1620,14,0,,0,0,0.99940205
benign_none_Skype.pcap	tcp_397,14,0,,0,0,0.99932766
benign_none_Skype.pcap	tcp_1675,14,0,,0,0,0.99961215
benign_none_Skype.pcap	tcp_2431,14,0,,0,0,0.99945927
benign_none_Skype.pcap	tcp_2286,14,0,,0,0,0.9997059
benign_none_Skype.pcap	tcp_2357,14,0,,0,0,0.9997023
benign_none_Skype.pcap	tcp_403,14,0,,0,0,0.99961215
benign_none_Skype.pcap	tcp_404,14,0,,0,0,0.999198
benign_none_Skype.pcap	tcp_2534,14,0,,0,0,0.99943244
benign_none_Skype.pcap	tcp_1868,14,0,,0,0,0.9993979
benign_none_Skype.pcap	tcp_2834,14,0,,0,0,0.9996321
benign_none_Skype.pcap	tcp_1649,14,0,,0,0,0.998862
benign_none_Skype.pcap	tcp_410,14,0,,0,0,0.9996935
benign_none_Skype.pcap	tcp_1949,14,0,,0,0,0.9997096
benign_none_Skype.pcap	tcp_2717,14,0,,0,0,0.9994205
benign_none_Skype.pcap	tcp_1842,14,0,,0,0,0.99942446
benign_none_Skype.pcap	tcp_2914,14,0,,0,0,0.9992291
benign_none_Skype.pcap	tcp_415,14,0,,0,0,0.99064493
benign_none_Skype.pcap	tcp_1016,14,0,,0,0,0.99951446
benign_none_Skype.pcap	tcp_417,14,0,,0,0,0.991427
benign_none_Skype.pcap	tcp_418,14,0,,0,0,0.9868047
benign_none_Skype.pcap	tcp_419,14,0,,0,0,0.9826144
benign_none_Skype.pcap	tcp_2650,14,0,,0,0,0.9996227
benign_none_Skype.pcap	tcp_421,14,0,,0,0,0.9539167
benign_none_Skype.pcap	tcp_422,14,0,,0,0,0.9932351
benign_none_Skype.pcap	tcp_1876,14,0,,0,0,0.9996082
benign_none_Skype.pcap	tcp_1375,14,0,,0,0,0.9994387
benign_none_Skype.pcap	tcp_425,14,0,,0,0,0.9851777
benign_none_Skype.pcap	tcp_1568,14,0,,0,0,0.99968445
benign_none_Skype.pcap	tcp_2117,14,0,,0,0,0.99960285
benign_none_Skype.pcap	tcp_1279,14,0,,0,0,0.99918
benign_none_Skype.pcap	tcp_2281,14,0,,0,0,0.9995431
benign_none_Skype.pcap	tcp_2586,14,0,,0,0,0.9991203
benign_none_Skype.pcap	tcp_2505,14,0,,0,0,0.99962723
benign_none_Skype.pcap	tcp_434,14,0,,0,0,0.9994745
benign_none_Skype.pcap	tcp_1486,14,0,,0,0,0.9996382
benign_none_Skype.pcap	tcp_1460,14,0,,0,0,0.9994596
benign_none_Skype.pcap	tcp_1368,14,0,,0,0,0.9994146
benign_none_Skype.pcap	tcp_2542,14,0,,0,0,0.99943584
benign_none_Skype.pcap	tcp_440,14,0,,0,0,0.99920255
benign_none_Skype.pcap	tcp_1924,14,0,,0,0,0.99950397
benign_none_Skype.pcap	tcp_1178,14,0,,0,0,0.99888927
benign_none_Skype.pcap	tcp_2106,14,0,,0,0,0.9992333
benign_none_Skype.pcap	tcp_444,14,0,,0,0,0.99944556
benign_none_Skype.pcap	tcp_1068,14,0,,0,0,0.9992554
benign_none_Skype.pcap	tcp_2940,14,0,,0,0,0.9995599
benign_none_Skype.pcap	tcp_448,14,0,,0,0,0.99912626
benign_none_Skype.pcap	tcp_2806,14,0,,0,0,0.99922675
benign_none_Skype.pcap	tcp_2274,14,0,,0,0,0.999376
benign_none_Skype.pcap	tcp_451,14,0,,0,0,0.9990069
benign_none_Skype.pcap	tcp_1443,14,0,,0,0,0.9992545
benign_none_Skype.pcap	tcp_456,14,0,,0,0,0.99918056
benign_none_Skype.pcap	tcp_2355,14,0,,0,0,0.9994718
benign_none_Skype.pcap	tcp_1004,14,0,,0,0,0.999498
benign_none_Skype.pcap	tcp_1879,14,0,,0,0,0.99947363
benign_none_Skype.pcap	tcp_1440,14,0,,0,0,0.99952507
benign_none_Skype.pcap	tcp_461,14,0,,0,0,0.99921906
benign_none_Skype.pcap	tcp_1019,14,0,,0,0,0.9993798
benign_none_Skype.pcap	tcp_1307,14,0,,0,0,0.99949145
benign_none_Skype.pcap	tcp_2972,14,0,,0,0,0.99961096
benign_none_Skype.pcap	tcp_465,14,0,,0,0,0.999204
benign_none_Skype.pcap	tcp_1446,14,0,,0,0,0.99959594
benign_none_Skype.pcap	tcp_2331,14,0,,0,0,0.999508
benign_none_Skype.pcap	tcp_1642,14,0,,0,0,0.9985202
benign_none_Skype.pcap	tcp_469,14,0,,0,0,0.9990343
benign_none_Skype.pcap	tcp_470,14,0,,0,0,0.99916947
benign_none_Skype.pcap	tcp_471,14,0,,0,0,0.99912506
benign_none_Skype.pcap	tcp_472,14,0,,0,0,0.99930036
benign_none_Skype.pcap	tcp_473,14,0,,0,0,0.9994728
benign_none_Skype.pcap	tcp_1264,14,0,,0,0,0.99936455
benign_none_Skype.pcap	tcp_2499,14,0,,0,0,0.9993069
benign_none_Skype.pcap	tcp_476,14,0,,0,0,0.99924374
benign_none_Skype.pcap	tcp_477,14,0,,0,0,0.9973002
benign_none_Skype.pcap	tcp_478,14,0,,0,0,0.9994492
benign_none_Skype.pcap	tcp_2548,14,0,,0,0,0.9995264
benign_none_Skype.pcap	tcp_481,14,0,,0,0,0.99908686
benign_none_Skype.pcap	tcp_482,14,0,,0,0,0.99932957
benign_none_Skype.pcap	tcp_2039,14,0,,0,0,0.99944454
benign_none_Skype.pcap	tcp_2102,14,0,,0,0,0.99942636
benign_none_Skype.pcap	tcp_2523,14,0,,0,0,0.9994929
benign_none_Skype.pcap	tcp_2024,14,0,,0,0,0.99917537
benign_none_Skype.pcap	tcp_2559,14,0,,0,0,0.9996718
benign_none_Skype.pcap	tcp_2689,14,0,,0,0,0.9996755
benign_none_Skype.pcap	tcp_490,14,0,,0,0,0.9994523
benign_none_Skype.pcap	tcp_1619,14,0,,0,0,0.9994935
benign_none_Skype.pcap	tcp_2460,14,0,,0,0,0.9994631
benign_none_Skype.pcap	tcp_2111,14,0,,0,0,0.9996382
benign_none_Skype.pcap	tcp_495,14,0,,0,0,0.999507
benign_none_Skype.pcap	tcp_2603,14,0,,0,0,0.99919516
benign_none_Skype.pcap	tcp_2993,14,0,,0,0,0.9995735
benign_none_Skype.pcap	tcp_498,14,0,,0,0,0.99920636
benign_none_Skype.pcap	tcp_2975,14,0,,0,0,0.9994723
benign_none_Skype.pcap	tcp_1428,14,0,,0,0,0.9994921
benign_none_Skype.pcap	tcp_501,14,0,,0,0,0.9996301
benign_none_Skype.pcap	tcp_1048,14,0,,0,0,0.99894494
benign_none_Skype.pcap	tcp_2955,14,0,,0,0,0.999229
benign_none_Skype.pcap	tcp_505,14,0,,0,0,0.9991834
benign_none_Skype.pcap	tcp_508,14,0,,0,0,0.9996333
benign_none_Skype.pcap	tcp_509,14,0,,0,0,0.9996154
benign_none_Skype.pcap	tcp_2893,14,0,,0,0,0.999617
benign_none_Skype.pcap	tcp_2855,14,0,,0,0,0.99966323
benign_none_Skype.pcap	tcp_1981,14,0,,0,0,0.99920034
benign_none_Skype.pcap	tcp_2749,14,0,,0,0,0.9994596
benign_none_Skype.pcap	tcp_2714,14,0,,0,0,0.9994924
benign_none_Skype.pcap	tcp_519,14,0,,0,0,0.9995241
benign_none_Skype.pcap	tcp_2670,14,0,,0,0,0.9992561
benign_none_Skype.pcap	tcp_521,14,0,,0,0,0.9994933
benign_none_Skype.pcap	tcp_522,14,0,,0,0,0.9995017
benign_none_Skype.pcap	tcp_523,14,0,,0,0,0.9995804
benign_none_Skype.pcap	tcp_2528,14,0,,0,0,0.9995417
benign_none_Skype.pcap	tcp_2097,14,0,,0,0,0.9996712
benign_none_Skype.pcap	tcp_1419,14,0,,0,0,0.99914145
benign_none_Skype.pcap	tcp_1430,14,0,,0,0,0.9995689
benign_none_Skype.pcap	tcp_528,14,0,,0,0,0.9935214
benign_none_Skype.pcap	tcp_530,14,0,,0,0,0.99919003
benign_none_Skype.pcap	tcp_531,14,0,,0,0,0.99773103
benign_none_Skype.pcap	tcp_1217,14,0,,0,0,0.99900645
benign_none_Skype.pcap	tcp_2109,14,0,,0,0,0.99965763
benign_none_Skype.pcap	tcp_1121,14,0,,0,0,0.99872893
benign_none_Skype.pcap	tcp_2792,14,0,,0,0,0.99951077
benign_none_Skype.pcap	tcp_2470,14,0,,0,0,0.9994428
benign_none_Skype.pcap	tcp_1962,14,0,,0,0,0.999389
benign_none_Skype.pcap	tcp_1459,14,0,,0,0,0.9995001
benign_none_Skype.pcap	tcp_2757,14,0,,0,0,0.99934155
benign_none_Skype.pcap	tcp_2807,14,0,,0,0,0.9993819
benign_none_Skype.pcap	tcp_1771,14,0,,0,0,0.9992054
benign_none_Skype.pcap	tcp_1882,14,0,,0,0,0.99963737
benign_none_Skype.pcap	tcp_544,14,0,,0,0,0.99961424
benign_none_Skype.pcap	tcp_545,14,0,,0,0,0.9991731
benign_none_Skype.pcap	tcp_546,14,0,,0,0,0.9994483
benign_none_Skype.pcap	tcp_1227,14,0,,0,0,0.9991376
benign_none_Skype.pcap	tcp_548,14,0,,0,0,0.9996511
benign_none_Skype.pcap	tcp_1291,14,0,,0,0,0.99938464
benign_none_Skype.pcap	tcp_550,14,0,,0,0,0.98375064
benign_none_Skype.pcap	tcp_2051,14,0,,0,0,0.9992375
benign_none_Skype.pcap	tcp_1889,14,0,,0,0,0.9992316
benign_none_Skype.pcap	tcp_2685,14,0,,0,0,0.9992072
benign_none_Skype.pcap	tcp_555,14,0,,0,0,0.9994498
benign_none_Skype.pcap	tcp_556,14,0,,0,0,0.9991888
benign_none_Skype.pcap	tcp_558,14,0,,0,0,0.9984148
benign_none_Skype.pcap	tcp_559,14,0,,0,0,0.98975945
benign_none_Skype.pcap	tcp_2414,14,0,,0,0,0.9996339
benign_none_Skype.pcap	tcp_561,14,0,,0,0,0.9993204
benign_none_Skype.pcap	tcp_2506,14,0,,0,0,0.999159
benign_none_Skype.pcap	tcp_1948,14,0,,0,0,0.9996321
benign_none_Skype.pcap	tcp_1183,14,0,,0,0,0.9992244
benign_none_Skype.pcap	tcp_1340,14,1,Cc_5,0,0,0.99934286
benign_none_Skype.pcap	tcp_1485,14,0,,0,0,0.99951184
benign_none_Skype.pcap	tcp_2892,14,0,,0,0,0.99967873
benign_none_Skype.pcap	tcp_1224,14,0,,0,0,0.99932635
benign_none_Skype.pcap	tcp_570,14,0,,0,0,0.9995017
benign_none_Skype.pcap	tcp_2337,14,0,,0,0,0.9992285
benign_none_Skype.pcap	tcp_2800,14,0,,0,0,0.99955153
benign_none_Skype.pcap	tcp_2672,14,0,,0,0,0.99949694
benign_none_Skype.pcap	tcp_2610,14,0,,0,0,0.9990103
benign_none_Skype.pcap	tcp_2300,14,0,,0,0,0.9992487
benign_none_Skype.pcap	tcp_1559,14,0,,0,0,0.9991786
benign_none_Skype.pcap	tcp_2118,14,0,,0,0,0.99935776
benign_none_Skype.pcap	tcp_578,14,0,,0,0,0.9991432
benign_none_Skype.pcap	tcp_579,14,0,,0,0,0.99946755
benign_none_Skype.pcap	tcp_2679,14,0,,0,0,0.9995165
benign_none_Skype.pcap	tcp_1535,14,0,,0,0,0.9995528
benign_none_Skype.pcap	tcp_582,14,0,,0,0,0.9947731
benign_none_Skype.pcap	tcp_583,14,0,,0,0,0.9991577
benign_none_Skype.pcap	tcp_585,14,0,,0,0,0.9989672
benign_none_Skype.pcap	tcp_586,14,0,,0,0,0.9992198
benign_none_Skype.pcap	tcp_587,14,0,,0,0,0.9988752
benign_none_Skype.pcap	tcp_1219,14,0,,0,0,0.9989265
benign_none_Skype.pcap	tcp_1185,14,0,,0,0,0.9991235
benign_none_Skype.pcap	tcp_1333,14,0,,0,0,0.9993637
benign_none_Skype.pcap	tcp_592,14,0,,0,0,0.99965847
benign_none_Skype.pcap	tcp_2782,14,0,,0,0,0.9994437
benign_none_Skype.pcap	tcp_2961,14,0,,0,0,0.9994867
benign_none_Skype.pcap	tcp_2492,14,0,,0,0,0.9994921
benign_none_Skype.pcap	tcp_2193,14,0,,0,0,0.9993925
benign_none_Skype.pcap	tcp_601,14,0,,0,0,0.9909136
benign_none_Skype.pcap	tcp_2334,14,0,,0,0,0.9994487
benign_none_Skype.pcap	tcp_1799,14,0,,0,0,0.9994504
benign_none_Skype.pcap	tcp_2238,14,0,,0,0,0.9990682
benign_none_Skype.pcap	tcp_2813,14,0,,0,0,0.9991071
benign_none_Skype.pcap	tcp_2939,14,0,,0,0,0.99920684
benign_none_Skype.pcap	tcp_2335,14,0,,0,0,0.9992094
benign_none_Skype.pcap	tcp_608,14,0,,0,0,0.9995621
benign_none_Skype.pcap	tcp_1562,14,0,,0,0,0.9994802
benign_none_Skype.pcap	tcp_610,14,0,,0,0,0.99958354
benign_none_Skype.pcap	tcp_611,14,0,,0,0,0.9992095
benign_none_Skype.pcap	tcp_2941,14,0,,0,0,0.9995128
benign_none_Skype.pcap	tcp_613,14,0,,0,0,0.99951273
benign_none_Skype.pcap	tcp_614,14,0,,0,0,0.99955624
benign_none_Skype.pcap	tcp_2299,14,0,,0,0,0.9995916
benign_none_Skype.pcap	tcp_2976,14,0,,0,0,0.9994044
benign_none_Skype.pcap	tcp_2635,14,0,,0,0,0.99954224
benign_none_Skype.pcap	tcp_2391,14,0,,0,0,0.9992998
benign_none_Skype.pcap	tcp_2925,14,0,,0,0,0.9995008
benign_none_Skype.pcap	tcp_1523,14,0,,0,0,0.9992786
benign_none_Skype.pcap	tcp_621,14,0,,0,0,0.99936444
benign_none_Skype.pcap	tcp_622,14,0,,0,0,0.99959284
benign_none_Skype.pcap	tcp_1905,14,0,,0,0,0.99968386
benign_none_Skype.pcap	tcp_2713,14,0,,0,0,0.9995052
benign_none_Skype.pcap	tcp_625,14,0,,0,0,0.9994734
benign_none_Skype.pcap	tcp_628,14,0,,0,0,0.99950194
benign_none_Skype.pcap	tcp_629,14,0,,0,0,0.99946404
benign_none_Skype.pcap	tcp_1792,14,0,,0,0,0.9995245
benign_none_Skype.pcap	tcp_1324,14,0,,0,0,0.99901545
benign_none_Skype.pcap	tcp_1593,14,0,,0,0,0.9993438
benign_none_Skype.pcap	tcp_635,14,0,,0,0,0.99954563
benign_none_Skype.pcap	tcp_2945,14,0,,0,0,0.99967957
benign_none_Skype.pcap	tcp_637,14,0,,0,0,0.9993361
benign_none_Skype.pcap	tcp_638,14,0,,0,0,0.99603885
benign_none_Skype.pcap	tcp_1133,14,0,,0,0,0.9994534
benign_none_Skype.pcap	tcp_641,14,0,,0,0,0.9996636
benign_none_Skype.pcap	tcp_1564,14,0,,0,0,0.99953306
benign_none_Skype.pcap	tcp_1945,14,0,,0,0,0.9995066
benign_none_Skype.pcap	tcp_645,14,0,,0,0,0.9996031
benign_none_Skype.pcap	tcp_2265,14,0,,0,0,0.99955994
benign_none_Skype.pcap	tcp_648,14,0,,0,0,0.9994155
benign_none_Skype.pcap	tcp_649,14,0,,0,0,0.999478
benign_none_Skype.pcap	tcp_1693,14,0,,0,0,0.999485
benign_none_Skype.pcap	tcp_652,14,0,,0,0,0.99952364
benign_none_Skype.pcap	tcp_1971,14,0,,0,0,0.9995565
benign_none_Skype.pcap	tcp_654,14,0,,0,0,0.9994702
benign_none_Skype.pcap	tcp_656,14,0,,0,0,0.9995621
benign_none_Skype.pcap	tcp_1027,14,0,,0,0,0.99902475
benign_none_Skype.pcap	tcp_1909,14,0,,0,0,0.9990759
benign_none_Skype.pcap	tcp_1292,14,0,,0,0,0.99944854
benign_none_Skype.pcap	tcp_662,14,0,,0,0,0.98812693
benign_none_Skype.pcap	tcp_2710,14,0,,0,0,0.99955004
benign_none_Skype.pcap	tcp_665,14,0,,0,0,0.99896395
benign_none_Skype.pcap	tcp_666,14,0,,0,0,0.9991353
benign_none_Skype.pcap	tcp_2495,14,0,,0,0,0.999605
benign_none_Skype.pcap	tcp_668,14,0,,0,0,0.99941194
benign_none_Skype.pcap	tcp_669,14,0,,0,0,0.9890431
benign_none_Skype.pcap	tcp_2072,14,0,,0,0,0.99928135
benign_none_Skype.pcap	tcp_672,14,0,,0,0,0.99911994
benign_none_Skype.pcap	tcp_2541,14,0,,0,0,0.9992441
benign_none_Skype.pcap	tcp_674,14,0,,0,0,0.99956775
benign_none_Skype.pcap	tcp_675,14,0,,0,0,0.99912256
benign_none_Skype.pcap	tcp_1616,14,0,,0,0,0.9994885
benign_none_Skype.pcap	tcp_1531,14,0,,0,0,0.99912375
benign_none_Skype.pcap	tcp_2918,14,0,,0,0,0.99825567
benign_none_Skype.pcap	tcp_2234,14,0,,0,0,0.9994746
benign_none_Skype.pcap	tcp_683,14,0,,0,0,0.9988381
benign_none_Skype.pcap	tcp_685,14,0,,0,0,0.99921024
benign_none_Skype.pcap	tcp_1024,14,0,,0,0,0.9989668
benign_none_Skype.pcap	tcp_1628,14,0,,0,0,0.9994358
benign_none_Skype.pcap	tcp_1883,14,0,,0,0,0.99950767
benign_none_Skype.pcap	tcp_1695,14,0,,0,0,0.99933296
benign_none_Skype.pcap	tcp_1548,14,0,,0,0,0.9992564
benign_none_Skype.pcap	tcp_1975,14,0,,0,0,0.999539
benign_none_Skype.pcap	tcp_2731,14,0,,0,0,0.9995721
benign_none_Skype.pcap	tcp_2411,14,0,,0,0,0.9996414
benign_none_Skype.pcap	tcp_2627,14,0,,0,0,0.99966323
benign_none_Skype.pcap	tcp_1844,14,0,,0,0,0.99943125
benign_none_Skype.pcap	tcp_698,14,1,Cc_5,0,0,0.99919605
benign_none_Skype.pcap	tcp_1609,14,0,,0,0,0.99938834
benign_none_Skype.pcap	tcp_1172,14,0,,0,0,0.9989201
benign_none_Skype.pcap	tcp_1399,14,0,,0,0,0.9995327
benign_none_Skype.pcap	tcp_2770,14,0,,0,0,0.9995394
benign_none_Skype.pcap	tcp_1295,14,0,,0,0,0.99918836
benign_none_Skype.pcap	tcp_2724,14,0,,0,0,0.9992602
benign_none_Skype.pcap	tcp_2578,14,0,,0,0,0.999491
benign_none_Skype.pcap	tcp_707,14,0,,0,0,0.99946165
benign_none_Skype.pcap	tcp_1146,14,0,,0,0,0.9992084
benign_none_Skype.pcap	tcp_1029,14,0,,0,0,0.99898005
benign_none_Skype.pcap	tcp_710,14,0,,0,0,0.99930423
benign_none_Skype.pcap	tcp_711,14,0,,0,0,0.9992029
benign_none_Skype.pcap	tcp_1768,14,0,,0,0,0.9995283
benign_none_Skype.pcap	tcp_2596,14,0,,0,0,0.99964267
benign_none_Skype.pcap	tcp_2087,14,0,,0,0,0.9995868
benign_none_Skype.pcap	tcp_2553,14,0,,0,0,0.9991955
benign_none_Skype.pcap	tcp_1538,14,0,,0,0,0.99938023
benign_none_Skype.pcap	tcp_2424,14,0,,0,0,0.9995445
benign_none_Skype.pcap	tcp_1991,14,0,,0,0,0.99926883
benign_none_Skype.pcap	tcp_720,14,0,,0,0,0.9989892
benign_none_Skype.pcap	tcp_1758,14,0,,0,0,0.9995078
benign_none_Skype.pcap	tcp_2003,14,0,,0,0,0.9996337
benign_none_Skype.pcap	tcp_725,14,0,,0,0,0.9995098
benign_none_Skype.pcap	tcp_726,14,0,,0,0,0.999585
benign_none_Skype.pcap	tcp_727,14,0,,0,0,0.9995877
benign_none_Skype.pcap	tcp_2257,14,0,,0,0,0.9991671
benign_none_Skype.pcap	tcp_1330,14,0,,0,0,0.99945027
benign_none_Skype.pcap	tcp_1723,14,0,,0,0,0.999244
benign_none_Skype.pcap	tcp_733,14,0,,0,0,0.99934024
benign_none_Skype.pcap	tcp_2889,14,0,,0,0,0.9995784
benign_none_Skype.pcap	tcp_1807,14,0,,0,0,0.9995192
benign_none_Skype.pcap	tcp_737,14,0,,0,0,0.98548996
benign_none_Skype.pcap	tcp_1141,14,0,,0,0,0.99898255
benign_none_Skype.pcap	tcp_1345,14,0,,0,0,0.99937785
benign_none_Skype.pcap	tcp_2033,14,0,,0,0,0.9995784
benign_none_Skype.pcap	tcp_2341,14,0,,0,0,0.9996283
benign_none_Skype.pcap	tcp_2469,14,0,,0,0,0.9995105
benign_none_Skype.pcap	tcp_2399,14,0,,0,0,0.99923223
benign_none_Skype.pcap	tcp_2461,14,0,,0,0,0.9995097
benign_none_Skype.pcap	tcp_745,14,0,,0,0,0.999721
benign_none_Skype.pcap	tcp_1058,14,0,,0,0,0.9990664
benign_none_Skype.pcap	tcp_748,14,0,,0,0,0.9994932
benign_none_Skype.pcap	tcp_2060,14,0,,0,0,0.99915767
benign_none_Skype.pcap	tcp_2030,14,0,,0,0,0.9993805
benign_none_Skype.pcap	tcp_2400,14,0,,0,0,0.9994773
benign_none_Skype.pcap	tcp_1243,14,0,,0,0,0.99921525
benign_none_Skype.pcap	tcp_2521,14,0,,0,0,0.99915415
benign_none_Skype.pcap	tcp_2746,14,0,,0,0,0.9995128
benign_none_Skype.pcap	tcp_2779,14,0,,0,0,0.999231
benign_none_Skype.pcap	tcp_2269,14,0,,0,0,0.9996191
benign_none_Skype.pcap	tcp_2438,14,0,,0,0,0.9994361
benign_none_Skype.pcap	tcp_760,14,0,,0,0,0.99952245
benign_none_Skype.pcap	tcp_761,14,0,,0,0,0.99942017
benign_none_Skype.pcap	tcp_1354,14,0,,0,0,0.99949604
benign_none_Skype.pcap	tcp_2642,14,0,,0,0,0.9994561
benign_none_Skype.pcap	tcp_765,14,0,,0,0,0.9997262
benign_none_Skype.pcap	tcp_766,14,0,,0,0,0.9992206
benign_none_Skype.pcap	tcp_1621,14,0,,0,0,0.9992554
benign_none_Skype.pcap	tcp_1161,14,0,,0,0,0.99902153
benign_none_Skype.pcap	tcp_1544,14,0,,0,0,0.9993331
benign_none_Skype.pcap	tcp_2407,14,0,,0,0,0.9996218
benign_none_Skype.pcap	tcp_1465,14,0,,0,0,0.9995552
benign_none_Skype.pcap	tcp_772,14,0,,0,0,0.99969006
benign_none_Skype.pcap	tcp_775,14,0,,0,0,0.9995012
benign_none_Skype.pcap	tcp_1448,14,0,,0,0,0.9994935
benign_none_Skype.pcap	tcp_2535,14,0,,0,0,0.9986218
benign_none_Skype.pcap	tcp_2215,14,0,,0,0,0.9995407
benign_none_Skype.pcap	tcp_1000,14,0,,0,0,0.99918705
benign_none_Skype.pcap	tcp_1046,14,0,,0,0,0.9995759
benign_none_Skype.pcap	tcp_1682,14,0,,0,0,0.99956036
benign_none_Skype.pcap	tcp_2711,14,0,,0,0,0.99973315
benign_none_Skype.pcap	tcp_785,14,0,,0,0,0.99956864
benign_none_Skype.pcap	tcp_1471,14,0,,0,0,0.99956656
benign_none_Skype.pcap	tcp_1351,14,0,,0,0,0.99950814
benign_none_Skype.pcap	tcp_2621,14,0,,0,0,0.9994658
benign_none_Skype.pcap	tcp_2342,14,0,,0,0,0.99917704
benign_none_Skype.pcap	tcp_790,14,0,,0,0,0.999257
benign_none_Skype.pcap	tcp_2386,14,0,,0,0,0.99936074
benign_none_Skype.pcap	tcp_1704,14,0,,0,0,0.999162
benign_none_Skype.pcap	tcp_793,14,0,,0,0,0.9995092
benign_none_Skype.pcap	tcp_2829,14,0,,0,0,0.99946946
benign_none_Skype.pcap	tcp_1407,14,0,,0,0,0.9988418
benign_none_Skype.pcap	tcp_801,14,0,,0,0,0.99916947
benign_none_Skype.pcap	tcp_2870,14,0,,0,0,0.999476
benign_none_Skype.pcap	tcp_804,14,0,,0,0,0.99881625
benign_none_Skype.pcap	tcp_1113,14,0,,0,0,0.99899584
benign_none_Skype.pcap	tcp_1144,14,0,,0,0,0.9995036
benign_none_Skype.pcap	tcp_2678,14,0,,0,0,0.9994344
benign_none_Skype.pcap	tcp_2555,14,0,,0,0,0.99946827
benign_none_Skype.pcap	tcp_809,14,0,,0,0,0.9995538
benign_none_Skype.pcap	tcp_810,14,0,,0,0,0.99949074
benign_none_Skype.pcap	tcp_1159,14,0,,0,0,0.99955547
benign_none_Skype.pcap	tcp_1192,14,0,,0,0,0.9989914
benign_none_Skype.pcap	tcp_1856,14,0,,0,0,0.9992577
benign_none_Skype.pcap	tcp_814,14,0,,0,0,0.9994886
benign_none_Skype.pcap	tcp_815,14,0,,0,0,0.9996357
benign_none_Skype.pcap	tcp_1213,14,0,,0,0,0.99942076
benign_none_Skype.pcap	tcp_817,14,0,,0,0,0.99956924
benign_none_Skype.pcap	tcp_1097,14,0,,0,0,0.9990512
benign_none_Skype.pcap	tcp_1449,14,0,,0,0,0.999707
benign_none_Skype.pcap	tcp_2969,14,0,,0,0,0.9994111
benign_none_Skype.pcap	tcp_2251,14,0,,0,0,0.9993798
benign_none_Skype.pcap	tcp_824,14,0,,0,0,0.9995402
benign_none_Skype.pcap	tcp_825,14,0,,0,0,0.99938244
benign_none_Skype.pcap	tcp_2699,14,0,,0,0,0.99949974
benign_none_Skype.pcap	tcp_827,14,0,,0,0,0.9995419
benign_none_Skype.pcap	tcp_2778,14,0,,0,0,0.9994653
benign_none_Skype.pcap	tcp_1197,14,0,,0,0,0.99858165
benign_none_Skype.pcap	tcp_830,14,0,,0,0,0.98135847
benign_none_Skype.pcap	tcp_833,14,0,,0,0,0.9992586
benign_none_Skype.pcap	tcp_834,14,0,,0,0,0.99914837
benign_none_Skype.pcap	tcp_2366,14,0,,0,0,0.9994105
benign_none_Skype.pcap	tcp_1744,14,0,,0,0,0.9996995
benign_none_Skype.pcap	tcp_2214,14,0,,0,0,0.9996358
benign_none_Skype.pcap	tcp_840,14,0,,0,0,0.999293
benign_none_Skype.pcap	tcp_841,14,0,,0,0,0.9992876
benign_none_Skype.pcap	tcp_842,14,0,,0,0,0.9991061
benign_none_Skype.pcap	tcp_1482,14,0,,0,0,0.99958265
benign_none_Skype.pcap	tcp_2421,14,0,,0,0,0.9997259
benign_none_Skype.pcap	tcp_845,14,0,,0,0,0.9990989
benign_none_Skype.pcap	tcp_2168,14,0,,0,0,0.9996234
benign_none_Skype.pcap	tcp_2345,14,0,,0,0,0.9994462
benign_none_Skype.pcap	tcp_2192,14,0,,0,0,0.9994517
benign_none_Skype.pcap	tcp_850,14,0,,0,0,0.99941665
benign_none_Skype.pcap	tcp_851,14,0,,0,0,0.9990469
benign_none_Skype.pcap	tcp_2776,14,0,,0,0,0.99960047
benign_none_Skype.pcap	tcp_855,14,0,,0,0,0.99921507
benign_none_Skype.pcap	tcp_858,14,0,,0,0,0.9994442
benign_none_Skype.pcap	tcp_2869,14,0,,0,0,0.99909794
benign_none_Skype.pcap	tcp_1118,14,0,,0,0,0.9990151
benign_none_Skype.pcap	tcp_861,14,0,,0,0,0.9992332
benign_none_Skype.pcap	tcp_2891,14,0,,0,0,0.9996111
benign_none_Skype.pcap	tcp_864,14,0,,0,0,0.99922544
benign_none_Skype.pcap	tcp_1225,14,0,,0,0,0.99895644
benign_none_Skype.pcap	tcp_2392,14,0,,0,0,0.9995039
benign_none_Skype.pcap	tcp_870,14,0,,0,0,0.9992504
benign_none_Skype.pcap	tcp_1491,14,0,,0,0,0.99918014
benign_none_Skype.pcap	tcp_872,14,0,,0,0,0.9990795
benign_none_Skype.pcap	tcp_1503,14,0,,0,0,0.9996779
benign_none_Skype.pcap	tcp_2944,14,0,,0,0,0.99948126
benign_none_Skype.pcap	tcp_876,14,0,,0,0,0.9990494
benign_none_Skype.pcap	tcp_1956,14,0,,0,0,0.9994253
benign_none_Skype.pcap	tcp_1320,14,0,,0,0,0.99922603
benign_none_Skype.pcap	tcp_2614,14,0,,0,0,0.99951386
benign_none_Skype.pcap	tcp_1191,14,0,,0,0,0.9991292
benign_none_Skype.pcap	tcp_883,14,0,,0,0,0.99913895
benign_none_Skype.pcap	tcp_887,14,0,,0,0,0.9975725
benign_none_Skype.pcap	tcp_2771,14,0,,0,0,0.9995328
benign_none_Skype.pcap	tcp_889,14,0,,0,0,0.9991211
benign_none_Skype.pcap	tcp_1533,14,0,,0,0,0.9995696
benign_none_Skype.pcap	tcp_892,14,0,,0,0,0.99918133
benign_none_Skype.pcap	tcp_1348,14,0,,0,0,0.99956596
benign_none_Skype.pcap	tcp_895,14,0,,0,0,0.99922
benign_none_Skype.pcap	tcp_1492,14,0,,0,0,0.99934596
benign_none_Skype.pcap	tcp_898,14,0,,0,0,0.9991449
benign_none_Skype.pcap	tcp_899,14,0,,0,0,0.9994369
benign_none_Skype.pcap	tcp_1659,14,0,,0,0,0.99936074
benign_none_Skype.pcap	tcp_1193,14,0,,0,0,0.9989881
benign_none_Skype.pcap	tcp_1250,14,0,,0,0,0.99876994
benign_none_Skype.pcap	tcp_1854,14,0,,0,0,0.9994723
benign_none_Skype.pcap	tcp_2787,14,0,,0,0,0.99950385
benign_none_Skype.pcap	tcp_908,14,0,,0,0,0.9995221
benign_none_Skype.pcap	tcp_909,14,0,,0,0,0.9995997
benign_none_Skype.pcap	tcp_910,14,0,,0,0,0.99946016
benign_none_Skype.pcap	tcp_911,14,0,,0,0,0.9995977
benign_none_Skype.pcap	tcp_1827,14,0,,0,0,0.99949074
benign_none_Skype.pcap	tcp_913,14,0,,0,0,0.9994704
benign_none_Skype.pcap	tcp_1859,14,0,,0,0,0.99951434
benign_none_Skype.pcap	tcp_915,14,0,,0,0,0.99969566
benign_none_Skype.pcap	tcp_2137,14,0,,0,0,0.9995049
benign_none_Skype.pcap	tcp_917,14,0,,0,0,0.999478
benign_none_Skype.pcap	tcp_2646,14,0,,0,0,0.99948776
benign_none_Skype.pcap	tcp_2125,14,0,,0,0,0.9995001
benign_none_Skype.pcap	tcp_1778,14,0,,0,0,0.99952334
benign_none_Skype.pcap	tcp_921,14,0,,0,0,0.9995647
benign_none_Skype.pcap	tcp_922,14,0,,0,0,0.99921703
benign_none_Skype.pcap	tcp_2604,14,0,,0,0,0.99934274
benign_none_Skype.pcap	tcp_1015,14,0,,0,0,0.9995227
benign_none_Skype.pcap	tcp_1031,14,0,,0,0,0.99916387
benign_none_Skype.pcap	tcp_928,14,0,,0,0,0.99945205
benign_none_Skype.pcap	tcp_1001,14,0,,0,0,0.99941957
benign_none_Skype.pcap	tcp_2327,14,0,,0,0,0.9995168
benign_none_Skype.pcap	tcp_2769,14,1,Cc_5,0,0,0.99945223
benign_none_Skype.pcap	tcp_2324,14,0,,0,0,0.9995938
benign_none_Skype.pcap	tcp_934,14,0,,0,0,0.99957913
benign_none_Skype.pcap	tcp_935,14,0,,0,0,0.9995358
benign_none_Skype.pcap	tcp_1614,14,0,,0,0,0.9993292
benign_none_Skype.pcap	tcp_937,14,0,,0,0,0.99932194
benign_none_Skype.pcap	tcp_938,14,0,,0,0,0.99939656
benign_none_Skype.pcap	tcp_940,14,0,,0,0,0.9994992
benign_none_Skype.pcap	tcp_1401,14,0,,0,0,0.99919695
benign_none_Skype.pcap	tcp_1061,14,0,,0,0,0.99918884
benign_none_Skype.pcap	tcp_2358,14,0,,0,0,0.9995628
benign_none_Skype.pcap	tcp_1456,14,0,,0,0,0.99962425
benign_none_Skype.pcap	tcp_2114,14,0,,0,0,0.9994218
benign_none_Skype.pcap	tcp_1852,14,0,,0,0,0.9992077
benign_none_Skype.pcap	tcp_950,14,0,,0,0,0.9995871
benign_none_Skype.pcap	tcp_1392,14,0,,0,0,0.9992657
benign_none_Skype.pcap	tcp_952,14,0,,0,0,0.9996797
benign_none_Skype.pcap	tcp_2061,14,0,,0,0,0.9994697
benign_none_Skype.pcap	tcp_1634,14,0,,0,0,0.99937683
benign_none_Skype.pcap	tcp_955,14,0,,0,0,0.99944466
benign_none_Skype.pcap	tcp_1231,14,0,,0,0,0.9992316
benign_none_Skype.pcap	tcp_961,14,0,,0,0,0.99947554
benign_none_Skype.pcap	tcp_962,14,0,,0,0,0.9991041
benign_none_Skype.pcap	tcp_1668,14,0,,0,0,0.99961287
benign_none_Skype.pcap	tcp_1524,14,0,,0,0,0.99946505
benign_none_Skype.pcap	tcp_1164,14,0,,0,0,0.9994908
benign_none_Skype.pcap	tcp_2564,14,0,,0,0,0.9991301
benign_none_Skype.pcap	tcp_2305,14,0,,0,0,0.99918586
benign_none_Skype.pcap	tcp_1260,14,0,,0,0,0.9992575
benign_none_Skype.pcap	tcp_2508,14,0,,0,0,0.99936455
benign_none_Skype.pcap	tcp_1597,14,0,,0,0,0.9995253
benign_none_Skype.pcap	tcp_1815,14,0,,0,0,0.9996506
benign_none_Skype.pcap	tcp_1170,14,0,,0,0,0.9989085
benign_none_Skype.pcap	tcp_2161,14,0,,0,0,0.999506
benign_none_Skype.pcap	tcp_1011,14,0,,0,0,0.99923277
benign_none_Skype.pcap	tcp_981,14,0,,0,0,0.99939567
benign_none_Skype.pcap	tcp_982,14,0,,0,0,0.9994942
benign_none_Skype.pcap	tcp_983,14,0,,0,0,0.9995653
benign_none_Skype.pcap	tcp_2999,14,0,,0,0,0.99946195
benign_none_Skype.pcap	tcp_2249,14,0,,0,0,0.9995023
benign_none_Skype.pcap	tcp_987,14,0,,0,0,0.99941754
benign_none_Skype.pcap	tcp_1582,14,0,,0,0,0.9995333
benign_none_Skype.pcap	tcp_989,14,0,,0,0,0.9993193
benign_none_Skype.pcap	tcp_990,14,0,,0,0,0.9993536
benign_none_Skype.pcap	tcp_991,14,0,,0,0,0.9991679
benign_none_Skype.pcap	tcp_1474,14,0,,0,0,0.99921405
benign_none_Skype.pcap	tcp_2255,14,0,,0,0,0.9992685
benign_none_Skype.pcap	tcp_994,14,0,,0,0,0.99937755
benign_none_Skype.pcap	tcp_1607,14,0,,0,0,0.99961144
benign_none_Skype.pcap	tcp_996,14,0,,0,0,0.9991678
benign_none_Skype.pcap	tcp_2513,14,0,,0,0,0.99919546
benign_none_Skype.pcap	tcp_2951,14,0,,0,0,0.99954426
benign_none_Skype.pcap	tcp_999,14,0,,0,0,0.9993963
benign_none_Gmail.pcap	tcp_2586,5,0,,0,0,0.99894375
benign_none_Gmail.pcap	tcp_2688,5,0,,0,0,0.99875104
benign_none_Gmail.pcap	tcp_3,5,0,,0,0,0.9755638
benign_none_Gmail.pcap	tcp_2290,5,0,,0,0,0.99295765
benign_none_Gmail.pcap	tcp_1941,5,0,,0,0,0.999222
benign_none_Gmail.pcap	tcp_7,5,0,,0,0,0.9908349
benign_none_Gmail.pcap	tcp_1338,5,0,,0,0,0.94286036
benign_none_Gmail.pcap	tcp_2808,5,0,,0,0,0.9808915
benign_none_Gmail.pcap	tcp_1667,5,0,,0,0,0.9972487
benign_none_Gmail.pcap	tcp_2183,5,0,,0,0,0.99890924
benign_none_Gmail.pcap	tcp_14,5,0,,0,0,0.33371344
benign_none_Gmail.pcap	tcp_15,5,0,,0,0,0.9969456
benign_none_Gmail.pcap	tcp_16,5,0,,0,0,0.9988617
benign_none_Gmail.pcap	tcp_1879,5,0,,0,0,0.99608815
benign_none_Gmail.pcap	tcp_18,5,0,,0,0,0.99898595
benign_none_Gmail.pcap	tcp_2836,5,0,,0,0,0.99900395
benign_none_Gmail.pcap	tcp_1386,5,0,,0,0,0.999282
benign_none_Gmail.pcap	tcp_21,5,0,,0,0,0.27639884
benign_none_Gmail.pcap	tcp_1563,5,0,,0,0,0.9986469
benign_none_Gmail.pcap	tcp_2121,5,0,,0,0,0.9995308
benign_none_Gmail.pcap	tcp_1638,5,0,,0,0,0.9982791
benign_none_Gmail.pcap	tcp_2549,5,0,,0,0,0.99811506
benign_none_Gmail.pcap	tcp_2279,5,0,,0,0,0.9978289
benign_none_Gmail.pcap	tcp_29,5,0,,0,0,0.9995851
benign_none_Gmail.pcap	tcp_31,5,0,,0,0,0.994479
benign_none_Gmail.pcap	tcp_1111,5,0,,0,0,0.9972593
benign_none_Gmail.pcap	tcp_1982,5,0,,0,0,0.9987759
benign_none_Gmail.pcap	tcp_1650,5,1,Cc_5,0,0,0.99937636
benign_none_Gmail.pcap	tcp_1728,5,0,,0,0,0.9996159
benign_none_Gmail.pcap	tcp_36,5,0,,0,0,0.9922416
benign_none_Gmail.pcap	tcp_1511,5,0,,0,0,0.9988399
benign_none_Gmail.pcap	tcp_38,5,0,,0,0,0.13585185
benign_none_Gmail.pcap	tcp_2670,5,0,,0,0,0.99636334
benign_none_Gmail.pcap	tcp_1018,5,0,,0,0,0.9972825
benign_none_Gmail.pcap	tcp_2147,5,0,,0,0,0.9994759
benign_none_Gmail.pcap	tcp_44,5,0,,0,0,0.90241134
benign_none_Gmail.pcap	tcp_45,5,0,,0,0,0.99872667
benign_none_Gmail.pcap	tcp_2343,5,0,,0,0,0.99965227
benign_none_Gmail.pcap	tcp_47,5,0,,0,0,0.6564458
benign_none_Gmail.pcap	tcp_48,5,0,,0,0,0.99886537
benign_none_Gmail.pcap	tcp_1438,5,0,,0,0,0.99826705
benign_none_Gmail.pcap	tcp_2040,5,0,,0,0,0.9961485
benign_none_Gmail.pcap	tcp_51,5,0,,0,0,0.9884962
benign_none_Gmail.pcap	tcp_53,5,1,Cc_5,0,0,0.9976519
benign_none_Gmail.pcap	tcp_1565,5,0,,0,0,0.99692744
benign_none_Gmail.pcap	tcp_1715,5,0,,0,0,0.9977736
benign_none_Gmail.pcap	tcp_57,5,0,,0,0,0.61960804
benign_none_Gmail.pcap	tcp_2876,5,0,,0,0,0.9969465
benign_none_Gmail.pcap	tcp_1930,5,0,,0,0,0.9989489
benign_none_Gmail.pcap	tcp_60,5,0,,0,0,0.99660224
benign_none_Gmail.pcap	tcp_2663,5,0,,0,0,0.999083
benign_none_Gmail.pcap	tcp_2665,5,0,,0,0,0.99818605
benign_none_Gmail.pcap	tcp_1281,5,0,,0,0,0.9989103
benign_none_Gmail.pcap	tcp_64,5,0,,0,0,0.70430094
benign_none_Gmail.pcap	tcp_65,5,0,,0,0,0.99564683
benign_none_Gmail.pcap	tcp_1163,5,0,,0,0,0.9980381
benign_none_Gmail.pcap	tcp_68,5,0,,0,0,0.74200356
benign_none_Gmail.pcap	tcp_2458,5,0,,0,0,0.996741
benign_none_Gmail.pcap	tcp_2451,5,0,,0,0,0.9963066
benign_none_Gmail.pcap	tcp_2257,5,0,,0,0,0.99900895
benign_none_Gmail.pcap	tcp_73,5,0,,0,0,0.1191084
benign_none_Gmail.pcap	tcp_1662,5,0,,0,0,0.9980966
benign_none_Gmail.pcap	tcp_2355,5,0,,0,0,0.9987751
benign_none_Gmail.pcap	tcp_1506,5,0,,0,0,0.99860805
benign_none_Gmail.pcap	tcp_78,5,0,,0,0,0.99834883
benign_none_Gmail.pcap	tcp_79,5,0,,0,0,0.80808914
benign_none_Gmail.pcap	tcp_1557,5,0,,0,0,0.9990664
benign_none_Gmail.pcap	tcp_2926,5,0,,0,0,0.9984552
benign_none_Gmail.pcap	tcp_86,5,0,,0,0,0.18271022
benign_none_Gmail.pcap	tcp_2224,5,0,,0,0,0.99793136
benign_none_Gmail.pcap	tcp_88,5,0,,0,0,0.99893117
benign_none_Gmail.pcap	tcp_1773,5,0,,0,0,0.9965344
benign_none_Gmail.pcap	tcp_2554,5,0,,0,0,0.9961376
benign_none_Gmail.pcap	tcp_1674,5,0,,0,0,0.9952195
benign_none_Gmail.pcap	tcp_2026,5,0,,0,0,0.99966365
benign_none_Gmail.pcap	tcp_2271,5,0,,0,0,0.9976246
benign_none_Gmail.pcap	tcp_2398,5,0,,0,0,0.9975679
benign_none_Gmail.pcap	tcp_96,5,0,,0,0,0.9995191
benign_none_Gmail.pcap	tcp_97,5,0,,0,0,0.9790775
benign_none_Gmail.pcap	tcp_98,5,0,,0,0,0.8028942
benign_none_Gmail.pcap	tcp_1369,5,0,,0,0,0.99773127
benign_none_Gmail.pcap	tcp_2565,5,0,,0,0,0.9994598
benign_none_Gmail.pcap	tcp_1131,5,0,,0,0,0.99945396
benign_none_Gmail.pcap	tcp_2683,5,0,,0,0,0.9987637
benign_none_Gmail.pcap	tcp_107,5,0,,0,0,0.99639106
benign_none_Gmail.pcap	tcp_108,5,0,,0,0,0.9974468
benign_none_Gmail.pcap	tcp_1400,5,0,,0,0,0.99904907
benign_none_Gmail.pcap	tcp_110,5,0,,0,0,0.9992766
benign_none_Gmail.pcap	tcp_1385,5,0,,0,0,0.9992391
benign_none_Gmail.pcap	tcp_1105,5,0,,0,0,0.996471
benign_none_Gmail.pcap	tcp_2169,5,0,,0,0,0.99863005
benign_none_Gmail.pcap	tcp_1394,5,0,,0,0,0.9965876
benign_none_Gmail.pcap	tcp_1610,5,0,,0,0,0.9967667
benign_none_Gmail.pcap	tcp_116,5,0,,0,0,0.9977913
benign_none_Gmail.pcap	tcp_117,5,0,,0,0,0.86916053
benign_none_Gmail.pcap	tcp_2058,5,0,,0,0,0.99835086
benign_none_Gmail.pcap	tcp_2522,5,0,,0,0,0.99722606
benign_none_Gmail.pcap	tcp_2202,5,0,,0,0,0.9986028
benign_none_Gmail.pcap	tcp_2415,5,0,,0,0,0.9662483
benign_none_Gmail.pcap	tcp_123,5,0,,0,0,0.99907887
benign_none_Gmail.pcap	tcp_124,5,0,,0,0,0.9964916
benign_none_Gmail.pcap	tcp_1350,5,0,,0,0,0.9946597
benign_none_Gmail.pcap	tcp_126,5,0,,0,0,0.997375
benign_none_Gmail.pcap	tcp_2388,5,0,,0,0,0.99912995
benign_none_Gmail.pcap	tcp_1640,5,0,,0,0,0.99869746
benign_none_Gmail.pcap	tcp_1512,5,0,,0,0,0.99966276
benign_none_Gmail.pcap	tcp_2944,5,0,,0,0,0.9995608
benign_none_Gmail.pcap	tcp_2925,5,0,,0,0,0.9993619
benign_none_Gmail.pcap	tcp_132,5,0,,0,0,0.9884568
benign_none_Gmail.pcap	tcp_2100,5,0,,0,0,0.9988417
benign_none_Gmail.pcap	tcp_1106,5,0,,0,0,0.99890476
benign_none_Gmail.pcap	tcp_136,5,0,,0,0,0.9993888
benign_none_Gmail.pcap	tcp_137,5,0,,0,0,0.97129405
benign_none_Gmail.pcap	tcp_139,5,0,,0,0,0.9224944
benign_none_Gmail.pcap	tcp_2079,5,0,,0,0,0.9989605
benign_none_Gmail.pcap	tcp_142,5,0,,0,0,0.93946177
benign_none_Gmail.pcap	tcp_2208,5,0,,0,0,0.9992208
benign_none_Gmail.pcap	tcp_2840,5,0,,0,0,0.9990439
benign_none_Gmail.pcap	tcp_2106,5,0,,0,0,0.9989991
benign_none_Gmail.pcap	tcp_1935,5,0,,0,0,0.9988115
benign_none_Gmail.pcap	tcp_2186,5,0,,0,0,0.999142
benign_none_Gmail.pcap	tcp_1561,5,0,,0,0,0.9994395
benign_none_Gmail.pcap	tcp_149,5,0,,0,0,0.9977701
benign_none_Gmail.pcap	tcp_151,5,0,,0,0,0.9991227
benign_none_Gmail.pcap	tcp_152,5,0,,0,0,0.9953339
benign_none_Gmail.pcap	tcp_2964,5,0,,0,0,0.9980542
benign_none_Gmail.pcap	tcp_156,5,0,,0,0,0.10576895
benign_none_Gmail.pcap	tcp_157,5,0,,0,0,0.99940574
benign_none_Gmail.pcap	tcp_159,5,0,,0,0,0.9994852
benign_none_Gmail.pcap	tcp_1147,5,0,,0,0,0.99881446
benign_none_Gmail.pcap	tcp_162,5,0,,0,0,0.99524
benign_none_Gmail.pcap	tcp_163,5,0,,0,0,0.99348986
benign_none_Gmail.pcap	tcp_1358,5,0,,0,0,0.99573255
benign_none_Gmail.pcap	tcp_1006,5,0,,0,0,0.9965019
benign_none_Gmail.pcap	tcp_167,5,0,,0,0,0.99884075
benign_none_Gmail.pcap	tcp_168,5,0,,0,0,0.92499083
benign_none_Gmail.pcap	tcp_1492,5,0,,0,0,0.9966744
benign_none_Gmail.pcap	tcp_2963,5,0,,0,0,0.9975879
benign_none_Gmail.pcap	tcp_2363,5,0,,0,0,0.9905781
benign_none_Gmail.pcap	tcp_2159,5,0,,0,0,0.99901485
benign_none_Gmail.pcap	tcp_2426,5,0,,0,0,0.99711835
benign_none_Gmail.pcap	tcp_176,5,0,,0,0,0.99877775
benign_none_Gmail.pcap	tcp_1248,5,0,,0,0,0.9958658
benign_none_Gmail.pcap	tcp_180,5,0,,0,0,0.99918324
benign_none_Gmail.pcap	tcp_181,5,0,,0,0,0.9983535
benign_none_Gmail.pcap	tcp_1785,5,0,,0,0,0.9994586
benign_none_Gmail.pcap	tcp_2843,5,0,,0,0,0.9993456
benign_none_Gmail.pcap	tcp_1877,5,0,,0,0,0.99665076
benign_none_Gmail.pcap	tcp_2090,5,0,,0,0,0.99899393
benign_none_Gmail.pcap	tcp_2143,5,0,,0,0,0.99744207
benign_none_Gmail.pcap	tcp_2994,5,0,,0,0,0.92905945
benign_none_Gmail.pcap	tcp_1468,5,0,,0,0,0.99915516
benign_none_Gmail.pcap	tcp_1306,5,0,,0,0,0.9987305
benign_none_Gmail.pcap	tcp_2790,5,0,,0,0,0.9991079
benign_none_Gmail.pcap	tcp_2018,5,0,,0,0,0.99817467
benign_none_Gmail.pcap	tcp_192,5,0,,0,0,0.9985933
benign_none_Gmail.pcap	tcp_194,5,0,,0,0,0.9939833
benign_none_Gmail.pcap	tcp_2976,5,0,,0,0,0.99777156
benign_none_Gmail.pcap	tcp_196,5,0,,0,0,0.9984384
benign_none_Gmail.pcap	tcp_2669,5,0,,0,0,0.9994007
benign_none_Gmail.pcap	tcp_1793,5,0,,0,0,0.99598324
benign_none_Gmail.pcap	tcp_1889,5,0,,0,0,0.9985127
benign_none_Gmail.pcap	tcp_200,5,0,,0,0,0.99940324
benign_none_Gmail.pcap	tcp_1181,5,0,,0,0,0.9978987
benign_none_Gmail.pcap	tcp_202,5,0,,0,0,0.998631
benign_none_Gmail.pcap	tcp_203,5,0,,0,0,0.9976784
benign_none_Gmail.pcap	tcp_1824,5,0,,0,0,0.9987921
benign_none_Gmail.pcap	tcp_1364,5,0,,0,0,0.99949324
benign_none_Gmail.pcap	tcp_1474,5,0,,0,0,0.9987342
benign_none_Gmail.pcap	tcp_2755,5,0,,0,0,0.99935275
benign_none_Gmail.pcap	tcp_213,5,0,,0,0,0.99978
benign_none_Gmail.pcap	tcp_1200,5,0,,0,0,0.99669945
benign_none_Gmail.pcap	tcp_2616,5,0,,0,0,0.995203
benign_none_Gmail.pcap	tcp_1049,5,0,,0,0,0.9997485
benign_none_Gmail.pcap	tcp_1404,5,0,,0,0,0.9992994
benign_none_Gmail.pcap	tcp_1183,5,0,,0,0,0.9839207
benign_none_Gmail.pcap	tcp_2895,5,0,,0,0,0.9987985
benign_none_Gmail.pcap	tcp_1671,5,0,,0,0,0.99741757
benign_none_Gmail.pcap	tcp_1679,5,0,,0,0,0.9987721
benign_none_Gmail.pcap	tcp_2639,5,0,,0,0,0.99879104
benign_none_Gmail.pcap	tcp_2435,5,0,,0,0,0.9984872
benign_none_Gmail.pcap	tcp_1361,5,0,,0,0,0.99767894
benign_none_Gmail.pcap	tcp_227,5,0,,0,0,0.9976235
benign_none_Gmail.pcap	tcp_1838,5,0,,0,0,0.9991247
benign_none_Gmail.pcap	tcp_2309,5,0,,0,0,0.9969599
benign_none_Gmail.pcap	tcp_2157,5,0,,0,0,0.9941513
benign_none_Gmail.pcap	tcp_1571,5,0,,0,0,0.99873966
benign_none_Gmail.pcap	tcp_2280,5,0,,0,0,0.99903595
benign_none_Gmail.pcap	tcp_2659,5,0,,0,0,0.9988071
benign_none_Gmail.pcap	tcp_2428,5,0,,0,0,0.9993671
benign_none_Gmail.pcap	tcp_236,5,0,,0,0,0.9985592
benign_none_Gmail.pcap	tcp_2084,5,0,,0,0,0.99942935
benign_none_Gmail.pcap	tcp_2551,5,0,,0,0,0.9991373
benign_none_Gmail.pcap	tcp_1028,5,0,,0,0,0.9993949
benign_none_Gmail.pcap	tcp_2649,5,0,,0,0,0.9994838
benign_none_Gmail.pcap	tcp_242,5,0,,0,0,0.99847907
benign_none_Gmail.pcap	tcp_2541,5,0,,0,0,0.999263
benign_none_Gmail.pcap	tcp_2024,5,0,,0,0,0.9978668
benign_none_Gmail.pcap	tcp_246,5,0,,0,0,0.9996158
benign_none_Gmail.pcap	tcp_247,5,0,,0,0,0.9991185
benign_none_Gmail.pcap	tcp_249,5,0,,0,0,0.9985623
benign_none_Gmail.pcap	tcp_2227,5,0,,0,0,0.9991912
benign_none_Gmail.pcap	tcp_2369,5,0,,0,0,0.9990885
benign_none_Gmail.pcap	tcp_1430,5,0,,0,0,0.9989003
benign_none_Gmail.pcap	tcp_1382,5,0,,0,0,0.9963237
benign_none_Gmail.pcap	tcp_2259,5,0,,0,0,0.99894863
benign_none_Gmail.pcap	tcp_1758,5,0,,0,0,0.9992139
benign_none_Gmail.pcap	tcp_2606,5,0,,0,0,0.9983209
benign_none_Gmail.pcap	tcp_2991,5,0,,0,0,0.9985612
benign_none_Gmail.pcap	tcp_259,5,0,,0,0,0.9994347
benign_none_Gmail.pcap	tcp_1726,5,0,,0,0,0.9990935
benign_none_Gmail.pcap	tcp_2354,5,0,,0,0,0.9991757
benign_none_Gmail.pcap	tcp_2422,5,0,,0,0,0.9979587
benign_none_Gmail.pcap	tcp_263,5,0,,0,0,0.9994627
benign_none_Gmail.pcap	tcp_2892,5,0,,0,0,0.9971668
benign_none_Gmail.pcap	tcp_2171,5,0,,0,0,0.98473525
benign_none_Gmail.pcap	tcp_266,5,0,,0,0,0.99610627
benign_none_Gmail.pcap	tcp_2393,5,0,,0,0,0.9992176
benign_none_Gmail.pcap	tcp_2525,5,0,,0,0,0.9992762
benign_none_Gmail.pcap	tcp_271,5,0,,0,0,0.9990637
benign_none_Gmail.pcap	tcp_272,5,0,,0,0,0.99696356
benign_none_Gmail.pcap	tcp_273,5,0,,0,0,0.9980166
benign_none_Gmail.pcap	tcp_2767,5,0,,0,0,0.9989905
benign_none_Gmail.pcap	tcp_1510,5,0,,0,0,0.99790746
benign_none_Gmail.pcap	tcp_2131,5,0,,0,0,0.9992459
benign_none_Gmail.pcap	tcp_1534,5,0,,0,0,0.99952495
benign_none_Gmail.pcap	tcp_279,5,0,,0,0,0.9996916
benign_none_Gmail.pcap	tcp_1677,5,0,,0,0,0.99754447
benign_none_Gmail.pcap	tcp_1336,5,0,,0,0,0.9981071
benign_none_Gmail.pcap	tcp_282,5,0,,0,0,0.99872863
benign_none_Gmail.pcap	tcp_283,5,0,,0,0,0.9992807
benign_none_Gmail.pcap	tcp_2377,5,0,,0,0,0.9991879
benign_none_Gmail.pcap	tcp_1687,5,0,,0,0,0.9883715
benign_none_Gmail.pcap	tcp_1135,5,0,,0,0,0.99699664
benign_none_Gmail.pcap	tcp_2967,5,0,,0,0,0.9992138
benign_none_Gmail.pcap	tcp_2848,5,0,,0,0,0.9982058
benign_none_Gmail.pcap	tcp_289,5,0,,0,0,0.999385
benign_none_Gmail.pcap	tcp_1601,5,0,,0,0,0.9987243
benign_none_Gmail.pcap	tcp_291,5,0,,0,0,0.99922335
benign_none_Gmail.pcap	tcp_2459,5,0,,0,0,0.99883515
benign_none_Gmail.pcap	tcp_2114,5,0,,0,0,0.99807066
benign_none_Gmail.pcap	tcp_1237,5,0,,0,0,0.998987
benign_none_Gmail.pcap	tcp_2302,5,0,,0,0,0.99938256
benign_none_Gmail.pcap	tcp_2012,5,0,,0,0,0.9995828
benign_none_Gmail.pcap	tcp_2557,5,0,,0,0,0.9994962
benign_none_Gmail.pcap	tcp_1140,5,0,,0,0,0.9972134
benign_none_Gmail.pcap	tcp_2779,5,0,,0,0,0.9978823
benign_none_Gmail.pcap	tcp_302,5,0,,0,0,0.99741983
benign_none_Gmail.pcap	tcp_303,5,0,,0,0,0.9992861
benign_none_Gmail.pcap	tcp_304,5,0,,0,0,0.9996773
benign_none_Gmail.pcap	tcp_2998,5,0,,0,0,0.9959714
benign_none_Gmail.pcap	tcp_307,5,0,,0,0,0.9974095
benign_none_Gmail.pcap	tcp_308,5,0,,0,0,0.9990378
benign_none_Gmail.pcap	tcp_1428,5,0,,0,0,0.9976493
benign_none_Gmail.pcap	tcp_1119,5,0,,0,0,0.9958253
benign_none_Gmail.pcap	tcp_2249,5,0,,0,0,0.9990598
benign_none_Gmail.pcap	tcp_2793,5,0,,0,0,0.99876225
benign_none_Gmail.pcap	tcp_313,5,0,,0,0,0.99907637
benign_none_Gmail.pcap	tcp_314,5,0,,0,0,0.999134
benign_none_Gmail.pcap	tcp_1064,5,0,,0,0,0.9991013
benign_none_Gmail.pcap	tcp_2818,5,0,,0,0,0.9915615
benign_none_Gmail.pcap	tcp_317,5,0,,0,0,0.9980751
benign_none_Gmail.pcap	tcp_1184,5,0,,0,0,0.9922366
benign_none_Gmail.pcap	tcp_1462,5,0,,0,0,0.9963282
benign_none_Gmail.pcap	tcp_2523,5,0,,0,0,0.9980269
benign_none_Gmail.pcap	tcp_1211,5,0,,0,0,0.9985674
benign_none_Gmail.pcap	tcp_322,5,0,,0,0,0.9974657
benign_none_Gmail.pcap	tcp_1651,5,0,,0,0,0.9993597
benign_none_Gmail.pcap	tcp_1353,5,0,,0,0,0.9984785
benign_none_Gmail.pcap	tcp_1450,5,0,,0,0,0.9996581
benign_none_Gmail.pcap	tcp_328,5,0,,0,0,0.9974425
benign_none_Gmail.pcap	tcp_2321,5,0,,0,0,0.99884903
benign_none_Gmail.pcap	tcp_330,5,0,,0,0,0.9985372
benign_none_Gmail.pcap	tcp_2928,5,0,,0,0,0.9988792
benign_none_Gmail.pcap	tcp_1419,5,0,,0,0,0.9983302
benign_none_Gmail.pcap	tcp_333,5,0,,0,0,0.99884135
benign_none_Gmail.pcap	tcp_1032,5,0,,0,0,0.99647343
benign_none_Gmail.pcap	tcp_1936,5,0,,0,0,0.99087334
benign_none_Gmail.pcap	tcp_337,5,0,,0,0,0.99875367
benign_none_Gmail.pcap	tcp_1426,5,0,,0,0,0.998326
benign_none_Gmail.pcap	tcp_2265,5,0,,0,0,0.9974016
benign_none_Gmail.pcap	tcp_1065,5,0,,0,0,0.99856865
benign_none_Gmail.pcap	tcp_2078,5,0,,0,0,0.9969618
benign_none_Gmail.pcap	tcp_2508,5,0,,0,0,0.9993888
benign_none_Gmail.pcap	tcp_1731,5,0,,0,0,0.9985351
benign_none_Gmail.pcap	tcp_2274,5,0,,0,0,0.9970783
benign_none_Gmail.pcap	tcp_2753,5,0,,0,0,0.9971171
benign_none_Gmail.pcap	tcp_2530,5,0,,0,0,0.9986354
benign_none_Gmail.pcap	tcp_351,5,0,,0,0,0.9951847
benign_none_Gmail.pcap	tcp_352,5,0,,0,0,0.99952227
benign_none_Gmail.pcap	tcp_1678,5,0,,0,0,0.9950666
benign_none_Gmail.pcap	tcp_1697,5,0,,0,0,0.99644345
benign_none_Gmail.pcap	tcp_2336,5,0,,0,0,0.9987017
benign_none_Gmail.pcap	tcp_1615,5,0,,0,0,0.9993561
benign_none_Gmail.pcap	tcp_1351,5,0,,0,0,0.9951294
benign_none_Gmail.pcap	tcp_1420,5,0,,0,0,0.99824154
benign_none_Gmail.pcap	tcp_2934,5,0,,0,0,0.9969406
benign_none_Gmail.pcap	tcp_1341,5,0,,0,0,0.9987629
benign_none_Gmail.pcap	tcp_363,5,0,,0,0,0.99767125
benign_none_Gmail.pcap	tcp_2939,5,0,,0,0,0.99736017
benign_none_Gmail.pcap	tcp_1424,5,0,,0,0,0.9996326
benign_none_Gmail.pcap	tcp_367,5,0,,0,0,0.9962845
benign_none_Gmail.pcap	tcp_368,5,0,,0,0,0.99530303
benign_none_Gmail.pcap	tcp_369,5,0,,0,0,0.98837066
benign_none_Gmail.pcap	tcp_2148,5,0,,0,0,0.9988387
benign_none_Gmail.pcap	tcp_2479,5,0,,0,0,0.99937546
benign_none_Gmail.pcap	tcp_1154,5,0,,0,0,0.9935907
benign_none_Gmail.pcap	tcp_375,5,0,,0,0,0.99216956
benign_none_Gmail.pcap	tcp_1477,5,0,,0,0,0.999691
benign_none_Gmail.pcap	tcp_377,5,0,,0,0,0.99748826
benign_none_Gmail.pcap	tcp_379,5,0,,0,0,0.9993451
benign_none_Gmail.pcap	tcp_2879,5,0,,0,0,0.9974437
benign_none_Gmail.pcap	tcp_1274,5,0,,0,0,0.9962254
benign_none_Gmail.pcap	tcp_2230,5,0,,0,0,0.9995474
benign_none_Gmail.pcap	tcp_1208,5,0,,0,0,0.99853075
benign_none_Gmail.pcap	tcp_1766,5,0,,0,0,0.99802935
benign_none_Gmail.pcap	tcp_385,5,0,,0,0,0.99785835
benign_none_Gmail.pcap	tcp_1788,5,0,,0,0,0.9995425
benign_none_Gmail.pcap	tcp_389,5,0,,0,0,0.9994437
benign_none_Gmail.pcap	tcp_2294,5,0,,0,0,0.9978508
benign_none_Gmail.pcap	tcp_391,5,0,,0,0,0.9974962
benign_none_Gmail.pcap	tcp_2196,5,0,,0,0,0.9986877
benign_none_Gmail.pcap	tcp_2180,5,0,,0,0,0.99844754
benign_none_Gmail.pcap	tcp_1481,5,0,,0,0,0.9984766
benign_none_Gmail.pcap	tcp_395,5,0,,0,0,0.99903214
benign_none_Gmail.pcap	tcp_1128,5,0,,0,0,0.9991991
benign_none_Gmail.pcap	tcp_2784,5,0,,0,0,0.998906
benign_none_Gmail.pcap	tcp_2548,5,0,,0,0,0.99633574
benign_none_Gmail.pcap	tcp_400,5,0,,0,0,0.99137527
benign_none_Gmail.pcap	tcp_1366,5,0,,0,0,0.99922097
benign_none_Gmail.pcap	tcp_402,5,0,,0,0,0.9989889
benign_none_Gmail.pcap	tcp_1614,5,0,,0,0,0.9991704
benign_none_Gmail.pcap	tcp_1069,5,0,,0,0,0.99902874
benign_none_Gmail.pcap	tcp_2531,5,0,,0,0,0.9978435
benign_none_Gmail.pcap	tcp_2911,5,0,,0,0,0.9968623
benign_none_Gmail.pcap	tcp_1832,5,0,,0,0,0.9991829
benign_none_Gmail.pcap	tcp_1701,5,0,,0,0,0.98421806
benign_none_Gmail.pcap	tcp_1834,5,0,,0,0,0.99698883
benign_none_Gmail.pcap	tcp_1108,5,0,,0,0,0.9988758
benign_none_Gmail.pcap	tcp_416,5,0,,0,0,0.9929045
benign_none_Gmail.pcap	tcp_2070,5,0,,0,0,0.9954867
benign_none_Gmail.pcap	tcp_1480,5,0,,0,0,0.99942005
benign_none_Gmail.pcap	tcp_2680,5,0,,0,0,0.99857825
benign_none_Gmail.pcap	tcp_2780,5,0,,0,0,0.9992374
benign_none_Gmail.pcap	tcp_2671,5,0,,0,0,0.99875796
benign_none_Gmail.pcap	tcp_2834,5,0,,0,0,0.9988526
benign_none_Gmail.pcap	tcp_2096,5,0,,0,0,0.9969645
benign_none_Gmail.pcap	tcp_426,5,0,,0,0,0.9981988
benign_none_Gmail.pcap	tcp_2608,5,0,,0,0,0.99858975
benign_none_Gmail.pcap	tcp_1893,5,0,,0,0,0.9911408
benign_none_Gmail.pcap	tcp_1818,5,0,,0,0,0.99774384
benign_none_Gmail.pcap	tcp_1132,5,1,Cc_5,0,0,0.99810374
benign_none_Gmail.pcap	tcp_2167,5,0,,0,0,0.9982028
benign_none_Gmail.pcap	tcp_1282,5,0,,0,0,0.9994089
benign_none_Gmail.pcap	tcp_2951,5,0,,0,0,0.9985852
benign_none_Gmail.pcap	tcp_1431,5,0,,0,0,0.99926263
benign_none_Gmail.pcap	tcp_1559,5,0,,0,0,0.9965611
benign_none_Gmail.pcap	tcp_436,5,0,,0,0,0.9993842
benign_none_Gmail.pcap	tcp_2198,5,0,,0,0,0.99680376
benign_none_Gmail.pcap	tcp_438,5,0,,0,0,0.9983114
benign_none_Gmail.pcap	tcp_1680,5,0,,0,0,0.99870586
benign_none_Gmail.pcap	tcp_1535,5,0,,0,0,0.99712604
benign_none_Gmail.pcap	tcp_441,5,0,,0,0,0.99849707
benign_none_Gmail.pcap	tcp_1904,5,0,,0,0,0.9994199
benign_none_Gmail.pcap	tcp_1861,5,0,,0,0,0.99692535
benign_none_Gmail.pcap	tcp_1606,5,0,,0,0,0.9993099
benign_none_Gmail.pcap	tcp_1822,5,0,,0,0,0.9987337
benign_none_Gmail.pcap	tcp_2849,5,0,,0,0,0.9984758
benign_none_Gmail.pcap	tcp_1397,5,0,,0,0,0.9992988
benign_none_Gmail.pcap	tcp_1821,5,0,,0,0,0.9986455
benign_none_Gmail.pcap	tcp_449,5,0,,0,0,0.99157
benign_none_Gmail.pcap	tcp_451,5,0,,0,0,0.99856365
benign_none_Gmail.pcap	tcp_452,5,0,,0,0,0.47771603
benign_none_Gmail.pcap	tcp_1286,5,0,,0,0,0.9995554
benign_none_Gmail.pcap	tcp_2094,5,0,,0,0,0.98259056
benign_none_Gmail.pcap	tcp_2511,5,0,,0,0,0.9984458
benign_none_Gmail.pcap	tcp_2595,5,0,,0,0,0.99946743
benign_none_Gmail.pcap	tcp_2758,5,0,,0,0,0.9976369
benign_none_Gmail.pcap	tcp_2029,5,0,,0,0,0.9971909
benign_none_Gmail.pcap	tcp_1094,5,0,,0,0,0.98886377
benign_none_Gmail.pcap	tcp_1584,5,0,,0,0,0.99884284
benign_none_Gmail.pcap	tcp_1260,5,0,,0,0,0.99879736
benign_none_Gmail.pcap	tcp_2384,5,0,,0,0,0.9982595
benign_none_Gmail.pcap	tcp_2132,5,0,,0,0,0.9987543
benign_none_Gmail.pcap	tcp_1421,5,0,,0,0,0.9980596
benign_none_Gmail.pcap	tcp_466,5,0,,0,0,0.9977107
benign_none_Gmail.pcap	tcp_467,5,0,,0,0,0.9974232
benign_none_Gmail.pcap	tcp_1051,5,0,,0,0,0.9991859
benign_none_Gmail.pcap	tcp_2695,5,0,,0,0,0.9991316
benign_none_Gmail.pcap	tcp_471,5,0,,0,0,0.99387264
benign_none_Gmail.pcap	tcp_2450,5,0,,0,0,0.9986093
benign_none_Gmail.pcap	tcp_2349,5,0,,0,0,0.9986432
benign_none_Gmail.pcap	tcp_2236,5,0,,0,0,0.99723923
benign_none_Gmail.pcap	tcp_2590,5,0,,0,0,0.9994216
benign_none_Gmail.pcap	tcp_2036,5,0,,0,0,0.9993144
benign_none_Gmail.pcap	tcp_477,5,0,,0,0,0.99839836
benign_none_Gmail.pcap	tcp_1387,5,0,,0,0,0.99904937
benign_none_Gmail.pcap	tcp_1984,5,0,,0,0,0.99534565
benign_none_Gmail.pcap	tcp_480,5,0,,0,0,0.9986738
benign_none_Gmail.pcap	tcp_482,5,0,,0,0,0.9990418
benign_none_Gmail.pcap	tcp_2116,5,0,,0,0,0.995777
benign_none_Gmail.pcap	tcp_2353,5,0,,0,0,0.99948764
benign_none_Gmail.pcap	tcp_2635,5,0,,0,0,0.9900939
benign_none_Gmail.pcap	tcp_487,5,0,,0,0,0.99967587
benign_none_Gmail.pcap	tcp_1192,5,0,,0,0,0.9992124
benign_none_Gmail.pcap	tcp_489,5,0,,0,0,0.99611497
benign_none_Gmail.pcap	tcp_1244,5,0,,0,0,0.9989565
benign_none_Gmail.pcap	tcp_492,5,0,,0,0,0.99674016
benign_none_Gmail.pcap	tcp_2915,5,0,,0,0,0.98686874
benign_none_Gmail.pcap	tcp_494,5,0,,0,0,0.99206525
benign_none_Gmail.pcap	tcp_1078,5,0,,0,0,0.9985793
benign_none_Gmail.pcap	tcp_2868,5,0,,0,0,0.996279
benign_none_Gmail.pcap	tcp_2468,5,0,,0,0,0.99777603
benign_none_Gmail.pcap	tcp_499,5,0,,0,0,0.99963886
benign_none_Gmail.pcap	tcp_2872,5,0,,0,0,0.9961778
benign_none_Gmail.pcap	tcp_2906,5,0,,0,0,0.99752307
benign_none_Gmail.pcap	tcp_502,5,0,,0,0,0.9992513
benign_none_Gmail.pcap	tcp_1530,5,0,,0,0,0.99944425
benign_none_Gmail.pcap	tcp_2577,5,0,,0,0,0.9985536
benign_none_Gmail.pcap	tcp_2225,5,0,,0,0,0.9980992
benign_none_Gmail.pcap	tcp_1732,5,0,,0,0,0.997973
benign_none_Gmail.pcap	tcp_507,5,0,,0,0,0.99942094
benign_none_Gmail.pcap	tcp_508,5,0,,0,0,0.98122096
benign_none_Gmail.pcap	tcp_2748,5,0,,0,0,0.99818337
benign_none_Gmail.pcap	tcp_513,5,0,,0,0,0.99716765
benign_none_Gmail.pcap	tcp_514,5,0,,0,0,0.9988488
benign_none_Gmail.pcap	tcp_516,5,0,,0,0,0.9982261
benign_none_Gmail.pcap	tcp_517,5,0,,0,0,0.9995719
benign_none_Gmail.pcap	tcp_1961,5,0,,0,0,0.9953312
benign_none_Gmail.pcap	tcp_1815,5,0,,0,0,0.99833983
benign_none_Gmail.pcap	tcp_1658,5,0,,0,0,0.99877405
benign_none_Gmail.pcap	tcp_1116,5,0,,0,0,0.9994876
benign_none_Gmail.pcap	tcp_523,5,0,,0,0,0.9995432
benign_none_Gmail.pcap	tcp_524,5,0,,0,0,0.9958299
benign_none_Gmail.pcap	tcp_526,5,0,,0,0,0.9992536
benign_none_Gmail.pcap	tcp_1311,5,0,,0,0,0.9996267
benign_none_Gmail.pcap	tcp_1765,5,0,,0,0,0.9986419
benign_none_Gmail.pcap	tcp_2151,5,0,,0,0,0.9973634
benign_none_Gmail.pcap	tcp_2627,5,0,,0,0,0.9995265
benign_none_Gmail.pcap	tcp_534,5,0,,0,0,0.99944896
benign_none_Gmail.pcap	tcp_2611,5,0,,0,0,0.997329
benign_none_Gmail.pcap	tcp_1483,5,0,,0,0,0.99960417
benign_none_Gmail.pcap	tcp_537,5,0,,0,0,0.9973055
benign_none_Gmail.pcap	tcp_1082,5,0,,0,0,0.9989312
benign_none_Gmail.pcap	tcp_1692,5,0,,0,0,0.99950475
benign_none_Gmail.pcap	tcp_541,5,0,,0,0,0.9994935
benign_none_Gmail.pcap	tcp_543,5,0,,0,0,0.996071
benign_none_Gmail.pcap	tcp_1348,5,0,,0,0,0.99883336
benign_none_Gmail.pcap	tcp_546,5,0,,0,0,0.9990927
benign_none_Gmail.pcap	tcp_547,5,0,,0,0,0.99688905
benign_none_Gmail.pcap	tcp_1706,5,0,,0,0,0.99772507
benign_none_Gmail.pcap	tcp_1957,5,0,,0,0,0.99924135
benign_none_Gmail.pcap	tcp_551,5,0,,0,0,0.99858105
benign_none_Gmail.pcap	tcp_552,5,0,,0,0,0.9980492
benign_none_Gmail.pcap	tcp_2787,5,0,,0,0,0.99868685
benign_none_Gmail.pcap	tcp_1019,5,0,,0,0,0.99894124
benign_none_Gmail.pcap	tcp_2080,5,0,,0,0,0.99902856
benign_none_Gmail.pcap	tcp_2370,5,0,,0,0,0.9991932
benign_none_Gmail.pcap	tcp_1718,5,0,,0,0,0.9992799
benign_none_Gmail.pcap	tcp_1761,5,0,,0,0,0.98862076
benign_none_Gmail.pcap	tcp_1490,5,0,,0,0,0.9978255
benign_none_Gmail.pcap	tcp_1289,5,0,,0,0,0.99885666
benign_none_Gmail.pcap	tcp_1733,5,0,,0,0,0.9990871
benign_none_Gmail.pcap	tcp_2763,5,0,,0,0,0.9997347
benign_none_Gmail.pcap	tcp_568,5,0,,0,0,0.9989177
benign_none_Gmail.pcap	tcp_569,5,0,,0,0,0.9912715
benign_none_Gmail.pcap	tcp_1479,5,0,,0,0,0.9886546
benign_none_Gmail.pcap	tcp_1949,5,0,,0,0,0.99697685
benign_none_Gmail.pcap	tcp_1888,5,0,,0,0,0.99646276
benign_none_Gmail.pcap	tcp_2764,5,0,,0,0,0.99815
benign_none_Gmail.pcap	tcp_2965,5,0,,0,0,0.9980432
benign_none_Gmail.pcap	tcp_1187,5,0,,0,0,0.98108023
benign_none_Gmail.pcap	tcp_1254,5,0,,0,0,0.9977225
benign_none_Gmail.pcap	tcp_1711,5,0,,0,0,0.9844135
benign_none_Gmail.pcap	tcp_579,5,0,,0,0,0.9875828
benign_none_Gmail.pcap	tcp_1969,5,0,,0,0,0.99895644
benign_none_Gmail.pcap	tcp_581,5,0,,0,0,0.9983511
benign_none_Gmail.pcap	tcp_582,5,0,,0,0,0.9976112
benign_none_Gmail.pcap	tcp_2287,5,0,,0,0,0.9969937
benign_none_Gmail.pcap	tcp_586,5,0,,0,0,0.9988543
benign_none_Gmail.pcap	tcp_2238,5,0,,0,0,0.99931455
benign_none_Gmail.pcap	tcp_588,5,0,,0,0,0.99845046
benign_none_Gmail.pcap	tcp_1320,5,0,,0,0,0.99737775
benign_none_Gmail.pcap	tcp_591,5,0,,0,0,0.9990515
benign_none_Gmail.pcap	tcp_2609,5,0,,0,0,0.9990417
benign_none_Gmail.pcap	tcp_2572,5,0,,0,0,0.99973357
benign_none_Gmail.pcap	tcp_1575,5,0,,0,0,0.9990357
benign_none_Gmail.pcap	tcp_1925,5,0,,0,0,0.99938124
benign_none_Gmail.pcap	tcp_1864,5,0,,0,0,0.9986085
benign_none_Gmail.pcap	tcp_2119,5,0,,0,0,0.9976902
benign_none_Gmail.pcap	tcp_2761,5,0,,0,0,0.99862754
benign_none_Gmail.pcap	tcp_1020,5,0,,0,0,0.99870884
benign_none_Gmail.pcap	tcp_1739,5,0,,0,0,0.9932678
benign_none_Gmail.pcap	tcp_2088,5,0,,0,0,0.99504036
benign_none_Gmail.pcap	tcp_1802,5,0,,0,0,0.9967963
benign_none_Gmail.pcap	tcp_1355,5,0,,0,0,0.9841641
benign_none_Gmail.pcap	tcp_1801,5,0,,0,0,0.9984102
benign_none_Gmail.pcap	tcp_1324,5,0,,0,0,0.9976209
benign_none_Gmail.pcap	tcp_2339,5,0,,0,0,0.99837905
benign_none_Gmail.pcap	tcp_612,5,0,,0,0,0.9991699
benign_none_Gmail.pcap	tcp_1465,5,0,,0,0,0.9982719
benign_none_Gmail.pcap	tcp_614,5,0,,0,0,0.99900264
benign_none_Gmail.pcap	tcp_2495,5,0,,0,0,0.9928557
benign_none_Gmail.pcap	tcp_2751,5,0,,0,0,0.75718695
benign_none_Gmail.pcap	tcp_2997,5,0,,0,0,0.9988243
benign_none_Gmail.pcap	tcp_2205,5,0,,0,0,0.9991563
benign_none_Gmail.pcap	tcp_1269,5,0,,0,0,0.9972029
benign_none_Gmail.pcap	tcp_1392,5,0,,0,0,0.99772793
benign_none_Gmail.pcap	tcp_2894,5,0,,0,0,0.99757594
benign_none_Gmail.pcap	tcp_2009,5,0,,0,0,0.9989233
benign_none_Gmail.pcap	tcp_1748,5,0,,0,0,0.99850774
benign_none_Gmail.pcap	tcp_1000,5,0,,0,0,0.999059
benign_none_Gmail.pcap	tcp_2961,5,0,,0,0,0.99943215
benign_none_Gmail.pcap	tcp_1194,5,0,,0,0,0.9982808
benign_none_Gmail.pcap	tcp_2149,5,0,,0,0,0.99910206
benign_none_Gmail.pcap	tcp_1964,5,0,,0,0,0.998923
benign_none_Gmail.pcap	tcp_1300,5,0,,0,0,0.9989825
benign_none_Gmail.pcap	tcp_2722,5,0,,0,0,0.99759495
benign_none_Gmail.pcap	tcp_2650,5,0,,0,0,0.9995874
benign_none_Gmail.pcap	tcp_637,5,0,,0,0,0.999048
benign_none_Gmail.pcap	tcp_2920,5,0,,0,0,0.99911034
benign_none_Gmail.pcap	tcp_2414,5,0,,0,0,0.9974547
benign_none_Gmail.pcap	tcp_2067,5,0,,0,0,0.99725705
benign_none_Gmail.pcap	tcp_1390,5,0,,0,0,0.9987134
benign_none_Gmail.pcap	tcp_2570,5,0,,0,0,0.98904854
benign_none_Gmail.pcap	tcp_643,5,0,,0,0,0.99500763
benign_none_Gmail.pcap	tcp_1853,5,0,,0,0,0.9979468
benign_none_Gmail.pcap	tcp_1696,5,0,,0,0,0.99829537
benign_none_Gmail.pcap	tcp_647,5,0,,0,0,0.99798524
benign_none_Gmail.pcap	tcp_1932,5,0,,0,0,0.99792594
benign_none_Gmail.pcap	tcp_1862,5,0,,0,0,0.9989631
benign_none_Gmail.pcap	tcp_2774,5,0,,0,0,0.99882454
benign_none_Gmail.pcap	tcp_2401,5,0,,0,0,0.9988555
benign_none_Gmail.pcap	tcp_2051,5,0,,0,0,0.9986177
benign_none_Gmail.pcap	tcp_656,5,0,,0,0,0.9991703
benign_none_Gmail.pcap	tcp_1828,5,0,,0,0,0.9989309
benign_none_Gmail.pcap	tcp_2705,5,0,,0,0,0.9994248
benign_none_Gmail.pcap	tcp_659,5,0,,0,0,0.9900951
benign_none_Gmail.pcap	tcp_660,5,0,,0,0,0.99947345
benign_none_Gmail.pcap	tcp_661,5,0,,0,0,0.99907964
benign_none_Gmail.pcap	tcp_1440,5,0,,0,0,0.9945206
benign_none_Gmail.pcap	tcp_1588,5,0,,0,0,0.998808
benign_none_Gmail.pcap	tcp_1012,5,0,,0,0,0.9989959
benign_none_Gmail.pcap	tcp_665,5,0,,0,0,0.9991619
benign_none_Gmail.pcap	tcp_1698,5,0,,0,0,0.99878424
benign_none_Gmail.pcap	tcp_2694,5,0,,0,0,0.9982747
benign_none_Gmail.pcap	tcp_1038,5,0,,0,0,0.999509
benign_none_Gmail.pcap	tcp_2448,5,0,,0,0,0.998154
benign_none_Gmail.pcap	tcp_2992,5,0,,0,0,0.9960481
benign_none_Gmail.pcap	tcp_2529,5,0,,0,0,0.99956715
benign_none_Gmail.pcap	tcp_2255,5,0,,0,0,0.9978757
benign_none_Gmail.pcap	tcp_2472,5,0,,0,0,0.9975204
benign_none_Gmail.pcap	tcp_1685,5,0,,0,0,0.99706
benign_none_Gmail.pcap	tcp_2745,5,0,,0,0,0.9995553
benign_none_Gmail.pcap	tcp_2008,5,0,,0,0,0.99958676
benign_none_Gmail.pcap	tcp_2573,5,0,,0,0,0.9993617
benign_none_Gmail.pcap	tcp_1593,5,0,,0,0,0.99760026
benign_none_Gmail.pcap	tcp_682,5,0,,0,0,0.9949238
benign_none_Gmail.pcap	tcp_684,5,0,,0,0,0.999127
benign_none_Gmail.pcap	tcp_2061,5,0,,0,0,0.9992202
benign_none_Gmail.pcap	tcp_2584,5,0,,0,0,0.99808156
benign_none_Gmail.pcap	tcp_1347,5,0,,0,0,0.99915934
benign_none_Gmail.pcap	tcp_690,5,0,,0,0,0.99938977
benign_none_Gmail.pcap	tcp_2672,5,0,,0,0,0.9987452
benign_none_Gmail.pcap	tcp_2206,5,1,Cc_5,0,0,0.9974406
benign_none_Gmail.pcap	tcp_1040,5,0,,0,0,0.9989311
benign_none_Gmail.pcap	tcp_695,5,0,,0,0,0.9990068
benign_none_Gmail.pcap	tcp_1469,5,0,,0,0,0.9958125
benign_none_Gmail.pcap	tcp_1178,5,0,,0,0,0.99792725
benign_none_Gmail.pcap	tcp_698,5,0,,0,0,0.99916863
benign_none_Gmail.pcap	tcp_699,5,0,,0,0,0.9979869
benign_none_Gmail.pcap	tcp_2696,5,0,,0,0,0.9985553
benign_none_Gmail.pcap	tcp_1847,5,0,,0,0,0.99946874
benign_none_Gmail.pcap	tcp_1549,5,0,,0,0,0.9988295
benign_none_Gmail.pcap	tcp_2538,5,0,,0,0,0.9982986
benign_none_Gmail.pcap	tcp_1983,5,0,,0,0,0.9980726
benign_none_Gmail.pcap	tcp_707,5,0,,0,0,0.9992037
benign_none_Gmail.pcap	tcp_708,5,0,,0,0,0.99906856
benign_none_Gmail.pcap	tcp_1141,5,0,,0,0,0.9996254
benign_none_Gmail.pcap	tcp_710,5,0,,0,0,0.9964857
benign_none_Gmail.pcap	tcp_2305,5,0,,0,0,0.9975641
benign_none_Gmail.pcap	tcp_2319,5,0,,0,0,0.9990793
benign_none_Gmail.pcap	tcp_1865,5,0,,0,0,0.9989535
benign_none_Gmail.pcap	tcp_1582,5,0,,0,0,0.9984629
benign_none_Gmail.pcap	tcp_1498,5,0,,0,0,0.99832386
benign_none_Gmail.pcap	tcp_717,5,0,,0,0,0.9979232
benign_none_Gmail.pcap	tcp_720,5,0,,0,0,0.97483796
benign_none_Gmail.pcap	tcp_1833,5,0,,0,0,0.99882895
benign_none_Gmail.pcap	tcp_2411,5,0,,0,0,0.9995627
benign_none_Gmail.pcap	tcp_723,5,0,,0,0,0.9907466
benign_none_Gmail.pcap	tcp_1088,5,0,,0,0,0.99945444
benign_none_Gmail.pcap	tcp_1973,5,0,,0,0,0.999275
benign_none_Gmail.pcap	tcp_1408,5,0,,0,0,0.9984991
benign_none_Gmail.pcap	tcp_1047,5,0,,0,0,0.9992976
benign_none_Gmail.pcap	tcp_2811,5,0,,0,0,0.99923384
benign_none_Gmail.pcap	tcp_2276,5,0,,0,0,0.9975214
benign_none_Gmail.pcap	tcp_733,5,0,,0,0,0.99848723
benign_none_Gmail.pcap	tcp_2344,5,0,,0,0,0.99772626
benign_none_Gmail.pcap	tcp_735,5,0,,0,0,0.99215096
benign_none_Gmail.pcap	tcp_736,5,0,,0,0,0.99678725
benign_none_Gmail.pcap	tcp_2296,5,0,,0,0,0.99953985
benign_none_Gmail.pcap	tcp_738,5,0,,0,0,0.98744124
benign_none_Gmail.pcap	tcp_1921,5,0,,0,0,0.9979321
benign_none_Gmail.pcap	tcp_2677,5,0,,0,0,0.99866045
benign_none_Gmail.pcap	tcp_742,5,0,,0,0,0.99765235
benign_none_Gmail.pcap	tcp_2914,5,0,,0,0,0.9981339
benign_none_Gmail.pcap	tcp_2735,5,0,,0,0,0.9993024
benign_none_Gmail.pcap	tcp_1202,5,0,,0,0,0.9960424
benign_none_Gmail.pcap	tcp_2404,5,0,,0,0,0.9920533
benign_none_Gmail.pcap	tcp_749,5,0,,0,0,0.9973755
benign_none_Gmail.pcap	tcp_2348,5,0,,0,0,0.9994548
benign_none_Gmail.pcap	tcp_2498,5,0,,0,0,0.99905354
benign_none_Gmail.pcap	tcp_753,5,0,,0,0,0.9963643
benign_none_Gmail.pcap	tcp_1014,5,0,,0,0,0.9978479
benign_none_Gmail.pcap	tcp_755,5,0,,0,0,0.99952245
benign_none_Gmail.pcap	tcp_1686,5,0,,0,0,0.9995092
benign_none_Gmail.pcap	tcp_1619,5,0,,0,0,0.99926966
benign_none_Gmail.pcap	tcp_759,5,0,,0,0,0.9978527
benign_none_Gmail.pcap	tcp_2687,5,0,,0,0,0.9977647
benign_none_Gmail.pcap	tcp_2521,5,0,,0,0,0.99844974
benign_none_Gmail.pcap	tcp_1296,5,0,,0,0,0.9994388
benign_none_Gmail.pcap	tcp_2819,5,0,,0,0,0.99792725
benign_none_Gmail.pcap	tcp_2770,5,0,,0,0,0.9987096
benign_none_Gmail.pcap	tcp_1825,5,0,,0,0,0.9990262
benign_none_Gmail.pcap	tcp_2431,5,0,,0,0,0.9990797
benign_none_Gmail.pcap	tcp_2136,5,0,,0,0,0.98973805
benign_none_Gmail.pcap	tcp_2535,5,0,,0,0,0.9985289
benign_none_Gmail.pcap	tcp_769,5,0,,0,0,0.99001914
benign_none_Gmail.pcap	tcp_2335,5,0,,0,0,0.999373
benign_none_Gmail.pcap	tcp_773,5,0,,0,0,0.9967545
benign_none_Gmail.pcap	tcp_776,5,0,,0,0,0.9992086
benign_none_Gmail.pcap	tcp_2464,5,0,,0,0,0.99901336
benign_none_Gmail.pcap	tcp_2015,5,0,,0,0,0.996005
benign_none_Gmail.pcap	tcp_1360,5,0,,0,0,0.99846894
benign_none_Gmail.pcap	tcp_781,5,0,,0,0,0.9980763
benign_none_Gmail.pcap	tcp_2699,5,0,,0,0,0.9991027
benign_none_Gmail.pcap	tcp_1470,5,0,,0,0,0.99588215
benign_none_Gmail.pcap	tcp_2686,5,0,,0,0,0.9989152
benign_none_Gmail.pcap	tcp_785,5,0,,0,0,0.99874157
benign_none_Gmail.pcap	tcp_2771,5,0,,0,0,0.9984895
benign_none_Gmail.pcap	tcp_1362,5,0,,0,0,0.9995634
benign_none_Gmail.pcap	tcp_1660,5,0,,0,0,0.9980564
benign_none_Gmail.pcap	tcp_790,5,0,,0,0,0.9987828
benign_none_Gmail.pcap	tcp_1043,5,0,,0,0,0.99698174
benign_none_Gmail.pcap	tcp_792,5,0,,0,0,0.99903667
benign_none_Gmail.pcap	tcp_2244,5,0,,0,0,0.99467707
benign_none_Gmail.pcap	tcp_2500,5,0,,0,0,0.99858654
benign_none_Gmail.pcap	tcp_1275,5,0,,0,0,0.99943566
benign_none_Gmail.pcap	tcp_1273,5,0,,0,0,0.9965593
benign_none_Gmail.pcap	tcp_2796,5,0,,0,0,0.9992465
benign_none_Gmail.pcap	tcp_1310,5,0,,0,0,0.9959741
benign_none_Gmail.pcap	tcp_800,5,0,,0,0,0.9954934
benign_none_Gmail.pcap	tcp_1988,5,0,,0,0,0.99718356
benign_none_Gmail.pcap	tcp_2563,5,0,,0,0,0.99822223
benign_none_Gmail.pcap	tcp_803,5,0,,0,0,0.99953485
benign_none_Gmail.pcap	tcp_2429,5,0,,0,0,0.9978307
benign_none_Gmail.pcap	tcp_2619,5,0,,0,0,0.9984101
benign_none_Gmail.pcap	tcp_1545,5,0,,0,0,0.9852728
benign_none_Gmail.pcap	tcp_808,5,0,,0,0,0.9981846
benign_none_Gmail.pcap	tcp_1944,5,0,,0,0,0.9986235
benign_none_Gmail.pcap	tcp_2594,5,0,,0,0,0.98888713
benign_none_Gmail.pcap	tcp_2760,5,0,,0,0,0.9989882
benign_none_Gmail.pcap	tcp_2326,5,0,,0,0,0.99399805
benign_none_Gmail.pcap	tcp_1330,5,0,,0,0,0.9993575
benign_none_Gmail.pcap	tcp_1180,5,0,,0,0,0.9990497
benign_none_Gmail.pcap	tcp_2191,5,0,,0,0,0.9996917
benign_none_Gmail.pcap	tcp_2802,5,0,,0,0,0.99862564
benign_none_Gmail.pcap	tcp_1583,5,0,,0,0,0.9989811
benign_none_Gmail.pcap	tcp_822,5,0,,0,0,0.99957687
benign_none_Gmail.pcap	tcp_1924,5,0,,0,0,0.9987827
benign_none_Gmail.pcap	tcp_1497,5,0,,0,0,0.9985879
benign_none_Gmail.pcap	tcp_826,5,0,,0,0,0.9988293
benign_none_Gmail.pcap	tcp_1592,5,0,,0,0,0.99772227
benign_none_Gmail.pcap	tcp_2536,5,0,,0,0,0.99946505
benign_none_Gmail.pcap	tcp_1910,5,0,,0,0,0.9985784
benign_none_Gmail.pcap	tcp_831,5,0,,0,0,0.99965173
benign_none_Gmail.pcap	tcp_832,5,0,,0,0,0.9964605
benign_none_Gmail.pcap	tcp_2851,5,0,,0,0,0.99944943
benign_none_Gmail.pcap	tcp_2524,5,0,,0,0,0.9991555
benign_none_Gmail.pcap	tcp_2832,5,0,,0,0,0.99834013
benign_none_Gmail.pcap	tcp_836,5,0,,0,0,0.9987959
benign_none_Gmail.pcap	tcp_838,5,0,,0,0,0.9985305
benign_none_Gmail.pcap	tcp_839,5,0,,0,0,0.9982564
benign_none_Gmail.pcap	tcp_1633,5,0,,0,0,0.9693291
benign_none_Gmail.pcap	tcp_1540,5,0,,0,0,0.99881905
benign_none_Gmail.pcap	tcp_1954,5,0,,0,0,0.9996405
benign_none_Gmail.pcap	tcp_1810,5,0,,0,0,0.9948131
benign_none_Gmail.pcap	tcp_2941,5,0,,0,0,0.99751353
benign_none_Gmail.pcap	tcp_1585,5,0,,0,0,0.9994468
benign_none_Gmail.pcap	tcp_2940,5,0,,0,0,0.9962556
benign_none_Gmail.pcap	tcp_2383,5,0,,0,0,0.99884486
benign_none_Gmail.pcap	tcp_2571,5,0,,0,0,0.9984078
benign_none_Gmail.pcap	tcp_1940,5,0,,0,0,0.9993781
benign_none_Gmail.pcap	tcp_2797,5,0,,0,0,0.9994744
benign_none_Gmail.pcap	tcp_855,5,0,,0,0,0.97114635
benign_none_Gmail.pcap	tcp_2229,5,0,,0,0,0.9990404
benign_none_Gmail.pcap	tcp_1004,5,0,,0,0,0.99688846
benign_none_Gmail.pcap	tcp_1789,5,0,,0,0,0.9947522
benign_none_Gmail.pcap	tcp_1101,5,0,,0,0,0.9987934
benign_none_Gmail.pcap	tcp_2844,5,0,,0,0,0.99926114
benign_none_Gmail.pcap	tcp_1835,5,0,,0,0,0.9997323
benign_none_Gmail.pcap	tcp_862,5,0,,0,0,0.9985405
benign_none_Gmail.pcap	tcp_863,5,0,,0,0,0.9981029
benign_none_Gmail.pcap	tcp_864,5,0,,0,0,0.99854904
benign_none_Gmail.pcap	tcp_1805,5,0,,0,0,0.9982494
benign_none_Gmail.pcap	tcp_1312,5,0,,0,0,0.99720913
benign_none_Gmail.pcap	tcp_867,5,0,,0,0,0.9977075
benign_none_Gmail.pcap	tcp_869,5,0,,0,0,0.9992261
benign_none_Gmail.pcap	tcp_2550,5,0,,0,0,0.99877256
benign_none_Gmail.pcap	tcp_871,5,0,,0,0,0.99645257
benign_none_Gmail.pcap	tcp_872,5,0,,0,0,0.9989536
benign_none_Gmail.pcap	tcp_873,5,0,,0,0,0.9987382
benign_none_Gmail.pcap	tcp_876,5,0,,0,0,0.9975706
benign_none_Gmail.pcap	tcp_2636,5,0,,0,0,0.99941814
benign_none_Gmail.pcap	tcp_2877,5,0,,0,0,0.999444
benign_none_Gmail.pcap	tcp_1819,5,0,,0,0,0.99678075
benign_none_Gmail.pcap	tcp_2301,5,0,,0,0,0.9993974
benign_none_Gmail.pcap	tcp_882,5,0,,0,0,0.99645126
benign_none_Gmail.pcap	tcp_2567,5,0,,0,0,0.9987557
benign_none_Gmail.pcap	tcp_1657,5,0,,0,0,0.9995161
benign_none_Gmail.pcap	tcp_2497,5,0,,0,0,0.9982664
benign_none_Gmail.pcap	tcp_886,5,0,,0,0,0.9993512
benign_none_Gmail.pcap	tcp_887,5,0,,0,0,0.9992515
benign_none_Gmail.pcap	tcp_1578,5,0,,0,0,0.99957854
benign_none_Gmail.pcap	tcp_1782,5,0,,0,0,0.9962419
benign_none_Gmail.pcap	tcp_1359,5,0,,0,0,0.9967076
benign_none_Gmail.pcap	tcp_2030,5,0,,0,0,0.9983302
benign_none_Gmail.pcap	tcp_2801,5,0,,0,0,0.9874205
benign_none_Gmail.pcap	tcp_1508,5,0,,0,0,0.99696064
benign_none_Gmail.pcap	tcp_896,5,0,,0,0,0.9968581
benign_none_Gmail.pcap	tcp_1288,5,0,,0,0,0.9980288
benign_none_Gmail.pcap	tcp_900,5,0,,0,0,0.9983177
benign_none_Gmail.pcap	tcp_1063,5,0,,0,0,0.99898
benign_none_Gmail.pcap	tcp_902,5,0,,0,0,0.9992285
benign_none_Gmail.pcap	tcp_903,5,0,,0,0,0.9874929
benign_none_Gmail.pcap	tcp_1668,5,0,,0,0,0.99574345
benign_none_Gmail.pcap	tcp_2945,5,0,,0,0,0.9986915
benign_none_Gmail.pcap	tcp_906,5,0,,0,0,0.99910897
benign_none_Gmail.pcap	tcp_908,5,0,,0,0,0.9966988
benign_none_Gmail.pcap	tcp_2200,5,0,,0,0,0.9994221
benign_none_Gmail.pcap	tcp_910,5,0,,0,0,0.9989716
benign_none_Gmail.pcap	tcp_2806,5,0,,0,0,0.9950083
benign_none_Gmail.pcap	tcp_914,5,0,,0,0,0.9964906
benign_none_Gmail.pcap	tcp_916,5,0,,0,0,0.99839234
benign_none_Gmail.pcap	tcp_917,5,0,,0,0,0.999305
benign_none_Gmail.pcap	tcp_2655,5,0,,0,0,0.99907315
benign_none_Gmail.pcap	tcp_2592,5,0,,0,0,0.99861
benign_none_Gmail.pcap	tcp_2882,5,0,,0,0,0.9984213
benign_none_Gmail.pcap	tcp_2754,5,0,,0,0,0.9990358
benign_none_Gmail.pcap	tcp_2750,5,0,,0,0,0.9976838
benign_none_Gmail.pcap	tcp_926,5,0,,0,0,0.9991039
benign_none_Gmail.pcap	tcp_927,5,0,,0,0,0.99156135
benign_none_Gmail.pcap	tcp_2153,5,0,,0,0,0.9986455
benign_none_Gmail.pcap	tcp_1036,5,0,,0,0,0.98354477
benign_none_Gmail.pcap	tcp_1622,5,0,,0,0,0.99636215
benign_none_Gmail.pcap	tcp_932,5,0,,0,0,0.9943955
benign_none_Gmail.pcap	tcp_2620,5,0,,0,0,0.9977839
benign_none_Gmail.pcap	tcp_934,5,0,,0,0,0.9865391
benign_none_Gmail.pcap	tcp_2059,5,0,,0,0,0.9990871
benign_none_Gmail.pcap	tcp_1216,5,0,,0,0,0.9694089
benign_none_Gmail.pcap	tcp_1611,5,0,,0,0,0.9990152
benign_none_Gmail.pcap	tcp_2420,5,0,,0,0,0.99917966
benign_none_Gmail.pcap	tcp_1030,5,0,,0,0,0.99927694
benign_none_Gmail.pcap	tcp_942,5,0,,0,0,0.99834824
benign_none_Gmail.pcap	tcp_943,5,0,,0,0,0.99633145
benign_none_Gmail.pcap	tcp_945,5,0,,0,0,0.99928904
benign_none_Gmail.pcap	tcp_2857,5,0,,0,0,0.99831975
benign_none_Gmail.pcap	tcp_2201,5,0,,0,0,0.9973629
benign_none_Gmail.pcap	tcp_2082,5,0,,0,0,0.9976769
benign_none_Gmail.pcap	tcp_949,5,0,,0,0,0.9962388
benign_none_Gmail.pcap	tcp_1264,5,0,,0,0,0.9988073
benign_none_Gmail.pcap	tcp_951,5,0,,0,0,0.99953234
benign_none_Gmail.pcap	tcp_2623,5,0,,0,0,0.99723864
benign_none_Gmail.pcap	tcp_953,5,0,,0,0,0.9992725
benign_none_Gmail.pcap	tcp_955,5,0,,0,0,0.9987135
benign_none_Gmail.pcap	tcp_2122,5,0,,0,0,0.9993088
benign_none_Gmail.pcap	tcp_2624,5,0,,0,0,0.9981256
benign_none_Gmail.pcap	tcp_1241,5,0,,0,0,0.99920017
benign_none_Gmail.pcap	tcp_959,5,0,,0,0,0.99877053
benign_none_Gmail.pcap	tcp_1643,5,0,,0,0,0.99078333
benign_none_Gmail.pcap	tcp_1629,5,0,,0,0,0.9988452
benign_none_Gmail.pcap	tcp_2871,5,0,,0,0,0.9982993
benign_none_Gmail.pcap	tcp_964,5,0,,0,0,0.9985775
benign_none_Gmail.pcap	tcp_965,5,0,,0,0,0.9982474
benign_none_Gmail.pcap	tcp_2667,5,0,,0,0,0.99923897
benign_none_Gmail.pcap	tcp_2820,5,0,,0,0,0.9956468
benign_none_Gmail.pcap	tcp_969,5,0,,0,0,0.99896413
benign_none_Gmail.pcap	tcp_971,5,0,,0,0,0.99798405
benign_none_Gmail.pcap	tcp_972,5,0,,0,0,0.9992617
benign_none_Gmail.pcap	tcp_975,5,0,,0,0,0.9992814
benign_none_Gmail.pcap	tcp_976,5,0,,0,0,0.99828243
benign_none_Gmail.pcap	tcp_2310,5,0,,0,0,0.9981407
benign_none_Gmail.pcap	tcp_2897,5,0,,0,0,0.99794453
benign_none_Gmail.pcap	tcp_980,5,0,,0,0,0.9993661
benign_none_Gmail.pcap	tcp_981,5,0,,0,0,0.99931717
benign_none_Gmail.pcap	tcp_2163,5,0,,0,0,0.99862236
benign_none_Gmail.pcap	tcp_1971,5,0,,0,0,0.99892163
benign_none_Gmail.pcap	tcp_1447,5,0,,0,0,0.9988759
benign_none_Gmail.pcap	tcp_985,5,0,,0,0,0.9990301
benign_none_Gmail.pcap	tcp_986,5,0,,0,0,0.9947331
benign_none_Gmail.pcap	tcp_1719,5,0,,0,0,0.9991603
benign_none_Gmail.pcap	tcp_989,5,0,,0,0,0.99941003
benign_none_Gmail.pcap	tcp_990,5,0,,0,0,0.9981771
benign_none_Gmail.pcap	tcp_2025,5,0,,0,0,0.99858725
benign_none_Gmail.pcap	tcp_2004,5,0,,0,0,0.9982621
benign_none_Gmail.pcap	tcp_1226,5,0,,0,0,0.9985154
benign_none_Gmail.pcap	tcp_996,5,0,,0,0,0.99890316
benign_none_Gmail.pcap	tcp_998,5,0,,0,0,0.9933308
benign_none_Gmail.pcap	tcp_999,5,0,,0,0,0.99717855
malware_none_Miuref.pcap	udp_0,7,1,Cc_5;Bb_7,0,1,0.013184005
malware_none_Miuref.pcap	tcp_1850,7,0,,0,0,0.9992618
malware_none_Miuref.pcap	tcp_1595,7,0,,0,0,0.9118123
malware_none_Miuref.pcap	tcp_1817,7,0,,0,0,0.6544083
malware_none_Miuref.pcap	tcp_1933,7,0,,0,0,0.9973775
malware_none_Miuref.pcap	tcp_2538,7,0,,0,0,0.99714065
malware_none_Miuref.pcap	tcp_2266,7,0,,0,0,0.98625064
malware_none_Miuref.pcap	tcp_1776,7,0,,0,0,0.92417264
malware_none_Miuref.pcap	tcp_2080,7,0,,0,0,0.16950864
malware_none_Miuref.pcap	tcp_1490,7,0,,0,0,0.98786515
malware_none_Miuref.pcap	tcp_2118,7,0,,0,0,0.99906665
malware_none_Miuref.pcap	udp_7,7,0,,0,1,0.030530477
malware_none_Miuref.pcap	tcp_1079,7,0,,0,0,0.9987985
malware_none_Miuref.pcap	tcp_2754,7,0,,0,0,0.99567896
malware_none_Miuref.pcap	tcp_5,7,0,,0,0,0.8942051
malware_none_Miuref.pcap	tcp_2276,7,0,,0,0,0.91404396
malware_none_Miuref.pcap	tcp_7,7,0,,0,0,0.93705595
malware_none_Miuref.pcap	tcp_1878,7,0,,0,0,0.9988879
malware_none_Miuref.pcap	tcp_2661,7,0,,0,0,0.99759424
malware_none_Miuref.pcap	tcp_1885,7,0,,0,0,0.9867437
malware_none_Miuref.pcap	tcp_1841,7,0,,0,0,0.9929971
malware_none_Miuref.pcap	udp_13,7,1,Cc_5;Bb_7,0,0,0.11444175
malware_none_Miuref.pcap	udp_14,7,1,Cc_5;Bb_7,0,1,0.023655104
malware_none_Miuref.pcap	tcp_1550,7,0,,0,0,0.9920407
malware_none_Miuref.pcap	tcp_2927,7,0,,0,0,0.9980754
malware_none_Miuref.pcap	tcp_1290,7,0,,0,0,0.98096234
malware_none_Miuref.pcap	udp_17,7,1,Cd_2;Bb_7,0,1,0.009625963
malware_none_Miuref.pcap	tcp_2117,7,0,,0,0,0.9694407
malware_none_Miuref.pcap	tcp_1803,7,0,,0,0,0.9981509
malware_none_Miuref.pcap	tcp_1460,7,0,,0,0,0.9990693
malware_none_Miuref.pcap	tcp_2772,7,0,,0,0,0.9985832
malware_none_Miuref.pcap	tcp_1673,7,0,,0,0,0.9985292
malware_none_Miuref.pcap	tcp_2664,7,0,,0,0,0.99848527
malware_none_Miuref.pcap	tcp_2269,7,0,,0,0,0.9990962
malware_none_Miuref.pcap	tcp_1704,7,0,,0,0,0.9803535
malware_none_Miuref.pcap	tcp_1414,7,0,,0,0,0.9879803
malware_none_Miuref.pcap	tcp_22,7,0,,0,0,0.9984264
malware_none_Miuref.pcap	tcp_1241,7,0,,0,0,0.9685689
malware_none_Miuref.pcap	tcp_2165,7,0,,0,0,0.9501311
malware_none_Miuref.pcap	tcp_1644,7,0,,0,0,0.97894067
malware_none_Miuref.pcap	tcp_2608,7,0,,0,0,0.9948065
malware_none_Miuref.pcap	tcp_29,7,0,,0,0,0.97837824
malware_none_Miuref.pcap	tcp_31,7,0,,0,0,0.9008473
malware_none_Miuref.pcap	tcp_1718,7,0,,0,0,0.9987758
malware_none_Miuref.pcap	tcp_2921,7,0,,0,0,0.99547774
malware_none_Miuref.pcap	tcp_1554,7,0,,0,0,0.9878169
malware_none_Miuref.pcap	tcp_35,7,0,,0,0,0.6923955
malware_none_Miuref.pcap	tcp_2637,7,0,,0,0,0.99705863
malware_none_Miuref.pcap	tcp_37,7,0,,0,0,0.99085134
malware_none_Miuref.pcap	tcp_2239,7,0,,0,0,0.6457913
malware_none_Miuref.pcap	tcp_2697,7,0,,0,0,0.99669504
malware_none_Miuref.pcap	tcp_2314,7,0,,0,0,0.3504201
malware_none_Miuref.pcap	tcp_1101,7,0,,0,0,0.99879074
malware_none_Miuref.pcap	tcp_2876,7,0,,0,0,0.9987286
malware_none_Miuref.pcap	tcp_1086,7,0,,0,0,0.9994103
malware_none_Miuref.pcap	tcp_1546,7,0,,0,0,0.99335337
malware_none_Miuref.pcap	tcp_2496,7,0,,0,0,0.99929935
malware_none_Miuref.pcap	tcp_1493,7,0,,0,0,0.99886847
malware_none_Miuref.pcap	tcp_1585,7,0,,0,0,0.99887276
malware_none_Miuref.pcap	tcp_1213,7,0,,0,0,0.9981214
malware_none_Miuref.pcap	tcp_2579,7,0,,0,0,0.98967725
malware_none_Miuref.pcap	tcp_51,7,0,,0,0,0.85151225
malware_none_Miuref.pcap	tcp_1835,7,0,,0,0,0.9884404
malware_none_Miuref.pcap	tcp_1575,7,0,,0,0,0.50720954
malware_none_Miuref.pcap	tcp_1469,7,0,,0,0,0.98137885
malware_none_Miuref.pcap	tcp_56,7,0,,0,0,0.7359996
malware_none_Miuref.pcap	tcp_57,7,0,,0,0,0.99564856
malware_none_Miuref.pcap	tcp_2711,7,0,,0,0,0.97676814
malware_none_Miuref.pcap	tcp_1622,7,0,,0,0,0.7850512
malware_none_Miuref.pcap	tcp_2572,7,0,,0,0,0.9995308
malware_none_Miuref.pcap	tcp_2885,7,0,,0,0,0.99238676
malware_none_Miuref.pcap	tcp_62,7,0,,0,0,0.9754726
malware_none_Miuref.pcap	tcp_1142,7,0,,0,0,0.9987643
malware_none_Miuref.pcap	tcp_64,7,0,,0,0,0.87166286
malware_none_Miuref.pcap	tcp_1146,7,0,,0,0,0.99903345
malware_none_Miuref.pcap	tcp_2017,7,0,,0,0,0.9900489
malware_none_Miuref.pcap	tcp_68,7,0,,0,0,0.9989151
malware_none_Miuref.pcap	tcp_2555,7,0,,0,0,0.9968197
malware_none_Miuref.pcap	tcp_2508,7,0,,0,0,0.99895537
malware_none_Miuref.pcap	tcp_1145,7,0,,0,0,0.99908054
malware_none_Miuref.pcap	tcp_73,7,0,,0,0,0.99936575
malware_none_Miuref.pcap	tcp_1631,7,0,,0,0,0.9985141
malware_none_Miuref.pcap	tcp_1434,7,0,,0,0,0.99941134
malware_none_Miuref.pcap	tcp_76,7,0,,0,0,0.9987814
malware_none_Miuref.pcap	tcp_1419,7,0,,0,0,0.98284775
malware_none_Miuref.pcap	tcp_1677,7,0,,0,0,0.99907154
malware_none_Miuref.pcap	tcp_2633,7,0,,0,0,0.998579
malware_none_Miuref.pcap	tcp_2668,7,0,,0,0,0.9993793
malware_none_Miuref.pcap	tcp_2774,7,0,,0,0,0.9943311
malware_none_Miuref.pcap	tcp_1115,7,0,,0,0,0.9823945
malware_none_Miuref.pcap	tcp_85,7,0,,0,0,0.58073634
malware_none_Miuref.pcap	tcp_2475,7,0,,0,0,0.9978764
malware_none_Miuref.pcap	tcp_87,7,0,,0,0,0.9991078
malware_none_Miuref.pcap	tcp_89,7,0,,0,0,0.6176941
malware_none_Miuref.pcap	tcp_1783,7,0,,0,0,0.9992086
malware_none_Miuref.pcap	tcp_2600,7,0,,0,0,0.9728907
malware_none_Miuref.pcap	tcp_2775,7,0,,0,0,0.9988728
malware_none_Miuref.pcap	tcp_2049,7,0,,0,0,0.9991943
malware_none_Miuref.pcap	tcp_2732,7,0,,0,0,0.9978891
malware_none_Miuref.pcap	tcp_95,7,0,,0,0,0.8215448
malware_none_Miuref.pcap	tcp_97,7,0,,0,0,0.98243356
malware_none_Miuref.pcap	tcp_2515,7,0,,0,0,0.99861777
malware_none_Miuref.pcap	tcp_2510,7,0,,0,0,0.99833447
malware_none_Miuref.pcap	tcp_104,7,0,,0,0,0.998684
malware_none_Miuref.pcap	tcp_105,7,0,,0,0,0.99869126
malware_none_Miuref.pcap	tcp_1019,7,0,,0,0,0.9988663
malware_none_Miuref.pcap	tcp_1254,7,0,,0,0,0.9989503
malware_none_Miuref.pcap	tcp_2830,7,0,,0,0,0.9964135
malware_none_Miuref.pcap	tcp_2851,7,0,,0,0,0.9975756
malware_none_Miuref.pcap	tcp_1293,7,0,,0,0,0.98491806
malware_none_Miuref.pcap	tcp_1030,7,0,,0,0,0.9992992
malware_none_Miuref.pcap	tcp_1405,7,0,,0,0,0.9978923
malware_none_Miuref.pcap	tcp_116,7,0,,0,0,0.9830674
malware_none_Miuref.pcap	tcp_117,7,0,,0,0,0.701847
malware_none_Miuref.pcap	tcp_2292,7,0,,0,0,0.69747484
malware_none_Miuref.pcap	tcp_1313,7,0,,0,0,0.9294315
malware_none_Miuref.pcap	tcp_121,7,0,,0,0,0.9889731
malware_none_Miuref.pcap	tcp_2810,7,0,,0,0,0.99888086
malware_none_Miuref.pcap	tcp_123,7,0,,0,0,0.9985267
malware_none_Miuref.pcap	tcp_1900,7,0,,0,0,0.99935514
malware_none_Miuref.pcap	tcp_2832,7,0,,0,0,0.99840504
malware_none_Miuref.pcap	tcp_126,7,0,,0,0,0.9987785
malware_none_Miuref.pcap	tcp_1266,7,0,,0,0,0.9147388
malware_none_Miuref.pcap	tcp_129,7,0,,0,0,0.9979861
malware_none_Miuref.pcap	tcp_2354,7,0,,0,0,0.98150015
malware_none_Miuref.pcap	tcp_1558,7,0,,0,0,0.997792
malware_none_Miuref.pcap	tcp_132,7,0,,0,0,0.991743
malware_none_Miuref.pcap	tcp_1719,7,0,,0,0,0.97674966
malware_none_Miuref.pcap	tcp_1071,7,0,,0,0,0.9588908
malware_none_Miuref.pcap	tcp_2651,7,0,,0,0,0.998674
malware_none_Miuref.pcap	tcp_136,7,0,,0,0,0.97874063
malware_none_Miuref.pcap	tcp_137,7,0,,0,0,0.98730874
malware_none_Miuref.pcap	tcp_1498,7,0,,0,0,0.99942774
malware_none_Miuref.pcap	tcp_139,7,0,,0,0,0.99342763
malware_none_Miuref.pcap	tcp_140,7,0,,0,0,0.99931085
malware_none_Miuref.pcap	tcp_1824,7,0,,0,0,0.99746394
malware_none_Miuref.pcap	tcp_143,7,0,,0,0,0.969055
malware_none_Miuref.pcap	tcp_2151,7,0,,0,0,0.806066
malware_none_Miuref.pcap	tcp_2887,7,0,,0,0,0.9974476
malware_none_Miuref.pcap	tcp_147,7,0,,0,0,0.9986479
malware_none_Miuref.pcap	tcp_2482,7,0,,0,0,0.9748971
malware_none_Miuref.pcap	tcp_1611,7,0,,0,0,0.99898803
malware_none_Miuref.pcap	tcp_1549,7,0,,0,0,0.52220416
malware_none_Miuref.pcap	tcp_2966,7,0,,0,0,0.99798286
malware_none_Miuref.pcap	tcp_153,7,0,,0,0,0.9485536
malware_none_Miuref.pcap	tcp_154,7,0,,0,0,0.9156963
malware_none_Miuref.pcap	tcp_2120,7,0,,0,0,0.96951866
malware_none_Miuref.pcap	tcp_157,7,0,,0,0,0.99798125
malware_none_Miuref.pcap	tcp_158,7,0,,0,0,0.9990361
malware_none_Miuref.pcap	tcp_2196,7,0,,0,0,0.99894714
malware_none_Miuref.pcap	tcp_1618,7,0,,0,0,0.9971897
malware_none_Miuref.pcap	tcp_2601,7,0,,0,0,0.9973387
malware_none_Miuref.pcap	tcp_163,7,0,,0,0,0.99862856
malware_none_Miuref.pcap	tcp_2446,7,0,,0,0,0.99674594
malware_none_Miuref.pcap	tcp_1275,7,0,,0,0,0.993007
malware_none_Miuref.pcap	tcp_166,7,0,,0,0,0.9991097
malware_none_Miuref.pcap	tcp_167,7,0,,0,0,0.8882435
malware_none_Miuref.pcap	tcp_1226,7,0,,0,0,0.9904018
malware_none_Miuref.pcap	tcp_170,7,0,,0,0,0.97465646
malware_none_Miuref.pcap	tcp_2803,7,0,,0,0,0.99953246
malware_none_Miuref.pcap	tcp_1200,7,0,,0,0,0.98117036
malware_none_Miuref.pcap	tcp_2860,7,0,,0,0,0.99781823
malware_none_Miuref.pcap	tcp_2258,7,0,,0,0,0.9655446
malware_none_Miuref.pcap	tcp_2561,7,0,,0,0,0.9971903
malware_none_Miuref.pcap	tcp_2174,7,0,,0,0,0.92690206
malware_none_Miuref.pcap	tcp_177,7,0,,0,0,0.99937314
malware_none_Miuref.pcap	tcp_2878,7,0,,0,0,0.9979923
malware_none_Miuref.pcap	tcp_2625,7,0,,0,0,0.9983682
malware_none_Miuref.pcap	tcp_183,7,0,,0,0,0.99905235
malware_none_Miuref.pcap	tcp_184,7,0,,0,0,0.9993405
malware_none_Miuref.pcap	tcp_185,7,0,,0,0,0.96413875
malware_none_Miuref.pcap	tcp_2585,7,0,,0,0,0.9959598
malware_none_Miuref.pcap	tcp_188,7,0,,0,0,0.95439
malware_none_Miuref.pcap	tcp_1792,7,0,,0,0,0.98735017
malware_none_Miuref.pcap	tcp_2641,7,0,,0,0,0.99439985
malware_none_Miuref.pcap	tcp_2713,7,0,,0,0,0.93460906
malware_none_Miuref.pcap	tcp_1221,7,0,,0,0,0.98690623
malware_none_Miuref.pcap	tcp_194,7,0,,0,0,0.9989054
malware_none_Miuref.pcap	tcp_195,7,0,,0,0,0.99665576
malware_none_Miuref.pcap	tcp_1731,7,0,,0,0,0.9895041
malware_none_Miuref.pcap	tcp_198,7,0,,0,0,0.9982383
malware_none_Miuref.pcap	tcp_2365,7,0,,0,0,0.997607
malware_none_Miuref.pcap	tcp_2464,7,0,,0,0,0.9963664
malware_none_Miuref.pcap	tcp_1209,7,0,,0,0,0.99436617
malware_none_Miuref.pcap	tcp_2272,7,0,,0,0,0.99563557
malware_none_Miuref.pcap	tcp_204,7,0,,0,0,0.9845043
malware_none_Miuref.pcap	tcp_1149,7,0,,0,0,0.9989506
malware_none_Miuref.pcap	tcp_207,7,0,,0,0,0.7768046
malware_none_Miuref.pcap	tcp_2669,7,0,,0,0,0.99609214
malware_none_Miuref.pcap	tcp_209,7,0,,0,0,0.9745994
malware_none_Miuref.pcap	tcp_1010,7,0,,0,0,0.9982573
malware_none_Miuref.pcap	tcp_1656,7,0,,0,0,0.99046934
malware_none_Miuref.pcap	tcp_1691,7,0,,0,0,0.99890316
malware_none_Miuref.pcap	tcp_1448,7,0,,0,0,0.99789137
malware_none_Miuref.pcap	tcp_1520,7,0,,0,0,0.99877506
malware_none_Miuref.pcap	tcp_219,7,0,,0,0,0.99873465
malware_none_Miuref.pcap	tcp_1589,7,0,,0,0,0.99936205
malware_none_Miuref.pcap	tcp_2865,7,0,,0,0,0.9961278
malware_none_Miuref.pcap	tcp_2942,7,0,,0,0,0.9438577
malware_none_Miuref.pcap	tcp_2372,7,0,,0,0,0.8318926
malware_none_Miuref.pcap	tcp_225,7,0,,0,0,0.23647383
malware_none_Miuref.pcap	tcp_1740,7,0,,0,0,0.99932295
malware_none_Miuref.pcap	tcp_2560,7,0,,0,0,0.9728719
malware_none_Miuref.pcap	tcp_2755,7,0,,0,0,0.99582916
malware_none_Miuref.pcap	tcp_2330,7,0,,0,0,0.65287143
malware_none_Miuref.pcap	tcp_233,7,0,,0,0,0.96140754
malware_none_Miuref.pcap	tcp_2593,7,0,,0,0,0.9984945
malware_none_Miuref.pcap	tcp_235,7,0,,0,0,0.9993117
malware_none_Miuref.pcap	tcp_2099,7,0,,0,0,0.9830513
malware_none_Miuref.pcap	tcp_1025,7,0,,0,0,0.29724804
malware_none_Miuref.pcap	tcp_240,7,0,,0,0,0.8954098
malware_none_Miuref.pcap	tcp_1256,7,0,,0,0,0.999129
malware_none_Miuref.pcap	tcp_2271,7,0,,0,0,0.99887997
malware_none_Miuref.pcap	tcp_2251,7,0,,0,0,0.9974534
malware_none_Miuref.pcap	tcp_2441,7,0,,0,0,0.99597955
malware_none_Miuref.pcap	tcp_246,7,0,,0,0,0.84696424
malware_none_Miuref.pcap	tcp_1515,7,0,,0,0,0.9975376
malware_none_Miuref.pcap	tcp_248,7,0,,0,0,0.99930704
malware_none_Miuref.pcap	tcp_2275,7,0,,0,0,0.990117
malware_none_Miuref.pcap	tcp_1954,7,0,,0,0,0.99782723
malware_none_Miuref.pcap	tcp_2454,7,0,,0,0,0.99727577
malware_none_Miuref.pcap	tcp_254,7,0,,0,0,0.99635917
malware_none_Miuref.pcap	tcp_255,7,0,,0,0,0.9991616
malware_none_Miuref.pcap	tcp_1355,7,0,,0,0,0.87632847
malware_none_Miuref.pcap	tcp_2948,7,0,,0,0,0.9973304
malware_none_Miuref.pcap	tcp_2658,7,0,,0,0,0.9936958
malware_none_Miuref.pcap	tcp_259,7,0,,0,0,0.98698026
malware_none_Miuref.pcap	tcp_260,7,0,,0,0,0.87291527
malware_none_Miuref.pcap	tcp_2030,7,0,,0,0,0.9989143
malware_none_Miuref.pcap	tcp_1931,7,0,,0,0,0.9875167
malware_none_Miuref.pcap	tcp_264,7,0,,0,0,0.99871826
malware_none_Miuref.pcap	tcp_1782,7,0,,0,0,0.89760166
malware_none_Miuref.pcap	tcp_1360,7,0,,0,0,0.99849594
malware_none_Miuref.pcap	tcp_994,7,0,,0,0,0.99934995
malware_none_Miuref.pcap	tcp_2445,7,0,,0,0,0.99585915
malware_none_Miuref.pcap	tcp_1260,7,0,,0,0,0.9963181
malware_none_Miuref.pcap	tcp_1540,7,0,,0,0,0.9989607
malware_none_Miuref.pcap	tcp_2210,7,0,,0,0,0.99659806
malware_none_Miuref.pcap	tcp_1927,7,0,,0,0,0.98154896
malware_none_Miuref.pcap	tcp_2360,7,0,,0,0,0.99909186
malware_none_Miuref.pcap	tcp_276,7,0,,0,0,0.9653026
malware_none_Miuref.pcap	tcp_2923,7,0,,0,0,0.9572423
malware_none_Miuref.pcap	tcp_1628,7,0,,0,0,0.9988864
malware_none_Miuref.pcap	tcp_1024,7,0,,0,0,0.8768361
malware_none_Miuref.pcap	tcp_1922,7,0,,0,0,0.9989698
malware_none_Miuref.pcap	tcp_1224,7,0,,0,0,0.984776
malware_none_Miuref.pcap	tcp_283,7,0,,0,0,0.9930889
malware_none_Miuref.pcap	tcp_284,7,0,,0,0,0.9981565
malware_none_Miuref.pcap	tcp_2214,7,0,,0,0,0.99867773
malware_none_Miuref.pcap	tcp_2420,7,0,,0,0,0.99919814
malware_none_Miuref.pcap	tcp_290,7,0,,0,0,0.99613565
malware_none_Miuref.pcap	tcp_1519,7,0,,0,0,0.9988356
malware_none_Miuref.pcap	tcp_2738,7,0,,0,0,0.998095
malware_none_Miuref.pcap	tcp_2759,7,0,,0,0,0.9981318
malware_none_Miuref.pcap	tcp_2800,7,0,,0,0,0.99917233
malware_none_Miuref.pcap	tcp_1682,7,0,,0,0,0.7451448
malware_none_Miuref.pcap	tcp_2125,7,0,,0,0,0.9828908
malware_none_Miuref.pcap	tcp_297,7,0,,0,0,0.28705892
malware_none_Miuref.pcap	tcp_2068,7,0,,0,0,0.9988625
malware_none_Miuref.pcap	tcp_299,7,0,,0,0,0.9644882
malware_none_Miuref.pcap	tcp_1327,7,0,,0,0,0.99929434
malware_none_Miuref.pcap	tcp_301,7,0,,0,0,0.9941035
malware_none_Miuref.pcap	tcp_302,7,0,,0,0,0.99931073
malware_none_Miuref.pcap	tcp_1559,7,0,,0,0,0.9978079
malware_none_Miuref.pcap	tcp_304,7,0,,0,0,0.99874777
malware_none_Miuref.pcap	tcp_1208,7,0,,0,0,0.99889404
malware_none_Miuref.pcap	tcp_306,7,0,,0,0,0.9987832
malware_none_Miuref.pcap	tcp_307,7,0,,0,0,0.9985369
malware_none_Miuref.pcap	tcp_308,7,0,,0,0,0.9866881
malware_none_Miuref.pcap	tcp_2681,7,0,,0,0,0.99863213
malware_none_Miuref.pcap	tcp_1037,7,0,,0,0,0.9973294
malware_none_Miuref.pcap	tcp_1965,7,0,,0,0,0.9985486
malware_none_Miuref.pcap	tcp_1268,7,0,,0,0,0.9920316
malware_none_Miuref.pcap	tcp_1364,7,0,,0,0,0.9991138
malware_none_Miuref.pcap	tcp_2769,7,0,,0,0,0.9991679
malware_none_Miuref.pcap	tcp_316,7,0,,0,0,0.99886096
malware_none_Miuref.pcap	tcp_2015,7,0,,0,0,0.97606903
malware_none_Miuref.pcap	tcp_1060,7,0,,0,0,0.99889815
malware_none_Miuref.pcap	tcp_319,7,0,,0,0,0.9984715
malware_none_Miuref.pcap	tcp_2492,7,0,,0,0,0.9989423
malware_none_Miuref.pcap	tcp_321,7,0,,0,0,0.99868655
malware_none_Miuref.pcap	tcp_1095,7,0,,0,0,0.99339855
malware_none_Miuref.pcap	tcp_2471,7,0,,0,0,0.9982205
malware_none_Miuref.pcap	tcp_1369,7,0,,0,0,0.9988642
malware_none_Miuref.pcap	tcp_326,7,0,,0,0,0.98880845
malware_none_Miuref.pcap	tcp_2295,7,0,,0,0,0.985534
malware_none_Miuref.pcap	tcp_1169,7,0,,0,0,0.99513274
malware_none_Miuref.pcap	tcp_2562,7,0,,0,0,0.99834627
malware_none_Miuref.pcap	tcp_2128,7,0,,0,0,0.9974596
malware_none_Miuref.pcap	tcp_1307,7,0,,0,0,0.8070219
malware_none_Miuref.pcap	tcp_336,7,0,,0,0,0.81267333
malware_none_Miuref.pcap	tcp_2542,7,0,,0,0,0.9990363
malware_none_Miuref.pcap	tcp_340,7,0,,0,0,0.9987222
malware_none_Miuref.pcap	tcp_343,7,0,,0,0,0.99942684
malware_none_Miuref.pcap	tcp_344,7,0,,0,0,0.9578607
malware_none_Miuref.pcap	tcp_346,7,0,,0,0,0.9996432
malware_none_Miuref.pcap	tcp_2034,7,0,,0,0,0.9335992
malware_none_Miuref.pcap	tcp_1713,7,0,,0,0,0.99871945
malware_none_Miuref.pcap	tcp_2552,7,0,,0,0,0.99894637
malware_none_Miuref.pcap	tcp_2864,7,0,,0,0,0.9988681
malware_none_Miuref.pcap	tcp_352,7,0,,0,0,0.98379314
malware_none_Miuref.pcap	tcp_2254,7,0,,0,0,0.8876271
malware_none_Miuref.pcap	tcp_355,7,0,,0,0,0.98901266
malware_none_Miuref.pcap	tcp_2205,7,0,,0,0,0.9940718
malware_none_Miuref.pcap	tcp_1911,7,0,,0,0,0.99819785
malware_none_Miuref.pcap	tcp_2362,7,0,,0,0,0.99882585
malware_none_Miuref.pcap	tcp_2696,7,0,,0,0,0.99853903
malware_none_Miuref.pcap	tcp_363,7,0,,0,0,0.99905425
malware_none_Miuref.pcap	tcp_364,7,0,,0,0,0.99932885
malware_none_Miuref.pcap	tcp_2871,7,0,,0,0,0.9990336
malware_none_Miuref.pcap	tcp_2824,7,0,,0,0,0.9880511
malware_none_Miuref.pcap	tcp_368,7,0,,0,0,0.9972008
malware_none_Miuref.pcap	tcp_2161,7,0,,0,0,0.9979221
malware_none_Miuref.pcap	tcp_2814,7,0,,0,0,0.9987949
malware_none_Miuref.pcap	tcp_2154,7,0,,0,0,0.883111
malware_none_Miuref.pcap	tcp_1085,7,0,,0,0,0.99849784
malware_none_Miuref.pcap	tcp_374,7,0,,0,0,0.9987488
malware_none_Miuref.pcap	tcp_1910,7,0,,0,0,0.98617285
malware_none_Miuref.pcap	tcp_376,7,0,,0,0,0.9982018
malware_none_Miuref.pcap	tcp_2525,7,0,,0,0,0.9982608
malware_none_Miuref.pcap	tcp_1464,7,0,,0,0,0.8741993
malware_none_Miuref.pcap	tcp_380,7,0,,0,0,0.9924334
malware_none_Miuref.pcap	tcp_381,7,0,,0,0,0.99904674
malware_none_Miuref.pcap	tcp_1964,7,0,,0,0,0.9987596
malware_none_Miuref.pcap	tcp_383,7,0,,0,0,0.8565505
malware_none_Miuref.pcap	tcp_384,7,0,,0,0,0.65082055
malware_none_Miuref.pcap	tcp_385,7,0,,0,0,0.98841846
malware_none_Miuref.pcap	tcp_1737,7,0,,0,0,0.9976269
malware_none_Miuref.pcap	tcp_1227,7,0,,0,0,0.98916435
malware_none_Miuref.pcap	tcp_389,7,0,,0,0,0.9930179
malware_none_Miuref.pcap	tcp_1893,7,0,,0,0,0.9988675
malware_none_Miuref.pcap	tcp_1075,7,0,,0,0,0.9988926
malware_none_Miuref.pcap	tcp_1058,7,0,,0,0,0.9991379
malware_none_Miuref.pcap	tcp_1840,7,0,,0,0,0.94965947
malware_none_Miuref.pcap	tcp_395,7,0,,0,0,0.99014306
malware_none_Miuref.pcap	tcp_2636,7,0,,0,0,0.9989308
malware_none_Miuref.pcap	tcp_2041,7,0,,0,0,0.9984464
malware_none_Miuref.pcap	tcp_399,7,0,,0,0,0.99884677
malware_none_Miuref.pcap	tcp_1031,7,0,,0,0,0.99875844
malware_none_Miuref.pcap	tcp_401,7,0,,0,0,0.9435792
malware_none_Miuref.pcap	tcp_1237,7,0,,0,0,0.9978445
malware_none_Miuref.pcap	tcp_2533,7,0,,0,0,0.99887437
malware_none_Miuref.pcap	tcp_2903,7,0,,0,0,0.99630517
malware_none_Miuref.pcap	tcp_2771,7,0,,0,0,0.9957701
malware_none_Miuref.pcap	tcp_2018,7,0,,0,0,0.9857357
malware_none_Miuref.pcap	tcp_2380,7,0,,0,0,0.99804705
malware_none_Miuref.pcap	tcp_1898,7,0,,0,0,0.9867367
malware_none_Miuref.pcap	tcp_1637,7,0,,0,0,0.4237134
malware_none_Miuref.pcap	tcp_991,7,0,,0,0,0.9992508
malware_none_Miuref.pcap	tcp_413,7,0,,0,0,0.98956454
malware_none_Miuref.pcap	tcp_2503,7,0,,0,0,0.99866295
malware_none_Miuref.pcap	tcp_2470,7,0,,0,0,0.9987317
malware_none_Miuref.pcap	tcp_416,7,0,,0,0,0.98544914
malware_none_Miuref.pcap	tcp_1433,7,0,,0,0,0.993565
malware_none_Miuref.pcap	tcp_1934,7,0,,0,0,0.9942935
malware_none_Miuref.pcap	tcp_421,7,0,,0,0,0.9602073
malware_none_Miuref.pcap	tcp_1590,7,0,,0,0,0.98926467
malware_none_Miuref.pcap	tcp_1899,7,0,,0,0,0.9745583
malware_none_Miuref.pcap	tcp_425,7,0,,0,0,0.97899973
malware_none_Miuref.pcap	tcp_2240,7,0,,0,0,0.9750919
malware_none_Miuref.pcap	tcp_427,7,0,,0,0,0.99745613
malware_none_Miuref.pcap	tcp_429,7,0,,0,0,0.9989254
malware_none_Miuref.pcap	tcp_1029,7,0,,0,0,0.95161456
malware_none_Miuref.pcap	tcp_432,7,0,,0,0,0.9992017
malware_none_Miuref.pcap	tcp_433,7,0,,0,0,0.9996686
malware_none_Miuref.pcap	tcp_1544,7,0,,0,0,0.9993241
malware_none_Miuref.pcap	tcp_1271,7,0,,0,0,0.991503
malware_none_Miuref.pcap	tcp_1951,7,0,,0,0,0.9121342
malware_none_Miuref.pcap	tcp_439,7,0,,0,0,0.9849519
malware_none_Miuref.pcap	tcp_1639,7,0,,0,0,0.81316185
malware_none_Miuref.pcap	tcp_2752,7,0,,0,0,0.9931918
malware_none_Miuref.pcap	tcp_442,7,0,,0,0,0.98775184
malware_none_Miuref.pcap	tcp_1477,7,0,,0,0,0.9812393
malware_none_Miuref.pcap	tcp_1285,7,0,,0,0,0.14489752
malware_none_Miuref.pcap	tcp_446,7,0,,0,0,0.99939454
malware_none_Miuref.pcap	tcp_2904,7,0,,0,0,0.99334
malware_none_Miuref.pcap	tcp_448,7,0,,0,0,0.99949616
malware_none_Miuref.pcap	tcp_1551,7,0,,0,0,0.97508174
malware_none_Miuref.pcap	tcp_1407,7,0,,0,0,0.96261424
malware_none_Miuref.pcap	tcp_2020,7,0,,0,0,0.99610794
malware_none_Miuref.pcap	tcp_454,7,0,,0,0,0.99862814
malware_none_Miuref.pcap	tcp_455,7,0,,0,0,0.37470916
malware_none_Miuref.pcap	tcp_2211,7,0,,0,0,0.99913067
malware_none_Miuref.pcap	tcp_1421,7,0,,0,0,0.81310487
malware_none_Miuref.pcap	tcp_2628,7,0,,0,0,0.9992884
malware_none_Miuref.pcap	tcp_2121,7,0,,0,0,0.9746561
malware_none_Miuref.pcap	tcp_1270,7,0,,0,0,0.98603934
malware_none_Miuref.pcap	tcp_1993,7,0,,0,0,0.7931525
malware_none_Miuref.pcap	tcp_2509,7,0,,0,0,0.9975846
malware_none_Miuref.pcap	tcp_1754,7,0,,0,0,0.9921349
malware_none_Miuref.pcap	tcp_1814,7,0,,0,0,0.97129357
malware_none_Miuref.pcap	tcp_2083,7,0,,0,0,0.98962283
malware_none_Miuref.pcap	tcp_2704,7,0,,0,0,0.99901175
malware_none_Miuref.pcap	tcp_1946,7,0,,0,0,0.811916
malware_none_Miuref.pcap	tcp_2031,7,0,,0,0,0.99946016
malware_none_Miuref.pcap	tcp_2489,7,0,,0,0,0.997802
malware_none_Miuref.pcap	tcp_2801,7,0,,0,0,0.99834216
malware_none_Miuref.pcap	tcp_2105,7,0,,0,0,0.99142563
malware_none_Miuref.pcap	tcp_476,7,0,,0,0,0.96162087
malware_none_Miuref.pcap	tcp_2195,7,0,,0,0,0.9992029
malware_none_Miuref.pcap	tcp_2383,7,0,,0,0,0.99907947
malware_none_Miuref.pcap	tcp_1362,7,0,,0,0,0.9983576
malware_none_Miuref.pcap	tcp_1381,7,0,,0,0,0.986489
malware_none_Miuref.pcap	tcp_1650,7,0,,0,0,0.9992829
malware_none_Miuref.pcap	tcp_1800,7,0,,0,0,0.9808439
malware_none_Miuref.pcap	tcp_483,7,0,,0,0,0.99922085
malware_none_Miuref.pcap	tcp_2349,7,0,,0,0,0.8736335
malware_none_Miuref.pcap	tcp_2599,7,0,,0,0,0.98955137
malware_none_Miuref.pcap	tcp_2460,7,0,,0,0,0.99907416
malware_none_Miuref.pcap	tcp_2095,7,0,,0,0,0.9385037
malware_none_Miuref.pcap	tcp_489,7,0,,0,0,0.9989874
malware_none_Miuref.pcap	tcp_490,7,0,,0,0,0.9981811
malware_none_Miuref.pcap	tcp_2646,7,0,,0,0,0.99791574
malware_none_Miuref.pcap	tcp_493,7,0,,0,0,0.9895938
malware_none_Miuref.pcap	tcp_1518,7,0,,0,0,0.9987326
malware_none_Miuref.pcap	tcp_2328,7,0,,0,0,0.9980045
malware_none_Miuref.pcap	tcp_1239,7,0,,0,0,0.9988935
malware_none_Miuref.pcap	tcp_1576,7,0,,0,0,0.8584085
malware_none_Miuref.pcap	tcp_498,7,0,,0,0,0.9870831
malware_none_Miuref.pcap	tcp_2356,7,0,,0,0,0.9918824
malware_none_Miuref.pcap	tcp_500,7,0,,0,0,0.999054
malware_none_Miuref.pcap	tcp_2374,7,0,,0,0,0.9809905
malware_none_Miuref.pcap	tcp_1073,7,0,,0,0,0.9820979
malware_none_Miuref.pcap	tcp_503,7,0,,0,0,0.960142
malware_none_Miuref.pcap	tcp_504,7,0,,0,0,0.9984761
malware_none_Miuref.pcap	tcp_505,7,0,,0,0,0.99920255
malware_none_Miuref.pcap	tcp_506,7,0,,0,0,0.9749128
malware_none_Miuref.pcap	tcp_2856,7,0,,0,0,0.99918854
malware_none_Miuref.pcap	tcp_2518,7,0,,0,0,0.9986437
malware_none_Miuref.pcap	tcp_2304,7,0,,0,0,0.99701464
malware_none_Miuref.pcap	tcp_2207,7,0,,0,0,0.99697775
malware_none_Miuref.pcap	tcp_2456,7,0,,0,0,0.9980367
malware_none_Miuref.pcap	tcp_1315,7,0,,0,0,0.98980206
malware_none_Miuref.pcap	tcp_515,7,0,,0,0,0.96958625
malware_none_Miuref.pcap	tcp_516,7,0,,0,0,0.9754362
malware_none_Miuref.pcap	tcp_517,7,0,,0,0,0.9990772
malware_none_Miuref.pcap	tcp_1210,7,0,,0,0,0.9988601
malware_none_Miuref.pcap	tcp_2715,7,0,,0,0,0.99755
malware_none_Miuref.pcap	tcp_2780,7,0,,0,0,0.99896884
malware_none_Miuref.pcap	tcp_2519,7,0,,0,0,0.9985764
malware_none_Miuref.pcap	tcp_1386,7,0,,0,0,0.9990195
malware_none_Miuref.pcap	tcp_1478,7,0,,0,0,0.9992028
malware_none_Miuref.pcap	tcp_527,7,0,,0,0,0.72953945
malware_none_Miuref.pcap	tcp_1171,7,0,,0,0,0.9984993
malware_none_Miuref.pcap	tcp_531,7,0,,0,0,0.99108595
malware_none_Miuref.pcap	tcp_532,7,0,,0,0,0.96293896
malware_none_Miuref.pcap	tcp_533,7,0,,0,0,0.96342343
malware_none_Miuref.pcap	tcp_1105,7,0,,0,0,0.9990255
malware_none_Miuref.pcap	tcp_2967,7,0,,0,0,0.998985
malware_none_Miuref.pcap	tcp_2036,7,0,,0,0,0.92146283
malware_none_Miuref.pcap	tcp_539,7,0,,0,0,0.92841876
malware_none_Miuref.pcap	tcp_1339,7,0,,0,0,0.9979837
malware_none_Miuref.pcap	tcp_2842,7,0,,0,0,0.9971684
malware_none_Miuref.pcap	tcp_2389,7,0,,0,0,0.9897759
malware_none_Miuref.pcap	tcp_2892,7,0,,0,0,0.9994542
malware_none_Miuref.pcap	tcp_546,7,0,,0,0,0.9696693
malware_none_Miuref.pcap	tcp_2638,7,0,,0,0,0.9857486
malware_none_Miuref.pcap	tcp_548,7,0,,0,0,0.9357979
malware_none_Miuref.pcap	tcp_550,7,0,,0,0,0.92630756
malware_none_Miuref.pcap	tcp_1066,7,0,,0,0,0.9946635
malware_none_Miuref.pcap	tcp_2350,7,0,,0,0,0.9793094
malware_none_Miuref.pcap	tcp_554,7,0,,0,0,0.99875975
malware_none_Miuref.pcap	tcp_555,7,0,,0,0,0.9993344
malware_none_Miuref.pcap	tcp_1413,7,0,,0,0,0.99892175
malware_none_Miuref.pcap	tcp_2404,7,0,,0,0,0.99870557
malware_none_Miuref.pcap	tcp_1629,7,0,,0,0,0.99920696
malware_none_Miuref.pcap	tcp_560,7,0,,0,0,0.985664
malware_none_Miuref.pcap	tcp_1600,7,0,,0,0,0.40158993
malware_none_Miuref.pcap	tcp_1475,7,0,,0,0,0.99889565
malware_none_Miuref.pcap	tcp_1796,7,0,,0,0,0.7391719
malware_none_Miuref.pcap	tcp_2075,7,0,,0,0,0.99883664
malware_none_Miuref.pcap	tcp_1168,7,0,,0,0,0.9991673
malware_none_Miuref.pcap	tcp_1905,7,0,,0,0,0.77475554
malware_none_Miuref.pcap	tcp_2825,7,0,,0,0,0.9964714
malware_none_Miuref.pcap	tcp_573,7,0,,0,0,0.9987851
malware_none_Miuref.pcap	tcp_576,7,0,,0,0,0.9987398
malware_none_Miuref.pcap	tcp_2001,7,0,,0,0,0.9991033
malware_none_Miuref.pcap	tcp_2230,7,0,,0,0,0.99835855
malware_none_Miuref.pcap	tcp_581,7,0,,0,0,0.8894194
malware_none_Miuref.pcap	tcp_2795,7,0,,0,0,0.9979235
malware_none_Miuref.pcap	tcp_1183,7,0,,0,0,0.9921795
malware_none_Miuref.pcap	tcp_1914,7,0,,0,0,0.9350794
malware_none_Miuref.pcap	tcp_585,7,0,,0,0,0.79514164
malware_none_Miuref.pcap	tcp_2201,7,0,,0,0,0.9814637
malware_none_Miuref.pcap	tcp_587,7,0,,0,0,0.9656303
malware_none_Miuref.pcap	tcp_1278,7,0,,0,0,0.9989251
malware_none_Miuref.pcap	tcp_1465,7,0,,0,0,0.13433157
malware_none_Miuref.pcap	tcp_590,7,0,,0,0,0.9990773
malware_none_Miuref.pcap	tcp_2052,7,0,,0,0,0.9994684
malware_none_Miuref.pcap	tcp_1097,7,0,,0,0,0.9981254
malware_none_Miuref.pcap	tcp_594,7,0,,0,0,0.99855864
malware_none_Miuref.pcap	tcp_595,7,0,,0,0,0.99964875
malware_none_Miuref.pcap	tcp_2634,7,0,,0,0,0.98869824
malware_none_Miuref.pcap	tcp_2141,7,0,,0,0,0.7369484
malware_none_Miuref.pcap	tcp_599,7,0,,0,0,0.90935355
malware_none_Miuref.pcap	tcp_1417,7,0,,0,0,0.9508625
malware_none_Miuref.pcap	tcp_1435,7,0,,0,0,0.999387
malware_none_Miuref.pcap	tcp_1383,7,0,,0,0,0.99841714
malware_none_Miuref.pcap	tcp_1524,7,0,,0,0,0.9840763
malware_none_Miuref.pcap	tcp_1173,7,0,,0,0,0.9996008
malware_none_Miuref.pcap	tcp_607,7,0,,0,0,0.99633515
malware_none_Miuref.pcap	tcp_1394,7,0,,0,0,0.99928445
malware_none_Miuref.pcap	tcp_2170,7,0,,0,0,0.9009956
malware_none_Miuref.pcap	tcp_1865,7,0,,0,0,0.98552877
malware_none_Miuref.pcap	tcp_611,7,0,,0,0,0.9920642
malware_none_Miuref.pcap	tcp_1277,7,0,,0,0,0.9988456
malware_none_Miuref.pcap	tcp_2345,7,0,,0,0,0.99911493
malware_none_Miuref.pcap	tcp_1599,7,0,,0,0,0.99590045
malware_none_Miuref.pcap	tcp_1903,7,0,,0,0,0.9709504
malware_none_Miuref.pcap	tcp_617,7,0,,0,0,0.97323394
malware_none_Miuref.pcap	tcp_619,7,0,,0,0,0.99379224
malware_none_Miuref.pcap	tcp_621,7,0,,0,0,0.96005565
malware_none_Miuref.pcap	tcp_1133,7,0,,0,0,0.8920004
malware_none_Miuref.pcap	tcp_623,7,0,,0,0,0.9843785
malware_none_Miuref.pcap	tcp_2811,7,0,,0,0,0.99855894
malware_none_Miuref.pcap	tcp_626,7,0,,0,0,0.9984081
malware_none_Miuref.pcap	tcp_627,7,0,,0,0,0.99882966
malware_none_Miuref.pcap	tcp_2428,7,0,,0,0,0.9963218
malware_none_Miuref.pcap	tcp_1439,7,0,,0,0,0.54901636
malware_none_Miuref.pcap	tcp_1041,7,0,,0,0,0.9995162
malware_none_Miuref.pcap	tcp_631,7,0,,0,0,0.9990965
malware_none_Miuref.pcap	tcp_632,7,0,,0,0,0.98137
malware_none_Miuref.pcap	tcp_633,7,0,,0,0,0.9985988
malware_none_Miuref.pcap	tcp_2768,7,0,,0,0,0.99687326
malware_none_Miuref.pcap	tcp_2815,7,0,,0,0,0.9992606
malware_none_Miuref.pcap	tcp_2699,7,0,,0,0,0.9976247
malware_none_Miuref.pcap	tcp_1255,7,0,,0,0,0.99906117
malware_none_Miuref.pcap	tcp_2962,7,0,,0,0,0.99196
malware_none_Miuref.pcap	tcp_639,7,0,,0,0,0.90029144
malware_none_Miuref.pcap	tcp_2162,7,0,,0,0,0.99579096
malware_none_Miuref.pcap	tcp_643,7,0,,0,0,0.9943932
malware_none_Miuref.pcap	tcp_2176,7,0,,0,0,0.9985556
malware_none_Miuref.pcap	tcp_990,7,0,,0,0,0.99937356
malware_none_Miuref.pcap	tcp_995,7,0,,0,0,0.9987326
malware_none_Miuref.pcap	tcp_648,7,0,,0,0,0.9988483
malware_none_Miuref.pcap	tcp_2249,7,0,,0,0,0.9987002
malware_none_Miuref.pcap	tcp_2707,7,0,,0,0,0.99727076
malware_none_Miuref.pcap	tcp_1625,7,0,,0,0,0.9976088
malware_none_Miuref.pcap	tcp_653,7,0,,0,0,0.8380488
malware_none_Miuref.pcap	tcp_655,7,0,,0,0,0.96147525
malware_none_Miuref.pcap	tcp_2064,7,0,,0,0,0.9972401
malware_none_Miuref.pcap	tcp_657,7,0,,0,0,0.77254874
malware_none_Miuref.pcap	tcp_1001,7,0,,0,0,0.8886014
malware_none_Miuref.pcap	tcp_2081,7,0,,0,0,0.97270346
malware_none_Miuref.pcap	tcp_662,7,0,,0,0,0.9986719
malware_none_Miuref.pcap	tcp_1555,7,0,,0,0,0.9923564
malware_none_Miuref.pcap	tcp_2301,7,0,,0,0,0.9988348
malware_none_Miuref.pcap	tcp_2624,7,0,,0,0,0.99769294
malware_none_Miuref.pcap	tcp_1476,7,0,,0,0,0.99896157
malware_none_Miuref.pcap	tcp_1720,7,0,,0,0,0.99829537
malware_none_Miuref.pcap	tcp_1503,7,0,,0,0,0.99946123
malware_none_Miuref.pcap	tcp_1725,7,0,,0,0,0.9957665
malware_none_Miuref.pcap	tcp_2720,7,0,,0,0,0.99777234
malware_none_Miuref.pcap	tcp_1786,7,0,,0,0,0.98538023
malware_none_Miuref.pcap	tcp_2087,7,0,,0,0,0.9965395
malware_none_Miuref.pcap	tcp_2642,7,0,,0,0,0.9975852
malware_none_Miuref.pcap	tcp_1915,7,0,,0,0,0.9985638
malware_none_Miuref.pcap	tcp_2563,7,0,,0,0,0.98904806
malware_none_Miuref.pcap	tcp_678,7,0,,0,0,0.9813194
malware_none_Miuref.pcap	tcp_1135,7,0,,0,0,0.24493738
malware_none_Miuref.pcap	tcp_1750,7,0,,0,0,0.9744217
malware_none_Miuref.pcap	tcp_1904,7,0,,0,0,0.9917875
malware_none_Miuref.pcap	tcp_683,7,0,,0,0,0.9045338
malware_none_Miuref.pcap	tcp_1308,7,0,,0,0,0.9938314
malware_none_Miuref.pcap	tcp_2003,7,0,,0,0,0.998846
malware_none_Miuref.pcap	tcp_2833,7,0,,0,0,0.9989298
malware_none_Miuref.pcap	tcp_1944,7,0,,0,0,0.7479965
malware_none_Miuref.pcap	tcp_1220,7,0,,0,0,0.9916054
malware_none_Miuref.pcap	tcp_689,7,0,,1,1,0.02385511
malware_none_Miuref.pcap	tcp_1624,7,0,,0,0,0.99778384
malware_none_Miuref.pcap	tcp_691,7,0,,0,0,0.95566916
malware_none_Miuref.pcap	tcp_1685,7,0,,0,0,0.83526355
malware_none_Miuref.pcap	tcp_2708,7,0,,0,0,0.99896467
malware_none_Miuref.pcap	tcp_694,7,0,,0,0,0.96567875
malware_none_Miuref.pcap	tcp_1603,7,0,,0,0,0.9982266
malware_none_Miuref.pcap	tcp_1695,7,0,,0,0,0.99910074
malware_none_Miuref.pcap	tcp_1150,7,0,,0,0,0.9866607
malware_none_Miuref.pcap	tcp_1748,7,0,,0,0,0.8932632
malware_none_Miuref.pcap	tcp_2171,7,0,,0,0,0.9597141
malware_none_Miuref.pcap	tcp_1319,7,0,,0,0,0.9991776
malware_none_Miuref.pcap	tcp_705,7,0,,0,0,0.9984549
malware_none_Miuref.pcap	tcp_2684,7,0,,0,0,0.9944806
malware_none_Miuref.pcap	tcp_2540,7,0,,0,0,0.9986385
malware_none_Miuref.pcap	tcp_2520,7,0,,0,0,0.9940784
malware_none_Miuref.pcap	tcp_709,7,0,,0,0,0.9529726
malware_none_Miuref.pcap	tcp_1331,7,0,,0,0,0.9872585
malware_none_Miuref.pcap	tcp_711,7,0,,0,0,0.69132537
malware_none_Miuref.pcap	tcp_712,7,0,,0,0,0.9844151
malware_none_Miuref.pcap	tcp_1011,7,0,,0,0,0.9869383
malware_none_Miuref.pcap	tcp_1154,7,0,,0,0,0.97036636
malware_none_Miuref.pcap	tcp_716,7,0,,0,0,0.99925524
malware_none_Miuref.pcap	tcp_1609,7,0,,0,0,0.99764025
malware_none_Miuref.pcap	tcp_983,7,0,,0,0,0.9865203
malware_none_Miuref.pcap	tcp_719,7,0,,0,0,0.98841316
malware_none_Miuref.pcap	tcp_1083,7,0,,0,0,0.99897945
malware_none_Miuref.pcap	tcp_722,7,0,,0,0,0.9834647
malware_none_Miuref.pcap	tcp_723,7,0,,0,0,0.9992902
malware_none_Miuref.pcap	tcp_1052,7,0,,0,0,0.99828184
malware_none_Miuref.pcap	tcp_725,7,0,,0,0,0.886654
malware_none_Miuref.pcap	tcp_726,7,0,,0,0,0.9455035
malware_none_Miuref.pcap	tcp_2875,7,0,,0,0,0.9991071
malware_none_Miuref.pcap	tcp_1883,7,0,,0,0,0.78224874
malware_none_Miuref.pcap	tcp_1861,7,0,,0,0,0.16675577
malware_none_Miuref.pcap	tcp_1337,7,0,,0,0,0.9955102
malware_none_Miuref.pcap	tcp_1219,7,0,,0,0,0.832051
malware_none_Miuref.pcap	tcp_735,7,0,,0,0,0.9994314
malware_none_Miuref.pcap	tcp_736,7,0,,0,0,0.9988745
malware_none_Miuref.pcap	tcp_998,7,0,,0,0,0.9995515
malware_none_Miuref.pcap	tcp_1429,7,0,,0,0,0.99419796
malware_none_Miuref.pcap	tcp_739,7,0,,0,0,0.9987246
malware_none_Miuref.pcap	tcp_2964,7,0,,0,0,0.9919383
malware_none_Miuref.pcap	tcp_1422,7,0,,0,0,0.9220179
malware_none_Miuref.pcap	tcp_742,7,0,,0,0,0.99652183
malware_none_Miuref.pcap	tcp_2507,7,0,,0,0,0.99692214
malware_none_Miuref.pcap	tcp_744,7,0,,0,0,0.9555757
malware_none_Miuref.pcap	tcp_1538,7,0,,0,0,0.99844366
malware_none_Miuref.pcap	tcp_2483,7,0,,0,0,0.9841733
malware_none_Miuref.pcap	tcp_2888,7,0,,0,0,0.9865552
malware_none_Miuref.pcap	tcp_748,7,0,,0,0,0.9967727
malware_none_Miuref.pcap	tcp_1823,7,0,,0,0,0.9977381
malware_none_Miuref.pcap	tcp_2113,7,0,,0,0,0.9768467
malware_none_Miuref.pcap	tcp_1771,7,0,,0,0,0.99752206
malware_none_Miuref.pcap	tcp_2369,7,0,,0,0,0.9131774
malware_none_Miuref.pcap	tcp_1961,7,0,,0,0,0.9985129
malware_none_Miuref.pcap	tcp_757,7,0,,0,0,0.99893373
malware_none_Miuref.pcap	tcp_1113,7,0,,0,0,0.3516446
malware_none_Miuref.pcap	tcp_1890,7,0,,0,0,0.997947
malware_none_Miuref.pcap	tcp_760,7,0,,0,0,0.9986927
malware_none_Miuref.pcap	tcp_762,7,0,,0,0,0.85000265
malware_none_Miuref.pcap	tcp_1641,7,0,,0,0,0.92958105
malware_none_Miuref.pcap	tcp_2421,7,0,,0,0,0.97115505
malware_none_Miuref.pcap	tcp_2689,7,0,,0,0,0.9985667
malware_none_Miuref.pcap	tcp_2930,7,0,,0,0,0.9989102
malware_none_Miuref.pcap	tcp_768,7,0,,0,0,0.983131
malware_none_Miuref.pcap	tcp_2737,7,0,,0,0,0.99748176
malware_none_Miuref.pcap	tcp_770,7,0,,0,0,0.99887806
malware_none_Miuref.pcap	tcp_773,7,0,,0,0,0.94154364
malware_none_Miuref.pcap	tcp_1601,7,0,,0,0,0.9843788
malware_none_Miuref.pcap	tcp_1548,7,0,,0,0,0.9990257
malware_none_Miuref.pcap	tcp_777,7,0,,0,0,0.9982071
malware_none_Miuref.pcap	tcp_778,7,0,,0,0,0.9993848
malware_none_Miuref.pcap	tcp_1765,7,0,,0,0,0.9988545
malware_none_Miuref.pcap	tcp_780,7,0,,0,0,0.9871982
malware_none_Miuref.pcap	tcp_781,7,0,,0,0,0.51900655
malware_none_Miuref.pcap	tcp_1649,7,0,,0,0,0.9986621
malware_none_Miuref.pcap	tcp_1696,7,0,,0,0,0.9992712
malware_none_Miuref.pcap	tcp_787,7,0,,0,0,0.9982598
malware_none_Miuref.pcap	tcp_788,7,0,,0,0,0.9994116
malware_none_Miuref.pcap	tcp_1956,7,0,,0,0,0.99673
malware_none_Miuref.pcap	tcp_1326,7,0,,0,0,0.99290013
malware_none_Miuref.pcap	tcp_1709,7,0,,0,0,0.9910415
malware_none_Miuref.pcap	tcp_793,7,0,,0,0,0.9994113
malware_none_Miuref.pcap	tcp_794,7,0,,0,0,0.98813146
malware_none_Miuref.pcap	tcp_2387,7,0,,0,0,0.9003474
malware_none_Miuref.pcap	tcp_797,7,0,,0,0,0.9722743
malware_none_Miuref.pcap	tcp_1279,7,0,,0,0,0.9946369
malware_none_Miuref.pcap	tcp_799,7,0,,0,0,0.9899697
malware_none_Miuref.pcap	tcp_800,7,0,,0,0,0.9629356
malware_none_Miuref.pcap	tcp_801,7,0,,1,1,0.035613302
malware_none_Miuref.pcap	tcp_1774,7,0,,0,0,0.9989283
malware_none_Miuref.pcap	tcp_1882,7,0,,0,0,0.9735265
malware_none_Miuref.pcap	tcp_1852,7,0,,0,0,0.13809414
malware_none_Miuref.pcap	tcp_2505,7,0,,0,0,0.97212315
malware_none_Miuref.pcap	tcp_1610,7,0,,0,0,0.9980656
malware_none_Miuref.pcap	tcp_807,7,0,,0,0,0.99911064
malware_none_Miuref.pcap	tcp_1587,7,0,,0,0,0.9963707
malware_none_Miuref.pcap	tcp_2724,7,0,,0,0,0.9960536
malware_none_Miuref.pcap	tcp_811,7,0,,0,0,0.99929404
malware_none_Miuref.pcap	tcp_812,7,0,,0,0,0.98131126
malware_none_Miuref.pcap	tcp_1517,7,0,,0,0,0.8871065
malware_none_Miuref.pcap	tcp_2260,7,0,,0,0,0.9759996
malware_none_Miuref.pcap	tcp_815,7,0,,0,0,0.83796763
malware_none_Miuref.pcap	tcp_816,7,0,,0,0,0.96259266
malware_none_Miuref.pcap	tcp_2531,7,0,,0,0,0.9988121
malware_none_Miuref.pcap	tcp_2931,7,0,,0,0,0.9951929
malware_none_Miuref.pcap	tcp_1998,7,0,,0,0,0.99731976
malware_none_Miuref.pcap	tcp_1659,7,0,,0,0,0.59007263
malware_none_Miuref.pcap	tcp_1634,7,0,,0,0,0.9985313
malware_none_Miuref.pcap	tcp_2521,7,0,,0,0,0.99792236
malware_none_Miuref.pcap	tcp_825,7,0,,0,0,0.9991456
malware_none_Miuref.pcap	tcp_1985,7,0,,0,0,0.99187887
malware_none_Miuref.pcap	tcp_827,7,0,,0,0,0.79024255
malware_none_Miuref.pcap	tcp_1678,7,0,,0,0,0.99887645
malware_none_Miuref.pcap	tcp_2108,7,0,,0,0,0.99576813
malware_none_Miuref.pcap	tcp_832,7,0,,0,0,0.99929523
malware_none_Miuref.pcap	tcp_1391,7,0,,0,0,0.9992139
malware_none_Miuref.pcap	tcp_2368,7,0,,0,0,0.9694686
malware_none_Miuref.pcap	tcp_2286,7,0,,0,0,0.9989261
malware_none_Miuref.pcap	tcp_1310,7,0,,0,0,0.99249387
malware_none_Miuref.pcap	tcp_2046,7,0,,0,0,0.9992968
malware_none_Miuref.pcap	tcp_2033,7,0,,0,0,0.9944598
malware_none_Miuref.pcap	tcp_2297,7,0,,0,0,0.9738588
malware_none_Miuref.pcap	tcp_2721,7,0,,0,0,0.9980611
malware_none_Miuref.pcap	tcp_2883,7,0,,0,0,0.9972523
malware_none_Miuref.pcap	tcp_1238,7,0,,0,0,0.9800194
malware_none_Miuref.pcap	tcp_2336,7,0,,0,0,0.98532677
malware_none_Miuref.pcap	tcp_1003,7,0,,0,0,0.1908438
malware_none_Miuref.pcap	tcp_1868,7,0,,0,0,0.9988442
malware_none_Miuref.pcap	tcp_848,7,0,,0,0,0.99525285
malware_none_Miuref.pcap	tcp_2595,7,0,,0,0,0.99809426
malware_none_Miuref.pcap	tcp_1652,7,0,,0,0,0.9991747
malware_none_Miuref.pcap	tcp_851,7,0,,0,0,0.9353688
malware_none_Miuref.pcap	tcp_852,7,0,,0,0,0.97931284
malware_none_Miuref.pcap	tcp_2024,7,0,,0,0,0.9991255
malware_none_Miuref.pcap	tcp_1838,7,0,,0,0,0.97001106
malware_none_Miuref.pcap	tcp_856,7,0,,0,0,0.9956357
malware_none_Miuref.pcap	tcp_1039,7,0,,0,0,0.9994137
malware_none_Miuref.pcap	tcp_1111,7,0,,0,0,0.90763974
malware_none_Miuref.pcap	tcp_859,7,0,,0,0,0.99718314
malware_none_Miuref.pcap	tcp_2414,7,0,,0,0,0.9970202
malware_none_Miuref.pcap	tcp_862,7,0,,0,0,0.9992461
malware_none_Miuref.pcap	tcp_1399,7,0,,0,0,0.48248973
malware_none_Miuref.pcap	tcp_2504,7,0,,0,0,0.99875534
malware_none_Miuref.pcap	tcp_1387,7,0,,0,0,0.99869496
malware_none_Miuref.pcap	tcp_866,7,0,,0,0,0.99157
malware_none_Miuref.pcap	tcp_2613,7,0,,0,0,0.99737513
malware_none_Miuref.pcap	tcp_2221,7,0,,0,0,0.99794143
malware_none_Miuref.pcap	tcp_2858,7,0,,0,0,0.9988306
malware_none_Miuref.pcap	tcp_2517,7,0,,0,0,0.99528605
malware_none_Miuref.pcap	tcp_872,7,0,,0,0,0.99612796
malware_none_Miuref.pcap	tcp_2617,7,0,,0,0,0.9980404
malware_none_Miuref.pcap	tcp_1099,7,0,,0,0,0.99732804
malware_none_Miuref.pcap	tcp_1813,7,0,,0,0,0.9434805
malware_none_Miuref.pcap	tcp_1870,7,0,,0,0,0.9125306
malware_none_Miuref.pcap	tcp_1334,7,0,,0,0,0.9110683
malware_none_Miuref.pcap	tcp_1924,7,0,,0,0,0.9818749
malware_none_Miuref.pcap	tcp_884,7,0,,0,0,0.9975204
malware_none_Miuref.pcap	tcp_885,7,0,,0,0,0.998863
malware_none_Miuref.pcap	tcp_1717,7,0,,0,0,0.9988977
malware_none_Miuref.pcap	tcp_888,7,0,,0,0,0.98036516
malware_none_Miuref.pcap	tcp_1342,7,0,,0,0,0.9986659
malware_none_Miuref.pcap	tcp_2649,7,0,,0,0,0.9991283
malware_none_Miuref.pcap	tcp_1586,7,0,,0,0,0.99922043
malware_none_Miuref.pcap	tcp_1261,7,0,,0,0,0.9989151
malware_none_Miuref.pcap	tcp_2267,7,0,,0,0,0.9991273
malware_none_Miuref.pcap	tcp_1686,7,0,,0,0,0.9321461
malware_none_Miuref.pcap	tcp_895,7,0,,0,0,0.9974009
malware_none_Miuref.pcap	tcp_1440,7,0,,0,0,0.99168074
malware_none_Miuref.pcap	tcp_897,7,0,,0,0,0.9992512
malware_none_Miuref.pcap	tcp_898,7,0,,0,0,0.9989586
malware_none_Miuref.pcap	tcp_1304,7,0,,0,0,0.9943316
malware_none_Miuref.pcap	tcp_900,7,0,,0,0,0.99465334
malware_none_Miuref.pcap	tcp_2682,7,0,,0,0,0.9978781
malware_none_Miuref.pcap	tcp_902,7,0,,0,0,0.980791
malware_none_Miuref.pcap	tcp_2376,7,0,,0,0,0.9987143
malware_none_Miuref.pcap	tcp_1178,7,0,,0,0,0.98153436
malware_none_Miuref.pcap	tcp_1295,7,0,,0,0,0.9973015
malware_none_Miuref.pcap	tcp_907,7,0,,0,0,0.9933456
malware_none_Miuref.pcap	tcp_908,7,0,,0,0,0.91717637
malware_none_Miuref.pcap	tcp_909,7,0,,0,0,0.6465174
malware_none_Miuref.pcap	tcp_1130,7,0,,0,0,0.99904305
malware_none_Miuref.pcap	tcp_2620,7,0,,0,0,0.9989879
malware_none_Miuref.pcap	tcp_1356,7,0,,0,0,0.9827272
malware_none_Miuref.pcap	tcp_1761,7,0,,0,0,0.99881715
malware_none_Miuref.pcap	tcp_2071,7,0,,0,0,0.9980854
malware_none_Miuref.pcap	tcp_917,7,0,,0,0,0.9666498
malware_none_Miuref.pcap	tcp_2575,7,0,,0,0,0.9994804
malware_none_Miuref.pcap	tcp_921,7,0,,0,0,0.99895847
malware_none_Miuref.pcap	tcp_922,7,0,,0,0,0.9993428
malware_none_Miuref.pcap	tcp_923,7,0,,0,0,0.96500903
malware_none_Miuref.pcap	tcp_2333,7,0,,0,0,0.97178924
malware_none_Miuref.pcap	tcp_1542,7,0,,0,0,0.9993518
malware_none_Miuref.pcap	tcp_1450,7,0,,0,0,0.997403
malware_none_Miuref.pcap	tcp_2639,7,0,,0,0,0.9984739
malware_none_Miuref.pcap	tcp_1577,7,0,,0,0,0.99001867
malware_none_Miuref.pcap	tcp_2232,7,0,,0,0,0.9980465
malware_none_Miuref.pcap	tcp_931,7,0,,0,0,0.9976812
malware_none_Miuref.pcap	tcp_2270,7,0,,0,0,0.9964792
malware_none_Miuref.pcap	tcp_2136,7,0,,0,0,0.70805585
malware_none_Miuref.pcap	tcp_2770,7,0,,0,0,0.9959538
malware_none_Miuref.pcap	tcp_2300,7,0,,0,0,0.99776876
malware_none_Miuref.pcap	tcp_2603,7,0,,0,0,0.99609107
malware_none_Miuref.pcap	tcp_2215,7,0,,0,0,0.99776983
malware_none_Miuref.pcap	tcp_939,7,0,,0,0,0.99830073
malware_none_Miuref.pcap	tcp_940,7,0,,0,0,0.9994229
malware_none_Miuref.pcap	tcp_1501,7,0,,0,0,0.99926335
malware_none_Miuref.pcap	tcp_1283,7,0,,0,0,0.9991429
malware_none_Miuref.pcap	tcp_943,7,0,,0,0,0.9129025
malware_none_Miuref.pcap	tcp_1064,7,0,,0,0,0.9991489
malware_none_Miuref.pcap	tcp_1521,7,0,,0,0,0.99385434
malware_none_Miuref.pcap	tcp_1955,7,0,,0,0,0.9986003
malware_none_Miuref.pcap	tcp_947,7,0,,0,0,0.97630095
malware_none_Miuref.pcap	tcp_948,7,0,,0,0,0.9980975
malware_none_Miuref.pcap	tcp_1289,7,0,,0,0,0.9337587
malware_none_Miuref.pcap	tcp_1642,7,0,,0,0,0.9765529
malware_none_Miuref.pcap	tcp_2880,7,0,,0,0,0.9967162
malware_none_Miuref.pcap	tcp_954,7,0,,0,0,0.99882394
malware_none_Miuref.pcap	tcp_2767,7,0,,0,0,0.99711907
malware_none_Miuref.pcap	tcp_2536,7,0,,0,0,0.997142
malware_none_Miuref.pcap	tcp_958,7,0,,0,0,0.9770723
malware_none_Miuref.pcap	tcp_959,7,0,,0,0,0.60765535
malware_none_Miuref.pcap	tcp_1889,7,0,,0,0,0.9975852
malware_none_Miuref.pcap	tcp_2692,7,0,,0,0,0.9947438
malware_none_Miuref.pcap	tcp_1454,7,0,,0,0,0.9990547
malware_none_Miuref.pcap	tcp_1820,7,0,,0,0,0.6079776
malware_none_Miuref.pcap	tcp_964,7,0,,0,0,0.9876348
malware_none_Miuref.pcap	tcp_2644,7,0,,0,0,0.9988944
malware_none_Miuref.pcap	tcp_1286,7,0,,0,0,0.9916311
malware_none_Miuref.pcap	tcp_967,7,0,,0,0,0.9848952
malware_none_Miuref.pcap	tcp_1596,7,0,,0,0,0.80902517
malware_none_Miuref.pcap	tcp_2142,7,0,,0,0,0.93399036
malware_none_Miuref.pcap	tcp_970,7,0,,0,0,0.9991063
malware_none_Miuref.pcap	tcp_2461,7,0,,0,0,0.99913853
malware_none_Miuref.pcap	tcp_972,7,0,,0,0,0.9985518
malware_none_Miuref.pcap	tcp_1950,7,0,,0,0,0.9664118
malware_none_Miuref.pcap	tcp_974,7,0,,0,0,0.99693847
malware_none_Miuref.pcap	tcp_2791,7,0,,0,0,0.99649733
malware_none_Miuref.pcap	tcp_976,7,0,,0,0,0.99922335
malware_none_Miuref.pcap	tcp_2296,7,0,,0,0,0.10697109
malware_none_Miuref.pcap	tcp_2734,7,0,,0,0,0.9980202
malware_none_Miuref.pcap	tcp_2849,7,0,,0,0,0.9979974
malware_none_Miuref.pcap	tcp_1403,7,0,,0,0,0.9871082
malware_none_Miuref.pcap	tcp_981,7,0,,0,0,0.7993154
benign_none_WorldOfWarcraft.pcap	tcp_1227,18,0,,0,0,0.9997149
benign_none_WorldOfWarcraft.pcap	tcp_1284,18,0,,0,0,0.99961203
benign_none_WorldOfWarcraft.pcap	tcp_2503,18,0,,0,0,0.99965787
benign_none_WorldOfWarcraft.pcap	tcp_5,18,0,,0,0,0.27173778
benign_none_WorldOfWarcraft.pcap	tcp_2655,18,0,,0,0,0.9997261
benign_none_WorldOfWarcraft.pcap	tcp_8,18,0,,0,0,0.7421527
benign_none_WorldOfWarcraft.pcap	tcp_9,18,0,,0,1,0.023631202
benign_none_WorldOfWarcraft.pcap	tcp_1075,18,0,,0,0,0.9996289
benign_none_WorldOfWarcraft.pcap	tcp_1147,18,0,,0,0,0.99957454
benign_none_WorldOfWarcraft.pcap	tcp_2308,18,0,,0,0,0.999328
benign_none_WorldOfWarcraft.pcap	tcp_2106,18,0,,0,0,0.999592
benign_none_WorldOfWarcraft.pcap	tcp_15,18,0,,0,0,0.64796096
benign_none_WorldOfWarcraft.pcap	tcp_1124,18,0,,0,0,0.99968517
benign_none_WorldOfWarcraft.pcap	tcp_1598,18,0,,0,0,0.9997471
benign_none_WorldOfWarcraft.pcap	tcp_19,18,0,,0,0,0.5634821
benign_none_WorldOfWarcraft.pcap	tcp_1945,18,0,,0,0,0.99963415
benign_none_WorldOfWarcraft.pcap	tcp_1222,18,0,,0,0,0.99953246
benign_none_WorldOfWarcraft.pcap	tcp_2566,18,0,,0,0,0.9995579
benign_none_WorldOfWarcraft.pcap	tcp_2710,18,0,,0,0,0.99958473
benign_none_WorldOfWarcraft.pcap	tcp_27,18,0,,0,1,0.00478297
benign_none_WorldOfWarcraft.pcap	tcp_2294,18,0,,0,0,0.99959975
benign_none_WorldOfWarcraft.pcap	tcp_31,18,0,,0,0,0.99489886
benign_none_WorldOfWarcraft.pcap	tcp_2153,18,0,,0,0,0.99961597
benign_none_WorldOfWarcraft.pcap	tcp_1090,18,0,,0,0,0.9997429
benign_none_WorldOfWarcraft.pcap	tcp_35,18,0,,0,0,0.9988418
benign_none_WorldOfWarcraft.pcap	tcp_36,18,0,,0,0,0.99888617
benign_none_WorldOfWarcraft.pcap	tcp_37,18,0,,0,0,0.9284971
benign_none_WorldOfWarcraft.pcap	tcp_2108,18,0,,0,0,0.99965256
benign_none_WorldOfWarcraft.pcap	tcp_40,18,0,,0,0,0.072184704
benign_none_WorldOfWarcraft.pcap	tcp_2999,18,0,,0,0,0.99961025
benign_none_WorldOfWarcraft.pcap	tcp_42,18,0,,0,0,0.99707484
benign_none_WorldOfWarcraft.pcap	tcp_2772,18,0,,0,0,0.99960285
benign_none_WorldOfWarcraft.pcap	tcp_44,18,0,,0,0,0.96997553
benign_none_WorldOfWarcraft.pcap	tcp_1428,18,0,,0,0,0.99952984
benign_none_WorldOfWarcraft.pcap	tcp_1371,18,0,,0,0,0.99937314
benign_none_WorldOfWarcraft.pcap	tcp_50,18,0,,0,0,0.17970088
benign_none_WorldOfWarcraft.pcap	tcp_2171,18,0,,0,0,0.99972767
benign_none_WorldOfWarcraft.pcap	tcp_52,18,0,,0,0,0.9979038
benign_none_WorldOfWarcraft.pcap	tcp_53,18,0,,0,0,0.99749315
benign_none_WorldOfWarcraft.pcap	tcp_2920,18,0,,0,0,0.9997191
benign_none_WorldOfWarcraft.pcap	tcp_2790,18,0,,0,0,0.99936134
benign_none_WorldOfWarcraft.pcap	tcp_2652,18,0,,0,0,0.9996812
benign_none_WorldOfWarcraft.pcap	tcp_57,18,0,,0,0,0.99051225
benign_none_WorldOfWarcraft.pcap	tcp_58,18,0,,0,0,0.99632215
benign_none_WorldOfWarcraft.pcap	tcp_2375,18,0,,0,0,0.9995555
benign_none_WorldOfWarcraft.pcap	tcp_60,18,0,,0,0,0.6937816
benign_none_WorldOfWarcraft.pcap	tcp_63,18,0,,0,0,0.98495716
benign_none_WorldOfWarcraft.pcap	tcp_64,18,0,,0,0,0.9967921
benign_none_WorldOfWarcraft.pcap	tcp_1876,18,0,,0,0,0.99968135
benign_none_WorldOfWarcraft.pcap	tcp_66,18,0,,0,0,0.9988691
benign_none_WorldOfWarcraft.pcap	tcp_2520,18,0,,0,0,0.9997517
benign_none_WorldOfWarcraft.pcap	tcp_68,18,0,,0,0,0.881547
benign_none_WorldOfWarcraft.pcap	tcp_70,18,0,,0,0,0.99158376
benign_none_WorldOfWarcraft.pcap	tcp_1338,18,0,,0,0,0.99962574
benign_none_WorldOfWarcraft.pcap	tcp_73,18,0,,0,0,0.99727494
benign_none_WorldOfWarcraft.pcap	tcp_2499,18,0,,0,0,0.9993807
benign_none_WorldOfWarcraft.pcap	tcp_76,18,0,,0,0,0.9964492
benign_none_WorldOfWarcraft.pcap	tcp_77,18,0,,0,0,0.99833304
benign_none_WorldOfWarcraft.pcap	tcp_78,18,0,,0,0,0.994008
benign_none_WorldOfWarcraft.pcap	tcp_1496,18,0,,0,0,0.9996168
benign_none_WorldOfWarcraft.pcap	tcp_80,18,0,,0,0,0.9835744
benign_none_WorldOfWarcraft.pcap	tcp_1963,18,0,,0,0,0.99956495
benign_none_WorldOfWarcraft.pcap	tcp_1492,18,0,,0,0,0.999645
benign_none_WorldOfWarcraft.pcap	tcp_1139,18,0,,0,0,0.9997534
benign_none_WorldOfWarcraft.pcap	tcp_85,18,0,,0,0,0.9997471
benign_none_WorldOfWarcraft.pcap	tcp_1780,18,0,,0,0,0.9995975
benign_none_WorldOfWarcraft.pcap	tcp_88,18,0,,0,0,0.9996369
benign_none_WorldOfWarcraft.pcap	tcp_89,18,0,,0,0,0.9995908
benign_none_WorldOfWarcraft.pcap	tcp_2480,18,0,,0,0,0.99931407
benign_none_WorldOfWarcraft.pcap	tcp_93,18,0,,0,0,0.99935764
benign_none_WorldOfWarcraft.pcap	tcp_2498,18,0,,0,0,0.999358
benign_none_WorldOfWarcraft.pcap	tcp_95,18,0,,0,0,0.9996347
benign_none_WorldOfWarcraft.pcap	tcp_97,18,0,,0,0,0.9993875
benign_none_WorldOfWarcraft.pcap	tcp_2641,18,0,,0,0,0.9993616
benign_none_WorldOfWarcraft.pcap	tcp_99,18,0,,0,0,0.99959457
benign_none_WorldOfWarcraft.pcap	tcp_100,18,0,,0,0,0.99939317
benign_none_WorldOfWarcraft.pcap	tcp_101,18,0,,0,0,0.999363
benign_none_WorldOfWarcraft.pcap	tcp_1365,18,0,,0,0,0.9993475
benign_none_WorldOfWarcraft.pcap	tcp_1377,18,0,,0,0,0.99910605
benign_none_WorldOfWarcraft.pcap	tcp_104,18,0,,0,0,0.99966776
benign_none_WorldOfWarcraft.pcap	tcp_2510,18,0,,0,0,0.99976486
benign_none_WorldOfWarcraft.pcap	tcp_107,18,0,,0,0,0.99975854
benign_none_WorldOfWarcraft.pcap	tcp_1166,18,0,,0,0,0.99940735
benign_none_WorldOfWarcraft.pcap	tcp_2812,18,0,,0,0,0.9997338
benign_none_WorldOfWarcraft.pcap	tcp_110,18,0,,0,0,0.99959356
benign_none_WorldOfWarcraft.pcap	tcp_111,18,0,,0,0,0.99936026
benign_none_WorldOfWarcraft.pcap	tcp_113,18,0,,0,0,0.9991988
benign_none_WorldOfWarcraft.pcap	tcp_114,18,0,,0,0,0.9996831
benign_none_WorldOfWarcraft.pcap	tcp_2842,18,0,,0,0,0.9996326
benign_none_WorldOfWarcraft.pcap	tcp_117,18,0,,0,0,0.9997552
benign_none_WorldOfWarcraft.pcap	tcp_119,18,0,,0,0,0.99935585
benign_none_WorldOfWarcraft.pcap	tcp_2146,18,0,,0,0,0.9993711
benign_none_WorldOfWarcraft.pcap	tcp_2016,18,0,,0,0,0.99964714
benign_none_WorldOfWarcraft.pcap	tcp_2223,18,0,,0,0,0.99973696
benign_none_WorldOfWarcraft.pcap	tcp_1412,18,0,,0,0,0.99954975
benign_none_WorldOfWarcraft.pcap	tcp_2549,18,0,,0,0,0.997291
benign_none_WorldOfWarcraft.pcap	tcp_127,18,0,,0,0,0.9997713
benign_none_WorldOfWarcraft.pcap	tcp_2494,18,0,,0,0,0.99936265
benign_none_WorldOfWarcraft.pcap	tcp_2926,18,0,,0,0,0.9997192
benign_none_WorldOfWarcraft.pcap	tcp_1942,18,0,,0,0,0.99966705
benign_none_WorldOfWarcraft.pcap	tcp_131,18,0,,0,0,0.9993724
benign_none_WorldOfWarcraft.pcap	tcp_2216,18,0,,0,0,0.9995943
benign_none_WorldOfWarcraft.pcap	tcp_133,18,0,,0,0,0.9995815
benign_none_WorldOfWarcraft.pcap	tcp_134,18,0,,0,0,0.99866974
benign_none_WorldOfWarcraft.pcap	tcp_2646,18,0,,0,0,0.99971527
benign_none_WorldOfWarcraft.pcap	tcp_2653,18,0,,0,0,0.9996252
benign_none_WorldOfWarcraft.pcap	tcp_1771,18,0,,0,0,0.9993375
benign_none_WorldOfWarcraft.pcap	tcp_139,18,0,,0,0,0.99958664
benign_none_WorldOfWarcraft.pcap	tcp_1617,18,0,,0,0,0.99968815
benign_none_WorldOfWarcraft.pcap	tcp_141,18,0,,0,0,0.9996224
benign_none_WorldOfWarcraft.pcap	tcp_2075,18,0,,0,0,0.9997498
benign_none_WorldOfWarcraft.pcap	tcp_1381,18,0,,0,0,0.99974793
benign_none_WorldOfWarcraft.pcap	tcp_145,18,0,,0,0,0.99936193
benign_none_WorldOfWarcraft.pcap	tcp_2976,18,0,,0,0,0.999735
benign_none_WorldOfWarcraft.pcap	tcp_148,18,0,,0,0,0.9996835
benign_none_WorldOfWarcraft.pcap	tcp_2433,18,0,,0,0,0.999329
benign_none_WorldOfWarcraft.pcap	tcp_1730,18,0,,0,0,0.9993155
benign_none_WorldOfWarcraft.pcap	tcp_2323,18,0,,0,0,0.9996173
benign_none_WorldOfWarcraft.pcap	tcp_2855,18,0,,0,0,0.9993843
benign_none_WorldOfWarcraft.pcap	tcp_154,18,0,,0,0,0.9993493
benign_none_WorldOfWarcraft.pcap	tcp_155,18,0,,0,0,0.99965847
benign_none_WorldOfWarcraft.pcap	tcp_156,18,0,,0,0,0.9995915
benign_none_WorldOfWarcraft.pcap	tcp_2529,18,0,,0,0,0.9995764
benign_none_WorldOfWarcraft.pcap	tcp_1217,18,0,,0,0,0.99953854
benign_none_WorldOfWarcraft.pcap	tcp_160,18,0,,0,0,0.9997559
benign_none_WorldOfWarcraft.pcap	tcp_161,18,0,,0,0,0.9996068
benign_none_WorldOfWarcraft.pcap	tcp_2884,18,0,,0,0,0.9996252
benign_none_WorldOfWarcraft.pcap	tcp_2996,18,0,,0,0,0.999727
benign_none_WorldOfWarcraft.pcap	tcp_1306,18,0,,0,0,0.99955213
benign_none_WorldOfWarcraft.pcap	tcp_1791,18,0,,0,0,0.9997146
benign_none_WorldOfWarcraft.pcap	tcp_168,18,0,,0,0,0.999339
benign_none_WorldOfWarcraft.pcap	tcp_2762,18,0,,0,0,0.99972117
benign_none_WorldOfWarcraft.pcap	tcp_170,18,0,,0,0,0.999368
benign_none_WorldOfWarcraft.pcap	tcp_2924,18,0,,0,0,0.99964327
benign_none_WorldOfWarcraft.pcap	tcp_2053,18,0,,0,0,0.9996326
benign_none_WorldOfWarcraft.pcap	tcp_1268,18,0,,0,0,0.9995971
benign_none_WorldOfWarcraft.pcap	tcp_176,18,0,,0,0,0.99964327
benign_none_WorldOfWarcraft.pcap	tcp_2228,18,0,,0,0,0.99969697
benign_none_WorldOfWarcraft.pcap	tcp_178,18,0,,0,0,0.9996582
benign_none_WorldOfWarcraft.pcap	tcp_2972,18,0,,0,0,0.99948597
benign_none_WorldOfWarcraft.pcap	tcp_181,18,0,,0,0,0.9993543
benign_none_WorldOfWarcraft.pcap	tcp_182,18,0,,0,0,0.9996076
benign_none_WorldOfWarcraft.pcap	tcp_2927,18,0,,0,0,0.99968565
benign_none_WorldOfWarcraft.pcap	tcp_2204,18,0,,0,0,0.9996005
benign_none_WorldOfWarcraft.pcap	tcp_1982,18,0,,0,0,0.99953014
benign_none_WorldOfWarcraft.pcap	tcp_1442,18,0,,0,0,0.9995951
benign_none_WorldOfWarcraft.pcap	tcp_2300,18,0,,0,0,0.9997492
benign_none_WorldOfWarcraft.pcap	tcp_2088,18,0,,0,0,0.999366
benign_none_WorldOfWarcraft.pcap	tcp_1712,18,0,,0,0,0.99934787
benign_none_WorldOfWarcraft.pcap	tcp_191,18,0,,0,0,0.9994796
benign_none_WorldOfWarcraft.pcap	tcp_192,18,0,,0,0,0.99962723
benign_none_WorldOfWarcraft.pcap	tcp_193,18,0,,0,0,0.9997218
benign_none_WorldOfWarcraft.pcap	tcp_2602,18,0,,0,0,0.99935275
benign_none_WorldOfWarcraft.pcap	tcp_195,18,0,,0,0,0.99969274
benign_none_WorldOfWarcraft.pcap	tcp_1756,18,0,,0,0,0.99959874
benign_none_WorldOfWarcraft.pcap	tcp_197,18,0,,0,0,0.9993623
benign_none_WorldOfWarcraft.pcap	tcp_2506,18,0,,0,0,0.9996407
benign_none_WorldOfWarcraft.pcap	tcp_2930,18,0,,0,0,0.99938816
benign_none_WorldOfWarcraft.pcap	tcp_2767,18,0,,0,0,0.9993678
benign_none_WorldOfWarcraft.pcap	tcp_201,18,0,,0,0,0.99974746
benign_none_WorldOfWarcraft.pcap	tcp_202,18,0,,0,0,0.9995628
benign_none_WorldOfWarcraft.pcap	tcp_203,18,0,,0,0,0.99961865
benign_none_WorldOfWarcraft.pcap	tcp_1004,18,0,,0,0,0.9997365
benign_none_WorldOfWarcraft.pcap	tcp_2200,18,0,,0,0,0.99964404
benign_none_WorldOfWarcraft.pcap	tcp_2622,18,0,,0,0,0.99966615
benign_none_WorldOfWarcraft.pcap	tcp_1710,18,0,,0,0,0.99973947
benign_none_WorldOfWarcraft.pcap	tcp_1651,18,0,,0,0,0.9993815
benign_none_WorldOfWarcraft.pcap	tcp_211,18,0,,0,0,0.9996273
benign_none_WorldOfWarcraft.pcap	tcp_1094,18,0,,0,0,0.9996682
benign_none_WorldOfWarcraft.pcap	tcp_1927,18,0,,0,0,0.9994704
benign_none_WorldOfWarcraft.pcap	tcp_2923,18,0,,0,0,0.9996339
benign_none_WorldOfWarcraft.pcap	tcp_218,18,0,,0,0,0.9997549
benign_none_WorldOfWarcraft.pcap	tcp_1706,18,0,,0,0,0.99956733
benign_none_WorldOfWarcraft.pcap	tcp_220,18,0,,0,0,0.999696
benign_none_WorldOfWarcraft.pcap	tcp_221,18,0,,0,0,0.9996405
benign_none_WorldOfWarcraft.pcap	tcp_223,18,0,,0,0,0.9995895
benign_none_WorldOfWarcraft.pcap	tcp_224,18,0,,0,0,0.9997419
benign_none_WorldOfWarcraft.pcap	tcp_2076,18,0,,0,0,0.9996161
benign_none_WorldOfWarcraft.pcap	tcp_2245,18,0,,0,0,0.9996456
benign_none_WorldOfWarcraft.pcap	tcp_2314,18,0,,0,0,0.999348
benign_none_WorldOfWarcraft.pcap	tcp_1612,18,0,,0,0,0.99963874
benign_none_WorldOfWarcraft.pcap	tcp_1177,18,0,,0,0,0.9997369
benign_none_WorldOfWarcraft.pcap	tcp_1630,18,0,,0,0,0.9993026
benign_none_WorldOfWarcraft.pcap	tcp_1913,18,0,,0,0,0.9995703
benign_none_WorldOfWarcraft.pcap	tcp_1755,18,0,,0,0,0.9995914
benign_none_WorldOfWarcraft.pcap	tcp_1224,18,0,,0,0,0.99963325
benign_none_WorldOfWarcraft.pcap	tcp_235,18,0,,0,0,0.99882096
benign_none_WorldOfWarcraft.pcap	tcp_1204,18,0,,0,0,0.9996412
benign_none_WorldOfWarcraft.pcap	tcp_2281,18,0,,0,0,0.9996339
benign_none_WorldOfWarcraft.pcap	tcp_1246,18,0,,0,0,0.9993475
benign_none_WorldOfWarcraft.pcap	tcp_2320,18,0,,0,0,0.99967957
benign_none_WorldOfWarcraft.pcap	tcp_241,18,0,,0,0,0.9995808
benign_none_WorldOfWarcraft.pcap	tcp_2695,18,0,,0,0,0.9996376
benign_none_WorldOfWarcraft.pcap	tcp_1287,18,0,,0,0,0.9997478
benign_none_WorldOfWarcraft.pcap	tcp_1962,18,0,,0,0,0.9997141
benign_none_WorldOfWarcraft.pcap	tcp_248,18,0,,0,0,0.99958855
benign_none_WorldOfWarcraft.pcap	tcp_249,18,0,,0,0,0.9993716
benign_none_WorldOfWarcraft.pcap	tcp_250,18,0,,0,0,0.9996332
benign_none_WorldOfWarcraft.pcap	tcp_251,18,0,,0,0,0.9993466
benign_none_WorldOfWarcraft.pcap	tcp_252,18,0,,0,0,0.9995755
benign_none_WorldOfWarcraft.pcap	tcp_254,18,0,,0,0,0.9995983
benign_none_WorldOfWarcraft.pcap	tcp_1266,18,0,,0,0,0.9995339
benign_none_WorldOfWarcraft.pcap	tcp_256,18,0,,0,0,0.9993667
benign_none_WorldOfWarcraft.pcap	tcp_2516,18,0,,0,0,0.99963105
benign_none_WorldOfWarcraft.pcap	tcp_258,18,0,,0,0,0.99963814
benign_none_WorldOfWarcraft.pcap	tcp_259,18,0,,0,0,0.9996519
benign_none_WorldOfWarcraft.pcap	tcp_260,18,0,,0,0,0.9995823
benign_none_WorldOfWarcraft.pcap	tcp_1923,18,0,,0,0,0.99959093
benign_none_WorldOfWarcraft.pcap	tcp_1802,18,0,,0,0,0.99957913
benign_none_WorldOfWarcraft.pcap	tcp_264,18,0,,0,0,0.9996413
benign_none_WorldOfWarcraft.pcap	tcp_265,18,0,,0,0,0.9996877
benign_none_WorldOfWarcraft.pcap	tcp_266,18,0,,0,0,0.9993859
benign_none_WorldOfWarcraft.pcap	tcp_1562,18,0,,0,0,0.9993163
benign_none_WorldOfWarcraft.pcap	tcp_1506,18,0,,0,0,0.99962044
benign_none_WorldOfWarcraft.pcap	tcp_270,18,0,,0,0,0.9997631
benign_none_WorldOfWarcraft.pcap	tcp_1514,18,0,,0,0,0.9996878
benign_none_WorldOfWarcraft.pcap	tcp_1102,18,0,,0,0,0.9996311
benign_none_WorldOfWarcraft.pcap	tcp_2166,18,0,,0,0,0.9996458
benign_none_WorldOfWarcraft.pcap	tcp_1898,18,0,,0,0,0.99967813
benign_none_WorldOfWarcraft.pcap	tcp_2666,18,0,,0,0,0.9995464
benign_none_WorldOfWarcraft.pcap	tcp_1775,18,0,,0,0,0.9995819
benign_none_WorldOfWarcraft.pcap	tcp_2913,18,0,,0,0,0.9981274
benign_none_WorldOfWarcraft.pcap	tcp_282,18,0,,0,0,0.99960726
benign_none_WorldOfWarcraft.pcap	tcp_283,18,0,,0,0,0.9995632
benign_none_WorldOfWarcraft.pcap	tcp_2033,18,0,,0,0,0.99962187
benign_none_WorldOfWarcraft.pcap	tcp_286,18,0,,0,0,0.9997119
benign_none_WorldOfWarcraft.pcap	tcp_2472,18,0,,0,0,0.99940073
benign_none_WorldOfWarcraft.pcap	tcp_1143,18,0,,0,0,0.999739
benign_none_WorldOfWarcraft.pcap	tcp_291,18,0,,0,0,0.9995561
benign_none_WorldOfWarcraft.pcap	tcp_292,18,0,,0,0,0.9996751
benign_none_WorldOfWarcraft.pcap	tcp_1592,18,0,,0,0,0.9996582
benign_none_WorldOfWarcraft.pcap	tcp_1568,18,0,,0,0,0.99961275
benign_none_WorldOfWarcraft.pcap	tcp_1456,18,0,,0,0,0.99975544
benign_none_WorldOfWarcraft.pcap	tcp_1449,18,0,,0,0,0.9995955
benign_none_WorldOfWarcraft.pcap	tcp_299,18,0,,0,0,0.9993362
benign_none_WorldOfWarcraft.pcap	tcp_1638,18,0,,0,0,0.999743
benign_none_WorldOfWarcraft.pcap	tcp_301,18,0,,0,0,0.99974996
benign_none_WorldOfWarcraft.pcap	tcp_302,18,0,,0,0,0.9996087
benign_none_WorldOfWarcraft.pcap	tcp_303,18,0,,0,0,0.9996896
benign_none_WorldOfWarcraft.pcap	tcp_1702,18,0,,0,0,0.99938047
benign_none_WorldOfWarcraft.pcap	tcp_2876,18,0,,0,0,0.99970615
benign_none_WorldOfWarcraft.pcap	tcp_1426,18,0,,0,0,0.99935335
benign_none_WorldOfWarcraft.pcap	tcp_310,18,0,,0,0,0.99939156
benign_none_WorldOfWarcraft.pcap	tcp_1632,18,0,,0,0,0.99973005
benign_none_WorldOfWarcraft.pcap	tcp_2918,18,0,,0,0,0.99958855
benign_none_WorldOfWarcraft.pcap	tcp_314,18,0,,0,0,0.99959767
benign_none_WorldOfWarcraft.pcap	tcp_317,18,0,,0,0,0.99970895
benign_none_WorldOfWarcraft.pcap	tcp_318,18,0,,0,0,0.9996377
benign_none_WorldOfWarcraft.pcap	tcp_2467,18,0,,0,0,0.9996147
benign_none_WorldOfWarcraft.pcap	tcp_1328,18,0,,0,0,0.9993636
benign_none_WorldOfWarcraft.pcap	tcp_321,18,0,,0,0,0.9996443
benign_none_WorldOfWarcraft.pcap	tcp_2594,18,0,,0,0,0.9993894
benign_none_WorldOfWarcraft.pcap	tcp_323,18,0,,0,0,0.999335
benign_none_WorldOfWarcraft.pcap	tcp_2808,18,0,,0,0,0.999331
benign_none_WorldOfWarcraft.pcap	tcp_2361,18,0,,0,0,0.99965864
benign_none_WorldOfWarcraft.pcap	tcp_328,18,0,,0,0,0.99967754
benign_none_WorldOfWarcraft.pcap	tcp_330,18,0,,0,0,0.99935913
benign_none_WorldOfWarcraft.pcap	tcp_331,18,0,,0,0,0.9995875
benign_none_WorldOfWarcraft.pcap	tcp_1576,18,0,,0,0,0.99906236
benign_none_WorldOfWarcraft.pcap	tcp_1926,18,0,,0,0,0.9996633
benign_none_WorldOfWarcraft.pcap	tcp_1016,18,0,,0,0,0.9996278
benign_none_WorldOfWarcraft.pcap	tcp_2481,18,0,,0,0,0.9996742
benign_none_WorldOfWarcraft.pcap	tcp_1976,18,0,,0,0,0.9993567
benign_none_WorldOfWarcraft.pcap	tcp_2603,18,0,,0,0,0.9996474
benign_none_WorldOfWarcraft.pcap	tcp_340,18,0,,0,0,0.9995544
benign_none_WorldOfWarcraft.pcap	tcp_341,18,0,,0,0,0.9995459
benign_none_WorldOfWarcraft.pcap	tcp_2081,18,0,,0,0,0.99975497
benign_none_WorldOfWarcraft.pcap	tcp_344,18,0,,0,0,0.99934405
benign_none_WorldOfWarcraft.pcap	tcp_345,18,0,,0,0,0.99933064
benign_none_WorldOfWarcraft.pcap	tcp_346,18,0,,0,0,0.99952936
benign_none_WorldOfWarcraft.pcap	tcp_1137,18,0,,0,0,0.99931884
benign_none_WorldOfWarcraft.pcap	tcp_2982,18,0,,0,0,0.9996412
benign_none_WorldOfWarcraft.pcap	tcp_2755,18,0,,0,0,0.99964535
benign_none_WorldOfWarcraft.pcap	tcp_1904,18,0,,0,0,0.9996207
benign_none_WorldOfWarcraft.pcap	tcp_1808,18,0,,0,0,0.99939406
benign_none_WorldOfWarcraft.pcap	tcp_353,18,0,,0,0,0.9992551
benign_none_WorldOfWarcraft.pcap	tcp_1784,18,0,,0,0,0.9996486
benign_none_WorldOfWarcraft.pcap	tcp_2020,18,0,,0,0,0.9984539
benign_none_WorldOfWarcraft.pcap	tcp_356,18,0,,0,0,0.99975175
benign_none_WorldOfWarcraft.pcap	tcp_1847,18,0,,0,0,0.9997098
benign_none_WorldOfWarcraft.pcap	tcp_2569,18,0,,0,0,0.99934167
benign_none_WorldOfWarcraft.pcap	tcp_2671,18,0,,0,0,0.99960035
benign_none_WorldOfWarcraft.pcap	tcp_362,18,0,,0,0,0.9997272
benign_none_WorldOfWarcraft.pcap	tcp_2380,18,0,,0,0,0.99964607
benign_none_WorldOfWarcraft.pcap	tcp_365,18,0,,0,0,0.9997323
benign_none_WorldOfWarcraft.pcap	tcp_366,18,0,,0,0,0.99931896
benign_none_WorldOfWarcraft.pcap	tcp_2447,18,0,,0,0,0.9996395
benign_none_WorldOfWarcraft.pcap	tcp_2333,18,0,,0,0,0.99957186
benign_none_WorldOfWarcraft.pcap	tcp_369,18,0,,0,0,0.99954116
benign_none_WorldOfWarcraft.pcap	tcp_370,18,0,,0,0,0.9995981
benign_none_WorldOfWarcraft.pcap	tcp_371,18,0,,0,0,0.9996431
benign_none_WorldOfWarcraft.pcap	tcp_1312,18,0,,0,0,0.9995654
benign_none_WorldOfWarcraft.pcap	tcp_374,18,0,,0,0,0.99959743
benign_none_WorldOfWarcraft.pcap	tcp_1736,18,0,,0,0,0.9993932
benign_none_WorldOfWarcraft.pcap	tcp_376,18,0,,0,0,0.999374
benign_none_WorldOfWarcraft.pcap	tcp_1604,18,0,,0,0,0.9997255
benign_none_WorldOfWarcraft.pcap	tcp_378,18,0,,0,0,0.9996264
benign_none_WorldOfWarcraft.pcap	tcp_379,18,0,,0,0,0.9996165
benign_none_WorldOfWarcraft.pcap	tcp_1659,18,0,,0,0,0.9995441
benign_none_WorldOfWarcraft.pcap	tcp_381,18,0,,0,0,0.9997279
benign_none_WorldOfWarcraft.pcap	tcp_1761,18,0,,0,0,0.99965847
benign_none_WorldOfWarcraft.pcap	tcp_1502,18,0,,0,0,0.99960893
benign_none_WorldOfWarcraft.pcap	tcp_2589,18,0,,0,0,0.9996629
benign_none_WorldOfWarcraft.pcap	tcp_2002,18,0,,0,0,0.99975425
benign_none_WorldOfWarcraft.pcap	tcp_2813,18,0,,0,0,0.99956274
benign_none_WorldOfWarcraft.pcap	tcp_1671,18,0,,0,0,0.9997123
benign_none_WorldOfWarcraft.pcap	tcp_389,18,0,,0,0,0.99827623
benign_none_WorldOfWarcraft.pcap	tcp_2817,18,0,,0,0,0.9996136
benign_none_WorldOfWarcraft.pcap	tcp_392,18,0,,0,0,0.9993579
benign_none_WorldOfWarcraft.pcap	tcp_2296,18,0,,0,0,0.99957174
benign_none_WorldOfWarcraft.pcap	tcp_1438,18,0,,0,0,0.9997275
benign_none_WorldOfWarcraft.pcap	tcp_396,18,0,,0,0,0.9997502
benign_none_WorldOfWarcraft.pcap	tcp_2482,18,0,,0,0,0.99936324
benign_none_WorldOfWarcraft.pcap	tcp_400,18,0,,0,0,0.9990727
benign_none_WorldOfWarcraft.pcap	tcp_401,18,0,,0,0,0.9995994
benign_none_WorldOfWarcraft.pcap	tcp_2165,18,0,,0,0,0.9995954
benign_none_WorldOfWarcraft.pcap	tcp_2324,18,0,,0,0,0.9995795
benign_none_WorldOfWarcraft.pcap	tcp_404,18,0,,0,0,0.9995604
benign_none_WorldOfWarcraft.pcap	tcp_1006,18,0,,0,0,0.9996101
benign_none_WorldOfWarcraft.pcap	tcp_2595,18,0,,0,0,0.99956995
benign_none_WorldOfWarcraft.pcap	tcp_409,18,0,,0,0,0.9996909
benign_none_WorldOfWarcraft.pcap	tcp_410,18,0,,0,0,0.999632
benign_none_WorldOfWarcraft.pcap	tcp_411,18,0,,0,0,0.9996322
benign_none_WorldOfWarcraft.pcap	tcp_1446,18,0,,0,0,0.99968123
benign_none_WorldOfWarcraft.pcap	tcp_1879,18,0,,0,0,0.9996299
benign_none_WorldOfWarcraft.pcap	tcp_414,18,0,,0,0,0.9995542
benign_none_WorldOfWarcraft.pcap	tcp_415,18,0,,0,0,0.9993975
benign_none_WorldOfWarcraft.pcap	tcp_417,18,0,,0,0,0.99962026
benign_none_WorldOfWarcraft.pcap	tcp_418,18,0,,0,0,0.99924314
benign_none_WorldOfWarcraft.pcap	tcp_2795,18,0,,0,0,0.9997407
benign_none_WorldOfWarcraft.pcap	tcp_420,18,0,,0,0,0.99962556
benign_none_WorldOfWarcraft.pcap	tcp_1304,18,0,,0,0,0.9997526
benign_none_WorldOfWarcraft.pcap	tcp_2722,18,0,,0,0,0.99962294
benign_none_WorldOfWarcraft.pcap	tcp_2825,18,0,,0,0,0.99976027
benign_none_WorldOfWarcraft.pcap	tcp_427,18,0,,0,0,0.99935097
benign_none_WorldOfWarcraft.pcap	tcp_1043,18,0,,0,0,0.99937016
benign_none_WorldOfWarcraft.pcap	tcp_1251,18,0,,0,0,0.99963975
benign_none_WorldOfWarcraft.pcap	tcp_2538,18,0,,0,0,0.99963784
benign_none_WorldOfWarcraft.pcap	tcp_431,18,0,,0,0,0.99928683
benign_none_WorldOfWarcraft.pcap	tcp_2508,18,0,,0,0,0.99954385
benign_none_WorldOfWarcraft.pcap	tcp_1107,18,0,,0,0,0.9995956
benign_none_WorldOfWarcraft.pcap	tcp_1024,18,0,,0,0,0.99969983
benign_none_WorldOfWarcraft.pcap	tcp_1182,18,0,,0,0,0.99973357
benign_none_WorldOfWarcraft.pcap	tcp_438,18,0,,0,0,0.9995839
benign_none_WorldOfWarcraft.pcap	tcp_2343,18,0,,0,0,0.99973106
benign_none_WorldOfWarcraft.pcap	tcp_440,18,0,,0,0,0.99964356
benign_none_WorldOfWarcraft.pcap	tcp_441,18,0,,0,0,0.99850154
benign_none_WorldOfWarcraft.pcap	tcp_442,18,0,,0,0,0.99974734
benign_none_WorldOfWarcraft.pcap	tcp_444,18,0,,0,0,0.99958223
benign_none_WorldOfWarcraft.pcap	tcp_445,18,0,,0,0,0.99937874
benign_none_WorldOfWarcraft.pcap	tcp_446,18,0,,0,0,0.9997029
benign_none_WorldOfWarcraft.pcap	tcp_2381,18,0,,0,0,0.99938595
benign_none_WorldOfWarcraft.pcap	tcp_2090,18,0,,0,0,0.9994717
benign_none_WorldOfWarcraft.pcap	tcp_452,18,0,,0,0,0.99931586
benign_none_WorldOfWarcraft.pcap	tcp_453,18,0,,0,0,0.99971014
benign_none_WorldOfWarcraft.pcap	tcp_454,18,0,,0,0,0.999572
benign_none_WorldOfWarcraft.pcap	tcp_2298,18,0,,0,0,0.9997134
benign_none_WorldOfWarcraft.pcap	tcp_456,18,0,,0,0,0.9996911
benign_none_WorldOfWarcraft.pcap	tcp_2473,18,0,,0,0,0.9995574
benign_none_WorldOfWarcraft.pcap	tcp_458,18,0,,0,0,0.99931383
benign_none_WorldOfWarcraft.pcap	tcp_459,18,0,,0,0,0.9996796
benign_none_WorldOfWarcraft.pcap	tcp_1696,18,0,,0,0,0.9995994
benign_none_WorldOfWarcraft.pcap	tcp_461,18,0,,0,0,0.99962723
benign_none_WorldOfWarcraft.pcap	tcp_1968,18,0,,0,0,0.9995506
benign_none_WorldOfWarcraft.pcap	tcp_464,18,0,,0,0,0.9985961
benign_none_WorldOfWarcraft.pcap	tcp_2903,18,0,,0,0,0.9996375
benign_none_WorldOfWarcraft.pcap	tcp_2743,18,0,,0,0,0.9995596
benign_none_WorldOfWarcraft.pcap	tcp_470,18,0,,0,0,0.99958295
benign_none_WorldOfWarcraft.pcap	tcp_472,18,0,,0,0,0.99972504
benign_none_WorldOfWarcraft.pcap	tcp_1792,18,0,,0,0,0.99968886
benign_none_WorldOfWarcraft.pcap	tcp_475,18,0,,0,0,0.9997515
benign_none_WorldOfWarcraft.pcap	tcp_476,18,0,,0,0,0.99975246
benign_none_WorldOfWarcraft.pcap	tcp_478,18,0,,0,0,0.99957424
benign_none_WorldOfWarcraft.pcap	tcp_2089,18,0,,0,0,0.99962586
benign_none_WorldOfWarcraft.pcap	tcp_481,18,0,,0,0,0.99961793
benign_none_WorldOfWarcraft.pcap	tcp_482,18,0,,0,0,0.9997495
benign_none_WorldOfWarcraft.pcap	tcp_2774,18,0,,0,0,0.9993724
benign_none_WorldOfWarcraft.pcap	tcp_2027,18,0,,0,0,0.9995987
benign_none_WorldOfWarcraft.pcap	tcp_2822,18,0,,0,0,0.9997299
benign_none_WorldOfWarcraft.pcap	tcp_1880,18,0,,0,0,0.99961185
benign_none_WorldOfWarcraft.pcap	tcp_1059,18,0,,0,0,0.9996363
benign_none_WorldOfWarcraft.pcap	tcp_2402,18,0,,0,0,0.9996722
benign_none_WorldOfWarcraft.pcap	tcp_491,18,0,,0,0,0.9993557
benign_none_WorldOfWarcraft.pcap	tcp_1663,18,0,,0,0,0.99936086
benign_none_WorldOfWarcraft.pcap	tcp_1279,18,0,,0,0,0.99961877
benign_none_WorldOfWarcraft.pcap	tcp_495,18,0,,0,0,0.9997172
benign_none_WorldOfWarcraft.pcap	tcp_497,18,0,,0,0,0.99964565
benign_none_WorldOfWarcraft.pcap	tcp_2259,18,0,,0,0,0.9997297
benign_none_WorldOfWarcraft.pcap	tcp_499,18,0,,0,0,0.9995982
benign_none_WorldOfWarcraft.pcap	tcp_500,18,0,,0,0,0.99974006
benign_none_WorldOfWarcraft.pcap	tcp_501,18,0,,0,0,0.999616
benign_none_WorldOfWarcraft.pcap	tcp_1233,18,0,,0,0,0.999307
benign_none_WorldOfWarcraft.pcap	tcp_2691,18,0,,0,0,0.99962366
benign_none_WorldOfWarcraft.pcap	tcp_504,18,0,,0,0,0.9993216
benign_none_WorldOfWarcraft.pcap	tcp_2143,18,0,,0,0,0.9996285
benign_none_WorldOfWarcraft.pcap	tcp_506,18,0,,0,0,0.9996532
benign_none_WorldOfWarcraft.pcap	tcp_2914,18,1,Cc_5,0,0,0.9996848
benign_none_WorldOfWarcraft.pcap	tcp_1753,18,0,,0,0,0.9993856
benign_none_WorldOfWarcraft.pcap	tcp_510,18,0,,0,0,0.999764
benign_none_WorldOfWarcraft.pcap	tcp_2782,18,0,,0,0,0.9995828
benign_none_WorldOfWarcraft.pcap	tcp_1906,18,0,,0,0,0.99970895
benign_none_WorldOfWarcraft.pcap	tcp_1086,18,0,,0,0,0.9997466
benign_none_WorldOfWarcraft.pcap	tcp_1566,18,0,,0,0,0.9964462
benign_none_WorldOfWarcraft.pcap	tcp_518,18,0,,0,0,0.99978167
benign_none_WorldOfWarcraft.pcap	tcp_1545,18,0,,0,0,0.9995927
benign_none_WorldOfWarcraft.pcap	tcp_1424,18,0,,0,0,0.99966085
benign_none_WorldOfWarcraft.pcap	tcp_1624,18,0,,0,0,0.9996456
benign_none_WorldOfWarcraft.pcap	tcp_1023,18,0,,0,0,0.99974316
benign_none_WorldOfWarcraft.pcap	tcp_525,18,0,,0,0,0.999318
benign_none_WorldOfWarcraft.pcap	tcp_527,18,0,,0,0,0.9996954
benign_none_WorldOfWarcraft.pcap	tcp_1916,18,0,,0,0,0.9997304
benign_none_WorldOfWarcraft.pcap	tcp_1824,18,0,,0,0,0.999542
benign_none_WorldOfWarcraft.pcap	tcp_1195,18,0,,0,0,0.9997093
benign_none_WorldOfWarcraft.pcap	tcp_1789,18,0,,0,0,0.99935776
benign_none_WorldOfWarcraft.pcap	tcp_533,18,0,,0,0,0.9997008
benign_none_WorldOfWarcraft.pcap	tcp_2824,18,0,,0,0,0.9996549
benign_none_WorldOfWarcraft.pcap	tcp_1281,18,0,,0,0,0.9993499
benign_none_WorldOfWarcraft.pcap	tcp_537,18,0,,0,0,0.9995652
benign_none_WorldOfWarcraft.pcap	tcp_2849,18,0,,0,0,0.9997601
benign_none_WorldOfWarcraft.pcap	tcp_2208,18,0,,0,0,0.999534
benign_none_WorldOfWarcraft.pcap	tcp_540,18,0,,0,0,0.9996693
benign_none_WorldOfWarcraft.pcap	tcp_541,18,0,,0,0,0.99968386
benign_none_WorldOfWarcraft.pcap	tcp_542,18,0,,0,0,0.999696
benign_none_WorldOfWarcraft.pcap	tcp_1179,18,0,,0,0,0.99939346
benign_none_WorldOfWarcraft.pcap	tcp_1732,18,0,,0,0,0.9996456
benign_none_WorldOfWarcraft.pcap	tcp_2410,18,0,,0,0,0.99954426
benign_none_WorldOfWarcraft.pcap	tcp_1699,18,0,,0,0,0.9990859
benign_none_WorldOfWarcraft.pcap	tcp_548,18,0,,0,0,0.99961156
benign_none_WorldOfWarcraft.pcap	tcp_549,18,0,,0,0,0.99974686
benign_none_WorldOfWarcraft.pcap	tcp_2618,18,0,,0,0,0.99967074
benign_none_WorldOfWarcraft.pcap	tcp_1282,18,0,,0,0,0.9997438
benign_none_WorldOfWarcraft.pcap	tcp_2041,18,0,,0,0,0.9984158
benign_none_WorldOfWarcraft.pcap	tcp_1407,18,0,,0,0,0.99974716
benign_none_WorldOfWarcraft.pcap	tcp_2280,18,0,,0,0,0.9995877
benign_none_WorldOfWarcraft.pcap	tcp_1498,18,0,,0,0,0.9993807
benign_none_WorldOfWarcraft.pcap	tcp_2532,18,0,,0,0,0.9996473
benign_none_WorldOfWarcraft.pcap	tcp_560,18,0,,0,0,0.999713
benign_none_WorldOfWarcraft.pcap	tcp_561,18,0,,0,0,0.99959856
benign_none_WorldOfWarcraft.pcap	tcp_562,18,0,,0,0,0.99962795
benign_none_WorldOfWarcraft.pcap	tcp_1131,18,0,,0,0,0.999373
benign_none_WorldOfWarcraft.pcap	tcp_2730,18,0,,0,0,0.9997588
benign_none_WorldOfWarcraft.pcap	tcp_1416,18,0,,0,0,0.9996208
benign_none_WorldOfWarcraft.pcap	tcp_1363,18,0,,0,0,0.99939513
benign_none_WorldOfWarcraft.pcap	tcp_2007,18,0,,0,0,0.9992693
benign_none_WorldOfWarcraft.pcap	tcp_2802,18,0,,0,0,0.9997055
benign_none_WorldOfWarcraft.pcap	tcp_1165,18,0,,0,0,0.99934584
benign_none_WorldOfWarcraft.pcap	tcp_571,18,0,,0,0,0.99953604
benign_none_WorldOfWarcraft.pcap	tcp_2022,18,0,,0,0,0.9995945
benign_none_WorldOfWarcraft.pcap	tcp_2384,18,0,,0,0,0.9997633
benign_none_WorldOfWarcraft.pcap	tcp_575,18,0,,0,0,0.9993999
benign_none_WorldOfWarcraft.pcap	tcp_1600,18,0,,0,0,0.9995951
benign_none_WorldOfWarcraft.pcap	tcp_2975,18,0,,0,0,0.9993747
benign_none_WorldOfWarcraft.pcap	tcp_1395,18,0,,0,0,0.9995693
benign_none_WorldOfWarcraft.pcap	tcp_1918,18,0,,0,0,0.9991911
benign_none_WorldOfWarcraft.pcap	tcp_2792,18,0,,0,0,0.9995653
benign_none_WorldOfWarcraft.pcap	tcp_2070,18,0,,0,0,0.9995504
benign_none_WorldOfWarcraft.pcap	tcp_583,18,0,,0,0,0.9996363
benign_none_WorldOfWarcraft.pcap	tcp_2279,18,0,,0,0,0.9996469
benign_none_WorldOfWarcraft.pcap	tcp_1595,18,0,,0,0,0.9995656
benign_none_WorldOfWarcraft.pcap	tcp_586,18,0,,0,0,0.9996754
benign_none_WorldOfWarcraft.pcap	tcp_587,18,0,,0,0,0.99956065
benign_none_WorldOfWarcraft.pcap	tcp_1077,18,0,,0,0,0.99974734
benign_none_WorldOfWarcraft.pcap	tcp_2152,18,0,,0,0,0.99965143
benign_none_WorldOfWarcraft.pcap	tcp_1853,18,0,,0,0,0.9997404
benign_none_WorldOfWarcraft.pcap	tcp_595,18,0,,0,0,0.99935967
benign_none_WorldOfWarcraft.pcap	tcp_596,18,0,,0,0,0.9997275
benign_none_WorldOfWarcraft.pcap	tcp_1517,18,0,,0,0,0.9996024
benign_none_WorldOfWarcraft.pcap	tcp_1777,18,0,,0,0,0.9997086
benign_none_WorldOfWarcraft.pcap	tcp_604,18,0,,0,0,0.99959403
benign_none_WorldOfWarcraft.pcap	tcp_2765,18,0,,0,0,0.9997396
benign_none_WorldOfWarcraft.pcap	tcp_606,18,0,,0,0,0.99973804
benign_none_WorldOfWarcraft.pcap	tcp_607,18,0,,0,0,0.99939
benign_none_WorldOfWarcraft.pcap	tcp_608,18,0,,0,0,0.9993418
benign_none_WorldOfWarcraft.pcap	tcp_609,18,0,,0,0,0.999328
benign_none_WorldOfWarcraft.pcap	tcp_2462,18,0,,0,0,0.99965
benign_none_WorldOfWarcraft.pcap	tcp_2845,18,0,,0,0,0.9995434
benign_none_WorldOfWarcraft.pcap	tcp_1759,18,0,,0,0,0.99968594
benign_none_WorldOfWarcraft.pcap	tcp_1273,18,0,,0,0,0.9997148
benign_none_WorldOfWarcraft.pcap	tcp_1686,18,0,,0,0,0.99959975
benign_none_WorldOfWarcraft.pcap	tcp_2032,18,0,,0,0,0.9993147
benign_none_WorldOfWarcraft.pcap	tcp_618,18,0,,0,0,0.9996158
benign_none_WorldOfWarcraft.pcap	tcp_620,18,0,,0,0,0.9997311
benign_none_WorldOfWarcraft.pcap	tcp_621,18,0,,0,0,0.99969447
benign_none_WorldOfWarcraft.pcap	tcp_2195,18,0,,0,0,0.9997396
benign_none_WorldOfWarcraft.pcap	tcp_2046,18,0,,0,0,0.99961275
benign_none_WorldOfWarcraft.pcap	tcp_1210,18,0,,0,0,0.9996051
benign_none_WorldOfWarcraft.pcap	tcp_2800,18,0,,0,0,0.99962634
benign_none_WorldOfWarcraft.pcap	tcp_627,18,0,,0,0,0.99964786
benign_none_WorldOfWarcraft.pcap	tcp_628,18,0,,0,0,0.99935323
benign_none_WorldOfWarcraft.pcap	tcp_1190,18,1,Cc_5,0,0,0.9996165
benign_none_WorldOfWarcraft.pcap	tcp_630,18,0,,0,0,0.9996294
benign_none_WorldOfWarcraft.pcap	tcp_1379,18,0,,0,0,0.99956775
benign_none_WorldOfWarcraft.pcap	tcp_2769,18,0,,0,0,0.9993444
benign_none_WorldOfWarcraft.pcap	tcp_2789,18,0,,0,0,0.9996284
benign_none_WorldOfWarcraft.pcap	tcp_1873,18,0,,0,0,0.99962103
benign_none_WorldOfWarcraft.pcap	tcp_1079,18,0,,0,0,0.9993474
benign_none_WorldOfWarcraft.pcap	tcp_1692,18,0,,0,0,0.9996432
benign_none_WorldOfWarcraft.pcap	tcp_1839,18,0,,0,0,0.99960285
benign_none_WorldOfWarcraft.pcap	tcp_640,18,0,,0,0,0.9993274
benign_none_WorldOfWarcraft.pcap	tcp_2091,18,0,,0,0,0.9995845
benign_none_WorldOfWarcraft.pcap	tcp_2257,18,0,,0,0,0.99972016
benign_none_WorldOfWarcraft.pcap	tcp_1892,18,0,,0,0,0.9997026
benign_none_WorldOfWarcraft.pcap	tcp_2167,18,0,,0,0,0.99962866
benign_none_WorldOfWarcraft.pcap	tcp_646,18,0,,0,0,0.9997315
benign_none_WorldOfWarcraft.pcap	tcp_1794,18,0,,0,0,0.9995774
benign_none_WorldOfWarcraft.pcap	tcp_648,18,0,,0,0,0.99939096
benign_none_WorldOfWarcraft.pcap	tcp_1979,18,0,,0,0,0.99963295
benign_none_WorldOfWarcraft.pcap	tcp_1206,18,0,,0,0,0.999576
benign_none_WorldOfWarcraft.pcap	tcp_651,18,0,,0,0,0.99973553
benign_none_WorldOfWarcraft.pcap	tcp_652,18,0,,0,0,0.99963856
benign_none_WorldOfWarcraft.pcap	tcp_2491,18,0,,0,0,0.9996673
benign_none_WorldOfWarcraft.pcap	tcp_654,18,0,,0,0,0.9995965
benign_none_WorldOfWarcraft.pcap	tcp_2542,18,0,,0,0,0.99933386
benign_none_WorldOfWarcraft.pcap	tcp_657,18,0,,0,0,0.999544
benign_none_WorldOfWarcraft.pcap	tcp_2591,18,0,,0,0,0.999703
benign_none_WorldOfWarcraft.pcap	tcp_2307,18,0,,0,0,0.99962133
benign_none_WorldOfWarcraft.pcap	tcp_2457,18,0,,0,0,0.9996807
benign_none_WorldOfWarcraft.pcap	tcp_2925,18,0,,0,0,0.9995582
benign_none_WorldOfWarcraft.pcap	tcp_665,18,0,,0,0,0.99960417
benign_none_WorldOfWarcraft.pcap	tcp_666,18,0,,0,0,0.99973387
benign_none_WorldOfWarcraft.pcap	tcp_2616,18,0,,0,0,0.9997177
benign_none_WorldOfWarcraft.pcap	tcp_1810,18,0,,0,0,0.9993267
benign_none_WorldOfWarcraft.pcap	tcp_2028,18,0,,0,0,0.99954
benign_none_WorldOfWarcraft.pcap	tcp_1114,18,0,,0,0,0.99965894
benign_none_WorldOfWarcraft.pcap	tcp_1272,18,0,,0,0,0.99936193
benign_none_WorldOfWarcraft.pcap	tcp_1818,18,0,,0,0,0.9996971
benign_none_WorldOfWarcraft.pcap	tcp_2242,18,0,,0,0,0.999603
benign_none_WorldOfWarcraft.pcap	tcp_1032,18,0,,0,0,0.999751
benign_none_WorldOfWarcraft.pcap	tcp_1855,18,0,,0,0,0.9993297
benign_none_WorldOfWarcraft.pcap	tcp_681,18,0,,0,0,0.99938107
benign_none_WorldOfWarcraft.pcap	tcp_2559,18,0,,0,0,0.9993622
benign_none_WorldOfWarcraft.pcap	tcp_1261,18,0,,0,0,0.99960554
benign_none_WorldOfWarcraft.pcap	tcp_1914,18,0,,0,0,0.9996799
benign_none_WorldOfWarcraft.pcap	tcp_1503,18,0,,0,0,0.9997545
benign_none_WorldOfWarcraft.pcap	tcp_687,18,0,,0,0,0.9995716
benign_none_WorldOfWarcraft.pcap	tcp_689,18,0,,0,0,0.99975246
benign_none_WorldOfWarcraft.pcap	tcp_691,18,0,,0,0,0.999616
benign_none_WorldOfWarcraft.pcap	tcp_1396,18,0,,0,0,0.99961746
benign_none_WorldOfWarcraft.pcap	tcp_2528,18,0,,0,0,0.99965906
benign_none_WorldOfWarcraft.pcap	tcp_1743,18,0,,0,0,0.99961585
benign_none_WorldOfWarcraft.pcap	tcp_695,18,0,,0,0,0.99964243
benign_none_WorldOfWarcraft.pcap	tcp_696,18,0,,0,0,0.9995709
benign_none_WorldOfWarcraft.pcap	tcp_1865,18,0,,0,0,0.99931705
benign_none_WorldOfWarcraft.pcap	tcp_2502,18,0,,0,0,0.99961716
benign_none_WorldOfWarcraft.pcap	tcp_699,18,0,,0,0,0.9995731
benign_none_WorldOfWarcraft.pcap	tcp_2875,18,0,,0,0,0.99935526
benign_none_WorldOfWarcraft.pcap	tcp_2047,18,0,,0,0,0.9997329
benign_none_WorldOfWarcraft.pcap	tcp_704,18,0,,0,0,0.99969566
benign_none_WorldOfWarcraft.pcap	tcp_2725,18,0,,0,0,0.9997445
benign_none_WorldOfWarcraft.pcap	tcp_1894,18,0,,0,0,0.99958736
benign_none_WorldOfWarcraft.pcap	tcp_2590,18,0,,0,0,0.999642
benign_none_WorldOfWarcraft.pcap	tcp_1518,18,0,,0,0,0.9995407
benign_none_WorldOfWarcraft.pcap	tcp_710,18,0,,0,0,0.9997472
benign_none_WorldOfWarcraft.pcap	tcp_1582,18,0,,0,0,0.999674
benign_none_WorldOfWarcraft.pcap	tcp_1118,18,0,,0,0,0.9996555
benign_none_WorldOfWarcraft.pcap	tcp_1418,18,0,,0,0,0.9995633
benign_none_WorldOfWarcraft.pcap	tcp_2659,18,1,Cc_5,0,0,0.9997519
benign_none_WorldOfWarcraft.pcap	tcp_1813,18,0,,0,0,0.9992804
benign_none_WorldOfWarcraft.pcap	tcp_2478,18,0,,0,0,0.99958754
benign_none_WorldOfWarcraft.pcap	tcp_2452,18,0,,0,0,0.9996067
benign_none_WorldOfWarcraft.pcap	tcp_721,18,0,,0,0,0.999581
benign_none_WorldOfWarcraft.pcap	tcp_723,18,0,,0,0,0.99938476
benign_none_WorldOfWarcraft.pcap	tcp_2347,18,0,,0,0,0.9993135
benign_none_WorldOfWarcraft.pcap	tcp_1623,18,0,,0,0,0.99973255
benign_none_WorldOfWarcraft.pcap	tcp_1636,18,0,,0,0,0.99930143
benign_none_WorldOfWarcraft.pcap	tcp_2374,18,0,,0,0,0.9996519
benign_none_WorldOfWarcraft.pcap	tcp_2338,18,0,,0,0,0.99956536
benign_none_WorldOfWarcraft.pcap	tcp_2799,18,0,,0,0,0.9993782
benign_none_WorldOfWarcraft.pcap	tcp_1060,18,0,,0,0,0.9997146
benign_none_WorldOfWarcraft.pcap	tcp_2249,18,0,,0,0,0.9995635
benign_none_WorldOfWarcraft.pcap	tcp_733,18,0,,0,0,0.9997131
benign_none_WorldOfWarcraft.pcap	tcp_1700,18,0,,0,0,0.9995937
benign_none_WorldOfWarcraft.pcap	tcp_735,18,0,,0,0,0.9996306
benign_none_WorldOfWarcraft.pcap	tcp_2756,18,0,,0,0,0.99960035
benign_none_WorldOfWarcraft.pcap	tcp_1727,18,0,,0,0,0.99975556
benign_none_WorldOfWarcraft.pcap	tcp_2946,18,0,,0,0,0.9997207
benign_none_WorldOfWarcraft.pcap	tcp_739,18,0,,0,0,0.99972427
benign_none_WorldOfWarcraft.pcap	tcp_2576,18,0,,0,0,0.99931943
benign_none_WorldOfWarcraft.pcap	tcp_1524,18,0,,0,0,0.99967444
benign_none_WorldOfWarcraft.pcap	tcp_1464,18,0,,0,0,0.9996582
benign_none_WorldOfWarcraft.pcap	tcp_744,18,0,,0,0,0.9990452
benign_none_WorldOfWarcraft.pcap	tcp_2578,18,0,,0,0,0.99964535
benign_none_WorldOfWarcraft.pcap	tcp_1955,18,0,,0,0,0.99975723
benign_none_WorldOfWarcraft.pcap	tcp_2453,18,0,,0,0,0.9995756
benign_none_WorldOfWarcraft.pcap	tcp_750,18,0,,0,0,0.99960023
benign_none_WorldOfWarcraft.pcap	tcp_2752,18,0,,0,0,0.9995296
benign_none_WorldOfWarcraft.pcap	tcp_2218,18,0,,0,0,0.99959964
benign_none_WorldOfWarcraft.pcap	tcp_2585,18,0,,0,0,0.9993604
benign_none_WorldOfWarcraft.pcap	tcp_2897,18,0,,0,0,0.99968517
benign_none_WorldOfWarcraft.pcap	tcp_757,18,0,,0,0,0.99973524
benign_none_WorldOfWarcraft.pcap	tcp_758,18,0,,0,0,0.99951696
benign_none_WorldOfWarcraft.pcap	tcp_759,18,0,,0,0,0.99935716
benign_none_WorldOfWarcraft.pcap	tcp_2818,18,0,,0,0,0.9995736
benign_none_WorldOfWarcraft.pcap	tcp_2275,18,0,,0,0,0.99969614
benign_none_WorldOfWarcraft.pcap	tcp_2836,18,0,,0,0,0.9997676
benign_none_WorldOfWarcraft.pcap	tcp_764,18,0,,0,0,0.9983953
benign_none_WorldOfWarcraft.pcap	tcp_1410,18,0,,0,0,0.99975985
benign_none_WorldOfWarcraft.pcap	tcp_2237,18,0,,0,0,0.99955523
benign_none_WorldOfWarcraft.pcap	tcp_2026,18,0,,0,0,0.9997032
benign_none_WorldOfWarcraft.pcap	tcp_1787,18,0,,0,0,0.99974316
benign_none_WorldOfWarcraft.pcap	tcp_1891,18,0,,0,0,0.99969983
benign_none_WorldOfWarcraft.pcap	tcp_2446,18,0,,0,0,0.99945235
benign_none_WorldOfWarcraft.pcap	tcp_774,18,0,,0,0,0.99971217
benign_none_WorldOfWarcraft.pcap	tcp_776,18,0,,0,0,0.99955285
benign_none_WorldOfWarcraft.pcap	tcp_2781,18,0,,0,0,0.999315
benign_none_WorldOfWarcraft.pcap	tcp_2078,18,0,,0,0,0.99971616
benign_none_WorldOfWarcraft.pcap	tcp_1557,18,0,,0,0,0.99939656
benign_none_WorldOfWarcraft.pcap	tcp_1072,18,0,,0,0,0.9997439
benign_none_WorldOfWarcraft.pcap	tcp_2994,18,0,,0,0,0.99938214
benign_none_WorldOfWarcraft.pcap	tcp_782,18,0,,0,0,0.9997673
benign_none_WorldOfWarcraft.pcap	tcp_783,18,0,,0,0,0.9997151
benign_none_WorldOfWarcraft.pcap	tcp_2742,18,0,,0,0,0.99934494
benign_none_WorldOfWarcraft.pcap	tcp_786,18,0,,0,0,0.99933964
benign_none_WorldOfWarcraft.pcap	tcp_787,18,0,,0,0,0.99962974
benign_none_WorldOfWarcraft.pcap	tcp_2414,18,0,,0,0,0.999373
benign_none_WorldOfWarcraft.pcap	tcp_791,18,0,,0,0,0.99934477
benign_none_WorldOfWarcraft.pcap	tcp_2163,18,0,,0,0,0.9997305
benign_none_WorldOfWarcraft.pcap	tcp_1408,18,0,,0,0,0.99973667
benign_none_WorldOfWarcraft.pcap	tcp_1398,18,0,,0,0,0.9997466
benign_none_WorldOfWarcraft.pcap	tcp_2829,18,0,,0,0,0.9995908
benign_none_WorldOfWarcraft.pcap	tcp_1159,18,0,,0,0,0.99967647
benign_none_WorldOfWarcraft.pcap	tcp_1766,18,0,,0,0,0.9995532
benign_none_WorldOfWarcraft.pcap	tcp_2830,18,0,,0,0,0.9997087
benign_none_WorldOfWarcraft.pcap	tcp_802,18,0,,0,0,0.9996371
benign_none_WorldOfWarcraft.pcap	tcp_2775,18,0,,0,0,0.9996222
benign_none_WorldOfWarcraft.pcap	tcp_804,18,0,,0,0,0.99971086
benign_none_WorldOfWarcraft.pcap	tcp_805,18,0,,0,0,0.99971354
benign_none_WorldOfWarcraft.pcap	tcp_807,18,0,,0,0,0.99855715
benign_none_WorldOfWarcraft.pcap	tcp_808,18,0,,0,0,0.99965906
benign_none_WorldOfWarcraft.pcap	tcp_809,18,0,,0,0,0.999345
benign_none_WorldOfWarcraft.pcap	tcp_1851,18,0,,0,0,0.9996427
benign_none_WorldOfWarcraft.pcap	tcp_1081,18,0,,0,0,0.99973106
benign_none_WorldOfWarcraft.pcap	tcp_813,18,0,,0,0,0.9997284
benign_none_WorldOfWarcraft.pcap	tcp_815,18,0,,0,0,0.99969935
benign_none_WorldOfWarcraft.pcap	tcp_2306,18,0,,0,0,0.9993585
benign_none_WorldOfWarcraft.pcap	tcp_1128,18,0,,0,0,0.9993949
benign_none_WorldOfWarcraft.pcap	tcp_1435,18,0,,0,0,0.99956316
benign_none_WorldOfWarcraft.pcap	tcp_1995,18,0,,0,0,0.9993753
benign_none_WorldOfWarcraft.pcap	tcp_1308,18,0,,0,0,0.99963677
benign_none_WorldOfWarcraft.pcap	tcp_821,18,0,,0,0,0.99962246
benign_none_WorldOfWarcraft.pcap	tcp_1561,18,0,,0,0,0.9995593
benign_none_WorldOfWarcraft.pcap	tcp_824,18,0,,0,0,0.99973744
benign_none_WorldOfWarcraft.pcap	tcp_825,18,0,,0,0,0.9997373
benign_none_WorldOfWarcraft.pcap	tcp_827,18,0,,0,0,0.99973315
benign_none_WorldOfWarcraft.pcap	tcp_2051,18,0,,0,0,0.99938786
benign_none_WorldOfWarcraft.pcap	tcp_1695,18,0,,0,0,0.9995604
benign_none_WorldOfWarcraft.pcap	tcp_1975,18,0,,0,0,0.99935037
benign_none_WorldOfWarcraft.pcap	tcp_1547,18,0,,0,0,0.9993777
benign_none_WorldOfWarcraft.pcap	tcp_1289,18,0,,0,0,0.9993818
benign_none_WorldOfWarcraft.pcap	tcp_2042,18,0,,0,0,0.9994973
benign_none_WorldOfWarcraft.pcap	tcp_2628,18,0,,0,0,0.9997216
benign_none_WorldOfWarcraft.pcap	tcp_837,18,0,,0,0,0.9997232
benign_none_WorldOfWarcraft.pcap	tcp_838,18,0,,0,0,0.99963266
benign_none_WorldOfWarcraft.pcap	tcp_1884,18,0,,0,0,0.99961275
benign_none_WorldOfWarcraft.pcap	tcp_1680,18,0,,0,0,0.999629
benign_none_WorldOfWarcraft.pcap	tcp_841,18,0,,0,0,0.99975556
benign_none_WorldOfWarcraft.pcap	tcp_2342,18,0,,0,0,0.99965936
benign_none_WorldOfWarcraft.pcap	tcp_1990,18,0,,0,0,0.9996431
benign_none_WorldOfWarcraft.pcap	tcp_844,18,0,,0,0,0.9995555
benign_none_WorldOfWarcraft.pcap	tcp_2674,18,0,,0,0,0.99971485
benign_none_WorldOfWarcraft.pcap	tcp_2702,18,0,,0,0,0.9993759
benign_none_WorldOfWarcraft.pcap	tcp_2010,18,0,,0,0,0.9996985
benign_none_WorldOfWarcraft.pcap	tcp_2886,18,0,,0,0,0.999634
benign_none_WorldOfWarcraft.pcap	tcp_850,18,0,,0,0,0.9997172
benign_none_WorldOfWarcraft.pcap	tcp_2633,18,0,,0,0,0.9997072
benign_none_WorldOfWarcraft.pcap	tcp_1691,18,0,,0,0,0.9997516
benign_none_WorldOfWarcraft.pcap	tcp_1698,18,0,,0,0,0.9996561
benign_none_WorldOfWarcraft.pcap	tcp_854,18,0,,0,0,0.9995807
benign_none_WorldOfWarcraft.pcap	tcp_2806,18,0,,0,0,0.99958557
benign_none_WorldOfWarcraft.pcap	tcp_856,18,0,,0,0,0.9993661
benign_none_WorldOfWarcraft.pcap	tcp_857,18,0,,0,0,0.99958223
benign_none_WorldOfWarcraft.pcap	tcp_1614,18,0,,0,0,0.99967396
benign_none_WorldOfWarcraft.pcap	tcp_1634,18,0,,0,0,0.9997016
benign_none_WorldOfWarcraft.pcap	tcp_2369,18,0,,0,0,0.99928206
benign_none_WorldOfWarcraft.pcap	tcp_861,18,0,,0,0,0.99959046
benign_none_WorldOfWarcraft.pcap	tcp_862,18,0,,0,0,0.99968237
benign_none_WorldOfWarcraft.pcap	tcp_1286,18,0,,0,0,0.99938786
benign_none_WorldOfWarcraft.pcap	tcp_2892,18,0,,0,0,0.99957013
benign_none_WorldOfWarcraft.pcap	tcp_865,18,0,,0,0,0.99969685
benign_none_WorldOfWarcraft.pcap	tcp_2012,18,0,,0,0,0.9993326
benign_none_WorldOfWarcraft.pcap	tcp_2094,18,0,,0,0,0.99966896
benign_none_WorldOfWarcraft.pcap	tcp_2716,18,0,,0,0,0.9997017
benign_none_WorldOfWarcraft.pcap	tcp_1099,18,0,,0,0,0.9993587
benign_none_WorldOfWarcraft.pcap	tcp_1186,18,0,,0,0,0.999642
benign_none_WorldOfWarcraft.pcap	tcp_2873,18,0,,0,0,0.99955577
benign_none_WorldOfWarcraft.pcap	tcp_1068,18,0,,0,0,0.9997472
benign_none_WorldOfWarcraft.pcap	tcp_2834,18,0,,0,0,0.9997366
benign_none_WorldOfWarcraft.pcap	tcp_876,18,0,,0,0,0.99956197
benign_none_WorldOfWarcraft.pcap	tcp_879,18,0,,0,0,0.9993125
benign_none_WorldOfWarcraft.pcap	tcp_2518,18,0,,0,0,0.99960345
benign_none_WorldOfWarcraft.pcap	tcp_2606,18,0,,0,0,0.99938285
benign_none_WorldOfWarcraft.pcap	tcp_1985,18,0,,0,0,0.99957913
benign_none_WorldOfWarcraft.pcap	tcp_1552,18,0,,0,0,0.99957854
benign_none_WorldOfWarcraft.pcap	tcp_1602,18,0,,0,0,0.9995902
benign_none_WorldOfWarcraft.pcap	tcp_887,18,0,,0,0,0.9996814
benign_none_WorldOfWarcraft.pcap	tcp_1745,18,0,,0,0,0.99958247
benign_none_WorldOfWarcraft.pcap	tcp_1762,18,0,,0,0,0.99962103
benign_none_WorldOfWarcraft.pcap	tcp_2317,18,0,,0,0,0.9997502
benign_none_WorldOfWarcraft.pcap	tcp_2670,18,0,,0,0,0.99964726
benign_none_WorldOfWarcraft.pcap	tcp_1366,18,0,,0,0,0.9996871
benign_none_WorldOfWarcraft.pcap	tcp_2891,18,0,,0,0,0.99963653
benign_none_WorldOfWarcraft.pcap	tcp_897,18,0,,0,0,0.99942493
benign_none_WorldOfWarcraft.pcap	tcp_2708,18,0,,0,0,0.99962586
benign_none_WorldOfWarcraft.pcap	tcp_2581,18,0,,0,0,0.9996162
benign_none_WorldOfWarcraft.pcap	tcp_2956,18,0,,0,0,0.99969757
benign_none_WorldOfWarcraft.pcap	tcp_901,18,0,,0,0,0.99955153
benign_none_WorldOfWarcraft.pcap	tcp_1885,18,0,,0,0,0.99938244
benign_none_WorldOfWarcraft.pcap	tcp_1591,18,0,,0,0,0.99974847
benign_none_WorldOfWarcraft.pcap	tcp_2898,18,0,,0,0,0.9995475
benign_none_WorldOfWarcraft.pcap	tcp_2161,18,0,,0,0,0.9996588
benign_none_WorldOfWarcraft.pcap	tcp_1964,18,0,,0,0,0.9995553
benign_none_WorldOfWarcraft.pcap	tcp_1788,18,0,,0,0,0.9996371
benign_none_WorldOfWarcraft.pcap	tcp_909,18,0,,0,0,0.9995196
benign_none_WorldOfWarcraft.pcap	tcp_1479,18,0,,0,0,0.9993254
benign_none_WorldOfWarcraft.pcap	tcp_1036,18,0,,0,0,0.9997339
benign_none_WorldOfWarcraft.pcap	tcp_913,18,0,,0,0,0.9996024
benign_none_WorldOfWarcraft.pcap	tcp_1668,18,0,,0,0,0.99958867
benign_none_WorldOfWarcraft.pcap	tcp_1277,18,0,,0,0,0.9996557
benign_none_WorldOfWarcraft.pcap	tcp_2607,18,0,,0,0,0.99958855
benign_none_WorldOfWarcraft.pcap	tcp_2470,18,0,,0,0,0.99936587
benign_none_WorldOfWarcraft.pcap	tcp_921,18,0,,0,0,0.999574
benign_none_WorldOfWarcraft.pcap	tcp_1903,18,0,,0,0,0.99977237
benign_none_WorldOfWarcraft.pcap	tcp_1295,18,0,,0,0,0.9996071
benign_none_WorldOfWarcraft.pcap	tcp_1689,18,0,,0,0,0.9997253
benign_none_WorldOfWarcraft.pcap	tcp_925,18,0,,0,0,0.9997529
benign_none_WorldOfWarcraft.pcap	tcp_927,18,0,,0,0,0.99965334
benign_none_WorldOfWarcraft.pcap	tcp_2500,18,0,,0,0,0.99962366
benign_none_WorldOfWarcraft.pcap	tcp_2757,18,0,,0,0,0.9997454
benign_none_WorldOfWarcraft.pcap	tcp_930,18,0,,0,0,0.99958086
benign_none_WorldOfWarcraft.pcap	tcp_2998,18,0,,0,0,0.9997301
benign_none_WorldOfWarcraft.pcap	tcp_2706,18,0,,0,0,0.9995696
benign_none_WorldOfWarcraft.pcap	tcp_2814,18,0,,0,0,0.99963534
benign_none_WorldOfWarcraft.pcap	tcp_934,18,0,,0,0,0.9993224
benign_none_WorldOfWarcraft.pcap	tcp_2251,18,0,,0,0,0.9995688
benign_none_WorldOfWarcraft.pcap	tcp_1241,18,0,,0,0,0.999339
benign_none_WorldOfWarcraft.pcap	tcp_937,18,0,,0,0,0.99964833
benign_none_WorldOfWarcraft.pcap	tcp_1220,18,0,,0,0,0.99961203
benign_none_WorldOfWarcraft.pcap	tcp_2747,18,0,,0,0,0.99963176
benign_none_WorldOfWarcraft.pcap	tcp_2370,18,0,,0,0,0.9997255
benign_none_WorldOfWarcraft.pcap	tcp_941,18,0,,0,0,0.9997603
benign_none_WorldOfWarcraft.pcap	tcp_2322,18,0,,0,0,0.99930793
benign_none_WorldOfWarcraft.pcap	tcp_2110,18,0,,0,0,0.99968153
benign_none_WorldOfWarcraft.pcap	tcp_1047,18,0,,0,0,0.9991458
benign_none_WorldOfWarcraft.pcap	tcp_1830,18,0,,0,0,0.9995533
benign_none_WorldOfWarcraft.pcap	tcp_1987,18,0,,0,0,0.9997054
benign_none_WorldOfWarcraft.pcap	tcp_2429,18,0,,0,0,0.99958915
benign_none_WorldOfWarcraft.pcap	tcp_2938,18,0,,0,0,0.9995585
benign_none_WorldOfWarcraft.pcap	tcp_1294,18,0,,0,0,0.9996106
benign_none_WorldOfWarcraft.pcap	tcp_1018,18,0,,0,0,0.9996312
benign_none_WorldOfWarcraft.pcap	tcp_954,18,0,,0,0,0.9995592
benign_none_WorldOfWarcraft.pcap	tcp_955,18,0,,0,0,0.9996292
benign_none_WorldOfWarcraft.pcap	tcp_2803,18,0,,0,0,0.9995859
benign_none_WorldOfWarcraft.pcap	tcp_1635,18,0,,0,0,0.99959236
benign_none_WorldOfWarcraft.pcap	tcp_1076,18,0,,0,0,0.99956596
benign_none_WorldOfWarcraft.pcap	tcp_2155,18,0,,0,0,0.99944955
benign_none_WorldOfWarcraft.pcap	tcp_2162,18,0,,0,0,0.99658716
benign_none_WorldOfWarcraft.pcap	tcp_2412,18,0,,0,0,0.99939054
benign_none_WorldOfWarcraft.pcap	tcp_2065,18,0,,0,0,0.99937916
benign_none_WorldOfWarcraft.pcap	tcp_1084,18,0,,0,0,0.99955684
benign_none_WorldOfWarcraft.pcap	tcp_966,18,0,,0,0,0.99965644
benign_none_WorldOfWarcraft.pcap	tcp_2349,18,0,,0,0,0.9996555
benign_none_WorldOfWarcraft.pcap	tcp_1271,18,0,,0,0,0.9996031
benign_none_WorldOfWarcraft.pcap	tcp_969,18,0,,0,0,0.9993575
benign_none_WorldOfWarcraft.pcap	tcp_1116,18,0,,0,0,0.9996518
benign_none_WorldOfWarcraft.pcap	tcp_971,18,0,,0,0,0.99964684
benign_none_WorldOfWarcraft.pcap	tcp_2751,18,0,,0,0,0.9995573
benign_none_WorldOfWarcraft.pcap	tcp_1527,18,0,,0,0,0.9997491
benign_none_WorldOfWarcraft.pcap	tcp_1110,18,0,,0,0,0.99938005
benign_none_WorldOfWarcraft.pcap	tcp_975,18,0,,0,0,0.99973506
benign_none_WorldOfWarcraft.pcap	tcp_2951,18,0,,0,0,0.9995626
benign_none_WorldOfWarcraft.pcap	tcp_1168,18,0,,0,0,0.99973154
benign_none_WorldOfWarcraft.pcap	tcp_2900,18,0,,0,0,0.9993874
benign_none_WorldOfWarcraft.pcap	tcp_1637,18,0,,0,0,0.99960643
benign_none_WorldOfWarcraft.pcap	tcp_1966,18,0,,0,0,0.99808145
benign_none_WorldOfWarcraft.pcap	tcp_1738,18,0,,0,0,0.99968994
benign_none_WorldOfWarcraft.pcap	tcp_985,18,0,,0,0,0.99973536
benign_none_WorldOfWarcraft.pcap	tcp_2746,18,0,,0,0,0.99960023
benign_none_WorldOfWarcraft.pcap	tcp_1457,18,0,,0,0,0.9996062
benign_none_WorldOfWarcraft.pcap	tcp_2490,18,0,,0,0,0.9993913
benign_none_WorldOfWarcraft.pcap	tcp_1336,18,0,,0,0,0.99959487
benign_none_WorldOfWarcraft.pcap	tcp_2334,18,0,,0,0,0.99961734
benign_none_WorldOfWarcraft.pcap	tcp_992,18,0,,0,0,0.9996673
benign_none_WorldOfWarcraft.pcap	tcp_2337,18,0,,0,0,0.9997664
benign_none_WorldOfWarcraft.pcap	tcp_2445,18,0,,0,0,0.9993931
benign_none_WorldOfWarcraft.pcap	tcp_2704,18,0,,0,0,0.99974865
benign_none_WorldOfWarcraft.pcap	tcp_1135,18,0,,0,0,0.99956536
benign_none_WorldOfWarcraft.pcap	tcp_2479,18,0,,0,0,0.99957216
malware_none_Tinba.pcap	udp_0,15,1,Cc_5;Bb_7,0,1,0.025006257
malware_none_Tinba.pcap	udp_2871,15,0,,0,0,0.9993441
malware_none_Tinba.pcap	udp_1146,15,0,,0,0,0.99952936
malware_none_Tinba.pcap	udp_5,15,1,Cc_5;Bb_7,0,1,0.037218817
malware_none_Tinba.pcap	udp_1634,15,0,,0,0,0.99968743
malware_none_Tinba.pcap	udp_2078,15,0,,0,0,0.9993368
malware_none_Tinba.pcap	udp_13,15,0,,0,0,0.9951579
malware_none_Tinba.pcap	udp_1246,15,0,,0,0,0.999212
malware_none_Tinba.pcap	udp_1125,15,0,,0,0,0.9995721
malware_none_Tinba.pcap	udp_18,15,0,,0,0,0.9989901
malware_none_Tinba.pcap	udp_1895,15,0,,0,0,0.9994668
malware_none_Tinba.pcap	udp_2550,15,0,,0,0,0.9996864
malware_none_Tinba.pcap	udp_2040,15,0,,0,0,0.9996543
malware_none_Tinba.pcap	udp_1681,15,0,,0,0,0.99949706
malware_none_Tinba.pcap	udp_23,15,0,,0,0,0.99620855
malware_none_Tinba.pcap	udp_24,15,0,,0,0,0.99936664
malware_none_Tinba.pcap	udp_2331,15,0,,0,0,0.9993354
malware_none_Tinba.pcap	udp_1709,15,0,,0,0,0.99979335
malware_none_Tinba.pcap	udp_1730,15,0,,0,0,0.9994769
malware_none_Tinba.pcap	udp_2428,15,0,,0,0,0.9993235
malware_none_Tinba.pcap	udp_2348,15,0,,0,0,0.9994089
malware_none_Tinba.pcap	udp_2161,15,0,,0,0,0.99933714
malware_none_Tinba.pcap	udp_33,15,0,,0,0,0.9991598
malware_none_Tinba.pcap	udp_2971,15,0,,0,0,0.99923235
malware_none_Tinba.pcap	udp_35,15,0,,0,0,0.9888024
malware_none_Tinba.pcap	udp_2493,15,0,,0,0,0.99935126
malware_none_Tinba.pcap	udp_37,15,0,,0,0,0.99883103
malware_none_Tinba.pcap	udp_2921,15,0,,0,0,0.9995483
malware_none_Tinba.pcap	udp_39,15,0,,0,0,0.99914587
malware_none_Tinba.pcap	udp_40,15,0,,0,0,0.9990689
malware_none_Tinba.pcap	udp_2293,15,0,,0,0,0.99864703
malware_none_Tinba.pcap	udp_42,15,0,,0,0,0.9966235
malware_none_Tinba.pcap	udp_2371,15,0,,0,0,0.99978334
malware_none_Tinba.pcap	udp_44,15,0,,0,0,0.9989108
malware_none_Tinba.pcap	udp_1168,15,0,,0,0,0.99967825
malware_none_Tinba.pcap	udp_2214,15,0,,0,0,0.9996309
malware_none_Tinba.pcap	udp_1631,15,0,,0,0,0.9998276
malware_none_Tinba.pcap	udp_2668,15,0,,0,0,0.9993716
malware_none_Tinba.pcap	udp_50,15,0,,0,0,0.99817526
malware_none_Tinba.pcap	udp_2479,15,0,,0,0,0.9994956
malware_none_Tinba.pcap	udp_1891,15,0,,0,0,0.99940044
malware_none_Tinba.pcap	udp_1235,15,0,,0,0,0.9993691
malware_none_Tinba.pcap	udp_2637,15,0,,0,0,0.999476
malware_none_Tinba.pcap	udp_2842,15,0,,0,0,0.99973553
malware_none_Tinba.pcap	udp_1164,15,0,,0,0,0.9996737
malware_none_Tinba.pcap	udp_2843,15,0,,0,0,0.998357
malware_none_Tinba.pcap	udp_58,15,0,,0,0,0.9994295
malware_none_Tinba.pcap	udp_59,15,0,,0,0,0.9989749
malware_none_Tinba.pcap	udp_60,15,0,,0,0,0.9972572
malware_none_Tinba.pcap	udp_61,15,0,,0,0,0.99864024
malware_none_Tinba.pcap	udp_62,15,0,,0,0,0.99900997
malware_none_Tinba.pcap	udp_1504,15,0,,0,0,0.99916315
malware_none_Tinba.pcap	udp_64,15,0,,0,0,0.9990829
malware_none_Tinba.pcap	udp_2920,15,0,,0,0,0.99973255
malware_none_Tinba.pcap	udp_1034,15,0,,0,0,0.9998122
malware_none_Tinba.pcap	udp_1199,15,0,,0,0,0.9992836
malware_none_Tinba.pcap	udp_69,15,0,,0,0,0.99912864
malware_none_Tinba.pcap	udp_1119,15,0,,0,0,0.9990584
malware_none_Tinba.pcap	udp_1497,15,0,,0,0,0.9993924
malware_none_Tinba.pcap	udp_1268,15,0,,0,0,0.9990771
malware_none_Tinba.pcap	udp_76,15,0,,0,0,0.9983005
malware_none_Tinba.pcap	udp_78,15,0,,0,0,0.99759775
malware_none_Tinba.pcap	udp_1087,15,0,,0,0,0.99967855
malware_none_Tinba.pcap	udp_1838,15,0,,0,0,0.99938726
malware_none_Tinba.pcap	udp_1471,15,0,,0,0,0.99929535
malware_none_Tinba.pcap	udp_82,15,0,,0,0,0.9984496
malware_none_Tinba.pcap	udp_83,15,0,,0,0,0.99900925
malware_none_Tinba.pcap	udp_85,15,0,,0,0,0.99928963
malware_none_Tinba.pcap	udp_86,15,0,,0,0,0.99910414
malware_none_Tinba.pcap	udp_2051,15,0,,0,0,0.9991848
malware_none_Tinba.pcap	udp_89,15,0,,0,0,0.9985965
malware_none_Tinba.pcap	udp_2704,15,0,,0,0,0.9996414
malware_none_Tinba.pcap	udp_1657,15,0,,0,0,0.99902904
malware_none_Tinba.pcap	udp_2056,15,0,,0,0,0.9986109
malware_none_Tinba.pcap	udp_2656,15,0,,0,0,0.99913234
malware_none_Tinba.pcap	udp_1057,15,0,,0,0,0.9975825
malware_none_Tinba.pcap	udp_2840,15,0,,0,0,0.9993346
malware_none_Tinba.pcap	udp_2620,15,0,,0,0,0.9993423
malware_none_Tinba.pcap	udp_1901,15,0,,0,0,0.99915886
malware_none_Tinba.pcap	udp_99,15,0,,0,0,0.9979984
malware_none_Tinba.pcap	udp_2735,15,0,,0,0,0.9995272
malware_none_Tinba.pcap	udp_1004,15,0,,0,0,0.9993512
malware_none_Tinba.pcap	udp_2168,15,0,,0,0,0.99980885
malware_none_Tinba.pcap	udp_104,15,0,,0,0,0.99931407
malware_none_Tinba.pcap	udp_105,15,0,,0,0,0.9993673
malware_none_Tinba.pcap	udp_2400,15,0,,0,0,0.99965096
malware_none_Tinba.pcap	udp_107,15,0,,0,0,0.9969934
malware_none_Tinba.pcap	udp_2269,15,0,,0,0,0.9996382
malware_none_Tinba.pcap	udp_2699,15,0,,0,0,0.99954647
malware_none_Tinba.pcap	udp_2318,15,0,,0,0,0.99923396
malware_none_Tinba.pcap	udp_111,15,0,,0,0,0.9559301
malware_none_Tinba.pcap	udp_113,15,0,,0,0,0.99840546
malware_none_Tinba.pcap	udp_1648,15,0,,0,0,0.99921936
malware_none_Tinba.pcap	udp_1938,15,0,,0,0,0.99868506
malware_none_Tinba.pcap	udp_1109,15,0,,0,0,0.9993056
malware_none_Tinba.pcap	udp_1382,15,0,,0,0,0.99960226
malware_none_Tinba.pcap	udp_120,15,0,,0,0,0.99831474
malware_none_Tinba.pcap	udp_2061,15,0,,0,0,0.99914753
malware_none_Tinba.pcap	udp_122,15,0,,0,0,0.99764425
malware_none_Tinba.pcap	udp_1096,15,0,,0,0,0.9996586
malware_none_Tinba.pcap	udp_124,15,0,,0,0,0.9986135
malware_none_Tinba.pcap	udp_125,15,0,,0,0,0.99909675
malware_none_Tinba.pcap	udp_126,15,0,,0,0,0.9992792
malware_none_Tinba.pcap	udp_1407,15,0,,0,0,0.99974144
malware_none_Tinba.pcap	udp_1393,15,0,,0,0,0.9995679
malware_none_Tinba.pcap	udp_130,15,0,,0,0,0.99708796
malware_none_Tinba.pcap	udp_2091,15,0,,0,0,0.9993962
malware_none_Tinba.pcap	udp_1959,15,0,,0,0,0.99965787
malware_none_Tinba.pcap	udp_2989,15,0,,0,0,0.9992902
malware_none_Tinba.pcap	udp_134,15,0,,0,0,0.99914753
malware_none_Tinba.pcap	udp_135,15,0,,0,0,0.99939984
malware_none_Tinba.pcap	udp_2771,15,0,,0,0,0.99953395
malware_none_Tinba.pcap	udp_1358,15,0,,0,0,0.9995029
malware_none_Tinba.pcap	udp_139,15,0,,0,0,0.9980813
malware_none_Tinba.pcap	udp_140,15,0,,0,0,0.99619144
malware_none_Tinba.pcap	udp_2235,15,0,,0,0,0.99967074
malware_none_Tinba.pcap	udp_2874,15,0,,0,0,0.99905175
malware_none_Tinba.pcap	udp_1840,15,0,,0,0,0.99938893
malware_none_Tinba.pcap	udp_1819,15,0,,0,0,0.9994923
malware_none_Tinba.pcap	udp_148,15,0,,0,0,0.99891835
malware_none_Tinba.pcap	udp_149,15,0,,0,0,0.9991805
malware_none_Tinba.pcap	udp_2899,15,0,,0,0,0.99909604
malware_none_Tinba.pcap	udp_152,15,0,,0,0,0.9986964
malware_none_Tinba.pcap	udp_2638,15,0,,0,0,0.99918455
malware_none_Tinba.pcap	udp_155,15,0,,0,0,0.99586195
malware_none_Tinba.pcap	udp_1299,15,0,,0,0,0.9996181
malware_none_Tinba.pcap	udp_1893,15,0,,0,0,0.9992935
malware_none_Tinba.pcap	udp_2755,15,0,,0,0,0.9995388
malware_none_Tinba.pcap	udp_1254,15,0,,0,0,0.99943906
malware_none_Tinba.pcap	udp_2813,15,0,,0,0,0.95997804
malware_none_Tinba.pcap	udp_1999,15,0,,0,0,0.9995254
malware_none_Tinba.pcap	udp_2883,15,0,,0,0,0.9992067
malware_none_Tinba.pcap	udp_1945,15,0,,0,0,0.99957436
malware_none_Tinba.pcap	udp_1127,15,0,,0,0,0.9993186
malware_none_Tinba.pcap	udp_1774,15,0,,0,0,0.9994004
malware_none_Tinba.pcap	udp_168,15,0,,0,0,0.99888676
malware_none_Tinba.pcap	udp_2089,15,0,,0,0,0.9995571
malware_none_Tinba.pcap	udp_170,15,0,,0,0,0.9991215
malware_none_Tinba.pcap	udp_2715,15,0,,0,0,0.99962866
malware_none_Tinba.pcap	udp_172,15,0,,0,0,0.9995592
malware_none_Tinba.pcap	udp_2182,15,0,,0,0,0.9992866
malware_none_Tinba.pcap	udp_2516,15,0,,0,0,0.9995925
malware_none_Tinba.pcap	udp_175,15,0,,0,0,0.9988227
malware_none_Tinba.pcap	udp_176,15,0,,0,0,0.99917954
malware_none_Tinba.pcap	udp_2578,15,0,,0,0,0.9998185
malware_none_Tinba.pcap	udp_1410,15,0,,0,0,0.9996138
malware_none_Tinba.pcap	udp_2070,15,0,,0,0,0.9993773
malware_none_Tinba.pcap	udp_1255,15,0,,0,0,0.9996453
malware_none_Tinba.pcap	udp_2875,15,0,,0,0,0.9993574
malware_none_Tinba.pcap	udp_1111,15,0,,0,0,0.9992721
malware_none_Tinba.pcap	udp_186,15,0,,0,0,0.99904376
malware_none_Tinba.pcap	udp_1885,15,0,,0,0,0.99912983
malware_none_Tinba.pcap	udp_1558,15,0,,0,0,0.99909455
malware_none_Tinba.pcap	udp_2304,15,0,,0,0,0.9995
malware_none_Tinba.pcap	udp_191,15,0,,0,0,0.9993697
malware_none_Tinba.pcap	udp_192,15,0,,0,0,0.9994777
malware_none_Tinba.pcap	udp_193,15,0,,0,0,0.9988887
malware_none_Tinba.pcap	udp_2568,15,0,,0,0,0.9994702
malware_none_Tinba.pcap	udp_195,15,0,,0,0,0.99884915
malware_none_Tinba.pcap	udp_196,15,0,,0,0,0.9994005
malware_none_Tinba.pcap	udp_197,15,0,,0,0,0.9992783
malware_none_Tinba.pcap	udp_1592,15,0,,0,0,0.999292
malware_none_Tinba.pcap	udp_199,15,0,,0,0,0.9989104
malware_none_Tinba.pcap	udp_1799,15,0,,0,0,0.999676
malware_none_Tinba.pcap	udp_2725,15,0,,0,0,0.99942577
malware_none_Tinba.pcap	udp_1897,15,0,,0,0,0.99938005
malware_none_Tinba.pcap	udp_2009,15,0,,0,0,0.99932885
malware_none_Tinba.pcap	udp_204,15,0,,0,0,0.9983111
malware_none_Tinba.pcap	udp_1783,15,0,,0,0,0.9997689
malware_none_Tinba.pcap	udp_2023,15,0,,0,0,0.99982685
malware_none_Tinba.pcap	udp_2807,15,0,,0,0,0.9995171
malware_none_Tinba.pcap	udp_2355,15,0,,0,0,0.9995746
malware_none_Tinba.pcap	udp_213,15,0,,0,0,0.9966449
malware_none_Tinba.pcap	udp_1040,15,0,,0,0,0.99883026
malware_none_Tinba.pcap	udp_2678,15,0,,0,0,0.99929935
malware_none_Tinba.pcap	udp_217,15,0,,0,0,0.99908006
malware_none_Tinba.pcap	udp_2340,15,0,,0,0,0.9993455
malware_none_Tinba.pcap	udp_219,15,0,,0,0,0.99819356
malware_none_Tinba.pcap	udp_1342,15,0,,0,0,0.9977614
malware_none_Tinba.pcap	udp_1137,15,0,,0,0,0.9986076
malware_none_Tinba.pcap	udp_2240,15,0,,0,0,0.99979407
malware_none_Tinba.pcap	udp_2118,15,0,,0,0,0.9993833
malware_none_Tinba.pcap	udp_1751,15,0,,0,0,0.9996468
malware_none_Tinba.pcap	udp_1403,15,0,,0,0,0.9995425
malware_none_Tinba.pcap	udp_1074,15,0,,0,0,0.99904186
malware_none_Tinba.pcap	udp_1958,15,0,,0,0,0.9997507
malware_none_Tinba.pcap	udp_1292,15,0,,0,0,0.99912685
malware_none_Tinba.pcap	udp_2209,15,0,,0,0,0.99937326
malware_none_Tinba.pcap	udp_1102,15,0,,0,0,0.9995382
malware_none_Tinba.pcap	udp_234,15,0,,0,0,0.99767214
malware_none_Tinba.pcap	udp_235,15,0,,0,0,0.9982615
malware_none_Tinba.pcap	udp_1120,15,0,,0,0,0.9996902
malware_none_Tinba.pcap	udp_1770,15,0,,0,0,0.9966265
malware_none_Tinba.pcap	udp_1749,15,0,,0,0,0.99917865
malware_none_Tinba.pcap	udp_239,15,0,,0,0,0.9977731
malware_none_Tinba.pcap	udp_240,15,0,,0,0,0.99868757
malware_none_Tinba.pcap	udp_2982,15,0,,0,0,0.99930143
malware_none_Tinba.pcap	udp_1337,15,0,,0,0,0.99947613
malware_none_Tinba.pcap	udp_2955,15,0,,0,0,0.99801266
malware_none_Tinba.pcap	udp_2069,15,0,,0,0,0.9995629
malware_none_Tinba.pcap	udp_246,15,0,,0,0,0.999457
malware_none_Tinba.pcap	udp_2369,15,0,,0,0,0.99273646
malware_none_Tinba.pcap	udp_2320,15,0,,0,0,0.9988184
malware_none_Tinba.pcap	udp_2721,15,0,,0,0,0.9993355
malware_none_Tinba.pcap	udp_2242,15,0,,0,0,0.9995454
malware_none_Tinba.pcap	udp_2689,15,0,,0,0,0.9993645
malware_none_Tinba.pcap	udp_2714,15,0,,0,0,0.9995239
malware_none_Tinba.pcap	udp_1964,15,0,,0,0,0.9803498
malware_none_Tinba.pcap	udp_2791,15,0,,0,0,0.9993843
malware_none_Tinba.pcap	udp_2639,15,0,,0,0,0.99960095
malware_none_Tinba.pcap	udp_2120,15,0,,0,0,0.9995752
malware_none_Tinba.pcap	udp_1475,15,0,,0,0,0.99966276
malware_none_Tinba.pcap	udp_1059,15,0,,0,0,0.9985594
malware_none_Tinba.pcap	udp_265,15,0,,0,0,0.9992996
malware_none_Tinba.pcap	udp_1962,15,0,,0,0,0.9996525
malware_none_Tinba.pcap	udp_268,15,0,,0,0,0.99966586
malware_none_Tinba.pcap	udp_269,15,0,,0,0,0.99897444
malware_none_Tinba.pcap	udp_1261,15,0,,0,0,0.998615
malware_none_Tinba.pcap	udp_2017,15,0,,0,0,0.99983156
malware_none_Tinba.pcap	udp_1630,15,0,,0,0,0.99930805
malware_none_Tinba.pcap	udp_2007,15,0,,0,0,0.9991379
malware_none_Tinba.pcap	udp_274,15,0,,0,0,0.9993821
malware_none_Tinba.pcap	udp_1395,15,0,,0,0,0.99930644
malware_none_Tinba.pcap	udp_1496,15,0,,0,0,0.999078
malware_none_Tinba.pcap	udp_2151,15,0,,0,0,0.9997849
malware_none_Tinba.pcap	udp_1215,15,0,,0,0,0.90733767
malware_none_Tinba.pcap	udp_1937,15,0,,0,0,0.9995349
malware_none_Tinba.pcap	udp_283,15,0,,0,0,0.99930036
malware_none_Tinba.pcap	udp_1020,15,0,,0,0,0.9998046
malware_none_Tinba.pcap	udp_2966,15,0,,0,0,0.9995383
malware_none_Tinba.pcap	udp_287,15,0,,0,0,0.9994773
malware_none_Tinba.pcap	udp_2310,15,0,,0,0,0.9993649
malware_none_Tinba.pcap	udp_1682,15,0,,0,0,0.9995153
malware_none_Tinba.pcap	udp_290,15,0,,0,0,0.99888474
malware_none_Tinba.pcap	udp_1079,15,0,,0,0,0.99969715
malware_none_Tinba.pcap	udp_2692,15,0,,0,0,0.9988762
malware_none_Tinba.pcap	udp_293,15,0,,0,0,0.9991886
malware_none_Tinba.pcap	udp_294,15,0,,0,0,0.99945575
malware_none_Tinba.pcap	udp_1768,15,0,,0,0,0.999286
malware_none_Tinba.pcap	udp_2834,15,0,,0,0,0.9989753
malware_none_Tinba.pcap	udp_297,15,0,,0,0,0.9992627
malware_none_Tinba.pcap	udp_1017,15,0,,0,0,0.9994573
malware_none_Tinba.pcap	udp_1554,15,0,,0,0,0.9993561
malware_none_Tinba.pcap	udp_2983,15,0,,0,0,0.9995847
malware_none_Tinba.pcap	udp_1596,15,0,,0,0,0.99936324
malware_none_Tinba.pcap	udp_2734,15,0,,0,0,0.99939597
malware_none_Tinba.pcap	udp_2420,15,0,,0,0,0.9996785
malware_none_Tinba.pcap	udp_2321,15,0,,0,0,0.999682
malware_none_Tinba.pcap	udp_307,15,0,,0,0,0.99726844
malware_none_Tinba.pcap	udp_309,15,0,,0,0,0.9891284
malware_none_Tinba.pcap	udp_310,15,0,,0,0,0.99951637
malware_none_Tinba.pcap	udp_1503,15,0,,0,0,0.9991266
malware_none_Tinba.pcap	udp_314,15,0,,0,0,0.99922764
malware_none_Tinba.pcap	udp_1196,15,0,,0,0,0.999607
malware_none_Tinba.pcap	udp_1178,15,0,,0,0,0.9995029
malware_none_Tinba.pcap	udp_317,15,0,,0,0,0.99929726
malware_none_Tinba.pcap	udp_1801,15,0,,0,0,0.99965924
malware_none_Tinba.pcap	udp_1868,15,0,,0,0,0.9996184
malware_none_Tinba.pcap	udp_320,15,0,,0,0,0.9995463
malware_none_Tinba.pcap	udp_2492,15,0,,0,0,0.99957496
malware_none_Tinba.pcap	udp_1371,15,0,,0,0,0.99816614
malware_none_Tinba.pcap	udp_323,15,0,,0,0,0.99934626
malware_none_Tinba.pcap	udp_1944,15,0,,0,0,0.9992767
malware_none_Tinba.pcap	udp_1864,15,0,,0,0,0.99939096
malware_none_Tinba.pcap	udp_1350,15,0,,0,0,0.9991072
malware_none_Tinba.pcap	udp_2497,15,0,,0,0,0.99937016
malware_none_Tinba.pcap	udp_1095,15,0,,0,0,0.99934596
malware_none_Tinba.pcap	udp_2560,15,0,,0,0,0.9996275
malware_none_Tinba.pcap	udp_330,15,0,,0,0,0.999296
malware_none_Tinba.pcap	udp_331,15,0,,0,0,0.9995835
malware_none_Tinba.pcap	udp_2613,15,0,,0,0,0.9993431
malware_none_Tinba.pcap	udp_1071,15,0,,0,0,0.99934644
malware_none_Tinba.pcap	udp_335,15,0,,0,0,0.99898297
malware_none_Tinba.pcap	udp_337,15,0,,0,0,0.9995328
malware_none_Tinba.pcap	udp_1287,15,0,,0,0,0.99944925
malware_none_Tinba.pcap	udp_339,15,0,,0,0,0.9996565
malware_none_Tinba.pcap	udp_1108,15,0,,0,0,0.99860626
malware_none_Tinba.pcap	udp_2752,15,0,,0,0,0.99963915
malware_none_Tinba.pcap	udp_344,15,0,,0,0,0.9880242
malware_none_Tinba.pcap	udp_345,15,0,,0,0,0.9991972
malware_none_Tinba.pcap	udp_346,15,0,,0,0,0.99957085
malware_none_Tinba.pcap	udp_1486,15,0,,0,0,0.99922717
malware_none_Tinba.pcap	udp_348,15,0,,0,0,0.99910897
malware_none_Tinba.pcap	udp_1404,15,0,,0,0,0.9995434
malware_none_Tinba.pcap	udp_2110,15,0,,0,0,0.99958074
malware_none_Tinba.pcap	udp_352,15,0,,0,0,0.9984572
malware_none_Tinba.pcap	udp_1550,15,0,,0,0,0.99927205
malware_none_Tinba.pcap	udp_1510,15,0,,0,0,0.9990551
malware_none_Tinba.pcap	udp_2374,15,0,,0,0,0.99957067
malware_none_Tinba.pcap	udp_2768,15,0,,0,0,0.99893
malware_none_Tinba.pcap	udp_2596,15,0,,0,0,0.9989085
malware_none_Tinba.pcap	udp_1954,15,0,,0,0,0.9980001
malware_none_Tinba.pcap	udp_1544,15,0,,0,0,0.99966836
malware_none_Tinba.pcap	udp_1093,15,0,,0,0,0.9995485
malware_none_Tinba.pcap	udp_2864,15,0,,0,0,0.9994486
malware_none_Tinba.pcap	udp_2029,15,0,,0,0,0.9994294
malware_none_Tinba.pcap	udp_2562,15,0,,0,0,0.99980223
malware_none_Tinba.pcap	udp_1961,15,0,,0,0,0.99932855
malware_none_Tinba.pcap	udp_1474,15,0,,0,0,0.999043
malware_none_Tinba.pcap	udp_368,15,0,,0,0,0.9995271
malware_none_Tinba.pcap	udp_1340,15,0,,0,0,0.9996722
malware_none_Tinba.pcap	udp_2869,15,0,,0,0,0.9993363
malware_none_Tinba.pcap	udp_1386,15,0,,0,0,0.999347
malware_none_Tinba.pcap	udp_1752,15,0,,0,0,0.9742669
malware_none_Tinba.pcap	udp_1874,15,0,,0,0,0.999575
malware_none_Tinba.pcap	udp_375,15,0,,0,0,0.99964553
malware_none_Tinba.pcap	udp_2730,15,0,,0,0,0.9993381
malware_none_Tinba.pcap	udp_2145,15,0,,0,0,0.99941707
malware_none_Tinba.pcap	udp_1491,15,0,,0,0,0.99952865
malware_none_Tinba.pcap	udp_2720,15,0,,0,0,0.99936527
malware_none_Tinba.pcap	udp_2929,15,0,,0,0,0.9978911
malware_none_Tinba.pcap	udp_1805,15,0,,0,0,0.9998357
malware_none_Tinba.pcap	udp_1319,15,0,,0,0,0.9987421
malware_none_Tinba.pcap	udp_1849,15,0,,0,0,0.9998117
malware_none_Tinba.pcap	udp_2107,15,0,,0,0,0.9986396
malware_none_Tinba.pcap	udp_1615,15,0,,0,0,0.99955153
malware_none_Tinba.pcap	udp_2848,15,0,,0,0,0.99944633
malware_none_Tinba.pcap	udp_389,15,0,,0,0,0.9992628
malware_none_Tinba.pcap	udp_2724,15,0,,0,0,0.9997341
malware_none_Tinba.pcap	udp_393,15,0,,0,0,0.9991586
malware_none_Tinba.pcap	udp_1933,15,0,,0,0,0.9996253
malware_none_Tinba.pcap	udp_395,15,0,,0,0,0.9994561
malware_none_Tinba.pcap	udp_2815,15,0,,0,0,0.9996282
malware_none_Tinba.pcap	udp_397,15,0,,0,0,0.9956427
malware_none_Tinba.pcap	udp_398,15,0,,0,0,0.9995347
malware_none_Tinba.pcap	udp_399,15,0,,0,0,0.9992413
malware_none_Tinba.pcap	udp_1028,15,0,,0,0,0.9997247
malware_none_Tinba.pcap	udp_2805,15,0,,0,0,0.9995295
malware_none_Tinba.pcap	udp_403,15,0,,0,0,0.9992238
malware_none_Tinba.pcap	udp_2217,15,0,,0,0,0.9994331
malware_none_Tinba.pcap	udp_405,15,0,,0,0,0.99866855
malware_none_Tinba.pcap	udp_1134,15,0,,0,0,0.999622
malware_none_Tinba.pcap	udp_1249,15,0,,0,0,0.99959713
malware_none_Tinba.pcap	udp_2456,15,0,,0,0,0.99962926
malware_none_Tinba.pcap	udp_1539,15,0,,0,0,0.99968517
malware_none_Tinba.pcap	udp_410,15,0,,0,0,0.99937516
malware_none_Tinba.pcap	udp_1859,15,0,,0,0,0.9994985
malware_none_Tinba.pcap	udp_1920,15,0,,0,0,0.9991445
malware_none_Tinba.pcap	udp_2401,15,0,,0,0,0.9995372
malware_none_Tinba.pcap	udp_415,15,0,,0,0,0.9990381
malware_none_Tinba.pcap	udp_2324,15,0,,0,0,0.99930835
malware_none_Tinba.pcap	udp_417,15,0,,0,0,0.99914587
malware_none_Tinba.pcap	udp_2491,15,0,,0,0,0.99918586
malware_none_Tinba.pcap	udp_2523,15,0,,0,0,0.9993772
malware_none_Tinba.pcap	udp_420,15,0,,0,0,0.99841964
malware_none_Tinba.pcap	udp_2554,15,0,,0,0,0.99946105
malware_none_Tinba.pcap	udp_422,15,0,,0,0,0.99912494
malware_none_Tinba.pcap	udp_423,15,0,,0,0,0.9974917
malware_none_Tinba.pcap	udp_424,15,0,,0,0,0.9994967
malware_none_Tinba.pcap	udp_2774,15,0,,0,0,0.9995225
malware_none_Tinba.pcap	udp_1865,15,0,,0,0,0.99932766
malware_none_Tinba.pcap	udp_2828,15,0,,0,0,0.9995814
malware_none_Tinba.pcap	udp_1719,15,0,,0,0,0.99976015
malware_none_Tinba.pcap	udp_1440,15,0,,0,0,0.9991322
malware_none_Tinba.pcap	udp_1082,15,0,,0,0,0.99727356
malware_none_Tinba.pcap	udp_1654,15,0,,0,0,0.99940026
malware_none_Tinba.pcap	udp_2941,15,0,,0,0,0.99839926
malware_none_Tinba.pcap	udp_437,15,0,,0,0,0.9992148
malware_none_Tinba.pcap	udp_438,15,0,,0,0,0.9991435
malware_none_Tinba.pcap	udp_2424,15,0,,0,0,0.99955595
malware_none_Tinba.pcap	udp_1448,15,0,,0,0,0.99953264
malware_none_Tinba.pcap	udp_2452,15,0,,0,0,0.9995831
malware_none_Tinba.pcap	udp_444,15,0,,0,0,0.99965966
malware_none_Tinba.pcap	udp_1417,15,0,,0,0,0.99954414
malware_none_Tinba.pcap	udp_2376,15,0,,0,0,0.99963576
malware_none_Tinba.pcap	udp_1117,15,0,,0,0,0.9997656
malware_none_Tinba.pcap	udp_2314,15,0,,0,0,0.9994965
malware_none_Tinba.pcap	udp_2693,15,0,,0,0,0.9995473
malware_none_Tinba.pcap	udp_451,15,0,,0,0,0.99950135
malware_none_Tinba.pcap	udp_2952,15,0,,0,0,0.9963445
malware_none_Tinba.pcap	udp_1405,15,0,,0,0,0.9996818
malware_none_Tinba.pcap	udp_454,15,0,,0,0,0.99950445
malware_none_Tinba.pcap	udp_456,15,0,,0,0,0.99968636
malware_none_Tinba.pcap	udp_2633,15,0,,0,0,0.99935055
malware_none_Tinba.pcap	udp_458,15,0,,0,0,0.99969864
malware_none_Tinba.pcap	udp_2608,15,0,,0,0,0.999062
malware_none_Tinba.pcap	udp_460,15,0,,0,0,0.99933654
malware_none_Tinba.pcap	udp_2455,15,0,,0,0,0.99913955
malware_none_Tinba.pcap	udp_2519,15,0,,0,0,0.999615
malware_none_Tinba.pcap	udp_1578,15,0,,0,0,0.99911314
malware_none_Tinba.pcap	udp_1553,15,0,,0,0,0.9991257
malware_none_Tinba.pcap	udp_465,15,0,,0,0,0.99947447
malware_none_Tinba.pcap	udp_2576,15,0,,0,0,0.99915296
malware_none_Tinba.pcap	udp_1591,15,0,,0,0,0.9996748
malware_none_Tinba.pcap	udp_1492,15,0,,0,0,0.999459
malware_none_Tinba.pcap	udp_469,15,0,,0,0,0.99954534
malware_none_Tinba.pcap	udp_2316,15,0,,0,0,0.99913436
malware_none_Tinba.pcap	udp_1545,15,0,,0,0,0.99935097
malware_none_Tinba.pcap	udp_472,15,0,,0,0,0.99965626
malware_none_Tinba.pcap	udp_2829,15,0,,0,0,0.99935424
malware_none_Tinba.pcap	udp_1970,15,0,,0,0,0.999808
malware_none_Tinba.pcap	udp_477,15,0,,0,0,0.9994999
malware_none_Tinba.pcap	udp_2552,15,0,,0,0,0.9996402
malware_none_Tinba.pcap	udp_2937,15,0,,0,0,0.99960107
malware_none_Tinba.pcap	udp_2846,15,0,,0,0,0.99899536
malware_none_Tinba.pcap	udp_1042,15,0,,0,0,0.99925613
malware_none_Tinba.pcap	udp_2191,15,0,,0,0,0.999221
malware_none_Tinba.pcap	udp_1118,15,0,,0,0,0.9991394
malware_none_Tinba.pcap	udp_1949,15,0,,0,0,0.9996418
malware_none_Tinba.pcap	udp_2882,15,0,,0,0,0.9991955
malware_none_Tinba.pcap	udp_487,15,0,,0,0,0.9992562
malware_none_Tinba.pcap	udp_1559,15,0,,0,0,0.99949694
malware_none_Tinba.pcap	udp_1101,15,0,,0,0,0.99930537
malware_none_Tinba.pcap	udp_2429,15,0,,0,0,0.9991107
malware_none_Tinba.pcap	udp_2227,15,0,,0,0,0.9993399
malware_none_Tinba.pcap	udp_492,15,0,,0,0,0.99966705
malware_none_Tinba.pcap	udp_1833,15,0,,0,0,0.99956435
malware_none_Tinba.pcap	udp_1792,15,0,,0,0,0.99968886
malware_none_Tinba.pcap	udp_2097,15,0,,0,0,0.9996711
malware_none_Tinba.pcap	udp_496,15,0,,0,0,0.99963135
malware_none_Tinba.pcap	udp_497,15,0,,0,0,0.9991385
malware_none_Tinba.pcap	udp_2423,15,0,,0,0,0.9994122
malware_none_Tinba.pcap	udp_499,15,0,,0,0,0.9991922
malware_none_Tinba.pcap	udp_1114,15,0,,0,0,0.99924386
malware_none_Tinba.pcap	udp_2993,15,0,,0,0,0.99922436
malware_none_Tinba.pcap	udp_1753,15,0,,0,0,0.99966097
malware_none_Tinba.pcap	udp_2196,15,0,,0,0,0.9996002
malware_none_Tinba.pcap	udp_2533,15,0,,0,0,0.99934787
malware_none_Tinba.pcap	udp_1086,15,0,,0,0,0.99951947
malware_none_Tinba.pcap	udp_1915,15,0,,0,0,0.9997074
malware_none_Tinba.pcap	udp_2531,15,0,,0,0,0.9996339
malware_none_Tinba.pcap	udp_511,15,0,,0,0,0.99941456
malware_none_Tinba.pcap	udp_2319,15,0,,0,0,0.99981743
malware_none_Tinba.pcap	udp_1374,15,0,,0,0,0.9991553
malware_none_Tinba.pcap	udp_514,15,0,,0,0,0.9996612
malware_none_Tinba.pcap	udp_1721,15,0,,0,0,0.999526
malware_none_Tinba.pcap	udp_1037,15,0,,0,0,0.9996835
malware_none_Tinba.pcap	udp_2851,15,0,,0,0,0.99912757
malware_none_Tinba.pcap	udp_2662,15,0,,0,0,0.99924666
malware_none_Tinba.pcap	udp_519,15,0,,0,0,0.9990169
malware_none_Tinba.pcap	udp_1953,15,0,,0,0,0.99950576
malware_none_Tinba.pcap	udp_521,15,0,,0,0,0.999276
malware_none_Tinba.pcap	udp_2669,15,0,,0,0,0.99932504
malware_none_Tinba.pcap	udp_524,15,0,,0,0,0.99931276
malware_none_Tinba.pcap	udp_1158,15,0,,0,0,0.9993454
malware_none_Tinba.pcap	udp_2749,15,0,,0,0,0.99918455
malware_none_Tinba.pcap	udp_527,15,0,,0,0,0.9995384
malware_none_Tinba.pcap	udp_2896,15,0,,0,0,0.9995466
malware_none_Tinba.pcap	udp_1972,15,0,,0,0,0.9996581
malware_none_Tinba.pcap	udp_1378,15,0,,0,0,0.9988877
malware_none_Tinba.pcap	udp_1981,15,0,,0,0,0.9991379
malware_none_Tinba.pcap	udp_1548,15,0,,0,0,0.99963593
malware_none_Tinba.pcap	udp_2468,15,0,,0,0,0.99919355
malware_none_Tinba.pcap	udp_2071,15,0,,0,0,0.9995814
malware_none_Tinba.pcap	udp_2171,15,0,,0,0,0.9990689
malware_none_Tinba.pcap	udp_2911,15,0,,0,0,0.99959713
malware_none_Tinba.pcap	udp_2019,15,0,,0,0,0.99936134
malware_none_Tinba.pcap	udp_538,15,0,,0,0,0.99931884
malware_none_Tinba.pcap	udp_1689,15,0,,0,0,0.9994667
malware_none_Tinba.pcap	udp_1810,15,0,,0,0,0.9993126
malware_none_Tinba.pcap	udp_2511,15,0,,0,0,0.9995602
malware_none_Tinba.pcap	udp_1000,15,0,,0,0,0.99932146
malware_none_Tinba.pcap	udp_2160,15,0,,0,0,0.9998311
malware_none_Tinba.pcap	udp_544,15,0,,0,0,0.9992632
malware_none_Tinba.pcap	udp_545,15,0,,0,0,0.99954075
malware_none_Tinba.pcap	udp_2178,15,0,,0,0,0.99739444
malware_none_Tinba.pcap	udp_550,15,0,,0,0,0.99929833
malware_none_Tinba.pcap	udp_1672,15,0,,0,0,0.9995461
malware_none_Tinba.pcap	udp_2968,15,0,,0,0,0.9994785
malware_none_Tinba.pcap	udp_2248,15,0,,0,0,0.9996761
malware_none_Tinba.pcap	udp_2618,15,0,,0,0,0.9988116
malware_none_Tinba.pcap	udp_555,15,0,,0,0,0.9734668
malware_none_Tinba.pcap	udp_2475,15,0,,0,0,0.9996996
malware_none_Tinba.pcap	udp_1997,15,0,,0,0,0.9993004
malware_none_Tinba.pcap	udp_2885,15,0,,0,0,0.9993604
malware_none_Tinba.pcap	udp_2045,15,0,,0,0,0.9993816
malware_none_Tinba.pcap	udp_560,15,0,,0,0,0.99862605
malware_none_Tinba.pcap	udp_1014,15,0,,0,0,0.9990535
malware_none_Tinba.pcap	udp_2581,15,0,,0,0,0.99951863
malware_none_Tinba.pcap	udp_2012,15,0,,0,0,0.99937266
malware_none_Tinba.pcap	udp_565,15,0,,0,0,0.9993647
malware_none_Tinba.pcap	udp_566,15,0,,0,0,0.99895096
malware_none_Tinba.pcap	udp_2119,15,0,,0,0,0.9989182
malware_none_Tinba.pcap	udp_568,15,0,,0,0,0.9986604
malware_none_Tinba.pcap	udp_1399,15,0,,0,0,0.999795
malware_none_Tinba.pcap	udp_2458,15,0,,0,0,0.9998022
malware_none_Tinba.pcap	udp_571,15,0,,0,0,0.9995657
malware_none_Tinba.pcap	udp_1483,15,0,,0,0,0.99964285
malware_none_Tinba.pcap	udp_2405,15,0,,0,0,0.9993159
malware_none_Tinba.pcap	udp_1638,15,0,,0,0,0.99937284
malware_none_Tinba.pcap	udp_1092,15,0,,0,0,0.9990845
malware_none_Tinba.pcap	udp_1549,15,0,,0,0,0.9986242
malware_none_Tinba.pcap	udp_2328,15,0,,0,0,0.9991449
malware_none_Tinba.pcap	udp_2395,15,0,,0,0,0.99921983
malware_none_Tinba.pcap	udp_581,15,0,,0,0,0.99951696
malware_none_Tinba.pcap	udp_2520,15,0,,0,0,0.9993027
malware_none_Tinba.pcap	udp_1662,15,0,,0,0,0.9993182
malware_none_Tinba.pcap	udp_1542,15,0,,0,0,0.99970126
malware_none_Tinba.pcap	udp_2561,15,0,,0,0,0.9992564
malware_none_Tinba.pcap	udp_1333,15,0,,0,0,0.9993066
malware_none_Tinba.pcap	udp_587,15,0,,0,0,0.9993266
malware_none_Tinba.pcap	udp_1314,15,0,,0,0,0.99968225
malware_none_Tinba.pcap	udp_1051,15,0,,0,0,0.9996418
malware_none_Tinba.pcap	udp_1165,15,0,,0,0,0.9993543
malware_none_Tinba.pcap	udp_591,15,0,,0,0,0.997381
malware_none_Tinba.pcap	udp_1045,15,0,,0,0,0.99950635
malware_none_Tinba.pcap	udp_1508,15,0,,0,0,0.99949276
malware_none_Tinba.pcap	udp_2049,15,0,,0,0,0.99965155
malware_none_Tinba.pcap	udp_2478,15,0,,0,0,0.9992587
malware_none_Tinba.pcap	udp_598,15,0,,0,0,0.999311
malware_none_Tinba.pcap	udp_601,15,0,,0,0,0.99901736
malware_none_Tinba.pcap	udp_2950,15,0,,0,0,0.9991265
malware_none_Tinba.pcap	udp_603,15,0,,0,0,0.9996119
malware_none_Tinba.pcap	udp_2713,15,0,,0,0,0.9994471
malware_none_Tinba.pcap	udp_2268,15,0,,0,0,0.9995507
malware_none_Tinba.pcap	udp_608,15,0,,0,0,0.9996387
malware_none_Tinba.pcap	udp_1745,15,0,,0,0,0.9993631
malware_none_Tinba.pcap	udp_2082,15,0,,0,0,0.9993753
malware_none_Tinba.pcap	udp_2579,15,0,,0,0,0.9991722
malware_none_Tinba.pcap	udp_2259,15,0,,0,0,0.9994924
malware_none_Tinba.pcap	udp_614,15,0,,0,0,0.9997906
malware_none_Tinba.pcap	udp_1445,15,0,,0,0,0.9996195
malware_none_Tinba.pcap	udp_2564,15,0,,0,0,0.99935466
malware_none_Tinba.pcap	udp_617,15,0,,0,0,0.99903893
malware_none_Tinba.pcap	udp_618,15,0,,0,0,0.9994535
malware_none_Tinba.pcap	udp_619,15,0,,0,0,0.99912375
malware_none_Tinba.pcap	udp_2670,15,0,,0,0,0.99929136
malware_none_Tinba.pcap	udp_621,15,0,,0,0,0.9996562
malware_none_Tinba.pcap	udp_622,15,0,,0,0,0.99899954
malware_none_Tinba.pcap	udp_2234,15,0,,0,0,0.9168603
malware_none_Tinba.pcap	udp_626,15,0,,0,0,0.9996515
malware_none_Tinba.pcap	udp_1075,15,0,,0,0,0.9995902
malware_none_Tinba.pcap	udp_629,15,0,,0,0,0.999203
malware_none_Tinba.pcap	udp_2569,15,0,,0,0,0.99920875
malware_none_Tinba.pcap	udp_2719,15,0,,0,0,0.99980146
malware_none_Tinba.pcap	udp_2489,15,0,,0,0,0.9996866
malware_none_Tinba.pcap	udp_634,15,0,,0,0,0.99959296
malware_none_Tinba.pcap	udp_1650,15,0,,0,0,0.99978405
malware_none_Tinba.pcap	udp_2665,15,0,,0,0,0.9989096
malware_none_Tinba.pcap	udp_638,15,0,,0,0,0.99937075
malware_none_Tinba.pcap	udp_639,15,0,,0,0,0.99927944
malware_none_Tinba.pcap	udp_2647,15,0,,0,0,0.9995906
malware_none_Tinba.pcap	udp_1902,15,0,,0,0,0.99969614
malware_none_Tinba.pcap	udp_642,15,0,,0,0,0.99935937
malware_none_Tinba.pcap	udp_2270,15,0,,0,0,0.9996357
malware_none_Tinba.pcap	udp_2508,15,0,,0,0,0.9995495
malware_none_Tinba.pcap	udp_2476,15,0,,0,0,0.9996376
malware_none_Tinba.pcap	udp_2610,15,0,,0,0,0.99931717
malware_none_Tinba.pcap	udp_1845,15,0,,0,0,0.9993217
malware_none_Tinba.pcap	udp_1324,15,0,,0,0,0.9987856
malware_none_Tinba.pcap	udp_2534,15,0,,0,0,0.9993538
malware_none_Tinba.pcap	udp_652,15,0,,0,0,0.9993491
malware_none_Tinba.pcap	udp_1851,15,0,,0,0,0.9996862
malware_none_Tinba.pcap	udp_2375,15,0,,0,0,0.999117
malware_none_Tinba.pcap	udp_658,15,0,,0,0,0.99964094
malware_none_Tinba.pcap	udp_2818,15,0,,0,0,0.99911785
malware_none_Tinba.pcap	udp_661,15,0,,0,0,0.99954563
malware_none_Tinba.pcap	udp_2742,15,0,,0,0,0.99966705
malware_none_Tinba.pcap	udp_1345,15,0,,0,0,0.99939287
malware_none_Tinba.pcap	udp_2716,15,0,,0,0,0.9991636
malware_none_Tinba.pcap	udp_1038,15,0,,0,0,0.9990421
malware_none_Tinba.pcap	udp_1823,15,0,,0,0,0.99936706
malware_none_Tinba.pcap	udp_1568,15,0,,0,0,0.9997669
malware_none_Tinba.pcap	udp_668,15,0,,0,0,0.9991729
malware_none_Tinba.pcap	udp_1170,15,0,,0,0,0.9996398
malware_none_Tinba.pcap	udp_670,15,0,,0,0,0.99912554
malware_none_Tinba.pcap	udp_672,15,0,,0,0,0.999673
malware_none_Tinba.pcap	udp_2148,15,0,,0,0,0.9996871
malware_none_Tinba.pcap	udp_674,15,0,,0,0,0.99910706
malware_none_Tinba.pcap	udp_2900,15,0,,0,0,0.99919546
malware_none_Tinba.pcap	udp_676,15,0,,0,0,0.9993651
malware_none_Tinba.pcap	udp_678,15,0,,0,0,0.9993684
malware_none_Tinba.pcap	udp_2586,15,0,,0,0,0.9993222
malware_none_Tinba.pcap	udp_1524,15,0,,0,0,0.9993082
malware_none_Tinba.pcap	udp_1705,15,0,,0,0,0.9991424
malware_none_Tinba.pcap	udp_1262,15,0,,0,0,0.9990565
malware_none_Tinba.pcap	udp_1133,15,0,,0,0,0.9998265
malware_none_Tinba.pcap	udp_1614,15,0,,0,0,0.9993463
malware_none_Tinba.pcap	udp_1862,15,0,,0,0,0.9995728
malware_none_Tinba.pcap	udp_689,15,0,,0,0,0.99864095
malware_none_Tinba.pcap	udp_1971,15,0,,0,0,0.9974178
malware_none_Tinba.pcap	udp_2403,15,0,,0,0,0.99946064
malware_none_Tinba.pcap	udp_1702,15,0,,0,0,0.9993348
malware_none_Tinba.pcap	udp_694,15,0,,0,0,0.9991748
malware_none_Tinba.pcap	udp_695,15,0,,0,0,0.9985676
malware_none_Tinba.pcap	udp_696,15,0,,0,0,0.9991695
malware_none_Tinba.pcap	udp_2696,15,0,,0,0,0.99929774
malware_none_Tinba.pcap	udp_699,15,0,,0,0,0.9972873
malware_none_Tinba.pcap	udp_2416,15,0,,0,0,0.9991036
malware_none_Tinba.pcap	udp_2666,15,0,,0,0,0.9992975
malware_none_Tinba.pcap	udp_2141,15,0,,0,0,0.9985989
malware_none_Tinba.pcap	udp_704,15,0,,0,0,0.9993468
malware_none_Tinba.pcap	udp_705,15,0,,0,0,0.9993761
malware_none_Tinba.pcap	udp_1513,15,0,,0,0,0.99946505
malware_none_Tinba.pcap	udp_1149,15,0,,0,0,0.99936116
malware_none_Tinba.pcap	udp_708,15,0,,0,0,0.9993398
malware_none_Tinba.pcap	udp_1160,15,0,,0,0,0.9993543
malware_none_Tinba.pcap	udp_711,15,0,,0,0,0.9990577
malware_none_Tinba.pcap	udp_713,15,0,,0,0,0.9995043
malware_none_Tinba.pcap	udp_714,15,0,,0,0,0.99932265
malware_none_Tinba.pcap	udp_1414,15,0,,0,0,0.9993686
malware_none_Tinba.pcap	udp_2524,15,0,,0,0,0.9974953
malware_none_Tinba.pcap	udp_1207,15,0,,0,0,0.99906963
malware_none_Tinba.pcap	udp_1452,15,0,,0,0,0.99953914
malware_none_Tinba.pcap	udp_721,15,0,,0,0,0.9996338
malware_none_Tinba.pcap	udp_1251,15,0,,0,0,0.99946326
malware_none_Tinba.pcap	udp_723,15,0,,0,0,0.9996171
malware_none_Tinba.pcap	udp_1240,15,0,,0,0,0.9991074
malware_none_Tinba.pcap	udp_727,15,0,,0,0,0.99930817
malware_none_Tinba.pcap	udp_728,15,0,,0,0,0.9995908
malware_none_Tinba.pcap	udp_1827,15,0,,0,0,0.99957734
malware_none_Tinba.pcap	udp_730,15,0,,0,0,0.99981064
malware_none_Tinba.pcap	udp_2074,15,0,,0,0,0.9994943
malware_none_Tinba.pcap	udp_2651,15,0,,0,0,0.9993696
malware_none_Tinba.pcap	udp_734,15,0,,0,0,0.9993175
malware_none_Tinba.pcap	udp_735,15,0,,0,0,0.9978761
malware_none_Tinba.pcap	udp_2378,15,0,,0,0,0.99964255
malware_none_Tinba.pcap	udp_2938,15,0,,0,0,0.9996039
malware_none_Tinba.pcap	udp_739,15,0,,0,0,0.99916816
malware_none_Tinba.pcap	udp_2751,15,0,,0,0,0.9995179
malware_none_Tinba.pcap	udp_2918,15,0,,0,0,0.99910825
malware_none_Tinba.pcap	udp_742,15,0,,0,0,0.9818656
malware_none_Tinba.pcap	udp_1369,15,0,,0,0,0.99967337
malware_none_Tinba.pcap	udp_1830,15,0,,0,0,0.9993712
malware_none_Tinba.pcap	udp_2486,15,0,,0,0,0.99948764
malware_none_Tinba.pcap	udp_1459,15,0,,0,0,0.999633
malware_none_Tinba.pcap	udp_2858,15,0,,0,0,0.99953604
malware_none_Tinba.pcap	udp_750,15,0,,0,0,0.9993082
malware_none_Tinba.pcap	udp_751,15,0,,0,0,0.9992224
malware_none_Tinba.pcap	udp_2782,15,0,,0,0,0.9995504
malware_none_Tinba.pcap	udp_2812,15,0,,0,0,0.99933296
malware_none_Tinba.pcap	udp_2008,15,0,,0,0,0.9991512
malware_none_Tinba.pcap	udp_2527,15,0,,0,0,0.99962485
malware_none_Tinba.pcap	udp_756,15,0,,0,0,0.9995197
malware_none_Tinba.pcap	udp_2274,15,0,,0,0,0.99969375
malware_none_Tinba.pcap	udp_1009,15,0,,0,0,0.9997981
malware_none_Tinba.pcap	udp_1734,15,0,,0,0,0.9995
malware_none_Tinba.pcap	udp_1044,15,0,,0,0,0.9998276
malware_none_Tinba.pcap	udp_762,15,0,,0,0,0.9996086
malware_none_Tinba.pcap	udp_1211,15,0,,0,0,0.9993838
malware_none_Tinba.pcap	udp_1048,15,0,,0,0,0.99964374
malware_none_Tinba.pcap	udp_2540,15,0,,0,0,0.99950385
malware_none_Tinba.pcap	udp_2101,15,0,,0,0,0.9993425
malware_none_Tinba.pcap	udp_768,15,0,,0,0,0.999564
malware_none_Tinba.pcap	udp_769,15,0,,0,0,0.9985752
malware_none_Tinba.pcap	udp_770,15,0,,0,0,0.9989987
malware_none_Tinba.pcap	udp_2760,15,0,,0,0,0.9995797
malware_none_Tinba.pcap	udp_772,15,0,,0,0,0.99949515
malware_none_Tinba.pcap	udp_2330,15,0,,0,0,0.99957114
malware_none_Tinba.pcap	udp_774,15,0,,0,0,0.999808
malware_none_Tinba.pcap	udp_775,15,0,,0,0,0.9993136
malware_none_Tinba.pcap	udp_776,15,0,,0,0,0.99948525
malware_none_Tinba.pcap	udp_1776,15,0,,0,0,0.9993123
malware_none_Tinba.pcap	udp_1697,15,0,,0,0,0.9995365
malware_none_Tinba.pcap	udp_779,15,0,,0,0,0.99807215
malware_none_Tinba.pcap	udp_1237,15,0,,0,0,0.99954104
malware_none_Tinba.pcap	udp_2996,15,0,,0,0,0.99956363
malware_none_Tinba.pcap	udp_782,15,0,,0,0,0.9994664
malware_none_Tinba.pcap	udp_1197,15,0,,0,0,0.999534
malware_none_Tinba.pcap	udp_1857,15,0,,0,0,0.9996792
malware_none_Tinba.pcap	udp_2889,15,0,,0,0,0.9992405
malware_none_Tinba.pcap	udp_2546,15,0,,0,0,0.9996001
malware_none_Tinba.pcap	udp_1523,15,0,,0,0,0.9993424
malware_none_Tinba.pcap	udp_1905,15,0,,0,0,0.9994783
malware_none_Tinba.pcap	udp_792,15,0,,0,0,0.99927455
malware_none_Tinba.pcap	udp_793,15,0,,0,0,0.9992578
malware_none_Tinba.pcap	udp_796,15,0,,0,0,0.9996557
malware_none_Tinba.pcap	udp_797,15,0,,0,0,0.99931806
malware_none_Tinba.pcap	udp_1608,15,0,,0,0,0.9995413
malware_none_Tinba.pcap	udp_1658,15,0,,0,0,0.99968266
malware_none_Tinba.pcap	udp_801,15,0,,0,0,0.99958676
malware_none_Tinba.pcap	udp_1203,15,0,,0,0,0.99936134
malware_none_Tinba.pcap	udp_2674,15,0,,0,0,0.99911076
malware_none_Tinba.pcap	udp_1820,15,0,,0,0,0.9996364
malware_none_Tinba.pcap	udp_2501,15,0,,0,0,0.9995912
malware_none_Tinba.pcap	udp_807,15,0,,0,0,0.9998153
malware_none_Tinba.pcap	udp_1285,15,0,,0,0,0.9994611
malware_none_Tinba.pcap	udp_1995,15,0,,0,0,0.9993703
malware_none_Tinba.pcap	udp_2430,15,0,,0,0,0.99919456
malware_none_Tinba.pcap	udp_815,15,0,,0,0,0.99966633
malware_none_Tinba.pcap	udp_1354,15,0,,0,0,0.9996588
malware_none_Tinba.pcap	udp_2741,15,0,,0,0,0.9992853
malware_none_Tinba.pcap	udp_820,15,0,,0,0,0.99932015
malware_none_Tinba.pcap	udp_1540,15,0,,0,0,0.9993982
malware_none_Tinba.pcap	udp_822,15,0,,0,0,0.9992939
malware_none_Tinba.pcap	udp_2271,15,0,,0,0,0.99959534
malware_none_Tinba.pcap	udp_2245,15,0,,0,0,0.9996819
malware_none_Tinba.pcap	udp_2286,15,0,,0,0,0.99957997
malware_none_Tinba.pcap	udp_826,15,0,,0,0,0.9990765
malware_none_Tinba.pcap	udp_1465,15,0,,0,0,0.99952245
malware_none_Tinba.pcap	udp_1019,15,0,,0,0,0.9990013
malware_none_Tinba.pcap	udp_829,15,0,,0,0,0.99928373
malware_none_Tinba.pcap	udp_830,15,0,,0,0,0.9993622
malware_none_Tinba.pcap	udp_831,15,0,,0,0,0.9994962
malware_none_Tinba.pcap	udp_1128,15,0,,0,0,0.9973907
malware_none_Tinba.pcap	udp_1744,15,0,,0,0,0.9997558
malware_none_Tinba.pcap	udp_834,15,0,,0,0,0.9987232
malware_none_Tinba.pcap	udp_1291,15,0,,0,0,0.99928725
malware_none_Tinba.pcap	udp_1472,15,0,,0,0,0.9991374
malware_none_Tinba.pcap	udp_1611,15,0,,0,0,0.9993452
malware_none_Tinba.pcap	udp_2175,15,0,,0,0,0.999632
malware_none_Tinba.pcap	udp_1097,15,0,,0,0,0.999087
malware_none_Tinba.pcap	udp_1311,15,0,,0,0,0.99929905
malware_none_Tinba.pcap	udp_1174,15,0,,0,0,0.9985891
malware_none_Tinba.pcap	udp_1817,15,0,,0,0,0.9995776
malware_none_Tinba.pcap	udp_2143,15,0,,0,0,0.99955493
malware_none_Tinba.pcap	udp_846,15,0,,0,0,0.9998233
malware_none_Tinba.pcap	udp_2904,15,0,,0,0,0.9992859
malware_none_Tinba.pcap	udp_849,15,0,,0,0,0.9998037
malware_none_Tinba.pcap	udp_2449,15,0,,0,0,0.9985864
malware_none_Tinba.pcap	udp_1451,15,0,,0,0,0.99938273
malware_none_Tinba.pcap	udp_1175,15,0,,0,0,0.9993735
malware_none_Tinba.pcap	udp_2247,15,0,,0,0,0.99938804
malware_none_Tinba.pcap	udp_2361,15,0,,0,0,0.9988968
malware_none_Tinba.pcap	udp_1889,15,0,,0,0,0.9992823
malware_none_Tinba.pcap	udp_858,15,0,,0,0,0.9993491
malware_none_Tinba.pcap	udp_859,15,0,,0,0,0.9993056
malware_none_Tinba.pcap	udp_860,15,0,,0,0,0.9995415
malware_none_Tinba.pcap	udp_1065,15,0,,0,0,0.9991064
malware_none_Tinba.pcap	udp_1975,15,0,,0,0,0.99960905
malware_none_Tinba.pcap	udp_2278,15,0,,0,0,0.99928
malware_none_Tinba.pcap	udp_1537,15,0,,0,0,0.9980503
malware_none_Tinba.pcap	udp_1642,15,0,,0,0,0.99921435
malware_none_Tinba.pcap	udp_866,15,0,,0,0,0.99981743
malware_none_Tinba.pcap	udp_2521,15,0,,0,0,0.99863106
malware_none_Tinba.pcap	udp_868,15,0,,0,0,0.9992869
malware_none_Tinba.pcap	udp_869,15,0,,0,0,0.99923265
malware_none_Tinba.pcap	udp_2555,15,0,,0,0,0.9997663
malware_none_Tinba.pcap	udp_1645,15,0,,0,0,0.9989563
malware_none_Tinba.pcap	udp_2629,15,0,,0,0,0.99936
malware_none_Tinba.pcap	udp_873,15,0,,0,0,0.99931467
malware_none_Tinba.pcap	udp_874,15,0,,0,0,0.9995608
malware_none_Tinba.pcap	udp_875,15,0,,0,0,0.9998109
malware_none_Tinba.pcap	udp_1930,15,0,,0,0,0.9995783
malware_none_Tinba.pcap	udp_2991,15,0,,0,0,0.99930143
malware_none_Tinba.pcap	udp_878,15,0,,0,0,0.99931467
malware_none_Tinba.pcap	udp_1896,15,0,,0,0,0.9992224
malware_none_Tinba.pcap	udp_1574,15,0,,0,0,0.9995439
malware_none_Tinba.pcap	udp_881,15,0,,0,0,0.99905324
malware_none_Tinba.pcap	udp_882,15,0,,0,0,0.9996652
malware_none_Tinba.pcap	udp_1202,15,0,,0,0,0.9994901
malware_none_Tinba.pcap	udp_2238,15,0,,0,0,0.9993624
malware_none_Tinba.pcap	udp_886,15,0,,0,0,0.99965
malware_none_Tinba.pcap	udp_1379,15,0,,0,0,0.99957955
malware_none_Tinba.pcap	udp_1723,15,0,,0,0,0.999091
malware_none_Tinba.pcap	udp_2761,15,0,,0,0,0.99978876
malware_none_Tinba.pcap	udp_892,15,0,,0,0,0.99914956
malware_none_Tinba.pcap	udp_1233,15,0,,0,0,0.99937254
malware_none_Tinba.pcap	udp_894,15,0,,0,0,0.9996171
malware_none_Tinba.pcap	udp_896,15,0,,0,0,0.99957365
malware_none_Tinba.pcap	udp_2623,15,0,,0,0,0.9981913
malware_none_Tinba.pcap	udp_2887,15,0,,0,0,0.9995921
malware_none_Tinba.pcap	udp_1551,15,0,,0,0,0.999073
malware_none_Tinba.pcap	udp_1585,15,0,,0,0,0.99930835
malware_none_Tinba.pcap	udp_1066,15,0,,0,0,0.9996848
malware_none_Tinba.pcap	udp_2123,15,0,,0,0,0.9991573
malware_none_Tinba.pcap	udp_2625,15,0,,0,0,0.9993365
malware_none_Tinba.pcap	udp_1653,15,0,,0,0,0.9995486
malware_none_Tinba.pcap	udp_907,15,0,,0,0,0.99952734
malware_none_Tinba.pcap	udp_1013,15,0,,0,0,0.9991333
malware_none_Tinba.pcap	udp_1397,15,0,,0,0,0.99940586
malware_none_Tinba.pcap	udp_1434,15,0,,0,0,0.9996197
malware_none_Tinba.pcap	udp_911,15,0,,0,0,0.99887276
malware_none_Tinba.pcap	udp_913,15,0,,0,0,0.9997595
malware_none_Tinba.pcap	udp_1392,15,0,,0,0,0.9995369
malware_none_Tinba.pcap	udp_1283,15,0,,0,0,0.9991506
malware_none_Tinba.pcap	udp_919,15,0,,0,0,0.99960476
malware_none_Tinba.pcap	udp_1664,15,0,,0,0,0.99733233
malware_none_Tinba.pcap	udp_921,15,0,,0,0,0.99724066
malware_none_Tinba.pcap	udp_2189,15,0,,0,0,0.99934477
malware_none_Tinba.pcap	udp_923,15,0,,0,0,0.99979955
malware_none_Tinba.pcap	udp_924,15,0,,0,0,0.99968874
malware_none_Tinba.pcap	udp_1660,15,0,,0,0,0.9993137
malware_none_Tinba.pcap	udp_1807,15,0,,0,0,0.9991505
malware_none_Tinba.pcap	udp_927,15,0,,0,0,0.99938816
malware_none_Tinba.pcap	udp_930,15,0,,0,0,0.9993401
malware_none_Tinba.pcap	udp_931,15,0,,0,0,0.99954176
malware_none_Tinba.pcap	udp_2464,15,0,,0,0,0.99982446
malware_none_Tinba.pcap	udp_934,15,0,,0,0,0.9996848
malware_none_Tinba.pcap	udp_935,15,0,,0,0,0.99967515
malware_none_Tinba.pcap	udp_2644,15,0,,0,0,0.9994659
malware_none_Tinba.pcap	udp_937,15,0,,0,0,0.99962795
malware_none_Tinba.pcap	udp_1913,15,0,,0,0,0.99917644
malware_none_Tinba.pcap	udp_2469,15,0,,0,0,0.9995895
malware_none_Tinba.pcap	udp_2781,15,0,,0,0,0.9995359
malware_none_Tinba.pcap	udp_1908,15,0,,0,0,0.9996465
malware_none_Tinba.pcap	udp_942,15,0,,0,0,0.9995246
malware_none_Tinba.pcap	udp_1151,15,0,,0,0,0.99982315
malware_none_Tinba.pcap	udp_1449,15,0,,0,0,0.9996505
malware_none_Tinba.pcap	udp_2146,15,0,,0,0,0.9993617
malware_none_Tinba.pcap	udp_949,15,0,,0,0,0.9990528
malware_none_Tinba.pcap	udp_1987,15,0,,0,0,0.9994764
malware_none_Tinba.pcap	udp_2292,15,0,,0,0,0.9988706
malware_none_Tinba.pcap	udp_2870,15,0,,0,0,0.99939716
malware_none_Tinba.pcap	udp_1024,15,0,,0,0,0.99958986
malware_none_Tinba.pcap	udp_1606,15,0,,0,0,0.999637
malware_none_Tinba.pcap	udp_1387,15,0,,0,0,0.99965936
malware_none_Tinba.pcap	udp_956,15,0,,0,0,0.9989724
malware_none_Tinba.pcap	udp_2503,15,0,,0,0,0.99943185
malware_none_Tinba.pcap	udp_2775,15,0,,0,0,0.999507
malware_none_Tinba.pcap	udp_960,15,0,,0,0,0.9993752
malware_none_Tinba.pcap	udp_2313,15,0,,0,0,0.99980074
malware_none_Tinba.pcap	udp_1923,15,0,,0,0,0.99947685
malware_none_Tinba.pcap	udp_964,15,0,,0,0,0.999373
malware_none_Tinba.pcap	udp_1627,15,0,,0,0,0.9991456
malware_none_Tinba.pcap	udp_966,15,0,,0,0,0.99908686
malware_none_Tinba.pcap	udp_1289,15,0,,0,0,0.9985858
malware_none_Tinba.pcap	udp_968,15,0,,0,0,0.9988486
malware_none_Tinba.pcap	udp_1103,15,0,,0,0,0.9996344
malware_none_Tinba.pcap	udp_1031,15,0,,0,0,0.9992621
malware_none_Tinba.pcap	udp_971,15,0,,0,0,0.9994005
malware_none_Tinba.pcap	udp_972,15,0,,0,0,0.99907357
malware_none_Tinba.pcap	udp_2446,15,0,,0,0,0.99802595
malware_none_Tinba.pcap	udp_974,15,0,,0,0,0.9996562
malware_none_Tinba.pcap	udp_1344,15,0,,0,0,0.9991393
malware_none_Tinba.pcap	udp_2764,15,0,,0,0,0.9994305
malware_none_Tinba.pcap	udp_977,15,0,,0,0,0.9987192
malware_none_Tinba.pcap	udp_2041,15,0,,0,0,0.99929494
malware_none_Tinba.pcap	udp_979,15,0,,0,0,0.99979323
malware_none_Tinba.pcap	udp_981,15,0,,0,0,0.9995472
malware_none_Tinba.pcap	udp_2081,15,0,,0,0,0.99983335
malware_none_Tinba.pcap	udp_983,15,0,,0,0,0.99964774
malware_none_Tinba.pcap	udp_1931,15,0,,0,0,0.99941385
malware_none_Tinba.pcap	udp_1511,15,0,,0,0,0.99981815
malware_none_Tinba.pcap	udp_987,15,0,,0,0,0.99929756
malware_none_Tinba.pcap	udp_2354,15,0,,0,0,0.9995741
malware_none_Tinba.pcap	udp_2337,15,0,,0,0,0.9996835
malware_none_Tinba.pcap	udp_1911,15,0,,0,0,0.99968964
malware_none_Tinba.pcap	udp_2203,15,0,,0,0,0.9994753
malware_none_Tinba.pcap	udp_993,15,0,,0,0,0.9996525
malware_none_Tinba.pcap	udp_2615,15,0,,0,0,0.9993353
malware_none_Tinba.pcap	udp_1861,15,0,,0,0,0.9991732
malware_none_Tinba.pcap	udp_999,15,0,,0,0,0.99952424
malware_none_Htbot.pcap	tcp_1958,6,0,,0,0,0.99936324
malware_none_Htbot.pcap	udp_502,6,0,,0,0,0.99943036
malware_none_Htbot.pcap	udp_428,6,0,,0,0,0.687668
malware_none_Htbot.pcap	udp_3,6,1,Cd_2;Bb_7,0,1,0.029329877
malware_none_Htbot.pcap	udp_4,6,0,,0,0,0.542755
malware_none_Htbot.pcap	udp_349,6,0,,0,0,0.9988209
malware_none_Htbot.pcap	tcp_719,6,0,,0,0,0.9996704
malware_none_Htbot.pcap	tcp_1435,6,0,,0,0,0.9991516
malware_none_Htbot.pcap	tcp_1472,6,0,,0,0,0.99931574
malware_none_Htbot.pcap	tcp_1409,6,0,,0,0,0.9994773
malware_none_Htbot.pcap	udp_9,6,1,Cc_5;Bb_7,0,1,0.009258912
malware_none_Htbot.pcap	udp_494,6,0,,0,0,0.99858034
malware_none_Htbot.pcap	tcp_1586,6,0,,0,0,0.99825877
malware_none_Htbot.pcap	tcp_3,6,0,,0,0,0.78803647
malware_none_Htbot.pcap	tcp_4,6,0,,0,0,0.8950041
malware_none_Htbot.pcap	udp_477,6,0,,0,0,0.99957365
malware_none_Htbot.pcap	tcp_6,6,0,,0,0,0.99664515
malware_none_Htbot.pcap	tcp_7,6,0,,0,0,0.99625784
malware_none_Htbot.pcap	udp_899,6,0,,0,0,0.9986669
malware_none_Htbot.pcap	tcp_10,6,0,,0,0,0.8308611
malware_none_Htbot.pcap	tcp_11,6,0,,0,0,0.9979263
malware_none_Htbot.pcap	udp_465,6,0,,0,0,0.9970859
malware_none_Htbot.pcap	tcp_15,6,0,,0,0,0.9829585
malware_none_Htbot.pcap	tcp_16,6,0,,0,0,0.99190885
malware_none_Htbot.pcap	tcp_1962,6,0,,0,0,0.99939936
malware_none_Htbot.pcap	udp_887,6,0,,0,0,0.9995122
malware_none_Htbot.pcap	tcp_886,6,0,,0,0,0.9992605
malware_none_Htbot.pcap	udp_673,6,0,,0,0,0.9963612
malware_none_Htbot.pcap	tcp_22,6,0,,0,0,0.99614066
malware_none_Htbot.pcap	tcp_952,6,0,,0,0,0.9982546
malware_none_Htbot.pcap	tcp_26,6,0,,0,0,0.9950345
malware_none_Htbot.pcap	tcp_1012,6,0,,0,0,0.99951756
malware_none_Htbot.pcap	tcp_30,6,0,,0,0,0.9995053
malware_none_Htbot.pcap	udp_896,6,0,,0,0,0.9989436
malware_none_Htbot.pcap	tcp_31,6,0,,0,0,0.99937564
malware_none_Htbot.pcap	tcp_951,6,0,,0,0,0.9997406
malware_none_Htbot.pcap	udp_13,6,0,,0,0,0.9856572
malware_none_Htbot.pcap	tcp_34,6,0,,0,0,0.99941206
malware_none_Htbot.pcap	tcp_1202,6,0,,0,0,0.9991636
malware_none_Htbot.pcap	udp_488,6,0,,0,0,0.9995252
malware_none_Htbot.pcap	tcp_36,6,0,,0,0,0.99964476
malware_none_Htbot.pcap	tcp_1721,6,0,,0,0,0.99949074
malware_none_Htbot.pcap	tcp_1946,6,0,,0,0,0.9995346
malware_none_Htbot.pcap	tcp_38,6,0,,0,0,0.99972945
malware_none_Htbot.pcap	tcp_1215,6,0,,0,0,0.9992329
malware_none_Htbot.pcap	tcp_41,6,0,,0,0,0.999461
malware_none_Htbot.pcap	udp_945,6,0,,0,0,0.99956745
malware_none_Htbot.pcap	udp_17,6,0,,0,0,0.9693448
malware_none_Htbot.pcap	tcp_962,6,0,,0,0,0.99818325
malware_none_Htbot.pcap	udp_18,6,0,,0,0,0.9958293
malware_none_Htbot.pcap	udp_19,6,0,,0,0,0.99714714
malware_none_Htbot.pcap	tcp_47,6,0,,0,0,0.9994054
malware_none_Htbot.pcap	tcp_860,6,0,,0,0,0.9967628
malware_none_Htbot.pcap	tcp_1042,6,0,,0,0,0.99936384
malware_none_Htbot.pcap	tcp_1906,6,0,,0,0,0.9994352
malware_none_Htbot.pcap	udp_21,6,0,,0,0,0.99536955
malware_none_Htbot.pcap	tcp_1019,6,0,,0,0,0.9996656
malware_none_Htbot.pcap	udp_22,6,0,,0,0,0.37174937
malware_none_Htbot.pcap	tcp_1794,6,0,,0,0,0.9989833
malware_none_Htbot.pcap	udp_23,6,0,,0,0,0.9921338
malware_none_Htbot.pcap	udp_472,6,0,,0,0,0.9987962
malware_none_Htbot.pcap	tcp_54,6,0,,0,0,0.99940217
malware_none_Htbot.pcap	tcp_1939,6,0,,0,0,0.99914646
malware_none_Htbot.pcap	tcp_1239,6,0,,0,0,0.99915135
malware_none_Htbot.pcap	udp_841,6,0,,0,0,0.9976777
malware_none_Htbot.pcap	tcp_57,6,0,,0,0,0.99915576
malware_none_Htbot.pcap	tcp_1734,6,0,,0,0,0.99839246
malware_none_Htbot.pcap	tcp_60,6,0,,0,0,0.99939597
malware_none_Htbot.pcap	udp_946,6,0,,0,0,0.99635714
malware_none_Htbot.pcap	udp_569,6,0,,0,0,0.9723646
malware_none_Htbot.pcap	udp_630,6,0,,0,0,0.9988368
malware_none_Htbot.pcap	udp_28,6,0,,0,0,0.9987389
malware_none_Htbot.pcap	udp_987,6,1,Cc_5;Bb_7,0,0,0.98910683
malware_none_Htbot.pcap	udp_29,6,0,,0,0,0.99548775
malware_none_Htbot.pcap	tcp_1533,6,0,,0,0,0.99949646
malware_none_Htbot.pcap	tcp_1660,6,0,,0,0,0.99896157
malware_none_Htbot.pcap	tcp_67,6,0,,0,0,0.9996631
malware_none_Htbot.pcap	tcp_751,6,0,,0,0,0.9990727
malware_none_Htbot.pcap	tcp_70,6,0,,0,0,0.9995462
malware_none_Htbot.pcap	tcp_71,6,0,,0,0,0.99951124
malware_none_Htbot.pcap	udp_838,6,0,,0,0,0.99771225
malware_none_Htbot.pcap	udp_966,6,0,,0,0,0.9994517
malware_none_Htbot.pcap	tcp_1158,6,0,,0,0,0.9989692
malware_none_Htbot.pcap	tcp_703,6,0,,0,0,0.99954635
malware_none_Htbot.pcap	udp_906,6,0,,0,0,0.99925643
malware_none_Htbot.pcap	tcp_1902,6,0,,0,0,0.99974173
malware_none_Htbot.pcap	tcp_1784,6,0,,0,0,0.9996927
malware_none_Htbot.pcap	udp_628,6,0,,0,0,0.9988098
malware_none_Htbot.pcap	udp_492,6,0,,0,0,0.99923956
malware_none_Htbot.pcap	tcp_1836,6,0,,0,0,0.9982012
malware_none_Htbot.pcap	tcp_691,6,0,,0,0,0.99983466
malware_none_Htbot.pcap	tcp_82,6,0,,0,0,0.99961406
malware_none_Htbot.pcap	tcp_1598,6,0,,0,0,0.99918246
malware_none_Htbot.pcap	udp_718,6,0,,0,0,0.988598
malware_none_Htbot.pcap	tcp_1662,6,0,,0,0,0.9991002
malware_none_Htbot.pcap	tcp_86,6,0,,0,0,0.99945945
malware_none_Htbot.pcap	udp_38,6,0,,0,0,0.7569166
malware_none_Htbot.pcap	tcp_87,6,0,,0,0,0.9997112
malware_none_Htbot.pcap	tcp_1802,6,0,,0,0,0.9858431
malware_none_Htbot.pcap	tcp_1080,6,0,,0,0,0.9997477
malware_none_Htbot.pcap	udp_40,6,0,,0,0,0.9927255
malware_none_Htbot.pcap	tcp_90,6,0,,0,0,0.9996126
malware_none_Htbot.pcap	tcp_1331,6,0,,0,0,0.99691606
malware_none_Htbot.pcap	tcp_1168,6,0,,0,0,0.9991893
malware_none_Htbot.pcap	tcp_940,6,0,,0,0,0.99932677
malware_none_Htbot.pcap	tcp_93,6,0,,0,0,0.99738204
malware_none_Htbot.pcap	tcp_711,6,0,,0,0,0.99834037
malware_none_Htbot.pcap	udp_794,6,0,,0,0,0.99877965
malware_none_Htbot.pcap	udp_960,6,0,,0,0,0.9990507
malware_none_Htbot.pcap	tcp_1136,6,0,,0,0,0.9994082
malware_none_Htbot.pcap	tcp_98,6,0,,0,0,0.99955153
malware_none_Htbot.pcap	udp_44,6,0,,0,0,0.99853075
malware_none_Htbot.pcap	tcp_1793,6,0,,0,0,0.9989813
malware_none_Htbot.pcap	udp_45,6,0,,0,0,0.997624
malware_none_Htbot.pcap	tcp_1909,6,0,,0,0,0.99896735
malware_none_Htbot.pcap	udp_777,6,0,,0,0,0.9991017
malware_none_Htbot.pcap	tcp_1882,6,0,,0,0,0.9981373
malware_none_Htbot.pcap	tcp_102,6,0,,0,0,0.9993807
malware_none_Htbot.pcap	udp_937,6,0,,0,0,0.99882644
malware_none_Htbot.pcap	tcp_104,6,0,,0,0,0.99782795
malware_none_Htbot.pcap	udp_730,6,0,,0,0,0.9995134
malware_none_Htbot.pcap	udp_1012,6,0,,0,0,0.97682065
malware_none_Htbot.pcap	tcp_1717,6,0,,0,0,0.9995359
malware_none_Htbot.pcap	udp_50,6,0,,0,0,0.9963272
malware_none_Htbot.pcap	tcp_1070,6,0,,0,0,0.99929166
malware_none_Htbot.pcap	tcp_109,6,0,,0,0,0.99936146
malware_none_Htbot.pcap	udp_631,6,0,,0,0,0.9985001
malware_none_Htbot.pcap	tcp_110,6,0,,0,0,0.9885535
malware_none_Htbot.pcap	tcp_111,6,0,,0,0,0.99906105
malware_none_Htbot.pcap	tcp_1401,6,0,,0,0,0.99920005
malware_none_Htbot.pcap	tcp_1467,6,0,,0,0,0.9981715
malware_none_Htbot.pcap	udp_871,6,0,,0,0,0.9990804
malware_none_Htbot.pcap	tcp_1393,6,0,,0,0,0.9995554
malware_none_Htbot.pcap	tcp_115,6,0,,0,0,0.9997101
malware_none_Htbot.pcap	tcp_1319,6,0,,0,0,0.99940383
malware_none_Htbot.pcap	tcp_118,6,0,,0,0,0.99965745
malware_none_Htbot.pcap	udp_432,6,0,,0,0,0.99957186
malware_none_Htbot.pcap	udp_55,6,0,,0,0,0.99722725
malware_none_Htbot.pcap	tcp_119,6,0,,0,0,0.9995956
malware_none_Htbot.pcap	udp_856,6,0,,0,0,0.9996032
malware_none_Htbot.pcap	udp_787,6,0,,0,0,0.99863553
malware_none_Htbot.pcap	udp_686,6,0,,0,0,0.99837023
malware_none_Htbot.pcap	tcp_123,6,0,,0,0,0.9991642
malware_none_Htbot.pcap	tcp_692,6,0,,0,0,0.9927044
malware_none_Htbot.pcap	udp_934,6,0,,0,0,0.99864596
malware_none_Htbot.pcap	udp_58,6,0,,0,0,0.99805826
malware_none_Htbot.pcap	tcp_1235,6,0,,0,0,0.9986936
malware_none_Htbot.pcap	udp_656,6,0,,0,0,0.9993674
malware_none_Htbot.pcap	tcp_1536,6,0,,0,0,0.9996269
malware_none_Htbot.pcap	udp_785,6,0,,0,0,0.9993224
malware_none_Htbot.pcap	tcp_671,6,0,,0,0,0.99884987
malware_none_Htbot.pcap	udp_917,6,0,,0,0,0.9988533
malware_none_Htbot.pcap	tcp_881,6,0,,0,0,0.99874866
malware_none_Htbot.pcap	udp_61,6,0,,0,0,0.9986626
malware_none_Htbot.pcap	udp_867,6,0,,0,0,0.99923104
malware_none_Htbot.pcap	udp_453,6,0,,0,0,0.9951362
malware_none_Htbot.pcap	tcp_134,6,0,,0,0,0.99918336
malware_none_Htbot.pcap	udp_62,6,0,,0,0,0.9971897
malware_none_Htbot.pcap	tcp_135,6,0,,0,0,0.9931632
malware_none_Htbot.pcap	udp_681,6,0,,0,0,0.99845386
malware_none_Htbot.pcap	tcp_844,6,0,,0,0,0.9988639
malware_none_Htbot.pcap	tcp_1295,6,0,,0,0,0.9954787
malware_none_Htbot.pcap	udp_399,6,0,,0,0,0.99942434
malware_none_Htbot.pcap	tcp_140,6,0,,0,0,0.9996716
malware_none_Htbot.pcap	tcp_942,6,0,,0,0,0.99950606
malware_none_Htbot.pcap	tcp_1369,6,0,,0,0,0.99482274
malware_none_Htbot.pcap	udp_741,6,0,,0,0,0.99671316
malware_none_Htbot.pcap	tcp_1752,6,0,,0,0,0.9994349
malware_none_Htbot.pcap	tcp_759,6,0,,0,0,0.999742
malware_none_Htbot.pcap	udp_675,6,0,,0,0,0.9988248
malware_none_Htbot.pcap	udp_716,6,0,,0,0,0.04934507
malware_none_Htbot.pcap	udp_72,6,0,,0,0,0.9979633
malware_none_Htbot.pcap	tcp_1037,6,0,,0,0,0.9992392
malware_none_Htbot.pcap	tcp_1402,6,0,,0,0,0.9988294
malware_none_Htbot.pcap	tcp_149,6,0,,0,0,0.99944276
malware_none_Htbot.pcap	tcp_1965,6,0,,0,0,0.9997273
malware_none_Htbot.pcap	tcp_150,6,0,,0,0,0.9996395
malware_none_Htbot.pcap	tcp_151,6,0,,0,0,0.99966407
malware_none_Htbot.pcap	tcp_729,6,0,,0,0,0.999415
malware_none_Htbot.pcap	tcp_154,6,0,,0,0,0.9995047
malware_none_Htbot.pcap	udp_75,6,0,,0,0,0.9962675
malware_none_Htbot.pcap	tcp_828,6,0,,0,0,0.9992736
malware_none_Htbot.pcap	tcp_1011,6,0,,0,0,0.99819225
malware_none_Htbot.pcap	tcp_807,6,0,,0,0,0.9984793
malware_none_Htbot.pcap	tcp_1098,6,0,,0,0,0.99799174
malware_none_Htbot.pcap	tcp_158,6,0,,0,0,0.99194455
malware_none_Htbot.pcap	tcp_159,6,0,,0,0,0.99958986
malware_none_Htbot.pcap	tcp_1940,6,0,,0,0,0.99925077
malware_none_Htbot.pcap	tcp_1089,6,0,,0,0,0.9998116
malware_none_Htbot.pcap	tcp_1643,6,0,,0,0,0.99967176
malware_none_Htbot.pcap	udp_516,6,0,,0,0,0.99955314
malware_none_Htbot.pcap	tcp_162,6,0,,0,0,0.99783367
malware_none_Htbot.pcap	tcp_1583,6,0,,0,0,0.9990805
malware_none_Htbot.pcap	tcp_839,6,0,,0,0,0.9992496
malware_none_Htbot.pcap	tcp_1883,6,0,,0,0,0.9980239
malware_none_Htbot.pcap	udp_81,6,0,,0,0,0.9975874
malware_none_Htbot.pcap	tcp_846,6,0,,0,0,0.998425
malware_none_Htbot.pcap	udp_82,6,0,,0,0,0.99547005
malware_none_Htbot.pcap	tcp_168,6,0,,0,0,0.99417204
malware_none_Htbot.pcap	tcp_171,6,0,,0,0,0.9990042
malware_none_Htbot.pcap	tcp_172,6,0,,0,0,0.9990821
malware_none_Htbot.pcap	tcp_782,6,0,,0,0,0.99893177
malware_none_Htbot.pcap	tcp_945,6,0,,0,0,0.99970585
malware_none_Htbot.pcap	udp_782,6,0,,0,0,0.99915457
malware_none_Htbot.pcap	tcp_1469,6,0,,0,0,0.9994493
malware_none_Htbot.pcap	tcp_1576,6,0,,0,0,0.9991518
malware_none_Htbot.pcap	udp_424,6,0,,0,0,0.9918676
malware_none_Htbot.pcap	tcp_1172,6,0,,0,0,0.9994197
malware_none_Htbot.pcap	tcp_1088,6,0,,0,0,0.99911803
malware_none_Htbot.pcap	tcp_1260,6,0,,0,0,0.999157
malware_none_Htbot.pcap	udp_642,6,0,,0,0,0.9991384
malware_none_Htbot.pcap	udp_89,6,0,,0,0,0.96704763
malware_none_Htbot.pcap	udp_853,6,0,,0,0,0.9990134
malware_none_Htbot.pcap	tcp_181,6,0,,0,0,0.9990995
malware_none_Htbot.pcap	tcp_182,6,0,,0,0,0.99957585
malware_none_Htbot.pcap	udp_434,6,0,,0,0,0.999257
malware_none_Htbot.pcap	tcp_183,6,0,,0,0,0.99762243
malware_none_Htbot.pcap	udp_91,6,0,,0,0,0.9908063
malware_none_Htbot.pcap	tcp_185,6,0,,0,0,0.99968135
malware_none_Htbot.pcap	tcp_1303,6,0,,0,0,0.99946976
malware_none_Htbot.pcap	tcp_1625,6,0,,0,0,0.9996886
malware_none_Htbot.pcap	tcp_187,6,0,,0,0,0.99938023
malware_none_Htbot.pcap	udp_93,6,0,,0,0,0.9785543
malware_none_Htbot.pcap	tcp_1126,6,0,,0,0,0.9992069
malware_none_Htbot.pcap	tcp_1085,6,0,,0,0,0.9994954
malware_none_Htbot.pcap	tcp_1829,6,0,,0,0,0.99956053
malware_none_Htbot.pcap	tcp_1323,6,0,,0,0,0.99781775
malware_none_Htbot.pcap	tcp_1848,6,0,,0,0,0.9997109
malware_none_Htbot.pcap	tcp_1923,6,0,,0,0,0.99907446
malware_none_Htbot.pcap	tcp_1574,6,0,,0,0,0.99963695
malware_none_Htbot.pcap	tcp_195,6,0,,0,0,0.9993535
malware_none_Htbot.pcap	tcp_196,6,0,,0,0,0.9990734
malware_none_Htbot.pcap	udp_567,6,0,,0,0,0.9995067
malware_none_Htbot.pcap	tcp_1009,6,0,,0,0,0.99704957
malware_none_Htbot.pcap	tcp_199,6,0,,0,0,0.99965465
malware_none_Htbot.pcap	udp_99,6,0,,0,0,0.9988337
malware_none_Htbot.pcap	tcp_200,6,0,,0,0,0.9989874
malware_none_Htbot.pcap	udp_100,6,0,,0,0,0.9982754
malware_none_Htbot.pcap	tcp_201,6,0,,0,0,0.9958758
malware_none_Htbot.pcap	tcp_202,6,0,,0,0,0.9995328
malware_none_Htbot.pcap	udp_643,6,0,,0,0,0.9952491
malware_none_Htbot.pcap	tcp_203,6,0,,0,0,0.9988809
malware_none_Htbot.pcap	tcp_1565,6,0,,0,0,0.9996911
malware_none_Htbot.pcap	udp_102,6,0,,0,0,0.9820975
malware_none_Htbot.pcap	udp_1002,6,0,,0,0,0.9943059
malware_none_Htbot.pcap	udp_103,6,0,,0,0,0.99840367
malware_none_Htbot.pcap	udp_900,6,0,,0,0,0.9990833
malware_none_Htbot.pcap	udp_361,6,0,,0,0,0.9985555
malware_none_Htbot.pcap	tcp_1542,6,0,,0,0,0.9996737
malware_none_Htbot.pcap	tcp_1490,6,0,,0,0,0.99903417
malware_none_Htbot.pcap	tcp_210,6,0,,0,0,0.99907553
malware_none_Htbot.pcap	tcp_211,6,0,,0,0,0.9989581
malware_none_Htbot.pcap	tcp_925,6,0,,0,0,0.99919397
malware_none_Htbot.pcap	udp_418,6,0,,0,0,0.9981743
malware_none_Htbot.pcap	udp_879,6,0,,0,0,0.9957153
malware_none_Htbot.pcap	tcp_214,6,0,,0,0,0.9991424
malware_none_Htbot.pcap	tcp_215,6,0,,0,0,0.99930936
malware_none_Htbot.pcap	udp_107,6,0,,0,0,0.9973825
malware_none_Htbot.pcap	tcp_1194,6,0,,0,0,0.9991491
malware_none_Htbot.pcap	tcp_218,6,0,,0,0,0.99958414
malware_none_Htbot.pcap	udp_483,6,0,,0,0,0.99656844
malware_none_Htbot.pcap	tcp_1270,6,0,,0,0,0.9993736
malware_none_Htbot.pcap	tcp_1107,6,0,,0,0,0.99790335
malware_none_Htbot.pcap	tcp_674,6,0,,0,0,0.9993657
malware_none_Htbot.pcap	tcp_225,6,0,,0,0,0.9994891
malware_none_Htbot.pcap	tcp_1781,6,0,,0,0,0.9997209
malware_none_Htbot.pcap	tcp_1495,6,0,,0,0,0.99942374
malware_none_Htbot.pcap	tcp_228,6,0,,0,0,0.9979181
malware_none_Htbot.pcap	tcp_1539,6,0,,0,0,0.99522257
malware_none_Htbot.pcap	tcp_1006,6,0,,0,0,0.99885964
malware_none_Htbot.pcap	tcp_909,6,0,,0,0,0.9987405
malware_none_Htbot.pcap	tcp_233,6,0,,0,0,0.9987692
malware_none_Htbot.pcap	tcp_1468,6,0,,0,0,0.99903655
malware_none_Htbot.pcap	tcp_956,6,0,,0,0,0.99781066
malware_none_Htbot.pcap	tcp_235,6,0,,0,0,0.99930537
malware_none_Htbot.pcap	udp_833,6,1,Cc_5;Bb_7,0,0,0.99030626
malware_none_Htbot.pcap	tcp_238,6,0,,0,0,0.9997205
malware_none_Htbot.pcap	udp_831,6,0,,0,0,0.994682
malware_none_Htbot.pcap	tcp_787,6,0,,0,0,0.998487
malware_none_Htbot.pcap	tcp_240,6,0,,0,0,0.9990969
malware_none_Htbot.pcap	tcp_241,6,0,,0,0,0.9990914
malware_none_Htbot.pcap	udp_120,6,0,,0,0,0.99938625
malware_none_Htbot.pcap	tcp_242,6,0,,0,0,0.9972938
malware_none_Htbot.pcap	udp_668,6,0,,0,0,0.99942803
malware_none_Htbot.pcap	tcp_878,6,0,,0,0,0.99819934
malware_none_Htbot.pcap	udp_416,6,0,,0,0,0.99941504
malware_none_Htbot.pcap	udp_907,6,0,,0,0,0.9992115
malware_none_Htbot.pcap	tcp_246,6,0,,0,0,0.9992768
malware_none_Htbot.pcap	tcp_248,6,0,,0,0,0.9994053
malware_none_Htbot.pcap	tcp_721,6,0,,0,0,0.9984994
malware_none_Htbot.pcap	tcp_707,6,0,,0,0,0.99958086
malware_none_Htbot.pcap	udp_367,6,0,,0,0,0.99900186
malware_none_Htbot.pcap	udp_123,6,0,,0,0,0.9993164
malware_none_Htbot.pcap	udp_551,6,0,,0,0,0.93844384
malware_none_Htbot.pcap	tcp_1664,6,0,,0,0,0.9996933
malware_none_Htbot.pcap	udp_518,6,0,,0,0,0.9993395
malware_none_Htbot.pcap	tcp_1329,6,0,,0,0,0.9995016
malware_none_Htbot.pcap	udp_408,6,0,,0,0,0.99109566
malware_none_Htbot.pcap	tcp_797,6,0,,0,0,0.9997476
malware_none_Htbot.pcap	udp_127,6,1,Cc_5;Bb_7,0,0,0.6014823
malware_none_Htbot.pcap	udp_128,6,1,Cc_5;Bb_7,0,0,0.9784939
malware_none_Htbot.pcap	tcp_1557,6,0,,0,0,0.9983499
malware_none_Htbot.pcap	tcp_708,6,0,,0,0,0.99970263
malware_none_Htbot.pcap	tcp_257,6,0,,0,0,0.999292
malware_none_Htbot.pcap	tcp_971,6,0,,0,0,0.9995517
malware_none_Htbot.pcap	udp_371,6,0,,0,0,0.9996486
malware_none_Htbot.pcap	tcp_261,6,0,,0,0,0.9996693
malware_none_Htbot.pcap	tcp_854,6,0,,0,0,0.9984524
malware_none_Htbot.pcap	tcp_1748,6,0,,0,0,0.9989334
malware_none_Htbot.pcap	tcp_995,6,0,,0,0,0.99794906
malware_none_Htbot.pcap	udp_132,6,0,,0,0,0.998657
malware_none_Htbot.pcap	tcp_265,6,0,,0,0,0.9987287
malware_none_Htbot.pcap	tcp_1762,6,0,,0,0,0.9989993
malware_none_Htbot.pcap	tcp_1083,6,0,,0,0,0.9990915
malware_none_Htbot.pcap	udp_992,6,0,,0,0,0.996959
malware_none_Htbot.pcap	tcp_268,6,0,,0,0,0.9863229
malware_none_Htbot.pcap	tcp_779,6,0,,0,0,0.9984882
malware_none_Htbot.pcap	tcp_270,6,0,,0,0,0.99753165
malware_none_Htbot.pcap	udp_135,6,0,,0,0,0.9987318
malware_none_Htbot.pcap	tcp_271,6,0,,0,0,0.99864495
malware_none_Htbot.pcap	tcp_700,6,0,,0,0,0.9982279
malware_none_Htbot.pcap	tcp_1572,6,0,,0,0,0.99936515
malware_none_Htbot.pcap	udp_137,6,0,,0,0,0.999097
malware_none_Htbot.pcap	tcp_274,6,0,,0,0,0.99963593
malware_none_Htbot.pcap	udp_138,6,0,,0,0,0.99861157
malware_none_Htbot.pcap	tcp_1876,6,0,,0,0,0.99790996
malware_none_Htbot.pcap	udp_139,6,0,,0,0,0.99930173
malware_none_Htbot.pcap	tcp_902,6,0,,0,0,0.9990933
malware_none_Htbot.pcap	tcp_1591,6,0,,0,0,0.9994066
malware_none_Htbot.pcap	udp_614,6,0,,0,0,0.9989421
malware_none_Htbot.pcap	udp_877,6,0,,0,0,0.99201256
malware_none_Htbot.pcap	udp_639,6,0,,0,0,0.99960285
malware_none_Htbot.pcap	tcp_281,6,0,,0,0,0.9996424
malware_none_Htbot.pcap	udp_141,6,0,,0,0,0.9994085
malware_none_Htbot.pcap	tcp_283,6,0,,0,0,0.99922377
malware_none_Htbot.pcap	udp_761,6,0,,0,0,0.99766004
malware_none_Htbot.pcap	tcp_285,6,0,,0,0,0.99942124
malware_none_Htbot.pcap	udp_143,6,0,,0,0,0.99920493
malware_none_Htbot.pcap	tcp_287,6,0,,0,0,0.99931204
malware_none_Htbot.pcap	udp_356,6,0,,0,0,0.9983253
malware_none_Htbot.pcap	tcp_289,6,0,,0,0,0.99945635
malware_none_Htbot.pcap	tcp_1683,6,0,,0,0,0.9994235
malware_none_Htbot.pcap	udp_460,6,0,,0,0,0.99860847
malware_none_Htbot.pcap	tcp_292,6,0,,0,0,0.99700695
malware_none_Htbot.pcap	tcp_1061,6,0,,0,0,0.99953556
malware_none_Htbot.pcap	tcp_1487,6,0,,0,0,0.9992538
malware_none_Htbot.pcap	tcp_938,6,0,,0,0,0.999094
malware_none_Htbot.pcap	tcp_296,6,0,,0,0,0.9995208
malware_none_Htbot.pcap	tcp_1864,6,0,,0,0,0.9994308
malware_none_Htbot.pcap	udp_149,6,0,,0,0,0.9880386
malware_none_Htbot.pcap	tcp_1501,6,0,,0,0,0.9992598
malware_none_Htbot.pcap	tcp_1711,6,0,,0,0,0.9959632
malware_none_Htbot.pcap	tcp_934,6,0,,0,0,0.98310906
malware_none_Htbot.pcap	udp_573,6,0,,0,0,0.9983706
malware_none_Htbot.pcap	tcp_1825,6,0,,0,0,0.999038
malware_none_Htbot.pcap	tcp_1935,6,0,,0,0,0.9997056
malware_none_Htbot.pcap	tcp_666,6,0,,0,0,0.9995365
malware_none_Htbot.pcap	udp_436,6,0,,0,0,0.9971834
malware_none_Htbot.pcap	tcp_1977,6,0,,0,0,0.9995206
malware_none_Htbot.pcap	udp_153,6,0,,0,0,0.9919624
malware_none_Htbot.pcap	tcp_307,6,0,,0,0,0.9996319
malware_none_Htbot.pcap	tcp_308,6,0,,0,0,0.99859923
malware_none_Htbot.pcap	udp_155,6,0,,0,0,0.9989988
malware_none_Htbot.pcap	tcp_1684,6,0,,0,0,0.9995127
malware_none_Htbot.pcap	tcp_310,6,0,,0,0,0.9995691
malware_none_Htbot.pcap	tcp_1878,6,0,,0,0,0.9993838
malware_none_Htbot.pcap	udp_360,6,0,,0,0,0.9995104
malware_none_Htbot.pcap	tcp_968,6,0,,0,0,0.9993605
malware_none_Htbot.pcap	tcp_1633,6,0,,0,0,0.9992638
malware_none_Htbot.pcap	udp_341,6,0,,0,0,0.9993247
malware_none_Htbot.pcap	udp_679,6,0,,0,0,0.99940574
malware_none_Htbot.pcap	tcp_1156,6,0,,0,0,0.9987901
malware_none_Htbot.pcap	udp_159,6,0,,0,0,0.9738255
malware_none_Htbot.pcap	tcp_317,6,0,,0,0,0.9990483
malware_none_Htbot.pcap	tcp_1160,6,0,,0,0,0.99917454
malware_none_Htbot.pcap	udp_160,6,0,,0,0,0.99470913
malware_none_Htbot.pcap	tcp_1803,6,0,,0,0,0.99917305
malware_none_Htbot.pcap	tcp_1846,6,0,,0,0,0.99938565
malware_none_Htbot.pcap	tcp_1242,6,0,,0,0,0.99925476
malware_none_Htbot.pcap	udp_162,6,0,,0,0,0.9111687
malware_none_Htbot.pcap	tcp_323,6,0,,0,0,0.9995728
malware_none_Htbot.pcap	tcp_1169,6,0,,0,0,0.9995383
malware_none_Htbot.pcap	udp_449,6,0,,0,0,0.998107
malware_none_Htbot.pcap	tcp_1673,6,0,,0,0,0.9994507
malware_none_Htbot.pcap	tcp_1216,6,0,,0,0,0.99963385
malware_none_Htbot.pcap	udp_914,6,0,,0,0,0.9994229
malware_none_Htbot.pcap	tcp_1706,6,0,,0,0,0.99900824
malware_none_Htbot.pcap	tcp_1381,6,0,,0,0,0.99851537
malware_none_Htbot.pcap	tcp_792,6,0,,0,0,0.9993186
malware_none_Htbot.pcap	udp_503,6,0,,0,0,0.99915016
malware_none_Htbot.pcap	tcp_1821,6,0,,0,0,0.9995834
malware_none_Htbot.pcap	udp_166,6,0,,0,0,0.9991056
malware_none_Htbot.pcap	udp_942,6,0,,0,0,0.99949694
malware_none_Htbot.pcap	udp_167,6,0,,0,0,0.9987721
malware_none_Htbot.pcap	tcp_335,6,0,,0,0,0.99473405
malware_none_Htbot.pcap	udp_924,6,0,,0,0,0.99861723
malware_none_Htbot.pcap	udp_738,6,0,,0,0,0.9986616
malware_none_Htbot.pcap	tcp_1040,6,0,,0,0,0.99965984
malware_none_Htbot.pcap	tcp_1776,6,0,,0,0,0.9996673
malware_none_Htbot.pcap	tcp_340,6,0,,0,0,0.9996553
malware_none_Htbot.pcap	udp_530,6,0,,0,0,0.99887174
malware_none_Htbot.pcap	udp_624,6,0,,0,0,0.99938345
malware_none_Htbot.pcap	udp_517,6,0,,0,0,0.9988305
malware_none_Htbot.pcap	udp_860,6,0,,0,0,0.99904495
malware_none_Htbot.pcap	tcp_1465,6,0,,0,0,0.9989844
malware_none_Htbot.pcap	tcp_1203,6,0,,0,0,0.99958783
malware_none_Htbot.pcap	udp_172,6,0,,0,0,0.9974376
malware_none_Htbot.pcap	tcp_1893,6,0,,0,0,0.99698704
malware_none_Htbot.pcap	tcp_1398,6,0,,0,0,0.9996196
malware_none_Htbot.pcap	tcp_349,6,0,,0,0,0.9215257
malware_none_Htbot.pcap	udp_598,6,0,,0,0,0.9991476
malware_none_Htbot.pcap	udp_780,6,0,,0,0,0.9994696
malware_none_Htbot.pcap	tcp_352,6,0,,0,0,0.9994381
malware_none_Htbot.pcap	tcp_1325,6,0,,0,0,0.9966445
malware_none_Htbot.pcap	udp_345,6,0,,0,0,0.99845254
malware_none_Htbot.pcap	tcp_1130,6,0,,0,0,0.99934274
malware_none_Htbot.pcap	tcp_853,6,0,,0,0,0.9981687
malware_none_Htbot.pcap	tcp_356,6,0,,0,0,0.99941397
malware_none_Htbot.pcap	tcp_1881,6,0,,0,0,0.9990526
malware_none_Htbot.pcap	tcp_1186,6,0,,0,0,0.99925965
malware_none_Htbot.pcap	tcp_359,6,0,,0,0,0.9996118
malware_none_Htbot.pcap	tcp_1132,6,0,,0,0,0.9989213
malware_none_Htbot.pcap	udp_179,6,0,,0,0,0.99885565
malware_none_Htbot.pcap	udp_694,6,0,,0,0,0.9994084
malware_none_Htbot.pcap	udp_180,6,0,,0,0,0.9993976
malware_none_Htbot.pcap	tcp_362,6,0,,0,0,0.9993081
malware_none_Htbot.pcap	tcp_1868,6,0,,0,0,0.9957125
malware_none_Htbot.pcap	tcp_1702,6,0,,0,0,0.9993019
malware_none_Htbot.pcap	tcp_1498,6,0,,0,0,0.99861467
malware_none_Htbot.pcap	tcp_1364,6,0,,0,0,0.9980627
malware_none_Htbot.pcap	tcp_1438,6,0,,0,0,0.9951066
malware_none_Htbot.pcap	tcp_368,6,0,,0,0,0.9980797
malware_none_Htbot.pcap	tcp_369,6,0,,0,0,0.9931359
malware_none_Htbot.pcap	udp_183,6,0,,0,0,0.99441165
malware_none_Htbot.pcap	tcp_370,6,0,,0,0,0.9936177
malware_none_Htbot.pcap	tcp_1944,6,0,,0,0,0.9985587
malware_none_Htbot.pcap	tcp_1750,6,0,,0,0,0.9989654
malware_none_Htbot.pcap	tcp_1837,6,0,,0,0,0.9985766
malware_none_Htbot.pcap	udp_392,6,0,,0,0,0.9990279
malware_none_Htbot.pcap	udp_600,6,0,,0,0,0.9995593
malware_none_Htbot.pcap	udp_786,6,0,,0,0,0.99953216
malware_none_Htbot.pcap	udp_861,6,0,,0,0,0.9947556
malware_none_Htbot.pcap	tcp_1217,6,0,,0,0,0.99944896
malware_none_Htbot.pcap	tcp_964,6,0,,0,0,0.9997625
malware_none_Htbot.pcap	udp_894,6,0,,0,0,0.99869376
malware_none_Htbot.pcap	tcp_1233,6,0,,0,0,0.9987363
malware_none_Htbot.pcap	udp_189,6,0,,0,0,0.9994483
malware_none_Htbot.pcap	udp_343,6,0,,0,0,0.99952435
malware_none_Htbot.pcap	tcp_1605,6,0,,0,0,0.99942243
malware_none_Htbot.pcap	udp_852,6,0,,0,0,0.99950206
malware_none_Htbot.pcap	tcp_852,6,0,,0,0,0.99315614
malware_none_Htbot.pcap	udp_191,6,0,,0,0,0.9979365
malware_none_Htbot.pcap	udp_849,6,0,,0,0,0.99898964
malware_none_Htbot.pcap	tcp_864,6,0,,0,0,0.9991316
malware_none_Htbot.pcap	tcp_385,6,0,,0,0,0.9983132
malware_none_Htbot.pcap	tcp_705,6,0,,0,0,0.9984686
malware_none_Htbot.pcap	udp_572,6,0,,0,0,0.99864364
malware_none_Htbot.pcap	tcp_1454,6,0,,0,0,0.9995299
malware_none_Htbot.pcap	udp_194,6,0,,0,0,0.9994149
malware_none_Htbot.pcap	tcp_1756,6,0,,0,0,0.99724424
malware_none_Htbot.pcap	tcp_1915,6,0,,0,0,0.99967825
malware_none_Htbot.pcap	udp_545,6,0,,0,0,0.9995848
malware_none_Htbot.pcap	tcp_1153,6,0,,0,0,0.9997347
malware_none_Htbot.pcap	tcp_714,6,0,,0,0,0.9976842
malware_none_Htbot.pcap	tcp_1601,6,0,,0,0,0.99869436
malware_none_Htbot.pcap	tcp_1064,6,0,,0,0,0.99779344
malware_none_Htbot.pcap	tcp_1423,6,0,,0,0,0.99960107
malware_none_Htbot.pcap	udp_892,6,0,,0,0,0.9004387
malware_none_Htbot.pcap	tcp_1593,6,0,,0,0,0.9992543
malware_none_Htbot.pcap	tcp_399,6,0,,0,0,0.9995189
malware_none_Htbot.pcap	udp_199,6,0,,0,0,0.9994018
malware_none_Htbot.pcap	udp_398,6,0,,0,0,0.9990429
malware_none_Htbot.pcap	tcp_972,6,0,,0,0,0.9996066
malware_none_Htbot.pcap	tcp_1236,6,0,,0,0,0.99864906
malware_none_Htbot.pcap	tcp_1427,6,0,,0,0,0.9930281
malware_none_Htbot.pcap	tcp_848,6,0,,0,0,0.99741787
malware_none_Htbot.pcap	tcp_405,6,0,,0,0,0.99533856
malware_none_Htbot.pcap	tcp_1387,6,0,,0,0,0.99951005
malware_none_Htbot.pcap	tcp_710,6,0,,0,0,0.9991584
malware_none_Htbot.pcap	udp_928,6,0,,0,0,0.9984211
malware_none_Htbot.pcap	udp_406,6,0,,0,0,0.9989543
malware_none_Htbot.pcap	tcp_1932,6,0,,0,0,0.99923754
malware_none_Htbot.pcap	tcp_410,6,0,,0,0,0.9864554
malware_none_Htbot.pcap	tcp_411,6,0,,0,0,0.9995419
malware_none_Htbot.pcap	tcp_1981,6,0,,0,0,0.9996887
malware_none_Htbot.pcap	tcp_413,6,0,,0,0,0.9994703
malware_none_Htbot.pcap	tcp_833,6,0,,0,0,0.99875355
malware_none_Htbot.pcap	tcp_875,6,0,,0,0,0.99953806
malware_none_Htbot.pcap	tcp_918,6,0,,0,0,0.9989633
malware_none_Htbot.pcap	tcp_1121,6,0,,0,0,0.99969566
malware_none_Htbot.pcap	udp_771,6,0,,0,0,0.9996402
malware_none_Htbot.pcap	tcp_1477,6,0,,0,0,0.9998097
malware_none_Htbot.pcap	tcp_418,6,0,,0,0,0.9997664
malware_none_Htbot.pcap	tcp_419,6,0,,0,0,0.9997501
malware_none_Htbot.pcap	tcp_1488,6,0,,0,0,0.9994477
malware_none_Htbot.pcap	tcp_420,6,0,,0,0,0.99520934
malware_none_Htbot.pcap	udp_562,6,0,,0,0,0.9882888
malware_none_Htbot.pcap	tcp_1361,6,0,,0,0,0.99841535
malware_none_Htbot.pcap	tcp_423,6,0,,0,0,0.99724114
malware_none_Htbot.pcap	tcp_1877,6,0,,0,0,0.9994392
malware_none_Htbot.pcap	tcp_424,6,0,,0,0,0.9878896
malware_none_Htbot.pcap	tcp_1252,6,0,,0,0,0.9993031
malware_none_Htbot.pcap	tcp_427,6,0,,0,0,0.9924704
malware_none_Htbot.pcap	tcp_1422,6,0,,0,0,0.99449414
malware_none_Htbot.pcap	udp_212,6,0,,0,0,0.99925005
malware_none_Htbot.pcap	udp_868,6,0,,0,0,0.9828483
malware_none_Htbot.pcap	tcp_1460,6,0,,0,0,0.999474
malware_none_Htbot.pcap	udp_751,6,0,,0,0,0.9983986
malware_none_Htbot.pcap	udp_475,6,0,,0,0,0.99414694
malware_none_Htbot.pcap	tcp_1123,6,0,,0,0,0.99973327
malware_none_Htbot.pcap	udp_528,6,0,,0,0,0.9978904
malware_none_Htbot.pcap	tcp_433,6,0,,0,0,0.9997402
malware_none_Htbot.pcap	tcp_1150,6,0,,0,0,0.9996231
malware_none_Htbot.pcap	tcp_675,6,0,,0,0,0.9990464
malware_none_Htbot.pcap	udp_216,6,0,,0,0,0.99834
malware_none_Htbot.pcap	tcp_1631,6,0,,0,0,0.9993384
malware_none_Htbot.pcap	udp_542,6,0,,0,0,0.9991679
malware_none_Htbot.pcap	tcp_825,6,0,,0,0,0.998823
malware_none_Htbot.pcap	tcp_1280,6,0,,0,0,0.99764466
malware_none_Htbot.pcap	tcp_1543,6,0,,0,0,0.9985697
malware_none_Htbot.pcap	tcp_1578,6,0,,0,0,0.99942887
malware_none_Htbot.pcap	tcp_1527,6,0,,0,0,0.99918574
malware_none_Htbot.pcap	tcp_771,6,0,,0,0,0.99943656
malware_none_Htbot.pcap	tcp_1219,6,0,,0,0,0.9994229
malware_none_Htbot.pcap	tcp_850,6,0,,0,0,0.962908
malware_none_Htbot.pcap	udp_753,6,0,,0,0,0.9990086
malware_none_Htbot.pcap	tcp_1277,6,0,,0,0,0.9986771
malware_none_Htbot.pcap	udp_522,6,0,,0,0,0.9971339
malware_none_Htbot.pcap	tcp_1737,6,0,,0,0,0.98915595
malware_none_Htbot.pcap	udp_846,6,0,,0,0,0.99627686
malware_none_Htbot.pcap	tcp_1289,6,0,,0,0,0.99904686
malware_none_Htbot.pcap	tcp_1919,6,0,,0,0,0.9914659
malware_none_Htbot.pcap	tcp_720,6,0,,0,0,0.9988492
malware_none_Htbot.pcap	tcp_1433,6,0,,0,0,0.9989363
malware_none_Htbot.pcap	tcp_452,6,0,,0,0,0.9993387
malware_none_Htbot.pcap	udp_223,6,0,,0,0,0.999038
malware_none_Htbot.pcap	tcp_735,6,0,,0,0,0.9996006
malware_none_Htbot.pcap	tcp_921,6,0,,0,0,0.9995765
malware_none_Htbot.pcap	tcp_454,6,0,,0,0,0.9931531
malware_none_Htbot.pcap	tcp_924,6,0,,0,0,0.9995994
malware_none_Htbot.pcap	udp_524,6,0,,0,0,0.99921584
malware_none_Htbot.pcap	tcp_891,6,0,,0,0,0.9997488
malware_none_Htbot.pcap	udp_556,6,0,,0,0,0.99918437
malware_none_Htbot.pcap	udp_695,6,0,,0,0,0.99919206
malware_none_Htbot.pcap	udp_226,6,0,,0,0,0.99870515
malware_none_Htbot.pcap	tcp_459,6,0,,0,0,0.99973905
malware_none_Htbot.pcap	tcp_1390,6,0,,0,0,0.99941874
malware_none_Htbot.pcap	tcp_460,6,0,,0,0,0.9993977
malware_none_Htbot.pcap	tcp_1585,6,0,,0,0,0.99818426
malware_none_Htbot.pcap	udp_796,6,0,,0,0,0.9881651
malware_none_Htbot.pcap	udp_596,6,0,,0,0,0.9987703
malware_none_Htbot.pcap	tcp_737,6,0,,0,0,0.999302
malware_none_Htbot.pcap	tcp_709,6,0,,0,0,0.9974406
malware_none_Htbot.pcap	udp_346,6,0,,0,0,0.9931298
malware_none_Htbot.pcap	udp_638,6,0,,0,0,0.9966319
malware_none_Htbot.pcap	tcp_1276,6,0,,0,0,0.9982501
malware_none_Htbot.pcap	udp_410,6,0,,0,0,0.99745965
malware_none_Htbot.pcap	tcp_1389,6,0,,0,0,0.9996853
malware_none_Htbot.pcap	udp_885,6,0,,0,0,0.6549364
malware_none_Htbot.pcap	tcp_842,6,0,,0,0,0.9986253
malware_none_Htbot.pcap	tcp_1552,6,0,,0,0,0.99884075
malware_none_Htbot.pcap	tcp_979,6,0,,0,0,0.9988299
malware_none_Htbot.pcap	udp_233,6,0,,0,0,0.9929847
malware_none_Htbot.pcap	tcp_472,6,0,,0,0,0.9991083
malware_none_Htbot.pcap	tcp_1765,6,0,,0,0,0.99812406
malware_none_Htbot.pcap	tcp_474,6,0,,0,0,0.99958664
malware_none_Htbot.pcap	udp_660,6,0,,0,0,0.99858487
malware_none_Htbot.pcap	tcp_475,6,0,,0,0,0.99927264
malware_none_Htbot.pcap	udp_822,6,0,,0,0,0.97250223
malware_none_Htbot.pcap	tcp_900,6,0,,0,0,0.9996997
malware_none_Htbot.pcap	udp_952,6,0,,0,0,0.9993344
malware_none_Htbot.pcap	tcp_476,6,0,,0,0,0.9996611
malware_none_Htbot.pcap	tcp_1185,6,0,,0,0,0.9995323
malware_none_Htbot.pcap	udp_238,6,0,,0,0,0.99856085
malware_none_Htbot.pcap	tcp_1956,6,0,,0,0,0.99759334
malware_none_Htbot.pcap	udp_239,6,0,,0,0,0.9925063
malware_none_Htbot.pcap	udp_613,6,0,,0,0,0.99321204
malware_none_Htbot.pcap	udp_560,6,0,,0,0,0.99401903
malware_none_Htbot.pcap	udp_618,6,0,,0,0,0.998617
malware_none_Htbot.pcap	tcp_835,6,0,,0,0,0.9996276
malware_none_Htbot.pcap	udp_626,6,0,,0,0,0.9989779
malware_none_Htbot.pcap	udp_241,6,0,,0,0,0.92935425
malware_none_Htbot.pcap	udp_704,6,0,,0,0,0.9994223
malware_none_Htbot.pcap	udp_977,6,0,,0,0,0.9906059
malware_none_Htbot.pcap	tcp_487,6,0,,0,0,0.9986539
malware_none_Htbot.pcap	tcp_1002,6,0,,0,0,0.9994367
malware_none_Htbot.pcap	udp_243,6,0,,0,0,0.9969963
malware_none_Htbot.pcap	tcp_805,6,0,,0,0,0.9996828
malware_none_Htbot.pcap	tcp_1309,6,0,,0,0,0.99945587
malware_none_Htbot.pcap	udp_830,6,0,,0,0,0.99904066
malware_none_Htbot.pcap	tcp_1835,6,0,,0,0,0.99914056
malware_none_Htbot.pcap	tcp_492,6,0,,0,0,0.9995952
malware_none_Htbot.pcap	tcp_493,6,0,,0,0,0.99956954
malware_none_Htbot.pcap	tcp_1619,6,0,,0,0,0.9984872
malware_none_Htbot.pcap	udp_335,6,0,,0,0,0.99954826
malware_none_Htbot.pcap	udp_706,6,0,,0,0,0.9989721
malware_none_Htbot.pcap	tcp_1432,6,0,,0,0,0.9995476
malware_none_Htbot.pcap	udp_875,6,0,,0,0,0.99730575
malware_none_Htbot.pcap	tcp_1689,6,0,,0,0,0.99970865
malware_none_Htbot.pcap	udp_479,6,0,,0,0,0.9993142
malware_none_Htbot.pcap	tcp_502,6,0,,0,0,0.99969506
malware_none_Htbot.pcap	tcp_1812,6,0,,0,0,0.9993518
malware_none_Htbot.pcap	tcp_868,6,0,,0,0,0.9997756
malware_none_Htbot.pcap	tcp_1623,6,0,,0,0,0.9971442
malware_none_Htbot.pcap	udp_710,6,0,,0,0,0.999067
malware_none_Htbot.pcap	tcp_1226,6,0,,0,0,0.999716
malware_none_Htbot.pcap	udp_799,6,0,,0,0,0.9990089
malware_none_Htbot.pcap	tcp_1357,6,0,,0,0,0.9973604
malware_none_Htbot.pcap	udp_938,6,0,,0,0,0.99968684
malware_none_Htbot.pcap	tcp_1388,6,0,,0,0,0.9990031
malware_none_Htbot.pcap	udp_338,6,0,,0,0,0.9990974
malware_none_Htbot.pcap	udp_949,6,0,,0,0,0.9990651
malware_none_Htbot.pcap	udp_728,6,0,,0,0,0.9990674
malware_none_Htbot.pcap	tcp_513,6,0,,0,0,0.99770904
malware_none_Htbot.pcap	udp_255,6,0,,0,0,0.9986444
malware_none_Htbot.pcap	tcp_1197,6,0,,0,0,0.9990295
malware_none_Htbot.pcap	udp_404,6,1,Cc_5;Bb_7,0,0,0.9050694
malware_none_Htbot.pcap	udp_443,6,0,,0,0,0.99913055
malware_none_Htbot.pcap	udp_256,6,0,,0,0,0.99301296
malware_none_Htbot.pcap	tcp_517,6,0,,0,0,0.99126434
malware_none_Htbot.pcap	tcp_1453,6,0,,0,0,0.9994973
malware_none_Htbot.pcap	tcp_519,6,0,,0,0,0.99956375
malware_none_Htbot.pcap	tcp_520,6,0,,0,0,0.9995371
malware_none_Htbot.pcap	tcp_521,6,0,,0,0,0.9991924
malware_none_Htbot.pcap	tcp_819,6,0,,0,0,0.99968386
malware_none_Htbot.pcap	tcp_1964,6,0,,0,0,0.99917066
malware_none_Htbot.pcap	tcp_524,6,0,,0,0,0.99967945
malware_none_Htbot.pcap	udp_807,6,0,,0,0,0.9985197
malware_none_Htbot.pcap	tcp_1234,6,0,,0,0,0.99915224
malware_none_Htbot.pcap	tcp_1157,6,0,,0,0,0.9987527
malware_none_Htbot.pcap	udp_262,6,0,,0,0,0.96394503
malware_none_Htbot.pcap	udp_886,6,0,,0,0,0.999426
malware_none_Htbot.pcap	udp_263,6,0,,0,0,0.95715094
malware_none_Htbot.pcap	udp_804,6,0,,0,0,0.9986889
malware_none_Htbot.pcap	tcp_529,6,0,,0,0,0.9997507
malware_none_Htbot.pcap	tcp_1544,6,0,,0,0,0.99977565
malware_none_Htbot.pcap	tcp_530,6,0,,0,0,0.99409175
malware_none_Htbot.pcap	tcp_885,6,0,,0,0,0.99975824
malware_none_Htbot.pcap	tcp_533,6,0,,0,0,0.9996867
malware_none_Htbot.pcap	tcp_534,6,0,,0,0,0.99831927
malware_none_Htbot.pcap	tcp_535,6,0,,0,0,0.9993888
malware_none_Htbot.pcap	udp_835,6,0,,0,0,0.99906045
malware_none_Htbot.pcap	udp_267,6,0,,0,0,0.99957204
malware_none_Htbot.pcap	udp_484,6,0,,0,0,0.99796015
malware_none_Htbot.pcap	tcp_914,6,0,,0,0,0.99848825
malware_none_Htbot.pcap	tcp_702,6,0,,0,0,0.9993112
malware_none_Htbot.pcap	udp_269,6,0,,0,0,0.9989919
malware_none_Htbot.pcap	tcp_1669,6,0,,0,0,0.9991087
malware_none_Htbot.pcap	tcp_919,6,0,,0,0,0.9997332
malware_none_Htbot.pcap	tcp_1537,6,0,,0,0,0.99893266
malware_none_Htbot.pcap	udp_687,6,0,,0,0,0.9982101
malware_none_Htbot.pcap	tcp_542,6,0,,0,0,0.99864054
malware_none_Htbot.pcap	tcp_1716,6,0,,0,0,0.9992685
malware_none_Htbot.pcap	tcp_1677,6,0,,0,0,0.9992782
malware_none_Htbot.pcap	tcp_545,6,0,,0,0,0.9981651
malware_none_Htbot.pcap	tcp_1470,6,0,,0,0,0.9997449
malware_none_Htbot.pcap	tcp_548,6,0,,0,0,0.9984774
malware_none_Htbot.pcap	tcp_1421,6,0,,0,0,0.9994784
malware_none_Htbot.pcap	udp_617,6,0,,0,0,0.9996935
malware_none_Htbot.pcap	tcp_1177,6,0,,0,0,0.99894196
malware_none_Htbot.pcap	tcp_1858,6,0,,0,0,0.999101
malware_none_Htbot.pcap	tcp_1777,6,0,,0,0,0.9990976
malware_none_Htbot.pcap	tcp_553,6,0,,0,0,0.9995678
malware_none_Htbot.pcap	tcp_554,6,0,,0,0,0.99971884
malware_none_Htbot.pcap	tcp_1336,6,0,,0,0,0.9990379
malware_none_Htbot.pcap	udp_387,6,0,,0,0,0.998901
malware_none_Htbot.pcap	udp_591,6,0,,0,0,0.9987212
malware_none_Htbot.pcap	udp_682,6,0,,0,0,0.99726295
malware_none_Htbot.pcap	tcp_1017,6,0,,0,0,0.9993004
malware_none_Htbot.pcap	udp_769,6,0,,0,0,0.997212
malware_none_Htbot.pcap	tcp_559,6,0,,0,0,0.99963945
malware_none_Htbot.pcap	tcp_1346,6,0,,0,0,0.99870306
malware_none_Htbot.pcap	udp_280,6,0,,0,0,0.99909246
malware_none_Htbot.pcap	udp_353,6,1,Cc_5;Bb_7,0,0,0.9844579
malware_none_Htbot.pcap	tcp_1874,6,0,,0,0,0.9994003
malware_none_Htbot.pcap	udp_281,6,0,,0,0,0.9990656
malware_none_Htbot.pcap	tcp_1701,6,0,,0,0,0.99552876
malware_none_Htbot.pcap	udp_282,6,0,,0,0,0.999438
malware_none_Htbot.pcap	udp_722,6,0,,0,0,0.99887055
malware_none_Htbot.pcap	tcp_1798,6,0,,0,0,0.9997674
malware_none_Htbot.pcap	tcp_1870,6,0,,0,0,0.99894804
malware_none_Htbot.pcap	tcp_1439,6,0,,0,0,0.9992847
malware_none_Htbot.pcap	udp_582,6,0,,0,0,0.9985964
malware_none_Htbot.pcap	tcp_1230,6,0,,0,0,0.99932694
malware_none_Htbot.pcap	tcp_570,6,0,,0,0,0.9994696
malware_none_Htbot.pcap	tcp_1102,6,0,,0,0,0.99912614
malware_none_Htbot.pcap	tcp_1553,6,0,,0,0,0.998787
malware_none_Htbot.pcap	udp_916,6,0,,0,0,0.999159
malware_none_Htbot.pcap	udp_827,6,0,,0,0,0.99946517
malware_none_Htbot.pcap	tcp_946,6,0,,0,0,0.9996243
malware_none_Htbot.pcap	tcp_1502,6,0,,0,0,0.9995117
malware_none_Htbot.pcap	tcp_576,6,0,,0,0,0.99551547
malware_none_Htbot.pcap	tcp_1016,6,0,,0,0,0.9995128
malware_none_Htbot.pcap	tcp_579,6,0,,0,0,0.9989497
malware_none_Htbot.pcap	udp_289,6,0,,0,0,0.9992738
malware_none_Htbot.pcap	tcp_1134,6,0,,0,0,0.99936664
malware_none_Htbot.pcap	udp_290,6,0,,0,0,0.9990742
malware_none_Htbot.pcap	tcp_815,6,0,,0,0,0.9993908
malware_none_Htbot.pcap	udp_941,6,1,Cc_5;Bb_7,0,0,0.9920988
malware_none_Htbot.pcap	udp_608,6,0,,0,0,0.9946015
malware_none_Htbot.pcap	tcp_670,6,0,,0,0,0.9994393
malware_none_Htbot.pcap	udp_592,6,0,,0,0,0.9992878
malware_none_Htbot.pcap	tcp_1412,6,0,,0,0,0.9992754
malware_none_Htbot.pcap	tcp_1464,6,0,,0,0,0.9993392
malware_none_Htbot.pcap	udp_637,6,0,,0,0,0.9969511
malware_none_Htbot.pcap	tcp_1266,6,0,,0,0,0.99973553
malware_none_Htbot.pcap	udp_922,6,0,,0,0,0.9993945
malware_none_Htbot.pcap	tcp_1148,6,0,,0,0,0.9988399
malware_none_Htbot.pcap	udp_295,6,0,,0,0,0.41204756
malware_none_Htbot.pcap	tcp_1223,6,0,,0,0,0.99813294
malware_none_Htbot.pcap	tcp_592,6,0,,0,0,0.9991918
malware_none_Htbot.pcap	udp_888,6,0,,0,0,0.9990858
malware_none_Htbot.pcap	udp_708,6,0,,0,0,0.99680614
malware_none_Htbot.pcap	tcp_1221,6,0,,0,0,0.9994343
malware_none_Htbot.pcap	tcp_791,6,0,,0,0,0.99728644
malware_none_Htbot.pcap	udp_851,6,0,,0,0,0.99947494
malware_none_Htbot.pcap	tcp_1974,6,0,,0,0,0.99916685
malware_none_Htbot.pcap	tcp_1976,6,0,,0,0,0.99959785
malware_none_Htbot.pcap	udp_298,6,0,,0,0,0.99703884
malware_none_Htbot.pcap	udp_552,6,0,,0,0,0.9980994
malware_none_Htbot.pcap	udp_585,6,0,,0,0,0.9995034
malware_none_Htbot.pcap	tcp_1494,6,0,,0,0,0.99965113
malware_none_Htbot.pcap	tcp_602,6,0,,0,0,0.9991078
malware_none_Htbot.pcap	tcp_603,6,0,,0,0,0.99925566
malware_none_Htbot.pcap	tcp_730,6,0,,0,0,0.99861425
malware_none_Htbot.pcap	tcp_1036,6,0,,0,0,0.99955887
malware_none_Htbot.pcap	tcp_1188,6,0,,0,0,0.99865884
malware_none_Htbot.pcap	tcp_1077,6,0,,0,0,0.99949425
malware_none_Htbot.pcap	udp_652,6,0,,0,0,0.9988605
malware_none_Htbot.pcap	tcp_1809,6,0,,0,0,0.9993761
malware_none_Htbot.pcap	tcp_1109,6,0,,0,0,0.9964338
malware_none_Htbot.pcap	tcp_755,6,0,,0,0,0.9983917
malware_none_Htbot.pcap	tcp_1842,6,0,,0,0,0.99972963
malware_none_Htbot.pcap	tcp_611,6,0,,0,0,0.99972963
malware_none_Htbot.pcap	udp_412,6,0,,0,0,0.9988483
malware_none_Htbot.pcap	tcp_1973,6,0,,0,0,0.99965125
malware_none_Htbot.pcap	tcp_1857,6,0,,0,0,0.9992583
malware_none_Htbot.pcap	tcp_614,6,0,,0,0,0.99973285
malware_none_Htbot.pcap	tcp_615,6,0,,0,0,0.99881774
malware_none_Htbot.pcap	udp_307,6,0,,0,0,0.9544641
malware_none_Htbot.pcap	udp_422,6,0,,0,0,0.99952555
malware_none_Htbot.pcap	tcp_618,6,0,,0,0,0.99916375
malware_none_Htbot.pcap	udp_308,6,0,,0,0,0.99337727
malware_none_Htbot.pcap	tcp_619,6,0,,0,0,0.9986607
malware_none_Htbot.pcap	tcp_620,6,0,,0,0,0.99939674
malware_none_Htbot.pcap	tcp_1307,6,0,,0,0,0.9993842
malware_none_Htbot.pcap	tcp_1966,6,0,,0,0,0.9993129
malware_none_Htbot.pcap	udp_310,6,0,,0,0,0.9975817
malware_none_Htbot.pcap	tcp_623,6,0,,0,0,0.9979557
malware_none_Htbot.pcap	tcp_1594,6,0,,0,0,0.9994184
malware_none_Htbot.pcap	tcp_1354,6,0,,0,0,0.9946111
malware_none_Htbot.pcap	tcp_1926,6,0,,0,0,0.9996267
malware_none_Htbot.pcap	tcp_627,6,0,,0,0,0.9995432
malware_none_Htbot.pcap	tcp_1058,6,0,,0,0,0.9989921
malware_none_Htbot.pcap	tcp_628,6,0,,0,0,0.71897995
malware_none_Htbot.pcap	tcp_948,6,0,,0,0,0.9996029
malware_none_Htbot.pcap	tcp_629,6,0,,0,0,0.9566132
malware_none_Htbot.pcap	udp_403,6,0,,0,0,0.9939952
malware_none_Htbot.pcap	tcp_631,6,0,,0,0,0.9996063
malware_none_Htbot.pcap	tcp_1199,6,0,,0,0,0.9993175
malware_none_Htbot.pcap	udp_316,6,0,,0,0,0.9996934
malware_none_Htbot.pcap	udp_317,6,0,,0,0,0.9991467
malware_none_Htbot.pcap	udp_571,6,0,,0,0,0.9994253
malware_none_Htbot.pcap	tcp_638,6,0,,0,0,0.9990246
malware_none_Htbot.pcap	udp_836,6,0,,0,0,0.99843144
malware_none_Htbot.pcap	tcp_1452,6,0,,0,0,0.99910486
malware_none_Htbot.pcap	udp_933,6,0,,0,0,0.9986316
malware_none_Htbot.pcap	tcp_678,6,0,,0,0,0.9994868
malware_none_Htbot.pcap	tcp_1054,6,0,,0,0,0.9995208
malware_none_Htbot.pcap	tcp_907,6,0,,0,0,0.99856967
malware_none_Htbot.pcap	tcp_1778,6,0,,0,0,0.99754035
malware_none_Htbot.pcap	tcp_824,6,0,,0,0,0.9993447
malware_none_Htbot.pcap	tcp_896,6,0,,0,0,0.9995727
malware_none_Htbot.pcap	udp_669,6,0,,0,0,0.99911314
malware_none_Htbot.pcap	tcp_1942,6,0,,0,0,0.9992155
malware_none_Htbot.pcap	tcp_1705,6,0,,0,0,0.9993832
malware_none_Htbot.pcap	tcp_1739,6,0,,0,0,0.99922466
malware_none_Htbot.pcap	tcp_957,6,0,,0,0,0.9992585
malware_none_Htbot.pcap	udp_957,6,0,,0,0,0.9992041
malware_none_Htbot.pcap	tcp_650,6,0,,0,0,0.999268
malware_none_Htbot.pcap	udp_327,6,0,,0,0,0.9991497
malware_none_Htbot.pcap	udp_610,6,1,Cc_5;Bb_7,0,0,0.9892934
malware_none_Htbot.pcap	udp_543,6,0,,0,0,0.9996209
malware_none_Htbot.pcap	tcp_1399,6,0,,0,0,0.99917513
malware_none_Htbot.pcap	tcp_653,6,0,,0,0,0.99343866
malware_none_Htbot.pcap	udp_438,6,0,,0,0,0.99374557
malware_none_Htbot.pcap	tcp_656,6,0,,0,0,0.9995378
malware_none_Htbot.pcap	udp_457,6,0,,0,0,0.9957019
malware_none_Htbot.pcap	udp_330,6,0,,0,0,0.9951393
malware_none_Htbot.pcap	tcp_1691,6,0,,0,0,0.99966383
malware_none_Htbot.pcap	tcp_660,6,0,,0,0,0.99926895
malware_none_Htbot.pcap	udp_332,6,0,,0,0,0.8513164
malware_none_Htbot.pcap	tcp_1395,6,0,,0,0,0.99921596
malware_none_Htbot.pcap	tcp_662,6,0,,0,0,0.9990461
malware_none_Htbot.pcap	tcp_1068,6,0,,0,0,0.9992495
malware_none_Htbot.pcap	tcp_1373,6,0,,0,0,0.9958644
malware_none_Geodo.pcap	tcp_1850,4,0,,0,0,0.72535163
malware_none_Geodo.pcap	udp_1,4,1,Cc_5;Bb_7,0,1,0.030056946
malware_none_Geodo.pcap	udp_2,4,1,Cc_5;Bb_7,0,1,0.024691196
malware_none_Geodo.pcap	tcp_2045,4,0,,0,0,0.99890745
malware_none_Geodo.pcap	tcp_1,4,0,,0,0,0.9976176
malware_none_Geodo.pcap	tcp_1418,4,0,,0,0,0.9993786
malware_none_Geodo.pcap	tcp_2948,4,0,,0,0,0.99893135
malware_none_Geodo.pcap	tcp_2910,4,0,,0,0,0.95378315
malware_none_Geodo.pcap	tcp_1158,4,0,,0,0,0.9988575
malware_none_Geodo.pcap	tcp_2391,4,0,,0,0,0.99942243
malware_none_Geodo.pcap	tcp_5,4,0,,0,0,0.99758035
malware_none_Geodo.pcap	udp_8,4,1,Cd_2;Bb_7,0,0,0.1555919
malware_none_Geodo.pcap	udp_9,4,1,Cd_2;Bb_7,0,0,0.062036928
malware_none_Geodo.pcap	tcp_1046,4,0,,0,0,0.99889356
malware_none_Geodo.pcap	tcp_2706,4,0,,0,0,0.9989517
malware_none_Geodo.pcap	tcp_2969,4,0,,0,0,0.9986094
malware_none_Geodo.pcap	udp_11,4,1,Cd_2;Bb_7,0,0,0.074085064
malware_none_Geodo.pcap	tcp_1881,4,0,,0,0,0.9977903
malware_none_Geodo.pcap	tcp_2238,4,0,,0,0,0.9990435
malware_none_Geodo.pcap	tcp_1945,4,0,,0,0,0.10257837
malware_none_Geodo.pcap	tcp_11,4,0,,0,0,0.76293397
malware_none_Geodo.pcap	tcp_2717,4,0,,0,0,0.9993175
malware_none_Geodo.pcap	tcp_13,4,0,,0,0,0.7005441
malware_none_Geodo.pcap	tcp_1910,4,0,,0,0,0.99846303
malware_none_Geodo.pcap	tcp_1206,4,0,,0,0,0.9993331
malware_none_Geodo.pcap	tcp_2665,4,0,,0,0,0.99962175
malware_none_Geodo.pcap	tcp_2666,4,0,,0,0,0.99799573
malware_none_Geodo.pcap	tcp_2543,4,0,,0,0,0.79431325
malware_none_Geodo.pcap	tcp_2526,4,0,,0,0,0.9987202
malware_none_Geodo.pcap	tcp_23,4,0,,0,0,0.9957699
malware_none_Geodo.pcap	tcp_1992,4,0,,0,0,0.9996637
malware_none_Geodo.pcap	tcp_25,4,0,,0,0,0.99707556
malware_none_Geodo.pcap	tcp_2324,4,0,,0,0,0.9994504
malware_none_Geodo.pcap	tcp_1889,4,0,,0,0,0.9985368
malware_none_Geodo.pcap	tcp_2110,4,0,,0,0,0.9734575
malware_none_Geodo.pcap	tcp_2413,4,0,,0,0,0.9859844
malware_none_Geodo.pcap	tcp_1337,4,0,,0,0,0.9974421
malware_none_Geodo.pcap	tcp_1016,4,0,,0,0,0.9990038
malware_none_Geodo.pcap	tcp_2296,4,0,,0,0,0.9994151
malware_none_Geodo.pcap	tcp_34,4,0,,0,0,0.9984992
malware_none_Geodo.pcap	tcp_2089,4,0,,0,0,0.9988881
malware_none_Geodo.pcap	tcp_2853,4,0,,0,0,0.2243783
malware_none_Geodo.pcap	tcp_2869,4,0,,0,0,0.10183164
malware_none_Geodo.pcap	tcp_38,4,0,,0,0,0.9972909
malware_none_Geodo.pcap	tcp_2351,4,0,,0,0,0.99864334
malware_none_Geodo.pcap	tcp_1265,4,0,,0,0,0.99933726
malware_none_Geodo.pcap	tcp_2004,4,0,,0,0,0.95392287
malware_none_Geodo.pcap	tcp_2455,4,0,,0,0,0.91538095
malware_none_Geodo.pcap	tcp_1824,4,0,,0,0,0.13496388
malware_none_Geodo.pcap	tcp_2553,4,0,,0,0,0.99885285
malware_none_Geodo.pcap	tcp_2249,4,0,,0,0,0.9989171
malware_none_Geodo.pcap	tcp_52,4,0,,0,0,0.9960706
malware_none_Geodo.pcap	tcp_54,4,0,,0,0,0.99490476
malware_none_Geodo.pcap	tcp_56,4,0,,0,0,0.99233127
malware_none_Geodo.pcap	tcp_58,4,0,,0,0,0.99872655
malware_none_Geodo.pcap	tcp_1680,4,0,,0,0,0.99957246
malware_none_Geodo.pcap	tcp_2467,4,0,,0,0,0.9988869
malware_none_Geodo.pcap	tcp_1210,4,0,,0,0,0.9991454
malware_none_Geodo.pcap	tcp_62,4,0,,0,0,0.99812406
malware_none_Geodo.pcap	tcp_1450,4,0,,0,0,0.42339435
malware_none_Geodo.pcap	tcp_1965,4,0,,0,0,0.9995632
malware_none_Geodo.pcap	tcp_65,4,0,,0,0,0.992444
malware_none_Geodo.pcap	tcp_66,4,0,,0,0,0.8094473
malware_none_Geodo.pcap	tcp_67,4,0,,0,0,0.9955199
malware_none_Geodo.pcap	tcp_68,4,0,,0,0,0.99086565
malware_none_Geodo.pcap	tcp_2462,4,0,,0,0,0.5620504
malware_none_Geodo.pcap	tcp_1281,4,0,,0,0,0.9989436
malware_none_Geodo.pcap	tcp_2234,4,0,,0,0,0.9975333
malware_none_Geodo.pcap	tcp_1049,4,0,,0,0,0.99868596
malware_none_Geodo.pcap	tcp_2132,4,0,,0,0,0.98385394
malware_none_Geodo.pcap	tcp_1343,4,0,,0,0,0.99863297
malware_none_Geodo.pcap	tcp_2036,4,0,,0,0,0.99927187
malware_none_Geodo.pcap	tcp_76,4,0,,0,0,0.9913828
malware_none_Geodo.pcap	tcp_1794,4,0,,0,0,0.9991897
malware_none_Geodo.pcap	tcp_78,4,0,,0,0,0.98799247
malware_none_Geodo.pcap	tcp_2503,4,0,,0,0,0.9954403
malware_none_Geodo.pcap	tcp_2855,4,0,,0,0,0.99895597
malware_none_Geodo.pcap	tcp_81,4,0,,0,0,0.998965
malware_none_Geodo.pcap	tcp_82,4,0,,0,0,0.9987696
malware_none_Geodo.pcap	tcp_85,4,0,,0,0,0.99939907
malware_none_Geodo.pcap	tcp_2802,4,0,,0,0,0.9986994
malware_none_Geodo.pcap	tcp_1716,4,0,,0,0,0.9961437
malware_none_Geodo.pcap	tcp_1353,4,0,,0,0,0.998774
malware_none_Geodo.pcap	tcp_91,4,0,,0,0,0.9950598
malware_none_Geodo.pcap	tcp_2547,4,0,,0,0,0.9949021
malware_none_Geodo.pcap	tcp_2510,4,0,,0,0,0.9514559
malware_none_Geodo.pcap	tcp_95,4,0,,0,0,0.9994926
malware_none_Geodo.pcap	tcp_96,4,0,,0,0,0.99943686
malware_none_Geodo.pcap	tcp_1590,4,0,,0,0,0.9979013
malware_none_Geodo.pcap	tcp_99,4,0,,0,0,0.84768975
malware_none_Geodo.pcap	tcp_1595,4,0,,0,0,0.9997017
malware_none_Geodo.pcap	tcp_1145,4,0,,0,0,0.9997439
malware_none_Geodo.pcap	tcp_102,4,0,,0,0,0.99935514
malware_none_Geodo.pcap	tcp_2245,4,0,,0,0,0.9979225
malware_none_Geodo.pcap	tcp_104,4,0,,0,0,0.9988251
malware_none_Geodo.pcap	tcp_106,4,0,,0,0,0.9984612
malware_none_Geodo.pcap	tcp_108,4,0,,0,0,0.97838175
malware_none_Geodo.pcap	tcp_109,4,0,,0,0,0.99863875
malware_none_Geodo.pcap	tcp_1733,4,0,,0,0,0.9987614
malware_none_Geodo.pcap	tcp_1238,4,0,,0,0,0.9983149
malware_none_Geodo.pcap	tcp_113,4,0,,0,0,0.99932945
malware_none_Geodo.pcap	tcp_114,4,0,,0,0,0.9994141
malware_none_Geodo.pcap	tcp_1906,4,0,,0,0,0.99864274
malware_none_Geodo.pcap	tcp_1853,4,0,,0,0,0.99924755
malware_none_Geodo.pcap	tcp_118,4,0,,0,0,0.99916327
malware_none_Geodo.pcap	tcp_1423,4,0,,0,0,0.99930584
malware_none_Geodo.pcap	tcp_122,4,0,,0,0,0.99959534
malware_none_Geodo.pcap	tcp_123,4,0,,1,0,0.045388345
malware_none_Geodo.pcap	tcp_2219,4,0,,0,0,0.9989141
malware_none_Geodo.pcap	tcp_1012,4,0,,0,0,0.9996308
malware_none_Geodo.pcap	tcp_126,4,0,,0,0,0.99755895
malware_none_Geodo.pcap	tcp_127,4,0,,0,0,0.99534214
malware_none_Geodo.pcap	tcp_128,4,0,,0,0,0.9995714
malware_none_Geodo.pcap	tcp_1606,4,0,,0,0,0.9997282
malware_none_Geodo.pcap	tcp_1708,4,0,,0,0,0.9993905
malware_none_Geodo.pcap	tcp_136,4,0,,0,0,0.99896073
malware_none_Geodo.pcap	tcp_1609,4,0,,0,0,0.99952316
malware_none_Geodo.pcap	tcp_1472,4,0,,0,0,0.78944105
malware_none_Geodo.pcap	tcp_2069,4,0,,0,0,0.99892503
malware_none_Geodo.pcap	tcp_1130,4,0,,0,0,0.9996486
malware_none_Geodo.pcap	tcp_142,4,0,,0,0,0.9988179
malware_none_Geodo.pcap	tcp_2169,4,0,,0,0,0.9924523
malware_none_Geodo.pcap	tcp_1099,4,0,,0,0,0.99874014
malware_none_Geodo.pcap	tcp_2100,4,0,,0,0,0.99581367
malware_none_Geodo.pcap	tcp_1795,4,0,,0,0,0.80591893
malware_none_Geodo.pcap	tcp_149,4,0,,0,0,0.5643494
malware_none_Geodo.pcap	tcp_2034,4,0,,0,0,0.999567
malware_none_Geodo.pcap	tcp_152,4,0,,0,0,0.97992134
malware_none_Geodo.pcap	tcp_1173,4,0,,0,0,0.9989382
malware_none_Geodo.pcap	tcp_154,4,0,,0,0,0.9845073
malware_none_Geodo.pcap	tcp_1813,4,0,,0,0,0.9413791
malware_none_Geodo.pcap	tcp_2410,4,0,,0,0,0.9986721
malware_none_Geodo.pcap	tcp_157,4,0,,0,0,0.9987516
malware_none_Geodo.pcap	tcp_2836,4,0,,0,0,0.91670483
malware_none_Geodo.pcap	tcp_159,4,0,,0,0,0.998152
malware_none_Geodo.pcap	tcp_1207,4,0,,0,0,0.9995439
malware_none_Geodo.pcap	tcp_2544,4,0,,0,0,0.99937046
malware_none_Geodo.pcap	tcp_1163,4,0,,0,0,0.9995618
malware_none_Geodo.pcap	tcp_2955,4,0,,0,0,0.9986101
malware_none_Geodo.pcap	tcp_166,4,0,,0,0,0.99746954
malware_none_Geodo.pcap	tcp_2328,4,0,,0,0,0.9983547
malware_none_Geodo.pcap	tcp_1473,4,0,,0,0,0.9979506
malware_none_Geodo.pcap	tcp_169,4,0,,0,0,0.99949616
malware_none_Geodo.pcap	tcp_2265,4,0,,0,0,0.9993892
malware_none_Geodo.pcap	tcp_1195,4,0,,0,0,0.9992761
malware_none_Geodo.pcap	tcp_2569,4,0,,0,0,0.9659435
malware_none_Geodo.pcap	tcp_2484,4,0,,0,0,0.8159177
malware_none_Geodo.pcap	tcp_2084,4,0,,0,0,0.99885607
malware_none_Geodo.pcap	tcp_2153,4,0,,0,0,0.99861264
malware_none_Geodo.pcap	tcp_2914,4,0,,0,0,0.99871725
malware_none_Geodo.pcap	tcp_2459,4,0,,0,0,0.99888575
malware_none_Geodo.pcap	tcp_2723,4,0,,0,0,0.99836725
malware_none_Geodo.pcap	tcp_2637,4,0,,0,0,0.9981243
malware_none_Geodo.pcap	tcp_1600,4,0,,0,0,0.9995377
malware_none_Geodo.pcap	tcp_2008,4,0,,0,0,0.9940422
malware_none_Geodo.pcap	tcp_2451,4,0,,1,1,0.027979841
malware_none_Geodo.pcap	tcp_2733,4,0,,0,0,0.99928254
malware_none_Geodo.pcap	tcp_2682,4,0,,0,0,0.07410061
malware_none_Geodo.pcap	tcp_2541,4,0,,0,0,0.99928886
malware_none_Geodo.pcap	tcp_189,4,0,,0,0,0.5233052
malware_none_Geodo.pcap	tcp_1338,4,0,,0,0,0.99956745
malware_none_Geodo.pcap	tcp_1602,4,0,,0,0,0.99876606
malware_none_Geodo.pcap	tcp_2456,4,0,,0,0,0.99889046
malware_none_Geodo.pcap	tcp_194,4,0,,0,0,0.99943656
malware_none_Geodo.pcap	tcp_195,4,0,,0,0,0.999283
malware_none_Geodo.pcap	tcp_2610,4,0,,0,0,0.9998049
malware_none_Geodo.pcap	tcp_2491,4,0,,0,0,0.99927
malware_none_Geodo.pcap	tcp_200,4,0,,0,0,0.90237683
malware_none_Geodo.pcap	tcp_1706,4,0,,0,0,0.99956685
malware_none_Geodo.pcap	tcp_202,4,0,,0,0,0.99906355
malware_none_Geodo.pcap	tcp_203,4,0,,0,0,0.9994199
malware_none_Geodo.pcap	tcp_204,4,0,,0,0,0.9427511
malware_none_Geodo.pcap	tcp_205,4,0,,0,0,0.99922544
malware_none_Geodo.pcap	tcp_206,4,0,,0,0,0.99943477
malware_none_Geodo.pcap	tcp_208,4,0,,0,0,0.99980336
malware_none_Geodo.pcap	tcp_2896,4,0,,0,0,0.99896836
malware_none_Geodo.pcap	tcp_2784,4,0,,0,0,0.999506
malware_none_Geodo.pcap	tcp_2094,4,0,,0,0,0.9986212
malware_none_Geodo.pcap	tcp_1467,4,0,,0,0,0.99768126
malware_none_Geodo.pcap	tcp_1427,4,0,,0,0,0.998929
malware_none_Geodo.pcap	tcp_2145,4,0,,0,0,0.9755094
malware_none_Geodo.pcap	tcp_1567,4,0,,0,0,0.99908036
malware_none_Geodo.pcap	tcp_2617,4,0,,0,0,0.99813145
malware_none_Geodo.pcap	tcp_217,4,0,,0,0,0.9991833
malware_none_Geodo.pcap	tcp_1689,4,0,,0,0,0.9939195
malware_none_Geodo.pcap	tcp_2417,4,0,,0,0,0.9989927
malware_none_Geodo.pcap	tcp_1666,4,0,,0,0,0.9990315
malware_none_Geodo.pcap	tcp_2832,4,0,,0,0,0.999071
malware_none_Geodo.pcap	tcp_1345,4,0,,0,0,0.9994548
malware_none_Geodo.pcap	tcp_228,4,0,,0,0,0.99960357
malware_none_Geodo.pcap	tcp_1604,4,0,,0,0,0.97794855
malware_none_Geodo.pcap	tcp_1898,4,0,,0,0,0.99738914
malware_none_Geodo.pcap	tcp_232,4,0,,0,0,0.99829775
malware_none_Geodo.pcap	tcp_233,4,0,,0,0,0.21054634
malware_none_Geodo.pcap	tcp_2081,4,0,,1,1,0.015452462
malware_none_Geodo.pcap	tcp_236,4,0,,0,0,0.9991101
malware_none_Geodo.pcap	tcp_1603,4,0,,0,0,0.99834037
malware_none_Geodo.pcap	tcp_1962,4,0,,0,0,0.9992415
malware_none_Geodo.pcap	tcp_1596,4,0,,0,0,0.9985915
malware_none_Geodo.pcap	tcp_2189,4,0,,0,0,0.9984022
malware_none_Geodo.pcap	tcp_2862,4,0,,0,0,0.17065422
malware_none_Geodo.pcap	tcp_2213,4,0,,0,0,0.6202162
malware_none_Geodo.pcap	tcp_2184,4,0,,0,0,0.9970138
malware_none_Geodo.pcap	tcp_251,4,0,,0,0,0.8833001
malware_none_Geodo.pcap	tcp_252,4,0,,0,0,0.9992756
malware_none_Geodo.pcap	tcp_253,4,0,,0,0,0.983554
malware_none_Geodo.pcap	tcp_254,4,0,,0,0,0.99815613
malware_none_Geodo.pcap	tcp_255,4,0,,0,0,0.24646157
malware_none_Geodo.pcap	tcp_1384,4,0,,0,0,0.1302647
malware_none_Geodo.pcap	tcp_1938,4,0,,0,0,0.90518546
malware_none_Geodo.pcap	tcp_2566,4,0,,0,0,0.9986249
malware_none_Geodo.pcap	tcp_1959,4,0,,0,0,0.99805945
malware_none_Geodo.pcap	tcp_1685,4,0,,0,0,0.5734583
malware_none_Geodo.pcap	tcp_2838,4,0,,0,0,0.998033
malware_none_Geodo.pcap	tcp_2369,4,0,,0,0,0.99298954
malware_none_Geodo.pcap	tcp_2276,4,0,,0,0,0.9988121
malware_none_Geodo.pcap	tcp_2489,4,0,,0,0,0.99933827
malware_none_Geodo.pcap	tcp_2551,4,0,,0,0,0.999608
malware_none_Geodo.pcap	tcp_273,4,0,,0,0,0.73464733
malware_none_Geodo.pcap	tcp_1507,4,0,,0,0,0.9988148
malware_none_Geodo.pcap	tcp_1769,4,0,,0,0,0.79926205
malware_none_Geodo.pcap	tcp_277,4,0,,0,0,0.06880338
malware_none_Geodo.pcap	tcp_2038,4,0,,0,0,0.9993443
malware_none_Geodo.pcap	tcp_2685,4,0,,0,0,0.9995617
malware_none_Geodo.pcap	tcp_281,4,0,,0,0,0.9923174
malware_none_Geodo.pcap	tcp_282,4,0,,0,0,0.9984793
malware_none_Geodo.pcap	tcp_1594,4,0,,0,0,0.9994127
malware_none_Geodo.pcap	tcp_1814,4,0,,0,0,0.9992183
malware_none_Geodo.pcap	tcp_2457,4,0,,0,0,0.9953933
malware_none_Geodo.pcap	tcp_1346,4,0,,0,0,0.9970157
malware_none_Geodo.pcap	tcp_1047,4,0,,0,0,0.6795356
malware_none_Geodo.pcap	tcp_289,4,0,,0,0,0.9989904
malware_none_Geodo.pcap	tcp_2299,4,0,,0,0,0.9946292
malware_none_Geodo.pcap	tcp_291,4,0,,0,0,0.9989543
malware_none_Geodo.pcap	tcp_292,4,0,,0,0,0.9776496
malware_none_Geodo.pcap	tcp_1176,4,0,,0,0,0.99976265
malware_none_Geodo.pcap	tcp_294,4,0,,0,0,0.9996775
malware_none_Geodo.pcap	tcp_295,4,0,,0,0,0.7125101
malware_none_Geodo.pcap	tcp_1730,4,0,,0,0,0.9995258
malware_none_Geodo.pcap	tcp_300,4,0,,0,0,0.999204
malware_none_Geodo.pcap	tcp_1466,4,0,,0,0,0.99904746
malware_none_Geodo.pcap	tcp_1282,4,0,,0,0,0.9424886
malware_none_Geodo.pcap	tcp_304,4,0,,0,0,0.9990006
malware_none_Geodo.pcap	tcp_305,4,0,,0,0,0.9995158
malware_none_Geodo.pcap	tcp_1691,4,0,,0,0,0.9988707
malware_none_Geodo.pcap	tcp_1243,4,0,,0,0,0.99529076
malware_none_Geodo.pcap	tcp_310,4,0,,0,0,0.21050635
malware_none_Geodo.pcap	tcp_1896,4,0,,0,0,0.9982911
malware_none_Geodo.pcap	tcp_312,4,0,,0,0,0.9993862
malware_none_Geodo.pcap	tcp_1228,4,0,,0,0,0.99885255
malware_none_Geodo.pcap	tcp_1179,4,0,,0,0,0.5946326
malware_none_Geodo.pcap	tcp_1565,4,0,,0,0,0.99937207
malware_none_Geodo.pcap	tcp_320,4,0,,0,0,0.9993863
malware_none_Geodo.pcap	tcp_322,4,0,,0,0,0.9993065
malware_none_Geodo.pcap	tcp_1846,4,0,,0,0,0.9571266
malware_none_Geodo.pcap	tcp_2319,4,0,,1,1,0.014639054
malware_none_Geodo.pcap	tcp_326,4,0,,0,0,0.99820924
malware_none_Geodo.pcap	tcp_327,4,0,,0,0,0.99798465
malware_none_Geodo.pcap	tcp_328,4,0,,0,0,0.636998
malware_none_Geodo.pcap	tcp_1982,4,0,,0,0,0.9663176
malware_none_Geodo.pcap	tcp_2480,4,0,,0,0,0.99932367
malware_none_Geodo.pcap	tcp_1286,4,0,,0,0,0.999408
malware_none_Geodo.pcap	tcp_332,4,0,,0,0,0.3153854
malware_none_Geodo.pcap	tcp_2581,4,0,,0,0,0.9977224
malware_none_Geodo.pcap	tcp_1679,4,0,,0,0,0.9986173
malware_none_Geodo.pcap	tcp_1222,4,0,,0,0,0.99786264
malware_none_Geodo.pcap	tcp_338,4,0,,0,0,0.9980646
malware_none_Geodo.pcap	tcp_2030,4,0,,0,0,0.99469364
malware_none_Geodo.pcap	tcp_343,4,0,,0,0,0.5968787
malware_none_Geodo.pcap	tcp_1057,4,0,,0,0,0.9973589
malware_none_Geodo.pcap	tcp_1989,4,0,,0,0,0.96829313
malware_none_Geodo.pcap	tcp_346,4,0,,0,0,0.9978067
malware_none_Geodo.pcap	tcp_2161,4,0,,0,0,0.99963987
malware_none_Geodo.pcap	tcp_1279,4,0,,0,0,0.99851775
malware_none_Geodo.pcap	tcp_2284,4,0,,0,0,0.9992847
malware_none_Geodo.pcap	tcp_1272,4,0,,0,0,0.99892163
malware_none_Geodo.pcap	tcp_1153,4,0,,0,0,0.8240255
malware_none_Geodo.pcap	tcp_354,4,0,,0,0,0.9166645
malware_none_Geodo.pcap	tcp_1124,4,0,,1,1,0.02542327
malware_none_Geodo.pcap	tcp_357,4,0,,0,0,0.99784213
malware_none_Geodo.pcap	tcp_2575,4,0,,0,0,0.9994407
malware_none_Geodo.pcap	tcp_2806,4,0,,0,0,0.999268
malware_none_Geodo.pcap	tcp_2745,4,0,,0,0,0.9996774
malware_none_Geodo.pcap	tcp_2300,4,0,,0,0,0.999175
malware_none_Geodo.pcap	tcp_365,4,0,,0,0,0.8957103
malware_none_Geodo.pcap	tcp_366,4,0,,0,0,0.99917036
malware_none_Geodo.pcap	tcp_2633,4,0,,0,0,0.99919695
malware_none_Geodo.pcap	tcp_1562,4,0,,0,0,0.9996598
malware_none_Geodo.pcap	tcp_371,4,0,,0,0,0.99933124
malware_none_Geodo.pcap	tcp_372,4,0,,0,0,0.6178751
malware_none_Geodo.pcap	tcp_1949,4,0,,0,0,0.49855602
malware_none_Geodo.pcap	tcp_2224,4,0,,1,1,0.009118828
malware_none_Geodo.pcap	tcp_2279,4,0,,0,0,0.94290614
malware_none_Geodo.pcap	tcp_376,4,0,,0,0,0.94778425
malware_none_Geodo.pcap	tcp_1432,4,0,,0,0,0.8678563
malware_none_Geodo.pcap	tcp_2056,4,0,,0,0,0.9968673
malware_none_Geodo.pcap	tcp_379,4,0,,0,0,0.9993181
malware_none_Geodo.pcap	tcp_380,4,0,,0,0,0.8704728
malware_none_Geodo.pcap	tcp_2119,4,0,,0,0,0.9977001
malware_none_Geodo.pcap	tcp_1479,4,0,,0,0,0.99974436
malware_none_Geodo.pcap	tcp_2695,4,0,,0,0,0.9992021
malware_none_Geodo.pcap	tcp_384,4,0,,0,0,0.99902534
malware_none_Geodo.pcap	tcp_385,4,0,,0,0,0.99966216
malware_none_Geodo.pcap	tcp_1462,4,0,,0,0,0.9995295
malware_none_Geodo.pcap	tcp_388,4,0,,0,0,0.99904144
malware_none_Geodo.pcap	tcp_389,4,0,,0,0,0.9987887
malware_none_Geodo.pcap	tcp_390,4,0,,0,0,0.99901426
malware_none_Geodo.pcap	tcp_391,4,0,,0,0,0.9900114
malware_none_Geodo.pcap	tcp_392,4,0,,0,0,0.99902654
malware_none_Geodo.pcap	tcp_394,4,0,,0,0,0.64550894
malware_none_Geodo.pcap	tcp_395,4,0,,0,0,0.9991405
malware_none_Geodo.pcap	tcp_1756,4,0,,0,0,0.99854463
malware_none_Geodo.pcap	tcp_1251,4,0,,0,0,0.9995338
malware_none_Geodo.pcap	tcp_400,4,0,,0,0,0.9987828
malware_none_Geodo.pcap	tcp_401,4,0,,0,0,0.9995401
malware_none_Geodo.pcap	tcp_402,4,0,,0,0,0.99144936
malware_none_Geodo.pcap	tcp_403,4,0,,0,0,0.9990402
malware_none_Geodo.pcap	tcp_2479,4,0,,0,0,0.9994578
malware_none_Geodo.pcap	tcp_2796,4,0,,0,0,0.99646705
malware_none_Geodo.pcap	tcp_2813,4,0,,0,0,0.9991841
malware_none_Geodo.pcap	tcp_1249,4,0,,0,0,0.998408
malware_none_Geodo.pcap	tcp_408,4,0,,0,0,0.9989116
malware_none_Geodo.pcap	tcp_2285,4,0,,0,0,0.9993687
malware_none_Geodo.pcap	tcp_2071,4,0,,0,0,0.99801505
malware_none_Geodo.pcap	tcp_412,4,0,,0,0,0.99964356
malware_none_Geodo.pcap	tcp_1882,4,0,,0,0,0.99817896
malware_none_Geodo.pcap	tcp_2504,4,0,,0,0,0.998084
malware_none_Geodo.pcap	tcp_2623,4,0,,0,0,0.998781
malware_none_Geodo.pcap	tcp_2911,4,0,,0,0,0.99941313
malware_none_Geodo.pcap	tcp_417,4,0,,0,0,0.9996511
malware_none_Geodo.pcap	tcp_418,4,0,,0,0,0.9896364
malware_none_Geodo.pcap	tcp_2811,4,0,,0,0,0.984382
malware_none_Geodo.pcap	tcp_2353,4,0,,0,0,0.9981864
malware_none_Geodo.pcap	tcp_422,4,0,,0,0,0.99874705
malware_none_Geodo.pcap	tcp_2357,4,0,,0,0,0.9990169
malware_none_Geodo.pcap	tcp_2422,4,0,,0,0,0.9000436
malware_none_Geodo.pcap	tcp_2741,4,0,,0,0,0.38411158
malware_none_Geodo.pcap	tcp_1537,4,0,,0,0,0.997799
malware_none_Geodo.pcap	tcp_1627,4,0,,0,0,0.9996048
malware_none_Geodo.pcap	tcp_1765,4,0,,0,0,0.9988004
malware_none_Geodo.pcap	tcp_2545,4,0,,0,0,0.9994604
malware_none_Geodo.pcap	tcp_1314,4,0,,0,0,0.9983107
malware_none_Geodo.pcap	tcp_1952,4,0,,0,0,0.99953276
malware_none_Geodo.pcap	tcp_433,4,0,,0,0,0.99982333
malware_none_Geodo.pcap	tcp_2730,4,0,,0,0,0.9356075
malware_none_Geodo.pcap	tcp_436,4,0,,0,0,0.9994411
malware_none_Geodo.pcap	tcp_2048,4,0,,0,0,0.9217819
malware_none_Geodo.pcap	tcp_438,4,0,,0,0,0.94915664
malware_none_Geodo.pcap	tcp_1667,4,0,,0,0,0.9986436
malware_none_Geodo.pcap	tcp_441,4,0,,0,0,0.9980102
malware_none_Geodo.pcap	tcp_2067,4,0,,0,0,0.999736
malware_none_Geodo.pcap	tcp_2675,4,0,,0,0,0.4502785
malware_none_Geodo.pcap	tcp_2947,4,0,,0,0,0.9920981
malware_none_Geodo.pcap	tcp_2346,4,0,,0,0,0.9984084
malware_none_Geodo.pcap	tcp_2965,4,0,,0,0,0.9907184
malware_none_Geodo.pcap	tcp_447,4,0,,0,0,0.999718
malware_none_Geodo.pcap	tcp_449,4,0,,0,0,0.9965228
malware_none_Geodo.pcap	tcp_1971,4,0,,0,0,0.3430567
malware_none_Geodo.pcap	tcp_1381,4,0,,0,0,0.9987085
malware_none_Geodo.pcap	tcp_1727,4,0,,0,0,0.9995926
malware_none_Geodo.pcap	tcp_455,4,0,,0,0,0.9992363
malware_none_Geodo.pcap	tcp_1126,4,0,,0,0,0.99912924
malware_none_Geodo.pcap	tcp_2600,4,0,,0,0,0.997776
malware_none_Geodo.pcap	tcp_458,4,0,,0,0,0.99871594
malware_none_Geodo.pcap	tcp_2556,4,0,,0,0,0.9994916
malware_none_Geodo.pcap	tcp_996,4,0,,0,0,0.9965796
malware_none_Geodo.pcap	tcp_1356,4,0,,0,0,0.9988445
malware_none_Geodo.pcap	tcp_1704,4,0,,0,0,0.9986924
malware_none_Geodo.pcap	tcp_467,4,0,,0,0,0.99914837
malware_none_Geodo.pcap	tcp_1284,4,0,,0,0,0.9984092
malware_none_Geodo.pcap	tcp_2518,4,0,,0,0,0.99856526
malware_none_Geodo.pcap	tcp_1394,4,0,,0,0,0.99957293
malware_none_Geodo.pcap	tcp_471,4,0,,0,0,0.99479365
malware_none_Geodo.pcap	tcp_473,4,0,,0,0,0.99704427
malware_none_Geodo.pcap	tcp_2889,4,0,,0,0,0.9962847
malware_none_Geodo.pcap	tcp_2500,4,0,,0,0,0.99885
malware_none_Geodo.pcap	tcp_476,4,0,,0,0,0.9992078
malware_none_Geodo.pcap	tcp_477,4,0,,0,0,0.9996299
malware_none_Geodo.pcap	tcp_2022,4,0,,0,0,0.45877194
malware_none_Geodo.pcap	tcp_1154,4,0,,0,0,0.9986266
malware_none_Geodo.pcap	tcp_1916,4,0,,0,0,0.98277676
malware_none_Geodo.pcap	tcp_482,4,0,,0,0,0.9875908
malware_none_Geodo.pcap	tcp_484,4,0,,0,0,0.9965937
malware_none_Geodo.pcap	tcp_2395,4,0,,0,0,0.9985922
malware_none_Geodo.pcap	tcp_486,4,0,,0,0,0.834815
malware_none_Geodo.pcap	tcp_2655,4,0,,0,0,0.9980546
malware_none_Geodo.pcap	tcp_488,4,0,,0,0,0.99886096
malware_none_Geodo.pcap	tcp_1247,4,0,,0,0,0.99954283
malware_none_Geodo.pcap	tcp_491,4,0,,0,0,0.9995178
malware_none_Geodo.pcap	tcp_1481,4,0,,0,0,0.9975459
malware_none_Geodo.pcap	tcp_2012,4,0,,0,0,0.9979721
malware_none_Geodo.pcap	tcp_2823,4,0,,0,0,0.9985957
malware_none_Geodo.pcap	tcp_1136,4,0,,0,0,0.9990441
malware_none_Geodo.pcap	tcp_2073,4,0,,0,0,0.99791616
malware_none_Geodo.pcap	tcp_498,4,0,,0,0,0.9988238
malware_none_Geodo.pcap	tcp_499,4,0,,0,0,0.99968815
malware_none_Geodo.pcap	tcp_1259,4,0,,0,0,0.9989084
malware_none_Geodo.pcap	tcp_502,4,0,,0,0,0.9990664
malware_none_Geodo.pcap	tcp_1722,4,0,,0,0,0.9965365
malware_none_Geodo.pcap	tcp_1226,4,0,,0,0,0.9995173
malware_none_Geodo.pcap	tcp_505,4,0,,0,0,0.9992336
malware_none_Geodo.pcap	tcp_1053,4,0,,0,0,0.9988325
malware_none_Geodo.pcap	tcp_2867,4,0,,0,0,0.9950771
malware_none_Geodo.pcap	tcp_509,4,0,,0,0,0.99957806
malware_none_Geodo.pcap	tcp_510,4,0,,0,0,0.99933356
malware_none_Geodo.pcap	tcp_2272,4,0,,0,0,0.9992034
malware_none_Geodo.pcap	tcp_2900,4,0,,0,0,0.9967799
malware_none_Geodo.pcap	tcp_2916,4,0,,0,0,0.9980229
malware_none_Geodo.pcap	tcp_514,4,0,,0,0,0.99946696
malware_none_Geodo.pcap	tcp_516,4,0,,0,0,0.9991086
malware_none_Geodo.pcap	tcp_2492,4,0,,0,0,0.9978436
malware_none_Geodo.pcap	tcp_1230,4,0,,0,0,0.74505967
malware_none_Geodo.pcap	tcp_520,4,0,,0,0,0.9991528
malware_none_Geodo.pcap	tcp_2165,4,0,,0,0,0.97843575
malware_none_Geodo.pcap	tcp_522,4,0,,0,0,0.9983158
malware_none_Geodo.pcap	tcp_523,4,0,,0,0,0.95608366
malware_none_Geodo.pcap	tcp_1641,4,0,,0,0,0.84263635
malware_none_Geodo.pcap	tcp_2318,4,0,,0,0,0.99963677
malware_none_Geodo.pcap	tcp_526,4,0,,0,0,0.93852794
malware_none_Geodo.pcap	tcp_527,4,0,,0,0,0.99831903
malware_none_Geodo.pcap	tcp_2816,4,0,,0,0,0.9994032
malware_none_Geodo.pcap	tcp_1133,4,0,,0,0,0.9995408
malware_none_Geodo.pcap	tcp_1822,4,0,,0,0,0.999331
malware_none_Geodo.pcap	tcp_2719,4,0,,0,0,0.96183807
malware_none_Geodo.pcap	tcp_1818,4,0,,0,0,0.9986335
malware_none_Geodo.pcap	tcp_1510,4,0,,0,0,0.99921715
malware_none_Geodo.pcap	tcp_537,4,0,,0,0,0.29895207
malware_none_Geodo.pcap	tcp_538,4,0,,0,0,0.9997416
malware_none_Geodo.pcap	tcp_1745,4,0,,0,0,0.9983902
malware_none_Geodo.pcap	tcp_2557,4,0,,0,0,0.99850684
malware_none_Geodo.pcap	tcp_1586,4,0,,0,0,0.856893
malware_none_Geodo.pcap	tcp_2920,4,0,,0,0,0.9979291
malware_none_Geodo.pcap	tcp_2626,4,0,,0,0,0.99950016
malware_none_Geodo.pcap	tcp_2803,4,0,,0,0,0.9622279
malware_none_Geodo.pcap	tcp_1255,4,0,,0,0,0.999712
malware_none_Geodo.pcap	tcp_2642,4,0,,0,0,0.37302223
malware_none_Geodo.pcap	tcp_1308,4,0,,0,0,0.9981315
malware_none_Geodo.pcap	tcp_1414,4,0,,0,0,0.99165523
malware_none_Geodo.pcap	tcp_2117,4,0,,0,0,0.99922633
malware_none_Geodo.pcap	tcp_551,4,0,,0,0,0.99804866
malware_none_Geodo.pcap	tcp_2742,4,0,,0,0,0.99866617
malware_none_Geodo.pcap	tcp_1324,4,0,,0,0,0.99929535
malware_none_Geodo.pcap	tcp_2023,4,0,,0,0,0.99761814
malware_none_Geodo.pcap	tcp_2063,4,0,,0,0,0.9962077
malware_none_Geodo.pcap	tcp_1545,4,0,,0,0,0.99923766
malware_none_Geodo.pcap	tcp_1200,4,0,,0,0,0.99856097
malware_none_Geodo.pcap	tcp_561,4,0,,0,0,0.97018796
malware_none_Geodo.pcap	tcp_1630,4,0,,0,0,0.5825969
malware_none_Geodo.pcap	tcp_563,4,0,,0,0,0.9840656
malware_none_Geodo.pcap	tcp_1928,4,0,,0,0,0.99964476
malware_none_Geodo.pcap	tcp_1555,4,0,,0,0,0.9991001
malware_none_Geodo.pcap	tcp_2634,4,0,,0,0,0.9997596
malware_none_Geodo.pcap	tcp_567,4,0,,0,0,0.09672995
malware_none_Geodo.pcap	tcp_1966,4,0,,0,0,0.9989695
malware_none_Geodo.pcap	tcp_1024,4,0,,0,0,0.99811435
malware_none_Geodo.pcap	tcp_2765,4,0,,0,0,0.8165667
malware_none_Geodo.pcap	tcp_573,4,0,,0,0,0.99901426
malware_none_Geodo.pcap	tcp_2766,4,0,,0,0,0.99944234
malware_none_Geodo.pcap	tcp_1159,4,0,,0,0,0.9990784
malware_none_Geodo.pcap	tcp_579,4,0,,0,0,0.99943763
malware_none_Geodo.pcap	tcp_2469,4,0,,0,0,0.99877053
malware_none_Geodo.pcap	tcp_2463,4,0,,0,0,0.99922556
malware_none_Geodo.pcap	tcp_1351,4,0,,0,0,0.3438142
malware_none_Geodo.pcap	tcp_584,4,0,,0,0,0.9984419
malware_none_Geodo.pcap	tcp_2077,4,0,,0,0,0.15088636
malware_none_Geodo.pcap	tcp_2106,4,0,,0,0,0.998816
malware_none_Geodo.pcap	tcp_2349,4,0,,0,0,0.9990263
malware_none_Geodo.pcap	tcp_2248,4,0,,0,0,0.9993858
malware_none_Geodo.pcap	tcp_1879,4,0,,0,0,0.9683584
malware_none_Geodo.pcap	tcp_2266,4,0,,0,0,0.9985297
malware_none_Geodo.pcap	tcp_591,4,0,,0,0,0.9992797
malware_none_Geodo.pcap	tcp_2810,4,0,,0,0,0.99898034
malware_none_Geodo.pcap	tcp_1354,4,0,,0,0,0.9983883
malware_none_Geodo.pcap	tcp_594,4,0,,0,0,0.99688715
malware_none_Geodo.pcap	tcp_596,4,0,,1,1,0.016621914
malware_none_Geodo.pcap	tcp_1980,4,0,,0,0,0.99370205
malware_none_Geodo.pcap	tcp_2977,4,0,,0,0,0.9977084
malware_none_Geodo.pcap	tcp_2771,4,0,,0,0,0.99869555
malware_none_Geodo.pcap	tcp_988,4,0,,0,0,0.94284153
malware_none_Geodo.pcap	tcp_601,4,0,,0,0,0.9988025
malware_none_Geodo.pcap	tcp_1141,4,0,,0,0,0.998164
malware_none_Geodo.pcap	tcp_603,4,0,,0,0,0.35285595
malware_none_Geodo.pcap	tcp_604,4,0,,0,0,0.9989831
malware_none_Geodo.pcap	tcp_605,4,0,,0,0,0.99960417
malware_none_Geodo.pcap	tcp_1256,4,0,,0,0,0.7327011
malware_none_Geodo.pcap	tcp_1391,4,0,,0,0,0.9989833
malware_none_Geodo.pcap	tcp_1838,4,0,,0,0,0.99927837
malware_none_Geodo.pcap	tcp_2879,4,0,,0,0,0.99891895
malware_none_Geodo.pcap	tcp_998,4,0,,0,0,0.99951684
malware_none_Geodo.pcap	tcp_1027,4,0,,0,0,0.999205
malware_none_Geodo.pcap	tcp_612,4,0,,0,0,0.99912834
malware_none_Geodo.pcap	tcp_2404,4,0,,0,0,0.99547017
malware_none_Geodo.pcap	tcp_1550,4,0,,0,0,0.99938697
malware_none_Geodo.pcap	tcp_616,4,0,,0,0,0.9994293
malware_none_Geodo.pcap	tcp_2473,4,0,,0,0,0.7677474
malware_none_Geodo.pcap	tcp_2482,4,0,,0,0,0.99917054
malware_none_Geodo.pcap	tcp_1182,4,0,,0,0,0.99884725
malware_none_Geodo.pcap	tcp_624,4,0,,0,0,0.99958616
malware_none_Geodo.pcap	tcp_1709,4,0,,0,0,0.9968374
malware_none_Geodo.pcap	tcp_628,4,0,,0,0,0.99825186
malware_none_Geodo.pcap	tcp_2443,4,0,,0,0,0.9977841
malware_none_Geodo.pcap	tcp_633,4,0,,0,0,0.8780823
malware_none_Geodo.pcap	tcp_1761,4,0,,0,0,0.9972972
malware_none_Geodo.pcap	tcp_1702,4,0,,0,0,0.9995555
malware_none_Geodo.pcap	tcp_1273,4,0,,0,0,0.99944365
malware_none_Geodo.pcap	tcp_2342,4,0,,0,0,0.9968471
malware_none_Geodo.pcap	tcp_1349,4,0,,0,0,0.99927145
malware_none_Geodo.pcap	tcp_2194,4,0,,0,0,0.99842143
malware_none_Geodo.pcap	tcp_642,4,0,,0,0,0.9986561
malware_none_Geodo.pcap	tcp_2294,4,0,,0,0,0.99668
malware_none_Geodo.pcap	tcp_2694,4,0,,0,0,0.9987405
malware_none_Geodo.pcap	tcp_646,4,0,,0,0,0.9988551
malware_none_Geodo.pcap	tcp_2186,4,0,,0,0,0.99900573
malware_none_Geodo.pcap	tcp_1113,4,0,,0,0,0.5969493
malware_none_Geodo.pcap	tcp_1584,4,0,,0,0,0.9995264
malware_none_Geodo.pcap	tcp_2746,4,0,,0,0,0.99893486
malware_none_Geodo.pcap	tcp_2445,4,0,,0,0,0.99885935
malware_none_Geodo.pcap	tcp_1128,4,0,,0,0,0.99674076
malware_none_Geodo.pcap	tcp_1041,4,0,,0,0,0.9989932
malware_none_Geodo.pcap	tcp_1486,4,0,,0,0,0.9992787
malware_none_Geodo.pcap	tcp_659,4,0,,0,0,0.9990165
malware_none_Geodo.pcap	tcp_2588,4,0,,0,0,0.99907637
malware_none_Geodo.pcap	tcp_661,4,0,,0,0,0.99939704
malware_none_Geodo.pcap	tcp_662,4,0,,0,0,0.96179175
malware_none_Geodo.pcap	tcp_2142,4,0,,0,0,0.9985479
malware_none_Geodo.pcap	tcp_2698,4,0,,0,0,0.9995295
malware_none_Geodo.pcap	tcp_2662,4,0,,0,0,0.9971595
malware_none_Geodo.pcap	tcp_666,4,0,,0,0,0.99522424
malware_none_Geodo.pcap	tcp_669,4,0,,0,0,0.73944074
malware_none_Geodo.pcap	tcp_2700,4,0,,0,0,0.99973536
malware_none_Geodo.pcap	tcp_1413,4,0,,0,0,0.998155
malware_none_Geodo.pcap	tcp_1122,4,0,,0,0,0.9896217
malware_none_Geodo.pcap	tcp_1396,4,0,,0,0,0.99878263
malware_none_Geodo.pcap	tcp_675,4,0,,0,0,0.99941504
malware_none_Geodo.pcap	tcp_676,4,0,,0,0,0.998753
malware_none_Geodo.pcap	tcp_1084,4,0,,0,0,0.9971361
malware_none_Geodo.pcap	tcp_2267,4,0,,0,0,0.99748945
malware_none_Geodo.pcap	tcp_2020,4,0,,0,0,0.99908525
malware_none_Geodo.pcap	tcp_682,4,0,,0,0,0.9978592
malware_none_Geodo.pcap	tcp_1734,4,0,,0,0,0.9967229
malware_none_Geodo.pcap	tcp_685,4,0,,0,0,0.99873966
malware_none_Geodo.pcap	tcp_686,4,0,,0,0,0.99943155
malware_none_Geodo.pcap	tcp_688,4,0,,0,0,0.903169
malware_none_Geodo.pcap	tcp_1081,4,0,,0,0,0.999022
malware_none_Geodo.pcap	tcp_1401,4,0,,0,0,0.9996152
malware_none_Geodo.pcap	tcp_692,4,0,,0,0,0.9996424
malware_none_Geodo.pcap	tcp_2520,4,0,,0,0,0.9983422
malware_none_Geodo.pcap	tcp_2162,4,0,,0,0,0.9961265
malware_none_Geodo.pcap	tcp_696,4,0,,0,0,0.99940115
malware_none_Geodo.pcap	tcp_698,4,0,,0,0,0.99940133
malware_none_Geodo.pcap	tcp_2317,4,0,,0,0,0.9989089
malware_none_Geodo.pcap	tcp_2257,4,0,,0,0,0.73901474
malware_none_Geodo.pcap	tcp_702,4,0,,0,0,0.28113365
malware_none_Geodo.pcap	tcp_2598,4,0,,0,0,0.31530508
malware_none_Geodo.pcap	tcp_2124,4,0,,0,0,0.9988233
malware_none_Geodo.pcap	tcp_705,4,0,,0,0,0.9992379
malware_none_Geodo.pcap	tcp_1934,4,0,,0,0,0.5079239
malware_none_Geodo.pcap	tcp_707,4,0,,0,0,0.9987484
malware_none_Geodo.pcap	tcp_2261,4,0,,0,0,0.99908876
malware_none_Geodo.pcap	tcp_2669,4,0,,0,0,0.9991903
malware_none_Geodo.pcap	tcp_2602,4,0,,0,0,0.99919397
malware_none_Geodo.pcap	tcp_2228,4,0,,0,0,0.99012524
malware_none_Geodo.pcap	tcp_2000,4,0,,0,0,0.13630645
malware_none_Geodo.pcap	tcp_1375,4,0,,0,0,0.9991037
malware_none_Geodo.pcap	tcp_1371,4,0,,0,0,0.99930596
malware_none_Geodo.pcap	tcp_2908,4,0,,0,0,0.83932656
malware_none_Geodo.pcap	tcp_1508,4,0,,0,0,0.99871755
malware_none_Geodo.pcap	tcp_2971,4,0,,0,0,0.9988871
malware_none_Geodo.pcap	tcp_1812,4,0,,0,0,0.99906003
malware_none_Geodo.pcap	tcp_1392,4,0,,0,0,0.99507904
malware_none_Geodo.pcap	tcp_723,4,0,,0,0,0.99826074
malware_none_Geodo.pcap	tcp_724,4,0,,0,0,0.95346695
malware_none_Geodo.pcap	tcp_2149,4,0,,0,0,0.9989723
malware_none_Geodo.pcap	tcp_1669,4,0,,0,0,0.9986432
malware_none_Geodo.pcap	tcp_727,4,0,,0,0,0.9995601
malware_none_Geodo.pcap	tcp_1520,4,0,,0,0,0.97426885
malware_none_Geodo.pcap	tcp_730,4,0,,0,0,0.99855655
malware_none_Geodo.pcap	tcp_1020,4,0,,0,0,0.99931526
malware_none_Geodo.pcap	tcp_2508,4,0,,0,0,0.99777573
malware_none_Geodo.pcap	tcp_2875,4,0,,0,0,0.6607972
malware_none_Geodo.pcap	tcp_2179,4,0,,0,0,0.9992846
malware_none_Geodo.pcap	tcp_1694,4,0,,0,0,0.9993799
malware_none_Geodo.pcap	tcp_737,4,0,,0,0,0.9992064
malware_none_Geodo.pcap	tcp_738,4,0,,0,0,0.9993274
malware_none_Geodo.pcap	tcp_1899,4,0,,0,0,0.99852175
malware_none_Geodo.pcap	tcp_2476,4,0,,0,0,0.9985298
malware_none_Geodo.pcap	tcp_2114,4,0,,0,0,0.99569637
malware_none_Geodo.pcap	tcp_2102,4,0,,0,0,0.9987809
malware_none_Geodo.pcap	tcp_745,4,0,,0,0,0.99954337
malware_none_Geodo.pcap	tcp_747,4,0,,0,0,0.9991391
malware_none_Geodo.pcap	tcp_1973,4,0,,0,0,0.9978835
malware_none_Geodo.pcap	tcp_2844,4,0,,0,0,0.99486977
malware_none_Geodo.pcap	tcp_2098,4,0,,0,0,0.9994412
malware_none_Geodo.pcap	tcp_751,4,0,,0,0,0.99926335
malware_none_Geodo.pcap	tcp_752,4,0,,0,0,0.9993906
malware_none_Geodo.pcap	tcp_2673,4,0,,0,0,0.9979856
malware_none_Geodo.pcap	tcp_2373,4,0,,0,0,0.99931043
malware_none_Geodo.pcap	tcp_756,4,0,,0,0,0.9994384
malware_none_Geodo.pcap	tcp_757,4,0,,0,0,0.9462094
malware_none_Geodo.pcap	tcp_1018,4,0,,0,0,0.9984181
malware_none_Geodo.pcap	tcp_2667,4,0,,0,0,0.9984132
malware_none_Geodo.pcap	tcp_1538,4,0,,0,0,0.97025144
malware_none_Geodo.pcap	tcp_761,4,0,,0,0,0.19893543
malware_none_Geodo.pcap	tcp_762,4,0,,0,0,0.99806154
malware_none_Geodo.pcap	tcp_2924,4,0,,1,0,0.058307942
malware_none_Geodo.pcap	tcp_765,4,0,,0,0,0.9990072
malware_none_Geodo.pcap	tcp_767,4,0,,0,0,0.99898213
malware_none_Geodo.pcap	tcp_1891,4,0,,0,0,0.99927634
malware_none_Geodo.pcap	tcp_1162,4,0,,0,0,0.99953794
malware_none_Geodo.pcap	tcp_771,4,0,,0,0,0.9987263
malware_none_Geodo.pcap	tcp_2814,4,0,,0,0,0.33068871
malware_none_Geodo.pcap	tcp_1920,4,0,,0,0,0.9945082
malware_none_Geodo.pcap	tcp_2912,4,0,,0,0,0.99795264
malware_none_Geodo.pcap	tcp_777,4,0,,0,0,0.99844223
malware_none_Geodo.pcap	tcp_1395,4,0,,0,0,0.97549367
malware_none_Geodo.pcap	tcp_2195,4,0,,0,0,0.9994068
malware_none_Geodo.pcap	tcp_2789,4,0,,0,0,0.9905979
malware_none_Geodo.pcap	tcp_781,4,0,,0,0,0.99790454
malware_none_Geodo.pcap	tcp_782,4,0,,0,0,0.99891156
malware_none_Geodo.pcap	tcp_784,4,0,,0,0,0.99922264
malware_none_Geodo.pcap	tcp_2107,4,0,,0,0,0.99820006
malware_none_Geodo.pcap	tcp_1322,4,0,,1,0,0.04720334
malware_none_Geodo.pcap	tcp_1285,4,0,,0,0,0.9627074
malware_none_Geodo.pcap	tcp_789,4,0,,0,0,0.99963737
malware_none_Geodo.pcap	tcp_1861,4,0,,0,0,0.37296233
malware_none_Geodo.pcap	tcp_1006,4,0,,0,0,0.9985085
malware_none_Geodo.pcap	tcp_792,4,0,,0,0,0.9991905
malware_none_Geodo.pcap	tcp_1072,4,0,,0,0,0.99746644
malware_none_Geodo.pcap	tcp_794,4,0,,0,0,0.91342896
malware_none_Geodo.pcap	tcp_1442,4,0,,0,0,0.99879116
malware_none_Geodo.pcap	tcp_1147,4,0,,0,0,0.99938524
malware_none_Geodo.pcap	tcp_2779,4,0,,0,0,0.9994221
malware_none_Geodo.pcap	tcp_799,4,0,,0,0,0.99974865
malware_none_Geodo.pcap	tcp_2751,4,0,,0,0,0.9985447
malware_none_Geodo.pcap	tcp_1058,4,0,,0,0,0.91007215
malware_none_Geodo.pcap	tcp_1114,4,0,,0,0,0.9987808
malware_none_Geodo.pcap	tcp_803,4,0,,0,0,0.99776685
malware_none_Geodo.pcap	tcp_1266,4,0,,0,0,0.99941176
malware_none_Geodo.pcap	tcp_2724,4,0,,0,0,0.99876577
malware_none_Geodo.pcap	tcp_1737,4,0,,0,0,0.9993161
malware_none_Geodo.pcap	tcp_1400,4,0,,0,0,0.99952185
malware_none_Geodo.pcap	tcp_2859,4,0,,0,0,0.9984114
malware_none_Geodo.pcap	tcp_2740,4,0,,0,0,0.99772984
malware_none_Geodo.pcap	tcp_2691,4,0,,0,0,0.99900395
malware_none_Geodo.pcap	tcp_2652,4,0,,0,0,0.9993017
malware_none_Geodo.pcap	tcp_816,4,0,,0,0,0.9533464
malware_none_Geodo.pcap	tcp_818,4,0,,0,0,0.9994923
malware_none_Geodo.pcap	tcp_2091,4,0,,0,0,0.99922186
malware_none_Geodo.pcap	tcp_2542,4,0,,0,0,0.99879056
malware_none_Geodo.pcap	tcp_1585,4,0,,0,0,0.99883807
malware_none_Geodo.pcap	tcp_1157,4,0,,0,0,0.5392962
malware_none_Geodo.pcap	tcp_2890,4,0,,0,0,0.9989773
malware_none_Geodo.pcap	tcp_1686,4,0,,0,0,0.9992427
malware_none_Geodo.pcap	tcp_2799,4,0,,0,0,0.9988764
malware_none_Geodo.pcap	tcp_826,4,0,,0,0,0.99288577
malware_none_Geodo.pcap	tcp_827,4,0,,0,0,0.8980211
malware_none_Geodo.pcap	tcp_1476,4,0,,1,0,0.043064926
malware_none_Geodo.pcap	tcp_1446,4,0,,0,0,0.998919
malware_none_Geodo.pcap	tcp_2608,4,0,,0,0,0.9995522
malware_none_Geodo.pcap	tcp_834,4,0,,0,0,0.58100617
malware_none_Geodo.pcap	tcp_837,4,0,,0,0,0.9983828
malware_none_Geodo.pcap	tcp_1998,4,0,,0,0,0.99832547
malware_none_Geodo.pcap	tcp_2546,4,0,,0,0,0.9982628
malware_none_Geodo.pcap	tcp_2981,4,0,,0,0,0.9396905
malware_none_Geodo.pcap	tcp_841,4,0,,0,0,0.9993429
malware_none_Geodo.pcap	tcp_842,4,0,,0,0,0.99664986
malware_none_Geodo.pcap	tcp_2065,4,0,,0,0,0.99857336
malware_none_Geodo.pcap	tcp_1681,4,0,,0,0,0.5131091
malware_none_Geodo.pcap	tcp_2699,4,0,,0,0,0.9985574
malware_none_Geodo.pcap	tcp_2375,4,0,,0,0,0.99915653
malware_none_Geodo.pcap	tcp_2711,4,0,,0,0,0.99940777
malware_none_Geodo.pcap	tcp_849,4,0,,0,0,0.18825482
malware_none_Geodo.pcap	tcp_2066,4,0,,0,0,0.7710133
malware_none_Geodo.pcap	tcp_1707,4,0,,0,0,0.06299751
malware_none_Geodo.pcap	tcp_1038,4,0,,0,0,0.99926955
malware_none_Geodo.pcap	tcp_2210,4,0,,0,0,0.9985974
malware_none_Geodo.pcap	tcp_855,4,0,,0,0,0.9995851
malware_none_Geodo.pcap	tcp_2704,4,0,,0,0,0.8297405
malware_none_Geodo.pcap	tcp_2917,4,0,,0,0,0.9741698
malware_none_Geodo.pcap	tcp_1489,4,0,,0,0,0.99884015
malware_none_Geodo.pcap	tcp_1695,4,0,,0,0,0.99929357
malware_none_Geodo.pcap	tcp_1258,4,0,,0,0,0.9985299
malware_none_Geodo.pcap	tcp_1900,4,0,,0,0,0.9975221
malware_none_Geodo.pcap	tcp_863,4,0,,0,0,0.99896646
malware_none_Geodo.pcap	tcp_1034,4,0,,0,0,0.99169207
malware_none_Geodo.pcap	tcp_1698,4,0,,0,0,0.99744296
malware_none_Geodo.pcap	tcp_2167,4,0,,0,0,0.8806752
malware_none_Geodo.pcap	tcp_2212,4,0,,0,0,0.99885654
malware_none_Geodo.pcap	tcp_869,4,0,,0,0,0.9988918
malware_none_Geodo.pcap	tcp_1975,4,0,,0,0,0.99930286
malware_none_Geodo.pcap	tcp_1984,4,0,,0,0,0.999079
malware_none_Geodo.pcap	tcp_873,4,0,,0,0,0.9994934
malware_none_Geodo.pcap	tcp_876,4,0,,0,0,0.99840325
malware_none_Geodo.pcap	tcp_1277,4,0,,0,0,0.99762636
malware_none_Geodo.pcap	tcp_1304,4,0,,0,0,0.9979321
malware_none_Geodo.pcap	tcp_2123,4,0,,0,0,0.9850383
malware_none_Geodo.pcap	tcp_880,4,0,,0,0,0.9996389
malware_none_Geodo.pcap	tcp_881,4,0,,0,0,0.99890894
malware_none_Geodo.pcap	tcp_2710,4,0,,0,0,0.99296856
malware_none_Geodo.pcap	tcp_1262,4,0,,0,0,0.9991704
malware_none_Geodo.pcap	tcp_2663,4,0,,0,0,0.9989108
malware_none_Geodo.pcap	tcp_886,4,0,,0,0,0.995909
malware_none_Geodo.pcap	tcp_2320,4,0,,0,0,0.9994982
malware_none_Geodo.pcap	tcp_888,4,0,,0,0,0.9994535
malware_none_Geodo.pcap	tcp_889,4,0,,0,0,0.92830276
malware_none_Geodo.pcap	tcp_1522,4,0,,0,0,0.99921626
malware_none_Geodo.pcap	tcp_892,4,0,,0,0,0.99790365
malware_none_Geodo.pcap	tcp_1104,4,0,,0,0,0.99867
malware_none_Geodo.pcap	tcp_2053,4,0,,0,0,0.99943167
malware_none_Geodo.pcap	tcp_895,4,0,,0,0,0.9992318
malware_none_Geodo.pcap	tcp_2273,4,0,,0,0,0.99949145
malware_none_Geodo.pcap	tcp_2528,4,0,,0,0,0.11813349
malware_none_Geodo.pcap	tcp_899,4,0,,0,0,0.9994563
malware_none_Geodo.pcap	tcp_900,4,0,,0,0,0.9255346
malware_none_Geodo.pcap	tcp_1869,4,0,,0,0,0.999607
malware_none_Geodo.pcap	tcp_902,4,0,,0,0,0.9994529
malware_none_Geodo.pcap	tcp_1357,4,0,,0,0,0.998378
malware_none_Geodo.pcap	tcp_2585,4,0,,0,0,0.997988
malware_none_Geodo.pcap	tcp_906,4,0,,0,0,0.9994703
malware_none_Geodo.pcap	tcp_907,4,0,,0,0,0.9992863
malware_none_Geodo.pcap	tcp_1766,4,0,,0,0,0.95507425
malware_none_Geodo.pcap	tcp_1817,4,0,,0,0,0.502799
malware_none_Geodo.pcap	tcp_1516,4,0,,0,0,0.9874445
malware_none_Geodo.pcap	tcp_914,4,0,,0,0,0.9975383
malware_none_Geodo.pcap	tcp_1905,4,0,,0,0,0.82725716
malware_none_Geodo.pcap	tcp_917,4,0,,0,0,0.99862057
malware_none_Geodo.pcap	tcp_2818,4,0,,0,0,0.94415987
malware_none_Geodo.pcap	tcp_1402,4,0,,0,0,0.9994628
malware_none_Geodo.pcap	tcp_1438,4,0,,0,0,0.9995736
malware_none_Geodo.pcap	tcp_1063,4,0,,0,0,0.99860567
malware_none_Geodo.pcap	tcp_923,4,0,,0,0,0.99913186
malware_none_Geodo.pcap	tcp_1399,4,0,,0,0,0.8721746
malware_none_Geodo.pcap	tcp_1298,4,0,,0,0,0.99841374
malware_none_Geodo.pcap	tcp_1649,4,0,,0,0,0.9995091
malware_none_Geodo.pcap	tcp_2182,4,0,,0,0,0.99817264
malware_none_Geodo.pcap	tcp_1637,4,0,,0,0,0.8992584
malware_none_Geodo.pcap	tcp_930,4,0,,0,0,0.9884113
malware_none_Geodo.pcap	tcp_2612,4,0,,0,0,0.99697185
malware_none_Geodo.pcap	tcp_932,4,0,,0,0,0.9993789
malware_none_Geodo.pcap	tcp_1859,4,0,,0,0,0.9579129
malware_none_Geodo.pcap	tcp_2776,4,0,,0,0,0.40015337
malware_none_Geodo.pcap	tcp_2136,4,0,,0,0,0.95781016
malware_none_Geodo.pcap	tcp_1382,4,0,,0,0,0.9996071
malware_none_Geodo.pcap	tcp_2852,4,0,,0,0,0.9982268
malware_none_Geodo.pcap	tcp_941,4,0,,0,0,0.9057336
malware_none_Geodo.pcap	tcp_1380,4,0,,0,0,0.99950475
malware_none_Geodo.pcap	tcp_1732,4,0,,0,0,0.99986005
malware_none_Geodo.pcap	tcp_945,4,0,,0,0,0.9990302
malware_none_Geodo.pcap	tcp_2146,4,0,,0,0,0.998283
malware_none_Geodo.pcap	tcp_1780,4,0,,0,0,0.882728
malware_none_Geodo.pcap	tcp_1220,4,0,,0,0,0.9988844
malware_none_Geodo.pcap	tcp_2580,4,0,,0,0,0.9826157
malware_none_Geodo.pcap	tcp_956,4,0,,0,0,0.9991979
malware_none_Geodo.pcap	tcp_2512,4,0,,0,0,0.99943215
malware_none_Geodo.pcap	tcp_1151,4,0,,0,0,0.9971044
malware_none_Geodo.pcap	tcp_959,4,0,,0,0,0.8158004
malware_none_Geodo.pcap	tcp_1624,4,0,,0,0,0.99909294
malware_none_Geodo.pcap	tcp_1257,4,0,,0,0,0.9993975
malware_none_Geodo.pcap	tcp_1800,4,0,,0,0,0.9993334
malware_none_Geodo.pcap	tcp_1808,4,0,,0,0,0.9993838
malware_none_Geodo.pcap	tcp_2837,4,0,,0,0,0.9984576
malware_none_Geodo.pcap	tcp_966,4,0,,0,0,0.34713626
malware_none_Geodo.pcap	tcp_967,4,0,,0,0,0.9981686
malware_none_Geodo.pcap	tcp_1616,4,0,,0,0,0.9994106
malware_none_Geodo.pcap	tcp_1810,4,0,,0,0,0.9976883
malware_none_Geodo.pcap	tcp_971,4,0,,0,0,0.9989349
malware_none_Geodo.pcap	tcp_972,4,0,,0,0,0.9984149
malware_none_Geodo.pcap	tcp_973,4,0,,0,0,0.99879825
malware_none_Geodo.pcap	tcp_1617,4,0,,0,0,0.999164
malware_none_Geodo.pcap	tcp_976,4,0,,0,0,0.99882656
malware_none_Geodo.pcap	tcp_977,4,0,,0,0,0.8808408
malware_none_Geodo.pcap	tcp_980,4,0,,0,0,0.9984921
malware_none_Geodo.pcap	tcp_1054,4,0,,0,0,0.5499001
benign_none_MySQL.pcap	tcp_1,8,0,,0,0,0.99874914
benign_none_MySQL.pcap	tcp_2325,8,0,,0,0,0.9942305
benign_none_MySQL.pcap	tcp_2510,8,0,,0,0,0.9936217
benign_none_MySQL.pcap	tcp_1389,8,0,,0,0,0.9979736
benign_none_MySQL.pcap	tcp_7,8,0,,0,0,0.21810181
benign_none_MySQL.pcap	tcp_1888,8,0,,0,0,0.99559885
benign_none_MySQL.pcap	tcp_2567,8,0,,0,0,0.99739754
benign_none_MySQL.pcap	tcp_1550,8,0,,0,0,0.9969163
benign_none_MySQL.pcap	tcp_1946,8,0,,0,0,0.99684554
benign_none_MySQL.pcap	tcp_2609,8,0,,0,0,0.99836963
benign_none_MySQL.pcap	tcp_1903,8,0,,0,0,0.9988841
benign_none_MySQL.pcap	tcp_2123,8,0,,0,0,0.99806327
benign_none_MySQL.pcap	tcp_2746,8,0,,0,0,0.9987299
benign_none_MySQL.pcap	tcp_21,8,0,,0,0,0.9907149
benign_none_MySQL.pcap	tcp_1340,8,0,,0,0,0.9987784
benign_none_MySQL.pcap	tcp_2416,8,0,,0,0,0.9982819
benign_none_MySQL.pcap	tcp_1332,8,0,,0,0,0.99624264
benign_none_MySQL.pcap	tcp_2606,8,0,,0,0,0.9979601
benign_none_MySQL.pcap	tcp_2585,8,0,,0,0,0.998842
benign_none_MySQL.pcap	tcp_27,8,0,,0,0,0.99827754
benign_none_MySQL.pcap	tcp_1046,8,0,,0,0,0.9982878
benign_none_MySQL.pcap	tcp_2506,8,0,,0,0,0.99779934
benign_none_MySQL.pcap	tcp_1587,8,0,,0,0,0.9982411
benign_none_MySQL.pcap	tcp_31,8,0,,0,0,0.9979056
benign_none_MySQL.pcap	tcp_1488,8,0,,0,0,0.9977476
benign_none_MySQL.pcap	tcp_2277,8,0,,0,0,0.9966043
benign_none_MySQL.pcap	tcp_2691,8,0,,0,0,0.9949275
benign_none_MySQL.pcap	tcp_35,8,0,,0,0,0.9750769
benign_none_MySQL.pcap	tcp_36,8,0,,0,0,0.9995177
benign_none_MySQL.pcap	tcp_37,8,0,,0,0,0.99840885
benign_none_MySQL.pcap	tcp_2509,8,0,,0,0,0.9985028
benign_none_MySQL.pcap	tcp_1452,8,0,,0,0,0.9984836
benign_none_MySQL.pcap	tcp_40,8,0,,0,0,0.9964498
benign_none_MySQL.pcap	tcp_1176,8,0,,0,0,0.9990049
benign_none_MySQL.pcap	tcp_42,8,0,,0,0,0.7936224
benign_none_MySQL.pcap	tcp_1554,8,0,,0,0,0.9940001
benign_none_MySQL.pcap	tcp_2405,8,0,,0,0,0.9983069
benign_none_MySQL.pcap	tcp_46,8,0,,0,0,0.14845246
benign_none_MySQL.pcap	tcp_1300,8,0,,0,0,0.9985061
benign_none_MySQL.pcap	tcp_2388,8,0,,0,0,0.99808526
benign_none_MySQL.pcap	tcp_2126,8,0,,0,0,0.9992053
benign_none_MySQL.pcap	tcp_2642,8,0,,0,0,0.9977127
benign_none_MySQL.pcap	tcp_52,8,0,,0,0,0.12983009
benign_none_MySQL.pcap	udp_189,8,0,,0,0,0.9963876
benign_none_MySQL.pcap	tcp_1748,8,0,,0,0,0.9866566
benign_none_MySQL.pcap	tcp_55,8,0,,0,0,0.99811065
benign_none_MySQL.pcap	tcp_1513,8,0,,0,0,0.9983748
benign_none_MySQL.pcap	tcp_1939,8,0,,0,0,0.99795735
benign_none_MySQL.pcap	tcp_59,8,0,,0,0,0.99808735
benign_none_MySQL.pcap	tcp_1981,8,0,,0,0,0.9982456
benign_none_MySQL.pcap	tcp_1567,8,0,,0,0,0.9988906
benign_none_MySQL.pcap	tcp_62,8,0,,0,0,0.99872893
benign_none_MySQL.pcap	tcp_1258,8,0,,0,0,0.9988012
benign_none_MySQL.pcap	tcp_945,8,0,,0,0,0.9989531
benign_none_MySQL.pcap	tcp_68,8,0,,0,0,0.9965592
benign_none_MySQL.pcap	tcp_69,8,0,,0,0,0.9988596
benign_none_MySQL.pcap	tcp_71,8,0,,0,0,0.9924041
benign_none_MySQL.pcap	tcp_2460,8,0,,0,0,0.99926275
benign_none_MySQL.pcap	tcp_74,8,0,,0,0,0.9950283
benign_none_MySQL.pcap	tcp_1284,8,0,,0,0,0.99711335
benign_none_MySQL.pcap	udp_188,8,0,,0,0,0.9978537
benign_none_MySQL.pcap	tcp_943,8,0,,0,0,0.9979493
benign_none_MySQL.pcap	udp_121,8,0,,0,0,0.9978085
benign_none_MySQL.pcap	tcp_1112,8,0,,0,0,0.9963432
benign_none_MySQL.pcap	tcp_2468,8,0,,0,0,0.98925275
benign_none_MySQL.pcap	tcp_1766,8,0,,0,0,0.99737716
benign_none_MySQL.pcap	tcp_82,8,0,,0,0,0.99813205
benign_none_MySQL.pcap	tcp_2605,8,0,,0,0,0.99873424
benign_none_MySQL.pcap	tcp_2580,8,0,,0,0,0.9968521
benign_none_MySQL.pcap	tcp_86,8,0,,0,0,0.99844563
benign_none_MySQL.pcap	tcp_87,8,0,,0,0,0.99945086
benign_none_MySQL.pcap	tcp_89,8,0,,0,0,0.99759775
benign_none_MySQL.pcap	tcp_2648,8,0,,0,0,0.99949497
benign_none_MySQL.pcap	tcp_1131,8,0,,0,0,0.9996532
benign_none_MySQL.pcap	tcp_1005,8,0,,0,0,0.9939389
benign_none_MySQL.pcap	tcp_1906,8,0,,0,0,0.99464154
benign_none_MySQL.pcap	tcp_97,8,0,,0,0,0.9959551
benign_none_MySQL.pcap	tcp_2397,8,0,,0,0,0.99838495
benign_none_MySQL.pcap	tcp_102,8,0,,0,0,0.998862
benign_none_MySQL.pcap	tcp_1348,8,0,,0,0,0.99894816
benign_none_MySQL.pcap	tcp_1317,8,0,,0,0,0.9991975
benign_none_MySQL.pcap	udp_117,8,0,,0,0,0.99759287
benign_none_MySQL.pcap	tcp_1709,8,0,,0,0,0.9993097
benign_none_MySQL.pcap	tcp_2110,8,0,,0,0,0.9986307
benign_none_MySQL.pcap	tcp_114,8,0,,0,0,0.9991525
benign_none_MySQL.pcap	tcp_115,8,0,,0,0,0.9983178
benign_none_MySQL.pcap	tcp_1072,8,0,,0,0,0.7783243
benign_none_MySQL.pcap	tcp_2497,8,0,,0,0,0.9986117
benign_none_MySQL.pcap	tcp_1260,8,0,,0,0,0.9983102
benign_none_MySQL.pcap	tcp_2767,8,0,,0,0,0.9973973
benign_none_MySQL.pcap	tcp_120,8,0,,0,0,0.9986933
benign_none_MySQL.pcap	tcp_121,8,0,,0,0,0.9984882
benign_none_MySQL.pcap	tcp_2276,8,0,,0,0,0.9943105
benign_none_MySQL.pcap	tcp_2198,8,0,,0,0,0.9981421
benign_none_MySQL.pcap	tcp_2019,8,0,,0,0,0.9982482
benign_none_MySQL.pcap	tcp_1397,8,0,,0,0,0.9986584
benign_none_MySQL.pcap	tcp_2773,8,0,,0,0,0.9983335
benign_none_MySQL.pcap	tcp_2502,8,0,,0,0,0.9973266
benign_none_MySQL.pcap	tcp_939,8,0,,0,0,0.9976507
benign_none_MySQL.pcap	tcp_2216,8,0,,0,0,0.9975405
benign_none_MySQL.pcap	tcp_1076,8,0,,0,0,0.9976882
benign_none_MySQL.pcap	udp_160,8,0,,0,0,0.99791735
benign_none_MySQL.pcap	tcp_1732,8,0,,0,0,0.9976344
benign_none_MySQL.pcap	tcp_1109,8,0,,0,0,0.99413717
benign_none_MySQL.pcap	tcp_2607,8,0,,0,0,0.9954412
benign_none_MySQL.pcap	tcp_1442,8,0,,0,0,0.9978743
benign_none_MySQL.pcap	tcp_1095,8,0,,0,0,0.999323
benign_none_MySQL.pcap	tcp_1959,8,0,,0,0,0.9970926
benign_none_MySQL.pcap	tcp_2340,8,0,,0,0,0.9978883
benign_none_MySQL.pcap	tcp_1103,8,0,,0,0,0.99776053
benign_none_MySQL.pcap	udp_190,8,0,,0,0,0.998292
benign_none_MySQL.pcap	tcp_1987,8,0,,0,0,0.99602306
benign_none_MySQL.pcap	tcp_149,8,0,,0,0,0.9972934
benign_none_MySQL.pcap	tcp_150,8,0,,0,0,0.9958241
benign_none_MySQL.pcap	tcp_1432,8,0,,0,0,0.99605685
benign_none_MySQL.pcap	tcp_152,8,0,,0,0,0.9984989
benign_none_MySQL.pcap	tcp_153,8,0,,0,0,0.99751747
benign_none_MySQL.pcap	tcp_1454,8,0,,0,0,0.9990023
benign_none_MySQL.pcap	tcp_155,8,0,,0,0,0.99823135
benign_none_MySQL.pcap	tcp_1137,8,0,,0,0,0.9990408
benign_none_MySQL.pcap	tcp_1421,8,0,,0,0,0.99847376
benign_none_MySQL.pcap	tcp_2684,8,0,,0,0,0.9995111
benign_none_MySQL.pcap	tcp_159,8,0,,0,0,0.99840224
benign_none_MySQL.pcap	tcp_2643,8,0,,0,0,0.9988971
benign_none_MySQL.pcap	tcp_161,8,0,,0,0,0.9974329
benign_none_MySQL.pcap	tcp_163,8,0,,0,0,0.9875006
benign_none_MySQL.pcap	tcp_164,8,0,,0,0,0.99787813
benign_none_MySQL.pcap	tcp_1205,8,0,,0,0,0.99216753
benign_none_MySQL.pcap	tcp_2050,8,0,,0,0,0.9992501
benign_none_MySQL.pcap	tcp_2448,8,0,,0,0,0.99910605
benign_none_MySQL.pcap	tcp_1031,8,0,,0,0,0.9973448
benign_none_MySQL.pcap	tcp_1652,8,0,,0,0,0.99578553
benign_none_MySQL.pcap	tcp_171,8,0,,0,0,0.9966461
benign_none_MySQL.pcap	tcp_1193,8,0,,0,0,0.99725777
benign_none_MySQL.pcap	tcp_173,8,0,,0,0,0.9984824
benign_none_MySQL.pcap	tcp_2146,8,0,,0,0,0.9974011
benign_none_MySQL.pcap	udp_12,8,0,,0,0,0.99756455
benign_none_MySQL.pcap	tcp_1101,8,0,,0,0,0.9991628
benign_none_MySQL.pcap	tcp_1472,8,0,,0,0,0.99922436
benign_none_MySQL.pcap	tcp_952,8,0,,0,0,0.99202794
benign_none_MySQL.pcap	tcp_178,8,0,,0,0,0.9986386
benign_none_MySQL.pcap	tcp_1462,8,0,,0,0,0.9997542
benign_none_MySQL.pcap	tcp_180,8,0,,0,0,0.9985501
benign_none_MySQL.pcap	tcp_1398,8,0,,0,0,0.99723184
benign_none_MySQL.pcap	tcp_1790,8,0,,0,0,0.9985933
benign_none_MySQL.pcap	tcp_184,8,0,,0,0,0.99749684
benign_none_MySQL.pcap	tcp_2006,8,0,,0,0,0.99475634
benign_none_MySQL.pcap	tcp_1853,8,0,,0,0,0.99786717
benign_none_MySQL.pcap	tcp_1342,8,0,,0,0,0.9988606
benign_none_MySQL.pcap	tcp_984,8,0,,0,0,0.99286276
benign_none_MySQL.pcap	tcp_1035,8,0,,0,0,0.99866617
benign_none_MySQL.pcap	tcp_2119,8,0,,0,0,0.9987363
benign_none_MySQL.pcap	tcp_982,8,0,,0,0,0.999166
benign_none_MySQL.pcap	tcp_2381,8,0,,0,0,0.9975823
benign_none_MySQL.pcap	tcp_987,8,0,,0,0,0.9989026
benign_none_MySQL.pcap	tcp_204,8,0,,0,0,0.9938619
benign_none_MySQL.pcap	tcp_1897,8,0,,0,0,0.9969547
benign_none_MySQL.pcap	udp_136,8,0,,0,0,0.99668574
benign_none_MySQL.pcap	tcp_1956,8,0,,0,0,0.9988362
benign_none_MySQL.pcap	tcp_208,8,0,,0,0,0.99776995
benign_none_MySQL.pcap	tcp_2221,8,0,,0,0,0.99881005
benign_none_MySQL.pcap	tcp_214,8,0,,0,0,0.99717075
benign_none_MySQL.pcap	tcp_218,8,0,,0,0,0.9958668
benign_none_MySQL.pcap	tcp_1715,8,0,,0,0,0.9983246
benign_none_MySQL.pcap	tcp_2298,8,0,,0,0,0.99816257
benign_none_MySQL.pcap	udp_143,8,0,,0,0,0.99745476
benign_none_MySQL.pcap	udp_14,8,0,,0,0,0.9967285
benign_none_MySQL.pcap	tcp_1642,8,0,,0,0,0.9876857
benign_none_MySQL.pcap	udp_148,8,0,,0,0,0.99747366
benign_none_MySQL.pcap	tcp_2181,8,0,,0,0,0.99880695
benign_none_MySQL.pcap	tcp_2641,8,0,,0,0,0.99808323
benign_none_MySQL.pcap	tcp_225,8,0,,0,0,0.9983281
benign_none_MySQL.pcap	tcp_228,8,0,,0,0,0.9953922
benign_none_MySQL.pcap	tcp_229,8,0,,0,0,0.9976575
benign_none_MySQL.pcap	tcp_1957,8,0,,0,0,0.99398935
benign_none_MySQL.pcap	tcp_1098,8,0,,0,0,0.9981271
benign_none_MySQL.pcap	tcp_232,8,0,,0,0,0.9984297
benign_none_MySQL.pcap	tcp_1997,8,0,,0,0,0.9966473
benign_none_MySQL.pcap	tcp_235,8,0,,0,0,0.9971444
benign_none_MySQL.pcap	tcp_236,8,0,,0,0,0.9972511
benign_none_MySQL.pcap	udp_157,8,0,,0,0,0.99804854
benign_none_MySQL.pcap	tcp_238,8,0,,0,0,0.9982861
benign_none_MySQL.pcap	tcp_1353,8,0,,0,0,0.99851906
benign_none_MySQL.pcap	tcp_2689,8,0,,0,0,0.9980609
benign_none_MySQL.pcap	tcp_1417,8,0,,0,0,0.9985046
benign_none_MySQL.pcap	tcp_2467,8,0,,0,0,0.9980293
benign_none_MySQL.pcap	tcp_1060,8,0,,0,0,0.96034557
benign_none_MySQL.pcap	tcp_245,8,0,,0,0,0.99882084
benign_none_MySQL.pcap	tcp_2701,8,0,,0,0,0.99926716
benign_none_MySQL.pcap	tcp_248,8,0,,0,0,0.99838686
benign_none_MySQL.pcap	tcp_249,8,0,,0,0,0.9989764
benign_none_MySQL.pcap	tcp_250,8,0,,0,0,0.9947458
benign_none_MySQL.pcap	tcp_1829,8,0,,0,0,0.9955207
benign_none_MySQL.pcap	tcp_252,8,0,,0,0,0.99895155
benign_none_MySQL.pcap	tcp_2731,8,0,,0,0,0.9985129
benign_none_MySQL.pcap	tcp_1337,8,0,,0,0,0.99639493
benign_none_MySQL.pcap	tcp_2239,8,0,,0,0,0.8842024
benign_none_MySQL.pcap	tcp_1181,8,0,,0,0,0.99839824
benign_none_MySQL.pcap	udp_18,8,0,,0,0,0.9965348
benign_none_MySQL.pcap	tcp_2139,8,0,,0,0,0.99848753
benign_none_MySQL.pcap	udp_89,8,0,,0,0,0.99651223
benign_none_MySQL.pcap	tcp_2678,8,0,,0,0,0.9971425
benign_none_MySQL.pcap	tcp_261,8,0,,0,0,0.9984449
benign_none_MySQL.pcap	tcp_1852,8,0,,0,0,0.99772936
benign_none_MySQL.pcap	udp_186,8,0,,0,0,0.9963109
benign_none_MySQL.pcap	tcp_1373,8,0,,0,0,0.9979869
benign_none_MySQL.pcap	tcp_950,8,0,,0,0,0.9968982
benign_none_MySQL.pcap	tcp_267,8,0,,0,0,0.9985346
benign_none_MySQL.pcap	udp_19,8,0,,0,0,0.99704057
benign_none_MySQL.pcap	tcp_1870,8,0,,0,0,0.99108386
benign_none_MySQL.pcap	tcp_1926,8,0,,0,0,0.99733305
benign_none_MySQL.pcap	tcp_2101,8,0,,0,0,0.99932086
benign_none_MySQL.pcap	tcp_271,8,0,,0,0,0.9981117
benign_none_MySQL.pcap	tcp_273,8,0,,0,0,0.9988203
benign_none_MySQL.pcap	tcp_2774,8,0,,0,0,0.9994678
benign_none_MySQL.pcap	tcp_2457,8,0,,0,0,0.99873155
benign_none_MySQL.pcap	tcp_278,8,0,,0,0,0.9984947
benign_none_MySQL.pcap	tcp_2203,8,0,,0,0,0.9963901
benign_none_MySQL.pcap	tcp_1909,8,0,,0,0,0.99350506
benign_none_MySQL.pcap	tcp_2122,8,0,,0,0,0.99739766
benign_none_MySQL.pcap	tcp_2044,8,0,,0,0,0.9959132
benign_none_MySQL.pcap	tcp_1207,8,0,,0,0,0.9978986
benign_none_MySQL.pcap	udp_129,8,0,,0,0,0.99729234
benign_none_MySQL.pcap	tcp_2542,8,0,,0,0,0.9979519
benign_none_MySQL.pcap	tcp_286,8,0,,0,0,0.9955586
benign_none_MySQL.pcap	tcp_287,8,0,,0,0,0.99674594
benign_none_MySQL.pcap	tcp_288,8,0,,0,0,0.9978872
benign_none_MySQL.pcap	tcp_1962,8,0,,0,0,0.9949228
benign_none_MySQL.pcap	tcp_2135,8,0,,0,0,0.9968076
benign_none_MySQL.pcap	tcp_2727,8,0,,0,0,0.9969495
benign_none_MySQL.pcap	tcp_2154,8,0,,0,0,0.9965917
benign_none_MySQL.pcap	tcp_990,8,0,,0,0,0.99382776
benign_none_MySQL.pcap	tcp_297,8,0,,0,0,0.9960653
benign_none_MySQL.pcap	tcp_1440,8,0,,0,0,0.9973175
benign_none_MySQL.pcap	tcp_1535,8,0,,0,0,0.99918073
benign_none_MySQL.pcap	tcp_303,8,0,,0,0,0.9982887
benign_none_MySQL.pcap	tcp_930,8,0,,0,0,0.99120635
benign_none_MySQL.pcap	tcp_1925,8,0,,0,0,0.9984703
benign_none_MySQL.pcap	tcp_2356,8,0,,0,0,0.99709064
benign_none_MySQL.pcap	tcp_949,8,0,,0,0,0.99876404
benign_none_MySQL.pcap	udp_20,8,0,,0,0,0.99671257
benign_none_MySQL.pcap	tcp_2297,8,0,,0,0,0.98994267
benign_none_MySQL.pcap	udp_21,8,0,,0,0,0.9974681
benign_none_MySQL.pcap	tcp_1425,8,0,,0,0,0.9985594
benign_none_MySQL.pcap	tcp_1037,8,0,,0,0,0.99664426
benign_none_MySQL.pcap	tcp_2058,8,0,,0,0,0.99769247
benign_none_MySQL.pcap	tcp_2714,8,0,,0,0,0.99928397
benign_none_MySQL.pcap	tcp_1113,8,0,,0,0,0.99709356
benign_none_MySQL.pcap	tcp_2358,8,0,,0,0,0.9978196
benign_none_MySQL.pcap	tcp_1121,8,0,,0,0,0.9983582
benign_none_MySQL.pcap	tcp_2163,8,0,,0,0,0.9976342
benign_none_MySQL.pcap	tcp_319,8,0,,0,0,0.99220735
benign_none_MySQL.pcap	udp_137,8,0,,0,0,0.99635786
benign_none_MySQL.pcap	tcp_321,8,0,,0,0,0.9981273
benign_none_MySQL.pcap	udp_22,8,0,,0,0,0.9975312
benign_none_MySQL.pcap	tcp_2670,8,0,,0,0,0.99901414
benign_none_MySQL.pcap	tcp_2744,8,0,,0,0,0.9969888
benign_none_MySQL.pcap	tcp_1693,8,0,,0,0,0.99873465
benign_none_MySQL.pcap	tcp_328,8,0,,0,0,0.9990848
benign_none_MySQL.pcap	tcp_329,8,0,,0,0,0.99881303
benign_none_MySQL.pcap	tcp_1666,8,0,,0,0,0.9988098
benign_none_MySQL.pcap	tcp_2201,8,0,,0,0,0.9972309
benign_none_MySQL.pcap	tcp_1350,8,0,,0,0,0.9960591
benign_none_MySQL.pcap	tcp_2446,8,0,,0,0,0.99779725
benign_none_MySQL.pcap	tcp_336,8,0,,0,0,0.99772525
benign_none_MySQL.pcap	tcp_968,8,0,,0,0,0.99862385
benign_none_MySQL.pcap	tcp_1811,8,0,,0,0,0.9977604
benign_none_MySQL.pcap	tcp_1577,8,0,,0,0,0.9967452
benign_none_MySQL.pcap	tcp_1613,8,0,,0,0,0.99912834
benign_none_MySQL.pcap	tcp_1015,8,0,,0,0,0.9964773
benign_none_MySQL.pcap	tcp_1404,8,0,,0,0,0.9988328
benign_none_MySQL.pcap	tcp_344,8,0,,0,0,0.9968471
benign_none_MySQL.pcap	tcp_2489,8,0,,0,0,0.9983606
benign_none_MySQL.pcap	udp_85,8,0,,0,0,0.94192445
benign_none_MySQL.pcap	tcp_2106,8,0,,0,0,0.9983335
benign_none_MySQL.pcap	tcp_2513,8,0,,0,0,0.99839145
benign_none_MySQL.pcap	tcp_347,8,0,,0,0,0.99762946
benign_none_MySQL.pcap	tcp_1740,8,0,,0,0,0.99837774
benign_none_MySQL.pcap	tcp_2167,8,0,,0,0,0.99829775
benign_none_MySQL.pcap	tcp_2287,8,0,,0,0,0.9991365
benign_none_MySQL.pcap	tcp_1426,8,0,,0,0,0.9980623
benign_none_MySQL.pcap	tcp_353,8,0,,0,0,0.99965835
benign_none_MySQL.pcap	tcp_2332,8,0,,0,0,0.99944896
benign_none_MySQL.pcap	tcp_356,8,0,,0,0,0.9969502
benign_none_MySQL.pcap	tcp_357,8,0,,0,0,0.9992668
benign_none_MySQL.pcap	tcp_358,8,0,,0,0,0.99871045
benign_none_MySQL.pcap	tcp_359,8,0,,0,0,0.9983421
benign_none_MySQL.pcap	tcp_360,8,0,,0,0,0.9975541
benign_none_MySQL.pcap	tcp_2267,8,0,,0,0,0.99732745
benign_none_MySQL.pcap	tcp_363,8,0,,0,0,0.9962358
benign_none_MySQL.pcap	tcp_1757,8,0,,0,0,0.9966026
benign_none_MySQL.pcap	tcp_2306,8,0,,0,0,0.99646
benign_none_MySQL.pcap	tcp_1859,8,0,,0,0,0.9917174
benign_none_MySQL.pcap	tcp_998,8,0,,0,0,0.99694055
benign_none_MySQL.pcap	tcp_2622,8,0,,0,0,0.9983772
benign_none_MySQL.pcap	tcp_2331,8,0,,0,0,0.9981365
benign_none_MySQL.pcap	tcp_373,8,0,,0,0,0.99736905
benign_none_MySQL.pcap	udp_131,8,0,,0,0,0.9967583
benign_none_MySQL.pcap	tcp_1522,8,0,,0,0,0.9949726
benign_none_MySQL.pcap	tcp_378,8,0,,0,0,0.9954042
benign_none_MySQL.pcap	tcp_1172,8,0,,0,0,0.996429
benign_none_MySQL.pcap	tcp_380,8,0,,0,0,0.99652123
benign_none_MySQL.pcap	tcp_1066,8,0,,0,0,0.99783087
benign_none_MySQL.pcap	tcp_383,8,0,,0,0,0.9990126
benign_none_MySQL.pcap	tcp_384,8,0,,0,0,0.99899703
benign_none_MySQL.pcap	tcp_386,8,0,,0,0,0.9992447
benign_none_MySQL.pcap	tcp_387,8,0,,0,0,0.99835247
benign_none_MySQL.pcap	tcp_388,8,0,,0,0,0.9965297
benign_none_MySQL.pcap	tcp_2033,8,0,,0,0,0.9977
benign_none_MySQL.pcap	tcp_390,8,0,,0,0,0.998828
benign_none_MySQL.pcap	tcp_392,8,0,,0,0,0.9986957
benign_none_MySQL.pcap	tcp_393,8,0,,0,0,0.999093
benign_none_MySQL.pcap	udp_217,8,0,,0,0,0.9980752
benign_none_MySQL.pcap	tcp_1266,8,0,,0,0,0.99745715
benign_none_MySQL.pcap	tcp_397,8,0,,0,0,0.99756134
benign_none_MySQL.pcap	tcp_1127,8,0,,0,0,0.99110234
benign_none_MySQL.pcap	tcp_1042,8,0,,0,0,0.9992704
benign_none_MySQL.pcap	tcp_1862,8,0,,0,0,0.9977983
benign_none_MySQL.pcap	udp_170,8,0,,0,0,0.9975714
benign_none_MySQL.pcap	tcp_2757,8,0,,0,0,0.9975952
benign_none_MySQL.pcap	tcp_1954,8,0,,0,0,0.99677795
benign_none_MySQL.pcap	udp_28,8,0,,0,0,0.99809784
benign_none_MySQL.pcap	tcp_2599,8,0,,0,0,0.9962418
benign_none_MySQL.pcap	tcp_2378,8,0,,0,0,0.99881905
benign_none_MySQL.pcap	tcp_1644,8,0,,0,0,0.99580234
benign_none_MySQL.pcap	tcp_2309,8,0,,0,0,0.99762326
benign_none_MySQL.pcap	tcp_2046,8,0,,0,0,0.9961111
benign_none_MySQL.pcap	tcp_412,8,0,,0,0,0.98793
benign_none_MySQL.pcap	tcp_1625,8,0,,0,0,0.99852127
benign_none_MySQL.pcap	udp_79,8,0,,0,0,0.9977276
benign_none_MySQL.pcap	tcp_1623,8,0,,0,0,0.99919385
benign_none_MySQL.pcap	tcp_418,8,0,,0,0,0.99714476
benign_none_MySQL.pcap	tcp_419,8,0,,0,0,0.9986991
benign_none_MySQL.pcap	tcp_1303,8,0,,0,0,0.998111
benign_none_MySQL.pcap	udp_83,8,0,,0,0,0.97373533
benign_none_MySQL.pcap	tcp_421,8,0,,0,0,0.99579287
benign_none_MySQL.pcap	tcp_2347,8,0,,0,0,0.99538124
benign_none_MySQL.pcap	tcp_2443,8,0,,0,0,0.9972124
benign_none_MySQL.pcap	udp_123,8,0,,0,0,0.997346
benign_none_MySQL.pcap	tcp_426,8,0,,0,0,0.977665
benign_none_MySQL.pcap	tcp_2337,8,0,,0,0,0.99606884
benign_none_MySQL.pcap	tcp_430,8,0,,0,0,0.9974961
benign_none_MySQL.pcap	tcp_1655,8,0,,0,0,0.9978625
benign_none_MySQL.pcap	udp_191,8,0,,0,0,0.9973646
benign_none_MySQL.pcap	tcp_1807,8,0,,0,0,0.9974521
benign_none_MySQL.pcap	tcp_1473,8,0,,0,0,0.99467915
benign_none_MySQL.pcap	tcp_436,8,0,,0,0,0.99897146
benign_none_MySQL.pcap	tcp_1285,8,0,,0,0,0.99799144
benign_none_MySQL.pcap	tcp_2690,8,0,,0,0,0.99868494
benign_none_MySQL.pcap	tcp_1985,8,0,,0,0,0.9972589
benign_none_MySQL.pcap	tcp_1659,8,0,,0,0,0.99862397
benign_none_MySQL.pcap	tcp_2732,8,0,,0,0,0.9931694
benign_none_MySQL.pcap	tcp_1366,8,0,,0,0,0.99615854
benign_none_MySQL.pcap	tcp_445,8,0,,0,0,0.9978602
benign_none_MySQL.pcap	udp_158,8,0,,0,0,0.9977689
benign_none_MySQL.pcap	tcp_2350,8,0,,0,0,0.99636143
benign_none_MySQL.pcap	tcp_450,8,0,,0,0,0.9979713
benign_none_MySQL.pcap	tcp_452,8,0,,0,0,0.99867743
benign_none_MySQL.pcap	tcp_2718,8,0,,0,0,0.9981521
benign_none_MySQL.pcap	tcp_1377,8,0,,0,0,0.9976851
benign_none_MySQL.pcap	tcp_1288,8,0,,0,0,0.99630415
benign_none_MySQL.pcap	tcp_456,8,0,,0,0,0.9939413
benign_none_MySQL.pcap	tcp_460,8,0,,0,0,0.9978649
benign_none_MySQL.pcap	udp_105,8,0,,0,0,0.9967309
benign_none_MySQL.pcap	tcp_1607,8,0,,0,0,0.9983493
benign_none_MySQL.pcap	tcp_1276,8,0,,0,0,0.9974557
benign_none_MySQL.pcap	tcp_1077,8,0,,0,0,0.99834394
benign_none_MySQL.pcap	tcp_1357,8,0,,0,0,0.99674577
benign_none_MySQL.pcap	tcp_470,8,0,,0,0,0.9951631
benign_none_MySQL.pcap	tcp_1788,8,0,,0,0,0.99622405
benign_none_MySQL.pcap	udp_111,8,0,,0,0,0.9961965
benign_none_MySQL.pcap	tcp_1476,8,0,,0,0,0.99774855
benign_none_MySQL.pcap	tcp_475,8,0,,0,0,0.99879897
benign_none_MySQL.pcap	tcp_1877,8,0,,0,0,0.9978983
benign_none_MySQL.pcap	tcp_1116,8,0,,0,0,0.9978904
benign_none_MySQL.pcap	tcp_1783,8,0,,0,0,0.99746335
benign_none_MySQL.pcap	udp_33,8,0,,0,0,0.9965011
benign_none_MySQL.pcap	tcp_479,8,0,,0,0,0.9988724
benign_none_MySQL.pcap	tcp_2303,8,0,,0,0,0.9937833
benign_none_MySQL.pcap	tcp_1626,8,0,,0,0,0.9987456
benign_none_MySQL.pcap	tcp_2480,8,0,,0,0,0.996915
benign_none_MySQL.pcap	tcp_484,8,0,,0,0,0.99363667
benign_none_MySQL.pcap	tcp_1977,8,0,,0,0,0.9984158
benign_none_MySQL.pcap	tcp_487,8,0,,0,0,0.99707913
benign_none_MySQL.pcap	tcp_1400,8,0,,0,0,0.9988658
benign_none_MySQL.pcap	tcp_2574,8,0,,0,0,0.9991204
benign_none_MySQL.pcap	tcp_1437,8,0,,0,0,0.99866116
benign_none_MySQL.pcap	tcp_490,8,0,,0,0,0.9992341
benign_none_MySQL.pcap	tcp_2007,8,0,,0,0,0.9995209
benign_none_MySQL.pcap	tcp_1839,8,0,,0,0,0.99472874
benign_none_MySQL.pcap	tcp_1302,8,0,,0,0,0.99924207
benign_none_MySQL.pcap	tcp_1795,8,0,,0,0,0.998893
benign_none_MySQL.pcap	tcp_2021,8,0,,0,0,0.9972642
benign_none_MySQL.pcap	tcp_2390,8,0,,0,0,0.9994112
benign_none_MySQL.pcap	tcp_497,8,0,,0,0,0.98422384
benign_none_MySQL.pcap	tcp_2217,8,0,,0,0,0.99625176
benign_none_MySQL.pcap	udp_106,8,0,,0,0,0.9969098
benign_none_MySQL.pcap	tcp_500,8,0,,0,0,0.99698496
benign_none_MySQL.pcap	udp_36,8,0,,0,0,0.9964246
benign_none_MySQL.pcap	tcp_501,8,0,,0,0,0.9982566
benign_none_MySQL.pcap	tcp_502,8,0,,0,0,0.99867046
benign_none_MySQL.pcap	tcp_1548,8,0,,0,0,0.9979588
benign_none_MySQL.pcap	tcp_1964,8,0,,0,0,0.99786353
benign_none_MySQL.pcap	tcp_506,8,0,,0,0,0.995867
benign_none_MySQL.pcap	tcp_1646,8,0,,0,0,0.99822026
benign_none_MySQL.pcap	tcp_2474,8,0,,0,0,0.9979729
benign_none_MySQL.pcap	tcp_509,8,0,,0,0,0.9961429
benign_none_MySQL.pcap	tcp_1084,8,0,,0,0,0.9977291
benign_none_MySQL.pcap	tcp_1804,8,0,,0,0,0.99960107
benign_none_MySQL.pcap	tcp_2299,8,0,,0,0,0.9952314
benign_none_MySQL.pcap	tcp_512,8,0,,0,0,0.9975829
benign_none_MySQL.pcap	udp_78,8,0,,0,0,0.99787074
benign_none_MySQL.pcap	tcp_1325,8,0,,0,0,0.9983393
benign_none_MySQL.pcap	udp_144,8,0,,0,0,0.99684775
benign_none_MySQL.pcap	tcp_516,8,0,,0,0,0.99879056
benign_none_MySQL.pcap	udp_102,8,0,,0,0,0.9979802
benign_none_MySQL.pcap	tcp_2539,8,0,,0,0,0.9985391
benign_none_MySQL.pcap	tcp_1299,8,0,,0,0,0.99760103
benign_none_MySQL.pcap	tcp_1444,8,0,,0,0,0.999257
benign_none_MySQL.pcap	tcp_524,8,0,,0,0,0.99885964
benign_none_MySQL.pcap	tcp_526,8,0,,0,0,0.99855524
benign_none_MySQL.pcap	tcp_1860,8,0,,0,0,0.9993949
benign_none_MySQL.pcap	tcp_1690,8,0,,0,0,0.9962107
benign_none_MySQL.pcap	udp_38,8,0,,0,0,0.9979108
benign_none_MySQL.pcap	tcp_1290,8,0,,0,0,0.9982053
benign_none_MySQL.pcap	tcp_531,8,0,,0,0,0.9991439
benign_none_MySQL.pcap	tcp_1263,8,0,,0,0,0.9985183
benign_none_MySQL.pcap	tcp_1372,8,0,,0,0,0.9968548
benign_none_MySQL.pcap	tcp_2270,8,0,,0,0,0.99862087
benign_none_MySQL.pcap	tcp_534,8,0,,0,0,0.99895465
benign_none_MySQL.pcap	tcp_1816,8,0,,0,0,0.99857986
benign_none_MySQL.pcap	tcp_536,8,0,,0,0,0.98222107
benign_none_MySQL.pcap	tcp_538,8,0,,0,0,0.99708074
benign_none_MySQL.pcap	tcp_1574,8,0,,0,0,0.99894965
benign_none_MySQL.pcap	tcp_2750,8,0,,0,0,0.99769056
benign_none_MySQL.pcap	tcp_541,8,0,,0,0,0.99580425
benign_none_MySQL.pcap	tcp_2289,8,0,,0,0,0.9958752
benign_none_MySQL.pcap	tcp_2183,8,0,,0,0,0.99681073
benign_none_MySQL.pcap	tcp_547,8,0,,0,0,0.99544907
benign_none_MySQL.pcap	tcp_1558,8,0,,0,0,0.9959493
benign_none_MySQL.pcap	tcp_549,8,0,,0,0,0.9993249
benign_none_MySQL.pcap	tcp_550,8,0,,0,0,0.9966313
benign_none_MySQL.pcap	tcp_1672,8,0,,0,0,0.99464077
benign_none_MySQL.pcap	tcp_552,8,0,,0,0,0.99903524
benign_none_MySQL.pcap	tcp_553,8,0,,0,0,0.99758476
benign_none_MySQL.pcap	tcp_554,8,0,,0,0,0.9964574
benign_none_MySQL.pcap	tcp_1840,8,0,,0,0,0.99458003
benign_none_MySQL.pcap	tcp_2170,8,0,,0,0,0.9961784
benign_none_MySQL.pcap	tcp_2040,8,0,,0,0,0.99785125
benign_none_MySQL.pcap	tcp_2354,8,0,,0,0,0.9945821
benign_none_MySQL.pcap	tcp_1383,8,0,,0,0,0.9992793
benign_none_MySQL.pcap	tcp_561,8,0,,0,0,0.9966287
benign_none_MySQL.pcap	tcp_1831,8,0,,0,0,0.9967476
benign_none_MySQL.pcap	tcp_935,8,0,,0,0,0.99604297
benign_none_MySQL.pcap	tcp_564,8,0,,0,0,0.9989775
benign_none_MySQL.pcap	tcp_1663,8,0,,0,0,0.99880934
benign_none_MySQL.pcap	tcp_997,8,0,,0,0,0.9992434
benign_none_MySQL.pcap	tcp_568,8,0,,0,0,0.9979657
benign_none_MySQL.pcap	tcp_1951,8,0,,0,0,0.9991289
benign_none_MySQL.pcap	tcp_570,8,0,,0,0,0.99905974
benign_none_MySQL.pcap	tcp_571,8,0,,0,0,0.996689
benign_none_MySQL.pcap	tcp_2391,8,0,,0,0,0.9967015
benign_none_MySQL.pcap	tcp_1027,8,0,,0,0,0.9975546
benign_none_MySQL.pcap	tcp_2666,8,0,,0,0,0.9983718
benign_none_MySQL.pcap	tcp_1768,8,0,,0,0,0.99429953
benign_none_MySQL.pcap	tcp_1576,8,0,,0,0,0.9932187
benign_none_MySQL.pcap	udp_97,8,0,,0,0,0.9970571
benign_none_MySQL.pcap	tcp_2439,8,0,,0,0,0.99795026
benign_none_MySQL.pcap	tcp_579,8,0,,0,0,0.9988017
benign_none_MySQL.pcap	tcp_580,8,0,,0,0,0.9983181
benign_none_MySQL.pcap	tcp_2132,8,0,,0,0,0.998017
benign_none_MySQL.pcap	tcp_1358,8,0,,0,0,0.9993493
benign_none_MySQL.pcap	tcp_2227,8,0,,0,0,0.9985321
benign_none_MySQL.pcap	tcp_1617,8,0,,0,0,0.9975096
benign_none_MySQL.pcap	tcp_1487,8,0,,0,0,0.99709713
benign_none_MySQL.pcap	tcp_586,8,0,,0,0,0.99908835
benign_none_MySQL.pcap	tcp_1195,8,0,,0,0,0.9977813
benign_none_MySQL.pcap	tcp_1825,8,0,,0,0,0.9986753
benign_none_MySQL.pcap	tcp_1062,8,0,,0,0,0.9986767
benign_none_MySQL.pcap	udp_81,8,0,,0,0,0.97574764
benign_none_MySQL.pcap	tcp_1153,8,0,,0,0,0.99821234
benign_none_MySQL.pcap	tcp_2770,8,0,,0,0,0.9983359
benign_none_MySQL.pcap	tcp_1770,8,0,,0,0,0.9989882
benign_none_MySQL.pcap	tcp_2083,8,0,,0,0,0.9993549
benign_none_MySQL.pcap	tcp_1184,8,0,,0,0,0.99836546
benign_none_MySQL.pcap	tcp_597,8,0,,0,0,0.9963825
benign_none_MySQL.pcap	tcp_974,8,0,,0,0,0.9990902
benign_none_MySQL.pcap	tcp_2412,8,0,,0,0,0.9963835
benign_none_MySQL.pcap	tcp_600,8,0,,0,0,0.99446845
benign_none_MySQL.pcap	tcp_601,8,0,,0,0,0.9977491
benign_none_MySQL.pcap	tcp_1523,8,0,,0,0,0.9974612
benign_none_MySQL.pcap	tcp_1099,8,0,,0,0,0.998283
benign_none_MySQL.pcap	tcp_2536,8,0,,0,0,0.9980362
benign_none_MySQL.pcap	tcp_605,8,0,,0,0,0.99836475
benign_none_MySQL.pcap	udp_43,8,0,,0,0,0.9981305
benign_none_MySQL.pcap	tcp_606,8,0,,0,0,0.9972665
benign_none_MySQL.pcap	tcp_1152,8,0,,0,0,0.9968267
benign_none_MySQL.pcap	tcp_2621,8,0,,0,0,0.9984076
benign_none_MySQL.pcap	tcp_609,8,0,,0,0,0.99876994
benign_none_MySQL.pcap	udp_154,8,0,,0,0,0.99827147
benign_none_MySQL.pcap	tcp_1395,8,0,,0,0,0.9977354
benign_none_MySQL.pcap	tcp_614,8,1,Cc_5,0,0,0.99799013
benign_none_MySQL.pcap	tcp_1963,8,0,,0,0,0.99564457
benign_none_MySQL.pcap	udp_94,8,0,,0,0,0.99672395
benign_none_MySQL.pcap	tcp_1033,8,0,,0,0,0.9979127
benign_none_MySQL.pcap	tcp_619,8,0,,0,0,0.99780136
benign_none_MySQL.pcap	tcp_1684,8,0,,0,0,0.9964928
benign_none_MySQL.pcap	tcp_621,8,0,,0,0,0.99831957
benign_none_MySQL.pcap	tcp_622,8,0,,0,0,0.9996727
benign_none_MySQL.pcap	tcp_2367,8,0,,0,0,0.9986702
benign_none_MySQL.pcap	tcp_1639,8,0,,0,0,0.9978083
benign_none_MySQL.pcap	tcp_1301,8,0,,0,0,0.99732864
benign_none_MySQL.pcap	tcp_625,8,0,,0,0,0.9983853
benign_none_MySQL.pcap	tcp_626,8,0,,0,0,0.9978808
benign_none_MySQL.pcap	tcp_628,8,0,,0,0,0.9974369
benign_none_MySQL.pcap	tcp_1815,8,0,,0,0,0.99857175
benign_none_MySQL.pcap	tcp_631,8,0,,0,0,0.9974017
benign_none_MySQL.pcap	tcp_1723,8,0,,0,0,0.99805677
benign_none_MySQL.pcap	tcp_1508,8,0,,0,0,0.99623317
benign_none_MySQL.pcap	tcp_1842,8,0,,0,0,0.99879324
benign_none_MySQL.pcap	tcp_2384,8,0,,0,0,0.96966773
benign_none_MySQL.pcap	tcp_1047,8,0,,0,0,0.99920887
benign_none_MySQL.pcap	tcp_638,8,0,,0,0,0.9969125
benign_none_MySQL.pcap	tcp_1272,8,0,,0,0,0.9989195
benign_none_MySQL.pcap	tcp_640,8,0,,0,0,0.9981647
benign_none_MySQL.pcap	tcp_641,8,0,,0,1,0.028184272
benign_none_MySQL.pcap	tcp_1601,8,0,,0,0,0.9968453
benign_none_MySQL.pcap	tcp_643,8,0,,0,0,0.99781245
benign_none_MySQL.pcap	tcp_644,8,0,,0,0,0.9971677
benign_none_MySQL.pcap	tcp_645,8,0,,0,0,0.9990102
benign_none_MySQL.pcap	tcp_647,8,0,,0,0,0.9960526
benign_none_MySQL.pcap	tcp_648,8,0,,0,0,0.9988432
benign_none_MySQL.pcap	tcp_1846,8,0,,0,0,0.99870855
benign_none_MySQL.pcap	tcp_1252,8,0,,0,0,0.99828666
benign_none_MySQL.pcap	tcp_2741,8,0,,0,0,0.9968689
benign_none_MySQL.pcap	tcp_2589,8,0,,0,0,0.99928826
benign_none_MySQL.pcap	tcp_1111,8,0,,0,0,0.9985008
benign_none_MySQL.pcap	tcp_1494,8,0,,0,0,0.99720347
benign_none_MySQL.pcap	tcp_1832,8,0,,0,0,0.99567175
benign_none_MySQL.pcap	tcp_1053,8,0,,0,0,0.9993067
benign_none_MySQL.pcap	tcp_1927,8,0,,0,0,0.9981629
benign_none_MySQL.pcap	tcp_660,8,0,,0,0,0.998354
benign_none_MySQL.pcap	tcp_2517,8,0,,0,0,0.9984419
benign_none_MySQL.pcap	tcp_1543,8,0,,0,0,0.99626523
benign_none_MySQL.pcap	tcp_1673,8,0,,0,0,0.99588513
benign_none_MySQL.pcap	tcp_667,8,0,,0,0,0.99853647
benign_none_MySQL.pcap	tcp_1760,8,0,,0,0,0.9984062
benign_none_MySQL.pcap	tcp_669,8,0,,0,0,0.9979322
benign_none_MySQL.pcap	tcp_1931,8,0,,0,0,0.9976936
benign_none_MySQL.pcap	tcp_2317,8,0,,0,0,0.9976889
benign_none_MySQL.pcap	tcp_673,8,0,,0,0,0.99903405
benign_none_MySQL.pcap	tcp_1813,8,0,,0,0,0.99644274
benign_none_MySQL.pcap	tcp_2635,8,0,,0,0,0.99744105
benign_none_MySQL.pcap	tcp_677,8,0,,0,0,0.9992631
benign_none_MySQL.pcap	tcp_1484,8,0,,0,0,0.99886143
benign_none_MySQL.pcap	tcp_678,8,0,,0,0,0.9950631
benign_none_MySQL.pcap	tcp_679,8,0,,0,0,0.48411685
benign_none_MySQL.pcap	tcp_680,8,0,,0,0,0.99774563
benign_none_MySQL.pcap	tcp_1866,8,0,,0,0,0.9977502
benign_none_MySQL.pcap	tcp_682,8,0,,0,0,0.9968896
benign_none_MySQL.pcap	tcp_683,8,0,,0,0,0.9937803
benign_none_MySQL.pcap	tcp_2237,8,0,,0,0,0.99870324
benign_none_MySQL.pcap	tcp_1022,8,0,,0,0,0.9986931
benign_none_MySQL.pcap	tcp_1129,8,0,,0,0,0.99906653
benign_none_MySQL.pcap	tcp_2041,8,0,,0,0,0.99610496
benign_none_MySQL.pcap	tcp_2015,8,0,,0,0,0.9980373
benign_none_MySQL.pcap	tcp_1912,8,0,,0,0,0.999015
benign_none_MySQL.pcap	tcp_692,8,0,,0,0,0.99920577
benign_none_MySQL.pcap	tcp_1277,8,0,,0,0,0.99862444
benign_none_MySQL.pcap	tcp_1680,8,0,,0,0,0.9958977
benign_none_MySQL.pcap	tcp_696,8,0,,0,0,0.9988954
benign_none_MySQL.pcap	tcp_1312,8,0,,0,0,0.99826694
benign_none_MySQL.pcap	tcp_698,8,0,,0,0,0.99744844
benign_none_MySQL.pcap	tcp_700,8,0,,0,0,0.99913424
benign_none_MySQL.pcap	tcp_701,8,0,,0,0,0.99820673
benign_none_MySQL.pcap	tcp_2323,8,0,,0,0,0.99724627
benign_none_MySQL.pcap	tcp_1388,8,0,,0,0,0.99939275
benign_none_MySQL.pcap	tcp_704,8,0,,0,0,0.9931264
benign_none_MySQL.pcap	tcp_1694,8,0,,0,0,0.99947137
benign_none_MySQL.pcap	tcp_2560,8,0,,0,0,0.99837995
benign_none_MySQL.pcap	tcp_707,8,0,,0,0,0.9993797
benign_none_MySQL.pcap	tcp_1233,8,0,,0,0,0.99812156
benign_none_MySQL.pcap	tcp_1151,8,0,,0,0,0.99526805
benign_none_MySQL.pcap	tcp_711,8,0,,0,0,0.99240184
benign_none_MySQL.pcap	tcp_714,8,0,,0,0,0.9990144
benign_none_MySQL.pcap	tcp_715,8,0,,0,0,0.9984976
benign_none_MySQL.pcap	tcp_716,8,0,,0,0,0.9914964
benign_none_MySQL.pcap	tcp_718,8,0,,0,0,0.99861157
benign_none_MySQL.pcap	tcp_1374,8,0,,0,0,0.9963581
benign_none_MySQL.pcap	tcp_2583,8,0,,0,0,0.99743503
benign_none_MySQL.pcap	tcp_721,8,0,,0,0,0.998749
benign_none_MySQL.pcap	tcp_722,8,0,,0,0,0.9969256
benign_none_MySQL.pcap	tcp_2764,8,0,,0,0,0.9985375
benign_none_MySQL.pcap	tcp_1222,8,0,,0,0,0.9980071
benign_none_MySQL.pcap	udp_198,8,0,,0,0,0.99805856
benign_none_MySQL.pcap	tcp_1268,8,0,,0,0,0.99230564
benign_none_MySQL.pcap	tcp_2503,8,0,,0,0,0.9970749
benign_none_MySQL.pcap	tcp_730,8,0,,0,0,0.99931943
benign_none_MySQL.pcap	tcp_731,8,0,,0,0,0.99142563
benign_none_MySQL.pcap	tcp_1606,8,0,,0,0,0.99784756
benign_none_MySQL.pcap	tcp_734,8,0,,0,0,0.99889284
benign_none_MySQL.pcap	tcp_1631,8,0,,0,0,0.99896383
benign_none_MySQL.pcap	tcp_1267,8,0,,0,0,0.9978152
benign_none_MySQL.pcap	tcp_1055,8,0,,0,0,0.99839795
benign_none_MySQL.pcap	tcp_1643,8,0,,0,0,0.99273896
benign_none_MySQL.pcap	tcp_740,8,0,,0,0,0.9965127
benign_none_MySQL.pcap	tcp_2577,8,0,,0,0,0.99903727
benign_none_MySQL.pcap	udp_112,8,0,,0,0,0.997445
benign_none_MySQL.pcap	tcp_2640,8,0,,0,0,0.99631745
benign_none_MySQL.pcap	tcp_2147,8,0,,0,0,0.99941534
benign_none_MySQL.pcap	tcp_745,8,0,,0,0,0.9983834
benign_none_MySQL.pcap	tcp_2619,8,0,,0,0,0.9936388
benign_none_MySQL.pcap	tcp_1001,8,0,,0,0,0.9982843
benign_none_MySQL.pcap	tcp_1759,8,0,,0,0,0.9995605
benign_none_MySQL.pcap	tcp_1009,8,0,,0,0,0.99872375
benign_none_MySQL.pcap	tcp_971,8,0,,0,0,0.9991153
benign_none_MySQL.pcap	tcp_1203,8,0,,0,0,0.99769187
benign_none_MySQL.pcap	tcp_754,8,0,,0,0,0.99864215
benign_none_MySQL.pcap	tcp_2312,8,0,,0,0,0.9979753
benign_none_MySQL.pcap	tcp_756,8,0,,0,0,0.99604666
benign_none_MySQL.pcap	tcp_1885,8,0,,0,0,0.99813795
benign_none_MySQL.pcap	tcp_1898,8,0,,0,0,0.9970007
benign_none_MySQL.pcap	tcp_759,8,0,,0,0,0.9990391
benign_none_MySQL.pcap	tcp_760,8,0,,0,0,0.9960741
benign_none_MySQL.pcap	tcp_2225,8,0,,0,0,0.9960204
benign_none_MySQL.pcap	tcp_763,8,0,,0,0,0.99899834
benign_none_MySQL.pcap	tcp_1287,8,0,,0,0,0.99875546
benign_none_MySQL.pcap	tcp_1919,8,0,,0,0,0.99849963
benign_none_MySQL.pcap	tcp_767,8,0,,0,0,0.9981106
benign_none_MySQL.pcap	tcp_2212,8,0,,0,0,0.9974677
benign_none_MySQL.pcap	tcp_2327,8,0,,0,0,0.9985699
benign_none_MySQL.pcap	tcp_1887,8,0,,0,0,0.99952304
benign_none_MySQL.pcap	tcp_1844,8,0,,0,0,0.99912155
benign_none_MySQL.pcap	tcp_773,8,0,,0,0,0.9950087
benign_none_MySQL.pcap	tcp_1456,8,0,,0,0,0.99685585
benign_none_MySQL.pcap	tcp_774,8,0,,0,0,0.99741715
benign_none_MySQL.pcap	tcp_777,8,0,,0,0,0.9990331
benign_none_MySQL.pcap	tcp_779,8,0,,0,0,0.9993272
benign_none_MySQL.pcap	tcp_1140,8,0,,0,0,0.99669373
benign_none_MySQL.pcap	tcp_783,8,0,,0,0,0.99895656
benign_none_MySQL.pcap	tcp_975,8,0,,0,0,0.9957254
benign_none_MySQL.pcap	tcp_2594,8,0,,0,0,0.9991295
benign_none_MySQL.pcap	tcp_1929,8,0,,0,0,0.998978
benign_none_MySQL.pcap	tcp_786,8,0,,0,0,0.9966863
benign_none_MySQL.pcap	udp_183,8,0,,0,0,0.9972651
benign_none_MySQL.pcap	tcp_790,8,0,,0,0,0.99830484
benign_none_MySQL.pcap	tcp_1213,8,0,,0,0,0.99817246
benign_none_MySQL.pcap	tcp_2088,8,0,,0,0,0.99853534
benign_none_MySQL.pcap	tcp_1703,8,0,,0,0,0.9977562
benign_none_MySQL.pcap	tcp_1905,8,0,,0,0,0.99787474
benign_none_MySQL.pcap	tcp_796,8,0,,0,0,0.9985473
benign_none_MySQL.pcap	udp_172,8,0,,0,0,0.9979943
benign_none_MySQL.pcap	tcp_797,8,0,,0,0,0.99589825
benign_none_MySQL.pcap	udp_207,8,0,,0,0,0.9971385
benign_none_MySQL.pcap	tcp_800,8,0,,0,0,0.9975771
benign_none_MySQL.pcap	udp_86,8,0,,0,0,0.99755496
benign_none_MySQL.pcap	tcp_1391,8,0,,0,0,0.9954164
benign_none_MySQL.pcap	tcp_2202,8,0,,0,0,0.99776006
benign_none_MySQL.pcap	tcp_2310,8,0,,0,0,0.9984719
benign_none_MySQL.pcap	udp_161,8,0,,0,0,0.9949865
benign_none_MySQL.pcap	tcp_807,8,0,,0,0,0.99902433
benign_none_MySQL.pcap	tcp_2632,8,0,,0,0,0.99813205
benign_none_MySQL.pcap	tcp_2219,8,0,,0,0,0.9981489
benign_none_MySQL.pcap	tcp_2184,8,0,,0,0,0.99825954
benign_none_MySQL.pcap	tcp_2677,8,0,,0,0,0.99800545
benign_none_MySQL.pcap	tcp_814,8,0,,0,0,0.9985323
benign_none_MySQL.pcap	tcp_2143,8,0,,0,0,0.9990922
benign_none_MySQL.pcap	tcp_1767,8,0,,0,0,0.9984471
benign_none_MySQL.pcap	tcp_1368,8,0,,0,0,0.99629754
benign_none_MySQL.pcap	udp_173,8,0,,0,0,0.99802643
benign_none_MySQL.pcap	tcp_1323,8,0,,0,0,0.9994545
benign_none_MySQL.pcap	tcp_820,8,0,,0,0,0.996445
benign_none_MySQL.pcap	tcp_1973,8,0,,0,0,0.99773896
benign_none_MySQL.pcap	tcp_2140,8,0,,0,0,0.9970733
benign_none_MySQL.pcap	tcp_1658,8,0,,0,0,0.99914294
benign_none_MySQL.pcap	tcp_1611,8,0,,0,0,0.99881804
benign_none_MySQL.pcap	tcp_824,8,0,,0,0,0.99802816
benign_none_MySQL.pcap	tcp_825,8,0,,0,0,0.9988464
benign_none_MySQL.pcap	tcp_1990,8,0,,0,0,0.99863476
benign_none_MySQL.pcap	tcp_2401,8,0,,0,0,0.99809206
benign_none_MySQL.pcap	tcp_828,8,0,,0,0,0.99422437
benign_none_MySQL.pcap	tcp_829,8,0,,0,0,0.9976443
benign_none_MySQL.pcap	tcp_1446,8,0,,0,0,0.9952531
benign_none_MySQL.pcap	tcp_1873,8,0,,0,0,0.9996125
benign_none_MySQL.pcap	tcp_2494,8,0,,0,0,0.99637836
benign_none_MySQL.pcap	tcp_1729,8,0,,0,0,0.99924254
benign_none_MySQL.pcap	tcp_2172,8,0,,0,0,0.9984457
benign_none_MySQL.pcap	tcp_836,8,0,,0,0,0.9966195
benign_none_MySQL.pcap	tcp_2245,8,0,,0,0,0.99747
benign_none_MySQL.pcap	tcp_838,8,0,,0,0,0.9991624
benign_none_MySQL.pcap	tcp_839,8,0,,0,0,0.9949367
benign_none_MySQL.pcap	tcp_841,8,0,,0,0,0.997059
benign_none_MySQL.pcap	tcp_2726,8,0,,0,0,0.99908483
benign_none_MySQL.pcap	udp_194,8,0,,0,0,0.98794925
benign_none_MySQL.pcap	tcp_2152,8,0,,0,0,0.99939674
benign_none_MySQL.pcap	tcp_1294,8,0,,0,0,0.998402
benign_none_MySQL.pcap	tcp_847,8,0,,0,0,0.9966588
benign_none_MySQL.pcap	tcp_1091,8,0,,0,0,0.9972657
benign_none_MySQL.pcap	tcp_850,8,0,,0,0,0.9965455
benign_none_MySQL.pcap	tcp_851,8,0,,0,0,0.9970066
benign_none_MySQL.pcap	tcp_852,8,0,,0,0,0.90846443
benign_none_MySQL.pcap	tcp_2099,8,0,,0,0,0.99931717
benign_none_MySQL.pcap	tcp_853,8,0,,0,0,0.9974487
benign_none_MySQL.pcap	tcp_2235,8,0,,0,0,0.99354595
benign_none_MySQL.pcap	tcp_2636,8,0,,0,0,0.9994802
benign_none_MySQL.pcap	tcp_1356,8,0,,0,0,0.9978124
benign_none_MySQL.pcap	tcp_2470,8,0,,0,0,0.99688727
benign_none_MySQL.pcap	tcp_1211,8,0,,0,0,0.99925685
benign_none_MySQL.pcap	tcp_858,8,0,,0,0,0.99788594
benign_none_MySQL.pcap	tcp_2009,8,0,,0,0,0.9870789
benign_none_MySQL.pcap	tcp_1100,8,0,,0,0,0.99702895
benign_none_MySQL.pcap	udp_63,8,0,,0,0,0.9967153
benign_none_MySQL.pcap	tcp_1516,8,0,,0,0,0.99845386
benign_none_MySQL.pcap	tcp_2283,8,0,,0,0,0.99778134
benign_none_MySQL.pcap	tcp_863,8,0,,0,0,0.9996973
benign_none_MySQL.pcap	udp_223,8,0,,0,0,0.99803793
benign_none_MySQL.pcap	tcp_1603,8,0,,0,0,0.8789024
benign_none_MySQL.pcap	tcp_2766,8,0,,0,0,0.9979944
benign_none_MySQL.pcap	tcp_2578,8,0,,0,0,0.99969923
benign_none_MySQL.pcap	tcp_1427,8,0,,0,0,0.9977069
benign_none_MySQL.pcap	tcp_1676,8,0,,0,0,0.9922897
benign_none_MySQL.pcap	tcp_986,8,0,,0,0,0.9952955
benign_none_MySQL.pcap	tcp_870,8,0,,0,0,0.9992368
benign_none_MySQL.pcap	tcp_2415,8,0,,0,0,0.9987726
benign_none_MySQL.pcap	tcp_1754,8,0,,0,0,0.99687654
benign_none_MySQL.pcap	tcp_1503,8,0,,0,0,0.9936606
benign_none_MySQL.pcap	tcp_874,8,0,,0,0,0.9990038
benign_none_MySQL.pcap	tcp_1650,8,0,,0,0,0.98881334
benign_none_MySQL.pcap	tcp_1133,8,0,,0,0,0.99859387
benign_none_MySQL.pcap	tcp_2417,8,0,,0,0,0.99363154
benign_none_MySQL.pcap	tcp_1463,8,0,,0,0,0.9963665
benign_none_MySQL.pcap	tcp_882,8,0,,0,0,0.99885714
benign_none_MySQL.pcap	tcp_884,8,0,,0,0,0.9958752
benign_none_MySQL.pcap	tcp_1916,8,0,,0,0,0.9993673
benign_none_MySQL.pcap	udp_146,8,0,,0,0,0.9976464
benign_none_MySQL.pcap	tcp_1236,8,0,,0,0,0.99910307
benign_none_MySQL.pcap	tcp_888,8,0,,0,0,0.9984902
benign_none_MySQL.pcap	tcp_1915,8,0,,0,0,0.99798274
benign_none_MySQL.pcap	tcp_890,8,0,,0,0,0.9987764
benign_none_MySQL.pcap	tcp_956,8,0,,0,0,0.9952792
benign_none_MySQL.pcap	tcp_896,8,0,,0,0,0.9990735
benign_none_MySQL.pcap	tcp_1085,8,0,,0,0,0.9981319
benign_none_MySQL.pcap	tcp_1464,8,0,,0,0,0.99874145
benign_none_MySQL.pcap	tcp_898,8,0,,0,0,0.9961303
benign_none_MySQL.pcap	tcp_1044,8,0,,0,0,0.9989195
benign_none_MySQL.pcap	tcp_901,8,0,,0,0,0.9988462
benign_none_MySQL.pcap	tcp_1904,8,0,,0,0,0.9986218
benign_none_MySQL.pcap	tcp_1390,8,0,,0,0,0.9992861
benign_none_MySQL.pcap	tcp_905,8,0,,0,0,0.99885
benign_none_MySQL.pcap	tcp_2264,8,0,,0,0,0.994021
benign_none_MySQL.pcap	tcp_1495,8,0,,0,0,0.9982464
benign_none_MySQL.pcap	tcp_1229,8,0,,0,0,0.9993001
benign_none_MySQL.pcap	udp_215,8,0,,0,0,0.9966158
benign_none_MySQL.pcap	tcp_2240,8,0,,0,0,0.99873585
benign_none_MySQL.pcap	tcp_2426,8,0,,0,0,0.99737585
benign_none_MySQL.pcap	tcp_1289,8,0,,0,0,0.9959941
benign_none_MySQL.pcap	tcp_1821,8,0,,0,0,0.99833065
benign_none_MySQL.pcap	tcp_1217,8,0,,0,0,0.998242
benign_none_MySQL.pcap	tcp_1907,8,0,,0,0,0.9956514
benign_none_MySQL.pcap	tcp_1058,8,0,,0,0,0.9993181
benign_none_MySQL.pcap	tcp_2505,8,0,,0,0,0.9989759
benign_none_MySQL.pcap	tcp_918,8,0,,0,0,0.99716425
benign_none_MySQL.pcap	tcp_919,8,0,,0,0,0.9996363
benign_none_MySQL.pcap	tcp_920,8,0,,0,0,0.9947368
benign_none_MySQL.pcap	tcp_1148,8,0,,0,0,0.99776506
benign_none_MySQL.pcap	tcp_922,8,0,,0,0,0.9994869
benign_none_MySQL.pcap	tcp_2199,8,0,,0,0,0.99822456
benign_none_MySQL.pcap	tcp_1056,8,0,,0,0,0.9990687
benign_none_MySQL.pcap	tcp_2394,8,0,,0,0,0.99826366
benign_none_MySQL.pcap	tcp_1509,8,0,,0,0,0.99879926
benign_none_MySQL.pcap	udp_69,8,0,,0,0,0.9971028
malware_none_Zeus.pcap	tcp_913,19,0,,0,0,0.9997169
malware_none_Zeus.pcap	udp_2,19,1,Cd_2;Bb_7,0,0,0.99639344
malware_none_Zeus.pcap	udp_734,19,0,,0,0,0.9995542
malware_none_Zeus.pcap	tcp_737,19,0,,0,0,0.9998311
malware_none_Zeus.pcap	tcp_1312,19,0,,0,0,0.9992109
malware_none_Zeus.pcap	tcp_1368,19,0,,0,0,0.9997044
malware_none_Zeus.pcap	tcp_1877,19,0,,0,0,0.9996468
malware_none_Zeus.pcap	udp_10,19,1,Bb_7,0,0,0.821681
malware_none_Zeus.pcap	udp_12,19,1,Bb_7,0,0,0.3532285
malware_none_Zeus.pcap	tcp_1931,19,0,,0,0,0.99894756
malware_none_Zeus.pcap	udp_13,19,1,Cc_5;Bb_7,0,0,0.19125251
malware_none_Zeus.pcap	udp_14,19,1,Bb_7,0,1,0.0016583352
malware_none_Zeus.pcap	tcp_2,19,0,,0,0,0.3001823
malware_none_Zeus.pcap	tcp_823,19,0,,0,0,0.999631
malware_none_Zeus.pcap	tcp_3,19,0,,0,0,0.22094001
malware_none_Zeus.pcap	udp_482,19,0,,0,0,0.99918616
malware_none_Zeus.pcap	tcp_1264,19,0,,0,0,0.99955153
malware_none_Zeus.pcap	tcp_4,19,0,,0,0,0.999765
malware_none_Zeus.pcap	tcp_5,19,0,,0,0,0.9996567
malware_none_Zeus.pcap	tcp_787,19,0,,0,0,0.9993782
malware_none_Zeus.pcap	tcp_1084,19,0,,0,0,0.9997134
malware_none_Zeus.pcap	tcp_1247,19,0,,0,0,0.99971306
malware_none_Zeus.pcap	udp_23,19,1,Bb_7,0,0,0.7839857
malware_none_Zeus.pcap	tcp_7,19,0,,0,0,0.9994623
malware_none_Zeus.pcap	udp_345,19,0,,0,0,0.99977726
malware_none_Zeus.pcap	tcp_1321,19,0,,0,0,0.9994347
malware_none_Zeus.pcap	tcp_2156,19,0,,0,0,0.99968255
malware_none_Zeus.pcap	tcp_1232,19,0,,0,0,0.9993834
malware_none_Zeus.pcap	tcp_2112,19,0,,0,0,0.9997681
malware_none_Zeus.pcap	tcp_928,19,0,,0,0,0.9993913
malware_none_Zeus.pcap	tcp_15,19,0,,0,0,0.999553
malware_none_Zeus.pcap	udp_387,19,0,,0,0,0.9997396
malware_none_Zeus.pcap	udp_28,19,1,Cc_5;Bb_7,0,0,0.9337586
malware_none_Zeus.pcap	udp_30,19,1,Cc_5;Bb_7,0,0,0.9368116
malware_none_Zeus.pcap	udp_757,19,0,,0,0,0.9990564
malware_none_Zeus.pcap	udp_497,19,0,,0,0,0.9992755
malware_none_Zeus.pcap	tcp_1069,19,0,,0,0,0.99933004
malware_none_Zeus.pcap	udp_35,19,0,,0,0,0.99828005
malware_none_Zeus.pcap	tcp_1476,19,0,,0,0,0.9997201
malware_none_Zeus.pcap	tcp_1064,19,0,,0,0,0.99964285
malware_none_Zeus.pcap	udp_710,19,0,,0,0,0.99968654
malware_none_Zeus.pcap	udp_38,19,1,Cd_2;Bb_7,0,0,0.9980235
malware_none_Zeus.pcap	tcp_2135,19,0,,0,0,0.99971116
malware_none_Zeus.pcap	tcp_2079,19,0,,0,0,0.99939424
malware_none_Zeus.pcap	udp_331,19,0,,0,0,0.99950826
malware_none_Zeus.pcap	tcp_1001,19,0,,0,0,0.99915934
malware_none_Zeus.pcap	tcp_1089,19,0,,0,0,0.9995529
malware_none_Zeus.pcap	tcp_1144,19,0,,0,0,0.99976236
malware_none_Zeus.pcap	tcp_1532,19,0,,0,0,0.99953914
malware_none_Zeus.pcap	tcp_957,19,0,,0,0,0.9998419
malware_none_Zeus.pcap	tcp_1517,19,0,,0,0,0.99959594
malware_none_Zeus.pcap	tcp_27,19,0,,0,0,0.99895746
malware_none_Zeus.pcap	tcp_1925,19,0,,0,0,0.9990934
malware_none_Zeus.pcap	udp_43,19,0,,0,0,0.9988511
malware_none_Zeus.pcap	tcp_2024,19,0,,0,0,0.9989786
malware_none_Zeus.pcap	tcp_960,19,0,,0,0,0.9993962
malware_none_Zeus.pcap	udp_760,19,0,,0,0,0.99813884
malware_none_Zeus.pcap	tcp_2043,19,0,,0,0,0.99981874
malware_none_Zeus.pcap	udp_45,19,0,,0,0,0.9996076
malware_none_Zeus.pcap	tcp_33,19,0,,0,0,0.99914956
malware_none_Zeus.pcap	udp_314,19,0,,0,0,0.99976474
malware_none_Zeus.pcap	tcp_2006,19,0,,0,0,0.999635
malware_none_Zeus.pcap	tcp_35,19,0,,0,0,0.9997525
malware_none_Zeus.pcap	udp_339,19,0,,0,0,0.9995576
malware_none_Zeus.pcap	tcp_1319,19,0,,0,0,0.9997072
malware_none_Zeus.pcap	tcp_1778,19,0,,0,0,0.99960035
malware_none_Zeus.pcap	udp_764,19,0,,0,0,0.9986394
malware_none_Zeus.pcap	tcp_1235,19,0,,0,0,0.9998311
malware_none_Zeus.pcap	tcp_1887,19,0,,0,0,0.9991357
malware_none_Zeus.pcap	tcp_1542,19,0,,0,0,0.99980134
malware_none_Zeus.pcap	tcp_1646,19,0,,0,0,0.99962854
malware_none_Zeus.pcap	tcp_44,19,0,,0,0,0.9992817
malware_none_Zeus.pcap	udp_49,19,0,,0,0,0.9991321
malware_none_Zeus.pcap	tcp_1268,19,0,,0,0,0.9993062
malware_none_Zeus.pcap	tcp_1533,19,0,,0,0,0.99970835
malware_none_Zeus.pcap	tcp_48,19,0,,0,0,0.993743
malware_none_Zeus.pcap	tcp_50,19,0,,0,0,0.9995403
malware_none_Zeus.pcap	udp_492,19,0,,0,0,0.9984689
malware_none_Zeus.pcap	tcp_52,19,0,,0,0,0.9997072
malware_none_Zeus.pcap	tcp_1056,19,0,,0,0,0.9995604
malware_none_Zeus.pcap	udp_52,19,0,,0,0,0.99947506
malware_none_Zeus.pcap	tcp_54,19,0,,0,0,0.99956936
malware_none_Zeus.pcap	udp_320,19,0,,0,0,0.99956334
malware_none_Zeus.pcap	tcp_1398,19,0,,0,0,0.9998328
malware_none_Zeus.pcap	udp_367,19,0,,0,0,0.99825484
malware_none_Zeus.pcap	tcp_1598,19,0,,0,0,0.9992886
malware_none_Zeus.pcap	tcp_2040,19,0,,0,0,0.9998048
malware_none_Zeus.pcap	tcp_2126,19,0,,0,0,0.9996593
malware_none_Zeus.pcap	tcp_1035,19,0,,0,0,0.9997862
malware_none_Zeus.pcap	tcp_1647,19,0,,0,0,0.99965155
malware_none_Zeus.pcap	tcp_61,19,0,,0,0,0.9996754
malware_none_Zeus.pcap	udp_55,19,1,Cc_5;Bb_7,0,0,0.9892889
malware_none_Zeus.pcap	udp_56,19,0,,0,0,0.9990369
malware_none_Zeus.pcap	tcp_63,19,0,,0,0,0.15829758
malware_none_Zeus.pcap	tcp_1150,19,0,,0,0,0.99882597
malware_none_Zeus.pcap	udp_732,19,0,,0,0,0.99956805
malware_none_Zeus.pcap	tcp_65,19,0,,0,0,0.99957395
malware_none_Zeus.pcap	tcp_66,19,0,,0,0,0.9993528
malware_none_Zeus.pcap	tcp_976,19,0,,0,0,0.9996797
malware_none_Zeus.pcap	tcp_1289,19,0,,0,0,0.99964476
malware_none_Zeus.pcap	tcp_1754,19,0,,0,0,0.99939317
malware_none_Zeus.pcap	tcp_1634,19,0,,0,0,0.9995574
malware_none_Zeus.pcap	tcp_1195,19,0,,0,0,0.9951474
malware_none_Zeus.pcap	tcp_985,19,0,,0,0,0.9998388
malware_none_Zeus.pcap	udp_60,19,0,,0,0,0.99819475
malware_none_Zeus.pcap	tcp_73,19,0,,0,0,0.99974316
malware_none_Zeus.pcap	tcp_74,19,0,,0,0,0.9995028
malware_none_Zeus.pcap	udp_488,19,0,,0,0,0.99961084
malware_none_Zeus.pcap	tcp_987,19,0,,0,0,0.9996861
malware_none_Zeus.pcap	tcp_899,19,0,,0,0,0.9998357
malware_none_Zeus.pcap	tcp_1434,19,0,,0,0,0.9989134
malware_none_Zeus.pcap	tcp_80,19,0,,0,0,0.99961704
malware_none_Zeus.pcap	tcp_81,19,0,,0,0,0.99925214
malware_none_Zeus.pcap	udp_63,19,0,,0,0,0.99921453
malware_none_Zeus.pcap	tcp_82,19,0,,0,0,0.9997086
malware_none_Zeus.pcap	tcp_83,19,0,,0,0,0.9996634
malware_none_Zeus.pcap	tcp_1511,19,0,,0,0,0.9996297
malware_none_Zeus.pcap	tcp_2162,19,0,,0,0,0.9993186
malware_none_Zeus.pcap	tcp_85,19,0,,0,0,0.99953127
malware_none_Zeus.pcap	tcp_876,19,0,,0,0,0.9995705
malware_none_Zeus.pcap	tcp_87,19,0,,0,0,0.9992631
malware_none_Zeus.pcap	tcp_1898,19,0,,0,0,0.9994856
malware_none_Zeus.pcap	tcp_1011,19,0,,0,0,0.99896264
malware_none_Zeus.pcap	tcp_89,19,0,,0,0,0.99947566
malware_none_Zeus.pcap	tcp_90,19,0,,0,0,0.9988889
malware_none_Zeus.pcap	udp_66,19,0,,0,0,0.9996063
malware_none_Zeus.pcap	tcp_1907,19,0,,0,0,0.9996407
malware_none_Zeus.pcap	tcp_1326,19,0,,0,0,0.9997962
malware_none_Zeus.pcap	tcp_1705,19,0,,0,0,0.9993395
malware_none_Zeus.pcap	udp_67,19,0,,0,0,0.9992748
malware_none_Zeus.pcap	tcp_94,19,0,,0,0,0.999623
malware_none_Zeus.pcap	tcp_95,19,0,,0,0,0.99949896
malware_none_Zeus.pcap	udp_68,19,0,,0,0,0.99924374
malware_none_Zeus.pcap	tcp_1378,19,0,,0,0,0.9990501
malware_none_Zeus.pcap	udp_501,19,0,,0,0,0.9974469
malware_none_Zeus.pcap	tcp_1462,19,0,,0,0,0.9998423
malware_none_Zeus.pcap	tcp_2109,19,0,,0,0,0.9997892
malware_none_Zeus.pcap	tcp_1957,19,0,,0,0,0.9996312
malware_none_Zeus.pcap	tcp_1486,19,0,,0,0,0.99958074
malware_none_Zeus.pcap	tcp_1389,19,0,,0,0,0.9991636
malware_none_Zeus.pcap	udp_412,19,0,,0,0,0.9992696
malware_none_Zeus.pcap	tcp_826,19,0,,0,0,0.9994328
malware_none_Zeus.pcap	tcp_932,19,0,,0,0,0.9994368
malware_none_Zeus.pcap	tcp_109,19,0,,0,0,0.9996773
malware_none_Zeus.pcap	udp_73,19,0,,0,0,0.9992712
malware_none_Zeus.pcap	tcp_112,19,0,,0,0,0.9995178
malware_none_Zeus.pcap	tcp_113,19,0,,0,0,0.9996038
malware_none_Zeus.pcap	udp_469,19,0,,0,0,0.9996125
malware_none_Zeus.pcap	tcp_1525,19,0,,0,0,0.999783
malware_none_Zeus.pcap	udp_647,19,0,,0,0,0.99972767
malware_none_Zeus.pcap	tcp_116,19,0,,0,0,0.9995262
malware_none_Zeus.pcap	udp_520,19,0,,0,0,0.999166
malware_none_Zeus.pcap	udp_75,19,0,,0,0,0.99736166
malware_none_Zeus.pcap	udp_720,19,0,,0,0,0.9986286
malware_none_Zeus.pcap	tcp_119,19,0,,0,0,0.9997336
malware_none_Zeus.pcap	tcp_120,19,0,,0,0,0.9990874
malware_none_Zeus.pcap	udp_76,19,0,,0,0,0.9985984
malware_none_Zeus.pcap	tcp_947,19,0,,0,0,0.99946517
malware_none_Zeus.pcap	tcp_1966,19,0,,0,0,0.99955964
malware_none_Zeus.pcap	tcp_1605,19,0,,0,0,0.9997973
malware_none_Zeus.pcap	udp_522,19,0,,0,0,0.9997918
malware_none_Zeus.pcap	tcp_771,19,0,,0,0,0.99964535
malware_none_Zeus.pcap	tcp_1131,19,0,,0,0,0.99930555
malware_none_Zeus.pcap	udp_454,19,0,,0,0,0.9997053
malware_none_Zeus.pcap	tcp_1797,19,0,,0,0,0.99909663
malware_none_Zeus.pcap	tcp_129,19,0,,0,0,0.9988203
malware_none_Zeus.pcap	udp_79,19,0,,0,0,0.99634314
malware_none_Zeus.pcap	tcp_131,19,0,,0,0,0.99971414
malware_none_Zeus.pcap	tcp_132,19,0,,0,0,0.99874073
malware_none_Zeus.pcap	udp_670,19,0,,0,0,0.9994021
malware_none_Zeus.pcap	tcp_1025,19,0,,0,0,0.9998449
malware_none_Zeus.pcap	udp_693,19,0,,0,0,0.99801
malware_none_Zeus.pcap	tcp_137,19,0,,0,0,0.9994834
malware_none_Zeus.pcap	udp_634,19,0,,0,0,0.9997041
malware_none_Zeus.pcap	tcp_2072,19,0,,0,0,0.9995833
malware_none_Zeus.pcap	tcp_140,19,0,,0,0,0.99954295
malware_none_Zeus.pcap	udp_506,19,0,,0,0,0.99979883
malware_none_Zeus.pcap	tcp_2115,19,0,,0,0,0.999704
malware_none_Zeus.pcap	tcp_143,19,0,,0,0,0.9995357
malware_none_Zeus.pcap	tcp_1165,19,0,,0,0,0.9996556
malware_none_Zeus.pcap	tcp_1127,19,0,,0,0,0.999091
malware_none_Zeus.pcap	tcp_146,19,0,,0,0,0.9996713
malware_none_Zeus.pcap	udp_445,19,0,,0,0,0.99975044
malware_none_Zeus.pcap	tcp_148,19,0,,0,0,0.9995685
malware_none_Zeus.pcap	udp_701,19,0,,0,0,0.9996556
malware_none_Zeus.pcap	tcp_1488,19,0,,0,0,0.99977374
malware_none_Zeus.pcap	tcp_2192,19,0,,0,0,0.9996928
malware_none_Zeus.pcap	tcp_152,19,0,,0,0,0.99913365
malware_none_Zeus.pcap	tcp_1743,19,0,,0,0,0.9986873
malware_none_Zeus.pcap	tcp_984,19,0,,0,0,0.9995542
malware_none_Zeus.pcap	tcp_860,19,0,,0,0,0.99966455
malware_none_Zeus.pcap	udp_88,19,0,,0,0,0.99776924
malware_none_Zeus.pcap	tcp_157,19,0,,0,0,0.9997263
malware_none_Zeus.pcap	tcp_1982,19,0,,0,0,0.99899393
malware_none_Zeus.pcap	udp_518,19,0,,0,0,0.9995467
malware_none_Zeus.pcap	tcp_2081,19,0,,0,0,0.99978477
malware_none_Zeus.pcap	udp_560,19,0,,0,0,0.9994527
malware_none_Zeus.pcap	tcp_1965,19,0,,0,0,0.9997177
malware_none_Zeus.pcap	udp_90,19,0,,0,0,0.9995395
malware_none_Zeus.pcap	tcp_1136,19,0,,0,0,0.9996643
malware_none_Zeus.pcap	tcp_1134,19,0,,0,0,0.99979025
malware_none_Zeus.pcap	tcp_166,19,0,,0,0,0.9997014
malware_none_Zeus.pcap	tcp_2116,19,0,,0,0,0.99961513
malware_none_Zeus.pcap	udp_92,19,0,,0,0,0.99903095
malware_none_Zeus.pcap	udp_536,19,0,,0,0,0.9986519
malware_none_Zeus.pcap	tcp_171,19,0,,0,0,0.9988399
malware_none_Zeus.pcap	tcp_172,19,0,,0,0,0.9997166
malware_none_Zeus.pcap	tcp_1512,19,0,,0,0,0.99962336
malware_none_Zeus.pcap	tcp_1707,19,0,,0,0,0.99963534
malware_none_Zeus.pcap	tcp_716,19,0,,0,0,0.99907994
malware_none_Zeus.pcap	tcp_1558,19,0,,0,0,0.9998384
malware_none_Zeus.pcap	tcp_176,19,0,,0,0,0.9997126
malware_none_Zeus.pcap	tcp_177,19,0,,0,0,0.9993679
malware_none_Zeus.pcap	tcp_178,19,0,,0,0,0.99948514
malware_none_Zeus.pcap	tcp_179,19,0,,0,0,0.9991949
malware_none_Zeus.pcap	udp_702,19,0,,0,0,0.9995503
malware_none_Zeus.pcap	tcp_929,19,0,,0,0,0.9995696
malware_none_Zeus.pcap	tcp_1273,19,0,,0,0,0.99965954
malware_none_Zeus.pcap	tcp_1846,19,0,,0,0,0.9997902
malware_none_Zeus.pcap	tcp_892,19,0,,0,0,0.99982876
malware_none_Zeus.pcap	tcp_184,19,0,,0,0,0.9996815
malware_none_Zeus.pcap	tcp_816,19,0,,0,0,0.999785
malware_none_Zeus.pcap	tcp_1258,19,0,,0,0,0.99943614
malware_none_Zeus.pcap	tcp_967,19,0,,0,0,0.9997762
malware_none_Zeus.pcap	tcp_903,19,0,,0,0,0.9994568
malware_none_Zeus.pcap	tcp_1242,19,0,,0,0,0.99786973
malware_none_Zeus.pcap	udp_348,19,0,,0,0,0.99903476
malware_none_Zeus.pcap	udp_100,19,0,,0,0,0.998516
malware_none_Zeus.pcap	udp_660,19,0,,0,0,0.99977636
malware_none_Zeus.pcap	tcp_1227,19,0,,0,0,0.999688
malware_none_Zeus.pcap	udp_101,19,0,,0,0,0.997373
malware_none_Zeus.pcap	tcp_2178,19,0,,0,0,0.9994851
malware_none_Zeus.pcap	tcp_2025,19,0,,0,0,0.99963325
malware_none_Zeus.pcap	tcp_198,19,0,,0,0,0.9992029
malware_none_Zeus.pcap	tcp_1606,19,0,,0,0,0.99958366
malware_none_Zeus.pcap	tcp_199,19,0,,0,0,0.99967515
malware_none_Zeus.pcap	tcp_1185,19,0,,0,0,0.9996609
malware_none_Zeus.pcap	tcp_201,19,0,,0,0,0.9996151
malware_none_Zeus.pcap	tcp_1595,19,0,,0,0,0.9996274
malware_none_Zeus.pcap	tcp_1068,19,0,,0,0,0.9995426
malware_none_Zeus.pcap	udp_550,19,0,,0,0,0.99855113
malware_none_Zeus.pcap	udp_396,19,0,,0,0,0.9996272
malware_none_Zeus.pcap	tcp_205,19,0,,0,0,0.9998364
malware_none_Zeus.pcap	udp_726,19,0,,0,0,0.9995894
malware_none_Zeus.pcap	udp_769,19,0,,0,0,0.9996413
malware_none_Zeus.pcap	tcp_1942,19,0,,0,0,0.99965614
malware_none_Zeus.pcap	tcp_2136,19,0,,0,0,0.99939334
malware_none_Zeus.pcap	tcp_209,19,0,,0,0,0.9991098
malware_none_Zeus.pcap	udp_651,19,0,,0,0,0.9996146
malware_none_Zeus.pcap	tcp_211,19,0,,0,0,0.9997898
malware_none_Zeus.pcap	tcp_1176,19,0,,0,0,0.99942136
malware_none_Zeus.pcap	tcp_2097,19,0,,0,0,0.9993898
malware_none_Zeus.pcap	tcp_215,19,0,,0,0,0.99964225
malware_none_Zeus.pcap	tcp_216,19,0,,0,0,0.9990357
malware_none_Zeus.pcap	tcp_873,19,0,,0,0,0.9990689
malware_none_Zeus.pcap	tcp_801,19,0,,0,0,0.9998394
malware_none_Zeus.pcap	tcp_2150,19,0,,0,0,0.99933857
malware_none_Zeus.pcap	tcp_2122,19,0,,0,0,0.99960405
malware_none_Zeus.pcap	udp_402,19,0,,0,0,0.99921477
malware_none_Zeus.pcap	tcp_1684,19,0,,0,0,0.99945337
malware_none_Zeus.pcap	tcp_840,19,0,,0,0,0.9997638
malware_none_Zeus.pcap	tcp_224,19,0,,0,0,0.99963444
malware_none_Zeus.pcap	udp_650,19,0,,0,0,0.99878615
malware_none_Zeus.pcap	udp_643,19,0,,0,0,0.9997276
malware_none_Zeus.pcap	tcp_2123,19,0,,0,0,0.9991678
malware_none_Zeus.pcap	tcp_2125,19,0,,0,0,0.9996592
malware_none_Zeus.pcap	tcp_228,19,0,,0,0,0.99902
malware_none_Zeus.pcap	udp_112,19,0,,0,0,0.9995653
malware_none_Zeus.pcap	tcp_2146,19,0,,0,0,0.99962866
malware_none_Zeus.pcap	tcp_2074,19,0,,0,0,0.9993888
malware_none_Zeus.pcap	udp_347,19,0,,0,0,0.9991832
malware_none_Zeus.pcap	tcp_709,19,0,,0,0,0.9998288
malware_none_Zeus.pcap	tcp_232,19,0,,0,0,0.99962515
malware_none_Zeus.pcap	tcp_1358,19,0,,0,0,0.9996973
malware_none_Zeus.pcap	tcp_235,19,0,,0,0,0.99930966
malware_none_Zeus.pcap	tcp_236,19,0,,0,0,0.9993687
malware_none_Zeus.pcap	tcp_237,19,0,,0,0,0.99957067
malware_none_Zeus.pcap	udp_115,19,0,,0,0,0.9995785
malware_none_Zeus.pcap	tcp_1583,19,0,,0,0,0.9997122
malware_none_Zeus.pcap	tcp_1170,19,0,,0,0,0.9995691
malware_none_Zeus.pcap	tcp_1067,19,0,,0,0,0.9993206
malware_none_Zeus.pcap	tcp_242,19,0,,0,0,0.9996834
malware_none_Zeus.pcap	udp_340,19,0,,0,0,0.99957585
malware_none_Zeus.pcap	udp_117,19,0,,0,0,0.9995029
malware_none_Zeus.pcap	tcp_1046,19,0,,0,0,0.99964345
malware_none_Zeus.pcap	tcp_999,19,0,,0,0,0.99904895
malware_none_Zeus.pcap	tcp_247,19,0,,0,0,0.9998353
malware_none_Zeus.pcap	tcp_1433,19,0,,0,0,0.99906284
malware_none_Zeus.pcap	tcp_1467,19,0,,0,0,0.9994449
malware_none_Zeus.pcap	udp_119,19,0,,0,0,0.9996294
malware_none_Zeus.pcap	tcp_927,19,0,,0,0,0.99975854
malware_none_Zeus.pcap	udp_302,19,0,,0,0,0.9997703
malware_none_Zeus.pcap	udp_577,19,0,,0,0,0.99959654
malware_none_Zeus.pcap	tcp_1762,19,0,,0,0,0.99983317
malware_none_Zeus.pcap	udp_635,19,0,,0,0,0.99952924
malware_none_Zeus.pcap	udp_121,19,0,,0,0,0.99974316
malware_none_Zeus.pcap	tcp_256,19,0,,0,0,0.9993144
malware_none_Zeus.pcap	tcp_257,19,0,,0,0,0.9998444
malware_none_Zeus.pcap	udp_567,19,0,,0,0,0.99953115
malware_none_Zeus.pcap	tcp_260,19,0,,0,0,0.9998433
malware_none_Zeus.pcap	udp_787,19,0,,0,0,0.99977607
malware_none_Zeus.pcap	udp_316,19,0,,0,0,0.9974304
malware_none_Zeus.pcap	udp_449,19,0,,0,0,0.99907684
malware_none_Zeus.pcap	tcp_1439,19,0,,0,0,0.9996908
malware_none_Zeus.pcap	tcp_1270,19,0,,0,0,0.99893105
malware_none_Zeus.pcap	tcp_1642,19,0,,0,0,0.9992595
malware_none_Zeus.pcap	udp_524,19,0,,0,0,0.9979731
malware_none_Zeus.pcap	udp_125,19,0,,0,0,0.9995086
malware_none_Zeus.pcap	tcp_864,19,0,,0,0,0.99978954
malware_none_Zeus.pcap	tcp_1421,19,0,,0,0,0.99914217
malware_none_Zeus.pcap	tcp_988,19,0,,0,0,0.9993343
malware_none_Zeus.pcap	tcp_272,19,0,,0,0,0.9993654
malware_none_Zeus.pcap	tcp_273,19,0,,0,0,0.9911222
malware_none_Zeus.pcap	tcp_1616,19,0,,0,0,0.999463
malware_none_Zeus.pcap	tcp_1422,19,0,,0,0,0.998024
malware_none_Zeus.pcap	tcp_1752,19,0,,0,0,0.99963105
malware_none_Zeus.pcap	udp_329,19,0,,0,0,0.99856466
malware_none_Zeus.pcap	tcp_966,19,0,,0,0,0.9996929
malware_none_Zeus.pcap	tcp_1026,19,0,,0,0,0.99976516
malware_none_Zeus.pcap	tcp_281,19,0,,0,0,0.99916637
malware_none_Zeus.pcap	tcp_283,19,0,,0,0,0.999715
malware_none_Zeus.pcap	tcp_1689,19,0,,0,0,0.9996531
malware_none_Zeus.pcap	tcp_1287,19,0,,0,0,0.99833715
malware_none_Zeus.pcap	udp_511,19,0,,0,0,0.99966395
malware_none_Zeus.pcap	tcp_287,19,0,,0,0,0.99979943
malware_none_Zeus.pcap	tcp_288,19,0,,0,0,0.99959034
malware_none_Zeus.pcap	tcp_289,19,0,,0,0,0.999844
malware_none_Zeus.pcap	tcp_739,19,0,,0,0,0.9993279
malware_none_Zeus.pcap	tcp_291,19,0,,0,0,0.9995214
malware_none_Zeus.pcap	tcp_995,19,0,,0,0,0.99978936
malware_none_Zeus.pcap	tcp_1617,19,0,,0,0,0.999715
malware_none_Zeus.pcap	tcp_294,19,0,,0,0,0.99954724
malware_none_Zeus.pcap	tcp_1962,19,0,,0,0,0.9997919
malware_none_Zeus.pcap	tcp_1206,19,0,,0,0,0.9997641
malware_none_Zeus.pcap	tcp_2003,19,0,,0,0,0.9996332
malware_none_Zeus.pcap	tcp_1305,19,0,,0,0,0.9997956
malware_none_Zeus.pcap	tcp_298,19,0,,0,0,0.9996486
malware_none_Zeus.pcap	tcp_2005,19,0,,0,0,0.99981695
malware_none_Zeus.pcap	udp_622,19,0,,0,0,0.9997467
malware_none_Zeus.pcap	tcp_301,19,0,,0,0,0.9998446
malware_none_Zeus.pcap	tcp_1147,19,0,,0,0,0.9996995
malware_none_Zeus.pcap	tcp_1317,19,0,,0,0,0.99983907
malware_none_Zeus.pcap	udp_565,19,0,,0,0,0.9997193
malware_none_Zeus.pcap	tcp_305,19,0,,0,0,0.9993212
malware_none_Zeus.pcap	udp_724,19,0,,0,0,0.9997078
malware_none_Zeus.pcap	tcp_1812,19,0,,0,0,0.9993529
malware_none_Zeus.pcap	udp_778,19,0,,0,0,0.9988821
malware_none_Zeus.pcap	tcp_1372,19,0,,0,0,0.99957687
malware_none_Zeus.pcap	udp_139,19,0,,0,0,0.9997311
malware_none_Zeus.pcap	tcp_1229,19,0,,0,0,0.9998405
malware_none_Zeus.pcap	udp_306,19,0,,0,0,0.99849224
malware_none_Zeus.pcap	tcp_312,19,0,,0,0,0.99956185
malware_none_Zeus.pcap	tcp_1340,19,0,,0,0,0.9997973
malware_none_Zeus.pcap	tcp_707,19,0,,0,0,0.99917775
malware_none_Zeus.pcap	tcp_1770,19,0,,0,0,0.9993543
malware_none_Zeus.pcap	udp_711,19,0,,0,0,0.9904467
malware_none_Zeus.pcap	tcp_316,19,0,,0,0,0.99966383
malware_none_Zeus.pcap	tcp_2067,19,0,,0,0,0.9996398
malware_none_Zeus.pcap	tcp_1794,19,0,,0,0,0.9987787
malware_none_Zeus.pcap	udp_351,19,0,,0,0,0.99920744
malware_none_Zeus.pcap	udp_659,19,0,,0,0,0.99964166
malware_none_Zeus.pcap	tcp_321,19,0,,0,0,0.99790186
malware_none_Zeus.pcap	tcp_1299,19,0,,0,0,0.99965703
malware_none_Zeus.pcap	tcp_774,19,0,,0,0,0.9995999
malware_none_Zeus.pcap	tcp_324,19,0,,0,0,0.99962646
malware_none_Zeus.pcap	tcp_1678,19,0,,0,0,0.9991295
malware_none_Zeus.pcap	tcp_326,19,0,,0,0,0.9997064
malware_none_Zeus.pcap	tcp_1842,19,0,,0,0,0.9996355
malware_none_Zeus.pcap	tcp_328,19,0,,0,0,0.99983907
malware_none_Zeus.pcap	tcp_329,19,0,,0,0,0.99964535
malware_none_Zeus.pcap	udp_654,19,0,,0,0,0.986611
malware_none_Zeus.pcap	tcp_2070,19,0,,0,0,0.9993362
malware_none_Zeus.pcap	udp_147,19,0,,0,0,0.9995287
malware_none_Zeus.pcap	tcp_1276,19,0,,0,0,0.9994332
malware_none_Zeus.pcap	tcp_333,19,0,,0,0,0.9995253
malware_none_Zeus.pcap	tcp_780,19,0,,0,0,0.99983454
malware_none_Zeus.pcap	udp_148,19,0,,0,0,0.99942756
malware_none_Zeus.pcap	tcp_1188,19,0,,0,0,0.9994688
malware_none_Zeus.pcap	tcp_336,19,0,,0,0,0.9996953
malware_none_Zeus.pcap	tcp_981,19,0,,0,0,0.9994476
malware_none_Zeus.pcap	tcp_1212,19,0,,0,0,0.9996256
malware_none_Zeus.pcap	udp_150,19,0,,0,0,0.9968617
malware_none_Zeus.pcap	tcp_339,19,0,,0,0,0.9998373
malware_none_Zeus.pcap	udp_151,19,0,,0,0,0.9996389
malware_none_Zeus.pcap	tcp_2157,19,0,,0,0,0.99946433
malware_none_Zeus.pcap	tcp_717,19,0,,0,0,0.9997967
malware_none_Zeus.pcap	tcp_1773,19,0,,0,0,0.99937564
malware_none_Zeus.pcap	tcp_1263,19,0,,0,0,0.99976295
malware_none_Zeus.pcap	tcp_1411,19,0,,0,0,0.99934447
malware_none_Zeus.pcap	tcp_1597,19,0,,0,0,0.99954236
malware_none_Zeus.pcap	udp_667,19,0,,0,0,0.9991295
malware_none_Zeus.pcap	tcp_346,19,0,,0,0,0.9995957
malware_none_Zeus.pcap	udp_768,19,0,,0,0,0.99955153
malware_none_Zeus.pcap	tcp_347,19,0,,0,0,0.9993492
malware_none_Zeus.pcap	udp_549,19,0,,0,0,0.99962324
malware_none_Zeus.pcap	udp_441,19,0,,0,0,0.9990178
malware_none_Zeus.pcap	tcp_1036,19,0,,0,0,0.99887705
malware_none_Zeus.pcap	tcp_1383,19,0,,0,0,0.99979573
malware_none_Zeus.pcap	udp_698,19,0,,0,0,0.99857545
malware_none_Zeus.pcap	tcp_1848,19,0,,0,0,0.99953127
malware_none_Zeus.pcap	udp_158,19,0,,0,0,0.9986564
malware_none_Zeus.pcap	udp_498,19,0,,0,0,0.9996213
malware_none_Zeus.pcap	udp_159,19,0,,0,0,0.9992215
malware_none_Zeus.pcap	udp_736,19,0,,0,0,0.9998116
malware_none_Zeus.pcap	tcp_2031,19,0,,0,0,0.9996978
malware_none_Zeus.pcap	udp_300,19,0,,0,0,0.9996886
malware_none_Zeus.pcap	tcp_1990,19,0,,0,0,0.9993867
malware_none_Zeus.pcap	udp_163,19,0,,0,0,0.99972254
malware_none_Zeus.pcap	tcp_2068,19,0,,0,0,0.9997961
malware_none_Zeus.pcap	tcp_1587,19,0,,0,0,0.99976784
malware_none_Zeus.pcap	tcp_357,19,0,,0,0,0.99962735
malware_none_Zeus.pcap	udp_165,19,0,,0,0,0.99882793
malware_none_Zeus.pcap	tcp_1357,19,0,,0,0,0.99955386
malware_none_Zeus.pcap	tcp_1734,19,0,,0,0,0.9995977
malware_none_Zeus.pcap	tcp_1563,19,0,,0,0,0.9995985
malware_none_Zeus.pcap	tcp_973,19,0,,0,0,0.9998407
malware_none_Zeus.pcap	tcp_1499,19,0,,0,0,0.9997002
malware_none_Zeus.pcap	tcp_964,19,0,,0,0,0.993883
malware_none_Zeus.pcap	tcp_1523,19,0,,0,0,0.999099
malware_none_Zeus.pcap	udp_171,19,0,,0,0,0.9995276
malware_none_Zeus.pcap	tcp_1648,19,0,,0,0,0.9996225
malware_none_Zeus.pcap	tcp_946,19,0,,0,0,0.999635
malware_none_Zeus.pcap	tcp_1193,19,0,,0,0,0.9996928
malware_none_Zeus.pcap	tcp_1531,19,0,,0,0,0.99980086
malware_none_Zeus.pcap	udp_484,19,0,,0,0,0.999749
malware_none_Zeus.pcap	tcp_1550,19,0,,0,0,0.9996038
malware_none_Zeus.pcap	udp_309,19,0,,0,0,0.999195
malware_none_Zeus.pcap	tcp_1088,19,0,,0,0,0.9997764
malware_none_Zeus.pcap	tcp_1250,19,0,,0,0,0.9997757
malware_none_Zeus.pcap	udp_606,19,0,,0,0,0.9994984
malware_none_Zeus.pcap	udp_354,19,0,,0,0,0.9991671
malware_none_Zeus.pcap	udp_479,19,0,,0,0,0.99936336
malware_none_Zeus.pcap	tcp_724,19,0,,0,0,0.9993445
malware_none_Zeus.pcap	tcp_1385,19,0,,0,0,0.99907625
malware_none_Zeus.pcap	tcp_2184,19,0,,0,0,0.9994501
malware_none_Zeus.pcap	udp_473,19,0,,0,0,0.99971956
malware_none_Zeus.pcap	tcp_1027,19,0,,0,0,0.99951446
malware_none_Zeus.pcap	tcp_375,19,0,,0,0,0.9996245
malware_none_Zeus.pcap	tcp_376,19,0,,0,0,0.9997789
malware_none_Zeus.pcap	udp_744,19,0,,0,0,0.9996146
malware_none_Zeus.pcap	tcp_1662,19,0,,0,0,0.99983466
malware_none_Zeus.pcap	tcp_379,19,0,,0,0,0.99957085
malware_none_Zeus.pcap	udp_608,19,0,,0,0,0.999204
malware_none_Zeus.pcap	tcp_1182,19,0,,0,0,0.99895006
malware_none_Zeus.pcap	tcp_381,19,0,,0,0,0.99968296
malware_none_Zeus.pcap	udp_545,19,0,,0,0,0.9997496
malware_none_Zeus.pcap	udp_184,19,0,,0,0,0.99958915
malware_none_Zeus.pcap	tcp_383,19,0,,0,0,0.9996847
malware_none_Zeus.pcap	tcp_2085,19,0,,0,0,0.99977297
malware_none_Zeus.pcap	tcp_1547,19,0,,0,0,0.99909425
malware_none_Zeus.pcap	tcp_819,19,0,,0,0,0.99984616
malware_none_Zeus.pcap	tcp_1344,19,0,,0,0,0.9993736
malware_none_Zeus.pcap	tcp_1926,19,0,,0,0,0.9998433
malware_none_Zeus.pcap	tcp_390,19,0,,0,0,0.99981934
malware_none_Zeus.pcap	tcp_391,19,0,,0,0,0.9990819
malware_none_Zeus.pcap	udp_187,19,0,,0,0,0.9997725
malware_none_Zeus.pcap	udp_332,19,0,,0,0,0.9997346
malware_none_Zeus.pcap	tcp_1954,19,0,,0,0,0.9980767
malware_none_Zeus.pcap	tcp_1201,19,0,,0,0,0.9995807
malware_none_Zeus.pcap	tcp_1225,19,0,,0,0,0.99943644
malware_none_Zeus.pcap	tcp_1472,19,0,,0,0,0.9998367
malware_none_Zeus.pcap	tcp_398,19,0,,0,0,0.99962616
malware_none_Zeus.pcap	tcp_399,19,0,,0,0,0.99983233
malware_none_Zeus.pcap	tcp_1580,19,0,,0,0,0.99984235
malware_none_Zeus.pcap	tcp_401,19,0,,0,0,0.9997713
malware_none_Zeus.pcap	udp_361,19,0,,0,0,0.9944372
malware_none_Zeus.pcap	tcp_1761,19,0,,0,0,0.9997966
malware_none_Zeus.pcap	udp_293,19,0,,0,0,0.99902207
malware_none_Zeus.pcap	tcp_768,19,0,,0,0,0.9995678
malware_none_Zeus.pcap	tcp_1921,19,0,,0,0,0.999777
malware_none_Zeus.pcap	tcp_1840,19,0,,0,0,0.99948126
malware_none_Zeus.pcap	tcp_1099,19,0,,0,0,0.9997172
malware_none_Zeus.pcap	udp_738,19,0,,0,0,0.9997316
malware_none_Zeus.pcap	tcp_1893,19,0,,0,0,0.99980146
malware_none_Zeus.pcap	tcp_1360,19,0,,0,0,0.99957657
malware_none_Zeus.pcap	udp_575,19,0,,0,0,0.9982665
malware_none_Zeus.pcap	tcp_2009,19,0,,0,0,0.9997193
malware_none_Zeus.pcap	tcp_1453,19,0,,0,0,0.99969614
malware_none_Zeus.pcap	tcp_1822,19,0,,0,0,0.9996055
malware_none_Zeus.pcap	tcp_942,19,0,,0,0,0.9997066
malware_none_Zeus.pcap	tcp_1329,19,0,,0,0,0.9998292
malware_none_Zeus.pcap	udp_758,19,0,,0,0,0.99960965
malware_none_Zeus.pcap	tcp_992,19,0,,0,0,0.9996341
malware_none_Zeus.pcap	tcp_420,19,0,,0,0,0.9996155
malware_none_Zeus.pcap	tcp_1816,19,0,,0,0,0.9995183
malware_none_Zeus.pcap	tcp_1478,19,0,,0,0,0.99971294
malware_none_Zeus.pcap	udp_496,19,0,,0,0,0.99955046
malware_none_Zeus.pcap	tcp_423,19,0,,0,0,0.9994998
malware_none_Zeus.pcap	tcp_1397,19,0,,0,0,0.99912405
malware_none_Zeus.pcap	tcp_1516,19,0,,0,0,0.99950635
malware_none_Zeus.pcap	tcp_425,19,0,,0,0,0.99929804
malware_none_Zeus.pcap	tcp_1226,19,0,,0,0,0.999785
malware_none_Zeus.pcap	udp_739,19,0,,0,0,0.99958795
malware_none_Zeus.pcap	tcp_2107,19,0,,0,0,0.9996093
malware_none_Zeus.pcap	tcp_429,19,0,,0,0,0.9996655
malware_none_Zeus.pcap	udp_326,19,0,,0,0,0.9995608
malware_none_Zeus.pcap	tcp_1430,19,0,,0,0,0.999642
malware_none_Zeus.pcap	tcp_431,19,0,,0,0,0.9996828
malware_none_Zeus.pcap	tcp_958,19,0,,0,0,0.9998321
malware_none_Zeus.pcap	udp_201,19,0,,0,0,0.24481583
malware_none_Zeus.pcap	tcp_433,19,0,,0,0,0.99979585
malware_none_Zeus.pcap	tcp_435,19,0,,0,0,0.9966535
malware_none_Zeus.pcap	udp_202,19,0,,0,0,0.9982495
malware_none_Zeus.pcap	tcp_436,19,0,,0,0,0.99970365
malware_none_Zeus.pcap	udp_406,19,0,,0,0,0.999595
malware_none_Zeus.pcap	tcp_2035,19,0,,0,0,0.9993357
malware_none_Zeus.pcap	tcp_2083,19,0,,0,0,0.9995438
malware_none_Zeus.pcap	tcp_440,19,0,,0,0,0.99984276
malware_none_Zeus.pcap	tcp_1016,19,0,,0,0,0.99966085
malware_none_Zeus.pcap	udp_204,19,0,,0,0,0.99941033
malware_none_Zeus.pcap	tcp_1872,19,0,,0,0,0.9993873
malware_none_Zeus.pcap	tcp_443,19,0,,0,0,0.9997111
malware_none_Zeus.pcap	tcp_889,19,0,,0,0,0.9998421
malware_none_Zeus.pcap	tcp_2096,19,0,,0,0,0.99916255
malware_none_Zeus.pcap	tcp_1335,19,0,,0,0,0.9997069
malware_none_Zeus.pcap	tcp_1406,19,0,,0,0,0.9996176
malware_none_Zeus.pcap	tcp_2142,19,0,,0,0,0.99957937
malware_none_Zeus.pcap	udp_336,19,0,,0,0,0.9996421
malware_none_Zeus.pcap	tcp_450,19,0,,0,0,0.992255
malware_none_Zeus.pcap	tcp_721,19,0,,0,0,0.9993857
malware_none_Zeus.pcap	udp_618,19,0,,0,0,0.99960667
malware_none_Zeus.pcap	tcp_2084,19,0,,0,0,0.9998247
malware_none_Zeus.pcap	tcp_1489,19,0,,0,0,0.99965954
malware_none_Zeus.pcap	tcp_1573,19,0,,0,0,0.99907994
malware_none_Zeus.pcap	tcp_456,19,0,,0,0,0.99965155
malware_none_Zeus.pcap	tcp_1744,19,0,,0,0,0.9997107
malware_none_Zeus.pcap	tcp_457,19,0,,0,0,0.999289
malware_none_Zeus.pcap	udp_210,19,0,,0,0,0.99982053
malware_none_Zeus.pcap	tcp_1776,19,0,,0,0,0.9996977
malware_none_Zeus.pcap	tcp_1246,19,0,,0,0,0.9994661
malware_none_Zeus.pcap	udp_211,19,0,,0,0,0.99975824
malware_none_Zeus.pcap	tcp_2048,19,0,,0,0,0.99913627
malware_none_Zeus.pcap	udp_365,19,0,,0,0,0.99963933
malware_none_Zeus.pcap	tcp_1121,19,0,,0,0,0.9991407
malware_none_Zeus.pcap	udp_212,19,0,,0,0,0.99906904
malware_none_Zeus.pcap	udp_480,19,0,,0,0,0.9992329
malware_none_Zeus.pcap	tcp_1821,19,0,,0,0,0.9998337
malware_none_Zeus.pcap	tcp_1807,19,0,,0,0,0.9994567
malware_none_Zeus.pcap	tcp_471,19,0,,0,0,0.99902546
malware_none_Zeus.pcap	tcp_1123,19,0,,0,0,0.99984294
malware_none_Zeus.pcap	tcp_472,19,0,,0,0,0.99971014
malware_none_Zeus.pcap	tcp_473,19,0,,0,0,0.9998335
malware_none_Zeus.pcap	tcp_2007,19,0,,0,0,0.99959964
malware_none_Zeus.pcap	udp_216,19,0,,0,0,0.99977905
malware_none_Zeus.pcap	tcp_478,19,0,,0,0,0.99981827
malware_none_Zeus.pcap	tcp_1612,19,0,,0,0,0.9989191
malware_none_Zeus.pcap	udp_370,19,0,,0,0,0.9996157
malware_none_Zeus.pcap	tcp_1234,19,0,,0,0,0.99944526
malware_none_Zeus.pcap	tcp_481,19,0,,0,0,0.9996449
malware_none_Zeus.pcap	tcp_1446,19,0,,0,0,0.9995302
malware_none_Zeus.pcap	tcp_483,19,0,,0,0,0.99951756
malware_none_Zeus.pcap	udp_790,19,0,,0,0,0.99953806
malware_none_Zeus.pcap	tcp_1560,19,0,,0,0,0.99904376
malware_none_Zeus.pcap	tcp_2098,19,0,,0,0,0.9994292
malware_none_Zeus.pcap	tcp_487,19,0,,0,0,0.9996366
malware_none_Zeus.pcap	tcp_1072,19,0,,0,0,0.999705
malware_none_Zeus.pcap	tcp_1365,19,0,,0,0,0.9993436
malware_none_Zeus.pcap	tcp_805,19,0,,0,0,0.9997979
malware_none_Zeus.pcap	tcp_490,19,0,,0,0,0.99964726
malware_none_Zeus.pcap	tcp_491,19,0,,0,0,0.99983364
malware_none_Zeus.pcap	tcp_956,19,0,,0,0,0.99958825
malware_none_Zeus.pcap	tcp_493,19,0,,0,0,0.9996436
malware_none_Zeus.pcap	udp_394,19,0,,0,0,0.99951494
malware_none_Zeus.pcap	tcp_1570,19,0,,0,0,0.99959534
malware_none_Zeus.pcap	tcp_1946,19,0,,0,0,0.99965966
malware_none_Zeus.pcap	tcp_498,19,0,,0,0,0.9970597
malware_none_Zeus.pcap	tcp_499,19,0,,0,0,0.99983335
malware_none_Zeus.pcap	udp_494,19,0,,0,0,0.9992324
malware_none_Zeus.pcap	tcp_501,19,0,,0,0,0.99929047
malware_none_Zeus.pcap	tcp_1868,19,0,,0,0,0.9996444
malware_none_Zeus.pcap	tcp_2062,19,0,,0,0,0.99964964
malware_none_Zeus.pcap	tcp_503,19,0,,0,0,0.9993569
malware_none_Zeus.pcap	tcp_1964,19,0,,0,0,0.9997687
malware_none_Zeus.pcap	tcp_919,19,0,,0,0,0.99787486
malware_none_Zeus.pcap	tcp_505,19,0,,0,0,0.9993098
malware_none_Zeus.pcap	udp_429,19,0,,0,0,0.92185974
malware_none_Zeus.pcap	tcp_507,19,0,,0,0,0.99955016
malware_none_Zeus.pcap	udp_226,19,0,,0,0,0.9993783
malware_none_Zeus.pcap	tcp_1740,19,0,,0,0,0.9991373
malware_none_Zeus.pcap	tcp_509,19,0,,0,0,0.999642
malware_none_Zeus.pcap	tcp_731,19,0,,0,0,0.99943113
malware_none_Zeus.pcap	tcp_512,19,0,,0,0,0.9992542
malware_none_Zeus.pcap	tcp_2180,19,0,,0,0,0.9998165
malware_none_Zeus.pcap	tcp_1366,19,0,,0,0,0.99961156
malware_none_Zeus.pcap	tcp_1436,19,0,,0,0,0.9996137
malware_none_Zeus.pcap	tcp_515,19,0,,0,0,0.99971336
malware_none_Zeus.pcap	tcp_516,19,0,,0,0,0.99954
malware_none_Zeus.pcap	udp_229,19,0,,0,0,0.9997293
malware_none_Zeus.pcap	tcp_912,19,0,,0,0,0.9994929
malware_none_Zeus.pcap	tcp_975,19,0,,0,0,0.9996824
malware_none_Zeus.pcap	tcp_1938,19,0,,0,0,0.99944466
malware_none_Zeus.pcap	udp_230,19,0,,0,0,0.9992847
malware_none_Zeus.pcap	udp_457,19,0,,0,0,0.9989955
malware_none_Zeus.pcap	tcp_521,19,0,,0,0,0.9996985
malware_none_Zeus.pcap	udp_775,19,0,,0,0,0.99959785
malware_none_Zeus.pcap	udp_792,19,0,,0,0,0.9997942
malware_none_Zeus.pcap	tcp_523,19,0,,0,0,0.99976283
malware_none_Zeus.pcap	tcp_524,19,0,,0,0,0.9992446
malware_none_Zeus.pcap	udp_786,19,0,,0,0,0.99978715
malware_none_Zeus.pcap	tcp_715,19,0,,0,0,0.9996966
malware_none_Zeus.pcap	udp_751,19,0,,0,0,0.99955076
malware_none_Zeus.pcap	tcp_531,19,0,,0,0,0.9995274
malware_none_Zeus.pcap	udp_234,19,0,,0,0,0.9995964
malware_none_Zeus.pcap	tcp_532,19,0,,0,0,0.9993803
malware_none_Zeus.pcap	tcp_533,19,0,,0,0,0.9996939
malware_none_Zeus.pcap	tcp_1739,19,0,,0,0,0.99970835
malware_none_Zeus.pcap	tcp_535,19,0,,0,0,0.999691
malware_none_Zeus.pcap	tcp_1716,19,0,,0,0,0.999526
malware_none_Zeus.pcap	udp_236,19,0,,0,0,0.9995069
malware_none_Zeus.pcap	tcp_539,19,0,,0,0,0.999385
malware_none_Zeus.pcap	tcp_1415,19,0,,0,0,0.9991358
malware_none_Zeus.pcap	tcp_1915,19,0,,0,0,0.99984425
malware_none_Zeus.pcap	tcp_542,19,0,,0,0,0.99980825
malware_none_Zeus.pcap	tcp_543,19,0,,0,0,0.99938136
malware_none_Zeus.pcap	tcp_544,19,0,,0,0,0.99984014
malware_none_Zeus.pcap	udp_238,19,0,,0,0,0.9986113
malware_none_Zeus.pcap	udp_551,19,0,,0,0,0.9992343
malware_none_Zeus.pcap	tcp_548,19,0,,0,0,0.9995264
malware_none_Zeus.pcap	udp_239,19,0,,0,0,0.9995814
malware_none_Zeus.pcap	udp_404,19,0,,0,0,0.9985189
malware_none_Zeus.pcap	tcp_1513,19,0,,0,0,0.9995602
malware_none_Zeus.pcap	tcp_1097,19,0,,0,0,0.99984
malware_none_Zeus.pcap	tcp_831,19,0,,0,0,0.9998066
malware_none_Zeus.pcap	tcp_552,19,0,,0,0,0.99969316
malware_none_Zeus.pcap	tcp_1774,19,0,,0,0,0.99981767
malware_none_Zeus.pcap	udp_541,19,0,,0,0,0.99874943
malware_none_Zeus.pcap	tcp_1673,19,0,,0,0,0.9993355
malware_none_Zeus.pcap	tcp_1572,19,0,,0,0,0.999378
malware_none_Zeus.pcap	tcp_748,19,0,,0,0,0.99983215
malware_none_Zeus.pcap	tcp_2047,19,0,,0,0,0.9993605
malware_none_Zeus.pcap	udp_243,19,0,,0,0,0.9995653
malware_none_Zeus.pcap	tcp_972,19,0,,0,0,0.9994204
malware_none_Zeus.pcap	tcp_1050,19,0,,0,0,0.9996878
malware_none_Zeus.pcap	tcp_2012,19,0,,0,0,0.999784
malware_none_Zeus.pcap	udp_380,19,0,,0,0,0.9994977
malware_none_Zeus.pcap	tcp_1238,19,0,,0,0,0.99983793
malware_none_Zeus.pcap	tcp_1203,19,0,,0,0,0.9997991
malware_none_Zeus.pcap	udp_554,19,0,,0,0,0.9992085
malware_none_Zeus.pcap	udp_534,19,0,,0,0,0.999746
malware_none_Zeus.pcap	tcp_1493,19,0,,0,0,0.9997713
malware_none_Zeus.pcap	udp_532,19,0,,0,0,0.999772
malware_none_Zeus.pcap	udp_718,19,0,,0,0,0.99801207
malware_none_Zeus.pcap	tcp_1736,19,0,,0,0,0.9997876
malware_none_Zeus.pcap	tcp_2026,19,0,,0,0,0.999841
malware_none_Zeus.pcap	udp_414,19,0,,0,0,0.99962974
malware_none_Zeus.pcap	tcp_574,19,0,,0,0,0.9996824
malware_none_Zeus.pcap	udp_248,19,0,,0,0,0.9996789
malware_none_Zeus.pcap	tcp_2193,19,0,,0,0,0.9995117
malware_none_Zeus.pcap	tcp_1494,19,0,,0,0,0.999253
malware_none_Zeus.pcap	tcp_795,19,0,,0,0,0.99971956
malware_none_Zeus.pcap	udp_249,19,0,,0,0,0.9996463
malware_none_Zeus.pcap	udp_397,19,0,,0,0,0.9978442
malware_none_Zeus.pcap	tcp_1117,19,0,,0,0,0.99977463
malware_none_Zeus.pcap	udp_725,19,0,,0,0,0.99914587
malware_none_Zeus.pcap	tcp_1654,19,0,,0,0,0.99934405
malware_none_Zeus.pcap	tcp_583,19,0,,0,0,0.99937576
malware_none_Zeus.pcap	udp_335,19,0,,0,0,0.9997472
malware_none_Zeus.pcap	udp_251,19,0,,0,0,0.9995351
malware_none_Zeus.pcap	tcp_585,19,0,,0,0,0.9996503
malware_none_Zeus.pcap	tcp_587,19,0,,0,0,0.9990481
malware_none_Zeus.pcap	tcp_935,19,0,,0,0,0.99904794
malware_none_Zeus.pcap	tcp_794,19,0,,0,0,0.9996521
malware_none_Zeus.pcap	tcp_590,19,0,,0,0,0.9996138
malware_none_Zeus.pcap	tcp_1090,19,0,,0,0,0.99982977
malware_none_Zeus.pcap	tcp_1297,19,0,,0,0,0.9994246
malware_none_Zeus.pcap	tcp_1983,19,0,,0,0,0.999798
malware_none_Zeus.pcap	tcp_835,19,0,,0,0,0.99966675
malware_none_Zeus.pcap	tcp_1093,19,0,,0,0,0.999694
malware_none_Zeus.pcap	tcp_1040,19,0,,0,0,0.99983096
malware_none_Zeus.pcap	tcp_1039,19,0,,0,0,0.99967265
malware_none_Zeus.pcap	tcp_1593,19,0,,0,0,0.9997175
malware_none_Zeus.pcap	tcp_2128,19,0,,0,0,0.99968994
malware_none_Zeus.pcap	tcp_1184,19,0,,0,0,0.99952507
malware_none_Zeus.pcap	tcp_720,19,0,,0,0,0.9997944
malware_none_Zeus.pcap	tcp_1706,19,0,,0,0,0.9997833
malware_none_Zeus.pcap	udp_374,19,0,,0,0,0.9997196
malware_none_Zeus.pcap	udp_516,19,0,,0,0,0.99973214
malware_none_Zeus.pcap	tcp_1880,19,0,,0,0,0.99966615
malware_none_Zeus.pcap	tcp_1154,19,0,,0,0,0.99982256
malware_none_Zeus.pcap	tcp_1252,19,0,,0,0,0.999152
malware_none_Zeus.pcap	udp_750,19,0,,0,0,0.9997652
malware_none_Zeus.pcap	tcp_1742,19,0,,0,0,0.9998024
malware_none_Zeus.pcap	tcp_1663,19,0,,0,0,0.99946827
malware_none_Zeus.pcap	udp_521,19,0,,0,0,0.9996147
malware_none_Zeus.pcap	udp_261,19,0,,0,0,0.99950147
malware_none_Zeus.pcap	tcp_1080,19,0,,0,0,0.9996101
malware_none_Zeus.pcap	tcp_1162,19,0,,0,0,0.99972135
malware_none_Zeus.pcap	tcp_616,19,0,,0,0,0.99912447
malware_none_Zeus.pcap	tcp_1978,19,0,,0,0,0.99910176
malware_none_Zeus.pcap	tcp_617,19,0,,0,0,0.99961674
malware_none_Zeus.pcap	tcp_619,19,0,,0,0,0.9995937
malware_none_Zeus.pcap	udp_263,19,0,,0,0,0.99924505
malware_none_Zeus.pcap	udp_451,19,0,,0,0,0.99843735
malware_none_Zeus.pcap	udp_400,19,0,,0,0,0.99973196
malware_none_Zeus.pcap	tcp_622,19,0,,0,0,0.999605
malware_none_Zeus.pcap	udp_264,19,0,,0,0,0.9996904
malware_none_Zeus.pcap	tcp_1437,19,0,,0,0,0.9994911
malware_none_Zeus.pcap	udp_784,19,0,,0,0,0.99977607
malware_none_Zeus.pcap	tcp_1399,19,0,,0,0,0.9997186
malware_none_Zeus.pcap	udp_265,19,0,,0,0,0.9997578
malware_none_Zeus.pcap	udp_594,19,0,,0,0,0.99979943
malware_none_Zeus.pcap	tcp_627,19,0,,0,0,0.99969256
malware_none_Zeus.pcap	tcp_1157,19,0,,0,0,0.9993399
malware_none_Zeus.pcap	tcp_1103,19,0,,0,0,0.9981364
malware_none_Zeus.pcap	tcp_629,19,0,,0,0,0.9996289
malware_none_Zeus.pcap	tcp_1278,19,0,,0,0,0.999785
malware_none_Zeus.pcap	tcp_1836,19,0,,0,0,0.99977964
malware_none_Zeus.pcap	udp_461,19,0,,0,0,0.9997516
malware_none_Zeus.pcap	tcp_1781,19,0,,0,0,0.9994562
malware_none_Zeus.pcap	udp_268,19,0,,0,0,0.99957174
malware_none_Zeus.pcap	tcp_2181,19,0,,0,0,0.99941236
malware_none_Zeus.pcap	tcp_636,19,0,,0,0,0.99969864
malware_none_Zeus.pcap	tcp_637,19,0,,0,0,0.9989126
malware_none_Zeus.pcap	udp_269,19,0,,0,0,0.9987184
malware_none_Zeus.pcap	tcp_1767,19,0,,0,0,0.9996942
malware_none_Zeus.pcap	tcp_1588,19,0,,0,0,0.9990971
malware_none_Zeus.pcap	udp_722,19,0,,0,0,0.99953115
malware_none_Zeus.pcap	tcp_643,19,0,,0,0,0.9997229
malware_none_Zeus.pcap	tcp_644,19,0,,0,0,0.9993228
malware_none_Zeus.pcap	tcp_1074,19,0,,0,0,0.9996125
malware_none_Zeus.pcap	tcp_646,19,0,,0,0,0.9996662
malware_none_Zeus.pcap	udp_477,19,0,,0,0,0.99885035
malware_none_Zeus.pcap	tcp_648,19,0,,0,0,0.99969184
malware_none_Zeus.pcap	tcp_789,19,0,,0,0,0.9998149
malware_none_Zeus.pcap	tcp_1447,19,0,,0,0,0.9996565
malware_none_Zeus.pcap	tcp_1458,19,0,,0,0,0.9996222
malware_none_Zeus.pcap	tcp_726,19,0,,0,0,0.9997948
malware_none_Zeus.pcap	udp_613,19,0,,0,0,0.9995596
malware_none_Zeus.pcap	tcp_1594,19,0,,0,0,0.99955124
malware_none_Zeus.pcap	tcp_654,19,0,,0,0,0.9990577
malware_none_Zeus.pcap	tcp_1483,19,0,,0,0,0.9986842
malware_none_Zeus.pcap	tcp_1725,19,0,,0,0,0.99911916
malware_none_Zeus.pcap	tcp_657,19,0,,0,0,0.9996056
malware_none_Zeus.pcap	tcp_1561,19,0,,0,0,0.9998417
malware_none_Zeus.pcap	tcp_658,19,0,,0,0,0.99983567
malware_none_Zeus.pcap	tcp_1699,19,0,,0,0,0.99942553
malware_none_Zeus.pcap	tcp_1440,19,0,,0,0,0.9995833
malware_none_Zeus.pcap	udp_411,19,0,,0,0,0.99980277
malware_none_Zeus.pcap	tcp_662,19,0,,0,0,0.9996223
malware_none_Zeus.pcap	tcp_663,19,0,,0,0,0.9995165
malware_none_Zeus.pcap	udp_278,19,0,,0,0,0.99953985
malware_none_Zeus.pcap	tcp_1540,19,0,,0,0,0.9996495
malware_none_Zeus.pcap	tcp_760,19,0,,0,0,0.99938077
malware_none_Zeus.pcap	tcp_666,19,0,,0,0,0.99958473
malware_none_Zeus.pcap	udp_279,19,0,,0,0,0.99972284
malware_none_Zeus.pcap	tcp_667,19,0,,0,0,0.99965054
malware_none_Zeus.pcap	tcp_1690,19,0,,0,0,0.9996828
malware_none_Zeus.pcap	tcp_820,19,0,,0,0,0.9996978
malware_none_Zeus.pcap	udp_280,19,0,,0,0,0.9984385
malware_none_Zeus.pcap	tcp_1891,19,0,,0,0,0.99948406
malware_none_Zeus.pcap	tcp_671,19,0,,0,0,0.99962765
malware_none_Zeus.pcap	tcp_1819,19,0,,0,0,0.99964464
malware_none_Zeus.pcap	tcp_673,19,0,,0,0,0.99983764
malware_none_Zeus.pcap	tcp_2021,19,0,,0,0,0.9997118
malware_none_Zeus.pcap	udp_310,19,0,,0,0,0.99951756
malware_none_Zeus.pcap	tcp_1094,19,0,,0,0,0.9998456
malware_none_Zeus.pcap	udp_379,19,0,,0,0,0.9986645
malware_none_Zeus.pcap	udp_283,19,0,,0,0,0.99970233
malware_none_Zeus.pcap	tcp_679,19,0,,0,0,0.9997233
malware_none_Zeus.pcap	tcp_681,19,0,,0,0,0.99945813
malware_none_Zeus.pcap	udp_574,19,0,,0,0,0.9997561
malware_none_Zeus.pcap	tcp_683,19,0,,0,0,0.9998372
malware_none_Zeus.pcap	udp_573,19,0,,0,0,0.99934644
malware_none_Zeus.pcap	tcp_1939,19,0,,0,0,0.9993286
malware_none_Zeus.pcap	tcp_687,19,0,,0,0,0.9997025
malware_none_Zeus.pcap	tcp_688,19,0,,0,0,0.9997025
malware_none_Zeus.pcap	tcp_1106,19,0,,0,0,0.99942636
malware_none_Zeus.pcap	udp_287,19,0,,0,0,0.9969855
malware_none_Zeus.pcap	tcp_690,19,0,,0,0,0.9993467
malware_none_Zeus.pcap	tcp_1683,19,0,,0,0,0.99977785
malware_none_Zeus.pcap	tcp_1209,19,0,,0,0,0.99968255
malware_none_Zeus.pcap	tcp_2054,19,0,,0,0,0.9994846
malware_none_Zeus.pcap	tcp_695,19,0,,0,0,0.9991377
malware_none_Zeus.pcap	udp_696,19,0,,0,0,0.9992275
malware_none_Zeus.pcap	tcp_697,19,0,,0,0,0.9998301
malware_none_Zeus.pcap	tcp_1817,19,0,,0,0,0.99969697
malware_none_Zeus.pcap	tcp_2033,19,0,,0,0,0.98511237
malware_none_Zeus.pcap	tcp_699,19,0,,0,0,0.99983674
malware_none_Zeus.pcap	tcp_1042,19,0,,0,0,0.99964345
malware_none_Zeus.pcap	tcp_1680,19,0,,0,0,0.99936265
malware_none_Zeus.pcap	tcp_1211,19,0,,0,0,0.9998109
malware_none_Zeus.pcap	tcp_813,19,0,,0,0,0.99979883
malware_none_Zeus.pcap	udp_297,19,0,,0,0,0.9992046
malware_none_Zeus.pcap	tcp_809,19,0,,0,0,0.99955827
malware_none_Zeus.pcap	tcp_1288,19,0,,0,0,0.99907124
benign_none_FTP.pcap	tcp_1821,2,0,,0,0,0.9987259
benign_none_FTP.pcap	tcp_1840,2,0,,0,0,0.9992384
benign_none_FTP.pcap	tcp_3,2,0,,0,0,0.99592036
benign_none_FTP.pcap	tcp_2628,2,0,,0,0,0.99248403
benign_none_FTP.pcap	tcp_1861,2,0,,0,0,0.99903715
benign_none_FTP.pcap	tcp_6,2,0,,0,0,0.9977644
benign_none_FTP.pcap	tcp_2783,2,0,,0,0,0.9985346
benign_none_FTP.pcap	tcp_8,2,0,,0,0,0.9991248
benign_none_FTP.pcap	tcp_1490,2,0,,0,0,0.99980086
benign_none_FTP.pcap	tcp_11,2,0,,0,0,0.8650421
benign_none_FTP.pcap	tcp_1638,2,0,,0,0,0.99960846
benign_none_FTP.pcap	tcp_1421,2,0,,0,0,0.99863833
benign_none_FTP.pcap	tcp_14,2,0,,0,0,0.90325975
benign_none_FTP.pcap	tcp_2474,2,0,,0,0,0.9991091
benign_none_FTP.pcap	tcp_16,2,0,,0,0,0.9993
benign_none_FTP.pcap	tcp_1080,2,0,,0,0,0.990156
benign_none_FTP.pcap	tcp_2084,2,0,,0,0,0.9995136
benign_none_FTP.pcap	udp_1,2,0,,0,0,0.9977418
benign_none_FTP.pcap	tcp_19,2,0,,0,0,0.26865685
benign_none_FTP.pcap	tcp_1231,2,0,,0,0,0.9991825
benign_none_FTP.pcap	tcp_2558,2,0,,0,0,0.99958
benign_none_FTP.pcap	tcp_22,2,0,,0,0,0.9995586
benign_none_FTP.pcap	tcp_24,2,0,,0,0,0.999159
benign_none_FTP.pcap	tcp_1046,2,0,,0,0,0.99979526
benign_none_FTP.pcap	tcp_2521,2,0,,0,0,0.996754
benign_none_FTP.pcap	tcp_2041,2,0,,0,0,0.9992706
benign_none_FTP.pcap	tcp_967,2,0,,0,0,0.99497205
benign_none_FTP.pcap	tcp_1634,2,1,Cc_5,0,0,0.6332561
benign_none_FTP.pcap	tcp_1078,2,0,,0,0,0.998621
benign_none_FTP.pcap	tcp_2006,2,0,,0,0,0.8726214
benign_none_FTP.pcap	tcp_1640,2,0,,0,0,0.9994476
benign_none_FTP.pcap	tcp_1200,2,0,,0,0,0.99874914
benign_none_FTP.pcap	tcp_38,2,0,,0,0,0.9057751
benign_none_FTP.pcap	tcp_39,2,0,,0,0,0.99330175
benign_none_FTP.pcap	tcp_40,2,0,,0,0,0.15896283
benign_none_FTP.pcap	tcp_1963,2,0,,0,0,0.9997153
benign_none_FTP.pcap	tcp_43,2,0,,0,0,0.32940236
benign_none_FTP.pcap	tcp_1429,2,0,,0,0,0.9947402
benign_none_FTP.pcap	tcp_45,2,0,,0,0,0.9933667
benign_none_FTP.pcap	tcp_1997,2,0,,0,0,0.9975547
benign_none_FTP.pcap	udp_2,2,0,,0,0,0.8456197
benign_none_FTP.pcap	tcp_2673,2,0,,0,0,0.43469608
benign_none_FTP.pcap	tcp_2198,2,0,,0,0,0.99754447
benign_none_FTP.pcap	tcp_2068,2,0,,0,0,0.9993142
benign_none_FTP.pcap	tcp_50,2,0,,0,0,0.11255831
benign_none_FTP.pcap	tcp_1569,2,0,,0,0,0.9994029
benign_none_FTP.pcap	udp_4,2,0,,0,0,0.99851596
benign_none_FTP.pcap	tcp_1521,2,0,,0,0,0.9995001
benign_none_FTP.pcap	udp_5,2,0,,0,0,0.8654457
benign_none_FTP.pcap	tcp_1474,2,0,,0,0,0.99964535
benign_none_FTP.pcap	tcp_1178,2,0,,0,0,0.99491185
benign_none_FTP.pcap	tcp_55,2,0,,0,0,0.96612066
benign_none_FTP.pcap	tcp_1042,2,0,,0,0,0.9997868
benign_none_FTP.pcap	tcp_2082,2,0,,0,0,0.9997578
benign_none_FTP.pcap	tcp_2058,2,0,,0,0,0.999608
benign_none_FTP.pcap	tcp_61,2,0,,0,0,0.5162907
benign_none_FTP.pcap	tcp_1983,2,0,,0,0,0.99973756
benign_none_FTP.pcap	tcp_65,2,1,Cc_5,0,0,0.14130025
benign_none_FTP.pcap	tcp_66,2,0,,0,1,0.00091906526
benign_none_FTP.pcap	tcp_67,2,0,,0,0,0.13605638
benign_none_FTP.pcap	tcp_1619,2,0,,0,0,0.99691415
benign_none_FTP.pcap	udp_97,2,0,,0,0,0.9977036
benign_none_FTP.pcap	tcp_1425,2,0,,0,0,0.9991642
benign_none_FTP.pcap	tcp_71,2,0,,0,0,0.9705729
benign_none_FTP.pcap	tcp_1461,2,0,,0,0,0.9993748
benign_none_FTP.pcap	tcp_74,2,0,,0,0,0.9975745
benign_none_FTP.pcap	tcp_2234,2,0,,0,0,0.24096783
benign_none_FTP.pcap	tcp_1155,2,0,,0,0,0.9994896
benign_none_FTP.pcap	tcp_2545,2,0,,0,0,0.9964563
benign_none_FTP.pcap	tcp_1944,2,0,,0,0,0.99916214
benign_none_FTP.pcap	tcp_79,2,0,,0,0,0.9980089
benign_none_FTP.pcap	tcp_2152,2,0,,0,0,0.9998191
benign_none_FTP.pcap	tcp_1967,2,0,,0,0,0.9998579
benign_none_FTP.pcap	tcp_2708,2,0,,0,0,0.9993944
benign_none_FTP.pcap	tcp_2461,2,0,,0,0,0.99277663
benign_none_FTP.pcap	udp_140,2,0,,0,0,0.99824035
benign_none_FTP.pcap	tcp_86,2,0,,0,0,0.98904425
benign_none_FTP.pcap	tcp_87,2,0,,0,0,0.9995222
benign_none_FTP.pcap	tcp_90,2,0,,0,0,0.9970419
benign_none_FTP.pcap	tcp_2806,2,0,,0,0,0.99888605
benign_none_FTP.pcap	tcp_1296,2,0,,0,0,0.9955852
benign_none_FTP.pcap	tcp_2724,2,0,,0,0,0.99965924
benign_none_FTP.pcap	tcp_94,2,0,,0,0,0.9992006
benign_none_FTP.pcap	tcp_1412,2,0,,0,0,0.9979772
benign_none_FTP.pcap	tcp_2854,2,0,,0,0,0.99927944
benign_none_FTP.pcap	tcp_100,2,0,,0,0,0.9974408
benign_none_FTP.pcap	tcp_1102,2,0,,0,0,0.98624617
benign_none_FTP.pcap	tcp_102,2,0,,0,0,0.9995018
benign_none_FTP.pcap	tcp_1943,2,0,,0,0,0.9995993
benign_none_FTP.pcap	tcp_1261,2,0,,0,0,0.9962016
benign_none_FTP.pcap	tcp_105,2,0,,0,0,0.99934274
benign_none_FTP.pcap	tcp_1749,2,0,,0,0,0.9981516
benign_none_FTP.pcap	tcp_107,2,0,,0,0,0.9998235
benign_none_FTP.pcap	tcp_2571,2,0,,0,0,0.99968266
benign_none_FTP.pcap	tcp_2202,2,0,,0,0,0.99587196
benign_none_FTP.pcap	tcp_110,2,0,,0,0,0.9996413
benign_none_FTP.pcap	tcp_111,2,0,,0,0,0.9987195
benign_none_FTP.pcap	tcp_1694,2,0,,0,0,0.99957925
benign_none_FTP.pcap	tcp_2704,2,0,,0,0,0.99914396
benign_none_FTP.pcap	udp_71,2,0,,0,0,0.99754506
benign_none_FTP.pcap	tcp_1815,2,0,,0,0,0.9997998
benign_none_FTP.pcap	tcp_116,2,0,,0,0,0.9993055
benign_none_FTP.pcap	tcp_2360,2,0,,0,0,0.999051
benign_none_FTP.pcap	tcp_2049,2,0,,0,0,0.99877447
benign_none_FTP.pcap	udp_7,2,0,,0,0,0.99762636
benign_none_FTP.pcap	tcp_1518,2,0,,0,0,0.9992287
benign_none_FTP.pcap	tcp_2148,2,0,,0,0,0.99988705
benign_none_FTP.pcap	tcp_965,2,0,,0,0,0.99810874
benign_none_FTP.pcap	tcp_1765,2,0,,0,0,0.9976374
benign_none_FTP.pcap	udp_9,2,0,,0,0,0.99844956
benign_none_FTP.pcap	udp_10,2,0,,0,0,0.997974
benign_none_FTP.pcap	tcp_973,2,0,,0,0,0.9990375
benign_none_FTP.pcap	tcp_1738,2,0,,0,0,0.99916196
benign_none_FTP.pcap	tcp_2686,2,0,,0,0,0.9998616
benign_none_FTP.pcap	tcp_126,2,0,,0,0,0.9967777
benign_none_FTP.pcap	tcp_1508,2,0,,0,0,0.8601746
benign_none_FTP.pcap	tcp_1145,2,0,,0,0,0.99918836
benign_none_FTP.pcap	tcp_130,2,0,,0,0,0.99920696
benign_none_FTP.pcap	tcp_2069,2,0,,0,0,0.98388666
benign_none_FTP.pcap	tcp_1444,2,0,,0,0,0.93812263
benign_none_FTP.pcap	tcp_134,2,0,,0,0,0.9995838
benign_none_FTP.pcap	tcp_2493,2,0,,0,0,0.998173
benign_none_FTP.pcap	tcp_1167,2,0,,0,0,0.999314
benign_none_FTP.pcap	tcp_138,2,0,,0,0,0.99740535
benign_none_FTP.pcap	tcp_139,2,0,,0,0,0.99911916
benign_none_FTP.pcap	tcp_140,2,0,,0,0,0.9978043
benign_none_FTP.pcap	tcp_2055,2,0,,0,0,0.99728274
benign_none_FTP.pcap	tcp_975,2,0,,0,0,0.9990764
benign_none_FTP.pcap	tcp_143,2,0,,0,0,0.9995578
benign_none_FTP.pcap	tcp_1284,2,0,,0,0,0.99767756
benign_none_FTP.pcap	tcp_145,2,0,,0,0,0.9961786
benign_none_FTP.pcap	tcp_2653,2,0,,0,0,0.9993232
benign_none_FTP.pcap	tcp_148,2,0,,0,0,0.99524564
benign_none_FTP.pcap	tcp_1893,2,0,,0,0,0.9995321
benign_none_FTP.pcap	tcp_150,2,0,,0,0,0.9980107
benign_none_FTP.pcap	tcp_151,2,0,,0,0,0.9985139
benign_none_FTP.pcap	tcp_1661,2,0,,0,0,0.99909234
benign_none_FTP.pcap	tcp_1614,2,0,,0,0,0.99643004
benign_none_FTP.pcap	tcp_154,2,0,,0,0,0.9989449
benign_none_FTP.pcap	tcp_155,2,0,,0,0,0.9913474
benign_none_FTP.pcap	tcp_1758,2,0,,0,0,0.9995309
benign_none_FTP.pcap	tcp_1235,2,0,,0,0,0.9973742
benign_none_FTP.pcap	tcp_2255,2,0,,0,0,0.99595827
benign_none_FTP.pcap	tcp_1601,2,0,,0,0,0.9961
benign_none_FTP.pcap	tcp_2722,2,0,,0,0,0.99921805
benign_none_FTP.pcap	tcp_161,2,0,,0,0,0.966279
benign_none_FTP.pcap	tcp_2663,2,0,,0,0,0.99553263
benign_none_FTP.pcap	tcp_1536,2,0,,0,0,0.997419
benign_none_FTP.pcap	tcp_2304,2,0,,0,0,0.9976152
benign_none_FTP.pcap	tcp_1118,2,0,,0,0,0.85810655
benign_none_FTP.pcap	tcp_2616,2,0,,0,0,0.99889827
benign_none_FTP.pcap	tcp_1867,2,0,,0,0,0.99632055
benign_none_FTP.pcap	tcp_1430,2,0,,0,0,0.99803513
benign_none_FTP.pcap	tcp_2770,2,0,,0,0,0.9976915
benign_none_FTP.pcap	tcp_1860,2,0,,0,0,0.9987185
benign_none_FTP.pcap	tcp_171,2,0,,0,0,0.9994628
benign_none_FTP.pcap	tcp_2275,2,0,,0,0,0.9980742
benign_none_FTP.pcap	tcp_173,2,0,,0,0,0.9998753
benign_none_FTP.pcap	tcp_1493,2,0,,0,0,0.99947375
benign_none_FTP.pcap	tcp_1746,2,0,,0,0,0.99892664
benign_none_FTP.pcap	tcp_177,2,0,,0,0,0.98394006
benign_none_FTP.pcap	tcp_1548,2,0,,0,0,0.9996069
benign_none_FTP.pcap	tcp_180,2,0,,0,0,0.9978853
benign_none_FTP.pcap	tcp_182,2,0,,0,0,0.9996284
benign_none_FTP.pcap	tcp_2145,2,0,,0,0,0.9993088
benign_none_FTP.pcap	tcp_1354,2,0,,0,0,0.9985618
benign_none_FTP.pcap	tcp_186,2,0,,0,0,0.9987835
benign_none_FTP.pcap	tcp_2383,2,0,,0,0,0.9995608
benign_none_FTP.pcap	tcp_2505,2,0,,0,0,0.9993925
benign_none_FTP.pcap	tcp_1687,2,0,,0,0,0.9996474
benign_none_FTP.pcap	tcp_1232,2,0,,0,0,0.9965029
benign_none_FTP.pcap	tcp_192,2,0,,0,0,0.9984068
benign_none_FTP.pcap	tcp_193,2,0,,0,0,0.9992718
benign_none_FTP.pcap	tcp_1465,2,0,,0,0,0.9983506
benign_none_FTP.pcap	tcp_1251,2,0,,0,0,0.9991848
benign_none_FTP.pcap	tcp_1780,2,0,,0,0,0.9990809
benign_none_FTP.pcap	tcp_1034,2,0,,0,0,0.91449654
benign_none_FTP.pcap	tcp_1108,2,0,,0,0,0.99839336
benign_none_FTP.pcap	tcp_1206,2,0,,0,0,0.9996897
benign_none_FTP.pcap	tcp_2111,2,0,,0,0,0.9901867
benign_none_FTP.pcap	tcp_2043,2,0,,0,0,0.99708074
benign_none_FTP.pcap	tcp_1161,2,0,,0,0,0.99973935
benign_none_FTP.pcap	tcp_204,2,0,,0,0,0.99945605
benign_none_FTP.pcap	tcp_2035,2,0,,0,0,0.95932263
benign_none_FTP.pcap	tcp_1890,2,0,,0,0,0.9900559
benign_none_FTP.pcap	tcp_2039,2,0,,0,0,0.99976075
benign_none_FTP.pcap	tcp_2496,2,0,,0,0,0.9967444
benign_none_FTP.pcap	tcp_2692,2,0,,0,0,0.9994669
benign_none_FTP.pcap	tcp_1718,2,0,,0,0,0.9973169
benign_none_FTP.pcap	tcp_2443,2,0,,0,0,0.99922675
benign_none_FTP.pcap	tcp_2363,2,0,,0,0,0.999666
benign_none_FTP.pcap	tcp_215,2,0,,0,0,0.9879198
benign_none_FTP.pcap	udp_113,2,0,,0,0,0.9973435
benign_none_FTP.pcap	tcp_1330,2,0,,0,0,0.96349
benign_none_FTP.pcap	tcp_218,2,0,,0,0,0.99989176
benign_none_FTP.pcap	tcp_2155,2,0,,0,0,0.99869174
benign_none_FTP.pcap	tcp_2338,2,0,,0,0,0.99803764
benign_none_FTP.pcap	tcp_221,2,0,,0,0,0.99853516
benign_none_FTP.pcap	tcp_222,2,0,,0,0,0.99963516
benign_none_FTP.pcap	tcp_1140,2,0,,0,0,0.9991924
benign_none_FTP.pcap	tcp_1551,2,0,,0,0,0.9996784
benign_none_FTP.pcap	tcp_2414,2,0,,0,0,0.99863714
benign_none_FTP.pcap	tcp_2577,2,0,,0,0,0.9817146
benign_none_FTP.pcap	tcp_2812,2,0,,0,0,0.99887735
benign_none_FTP.pcap	tcp_1868,2,0,,0,0,0.990167
benign_none_FTP.pcap	tcp_1016,2,0,,0,0,0.93903184
benign_none_FTP.pcap	tcp_1711,2,0,,0,0,0.9984292
benign_none_FTP.pcap	tcp_236,2,0,,0,0,0.9980422
benign_none_FTP.pcap	tcp_2173,2,0,,0,0,0.9826234
benign_none_FTP.pcap	tcp_2696,2,0,,0,0,0.9791515
benign_none_FTP.pcap	tcp_2179,2,0,,0,0,0.9993693
benign_none_FTP.pcap	tcp_1088,2,0,,0,0,0.9997333
benign_none_FTP.pcap	tcp_1393,2,0,,0,0,0.9990535
benign_none_FTP.pcap	udp_49,2,0,,0,0,0.99679595
benign_none_FTP.pcap	tcp_243,2,0,,0,0,0.9958793
benign_none_FTP.pcap	tcp_244,2,0,,0,0,0.99871695
benign_none_FTP.pcap	tcp_2659,2,0,,0,0,0.99743974
benign_none_FTP.pcap	tcp_2171,2,0,,0,0,0.9979125
benign_none_FTP.pcap	tcp_247,2,0,,0,0,0.99877965
benign_none_FTP.pcap	tcp_1873,2,0,,0,0,0.9994406
benign_none_FTP.pcap	tcp_1930,2,0,,0,0,0.9981824
benign_none_FTP.pcap	tcp_1947,2,0,,0,0,0.9994122
benign_none_FTP.pcap	tcp_251,2,0,,0,0,0.99749124
benign_none_FTP.pcap	tcp_1986,2,0,,0,0,0.99720263
benign_none_FTP.pcap	tcp_252,2,0,,0,0,0.9992885
benign_none_FTP.pcap	tcp_253,2,0,,0,0,0.99884063
benign_none_FTP.pcap	tcp_254,2,0,,0,0,0.99805
benign_none_FTP.pcap	tcp_1473,2,0,,0,0,0.99846864
benign_none_FTP.pcap	tcp_1064,2,0,,0,0,0.99941105
benign_none_FTP.pcap	tcp_1294,2,0,,0,0,0.9965341
benign_none_FTP.pcap	tcp_2257,2,0,,0,0,0.99950826
benign_none_FTP.pcap	tcp_258,2,0,,0,0,0.9921039
benign_none_FTP.pcap	tcp_259,2,0,,0,0,0.99918157
benign_none_FTP.pcap	tcp_1131,2,0,,0,0,0.99800014
benign_none_FTP.pcap	tcp_261,2,0,,0,0,0.9985753
benign_none_FTP.pcap	tcp_1428,2,0,,0,0,0.99795914
benign_none_FTP.pcap	tcp_264,2,0,,0,0,0.99956137
benign_none_FTP.pcap	tcp_2471,2,0,,0,0,0.99982494
benign_none_FTP.pcap	tcp_2001,2,0,,0,0,0.9995893
benign_none_FTP.pcap	tcp_2449,2,0,,0,0,0.999331
benign_none_FTP.pcap	tcp_1014,2,0,,0,0,0.99934024
benign_none_FTP.pcap	tcp_2065,2,0,,0,0,0.9985776
benign_none_FTP.pcap	tcp_271,2,0,,0,0,0.99988616
benign_none_FTP.pcap	udp_123,2,0,,0,0,0.99790466
benign_none_FTP.pcap	tcp_273,2,0,,0,0,0.99928576
benign_none_FTP.pcap	tcp_274,2,0,,0,0,0.9996749
benign_none_FTP.pcap	tcp_275,2,0,,0,0,0.9972826
benign_none_FTP.pcap	tcp_2553,2,0,,0,0,0.99806756
benign_none_FTP.pcap	tcp_2430,2,0,,0,0,0.99817616
benign_none_FTP.pcap	tcp_278,2,0,,0,0,0.9976332
benign_none_FTP.pcap	tcp_279,2,0,,0,0,0.9998491
benign_none_FTP.pcap	tcp_280,2,0,,0,0,0.99911743
benign_none_FTP.pcap	tcp_2078,2,0,,0,0,0.99782574
benign_none_FTP.pcap	tcp_1849,2,0,,0,0,0.9994542
benign_none_FTP.pcap	tcp_282,2,0,,0,0,0.99933136
benign_none_FTP.pcap	tcp_283,2,0,,0,0,0.9988445
benign_none_FTP.pcap	tcp_1649,2,0,,0,0,0.999821
benign_none_FTP.pcap	tcp_286,2,0,,0,0,0.9961756
benign_none_FTP.pcap	tcp_1863,2,0,,0,0,0.9976109
benign_none_FTP.pcap	tcp_2054,2,0,,0,0,0.99870414
benign_none_FTP.pcap	tcp_290,2,0,,0,0,0.9997248
benign_none_FTP.pcap	tcp_2618,2,0,,0,0,0.9988844
benign_none_FTP.pcap	tcp_292,2,0,,0,0,0.9980421
benign_none_FTP.pcap	tcp_293,2,0,,0,0,0.99868935
benign_none_FTP.pcap	tcp_2052,2,0,,0,0,0.99864197
benign_none_FTP.pcap	tcp_1857,2,0,,0,0,0.9983315
benign_none_FTP.pcap	tcp_1796,2,0,,0,0,0.9979111
benign_none_FTP.pcap	tcp_1645,2,0,,0,0,0.9961517
benign_none_FTP.pcap	tcp_298,2,1,Cc_5,0,0,0.9994814
benign_none_FTP.pcap	tcp_1202,2,0,,0,0,0.997459
benign_none_FTP.pcap	tcp_1431,2,0,,0,0,0.60485667
benign_none_FTP.pcap	tcp_301,2,0,,0,0,0.9876583
benign_none_FTP.pcap	tcp_1024,2,0,,0,0,0.99936694
benign_none_FTP.pcap	tcp_1160,2,0,,0,0,0.9978678
benign_none_FTP.pcap	tcp_1973,2,0,,0,0,0.9900898
benign_none_FTP.pcap	tcp_305,2,0,,0,0,0.99956006
benign_none_FTP.pcap	tcp_306,2,0,,0,0,0.99861664
benign_none_FTP.pcap	tcp_307,2,0,,0,0,0.99957293
benign_none_FTP.pcap	tcp_1048,2,0,,0,0,0.9991583
benign_none_FTP.pcap	tcp_1441,2,0,,0,0,0.999708
benign_none_FTP.pcap	tcp_314,2,0,,0,0,0.9919104
benign_none_FTP.pcap	tcp_2429,2,0,,0,0,0.99983007
benign_none_FTP.pcap	tcp_1286,2,0,,0,0,0.9990558
benign_none_FTP.pcap	tcp_2518,2,0,,0,0,0.99981886
benign_none_FTP.pcap	tcp_318,2,0,,0,0,0.9984491
benign_none_FTP.pcap	tcp_1055,2,0,,0,0,0.9992561
benign_none_FTP.pcap	tcp_2743,2,0,,0,0,0.9986827
benign_none_FTP.pcap	tcp_1798,2,0,,0,0,0.99856204
benign_none_FTP.pcap	tcp_2709,2,0,,0,0,0.9971004
benign_none_FTP.pcap	tcp_2448,2,0,,0,0,0.9958691
benign_none_FTP.pcap	tcp_325,2,0,,0,0,0.99967897
benign_none_FTP.pcap	tcp_2044,2,0,,0,0,0.99974877
benign_none_FTP.pcap	tcp_2024,2,0,,0,0,0.99824667
benign_none_FTP.pcap	tcp_2284,2,0,,0,0,0.99535733
benign_none_FTP.pcap	tcp_328,2,0,,0,0,0.9972519
benign_none_FTP.pcap	tcp_2241,2,0,,0,0,0.99962324
benign_none_FTP.pcap	tcp_1750,2,0,,0,0,0.99853826
benign_none_FTP.pcap	tcp_331,2,0,,0,0,0.9993829
benign_none_FTP.pcap	tcp_1875,2,0,,0,0,0.99847096
benign_none_FTP.pcap	tcp_1683,2,0,,0,0,0.99868995
benign_none_FTP.pcap	tcp_334,2,0,,0,0,0.997783
benign_none_FTP.pcap	tcp_1357,2,0,,0,0,0.9989949
benign_none_FTP.pcap	tcp_2409,2,0,,0,0,0.99800044
benign_none_FTP.pcap	tcp_2478,2,0,,0,0,0.9964701
benign_none_FTP.pcap	tcp_338,2,0,,0,0,0.9977551
benign_none_FTP.pcap	tcp_2532,2,0,,0,0,0.99790287
benign_none_FTP.pcap	tcp_340,2,0,,0,0,0.9989274
benign_none_FTP.pcap	tcp_1367,2,0,,0,0,0.99964166
benign_none_FTP.pcap	tcp_2552,2,0,,0,0,0.99896604
benign_none_FTP.pcap	tcp_2253,2,0,,0,0,0.9989882
benign_none_FTP.pcap	tcp_2729,2,0,,0,0,0.9996587
benign_none_FTP.pcap	tcp_2157,2,0,,0,0,0.9994287
benign_none_FTP.pcap	tcp_347,2,0,,0,0,0.99977
benign_none_FTP.pcap	tcp_2318,2,0,,0,0,0.9962159
benign_none_FTP.pcap	tcp_2010,2,0,,0,0,0.9998746
benign_none_FTP.pcap	tcp_352,2,0,,0,0,0.99969566
benign_none_FTP.pcap	tcp_1993,2,0,,0,0,0.99816996
benign_none_FTP.pcap	udp_18,2,0,,0,0,0.99821895
benign_none_FTP.pcap	tcp_1835,2,0,,0,0,0.9979307
benign_none_FTP.pcap	tcp_354,2,0,,0,0,0.99555063
benign_none_FTP.pcap	tcp_355,2,0,,0,0,0.99777555
benign_none_FTP.pcap	tcp_2141,2,0,,0,0,0.99873394
benign_none_FTP.pcap	tcp_1613,2,0,,0,0,0.99641484
benign_none_FTP.pcap	tcp_1021,2,0,,0,0,0.9910644
benign_none_FTP.pcap	tcp_1228,2,0,,0,0,0.9965083
benign_none_FTP.pcap	tcp_2298,2,0,,0,0,0.999696
benign_none_FTP.pcap	tcp_1159,2,0,,0,0,0.9977208
benign_none_FTP.pcap	tcp_1701,2,0,,0,0,0.9977636
benign_none_FTP.pcap	tcp_1114,2,0,,0,0,0.9997025
benign_none_FTP.pcap	tcp_367,2,0,,0,0,0.9991417
benign_none_FTP.pcap	tcp_1494,2,0,,0,0,0.9948896
benign_none_FTP.pcap	tcp_1558,2,0,,0,0,0.99973494
benign_none_FTP.pcap	tcp_1753,2,0,,0,0,0.9996778
benign_none_FTP.pcap	tcp_370,2,0,,0,0,0.9997123
benign_none_FTP.pcap	tcp_2607,2,0,,0,0,0.9990089
benign_none_FTP.pcap	tcp_1106,2,0,,0,0,0.9998599
benign_none_FTP.pcap	tcp_374,2,0,,0,0,0.9975822
benign_none_FTP.pcap	tcp_375,2,0,,0,0,0.99915755
benign_none_FTP.pcap	tcp_1208,2,0,,0,0,0.9994888
benign_none_FTP.pcap	tcp_1213,2,0,,0,0,0.9972425
benign_none_FTP.pcap	tcp_1244,2,0,,0,0,0.99599415
benign_none_FTP.pcap	tcp_379,2,0,,0,0,0.99785775
benign_none_FTP.pcap	tcp_380,2,0,,0,0,0.99975693
benign_none_FTP.pcap	udp_23,2,0,,0,0,0.99507767
benign_none_FTP.pcap	tcp_2164,2,0,,0,0,0.9995456
benign_none_FTP.pcap	tcp_2254,2,0,,0,0,0.99588794
benign_none_FTP.pcap	tcp_1132,2,0,,0,0,0.9997098
benign_none_FTP.pcap	tcp_2373,2,0,,0,0,0.9988755
benign_none_FTP.pcap	tcp_1209,2,0,,0,0,0.99073863
benign_none_FTP.pcap	tcp_1365,2,0,,0,0,0.9993118
benign_none_FTP.pcap	tcp_1045,2,0,,0,0,0.9985942
benign_none_FTP.pcap	tcp_1117,2,0,,0,0,0.9966552
benign_none_FTP.pcap	tcp_1621,2,0,,0,0,0.99920523
benign_none_FTP.pcap	tcp_1946,2,0,,0,0,0.99959666
benign_none_FTP.pcap	tcp_2178,2,0,,0,0,0.9969177
benign_none_FTP.pcap	udp_24,2,0,,0,0,0.99854714
benign_none_FTP.pcap	tcp_2671,2,0,,0,0,0.9943645
benign_none_FTP.pcap	tcp_1740,2,0,,0,0,0.9990452
benign_none_FTP.pcap	tcp_1812,2,0,,0,0,0.99930257
benign_none_FTP.pcap	tcp_398,2,0,,0,0,0.99791014
benign_none_FTP.pcap	tcp_400,2,0,,0,0,0.9989852
benign_none_FTP.pcap	tcp_1921,2,0,,0,0,0.98908466
benign_none_FTP.pcap	tcp_978,2,0,,0,0,0.9990507
benign_none_FTP.pcap	tcp_404,2,0,,0,0,0.99890816
benign_none_FTP.pcap	tcp_2116,2,0,,0,0,0.99908805
benign_none_FTP.pcap	tcp_406,2,0,,0,0,0.99864095
benign_none_FTP.pcap	tcp_1674,2,0,,0,0,0.99930996
benign_none_FTP.pcap	tcp_1874,2,0,,0,0,0.9994598
benign_none_FTP.pcap	tcp_409,2,0,,0,0,0.9976485
benign_none_FTP.pcap	tcp_410,2,0,,0,0,0.99808145
benign_none_FTP.pcap	udp_125,2,0,,0,0,0.9974137
benign_none_FTP.pcap	tcp_2005,2,0,,0,0,0.99727464
benign_none_FTP.pcap	tcp_2754,2,0,,0,0,0.99876
benign_none_FTP.pcap	tcp_414,2,0,,0,0,0.999752
benign_none_FTP.pcap	tcp_1851,2,0,,0,0,0.9969602
benign_none_FTP.pcap	tcp_416,2,0,,0,0,0.9971322
benign_none_FTP.pcap	tcp_1704,2,0,,0,0,0.99914414
benign_none_FTP.pcap	tcp_421,2,0,,0,0,0.9965197
benign_none_FTP.pcap	tcp_2590,2,0,,0,0,0.99881506
benign_none_FTP.pcap	tcp_2431,2,0,,0,0,0.9992614
benign_none_FTP.pcap	tcp_2201,2,0,,0,0,0.9997185
benign_none_FTP.pcap	tcp_426,2,0,,0,0,0.98705345
benign_none_FTP.pcap	tcp_1454,2,0,,0,0,0.9996277
benign_none_FTP.pcap	tcp_2839,2,0,,0,0,0.9974851
benign_none_FTP.pcap	tcp_1978,2,0,,0,0,0.9981895
benign_none_FTP.pcap	tcp_431,2,0,,0,0,0.99904996
benign_none_FTP.pcap	tcp_2536,2,0,,0,0,0.9982514
benign_none_FTP.pcap	tcp_2690,2,0,,0,0,0.9977622
benign_none_FTP.pcap	tcp_2497,2,0,,0,0,0.997134
benign_none_FTP.pcap	tcp_435,2,0,,0,0,0.9984583
benign_none_FTP.pcap	tcp_436,2,0,,0,0,0.9993981
benign_none_FTP.pcap	tcp_438,2,0,,0,0,0.9918464
benign_none_FTP.pcap	tcp_439,2,0,,0,0,0.9996439
benign_none_FTP.pcap	tcp_2650,2,0,,0,0,0.9992013
benign_none_FTP.pcap	tcp_1311,2,0,,0,0,0.99867404
benign_none_FTP.pcap	tcp_2855,2,0,,0,0,0.9981957
benign_none_FTP.pcap	tcp_1939,2,0,,0,0,0.99705577
benign_none_FTP.pcap	tcp_1363,2,0,,0,0,0.998953
benign_none_FTP.pcap	tcp_445,2,0,,0,0,0.99547124
benign_none_FTP.pcap	tcp_1364,2,0,,0,0,0.99956936
benign_none_FTP.pcap	tcp_1650,2,0,,0,0,0.999706
benign_none_FTP.pcap	tcp_2367,2,0,,0,0,0.99559313
benign_none_FTP.pcap	tcp_449,2,0,,0,0,0.99806106
benign_none_FTP.pcap	tcp_450,2,0,,0,0,0.9969791
benign_none_FTP.pcap	tcp_451,2,0,,0,0,0.9981267
benign_none_FTP.pcap	tcp_1506,2,0,,0,0,0.96726227
benign_none_FTP.pcap	tcp_454,2,0,,0,0,0.95124817
benign_none_FTP.pcap	tcp_1869,2,0,,0,0,0.9988528
benign_none_FTP.pcap	tcp_1450,2,0,,0,0,0.9991013
benign_none_FTP.pcap	tcp_2829,2,0,,0,0,0.99938476
benign_none_FTP.pcap	tcp_2428,2,0,,0,0,0.99890494
benign_none_FTP.pcap	tcp_459,2,0,,0,0,0.99798006
benign_none_FTP.pcap	tcp_460,2,0,,0,0,0.995533
benign_none_FTP.pcap	tcp_1313,2,0,,0,0,0.9996842
benign_none_FTP.pcap	tcp_1325,2,0,,0,0,0.9997789
benign_none_FTP.pcap	tcp_2500,2,0,,0,0,0.99901193
benign_none_FTP.pcap	tcp_1039,2,0,,0,0,0.9970913
benign_none_FTP.pcap	tcp_465,2,0,,0,0,0.9968301
benign_none_FTP.pcap	tcp_2698,2,0,,0,0,0.99861926
benign_none_FTP.pcap	tcp_2309,2,0,,0,0,0.99939936
benign_none_FTP.pcap	tcp_468,2,0,,0,0,0.99696016
benign_none_FTP.pcap	tcp_1673,2,0,,0,0,0.9986419
benign_none_FTP.pcap	tcp_2586,2,0,,0,0,0.9976606
benign_none_FTP.pcap	tcp_2667,2,0,,0,0,0.9489792
benign_none_FTP.pcap	tcp_475,2,0,,0,0,0.999142
benign_none_FTP.pcap	tcp_2347,2,0,,0,0,0.964322
benign_none_FTP.pcap	tcp_477,2,0,,0,0,0.997887
benign_none_FTP.pcap	tcp_478,2,0,,0,0,0.999159
benign_none_FTP.pcap	tcp_2858,2,0,,0,0,0.998633
benign_none_FTP.pcap	udp_89,2,0,,0,0,0.9980241
benign_none_FTP.pcap	tcp_486,2,0,,0,0,0.9984672
benign_none_FTP.pcap	udp_136,2,0,,0,0,0.9985737
benign_none_FTP.pcap	tcp_2314,2,0,,0,0,0.9996566
benign_none_FTP.pcap	tcp_2425,2,0,,0,0,0.99709815
benign_none_FTP.pcap	tcp_493,2,0,,0,0,0.99878806
benign_none_FTP.pcap	tcp_494,2,0,,0,0,0.9896422
benign_none_FTP.pcap	tcp_1977,2,0,,0,0,0.9991155
benign_none_FTP.pcap	tcp_2522,2,0,,0,0,0.9977563
benign_none_FTP.pcap	tcp_1622,2,0,,0,0,0.99943185
benign_none_FTP.pcap	tcp_498,2,0,,0,0,0.22172993
benign_none_FTP.pcap	tcp_500,2,0,,0,0,0.99708223
benign_none_FTP.pcap	tcp_501,2,0,,0,0,0.99979705
benign_none_FTP.pcap	tcp_2538,2,0,,0,0,0.99927646
benign_none_FTP.pcap	tcp_505,2,0,,0,0,0.99935675
benign_none_FTP.pcap	tcp_1455,2,0,,0,0,0.9983727
benign_none_FTP.pcap	tcp_507,2,0,,0,0,0.99802446
benign_none_FTP.pcap	tcp_1341,2,0,,0,0,0.9989096
benign_none_FTP.pcap	tcp_509,2,0,,0,0,0.99131936
benign_none_FTP.pcap	tcp_1028,2,0,,0,0,0.9981185
benign_none_FTP.pcap	tcp_2416,2,0,,0,0,0.99812776
benign_none_FTP.pcap	tcp_512,2,0,,0,0,0.99687755
benign_none_FTP.pcap	tcp_514,2,0,,0,0,0.9993622
benign_none_FTP.pcap	tcp_1190,2,0,,0,0,0.9921578
benign_none_FTP.pcap	tcp_1410,2,0,,0,0,0.999471
benign_none_FTP.pcap	tcp_1165,2,0,,0,0,0.9919878
benign_none_FTP.pcap	tcp_518,2,0,,0,0,0.9995795
benign_none_FTP.pcap	tcp_2596,2,0,,0,0,0.9959366
benign_none_FTP.pcap	tcp_2706,2,0,,0,0,0.9987263
benign_none_FTP.pcap	tcp_520,2,0,,0,0,0.99740654
benign_none_FTP.pcap	tcp_521,2,0,,0,0,0.9983297
benign_none_FTP.pcap	tcp_1690,2,0,,0,0,0.99907684
benign_none_FTP.pcap	tcp_524,2,0,,0,0,0.9973558
benign_none_FTP.pcap	tcp_2325,2,0,,0,0,0.9998211
benign_none_FTP.pcap	tcp_2482,2,0,,0,0,0.99465936
benign_none_FTP.pcap	tcp_1926,2,0,,0,0,0.9983564
benign_none_FTP.pcap	tcp_988,2,0,,0,0,0.99971765
benign_none_FTP.pcap	tcp_2345,2,0,,0,0,0.97146404
benign_none_FTP.pcap	tcp_535,2,0,,0,0,0.9998656
benign_none_FTP.pcap	tcp_536,2,0,,0,0,0.999308
benign_none_FTP.pcap	tcp_538,2,0,,0,0,0.99697983
benign_none_FTP.pcap	tcp_539,2,0,,0,0,0.9979121
benign_none_FTP.pcap	tcp_540,2,0,,0,0,0.98879325
benign_none_FTP.pcap	tcp_541,2,0,,0,0,0.9974461
benign_none_FTP.pcap	tcp_1304,2,0,,0,0,0.99926
benign_none_FTP.pcap	tcp_543,2,0,,0,0,0.9888137
benign_none_FTP.pcap	tcp_2697,2,0,,0,0,0.99862266
benign_none_FTP.pcap	tcp_548,2,0,,0,0,0.99610955
benign_none_FTP.pcap	tcp_1726,2,0,,0,0,0.9993285
benign_none_FTP.pcap	tcp_2004,2,0,,0,0,0.99868006
benign_none_FTP.pcap	tcp_2594,2,0,,0,0,0.99971753
benign_none_FTP.pcap	tcp_553,2,0,,0,0,0.99975324
benign_none_FTP.pcap	tcp_1267,2,0,,0,0,0.99768
benign_none_FTP.pcap	tcp_1611,2,0,,0,0,0.9964468
benign_none_FTP.pcap	tcp_555,2,0,,0,0,0.99938756
benign_none_FTP.pcap	tcp_1302,2,0,,0,0,0.9997003
benign_none_FTP.pcap	tcp_1786,2,0,,0,0,0.9994371
benign_none_FTP.pcap	tcp_2153,2,0,,0,0,0.9983895
benign_none_FTP.pcap	tcp_2051,2,0,,0,0,0.99713874
benign_none_FTP.pcap	tcp_564,2,0,,0,0,0.9993358
benign_none_FTP.pcap	tcp_1655,2,0,,0,0,0.9995339
benign_none_FTP.pcap	tcp_1188,2,0,,0,0,0.9989319
benign_none_FTP.pcap	tcp_1375,2,0,,0,0,0.9996156
benign_none_FTP.pcap	tcp_569,2,0,,0,0,0.9990023
benign_none_FTP.pcap	tcp_2441,2,0,,0,0,0.99630296
benign_none_FTP.pcap	tcp_1050,2,0,,0,0,0.9997102
benign_none_FTP.pcap	tcp_2494,2,0,,0,0,0.9990252
benign_none_FTP.pcap	tcp_573,2,0,,0,0,0.9994085
benign_none_FTP.pcap	tcp_1397,2,0,,0,0,0.99798584
benign_none_FTP.pcap	tcp_575,2,0,,0,0,0.99864143
benign_none_FTP.pcap	tcp_577,2,0,,0,0,0.99941623
benign_none_FTP.pcap	tcp_1535,2,0,,0,0,0.9964308
benign_none_FTP.pcap	tcp_579,2,0,,0,0,0.99957174
benign_none_FTP.pcap	tcp_2406,2,0,,0,0,0.9994619
benign_none_FTP.pcap	tcp_2600,2,0,,0,0,0.9991492
benign_none_FTP.pcap	tcp_1411,2,0,,0,0,0.9994982
benign_none_FTP.pcap	tcp_582,2,0,,0,0,0.9988724
benign_none_FTP.pcap	tcp_2851,2,0,,0,0,0.9984145
benign_none_FTP.pcap	tcp_1901,2,0,,0,0,0.99983966
benign_none_FTP.pcap	tcp_956,2,0,,0,0,0.9977663
benign_none_FTP.pcap	tcp_2794,2,0,,0,0,0.99940085
benign_none_FTP.pcap	tcp_590,2,0,,0,0,0.9995025
benign_none_FTP.pcap	tcp_2825,2,0,,0,0,0.9998073
benign_none_FTP.pcap	tcp_593,2,0,,0,0,0.99968684
benign_none_FTP.pcap	tcp_594,2,0,,0,0,0.9864461
benign_none_FTP.pcap	tcp_1864,2,0,,0,0,0.9966433
benign_none_FTP.pcap	tcp_1212,2,0,,0,0,0.99883026
benign_none_FTP.pcap	tcp_2787,2,0,,0,0,0.99934036
benign_none_FTP.pcap	tcp_1888,2,0,,0,0,0.9836525
benign_none_FTP.pcap	tcp_1774,2,0,,0,0,0.9991253
benign_none_FTP.pcap	tcp_2502,2,0,,0,0,0.939404
benign_none_FTP.pcap	tcp_601,2,0,,0,0,0.9992969
benign_none_FTP.pcap	tcp_1539,2,0,,0,0,0.9997447
benign_none_FTP.pcap	tcp_2206,2,0,,0,0,0.9995827
benign_none_FTP.pcap	tcp_606,2,0,,0,0,0.9994804
benign_none_FTP.pcap	udp_72,2,0,,0,0,0.99666864
benign_none_FTP.pcap	tcp_1777,2,0,,0,0,0.9996738
benign_none_FTP.pcap	tcp_611,2,0,,0,0,0.99750596
benign_none_FTP.pcap	tcp_2693,2,0,,0,0,0.9992872
benign_none_FTP.pcap	tcp_2790,2,0,,0,0,0.9997769
benign_none_FTP.pcap	tcp_2382,2,0,,0,0,0.9993211
benign_none_FTP.pcap	tcp_615,2,0,,0,0,0.99686205
benign_none_FTP.pcap	tcp_1915,2,0,,0,0,0.9989679
benign_none_FTP.pcap	tcp_2774,2,0,,0,0,0.9986707
benign_none_FTP.pcap	tcp_2830,2,0,,0,0,0.99726695
benign_none_FTP.pcap	tcp_1964,2,0,,0,0,0.9986297
benign_none_FTP.pcap	tcp_2045,2,0,,0,0,0.99351656
benign_none_FTP.pcap	udp_33,2,0,,0,0,0.9969177
benign_none_FTP.pcap	tcp_1044,2,0,,0,0,0.9974167
benign_none_FTP.pcap	tcp_620,2,0,,0,0,0.99431205
benign_none_FTP.pcap	udp_35,2,0,,0,0,0.9967485
benign_none_FTP.pcap	tcp_621,2,0,,0,0,0.99878806
benign_none_FTP.pcap	tcp_622,2,0,,0,0,0.99934036
benign_none_FTP.pcap	tcp_624,2,0,,0,0,0.99959654
benign_none_FTP.pcap	tcp_2631,2,0,,0,0,0.9989567
benign_none_FTP.pcap	tcp_1240,2,0,,0,0,0.9986426
benign_none_FTP.pcap	tcp_2273,2,0,,0,0,0.99950135
benign_none_FTP.pcap	tcp_628,2,0,,0,0,0.9994772
benign_none_FTP.pcap	tcp_629,2,0,,0,0,0.99834085
benign_none_FTP.pcap	tcp_2856,2,0,,0,0,0.9997442
benign_none_FTP.pcap	tcp_2752,2,0,,0,0,0.9996984
benign_none_FTP.pcap	tcp_632,2,0,,0,0,0.99809426
benign_none_FTP.pcap	tcp_1971,2,0,,0,0,0.99622643
benign_none_FTP.pcap	tcp_635,2,0,,0,0,0.9989543
benign_none_FTP.pcap	tcp_2688,2,0,,0,0,0.99806625
benign_none_FTP.pcap	tcp_2247,2,0,,0,0,0.9961058
benign_none_FTP.pcap	tcp_2800,2,0,,0,0,0.9993331
benign_none_FTP.pcap	tcp_1184,2,0,,0,0,0.9995179
benign_none_FTP.pcap	tcp_1008,2,0,,0,0,0.98968005
benign_none_FTP.pcap	tcp_2850,2,0,,0,0,0.9922978
benign_none_FTP.pcap	tcp_1682,2,0,,0,0,0.9993929
benign_none_FTP.pcap	tcp_2180,2,0,,0,0,0.99927074
benign_none_FTP.pcap	tcp_1705,2,0,,0,0,0.9976642
benign_none_FTP.pcap	tcp_2269,2,0,,0,0,0.9983095
benign_none_FTP.pcap	tcp_2511,2,0,,0,0,0.99880356
benign_none_FTP.pcap	tcp_2418,2,0,,0,0,0.9966618
benign_none_FTP.pcap	tcp_2120,2,0,,0,0,0.9998362
benign_none_FTP.pcap	tcp_655,2,0,,0,0,0.99918014
benign_none_FTP.pcap	tcp_1009,2,0,,0,0,0.9988391
benign_none_FTP.pcap	tcp_969,2,0,,0,0,0.99960405
benign_none_FTP.pcap	tcp_1342,2,0,,0,0,0.99292314
benign_none_FTP.pcap	tcp_659,2,0,,0,0,0.9994234
benign_none_FTP.pcap	tcp_1187,2,0,,0,0,0.9984154
benign_none_FTP.pcap	udp_36,2,0,,0,0,0.99858
benign_none_FTP.pcap	tcp_2421,2,0,,0,0,0.9969523
benign_none_FTP.pcap	tcp_1051,2,0,,0,0,0.99638516
benign_none_FTP.pcap	udp_93,2,0,,0,0,0.9988562
benign_none_FTP.pcap	tcp_667,2,0,,0,0,0.9984901
benign_none_FTP.pcap	tcp_2444,2,0,,0,0,0.9994429
benign_none_FTP.pcap	tcp_1392,2,0,,0,0,0.9972466
benign_none_FTP.pcap	tcp_1211,2,0,,0,0,0.9270572
benign_none_FTP.pcap	tcp_958,2,0,,0,0,0.9995602
benign_none_FTP.pcap	tcp_998,2,0,,0,0,0.9920965
benign_none_FTP.pcap	tcp_1265,2,0,,0,0,0.99902934
benign_none_FTP.pcap	tcp_674,2,0,,0,0,0.99903446
benign_none_FTP.pcap	tcp_675,2,0,,0,0,0.99853206
benign_none_FTP.pcap	tcp_1732,2,0,,0,0,0.9967203
benign_none_FTP.pcap	tcp_980,2,0,,0,0,0.9998966
benign_none_FTP.pcap	tcp_955,2,0,,0,0,0.99926
benign_none_FTP.pcap	tcp_679,2,0,,0,0,0.9993937
benign_none_FTP.pcap	tcp_680,2,0,,0,0,0.9974738
benign_none_FTP.pcap	tcp_2820,2,0,,0,0,0.9989114
benign_none_FTP.pcap	tcp_683,2,0,,0,0,0.9983065
benign_none_FTP.pcap	tcp_684,2,0,,0,0,0.9991965
benign_none_FTP.pcap	tcp_1443,2,0,,0,0,0.99941874
benign_none_FTP.pcap	tcp_1396,2,0,,0,0,0.99771523
benign_none_FTP.pcap	tcp_2479,2,0,,0,0,0.99768853
benign_none_FTP.pcap	tcp_1871,2,0,,0,0,0.99629104
benign_none_FTP.pcap	tcp_1017,2,0,,0,0,0.9940897
benign_none_FTP.pcap	tcp_1351,2,0,,0,0,0.9951369
benign_none_FTP.pcap	tcp_1784,2,0,,0,0,0.99731755
benign_none_FTP.pcap	tcp_696,2,0,,0,0,0.9992185
benign_none_FTP.pcap	tcp_2350,2,0,,0,0,0.99506843
benign_none_FTP.pcap	tcp_1438,2,0,,0,0,0.99905735
benign_none_FTP.pcap	tcp_1110,2,0,,0,0,0.9997187
benign_none_FTP.pcap	tcp_700,2,0,,0,0,0.9925384
benign_none_FTP.pcap	tcp_1892,2,0,,0,0,0.99877614
benign_none_FTP.pcap	tcp_702,2,0,,0,0,0.9992644
benign_none_FTP.pcap	tcp_2335,2,0,,0,0,0.99007845
benign_none_FTP.pcap	tcp_2644,2,0,,0,0,0.99944645
benign_none_FTP.pcap	tcp_986,2,0,,0,0,0.9976786
benign_none_FTP.pcap	tcp_707,2,0,,0,0,0.99658436
benign_none_FTP.pcap	tcp_708,2,0,,0,0,0.9990152
benign_none_FTP.pcap	tcp_1378,2,0,,0,0,0.9991961
benign_none_FTP.pcap	tcp_710,2,0,,0,0,0.9993186
benign_none_FTP.pcap	tcp_2258,2,0,,0,0,0.2500937
benign_none_FTP.pcap	tcp_1560,2,0,,0,0,0.9991171
benign_none_FTP.pcap	tcp_2832,2,0,,0,0,0.9919343
benign_none_FTP.pcap	tcp_714,2,0,,0,0,0.9969898
benign_none_FTP.pcap	tcp_716,2,0,,0,0,0.9994934
benign_none_FTP.pcap	tcp_1729,2,0,,0,0,0.9964838
benign_none_FTP.pcap	udp_117,2,0,,0,0,0.99861234
benign_none_FTP.pcap	tcp_1018,2,0,,0,0,0.99848586
benign_none_FTP.pcap	udp_68,2,0,,0,0,0.997577
benign_none_FTP.pcap	tcp_2328,2,0,,0,0,0.9996827
benign_none_FTP.pcap	tcp_724,2,0,,0,0,0.98987514
benign_none_FTP.pcap	tcp_2483,2,0,,0,0,0.99878716
benign_none_FTP.pcap	tcp_2274,2,0,,0,0,0.99879295
benign_none_FTP.pcap	tcp_2598,2,0,,0,0,0.99909204
benign_none_FTP.pcap	tcp_1074,2,0,,0,0,0.99582034
benign_none_FTP.pcap	tcp_1205,2,0,,0,0,0.99913615
benign_none_FTP.pcap	tcp_2339,2,0,,0,0,0.99925834
benign_none_FTP.pcap	tcp_2574,2,0,,0,0,0.99810266
benign_none_FTP.pcap	tcp_2011,2,0,,0,0,0.99956393
benign_none_FTP.pcap	tcp_2834,2,0,,0,0,0.9991503
benign_none_FTP.pcap	tcp_734,2,0,,0,0,0.998497
benign_none_FTP.pcap	tcp_1665,2,0,,0,0,0.9994117
benign_none_FTP.pcap	tcp_2402,2,0,,0,0,0.9962847
benign_none_FTP.pcap	tcp_2597,2,0,,0,0,0.9872969
benign_none_FTP.pcap	tcp_2445,2,0,,0,0,0.9989774
benign_none_FTP.pcap	tcp_1026,2,0,,0,0,0.9784635
benign_none_FTP.pcap	tcp_2674,2,0,,0,0,0.9996464
benign_none_FTP.pcap	tcp_741,2,0,,0,0,0.9980775
benign_none_FTP.pcap	tcp_2401,2,0,,0,0,0.9993018
benign_none_FTP.pcap	tcp_1954,2,0,,0,0,0.99311584
benign_none_FTP.pcap	tcp_2635,2,0,,0,0,0.99625945
benign_none_FTP.pcap	udp_48,2,0,,0,0,0.99776375
benign_none_FTP.pcap	tcp_748,2,0,,0,0,0.9994061
benign_none_FTP.pcap	tcp_749,2,0,,0,0,0.999577
benign_none_FTP.pcap	tcp_750,2,0,,0,0,0.9976033
benign_none_FTP.pcap	tcp_751,2,0,,0,0,0.9991116
benign_none_FTP.pcap	tcp_1805,2,0,,0,0,0.99726677
benign_none_FTP.pcap	tcp_2174,2,0,,0,0,0.9986534
benign_none_FTP.pcap	tcp_1449,2,0,,0,0,0.99955994
benign_none_FTP.pcap	tcp_2140,2,0,,0,0,0.99866384
benign_none_FTP.pcap	tcp_2407,2,0,,0,0,0.9994523
benign_none_FTP.pcap	tcp_2593,2,0,,0,0,0.99507105
benign_none_FTP.pcap	tcp_1453,2,0,,0,0,0.99895805
benign_none_FTP.pcap	tcp_764,2,0,,0,0,0.9990131
benign_none_FTP.pcap	tcp_1675,2,0,,0,0,0.9218923
benign_none_FTP.pcap	tcp_768,2,0,,0,0,0.99951994
benign_none_FTP.pcap	tcp_1315,2,0,,0,0,0.9990891
benign_none_FTP.pcap	tcp_770,2,0,,0,0,0.9974112
benign_none_FTP.pcap	tcp_2808,2,0,,0,0,0.99768436
benign_none_FTP.pcap	tcp_987,2,0,,0,0,0.99944514
benign_none_FTP.pcap	tcp_2777,2,0,,0,0,0.9994128
benign_none_FTP.pcap	tcp_1005,2,0,,0,0,0.9948602
benign_none_FTP.pcap	tcp_2771,2,0,,0,0,0.9995128
benign_none_FTP.pcap	tcp_779,2,0,,0,0,0.9989819
benign_none_FTP.pcap	tcp_2411,2,0,,0,0,0.99758965
benign_none_FTP.pcap	tcp_1402,2,0,,0,0,0.999345
benign_none_FTP.pcap	tcp_2315,2,0,,0,0,0.99945563
benign_none_FTP.pcap	tcp_783,2,0,,0,0,0.9885987
benign_none_FTP.pcap	tcp_784,2,0,,0,0,0.99183273
benign_none_FTP.pcap	tcp_2374,2,0,,0,0,0.9996189
benign_none_FTP.pcap	tcp_786,2,0,,0,0,0.99595976
benign_none_FTP.pcap	tcp_787,2,0,,0,0,0.9986842
benign_none_FTP.pcap	tcp_788,2,0,,0,0,0.99563307
benign_none_FTP.pcap	tcp_2408,2,0,,0,0,0.9951138
benign_none_FTP.pcap	tcp_792,2,0,,0,0,0.998531
benign_none_FTP.pcap	tcp_1948,2,0,,0,0,0.999592
benign_none_FTP.pcap	tcp_794,2,0,,0,0,0.99955285
benign_none_FTP.pcap	tcp_2108,2,0,,0,0,0.9986098
benign_none_FTP.pcap	tcp_2528,2,0,,0,0,0.99925864
benign_none_FTP.pcap	tcp_797,2,0,,0,0,0.99951446
benign_none_FTP.pcap	tcp_1724,2,0,,0,0,0.9991113
benign_none_FTP.pcap	tcp_1693,2,0,,0,0,0.9954318
benign_none_FTP.pcap	tcp_1168,2,0,,0,0,0.9982974
benign_none_FTP.pcap	tcp_802,2,0,,0,0,0.9948377
benign_none_FTP.pcap	tcp_1370,2,0,,0,0,0.98514104
benign_none_FTP.pcap	tcp_2394,2,0,,0,0,0.9945315
benign_none_FTP.pcap	tcp_2302,2,0,,0,0,0.99853265
benign_none_FTP.pcap	tcp_807,2,0,,0,0,0.9993729
benign_none_FTP.pcap	tcp_808,2,0,,0,0,0.9994962
benign_none_FTP.pcap	tcp_1793,2,0,,0,0,0.99419975
benign_none_FTP.pcap	udp_82,2,0,,0,0,0.99807924
benign_none_FTP.pcap	udp_58,2,0,,0,0,0.99645895
benign_none_FTP.pcap	tcp_812,2,0,,0,0,0.9967765
benign_none_FTP.pcap	tcp_814,2,0,,0,0,0.9967243
benign_none_FTP.pcap	tcp_1841,2,0,,0,0,0.9993548
benign_none_FTP.pcap	tcp_2797,2,0,,0,0,0.9990702
benign_none_FTP.pcap	tcp_2270,2,0,,0,0,0.6940081
benign_none_FTP.pcap	tcp_819,2,0,,0,0,0.9991483
benign_none_FTP.pcap	tcp_2329,2,0,,0,0,0.9987291
benign_none_FTP.pcap	tcp_1847,2,0,,0,0,0.9993244
benign_none_FTP.pcap	tcp_2782,2,0,,0,0,0.9990277
benign_none_FTP.pcap	tcp_1379,2,0,,0,0,0.99481946
benign_none_FTP.pcap	tcp_1301,2,0,,0,0,0.9976197
benign_none_FTP.pcap	tcp_2683,2,0,,0,0,0.8730894
benign_none_FTP.pcap	tcp_1547,2,0,,0,0,0.9647804
benign_none_FTP.pcap	tcp_829,2,0,,0,0,0.9996954
benign_none_FTP.pcap	tcp_1126,2,0,,0,0,0.99796087
benign_none_FTP.pcap	udp_85,2,0,,0,0,0.99735034
benign_none_FTP.pcap	tcp_1853,2,0,,0,0,0.99876595
benign_none_FTP.pcap	tcp_1543,2,0,,0,0,0.99944204
benign_none_FTP.pcap	tcp_834,2,0,,0,0,0.9996402
benign_none_FTP.pcap	tcp_1321,2,0,,0,0,0.99427944
benign_none_FTP.pcap	tcp_2582,2,0,,0,0,0.9994374
benign_none_FTP.pcap	tcp_1790,2,0,,0,0,0.61784256
benign_none_FTP.pcap	tcp_1692,2,0,,0,0,0.9986827
benign_none_FTP.pcap	tcp_839,2,0,,0,0,0.99529946
benign_none_FTP.pcap	tcp_1192,2,0,,0,0,0.99956256
benign_none_FTP.pcap	tcp_2301,2,0,,0,0,0.9996369
benign_none_FTP.pcap	tcp_1824,2,0,,0,0,0.9985678
benign_none_FTP.pcap	tcp_845,2,0,,0,0,0.99964607
benign_none_FTP.pcap	udp_41,2,0,,0,0,0.9965708
benign_none_FTP.pcap	tcp_1658,2,0,,0,0,0.99981827
benign_none_FTP.pcap	tcp_2154,2,0,,0,0,0.9997484
benign_none_FTP.pcap	tcp_848,2,0,,0,0,0.998626
benign_none_FTP.pcap	tcp_849,2,0,,0,0,0.99864525
benign_none_FTP.pcap	tcp_850,2,0,,0,0,0.9948472
benign_none_FTP.pcap	tcp_2261,2,0,,0,0,0.9956706
benign_none_FTP.pcap	tcp_2130,2,0,,0,0,0.9994932
benign_none_FTP.pcap	tcp_853,2,0,,0,0,0.9995153
benign_none_FTP.pcap	tcp_1584,2,0,,0,0,0.99964935
benign_none_FTP.pcap	tcp_1163,2,0,,0,0,0.9926412
benign_none_FTP.pcap	tcp_856,2,0,,0,0,0.9978137
benign_none_FTP.pcap	tcp_1698,2,0,,0,0,0.9982827
benign_none_FTP.pcap	tcp_2097,2,0,,0,0,0.9997781
benign_none_FTP.pcap	tcp_859,2,0,,0,0,0.9980607
benign_none_FTP.pcap	tcp_1002,2,0,,0,0,0.9997311
benign_none_FTP.pcap	tcp_861,2,0,,0,0,0.99701154
benign_none_FTP.pcap	tcp_1460,2,0,,0,0,0.99966246
benign_none_FTP.pcap	tcp_863,2,0,,0,0,0.9979887
benign_none_FTP.pcap	tcp_864,2,0,,0,0,0.9992792
benign_none_FTP.pcap	tcp_1000,2,0,,0,0,0.9986941
benign_none_FTP.pcap	tcp_2847,2,0,,0,0,0.99967515
benign_none_FTP.pcap	tcp_868,2,0,,0,0,0.99748373
benign_none_FTP.pcap	tcp_1994,2,0,,0,0,0.9974524
benign_none_FTP.pcap	tcp_1759,2,0,,0,0,0.9994832
benign_none_FTP.pcap	udp_42,2,0,,0,0,0.9975841
benign_none_FTP.pcap	tcp_1775,2,0,,0,0,0.99765366
benign_none_FTP.pcap	tcp_2259,2,0,,0,0,0.9989442
benign_none_FTP.pcap	tcp_1587,2,0,,0,0,0.99067944
benign_none_FTP.pcap	udp_129,2,0,,0,0,0.99836475
benign_none_FTP.pcap	tcp_875,2,0,,0,0,0.99753606
benign_none_FTP.pcap	tcp_2705,2,0,,0,0,0.99909496
benign_none_FTP.pcap	tcp_877,2,0,,0,0,0.9996728
benign_none_FTP.pcap	tcp_2679,2,0,,0,0,0.9978629
benign_none_FTP.pcap	tcp_879,2,0,,0,0,0.9996697
benign_none_FTP.pcap	tcp_2059,2,0,,0,0,0.9983866
benign_none_FTP.pcap	tcp_2061,2,0,,0,0,0.98911333
benign_none_FTP.pcap	tcp_1686,2,0,,0,0,0.99420744
benign_none_FTP.pcap	tcp_883,2,0,,0,0,0.999621
benign_none_FTP.pcap	tcp_2525,2,0,,0,0,0.9971923
benign_none_FTP.pcap	tcp_1801,2,0,,0,0,0.99961674
benign_none_FTP.pcap	tcp_2849,2,0,,0,0,0.9958573
benign_none_FTP.pcap	tcp_1138,2,0,,0,0,0.99399
benign_none_FTP.pcap	tcp_1374,2,0,,0,0,0.9985891
benign_none_FTP.pcap	tcp_890,2,0,,0,0,0.98890495
benign_none_FTP.pcap	udp_81,2,0,,0,0,0.9985775
benign_none_FTP.pcap	tcp_892,2,0,,0,0,0.9996164
benign_none_FTP.pcap	tcp_893,2,0,,0,0,0.99948066
benign_none_FTP.pcap	tcp_997,2,0,,0,0,0.9996239
benign_none_FTP.pcap	tcp_2649,2,0,,0,0,0.99933445
benign_none_FTP.pcap	tcp_2796,2,0,,0,0,0.999512
benign_none_FTP.pcap	tcp_898,2,0,,0,0,0.9985546
benign_none_FTP.pcap	tcp_900,2,0,,0,0,0.99976707
benign_none_FTP.pcap	udp_52,2,0,,0,0,0.99849856
benign_none_FTP.pcap	tcp_1934,2,0,,0,0,0.9996757
benign_none_FTP.pcap	tcp_905,2,0,,0,0,0.99909997
benign_none_FTP.pcap	tcp_1680,2,0,,0,0,0.9992634
benign_none_FTP.pcap	tcp_1670,2,0,,0,0,0.9973803
benign_none_FTP.pcap	tcp_2670,2,0,,0,0,0.9992481
benign_none_FTP.pcap	tcp_1343,2,0,,0,0,0.99857235
benign_none_FTP.pcap	tcp_2073,2,0,,0,0,0.98986864
benign_none_FTP.pcap	tcp_1219,2,0,,0,0,0.99981165
benign_none_FTP.pcap	tcp_2208,2,0,,0,0,0.99838156
benign_none_FTP.pcap	tcp_915,2,0,,0,0,0.9982034
benign_none_FTP.pcap	tcp_2848,2,0,,0,0,0.9993406
benign_none_FTP.pcap	tcp_2730,2,0,,0,0,0.999653
benign_none_FTP.pcap	tcp_918,2,0,,0,0,0.99609065
benign_none_FTP.pcap	udp_102,2,0,,0,0,0.99601066
benign_none_FTP.pcap	udp_88,2,0,,0,0,0.9976567
benign_none_FTP.pcap	tcp_1464,2,0,,0,0,0.99251676
benign_none_FTP.pcap	tcp_1496,2,0,,0,0,0.99972653
benign_none_FTP.pcap	tcp_924,2,0,,0,0,0.9983907
benign_none_FTP.pcap	tcp_925,2,0,,0,0,0.9987239
benign_none_FTP.pcap	tcp_2282,2,0,,0,0,0.99948865
benign_none_FTP.pcap	tcp_2018,2,0,,0,0,0.9979516
benign_none_FTP.pcap	tcp_930,2,0,,0,0,0.9997141
benign_none_FTP.pcap	tcp_931,2,0,,0,0,0.9993267
benign_none_FTP.pcap	tcp_1498,2,0,,0,0,0.99805593
benign_none_FTP.pcap	tcp_2003,2,0,,0,0,0.9996629
benign_none_FTP.pcap	tcp_934,2,0,,0,0,0.9939697
benign_none_FTP.pcap	tcp_2802,2,0,,0,0,0.99588585
benign_none_FTP.pcap	tcp_1113,2,0,,0,0,0.996712
benign_none_FTP.pcap	tcp_938,2,0,,0,0,0.99781704
benign_none_FTP.pcap	tcp_2219,2,0,,0,0,0.9997993
benign_none_FTP.pcap	tcp_1382,2,0,,0,0,0.98768544
benign_none_FTP.pcap	tcp_1100,2,0,,0,0,0.99903345
benign_none_FTP.pcap	tcp_943,2,0,,0,0,0.9321616
benign_none_FTP.pcap	tcp_1406,2,0,,0,0,0.9179876
benign_none_FTP.pcap	tcp_947,2,0,,0,0,0.99964345
benign_none_FTP.pcap	tcp_948,2,0,,0,0,0.97655374
benign_none_FTP.pcap	tcp_950,2,0,,0,0,0.9997767
benign_none_FTP.pcap	tcp_951,2,0,,0,0,0.9962335
benign_none_FTP.pcap	tcp_953,2,0,,0,0,0.998546
benign_none_FTP.pcap	tcp_954,2,0,,0,0,0.9983614
malware_none_Shifu.pcap	udp_2516,13,0,,0,0,0.9996655
malware_none_Shifu.pcap	udp_1153,13,0,,0,0,0.9986798
malware_none_Shifu.pcap	udp_3,13,1,Cd_2;Bb_7,0,1,0.010817436
malware_none_Shifu.pcap	udp_2744,13,0,,0,0,0.9978488
malware_none_Shifu.pcap	udp_1446,13,0,,0,0,0.9989916
malware_none_Shifu.pcap	udp_1703,13,0,,0,0,0.9992554
malware_none_Shifu.pcap	udp_2328,13,0,,0,0,0.99952245
malware_none_Shifu.pcap	udp_2630,13,0,,0,0,0.9992859
malware_none_Shifu.pcap	udp_1237,13,0,,0,0,0.9997269
malware_none_Shifu.pcap	udp_2722,13,0,,0,0,0.9991018
malware_none_Shifu.pcap	udp_1923,13,0,,0,0,0.99980783
malware_none_Shifu.pcap	udp_10,13,1,Cc_5;Bb_7,0,1,0.006487921
malware_none_Shifu.pcap	udp_1327,13,0,,0,0,0.99922466
malware_none_Shifu.pcap	udp_12,13,0,,0,1,0.0095101455
malware_none_Shifu.pcap	udp_1671,13,0,,0,0,0.9998109
malware_none_Shifu.pcap	udp_2504,13,0,,0,0,0.9998349
malware_none_Shifu.pcap	udp_1314,13,0,,0,0,0.9990996
malware_none_Shifu.pcap	tcp_6,13,0,,0,0,0.9838807
malware_none_Shifu.pcap	udp_1800,13,0,,0,0,0.9977303
malware_none_Shifu.pcap	tcp_9,13,0,,0,0,0.7064608
malware_none_Shifu.pcap	tcp_10,13,0,,0,0,0.93481594
malware_none_Shifu.pcap	udp_1189,13,0,,0,0,0.9983987
malware_none_Shifu.pcap	tcp_13,13,0,,0,0,0.4616117
malware_none_Shifu.pcap	udp_1337,13,0,,0,0,0.9981211
malware_none_Shifu.pcap	udp_2311,13,0,,0,0,0.9991852
malware_none_Shifu.pcap	udp_1718,13,0,,0,0,0.9992744
malware_none_Shifu.pcap	udp_1969,13,0,,0,0,0.99881786
malware_none_Shifu.pcap	udp_2199,13,0,,0,0,0.99986315
malware_none_Shifu.pcap	tcp_17,13,0,,0,0,0.8613534
malware_none_Shifu.pcap	udp_2142,13,0,,0,0,0.9997663
malware_none_Shifu.pcap	tcp_20,13,0,,0,0,0.97686416
malware_none_Shifu.pcap	tcp_21,13,0,,0,0,0.16632478
malware_none_Shifu.pcap	udp_2136,13,0,,0,0,0.99823385
malware_none_Shifu.pcap	udp_2726,13,0,,0,0,0.9988392
malware_none_Shifu.pcap	udp_2792,13,0,,0,0,0.9993151
malware_none_Shifu.pcap	udp_1786,13,0,,0,0,0.99921405
malware_none_Shifu.pcap	udp_1667,13,0,,0,0,0.9978856
malware_none_Shifu.pcap	tcp_28,13,0,,0,0,0.96329176
malware_none_Shifu.pcap	udp_1808,13,0,,0,0,0.9989538
malware_none_Shifu.pcap	udp_1258,13,0,,0,0,0.99891126
malware_none_Shifu.pcap	tcp_31,13,0,,0,0,0.60523623
malware_none_Shifu.pcap	udp_951,13,0,,0,0,0.999173
malware_none_Shifu.pcap	udp_18,13,0,,0,0,0.9621326
malware_none_Shifu.pcap	udp_2669,13,0,,0,0,0.9992083
malware_none_Shifu.pcap	udp_20,13,0,,0,0,0.99913293
malware_none_Shifu.pcap	udp_22,13,0,,0,0,0.99722964
malware_none_Shifu.pcap	udp_2502,13,0,,0,0,0.99926674
malware_none_Shifu.pcap	udp_943,13,0,,0,0,0.9995517
malware_none_Shifu.pcap	udp_1720,13,0,,0,0,0.99975777
malware_none_Shifu.pcap	tcp_129,13,0,,0,0,0.9981537
malware_none_Shifu.pcap	udp_2455,13,0,,0,0,0.9991407
malware_none_Shifu.pcap	udp_2306,13,0,,0,0,0.99986875
malware_none_Shifu.pcap	udp_2340,13,0,,0,0,0.9989172
malware_none_Shifu.pcap	udp_32,13,0,,0,0,0.9985088
malware_none_Shifu.pcap	udp_1023,13,0,,0,0,0.99964255
malware_none_Shifu.pcap	udp_1099,13,0,,0,0,0.9996322
malware_none_Shifu.pcap	udp_36,13,0,,0,0,0.9983063
malware_none_Shifu.pcap	udp_2416,13,0,,0,0,0.9797743
malware_none_Shifu.pcap	udp_2624,13,0,,0,0,0.99975324
malware_none_Shifu.pcap	udp_2314,13,0,,0,0,0.999673
malware_none_Shifu.pcap	udp_40,13,0,,0,0,0.9981499
malware_none_Shifu.pcap	udp_2075,13,0,,0,0,0.99947125
malware_none_Shifu.pcap	udp_1836,13,0,,0,0,0.9992409
malware_none_Shifu.pcap	udp_43,13,0,,0,0,0.9991339
malware_none_Shifu.pcap	udp_2098,13,0,,0,0,0.99984115
malware_none_Shifu.pcap	udp_2518,13,0,,0,0,0.9997506
malware_none_Shifu.pcap	udp_1727,13,0,,0,0,0.99956685
malware_none_Shifu.pcap	udp_2262,13,0,,0,0,0.9991939
malware_none_Shifu.pcap	udp_2713,13,0,,0,0,0.9977295
malware_none_Shifu.pcap	udp_50,13,0,,0,0,0.9988361
malware_none_Shifu.pcap	udp_1184,13,0,,0,0,0.99921966
malware_none_Shifu.pcap	tcp_34,13,0,,0,1,0.025626158
malware_none_Shifu.pcap	udp_1810,13,0,,0,0,0.9991895
malware_none_Shifu.pcap	udp_52,13,0,,0,0,0.63323045
malware_none_Shifu.pcap	udp_2777,13,0,,0,0,0.9993279
malware_none_Shifu.pcap	udp_1546,13,0,,0,0,0.99970305
malware_none_Shifu.pcap	udp_2184,13,0,,0,0,0.99965084
malware_none_Shifu.pcap	udp_1994,13,0,,0,0,0.99924964
malware_none_Shifu.pcap	udp_56,13,0,,0,0,0.99941
malware_none_Shifu.pcap	udp_57,13,0,,0,0,0.9980914
malware_none_Shifu.pcap	udp_58,13,0,,0,0,0.997249
malware_none_Shifu.pcap	udp_1424,13,0,,0,0,0.999655
malware_none_Shifu.pcap	udp_60,13,0,,0,0,0.9991983
malware_none_Shifu.pcap	udp_61,13,0,,0,0,0.99936134
malware_none_Shifu.pcap	udp_63,13,0,,0,0,0.9988008
malware_none_Shifu.pcap	udp_2414,13,0,,0,0,0.9990451
malware_none_Shifu.pcap	udp_65,13,0,,0,0,0.9988362
malware_none_Shifu.pcap	udp_1365,13,0,,0,0,0.9997373
malware_none_Shifu.pcap	udp_2048,13,0,,0,0,0.99962395
malware_none_Shifu.pcap	udp_68,13,0,,0,0,0.99962115
malware_none_Shifu.pcap	udp_2765,13,0,,0,0,0.9983173
malware_none_Shifu.pcap	udp_71,13,0,,0,0,0.99866116
malware_none_Shifu.pcap	udp_2355,13,0,,0,0,0.9988717
malware_none_Shifu.pcap	udp_1673,13,0,,0,0,0.9997828
malware_none_Shifu.pcap	udp_2014,13,0,,0,0,0.9996791
malware_none_Shifu.pcap	tcp_135,13,0,,0,0,0.9982436
malware_none_Shifu.pcap	udp_79,13,0,,0,0,0.99928945
malware_none_Shifu.pcap	udp_1537,13,0,,0,0,0.9995845
malware_none_Shifu.pcap	tcp_37,13,0,,0,0,0.9260848
malware_none_Shifu.pcap	tcp_38,13,0,,0,0,0.9858365
malware_none_Shifu.pcap	udp_82,13,1,Cd_2;Bb_7,0,1,0.005245416
malware_none_Shifu.pcap	udp_84,13,0,,0,0,0.99844205
malware_none_Shifu.pcap	udp_86,13,0,,0,0,0.997463
malware_none_Shifu.pcap	udp_2200,13,0,,0,0,0.9998492
malware_none_Shifu.pcap	udp_88,13,0,,0,0,0.9993284
malware_none_Shifu.pcap	udp_90,13,0,,0,0,0.99912775
malware_none_Shifu.pcap	udp_2146,13,0,,0,0,0.9994017
malware_none_Shifu.pcap	udp_1952,13,0,,0,0,0.99926823
malware_none_Shifu.pcap	udp_2310,13,0,,0,0,0.9991928
malware_none_Shifu.pcap	udp_1665,13,0,,0,0,0.9990445
malware_none_Shifu.pcap	udp_2533,13,0,,0,0,0.9996045
malware_none_Shifu.pcap	udp_1946,13,0,,0,0,0.9994394
malware_none_Shifu.pcap	udp_98,13,0,,0,0,0.99872774
malware_none_Shifu.pcap	udp_1579,13,0,,0,0,0.99918765
malware_none_Shifu.pcap	udp_101,13,0,,0,0,0.9989606
malware_none_Shifu.pcap	tcp_160,13,0,,0,0,0.99619585
malware_none_Shifu.pcap	udp_2053,13,0,,0,0,0.9980651
malware_none_Shifu.pcap	udp_1280,13,0,,0,0,0.998865
malware_none_Shifu.pcap	udp_2433,13,0,,0,0,0.99917996
malware_none_Shifu.pcap	udp_2284,13,0,,0,0,0.999161
malware_none_Shifu.pcap	udp_2303,13,0,,0,0,0.99945325
malware_none_Shifu.pcap	tcp_133,13,0,,0,0,0.9954281
malware_none_Shifu.pcap	udp_112,13,0,,0,0,0.9983551
malware_none_Shifu.pcap	tcp_76,13,0,,0,0,0.99681467
malware_none_Shifu.pcap	udp_114,13,0,,0,0,0.99968433
malware_none_Shifu.pcap	udp_115,13,0,,0,0,0.99930453
malware_none_Shifu.pcap	udp_116,13,0,,0,0,0.99859005
malware_none_Shifu.pcap	udp_2302,13,0,,0,0,0.99915963
malware_none_Shifu.pcap	udp_1426,13,0,,0,0,0.99928623
malware_none_Shifu.pcap	udp_2506,13,0,,0,0,0.9996803
malware_none_Shifu.pcap	udp_120,13,0,,0,0,0.9988129
malware_none_Shifu.pcap	udp_2598,13,0,,0,0,0.9996698
malware_none_Shifu.pcap	udp_2286,13,0,,0,0,0.99912614
malware_none_Shifu.pcap	udp_1552,13,0,,0,0,0.9991556
malware_none_Shifu.pcap	udp_126,13,0,,0,0,0.9996032
malware_none_Shifu.pcap	udp_1118,13,0,,0,0,0.9991058
malware_none_Shifu.pcap	udp_1359,13,0,,0,0,0.99963534
malware_none_Shifu.pcap	udp_129,13,0,,0,0,0.999602
malware_none_Shifu.pcap	udp_2233,13,0,,0,0,0.9991985
malware_none_Shifu.pcap	udp_1623,13,0,,0,0,0.9994469
malware_none_Shifu.pcap	udp_1345,13,0,,0,0,0.99956346
malware_none_Shifu.pcap	udp_134,13,0,,0,0,0.99861526
malware_none_Shifu.pcap	udp_2159,13,0,,0,0,0.9998493
malware_none_Shifu.pcap	udp_2634,13,0,,0,0,0.99966955
malware_none_Shifu.pcap	udp_138,13,0,,0,0,0.9998253
malware_none_Shifu.pcap	udp_139,13,0,,0,0,0.9993987
malware_none_Shifu.pcap	tcp_146,13,0,,0,0,0.99778324
malware_none_Shifu.pcap	udp_2344,13,0,,0,0,0.99891883
malware_none_Shifu.pcap	udp_2366,13,0,,0,0,0.99963266
malware_none_Shifu.pcap	udp_144,13,0,,0,0,0.99815214
malware_none_Shifu.pcap	udp_145,13,0,,0,0,0.99732995
malware_none_Shifu.pcap	udp_147,13,0,,0,0,0.99927396
malware_none_Shifu.pcap	udp_148,13,0,,0,0,0.99882096
malware_none_Shifu.pcap	udp_149,13,0,,0,0,0.9991357
malware_none_Shifu.pcap	udp_150,13,0,,0,0,0.99803406
malware_none_Shifu.pcap	udp_153,13,0,,0,0,0.9986661
malware_none_Shifu.pcap	udp_154,13,0,,0,0,0.99912864
malware_none_Shifu.pcap	udp_155,13,0,,0,0,0.9988063
malware_none_Shifu.pcap	tcp_93,13,0,,0,0,0.9958539
malware_none_Shifu.pcap	udp_158,13,0,,0,0,0.99941754
malware_none_Shifu.pcap	udp_159,13,0,,0,0,0.9997447
malware_none_Shifu.pcap	tcp_103,13,0,,0,0,0.99697804
malware_none_Shifu.pcap	udp_2577,13,0,,0,0,0.9992181
malware_none_Shifu.pcap	udp_1991,13,0,,0,0,0.99983186
malware_none_Shifu.pcap	udp_2645,13,0,,0,0,0.9994477
malware_none_Shifu.pcap	udp_165,13,0,,0,0,0.99952906
malware_none_Shifu.pcap	udp_1130,13,0,,0,0,0.99964607
malware_none_Shifu.pcap	udp_978,13,0,,0,0,0.99970186
malware_none_Shifu.pcap	udp_2088,13,0,,0,0,0.99961275
malware_none_Shifu.pcap	udp_1549,13,0,,0,0,0.9990846
malware_none_Shifu.pcap	udp_171,13,0,,0,0,0.9997137
malware_none_Shifu.pcap	udp_2155,13,0,,0,0,0.99963796
malware_none_Shifu.pcap	udp_2151,13,0,,0,0,0.99977165
malware_none_Shifu.pcap	udp_2251,13,0,,0,0,0.99921906
malware_none_Shifu.pcap	udp_986,13,0,,0,0,0.9996761
malware_none_Shifu.pcap	udp_179,13,0,,0,0,0.99978906
malware_none_Shifu.pcap	udp_180,13,0,,0,0,0.999212
malware_none_Shifu.pcap	udp_182,13,0,,0,0,0.99959064
malware_none_Shifu.pcap	udp_1271,13,0,,0,0,0.99942064
malware_none_Shifu.pcap	udp_184,13,0,,0,0,0.9996737
malware_none_Shifu.pcap	udp_185,13,0,,0,0,0.9993061
malware_none_Shifu.pcap	udp_1659,13,0,,0,0,0.9998538
malware_none_Shifu.pcap	udp_1627,13,0,,0,0,0.99970216
malware_none_Shifu.pcap	udp_2277,13,0,,0,0,0.9990325
malware_none_Shifu.pcap	udp_1167,13,0,,0,0,0.99916136
malware_none_Shifu.pcap	udp_193,13,0,,0,0,0.9997915
malware_none_Shifu.pcap	udp_2545,13,0,,0,0,0.9991473
malware_none_Shifu.pcap	udp_2063,13,0,,0,0,0.9997534
malware_none_Shifu.pcap	udp_196,13,0,,0,0,0.99958813
malware_none_Shifu.pcap	udp_198,13,0,,0,0,0.99925804
malware_none_Shifu.pcap	udp_935,13,0,,0,0,0.99929506
malware_none_Shifu.pcap	tcp_40,13,0,,0,0,0.99582714
malware_none_Shifu.pcap	udp_1107,13,0,,0,0,0.9997445
malware_none_Shifu.pcap	udp_2000,13,0,,0,0,0.9986528
malware_none_Shifu.pcap	udp_1780,13,0,,0,0,0.9998449
malware_none_Shifu.pcap	udp_1614,13,0,,0,0,0.99925727
malware_none_Shifu.pcap	udp_202,13,0,,0,0,0.99863183
malware_none_Shifu.pcap	udp_1109,13,0,,0,0,0.9993513
malware_none_Shifu.pcap	udp_206,13,0,,0,0,0.99912477
malware_none_Shifu.pcap	udp_1430,13,0,,0,0,0.9994404
malware_none_Shifu.pcap	udp_209,13,0,,0,0,0.99890697
malware_none_Shifu.pcap	udp_2188,13,0,,0,0,0.9932413
malware_none_Shifu.pcap	udp_1710,13,0,,0,0,0.99927145
malware_none_Shifu.pcap	udp_212,13,0,,0,0,0.99960816
malware_none_Shifu.pcap	udp_1613,13,0,,0,0,0.99933094
malware_none_Shifu.pcap	udp_214,13,0,,0,0,0.9994595
malware_none_Shifu.pcap	udp_215,13,0,,0,0,0.9997031
malware_none_Shifu.pcap	udp_2679,13,0,,0,0,0.9996824
malware_none_Shifu.pcap	udp_2190,13,0,,0,0,0.9996754
malware_none_Shifu.pcap	udp_218,13,0,,0,0,0.9995399
malware_none_Shifu.pcap	udp_982,13,0,,0,0,0.99958223
malware_none_Shifu.pcap	udp_1599,13,0,,0,0,0.9998436
malware_none_Shifu.pcap	udp_1524,13,0,,0,0,0.9997058
malware_none_Shifu.pcap	udp_222,13,0,,0,0,0.99959177
malware_none_Shifu.pcap	udp_2408,13,0,,0,0,0.9992404
malware_none_Shifu.pcap	udp_225,13,0,,0,0,0.9996082
malware_none_Shifu.pcap	udp_226,13,0,,0,0,0.99920005
malware_none_Shifu.pcap	tcp_96,13,0,,0,0,0.99757135
malware_none_Shifu.pcap	udp_1346,13,0,,0,0,0.99941695
malware_none_Shifu.pcap	udp_1833,13,0,,0,0,0.99973613
malware_none_Shifu.pcap	udp_1053,13,0,,0,0,0.99938285
malware_none_Shifu.pcap	udp_2342,13,0,,0,0,0.99975115
malware_none_Shifu.pcap	udp_1804,13,0,,0,0,0.9998524
malware_none_Shifu.pcap	udp_2442,13,0,,0,0,0.9991998
malware_none_Shifu.pcap	udp_2508,13,0,,0,0,0.99926144
malware_none_Shifu.pcap	udp_237,13,0,,0,0,0.99966437
malware_none_Shifu.pcap	udp_2116,13,0,,0,0,0.9991849
malware_none_Shifu.pcap	udp_2761,13,0,,0,0,0.99950373
malware_none_Shifu.pcap	udp_240,13,0,,0,0,0.9995122
malware_none_Shifu.pcap	udp_1936,13,0,,0,0,0.999828
malware_none_Shifu.pcap	udp_1369,13,0,,0,0,0.9986558
malware_none_Shifu.pcap	udp_243,13,0,,0,0,0.9997977
malware_none_Shifu.pcap	udp_2319,13,0,,0,0,0.99981785
malware_none_Shifu.pcap	udp_2614,13,0,,0,0,0.9996462
malware_none_Shifu.pcap	udp_247,13,0,,0,0,0.99972016
malware_none_Shifu.pcap	udp_2123,13,0,,0,0,0.99961984
malware_none_Shifu.pcap	udp_250,13,0,,0,0,0.9979912
malware_none_Shifu.pcap	udp_251,13,0,,0,0,0.9990436
malware_none_Shifu.pcap	udp_1071,13,0,,0,0,0.99916136
malware_none_Shifu.pcap	udp_2790,13,0,,0,0,0.9992897
malware_none_Shifu.pcap	udp_2691,13,0,,0,0,0.9987679
malware_none_Shifu.pcap	udp_2102,13,0,,0,0,0.99952924
malware_none_Shifu.pcap	tcp_45,13,0,,0,0,0.98514694
malware_none_Shifu.pcap	tcp_46,13,0,,0,0,0.9954923
malware_none_Shifu.pcap	udp_257,13,0,,0,0,0.99966836
malware_none_Shifu.pcap	udp_2465,13,0,,0,0,0.99963033
malware_none_Shifu.pcap	udp_1069,13,0,,0,0,0.9992061
malware_none_Shifu.pcap	udp_2737,13,0,,0,0,0.9993822
malware_none_Shifu.pcap	udp_264,13,0,,0,0,0.99915016
malware_none_Shifu.pcap	udp_2553,13,0,,0,0,0.9992679
malware_none_Shifu.pcap	udp_267,13,0,,0,0,0.9996038
malware_none_Shifu.pcap	udp_2562,13,0,,0,0,0.99966216
malware_none_Shifu.pcap	udp_269,13,0,,0,0,0.9992016
malware_none_Shifu.pcap	udp_1953,13,0,,0,0,0.999131
malware_none_Shifu.pcap	udp_271,13,0,,0,0,0.9985359
malware_none_Shifu.pcap	udp_275,13,0,,0,0,0.9994677
malware_none_Shifu.pcap	udp_1755,13,0,,0,0,0.9986487
malware_none_Shifu.pcap	udp_278,13,0,,0,0,0.99937004
malware_none_Shifu.pcap	udp_279,13,0,,0,0,0.99861383
malware_none_Shifu.pcap	udp_280,13,0,,0,0,0.9997266
malware_none_Shifu.pcap	udp_1712,13,0,,0,0,0.9996644
malware_none_Shifu.pcap	udp_2503,13,0,,0,0,0.99918014
malware_none_Shifu.pcap	udp_283,13,0,,0,0,0.9997274
malware_none_Shifu.pcap	udp_284,13,0,,0,0,0.99911505
malware_none_Shifu.pcap	udp_2285,13,0,,0,0,0.9992831
malware_none_Shifu.pcap	udp_2085,13,0,,0,0,0.9986987
malware_none_Shifu.pcap	udp_287,13,0,,0,0,0.9990776
malware_none_Shifu.pcap	udp_288,13,0,,0,0,0.9996204
malware_none_Shifu.pcap	udp_2427,13,0,,0,0,0.99974865
malware_none_Shifu.pcap	udp_2138,13,0,,0,0,0.9987079
malware_none_Shifu.pcap	udp_292,13,0,,0,0,0.99911034
malware_none_Shifu.pcap	tcp_152,13,0,,0,0,0.9917765
malware_none_Shifu.pcap	udp_294,13,0,,0,0,0.99923277
malware_none_Shifu.pcap	udp_296,13,0,,0,0,0.9990349
malware_none_Shifu.pcap	udp_297,13,0,,0,0,0.9989484
malware_none_Shifu.pcap	udp_1717,13,0,,0,0,0.9917882
malware_none_Shifu.pcap	udp_2169,13,0,,0,0,0.9989605
malware_none_Shifu.pcap	udp_2345,13,0,,0,0,0.99914193
malware_none_Shifu.pcap	udp_306,13,0,,0,0,0.99953485
malware_none_Shifu.pcap	udp_2096,13,0,,0,0,0.9998015
malware_none_Shifu.pcap	udp_1413,13,0,,0,0,0.9996203
malware_none_Shifu.pcap	udp_1409,13,0,,0,0,0.9991475
malware_none_Shifu.pcap	udp_993,13,0,,0,0,0.99932826
malware_none_Shifu.pcap	udp_1930,13,0,,0,0,0.9994702
malware_none_Shifu.pcap	udp_1191,13,0,,0,0,0.99984014
malware_none_Shifu.pcap	udp_1845,13,0,,0,0,0.9998068
malware_none_Shifu.pcap	udp_958,13,0,,0,0,0.9992435
malware_none_Shifu.pcap	udp_2128,13,0,,0,0,0.9994852
malware_none_Shifu.pcap	udp_318,13,0,,0,0,0.99931633
malware_none_Shifu.pcap	udp_320,13,0,,0,0,0.9996774
malware_none_Shifu.pcap	tcp_142,13,0,,0,0,0.9912081
malware_none_Shifu.pcap	udp_2163,13,0,,0,0,0.9992186
malware_none_Shifu.pcap	udp_2781,13,0,,0,0,0.9996014
malware_none_Shifu.pcap	udp_324,13,0,,0,0,0.9986009
malware_none_Shifu.pcap	udp_1479,13,0,,0,0,0.99893653
malware_none_Shifu.pcap	udp_326,13,0,,0,0,0.9984649
malware_none_Shifu.pcap	udp_2219,13,0,,0,0,0.99965286
malware_none_Shifu.pcap	udp_329,13,0,,0,0,0.9998021
malware_none_Shifu.pcap	udp_330,13,0,,0,0,0.9991404
malware_none_Shifu.pcap	udp_331,13,0,,0,0,0.99944246
malware_none_Shifu.pcap	udp_1224,13,0,,0,0,0.9992894
malware_none_Shifu.pcap	udp_1917,13,0,,0,0,0.9992169
malware_none_Shifu.pcap	udp_1590,13,0,,0,0,0.99956936
malware_none_Shifu.pcap	udp_335,13,0,,0,0,0.9995684
malware_none_Shifu.pcap	udp_2711,13,0,,0,0,0.9984561
malware_none_Shifu.pcap	udp_1790,13,0,,0,0,0.9997795
malware_none_Shifu.pcap	udp_2252,13,0,,0,0,0.9991229
malware_none_Shifu.pcap	tcp_119,13,0,,0,0,0.9972242
malware_none_Shifu.pcap	udp_2436,13,0,,0,0,0.999831
malware_none_Shifu.pcap	udp_1003,13,0,,0,0,0.9996549
malware_none_Shifu.pcap	udp_1571,13,0,,0,0,0.99956185
malware_none_Shifu.pcap	udp_2167,13,0,,0,0,0.999831
malware_none_Shifu.pcap	udp_345,13,0,,0,0,0.99983466
malware_none_Shifu.pcap	udp_1982,13,0,,0,0,0.99961215
malware_none_Shifu.pcap	udp_2289,13,0,,0,0,0.9982358
malware_none_Shifu.pcap	udp_1642,13,0,,0,0,0.9988432
malware_none_Shifu.pcap	udp_349,13,0,,0,0,0.9997108
malware_none_Shifu.pcap	udp_350,13,0,,0,0,0.9995885
malware_none_Shifu.pcap	udp_353,13,0,,0,0,0.99981123
malware_none_Shifu.pcap	udp_1404,13,0,,0,0,0.9986992
malware_none_Shifu.pcap	udp_1603,13,0,,0,0,0.999577
malware_none_Shifu.pcap	udp_357,13,0,,0,0,0.9984817
malware_none_Shifu.pcap	udp_2036,13,0,,0,0,0.9994085
malware_none_Shifu.pcap	udp_2716,13,0,,0,0,0.9991459
malware_none_Shifu.pcap	udp_1824,13,0,,0,0,0.9996811
malware_none_Shifu.pcap	udp_362,13,0,,0,0,0.99978685
malware_none_Shifu.pcap	udp_2734,13,0,,0,0,0.99959356
malware_none_Shifu.pcap	udp_1100,13,0,,0,0,0.99964535
malware_none_Shifu.pcap	udp_365,13,0,,0,0,0.9997998
malware_none_Shifu.pcap	udp_2106,13,0,,0,0,0.99812305
malware_none_Shifu.pcap	udp_1908,13,0,,0,0,0.99915695
malware_none_Shifu.pcap	udp_2569,13,0,,0,0,0.9994073
malware_none_Shifu.pcap	udp_1734,13,0,,0,0,0.9998472
malware_none_Shifu.pcap	udp_1580,13,0,,0,0,0.99896634
malware_none_Shifu.pcap	udp_1398,13,0,,0,0,0.99813
malware_none_Shifu.pcap	udp_1723,13,0,,0,0,0.99965084
malware_none_Shifu.pcap	udp_950,13,0,,0,0,0.99897975
malware_none_Shifu.pcap	udp_1554,13,0,,0,0,0.9998017
malware_none_Shifu.pcap	udp_1959,13,0,,0,0,0.99889535
malware_none_Shifu.pcap	udp_374,13,0,,0,0,0.99944717
malware_none_Shifu.pcap	udp_375,13,0,,0,0,0.9984849
malware_none_Shifu.pcap	udp_1292,13,0,,0,0,0.99963534
malware_none_Shifu.pcap	udp_1249,13,0,,0,0,0.99938285
malware_none_Shifu.pcap	udp_2579,13,0,,0,0,0.9996691
malware_none_Shifu.pcap	udp_1386,13,0,,0,0,0.9993697
malware_none_Shifu.pcap	udp_384,13,0,,0,0,0.999065
malware_none_Shifu.pcap	udp_1595,13,0,,0,0,0.9996074
malware_none_Shifu.pcap	udp_386,13,0,,0,0,0.99907506
malware_none_Shifu.pcap	udp_387,13,0,,0,0,0.99962974
malware_none_Shifu.pcap	udp_2210,13,0,,0,0,0.9992694
malware_none_Shifu.pcap	udp_1905,13,0,,0,0,0.99118716
malware_none_Shifu.pcap	udp_1086,13,0,,0,0,0.9997359
malware_none_Shifu.pcap	udp_2457,13,0,,0,0,0.99987006
malware_none_Shifu.pcap	udp_396,13,0,,0,0,0.999637
malware_none_Shifu.pcap	udp_397,13,0,,0,0,0.9996543
malware_none_Shifu.pcap	udp_1290,13,0,,0,0,0.9996443
malware_none_Shifu.pcap	udp_1272,13,0,,0,0,0.9992694
malware_none_Shifu.pcap	udp_2623,13,0,,0,0,0.99907136
malware_none_Shifu.pcap	udp_404,13,0,,0,0,0.99869996
malware_none_Shifu.pcap	udp_406,13,0,,0,0,0.9990658
malware_none_Shifu.pcap	udp_2638,13,0,,0,0,0.99978393
malware_none_Shifu.pcap	udp_410,13,0,,0,0,0.99971193
malware_none_Shifu.pcap	udp_2536,13,0,,0,0,0.99955374
malware_none_Shifu.pcap	udp_2091,13,0,,0,0,0.999673
malware_none_Shifu.pcap	udp_2037,13,0,,0,0,0.99915576
malware_none_Shifu.pcap	udp_1384,13,0,,0,0,0.99961287
malware_none_Shifu.pcap	udp_1161,13,0,,0,0,0.9995271
malware_none_Shifu.pcap	udp_2486,13,0,,0,0,0.9995402
malware_none_Shifu.pcap	udp_420,13,0,,0,0,0.99943733
malware_none_Shifu.pcap	udp_2208,13,0,,0,0,0.9998041
malware_none_Shifu.pcap	udp_962,13,0,,0,0,0.9992889
malware_none_Shifu.pcap	tcp_113,13,0,,0,0,0.9960072
malware_none_Shifu.pcap	udp_1037,13,0,,0,0,0.9992867
malware_none_Shifu.pcap	udp_2215,13,0,,0,0,0.99936944
malware_none_Shifu.pcap	udp_426,13,0,,0,0,0.99921757
malware_none_Shifu.pcap	udp_939,13,0,,0,0,0.999739
malware_none_Shifu.pcap	udp_428,13,0,,0,0,0.99894875
malware_none_Shifu.pcap	udp_1813,13,0,,0,0,0.9990611
malware_none_Shifu.pcap	udp_432,13,0,,0,0,0.9996779
malware_none_Shifu.pcap	udp_1103,13,0,,0,0,0.9996631
malware_none_Shifu.pcap	udp_2549,13,0,,0,0,0.9991223
malware_none_Shifu.pcap	udp_435,13,0,,0,0,0.999118
malware_none_Shifu.pcap	udp_437,13,0,,0,0,0.99912417
malware_none_Shifu.pcap	udp_1681,13,0,,0,0,0.98498315
malware_none_Shifu.pcap	udp_2832,13,0,,0,0,0.99920875
malware_none_Shifu.pcap	udp_440,13,0,,0,0,0.99957085
malware_none_Shifu.pcap	udp_1672,13,0,,0,0,0.99956876
malware_none_Shifu.pcap	udp_2692,13,0,,0,0,0.99970025
malware_none_Shifu.pcap	udp_2006,13,0,,0,0,0.99912447
malware_none_Shifu.pcap	udp_445,13,0,,0,0,0.9997459
malware_none_Shifu.pcap	udp_1867,13,0,,0,0,0.9996674
malware_none_Shifu.pcap	udp_450,13,0,,0,0,0.9990901
malware_none_Shifu.pcap	udp_1245,13,0,,0,0,0.99967945
malware_none_Shifu.pcap	udp_2377,13,0,,0,0,0.9998366
malware_none_Shifu.pcap	udp_454,13,0,,0,0,0.9996494
malware_none_Shifu.pcap	udp_455,13,0,,0,0,0.9997671
malware_none_Shifu.pcap	udp_458,13,0,,0,0,0.99861705
malware_none_Shifu.pcap	udp_2784,13,0,,0,0,0.9991503
malware_none_Shifu.pcap	udp_460,13,0,,0,0,0.99984604
malware_none_Shifu.pcap	udp_983,13,0,,0,0,0.999678
malware_none_Shifu.pcap	udp_2499,13,0,,0,0,0.9988511
malware_none_Shifu.pcap	udp_1817,13,0,,0,0,0.9996634
malware_none_Shifu.pcap	udp_1192,13,0,,0,0,0.9996826
malware_none_Shifu.pcap	udp_466,13,0,,0,0,0.99889815
malware_none_Shifu.pcap	udp_1702,13,0,,0,0,0.999313
malware_none_Shifu.pcap	udp_468,13,0,,0,0,0.9996494
malware_none_Shifu.pcap	udp_469,13,0,,0,0,0.99966085
malware_none_Shifu.pcap	udp_2585,13,0,,0,0,0.9996729
malware_none_Shifu.pcap	udp_471,13,0,,0,0,0.9992771
malware_none_Shifu.pcap	udp_2061,13,0,,0,0,0.99962115
malware_none_Shifu.pcap	udp_1347,13,0,,0,0,0.9992119
malware_none_Shifu.pcap	udp_475,13,0,,0,0,0.9990045
malware_none_Shifu.pcap	udp_2347,13,0,,0,0,0.9996649
malware_none_Shifu.pcap	udp_1177,13,0,,0,0,0.99905735
malware_none_Shifu.pcap	udp_1933,13,0,,0,0,0.9996731
malware_none_Shifu.pcap	udp_2230,13,0,,0,0,0.99914646
malware_none_Shifu.pcap	udp_1127,13,0,,0,0,0.99839425
malware_none_Shifu.pcap	udp_2147,13,0,,0,0,0.99986637
malware_none_Shifu.pcap	udp_1288,13,0,,0,0,0.9983908
malware_none_Shifu.pcap	udp_484,13,0,,0,0,0.9986609
malware_none_Shifu.pcap	udp_1089,13,0,,0,0,0.9994989
malware_none_Shifu.pcap	udp_2798,13,0,,0,0,0.9984561
malware_none_Shifu.pcap	udp_1291,13,0,,0,0,0.9991774
malware_none_Shifu.pcap	tcp_52,13,0,,0,0,0.98778975
malware_none_Shifu.pcap	tcp_54,13,0,,0,0,0.9968476
malware_none_Shifu.pcap	udp_948,13,0,,0,0,0.9993566
malware_none_Shifu.pcap	udp_1506,13,0,,0,0,0.9995707
malware_none_Shifu.pcap	udp_2746,13,0,,0,0,0.9992249
malware_none_Shifu.pcap	udp_492,13,0,,0,0,0.9988877
malware_none_Shifu.pcap	udp_2265,13,0,,0,0,0.9995271
malware_none_Shifu.pcap	udp_1152,13,0,,0,0,0.9989036
malware_none_Shifu.pcap	udp_2371,13,0,,0,0,0.9990575
malware_none_Shifu.pcap	udp_497,13,0,,0,0,0.9996742
malware_none_Shifu.pcap	udp_1830,13,0,,0,0,0.9993466
malware_none_Shifu.pcap	udp_1452,13,0,,0,0,0.9995634
malware_none_Shifu.pcap	tcp_112,13,0,,0,0,0.98097295
malware_none_Shifu.pcap	udp_502,13,0,,0,0,0.99924517
malware_none_Shifu.pcap	udp_2837,13,0,,0,0,0.99907184
malware_none_Shifu.pcap	udp_2775,13,0,,0,0,0.999726
malware_none_Shifu.pcap	udp_510,13,0,,0,0,0.9997943
malware_none_Shifu.pcap	udp_1557,13,0,,0,0,0.9996297
malware_none_Shifu.pcap	udp_2559,13,0,,0,0,0.99956673
malware_none_Shifu.pcap	udp_2702,13,0,,0,0,0.9995646
malware_none_Shifu.pcap	udp_2002,13,0,,0,0,0.99893534
malware_none_Shifu.pcap	udp_1353,13,0,,0,0,0.9993976
malware_none_Shifu.pcap	udp_516,13,0,,0,0,0.9994724
malware_none_Shifu.pcap	udp_1633,13,0,,0,0,0.99982136
malware_none_Shifu.pcap	udp_519,13,0,,0,0,0.99876845
malware_none_Shifu.pcap	udp_1038,13,0,,0,0,0.99862325
malware_none_Shifu.pcap	udp_521,13,0,,0,0,0.99919546
malware_none_Shifu.pcap	tcp_106,13,0,,0,0,0.9970564
malware_none_Shifu.pcap	udp_2590,13,0,,0,0,0.99866545
malware_none_Shifu.pcap	udp_525,13,0,,0,0,0.9992132
malware_none_Shifu.pcap	udp_526,13,0,,0,0,0.9997683
malware_none_Shifu.pcap	udp_1242,13,0,,0,0,0.99902916
malware_none_Shifu.pcap	udp_2723,13,0,,0,0,0.99959016
malware_none_Shifu.pcap	udp_1406,13,0,,0,0,0.99922943
malware_none_Shifu.pcap	udp_2785,13,0,,0,0,0.99912244
malware_none_Shifu.pcap	udp_532,13,0,,0,0,0.99976546
malware_none_Shifu.pcap	udp_535,13,0,,0,0,0.99950224
malware_none_Shifu.pcap	udp_1646,13,0,,0,0,0.9993863
malware_none_Shifu.pcap	udp_2065,13,0,,0,0,0.999678
malware_none_Shifu.pcap	udp_1826,13,0,,0,0,0.99948406
malware_none_Shifu.pcap	udp_1390,13,0,,0,0,0.9990042
malware_none_Shifu.pcap	udp_2257,13,0,,0,0,0.9998166
malware_none_Shifu.pcap	udp_1732,13,0,,0,0,0.99957067
malware_none_Shifu.pcap	udp_1685,13,0,,0,0,0.99867815
malware_none_Shifu.pcap	udp_2396,13,0,,0,0,0.9996455
malware_none_Shifu.pcap	tcp_55,13,0,,0,0,0.9902852
malware_none_Shifu.pcap	udp_1618,13,0,,0,0,0.9981953
malware_none_Shifu.pcap	udp_1465,13,0,,0,0,0.9992083
malware_none_Shifu.pcap	udp_1351,13,0,,0,0,0.9996232
malware_none_Shifu.pcap	udp_1918,13,0,,0,0,0.9981886
malware_none_Shifu.pcap	udp_547,13,0,,0,0,0.9995024
malware_none_Shifu.pcap	udp_2602,13,0,,0,0,0.99918413
malware_none_Shifu.pcap	udp_551,13,0,,0,0,0.9991793
malware_none_Shifu.pcap	udp_1904,13,0,,0,0,0.999688
malware_none_Shifu.pcap	tcp_140,13,0,,0,0,0.9935626
malware_none_Shifu.pcap	udp_2338,13,0,,0,0,0.99922884
malware_none_Shifu.pcap	udp_560,13,0,,0,0,0.9996351
malware_none_Shifu.pcap	udp_2484,13,0,,0,0,0.9809502
malware_none_Shifu.pcap	udp_1526,13,0,,0,0,0.99830425
malware_none_Shifu.pcap	udp_566,13,0,,0,0,0.99917823
malware_none_Shifu.pcap	udp_1361,13,0,,0,0,0.99957234
malware_none_Shifu.pcap	udp_1626,13,0,,0,0,0.99962276
malware_none_Shifu.pcap	udp_569,13,0,,0,0,0.9996836
malware_none_Shifu.pcap	udp_1230,13,0,,0,0,0.9998647
malware_none_Shifu.pcap	udp_2743,13,0,,0,0,0.99775463
malware_none_Shifu.pcap	udp_2018,13,0,,0,0,0.999716
malware_none_Shifu.pcap	udp_575,13,0,,0,0,0.99959856
malware_none_Shifu.pcap	udp_2056,13,0,,0,0,0.99912876
malware_none_Shifu.pcap	udp_2434,13,0,,0,0,0.9990977
malware_none_Shifu.pcap	udp_1656,13,0,,0,0,0.9996506
malware_none_Shifu.pcap	udp_580,13,0,,0,0,0.9993493
malware_none_Shifu.pcap	udp_581,13,0,,0,0,0.9988617
malware_none_Shifu.pcap	udp_1047,13,0,,0,0,0.99976975
malware_none_Shifu.pcap	udp_1955,13,0,,0,0,0.9994234
malware_none_Shifu.pcap	udp_2706,13,0,,0,0,0.9992309
malware_none_Shifu.pcap	udp_1261,13,0,,0,0,0.99928826
malware_none_Shifu.pcap	udp_1900,13,0,,0,0,0.9996817
malware_none_Shifu.pcap	udp_2172,13,0,,0,0,0.99925333
malware_none_Shifu.pcap	udp_1892,13,0,,0,0,0.99922085
malware_none_Shifu.pcap	udp_596,13,0,,0,0,0.9986344
malware_none_Shifu.pcap	udp_597,13,0,,0,0,0.9995358
malware_none_Shifu.pcap	udp_2175,13,0,,0,0,0.9989563
malware_none_Shifu.pcap	udp_1841,13,0,,0,0,0.9992686
malware_none_Shifu.pcap	udp_2581,13,0,,0,0,0.9998652
malware_none_Shifu.pcap	udp_1782,13,0,,0,0,0.999671
malware_none_Shifu.pcap	udp_1085,13,0,,0,0,0.9996822
malware_none_Shifu.pcap	tcp_144,13,0,,0,0,0.9952905
malware_none_Shifu.pcap	udp_2566,13,0,,0,0,0.9989518
malware_none_Shifu.pcap	udp_605,13,0,,0,0,0.9991604
malware_none_Shifu.pcap	udp_2584,13,0,,0,0,0.9996754
malware_none_Shifu.pcap	udp_1388,13,0,,0,0,0.9995526
malware_none_Shifu.pcap	udp_609,13,0,,0,0,0.99964446
malware_none_Shifu.pcap	udp_2667,13,0,,0,0,0.99936897
malware_none_Shifu.pcap	udp_1863,13,0,,0,0,0.99928254
malware_none_Shifu.pcap	udp_612,13,0,,0,0,0.99927264
malware_none_Shifu.pcap	udp_1851,13,0,,0,0,0.99885225
malware_none_Shifu.pcap	udp_2228,13,0,,0,0,0.99967057
malware_none_Shifu.pcap	udp_1223,13,0,,0,0,0.9998367
malware_none_Shifu.pcap	udp_2469,13,0,,0,0,0.99843574
malware_none_Shifu.pcap	tcp_153,13,0,,0,0,0.97679514
malware_none_Shifu.pcap	udp_618,13,0,,0,0,0.99964476
malware_none_Shifu.pcap	udp_619,13,0,,0,0,0.9991164
malware_none_Shifu.pcap	udp_1088,13,0,,0,0,0.9996714
malware_none_Shifu.pcap	udp_1842,13,0,,0,0,0.9992711
malware_none_Shifu.pcap	udp_622,13,0,,0,0,0.999691
malware_none_Shifu.pcap	udp_1373,13,0,,0,0,0.9996876
malware_none_Shifu.pcap	udp_1512,13,0,,0,0,0.99915135
malware_none_Shifu.pcap	udp_1689,13,0,,0,0,0.9998093
malware_none_Shifu.pcap	udp_629,13,0,,0,0,0.9994698
malware_none_Shifu.pcap	udp_631,13,0,,0,0,0.99946135
malware_none_Shifu.pcap	udp_2538,13,0,,0,0,0.9996666
malware_none_Shifu.pcap	udp_633,13,0,,0,0,0.99973345
malware_none_Shifu.pcap	udp_2186,13,0,,0,0,0.99964285
malware_none_Shifu.pcap	udp_635,13,0,,0,0,0.99969983
malware_none_Shifu.pcap	udp_638,13,0,,0,0,0.9988851
malware_none_Shifu.pcap	udp_2528,13,0,,0,0,0.9998277
malware_none_Shifu.pcap	udp_1295,13,0,,0,0,0.99981755
malware_none_Shifu.pcap	udp_2127,13,0,,0,0,0.9996817
malware_none_Shifu.pcap	udp_2440,13,0,,0,0,0.98575425
malware_none_Shifu.pcap	udp_1862,13,0,,0,0,0.9995906
malware_none_Shifu.pcap	udp_644,13,0,,0,0,0.99963456
malware_none_Shifu.pcap	udp_1814,13,0,,0,0,0.9990791
malware_none_Shifu.pcap	udp_647,13,0,,0,0,0.9991734
malware_none_Shifu.pcap	udp_649,13,0,,0,0,0.99959606
malware_none_Shifu.pcap	udp_2388,13,0,,0,0,0.9893658
malware_none_Shifu.pcap	udp_1588,13,0,,0,0,0.999713
malware_none_Shifu.pcap	udp_2459,13,0,,0,0,0.99941695
malware_none_Shifu.pcap	udp_654,13,0,,0,0,0.99964094
malware_none_Shifu.pcap	udp_655,13,0,,0,0,0.99953437
malware_none_Shifu.pcap	udp_2611,13,0,,0,0,0.99967945
malware_none_Shifu.pcap	udp_2806,13,0,,0,0,0.999736
malware_none_Shifu.pcap	udp_659,13,0,,0,0,0.9990583
malware_none_Shifu.pcap	udp_660,13,0,,0,0,0.9991172
malware_none_Shifu.pcap	udp_661,13,0,,0,0,0.99976975
malware_none_Shifu.pcap	tcp_59,13,0,,0,0,0.98297274
malware_none_Shifu.pcap	udp_1981,13,0,,0,0,0.9998594
malware_none_Shifu.pcap	tcp_61,13,0,,0,0,0.996897
malware_none_Shifu.pcap	tcp_62,13,0,,0,0,0.9830361
malware_none_Shifu.pcap	udp_663,13,0,,0,0,0.999215
malware_none_Shifu.pcap	udp_947,13,0,,0,0,0.9996824
malware_none_Shifu.pcap	udp_1262,13,0,,0,0,0.9992647
malware_none_Shifu.pcap	udp_1299,13,0,,0,0,0.99948597
malware_none_Shifu.pcap	udp_669,13,0,,0,0,0.9990865
malware_none_Shifu.pcap	udp_1852,13,0,,0,0,0.9997409
malware_none_Shifu.pcap	udp_2141,13,0,,0,0,0.9997178
malware_none_Shifu.pcap	udp_673,13,0,,0,0,0.9996344
malware_none_Shifu.pcap	udp_674,13,0,,0,0,0.99975127
malware_none_Shifu.pcap	udp_1838,13,0,,0,0,0.99946904
malware_none_Shifu.pcap	udp_1222,13,0,,0,0,0.9996387
malware_none_Shifu.pcap	udp_1338,13,0,,0,0,0.99965215
malware_none_Shifu.pcap	udp_2361,13,0,,0,0,0.99915993
malware_none_Shifu.pcap	udp_980,13,0,,0,0,0.99967074
malware_none_Shifu.pcap	udp_1652,13,0,,0,0,0.9988635
malware_none_Shifu.pcap	udp_1922,13,0,,0,0,0.99966824
malware_none_Shifu.pcap	udp_1005,13,0,,0,0,0.9972977
malware_none_Shifu.pcap	udp_686,13,0,,0,0,0.99881876
malware_none_Shifu.pcap	udp_2586,13,0,,0,0,0.99965835
malware_none_Shifu.pcap	udp_688,13,0,,0,0,0.9989252
malware_none_Shifu.pcap	udp_689,13,0,,0,0,0.9997397
malware_none_Shifu.pcap	udp_2156,13,0,,0,0,0.9993976
malware_none_Shifu.pcap	udp_2026,13,0,,0,0,0.9991786
malware_none_Shifu.pcap	udp_1228,13,0,,0,0,0.9995401
malware_none_Shifu.pcap	udp_1488,13,0,,0,0,0.9992558
malware_none_Shifu.pcap	udp_696,13,0,,0,0,0.9732189
malware_none_Shifu.pcap	udp_697,13,0,,0,0,0.9994916
malware_none_Shifu.pcap	udp_2110,13,0,,0,0,0.9996438
malware_none_Shifu.pcap	udp_2810,13,0,,0,0,0.9998231
malware_none_Shifu.pcap	udp_2298,13,0,,0,0,0.9995921
malware_none_Shifu.pcap	udp_1500,13,0,,0,0,0.9998107
malware_none_Shifu.pcap	udp_2126,13,0,,0,0,0.999775
malware_none_Shifu.pcap	udp_2281,13,0,,0,0,0.99883384
malware_none_Shifu.pcap	udp_2145,13,0,,0,0,0.9998432
malware_none_Shifu.pcap	udp_708,13,0,,0,0,0.9998179
malware_none_Shifu.pcap	udp_709,13,0,,0,0,0.99966896
malware_none_Shifu.pcap	udp_1592,13,0,,0,0,0.99841774
malware_none_Shifu.pcap	udp_711,13,0,,0,0,0.9997759
malware_none_Shifu.pcap	udp_1879,13,0,,0,0,0.9998225
malware_none_Shifu.pcap	udp_714,13,0,,0,0,0.99985325
malware_none_Shifu.pcap	udp_1203,13,0,,0,0,0.9992981
malware_none_Shifu.pcap	udp_716,13,0,,0,0,0.9988668
malware_none_Shifu.pcap	udp_977,13,0,,0,0,0.99951303
malware_none_Shifu.pcap	udp_2363,13,0,,0,0,0.9996618
malware_none_Shifu.pcap	udp_2699,13,0,,0,0,0.99967164
malware_none_Shifu.pcap	udp_1276,13,0,,0,0,0.99959743
malware_none_Shifu.pcap	udp_721,13,0,,0,0,0.9996966
malware_none_Shifu.pcap	udp_722,13,0,,0,0,0.9991083
malware_none_Shifu.pcap	udp_1147,13,0,,0,0,0.9992828
malware_none_Shifu.pcap	udp_2316,13,0,,0,0,0.99897814
malware_none_Shifu.pcap	udp_2206,13,0,,0,0,0.9996768
malware_none_Shifu.pcap	udp_728,13,0,,0,0,0.99860036
malware_none_Shifu.pcap	udp_729,13,0,,0,0,0.9939972
malware_none_Shifu.pcap	udp_1201,13,0,,0,0,0.9992367
malware_none_Shifu.pcap	udp_1643,13,0,,0,0,0.99919754
malware_none_Shifu.pcap	udp_1066,13,0,,0,0,0.9989303
malware_none_Shifu.pcap	udp_2242,13,0,,0,0,0.9997595
malware_none_Shifu.pcap	udp_1763,13,0,,0,0,0.99870044
malware_none_Shifu.pcap	udp_1056,13,0,,0,0,0.9997755
malware_none_Shifu.pcap	udp_738,13,0,,0,0,0.9992291
malware_none_Shifu.pcap	udp_2203,13,0,,0,0,0.9996376
malware_none_Shifu.pcap	udp_740,13,0,,0,0,0.99928397
malware_none_Shifu.pcap	udp_2828,13,0,,0,0,0.9991999
malware_none_Shifu.pcap	udp_1984,13,0,,0,0,0.9995005
malware_none_Shifu.pcap	udp_1269,13,0,,0,0,0.9992467
malware_none_Shifu.pcap	udp_2567,13,0,,0,0,0.9990246
malware_none_Shifu.pcap	udp_1855,13,0,,0,0,0.99967396
malware_none_Shifu.pcap	udp_2666,13,0,,0,0,0.9993661
malware_none_Shifu.pcap	udp_748,13,0,,0,0,0.9992366
malware_none_Shifu.pcap	udp_1172,13,0,,0,0,0.9993855
malware_none_Shifu.pcap	udp_1928,13,0,,0,0,0.999212
malware_none_Shifu.pcap	udp_2207,13,0,,0,0,0.9995009
malware_none_Shifu.pcap	udp_1302,13,0,,0,0,0.9996699
malware_none_Shifu.pcap	udp_1638,13,0,,0,0,0.99980015
malware_none_Shifu.pcap	udp_755,13,0,,0,0,0.999281
malware_none_Shifu.pcap	udp_2115,13,0,,0,0,0.99925333
malware_none_Shifu.pcap	udp_757,13,0,,0,0,0.9998052
malware_none_Shifu.pcap	udp_1238,13,0,,0,0,0.9994209
malware_none_Shifu.pcap	udp_760,13,0,,0,0,0.9992605
malware_none_Shifu.pcap	udp_1469,13,0,,0,0,0.9995437
malware_none_Shifu.pcap	udp_2827,13,0,,0,0,0.99911886
malware_none_Shifu.pcap	udp_2317,13,0,,0,0,0.9997255
malware_none_Shifu.pcap	udp_766,13,0,,0,0,0.9998023
malware_none_Shifu.pcap	udp_767,13,0,,0,0,0.9996973
malware_none_Shifu.pcap	udp_2173,13,0,,0,0,0.9992441
malware_none_Shifu.pcap	udp_2348,13,0,,0,0,0.9996578
malware_none_Shifu.pcap	udp_2322,13,0,,0,0,0.99868184
malware_none_Shifu.pcap	udp_771,13,0,,0,0,0.999603
malware_none_Shifu.pcap	udp_1156,13,0,,0,0,0.99976
malware_none_Shifu.pcap	udp_2080,13,0,,0,0,0.9795247
malware_none_Shifu.pcap	udp_1257,13,0,,0,0,0.99926096
malware_none_Shifu.pcap	udp_1226,13,0,,0,0,0.99959147
malware_none_Shifu.pcap	tcp_64,13,0,,0,0,0.9975166
malware_none_Shifu.pcap	tcp_65,13,0,,0,0,0.9960097
malware_none_Shifu.pcap	tcp_66,13,0,,0,0,0.99805474
malware_none_Shifu.pcap	udp_2238,13,0,,0,0,0.99962366
malware_none_Shifu.pcap	udp_779,13,0,,0,0,0.9985477
malware_none_Shifu.pcap	udp_2424,13,0,,0,0,0.9996562
malware_none_Shifu.pcap	udp_2802,13,0,,0,0,0.99977463
malware_none_Shifu.pcap	udp_2757,13,0,,0,0,0.9992061
malware_none_Shifu.pcap	udp_783,13,0,,0,0,0.9992782
malware_none_Shifu.pcap	udp_784,13,0,,0,0,0.99964666
malware_none_Shifu.pcap	udp_945,13,0,,0,0,0.9993728
malware_none_Shifu.pcap	udp_786,13,0,,0,0,0.9991145
malware_none_Shifu.pcap	udp_1837,13,0,,0,0,0.9995198
malware_none_Shifu.pcap	udp_1108,13,0,,0,0,0.9991955
malware_none_Shifu.pcap	udp_1932,13,0,,0,0,0.99976593
malware_none_Shifu.pcap	udp_2640,13,0,,0,0,0.99975014
malware_none_Shifu.pcap	udp_1654,13,0,,0,0,0.99963546
malware_none_Shifu.pcap	udp_1714,13,0,,0,0,0.9996661
malware_none_Shifu.pcap	udp_1376,13,0,,0,0,0.9994191
malware_none_Shifu.pcap	udp_794,13,0,,0,0,0.9998565
malware_none_Shifu.pcap	udp_2685,13,0,,0,0,0.9988946
malware_none_Shifu.pcap	udp_1575,13,0,,0,0,0.99838054
malware_none_Shifu.pcap	udp_1324,13,0,,0,0,0.9994382
malware_none_Shifu.pcap	udp_1957,13,0,,0,0,0.99969685
malware_none_Shifu.pcap	udp_979,13,0,,0,0,0.9991341
malware_none_Shifu.pcap	udp_2059,13,0,,0,0,0.999244
malware_none_Shifu.pcap	udp_2237,13,0,,0,0,0.9991167
malware_none_Shifu.pcap	udp_2047,13,0,,0,0,0.99974936
malware_none_Shifu.pcap	udp_1972,13,0,,0,0,0.9998103
malware_none_Shifu.pcap	udp_1358,13,0,,0,0,0.99965155
malware_none_Shifu.pcap	udp_810,13,0,,0,0,0.99918264
malware_none_Shifu.pcap	udp_2477,13,0,,0,0,0.99963903
malware_none_Shifu.pcap	udp_812,13,0,,0,0,0.985781
malware_none_Shifu.pcap	udp_1255,13,0,,0,0,0.9997656
malware_none_Shifu.pcap	udp_815,13,0,,0,0,0.99931014
malware_none_Shifu.pcap	udp_1190,13,0,,0,0,0.9996803
malware_none_Shifu.pcap	udp_1847,13,0,,0,0,0.9996531
malware_none_Shifu.pcap	tcp_122,13,0,,0,0,0.99425423
malware_none_Shifu.pcap	tcp_148,13,0,,0,0,0.99539334
malware_none_Shifu.pcap	tcp_139,13,0,,0,0,0.99827266
malware_none_Shifu.pcap	udp_822,13,0,,0,0,0.99914753
malware_none_Shifu.pcap	udp_1273,13,0,,0,0,0.9988889
malware_none_Shifu.pcap	udp_824,13,0,,0,0,0.9992578
malware_none_Shifu.pcap	udp_1420,13,0,,0,0,0.99954796
malware_none_Shifu.pcap	udp_826,13,0,,0,0,0.99965835
malware_none_Shifu.pcap	udp_2520,13,0,,0,0,0.9996785
malware_none_Shifu.pcap	udp_2524,13,0,,0,0,0.9996606
malware_none_Shifu.pcap	udp_829,13,0,,0,0,0.99953353
malware_none_Shifu.pcap	udp_2153,13,0,,0,0,0.99960357
malware_none_Shifu.pcap	udp_832,13,0,,0,0,0.9992344
malware_none_Shifu.pcap	udp_833,13,0,,0,0,0.9993716
malware_none_Shifu.pcap	udp_1363,13,0,,0,0,0.9992261
malware_none_Shifu.pcap	udp_835,13,0,,0,0,0.99946123
malware_none_Shifu.pcap	udp_1266,13,0,,0,0,0.99938416
malware_none_Shifu.pcap	udp_1507,13,0,,0,0,0.99906164
malware_none_Shifu.pcap	udp_1498,13,0,,0,0,0.99921906
malware_none_Shifu.pcap	udp_1334,13,0,,0,0,0.9996963
malware_none_Shifu.pcap	udp_1608,13,0,,0,0,0.999174
malware_none_Shifu.pcap	udp_1328,13,0,,0,0,0.9988429
malware_none_Shifu.pcap	udp_844,13,0,,0,0,0.99894714
malware_none_Shifu.pcap	udp_2833,13,0,,0,0,0.99938047
malware_none_Shifu.pcap	udp_2166,13,0,,0,0,0.99857926
malware_none_Shifu.pcap	udp_1317,13,0,,0,0,0.9992973
malware_none_Shifu.pcap	udp_848,13,0,,0,0,0.9996704
malware_none_Shifu.pcap	udp_2391,13,0,,0,0,0.99925476
malware_none_Shifu.pcap	udp_1996,13,0,,0,0,0.999132
malware_none_Shifu.pcap	udp_2428,13,0,,0,0,0.9998127
malware_none_Shifu.pcap	udp_1017,13,0,,0,0,0.99884623
malware_none_Shifu.pcap	udp_854,13,0,,0,0,0.99984044
malware_none_Shifu.pcap	udp_2389,13,0,,0,0,0.99928755
malware_none_Shifu.pcap	udp_857,13,0,,0,0,0.9991526
malware_none_Shifu.pcap	udp_2616,13,0,,0,0,0.99927324
malware_none_Shifu.pcap	udp_1418,13,0,,0,0,0.9996598
malware_none_Shifu.pcap	udp_860,13,0,,0,0,0.9995123
malware_none_Shifu.pcap	udp_1061,13,0,,0,0,0.9988865
malware_none_Shifu.pcap	udp_2333,13,0,,0,0,0.9986494
malware_none_Shifu.pcap	udp_1973,13,0,,0,0,0.9988035
malware_none_Shifu.pcap	udp_2680,13,0,,0,0,0.99978286
malware_none_Shifu.pcap	udp_1323,13,0,,0,0,0.9998309
malware_none_Shifu.pcap	udp_1812,13,0,,0,0,0.9996245
malware_none_Shifu.pcap	udp_932,13,0,,0,0,0.99949956
malware_none_Shifu.pcap	udp_1706,13,0,,0,0,0.99908113
malware_none_Shifu.pcap	udp_1043,13,0,,0,0,0.99962676
malware_none_Shifu.pcap	udp_877,13,0,,0,0,0.9998697
malware_none_Shifu.pcap	udp_878,13,0,,0,0,0.9998409
malware_none_Shifu.pcap	udp_879,13,0,,0,0,0.99310446
malware_none_Shifu.pcap	udp_2769,13,0,,0,0,0.9991519
malware_none_Shifu.pcap	udp_881,13,0,,0,0,0.9996418
malware_none_Shifu.pcap	udp_882,13,0,,0,0,0.9993512
malware_none_Shifu.pcap	udp_1803,13,0,,0,0,0.9997564
malware_none_Shifu.pcap	udp_884,13,0,,0,0,0.9994957
malware_none_Shifu.pcap	udp_887,13,0,,0,0,0.9996283
malware_none_Shifu.pcap	udp_2349,13,0,,0,0,0.9991683
malware_none_Shifu.pcap	tcp_69,13,0,,0,0,0.97459733
malware_none_Shifu.pcap	tcp_70,13,0,,0,0,0.9971761
malware_none_Shifu.pcap	udp_890,13,0,,0,0,0.999259
malware_none_Shifu.pcap	tcp_105,13,0,,0,0,0.987389
malware_none_Shifu.pcap	udp_892,13,0,,0,0,0.998801
malware_none_Shifu.pcap	udp_1704,13,0,,0,0,0.99888474
malware_none_Shifu.pcap	udp_2762,13,0,,0,0,0.99931246
malware_none_Shifu.pcap	udp_1354,13,0,,0,0,0.9991147
malware_none_Shifu.pcap	udp_898,13,0,,0,0,0.99926597
malware_none_Shifu.pcap	udp_1092,13,0,,0,0,0.9983368
malware_none_Shifu.pcap	udp_901,13,0,,0,0,0.9985304
malware_none_Shifu.pcap	udp_1459,13,0,,0,0,0.9998439
malware_none_Shifu.pcap	udp_904,13,0,,0,0,0.9997582
malware_none_Shifu.pcap	udp_2838,13,0,,0,0,0.9991714
malware_none_Shifu.pcap	udp_2437,13,0,,0,0,0.99963427
malware_none_Shifu.pcap	udp_2282,13,0,,0,0,0.9996639
malware_none_Shifu.pcap	udp_2149,13,0,,0,0,0.9996176
malware_none_Shifu.pcap	udp_911,13,0,,0,0,0.9996455
malware_none_Shifu.pcap	udp_992,13,0,,0,0,0.99968493
malware_none_Shifu.pcap	udp_915,13,0,,0,0,0.9991442
malware_none_Shifu.pcap	udp_916,13,0,,0,0,0.9998228
malware_none_Shifu.pcap	udp_1684,13,0,,0,0,0.9996107
malware_none_Shifu.pcap	udp_2599,13,0,,0,0,0.9988803
malware_none_Shifu.pcap	udp_919,13,0,,0,0,0.9996449
malware_none_Shifu.pcap	udp_2773,13,0,,0,0,0.99956197
malware_none_Shifu.pcap	udp_2807,13,0,,0,0,0.9994535
malware_none_Shifu.pcap	udp_2271,13,0,,0,0,0.99931765
malware_none_Shifu.pcap	udp_1562,13,0,,0,0,0.99982744
malware_none_Shifu.pcap	udp_1208,13,0,,0,0,0.99980944
malware_none_Shifu.pcap	udp_926,13,0,,0,0,0.9991762
malware_none_Cridex.pcap	udp_0,1,1,Cc_5;Bb_7,0,1,0.0015065062
malware_none_Cridex.pcap	tcp_1430,1,0,,0,0,0.9991247
malware_none_Cridex.pcap	udp_3,1,1,Cd_2;Bb_7,0,0,0.082509324
malware_none_Cridex.pcap	tcp_2367,1,0,,0,0,0.9995648
malware_none_Cridex.pcap	tcp_2585,1,0,,0,0,0.9994311
malware_none_Cridex.pcap	udp_5,1,1,Cd_2;Bb_7,0,0,0.6296793
malware_none_Cridex.pcap	tcp_2604,1,0,,0,0,0.99915206
malware_none_Cridex.pcap	tcp_2377,1,0,,0,0,0.9984414
malware_none_Cridex.pcap	tcp_1080,1,0,,0,0,0.99885225
malware_none_Cridex.pcap	tcp_4,1,0,,0,0,0.9983607
malware_none_Cridex.pcap	tcp_2655,1,0,,0,0,0.999602
malware_none_Cridex.pcap	tcp_6,1,0,,0,0,0.9988726
malware_none_Cridex.pcap	tcp_1941,1,0,,0,0,0.99934095
malware_none_Cridex.pcap	tcp_8,1,0,,0,0,0.9984791
malware_none_Cridex.pcap	tcp_9,1,0,,0,0,0.99804544
malware_none_Cridex.pcap	tcp_10,1,0,,0,0,0.99840647
malware_none_Cridex.pcap	tcp_1333,1,0,,0,0,0.99920326
malware_none_Cridex.pcap	tcp_2430,1,0,,0,0,0.9993703
malware_none_Cridex.pcap	tcp_2308,1,0,,0,0,0.99924576
malware_none_Cridex.pcap	tcp_15,1,0,,0,0,0.9989593
malware_none_Cridex.pcap	tcp_1230,1,0,,0,0,0.9992035
malware_none_Cridex.pcap	tcp_2299,1,0,,0,0,0.9993818
malware_none_Cridex.pcap	tcp_1623,1,0,,0,0,0.9987992
malware_none_Cridex.pcap	tcp_1898,1,0,,0,0,0.9991567
malware_none_Cridex.pcap	tcp_23,1,0,,0,0,0.99853295
malware_none_Cridex.pcap	tcp_2046,1,0,,0,0,0.99900776
malware_none_Cridex.pcap	tcp_25,1,0,,0,0,0.99821657
malware_none_Cridex.pcap	tcp_1257,1,0,,0,0,0.999236
malware_none_Cridex.pcap	tcp_2710,1,0,,0,0,0.9993098
malware_none_Cridex.pcap	tcp_1536,1,0,,0,0,0.9987166
malware_none_Cridex.pcap	tcp_2671,1,0,,0,0,0.999571
malware_none_Cridex.pcap	tcp_31,1,0,,0,0,0.9993295
malware_none_Cridex.pcap	tcp_1389,1,0,,0,0,0.99967587
malware_none_Cridex.pcap	tcp_34,1,0,,0,0,0.9990175
malware_none_Cridex.pcap	tcp_1551,1,0,,0,0,0.99944896
malware_none_Cridex.pcap	tcp_1386,1,0,,0,0,0.9992442
malware_none_Cridex.pcap	tcp_39,1,0,,0,0,0.9978655
malware_none_Cridex.pcap	tcp_2429,1,0,,0,0,0.99948776
malware_none_Cridex.pcap	tcp_1882,1,0,,0,0,0.9989003
malware_none_Cridex.pcap	tcp_2853,1,0,,0,0,0.9995216
malware_none_Cridex.pcap	tcp_1090,1,0,,0,0,0.99871707
malware_none_Cridex.pcap	tcp_1818,1,0,,0,0,0.99879706
malware_none_Cridex.pcap	tcp_48,1,0,,0,0,0.99817604
malware_none_Cridex.pcap	tcp_2716,1,0,,0,0,0.9991775
malware_none_Cridex.pcap	tcp_50,1,0,,0,0,0.9922622
malware_none_Cridex.pcap	tcp_2479,1,0,,0,0,0.99952334
malware_none_Cridex.pcap	tcp_2970,1,0,,0,0,0.9995491
malware_none_Cridex.pcap	tcp_1594,1,0,,0,0,0.9989625
malware_none_Cridex.pcap	tcp_1290,1,0,,0,0,0.99926096
malware_none_Cridex.pcap	tcp_2882,1,0,,0,0,0.99967146
malware_none_Cridex.pcap	tcp_59,1,0,,0,0,0.9990473
malware_none_Cridex.pcap	tcp_60,1,0,,0,0,0.9986338
malware_none_Cridex.pcap	tcp_2669,1,0,,0,0,0.99879414
malware_none_Cridex.pcap	tcp_1442,1,0,,0,0,0.99913627
malware_none_Cridex.pcap	tcp_65,1,0,,0,0,0.9993217
malware_none_Cridex.pcap	tcp_2622,1,0,,0,0,0.9989775
malware_none_Cridex.pcap	tcp_2936,1,0,,0,0,0.9995117
malware_none_Cridex.pcap	tcp_2553,1,0,,0,0,0.9996338
malware_none_Cridex.pcap	tcp_70,1,0,,0,0,0.99897563
malware_none_Cridex.pcap	tcp_1618,1,0,,0,0,0.9987867
malware_none_Cridex.pcap	tcp_2573,1,0,,0,0,0.99968946
malware_none_Cridex.pcap	tcp_2692,1,0,,0,0,0.9991354
malware_none_Cridex.pcap	tcp_2753,1,0,,0,0,0.9992322
malware_none_Cridex.pcap	tcp_1289,1,0,,0,0,0.9994436
malware_none_Cridex.pcap	tcp_1800,1,0,,0,0,0.99926907
malware_none_Cridex.pcap	tcp_2714,1,0,,0,0,0.9993857
malware_none_Cridex.pcap	tcp_1020,1,0,,0,0,0.99882245
malware_none_Cridex.pcap	tcp_1124,1,0,,0,0,0.99921227
malware_none_Cridex.pcap	tcp_2989,1,0,,0,0,0.9991811
malware_none_Cridex.pcap	tcp_2469,1,0,,0,0,0.9991961
malware_none_Cridex.pcap	tcp_1628,1,0,,0,0,0.9987159
malware_none_Cridex.pcap	tcp_1308,1,0,,0,0,0.99911505
malware_none_Cridex.pcap	tcp_2314,1,0,,0,0,0.9989779
malware_none_Cridex.pcap	tcp_2597,1,0,,0,0,0.9994655
malware_none_Cridex.pcap	tcp_86,1,0,,0,0,0.9989483
malware_none_Cridex.pcap	tcp_1549,1,0,,0,0,0.9992628
malware_none_Cridex.pcap	tcp_2033,1,0,,0,0,0.9994025
malware_none_Cridex.pcap	tcp_91,1,0,,0,0,0.9988817
malware_none_Cridex.pcap	tcp_1106,1,0,,0,0,0.99884796
malware_none_Cridex.pcap	tcp_94,1,0,,0,0,0.99936604
malware_none_Cridex.pcap	tcp_2202,1,0,,0,0,0.9992291
malware_none_Cridex.pcap	tcp_96,1,0,,0,0,0.99855876
malware_none_Cridex.pcap	tcp_2776,1,0,,0,0,0.9991304
malware_none_Cridex.pcap	tcp_1871,1,0,,0,0,0.99940586
malware_none_Cridex.pcap	tcp_2977,1,0,,0,0,0.9988135
malware_none_Cridex.pcap	tcp_2980,1,0,,0,0,0.9993106
malware_none_Cridex.pcap	tcp_2402,1,0,,0,0,0.999117
malware_none_Cridex.pcap	tcp_2159,1,0,,0,0,0.99942964
malware_none_Cridex.pcap	tcp_1032,1,0,,0,0,0.99884075
malware_none_Cridex.pcap	tcp_1392,1,0,,0,0,0.99882895
malware_none_Cridex.pcap	tcp_2433,1,0,,0,0,0.99947715
malware_none_Cridex.pcap	tcp_1435,1,0,,0,0,0.999368
malware_none_Cridex.pcap	tcp_1634,1,0,,0,0,0.9992011
malware_none_Cridex.pcap	tcp_109,1,0,,0,0,0.9990031
malware_none_Cridex.pcap	tcp_1194,1,0,,0,0,0.9987931
malware_none_Cridex.pcap	tcp_1764,1,0,,0,0,0.99887806
malware_none_Cridex.pcap	tcp_2846,1,0,,0,0,0.99934995
malware_none_Cridex.pcap	tcp_1359,1,0,,0,0,0.9984382
malware_none_Cridex.pcap	tcp_2762,1,0,,0,0,0.99936575
malware_none_Cridex.pcap	tcp_2181,1,0,,0,0,0.9996886
malware_none_Cridex.pcap	tcp_1239,1,0,,0,0,0.999201
malware_none_Cridex.pcap	tcp_2696,1,0,,0,0,0.999272
malware_none_Cridex.pcap	tcp_2927,1,0,,0,0,0.9994468
malware_none_Cridex.pcap	tcp_121,1,0,,0,0,0.9996506
malware_none_Cridex.pcap	tcp_1356,1,0,,0,0,0.9986781
malware_none_Cridex.pcap	tcp_1777,1,0,,0,0,0.99929893
malware_none_Cridex.pcap	tcp_1985,1,0,,0,0,0.9994293
malware_none_Cridex.pcap	tcp_125,1,0,,0,0,0.9994067
malware_none_Cridex.pcap	tcp_1218,1,0,,0,0,0.9991597
malware_none_Cridex.pcap	tcp_127,1,0,,0,0,0.9996146
malware_none_Cridex.pcap	tcp_128,1,0,,0,0,0.9989273
malware_none_Cridex.pcap	tcp_1522,1,0,,0,0,0.99914896
malware_none_Cridex.pcap	tcp_2180,1,0,,0,0,0.99928486
malware_none_Cridex.pcap	tcp_131,1,0,,0,0,0.99935764
malware_none_Cridex.pcap	tcp_1667,1,0,,0,0,0.9996846
malware_none_Cridex.pcap	tcp_1065,1,0,,0,0,0.9994361
malware_none_Cridex.pcap	tcp_1102,1,0,,0,0,0.9990109
malware_none_Cridex.pcap	tcp_1990,1,0,,0,0,0.999544
malware_none_Cridex.pcap	tcp_1212,1,0,,0,0,0.9988542
malware_none_Cridex.pcap	tcp_1982,1,0,,0,0,0.9990233
malware_none_Cridex.pcap	tcp_2963,1,0,,0,0,0.9992471
malware_none_Cridex.pcap	tcp_1431,1,0,,0,0,0.9988073
malware_none_Cridex.pcap	tcp_141,1,0,,0,0,0.7911589
malware_none_Cridex.pcap	tcp_2412,1,0,,0,0,0.9992843
malware_none_Cridex.pcap	tcp_1573,1,0,,0,0,0.99955124
malware_none_Cridex.pcap	tcp_146,1,0,,0,0,0.9987262
malware_none_Cridex.pcap	tcp_1916,1,0,,0,0,0.99913967
malware_none_Cridex.pcap	tcp_2038,1,0,,0,0,0.9991553
malware_none_Cridex.pcap	tcp_2329,1,0,,0,0,0.99917924
malware_none_Cridex.pcap	tcp_1010,1,0,,0,0,0.9987674
malware_none_Cridex.pcap	tcp_1804,1,0,,0,0,0.9991764
malware_none_Cridex.pcap	tcp_1995,1,0,,0,0,0.9992571
malware_none_Cridex.pcap	tcp_1035,1,0,,0,0,0.99256
malware_none_Cridex.pcap	tcp_155,1,0,,0,0,0.99902344
malware_none_Cridex.pcap	tcp_156,1,0,,0,0,0.99925715
malware_none_Cridex.pcap	tcp_2888,1,0,,0,0,0.9990252
malware_none_Cridex.pcap	tcp_159,1,0,,0,0,0.99898475
malware_none_Cridex.pcap	tcp_2055,1,0,,0,0,0.99925333
malware_none_Cridex.pcap	tcp_1663,1,0,,0,0,0.99939835
malware_none_Cridex.pcap	tcp_1217,1,0,,0,0,0.9995571
malware_none_Cridex.pcap	tcp_1077,1,0,,0,0,0.99966097
malware_none_Cridex.pcap	tcp_165,1,0,,0,0,0.9995646
malware_none_Cridex.pcap	tcp_166,1,0,,0,0,0.9992386
malware_none_Cridex.pcap	tcp_1152,1,0,,0,0,0.9989157
malware_none_Cridex.pcap	tcp_1307,1,0,,0,0,0.99936223
malware_none_Cridex.pcap	tcp_169,1,0,,0,0,0.999531
malware_none_Cridex.pcap	tcp_1971,1,0,,0,0,0.9996698
malware_none_Cridex.pcap	tcp_171,1,0,,0,0,0.9993478
malware_none_Cridex.pcap	tcp_2595,1,0,,0,0,0.99960935
malware_none_Cridex.pcap	tcp_173,1,0,,0,0,0.999338
malware_none_Cridex.pcap	tcp_2361,1,0,,0,0,0.9991249
malware_none_Cridex.pcap	tcp_1702,1,0,,0,0,0.99935865
malware_none_Cridex.pcap	tcp_2493,1,0,,0,0,0.9994653
malware_none_Cridex.pcap	tcp_177,1,0,,0,0,0.9990804
malware_none_Cridex.pcap	tcp_2547,1,0,,0,0,0.99947065
malware_none_Cridex.pcap	tcp_1487,1,0,,0,0,0.999525
malware_none_Cridex.pcap	tcp_1563,1,0,,0,0,0.999444
malware_none_Cridex.pcap	tcp_2477,1,0,,0,0,0.9994616
malware_none_Cridex.pcap	tcp_1323,1,0,,0,0,0.99963576
malware_none_Cridex.pcap	tcp_2679,1,0,,0,0,0.9995038
malware_none_Cridex.pcap	tcp_1531,1,0,,0,0,0.99927396
malware_none_Cridex.pcap	tcp_2603,1,0,,0,0,0.9996829
malware_none_Cridex.pcap	tcp_1216,1,0,,0,0,0.99889934
malware_none_Cridex.pcap	tcp_1612,1,0,,0,0,0.9986562
malware_none_Cridex.pcap	tcp_2720,1,0,,0,0,0.9996055
malware_none_Cridex.pcap	tcp_2391,1,0,,0,0,0.9993328
malware_none_Cridex.pcap	tcp_192,1,0,,0,0,0.99900204
malware_none_Cridex.pcap	tcp_194,1,0,,0,0,0.9987344
malware_none_Cridex.pcap	tcp_196,1,0,,0,0,0.99896055
malware_none_Cridex.pcap	tcp_1166,1,0,,0,0,0.9988337
malware_none_Cridex.pcap	tcp_2810,1,0,,0,0,0.9993526
malware_none_Cridex.pcap	tcp_2617,1,0,,0,0,0.99940693
malware_none_Cridex.pcap	tcp_2614,1,0,,0,0,0.99920994
malware_none_Cridex.pcap	tcp_2938,1,0,,0,0,0.99901783
malware_none_Cridex.pcap	tcp_1012,1,0,,0,0,0.99926037
malware_none_Cridex.pcap	tcp_1441,1,0,,0,0,0.9992603
malware_none_Cridex.pcap	tcp_1586,1,0,,0,0,0.9988625
malware_none_Cridex.pcap	tcp_1247,1,0,,0,0,0.9996971
malware_none_Cridex.pcap	tcp_2533,1,0,,0,0,0.99946004
malware_none_Cridex.pcap	tcp_207,1,0,,0,0,0.9990907
malware_none_Cridex.pcap	tcp_2717,1,0,,0,0,0.99901503
malware_none_Cridex.pcap	tcp_2643,1,0,,0,0,0.99952984
malware_none_Cridex.pcap	tcp_210,1,0,,0,0,0.9988963
malware_none_Cridex.pcap	tcp_211,1,0,,0,0,0.998777
malware_none_Cridex.pcap	tcp_2862,1,0,,0,0,0.9993567
malware_none_Cridex.pcap	tcp_213,1,0,,0,0,0.9993249
malware_none_Cridex.pcap	tcp_2170,1,0,,0,0,0.9995866
malware_none_Cridex.pcap	tcp_215,1,0,,0,0,0.9988197
malware_none_Cridex.pcap	tcp_1492,1,0,,0,0,0.9991892
malware_none_Cridex.pcap	tcp_217,1,0,,0,0,0.9995626
malware_none_Cridex.pcap	tcp_1579,1,0,,0,0,0.99952304
malware_none_Cridex.pcap	tcp_1753,1,0,,0,0,0.9995472
malware_none_Cridex.pcap	tcp_2517,1,0,,0,0,0.9994832
malware_none_Cridex.pcap	tcp_221,1,0,,0,0,0.9995598
malware_none_Cridex.pcap	tcp_224,1,0,,0,0,0.9993872
malware_none_Cridex.pcap	tcp_2436,1,0,,0,0,0.9992441
malware_none_Cridex.pcap	tcp_1766,1,0,,0,0,0.99876416
malware_none_Cridex.pcap	tcp_1116,1,0,,0,0,0.99933875
malware_none_Cridex.pcap	tcp_2599,1,0,,0,0,0.99952066
malware_none_Cridex.pcap	tcp_1322,1,0,,0,0,0.9993953
malware_none_Cridex.pcap	tcp_230,1,0,,0,0,0.9984367
malware_none_Cridex.pcap	tcp_231,1,0,,0,0,0.99956506
malware_none_Cridex.pcap	tcp_1877,1,0,,0,0,0.9995538
malware_none_Cridex.pcap	tcp_2508,1,0,,0,0,0.9990185
malware_none_Cridex.pcap	tcp_2002,1,0,,0,0,0.99919254
malware_none_Cridex.pcap	tcp_237,1,0,,0,0,0.9984251
malware_none_Cridex.pcap	tcp_2925,1,0,,0,0,0.9996742
malware_none_Cridex.pcap	tcp_2769,1,0,,0,0,0.9995821
malware_none_Cridex.pcap	tcp_240,1,0,,0,0,0.99894017
malware_none_Cridex.pcap	tcp_2306,1,0,,0,0,0.9995167
malware_none_Cridex.pcap	tcp_242,1,0,,0,0,0.999542
malware_none_Cridex.pcap	tcp_244,1,0,,0,0,0.9987538
malware_none_Cridex.pcap	tcp_2959,1,0,,0,0,0.9996226
malware_none_Cridex.pcap	tcp_2232,1,0,,0,0,0.999563
malware_none_Cridex.pcap	tcp_248,1,0,,0,0,0.9991504
malware_none_Cridex.pcap	tcp_249,1,0,,0,0,0.99938726
malware_none_Cridex.pcap	tcp_250,1,0,,0,0,0.99940574
malware_none_Cridex.pcap	tcp_1873,1,0,,0,0,0.99898326
malware_none_Cridex.pcap	tcp_1110,1,0,,0,0,0.9988619
malware_none_Cridex.pcap	tcp_1730,1,0,,0,0,0.9992079
malware_none_Cridex.pcap	tcp_254,1,0,,0,0,0.99867755
malware_none_Cridex.pcap	tcp_2342,1,0,,0,0,0.9992194
malware_none_Cridex.pcap	tcp_1063,1,0,,0,0,0.99942374
malware_none_Cridex.pcap	tcp_2084,1,0,,0,0,0.99892104
malware_none_Cridex.pcap	tcp_1508,1,0,,0,0,0.99872595
malware_none_Cridex.pcap	tcp_260,1,0,,0,0,0.9987432
malware_none_Cridex.pcap	tcp_261,1,0,,0,0,0.9990619
malware_none_Cridex.pcap	tcp_262,1,0,,0,0,0.99875164
malware_none_Cridex.pcap	tcp_1207,1,0,,0,0,0.99956053
malware_none_Cridex.pcap	tcp_266,1,0,,0,0,0.9989558
malware_none_Cridex.pcap	tcp_2225,1,0,,0,0,0.99942005
malware_none_Cridex.pcap	tcp_1716,1,0,,0,0,0.9990469
malware_none_Cridex.pcap	tcp_2962,1,0,,0,0,0.9990079
malware_none_Cridex.pcap	tcp_272,1,0,,0,0,0.99902904
malware_none_Cridex.pcap	tcp_1384,1,0,,0,0,0.9990504
malware_none_Cridex.pcap	tcp_274,1,0,,0,0,0.9990911
malware_none_Cridex.pcap	tcp_1972,1,0,,0,0,0.99959207
malware_none_Cridex.pcap	tcp_2904,1,0,,0,0,0.9990736
malware_none_Cridex.pcap	tcp_2489,1,0,,0,0,0.9990981
malware_none_Cridex.pcap	tcp_278,1,0,,0,0,0.9990177
malware_none_Cridex.pcap	tcp_2233,1,0,,0,0,0.99935824
malware_none_Cridex.pcap	tcp_2908,1,0,,0,0,0.9994123
malware_none_Cridex.pcap	tcp_2129,1,0,,0,0,0.9996412
malware_none_Cridex.pcap	tcp_1163,1,0,,0,0,0.9995289
malware_none_Cridex.pcap	tcp_2107,1,0,,0,0,0.9993735
malware_none_Cridex.pcap	tcp_1888,1,0,,0,0,0.99903023
malware_none_Cridex.pcap	tcp_1331,1,0,,0,0,0.9992334
malware_none_Cridex.pcap	tcp_287,1,0,,0,0,0.9983247
malware_none_Cridex.pcap	tcp_1620,1,0,,0,0,0.9987953
malware_none_Cridex.pcap	tcp_1636,1,0,,0,0,0.9990158
malware_none_Cridex.pcap	tcp_2333,1,0,,0,0,0.9995914
malware_none_Cridex.pcap	tcp_2041,1,0,,0,0,0.9990524
malware_none_Cridex.pcap	tcp_1641,1,0,,0,0,0.99966514
malware_none_Cridex.pcap	tcp_294,1,0,,0,0,0.9962935
malware_none_Cridex.pcap	tcp_1610,1,0,,0,0,0.99916506
malware_none_Cridex.pcap	tcp_1064,1,0,,0,0,0.99852544
malware_none_Cridex.pcap	tcp_1320,1,0,,0,0,0.9990754
malware_none_Cridex.pcap	tcp_2099,1,0,,0,0,0.99900395
malware_none_Cridex.pcap	tcp_1976,1,0,,0,0,0.99914074
malware_none_Cridex.pcap	tcp_1339,1,0,,0,0,0.99941367
malware_none_Cridex.pcap	tcp_2510,1,0,,0,0,0.99936146
malware_none_Cridex.pcap	tcp_307,1,0,,0,0,0.99953246
malware_none_Cridex.pcap	tcp_2252,1,0,,0,0,0.99924946
malware_none_Cridex.pcap	tcp_1224,1,0,,0,0,0.9988295
malware_none_Cridex.pcap	tcp_311,1,0,,0,0,0.99919134
malware_none_Cridex.pcap	tcp_313,1,0,,0,0,0.99961865
malware_none_Cridex.pcap	tcp_2081,1,0,,0,0,0.9995721
malware_none_Cridex.pcap	tcp_1202,1,0,,0,0,0.9986432
malware_none_Cridex.pcap	tcp_2903,1,0,,0,0,0.9996797
malware_none_Cridex.pcap	tcp_318,1,0,,0,0,0.9986423
malware_none_Cridex.pcap	tcp_319,1,0,,0,0,0.9993906
malware_none_Cridex.pcap	tcp_2341,1,0,,0,0,0.9994714
malware_none_Cridex.pcap	tcp_1841,1,0,,0,0,0.99877334
malware_none_Cridex.pcap	tcp_1324,1,0,,0,0,0.9989638
malware_none_Cridex.pcap	tcp_2992,1,0,,0,0,0.9996316
malware_none_Cridex.pcap	tcp_2704,1,0,,0,0,0.99941885
malware_none_Cridex.pcap	tcp_328,1,0,,0,0,0.99881256
malware_none_Cridex.pcap	tcp_1200,1,0,,0,0,0.99937063
malware_none_Cridex.pcap	tcp_331,1,0,,0,0,0.9995245
malware_none_Cridex.pcap	tcp_333,1,0,,0,0,0.9993822
malware_none_Cridex.pcap	tcp_1377,1,0,,0,0,0.9992914
malware_none_Cridex.pcap	tcp_2978,1,0,,0,0,0.99462295
malware_none_Cridex.pcap	tcp_1643,1,0,,0,0,0.9990957
malware_none_Cridex.pcap	tcp_2045,1,0,,0,0,0.99945575
malware_none_Cridex.pcap	tcp_1659,1,0,,0,0,0.9993481
malware_none_Cridex.pcap	tcp_341,1,0,,0,0,0.9989877
malware_none_Cridex.pcap	tcp_2397,1,0,,0,0,0.9995327
malware_none_Cridex.pcap	tcp_344,1,0,,0,0,0.99922323
malware_none_Cridex.pcap	tcp_345,1,0,,0,0,0.9994564
malware_none_Cridex.pcap	tcp_1992,1,0,,0,0,0.99952257
malware_none_Cridex.pcap	tcp_2282,1,0,,0,0,0.9990876
malware_none_Cridex.pcap	tcp_1204,1,0,,0,0,0.99915385
malware_none_Cridex.pcap	tcp_349,1,0,,0,0,0.9996494
malware_none_Cridex.pcap	tcp_350,1,0,,0,0,0.9993351
malware_none_Cridex.pcap	tcp_351,1,0,,0,0,0.9995654
malware_none_Cridex.pcap	tcp_2571,1,0,,0,0,0.99941385
malware_none_Cridex.pcap	tcp_1899,1,0,,0,0,0.9992661
malware_none_Cridex.pcap	tcp_2399,1,0,,0,0,0.9996019
malware_none_Cridex.pcap	tcp_355,1,0,,0,0,0.9990584
malware_none_Cridex.pcap	tcp_1713,1,0,,0,0,0.9993097
malware_none_Cridex.pcap	tcp_359,1,0,,0,0,0.9995641
malware_none_Cridex.pcap	tcp_360,1,0,,0,0,0.9990681
malware_none_Cridex.pcap	tcp_2777,1,0,,0,0,0.99950796
malware_none_Cridex.pcap	tcp_1267,1,0,,0,0,0.9988113
malware_none_Cridex.pcap	tcp_1126,1,0,,0,0,0.99914587
malware_none_Cridex.pcap	tcp_2057,1,0,,0,0,0.9992017
malware_none_Cridex.pcap	tcp_2799,1,0,,0,0,0.99944913
malware_none_Cridex.pcap	tcp_2292,1,0,,0,0,0.9991696
malware_none_Cridex.pcap	tcp_370,1,0,,0,0,0.99887174
malware_none_Cridex.pcap	tcp_1816,1,0,,0,0,0.9993471
malware_none_Cridex.pcap	tcp_2285,1,0,,0,0,0.9991066
malware_none_Cridex.pcap	tcp_2834,1,0,,0,0,0.99916315
malware_none_Cridex.pcap	tcp_1261,1,0,,0,0,0.9994054
malware_none_Cridex.pcap	tcp_2991,1,0,,0,0,0.99921453
malware_none_Cridex.pcap	tcp_1523,1,0,,0,0,0.9994213
malware_none_Cridex.pcap	tcp_2773,1,0,,0,0,0.99960333
malware_none_Cridex.pcap	tcp_378,1,0,,0,0,0.9994034
malware_none_Cridex.pcap	tcp_379,1,0,,0,0,0.9994005
malware_none_Cridex.pcap	tcp_2955,1,0,,0,0,0.9996112
malware_none_Cridex.pcap	tcp_1135,1,0,,0,0,0.9996125
malware_none_Cridex.pcap	tcp_382,1,0,,0,0,0.9994038
malware_none_Cridex.pcap	tcp_2421,1,0,,0,0,0.9992586
malware_none_Cridex.pcap	tcp_385,1,0,,0,0,0.99897724
malware_none_Cridex.pcap	tcp_1556,1,0,,0,0,0.9990038
malware_none_Cridex.pcap	tcp_1824,1,0,,0,0,0.9994
malware_none_Cridex.pcap	tcp_2967,1,0,,0,0,0.9996666
malware_none_Cridex.pcap	tcp_1100,1,0,,0,0,0.9988747
malware_none_Cridex.pcap	tcp_2890,1,0,,0,0,0.99951875
malware_none_Cridex.pcap	tcp_1786,1,0,,0,0,0.99923265
malware_none_Cridex.pcap	tcp_393,1,0,,0,0,0.99889606
malware_none_Cridex.pcap	tcp_2370,1,0,,0,0,0.9993438
malware_none_Cridex.pcap	tcp_2220,1,0,,0,0,0.99904215
malware_none_Cridex.pcap	tcp_397,1,0,,0,0,0.9990474
malware_none_Cridex.pcap	tcp_1385,1,0,,0,0,0.99941194
malware_none_Cridex.pcap	tcp_2217,1,0,,0,0,0.9990651
malware_none_Cridex.pcap	tcp_1127,1,0,,0,0,0.99917597
malware_none_Cridex.pcap	tcp_1236,1,0,,0,0,0.99929786
malware_none_Cridex.pcap	tcp_403,1,0,,0,0,0.9993617
malware_none_Cridex.pcap	tcp_405,1,0,,0,0,0.9996147
malware_none_Cridex.pcap	tcp_1761,1,0,,0,0,0.99964267
malware_none_Cridex.pcap	tcp_407,1,0,,0,0,0.99918765
malware_none_Cridex.pcap	tcp_409,1,0,,0,0,0.9991818
malware_none_Cridex.pcap	tcp_2774,1,0,,0,0,0.999372
malware_none_Cridex.pcap	tcp_411,1,0,,0,0,0.99969757
malware_none_Cridex.pcap	tcp_1691,1,0,,0,0,0.9994227
malware_none_Cridex.pcap	tcp_2178,1,0,,0,0,0.99927336
malware_none_Cridex.pcap	tcp_1347,1,0,,0,0,0.999052
malware_none_Cridex.pcap	tcp_2628,1,0,,0,0,0.9992386
malware_none_Cridex.pcap	tcp_2327,1,0,,0,0,0.9995269
malware_none_Cridex.pcap	tcp_418,1,0,,0,0,0.9992909
malware_none_Cridex.pcap	tcp_1259,1,0,,0,0,0.99924123
malware_none_Cridex.pcap	tcp_2629,1,0,,0,0,0.99931794
malware_none_Cridex.pcap	tcp_1332,1,0,,0,0,0.9992435
malware_none_Cridex.pcap	tcp_2638,1,0,,0,0,0.99917173
malware_none_Cridex.pcap	tcp_1989,1,0,,0,0,0.99967724
malware_none_Cridex.pcap	tcp_2802,1,0,,0,0,0.99961156
malware_none_Cridex.pcap	tcp_2294,1,0,,0,0,0.99951094
malware_none_Cridex.pcap	tcp_1133,1,0,,0,0,0.99907756
malware_none_Cridex.pcap	tcp_429,1,0,,0,0,0.9995691
malware_none_Cridex.pcap	tcp_430,1,0,,0,0,0.9990041
malware_none_Cridex.pcap	tcp_431,1,0,,0,0,0.99947685
malware_none_Cridex.pcap	tcp_1814,1,0,,0,0,0.99897766
malware_none_Cridex.pcap	tcp_434,1,0,,0,0,0.9988581
malware_none_Cridex.pcap	tcp_2842,1,0,,0,0,0.99965364
malware_none_Cridex.pcap	tcp_437,1,0,,0,0,0.9993331
malware_none_Cridex.pcap	tcp_2889,1,0,,0,0,0.9996866
malware_none_Cridex.pcap	tcp_1445,1,0,,0,0,0.99952054
malware_none_Cridex.pcap	tcp_1603,1,0,,0,0,0.9996215
malware_none_Cridex.pcap	tcp_442,1,0,,0,0,0.99659777
malware_none_Cridex.pcap	tcp_2523,1,0,,0,0,0.999696
malware_none_Cridex.pcap	tcp_1980,1,0,,0,0,0.9992628
malware_none_Cridex.pcap	tcp_2900,1,0,,0,0,0.99905354
malware_none_Cridex.pcap	tcp_2025,1,0,,0,0,0.99945956
malware_none_Cridex.pcap	tcp_1973,1,0,,0,0,0.9994306
malware_none_Cridex.pcap	tcp_448,1,0,,0,0,0.9988589
malware_none_Cridex.pcap	tcp_450,1,0,,0,0,0.99932224
malware_none_Cridex.pcap	tcp_1335,1,0,,0,0,0.9984744
malware_none_Cridex.pcap	tcp_1379,1,0,,0,0,0.9991955
malware_none_Cridex.pcap	tcp_454,1,0,,0,0,0.9992344
malware_none_Cridex.pcap	tcp_2881,1,0,,0,0,0.9996121
malware_none_Cridex.pcap	tcp_458,1,0,,0,0,0.9984561
malware_none_Cridex.pcap	tcp_2273,1,0,,0,0,0.999632
malware_none_Cridex.pcap	tcp_460,1,0,,0,0,0.9989735
malware_none_Cridex.pcap	tcp_1317,1,0,,0,0,0.99922234
malware_none_Cridex.pcap	tcp_462,1,0,,0,0,0.99898446
malware_none_Cridex.pcap	tcp_2780,1,0,,0,0,0.99939454
malware_none_Cridex.pcap	tcp_465,1,0,,0,0,0.99914455
malware_none_Cridex.pcap	tcp_466,1,0,,0,0,0.9992525
malware_none_Cridex.pcap	tcp_1869,1,0,,0,0,0.9994528
malware_none_Cridex.pcap	tcp_2090,1,0,,0,0,0.99962026
malware_none_Cridex.pcap	tcp_1596,1,0,,0,0,0.9990871
malware_none_Cridex.pcap	tcp_1718,1,0,,0,0,0.999104
malware_none_Cridex.pcap	tcp_472,1,0,,0,0,0.9991243
malware_none_Cridex.pcap	tcp_473,1,0,,0,0,0.999238
malware_none_Cridex.pcap	tcp_1482,1,0,,0,0,0.99843997
malware_none_Cridex.pcap	tcp_475,1,0,,0,0,0.9994362
malware_none_Cridex.pcap	tcp_476,1,0,,0,0,0.998981
malware_none_Cridex.pcap	tcp_2586,1,0,,0,0,0.9990579
malware_none_Cridex.pcap	tcp_478,1,0,,0,0,0.9992296
malware_none_Cridex.pcap	tcp_2117,1,0,,0,0,0.9995875
malware_none_Cridex.pcap	tcp_2816,1,0,,0,0,0.99923563
malware_none_Cridex.pcap	tcp_1383,1,0,,0,0,0.99945503
malware_none_Cridex.pcap	tcp_1047,1,0,,0,0,0.99964213
malware_none_Cridex.pcap	tcp_486,1,0,,0,0,0.9986877
malware_none_Cridex.pcap	tcp_1494,1,0,,0,0,0.99912876
malware_none_Cridex.pcap	tcp_491,1,0,,0,0,0.999434
malware_none_Cridex.pcap	tcp_492,1,0,,0,0,0.9958829
malware_none_Cridex.pcap	tcp_1173,1,0,,0,0,0.99958354
malware_none_Cridex.pcap	tcp_494,1,0,,0,0,0.9990656
malware_none_Cridex.pcap	tcp_495,1,0,,0,0,0.99952435
malware_none_Cridex.pcap	tcp_496,1,0,,0,0,0.9993426
malware_none_Cridex.pcap	tcp_2966,1,0,,0,0,0.999606
malware_none_Cridex.pcap	tcp_2972,1,0,,0,0,0.99954534
malware_none_Cridex.pcap	tcp_2865,1,0,,0,0,0.99956167
malware_none_Cridex.pcap	tcp_2681,1,0,,0,0,0.9996607
malware_none_Cridex.pcap	tcp_2079,1,0,,0,0,0.99943966
malware_none_Cridex.pcap	tcp_2092,1,0,,0,0,0.99907714
malware_none_Cridex.pcap	tcp_505,1,0,,0,0,0.9995689
malware_none_Cridex.pcap	tcp_1927,1,0,,0,0,0.99929625
malware_none_Cridex.pcap	tcp_2372,1,0,,0,0,0.9989058
malware_none_Cridex.pcap	tcp_2836,1,0,,0,0,0.9993879
malware_none_Cridex.pcap	tcp_1484,1,0,,0,0,0.9988668
malware_none_Cridex.pcap	tcp_1380,1,0,,0,0,0.9994265
malware_none_Cridex.pcap	tcp_2138,1,0,,0,0,0.9996836
malware_none_Cridex.pcap	tcp_513,1,0,,0,0,0.9994267
malware_none_Cridex.pcap	tcp_514,1,0,,0,0,0.9987582
malware_none_Cridex.pcap	tcp_515,1,0,,0,0,0.99954545
malware_none_Cridex.pcap	tcp_2089,1,0,,0,0,0.99927
malware_none_Cridex.pcap	tcp_2703,1,0,,0,0,0.99935234
malware_none_Cridex.pcap	tcp_2828,1,0,,0,0,0.99908423
malware_none_Cridex.pcap	tcp_1773,1,0,,0,0,0.9994382
malware_none_Cridex.pcap	tcp_520,1,0,,0,0,0.9992155
malware_none_Cridex.pcap	tcp_521,1,0,,0,0,0.99915123
malware_none_Cridex.pcap	tcp_1469,1,0,,0,0,0.9990563
malware_none_Cridex.pcap	tcp_2270,1,0,,0,0,0.9991192
malware_none_Cridex.pcap	tcp_1565,1,0,,0,0,0.9994137
malware_none_Cridex.pcap	tcp_1188,1,0,,0,0,0.9989912
malware_none_Cridex.pcap	tcp_528,1,0,,0,0,0.9989491
malware_none_Cridex.pcap	tcp_530,1,0,,0,0,0.99875486
malware_none_Cridex.pcap	tcp_2488,1,0,,0,0,0.9991021
malware_none_Cridex.pcap	tcp_1131,1,0,,0,0,0.9994466
malware_none_Cridex.pcap	tcp_533,1,0,,0,0,0.9991775
malware_none_Cridex.pcap	tcp_535,1,0,,0,0,0.9991021
malware_none_Cridex.pcap	tcp_537,1,0,,0,0,0.99957055
malware_none_Cridex.pcap	tcp_1175,1,0,,0,0,0.9993914
malware_none_Cridex.pcap	tcp_539,1,0,,0,0,0.99944085
malware_none_Cridex.pcap	tcp_540,1,0,,0,0,0.9990056
malware_none_Cridex.pcap	tcp_541,1,0,,0,0,0.9992165
malware_none_Cridex.pcap	tcp_542,1,0,,0,0,0.9985669
malware_none_Cridex.pcap	tcp_2265,1,0,,0,0,0.9991829
malware_none_Cridex.pcap	tcp_1453,1,0,,0,0,0.99962795
malware_none_Cridex.pcap	tcp_2494,1,0,,0,0,0.9993536
malware_none_Cridex.pcap	tcp_1727,1,0,,0,0,0.99938834
malware_none_Cridex.pcap	tcp_548,1,0,,0,0,0.9993211
malware_none_Cridex.pcap	tcp_1912,1,0,,0,0,0.9989844
malware_none_Cridex.pcap	tcp_2096,1,0,,0,0,0.99955815
malware_none_Cridex.pcap	tcp_552,1,0,,0,0,0.9988228
malware_none_Cridex.pcap	tcp_1206,1,0,,0,0,0.9987509
malware_none_Cridex.pcap	tcp_555,1,0,,0,0,0.9992409
malware_none_Cridex.pcap	tcp_2877,1,0,,0,0,0.99929553
malware_none_Cridex.pcap	tcp_2899,1,0,,0,0,0.99950755
malware_none_Cridex.pcap	tcp_1633,1,0,,0,0,0.9996215
malware_none_Cridex.pcap	tcp_2813,1,0,,0,0,0.99959654
malware_none_Cridex.pcap	tcp_2524,1,0,,0,0,0.99919206
malware_none_Cridex.pcap	tcp_2218,1,0,,0,0,0.99951935
malware_none_Cridex.pcap	tcp_2255,1,0,,0,0,0.9994447
malware_none_Cridex.pcap	tcp_2789,1,0,,0,0,0.99946016
malware_none_Cridex.pcap	tcp_2182,1,0,,0,0,0.99951756
malware_none_Cridex.pcap	tcp_566,1,0,,0,0,0.99882066
malware_none_Cridex.pcap	tcp_2408,1,0,,0,0,0.999172
malware_none_Cridex.pcap	tcp_569,1,0,,0,0,0.99946004
malware_none_Cridex.pcap	tcp_1722,1,0,,0,0,0.9967804
malware_none_Cridex.pcap	tcp_2290,1,0,,0,0,0.99958205
malware_none_Cridex.pcap	tcp_572,1,0,,0,0,0.9991296
malware_none_Cridex.pcap	tcp_2825,1,0,,0,0,0.9995072
malware_none_Cridex.pcap	tcp_574,1,0,,0,0,0.99828404
malware_none_Cridex.pcap	tcp_575,1,0,,0,0,0.99915874
malware_none_Cridex.pcap	tcp_1724,1,0,,0,0,0.9992428
malware_none_Cridex.pcap	tcp_577,1,0,,0,0,0.99863183
malware_none_Cridex.pcap	tcp_1576,1,0,,0,0,0.99931705
malware_none_Cridex.pcap	tcp_2325,1,0,,0,0,0.9995253
malware_none_Cridex.pcap	tcp_1294,1,0,,0,0,0.99939024
malware_none_Cridex.pcap	tcp_582,1,0,,0,0,0.9990337
malware_none_Cridex.pcap	tcp_1357,1,0,,0,0,0.9992206
malware_none_Cridex.pcap	tcp_585,1,0,,0,0,0.99959326
malware_none_Cridex.pcap	tcp_2859,1,0,,0,0,0.9996832
malware_none_Cridex.pcap	tcp_2670,1,0,,0,0,0.99910605
malware_none_Cridex.pcap	tcp_1228,1,0,,0,0,0.9992139
malware_none_Cridex.pcap	tcp_2707,1,0,,0,0,0.99960464
malware_none_Cridex.pcap	tcp_591,1,0,,0,0,0.9990526
malware_none_Cridex.pcap	tcp_1735,1,0,,0,0,0.9995893
malware_none_Cridex.pcap	tcp_1092,1,0,,0,0,0.99912685
malware_none_Cridex.pcap	tcp_594,1,0,,0,0,0.9989195
malware_none_Cridex.pcap	tcp_595,1,0,,0,0,0.9990406
malware_none_Cridex.pcap	tcp_597,1,0,,0,0,0.99943763
malware_none_Cridex.pcap	tcp_598,1,0,,0,0,0.9992501
malware_none_Cridex.pcap	tcp_599,1,0,,0,0,0.999276
malware_none_Cridex.pcap	tcp_1998,1,0,,0,0,0.9953944
malware_none_Cridex.pcap	tcp_601,1,0,,0,0,0.99962276
malware_none_Cridex.pcap	tcp_2584,1,0,,0,0,0.99912244
malware_none_Cridex.pcap	tcp_2606,1,0,,0,0,0.9991709
malware_none_Cridex.pcap	tcp_608,1,0,,0,0,0.9985259
malware_none_Cridex.pcap	tcp_2470,1,0,,0,0,0.9996427
malware_none_Cridex.pcap	tcp_2495,1,0,,0,0,0.99900216
malware_none_Cridex.pcap	tcp_1647,1,0,,0,0,0.9994258
malware_none_Cridex.pcap	tcp_613,1,0,,0,0,0.9992999
malware_none_Cridex.pcap	tcp_1849,1,0,,0,0,0.999456
malware_none_Cridex.pcap	tcp_615,1,0,,0,0,0.9992545
malware_none_Cridex.pcap	tcp_2185,1,0,,0,0,0.9994388
malware_none_Cridex.pcap	tcp_2755,1,0,,0,0,0.9992093
malware_none_Cridex.pcap	tcp_1132,1,0,,0,0,0.998998
malware_none_Cridex.pcap	tcp_622,1,0,,0,0,0.99941623
malware_none_Cridex.pcap	tcp_623,1,0,,0,0,0.9991936
malware_none_Cridex.pcap	tcp_2428,1,0,,0,0,0.9995861
malware_none_Cridex.pcap	tcp_2053,1,0,,0,0,0.9996276
malware_none_Cridex.pcap	tcp_1272,1,0,,0,0,0.9954126
malware_none_Cridex.pcap	tcp_630,1,0,,0,0,0.9987656
malware_none_Cridex.pcap	tcp_2108,1,0,,0,0,0.9993893
malware_none_Cridex.pcap	tcp_2486,1,0,,0,0,0.99959236
malware_none_Cridex.pcap	tcp_637,1,0,,0,0,0.99946564
malware_none_Cridex.pcap	tcp_638,1,0,,0,0,0.99942315
malware_none_Cridex.pcap	tcp_2727,1,0,,0,0,0.9990848
malware_none_Cridex.pcap	tcp_1130,1,0,,0,0,0.9990883
malware_none_Cridex.pcap	tcp_641,1,0,,0,0,0.9994771
malware_none_Cridex.pcap	tcp_1541,1,0,,0,0,0.9994723
malware_none_Cridex.pcap	tcp_2577,1,0,,0,0,0.9994278
malware_none_Cridex.pcap	tcp_2236,1,0,,0,0,0.99957
malware_none_Cridex.pcap	tcp_645,1,0,,0,0,0.9991129
malware_none_Cridex.pcap	tcp_1094,1,0,,0,0,0.99911654
malware_none_Cridex.pcap	tcp_1418,1,0,,0,0,0.9992632
malware_none_Cridex.pcap	tcp_1061,1,0,,0,0,0.9990737
malware_none_Cridex.pcap	tcp_2373,1,0,,0,0,0.9995859
malware_none_Cridex.pcap	tcp_1176,1,0,,0,0,0.9993305
malware_none_Cridex.pcap	tcp_1007,1,0,,0,0,0.99960387
malware_none_Cridex.pcap	tcp_1273,1,0,,0,0,0.99926275
malware_none_Cridex.pcap	tcp_2637,1,0,,0,0,0.99937606
malware_none_Cridex.pcap	tcp_2188,1,0,,0,0,0.9992735
malware_none_Cridex.pcap	tcp_1316,1,0,,0,0,0.9991635
malware_none_Cridex.pcap	tcp_659,1,0,,0,0,0.9994384
malware_none_Cridex.pcap	tcp_1437,1,0,,0,0,0.99925643
malware_none_Cridex.pcap	tcp_661,1,0,,0,0,0.9992569
malware_none_Cridex.pcap	tcp_1606,1,0,,0,0,0.9986587
malware_none_Cridex.pcap	tcp_1399,1,0,,0,0,0.9990121
malware_none_Cridex.pcap	tcp_664,1,0,,0,0,0.99941534
malware_none_Cridex.pcap	tcp_1784,1,0,,0,0,0.99914336
malware_none_Cridex.pcap	tcp_2066,1,0,,0,0,0.99933106
malware_none_Cridex.pcap	tcp_2427,1,0,,0,0,0.9990523
malware_none_Cridex.pcap	tcp_2812,1,0,,0,0,0.9996308
malware_none_Cridex.pcap	tcp_672,1,0,,0,0,0.9986986
malware_none_Cridex.pcap	tcp_1023,1,0,,0,0,0.9994148
malware_none_Cridex.pcap	tcp_2197,1,0,,0,0,0.9994754
malware_none_Cridex.pcap	tcp_677,1,0,,0,0,0.9996433
malware_none_Cridex.pcap	tcp_678,1,0,,0,0,0.9988772
malware_none_Cridex.pcap	tcp_2196,1,0,,0,0,0.9991599
malware_none_Cridex.pcap	tcp_2691,1,0,,0,0,0.99914217
malware_none_Cridex.pcap	tcp_2280,1,0,,0,0,0.99929297
malware_none_Cridex.pcap	tcp_682,1,0,,0,0,0.9987531
malware_none_Cridex.pcap	tcp_2736,1,0,,0,0,0.9991966
malware_none_Cridex.pcap	tcp_1041,1,0,,0,0,0.999252
malware_none_Cridex.pcap	tcp_687,1,0,,0,0,0.9993385
malware_none_Cridex.pcap	tcp_2104,1,0,,0,0,0.9995659
malware_none_Cridex.pcap	tcp_1863,1,0,,0,0,0.99933594
malware_none_Cridex.pcap	tcp_691,1,0,,0,0,0.9992836
malware_none_Cridex.pcap	tcp_2042,1,0,,0,0,0.99956214
malware_none_Cridex.pcap	tcp_1799,1,0,,0,0,0.99931514
malware_none_Cridex.pcap	tcp_2549,1,0,,0,0,0.99944407
malware_none_Cridex.pcap	tcp_1338,1,0,,0,0,0.9987965
malware_none_Cridex.pcap	tcp_696,1,0,,0,0,0.9985351
malware_none_Cridex.pcap	tcp_2251,1,0,,0,0,0.99914825
malware_none_Cridex.pcap	tcp_1955,1,0,,0,0,0.9991416
malware_none_Cridex.pcap	tcp_703,1,0,,0,0,0.9994289
malware_none_Cridex.pcap	tcp_704,1,0,,0,0,0.9990281
malware_none_Cridex.pcap	tcp_1394,1,0,,0,0,0.99875224
malware_none_Cridex.pcap	tcp_2873,1,0,,0,0,0.9993649
malware_none_Cridex.pcap	tcp_2374,1,0,,0,0,0.9996326
malware_none_Cridex.pcap	tcp_708,1,0,,0,0,0.998813
malware_none_Cridex.pcap	tcp_2880,1,0,,0,0,0.9995756
malware_none_Cridex.pcap	tcp_710,1,0,,0,0,0.9988159
malware_none_Cridex.pcap	tcp_2426,1,0,,0,0,0.99953777
malware_none_Cridex.pcap	tcp_2738,1,0,,0,0,0.9989335
malware_none_Cridex.pcap	tcp_1112,1,0,,0,0,0.99838316
malware_none_Cridex.pcap	tcp_1313,1,0,,0,0,0.9993748
malware_none_Cridex.pcap	tcp_2192,1,0,,0,0,0.9992787
malware_none_Cridex.pcap	tcp_719,1,0,,0,0,0.999586
malware_none_Cridex.pcap	tcp_1685,1,0,,0,0,0.9989459
malware_none_Cridex.pcap	tcp_721,1,0,,0,0,0.9995928
malware_none_Cridex.pcap	tcp_2600,1,0,,0,0,0.9992204
malware_none_Cridex.pcap	tcp_723,1,0,,0,0,0.9991386
malware_none_Cridex.pcap	tcp_724,1,0,,0,0,0.9993808
malware_none_Cridex.pcap	tcp_2926,1,0,,0,0,0.9996101
malware_none_Cridex.pcap	tcp_1467,1,0,,0,0,0.9994371
malware_none_Cridex.pcap	tcp_728,1,0,,0,0,0.9988086
malware_none_Cridex.pcap	tcp_2465,1,0,,0,0,0.99940455
malware_none_Cridex.pcap	tcp_730,1,0,,0,0,0.9989636
malware_none_Cridex.pcap	tcp_1056,1,0,,0,0,0.99903995
malware_none_Cridex.pcap	tcp_2034,1,0,,0,0,0.99959236
malware_none_Cridex.pcap	tcp_2985,1,0,,0,0,0.99940574
malware_none_Cridex.pcap	tcp_1747,1,0,,0,0,0.99958295
malware_none_Cridex.pcap	tcp_2922,1,0,,0,0,0.99917054
malware_none_Cridex.pcap	tcp_2203,1,0,,0,0,0.99965376
malware_none_Cridex.pcap	tcp_2056,1,0,,0,0,0.9990707
malware_none_Cridex.pcap	tcp_739,1,0,,0,0,0.99949276
malware_none_Cridex.pcap	tcp_740,1,0,,0,0,0.99762285
malware_none_Cridex.pcap	tcp_2297,1,0,,0,0,0.99936897
malware_none_Cridex.pcap	tcp_744,1,0,,0,0,0.9990146
malware_none_Cridex.pcap	tcp_745,1,0,,0,0,0.99926716
malware_none_Cridex.pcap	tcp_1952,1,0,,0,0,0.99894494
malware_none_Cridex.pcap	tcp_1416,1,0,,0,0,0.99932563
malware_none_Cridex.pcap	tcp_1706,1,0,,0,0,0.99905664
malware_none_Cridex.pcap	tcp_2579,1,0,,0,0,0.9994332
malware_none_Cridex.pcap	tcp_2162,1,0,,0,0,0.99929875
malware_none_Cridex.pcap	tcp_1864,1,0,,0,0,0.99684393
malware_none_Cridex.pcap	tcp_754,1,0,,0,0,0.9988776
malware_none_Cridex.pcap	tcp_2675,1,0,,0,0,0.9996387
malware_none_Cridex.pcap	tcp_1791,1,0,,0,0,0.9995659
malware_none_Cridex.pcap	tcp_758,1,0,,0,0,0.9988988
malware_none_Cridex.pcap	tcp_760,1,0,,0,0,0.9990013
malware_none_Cridex.pcap	tcp_2712,1,0,,0,0,0.9992945
malware_none_Cridex.pcap	tcp_2461,1,0,,0,0,0.9993157
malware_none_Cridex.pcap	tcp_764,1,0,,0,0,0.9990847
malware_none_Cridex.pcap	tcp_1837,1,0,,0,0,0.99943835
malware_none_Cridex.pcap	tcp_2371,1,0,,0,0,0.9995763
malware_none_Cridex.pcap	tcp_2814,1,0,,0,0,0.99963176
malware_none_Cridex.pcap	tcp_1775,1,0,,0,0,0.99945074
malware_none_Cridex.pcap	tcp_770,1,0,,0,0,0.9991103
malware_none_Cridex.pcap	tcp_2730,1,0,,0,0,0.9996412
malware_none_Cridex.pcap	tcp_1367,1,0,,0,0,0.9993885
malware_none_Cridex.pcap	tcp_774,1,0,,0,0,0.999384
malware_none_Cridex.pcap	tcp_775,1,0,,0,0,0.9995387
malware_none_Cridex.pcap	tcp_2947,1,0,,0,0,0.99945843
malware_none_Cridex.pcap	tcp_1045,1,0,,0,0,0.9991295
malware_none_Cridex.pcap	tcp_778,1,0,,0,0,0.99936897
malware_none_Cridex.pcap	tcp_779,1,0,,0,0,0.99951804
malware_none_Cridex.pcap	tcp_1922,1,0,,0,0,0.99919814
malware_none_Cridex.pcap	tcp_2797,1,0,,0,0,0.9995878
malware_none_Cridex.pcap	tcp_1755,1,0,,0,0,0.9992551
malware_none_Cridex.pcap	tcp_785,1,0,,0,0,0.9994648
malware_none_Cridex.pcap	tcp_2051,1,0,,0,0,0.99936485
malware_none_Cridex.pcap	tcp_2082,1,0,,0,0,0.9990419
malware_none_Cridex.pcap	tcp_2113,1,0,,0,0,0.99956244
malware_none_Cridex.pcap	tcp_790,1,0,,0,0,0.9991491
malware_none_Cridex.pcap	tcp_1028,1,0,,0,0,0.9990737
malware_none_Cridex.pcap	tcp_2278,1,0,,0,0,0.9991412
malware_none_Cridex.pcap	tcp_794,1,0,,0,0,0.9988632
malware_none_Cridex.pcap	tcp_796,1,0,,0,0,0.99924415
malware_none_Cridex.pcap	tcp_2591,1,0,,0,0,0.9994311
malware_none_Cridex.pcap	tcp_798,1,0,,0,0,0.9993479
malware_none_Cridex.pcap	tcp_800,1,0,,0,0,0.9987279
malware_none_Cridex.pcap	tcp_2393,1,0,,0,0,0.99914324
malware_none_Cridex.pcap	tcp_803,1,0,,0,0,0.9996318
malware_none_Cridex.pcap	tcp_804,1,0,,0,0,0.99935085
malware_none_Cridex.pcap	tcp_805,1,0,,0,0,0.9991052
malware_none_Cridex.pcap	tcp_1699,1,0,,0,0,0.99936396
malware_none_Cridex.pcap	tcp_1353,1,0,,0,0,0.99949837
malware_none_Cridex.pcap	tcp_808,1,0,,0,0,0.9986349
malware_none_Cridex.pcap	tcp_809,1,0,,0,0,0.99924165
malware_none_Cridex.pcap	tcp_1682,1,0,,0,0,0.9988616
malware_none_Cridex.pcap	tcp_2441,1,0,,0,0,0.99966395
malware_none_Cridex.pcap	tcp_2917,1,0,,0,0,0.9995612
malware_none_Cridex.pcap	tcp_1036,1,0,,0,0,0.99937344
malware_none_Cridex.pcap	tcp_2392,1,0,,0,0,0.9990219
malware_none_Cridex.pcap	tcp_1932,1,0,,0,0,0.9993206
malware_none_Cridex.pcap	tcp_818,1,0,,0,0,0.9993702
malware_none_Cridex.pcap	tcp_2193,1,0,,0,0,0.99961036
malware_none_Cridex.pcap	tcp_2345,1,0,,0,0,0.9991071
malware_none_Cridex.pcap	tcp_1473,1,0,,0,0,0.9996902
malware_none_Cridex.pcap	tcp_1214,1,0,,0,0,0.999361
malware_none_Cridex.pcap	tcp_825,1,0,,0,0,0.9992958
malware_none_Cridex.pcap	tcp_1757,1,0,,0,0,0.9994436
malware_none_Cridex.pcap	tcp_827,1,0,,0,0,0.9993718
malware_none_Cridex.pcap	tcp_828,1,0,,0,0,0.9989095
malware_none_Cridex.pcap	tcp_1677,1,0,,0,0,0.99965346
malware_none_Cridex.pcap	tcp_833,1,0,,0,0,0.99952805
malware_none_Cridex.pcap	tcp_2128,1,0,,0,0,0.99903774
malware_none_Cridex.pcap	tcp_2552,1,0,,0,0,0.9991793
malware_none_Cridex.pcap	tcp_838,1,0,,0,0,0.99910766
malware_none_Cridex.pcap	tcp_1516,1,0,,0,0,0.9991671
malware_none_Cridex.pcap	tcp_1438,1,0,,0,0,0.9985136
malware_none_Cridex.pcap	tcp_1696,1,0,,0,0,0.99920577
malware_none_Cridex.pcap	tcp_1134,1,0,,0,0,0.99856514
malware_none_Cridex.pcap	tcp_1067,1,0,,0,0,0.9992107
malware_none_Cridex.pcap	tcp_2037,1,0,,0,0,0.99951696
malware_none_Cridex.pcap	tcp_2624,1,0,,0,0,0.9993722
malware_none_Cridex.pcap	tcp_846,1,0,,0,0,0.9989396
malware_none_Cridex.pcap	tcp_2897,1,0,,0,0,0.99958736
malware_none_Cridex.pcap	tcp_1943,1,0,,0,0,0.9994728
malware_none_Cridex.pcap	tcp_1637,1,0,,0,0,0.99943453
malware_none_Cridex.pcap	tcp_852,1,0,,0,0,0.9991737
malware_none_Cridex.pcap	tcp_854,1,0,,0,0,0.9985179
malware_none_Cridex.pcap	tcp_855,1,0,,0,0,0.9996784
malware_none_Cridex.pcap	tcp_2934,1,0,,0,0,0.99961525
malware_none_Cridex.pcap	tcp_2565,1,0,,0,0,0.9996483
malware_none_Cridex.pcap	tcp_2772,1,0,,0,0,0.99917406
malware_none_Cridex.pcap	tcp_2366,1,0,,0,0,0.9995956
malware_none_Cridex.pcap	tcp_862,1,0,,0,0,0.9993611
malware_none_Cridex.pcap	tcp_864,1,0,,0,0,0.9990637
malware_none_Cridex.pcap	tcp_2672,1,0,,0,0,0.9990828
malware_none_Cridex.pcap	tcp_1942,1,0,,0,0,0.9994842
malware_none_Cridex.pcap	tcp_1279,1,0,,0,0,0.99969614
malware_none_Cridex.pcap	tcp_2098,1,0,,0,0,0.9994896
malware_none_Cridex.pcap	tcp_2613,1,0,,0,0,0.9994577
malware_none_Cridex.pcap	tcp_871,1,0,,0,0,0.9991756
malware_none_Cridex.pcap	tcp_2318,1,0,,0,0,0.99924606
malware_none_Cridex.pcap	tcp_2194,1,0,,0,0,0.99920505
malware_none_Cridex.pcap	tcp_875,1,0,,0,0,0.9991152
malware_none_Cridex.pcap	tcp_2921,1,0,,0,0,0.99948716
malware_none_Cridex.pcap	tcp_878,1,0,,0,0,0.99946314
malware_none_Cridex.pcap	tcp_2943,1,0,,0,0,0.99951744
malware_none_Cridex.pcap	tcp_882,1,0,,0,0,0.9991492
malware_none_Cridex.pcap	tcp_2737,1,0,,0,0,0.999476
malware_none_Cridex.pcap	tcp_885,1,0,,0,0,0.9993307
malware_none_Cridex.pcap	tcp_886,1,0,,0,0,0.99920696
malware_none_Cridex.pcap	tcp_887,1,0,,0,0,0.99952316
malware_none_Cridex.pcap	tcp_889,1,0,,0,0,0.9996012
malware_none_Cridex.pcap	tcp_1796,1,0,,0,0,0.9982602
malware_none_Cridex.pcap	tcp_891,1,0,,0,0,0.9994054
malware_none_Cridex.pcap	tcp_2676,1,0,,0,0,0.99907887
malware_none_Cridex.pcap	tcp_2538,1,0,,0,0,0.9996061
malware_none_Cridex.pcap	tcp_1879,1,0,,0,0,0.99944884
malware_none_Cridex.pcap	tcp_1251,1,0,,0,0,0.99940026
malware_none_Cridex.pcap	tcp_2982,1,0,,0,0,0.9996074
malware_none_Cridex.pcap	tcp_899,1,0,,0,0,0.9994317
malware_none_Cridex.pcap	tcp_1220,1,0,,0,0,0.9988877
malware_none_Cridex.pcap	tcp_901,1,0,,0,0,0.99855876
malware_none_Cridex.pcap	tcp_2443,1,0,,0,0,0.9996848
malware_none_Cridex.pcap	tcp_903,1,0,,0,0,0.9992582
malware_none_Cridex.pcap	tcp_1420,1,0,,0,0,0.9971967
malware_none_Cridex.pcap	tcp_907,1,0,,0,0,0.99934083
malware_none_Cridex.pcap	tcp_908,1,0,,0,0,0.9987763
malware_none_Cridex.pcap	tcp_2596,1,0,,0,0,0.9996524
malware_none_Cridex.pcap	tcp_1681,1,0,,0,0,0.99882674
malware_none_Cridex.pcap	tcp_911,1,0,,0,0,0.99962616
malware_none_Cridex.pcap	tcp_2171,1,0,,0,0,0.99908376
malware_none_Cridex.pcap	tcp_914,1,0,,0,0,0.9988834
malware_none_Cridex.pcap	tcp_1676,1,0,,0,0,0.99874747
malware_none_Cridex.pcap	tcp_2767,1,0,,0,0,0.9994192
malware_none_Cridex.pcap	tcp_2186,1,0,,0,0,0.9990693
malware_none_Cridex.pcap	tcp_1185,1,0,,0,0,0.999235
malware_none_Cridex.pcap	tcp_1165,1,0,,0,0,0.9991772
malware_none_Cridex.pcap	tcp_920,1,0,,0,0,0.99928576
malware_none_Cridex.pcap	tcp_921,1,0,,0,0,0.99951035
malware_none_Cridex.pcap	tcp_1424,1,0,,0,0,0.99870795
malware_none_Cridex.pcap	tcp_2592,1,0,,0,0,0.9996705
malware_none_Cridex.pcap	tcp_924,1,0,,0,0,0.99889934
malware_none_Cridex.pcap	tcp_2449,1,0,,0,0,0.9995995
malware_none_Cridex.pcap	tcp_2798,1,0,,0,0,0.9995892
malware_none_Cridex.pcap	tcp_927,1,0,,0,0,0.9995845
malware_none_Cridex.pcap	tcp_1391,1,0,,0,0,0.99947244
malware_none_Cridex.pcap	tcp_929,1,0,,0,0,0.9994006
malware_none_Cridex.pcap	tcp_2661,1,0,,0,0,0.99960595
malware_none_Cridex.pcap	tcp_931,1,0,,0,0,0.99947053
malware_none_Cridex.pcap	tcp_2141,1,0,,0,0,0.99968004
malware_none_Cridex.pcap	tcp_933,1,0,,0,0,0.9991948
malware_none_Cridex.pcap	tcp_1388,1,0,,0,0,0.9989241
malware_none_Cridex.pcap	tcp_935,1,0,,0,0,0.9996656
malware_none_Cridex.pcap	tcp_2924,1,0,,0,0,0.9993206
malware_none_Cridex.pcap	tcp_2625,1,0,,0,0,0.9992028
malware_none_Cridex.pcap	tcp_939,1,0,,0,0,0.9994251
malware_none_Cridex.pcap	tcp_940,1,0,,0,0,0.9990446
malware_none_Cridex.pcap	tcp_2276,1,0,,0,0,0.9993822
malware_none_Cridex.pcap	tcp_2857,1,0,,0,0,0.99964225
malware_none_Cridex.pcap	tcp_2175,1,0,,0,0,0.9996299
malware_none_Cridex.pcap	tcp_2706,1,0,,0,0,0.9996112
malware_none_Cridex.pcap	tcp_2351,1,0,,0,0,0.9993535
malware_none_Cridex.pcap	tcp_948,1,0,,0,0,0.99868107
malware_none_Cridex.pcap	tcp_1555,1,0,,0,0,0.9994273
malware_none_Cridex.pcap	tcp_1155,1,0,,0,0,0.9994486
malware_none_Cridex.pcap	tcp_2136,1,0,,0,0,0.9995763
malware_none_Cridex.pcap	tcp_1542,1,0,,0,0,0.9991966
malware_none_Cridex.pcap	tcp_2471,1,0,,0,0,0.99942994
malware_none_Cridex.pcap	tcp_1395,1,0,,0,0,0.9991702
malware_none_Cridex.pcap	tcp_1062,1,0,,0,0,0.99936825
malware_none_Cridex.pcap	tcp_2122,1,0,,0,0,0.999265
malware_none_Cridex.pcap	tcp_2574,1,0,,0,0,0.999577
malware_none_Cridex.pcap	tcp_1198,1,0,,0,0,0.9980567
malware_none_Cridex.pcap	tcp_2059,1,0,,0,0,0.9991955
malware_none_Cridex.pcap	tcp_964,1,0,,0,0,0.99905866
malware_none_Cridex.pcap	tcp_965,1,0,,0,0,0.99932253
malware_none_Cridex.pcap	tcp_1642,1,0,,0,0,0.99929154
malware_none_Cridex.pcap	tcp_2199,1,0,,0,0,0.9992386
malware_none_Cridex.pcap	tcp_968,1,0,,0,0,0.99863154
malware_none_Cridex.pcap	tcp_969,1,0,,0,0,0.99949396
malware_none_Cridex.pcap	tcp_971,1,0,,0,0,0.9996364
malware_none_Cridex.pcap	tcp_2047,1,0,,0,0,0.9996927
malware_none_Cridex.pcap	tcp_1807,1,0,,0,0,0.99961036
malware_none_Cridex.pcap	tcp_2659,1,0,,0,0,0.99945575
malware_none_Cridex.pcap	tcp_1253,1,0,,0,0,0.9996214
malware_none_Cridex.pcap	tcp_1662,1,0,,0,0,0.99900836
malware_none_Cridex.pcap	tcp_2806,1,0,,0,0,0.9991867
malware_none_Cridex.pcap	tcp_1180,1,0,,0,0,0.99893486
malware_none_Cridex.pcap	tcp_982,1,0,,0,0,0.9986945
malware_none_Cridex.pcap	tcp_1186,1,0,,0,0,0.9987386
malware_none_Cridex.pcap	tcp_2295,1,0,,0,0,0.99928194
malware_none_Cridex.pcap	tcp_2667,1,0,,0,0,0.99919647
malware_none_Cridex.pcap	tcp_986,1,0,,0,0,0.9985714
malware_none_Cridex.pcap	tcp_1108,1,0,,0,0,0.99938995
malware_none_Cridex.pcap	tcp_1951,1,0,,0,0,0.99960274
malware_none_Cridex.pcap	tcp_1665,1,0,,0,0,0.99952936
malware_none_Cridex.pcap	tcp_1930,1,0,,0,0,0.9993354
malware_none_Cridex.pcap	tcp_2641,1,0,,0,0,0.999471
malware_none_Cridex.pcap	tcp_1794,1,0,,0,0,0.9991448
malware_none_Nsis-ay.pcap	udp_2042,10,0,,0,0,0.9990419
malware_none_Nsis-ay.pcap	udp_2483,10,0,,0,0,0.9993324
malware_none_Nsis-ay.pcap	udp_1788,10,0,,0,0,0.99892676
malware_none_Nsis-ay.pcap	tcp_2,10,0,,0,0,0.19237304
malware_none_Nsis-ay.pcap	udp_3,10,0,,0,1,0.009183228
malware_none_Nsis-ay.pcap	udp_1804,10,0,,0,0,0.99970514
malware_none_Nsis-ay.pcap	udp_5,10,0,,0,0,0.9959531
malware_none_Nsis-ay.pcap	udp_1213,10,0,,0,0,0.9979796
malware_none_Nsis-ay.pcap	udp_9,10,0,,0,0,0.99769944
malware_none_Nsis-ay.pcap	udp_10,10,0,,0,0,0.9802755
malware_none_Nsis-ay.pcap	udp_11,10,0,,0,0,0.98483866
malware_none_Nsis-ay.pcap	udp_1734,10,0,,0,0,0.99760276
malware_none_Nsis-ay.pcap	udp_1874,10,0,,0,0,0.998403
malware_none_Nsis-ay.pcap	udp_2190,10,0,,0,0,0.99923205
malware_none_Nsis-ay.pcap	tcp_4,10,0,,0,0,0.9365012
malware_none_Nsis-ay.pcap	udp_2575,10,0,,0,0,0.99859565
malware_none_Nsis-ay.pcap	tcp_6,10,0,,0,0,0.9782491
malware_none_Nsis-ay.pcap	udp_1786,10,0,,0,0,0.9987411
malware_none_Nsis-ay.pcap	udp_1071,10,0,,0,0,0.9987123
malware_none_Nsis-ay.pcap	udp_1324,10,0,,0,0,0.99981743
malware_none_Nsis-ay.pcap	udp_788,10,0,,0,0,0.9993319
malware_none_Nsis-ay.pcap	udp_1588,10,0,,0,0,0.99865323
malware_none_Nsis-ay.pcap	udp_1720,10,0,,0,0,0.99968874
malware_none_Nsis-ay.pcap	udp_14,10,0,,0,0,0.954495
malware_none_Nsis-ay.pcap	tcp_15,10,0,,0,0,0.9914976
malware_none_Nsis-ay.pcap	tcp_18,10,0,,0,0,0.99227214
malware_none_Nsis-ay.pcap	tcp_19,10,0,,0,0,0.9948597
malware_none_Nsis-ay.pcap	tcp_22,10,0,,0,0,0.9741815
malware_none_Nsis-ay.pcap	udp_817,10,0,,0,0,0.9995253
malware_none_Nsis-ay.pcap	udp_790,10,0,,0,0,0.99926144
malware_none_Nsis-ay.pcap	udp_1167,10,0,,0,0,0.9990228
malware_none_Nsis-ay.pcap	udp_1041,10,0,,0,0,0.99908364
malware_none_Nsis-ay.pcap	udp_1555,10,0,,0,0,0.99845326
malware_none_Nsis-ay.pcap	udp_929,10,0,,0,0,0.9993311
malware_none_Nsis-ay.pcap	udp_781,10,0,,0,0,0.9990075
malware_none_Nsis-ay.pcap	udp_1673,10,0,,0,0,0.9992995
malware_none_Nsis-ay.pcap	udp_867,10,0,,0,0,0.9986274
malware_none_Nsis-ay.pcap	udp_2363,10,0,,0,0,0.99927443
malware_none_Nsis-ay.pcap	udp_2634,10,0,,0,0,0.99910176
malware_none_Nsis-ay.pcap	udp_1849,10,0,,0,0,0.99810547
malware_none_Nsis-ay.pcap	tcp_41,10,0,,0,0,0.99216723
malware_none_Nsis-ay.pcap	udp_1273,10,0,,0,0,0.99938595
malware_none_Nsis-ay.pcap	tcp_43,10,0,,0,0,0.9180374
malware_none_Nsis-ay.pcap	udp_1018,10,0,,1,1,0.020165496
malware_none_Nsis-ay.pcap	tcp_45,10,0,,0,0,0.9981833
malware_none_Nsis-ay.pcap	tcp_47,10,0,,0,0,0.9985488
malware_none_Nsis-ay.pcap	udp_913,10,1,Cc_5;Bb_7,0,0,0.86356086
malware_none_Nsis-ay.pcap	tcp_50,10,0,,0,0,0.4666296
malware_none_Nsis-ay.pcap	udp_2291,10,0,,0,0,0.9992893
malware_none_Nsis-ay.pcap	udp_2180,10,0,,0,0,0.99968326
malware_none_Nsis-ay.pcap	udp_2185,10,0,,0,0,0.9997822
malware_none_Nsis-ay.pcap	udp_1294,10,0,,0,0,0.99958974
malware_none_Nsis-ay.pcap	tcp_56,10,0,,0,0,0.6159937
malware_none_Nsis-ay.pcap	tcp_57,10,0,,0,0,0.9885173
malware_none_Nsis-ay.pcap	tcp_58,10,0,,0,0,0.9680959
malware_none_Nsis-ay.pcap	tcp_60,10,0,,0,0,0.9528459
malware_none_Nsis-ay.pcap	udp_2336,10,0,,0,0,0.9995493
malware_none_Nsis-ay.pcap	udp_1149,10,0,,0,0,0.99762255
malware_none_Nsis-ay.pcap	udp_2366,10,0,,0,0,0.99926215
malware_none_Nsis-ay.pcap	tcp_63,10,0,,0,0,0.9888024
malware_none_Nsis-ay.pcap	udp_2577,10,0,,0,0,0.9995815
malware_none_Nsis-ay.pcap	udp_1217,10,0,,0,0,0.99947774
malware_none_Nsis-ay.pcap	udp_1276,10,0,,0,0,0.9971459
malware_none_Nsis-ay.pcap	udp_821,10,0,,0,0,0.9993506
malware_none_Nsis-ay.pcap	udp_1994,10,0,,0,0,0.99931145
malware_none_Nsis-ay.pcap	udp_2527,10,0,,0,0,0.9992968
malware_none_Nsis-ay.pcap	udp_1285,10,0,,0,0,0.99848
malware_none_Nsis-ay.pcap	udp_1916,10,0,,0,0,0.9993027
malware_none_Nsis-ay.pcap	udp_1179,10,0,,0,0,0.99915457
malware_none_Nsis-ay.pcap	udp_1212,10,0,,0,0,0.99866736
malware_none_Nsis-ay.pcap	udp_1159,10,0,,0,0,0.9985983
malware_none_Nsis-ay.pcap	udp_1718,10,0,,0,0,0.99900514
malware_none_Nsis-ay.pcap	udp_827,10,0,,0,0,0.9987064
malware_none_Nsis-ay.pcap	udp_2581,10,0,,0,0,0.99663085
malware_none_Nsis-ay.pcap	udp_2467,10,0,,0,0,0.9988705
malware_none_Nsis-ay.pcap	tcp_345,10,0,,0,0,0.9970011
malware_none_Nsis-ay.pcap	udp_1630,10,0,,0,0,0.99956363
malware_none_Nsis-ay.pcap	udp_1091,10,0,,0,0,0.997031
malware_none_Nsis-ay.pcap	udp_2013,10,0,,0,0,0.9992032
malware_none_Nsis-ay.pcap	tcp_88,10,0,,0,0,0.9941533
malware_none_Nsis-ay.pcap	udp_2261,10,0,,0,0,0.9996934
malware_none_Nsis-ay.pcap	udp_966,10,0,,0,0,0.9994681
malware_none_Nsis-ay.pcap	udp_1792,10,0,,0,0,0.99900955
malware_none_Nsis-ay.pcap	udp_2246,10,0,,0,0,0.99957305
malware_none_Nsis-ay.pcap	udp_952,10,0,,0,0,0.9996037
malware_none_Nsis-ay.pcap	udp_2524,10,0,,0,0,0.9993544
malware_none_Nsis-ay.pcap	udp_2382,10,0,,0,0,0.9993938
malware_none_Nsis-ay.pcap	udp_20,10,0,,0,0,0.9975629
malware_none_Nsis-ay.pcap	udp_2149,10,0,,0,0,0.9992009
malware_none_Nsis-ay.pcap	udp_802,10,0,,0,0,0.96072316
malware_none_Nsis-ay.pcap	udp_1580,10,0,,0,0,0.99843425
malware_none_Nsis-ay.pcap	tcp_330,10,0,,0,0,0.997521
malware_none_Nsis-ay.pcap	udp_2568,10,0,,0,0,0.9976422
malware_none_Nsis-ay.pcap	udp_1321,10,0,,0,0,0.9997925
malware_none_Nsis-ay.pcap	udp_26,10,0,,0,0,0.96506274
malware_none_Nsis-ay.pcap	udp_1841,10,0,,0,0,0.9997199
malware_none_Nsis-ay.pcap	udp_2396,10,0,,0,0,0.9990423
malware_none_Nsis-ay.pcap	udp_30,10,0,,0,0,0.9992926
malware_none_Nsis-ay.pcap	udp_2535,10,0,,0,0,0.9985495
malware_none_Nsis-ay.pcap	udp_1218,10,0,,0,0,0.99803513
malware_none_Nsis-ay.pcap	udp_33,10,0,,0,0,0.99881107
malware_none_Nsis-ay.pcap	udp_2186,10,0,,0,0,0.9995511
malware_none_Nsis-ay.pcap	udp_1432,10,0,,0,0,0.99934524
malware_none_Nsis-ay.pcap	udp_2210,10,0,,0,0,0.98028725
malware_none_Nsis-ay.pcap	udp_1988,10,0,,0,0,0.99942344
malware_none_Nsis-ay.pcap	udp_967,10,0,,0,0,0.99980026
malware_none_Nsis-ay.pcap	udp_41,10,0,,0,0,0.9987545
malware_none_Nsis-ay.pcap	udp_2359,10,0,,0,0,0.9995224
malware_none_Nsis-ay.pcap	udp_1114,10,0,,0,0,0.9988423
malware_none_Nsis-ay.pcap	udp_44,10,0,,0,0,0.99895275
malware_none_Nsis-ay.pcap	udp_1243,10,0,,0,0,0.99862
malware_none_Nsis-ay.pcap	udp_2622,10,0,,0,0,0.99929833
malware_none_Nsis-ay.pcap	udp_1097,10,0,,0,0,0.9975434
malware_none_Nsis-ay.pcap	udp_2106,10,0,,0,0,0.99944526
malware_none_Nsis-ay.pcap	udp_1506,10,0,,0,0,0.9996007
malware_none_Nsis-ay.pcap	udp_47,10,0,,0,0,0.9980274
malware_none_Nsis-ay.pcap	udp_2383,10,0,,0,0,0.9994555
malware_none_Nsis-ay.pcap	udp_1747,10,0,,0,0,0.9996688
malware_none_Nsis-ay.pcap	udp_1943,10,0,,0,0,0.9995357
malware_none_Nsis-ay.pcap	udp_52,10,0,,0,0,0.9989478
malware_none_Nsis-ay.pcap	udp_2245,10,0,,0,0,0.99929774
malware_none_Nsis-ay.pcap	udp_55,10,0,,0,0,0.99837625
malware_none_Nsis-ay.pcap	udp_56,10,0,,0,0,0.99767345
malware_none_Nsis-ay.pcap	udp_784,10,0,,0,0,0.99948674
malware_none_Nsis-ay.pcap	udp_59,10,0,,0,0,0.9968309
malware_none_Nsis-ay.pcap	udp_1763,10,0,,0,0,0.9987696
malware_none_Nsis-ay.pcap	udp_1482,10,0,,0,0,0.99930286
malware_none_Nsis-ay.pcap	udp_1423,10,0,,0,0,0.9997242
malware_none_Nsis-ay.pcap	udp_65,10,0,,0,0,0.9984432
malware_none_Nsis-ay.pcap	udp_66,10,0,,0,0,0.99845046
malware_none_Nsis-ay.pcap	udp_1584,10,0,,0,0,0.9990977
malware_none_Nsis-ay.pcap	udp_819,10,0,,0,0,0.9990626
malware_none_Nsis-ay.pcap	udp_2124,10,0,,0,0,0.9991202
malware_none_Nsis-ay.pcap	udp_2633,10,0,,0,0,0.9997694
malware_none_Nsis-ay.pcap	udp_1702,10,0,,0,0,0.99898577
malware_none_Nsis-ay.pcap	udp_73,10,0,,0,0,0.9992648
malware_none_Nsis-ay.pcap	udp_1546,10,0,,0,0,0.999223
malware_none_Nsis-ay.pcap	udp_2561,10,0,,0,0,0.9996658
malware_none_Nsis-ay.pcap	udp_76,10,0,,0,0,0.9995217
malware_none_Nsis-ay.pcap	udp_1621,10,0,,0,0,0.9982674
malware_none_Nsis-ay.pcap	udp_79,10,0,,0,0,0.99759066
malware_none_Nsis-ay.pcap	udp_1666,10,0,,0,0,0.99895215
malware_none_Nsis-ay.pcap	udp_82,10,0,,0,0,0.997998
malware_none_Nsis-ay.pcap	udp_2247,10,0,,0,0,0.9995864
malware_none_Nsis-ay.pcap	udp_2473,10,0,,0,0,0.9996302
malware_none_Nsis-ay.pcap	udp_85,10,0,,0,0,0.9991978
malware_none_Nsis-ay.pcap	udp_2299,10,0,,0,0,0.9990757
malware_none_Nsis-ay.pcap	udp_1257,10,0,,0,0,0.9989578
malware_none_Nsis-ay.pcap	udp_2636,10,0,,0,0,0.9996744
malware_none_Nsis-ay.pcap	udp_1651,10,0,,0,0,0.9992235
malware_none_Nsis-ay.pcap	udp_1928,10,0,,0,0,0.999582
malware_none_Nsis-ay.pcap	udp_2603,10,0,,0,0,0.9995365
malware_none_Nsis-ay.pcap	udp_94,10,0,,0,0,0.9987049
malware_none_Nsis-ay.pcap	udp_2313,10,0,,0,0,0.999541
malware_none_Nsis-ay.pcap	udp_96,10,0,,0,0,0.9980496
malware_none_Nsis-ay.pcap	udp_1636,10,0,,0,0,0.9991818
malware_none_Nsis-ay.pcap	udp_98,10,0,,0,0,0.99735236
malware_none_Nsis-ay.pcap	udp_1561,10,0,,0,0,0.9997023
malware_none_Nsis-ay.pcap	udp_1485,10,0,,0,0,0.9993332
malware_none_Nsis-ay.pcap	udp_101,10,0,,0,0,0.9993141
malware_none_Nsis-ay.pcap	udp_102,10,0,,0,0,0.9990592
malware_none_Nsis-ay.pcap	udp_103,10,0,,0,0,0.9992971
malware_none_Nsis-ay.pcap	udp_104,10,0,,0,0,0.9979979
malware_none_Nsis-ay.pcap	udp_105,10,0,,0,0,0.9983311
malware_none_Nsis-ay.pcap	udp_773,10,0,,0,0,0.99914956
malware_none_Nsis-ay.pcap	udp_107,10,0,,0,0,0.9992127
malware_none_Nsis-ay.pcap	udp_2183,10,0,,0,0,0.99976224
malware_none_Nsis-ay.pcap	udp_2137,10,0,,0,0,0.9986027
malware_none_Nsis-ay.pcap	tcp_271,10,0,,0,0,0.99516416
malware_none_Nsis-ay.pcap	udp_112,10,0,,0,0,0.998119
malware_none_Nsis-ay.pcap	udp_113,10,0,,0,0,0.9983053
malware_none_Nsis-ay.pcap	udp_2289,10,0,,0,0,0.99976236
malware_none_Nsis-ay.pcap	udp_1184,10,0,,0,0,0.9993155
malware_none_Nsis-ay.pcap	udp_116,10,0,,0,0,0.99856913
malware_none_Nsis-ay.pcap	udp_887,10,0,,0,0,0.9991818
malware_none_Nsis-ay.pcap	udp_119,10,0,,0,0,0.99922216
malware_none_Nsis-ay.pcap	tcp_104,10,0,,0,0,0.94865996
malware_none_Nsis-ay.pcap	tcp_105,10,0,,0,0,0.9450187
malware_none_Nsis-ay.pcap	udp_1204,10,0,,0,0,0.99845445
malware_none_Nsis-ay.pcap	udp_1926,10,0,,0,0,0.99871767
malware_none_Nsis-ay.pcap	udp_2330,10,0,,0,0,0.9997859
malware_none_Nsis-ay.pcap	udp_123,10,0,,0,0,0.9986547
malware_none_Nsis-ay.pcap	udp_2108,10,0,,0,0,0.99977046
malware_none_Nsis-ay.pcap	udp_126,10,0,,0,0,0.999116
malware_none_Nsis-ay.pcap	udp_2328,10,0,,0,0,0.99951303
malware_none_Nsis-ay.pcap	udp_2398,10,0,,0,0,0.9989507
malware_none_Nsis-ay.pcap	udp_1462,10,0,,0,0,0.9997168
malware_none_Nsis-ay.pcap	udp_946,10,0,,0,0,0.9981146
malware_none_Nsis-ay.pcap	udp_1851,10,0,,0,0,0.9992988
malware_none_Nsis-ay.pcap	udp_2094,10,0,,0,0,0.9997251
malware_none_Nsis-ay.pcap	udp_1808,10,0,,0,0,0.9979275
malware_none_Nsis-ay.pcap	udp_1059,10,0,,0,0,0.99862295
malware_none_Nsis-ay.pcap	udp_139,10,0,,0,0,0.9988972
malware_none_Nsis-ay.pcap	udp_140,10,0,,0,0,0.9979993
malware_none_Nsis-ay.pcap	udp_2534,10,0,,0,0,0.9998006
malware_none_Nsis-ay.pcap	udp_1185,10,0,,0,0,0.9981567
malware_none_Nsis-ay.pcap	udp_783,10,0,,0,0,0.9973605
malware_none_Nsis-ay.pcap	udp_2266,10,0,,0,0,0.9996557
malware_none_Nsis-ay.pcap	udp_146,10,0,,0,0,0.9991271
malware_none_Nsis-ay.pcap	udp_2189,10,0,,0,0,0.99972963
malware_none_Nsis-ay.pcap	udp_933,10,0,,0,0,0.99911046
malware_none_Nsis-ay.pcap	udp_895,10,0,,0,0,0.9990974
malware_none_Nsis-ay.pcap	udp_1667,10,0,,0,0,0.9994217
malware_none_Nsis-ay.pcap	udp_153,10,0,,0,0,0.9994742
malware_none_Nsis-ay.pcap	udp_899,10,0,,0,0,0.99898654
malware_none_Nsis-ay.pcap	udp_1395,10,0,,0,0,0.9987511
malware_none_Nsis-ay.pcap	udp_156,10,0,,0,0,0.9980564
malware_none_Nsis-ay.pcap	udp_1523,10,0,,0,0,0.9994413
malware_none_Nsis-ay.pcap	udp_1957,10,0,,0,0,0.9991737
malware_none_Nsis-ay.pcap	udp_160,10,0,,0,0,0.99780387
malware_none_Nsis-ay.pcap	udp_1508,10,0,,0,0,0.99966574
malware_none_Nsis-ay.pcap	udp_162,10,0,,0,0,0.9987012
malware_none_Nsis-ay.pcap	udp_163,10,0,,0,0,0.99840975
malware_none_Nsis-ay.pcap	tcp_351,10,0,,0,0,0.9967361
malware_none_Nsis-ay.pcap	udp_1352,10,0,,0,0,0.9992731
malware_none_Nsis-ay.pcap	udp_2130,10,0,,0,0,0.99960524
malware_none_Nsis-ay.pcap	udp_168,10,0,,0,0,0.9986112
malware_none_Nsis-ay.pcap	udp_2061,10,0,,0,0,0.99966335
malware_none_Nsis-ay.pcap	udp_943,10,0,,0,0,0.9984752
malware_none_Nsis-ay.pcap	udp_1982,10,0,,0,0,0.99950993
malware_none_Nsis-ay.pcap	udp_1626,10,0,,0,0,0.9997484
malware_none_Nsis-ay.pcap	udp_2300,10,0,,0,0,0.9996217
malware_none_Nsis-ay.pcap	udp_177,10,0,,0,0,0.9992614
malware_none_Nsis-ay.pcap	udp_2326,10,0,,0,0,0.9988047
malware_none_Nsis-ay.pcap	udp_181,10,0,,0,0,0.99887985
malware_none_Nsis-ay.pcap	udp_2168,10,0,,0,0,0.9990225
malware_none_Nsis-ay.pcap	udp_1592,10,0,,0,0,0.99885416
malware_none_Nsis-ay.pcap	udp_185,10,0,,0,0,0.9988756
malware_none_Nsis-ay.pcap	udp_1371,10,0,,0,0,0.9997146
malware_none_Nsis-ay.pcap	udp_1927,10,0,,0,0,0.99955785
malware_none_Nsis-ay.pcap	udp_188,10,0,,0,0,0.99893945
malware_none_Nsis-ay.pcap	udp_193,10,0,,0,0,0.9979761
malware_none_Nsis-ay.pcap	udp_1949,10,0,,0,0,0.99944293
malware_none_Nsis-ay.pcap	udp_1478,10,0,,0,0,0.9993528
malware_none_Nsis-ay.pcap	udp_815,10,0,,0,0,0.9987705
malware_none_Nsis-ay.pcap	tcp_278,10,0,,0,0,0.99379456
malware_none_Nsis-ay.pcap	udp_1903,10,0,,0,0,0.9996498
malware_none_Nsis-ay.pcap	udp_201,10,0,,0,0,0.99879706
malware_none_Nsis-ay.pcap	udp_1586,10,0,,0,0,0.9995007
malware_none_Nsis-ay.pcap	udp_2257,10,0,,0,0,0.9990211
malware_none_Nsis-ay.pcap	udp_205,10,0,,0,0,0.99874616
malware_none_Nsis-ay.pcap	udp_1333,10,0,,0,0,0.9997235
malware_none_Nsis-ay.pcap	udp_812,10,0,,0,0,0.9993179
malware_none_Nsis-ay.pcap	udp_208,10,0,,0,0,0.99621695
malware_none_Nsis-ay.pcap	tcp_244,10,0,,0,0,0.53234494
malware_none_Nsis-ay.pcap	udp_2361,10,0,,0,0,0.9992508
malware_none_Nsis-ay.pcap	tcp_320,10,0,,0,0,0.4266479
malware_none_Nsis-ay.pcap	udp_212,10,0,,0,0,0.99869114
malware_none_Nsis-ay.pcap	udp_1590,10,0,,0,0,0.9986108
malware_none_Nsis-ay.pcap	udp_1181,10,0,,0,0,0.9985744
malware_none_Nsis-ay.pcap	udp_1793,10,0,,0,0,0.99565685
malware_none_Nsis-ay.pcap	udp_217,10,0,,0,0,0.99773437
malware_none_Nsis-ay.pcap	udp_2436,10,0,,0,0,0.99880326
malware_none_Nsis-ay.pcap	udp_219,10,0,,0,0,0.99840355
malware_none_Nsis-ay.pcap	udp_915,10,0,,0,0,0.99942964
malware_none_Nsis-ay.pcap	udp_2585,10,0,,0,0,0.9989141
malware_none_Nsis-ay.pcap	udp_2132,10,0,,0,0,0.99966216
malware_none_Nsis-ay.pcap	tcp_298,10,0,,0,0,0.9929481
malware_none_Nsis-ay.pcap	udp_2322,10,0,,0,0,0.9996018
malware_none_Nsis-ay.pcap	udp_2234,10,0,,0,0,0.99970645
malware_none_Nsis-ay.pcap	udp_227,10,0,,0,0,0.99893516
malware_none_Nsis-ay.pcap	udp_2071,10,0,,0,0,0.9996241
malware_none_Nsis-ay.pcap	udp_1134,10,0,,0,0,0.9993926
malware_none_Nsis-ay.pcap	udp_2283,10,0,,0,0,0.99954695
malware_none_Nsis-ay.pcap	udp_1690,10,0,,0,0,0.99956983
malware_none_Nsis-ay.pcap	udp_1027,10,0,,1,1,0.037657082
malware_none_Nsis-ay.pcap	udp_2461,10,0,,0,0,0.99959415
malware_none_Nsis-ay.pcap	udp_2371,10,0,,0,0,0.9982724
malware_none_Nsis-ay.pcap	udp_236,10,0,,0,0,0.99906915
malware_none_Nsis-ay.pcap	udp_2265,10,0,,0,0,0.9978904
malware_none_Nsis-ay.pcap	udp_1876,10,0,,0,0,0.9995722
malware_none_Nsis-ay.pcap	udp_2164,10,0,,0,0,0.99930716
malware_none_Nsis-ay.pcap	udp_1173,10,0,,0,0,0.9990086
malware_none_Nsis-ay.pcap	udp_2220,10,0,,0,0,0.9997943
malware_none_Nsis-ay.pcap	udp_1692,10,0,,0,0,0.9996878
malware_none_Nsis-ay.pcap	udp_2195,10,0,,0,0,0.995271
malware_none_Nsis-ay.pcap	udp_246,10,0,,0,0,0.9989945
malware_none_Nsis-ay.pcap	udp_247,10,0,,0,0,0.9983169
malware_none_Nsis-ay.pcap	udp_1355,10,0,,0,0,0.9995016
malware_none_Nsis-ay.pcap	udp_1933,10,0,,0,0,0.9968992
malware_none_Nsis-ay.pcap	udp_2591,10,0,,0,0,0.99931204
malware_none_Nsis-ay.pcap	udp_254,10,0,,0,0,0.9987876
malware_none_Nsis-ay.pcap	udp_255,10,0,,0,0,0.99890393
malware_none_Nsis-ay.pcap	udp_256,10,0,,0,0,0.9968702
malware_none_Nsis-ay.pcap	udp_2508,10,0,,0,0,0.999389
malware_none_Nsis-ay.pcap	udp_258,10,0,,0,0,0.9988572
malware_none_Nsis-ay.pcap	udp_1634,10,0,,0,0,0.9991873
malware_none_Nsis-ay.pcap	udp_2476,10,0,,0,0,0.99931854
malware_none_Nsis-ay.pcap	udp_264,10,0,,0,0,0.9956046
malware_none_Nsis-ay.pcap	udp_1461,10,0,,0,0,0.99930716
malware_none_Nsis-ay.pcap	udp_267,10,0,,0,0,0.7525938
malware_none_Nsis-ay.pcap	udp_1390,10,0,,0,0,0.9942363
malware_none_Nsis-ay.pcap	udp_1774,10,0,,0,0,0.9983118
malware_none_Nsis-ay.pcap	udp_272,10,0,,0,0,0.9989773
malware_none_Nsis-ay.pcap	udp_2143,10,0,,0,0,0.99967134
malware_none_Nsis-ay.pcap	udp_273,10,0,,0,0,0.9986209
malware_none_Nsis-ay.pcap	udp_2439,10,0,,0,0,0.99956757
malware_none_Nsis-ay.pcap	udp_978,10,0,,0,0,0.99863005
malware_none_Nsis-ay.pcap	udp_278,10,0,,0,0,0.99835795
malware_none_Nsis-ay.pcap	udp_964,10,0,,0,0,0.9995823
malware_none_Nsis-ay.pcap	tcp_316,10,0,,0,0,0.987727
malware_none_Nsis-ay.pcap	udp_283,10,0,,0,0,0.9990989
malware_none_Nsis-ay.pcap	udp_2569,10,0,,0,0,0.99912673
malware_none_Nsis-ay.pcap	udp_2216,10,0,,0,0,0.9991086
malware_none_Nsis-ay.pcap	udp_287,10,1,Bb_7,0,1,0.013030076
malware_none_Nsis-ay.pcap	udp_801,10,0,,0,0,0.99872833
malware_none_Nsis-ay.pcap	udp_1033,10,0,,0,0,0.99887604
malware_none_Nsis-ay.pcap	udp_970,10,0,,0,0,0.9995716
malware_none_Nsis-ay.pcap	udp_2538,10,0,,0,0,0.9997227
malware_none_Nsis-ay.pcap	udp_1232,10,0,,0,0,0.9977906
malware_none_Nsis-ay.pcap	udp_2081,10,0,,0,0,0.9996453
malware_none_Nsis-ay.pcap	tcp_108,10,0,,0,0,0.49430412
malware_none_Nsis-ay.pcap	udp_1726,10,0,,0,0,0.9992937
malware_none_Nsis-ay.pcap	udp_295,10,0,,0,0,0.9991554
malware_none_Nsis-ay.pcap	tcp_234,10,0,,0,0,0.31355277
malware_none_Nsis-ay.pcap	udp_299,10,0,,0,0,0.99916905
malware_none_Nsis-ay.pcap	udp_954,10,0,,0,0,0.9996891
malware_none_Nsis-ay.pcap	udp_1527,10,0,,0,0,0.9996631
malware_none_Nsis-ay.pcap	tcp_109,10,0,,0,0,0.6590801
malware_none_Nsis-ay.pcap	udp_2147,10,0,,0,0,0.9995302
malware_none_Nsis-ay.pcap	udp_303,10,0,,0,0,0.9992972
malware_none_Nsis-ay.pcap	udp_1428,10,0,,0,0,0.9995975
malware_none_Nsis-ay.pcap	udp_305,10,0,,0,0,0.9993336
malware_none_Nsis-ay.pcap	udp_2160,10,0,,0,0,0.9995547
malware_none_Nsis-ay.pcap	udp_1426,10,0,,0,0,0.99955845
malware_none_Nsis-ay.pcap	udp_1271,10,0,,0,0,0.9987953
malware_none_Nsis-ay.pcap	udp_1913,10,0,,0,0,0.9985773
malware_none_Nsis-ay.pcap	udp_2286,10,0,,0,0,0.99929357
malware_none_Nsis-ay.pcap	udp_1090,10,0,,0,0,0.9994425
malware_none_Nsis-ay.pcap	udp_1896,10,0,,0,0,0.9997667
malware_none_Nsis-ay.pcap	udp_1032,10,0,,0,0,0.998892
malware_none_Nsis-ay.pcap	udp_316,10,0,,0,0,0.9989735
malware_none_Nsis-ay.pcap	udp_2107,10,0,,0,0,0.99821377
malware_none_Nsis-ay.pcap	udp_1049,10,0,,0,0,0.9985709
malware_none_Nsis-ay.pcap	udp_2060,10,0,,0,0,0.99769694
malware_none_Nsis-ay.pcap	udp_2142,10,0,,0,0,0.9990167
malware_none_Nsis-ay.pcap	udp_1225,10,0,,0,0,0.999806
malware_none_Nsis-ay.pcap	udp_323,10,0,,0,0,0.99907196
malware_none_Nsis-ay.pcap	udp_325,10,0,,0,0,0.99911475
malware_none_Nsis-ay.pcap	udp_2626,10,0,,0,0,0.99921244
malware_none_Nsis-ay.pcap	udp_327,10,0,,0,0,0.9993521
malware_none_Nsis-ay.pcap	udp_2131,10,0,,0,0,0.99886906
malware_none_Nsis-ay.pcap	udp_857,10,0,,0,0,0.9992207
malware_none_Nsis-ay.pcap	udp_2520,10,0,,0,0,0.9996088
malware_none_Nsis-ay.pcap	udp_332,10,0,,0,0,0.9988224
malware_none_Nsis-ay.pcap	udp_2332,10,0,,0,0,0.99676645
malware_none_Nsis-ay.pcap	udp_336,10,0,,0,0,0.9984866
malware_none_Nsis-ay.pcap	udp_337,10,0,,0,0,0.99776924
malware_none_Nsis-ay.pcap	udp_2072,10,0,,0,0,0.99936396
malware_none_Nsis-ay.pcap	udp_1566,10,0,,0,0,0.9993428
malware_none_Nsis-ay.pcap	udp_2181,10,0,,0,0,0.9993161
malware_none_Nsis-ay.pcap	udp_344,10,0,,0,0,0.9985771
malware_none_Nsis-ay.pcap	udp_1742,10,0,,0,0,0.99923027
malware_none_Nsis-ay.pcap	udp_348,10,0,,0,0,0.9987482
malware_none_Nsis-ay.pcap	udp_1445,10,0,,0,0,0.9991944
malware_none_Nsis-ay.pcap	tcp_349,10,0,,0,0,0.9969625
malware_none_Nsis-ay.pcap	udp_1156,10,0,,0,0,0.9985511
malware_none_Nsis-ay.pcap	udp_1418,10,0,,0,0,0.9971898
malware_none_Nsis-ay.pcap	udp_1613,10,0,,0,0,0.99936306
malware_none_Nsis-ay.pcap	udp_2064,10,0,,0,0,0.99969006
malware_none_Nsis-ay.pcap	udp_1065,10,0,,0,0,0.99847263
malware_none_Nsis-ay.pcap	udp_1800,10,0,,0,0,0.99941796
malware_none_Nsis-ay.pcap	udp_357,10,0,,0,0,0.99899143
malware_none_Nsis-ay.pcap	udp_2028,10,0,,0,0,0.9996136
malware_none_Nsis-ay.pcap	tcp_322,10,0,,0,0,0.98524946
malware_none_Nsis-ay.pcap	udp_360,10,0,,0,0,0.99827325
malware_none_Nsis-ay.pcap	udp_1297,10,0,,0,0,0.9995718
malware_none_Nsis-ay.pcap	udp_1946,10,0,,0,0,0.9993
malware_none_Nsis-ay.pcap	udp_2513,10,0,,0,0,0.99971896
malware_none_Nsis-ay.pcap	udp_2069,10,0,,0,0,0.99957675
malware_none_Nsis-ay.pcap	udp_831,10,0,,0,0,0.99842274
malware_none_Nsis-ay.pcap	udp_367,10,0,,0,0,0.998544
malware_none_Nsis-ay.pcap	udp_1314,10,0,,0,0,0.9984674
malware_none_Nsis-ay.pcap	udp_372,10,0,,0,0,0.99851936
malware_none_Nsis-ay.pcap	udp_2384,10,0,,0,0,0.99967885
malware_none_Nsis-ay.pcap	udp_2549,10,0,,0,0,0.9992317
malware_none_Nsis-ay.pcap	udp_376,10,0,,0,0,0.99868363
malware_none_Nsis-ay.pcap	udp_377,10,0,,0,0,0.9987268
malware_none_Nsis-ay.pcap	udp_1488,10,0,,0,0,0.9995745
malware_none_Nsis-ay.pcap	udp_380,10,0,,0,0,0.9988159
malware_none_Nsis-ay.pcap	udp_963,10,0,,0,0,0.99975955
malware_none_Nsis-ay.pcap	udp_1784,10,0,,0,0,0.998646
malware_none_Nsis-ay.pcap	udp_383,10,0,,0,0,0.9990442
malware_none_Nsis-ay.pcap	udp_1492,10,0,,0,0,0.9992878
malware_none_Nsis-ay.pcap	udp_935,10,0,,0,0,0.9989631
malware_none_Nsis-ay.pcap	udp_1208,10,0,,0,0,0.99638623
malware_none_Nsis-ay.pcap	udp_806,10,0,,0,0,0.9992149
malware_none_Nsis-ay.pcap	tcp_308,10,0,,0,0,0.93269753
malware_none_Nsis-ay.pcap	udp_1106,10,0,,0,0,0.99866927
malware_none_Nsis-ay.pcap	udp_391,10,0,,0,0,0.9987434
malware_none_Nsis-ay.pcap	udp_393,10,0,,0,0,0.99920255
malware_none_Nsis-ay.pcap	udp_394,10,0,,0,0,0.9994116
malware_none_Nsis-ay.pcap	udp_395,10,0,,0,0,0.99915063
malware_none_Nsis-ay.pcap	tcp_267,10,0,,0,0,0.88924134
malware_none_Nsis-ay.pcap	udp_397,10,0,,0,0,0.9995336
malware_none_Nsis-ay.pcap	udp_1436,10,0,,0,0,0.9994596
malware_none_Nsis-ay.pcap	udp_401,10,0,,0,0,0.99951315
malware_none_Nsis-ay.pcap	udp_2567,10,0,,0,0,0.9971685
malware_none_Nsis-ay.pcap	udp_2226,10,0,,0,0,0.99948066
malware_none_Nsis-ay.pcap	udp_1502,10,0,,0,0,0.99977547
malware_none_Nsis-ay.pcap	tcp_236,10,0,,0,0,0.90663975
malware_none_Nsis-ay.pcap	udp_1947,10,0,,0,0,0.9980845
malware_none_Nsis-ay.pcap	udp_1376,10,0,,0,0,0.99929774
malware_none_Nsis-ay.pcap	udp_1878,10,0,,0,0,0.99972147
malware_none_Nsis-ay.pcap	udp_409,10,0,,0,0,0.9989189
malware_none_Nsis-ay.pcap	udp_411,10,0,,0,0,0.99780995
malware_none_Nsis-ay.pcap	udp_2165,10,0,,0,0,0.99936944
malware_none_Nsis-ay.pcap	udp_413,10,0,,0,0,0.999329
malware_none_Nsis-ay.pcap	udp_2503,10,0,,0,0,0.9992901
malware_none_Nsis-ay.pcap	udp_844,10,0,,0,0,0.99927944
malware_none_Nsis-ay.pcap	udp_416,10,0,,0,0,0.9989799
malware_none_Nsis-ay.pcap	udp_1104,10,0,,0,0,0.9987949
malware_none_Nsis-ay.pcap	udp_1429,10,0,,0,0,0.9997806
malware_none_Nsis-ay.pcap	udp_1303,10,0,,0,0,0.9993848
malware_none_Nsis-ay.pcap	udp_1847,10,0,,0,0,0.99886996
malware_none_Nsis-ay.pcap	udp_1884,10,0,,0,0,0.9992185
malware_none_Nsis-ay.pcap	udp_423,10,0,,0,0,0.9992987
malware_none_Nsis-ay.pcap	udp_2271,10,0,,0,0,0.99978405
malware_none_Nsis-ay.pcap	udp_427,10,0,,0,0,0.99906796
malware_none_Nsis-ay.pcap	udp_2456,10,0,,0,0,0.9991345
malware_none_Nsis-ay.pcap	udp_2342,10,0,,0,0,0.9995409
malware_none_Nsis-ay.pcap	udp_2400,10,0,,0,0,0.9983593
malware_none_Nsis-ay.pcap	udp_431,10,0,,0,0,0.9987991
malware_none_Nsis-ay.pcap	udp_432,10,0,,0,0,0.9983084
malware_none_Nsis-ay.pcap	udp_433,10,0,,0,0,0.9993576
malware_none_Nsis-ay.pcap	udp_1591,10,0,,0,0,0.99924386
malware_none_Nsis-ay.pcap	udp_435,10,0,,0,0,0.99899817
malware_none_Nsis-ay.pcap	udp_2092,10,0,,0,0,0.9987552
malware_none_Nsis-ay.pcap	udp_923,10,0,,0,0,0.9987513
malware_none_Nsis-ay.pcap	udp_2526,10,0,,0,0,0.9995702
malware_none_Nsis-ay.pcap	udp_1556,10,0,,0,0,0.9977411
malware_none_Nsis-ay.pcap	udp_2241,10,0,,0,0,0.9996796
malware_none_Nsis-ay.pcap	tcp_110,10,0,,1,1,0.00017231348
malware_none_Nsis-ay.pcap	udp_1995,10,0,,0,0,0.99883133
malware_none_Nsis-ay.pcap	udp_2082,10,0,,0,0,0.99929035
malware_none_Nsis-ay.pcap	tcp_361,10,0,,1,1,0.0011107356
malware_none_Nsis-ay.pcap	udp_2110,10,0,,0,0,0.9997591
malware_none_Nsis-ay.pcap	udp_447,10,0,,0,0,0.9980953
malware_none_Nsis-ay.pcap	udp_2262,10,0,,0,0,0.9991792
malware_none_Nsis-ay.pcap	udp_2284,10,0,,0,0,0.99964035
malware_none_Nsis-ay.pcap	udp_2120,10,0,,0,0,0.9990969
malware_none_Nsis-ay.pcap	udp_2008,10,0,,0,0,0.9995519
malware_none_Nsis-ay.pcap	udp_2280,10,0,,0,0,0.9992837
malware_none_Nsis-ay.pcap	udp_456,10,0,,0,0,0.99974734
malware_none_Nsis-ay.pcap	udp_1366,10,0,,0,0,0.9996038
malware_none_Nsis-ay.pcap	udp_458,10,0,,0,0,0.9993017
malware_none_Nsis-ay.pcap	udp_1573,10,0,,0,0,0.99950016
malware_none_Nsis-ay.pcap	udp_1627,10,0,,0,0,0.9988694
malware_none_Nsis-ay.pcap	udp_1365,10,0,,0,0,0.9990176
malware_none_Nsis-ay.pcap	udp_462,10,0,,0,0,0.99928015
malware_none_Nsis-ay.pcap	udp_463,10,0,,0,0,0.9993622
malware_none_Nsis-ay.pcap	udp_1081,10,0,,0,0,0.9988729
malware_none_Nsis-ay.pcap	udp_466,10,0,,0,0,0.99900985
malware_none_Nsis-ay.pcap	udp_803,10,0,,0,0,0.99826294
malware_none_Nsis-ay.pcap	udp_1172,10,0,,0,0,0.99829704
malware_none_Nsis-ay.pcap	udp_1441,10,0,,0,0,0.99955845
malware_none_Nsis-ay.pcap	udp_903,10,0,,0,0,0.99837685
malware_none_Nsis-ay.pcap	udp_473,10,0,,0,0,0.9995875
malware_none_Nsis-ay.pcap	udp_1372,10,0,,0,0,0.99953914
malware_none_Nsis-ay.pcap	udp_1022,10,0,,0,0,0.9957274
malware_none_Nsis-ay.pcap	udp_1743,10,0,,0,0,0.99954957
malware_none_Nsis-ay.pcap	tcp_325,10,0,,0,0,0.98081875
malware_none_Nsis-ay.pcap	udp_1992,10,0,,0,0,0.9995359
malware_none_Nsis-ay.pcap	udp_2498,10,0,,0,0,0.9994535
malware_none_Nsis-ay.pcap	udp_1951,10,0,,0,0,0.99969864
malware_none_Nsis-ay.pcap	tcp_258,10,0,,0,0,0.91947424
malware_none_Nsis-ay.pcap	udp_2141,10,0,,0,0,0.99890757
malware_none_Nsis-ay.pcap	udp_488,10,0,,0,0,0.9992112
malware_none_Nsis-ay.pcap	udp_1259,10,0,,0,0,0.99917126
malware_none_Nsis-ay.pcap	udp_1336,10,0,,0,0,0.99880654
malware_none_Nsis-ay.pcap	udp_1870,10,0,,0,0,0.99799514
malware_none_Nsis-ay.pcap	udp_1166,10,0,,0,0,0.9987017
malware_none_Nsis-ay.pcap	udp_2049,10,0,,0,0,0.99952245
malware_none_Nsis-ay.pcap	udp_1722,10,0,,0,0,0.9993043
malware_none_Nsis-ay.pcap	udp_2594,10,0,,0,0,0.9997225
malware_none_Nsis-ay.pcap	udp_2033,10,0,,0,0,0.99939716
malware_none_Nsis-ay.pcap	udp_2224,10,0,,0,0,0.99972683
malware_none_Nsis-ay.pcap	udp_501,10,1,Cc_5;Bb_7,0,0,0.51916224
malware_none_Nsis-ay.pcap	udp_1420,10,0,,0,0,0.9996782
malware_none_Nsis-ay.pcap	udp_799,10,0,,0,0,0.99882895
malware_none_Nsis-ay.pcap	udp_1416,10,0,,0,0,0.9983255
malware_none_Nsis-ay.pcap	udp_506,10,0,,0,0,0.9998183
malware_none_Nsis-ay.pcap	udp_507,10,0,,0,0,0.99894935
malware_none_Nsis-ay.pcap	tcp_114,10,0,,0,0,0.96935856
malware_none_Nsis-ay.pcap	udp_2434,10,0,,0,0,0.99954796
malware_none_Nsis-ay.pcap	tcp_115,10,0,,0,0,0.85064226
malware_none_Nsis-ay.pcap	udp_1894,10,0,,0,0,0.9989899
malware_none_Nsis-ay.pcap	udp_889,10,0,,0,0,0.999597
malware_none_Nsis-ay.pcap	tcp_257,10,0,,1,0,0.07089674
malware_none_Nsis-ay.pcap	udp_1974,10,0,,0,0,0.99952507
malware_none_Nsis-ay.pcap	udp_2586,10,0,,0,0,0.99877423
malware_none_Nsis-ay.pcap	udp_513,10,0,,0,0,0.99949306
malware_none_Nsis-ay.pcap	udp_1143,10,0,,0,0,0.9995016
malware_none_Nsis-ay.pcap	tcp_119,10,0,,0,0,0.37864175
malware_none_Nsis-ay.pcap	udp_1132,10,0,,0,0,0.99883735
malware_none_Nsis-ay.pcap	udp_2487,10,0,,0,0,0.99891853
malware_none_Nsis-ay.pcap	udp_515,10,0,,0,0,0.996557
malware_none_Nsis-ay.pcap	udp_2612,10,0,,0,0,0.9972301
malware_none_Nsis-ay.pcap	udp_2590,10,0,,0,0,0.9996473
malware_none_Nsis-ay.pcap	udp_2059,10,0,,0,0,0.99829656
malware_none_Nsis-ay.pcap	tcp_125,10,0,,0,0,0.99432683
malware_none_Nsis-ay.pcap	udp_2404,10,0,,0,0,0.99789625
malware_none_Nsis-ay.pcap	tcp_279,10,0,,0,0,0.9890645
malware_none_Nsis-ay.pcap	udp_902,10,0,,0,0,0.9995809
malware_none_Nsis-ay.pcap	tcp_130,10,0,,0,0,0.93124324
malware_none_Nsis-ay.pcap	udp_1304,10,0,,0,0,0.99906605
malware_none_Nsis-ay.pcap	tcp_251,10,0,,0,0,0.8130917
malware_none_Nsis-ay.pcap	udp_1895,10,0,,0,0,0.9974661
malware_none_Nsis-ay.pcap	udp_1345,10,0,,0,0,0.9997159
malware_none_Nsis-ay.pcap	udp_1359,10,0,,0,0,0.9992642
malware_none_Nsis-ay.pcap	tcp_134,10,0,,0,0,0.28856015
malware_none_Nsis-ay.pcap	tcp_135,10,0,,0,0,0.99911594
malware_none_Nsis-ay.pcap	tcp_136,10,0,,0,0,0.9300147
malware_none_Nsis-ay.pcap	udp_2410,10,0,,0,0,0.9989581
malware_none_Nsis-ay.pcap	udp_1384,10,0,,0,0,0.9992593
malware_none_Nsis-ay.pcap	tcp_137,10,0,,0,0,0.97122866
malware_none_Nsis-ay.pcap	tcp_138,10,0,,0,0,0.995457
malware_none_Nsis-ay.pcap	udp_2475,10,0,,0,0,0.999783
malware_none_Nsis-ay.pcap	udp_1028,10,0,,0,0,0.9906618
malware_none_Nsis-ay.pcap	tcp_141,10,0,,0,0,0.9957386
malware_none_Nsis-ay.pcap	tcp_143,10,0,,0,0,0.99134916
malware_none_Nsis-ay.pcap	tcp_144,10,0,,0,0,0.9954348
malware_none_Nsis-ay.pcap	udp_2349,10,0,,0,0,0.99957246
malware_none_Nsis-ay.pcap	udp_2596,10,0,,0,0,0.9996942
malware_none_Nsis-ay.pcap	tcp_147,10,0,,0,0,0.7200575
malware_none_Nsis-ay.pcap	udp_2435,10,0,,0,0,0.99978876
malware_none_Nsis-ay.pcap	tcp_149,10,0,,0,0,0.82460445
malware_none_Nsis-ay.pcap	udp_1628,10,0,,0,0,0.9997127
malware_none_Nsis-ay.pcap	tcp_151,10,0,,0,0,0.998233
malware_none_Nsis-ay.pcap	udp_868,10,0,,0,0,0.9993425
malware_none_Nsis-ay.pcap	udp_1310,10,0,,0,0,0.99931824
malware_none_Nsis-ay.pcap	udp_1306,10,0,,0,0,0.99972385
malware_none_Nsis-ay.pcap	tcp_157,10,0,,0,0,0.6871304
malware_none_Nsis-ay.pcap	udp_1252,10,0,,0,0,0.99920326
malware_none_Nsis-ay.pcap	tcp_159,10,0,,0,0,0.98964083
malware_none_Nsis-ay.pcap	tcp_341,10,0,,0,0,0.9892966
malware_none_Nsis-ay.pcap	tcp_161,10,0,,0,0,0.98890626
malware_none_Nsis-ay.pcap	udp_1202,10,0,,0,0,0.9985686
malware_none_Nsis-ay.pcap	tcp_164,10,0,,0,0,0.967046
malware_none_Nsis-ay.pcap	tcp_167,10,0,,0,0,0.9952832
malware_none_Nsis-ay.pcap	tcp_254,10,0,,0,0,0.99619067
malware_none_Nsis-ay.pcap	tcp_169,10,0,,0,0,0.9954502
malware_none_Nsis-ay.pcap	tcp_170,10,0,,0,0,0.99558455
malware_none_Nsis-ay.pcap	udp_1325,10,0,,0,0,0.99957675
malware_none_Nsis-ay.pcap	udp_2459,10,0,,0,0,0.9996557
malware_none_Nsis-ay.pcap	tcp_174,10,0,,0,0,0.9978802
malware_none_Nsis-ay.pcap	tcp_175,10,0,,0,0,0.22377689
malware_none_Nsis-ay.pcap	udp_1863,10,0,,0,0,0.99951947
malware_none_Nsis-ay.pcap	udp_1678,10,0,,0,0,0.99922085
malware_none_Nsis-ay.pcap	udp_1643,10,0,,0,0,0.9990277
malware_none_Nsis-ay.pcap	udp_1062,10,0,,0,0,0.9992926
malware_none_Nsis-ay.pcap	udp_2447,10,0,,0,0,0.9989385
malware_none_Nsis-ay.pcap	udp_1398,10,0,,0,0,0.99902105
malware_none_Nsis-ay.pcap	udp_1657,10,0,,0,0,0.99917966
malware_none_Nsis-ay.pcap	udp_780,10,0,,0,0,0.99908745
malware_none_Nsis-ay.pcap	udp_1133,10,0,,0,0,0.9991562
malware_none_Nsis-ay.pcap	udp_2539,10,0,,0,0,0.9988802
malware_none_Nsis-ay.pcap	tcp_189,10,0,,0,0,0.9034121
malware_none_Nsis-ay.pcap	udp_1286,10,0,,0,0,0.99712974
malware_none_Nsis-ay.pcap	udp_1334,10,0,,0,0,0.99926406
malware_none_Nsis-ay.pcap	udp_2298,10,0,,0,0,0.99917954
malware_none_Nsis-ay.pcap	tcp_193,10,0,,0,0,0.9897199
malware_none_Nsis-ay.pcap	tcp_194,10,0,,0,0,0.98574364
malware_none_Nsis-ay.pcap	udp_1169,10,0,,0,0,0.9992933
malware_none_Nsis-ay.pcap	udp_1004,10,1,Bb_7,0,0,0.8094272
malware_none_Nsis-ay.pcap	udp_908,10,0,,0,0,0.99947363
malware_none_Nsis-ay.pcap	udp_2222,10,0,,0,0,0.9994609
malware_none_Nsis-ay.pcap	udp_1761,10,0,,0,0,0.99940854
malware_none_Nsis-ay.pcap	tcp_353,10,0,,0,0,0.9797855
malware_none_Nsis-ay.pcap	tcp_201,10,0,,0,0,0.64636743
malware_none_Nsis-ay.pcap	udp_1275,10,0,,0,0,0.9986361
malware_none_Nsis-ay.pcap	udp_1900,10,0,,0,0,0.99954164
malware_none_Nsis-ay.pcap	udp_1056,10,0,,0,1,0.02348503
malware_none_Nsis-ay.pcap	tcp_204,10,0,,0,0,0.908193
malware_none_Nsis-ay.pcap	udp_1766,10,0,,0,0,0.999303
malware_none_Nsis-ay.pcap	tcp_235,10,0,,0,0,0.11433495
malware_none_Nsis-ay.pcap	udp_2484,10,0,,0,0,0.9995921
malware_none_Nsis-ay.pcap	udp_1455,10,0,,0,0,0.99882954
malware_none_Nsis-ay.pcap	udp_2057,10,0,,0,0,0.9991941
malware_none_Nsis-ay.pcap	udp_2460,10,0,,0,0,0.99969494
malware_none_Nsis-ay.pcap	udp_2243,10,0,,0,0,0.9995316
malware_none_Nsis-ay.pcap	udp_2099,10,0,,0,0,0.9986164
malware_none_Nsis-ay.pcap	tcp_259,10,0,,0,0,0.99744517
malware_none_Nsis-ay.pcap	tcp_211,10,0,,0,0,0.70556927
malware_none_Nsis-ay.pcap	udp_2517,10,0,,0,0,0.99911135
malware_none_Nsis-ay.pcap	udp_2112,10,0,,0,0,0.9995088
malware_none_Nsis-ay.pcap	udp_539,10,0,,0,0,0.99954766
malware_none_Nsis-ay.pcap	udp_1251,10,0,,0,0,0.9996231
malware_none_Nsis-ay.pcap	udp_542,10,0,,0,0,0.9996625
malware_none_Nsis-ay.pcap	udp_2413,10,0,,0,0,0.9992588
malware_none_Nsis-ay.pcap	udp_2083,10,0,,0,0,0.99962586
malware_none_Nsis-ay.pcap	udp_547,10,0,,0,0,0.5927743
malware_none_Nsis-ay.pcap	udp_2217,10,0,,0,0,0.99969167
malware_none_Nsis-ay.pcap	tcp_220,10,0,,0,0,0.99190986
malware_none_Nsis-ay.pcap	udp_548,10,0,,0,0,0.9985116
malware_none_Nsis-ay.pcap	tcp_221,10,0,,0,0,0.7298601
malware_none_Nsis-ay.pcap	udp_2623,10,0,,0,0,0.9997714
malware_none_Nsis-ay.pcap	tcp_357,10,0,,1,1,0.00017542248
malware_none_Nsis-ay.pcap	udp_1980,10,0,,0,0,0.99949616
malware_none_Nsis-ay.pcap	udp_1545,10,0,,0,0,0.99929476
malware_none_Nsis-ay.pcap	udp_553,10,0,,0,0,0.9974941
malware_none_Nsis-ay.pcap	udp_1284,10,0,,0,0,0.9996502
malware_none_Nsis-ay.pcap	udp_890,10,0,,0,0,0.99950767
malware_none_Nsis-ay.pcap	udp_556,10,0,,0,0,0.9980564
malware_none_Nsis-ay.pcap	udp_2563,10,0,,0,0,0.99926275
malware_none_Nsis-ay.pcap	udp_558,10,0,,0,0,0.9990106
malware_none_Nsis-ay.pcap	udp_1789,10,0,,0,0,0.9996309
malware_none_Nsis-ay.pcap	udp_2560,10,0,,0,0,0.9996919
malware_none_Nsis-ay.pcap	tcp_224,10,0,,0,0,0.9890126
malware_none_Nsis-ay.pcap	udp_1378,10,0,,0,0,0.9992686
malware_none_Nsis-ay.pcap	udp_2462,10,0,,0,0,0.99969816
malware_none_Nsis-ay.pcap	udp_1012,10,0,,0,0,0.998733
malware_none_Nsis-ay.pcap	udp_1820,10,0,,0,0,0.99892145
malware_none_Nsis-ay.pcap	udp_1979,10,0,,0,0,0.9982854
malware_none_Nsis-ay.pcap	tcp_229,10,0,,0,0,0.81799835
malware_none_Nsis-ay.pcap	udp_2090,10,0,,0,0,0.9997008
malware_none_Nsis-ay.pcap	tcp_231,10,0,,0,0,0.9867533
malware_none_Nsis-ay.pcap	udp_2399,10,0,,0,0,0.9996784
malware_none_Nsis-ay.pcap	udp_855,10,0,,0,0,0.99890125
malware_none_Nsis-ay.pcap	udp_1299,10,0,,0,0,0.9988914
malware_none_Nsis-ay.pcap	udp_567,10,0,,0,0,0.9976463
malware_none_Nsis-ay.pcap	udp_568,10,0,,0,0,0.99798405
malware_none_Nsis-ay.pcap	udp_1572,10,0,,0,0,0.9987735
malware_none_Nsis-ay.pcap	udp_2026,10,0,,0,0,0.99722636
malware_none_Nsis-ay.pcap	udp_2482,10,0,,0,0,0.9993641
malware_none_Nsis-ay.pcap	udp_1397,10,0,,0,0,0.99920374
malware_none_Nsis-ay.pcap	udp_574,10,0,,0,0,0.99853176
malware_none_Nsis-ay.pcap	udp_576,10,0,,0,0,0.998203
malware_none_Nsis-ay.pcap	udp_578,10,0,,0,0,0.9990337
malware_none_Nsis-ay.pcap	udp_2566,10,0,,0,0,0.99917626
malware_none_Nsis-ay.pcap	udp_958,10,0,,0,0,0.9993456
malware_none_Nsis-ay.pcap	udp_1604,10,0,,0,0,0.9993164
malware_none_Nsis-ay.pcap	udp_2481,10,0,,0,0,0.9996245
malware_none_Nsis-ay.pcap	udp_583,10,0,,0,0,0.99915725
malware_none_Nsis-ay.pcap	tcp_302,10,0,,0,0,0.4392148
malware_none_Nsis-ay.pcap	udp_1463,10,0,,0,0,0.9971207
malware_none_Nsis-ay.pcap	udp_1316,10,0,,0,0,0.9993794
malware_none_Nsis-ay.pcap	udp_1825,10,0,,0,0,0.9993175
malware_none_Nsis-ay.pcap	udp_2233,10,0,,0,0,0.99899656
malware_none_Nsis-ay.pcap	udp_1279,10,0,,0,0,0.99861896
malware_none_Nsis-ay.pcap	udp_2004,10,0,,0,0,0.99968183
malware_none_Nsis-ay.pcap	udp_1807,10,0,,0,0,0.9992008
malware_none_Nsis-ay.pcap	udp_1672,10,0,,0,0,0.99922645
malware_none_Nsis-ay.pcap	tcp_348,10,0,,0,0,0.97380143
malware_none_Nsis-ay.pcap	udp_953,10,0,,0,0,0.9992575
malware_none_Nsis-ay.pcap	udp_1756,10,0,,0,0,0.99929416
malware_none_Nsis-ay.pcap	udp_864,10,0,,0,0,0.99889934
malware_none_Nsis-ay.pcap	udp_1622,10,0,,0,0,0.9992884
malware_none_Nsis-ay.pcap	udp_939,10,0,,0,0,0.99959624
malware_none_Nsis-ay.pcap	udp_1751,10,0,,0,0,0.99891454
malware_none_Nsis-ay.pcap	udp_1669,10,0,,0,0,0.9990982
malware_none_Nsis-ay.pcap	udp_605,10,0,,0,0,0.9989564
malware_none_Nsis-ay.pcap	udp_1394,10,0,,0,0,0.9987036
malware_none_Nsis-ay.pcap	udp_607,10,0,,0,0,0.99794954
malware_none_Nsis-ay.pcap	udp_2468,10,0,,0,0,0.99970263
malware_none_Nsis-ay.pcap	udp_2051,10,0,,0,0,0.99976414
malware_none_Nsis-ay.pcap	udp_1875,10,0,,0,0,0.9987961
malware_none_Nsis-ay.pcap	udp_611,10,0,,0,0,0.9995908
malware_none_Nsis-ay.pcap	udp_612,10,0,,0,0,0.99533975
malware_none_Nsis-ay.pcap	udp_613,10,0,,0,0,0.99795514
malware_none_Nsis-ay.pcap	udp_2499,10,0,,0,0,0.9997688
malware_none_Nsis-ay.pcap	udp_615,10,0,,0,0,0.99877465
malware_none_Nsis-ay.pcap	udp_1723,10,0,,0,0,0.9982652
malware_none_Nsis-ay.pcap	udp_1532,10,0,,0,0,0.9996793
malware_none_Nsis-ay.pcap	udp_2264,10,0,,0,0,0.9995086
malware_none_Nsis-ay.pcap	udp_619,10,0,,0,0,0.999567
malware_none_Nsis-ay.pcap	udp_621,10,0,,0,0,0.9992954
malware_none_Nsis-ay.pcap	udp_1603,10,0,,0,0,0.99916685
malware_none_Nsis-ay.pcap	tcp_249,10,0,,0,0,0.96349263
malware_none_Nsis-ay.pcap	udp_1076,10,0,,0,0,0.9976895
malware_none_Nsis-ay.pcap	udp_1746,10,0,,0,0,0.9998401
malware_none_Nsis-ay.pcap	udp_627,10,0,,0,0,0.99717104
malware_none_Nsis-ay.pcap	udp_629,10,0,,0,0,0.99759674
malware_none_Nsis-ay.pcap	udp_2231,10,0,,0,0,0.9995425
malware_none_Nsis-ay.pcap	tcp_253,10,0,,0,0,0.99719894
malware_none_Nsis-ay.pcap	udp_2490,10,0,,0,0,0.9996574
malware_none_Nsis-ay.pcap	udp_2275,10,0,,0,0,0.9992255
malware_none_Nsis-ay.pcap	udp_639,10,0,,0,0,0.9993907
malware_none_Nsis-ay.pcap	udp_809,10,0,,0,0,0.999357
malware_none_Nsis-ay.pcap	udp_1121,10,0,,0,0,0.98584497
malware_none_Nsis-ay.pcap	udp_643,10,0,,0,0,0.99919695
malware_none_Nsis-ay.pcap	udp_1146,10,0,,0,0,0.9985372
malware_none_Nsis-ay.pcap	udp_1079,10,0,,0,0,0.9987841
malware_none_Nsis-ay.pcap	udp_1456,10,0,,0,0,0.99933547
malware_none_Nsis-ay.pcap	udp_1986,10,0,,0,0,0.9994986
malware_none_Nsis-ay.pcap	udp_651,10,0,,0,0,0.99873143
malware_none_Nsis-ay.pcap	udp_2184,10,0,,0,0,0.99939847
malware_none_Nsis-ay.pcap	udp_2541,10,0,,0,0,0.99948114
malware_none_Nsis-ay.pcap	udp_995,10,0,,0,0,0.9994766
malware_none_Nsis-ay.pcap	udp_657,10,0,,0,0,0.9990022
malware_none_Nsis-ay.pcap	udp_2628,10,0,,0,0,0.9986407
malware_none_Nsis-ay.pcap	udp_1638,10,0,,0,0,0.99952316
malware_none_Nsis-ay.pcap	udp_2345,10,0,,0,0,0.9995158
malware_none_Nsis-ay.pcap	udp_663,10,0,,0,0,0.9986095
malware_none_Nsis-ay.pcap	udp_1103,10,0,,0,0,0.9982919
malware_none_Nsis-ay.pcap	udp_1880,10,0,,0,0,0.9995077
malware_none_Nsis-ay.pcap	udp_667,10,0,,0,0,0.99858683
malware_none_Nsis-ay.pcap	udp_2084,10,0,,0,0,0.9997506
malware_none_Nsis-ay.pcap	udp_2155,10,0,,0,0,0.99918634
malware_none_Nsis-ay.pcap	udp_672,10,0,,0,0,0.9988441
malware_none_Nsis-ay.pcap	udp_2546,10,0,,0,0,0.99959064
malware_none_Nsis-ay.pcap	udp_2269,10,0,,0,0,0.99941564
malware_none_Nsis-ay.pcap	udp_676,10,0,,0,0,0.99927366
malware_none_Nsis-ay.pcap	udp_1585,10,0,,0,0,0.9991831
malware_none_Nsis-ay.pcap	tcp_314,10,0,,0,0,0.9974592
malware_none_Nsis-ay.pcap	udp_891,10,0,,0,0,0.9991233
malware_none_Nsis-ay.pcap	udp_680,10,0,,0,0,0.999052
malware_none_Nsis-ay.pcap	udp_681,10,0,,0,0,0.99848807
malware_none_Nsis-ay.pcap	udp_2537,10,0,,0,0,0.9993181
malware_none_Nsis-ay.pcap	udp_898,10,1,Bb_7,1,1,0.004511245
malware_none_Nsis-ay.pcap	udp_684,10,0,,0,0,0.9988619
malware_none_Nsis-ay.pcap	udp_685,10,0,,0,0,0.9976725
malware_none_Nsis-ay.pcap	udp_688,10,0,,0,0,0.9987399
malware_none_Nsis-ay.pcap	udp_689,10,0,,0,0,0.9994765
malware_none_Nsis-ay.pcap	udp_2445,10,0,,0,0,0.99949026
malware_none_Nsis-ay.pcap	udp_1280,10,0,,0,0,0.9997325
malware_none_Nsis-ay.pcap	udp_1717,10,0,,0,0,0.9990901
malware_none_Nsis-ay.pcap	udp_1569,10,0,,0,0,0.99860674
malware_none_Nsis-ay.pcap	udp_1342,10,0,,0,0,0.9996908
malware_none_Nsis-ay.pcap	udp_2208,10,0,,0,0,0.99829525
malware_none_Nsis-ay.pcap	udp_1779,10,0,,0,0,0.99882245
malware_none_Nsis-ay.pcap	udp_697,10,0,,0,0,0.9974371
malware_none_Nsis-ay.pcap	udp_698,10,0,,0,0,0.99871194
malware_none_Nsis-ay.pcap	udp_2617,10,0,,0,0,0.9972642
malware_none_Nsis-ay.pcap	udp_701,10,0,,0,0,0.9987136
malware_none_Nsis-ay.pcap	udp_702,10,0,,0,0,0.99884725
malware_none_Nsis-ay.pcap	udp_2236,10,0,,0,0,0.9992682
malware_none_Nsis-ay.pcap	udp_704,10,0,,0,0,0.998872
malware_none_Nsis-ay.pcap	udp_705,10,0,,0,0,0.9982319
malware_none_Nsis-ay.pcap	udp_706,10,0,,0,0,0.99736327
malware_none_Nsis-ay.pcap	udp_708,10,0,,0,0,0.99765813
malware_none_Nsis-ay.pcap	udp_1782,10,0,,0,0,0.9993206
malware_none_Nsis-ay.pcap	udp_1892,10,0,,0,0,0.99907756
malware_none_Nsis-ay.pcap	udp_712,10,0,,0,0,0.9984247
malware_none_Nsis-ay.pcap	udp_2006,10,0,,0,0,0.9996569
malware_none_Nsis-ay.pcap	udp_2485,10,0,,0,0,0.99939144
malware_none_Nsis-ay.pcap	udp_716,10,0,,0,0,0.9985532
malware_none_Nsis-ay.pcap	udp_2134,10,0,,0,0,0.9996531
malware_none_Nsis-ay.pcap	udp_1528,10,0,,0,0,0.99914336
malware_none_Nsis-ay.pcap	udp_1351,10,0,,0,0,0.99981296
malware_none_Nsis-ay.pcap	udp_1632,10,0,,0,0,0.9997308
malware_none_Nsis-ay.pcap	udp_1434,10,0,,0,0,0.99954444
malware_none_Nsis-ay.pcap	udp_1130,10,0,,0,0,0.99767756
malware_none_Nsis-ay.pcap	udp_2386,10,0,,0,0,0.9992662
malware_none_Nsis-ay.pcap	udp_2489,10,0,,0,0,0.9995642
malware_none_Nsis-ay.pcap	udp_726,10,0,,0,0,0.99342257
malware_none_Nsis-ay.pcap	udp_727,10,0,,0,0,0.99978083
malware_none_Nsis-ay.pcap	udp_1775,10,0,,0,0,0.99904376
malware_none_Nsis-ay.pcap	udp_731,10,0,,0,0,0.99937344
malware_none_Nsis-ay.pcap	udp_1971,10,0,,0,0,0.9998151
malware_none_Nsis-ay.pcap	udp_2572,10,0,,0,0,0.99975026
malware_none_Nsis-ay.pcap	tcp_237,10,0,,0,0,0.41775712
malware_none_Nsis-ay.pcap	tcp_319,10,0,,0,0,0.8331924
malware_none_Nsis-ay.pcap	tcp_260,10,0,,0,0,0.99798155
malware_none_Nsis-ay.pcap	udp_977,10,0,,0,0,0.9988821
malware_none_Nsis-ay.pcap	udp_1147,10,0,,0,0,0.99269426
malware_none_Nsis-ay.pcap	udp_793,10,0,,0,0,0.99901426
malware_none_Nsis-ay.pcap	udp_743,10,0,,0,0,0.99881536
malware_none_Nsis-ay.pcap	udp_1945,10,0,,0,0,0.9978782
malware_none_Nsis-ay.pcap	udp_2353,10,0,,0,0,0.9988242
malware_none_Nsis-ay.pcap	udp_839,10,0,,0,0,0.99956423
malware_none_Nsis-ay.pcap	udp_1551,10,0,,0,0,0.9992484
malware_none_Nsis-ay.pcap	udp_2202,10,0,,0,0,0.9993082
malware_none_Nsis-ay.pcap	udp_1959,10,0,,0,0,0.9956341
malware_none_Nsis-ay.pcap	udp_1399,10,0,,0,0,0.99979687
malware_none_Nsis-ay.pcap	udp_751,10,0,,0,0,0.9987423
malware_none_Nsis-ay.pcap	udp_752,10,0,,0,0,0.997881
malware_none_Nsis-ay.pcap	udp_1871,10,0,,0,0,0.9995766
malware_none_Nsis-ay.pcap	udp_1263,10,0,,0,0,0.9996101
malware_none_Nsis-ay.pcap	udp_2341,10,0,,0,0,0.9994085
malware_none_Nsis-ay.pcap	udp_1052,10,0,,0,0,0.9983654
malware_none_Nsis-ay.pcap	udp_1025,10,0,,0,0,0.11241409
malware_none_Nsis-ay.pcap	tcp_282,10,0,,0,0,0.98546034
malware_none_Nsis-ay.pcap	tcp_289,10,0,,0,0,0.9930684
malware_none_Nsis-ay.pcap	udp_1810,10,0,,0,0,0.99949646
malware_none_Nsis-ay.pcap	udp_1769,10,0,,0,0,0.9992412
malware_none_Nsis-ay.pcap	udp_2365,10,0,,0,0,0.99977213
malware_none_Nsis-ay.pcap	udp_1522,10,0,,0,0,0.99966747
malware_none_Neris.pcap	udp_0,9,1,Cc_5;Bb_7,0,0,0.08762013
malware_none_Neris.pcap	udp_1,9,1,Bb_7,0,0,0.7148369
malware_none_Neris.pcap	tcp_0,9,0,,0,0,0.30492628
malware_none_Neris.pcap	tcp_2269,9,0,,0,0,0.96228373
malware_none_Neris.pcap	udp_3,9,1,Cc_5;Bb_7,1,1,0.0015888284
malware_none_Neris.pcap	tcp_1096,9,0,,0,0,0.64122313
malware_none_Neris.pcap	tcp_2,9,0,,0,0,0.95948255
malware_none_Neris.pcap	tcp_1938,9,0,,0,0,0.9853904
malware_none_Neris.pcap	tcp_2634,9,0,,0,0,0.9984742
malware_none_Neris.pcap	tcp_2667,9,0,,0,0,0.99924755
malware_none_Neris.pcap	tcp_2693,9,0,,0,0,0.9968594
malware_none_Neris.pcap	tcp_7,9,0,,0,0,0.22905128
malware_none_Neris.pcap	tcp_2249,9,0,,0,0,0.99459016
malware_none_Neris.pcap	tcp_978,9,0,,0,0,0.9271571
malware_none_Neris.pcap	tcp_2577,9,0,,0,0,0.98800176
malware_none_Neris.pcap	tcp_11,9,0,,0,0,0.26489976
malware_none_Neris.pcap	tcp_1667,9,0,,1,0,0.056569133
malware_none_Neris.pcap	tcp_13,9,0,,0,0,0.26820138
malware_none_Neris.pcap	tcp_1463,9,0,,0,0,0.86664104
malware_none_Neris.pcap	tcp_15,9,0,,0,0,0.85838103
malware_none_Neris.pcap	tcp_2051,9,0,,0,0,0.998645
malware_none_Neris.pcap	tcp_1350,9,0,,0,0,0.99803275
malware_none_Neris.pcap	tcp_2539,9,0,,0,0,0.99979043
malware_none_Neris.pcap	tcp_1232,9,0,,0,0,0.20363574
malware_none_Neris.pcap	tcp_2069,9,0,,0,0,0.9998493
malware_none_Neris.pcap	tcp_21,9,0,,0,0,0.82582605
malware_none_Neris.pcap	tcp_22,9,0,,0,0,0.9589167
malware_none_Neris.pcap	tcp_2338,9,0,,0,0,0.9987388
malware_none_Neris.pcap	tcp_25,9,0,,0,0,0.23925936
malware_none_Neris.pcap	tcp_1587,9,0,,0,0,0.9444236
malware_none_Neris.pcap	tcp_1599,9,0,,0,0,0.8763761
malware_none_Neris.pcap	tcp_2245,9,0,,0,0,0.9988824
malware_none_Neris.pcap	tcp_2354,9,0,,0,0,0.999479
malware_none_Neris.pcap	tcp_2079,9,0,,0,0,0.99772024
malware_none_Neris.pcap	tcp_1098,9,0,,0,0,0.34656134
malware_none_Neris.pcap	tcp_1270,9,0,,0,0,0.77040756
malware_none_Neris.pcap	tcp_1768,9,0,,0,0,0.9890249
malware_none_Neris.pcap	tcp_36,9,0,,0,0,0.85526484
malware_none_Neris.pcap	tcp_2494,9,0,,0,0,0.99946976
malware_none_Neris.pcap	tcp_2173,9,0,,0,0,0.99922955
malware_none_Neris.pcap	tcp_1632,9,0,,0,0,0.816891
malware_none_Neris.pcap	tcp_2420,9,0,,0,0,0.9987604
malware_none_Neris.pcap	tcp_43,9,0,,0,0,0.6829059
malware_none_Neris.pcap	tcp_2302,9,0,,0,0,0.99865973
malware_none_Neris.pcap	tcp_2551,9,0,,0,0,0.9983388
malware_none_Neris.pcap	tcp_2128,9,0,,0,0,0.99897933
malware_none_Neris.pcap	tcp_1151,9,0,,0,0,0.44433984
malware_none_Neris.pcap	tcp_2308,9,0,,0,0,0.99855334
malware_none_Neris.pcap	tcp_53,9,0,,1,1,0.035614982
malware_none_Neris.pcap	tcp_1926,9,0,,0,0,0.99637043
malware_none_Neris.pcap	tcp_1877,9,0,,0,0,0.99171
malware_none_Neris.pcap	tcp_57,9,0,,1,0,0.14535087
malware_none_Neris.pcap	tcp_1584,9,0,,0,0,0.74894005
malware_none_Neris.pcap	tcp_59,9,0,,0,0,0.42719182
malware_none_Neris.pcap	tcp_60,9,0,,0,0,0.2995859
malware_none_Neris.pcap	tcp_1204,9,0,,0,0,0.45446727
malware_none_Neris.pcap	tcp_1272,9,0,,0,0,0.9831495
malware_none_Neris.pcap	tcp_63,9,0,,0,0,0.6964555
malware_none_Neris.pcap	tcp_64,9,0,,1,0,0.18756242
malware_none_Neris.pcap	tcp_65,9,0,,0,0,0.9655439
malware_none_Neris.pcap	tcp_67,9,0,,0,0,0.9744915
malware_none_Neris.pcap	tcp_962,9,0,,0,0,0.98205876
malware_none_Neris.pcap	tcp_2057,9,0,,0,0,0.99792683
malware_none_Neris.pcap	tcp_2884,9,0,,0,0,0.998344
malware_none_Neris.pcap	tcp_2719,9,0,,0,0,0.9993723
malware_none_Neris.pcap	tcp_1711,9,0,,0,0,0.9692574
malware_none_Neris.pcap	tcp_2801,9,0,,0,0,0.98563474
malware_none_Neris.pcap	tcp_1841,9,0,,0,0,0.91786295
malware_none_Neris.pcap	tcp_78,9,0,,0,0,0.23293608
malware_none_Neris.pcap	tcp_1110,9,0,,0,0,0.2791372
malware_none_Neris.pcap	tcp_80,9,0,,0,0,0.980331
malware_none_Neris.pcap	tcp_1864,9,0,,0,0,0.9951937
malware_none_Neris.pcap	tcp_82,9,0,,1,0,0.044965502
malware_none_Neris.pcap	tcp_83,9,0,,0,0,0.79171735
malware_none_Neris.pcap	tcp_1340,9,0,,0,0,0.8850023
malware_none_Neris.pcap	tcp_955,9,0,,0,0,0.9884602
malware_none_Neris.pcap	tcp_87,9,0,,0,0,0.56429994
malware_none_Neris.pcap	tcp_2187,9,0,,0,0,0.99936825
malware_none_Neris.pcap	tcp_1871,9,0,,0,0,0.9875691
malware_none_Neris.pcap	tcp_2329,9,0,,0,0,0.9993842
malware_none_Neris.pcap	udp_7,9,0,,1,1,0.003364173
malware_none_Neris.pcap	tcp_92,9,0,,0,0,0.44127825
malware_none_Neris.pcap	tcp_93,9,0,,0,0,0.9695874
malware_none_Neris.pcap	tcp_94,9,0,,0,0,0.734029
malware_none_Neris.pcap	tcp_1343,9,0,,0,0,0.97043276
malware_none_Neris.pcap	tcp_1332,9,0,,0,0,0.9763497
malware_none_Neris.pcap	tcp_97,9,0,,0,0,0.904767
malware_none_Neris.pcap	tcp_1748,9,0,,1,0,0.17550822
malware_none_Neris.pcap	tcp_100,9,0,,0,0,0.99829847
malware_none_Neris.pcap	tcp_1616,9,0,,0,0,0.86078846
malware_none_Neris.pcap	tcp_2500,9,0,,0,0,0.9956149
malware_none_Neris.pcap	tcp_2416,9,0,,0,0,0.99886453
malware_none_Neris.pcap	tcp_104,9,0,,0,0,0.41848627
malware_none_Neris.pcap	tcp_2381,9,0,,0,0,0.99785894
malware_none_Neris.pcap	tcp_2092,9,0,,0,0,0.99911064
malware_none_Neris.pcap	tcp_1418,9,0,,0,0,0.5986542
malware_none_Neris.pcap	tcp_109,9,0,,0,0,0.8404418
malware_none_Neris.pcap	tcp_2871,9,0,,0,0,0.99692947
malware_none_Neris.pcap	tcp_1765,9,0,,0,0,0.9719986
malware_none_Neris.pcap	tcp_2053,9,0,,0,0,0.99626267
malware_none_Neris.pcap	tcp_1290,9,0,,1,0,0.18339713
malware_none_Neris.pcap	tcp_1158,9,0,,0,0,0.9865426
malware_none_Neris.pcap	tcp_2064,9,0,,0,0,0.99939275
malware_none_Neris.pcap	tcp_117,9,0,,0,0,0.87989014
malware_none_Neris.pcap	tcp_2209,9,0,,0,0,0.9992549
malware_none_Neris.pcap	tcp_2798,9,0,,0,0,0.9995135
malware_none_Neris.pcap	tcp_120,9,0,,0,0,0.9814291
malware_none_Neris.pcap	tcp_2010,9,0,,0,0,0.9991817
malware_none_Neris.pcap	tcp_2674,9,0,,0,0,0.99854016
malware_none_Neris.pcap	tcp_1940,9,0,,0,0,0.9967583
malware_none_Neris.pcap	tcp_124,9,0,,0,0,0.9529675
malware_none_Neris.pcap	tcp_125,9,0,,0,0,0.9655496
malware_none_Neris.pcap	tcp_2382,9,0,,0,0,0.97419703
malware_none_Neris.pcap	tcp_128,9,0,,0,0,0.8013865
malware_none_Neris.pcap	tcp_131,9,0,,0,0,0.7629529
malware_none_Neris.pcap	tcp_134,9,0,,0,0,0.9387421
malware_none_Neris.pcap	tcp_135,9,0,,0,0,0.9918865
malware_none_Neris.pcap	tcp_1560,9,0,,0,0,0.19793604
malware_none_Neris.pcap	tcp_137,9,0,,0,0,0.9926206
malware_none_Neris.pcap	tcp_1339,9,0,,0,0,0.6772449
malware_none_Neris.pcap	tcp_139,9,0,,0,0,0.9930259
malware_none_Neris.pcap	tcp_2135,9,0,,0,0,0.9991308
malware_none_Neris.pcap	tcp_1948,9,0,,0,0,0.97350115
malware_none_Neris.pcap	tcp_2704,9,0,,0,0,0.99510455
malware_none_Neris.pcap	tcp_1576,9,0,,0,0,0.91789204
malware_none_Neris.pcap	tcp_1601,9,0,,0,0,0.99642676
malware_none_Neris.pcap	tcp_1853,9,0,,0,0,0.38948283
malware_none_Neris.pcap	tcp_1390,9,0,,0,0,0.9400693
malware_none_Neris.pcap	tcp_148,9,0,,0,0,0.9953432
malware_none_Neris.pcap	tcp_149,9,0,,0,0,0.91317534
malware_none_Neris.pcap	tcp_150,9,0,,0,0,0.9768961
malware_none_Neris.pcap	tcp_151,9,0,,0,0,0.5749679
malware_none_Neris.pcap	tcp_152,9,0,,0,0,0.99207073
malware_none_Neris.pcap	tcp_1568,9,0,,0,0,0.972856
malware_none_Neris.pcap	tcp_1073,9,0,,0,0,0.8506814
malware_none_Neris.pcap	tcp_156,9,0,,0,0,0.84217364
malware_none_Neris.pcap	tcp_1454,9,0,,0,0,0.772372
malware_none_Neris.pcap	tcp_995,9,0,,1,1,0.005719373
malware_none_Neris.pcap	tcp_2089,9,0,,0,0,0.9993277
malware_none_Neris.pcap	tcp_1144,9,0,,0,0,0.9939673
malware_none_Neris.pcap	tcp_161,9,0,,0,0,0.99872583
malware_none_Neris.pcap	tcp_162,9,0,,0,0,0.9192818
malware_none_Neris.pcap	tcp_2225,9,0,,0,0,0.99671197
malware_none_Neris.pcap	tcp_1798,9,0,,0,0,0.39722565
malware_none_Neris.pcap	tcp_1373,9,0,,0,0,0.9660998
malware_none_Neris.pcap	tcp_2469,9,0,,0,0,0.99444616
malware_none_Neris.pcap	tcp_169,9,0,,0,0,0.9949787
malware_none_Neris.pcap	tcp_1967,9,0,,0,0,0.9952545
malware_none_Neris.pcap	tcp_172,9,0,,0,0,0.36721998
malware_none_Neris.pcap	tcp_1298,9,0,,0,0,0.9902179
malware_none_Neris.pcap	tcp_2444,9,0,,0,0,0.998095
malware_none_Neris.pcap	tcp_1893,9,0,,0,0,0.9648873
malware_none_Neris.pcap	tcp_1911,9,0,,0,0,0.9990135
malware_none_Neris.pcap	tcp_178,9,0,,0,0,0.8547723
malware_none_Neris.pcap	tcp_179,9,0,,0,0,0.50626004
malware_none_Neris.pcap	tcp_2437,9,0,,0,0,0.999326
malware_none_Neris.pcap	tcp_1514,9,0,,0,0,0.98982185
malware_none_Neris.pcap	tcp_182,9,0,,0,0,0.9890536
malware_none_Neris.pcap	tcp_1038,9,0,,0,0,0.8575584
malware_none_Neris.pcap	tcp_2014,9,0,,0,0,0.998698
malware_none_Neris.pcap	tcp_1118,9,0,,0,0,0.797776
malware_none_Neris.pcap	tcp_2479,9,0,,0,0,0.9910218
malware_none_Neris.pcap	tcp_2093,9,0,,0,0,0.998492
malware_none_Neris.pcap	tcp_189,9,0,,0,0,0.95638
malware_none_Neris.pcap	tcp_2355,9,0,,0,0,0.99872047
malware_none_Neris.pcap	tcp_1808,9,0,,0,0,0.97961307
malware_none_Neris.pcap	tcp_2883,9,0,,0,0,0.998877
malware_none_Neris.pcap	tcp_193,9,0,,0,0,0.8800904
malware_none_Neris.pcap	tcp_194,9,0,,0,0,0.46318862
malware_none_Neris.pcap	tcp_1205,9,0,,0,0,0.9682095
malware_none_Neris.pcap	tcp_1330,9,0,,0,0,0.9329049
malware_none_Neris.pcap	tcp_197,9,0,,0,0,0.19654754
malware_none_Neris.pcap	tcp_2932,9,0,,0,0,0.99858725
malware_none_Neris.pcap	tcp_199,9,0,,0,0,0.9977947
malware_none_Neris.pcap	tcp_203,9,0,,0,0,0.59947515
malware_none_Neris.pcap	tcp_204,9,0,,0,0,0.5884952
malware_none_Neris.pcap	tcp_205,9,0,,0,0,0.78129655
malware_none_Neris.pcap	tcp_1351,9,0,,0,0,0.990423
malware_none_Neris.pcap	tcp_208,9,0,,0,0,0.9834792
malware_none_Neris.pcap	tcp_1951,9,0,,0,0,0.9899833
malware_none_Neris.pcap	tcp_1311,9,0,,0,0,0.8734654
malware_none_Neris.pcap	tcp_2006,9,0,,0,0,0.98936075
malware_none_Neris.pcap	tcp_2471,9,0,,0,0,0.9988005
malware_none_Neris.pcap	tcp_214,9,0,,0,0,0.9877376
malware_none_Neris.pcap	tcp_2728,9,0,,0,0,0.9927148
malware_none_Neris.pcap	tcp_217,9,0,,0,0,0.9839295
malware_none_Neris.pcap	tcp_2343,9,0,,0,0,0.9996123
malware_none_Neris.pcap	tcp_219,9,0,,0,0,0.98762774
malware_none_Neris.pcap	tcp_1424,9,0,,0,0,0.99420315
malware_none_Neris.pcap	tcp_221,9,0,,0,0,0.9941824
malware_none_Neris.pcap	tcp_1712,9,0,,0,0,0.98155105
malware_none_Neris.pcap	tcp_2133,9,0,,0,0,0.9997152
malware_none_Neris.pcap	tcp_225,9,0,,0,0,0.9920566
malware_none_Neris.pcap	tcp_975,9,0,,0,0,0.6917916
malware_none_Neris.pcap	tcp_227,9,0,,0,0,0.9968945
malware_none_Neris.pcap	tcp_1468,9,0,,0,0,0.99316037
malware_none_Neris.pcap	tcp_2439,9,0,,0,0,0.9988253
malware_none_Neris.pcap	tcp_1763,9,0,,0,0,0.6149139
malware_none_Neris.pcap	tcp_1878,9,0,,0,0,0.9936491
malware_none_Neris.pcap	tcp_2237,9,0,,0,0,0.999489
malware_none_Neris.pcap	tcp_2688,9,0,,0,0,0.9986643
malware_none_Neris.pcap	tcp_2738,9,0,,0,0,0.99882144
malware_none_Neris.pcap	tcp_237,9,0,,0,0,0.93703973
malware_none_Neris.pcap	tcp_239,9,0,,0,0,0.8904126
malware_none_Neris.pcap	tcp_1729,9,0,,0,0,0.97062826
malware_none_Neris.pcap	tcp_241,9,0,,0,0,0.5459869
malware_none_Neris.pcap	tcp_1228,9,0,,0,0,0.9965723
malware_none_Neris.pcap	tcp_1698,9,0,,0,0,0.84655184
malware_none_Neris.pcap	tcp_245,9,0,,0,0,0.96316326
malware_none_Neris.pcap	tcp_246,9,0,,0,0,0.97388387
malware_none_Neris.pcap	tcp_1268,9,0,,0,0,0.50741804
malware_none_Neris.pcap	tcp_1671,9,0,,0,0,0.73238415
malware_none_Neris.pcap	tcp_249,9,0,,0,0,0.7241791
malware_none_Neris.pcap	tcp_1074,9,0,,0,0,0.7547724
malware_none_Neris.pcap	tcp_251,9,0,,0,0,0.9175377
malware_none_Neris.pcap	tcp_2240,9,0,,0,0,0.99805343
malware_none_Neris.pcap	tcp_1222,9,0,,0,0,0.93905514
malware_none_Neris.pcap	tcp_2016,9,0,,0,0,0.99729455
malware_none_Neris.pcap	tcp_2897,9,0,,0,0,0.9991903
malware_none_Neris.pcap	tcp_1730,9,0,,0,0,0.72983176
malware_none_Neris.pcap	tcp_2029,9,0,,0,0,0.99951124
malware_none_Neris.pcap	tcp_1976,9,0,,0,0,0.99887526
malware_none_Neris.pcap	tcp_261,9,0,,0,0,0.9096098
malware_none_Neris.pcap	tcp_2318,9,0,,0,0,0.9994918
malware_none_Neris.pcap	tcp_2890,9,0,,0,0,0.99893147
malware_none_Neris.pcap	tcp_265,9,0,,0,0,0.94834614
malware_none_Neris.pcap	tcp_2754,9,0,,0,0,0.9986533
malware_none_Neris.pcap	tcp_2450,9,0,,0,0,0.9996457
malware_none_Neris.pcap	tcp_270,9,0,,0,0,0.9702811
malware_none_Neris.pcap	tcp_1391,9,0,,0,0,0.22416808
malware_none_Neris.pcap	tcp_272,9,0,,0,0,0.83650357
malware_none_Neris.pcap	tcp_2208,9,0,,0,0,0.9980352
malware_none_Neris.pcap	tcp_2060,9,0,,0,0,0.9995603
malware_none_Neris.pcap	tcp_275,9,0,,0,0,0.8278381
malware_none_Neris.pcap	tcp_276,9,0,,0,0,0.9913239
malware_none_Neris.pcap	tcp_2470,9,0,,0,0,0.99808806
malware_none_Neris.pcap	tcp_1058,9,0,,0,0,0.7678992
malware_none_Neris.pcap	tcp_1209,9,0,,0,0,0.9603729
malware_none_Neris.pcap	tcp_281,9,0,,0,0,0.7116588
malware_none_Neris.pcap	tcp_282,9,0,,0,0,0.97876096
malware_none_Neris.pcap	tcp_283,9,0,,0,0,0.9974019
malware_none_Neris.pcap	tcp_2277,9,0,,0,0,0.99741423
malware_none_Neris.pcap	tcp_286,9,0,,0,0,0.9179029
malware_none_Neris.pcap	tcp_2583,9,0,,0,0,0.99828523
malware_none_Neris.pcap	tcp_291,9,0,,0,0,0.99427885
malware_none_Neris.pcap	tcp_1064,9,0,,0,0,0.74815893
malware_none_Neris.pcap	tcp_1908,9,0,,0,0,0.99553573
malware_none_Neris.pcap	tcp_2715,9,0,,0,0,0.99878615
malware_none_Neris.pcap	tcp_2150,9,0,,0,0,0.999203
malware_none_Neris.pcap	tcp_296,9,0,,0,0,0.91266245
malware_none_Neris.pcap	tcp_1434,9,0,,1,0,0.055317014
malware_none_Neris.pcap	tcp_1771,9,0,,0,0,0.77389246
malware_none_Neris.pcap	tcp_299,9,0,,0,0,0.5975085
malware_none_Neris.pcap	tcp_1140,9,0,,0,0,0.8829663
malware_none_Neris.pcap	tcp_301,9,0,,0,1,0.019734822
malware_none_Neris.pcap	tcp_2697,9,0,,0,0,0.99940133
malware_none_Neris.pcap	tcp_1084,9,0,,0,0,0.876978
malware_none_Neris.pcap	tcp_1243,9,0,,1,0,0.09392449
malware_none_Neris.pcap	tcp_1150,9,0,,0,0,0.9927215
malware_none_Neris.pcap	tcp_1891,9,0,,0,0,0.97442913
malware_none_Neris.pcap	tcp_1361,9,0,,0,0,0.47536355
malware_none_Neris.pcap	tcp_2234,9,0,,0,0,0.9908742
malware_none_Neris.pcap	tcp_310,9,0,,0,0,0.9853955
malware_none_Neris.pcap	tcp_2421,9,0,,0,0,0.9969934
malware_none_Neris.pcap	tcp_2598,9,0,,0,0,0.9960056
malware_none_Neris.pcap	tcp_314,9,0,,0,0,0.9472697
malware_none_Neris.pcap	tcp_2877,9,0,,0,0,0.99569774
malware_none_Neris.pcap	tcp_1524,9,0,,0,0,0.99576277
malware_none_Neris.pcap	tcp_2388,9,0,,0,0,0.9988524
malware_none_Neris.pcap	tcp_1247,9,0,,0,0,0.9434542
malware_none_Neris.pcap	tcp_321,9,0,,0,0,0.93575275
malware_none_Neris.pcap	tcp_1470,9,0,,0,0,0.96082914
malware_none_Neris.pcap	tcp_323,9,0,,0,0,0.8584988
malware_none_Neris.pcap	tcp_2180,9,0,,0,0,0.99934983
malware_none_Neris.pcap	tcp_325,9,0,,0,0,0.9039963
malware_none_Neris.pcap	tcp_1518,9,0,,0,0,0.9961009
malware_none_Neris.pcap	tcp_2194,9,0,,0,0,0.99930716
malware_none_Neris.pcap	tcp_2670,9,0,,0,0,0.99875987
malware_none_Neris.pcap	tcp_2737,9,0,,0,0,0.9860312
malware_none_Neris.pcap	tcp_1165,9,0,,0,0,0.99566865
malware_none_Neris.pcap	tcp_1444,9,0,,0,0,0.8938621
malware_none_Neris.pcap	tcp_333,9,0,,0,0,0.98298097
malware_none_Neris.pcap	tcp_974,9,0,,0,0,0.9156027
malware_none_Neris.pcap	tcp_335,9,0,,0,0,0.99160904
malware_none_Neris.pcap	tcp_1294,9,0,,0,0,0.94231254
malware_none_Neris.pcap	tcp_1501,9,0,,0,0,0.6831777
malware_none_Neris.pcap	tcp_338,9,0,,0,0,0.9952193
malware_none_Neris.pcap	tcp_2909,9,0,,0,0,0.9880341
malware_none_Neris.pcap	tcp_1328,9,0,,0,0,0.69465995
malware_none_Neris.pcap	tcp_1678,9,0,,0,0,0.6864096
malware_none_Neris.pcap	tcp_342,9,0,,0,0,0.84769076
malware_none_Neris.pcap	tcp_2415,9,0,,0,0,0.9875363
malware_none_Neris.pcap	tcp_1167,9,0,,0,0,0.9570513
malware_none_Neris.pcap	tcp_1727,9,0,,0,0,0.93613505
malware_none_Neris.pcap	tcp_1887,9,0,,0,0,0.9974216
malware_none_Neris.pcap	tcp_352,9,0,,0,0,0.9179941
malware_none_Neris.pcap	tcp_1794,9,0,,0,0,0.9617355
malware_none_Neris.pcap	tcp_1431,9,0,,0,0,0.7515616
malware_none_Neris.pcap	tcp_355,9,0,,0,0,0.98671794
malware_none_Neris.pcap	tcp_356,9,0,,0,0,0.98258966
malware_none_Neris.pcap	tcp_1597,9,0,,0,0,0.79692614
malware_none_Neris.pcap	tcp_358,9,0,,0,0,0.92805046
malware_none_Neris.pcap	tcp_2011,9,0,,0,0,0.9972062
malware_none_Neris.pcap	tcp_360,9,0,,0,0,0.9277938
malware_none_Neris.pcap	tcp_2924,9,0,,0,0,0.9957766
malware_none_Neris.pcap	tcp_2374,9,0,,0,0,0.9956774
malware_none_Neris.pcap	tcp_364,9,0,,0,0,0.9949266
malware_none_Neris.pcap	tcp_2386,9,0,,0,0,0.99606967
malware_none_Neris.pcap	tcp_2179,9,0,,0,0,0.99881434
malware_none_Neris.pcap	tcp_2840,9,0,,0,0,0.99636346
malware_none_Neris.pcap	tcp_1875,9,0,,0,0,0.98206526
malware_none_Neris.pcap	tcp_369,9,0,,0,0,0.8654741
malware_none_Neris.pcap	tcp_1700,9,0,,0,0,0.99445623
malware_none_Neris.pcap	tcp_1777,9,0,,0,0,0.87877923
malware_none_Neris.pcap	tcp_2487,9,0,,0,0,0.9946974
malware_none_Neris.pcap	tcp_968,9,0,,0,0,0.9646123
malware_none_Neris.pcap	tcp_1218,9,0,,0,0,0.9317006
malware_none_Neris.pcap	tcp_376,9,0,,0,0,0.9096673
malware_none_Neris.pcap	tcp_378,9,0,,0,0,0.9427774
malware_none_Neris.pcap	tcp_2632,9,0,,0,0,0.9986228
malware_none_Neris.pcap	tcp_1018,9,0,,1,0,0.17147891
malware_none_Neris.pcap	tcp_381,9,0,,0,0,0.8243914
malware_none_Neris.pcap	tcp_1201,9,0,,0,0,0.9746833
malware_none_Neris.pcap	tcp_2102,9,0,,0,0,0.999093
malware_none_Neris.pcap	tcp_385,9,0,,0,0,0.9757273
malware_none_Neris.pcap	tcp_386,9,0,,0,0,0.99467343
malware_none_Neris.pcap	tcp_387,9,0,,0,0,0.8061819
malware_none_Neris.pcap	tcp_1510,9,0,,0,0,0.98949045
malware_none_Neris.pcap	tcp_389,9,0,,0,0,0.9751878
malware_none_Neris.pcap	tcp_1947,9,0,,0,0,0.9953257
malware_none_Neris.pcap	tcp_391,9,0,,0,0,0.9602488
malware_none_Neris.pcap	tcp_1432,9,0,,0,0,0.2508301
malware_none_Neris.pcap	tcp_2205,9,0,,0,0,0.99965453
malware_none_Neris.pcap	tcp_394,9,0,,0,0,0.9651253
malware_none_Neris.pcap	tcp_396,9,0,,0,0,0.9938741
malware_none_Neris.pcap	tcp_1486,9,0,,0,0,0.58574194
malware_none_Neris.pcap	tcp_398,9,0,,0,0,0.9982033
malware_none_Neris.pcap	tcp_399,9,0,,0,0,0.98308116
malware_none_Neris.pcap	tcp_2645,9,0,,0,0,0.99473184
malware_none_Neris.pcap	tcp_401,9,0,,0,0,0.9029453
malware_none_Neris.pcap	tcp_1315,9,0,,0,0,0.99093604
malware_none_Neris.pcap	tcp_404,9,0,,0,0,0.9743974
malware_none_Neris.pcap	tcp_1630,9,0,,0,0,0.967862
malware_none_Neris.pcap	tcp_2350,9,0,,0,0,0.9989563
malware_none_Neris.pcap	tcp_2429,9,0,,0,0,0.99250937
malware_none_Neris.pcap	tcp_409,9,0,,0,0,0.8541151
malware_none_Neris.pcap	tcp_2394,9,0,,0,0,0.962203
malware_none_Neris.pcap	tcp_2387,9,0,,0,0,0.9989895
malware_none_Neris.pcap	tcp_1116,9,0,,0,0,0.96189904
malware_none_Neris.pcap	tcp_1177,9,0,,0,0,0.98883015
malware_none_Neris.pcap	tcp_417,9,0,,0,0,0.4845946
malware_none_Neris.pcap	tcp_2774,9,0,,0,0,0.999156
malware_none_Neris.pcap	tcp_419,9,0,,0,0,0.9080124
malware_none_Neris.pcap	tcp_420,9,0,,0,0,0.982352
malware_none_Neris.pcap	tcp_421,9,0,,0,0,0.98389316
malware_none_Neris.pcap	tcp_1640,9,0,,0,0,0.22482894
malware_none_Neris.pcap	tcp_424,9,0,,0,0,0.7923171
malware_none_Neris.pcap	tcp_1993,9,0,,0,0,0.9988789
malware_none_Neris.pcap	tcp_427,9,0,,0,0,0.997519
malware_none_Neris.pcap	tcp_1100,9,0,,0,0,0.57209575
malware_none_Neris.pcap	tcp_1604,9,0,,0,0,0.88554645
malware_none_Neris.pcap	tcp_1050,9,0,,0,0,0.9837894
malware_none_Neris.pcap	tcp_431,9,0,,0,0,0.24990864
malware_none_Neris.pcap	tcp_2219,9,0,,0,0,0.992023
malware_none_Neris.pcap	tcp_433,9,0,,0,0,0.99011433
malware_none_Neris.pcap	tcp_2341,9,0,,0,0,0.99603313
malware_none_Neris.pcap	tcp_435,9,0,,0,0,0.99312073
malware_none_Neris.pcap	tcp_2669,9,0,,0,0,0.99914515
malware_none_Neris.pcap	tcp_437,9,0,,0,0,0.92928374
malware_none_Neris.pcap	tcp_438,9,0,,0,0,0.97135174
malware_none_Neris.pcap	tcp_1412,9,0,,0,0,0.97111964
malware_none_Neris.pcap	tcp_2609,9,0,,0,0,0.9993333
malware_none_Neris.pcap	tcp_1936,9,0,,0,0,0.99326587
malware_none_Neris.pcap	tcp_442,9,0,,0,0,0.97063655
malware_none_Neris.pcap	tcp_2743,9,0,,0,0,0.9982231
malware_none_Neris.pcap	tcp_444,9,0,,0,0,0.933526
malware_none_Neris.pcap	tcp_445,9,0,,0,0,0.2622012
malware_none_Neris.pcap	tcp_2344,9,0,,0,0,0.9990762
malware_none_Neris.pcap	tcp_2143,9,0,,0,0,0.99803525
malware_none_Neris.pcap	tcp_449,9,0,,0,0,0.9206335
malware_none_Neris.pcap	tcp_1975,9,0,,0,0,0.99669653
malware_none_Neris.pcap	tcp_1797,9,0,,0,0,0.9836755
malware_none_Neris.pcap	tcp_2074,9,0,,0,0,0.9923815
malware_none_Neris.pcap	tcp_454,9,0,,0,0,0.88754016
malware_none_Neris.pcap	tcp_2706,9,0,,0,0,0.9953168
malware_none_Neris.pcap	tcp_2731,9,0,,0,0,0.9992061
malware_none_Neris.pcap	tcp_2025,9,0,,0,0,0.99902487
malware_none_Neris.pcap	tcp_1773,9,0,,0,0,0.66116536
malware_none_Neris.pcap	tcp_459,9,0,,0,0,0.9964048
malware_none_Neris.pcap	tcp_2502,9,0,,0,0,0.99822015
malware_none_Neris.pcap	tcp_462,9,0,,0,0,0.9915894
malware_none_Neris.pcap	tcp_1453,9,0,,0,0,0.98683995
malware_none_Neris.pcap	tcp_2934,9,0,,0,0,0.9995623
malware_none_Neris.pcap	tcp_1032,9,0,,0,0,0.5609783
malware_none_Neris.pcap	tcp_2916,9,0,,0,0,0.9993048
malware_none_Neris.pcap	tcp_2690,9,0,,0,0,0.99803907
malware_none_Neris.pcap	tcp_469,9,0,,0,0,0.84741133
malware_none_Neris.pcap	tcp_470,9,0,,0,0,0.9958171
malware_none_Neris.pcap	tcp_471,9,0,,0,0,0.98269385
malware_none_Neris.pcap	tcp_1186,9,0,,0,0,0.9808234
malware_none_Neris.pcap	tcp_1759,9,0,,0,0,0.9797232
malware_none_Neris.pcap	tcp_1147,9,0,,0,0,0.96950287
malware_none_Neris.pcap	tcp_1015,9,0,,0,0,0.9821998
malware_none_Neris.pcap	tcp_476,9,0,,0,0,0.7670875
malware_none_Neris.pcap	tcp_477,9,0,,0,0,0.992955
malware_none_Neris.pcap	tcp_478,9,0,,0,0,0.9925403
malware_none_Neris.pcap	tcp_479,9,0,,0,0,0.9633956
malware_none_Neris.pcap	tcp_1592,9,0,,0,0,0.9603526
malware_none_Neris.pcap	tcp_1439,9,0,,0,0,0.9666623
malware_none_Neris.pcap	tcp_1615,9,0,,0,0,0.95605135
malware_none_Neris.pcap	tcp_485,9,0,,0,0,0.9747869
malware_none_Neris.pcap	tcp_486,9,0,,0,0,0.9253447
malware_none_Neris.pcap	tcp_1354,9,0,,0,0,0.9896616
malware_none_Neris.pcap	tcp_1305,9,0,,0,0,0.9669747
malware_none_Neris.pcap	tcp_1876,9,0,,0,0,0.99182373
malware_none_Neris.pcap	tcp_492,9,0,,0,0,0.9395304
malware_none_Neris.pcap	tcp_493,9,0,,0,0,0.9971097
malware_none_Neris.pcap	tcp_2184,9,0,,0,0,0.999233
malware_none_Neris.pcap	tcp_1009,9,0,,1,0,0.07091907
malware_none_Neris.pcap	tcp_1731,9,0,,0,0,0.7591499
malware_none_Neris.pcap	tcp_498,9,0,,0,0,0.96700937
malware_none_Neris.pcap	tcp_1241,9,0,,0,0,0.99139446
malware_none_Neris.pcap	tcp_500,9,0,,0,0,0.867831
malware_none_Neris.pcap	tcp_1935,9,0,,0,0,0.95857745
malware_none_Neris.pcap	tcp_1378,9,0,,0,0,0.9760805
malware_none_Neris.pcap	tcp_2639,9,0,,0,0,0.99883705
malware_none_Neris.pcap	tcp_504,9,0,,0,0,0.9591285
malware_none_Neris.pcap	tcp_505,9,0,,0,0,0.98838145
malware_none_Neris.pcap	tcp_508,9,0,,0,0,0.9877762
malware_none_Neris.pcap	tcp_510,9,0,,0,0,0.8968152
malware_none_Neris.pcap	tcp_511,9,0,,0,0,0.97536445
malware_none_Neris.pcap	tcp_2564,9,0,,0,0,0.9995203
malware_none_Neris.pcap	tcp_2579,9,0,,0,0,0.9989886
malware_none_Neris.pcap	tcp_1335,9,0,,0,0,0.9851042
malware_none_Neris.pcap	tcp_2830,9,0,,0,0,0.99891853
malware_none_Neris.pcap	tcp_2863,9,0,,0,0,0.9983302
malware_none_Neris.pcap	tcp_519,9,0,,0,0,0.9682348
malware_none_Neris.pcap	tcp_1648,9,0,,0,0,0.994955
malware_none_Neris.pcap	tcp_521,9,0,,0,0,0.8049625
malware_none_Neris.pcap	tcp_1758,9,0,,0,0,0.82191056
malware_none_Neris.pcap	tcp_2867,9,0,,0,0,0.996611
malware_none_Neris.pcap	tcp_1892,9,0,,0,0,0.9948933
malware_none_Neris.pcap	tcp_2361,9,0,,0,0,0.99920577
malware_none_Neris.pcap	tcp_2481,9,0,,0,0,0.99938345
malware_none_Neris.pcap	tcp_1769,9,0,,0,0,0.99062014
malware_none_Neris.pcap	tcp_530,9,0,,0,0,0.99619865
malware_none_Neris.pcap	tcp_531,9,0,,0,0,0.8707654
malware_none_Neris.pcap	tcp_2001,9,0,,0,0,0.9996295
malware_none_Neris.pcap	tcp_2736,9,0,,0,0,0.9912169
malware_none_Neris.pcap	tcp_2353,9,0,,0,0,0.9999088
malware_none_Neris.pcap	tcp_2778,9,0,,0,0,0.9993254
malware_none_Neris.pcap	tcp_1180,9,0,,0,0,0.99387276
malware_none_Neris.pcap	tcp_1635,9,0,,0,0,0.33440128
malware_none_Neris.pcap	tcp_538,9,0,,0,0,0.989903
malware_none_Neris.pcap	tcp_2348,9,0,,0,0,0.99909496
malware_none_Neris.pcap	tcp_2759,9,0,,0,0,0.9993578
malware_none_Neris.pcap	tcp_544,9,0,,0,0,0.9655776
malware_none_Neris.pcap	tcp_545,9,0,,0,0,0.98521143
malware_none_Neris.pcap	tcp_1280,9,0,,0,0,0.98456776
malware_none_Neris.pcap	tcp_2149,9,0,,0,0,0.99968255
malware_none_Neris.pcap	tcp_1031,9,0,,0,0,0.9908241
malware_none_Neris.pcap	tcp_2486,9,0,,0,0,0.9985519
malware_none_Neris.pcap	tcp_2566,9,0,,0,0,0.9989353
malware_none_Neris.pcap	tcp_551,9,0,,0,0,0.4989601
malware_none_Neris.pcap	tcp_552,9,0,,0,0,0.99627435
malware_none_Neris.pcap	tcp_554,9,0,,0,0,0.9828098
malware_none_Neris.pcap	tcp_2461,9,0,,0,0,0.99730253
malware_none_Neris.pcap	tcp_556,9,0,,0,0,0.98439664
malware_none_Neris.pcap	tcp_1872,9,0,,0,0,0.8653268
malware_none_Neris.pcap	tcp_1883,9,0,,0,0,0.99042976
malware_none_Neris.pcap	tcp_1796,9,0,,0,0,0.8985109
malware_none_Neris.pcap	tcp_1705,9,0,,0,0,0.84848666
malware_none_Neris.pcap	tcp_561,9,0,,0,0,0.97435135
malware_none_Neris.pcap	tcp_2631,9,0,,0,0,0.9990695
malware_none_Neris.pcap	tcp_1792,9,0,,0,0,0.98415667
malware_none_Neris.pcap	tcp_1457,9,0,,0,0,0.947981
malware_none_Neris.pcap	tcp_2769,9,0,,0,0,0.99904805
malware_none_Neris.pcap	tcp_2561,9,0,,0,0,0.9988545
malware_none_Neris.pcap	tcp_2520,9,0,,0,0,0.9990662
malware_none_Neris.pcap	tcp_568,9,0,,0,0,0.98119307
malware_none_Neris.pcap	tcp_2496,9,0,,0,0,0.99977
malware_none_Neris.pcap	tcp_570,9,0,,0,0,0.97639036
malware_none_Neris.pcap	tcp_2018,9,0,,0,0,0.99852985
malware_none_Neris.pcap	tcp_2943,9,0,,0,0,0.9900721
malware_none_Neris.pcap	tcp_1029,9,0,,0,0,0.4182124
malware_none_Neris.pcap	tcp_2629,9,0,,0,0,0.9949063
malware_none_Neris.pcap	tcp_575,9,0,,0,0,0.9846465
malware_none_Neris.pcap	tcp_1112,9,0,,0,0,0.83591133
malware_none_Neris.pcap	tcp_1154,9,0,,0,0,0.985089
malware_none_Neris.pcap	tcp_1198,9,0,,0,0,0.2754246
malware_none_Neris.pcap	tcp_579,9,0,,0,0,0.9597993
malware_none_Neris.pcap	tcp_2492,9,0,,0,0,0.9995339
malware_none_Neris.pcap	tcp_1992,9,0,,0,0,0.99727523
malware_none_Neris.pcap	tcp_1786,9,0,,0,0,0.8919364
malware_none_Neris.pcap	tcp_2316,9,0,,0,0,0.99921346
malware_none_Neris.pcap	tcp_2380,9,0,,0,0,0.99915326
malware_none_Neris.pcap	tcp_586,9,0,,0,0,0.9913509
malware_none_Neris.pcap	tcp_587,9,0,,0,0,0.8648527
malware_none_Neris.pcap	tcp_2765,9,0,,0,0,0.99990404
malware_none_Neris.pcap	tcp_590,9,0,,0,0,0.9689902
malware_none_Neris.pcap	tcp_591,9,0,,0,0,0.94404924
malware_none_Neris.pcap	tcp_2837,9,0,,0,0,0.9973097
malware_none_Neris.pcap	tcp_1623,9,0,,0,0,0.9788537
malware_none_Neris.pcap	tcp_1443,9,0,,0,0,0.9965283
malware_none_Neris.pcap	tcp_1170,9,0,,0,0,0.3977188
malware_none_Neris.pcap	tcp_2939,9,0,,0,0,0.99932814
malware_none_Neris.pcap	tcp_2878,9,0,,0,0,0.99781376
malware_none_Neris.pcap	tcp_599,9,0,,0,0,0.871712
malware_none_Neris.pcap	tcp_1628,9,0,,0,0,0.9966989
malware_none_Neris.pcap	tcp_601,9,0,,0,0,0.96926266
malware_none_Neris.pcap	tcp_603,9,0,,0,0,0.97919434
malware_none_Neris.pcap	tcp_2558,9,0,,0,0,0.99630964
malware_none_Neris.pcap	tcp_2654,9,0,,0,0,0.9978036
malware_none_Neris.pcap	tcp_2039,9,0,,0,0,0.9992986
malware_none_Neris.pcap	tcp_2560,9,0,,0,0,0.9973475
malware_none_Neris.pcap	tcp_1757,9,0,,0,0,0.9489501
malware_none_Neris.pcap	tcp_1122,9,0,,0,0,0.3495766
malware_none_Neris.pcap	tcp_2138,9,0,,0,0,0.9992017
malware_none_Neris.pcap	tcp_2785,9,0,,0,0,0.9985417
malware_none_Neris.pcap	tcp_613,9,0,,0,0,0.9051958
malware_none_Neris.pcap	tcp_614,9,0,,0,0,0.8807578
malware_none_Neris.pcap	tcp_2790,9,0,,0,0,0.99899673
malware_none_Neris.pcap	tcp_954,9,0,,0,0,0.9923703
malware_none_Neris.pcap	tcp_2911,9,0,,0,0,0.99972665
malware_none_Neris.pcap	tcp_618,9,0,,0,0,0.7019737
malware_none_Neris.pcap	tcp_620,9,0,,0,0,0.98295146
malware_none_Neris.pcap	tcp_1221,9,0,,0,0,0.94615835
malware_none_Neris.pcap	tcp_979,9,0,,0,0,0.4022877
malware_none_Neris.pcap	tcp_623,9,0,,0,0,0.93002135
malware_none_Neris.pcap	tcp_624,9,0,,0,0,0.9815203
malware_none_Neris.pcap	tcp_625,9,0,,0,0,0.97122383
malware_none_Neris.pcap	tcp_626,9,0,,0,0,0.9754345
malware_none_Neris.pcap	tcp_627,9,0,,0,0,0.48878142
malware_none_Neris.pcap	tcp_628,9,0,,0,0,0.97365135
malware_none_Neris.pcap	tcp_629,9,0,,0,0,0.7710845
malware_none_Neris.pcap	tcp_2034,9,0,,0,0,0.998869
malware_none_Neris.pcap	tcp_631,9,0,,0,0,0.9826261
malware_none_Neris.pcap	tcp_2686,9,0,,0,0,0.9984613
malware_none_Neris.pcap	tcp_2488,9,0,,0,0,0.99838483
malware_none_Neris.pcap	tcp_1832,9,0,,1,0,0.05167725
malware_none_Neris.pcap	tcp_1464,9,0,,0,0,0.9865914
malware_none_Neris.pcap	tcp_1299,9,0,,0,0,0.9886591
malware_none_Neris.pcap	tcp_1240,9,0,,0,0,0.7549464
malware_none_Neris.pcap	tcp_1770,9,0,,0,0,0.9193024
malware_none_Neris.pcap	tcp_640,9,0,,0,0,0.97246915
malware_none_Neris.pcap	tcp_1922,9,0,,0,0,0.997857
malware_none_Neris.pcap	tcp_2435,9,0,,0,0,0.9978878
malware_none_Neris.pcap	tcp_2860,9,0,,0,0,0.9980136
malware_none_Neris.pcap	tcp_644,9,0,,0,0,0.99358577
malware_none_Neris.pcap	tcp_960,9,0,,0,0,0.9947019
malware_none_Neris.pcap	tcp_1860,9,0,,0,0,0.91743666
malware_none_Neris.pcap	tcp_1583,9,0,,0,0,0.8345691
malware_none_Neris.pcap	tcp_1420,9,0,,0,0,0.9587984
malware_none_Neris.pcap	tcp_1565,9,0,,0,0,0.9419607
malware_none_Neris.pcap	tcp_2160,9,0,,0,0,0.9985885
malware_none_Neris.pcap	tcp_2448,9,0,,0,0,0.99957675
malware_none_Neris.pcap	tcp_654,9,0,,0,0,0.9010619
malware_none_Neris.pcap	tcp_2088,9,0,,0,0,0.99955624
malware_none_Neris.pcap	tcp_656,9,0,,0,0,0.9814402
malware_none_Neris.pcap	tcp_1622,9,0,,0,0,0.9967153
malware_none_Neris.pcap	tcp_658,9,0,,0,0,0.97935146
malware_none_Neris.pcap	tcp_1858,9,0,,0,0,0.9755744
malware_none_Neris.pcap	tcp_1134,9,0,,0,0,0.9896639
malware_none_Neris.pcap	tcp_2340,9,0,,0,0,0.99845654
malware_none_Neris.pcap	tcp_2562,9,0,,0,0,0.9975724
malware_none_Neris.pcap	tcp_2910,9,0,,0,0,0.999248
malware_none_Neris.pcap	tcp_666,9,0,,0,0,0.96812683
malware_none_Neris.pcap	tcp_2449,9,0,,0,0,0.9975877
malware_none_Neris.pcap	tcp_2300,9,0,,0,0,0.99867946
malware_none_Neris.pcap	tcp_1164,9,0,,0,0,0.98980266
malware_none_Neris.pcap	tcp_1200,9,0,,0,0,0.76391554
malware_none_Neris.pcap	tcp_2210,9,0,,0,0,0.99923885
malware_none_Neris.pcap	tcp_2087,9,0,,0,0,0.9993839
malware_none_Neris.pcap	tcp_674,9,0,,0,0,0.97224075
malware_none_Neris.pcap	tcp_1019,9,0,,0,0,0.9434663
malware_none_Neris.pcap	tcp_2677,9,0,,0,0,0.99967873
malware_none_Neris.pcap	tcp_678,9,0,,0,0,0.6472796
malware_none_Neris.pcap	tcp_1814,9,0,,0,0,0.98806363
malware_none_Neris.pcap	tcp_1196,9,0,,0,0,0.96987337
malware_none_Neris.pcap	tcp_2248,9,0,,0,0,0.98967546
malware_none_Neris.pcap	tcp_2606,9,0,,0,0,0.99935514
malware_none_Neris.pcap	tcp_948,9,0,,0,0,0.97886926
malware_none_Neris.pcap	tcp_1119,9,0,,0,0,0.9987618
malware_none_Neris.pcap	tcp_1906,9,0,,0,0,0.9443783
malware_none_Neris.pcap	tcp_2644,9,0,,0,0,0.9985933
malware_none_Neris.pcap	tcp_690,9,0,,0,0,0.9527402
malware_none_Neris.pcap	tcp_1388,9,0,,0,0,0.4897758
malware_none_Neris.pcap	tcp_1963,9,0,,0,0,0.99886894
malware_none_Neris.pcap	tcp_693,9,0,,0,0,0.97909284
malware_none_Neris.pcap	tcp_2231,9,0,,0,0,0.99807286
malware_none_Neris.pcap	tcp_2304,9,0,,0,0,0.99902153
malware_none_Neris.pcap	tcp_986,9,0,,1,1,0.011003221
malware_none_Neris.pcap	tcp_697,9,0,,0,0,0.9912469
malware_none_Neris.pcap	tcp_2922,9,0,,0,0,0.9997252
malware_none_Neris.pcap	tcp_700,9,0,,0,0,0.9954426
malware_none_Neris.pcap	tcp_1286,9,0,,0,0,0.98870754
malware_none_Neris.pcap	tcp_703,9,0,,0,0,0.9518193
malware_none_Neris.pcap	tcp_1995,9,0,,0,0,0.99890625
malware_none_Neris.pcap	tcp_705,9,0,,0,0,0.44626793
malware_none_Neris.pcap	tcp_2062,9,0,,0,0,0.99844927
malware_none_Neris.pcap	tcp_708,9,0,,0,0,0.70240253
malware_none_Neris.pcap	tcp_1964,9,0,,0,0,0.9952182
malware_none_Neris.pcap	tcp_711,9,0,,0,0,0.8588726
malware_none_Neris.pcap	tcp_1825,9,0,,0,0,0.9676751
malware_none_Neris.pcap	tcp_714,9,0,,0,0,0.9421006
malware_none_Neris.pcap	tcp_1401,9,0,,0,0,0.93449014
malware_none_Neris.pcap	tcp_2605,9,0,,0,0,0.99934417
malware_none_Neris.pcap	tcp_717,9,0,,0,0,0.8440105
malware_none_Neris.pcap	tcp_719,9,0,,0,0,0.77554494
malware_none_Neris.pcap	tcp_720,9,0,,0,0,0.72631925
malware_none_Neris.pcap	tcp_1523,9,0,,0,0,0.42359522
malware_none_Neris.pcap	tcp_2485,9,0,,0,0,0.9966024
malware_none_Neris.pcap	tcp_1969,9,0,,0,0,0.9991387
malware_none_Neris.pcap	tcp_1274,9,0,,0,0,0.99522865
malware_none_Neris.pcap	tcp_725,9,0,,0,0,0.74422866
malware_none_Neris.pcap	tcp_2549,9,0,,0,0,0.9975011
malware_none_Neris.pcap	tcp_727,9,0,,0,0,0.9889874
malware_none_Neris.pcap	tcp_2851,9,0,,0,0,0.99965274
malware_none_Neris.pcap	tcp_730,9,0,,0,0,0.95768785
malware_none_Neris.pcap	tcp_731,9,0,,0,0,0.9964745
malware_none_Neris.pcap	tcp_2188,9,0,,0,0,0.99926364
malware_none_Neris.pcap	tcp_1850,9,0,,0,0,0.965042
malware_none_Neris.pcap	tcp_735,9,0,,0,0,0.9877698
malware_none_Neris.pcap	tcp_2478,9,0,,0,0,0.9973933
malware_none_Neris.pcap	tcp_1987,9,0,,0,0,0.9997068
malware_none_Neris.pcap	tcp_2793,9,0,,0,0,0.9982108
malware_none_Neris.pcap	tcp_740,9,0,,0,0,0.98949885
malware_none_Neris.pcap	tcp_2257,9,0,,0,0,0.99878484
malware_none_Neris.pcap	tcp_2709,9,0,,0,0,0.9993113
malware_none_Neris.pcap	tcp_1869,9,0,,0,0,0.9688882
malware_none_Neris.pcap	tcp_744,9,0,,0,0,0.9764822
malware_none_Neris.pcap	tcp_1925,9,0,,0,0,0.99655014
malware_none_Neris.pcap	tcp_748,9,0,,0,0,0.78050953
malware_none_Neris.pcap	tcp_749,9,0,,0,0,0.9543949
malware_none_Neris.pcap	tcp_750,9,0,,0,0,0.9962669
malware_none_Neris.pcap	tcp_1370,9,0,,0,0,0.9271314
malware_none_Neris.pcap	tcp_752,9,0,,0,0,0.78781694
malware_none_Neris.pcap	tcp_1192,9,0,,0,0,0.7023987
malware_none_Neris.pcap	tcp_1188,9,0,,0,0,0.85083985
malware_none_Neris.pcap	tcp_1939,9,0,,0,0,0.99026996
malware_none_Neris.pcap	tcp_1845,9,0,,1,0,0.13223709
malware_none_Neris.pcap	tcp_1106,9,0,,0,0,0.5841367
malware_none_Neris.pcap	tcp_758,9,0,,0,0,0.8416105
malware_none_Neris.pcap	tcp_759,9,0,,0,0,0.44305044
malware_none_Neris.pcap	tcp_760,9,0,,0,0,0.54121476
malware_none_Neris.pcap	tcp_761,9,0,,0,0,0.9941434
malware_none_Neris.pcap	tcp_762,9,0,,0,0,0.93053496
malware_none_Neris.pcap	tcp_2900,9,0,,0,0,0.99883777
malware_none_Neris.pcap	tcp_2183,9,0,,0,0,0.9987493
malware_none_Neris.pcap	tcp_768,9,0,,0,0,0.994849
malware_none_Neris.pcap	tcp_1629,9,0,,0,0,0.92351973
malware_none_Neris.pcap	tcp_770,9,0,,0,0,0.41044778
malware_none_Neris.pcap	tcp_2806,9,0,,0,0,0.99818885
malware_none_Neris.pcap	tcp_987,9,0,,0,0,0.892023
malware_none_Neris.pcap	tcp_773,9,0,,0,0,0.9359314
malware_none_Neris.pcap	tcp_774,9,0,,0,0,0.98758835
malware_none_Neris.pcap	tcp_775,9,0,,0,0,0.9751822
malware_none_Neris.pcap	tcp_1567,9,0,,0,0,0.7087086
malware_none_Neris.pcap	tcp_2197,9,0,,0,0,0.99303544
malware_none_Neris.pcap	tcp_1225,9,0,,0,0,0.78392947
malware_none_Neris.pcap	tcp_2281,9,0,,0,0,0.99035764
malware_none_Neris.pcap	tcp_1706,9,0,,0,0,0.9621345
malware_none_Neris.pcap	tcp_2725,9,0,,0,0,0.99901146
malware_none_Neris.pcap	tcp_1345,9,0,,0,0,0.9224168
malware_none_Neris.pcap	tcp_1793,9,0,,0,0,0.9806418
malware_none_Neris.pcap	tcp_2555,9,0,,0,0,0.9988568
malware_none_Neris.pcap	tcp_786,9,0,,0,0,0.99464387
malware_none_Neris.pcap	tcp_787,9,0,,0,0,0.9548745
malware_none_Neris.pcap	tcp_1530,9,0,,0,0,0.99674827
malware_none_Neris.pcap	tcp_791,9,0,,0,0,0.7782713
malware_none_Neris.pcap	tcp_2636,9,0,,0,0,0.9997913
malware_none_Neris.pcap	tcp_1723,9,0,,0,0,0.60693896
malware_none_Neris.pcap	tcp_2732,9,0,,0,0,0.99908006
malware_none_Neris.pcap	tcp_2250,9,0,,0,0,0.99862826
malware_none_Neris.pcap	tcp_2630,9,0,,0,0,0.9945846
malware_none_Neris.pcap	tcp_2081,9,0,,0,0,0.9986254
malware_none_Neris.pcap	tcp_799,9,0,,0,0,0.715926
malware_none_Neris.pcap	tcp_800,9,0,,0,0,0.99369216
malware_none_Neris.pcap	tcp_2384,9,0,,0,0,0.99786425
malware_none_Neris.pcap	tcp_803,9,0,,0,0,0.95987445
malware_none_Neris.pcap	tcp_2753,9,0,,0,0,0.9969296
malware_none_Neris.pcap	tcp_805,9,0,,0,0,0.949739
malware_none_Neris.pcap	tcp_807,9,0,,0,0,0.91656977
malware_none_Neris.pcap	tcp_1023,9,0,,0,0,0.97454834
malware_none_Neris.pcap	tcp_1861,9,0,,0,0,0.8229807
malware_none_Neris.pcap	tcp_2870,9,0,,0,0,0.9994935
malware_none_Neris.pcap	tcp_811,9,0,,0,0,0.6597831
malware_none_Neris.pcap	tcp_1957,9,0,,0,0,0.99869925
malware_none_Neris.pcap	tcp_1320,9,0,,0,0,0.9984894
malware_none_Neris.pcap	tcp_815,9,0,,0,0,0.9464244
malware_none_Neris.pcap	tcp_2279,9,0,,0,0,0.9990037
malware_none_Neris.pcap	tcp_1301,9,0,,0,0,0.84781885
malware_none_Neris.pcap	tcp_2125,9,0,,0,0,0.9987915
malware_none_Neris.pcap	tcp_2400,9,0,,0,0,0.9987932
malware_none_Neris.pcap	tcp_2324,9,0,,0,0,0.91754025
malware_none_Neris.pcap	tcp_2000,9,0,,0,0,0.99891055
malware_none_Neris.pcap	tcp_1044,9,0,,0,0,0.9524963
malware_none_Neris.pcap	tcp_825,9,0,,0,0,0.9727648
malware_none_Neris.pcap	tcp_1430,9,0,,0,0,0.6371159
malware_none_Neris.pcap	tcp_828,9,0,,0,0,0.9631799
malware_none_Neris.pcap	tcp_2243,9,0,,0,0,0.99743414
malware_none_Neris.pcap	tcp_830,9,0,,0,0,0.8523405
malware_none_Neris.pcap	tcp_2714,9,0,,0,0,0.9994646
malware_none_Neris.pcap	tcp_2078,9,0,,0,0,0.99699104
malware_none_Neris.pcap	tcp_834,9,0,,0,0,0.99629056
malware_none_Neris.pcap	tcp_2232,9,0,,0,0,0.99833614
malware_none_Neris.pcap	tcp_837,9,0,,0,0,0.92623067
malware_none_Neris.pcap	tcp_838,9,0,,0,0,0.9799503
malware_none_Neris.pcap	tcp_839,9,0,,0,0,0.91401064
malware_none_Neris.pcap	tcp_2330,9,0,,0,0,0.9994949
malware_none_Neris.pcap	tcp_841,9,0,,0,0,0.30694115
malware_none_Neris.pcap	tcp_1918,9,0,,0,0,0.9983057
malware_none_Neris.pcap	tcp_1582,9,0,,0,0,0.98130786
malware_none_Neris.pcap	tcp_1655,9,0,,0,0,0.879891
malware_none_Neris.pcap	tcp_2262,9,0,,0,0,0.9987049
malware_none_Neris.pcap	tcp_1778,9,0,,0,0,0.9321478
malware_none_Neris.pcap	tcp_2531,9,0,,0,0,0.99815154
malware_none_Neris.pcap	tcp_850,9,0,,0,0,0.7904436
malware_none_Neris.pcap	tcp_851,9,0,,0,0,0.43513042
malware_none_Neris.pcap	tcp_993,9,0,,0,0,0.98235404
malware_none_Neris.pcap	tcp_2106,9,0,,0,0,0.9974402
malware_none_Neris.pcap	tcp_1028,9,0,,0,0,0.88380444
malware_none_Neris.pcap	tcp_2805,9,0,,0,0,0.9992262
malware_none_Neris.pcap	tcp_858,9,0,,0,0,0.98045397
malware_none_Neris.pcap	tcp_2483,9,0,,0,0,0.99674255
malware_none_Neris.pcap	tcp_2132,9,0,,0,0,0.9932331
malware_none_Neris.pcap	tcp_862,9,0,,0,0,0.8055975
malware_none_Neris.pcap	tcp_864,9,0,,0,0,0.50392914
malware_none_Neris.pcap	tcp_1944,9,0,,0,0,0.909943
malware_none_Neris.pcap	tcp_866,9,0,,0,0,0.8278844
malware_none_Neris.pcap	tcp_2144,9,0,,0,0,0.9987192
malware_none_Neris.pcap	tcp_1097,9,0,,0,0,0.6948878
malware_none_Neris.pcap	tcp_1788,9,0,,0,0,0.94507974
malware_none_Neris.pcap	tcp_1602,9,0,,0,0,0.8635335
malware_none_Neris.pcap	tcp_1026,9,0,,0,0,0.94192797
malware_none_Neris.pcap	tcp_874,9,0,,1,0,0.17891707
malware_none_Neris.pcap	tcp_1573,9,0,,0,0,0.95289904
malware_none_Neris.pcap	tcp_876,9,0,,0,0,0.9265367
malware_none_Neris.pcap	tcp_1516,9,0,,0,0,0.9872176
malware_none_Neris.pcap	tcp_878,9,0,,0,0,0.47521955
malware_none_Neris.pcap	tcp_879,9,0,,0,0,0.9211074
malware_none_Neris.pcap	tcp_2475,9,0,,0,0,0.9834366
malware_none_Neris.pcap	tcp_2855,9,0,,0,0,0.99727577
malware_none_Neris.pcap	tcp_885,9,0,,0,0,0.73098636
malware_none_Neris.pcap	tcp_886,9,0,,0,0,0.47180992
malware_none_Neris.pcap	tcp_1230,9,0,,0,0,0.9949621
malware_none_Neris.pcap	tcp_2363,9,0,,0,0,0.99909127
malware_none_Neris.pcap	tcp_1824,9,0,,0,0,0.9982451
malware_none_Neris.pcap	tcp_1663,9,0,,0,0,0.96165675
malware_none_Neris.pcap	tcp_2094,9,0,,0,0,0.998353
malware_none_Neris.pcap	tcp_1690,9,0,,0,0,0.7150613
malware_none_Neris.pcap	tcp_897,9,0,,0,0,0.95719016
malware_none_Neris.pcap	tcp_898,9,0,,0,0,0.98414856
malware_none_Neris.pcap	tcp_2218,9,0,,0,0,0.99744105
malware_none_Neris.pcap	tcp_1476,9,0,,0,0,0.93573874
malware_none_Neris.pcap	tcp_903,9,0,,0,0,0.9504133
malware_none_Neris.pcap	tcp_2651,9,0,,0,0,0.9942048
malware_none_Neris.pcap	tcp_2408,9,0,,0,0,0.99903834
malware_none_Neris.pcap	tcp_2020,9,0,,0,0,0.9993181
malware_none_Neris.pcap	tcp_1676,9,0,,0,0,0.9892258
malware_none_Neris.pcap	tcp_2648,9,0,,0,0,0.9996445
malware_none_Neris.pcap	tcp_1239,9,0,,0,0,0.99741745
malware_none_Neris.pcap	tcp_1235,9,0,,0,0,0.9556983
malware_none_Neris.pcap	tcp_1779,9,0,,0,0,0.9669787
malware_none_Neris.pcap	tcp_2367,9,0,,0,0,0.99811256
malware_none_Neris.pcap	tcp_1131,9,0,,0,0,0.99023366
malware_none_Neris.pcap	tcp_2662,9,0,,0,0,0.9962844
malware_none_Neris.pcap	tcp_918,9,0,,0,0,0.9327353
malware_none_Neris.pcap	tcp_2005,9,0,,0,0,0.99939066
malware_none_Neris.pcap	tcp_2525,9,0,,0,0,0.998387
malware_none_Neris.pcap	tcp_2788,9,0,,0,0,0.9987538
malware_none_Neris.pcap	tcp_1499,9,0,,0,0,0.6580658
malware_none_Neris.pcap	tcp_1399,9,0,,0,0,0.9520354
malware_none_Neris.pcap	tcp_2692,9,0,,0,0,0.9981125
malware_none_Neris.pcap	tcp_1660,9,0,,0,0,0.8062944
malware_none_Neris.pcap	tcp_1919,9,0,,0,0,0.9485064
malware_none_Neris.pcap	tcp_2443,9,0,,0,0,0.9982126
malware_none_Neris.pcap	udp_15,9,0,,0,0,0.75518006
malware_none_Neris.pcap	udp_16,9,0,,0,0,0.88900936
malware_none_Neris.pcap	tcp_2109,9,0,,0,0,0.99685913
malware_none_Neris.pcap	udp_18,9,0,,0,0,0.86116374
malware_none_Neris.pcap	tcp_2602,9,0,,0,0,0.98948103
malware_none_Neris.pcap	udp_21,9,0,,0,0,0.9838295
malware_none_Neris.pcap	tcp_2685,9,0,,0,0,0.9555069
malware_none_Neris.pcap	tcp_2740,9,0,,0,0,0.9988047
malware_none_Neris.pcap	udp_25,9,0,,0,0,0.95570797
malware_none_Neris.pcap	tcp_1979,9,0,,0,0,0.99731445
malware_none_Neris.pcap	udp_27,9,0,,0,0,0.64115167
malware_none_Neris.pcap	tcp_1619,9,0,,0,0,0.98864007
malware_none_Neris.pcap	udp_29,9,0,,0,0,0.95941645
malware_none_Neris.pcap	tcp_1369,9,0,,0,0,0.9293106
malware_none_Neris.pcap	udp_31,9,0,,0,0,0.96148914
malware_none_Neris.pcap	tcp_1910,9,0,,0,0,0.99728703
malware_none_Neris.pcap	tcp_951,9,0,,0,0,0.7553658
malware_none_Neris.pcap	tcp_1760,9,0,,0,0,0.5227707
malware_none_Neris.pcap	udp_35,9,0,,1,0,0.056935117
malware_none_Neris.pcap	tcp_2534,9,0,,0,0,0.99816823
malware_none_Neris.pcap	tcp_1945,9,0,,0,0,0.9502601
malware_none_Neris.pcap	tcp_2377,9,0,,0,0,0.9973931
malware_none_Neris.pcap	udp_40,9,0,,1,0,0.08885435
malware_none_Neris.pcap	tcp_2455,9,0,,0,0,0.9974239
malware_none_Neris.pcap	udp_42,9,0,,0,0,0.5944788
malware_none_Neris.pcap	tcp_1435,9,0,,0,0,0.9952332
malware_none_Neris.pcap	tcp_1295,9,0,,0,0,0.9934524
malware_none_Neris.pcap	udp_45,9,0,,1,1,0.029661039
malware_none_Neris.pcap	tcp_1782,9,0,,0,0,0.9893808
malware_none_Neris.pcap	udp_49,9,0,,0,0,0.16212708
malware_none_Neris.pcap	tcp_1263,9,0,,0,0,0.59717405
malware_none_Neris.pcap	tcp_1865,9,0,,0,0,0.9896604
malware_none_Neris.pcap	tcp_1465,9,0,,0,0,0.76571
malware_none_Neris.pcap	tcp_2258,9,0,,0,0,0.9989636
malware_none_Neris.pcap	tcp_1136,9,0,,0,0,0.9668545
malware_none_Neris.pcap	tcp_1208,9,0,,0,0,0.6393478
malware_none_Neris.pcap	tcp_1051,9,0,,0,0,0.8762838
malware_none_Neris.pcap	tcp_1168,9,0,,0,0,0.99697787
malware_none_Neris.pcap	tcp_931,9,0,,0,0,0.34133
malware_none_Neris.pcap	tcp_2100,9,0,,0,0,0.9980527
malware_none_Neris.pcap	tcp_933,9,0,,0,0,0.7773131
malware_none_Neris.pcap	tcp_1931,9,0,,0,0,0.99228376
malware_none_Neris.pcap	tcp_1055,9,0,,0,0,0.95120335
malware_none_Neris.pcap	tcp_2829,9,0,,0,0,0.98067105
malware_none_Neris.pcap	tcp_1039,9,0,,0,0,0.8101056
malware_none_Neris.pcap	tcp_989,9,0,,0,0,0.94266564
malware_none_Neris.pcap	tcp_2253,9,0,,0,0,0.99952245
malware_none_Neris.pcap	tcp_1596,9,0,,0,0,0.99843615
malware_none_Neris.pcap	tcp_941,9,0,,0,0,0.84542584
malware_none_Neris.pcap	tcp_942,9,0,,0,0,0.97275805
malware_none_Neris.pcap	tcp_2067,9,0,,0,0,0.9996475
malware_none_Neris.pcap	tcp_2684,9,0,,0,0,0.998507
malware_none_Neris.pcap	tcp_946,9,0,,0,0,0.18842036
malware_none_Virut.pcap	udp_619,16,0,,0,0,0.99947053
malware_none_Virut.pcap	tcp_1091,16,0,,0,0,0.99348587
malware_none_Virut.pcap	udp_2,16,1,Cc_5;Bb_7,1,1,0.00380332
malware_none_Virut.pcap	udp_606,16,0,,0,0,0.99855083
malware_none_Virut.pcap	tcp_916,16,0,,0,0,0.7419442
malware_none_Virut.pcap	tcp_1404,16,0,,0,0,0.99757004
malware_none_Virut.pcap	tcp_2019,16,0,,0,0,0.50146145
malware_none_Virut.pcap	tcp_4,16,0,,0,0,0.9926324
malware_none_Virut.pcap	tcp_5,16,0,,1,1,0.032732498
malware_none_Virut.pcap	tcp_841,16,0,,1,1,0.02774898
malware_none_Virut.pcap	udp_349,16,0,,0,0,0.99968904
malware_none_Virut.pcap	tcp_1527,16,0,,0,0,0.9864107
malware_none_Virut.pcap	udp_777,16,0,,0,0,0.99957603
malware_none_Virut.pcap	tcp_1627,16,0,,0,0,0.9987581
malware_none_Virut.pcap	tcp_14,16,0,,0,0,0.71563745
malware_none_Virut.pcap	tcp_17,16,0,,0,0,0.35001063
malware_none_Virut.pcap	udp_408,16,0,,0,0,0.9994461
malware_none_Virut.pcap	tcp_1459,16,0,,0,0,0.9965647
malware_none_Virut.pcap	tcp_1624,16,0,,0,0,0.85638237
malware_none_Virut.pcap	tcp_1453,16,0,,0,0,0.99358326
malware_none_Virut.pcap	tcp_24,16,0,,0,0,0.8333646
malware_none_Virut.pcap	udp_714,16,0,,0,0,0.99923694
malware_none_Virut.pcap	tcp_1452,16,0,,0,0,0.99671656
malware_none_Virut.pcap	tcp_1796,16,0,,0,0,0.9935347
malware_none_Virut.pcap	tcp_28,16,0,,0,0,0.9269052
malware_none_Virut.pcap	udp_338,16,0,,0,0,0.9997384
malware_none_Virut.pcap	tcp_30,16,0,,0,0,0.40147626
malware_none_Virut.pcap	udp_487,16,0,,0,0,0.9995134
malware_none_Virut.pcap	tcp_34,16,0,,1,1,0.0017677867
malware_none_Virut.pcap	tcp_929,16,0,,0,0,0.9990442
malware_none_Virut.pcap	udp_436,16,0,,0,0,0.9989813
malware_none_Virut.pcap	tcp_38,16,0,,0,0,0.98535365
malware_none_Virut.pcap	tcp_1207,16,0,,0,0,0.9387685
malware_none_Virut.pcap	tcp_40,16,0,,0,0,0.59004265
malware_none_Virut.pcap	tcp_41,16,0,,0,0,0.85189307
malware_none_Virut.pcap	tcp_790,16,0,,0,0,0.9984126
malware_none_Virut.pcap	udp_473,16,0,,0,0,0.99960047
malware_none_Virut.pcap	tcp_44,16,0,,0,0,0.34444773
malware_none_Virut.pcap	udp_882,16,0,,0,0,0.9996445
malware_none_Virut.pcap	tcp_1503,16,0,,0,0,0.9744046
malware_none_Virut.pcap	tcp_1566,16,0,,0,0,0.99536234
malware_none_Virut.pcap	udp_764,16,0,,0,0,0.9992337
malware_none_Virut.pcap	udp_8,16,0,,0,0,0.9983146
malware_none_Virut.pcap	tcp_1317,16,0,,0,0,0.5462758
malware_none_Virut.pcap	tcp_1781,16,0,,0,0,0.945339
malware_none_Virut.pcap	udp_421,16,0,,0,0,0.99963766
malware_none_Virut.pcap	udp_12,16,0,,0,0,0.9977112
malware_none_Virut.pcap	udp_598,16,0,,0,0,0.9996393
malware_none_Virut.pcap	udp_867,16,0,,0,0,0.9982426
malware_none_Virut.pcap	udp_16,16,0,,0,1,0.0029129796
malware_none_Virut.pcap	udp_18,16,0,,0,0,0.7584655
malware_none_Virut.pcap	tcp_877,16,0,,0,0,0.20361099
malware_none_Virut.pcap	tcp_1596,16,0,,0,0,0.8755989
malware_none_Virut.pcap	tcp_1449,16,0,,0,0,0.49136892
malware_none_Virut.pcap	tcp_1061,16,0,,1,0,0.10546175
malware_none_Virut.pcap	tcp_1208,16,0,,0,0,0.7899059
malware_none_Virut.pcap	tcp_1990,16,0,,0,0,0.9995409
malware_none_Virut.pcap	tcp_51,16,0,,0,0,0.9540573
malware_none_Virut.pcap	tcp_912,16,0,,0,0,0.9990361
malware_none_Virut.pcap	udp_26,16,0,,0,0,0.99957865
malware_none_Virut.pcap	tcp_1366,16,0,,0,0,0.9983893
malware_none_Virut.pcap	tcp_1876,16,0,,0,0,0.9747702
malware_none_Virut.pcap	tcp_52,16,0,,0,0,0.87404823
malware_none_Virut.pcap	tcp_53,16,0,,0,0,0.7856253
malware_none_Virut.pcap	udp_616,16,0,,0,0,0.9996332
malware_none_Virut.pcap	tcp_56,16,0,,0,0,0.9409843
malware_none_Virut.pcap	tcp_2066,16,0,,1,0,0.05903519
malware_none_Virut.pcap	udp_32,16,0,,0,0,0.99338245
malware_none_Virut.pcap	tcp_59,16,0,,1,0,0.053941008
malware_none_Virut.pcap	tcp_985,16,0,,1,1,0.040090147
malware_none_Virut.pcap	tcp_1047,16,0,,0,0,0.9991579
malware_none_Virut.pcap	tcp_1266,16,0,,0,0,0.99637514
malware_none_Virut.pcap	tcp_1552,16,0,,1,1,0.0073524523
malware_none_Virut.pcap	udp_519,16,0,,0,0,0.9992731
malware_none_Virut.pcap	udp_457,16,0,,0,0,0.99926406
malware_none_Virut.pcap	udp_532,16,0,,0,0,0.9993365
malware_none_Virut.pcap	tcp_68,16,0,,0,0,0.6333863
malware_none_Virut.pcap	udp_578,16,0,,0,0,0.9975268
malware_none_Virut.pcap	tcp_70,16,0,,0,0,0.55012846
malware_none_Virut.pcap	udp_329,16,0,,0,0,0.9967374
malware_none_Virut.pcap	tcp_72,16,0,,0,0,0.8201121
malware_none_Virut.pcap	udp_477,16,0,,0,0,0.9997688
malware_none_Virut.pcap	tcp_1395,16,0,,0,0,0.9993413
malware_none_Virut.pcap	tcp_1336,16,0,,1,0,0.08637815
malware_none_Virut.pcap	tcp_76,16,0,,0,0,0.48647586
malware_none_Virut.pcap	tcp_1758,16,0,,0,0,0.9977787
malware_none_Virut.pcap	tcp_78,16,0,,0,0,0.8752462
malware_none_Virut.pcap	tcp_79,16,0,,0,0,0.35080916
malware_none_Virut.pcap	tcp_82,16,0,,0,0,0.8224076
malware_none_Virut.pcap	tcp_83,16,0,,0,0,0.72660947
malware_none_Virut.pcap	tcp_1073,16,0,,0,0,0.99687785
malware_none_Virut.pcap	tcp_1755,16,0,,0,0,0.9988757
malware_none_Virut.pcap	udp_758,16,0,,0,0,0.9992248
malware_none_Virut.pcap	udp_836,16,0,,0,0,0.9998252
malware_none_Virut.pcap	udp_34,16,0,,0,0,0.9979021
malware_none_Virut.pcap	udp_35,16,0,,0,0,0.9812695
malware_none_Virut.pcap	tcp_1389,16,0,,0,0,0.99857163
malware_none_Virut.pcap	tcp_2053,16,0,,0,0,0.99690646
malware_none_Virut.pcap	udp_38,16,0,,0,0,0.94534534
malware_none_Virut.pcap	udp_453,16,0,,0,0,0.99959904
malware_none_Virut.pcap	udp_41,16,0,,0,0,0.9799448
malware_none_Virut.pcap	tcp_762,16,0,,0,0,0.9981675
malware_none_Virut.pcap	tcp_1720,16,0,,0,0,0.9913447
malware_none_Virut.pcap	tcp_1614,16,0,,1,0,0.07025674
malware_none_Virut.pcap	udp_511,16,0,,0,0,0.99887705
malware_none_Virut.pcap	tcp_1295,16,0,,0,0,0.99947035
malware_none_Virut.pcap	udp_51,16,0,,0,0,0.997898
malware_none_Virut.pcap	udp_343,16,0,,0,0,0.99824506
malware_none_Virut.pcap	tcp_1504,16,0,,0,0,0.58988005
malware_none_Virut.pcap	tcp_814,16,0,,0,0,0.99951625
malware_none_Virut.pcap	tcp_963,16,0,,0,0,0.93400556
malware_none_Virut.pcap	tcp_1367,16,0,,0,0,0.9982132
malware_none_Virut.pcap	udp_367,16,0,,0,0,0.9956195
malware_none_Virut.pcap	tcp_1688,16,0,,0,0,0.9626582
malware_none_Virut.pcap	tcp_2027,16,0,,0,0,0.95524865
malware_none_Virut.pcap	tcp_1310,16,0,,0,0,0.35258096
malware_none_Virut.pcap	tcp_923,16,0,,0,0,0.9975497
malware_none_Virut.pcap	udp_776,16,0,,0,0,0.99940443
malware_none_Virut.pcap	tcp_105,16,0,,0,0,0.29805484
malware_none_Virut.pcap	tcp_106,16,0,,0,0,0.37792516
malware_none_Virut.pcap	tcp_107,16,0,,0,0,0.9455992
malware_none_Virut.pcap	tcp_1804,16,0,,0,0,0.9983827
malware_none_Virut.pcap	tcp_1202,16,0,,0,0,0.9987148
malware_none_Virut.pcap	tcp_742,16,0,,0,0,0.9988212
malware_none_Virut.pcap	tcp_111,16,0,,0,0,0.925516
malware_none_Virut.pcap	tcp_1020,16,0,,0,0,0.99912804
malware_none_Virut.pcap	tcp_709,16,0,,0,0,0.9954639
malware_none_Virut.pcap	udp_720,16,0,,0,0,0.9990263
malware_none_Virut.pcap	udp_823,16,0,,0,0,0.99931586
malware_none_Virut.pcap	tcp_116,16,0,,0,0,0.16226508
malware_none_Virut.pcap	tcp_117,16,0,,0,0,0.84880006
malware_none_Virut.pcap	udp_54,16,0,,0,0,0.9958489
malware_none_Virut.pcap	udp_55,16,0,,0,0,0.9989821
malware_none_Virut.pcap	udp_56,16,0,,0,0,0.9994546
malware_none_Virut.pcap	tcp_2023,16,0,,0,0,0.3455762
malware_none_Virut.pcap	tcp_118,16,0,,0,0,0.9269419
malware_none_Virut.pcap	udp_894,16,0,,0,0,0.9949234
malware_none_Virut.pcap	tcp_1920,16,0,,0,0,0.99863213
malware_none_Virut.pcap	udp_376,16,0,,0,0,0.9995359
malware_none_Virut.pcap	tcp_740,16,0,,0,0,0.9938096
malware_none_Virut.pcap	udp_371,16,0,,0,0,0.99973303
malware_none_Virut.pcap	tcp_1099,16,0,,0,0,0.99702144
malware_none_Virut.pcap	tcp_126,16,0,,0,0,0.9259041
malware_none_Virut.pcap	udp_58,16,0,,0,0,0.9981116
malware_none_Virut.pcap	tcp_1079,16,0,,0,0,0.99582416
malware_none_Virut.pcap	tcp_885,16,0,,0,0,0.9941492
malware_none_Virut.pcap	tcp_1541,16,0,,0,0,0.20520326
malware_none_Virut.pcap	udp_847,16,0,,0,0,0.99964714
malware_none_Virut.pcap	tcp_1645,16,0,,0,0,0.998505
malware_none_Virut.pcap	udp_71,16,0,,0,0,0.9927969
malware_none_Virut.pcap	udp_359,16,0,,0,0,0.9988453
malware_none_Virut.pcap	tcp_795,16,0,,0,1,0.0009725795
malware_none_Virut.pcap	udp_535,16,0,,0,0,0.9992101
malware_none_Virut.pcap	tcp_129,16,0,,0,0,0.81828505
malware_none_Virut.pcap	tcp_887,16,0,,0,0,0.99196506
malware_none_Virut.pcap	tcp_1322,16,0,,0,0,0.9964874
malware_none_Virut.pcap	tcp_1053,16,0,,0,0,0.99427754
malware_none_Virut.pcap	tcp_2016,16,0,,0,0,0.93027174
malware_none_Virut.pcap	tcp_1950,16,0,,0,0,0.9994273
malware_none_Virut.pcap	tcp_136,16,0,,0,0,0.28245124
malware_none_Virut.pcap	tcp_137,16,0,,0,0,0.29417536
malware_none_Virut.pcap	udp_529,16,0,,0,0,0.9996562
malware_none_Virut.pcap	tcp_140,16,0,,0,0,0.8684612
malware_none_Virut.pcap	tcp_898,16,0,,1,1,0.033764597
malware_none_Virut.pcap	tcp_143,16,0,,0,0,0.54101455
malware_none_Virut.pcap	tcp_144,16,0,,0,0,0.7111138
malware_none_Virut.pcap	udp_634,16,0,,0,0,0.9993319
malware_none_Virut.pcap	tcp_1412,16,0,,0,0,0.9965102
malware_none_Virut.pcap	udp_78,16,0,,0,0,0.99947
malware_none_Virut.pcap	udp_79,16,0,,0,0,0.9994556
malware_none_Virut.pcap	tcp_148,16,0,,0,0,0.4743702
malware_none_Virut.pcap	tcp_749,16,0,,0,0,0.96828765
malware_none_Virut.pcap	udp_470,16,0,,0,0,0.99902546
malware_none_Virut.pcap	tcp_1417,16,0,,1,0,0.08266561
malware_none_Virut.pcap	tcp_152,16,0,,1,1,0.026497219
malware_none_Virut.pcap	tcp_1163,16,0,,1,0,0.13243525
malware_none_Virut.pcap	tcp_870,16,0,,0,0,0.5528693
malware_none_Virut.pcap	udp_330,16,0,,0,0,0.9994551
malware_none_Virut.pcap	tcp_1232,16,0,,0,0,0.99727756
malware_none_Virut.pcap	tcp_1333,16,0,,0,0,0.99481213
malware_none_Virut.pcap	tcp_988,16,0,,0,0,0.32967597
malware_none_Virut.pcap	udp_80,16,0,,0,0,0.99846655
malware_none_Virut.pcap	tcp_1237,16,0,,0,0,0.997074
malware_none_Virut.pcap	tcp_777,16,0,,0,0,0.99934214
malware_none_Virut.pcap	udp_732,16,0,,0,0,0.9989343
malware_none_Virut.pcap	tcp_1156,16,0,,0,0,0.9911397
malware_none_Virut.pcap	udp_86,16,0,,0,0,0.9988933
malware_none_Virut.pcap	tcp_940,16,0,,0,0,0.86095655
malware_none_Virut.pcap	udp_88,16,0,,0,0,0.9994405
malware_none_Virut.pcap	udp_557,16,0,,0,0,0.9995652
malware_none_Virut.pcap	udp_90,16,0,,0,0,0.9991241
malware_none_Virut.pcap	tcp_1799,16,0,,0,0,0.17503731
malware_none_Virut.pcap	udp_93,16,0,,0,0,0.9988813
malware_none_Virut.pcap	tcp_717,16,0,,0,0,0.9988493
malware_none_Virut.pcap	tcp_2065,16,0,,1,1,0.01285171
malware_none_Virut.pcap	tcp_1761,16,0,,0,0,0.7717281
malware_none_Virut.pcap	tcp_1032,16,0,,1,0,0.06255847
malware_none_Virut.pcap	tcp_166,16,0,,0,0,0.2831538
malware_none_Virut.pcap	tcp_1973,16,0,,0,0,0.99826676
malware_none_Virut.pcap	tcp_170,16,0,,1,0,0.06673983
malware_none_Virut.pcap	tcp_853,16,0,,0,0,0.86943156
malware_none_Virut.pcap	tcp_1958,16,0,,0,0,0.96886563
malware_none_Virut.pcap	tcp_1475,16,0,,0,0,0.9992582
malware_none_Virut.pcap	tcp_1436,16,0,,0,0,0.63530296
malware_none_Virut.pcap	udp_831,16,0,,0,0,0.99947673
malware_none_Virut.pcap	tcp_177,16,0,,0,0,0.8709817
malware_none_Virut.pcap	tcp_1220,16,0,,0,0,0.94973004
malware_none_Virut.pcap	tcp_180,16,0,,0,0,0.43251362
malware_none_Virut.pcap	tcp_1543,16,0,,0,0,0.97325903
malware_none_Virut.pcap	udp_765,16,0,,0,0,0.9996018
malware_none_Virut.pcap	udp_97,16,0,,0,0,0.9984734
malware_none_Virut.pcap	tcp_1884,16,0,,0,0,0.8173329
malware_none_Virut.pcap	udp_760,16,0,,0,0,0.9989637
malware_none_Virut.pcap	udp_348,16,0,,0,0,0.9995966
malware_none_Virut.pcap	udp_392,16,0,,0,0,0.99590296
malware_none_Virut.pcap	udp_100,16,0,,0,0,0.9994555
malware_none_Virut.pcap	udp_101,16,0,,0,0,0.9992947
malware_none_Virut.pcap	tcp_185,16,0,,1,0,0.09487311
malware_none_Virut.pcap	udp_910,16,0,,0,0,0.9991899
malware_none_Virut.pcap	tcp_1680,16,0,,0,0,0.946741
malware_none_Virut.pcap	tcp_1191,16,0,,0,0,0.9385455
malware_none_Virut.pcap	tcp_809,16,0,,0,0,0.99101514
malware_none_Virut.pcap	tcp_1486,16,0,,0,0,0.19575697
malware_none_Virut.pcap	udp_740,16,0,,0,0,0.99837995
malware_none_Virut.pcap	udp_377,16,0,,0,0,0.99778533
malware_none_Virut.pcap	tcp_1380,16,0,,0,0,0.9923854
malware_none_Virut.pcap	udp_725,16,0,,0,0,0.999535
malware_none_Virut.pcap	udp_332,16,0,,0,0,0.9995471
malware_none_Virut.pcap	udp_105,16,0,,0,0,0.99846196
malware_none_Virut.pcap	udp_828,16,0,,0,0,0.99933064
malware_none_Virut.pcap	udp_458,16,0,,0,0,0.99945223
malware_none_Virut.pcap	tcp_1386,16,0,,0,0,0.9974515
malware_none_Virut.pcap	udp_112,16,0,,0,0,0.99954647
malware_none_Virut.pcap	tcp_811,16,0,,0,0,0.9707652
malware_none_Virut.pcap	tcp_1472,16,0,,0,0,0.90235466
malware_none_Virut.pcap	udp_115,16,0,,0,0,0.9996061
malware_none_Virut.pcap	udp_761,16,0,,0,0,0.9808549
malware_none_Virut.pcap	tcp_802,16,0,,0,0,0.8703563
malware_none_Virut.pcap	tcp_1792,16,0,,0,0,0.9990651
malware_none_Virut.pcap	tcp_1641,16,0,,0,0,0.20955901
malware_none_Virut.pcap	udp_788,16,0,,0,0,0.99591583
malware_none_Virut.pcap	tcp_197,16,0,,0,0,0.19419613
malware_none_Virut.pcap	tcp_1251,16,0,,0,0,0.9520377
malware_none_Virut.pcap	tcp_689,16,0,,0,0,0.6744303
malware_none_Virut.pcap	tcp_1772,16,0,,0,0,0.81224924
malware_none_Virut.pcap	udp_490,16,0,,0,0,0.99882555
malware_none_Virut.pcap	tcp_202,16,0,,1,1,0.022721883
malware_none_Virut.pcap	udp_388,16,0,,0,0,0.99956197
malware_none_Virut.pcap	udp_631,16,0,,0,0,0.99961716
malware_none_Virut.pcap	udp_880,16,0,,0,0,0.99911237
malware_none_Virut.pcap	tcp_1714,16,0,,0,0,0.99868184
malware_none_Virut.pcap	tcp_207,16,0,,1,1,0.0027320406
malware_none_Virut.pcap	tcp_1649,16,0,,0,0,0.7095376
malware_none_Virut.pcap	tcp_810,16,0,,0,0,0.99978906
malware_none_Virut.pcap	tcp_891,16,0,,0,0,0.50702345
malware_none_Virut.pcap	tcp_212,16,0,,0,0,0.8772337
malware_none_Virut.pcap	tcp_213,16,0,,1,1,0.021955587
malware_none_Virut.pcap	tcp_1534,16,0,,0,0,0.42459083
malware_none_Virut.pcap	udp_118,16,0,,0,0,0.99801457
malware_none_Virut.pcap	udp_119,16,0,,0,0,0.997421
malware_none_Virut.pcap	udp_508,16,0,,0,0,0.99952537
malware_none_Virut.pcap	udp_895,16,0,,0,0,0.9931726
malware_none_Virut.pcap	udp_400,16,0,,0,0,0.99970984
malware_none_Virut.pcap	tcp_1290,16,0,,0,0,0.9090596
malware_none_Virut.pcap	tcp_1058,16,0,,0,0,0.9985763
malware_none_Virut.pcap	udp_494,16,0,,0,0,0.9974591
malware_none_Virut.pcap	udp_544,16,0,,0,0,0.9989688
malware_none_Virut.pcap	tcp_964,16,0,,0,0,0.9972279
malware_none_Virut.pcap	tcp_2011,16,0,,0,0,0.6241253
malware_none_Virut.pcap	tcp_223,16,0,,0,0,0.6953915
malware_none_Virut.pcap	tcp_1096,16,0,,0,0,0.9919961
malware_none_Virut.pcap	tcp_1467,16,0,,0,0,0.6596213
malware_none_Virut.pcap	udp_125,16,0,,0,0,0.9990723
malware_none_Virut.pcap	udp_126,16,0,,0,0,0.99453396
malware_none_Virut.pcap	udp_127,16,0,,0,0,0.99910194
malware_none_Virut.pcap	udp_129,16,0,,0,0,0.9995833
malware_none_Virut.pcap	tcp_737,16,0,,0,0,0.99699676
malware_none_Virut.pcap	udp_131,16,0,,0,0,0.998664
malware_none_Virut.pcap	tcp_1630,16,0,,0,0,0.9206794
malware_none_Virut.pcap	udp_884,16,0,,0,0,0.9993642
malware_none_Virut.pcap	tcp_1724,16,0,,0,0,0.99872804
malware_none_Virut.pcap	tcp_1671,16,0,,0,0,0.5531334
malware_none_Virut.pcap	udp_775,16,0,,0,0,0.99764395
malware_none_Virut.pcap	udp_138,16,0,,0,0,0.99840635
malware_none_Virut.pcap	tcp_1228,16,0,,0,0,0.92797405
malware_none_Virut.pcap	tcp_829,16,0,,0,0,0.996396
malware_none_Virut.pcap	tcp_976,16,0,,0,0,0.9984603
malware_none_Virut.pcap	tcp_695,16,0,,0,0,0.9982163
malware_none_Virut.pcap	tcp_229,16,0,,0,0,0.6130507
malware_none_Virut.pcap	tcp_787,16,0,,0,0,0.92047113
malware_none_Virut.pcap	tcp_231,16,0,,1,0,0.15780263
malware_none_Virut.pcap	tcp_1537,16,0,,0,0,0.814513
malware_none_Virut.pcap	tcp_233,16,0,,1,1,0.025687883
malware_none_Virut.pcap	udp_731,16,0,,0,0,0.99888194
malware_none_Virut.pcap	tcp_237,16,0,,0,0,0.31053925
malware_none_Virut.pcap	udp_584,16,0,,0,0,0.99936575
malware_none_Virut.pcap	tcp_239,16,0,,0,0,0.48084697
malware_none_Virut.pcap	tcp_240,16,0,,0,0,0.6057221
malware_none_Virut.pcap	tcp_1269,16,0,,1,0,0.0742978
malware_none_Virut.pcap	udp_871,16,0,,0,0,0.9249174
malware_none_Virut.pcap	udp_749,16,0,,0,0,0.9968469
malware_none_Virut.pcap	tcp_244,16,0,,0,0,0.9599338
malware_none_Virut.pcap	udp_140,16,0,,0,0,0.9948998
malware_none_Virut.pcap	udp_521,16,0,,0,0,0.99933726
malware_none_Virut.pcap	udp_751,16,0,,0,0,0.99656665
malware_none_Virut.pcap	tcp_246,16,0,,0,0,0.9846875
malware_none_Virut.pcap	tcp_936,16,0,,0,0,0.9805062
malware_none_Virut.pcap	tcp_1373,16,0,,0,0,0.9990158
malware_none_Virut.pcap	tcp_250,16,0,,1,0,0.13164693
malware_none_Virut.pcap	tcp_1802,16,0,,0,0,0.9994392
malware_none_Virut.pcap	tcp_785,16,0,,0,0,0.99617046
malware_none_Virut.pcap	tcp_721,16,0,,0,0,0.8565829
malware_none_Virut.pcap	udp_144,16,0,,0,0,0.9995451
malware_none_Virut.pcap	tcp_1307,16,0,,0,0,0.7603615
malware_none_Virut.pcap	tcp_256,16,0,,0,0,0.17006323
malware_none_Virut.pcap	udp_438,16,0,,0,0,0.9797922
malware_none_Virut.pcap	tcp_1338,16,0,,0,0,0.99836564
malware_none_Virut.pcap	tcp_260,16,0,,0,0,0.87807983
malware_none_Virut.pcap	udp_829,16,0,,0,0,0.99918765
malware_none_Virut.pcap	tcp_1263,16,0,,0,0,0.99630344
malware_none_Virut.pcap	tcp_1137,16,0,,0,0,0.8815446
malware_none_Virut.pcap	tcp_1836,16,0,,0,0,0.9972168
malware_none_Virut.pcap	udp_336,16,0,,0,0,0.9993149
malware_none_Virut.pcap	tcp_266,16,0,,0,0,0.41353366
malware_none_Virut.pcap	tcp_1118,16,0,,0,0,0.21065816
malware_none_Virut.pcap	tcp_1890,16,0,,0,0,0.7802643
malware_none_Virut.pcap	udp_150,16,0,,0,0,0.9987235
malware_none_Virut.pcap	udp_151,16,0,,0,0,0.9982626
malware_none_Virut.pcap	udp_153,16,0,,0,0,0.999
malware_none_Virut.pcap	udp_435,16,0,,0,0,0.9966389
malware_none_Virut.pcap	udp_390,16,0,,0,0,0.99878293
malware_none_Virut.pcap	tcp_1995,16,0,,1,0,0.09605862
malware_none_Virut.pcap	tcp_837,16,0,,0,0,0.998723
malware_none_Virut.pcap	tcp_1142,16,0,,0,0,0.22078246
malware_none_Virut.pcap	tcp_270,16,0,,0,0,0.5604552
malware_none_Virut.pcap	udp_712,16,0,,0,0,0.9990614
malware_none_Virut.pcap	tcp_273,16,0,,0,0,0.99080664
malware_none_Virut.pcap	tcp_901,16,0,,0,0,0.9824216
malware_none_Virut.pcap	tcp_276,16,0,,0,0,0.6075427
malware_none_Virut.pcap	tcp_277,16,0,,0,0,0.08542416
malware_none_Virut.pcap	tcp_278,16,0,,0,0,0.43295783
malware_none_Virut.pcap	tcp_1869,16,0,,0,0,0.9976971
malware_none_Virut.pcap	tcp_1152,16,0,,0,0,0.9990545
malware_none_Virut.pcap	tcp_1166,16,0,,0,0,0.99122214
malware_none_Virut.pcap	udp_857,16,0,,0,0,0.9994838
malware_none_Virut.pcap	tcp_1133,16,0,,0,0,0.99307406
malware_none_Virut.pcap	tcp_847,16,0,,0,0,0.9995938
malware_none_Virut.pcap	tcp_1589,16,0,,0,0,0.35066372
malware_none_Virut.pcap	tcp_817,16,0,,0,0,0.9729787
malware_none_Virut.pcap	tcp_285,16,0,,0,0,0.95981807
malware_none_Virut.pcap	tcp_1372,16,0,,0,0,0.8948714
malware_none_Virut.pcap	tcp_1824,16,0,,0,0,0.99870217
malware_none_Virut.pcap	tcp_1304,16,0,,0,0,0.7683054
malware_none_Virut.pcap	udp_398,16,0,,0,0,0.9947885
malware_none_Virut.pcap	tcp_1043,16,0,,0,0,0.7035878
malware_none_Virut.pcap	tcp_687,16,0,,0,0,0.87341905
malware_none_Virut.pcap	tcp_1406,16,0,,0,0,0.99407524
malware_none_Virut.pcap	udp_168,16,0,,0,0,0.99966586
malware_none_Virut.pcap	tcp_293,16,0,,0,0,0.97561765
malware_none_Virut.pcap	udp_723,16,0,,0,0,0.9990516
malware_none_Virut.pcap	tcp_1708,16,0,,1,0,0.0820211
malware_none_Virut.pcap	udp_510,16,0,,0,0,0.99922216
malware_none_Virut.pcap	tcp_1933,16,0,,0,0,0.9869554
malware_none_Virut.pcap	udp_173,16,0,,0,0,0.9883199
malware_none_Virut.pcap	udp_854,16,0,,0,0,0.999399
malware_none_Virut.pcap	udp_768,16,0,,0,0,0.99442816
malware_none_Virut.pcap	tcp_677,16,0,,0,0,0.99890924
malware_none_Virut.pcap	tcp_298,16,0,,0,0,0.8497175
malware_none_Virut.pcap	tcp_299,16,0,,1,1,0.019444056
malware_none_Virut.pcap	tcp_1407,16,0,,0,0,0.98113
malware_none_Virut.pcap	tcp_302,16,0,,0,0,0.9104217
malware_none_Virut.pcap	tcp_1176,16,0,,0,0,0.995853
malware_none_Virut.pcap	udp_730,16,0,,0,0,0.99975175
malware_none_Virut.pcap	tcp_1532,16,0,,0,0,0.9835878
malware_none_Virut.pcap	tcp_1182,16,0,,0,0,0.20913361
malware_none_Virut.pcap	tcp_866,16,0,,0,0,0.44639024
malware_none_Virut.pcap	tcp_1863,16,0,,0,0,0.9044091
malware_none_Virut.pcap	tcp_311,16,0,,0,0,0.9801584
malware_none_Virut.pcap	udp_904,16,0,,0,0,0.999574
malware_none_Virut.pcap	tcp_1888,16,0,,0,0,0.9965769
malware_none_Virut.pcap	tcp_731,16,0,,0,0,0.9972109
malware_none_Virut.pcap	tcp_1282,16,0,,0,0,0.9981723
malware_none_Virut.pcap	udp_702,16,0,,0,0,0.9995124
malware_none_Virut.pcap	tcp_316,16,0,,0,0,0.97488666
malware_none_Virut.pcap	tcp_1623,16,0,,0,0,0.9881612
malware_none_Virut.pcap	udp_445,16,0,,0,0,0.99790704
malware_none_Virut.pcap	udp_177,16,0,,0,0,0.9988739
malware_none_Virut.pcap	tcp_319,16,0,,0,0,0.89101845
malware_none_Virut.pcap	udp_178,16,0,,0,0,0.9983734
malware_none_Virut.pcap	tcp_1356,16,0,,0,0,0.7256119
malware_none_Virut.pcap	tcp_1986,16,0,,0,0,0.99788874
malware_none_Virut.pcap	tcp_2004,16,0,,0,0,0.9915099
malware_none_Virut.pcap	udp_182,16,0,,0,0,0.9992125
malware_none_Virut.pcap	tcp_321,16,0,,0,0,0.95275354
malware_none_Virut.pcap	udp_793,16,0,,0,0,0.9993236
malware_none_Virut.pcap	tcp_1981,16,0,,0,0,0.16844882
malware_none_Virut.pcap	tcp_329,16,0,,0,0,0.8234516
malware_none_Virut.pcap	udp_630,16,0,,0,0,0.9978613
malware_none_Virut.pcap	tcp_1014,16,0,,0,0,0.9982551
malware_none_Virut.pcap	tcp_332,16,0,,0,0,0.8320483
malware_none_Virut.pcap	udp_183,16,0,,0,0,0.99344456
malware_none_Virut.pcap	tcp_1147,16,0,,0,0,0.99845576
malware_none_Virut.pcap	tcp_1752,16,0,,0,0,0.39976087
malware_none_Virut.pcap	tcp_333,16,0,,0,0,0.9513641
malware_none_Virut.pcap	udp_667,16,0,,0,0,0.9991395
malware_none_Virut.pcap	tcp_1284,16,0,,0,0,0.9973295
malware_none_Virut.pcap	tcp_335,16,0,,0,0,0.39398688
malware_none_Virut.pcap	tcp_336,16,0,,0,0,0.9254279
malware_none_Virut.pcap	tcp_957,16,0,,0,0,0.17128634
malware_none_Virut.pcap	tcp_1705,16,0,,0,0,0.924313
malware_none_Virut.pcap	tcp_1496,16,0,,0,0,0.9800878
malware_none_Virut.pcap	tcp_1551,16,0,,0,0,0.9320549
malware_none_Virut.pcap	tcp_342,16,0,,0,0,0.9942132
malware_none_Virut.pcap	tcp_343,16,0,,0,0,0.4107384
malware_none_Virut.pcap	tcp_344,16,0,,0,0,0.99680054
malware_none_Virut.pcap	tcp_345,16,0,,0,0,0.7035038
malware_none_Virut.pcap	tcp_1299,16,0,,0,0,0.9981055
malware_none_Virut.pcap	tcp_1733,16,0,,0,0,0.4799453
malware_none_Virut.pcap	tcp_1903,16,0,,0,0,0.96105623
malware_none_Virut.pcap	tcp_1849,16,0,,0,0,0.99599946
malware_none_Virut.pcap	udp_192,16,0,,0,0,0.9986446
malware_none_Virut.pcap	udp_576,16,0,,0,0,0.99965435
malware_none_Virut.pcap	tcp_698,16,0,,0,0,0.96948427
malware_none_Virut.pcap	udp_859,16,0,,0,0,0.9992118
malware_none_Virut.pcap	tcp_1113,16,0,,0,0,0.6944264
malware_none_Virut.pcap	tcp_1906,16,0,,0,0,0.9997397
malware_none_Virut.pcap	tcp_356,16,0,,1,1,0.016103793
malware_none_Virut.pcap	tcp_357,16,0,,0,0,0.98099464
malware_none_Virut.pcap	tcp_358,16,0,,0,0,0.81528354
malware_none_Virut.pcap	udp_797,16,0,,0,0,0.9536085
malware_none_Virut.pcap	tcp_360,16,0,,0,0,0.9523611
malware_none_Virut.pcap	tcp_1324,16,0,,0,0,0.7669556
malware_none_Virut.pcap	udp_923,16,0,,0,0,0.9975685
malware_none_Virut.pcap	tcp_363,16,0,,1,1,0.019695072
malware_none_Virut.pcap	tcp_364,16,0,,0,0,0.9633876
malware_none_Virut.pcap	udp_787,16,0,,0,0,0.98180616
malware_none_Virut.pcap	tcp_1326,16,0,,0,0,0.9852912
malware_none_Virut.pcap	tcp_1667,16,0,,0,0,0.9979399
malware_none_Virut.pcap	tcp_1591,16,0,,0,0,0.9621901
malware_none_Virut.pcap	udp_440,16,0,,0,0,0.68120223
malware_none_Virut.pcap	udp_196,16,0,,0,0,0.9991133
malware_none_Virut.pcap	udp_754,16,0,,0,0,0.98945004
malware_none_Virut.pcap	udp_197,16,0,,0,0,0.99959433
malware_none_Virut.pcap	tcp_1682,16,0,,0,0,0.9978806
malware_none_Virut.pcap	udp_200,16,0,,0,0,0.99871385
malware_none_Virut.pcap	udp_201,16,0,,0,0,0.999583
malware_none_Virut.pcap	tcp_373,16,0,,0,0,0.9859805
malware_none_Virut.pcap	udp_423,16,0,,0,0,0.9991159
malware_none_Virut.pcap	udp_916,16,0,,0,0,0.99689627
malware_none_Virut.pcap	tcp_376,16,0,,0,0,0.99770963
malware_none_Virut.pcap	tcp_1912,16,0,,0,0,0.9995526
malware_none_Virut.pcap	tcp_1258,16,0,,0,0,0.98448193
malware_none_Virut.pcap	udp_460,16,0,,0,0,0.99851054
malware_none_Virut.pcap	tcp_380,16,0,,0,0,0.99634945
malware_none_Virut.pcap	tcp_1610,16,0,,0,0,0.9974808
malware_none_Virut.pcap	tcp_903,16,0,,0,0,0.9977928
malware_none_Virut.pcap	tcp_1110,16,0,,0,0,0.8680639
malware_none_Virut.pcap	tcp_1213,16,0,,0,0,0.9973328
malware_none_Virut.pcap	tcp_1109,16,0,,0,0,0.87192684
malware_none_Virut.pcap	tcp_907,16,0,,0,0,0.3520758
malware_none_Virut.pcap	udp_902,16,0,,0,0,0.9992505
malware_none_Virut.pcap	tcp_1298,16,0,,0,0,0.9946962
malware_none_Virut.pcap	tcp_1206,16,0,,0,0,0.45339862
malware_none_Virut.pcap	tcp_1280,16,0,,0,0,0.38736933
malware_none_Virut.pcap	udp_205,16,0,,0,0,0.99913996
malware_none_Virut.pcap	tcp_2036,16,0,,0,0,0.2889339
malware_none_Virut.pcap	udp_206,16,0,,0,0,0.9987857
malware_none_Virut.pcap	tcp_685,16,0,,0,0,0.9976732
malware_none_Virut.pcap	udp_571,16,0,,0,0,0.999383
malware_none_Virut.pcap	tcp_1218,16,0,,0,0,0.99921215
malware_none_Virut.pcap	tcp_1598,16,0,,1,1,0.008220939
malware_none_Virut.pcap	udp_774,16,0,,0,0,0.99829966
malware_none_Virut.pcap	tcp_393,16,0,,1,0,0.040920462
malware_none_Virut.pcap	tcp_2000,16,0,,0,0,0.99972564
malware_none_Virut.pcap	tcp_395,16,0,,0,0,0.9954835
malware_none_Virut.pcap	tcp_398,16,0,,0,0,0.99069107
malware_none_Virut.pcap	udp_536,16,0,,0,0,0.9995244
malware_none_Virut.pcap	tcp_1961,16,0,,1,0,0.14140725
malware_none_Virut.pcap	tcp_403,16,0,,0,0,0.99675107
malware_none_Virut.pcap	tcp_1491,16,0,,0,0,0.9676637
malware_none_Virut.pcap	tcp_405,16,0,,0,0,0.9702948
malware_none_Virut.pcap	tcp_1027,16,0,,0,0,0.99766266
malware_none_Virut.pcap	udp_212,16,0,,0,0,0.99896777
malware_none_Virut.pcap	udp_480,16,0,,0,0,0.99915653
malware_none_Virut.pcap	udp_214,16,0,,0,0,0.9979311
malware_none_Virut.pcap	tcp_2022,16,0,,0,0,0.99234056
malware_none_Virut.pcap	tcp_1288,16,0,,0,0,0.9468388
malware_none_Virut.pcap	udp_215,16,0,,0,0,0.99937445
malware_none_Virut.pcap	udp_216,16,0,,0,0,0.9989475
malware_none_Virut.pcap	tcp_972,16,0,,0,0,0.99846196
malware_none_Virut.pcap	udp_218,16,0,,0,0,0.9995327
malware_none_Virut.pcap	tcp_410,16,0,,1,1,0.017435003
malware_none_Virut.pcap	tcp_411,16,0,,0,0,0.991076
malware_none_Virut.pcap	udp_795,16,0,,0,0,0.9970812
malware_none_Virut.pcap	tcp_1533,16,0,,0,0,0.45667535
malware_none_Virut.pcap	tcp_414,16,0,,0,0,0.97552437
malware_none_Virut.pcap	udp_922,16,0,,0,0,0.93537974
malware_none_Virut.pcap	tcp_418,16,0,,1,0,0.053314213
malware_none_Virut.pcap	tcp_419,16,0,,0,0,0.94429135
malware_none_Virut.pcap	tcp_727,16,0,,0,0,0.99897397
malware_none_Virut.pcap	udp_219,16,0,,0,0,0.99970573
malware_none_Virut.pcap	udp_220,16,0,,0,0,0.99930644
malware_none_Virut.pcap	udp_221,16,0,,0,0,0.99862206
malware_none_Virut.pcap	tcp_1181,16,0,,0,0,0.99840695
malware_none_Virut.pcap	udp_350,16,0,,0,0,0.99250317
malware_none_Virut.pcap	udp_447,16,0,,0,0,0.9988524
malware_none_Virut.pcap	tcp_422,16,0,,0,0,0.974305
malware_none_Virut.pcap	tcp_423,16,0,,0,0,0.9989794
malware_none_Virut.pcap	tcp_739,16,0,,0,0,0.93316054
malware_none_Virut.pcap	udp_498,16,0,,0,0,0.99961275
malware_none_Virut.pcap	tcp_1103,16,0,,0,0,0.34452638
malware_none_Virut.pcap	tcp_1832,16,0,,1,0,0.055023205
malware_none_Virut.pcap	tcp_429,16,0,,0,0,0.9992446
malware_none_Virut.pcap	tcp_1024,16,0,,0,0,0.8842217
malware_none_Virut.pcap	udp_422,16,0,,0,0,0.9995645
malware_none_Virut.pcap	tcp_757,16,0,,0,0,0.99468213
malware_none_Virut.pcap	tcp_1302,16,0,,0,0,0.9681155
malware_none_Virut.pcap	tcp_437,16,0,,0,0,0.8165087
malware_none_Virut.pcap	tcp_1965,16,0,,0,0,0.99940586
malware_none_Virut.pcap	udp_729,16,0,,0,0,0.9991798
malware_none_Virut.pcap	tcp_1910,16,0,,0,0,0.2847828
malware_none_Virut.pcap	tcp_944,16,0,,0,0,0.9906887
malware_none_Virut.pcap	tcp_442,16,0,,0,0,0.88250446
malware_none_Virut.pcap	udp_225,16,0,,0,0,0.9981053
malware_none_Virut.pcap	tcp_1080,16,0,,0,0,0.97603023
malware_none_Virut.pcap	tcp_1555,16,0,,0,0,0.9400224
malware_none_Virut.pcap	tcp_1536,16,0,,0,0,0.996609
malware_none_Virut.pcap	udp_231,16,0,,0,0,0.99956775
malware_none_Virut.pcap	udp_232,16,0,,0,0,0.99971735
malware_none_Virut.pcap	tcp_444,16,0,,0,0,0.9782648
malware_none_Virut.pcap	tcp_1301,16,0,,0,0,0.98151237
malware_none_Virut.pcap	tcp_1361,16,0,,0,0,0.9967951
malware_none_Virut.pcap	tcp_447,16,0,,0,0,0.9936619
malware_none_Virut.pcap	udp_909,16,0,,0,0,0.99769545
malware_none_Virut.pcap	tcp_449,16,0,,0,0,0.99803156
malware_none_Virut.pcap	tcp_450,16,0,,0,0,0.99721825
malware_none_Virut.pcap	tcp_1273,16,0,,0,0,0.99815
malware_none_Virut.pcap	udp_484,16,0,,0,0,0.93385196
malware_none_Virut.pcap	udp_696,16,0,,0,0,0.9991008
malware_none_Virut.pcap	udp_695,16,0,,0,0,0.9990754
malware_none_Virut.pcap	udp_614,16,0,,0,0,0.9986071
malware_none_Virut.pcap	tcp_702,16,0,,0,0,0.99911785
malware_none_Virut.pcap	tcp_715,16,0,,0,0,0.99593264
malware_none_Virut.pcap	udp_601,16,0,,0,0,0.99731356
malware_none_Virut.pcap	tcp_1334,16,0,,0,0,0.91924256
malware_none_Virut.pcap	tcp_457,16,0,,0,0,0.86275405
malware_none_Virut.pcap	tcp_458,16,0,,0,0,0.49215895
malware_none_Virut.pcap	tcp_2020,16,0,,0,0,0.8031892
malware_none_Virut.pcap	tcp_1418,16,0,,0,0,0.9974091
malware_none_Virut.pcap	tcp_466,16,0,,0,0,0.9985868
malware_none_Virut.pcap	tcp_1226,16,0,,0,0,0.9977148
malware_none_Virut.pcap	tcp_1575,16,0,,0,0,0.7703977
malware_none_Virut.pcap	tcp_760,16,0,,0,0,0.9993856
malware_none_Virut.pcap	tcp_943,16,0,,0,0,0.8636947
malware_none_Virut.pcap	tcp_1805,16,0,,0,0,0.99927884
malware_none_Virut.pcap	tcp_921,16,0,,0,0,0.93725234
malware_none_Virut.pcap	udp_238,16,0,,0,0,0.99944764
malware_none_Virut.pcap	tcp_863,16,0,,0,0,0.99811
malware_none_Virut.pcap	udp_240,16,0,,0,0,0.9996039
malware_none_Virut.pcap	tcp_1057,16,0,,0,0,0.9971662
malware_none_Virut.pcap	udp_612,16,0,,0,0,0.9987481
malware_none_Virut.pcap	tcp_1607,16,0,,0,0,0.998319
malware_none_Virut.pcap	udp_244,16,0,,0,0,0.9941071
malware_none_Virut.pcap	udp_574,16,0,,0,0,0.99877816
malware_none_Virut.pcap	tcp_1817,16,0,,0,0,0.99610054
malware_none_Virut.pcap	udp_865,16,0,,0,0,0.99968886
malware_none_Virut.pcap	tcp_1980,16,0,,0,0,0.95210516
malware_none_Virut.pcap	tcp_1442,16,0,,1,1,0.017472103
malware_none_Virut.pcap	udp_248,16,0,,0,0,0.98739713
malware_none_Virut.pcap	tcp_931,16,0,,0,0,0.24480169
malware_none_Virut.pcap	udp_748,16,0,,0,0,0.99884135
malware_none_Virut.pcap	tcp_1514,16,0,,0,0,0.99688953
malware_none_Virut.pcap	tcp_480,16,0,,0,0,0.25768408
malware_none_Virut.pcap	tcp_1149,16,0,,0,0,0.83344465
malware_none_Virut.pcap	tcp_483,16,0,,0,0,0.24934173
malware_none_Virut.pcap	tcp_994,16,0,,0,0,0.9989201
malware_none_Virut.pcap	udp_636,16,0,,0,0,0.99900776
malware_none_Virut.pcap	udp_472,16,0,,0,0,0.99966574
malware_none_Virut.pcap	tcp_487,16,0,,0,0,0.9962829
malware_none_Virut.pcap	tcp_488,16,0,,0,0,0.96860385
malware_none_Virut.pcap	tcp_1922,16,0,,0,0,0.9997316
malware_none_Virut.pcap	tcp_491,16,0,,0,0,0.8812213
malware_none_Virut.pcap	tcp_1127,16,0,,0,0,0.9706825
malware_none_Virut.pcap	tcp_1896,16,0,,0,0,0.99703264
malware_none_Virut.pcap	tcp_1184,16,0,,0,0,0.92860574
malware_none_Virut.pcap	tcp_1855,16,0,,1,0,0.13541685
malware_none_Virut.pcap	udp_251,16,0,,0,0,0.99917775
malware_none_Virut.pcap	tcp_1706,16,0,,1,0,0.096259914
malware_none_Virut.pcap	udp_253,16,0,,0,0,0.9972675
malware_none_Virut.pcap	tcp_498,16,0,,0,0,0.7804583
malware_none_Virut.pcap	tcp_750,16,0,,0,0,0.99850816
malware_none_Virut.pcap	udp_255,16,0,,0,0,0.99960583
malware_none_Virut.pcap	tcp_1357,16,0,,1,0,0.04723596
malware_none_Virut.pcap	tcp_1410,16,0,,0,0,0.95919174
malware_none_Virut.pcap	tcp_909,16,0,,0,0,0.99812466
malware_none_Virut.pcap	udp_827,16,0,,0,0,0.99951607
malware_none_Virut.pcap	tcp_973,16,0,,0,0,0.72454894
malware_none_Virut.pcap	udp_258,16,0,,0,0,0.99927884
malware_none_Virut.pcap	tcp_1816,16,0,,0,0,0.98220533
malware_none_Virut.pcap	tcp_503,16,0,,0,0,0.28093845
malware_none_Virut.pcap	tcp_1592,16,0,,0,0,0.7625034
malware_none_Virut.pcap	udp_451,16,0,,0,0,0.99739957
malware_none_Virut.pcap	udp_863,16,0,,0,0,0.9990596
malware_none_Virut.pcap	tcp_1271,16,0,,0,0,0.9984371
malware_none_Virut.pcap	tcp_1908,16,0,,0,0,0.8643916
malware_none_Virut.pcap	udp_886,16,0,,0,0,0.9994655
malware_none_Virut.pcap	tcp_513,16,0,,0,0,0.4901853
malware_none_Virut.pcap	tcp_514,16,0,,0,0,0.9994229
malware_none_Virut.pcap	udp_625,16,0,,0,0,0.9991423
malware_none_Virut.pcap	udp_260,16,0,,0,0,0.9920099
malware_none_Virut.pcap	udp_621,16,0,,0,0,0.99646205
malware_none_Virut.pcap	udp_261,16,0,,0,0,0.9996786
malware_none_Virut.pcap	tcp_2062,16,0,,0,0,0.5802101
malware_none_Virut.pcap	tcp_897,16,0,,0,0,0.9194115
malware_none_Virut.pcap	tcp_1313,16,0,,0,0,0.998626
malware_none_Virut.pcap	udp_610,16,0,,0,0,0.99906963
malware_none_Virut.pcap	tcp_1490,16,0,,0,0,0.99898714
malware_none_Virut.pcap	tcp_525,16,0,,0,0,0.9976762
malware_none_Virut.pcap	tcp_1675,16,0,,0,0,0.999012
malware_none_Virut.pcap	tcp_2017,16,0,,0,0,0.20555574
malware_none_Virut.pcap	tcp_1746,16,0,,0,0,0.989296
malware_none_Virut.pcap	tcp_813,16,0,,0,0,0.88889253
malware_none_Virut.pcap	tcp_1647,16,0,,0,0,0.6098372
malware_none_Virut.pcap	tcp_1899,16,0,,0,0,0.9962438
malware_none_Virut.pcap	tcp_1169,16,0,,0,0,0.99063015
malware_none_Virut.pcap	tcp_1927,16,0,,0,0,0.9615461
malware_none_Virut.pcap	tcp_529,16,0,,0,0,0.99853325
malware_none_Virut.pcap	udp_561,16,0,,0,0,0.99974984
malware_none_Virut.pcap	tcp_2042,16,0,,0,0,0.19774099
malware_none_Virut.pcap	udp_819,16,0,,0,0,0.99941766
malware_none_Virut.pcap	tcp_533,16,0,,0,0,0.77843446
malware_none_Virut.pcap	udp_541,16,0,,0,0,0.9991211
malware_none_Virut.pcap	tcp_535,16,0,,0,0,0.99944556
malware_none_Virut.pcap	tcp_536,16,0,,0,0,0.9987643
malware_none_Virut.pcap	tcp_793,16,0,,0,0,0.9958359
malware_none_Virut.pcap	tcp_1957,16,0,,0,0,0.5015585
malware_none_Virut.pcap	tcp_1951,16,0,,0,0,0.37950265
malware_none_Virut.pcap	tcp_541,16,0,,0,0,0.99875855
malware_none_Virut.pcap	tcp_693,16,0,,0,0,0.9972096
malware_none_Virut.pcap	tcp_733,16,0,,0,0,0.94920063
malware_none_Virut.pcap	tcp_544,16,0,,0,0,0.9983302
malware_none_Virut.pcap	udp_273,16,0,,0,0,0.9996194
malware_none_Virut.pcap	udp_274,16,0,,0,0,0.99818575
malware_none_Virut.pcap	udp_839,16,0,,0,0,0.99921656
malware_none_Virut.pcap	tcp_546,16,0,,0,0,0.9991458
malware_none_Virut.pcap	tcp_1785,16,0,,0,0,0.9989543
malware_none_Virut.pcap	tcp_1967,16,0,,0,0,0.99164397
malware_none_Virut.pcap	udp_602,16,0,,0,0,0.99976486
malware_none_Virut.pcap	tcp_1909,16,0,,0,0,0.9986653
malware_none_Virut.pcap	tcp_848,16,0,,0,0,0.99476886
malware_none_Virut.pcap	tcp_1438,16,0,,0,0,0.99858665
malware_none_Virut.pcap	tcp_552,16,0,,0,0,0.996322
malware_none_Virut.pcap	udp_841,16,0,,0,0,0.9981063
malware_none_Virut.pcap	tcp_554,16,0,,0,0,0.49181283
malware_none_Virut.pcap	tcp_1538,16,0,,1,1,0.004027436
malware_none_Virut.pcap	tcp_1559,16,0,,0,0,0.9873697
malware_none_Virut.pcap	tcp_1332,16,0,,0,0,0.99815637
malware_none_Virut.pcap	tcp_558,16,0,,0,0,0.99937797
malware_none_Virut.pcap	tcp_1691,16,0,,0,0,0.9852743
malware_none_Virut.pcap	udp_673,16,0,,0,0,0.99916005
malware_none_Virut.pcap	udp_280,16,0,,0,0,0.99950635
malware_none_Virut.pcap	udp_814,16,0,,0,0,0.9994684
malware_none_Virut.pcap	tcp_1041,16,0,,0,0,0.9975652
malware_none_Virut.pcap	tcp_1558,16,0,,0,0,0.847235
malware_none_Virut.pcap	udp_282,16,0,,0,0,0.99899477
malware_none_Virut.pcap	udp_406,16,0,,0,0,0.9992225
malware_none_Virut.pcap	udp_811,16,0,,0,0,0.9981547
malware_none_Virut.pcap	tcp_1686,16,0,,0,0,0.99439824
malware_none_Virut.pcap	udp_659,16,0,,0,0,0.9904603
malware_none_Virut.pcap	tcp_1782,16,0,,0,0,0.9990708
malware_none_Virut.pcap	tcp_568,16,0,,0,0,0.9975604
malware_none_Virut.pcap	udp_802,16,0,,0,0,0.99944913
malware_none_Virut.pcap	udp_559,16,0,,0,0,0.9994104
malware_none_Virut.pcap	udp_288,16,0,,0,0,0.9993036
malware_none_Virut.pcap	tcp_1473,16,0,,0,0,0.9541736
malware_none_Virut.pcap	tcp_1188,16,0,,0,0,0.99472654
malware_none_Virut.pcap	tcp_1250,16,0,,0,0,0.99822384
malware_none_Virut.pcap	tcp_1377,16,0,,0,0,0.9945136
malware_none_Virut.pcap	tcp_1300,16,0,,0,0,0.99777114
malware_none_Virut.pcap	udp_391,16,0,,0,0,0.99941635
malware_none_Virut.pcap	udp_465,16,0,,0,0,0.9994066
malware_none_Virut.pcap	tcp_1059,16,0,,0,0,0.92126894
malware_none_Virut.pcap	tcp_577,16,0,,0,0,0.9496445
malware_none_Virut.pcap	tcp_1659,16,0,,0,0,0.86755437
malware_none_Virut.pcap	tcp_578,16,0,,0,0,0.99833083
malware_none_Virut.pcap	tcp_1292,16,0,,0,0,0.6198491
malware_none_Virut.pcap	tcp_580,16,0,,0,0,0.8946095
malware_none_Virut.pcap	tcp_1050,16,0,,0,0,0.88539225
malware_none_Virut.pcap	udp_818,16,0,,0,0,0.99878496
malware_none_Virut.pcap	tcp_583,16,0,,0,0,0.99955535
malware_none_Virut.pcap	tcp_584,16,0,,0,0,0.999289
malware_none_Virut.pcap	tcp_585,16,0,,0,0,0.9988626
malware_none_Virut.pcap	tcp_2047,16,0,,1,0,0.14921008
malware_none_Virut.pcap	tcp_587,16,0,,0,0,0.9995013
malware_none_Virut.pcap	tcp_588,16,0,,0,0,0.24245428
malware_none_Virut.pcap	tcp_1432,16,0,,0,0,0.99894816
malware_none_Virut.pcap	tcp_590,16,0,,0,0,0.9971205
malware_none_Virut.pcap	tcp_1451,16,0,,0,0,0.937909
malware_none_Virut.pcap	tcp_593,16,0,,0,0,0.9938512
malware_none_Virut.pcap	tcp_595,16,0,,0,0,0.99466145
malware_none_Virut.pcap	tcp_1189,16,0,,0,0,0.99960893
malware_none_Virut.pcap	tcp_598,16,0,,0,0,0.9991522
malware_none_Virut.pcap	tcp_599,16,0,,0,0,0.4288816
malware_none_Virut.pcap	tcp_1932,16,0,,0,0,0.99963045
malware_none_Virut.pcap	tcp_1742,16,0,,0,0,0.99865806
malware_none_Virut.pcap	tcp_1918,16,0,,0,0,0.99885035
malware_none_Virut.pcap	tcp_1571,16,0,,1,0,0.12991762
malware_none_Virut.pcap	udp_396,16,0,,0,0,0.99961334
malware_none_Virut.pcap	tcp_905,16,0,,0,0,0.998052
malware_none_Virut.pcap	udp_483,16,0,,0,0,0.9987153
malware_none_Virut.pcap	tcp_610,16,0,,0,0,0.51265633
malware_none_Virut.pcap	tcp_1586,16,0,,0,0,0.73177356
malware_none_Virut.pcap	tcp_1895,16,0,,0,0,0.99973243
malware_none_Virut.pcap	tcp_878,16,0,,0,0,0.6515506
malware_none_Virut.pcap	tcp_614,16,0,,0,0,0.9992736
malware_none_Virut.pcap	tcp_615,16,0,,0,0,0.9943614
malware_none_Virut.pcap	udp_609,16,0,,0,0,0.9984133
malware_none_Virut.pcap	udp_806,16,0,,0,0,0.99939597
malware_none_Virut.pcap	udp_301,16,0,,0,0,0.9983243
malware_none_Virut.pcap	udp_816,16,0,,0,0,0.9991065
malware_none_Virut.pcap	tcp_1518,16,0,,0,0,0.86015093
malware_none_Virut.pcap	udp_302,16,0,,0,0,0.99830323
malware_none_Virut.pcap	tcp_1414,16,0,,1,1,0.00027102462
malware_none_Virut.pcap	udp_439,16,0,,0,0,0.9953992
malware_none_Virut.pcap	udp_912,16,0,,0,0,0.9975361
malware_none_Virut.pcap	udp_657,16,0,,0,0,0.99686706
malware_none_Virut.pcap	tcp_623,16,0,,0,0,0.35165125
malware_none_Virut.pcap	tcp_1775,16,0,,0,0,0.9997584
malware_none_Virut.pcap	tcp_625,16,0,,0,0,0.99951744
malware_none_Virut.pcap	tcp_1600,16,0,,1,1,0.028112836
malware_none_Virut.pcap	tcp_694,16,0,,0,0,0.9701097
malware_none_Virut.pcap	tcp_1991,16,0,,0,0,0.9732921
malware_none_Virut.pcap	udp_547,16,0,,0,0,0.99784046
malware_none_Virut.pcap	tcp_1318,16,0,,0,0,0.6109259
malware_none_Virut.pcap	tcp_1382,16,0,,0,0,0.9879743
malware_none_Virut.pcap	tcp_631,16,0,,0,0,0.9991637
malware_none_Virut.pcap	udp_311,16,0,,0,0,0.9997135
malware_none_Virut.pcap	udp_312,16,0,,0,0,0.9990531
malware_none_Virut.pcap	udp_314,16,0,,0,0,0.9994974
malware_none_Virut.pcap	udp_538,16,0,,0,0,0.9989936
malware_none_Virut.pcap	udp_316,16,0,,0,0,0.99795485
malware_none_Virut.pcap	udp_679,16,0,,0,0,0.5226761
malware_none_Virut.pcap	udp_351,16,0,,0,0,0.99742436
malware_none_Virut.pcap	udp_849,16,0,,0,0,0.99827266
malware_none_Virut.pcap	tcp_635,16,0,,0,0,0.98535466
malware_none_Virut.pcap	tcp_636,16,0,,0,0,0.9982305
malware_none_Virut.pcap	udp_319,16,0,,0,0,0.992194
malware_none_Virut.pcap	udp_794,16,0,,0,0,0.9991905
malware_none_Virut.pcap	udp_320,16,0,,0,0,0.9992112
malware_none_Virut.pcap	tcp_641,16,0,,0,0,0.95158285
malware_none_Virut.pcap	udp_623,16,0,,0,0,0.99898964
malware_none_Virut.pcap	tcp_643,16,0,,0,0,0.9995316
malware_none_Virut.pcap	udp_497,16,0,,0,0,0.9990582
malware_none_Virut.pcap	udp_565,16,0,,0,0,0.9992822
malware_none_Virut.pcap	tcp_646,16,0,,0,0,0.9998962
malware_none_Virut.pcap	tcp_1153,16,0,,0,0,0.9184706
malware_none_Virut.pcap	tcp_648,16,0,,0,0,0.99914116
malware_none_Virut.pcap	tcp_649,16,0,,0,0,0.9990899
malware_none_Virut.pcap	tcp_1798,16,0,,0,0,0.99836725
malware_none_Virut.pcap	udp_327,16,0,,0,0,0.9976367
malware_none_Virut.pcap	udp_322,16,0,,0,0,0.9994998
malware_none_Virut.pcap	tcp_653,16,0,,0,0,0.99871993
malware_none_Virut.pcap	tcp_1466,16,0,,0,0,0.9991551
malware_none_Virut.pcap	tcp_705,16,0,,0,0,0.8391617
malware_none_Virut.pcap	udp_324,16,0,,0,0,0.9874061
malware_none_Virut.pcap	udp_820,16,0,,0,0,0.9995841
malware_none_Virut.pcap	tcp_1046,16,0,,0,0,0.8560573
malware_none_Virut.pcap	tcp_953,16,0,,0,0,0.99761176
malware_none_Virut.pcap	tcp_657,16,0,,0,0,0.9968241
malware_none_Virut.pcap	tcp_1556,16,0,,0,0,0.828145
malware_none_Virut.pcap	tcp_660,16,0,,0,0,0.48938835
malware_none_Virut.pcap	tcp_662,16,0,,0,0,0.99917185
malware_none_Virut.pcap	udp_411,16,0,,0,0,0.998928
malware_none_Virut.pcap	tcp_1006,16,0,,0,0,0.9496338
malware_none_Virut.pcap	tcp_1851,16,0,,0,0,0.9800254
malware_none_Virut.pcap	tcp_667,16,1,Bb_7,0,0,0.9433349
malware_none_Virut.pcap	tcp_668,16,0,,0,0,0.3278701
malware_none_Virut.pcap	tcp_670,16,0,,1,0,0.050137613
malware_none_Virut.pcap	tcp_2046,16,0,,0,0,0.98708344
benign_none_SMB.pcap	tcp_0,12,0,,0,0,0.9992106
benign_none_SMB.pcap	tcp_2255,12,0,,0,0,0.9996873
benign_none_SMB.pcap	tcp_2,12,0,,0,0,0.99948424
benign_none_SMB.pcap	tcp_3,12,0,,0,0,0.71493495
benign_none_SMB.pcap	tcp_2694,12,0,,0,0,0.99915946
benign_none_SMB.pcap	tcp_5,12,0,,0,0,0.35146967
benign_none_SMB.pcap	tcp_6,12,0,,0,0,0.9990514
benign_none_SMB.pcap	tcp_2030,12,0,,0,0,0.99949896
benign_none_SMB.pcap	tcp_2748,12,0,,0,0,0.95158947
benign_none_SMB.pcap	tcp_1838,12,0,,0,0,0.99932384
benign_none_SMB.pcap	tcp_2582,12,0,,0,0,0.9990363
benign_none_SMB.pcap	tcp_2778,12,0,,0,0,0.99925804
benign_none_SMB.pcap	tcp_13,12,0,,0,0,0.99922293
benign_none_SMB.pcap	tcp_14,12,0,,0,0,0.9994994
benign_none_SMB.pcap	tcp_15,12,0,,0,1,0.01143498
benign_none_SMB.pcap	tcp_2296,12,0,,0,0,0.99951386
benign_none_SMB.pcap	tcp_2411,12,0,,0,0,0.998949
benign_none_SMB.pcap	tcp_20,12,0,,0,0,0.9991264
benign_none_SMB.pcap	tcp_1298,12,0,,0,0,0.99945015
benign_none_SMB.pcap	tcp_2379,12,0,,0,0,0.9992106
benign_none_SMB.pcap	tcp_2651,12,0,,0,0,0.9993652
benign_none_SMB.pcap	tcp_2082,12,0,,0,0,0.99947244
benign_none_SMB.pcap	tcp_26,12,0,,0,0,0.9994923
benign_none_SMB.pcap	tcp_1879,12,0,,0,0,0.9922608
benign_none_SMB.pcap	tcp_28,12,0,,0,0,0.9996177
benign_none_SMB.pcap	tcp_2157,12,0,,0,0,0.9996395
benign_none_SMB.pcap	tcp_30,12,0,,0,0,0.9992597
benign_none_SMB.pcap	tcp_2964,12,1,Cc_5,0,0,0.99971443
benign_none_SMB.pcap	tcp_2930,12,0,,0,0,0.9995297
benign_none_SMB.pcap	tcp_1020,12,0,,0,0,0.9993855
benign_none_SMB.pcap	tcp_38,12,0,,0,0,0.9638195
benign_none_SMB.pcap	tcp_1234,12,0,,0,0,0.9995515
benign_none_SMB.pcap	tcp_2026,12,0,,0,0,0.99919814
benign_none_SMB.pcap	tcp_41,12,0,,0,0,0.99944764
benign_none_SMB.pcap	tcp_42,12,0,,0,0,0.98959094
benign_none_SMB.pcap	tcp_2724,12,0,,0,0,0.99953115
benign_none_SMB.pcap	tcp_44,12,0,,0,0,0.99961996
benign_none_SMB.pcap	tcp_45,12,0,,0,0,0.999603
benign_none_SMB.pcap	tcp_1210,12,0,,0,0,0.9993668
benign_none_SMB.pcap	tcp_48,12,0,,0,0,0.99921644
benign_none_SMB.pcap	tcp_49,12,0,,0,0,0.99018073
benign_none_SMB.pcap	tcp_51,12,0,,0,0,0.9997855
benign_none_SMB.pcap	tcp_52,12,0,,0,0,0.9994732
benign_none_SMB.pcap	tcp_2701,12,0,,0,0,0.99978954
benign_none_SMB.pcap	tcp_1911,12,0,,0,0,0.9992209
benign_none_SMB.pcap	tcp_1511,12,0,,0,0,0.99643517
benign_none_SMB.pcap	tcp_2239,12,0,,0,0,0.23216705
benign_none_SMB.pcap	tcp_58,12,0,,0,0,0.99974453
benign_none_SMB.pcap	tcp_59,12,0,,0,0,0.99965906
benign_none_SMB.pcap	tcp_60,12,0,,0,0,0.999121
benign_none_SMB.pcap	tcp_2994,12,0,,0,0,0.99978644
benign_none_SMB.pcap	tcp_2810,12,0,,0,0,0.9992777
benign_none_SMB.pcap	tcp_1555,12,0,,0,0,0.9995852
benign_none_SMB.pcap	tcp_1339,12,0,,0,0,0.98736864
benign_none_SMB.pcap	tcp_2259,12,0,,0,0,0.9997507
benign_none_SMB.pcap	tcp_1844,12,0,,0,0,0.9965181
benign_none_SMB.pcap	tcp_2436,12,0,,0,0,0.9997054
benign_none_SMB.pcap	tcp_1819,12,0,,0,0,0.9986468
benign_none_SMB.pcap	tcp_69,12,0,,0,0,0.99954766
benign_none_SMB.pcap	tcp_2595,12,0,,0,0,0.9996463
benign_none_SMB.pcap	tcp_1240,12,0,,0,0,0.8294377
benign_none_SMB.pcap	tcp_72,12,0,,0,0,0.9997272
benign_none_SMB.pcap	tcp_2534,12,0,,0,0,0.9919775
benign_none_SMB.pcap	tcp_75,12,0,,0,0,0.997931
benign_none_SMB.pcap	tcp_1290,12,0,,0,0,0.99935526
benign_none_SMB.pcap	tcp_1783,12,0,,0,0,0.9993648
benign_none_SMB.pcap	tcp_78,12,0,,0,0,0.99776745
benign_none_SMB.pcap	tcp_79,12,0,,0,0,0.9991221
benign_none_SMB.pcap	tcp_1168,12,0,,0,0,0.9995253
benign_none_SMB.pcap	tcp_81,12,0,,0,0,0.99509984
benign_none_SMB.pcap	tcp_82,12,0,,0,0,0.99958104
benign_none_SMB.pcap	tcp_83,12,0,,0,0,0.9995873
benign_none_SMB.pcap	tcp_2116,12,0,,0,0,0.9996051
benign_none_SMB.pcap	tcp_1381,12,0,,0,0,0.9993849
benign_none_SMB.pcap	tcp_86,12,0,,0,0,0.9991708
benign_none_SMB.pcap	tcp_87,12,0,,0,0,0.99953914
benign_none_SMB.pcap	tcp_89,12,0,,0,0,0.99923146
benign_none_SMB.pcap	tcp_2388,12,0,,0,0,0.9994612
benign_none_SMB.pcap	tcp_91,12,0,,0,0,0.99947006
benign_none_SMB.pcap	tcp_1097,12,0,,0,0,0.99925685
benign_none_SMB.pcap	tcp_93,12,0,,0,0,0.9828498
benign_none_SMB.pcap	tcp_94,12,0,,0,0,0.9993032
benign_none_SMB.pcap	tcp_96,12,0,,0,0,0.9991673
benign_none_SMB.pcap	tcp_1292,12,0,,0,0,0.9995983
benign_none_SMB.pcap	tcp_100,12,0,,0,0,0.9995171
benign_none_SMB.pcap	tcp_2235,12,0,,0,0,0.9995259
benign_none_SMB.pcap	tcp_1589,12,0,,0,0,0.99947745
benign_none_SMB.pcap	tcp_104,12,0,,0,0,0.9992722
benign_none_SMB.pcap	tcp_105,12,0,,0,0,0.9991822
benign_none_SMB.pcap	tcp_1639,12,0,,0,0,0.9997216
benign_none_SMB.pcap	tcp_2636,12,0,,0,0,0.99977714
benign_none_SMB.pcap	tcp_1474,12,0,,0,0,0.99945027
benign_none_SMB.pcap	tcp_110,12,0,,0,0,0.9995407
benign_none_SMB.pcap	tcp_2041,12,0,,0,0,0.99912256
benign_none_SMB.pcap	tcp_112,12,0,,0,0,0.9629677
benign_none_SMB.pcap	tcp_114,12,0,,0,0,0.9996075
benign_none_SMB.pcap	tcp_2919,12,0,,0,0,0.9996456
benign_none_SMB.pcap	tcp_116,12,0,,0,0,0.9994574
benign_none_SMB.pcap	tcp_1693,12,0,,0,0,0.9992631
benign_none_SMB.pcap	tcp_118,12,0,,0,0,0.99317414
benign_none_SMB.pcap	tcp_1139,12,0,,0,0,0.9991828
benign_none_SMB.pcap	tcp_121,12,0,,0,0,0.999519
benign_none_SMB.pcap	tcp_122,12,0,,0,0,0.99974376
benign_none_SMB.pcap	tcp_2419,12,0,,0,0,0.9993956
benign_none_SMB.pcap	tcp_126,12,0,,0,0,0.99961317
benign_none_SMB.pcap	tcp_128,12,0,,0,0,0.9994887
benign_none_SMB.pcap	tcp_2809,12,0,,0,0,0.999506
benign_none_SMB.pcap	tcp_130,12,0,,0,0,0.9995512
benign_none_SMB.pcap	tcp_2624,12,0,,0,0,0.9995827
benign_none_SMB.pcap	tcp_132,12,0,,0,0,0.9995859
benign_none_SMB.pcap	tcp_2674,12,1,Cc_5,0,0,0.9993855
benign_none_SMB.pcap	tcp_134,12,0,,0,0,0.99924517
benign_none_SMB.pcap	tcp_135,12,0,,0,0,0.999505
benign_none_SMB.pcap	tcp_136,12,0,,0,0,0.99960154
benign_none_SMB.pcap	tcp_2155,12,0,,0,0,0.99931043
benign_none_SMB.pcap	tcp_138,12,0,,0,0,0.999421
benign_none_SMB.pcap	tcp_2915,12,0,,0,0,0.9994735
benign_none_SMB.pcap	tcp_1238,12,0,,0,0,0.9997763
benign_none_SMB.pcap	tcp_1820,12,0,,0,0,0.9994326
benign_none_SMB.pcap	tcp_2783,12,0,,0,0,0.9997226
benign_none_SMB.pcap	tcp_1129,12,0,,0,0,0.9994665
benign_none_SMB.pcap	tcp_144,12,0,,0,0,0.998806
benign_none_SMB.pcap	tcp_1610,12,0,,0,0,0.9995884
benign_none_SMB.pcap	tcp_2028,12,0,,0,0,0.99931395
benign_none_SMB.pcap	tcp_149,12,0,,0,0,0.9958493
benign_none_SMB.pcap	tcp_2011,12,0,,0,0,0.9957021
benign_none_SMB.pcap	tcp_2479,12,0,,0,0,0.99942684
benign_none_SMB.pcap	tcp_153,12,0,,0,0,0.9991615
benign_none_SMB.pcap	tcp_1649,12,0,,0,0,0.99970716
benign_none_SMB.pcap	tcp_1531,12,0,,0,0,0.9996068
benign_none_SMB.pcap	tcp_2560,12,0,,0,0,0.9869829
benign_none_SMB.pcap	tcp_158,12,0,,0,0,0.99746746
benign_none_SMB.pcap	tcp_159,12,0,,0,0,0.9997696
benign_none_SMB.pcap	tcp_1374,12,0,,0,0,0.9242104
benign_none_SMB.pcap	tcp_2149,12,0,,0,0,0.9992348
benign_none_SMB.pcap	tcp_1778,12,0,,0,0,0.99964345
benign_none_SMB.pcap	tcp_163,12,0,,0,0,0.99913937
benign_none_SMB.pcap	tcp_1940,12,0,,0,0,0.99976724
benign_none_SMB.pcap	tcp_1410,12,0,,0,0,0.9994493
benign_none_SMB.pcap	tcp_1086,12,0,,0,0,0.99949944
benign_none_SMB.pcap	tcp_168,12,0,,0,0,0.998969
benign_none_SMB.pcap	tcp_1220,12,0,,0,0,0.99931693
benign_none_SMB.pcap	tcp_2167,12,0,,0,0,0.99950916
benign_none_SMB.pcap	tcp_1736,12,0,,0,0,0.99942386
benign_none_SMB.pcap	tcp_1908,12,0,,0,0,0.99968517
benign_none_SMB.pcap	tcp_2458,12,0,,0,0,0.9993382
benign_none_SMB.pcap	tcp_177,12,0,,0,0,0.99261063
benign_none_SMB.pcap	tcp_2178,12,0,,0,0,0.98544264
benign_none_SMB.pcap	tcp_1748,12,0,,0,0,0.9989655
benign_none_SMB.pcap	tcp_2431,12,0,,0,0,0.99961984
benign_none_SMB.pcap	tcp_1821,12,0,,0,0,0.9994948
benign_none_SMB.pcap	tcp_2469,12,0,,0,0,0.99962187
benign_none_SMB.pcap	tcp_2205,12,0,,0,0,0.9996804
benign_none_SMB.pcap	tcp_1400,12,0,,0,0,0.9980052
benign_none_SMB.pcap	tcp_1402,12,0,,0,0,0.99953705
benign_none_SMB.pcap	tcp_190,12,0,,0,0,0.99968445
benign_none_SMB.pcap	tcp_192,12,0,,0,0,0.99967706
benign_none_SMB.pcap	tcp_2764,12,0,,0,0,0.9992816
benign_none_SMB.pcap	tcp_1078,12,0,,0,0,0.9892398
benign_none_SMB.pcap	tcp_1010,12,0,,0,0,0.99945873
benign_none_SMB.pcap	tcp_1580,12,0,,0,0,0.9985722
benign_none_SMB.pcap	tcp_1841,12,0,,0,0,0.999319
benign_none_SMB.pcap	tcp_1248,12,0,,0,0,0.99918896
benign_none_SMB.pcap	tcp_2186,12,0,,0,0,0.9995352
benign_none_SMB.pcap	tcp_2532,12,0,,0,0,0.9833847
benign_none_SMB.pcap	tcp_2106,12,0,,0,0,0.9986261
benign_none_SMB.pcap	tcp_1850,12,0,,0,0,0.99273974
benign_none_SMB.pcap	tcp_1919,12,0,,0,0,0.9997479
benign_none_SMB.pcap	tcp_204,12,0,,0,0,0.99912256
benign_none_SMB.pcap	tcp_2330,12,0,,0,0,0.99946976
benign_none_SMB.pcap	tcp_1848,12,0,,0,0,0.99923456
benign_none_SMB.pcap	tcp_2654,12,0,,0,0,0.999798
benign_none_SMB.pcap	tcp_209,12,0,,0,0,0.9997298
benign_none_SMB.pcap	tcp_210,12,0,,0,0,0.99942833
benign_none_SMB.pcap	tcp_211,12,0,,0,0,0.99942183
benign_none_SMB.pcap	tcp_1064,12,0,,0,0,0.9992275
benign_none_SMB.pcap	tcp_2132,12,0,,0,0,0.9992621
benign_none_SMB.pcap	tcp_1543,12,0,,0,0,0.99796134
benign_none_SMB.pcap	tcp_215,12,0,,0,0,0.999752
benign_none_SMB.pcap	tcp_2136,12,0,,0,0,0.9996587
benign_none_SMB.pcap	tcp_1520,12,0,,0,0,0.99948585
benign_none_SMB.pcap	tcp_219,12,0,,0,0,0.9994415
benign_none_SMB.pcap	tcp_222,12,0,,0,0,0.999297
benign_none_SMB.pcap	tcp_2821,12,0,,0,0,0.99907863
benign_none_SMB.pcap	tcp_225,12,0,,0,0,0.96723616
benign_none_SMB.pcap	tcp_226,12,0,,0,0,0.9994598
benign_none_SMB.pcap	tcp_2079,12,0,,0,0,0.9997353
benign_none_SMB.pcap	tcp_229,12,0,,0,0,0.9994859
benign_none_SMB.pcap	tcp_230,12,0,,0,0,0.99935216
benign_none_SMB.pcap	tcp_1831,12,0,,0,0,0.9997845
benign_none_SMB.pcap	tcp_1897,12,0,,0,0,0.99883336
benign_none_SMB.pcap	tcp_1806,12,0,,0,0,0.99944353
benign_none_SMB.pcap	tcp_2931,12,0,,0,0,0.9987232
benign_none_SMB.pcap	tcp_237,12,0,,0,0,0.9988011
benign_none_SMB.pcap	tcp_238,12,0,,0,0,0.99959534
benign_none_SMB.pcap	tcp_239,12,0,,0,0,0.9990958
benign_none_SMB.pcap	tcp_2445,12,0,,0,0,0.99317217
benign_none_SMB.pcap	tcp_2024,12,0,,0,0,0.99534273
benign_none_SMB.pcap	tcp_2364,12,0,,0,0,0.9994797
benign_none_SMB.pcap	tcp_243,12,0,,0,0,0.9989888
benign_none_SMB.pcap	tcp_2502,12,0,,0,0,0.9973692
benign_none_SMB.pcap	tcp_2019,12,0,,0,0,0.99967897
benign_none_SMB.pcap	tcp_1933,12,0,,0,0,0.9995352
benign_none_SMB.pcap	tcp_1359,12,0,,0,0,0.99960893
benign_none_SMB.pcap	tcp_2820,12,0,,0,0,0.99906045
benign_none_SMB.pcap	tcp_2530,12,0,,0,0,0.9996711
benign_none_SMB.pcap	tcp_2121,12,0,,0,0,0.99936455
benign_none_SMB.pcap	tcp_1322,12,0,,0,0,0.9995127
benign_none_SMB.pcap	tcp_1528,12,0,,0,0,0.9991889
benign_none_SMB.pcap	tcp_2421,12,0,,0,0,0.999388
benign_none_SMB.pcap	tcp_255,12,0,,0,0,0.99906963
benign_none_SMB.pcap	tcp_2375,12,0,,0,0,0.9996687
benign_none_SMB.pcap	tcp_2394,12,0,,0,0,0.9985669
benign_none_SMB.pcap	tcp_1130,12,0,,0,0,0.97990525
benign_none_SMB.pcap	tcp_1459,12,0,,0,0,0.9996345
benign_none_SMB.pcap	tcp_260,12,0,,0,0,0.9994521
benign_none_SMB.pcap	tcp_1222,12,0,,0,0,0.9996958
benign_none_SMB.pcap	tcp_262,12,0,,0,0,0.9991942
benign_none_SMB.pcap	tcp_263,12,0,,0,0,0.9995195
benign_none_SMB.pcap	tcp_2075,12,0,,0,0,0.9992253
benign_none_SMB.pcap	tcp_265,12,0,,0,0,0.99949014
benign_none_SMB.pcap	tcp_1392,12,0,,0,0,0.99917585
benign_none_SMB.pcap	tcp_267,12,0,,0,0,0.99925464
benign_none_SMB.pcap	tcp_1369,12,0,,0,0,0.9995671
benign_none_SMB.pcap	tcp_2361,12,0,,0,0,0.99947006
benign_none_SMB.pcap	tcp_270,12,0,,0,0,0.99899554
benign_none_SMB.pcap	tcp_1294,12,0,,0,0,0.9994072
benign_none_SMB.pcap	tcp_273,12,0,,0,0,0.99907756
benign_none_SMB.pcap	tcp_1408,12,0,,0,0,0.99923515
benign_none_SMB.pcap	tcp_1202,12,0,,0,0,0.9997644
benign_none_SMB.pcap	tcp_2000,12,0,,0,0,0.92771935
benign_none_SMB.pcap	tcp_2088,12,0,,0,0,0.99314255
benign_none_SMB.pcap	tcp_2220,12,0,,0,0,0.999451
benign_none_SMB.pcap	tcp_2488,12,0,,0,0,0.9997441
benign_none_SMB.pcap	tcp_281,12,0,,0,0,0.9991435
benign_none_SMB.pcap	tcp_1550,12,0,,0,0,0.9976904
benign_none_SMB.pcap	tcp_283,12,0,,0,0,0.9991809
benign_none_SMB.pcap	tcp_284,12,0,,0,0,0.99356866
benign_none_SMB.pcap	tcp_2298,12,0,,0,0,0.99880445
benign_none_SMB.pcap	tcp_286,12,0,,0,0,0.9996378
benign_none_SMB.pcap	tcp_2795,12,0,,0,0,0.99926406
benign_none_SMB.pcap	tcp_2158,12,0,,0,0,0.99966955
benign_none_SMB.pcap	tcp_1931,12,0,,0,0,0.99943554
benign_none_SMB.pcap	tcp_1675,12,0,,0,0,0.9997097
benign_none_SMB.pcap	tcp_1997,12,0,,0,0,0.9988529
benign_none_SMB.pcap	tcp_1420,12,0,,0,0,0.99961036
benign_none_SMB.pcap	tcp_294,12,0,,0,0,0.9994408
benign_none_SMB.pcap	tcp_2525,12,0,,0,0,0.99948335
benign_none_SMB.pcap	tcp_2844,12,0,,0,0,0.99929
benign_none_SMB.pcap	tcp_2169,12,0,,0,0,0.9994543
benign_none_SMB.pcap	tcp_298,12,0,,0,0,0.9948515
benign_none_SMB.pcap	tcp_300,12,0,,0,0,0.99963444
benign_none_SMB.pcap	tcp_1563,12,0,,0,0,0.99942124
benign_none_SMB.pcap	tcp_1606,12,0,,0,0,0.9994685
benign_none_SMB.pcap	tcp_2573,12,0,,0,0,0.99951047
benign_none_SMB.pcap	tcp_2329,12,0,,0,0,0.9996292
benign_none_SMB.pcap	tcp_2248,12,0,,0,0,0.9992609
benign_none_SMB.pcap	tcp_311,12,0,,0,0,0.994259
benign_none_SMB.pcap	tcp_312,12,0,,0,0,0.99946624
benign_none_SMB.pcap	tcp_2839,12,0,,0,0,0.9967824
benign_none_SMB.pcap	tcp_2108,12,0,,0,0,0.99924845
benign_none_SMB.pcap	tcp_1883,12,0,,0,0,0.99978846
benign_none_SMB.pcap	tcp_316,12,0,,0,0,0.99939
benign_none_SMB.pcap	tcp_318,12,0,,0,0,0.999642
benign_none_SMB.pcap	tcp_1320,12,0,,0,0,0.9991843
benign_none_SMB.pcap	tcp_320,12,0,,0,0,0.9990723
benign_none_SMB.pcap	tcp_1267,12,0,,0,0,0.9994241
benign_none_SMB.pcap	tcp_1521,12,0,,0,0,0.99971706
benign_none_SMB.pcap	tcp_2460,12,0,,0,0,0.98874503
benign_none_SMB.pcap	tcp_1749,12,0,,0,0,0.999542
benign_none_SMB.pcap	tcp_1551,12,0,,0,0,0.99850166
benign_none_SMB.pcap	tcp_1884,12,0,,0,0,0.9996989
benign_none_SMB.pcap	tcp_328,12,0,,0,0,0.99955475
benign_none_SMB.pcap	tcp_2824,12,0,,0,0,0.9991604
benign_none_SMB.pcap	tcp_1275,12,0,,0,0,0.9996811
benign_none_SMB.pcap	tcp_331,12,0,,0,0,0.99809545
benign_none_SMB.pcap	tcp_1006,12,0,,0,0,0.9995481
benign_none_SMB.pcap	tcp_334,12,0,,0,0,0.9988011
benign_none_SMB.pcap	tcp_335,12,0,,0,0,0.99866766
benign_none_SMB.pcap	tcp_336,12,0,,0,0,0.9996598
benign_none_SMB.pcap	tcp_337,12,0,,0,0,0.99963295
benign_none_SMB.pcap	tcp_2512,12,0,,0,0,0.99832815
benign_none_SMB.pcap	tcp_2500,12,0,,0,0,0.99975187
benign_none_SMB.pcap	tcp_341,12,0,,0,0,0.9993286
benign_none_SMB.pcap	tcp_2044,12,0,,0,0,0.99917114
benign_none_SMB.pcap	tcp_343,12,1,Cc_5,0,0,0.99931264
benign_none_SMB.pcap	tcp_344,12,0,,0,0,0.9993945
benign_none_SMB.pcap	tcp_2251,12,0,,0,0,0.99791706
benign_none_SMB.pcap	tcp_2798,12,0,,0,0,0.99936396
benign_none_SMB.pcap	tcp_348,12,0,,0,0,0.9995723
benign_none_SMB.pcap	tcp_1559,12,0,,0,0,0.99964714
benign_none_SMB.pcap	tcp_1268,12,0,,0,0,0.9989631
benign_none_SMB.pcap	tcp_2759,12,0,,0,0,0.99963677
benign_none_SMB.pcap	tcp_1145,12,0,,0,0,0.9990588
benign_none_SMB.pcap	tcp_1708,12,0,,0,0,0.9995515
benign_none_SMB.pcap	tcp_354,12,0,,0,0,0.999597
benign_none_SMB.pcap	tcp_2802,12,0,,0,0,0.9088345
benign_none_SMB.pcap	tcp_2071,12,0,,0,0,0.99817204
benign_none_SMB.pcap	tcp_1968,12,0,,0,0,0.9974009
benign_none_SMB.pcap	tcp_2715,12,0,,0,0,0.9994384
benign_none_SMB.pcap	tcp_362,12,0,,0,0,0.99976176
benign_none_SMB.pcap	tcp_1853,12,0,,0,0,0.99877673
benign_none_SMB.pcap	tcp_364,12,0,,0,0,0.9984267
benign_none_SMB.pcap	tcp_365,12,0,,0,0,0.99929345
benign_none_SMB.pcap	tcp_1905,12,0,,0,0,0.99690765
benign_none_SMB.pcap	tcp_2784,12,0,,0,0,0.9992597
benign_none_SMB.pcap	tcp_369,12,0,,0,0,0.9994714
benign_none_SMB.pcap	tcp_2292,12,0,,0,0,0.99925375
benign_none_SMB.pcap	tcp_371,12,0,,0,0,0.99926615
benign_none_SMB.pcap	tcp_1833,12,0,,0,0,0.9994645
benign_none_SMB.pcap	tcp_2454,12,0,,0,0,0.99960464
benign_none_SMB.pcap	tcp_2374,12,0,,0,0,0.9991601
benign_none_SMB.pcap	tcp_2949,12,0,,0,0,0.9997521
benign_none_SMB.pcap	tcp_2775,12,0,,0,0,0.9958049
benign_none_SMB.pcap	tcp_378,12,0,,0,0,0.9992689
benign_none_SMB.pcap	tcp_379,12,0,,0,0,0.99835455
benign_none_SMB.pcap	tcp_380,12,0,,0,0,0.99965596
benign_none_SMB.pcap	tcp_382,12,0,,0,0,0.9994473
benign_none_SMB.pcap	tcp_383,12,0,,0,0,0.99804217
benign_none_SMB.pcap	tcp_1500,12,0,,0,0,0.99959236
benign_none_SMB.pcap	tcp_1487,12,0,,0,0,0.99912006
benign_none_SMB.pcap	tcp_387,12,0,,0,0,0.99942875
benign_none_SMB.pcap	tcp_2027,12,0,,0,0,0.99923176
benign_none_SMB.pcap	tcp_2555,12,0,,0,0,0.9994593
benign_none_SMB.pcap	tcp_392,12,0,,0,0,0.99970347
benign_none_SMB.pcap	tcp_393,12,0,,0,0,0.9993327
benign_none_SMB.pcap	tcp_2159,12,0,,0,0,0.9994823
benign_none_SMB.pcap	tcp_1473,12,0,,0,0,0.9994294
benign_none_SMB.pcap	tcp_397,12,0,,0,0,0.9993099
benign_none_SMB.pcap	tcp_2873,12,0,,0,0,0.9995491
benign_none_SMB.pcap	tcp_1296,12,0,,0,0,0.9995826
benign_none_SMB.pcap	tcp_402,12,0,,0,0,0.9993617
benign_none_SMB.pcap	tcp_2214,12,0,,0,0,0.99976635
benign_none_SMB.pcap	tcp_1011,12,0,,0,0,0.7588459
benign_none_SMB.pcap	tcp_1526,12,0,,0,0,0.99971205
benign_none_SMB.pcap	tcp_406,12,0,,0,0,0.9996135
benign_none_SMB.pcap	tcp_408,12,0,,0,0,0.9987484
benign_none_SMB.pcap	tcp_409,12,0,,0,0,0.999518
benign_none_SMB.pcap	tcp_410,12,0,,0,0,0.99914074
benign_none_SMB.pcap	tcp_2973,12,0,,0,0,0.99967813
benign_none_SMB.pcap	tcp_2060,12,0,,0,0,0.98322415
benign_none_SMB.pcap	tcp_2545,12,0,,0,0,0.9992631
benign_none_SMB.pcap	tcp_1281,12,0,,0,0,0.99959075
benign_none_SMB.pcap	tcp_415,12,0,,0,0,0.99946886
benign_none_SMB.pcap	tcp_1475,12,0,,0,0,0.99919456
benign_none_SMB.pcap	tcp_2554,12,0,,0,0,0.9993361
benign_none_SMB.pcap	tcp_418,12,0,,0,0,0.9993968
benign_none_SMB.pcap	tcp_1630,12,0,,0,0,0.9993805
benign_none_SMB.pcap	tcp_420,12,0,,0,0,0.9868303
benign_none_SMB.pcap	tcp_1036,12,0,,0,0,0.9996364
benign_none_SMB.pcap	tcp_1909,12,0,,0,0,0.9994899
benign_none_SMB.pcap	tcp_2336,12,0,,0,0,0.9996711
benign_none_SMB.pcap	tcp_2600,12,0,,0,0,0.9993066
benign_none_SMB.pcap	tcp_2002,12,0,,0,0,0.99939066
benign_none_SMB.pcap	tcp_2224,12,0,,0,0,0.9993872
benign_none_SMB.pcap	tcp_2504,12,0,,0,0,0.99963695
benign_none_SMB.pcap	tcp_428,12,0,,0,0,0.9986156
benign_none_SMB.pcap	tcp_1973,12,0,,0,0,0.9995541
benign_none_SMB.pcap	tcp_1490,12,0,,0,0,0.9994093
benign_none_SMB.pcap	tcp_2650,12,0,,0,0,0.9995013
benign_none_SMB.pcap	tcp_432,12,0,,0,0,0.999314
benign_none_SMB.pcap	tcp_433,12,0,,0,0,0.99920964
benign_none_SMB.pcap	tcp_1198,12,0,,0,0,0.9992716
benign_none_SMB.pcap	tcp_1640,12,0,,0,0,0.99976224
benign_none_SMB.pcap	tcp_439,12,0,,0,0,0.77256346
benign_none_SMB.pcap	tcp_1371,12,0,,0,0,0.9992299
benign_none_SMB.pcap	tcp_2314,12,0,,0,0,0.91708744
benign_none_SMB.pcap	tcp_443,12,0,,0,0,0.544896
benign_none_SMB.pcap	tcp_1729,12,0,,0,0,0.99928325
benign_none_SMB.pcap	tcp_445,12,0,,0,0,0.65592533
benign_none_SMB.pcap	tcp_2148,12,0,,0,0,0.9909061
benign_none_SMB.pcap	tcp_1188,12,0,,0,0,0.9993355
benign_none_SMB.pcap	tcp_2793,12,0,,0,0,0.99965155
benign_none_SMB.pcap	tcp_2282,12,0,,0,0,0.9986871
benign_none_SMB.pcap	tcp_451,12,0,,0,0,0.9992817
benign_none_SMB.pcap	tcp_2326,12,0,,0,0,0.9997213
benign_none_SMB.pcap	tcp_453,12,0,,0,0,0.9992109
benign_none_SMB.pcap	tcp_1920,12,0,,0,0,0.9991787
benign_none_SMB.pcap	tcp_2020,12,0,,0,0,0.99925
benign_none_SMB.pcap	tcp_1378,12,0,,0,0,0.999035
benign_none_SMB.pcap	tcp_458,12,0,,0,0,0.99950516
benign_none_SMB.pcap	tcp_1724,12,0,,0,0,0.9992481
benign_none_SMB.pcap	tcp_1858,12,0,,0,0,0.99958944
benign_none_SMB.pcap	tcp_2782,12,0,,0,0,0.99950796
benign_none_SMB.pcap	tcp_2451,12,0,,0,0,0.9996965
benign_none_SMB.pcap	tcp_1228,12,0,,0,0,0.9996828
benign_none_SMB.pcap	tcp_464,12,0,,0,0,0.9993418
benign_none_SMB.pcap	tcp_1111,12,0,,0,0,0.99915135
benign_none_SMB.pcap	tcp_466,12,0,,0,0,0.9990456
benign_none_SMB.pcap	tcp_2380,12,0,,0,0,0.9995104
benign_none_SMB.pcap	tcp_1963,12,0,,0,0,0.999186
benign_none_SMB.pcap	tcp_2165,12,0,,0,0,0.9995078
benign_none_SMB.pcap	tcp_1444,12,0,,0,0,0.9994309
benign_none_SMB.pcap	tcp_471,12,0,,0,0,0.3413952
benign_none_SMB.pcap	tcp_1789,12,0,,0,0,0.99843234
benign_none_SMB.pcap	tcp_473,12,0,,0,0,0.999658
benign_none_SMB.pcap	tcp_2859,12,0,,0,0,0.9993931
benign_none_SMB.pcap	tcp_2288,12,0,,0,0,0.9996227
benign_none_SMB.pcap	tcp_2940,12,0,,0,0,0.9829377
benign_none_SMB.pcap	tcp_480,12,0,,0,0,0.99949455
benign_none_SMB.pcap	tcp_1797,12,0,,0,0,0.9997261
benign_none_SMB.pcap	tcp_483,12,0,,0,0,0.9995977
benign_none_SMB.pcap	tcp_2004,12,0,,0,0,0.9989668
benign_none_SMB.pcap	tcp_1393,12,0,,0,0,0.9993917
benign_none_SMB.pcap	tcp_1650,12,0,,0,0,0.9996975
benign_none_SMB.pcap	tcp_1270,12,0,,0,0,0.9981752
benign_none_SMB.pcap	tcp_2278,12,0,,0,0,0.9996423
benign_none_SMB.pcap	tcp_2272,12,0,,0,0,0.9994719
benign_none_SMB.pcap	tcp_490,12,0,,0,0,0.99928015
benign_none_SMB.pcap	tcp_1598,12,0,,0,0,0.99944085
benign_none_SMB.pcap	tcp_492,12,0,,0,0,0.998329
benign_none_SMB.pcap	tcp_1367,12,0,,0,0,0.99964416
benign_none_SMB.pcap	tcp_1351,12,0,,0,0,0.99920005
benign_none_SMB.pcap	tcp_2286,12,0,,0,0,0.98923683
benign_none_SMB.pcap	tcp_497,12,0,,0,0,0.9996136
benign_none_SMB.pcap	tcp_2472,12,0,,0,0,0.9992305
benign_none_SMB.pcap	tcp_2529,12,0,,0,0,0.9996148
benign_none_SMB.pcap	tcp_2773,12,0,,0,0,0.9988086
benign_none_SMB.pcap	tcp_1582,12,0,,0,0,0.99944395
benign_none_SMB.pcap	tcp_502,12,0,,0,0,0.99948937
benign_none_SMB.pcap	tcp_504,12,0,,0,0,0.99940205
benign_none_SMB.pcap	tcp_505,12,0,,0,0,0.9993761
benign_none_SMB.pcap	tcp_2264,12,0,,0,0,0.99903905
benign_none_SMB.pcap	tcp_2749,12,0,,0,0,0.99956447
benign_none_SMB.pcap	tcp_1504,12,0,,0,0,0.99845195
benign_none_SMB.pcap	tcp_1319,12,0,,0,0,0.99914443
benign_none_SMB.pcap	tcp_2996,12,0,,0,0,0.9982078
benign_none_SMB.pcap	tcp_1204,12,0,,0,0,0.91013026
benign_none_SMB.pcap	tcp_512,12,0,,0,0,0.99747306
benign_none_SMB.pcap	tcp_2553,12,0,,0,0,0.99916875
benign_none_SMB.pcap	tcp_2151,12,0,,0,0,0.9994653
benign_none_SMB.pcap	tcp_1857,12,0,,0,0,0.9992798
benign_none_SMB.pcap	tcp_516,12,0,,0,0,0.9994585
benign_none_SMB.pcap	tcp_2875,12,0,,0,0,0.99922293
benign_none_SMB.pcap	tcp_1562,12,0,,0,0,0.99937826
benign_none_SMB.pcap	tcp_520,12,0,,0,0,0.9994959
benign_none_SMB.pcap	tcp_522,12,0,,0,0,0.9737147
benign_none_SMB.pcap	tcp_2826,12,0,,0,0,0.99900657
benign_none_SMB.pcap	tcp_525,12,0,,0,0,0.8097952
benign_none_SMB.pcap	tcp_2954,12,0,,0,0,0.9981364
benign_none_SMB.pcap	tcp_1750,12,0,,0,0,0.9989823
benign_none_SMB.pcap	tcp_528,12,0,,0,0,0.9995414
benign_none_SMB.pcap	tcp_530,12,0,,0,0,0.9997356
benign_none_SMB.pcap	tcp_2732,12,0,,0,0,0.9994626
benign_none_SMB.pcap	tcp_2227,12,0,,0,0,0.99933565
benign_none_SMB.pcap	tcp_1893,12,0,,0,0,0.99937254
benign_none_SMB.pcap	tcp_534,12,0,,0,0,0.9995533
benign_none_SMB.pcap	tcp_535,12,0,,0,0,0.99973106
benign_none_SMB.pcap	tcp_2538,12,0,,0,0,0.9990646
benign_none_SMB.pcap	tcp_537,12,0,,0,0,0.9947582
benign_none_SMB.pcap	tcp_538,12,0,,0,0,0.99920255
benign_none_SMB.pcap	tcp_2812,12,0,,0,0,0.99952704
benign_none_SMB.pcap	tcp_2514,12,0,,0,0,0.9991032
benign_none_SMB.pcap	tcp_2145,12,0,,0,0,0.9992686
benign_none_SMB.pcap	tcp_2970,12,0,,0,0,0.99959874
benign_none_SMB.pcap	tcp_544,12,0,,0,0,0.9992924
benign_none_SMB.pcap	tcp_2536,12,0,,0,0,0.99943
benign_none_SMB.pcap	tcp_2526,12,0,,0,0,0.9992341
benign_none_SMB.pcap	tcp_1092,12,0,,0,0,0.99969864
benign_none_SMB.pcap	tcp_551,12,0,,0,0,0.99945885
benign_none_SMB.pcap	tcp_2967,12,0,,0,0,0.99861133
benign_none_SMB.pcap	tcp_553,12,0,,0,0,0.9996573
benign_none_SMB.pcap	tcp_1164,12,0,,0,0,0.99838114
benign_none_SMB.pcap	tcp_2382,12,0,,0,0,0.9991688
benign_none_SMB.pcap	tcp_2176,12,0,,0,0,0.9986904
benign_none_SMB.pcap	tcp_1428,12,0,,0,0,0.9995934
benign_none_SMB.pcap	tcp_1216,12,0,,0,0,0.99924994
benign_none_SMB.pcap	tcp_559,12,0,,0,0,0.9991865
benign_none_SMB.pcap	tcp_2206,12,0,,0,0,0.9978533
benign_none_SMB.pcap	tcp_2250,12,0,,0,0,0.9992687
benign_none_SMB.pcap	tcp_2221,12,0,,0,0,0.99955934
benign_none_SMB.pcap	tcp_563,12,0,,0,0,0.999371
benign_none_SMB.pcap	tcp_564,12,0,,0,0,0.99922526
benign_none_SMB.pcap	tcp_565,12,0,,0,0,0.99891925
benign_none_SMB.pcap	tcp_566,12,0,,0,0,0.9995986
benign_none_SMB.pcap	tcp_2828,12,0,,0,0,0.9995806
benign_none_SMB.pcap	tcp_569,12,0,,0,0,0.99690187
benign_none_SMB.pcap	tcp_2487,12,0,,0,0,0.99947697
benign_none_SMB.pcap	tcp_571,12,0,,0,0,0.9992827
benign_none_SMB.pcap	tcp_2216,12,0,,0,0,0.9994509
benign_none_SMB.pcap	tcp_2192,12,0,,0,0,0.9996815
benign_none_SMB.pcap	tcp_1469,12,0,,0,0,0.99604964
benign_none_SMB.pcap	tcp_575,12,0,,0,0,0.9995466
benign_none_SMB.pcap	tcp_2611,12,0,,0,0,0.99937874
benign_none_SMB.pcap	tcp_578,12,0,,0,0,0.7649276
benign_none_SMB.pcap	tcp_2960,12,0,,0,0,0.9825295
benign_none_SMB.pcap	tcp_1026,12,0,,0,0,0.99944085
benign_none_SMB.pcap	tcp_581,12,0,,0,0,0.9982944
benign_none_SMB.pcap	tcp_582,12,0,,0,0,0.99947655
benign_none_SMB.pcap	tcp_1225,12,0,,0,0,0.9995352
benign_none_SMB.pcap	tcp_584,12,0,,0,0,0.9994881
benign_none_SMB.pcap	tcp_1434,12,0,,0,0,0.9982486
benign_none_SMB.pcap	tcp_2063,12,0,,0,0,0.99942553
benign_none_SMB.pcap	tcp_587,12,0,,0,0,0.99486345
benign_none_SMB.pcap	tcp_1532,12,0,,0,0,0.99944097
benign_none_SMB.pcap	tcp_2474,12,0,,0,0,0.99935883
benign_none_SMB.pcap	tcp_592,12,0,,0,0,0.9977229
benign_none_SMB.pcap	tcp_1449,12,0,,0,0,0.9992182
benign_none_SMB.pcap	tcp_1743,12,0,,0,0,0.99828064
benign_none_SMB.pcap	tcp_2928,12,0,,0,0,0.99920803
benign_none_SMB.pcap	tcp_1890,12,0,,0,0,0.9988642
benign_none_SMB.pcap	tcp_1597,12,0,,0,0,0.99951166
benign_none_SMB.pcap	tcp_2050,12,0,,0,0,0.99946624
benign_none_SMB.pcap	tcp_2354,12,0,,0,0,0.99974704
benign_none_SMB.pcap	tcp_2122,12,0,,0,0,0.9991505
benign_none_SMB.pcap	tcp_2544,12,0,,0,0,0.99926645
benign_none_SMB.pcap	tcp_1870,12,0,,0,0,0.9992611
benign_none_SMB.pcap	tcp_2092,12,0,,0,0,0.9995961
benign_none_SMB.pcap	tcp_606,12,0,,0,0,0.9992723
benign_none_SMB.pcap	tcp_1055,12,0,,0,0,0.99924767
benign_none_SMB.pcap	tcp_1433,12,0,,0,0,0.9963855
benign_none_SMB.pcap	tcp_1365,12,0,,0,0,0.9989573
benign_none_SMB.pcap	tcp_2680,12,0,,0,0,0.99879044
benign_none_SMB.pcap	tcp_2992,12,0,,0,0,0.999723
benign_none_SMB.pcap	tcp_614,12,0,,0,0,0.99937475
benign_none_SMB.pcap	tcp_615,12,0,,0,0,0.99940556
benign_none_SMB.pcap	tcp_2904,12,0,,0,0,0.9992291
benign_none_SMB.pcap	tcp_2631,12,0,,0,0,0.9992592
benign_none_SMB.pcap	tcp_618,12,0,,0,0,0.9995072
benign_none_SMB.pcap	tcp_619,12,0,,0,0,0.9993795
benign_none_SMB.pcap	tcp_620,12,0,,0,0,0.9990006
benign_none_SMB.pcap	tcp_2570,12,0,,0,0,0.99949265
benign_none_SMB.pcap	tcp_1477,12,0,,0,0,0.9979905
benign_none_SMB.pcap	tcp_2690,12,0,,0,0,0.99957097
benign_none_SMB.pcap	tcp_1384,12,0,,0,0,0.9995133
benign_none_SMB.pcap	tcp_2565,12,0,,0,0,0.99917173
benign_none_SMB.pcap	tcp_629,12,0,,0,0,0.99875975
benign_none_SMB.pcap	tcp_1788,12,0,,0,0,0.9990638
benign_none_SMB.pcap	tcp_2302,12,0,,0,0,0.99944603
benign_none_SMB.pcap	tcp_633,12,0,,0,0,0.9985365
benign_none_SMB.pcap	tcp_635,12,0,,0,0,0.99955827
benign_none_SMB.pcap	tcp_2677,12,0,,0,0,0.99969935
benign_none_SMB.pcap	tcp_637,12,0,,0,0,0.9955037
benign_none_SMB.pcap	tcp_1128,12,0,,0,0,0.9983707
benign_none_SMB.pcap	tcp_639,12,0,,0,0,0.99973345
benign_none_SMB.pcap	tcp_2702,12,0,,0,0,0.9995078
benign_none_SMB.pcap	tcp_1214,12,0,,0,0,0.9995894
benign_none_SMB.pcap	tcp_2669,12,0,,0,0,0.9994196
benign_none_SMB.pcap	tcp_2134,12,0,,0,0,0.9975885
benign_none_SMB.pcap	tcp_644,12,0,,0,0,0.9990075
benign_none_SMB.pcap	tcp_2339,12,0,,0,0,0.9991496
benign_none_SMB.pcap	tcp_1138,12,0,,0,0,0.999548
benign_none_SMB.pcap	tcp_2929,12,0,,0,0,0.99940443
benign_none_SMB.pcap	tcp_1525,12,0,,0,0,0.9867829
benign_none_SMB.pcap	tcp_2184,12,0,,0,0,0.9995804
benign_none_SMB.pcap	tcp_657,12,0,,0,0,0.99878544
benign_none_SMB.pcap	tcp_658,12,0,,0,0,0.9993757
benign_none_SMB.pcap	tcp_1794,12,0,,0,0,0.9995859
benign_none_SMB.pcap	tcp_1121,12,0,,0,0,0.9997911
benign_none_SMB.pcap	tcp_2312,12,0,,0,0,0.9993853
benign_none_SMB.pcap	tcp_664,12,0,,0,0,0.9996769
benign_none_SMB.pcap	tcp_665,12,0,,0,0,0.9995203
benign_none_SMB.pcap	tcp_2497,12,0,,0,0,0.9995549
benign_none_SMB.pcap	tcp_1614,12,0,,0,0,0.99948746
benign_none_SMB.pcap	tcp_1843,12,0,,0,0,0.99948007
benign_none_SMB.pcap	tcp_669,12,0,,0,0,0.999027
benign_none_SMB.pcap	tcp_1258,12,0,,0,0,0.9994253
benign_none_SMB.pcap	tcp_2993,12,0,,0,0,0.9994864
benign_none_SMB.pcap	tcp_2623,12,0,,0,0,0.9996226
benign_none_SMB.pcap	tcp_673,12,0,,0,0,0.99964535
benign_none_SMB.pcap	tcp_674,12,0,,0,0,0.9975228
benign_none_SMB.pcap	tcp_675,12,0,,0,0,0.9969238
benign_none_SMB.pcap	tcp_1726,12,0,,0,0,0.99973756
benign_none_SMB.pcap	tcp_1189,12,0,,0,0,0.9994267
benign_none_SMB.pcap	tcp_2557,12,0,,0,0,0.999323
benign_none_SMB.pcap	tcp_680,12,0,,0,0,0.9994405
benign_none_SMB.pcap	tcp_1945,12,0,,0,0,0.9996673
benign_none_SMB.pcap	tcp_2080,12,0,,0,0,0.9996991
benign_none_SMB.pcap	tcp_2914,12,0,,0,0,0.41904473
benign_none_SMB.pcap	tcp_684,12,0,,0,0,0.9984773
benign_none_SMB.pcap	tcp_1088,12,0,,0,0,0.99973446
benign_none_SMB.pcap	tcp_686,12,0,,0,0,0.99952734
benign_none_SMB.pcap	tcp_687,12,0,,0,0,0.9991473
benign_none_SMB.pcap	tcp_688,12,0,,0,0,0.9995851
benign_none_SMB.pcap	tcp_1912,12,0,,0,0,0.9995407
benign_none_SMB.pcap	tcp_2645,12,0,,0,0,0.99967515
benign_none_SMB.pcap	tcp_1144,12,0,,0,0,0.9937421
benign_none_SMB.pcap	tcp_692,12,0,,0,0,0.9994168
benign_none_SMB.pcap	tcp_2228,12,0,,0,0,0.99935526
benign_none_SMB.pcap	tcp_694,12,0,,0,0,0.9997454
benign_none_SMB.pcap	tcp_2841,12,0,,0,0,0.9994776
benign_none_SMB.pcap	tcp_2791,12,0,,0,0,0.99951005
benign_none_SMB.pcap	tcp_1547,12,0,,0,0,0.9994716
benign_none_SMB.pcap	tcp_1166,12,0,,0,0,0.9991911
benign_none_SMB.pcap	tcp_1828,12,0,,0,0,0.995688
benign_none_SMB.pcap	tcp_1348,12,0,,0,0,0.99947625
benign_none_SMB.pcap	tcp_1809,12,0,,0,0,0.99413586
benign_none_SMB.pcap	tcp_705,12,0,,0,0,0.9972965
benign_none_SMB.pcap	tcp_2208,12,0,,0,0,0.99937564
benign_none_SMB.pcap	tcp_2490,12,0,,0,0,0.9994409
benign_none_SMB.pcap	tcp_2569,12,0,,0,0,0.99943584
benign_none_SMB.pcap	tcp_710,12,0,,0,0,0.9991048
benign_none_SMB.pcap	tcp_2564,12,0,,0,0,0.99938345
benign_none_SMB.pcap	tcp_2901,12,0,,0,0,0.9795269
benign_none_SMB.pcap	tcp_2435,12,0,,0,0,0.9995814
benign_none_SMB.pcap	tcp_1992,12,0,,0,0,0.99964154
benign_none_SMB.pcap	tcp_1264,12,0,,0,0,0.9994409
benign_none_SMB.pcap	tcp_2524,12,0,,0,0,0.9995095
benign_none_SMB.pcap	tcp_1668,12,0,,0,0,0.9991805
benign_none_SMB.pcap	tcp_724,12,0,,0,0,0.9994462
benign_none_SMB.pcap	tcp_1071,12,0,,0,0,0.9994504
benign_none_SMB.pcap	tcp_2209,12,0,,0,0,0.9997373
benign_none_SMB.pcap	tcp_2551,12,0,,0,0,0.9993543
benign_none_SMB.pcap	tcp_729,12,0,,0,0,0.999061
benign_none_SMB.pcap	tcp_730,12,0,,0,0,0.99968576
benign_none_SMB.pcap	tcp_731,12,0,,0,0,0.99902433
benign_none_SMB.pcap	tcp_732,12,0,,0,0,0.99954957
benign_none_SMB.pcap	tcp_1731,12,0,,0,0,0.9997232
benign_none_SMB.pcap	tcp_734,12,0,,0,0,0.9995577
benign_none_SMB.pcap	tcp_2022,12,0,,0,0,0.9725716
benign_none_SMB.pcap	tcp_2095,12,0,,0,0,0.99954367
benign_none_SMB.pcap	tcp_1054,12,0,,0,0,0.99085486
benign_none_SMB.pcap	tcp_738,12,0,,0,0,0.99360514
benign_none_SMB.pcap	tcp_2347,12,0,,0,0,0.9993579
benign_none_SMB.pcap	tcp_1019,12,0,,0,0,0.9994429
benign_none_SMB.pcap	tcp_1874,12,0,,0,0,0.99910134
benign_none_SMB.pcap	tcp_1183,12,0,,0,0,0.9996043
benign_none_SMB.pcap	tcp_1700,12,0,,0,0,0.9995005
benign_none_SMB.pcap	tcp_747,12,0,,0,0,0.99944216
benign_none_SMB.pcap	tcp_2886,12,0,,0,0,0.99964356
benign_none_SMB.pcap	tcp_2887,12,0,,0,0,0.99970335
benign_none_SMB.pcap	tcp_751,12,0,,0,0,0.99946
benign_none_SMB.pcap	tcp_2025,12,0,,0,0,0.9997519
benign_none_SMB.pcap	tcp_2160,12,0,,0,0,0.9991668
benign_none_SMB.pcap	tcp_757,12,0,,0,0,0.99970144
benign_none_SMB.pcap	tcp_2135,12,0,,0,0,0.9995721
benign_none_SMB.pcap	tcp_759,12,0,,0,0,0.9995676
benign_none_SMB.pcap	tcp_760,12,0,,0,0,0.9994687
benign_none_SMB.pcap	tcp_1636,12,0,,0,0,0.99921024
benign_none_SMB.pcap	tcp_2280,12,0,,0,0,0.9608783
benign_none_SMB.pcap	tcp_764,12,0,,0,0,0.9813479
benign_none_SMB.pcap	tcp_1237,12,0,,0,0,0.9994141
benign_none_SMB.pcap	tcp_2580,12,0,,0,0,0.5497224
benign_none_SMB.pcap	tcp_1548,12,0,,0,0,0.9997514
benign_none_SMB.pcap	tcp_1594,12,0,,0,0,0.9997444
benign_none_SMB.pcap	tcp_1331,12,0,,0,0,0.99970514
benign_none_SMB.pcap	tcp_2855,12,0,,0,0,0.9994562
benign_none_SMB.pcap	tcp_2883,12,0,,0,0,0.99965566
benign_none_SMB.pcap	tcp_2086,12,0,,0,0,0.99913687
benign_none_SMB.pcap	tcp_777,12,0,,0,0,0.9994878
benign_none_SMB.pcap	tcp_1479,12,0,,0,0,0.99962145
benign_none_SMB.pcap	tcp_2969,12,0,,0,0,0.99939007
benign_none_SMB.pcap	tcp_780,12,0,,0,0,0.9996643
benign_none_SMB.pcap	tcp_781,12,0,,0,0,0.99950266
benign_none_SMB.pcap	tcp_782,12,0,,0,0,0.99895346
benign_none_SMB.pcap	tcp_2777,12,0,,0,0,0.9992857
benign_none_SMB.pcap	tcp_1865,12,0,,0,0,0.9994629
benign_none_SMB.pcap	tcp_2893,12,0,,0,0,0.9993153
benign_none_SMB.pcap	tcp_787,12,0,,0,0,0.999554
benign_none_SMB.pcap	tcp_788,12,0,,0,0,0.9995814
benign_none_SMB.pcap	tcp_789,12,0,,0,0,0.99943644
benign_none_SMB.pcap	tcp_2297,12,0,,0,0,0.99942124
benign_none_SMB.pcap	tcp_2771,12,0,,0,0,0.9992557
benign_none_SMB.pcap	tcp_793,12,0,,0,0,0.9973846
benign_none_SMB.pcap	tcp_2899,12,0,,0,0,0.9994533
benign_none_SMB.pcap	tcp_2721,12,0,,0,0,0.9994775
benign_none_SMB.pcap	tcp_1118,12,0,,0,0,0.9994908
benign_none_SMB.pcap	tcp_798,12,0,,0,0,0.9992609
benign_none_SMB.pcap	tcp_1209,12,0,,0,0,0.99927956
benign_none_SMB.pcap	tcp_2154,12,0,,0,0,0.9993812
benign_none_SMB.pcap	tcp_802,12,0,,0,0,0.99927527
benign_none_SMB.pcap	tcp_1737,12,0,,0,0,0.99965674
benign_none_SMB.pcap	tcp_805,12,0,,0,0,0.9997463
benign_none_SMB.pcap	tcp_1030,12,0,,0,0,0.9995196
benign_none_SMB.pcap	tcp_1619,12,0,,0,0,0.9994216
benign_none_SMB.pcap	tcp_808,12,0,,0,0,0.9991147
benign_none_SMB.pcap	tcp_809,12,0,,0,0,0.9995549
benign_none_SMB.pcap	tcp_1187,12,0,,0,0,0.1211526
benign_none_SMB.pcap	tcp_2131,12,0,,0,0,0.9996949
benign_none_SMB.pcap	tcp_812,12,0,,0,0,0.99928385
benign_none_SMB.pcap	tcp_814,12,0,,0,0,0.99970996
benign_none_SMB.pcap	tcp_1540,12,0,,0,0,0.94277865
benign_none_SMB.pcap	tcp_1579,12,0,,0,0,0.9994778
benign_none_SMB.pcap	tcp_1824,12,0,,0,0,0.99946713
benign_none_SMB.pcap	tcp_818,12,0,,0,0,0.9997035
benign_none_SMB.pcap	tcp_1159,12,0,,0,0,0.99919766
benign_none_SMB.pcap	tcp_1358,12,0,,0,0,0.9924579
benign_none_SMB.pcap	tcp_2836,12,0,,0,0,0.99951595
benign_none_SMB.pcap	tcp_822,12,0,,0,0,0.9994145
benign_none_SMB.pcap	tcp_824,12,0,,0,0,0.9996915
benign_none_SMB.pcap	tcp_1106,12,0,,0,0,0.99923766
benign_none_SMB.pcap	tcp_826,12,0,,0,0,0.99847144
benign_none_SMB.pcap	tcp_2300,12,0,,0,0,0.9994709
benign_none_SMB.pcap	tcp_1882,12,0,,0,0,0.9333088
benign_none_SMB.pcap	tcp_2608,12,0,,0,0,0.99964124
benign_none_SMB.pcap	tcp_1880,12,0,,0,0,0.99922526
benign_none_SMB.pcap	tcp_2736,12,0,,0,0,0.99912375
benign_none_SMB.pcap	tcp_2741,12,0,,0,0,0.99954796
benign_none_SMB.pcap	tcp_834,12,0,,0,0,0.99945617
benign_none_SMB.pcap	tcp_2706,12,0,,0,0,0.9993673
benign_none_SMB.pcap	tcp_2629,12,0,,0,0,0.9995728
benign_none_SMB.pcap	tcp_1190,12,0,,0,0,0.999575
benign_none_SMB.pcap	tcp_838,12,0,,0,0,0.998976
benign_none_SMB.pcap	tcp_1533,12,0,,0,0,0.9995167
benign_none_SMB.pcap	tcp_1412,12,0,,0,0,0.9995185
benign_none_SMB.pcap	tcp_2343,12,0,,0,0,0.99927557
benign_none_SMB.pcap	tcp_2096,12,0,,0,0,0.9492719
benign_none_SMB.pcap	tcp_843,12,0,,0,0,0.9993394
benign_none_SMB.pcap	tcp_1575,12,0,,0,0,0.9995018
benign_none_SMB.pcap	tcp_2815,12,0,,0,0,0.9995011
benign_none_SMB.pcap	tcp_847,12,0,,0,0,0.99896604
benign_none_SMB.pcap	tcp_2860,12,0,,0,0,0.9993592
benign_none_SMB.pcap	tcp_1021,12,0,,0,0,0.99920243
benign_none_SMB.pcap	tcp_1605,12,0,,0,0,0.9994412
benign_none_SMB.pcap	tcp_2675,12,0,,0,0,0.999731
benign_none_SMB.pcap	tcp_2061,12,0,,0,0,0.9965418
benign_none_SMB.pcap	tcp_1249,12,0,,0,0,0.99917006
benign_none_SMB.pcap	tcp_2414,12,0,,0,0,0.99960214
benign_none_SMB.pcap	tcp_859,12,0,,0,0,0.9996456
benign_none_SMB.pcap	tcp_860,12,0,,0,0,0.9991456
benign_none_SMB.pcap	tcp_861,12,0,,0,0,0.9993956
benign_none_SMB.pcap	tcp_863,12,0,,0,0,0.9560599
benign_none_SMB.pcap	tcp_2188,12,0,,0,0,0.99960315
benign_none_SMB.pcap	tcp_1454,12,0,,0,0,0.9989782
benign_none_SMB.pcap	tcp_1657,12,0,,0,0,0.9995854
benign_none_SMB.pcap	tcp_867,12,0,,0,0,0.9993809
benign_none_SMB.pcap	tcp_1328,12,0,,0,0,0.99925643
benign_none_SMB.pcap	tcp_2521,12,0,,0,0,0.99954545
benign_none_SMB.pcap	tcp_873,12,0,,0,0,0.99949795
benign_none_SMB.pcap	tcp_2640,12,0,,0,0,0.99931276
benign_none_SMB.pcap	tcp_2463,12,0,,0,0,0.9995225
benign_none_SMB.pcap	tcp_2249,12,0,,0,0,0.99853086
benign_none_SMB.pcap	tcp_2884,12,0,,0,0,0.99968076
benign_none_SMB.pcap	tcp_2219,12,0,,0,0,0.9770767
benign_none_SMB.pcap	tcp_879,12,0,,0,0,0.9996706
benign_none_SMB.pcap	tcp_1574,12,0,,0,0,0.99925494
benign_none_SMB.pcap	tcp_1965,12,0,,0,0,0.9995839
benign_none_SMB.pcap	tcp_2376,12,0,,0,0,0.9986866
benign_none_SMB.pcap	tcp_1002,12,0,,0,0,0.9381558
benign_none_SMB.pcap	tcp_2695,12,0,,0,0,0.99951744
benign_none_SMB.pcap	tcp_886,12,0,,0,0,0.99930966
benign_none_SMB.pcap	tcp_2626,12,0,,0,0,0.9995927
benign_none_SMB.pcap	tcp_2902,12,0,,0,0,0.999483
benign_none_SMB.pcap	tcp_1421,12,0,,0,0,0.99934524
benign_none_SMB.pcap	tcp_1867,12,0,,0,0,0.9984139
benign_none_SMB.pcap	tcp_894,12,0,,0,0,0.9997428
benign_none_SMB.pcap	tcp_1218,12,0,,0,0,0.9997199
benign_none_SMB.pcap	tcp_2916,12,0,,0,0,0.9976146
benign_none_SMB.pcap	tcp_897,12,0,,0,0,0.9991684
benign_none_SMB.pcap	tcp_1900,12,0,,0,0,0.99948186
benign_none_SMB.pcap	tcp_1039,12,0,,0,0,0.99953365
benign_none_SMB.pcap	tcp_2308,12,0,,0,0,0.99939954
benign_none_SMB.pcap	tcp_2395,12,0,,0,0,0.9985108
benign_none_SMB.pcap	tcp_1888,12,0,,0,0,0.98975325
benign_none_SMB.pcap	tcp_2035,12,0,,0,0,0.9928991
benign_none_SMB.pcap	tcp_2691,12,0,,0,0,0.9994173
benign_none_SMB.pcap	tcp_2483,12,0,,0,0,0.9985522
benign_none_SMB.pcap	tcp_910,12,0,,0,0,0.99977285
benign_none_SMB.pcap	tcp_2911,12,0,,0,0,0.99938303
benign_none_SMB.pcap	tcp_2473,12,0,,0,0,0.99962693
benign_none_SMB.pcap	tcp_1261,12,0,,0,0,0.9994799
benign_none_SMB.pcap	tcp_2335,12,0,,0,0,0.99942946
benign_none_SMB.pcap	tcp_916,12,0,,0,0,0.9990196
benign_none_SMB.pcap	tcp_918,12,0,,0,0,0.9991042
benign_none_SMB.pcap	tcp_1570,12,0,,0,0,0.99949634
benign_none_SMB.pcap	tcp_920,12,0,,0,0,0.99906534
benign_none_SMB.pcap	tcp_921,12,0,,0,0,0.9591901
benign_none_SMB.pcap	tcp_922,12,0,,0,0,0.9989177
benign_none_SMB.pcap	tcp_1745,12,0,,0,0,0.99930906
benign_none_SMB.pcap	tcp_924,12,0,,0,0,0.9991148
benign_none_SMB.pcap	tcp_926,12,0,,0,0,0.9993623
benign_none_SMB.pcap	tcp_1304,12,0,,0,0,0.99917406
benign_none_SMB.pcap	tcp_1361,12,0,,0,0,0.9994101
benign_none_SMB.pcap	tcp_1961,12,0,,0,0,0.9984439
benign_none_SMB.pcap	tcp_1951,12,0,,0,0,0.3541723
benign_none_SMB.pcap	tcp_1982,12,0,,0,0,0.9996415
benign_none_SMB.pcap	tcp_1534,12,0,,0,0,0.9828007
benign_none_SMB.pcap	tcp_2210,12,0,,0,0,0.99923885
benign_none_SMB.pcap	tcp_2900,12,0,,0,0,0.9994035
benign_none_SMB.pcap	tcp_938,12,0,,0,0,0.9986663
benign_none_SMB.pcap	tcp_1616,12,0,,0,0,0.9996623
benign_none_SMB.pcap	tcp_1560,12,0,,0,0,0.9986559
benign_none_SMB.pcap	tcp_941,12,0,,0,0,0.9994361
benign_none_SMB.pcap	tcp_1592,12,0,,0,0,0.9992047
benign_none_SMB.pcap	tcp_943,12,0,,0,0,0.999502
benign_none_SMB.pcap	tcp_2661,12,0,,0,0,0.9994648
benign_none_SMB.pcap	tcp_1409,12,0,,0,0,0.99960124
benign_none_SMB.pcap	tcp_2601,12,0,,0,0,0.99149513
benign_none_SMB.pcap	tcp_949,12,0,,0,0,0.9991744
benign_none_SMB.pcap	tcp_1792,12,0,,0,0,0.9954075
benign_none_SMB.pcap	tcp_1929,12,0,,0,0,0.9992355
benign_none_SMB.pcap	tcp_2350,12,0,,0,0,0.99921167
benign_none_SMB.pcap	tcp_953,12,0,,0,0,0.9994705
benign_none_SMB.pcap	tcp_2447,12,1,Cc_5,0,0,0.999574
benign_none_SMB.pcap	tcp_955,12,0,,0,0,0.99942684
benign_none_SMB.pcap	tcp_1954,12,0,,0,0,0.99899036
benign_none_SMB.pcap	tcp_2383,12,0,,0,0,0.9996679
benign_none_SMB.pcap	tcp_960,12,0,,0,0,0.9994062
benign_none_SMB.pcap	tcp_2587,12,0,,0,0,0.99774116
benign_none_SMB.pcap	tcp_962,12,0,,0,0,0.9996871
benign_none_SMB.pcap	tcp_2045,12,0,,0,0,0.99947816
benign_none_SMB.pcap	tcp_964,12,0,,0,0,0.99914944
benign_none_SMB.pcap	tcp_2226,12,0,,0,0,0.99943054
benign_none_SMB.pcap	tcp_1390,12,0,,0,0,0.9994983
benign_none_SMB.pcap	tcp_1615,12,0,,0,0,0.9989662
benign_none_SMB.pcap	tcp_2947,12,0,,0,0,0.9984944
benign_none_SMB.pcap	tcp_969,12,0,,0,0,0.99955165
benign_none_SMB.pcap	tcp_1720,12,0,,0,0,0.9994696
benign_none_SMB.pcap	tcp_2253,12,0,,0,0,0.9995159
benign_none_SMB.pcap	tcp_1679,12,0,,0,0,0.057678945
benign_none_SMB.pcap	tcp_2193,12,0,,0,0,0.9991543
benign_none_SMB.pcap	tcp_2008,12,0,,0,0,0.99706715
benign_none_SMB.pcap	tcp_975,12,0,,0,0,0.9995067
benign_none_SMB.pcap	tcp_2579,12,0,,0,0,0.9835042
benign_none_SMB.pcap	tcp_1802,12,0,,0,0,0.99975675
benign_none_SMB.pcap	tcp_1462,12,0,,0,0,0.9992422
benign_none_SMB.pcap	tcp_2639,12,0,,0,0,0.9993075
benign_none_SMB.pcap	tcp_980,12,0,,0,0,0.99979836
benign_none_SMB.pcap	tcp_981,12,0,,0,0,0.99947304
benign_none_SMB.pcap	tcp_2118,12,0,,0,0,0.99951243
benign_none_SMB.pcap	tcp_2180,12,0,,0,0,0.9997697
benign_none_SMB.pcap	tcp_1967,12,0,,0,0,0.9995115
benign_none_SMB.pcap	tcp_985,12,0,,0,0,0.99940777
benign_none_SMB.pcap	tcp_2926,12,0,,0,0,0.9997505
benign_none_SMB.pcap	tcp_2014,12,0,,0,0,0.9996115
benign_none_SMB.pcap	tcp_2074,12,0,,0,0,0.99944097
benign_none_SMB.pcap	tcp_2823,12,0,,0,0,0.99956906
benign_none_SMB.pcap	tcp_2316,12,0,,0,0,0.9993766
benign_none_SMB.pcap	tcp_1141,12,0,,0,0,0.9994173
benign_none_SMB.pcap	tcp_1904,12,0,,0,0,0.99909055
benign_none_SMB.pcap	tcp_1618,12,0,,0,0,0.9985648
benign_none_SMB.pcap	tcp_2872,12,0,,0,0,0.99901336
benign_none_SMB.pcap	tcp_2396,12,0,,0,0,0.999564
benign_none_SMB.pcap	tcp_2609,12,0,,0,0,0.9991797
benign_none_SMB.pcap	tcp_2767,12,0,,0,0,0.9964104
benign_none_Weibo.pcap	tcp_1317,17,0,,0,0,0.9994228
benign_none_Weibo.pcap	tcp_1,17,0,,0,1,0.0016640308
benign_none_Weibo.pcap	tcp_4,17,0,,0,0,0.9647225
benign_none_Weibo.pcap	tcp_2476,17,0,,0,0,0.99907994
benign_none_Weibo.pcap	tcp_6,17,0,,0,0,0.049068023
benign_none_Weibo.pcap	tcp_8,17,0,,0,0,0.9994849
benign_none_Weibo.pcap	tcp_9,17,0,,0,0,0.9909095
benign_none_Weibo.pcap	tcp_1423,17,0,,0,0,0.999236
benign_none_Weibo.pcap	tcp_1287,17,0,,0,0,0.9994011
benign_none_Weibo.pcap	tcp_1164,17,0,,0,0,0.9991485
benign_none_Weibo.pcap	tcp_1914,17,0,,0,0,0.9994398
benign_none_Weibo.pcap	tcp_2199,17,0,,0,0,0.99949265
benign_none_Weibo.pcap	tcp_2117,17,0,,0,0,0.9995937
benign_none_Weibo.pcap	tcp_18,17,0,,0,0,0.9997182
benign_none_Weibo.pcap	tcp_2291,17,0,,0,0,0.9995741
benign_none_Weibo.pcap	tcp_1298,17,0,,0,0,0.9996035
benign_none_Weibo.pcap	tcp_23,17,0,,0,0,0.99940574
benign_none_Weibo.pcap	tcp_24,17,0,,0,0,0.99905175
benign_none_Weibo.pcap	tcp_25,17,0,,0,0,0.9996983
benign_none_Weibo.pcap	tcp_2687,17,0,,0,0,0.999716
benign_none_Weibo.pcap	tcp_2915,17,0,,0,0,0.9992336
benign_none_Weibo.pcap	tcp_2827,17,0,,0,0,0.9992083
benign_none_Weibo.pcap	tcp_29,17,0,,0,0,0.9991523
benign_none_Weibo.pcap	tcp_2742,17,0,,0,0,0.99951756
benign_none_Weibo.pcap	tcp_33,17,0,,0,0,0.9996192
benign_none_Weibo.pcap	tcp_1450,17,0,,0,0,0.9992357
benign_none_Weibo.pcap	tcp_1766,17,0,,0,0,0.9995702
benign_none_Weibo.pcap	tcp_1694,17,0,,0,0,0.999173
benign_none_Weibo.pcap	tcp_39,17,0,,0,0,0.99956036
benign_none_Weibo.pcap	tcp_2887,17,0,,0,0,0.9994843
benign_none_Weibo.pcap	tcp_2955,17,0,,0,0,0.99889123
benign_none_Weibo.pcap	tcp_1746,17,0,,0,0,0.9994215
benign_none_Weibo.pcap	tcp_1929,17,0,,0,0,0.89312595
benign_none_Weibo.pcap	tcp_45,17,0,,0,0,0.99953014
benign_none_Weibo.pcap	tcp_1099,17,0,,0,0,0.999558
benign_none_Weibo.pcap	tcp_2189,17,0,,0,0,0.9992073
benign_none_Weibo.pcap	tcp_2327,17,0,,0,0,0.9996598
benign_none_Weibo.pcap	tcp_2836,17,0,,0,0,0.9991601
benign_none_Weibo.pcap	tcp_52,17,0,,0,0,0.9993864
benign_none_Weibo.pcap	tcp_2254,17,0,,0,0,0.99922216
benign_none_Weibo.pcap	tcp_2405,17,0,,0,0,0.9990714
benign_none_Weibo.pcap	tcp_56,17,0,,0,0,0.9995029
benign_none_Weibo.pcap	tcp_1915,17,0,,0,0,0.9995536
benign_none_Weibo.pcap	tcp_59,17,0,,0,0,0.9996749
benign_none_Weibo.pcap	tcp_60,17,0,,0,0,0.9996667
benign_none_Weibo.pcap	tcp_61,17,0,,0,0,0.9996475
benign_none_Weibo.pcap	tcp_1049,17,0,,0,0,0.9994547
benign_none_Weibo.pcap	tcp_2754,17,0,,0,0,0.9994098
benign_none_Weibo.pcap	tcp_2053,17,0,,0,0,0.999483
benign_none_Weibo.pcap	tcp_2573,17,0,,0,0,0.9995098
benign_none_Weibo.pcap	tcp_66,17,0,,0,0,0.99909353
benign_none_Weibo.pcap	tcp_68,17,0,,0,0,0.99965465
benign_none_Weibo.pcap	tcp_2774,17,0,,0,0,0.9994686
benign_none_Weibo.pcap	tcp_2529,17,0,,0,0,0.99968415
benign_none_Weibo.pcap	tcp_2813,17,0,,0,0,0.9995146
benign_none_Weibo.pcap	tcp_2790,17,0,,0,0,0.99911565
benign_none_Weibo.pcap	tcp_2901,17,0,,0,0,0.99943066
benign_none_Weibo.pcap	tcp_1644,17,0,,0,0,0.9993822
benign_none_Weibo.pcap	tcp_77,17,0,,0,0,0.99968636
benign_none_Weibo.pcap	tcp_2184,17,0,,0,0,0.99966633
benign_none_Weibo.pcap	tcp_1013,17,0,,0,0,0.9992572
benign_none_Weibo.pcap	tcp_81,17,0,,0,0,0.99949634
benign_none_Weibo.pcap	tcp_2693,17,0,,0,0,0.99916756
benign_none_Weibo.pcap	tcp_83,17,0,,0,0,0.9994247
benign_none_Weibo.pcap	tcp_1426,17,0,,0,0,0.99966717
benign_none_Weibo.pcap	tcp_1325,17,0,,0,0,0.999456
benign_none_Weibo.pcap	tcp_1847,17,0,,0,0,0.9992618
benign_none_Weibo.pcap	tcp_1226,17,0,,0,0,0.99954516
benign_none_Weibo.pcap	tcp_89,17,0,,0,0,0.99944395
benign_none_Weibo.pcap	tcp_90,17,0,,0,0,0.999532
benign_none_Weibo.pcap	tcp_2297,17,0,,0,0,0.9992231
benign_none_Weibo.pcap	tcp_94,17,0,,0,0,0.9987633
benign_none_Weibo.pcap	tcp_95,17,0,,0,0,0.99879605
benign_none_Weibo.pcap	tcp_1737,17,0,,0,0,0.99915165
benign_none_Weibo.pcap	tcp_2521,17,0,,0,0,0.9996788
benign_none_Weibo.pcap	tcp_1341,17,0,,0,0,0.9996307
benign_none_Weibo.pcap	tcp_1723,17,0,,0,0,0.9995237
benign_none_Weibo.pcap	tcp_100,17,0,,0,0,0.9990421
benign_none_Weibo.pcap	tcp_1018,17,0,,0,0,0.9994411
benign_none_Weibo.pcap	tcp_2258,17,0,,0,0,0.9996376
benign_none_Weibo.pcap	tcp_103,17,0,,0,0,0.9994399
benign_none_Weibo.pcap	tcp_1667,17,0,,0,0,0.999405
benign_none_Weibo.pcap	tcp_2699,17,0,,0,0,0.9995065
benign_none_Weibo.pcap	tcp_106,17,0,,0,0,0.99912494
benign_none_Weibo.pcap	tcp_1211,17,0,,0,0,0.99963486
benign_none_Weibo.pcap	tcp_108,17,0,,0,0,0.99948424
benign_none_Weibo.pcap	tcp_1284,17,0,,0,0,0.9993765
benign_none_Weibo.pcap	tcp_2801,17,0,,0,0,0.99954045
benign_none_Weibo.pcap	tcp_1780,17,0,,0,0,0.99948823
benign_none_Weibo.pcap	tcp_113,17,0,,0,0,0.99942243
benign_none_Weibo.pcap	tcp_2688,17,0,,0,0,0.99975365
benign_none_Weibo.pcap	tcp_1867,17,0,,0,0,0.99923325
benign_none_Weibo.pcap	tcp_2658,17,0,,0,0,0.99923193
benign_none_Weibo.pcap	tcp_118,17,0,,0,0,0.9994764
benign_none_Weibo.pcap	tcp_1225,17,0,,0,0,0.9995295
benign_none_Weibo.pcap	tcp_2342,17,0,,0,0,0.99952555
benign_none_Weibo.pcap	tcp_1650,17,0,,0,0,0.9996928
benign_none_Weibo.pcap	tcp_123,17,0,,0,0,0.9995321
benign_none_Weibo.pcap	tcp_2387,17,0,,0,0,0.9989454
benign_none_Weibo.pcap	tcp_1311,17,0,,0,0,0.99966174
benign_none_Weibo.pcap	tcp_1542,17,0,,0,0,0.9996669
benign_none_Weibo.pcap	tcp_2413,17,0,,0,0,0.9994791
benign_none_Weibo.pcap	tcp_1503,17,0,,0,0,0.9995296
benign_none_Weibo.pcap	tcp_2807,17,0,,0,0,0.99950594
benign_none_Weibo.pcap	tcp_1136,17,0,,0,0,0.9996612
benign_none_Weibo.pcap	tcp_133,17,0,,0,0,0.9994082
benign_none_Weibo.pcap	tcp_2768,17,0,,0,0,0.9997309
benign_none_Weibo.pcap	tcp_2215,17,0,,0,0,0.99955994
benign_none_Weibo.pcap	tcp_2477,17,0,,0,0,0.9992052
benign_none_Weibo.pcap	tcp_142,17,0,,0,0,0.9994942
benign_none_Weibo.pcap	tcp_143,17,0,,0,0,0.9994241
benign_none_Weibo.pcap	tcp_1672,17,0,,0,0,0.99964815
benign_none_Weibo.pcap	tcp_2311,17,0,,0,0,0.9996351
benign_none_Weibo.pcap	tcp_1573,17,0,,0,0,0.9994568
benign_none_Weibo.pcap	tcp_2890,17,0,,0,0,0.9991683
benign_none_Weibo.pcap	tcp_149,17,0,,0,0,0.999471
benign_none_Weibo.pcap	tcp_2990,17,0,,0,0,0.99951017
benign_none_Weibo.pcap	tcp_2540,17,0,,0,0,0.99922276
benign_none_Weibo.pcap	tcp_1783,17,0,,0,0,0.99821615
benign_none_Weibo.pcap	tcp_155,17,0,,0,0,0.9991956
benign_none_Weibo.pcap	tcp_1632,17,0,,0,0,0.99906665
benign_none_Weibo.pcap	tcp_2972,17,0,,0,0,0.99950325
benign_none_Weibo.pcap	tcp_2178,17,0,,0,0,0.9991795
benign_none_Weibo.pcap	tcp_1076,17,0,,0,0,0.9994772
benign_none_Weibo.pcap	tcp_162,17,0,,0,0,0.9994797
benign_none_Weibo.pcap	tcp_2029,17,0,,0,0,0.9996727
benign_none_Weibo.pcap	tcp_2377,17,0,,0,0,0.9991111
benign_none_Weibo.pcap	tcp_165,17,0,,0,0,0.9995472
benign_none_Weibo.pcap	tcp_2643,17,0,,0,0,0.99964637
benign_none_Weibo.pcap	tcp_2183,17,0,,0,0,0.9996778
benign_none_Weibo.pcap	tcp_169,17,0,,0,0,0.9994935
benign_none_Weibo.pcap	tcp_171,17,0,,0,0,0.99946827
benign_none_Weibo.pcap	tcp_2909,17,0,,0,0,0.99961686
benign_none_Weibo.pcap	tcp_175,17,0,,0,0,0.9991999
benign_none_Weibo.pcap	tcp_176,17,0,,0,0,0.9994522
benign_none_Weibo.pcap	tcp_177,17,0,,0,0,0.99920475
benign_none_Weibo.pcap	tcp_1445,17,0,,0,0,0.9992619
benign_none_Weibo.pcap	tcp_2163,17,0,,0,0,0.99917763
benign_none_Weibo.pcap	tcp_2964,17,0,,0,0,0.9988557
benign_none_Weibo.pcap	tcp_1227,17,0,,0,0,0.99910825
benign_none_Weibo.pcap	tcp_1005,17,0,,0,0,0.99950784
benign_none_Weibo.pcap	tcp_2313,17,0,,0,0,0.9996573
benign_none_Weibo.pcap	tcp_186,17,0,,0,0,0.99957097
benign_none_Weibo.pcap	tcp_2809,17,0,,0,0,0.9995654
benign_none_Weibo.pcap	tcp_2356,17,0,,0,0,0.99936575
benign_none_Weibo.pcap	tcp_190,17,0,,0,0,0.9991823
benign_none_Weibo.pcap	tcp_2397,17,0,,0,0,0.99969006
benign_none_Weibo.pcap	tcp_2203,17,0,,0,0,0.999546
benign_none_Weibo.pcap	tcp_2880,17,0,,0,0,0.99952495
benign_none_Weibo.pcap	tcp_2306,17,0,,0,0,0.99931383
benign_none_Weibo.pcap	tcp_196,17,0,,0,0,0.9995407
benign_none_Weibo.pcap	tcp_1216,17,0,,0,0,0.999607
benign_none_Weibo.pcap	tcp_1970,17,0,,0,0,0.99948287
benign_none_Weibo.pcap	tcp_199,17,0,,0,0,0.9994882
benign_none_Weibo.pcap	tcp_200,17,0,,0,0,0.9994592
benign_none_Weibo.pcap	tcp_1360,17,0,,0,0,0.9995522
benign_none_Weibo.pcap	tcp_2698,17,0,,0,0,0.9996483
benign_none_Weibo.pcap	tcp_2426,17,0,,0,0,0.99964225
benign_none_Weibo.pcap	tcp_2412,17,0,,0,0,0.99949336
benign_none_Weibo.pcap	tcp_2137,17,0,,0,0,0.9990139
benign_none_Weibo.pcap	tcp_1936,17,0,,0,0,0.9996526
benign_none_Weibo.pcap	tcp_2654,17,0,,0,0,0.99949414
benign_none_Weibo.pcap	tcp_210,17,0,,0,0,0.99952257
benign_none_Weibo.pcap	tcp_2494,17,0,,0,0,0.99943054
benign_none_Weibo.pcap	tcp_213,17,0,,0,0,0.99914557
benign_none_Weibo.pcap	tcp_1158,17,0,,0,0,0.99967515
benign_none_Weibo.pcap	tcp_1435,17,0,,0,0,0.99923277
benign_none_Weibo.pcap	tcp_220,17,0,,0,0,0.99909043
benign_none_Weibo.pcap	tcp_221,17,0,,0,0,0.9996464
benign_none_Weibo.pcap	tcp_2902,17,0,,0,0,0.9992822
benign_none_Weibo.pcap	tcp_1052,17,0,,0,0,0.99963
benign_none_Weibo.pcap	tcp_224,17,0,,0,0,0.9994466
benign_none_Weibo.pcap	tcp_1081,17,0,,0,0,0.99942446
benign_none_Weibo.pcap	tcp_2846,17,0,,0,0,0.9988407
benign_none_Weibo.pcap	tcp_1240,17,0,,0,0,0.99951553
benign_none_Weibo.pcap	tcp_2350,17,0,,0,0,0.9995407
benign_none_Weibo.pcap	tcp_1540,17,0,,0,0,0.9997143
benign_none_Weibo.pcap	tcp_232,17,0,,0,0,0.9994831
benign_none_Weibo.pcap	tcp_233,17,0,,0,0,0.999669
benign_none_Weibo.pcap	tcp_234,17,0,,0,0,0.9995365
benign_none_Weibo.pcap	tcp_1222,17,0,,0,0,0.99949133
benign_none_Weibo.pcap	tcp_2436,17,0,,0,0,0.9995054
benign_none_Weibo.pcap	tcp_1277,17,0,,0,0,0.9996749
benign_none_Weibo.pcap	tcp_1691,17,0,,0,0,0.99917406
benign_none_Weibo.pcap	tcp_1098,17,0,,0,0,0.9995054
benign_none_Weibo.pcap	tcp_241,17,0,,0,0,0.9995882
benign_none_Weibo.pcap	tcp_242,17,0,,0,0,0.9987305
benign_none_Weibo.pcap	tcp_2187,17,0,,0,0,0.9990854
benign_none_Weibo.pcap	tcp_2866,17,0,,0,0,0.99922174
benign_none_Weibo.pcap	tcp_2444,17,0,,0,0,0.9994622
benign_none_Weibo.pcap	tcp_2012,17,0,,0,0,0.99968696
benign_none_Weibo.pcap	tcp_2629,17,0,,0,0,0.9993425
benign_none_Weibo.pcap	tcp_2000,17,0,,0,0,0.99927014
benign_none_Weibo.pcap	tcp_249,17,0,,0,0,0.9996581
benign_none_Weibo.pcap	tcp_2399,17,0,,0,0,0.9954574
benign_none_Weibo.pcap	tcp_2239,17,0,,0,0,0.9991989
benign_none_Weibo.pcap	tcp_2716,17,0,,0,0,0.9992804
benign_none_Weibo.pcap	tcp_2132,17,0,,0,0,0.9994261
benign_none_Weibo.pcap	tcp_255,17,0,,0,0,0.99949723
benign_none_Weibo.pcap	tcp_2621,17,0,,0,0,0.9996294
benign_none_Weibo.pcap	tcp_1776,17,0,,0,0,0.9993913
benign_none_Weibo.pcap	tcp_259,17,0,,0,0,0.99916124
benign_none_Weibo.pcap	tcp_1707,17,0,,0,0,0.9996151
benign_none_Weibo.pcap	tcp_261,17,0,,0,0,0.99960214
benign_none_Weibo.pcap	tcp_1617,17,0,,0,0,0.9992549
benign_none_Weibo.pcap	tcp_266,17,0,,0,0,0.9993852
benign_none_Weibo.pcap	tcp_267,17,0,,0,0,0.9994033
benign_none_Weibo.pcap	tcp_2105,17,0,,0,0,0.9992029
benign_none_Weibo.pcap	tcp_270,17,0,,0,0,0.99950933
benign_none_Weibo.pcap	tcp_271,17,0,,0,0,0.9994777
benign_none_Weibo.pcap	tcp_2740,17,0,,0,0,0.9994949
benign_none_Weibo.pcap	tcp_274,17,0,,0,0,0.9991847
benign_none_Weibo.pcap	tcp_1303,17,0,,0,0,0.9995365
benign_none_Weibo.pcap	tcp_1529,17,0,,0,0,0.9994331
benign_none_Weibo.pcap	tcp_1797,17,0,,0,0,0.999247
benign_none_Weibo.pcap	tcp_1526,17,0,,0,0,0.9990926
benign_none_Weibo.pcap	tcp_2591,17,0,,0,0,0.9994367
benign_none_Weibo.pcap	tcp_2989,17,0,,0,0,0.9996723
benign_none_Weibo.pcap	tcp_1543,17,0,,0,0,0.999355
benign_none_Weibo.pcap	tcp_2362,17,0,,0,0,0.9993418
benign_none_Weibo.pcap	tcp_284,17,0,,0,0,0.99916744
benign_none_Weibo.pcap	tcp_2968,17,0,,0,0,0.99951535
benign_none_Weibo.pcap	tcp_286,17,0,,0,0,0.99965847
benign_none_Weibo.pcap	tcp_1429,17,0,,0,0,0.9995933
benign_none_Weibo.pcap	tcp_2794,17,0,,0,0,0.9995408
benign_none_Weibo.pcap	tcp_1512,17,0,,0,0,0.9995277
benign_none_Weibo.pcap	tcp_2326,17,0,,0,0,0.99944514
benign_none_Weibo.pcap	tcp_2948,17,0,,0,0,0.99951243
benign_none_Weibo.pcap	tcp_2967,17,0,,0,0,0.99907
benign_none_Weibo.pcap	tcp_2497,17,0,,0,0,0.99959224
benign_none_Weibo.pcap	tcp_1631,17,0,,0,0,0.9992588
benign_none_Weibo.pcap	tcp_1615,17,0,,0,0,0.9996096
benign_none_Weibo.pcap	tcp_302,17,0,,0,0,0.9992281
benign_none_Weibo.pcap	tcp_2513,17,0,,0,0,0.99976623
benign_none_Weibo.pcap	tcp_2655,17,0,,0,0,0.9991543
benign_none_Weibo.pcap	tcp_2927,17,0,,0,0,0.9994566
benign_none_Weibo.pcap	tcp_1983,17,0,,0,0,0.99927264
benign_none_Weibo.pcap	tcp_1399,17,0,,0,0,0.9995607
benign_none_Weibo.pcap	tcp_1799,17,0,,0,0,0.999716
benign_none_Weibo.pcap	tcp_1312,17,0,,0,0,0.99957573
benign_none_Weibo.pcap	tcp_313,17,0,,0,0,0.99946016
benign_none_Weibo.pcap	tcp_1376,17,0,,0,0,0.99895227
benign_none_Weibo.pcap	tcp_2458,17,0,,0,0,0.999184
benign_none_Weibo.pcap	tcp_317,17,0,,0,0,0.99939513
benign_none_Weibo.pcap	tcp_318,17,0,,0,0,0.9994642
benign_none_Weibo.pcap	tcp_2854,17,0,,0,0,0.9995131
benign_none_Weibo.pcap	tcp_320,17,0,,0,0,0.9995047
benign_none_Weibo.pcap	tcp_2831,17,0,,0,0,0.9995165
benign_none_Weibo.pcap	tcp_322,17,0,,0,0,0.999722
benign_none_Weibo.pcap	tcp_2811,17,0,,0,0,0.9992455
benign_none_Weibo.pcap	tcp_324,17,0,,0,0,0.99880195
benign_none_Weibo.pcap	tcp_325,17,0,,0,0,0.9993479
benign_none_Weibo.pcap	tcp_327,17,0,,0,0,0.9994198
benign_none_Weibo.pcap	tcp_2139,17,0,,0,0,0.9994497
benign_none_Weibo.pcap	tcp_330,17,0,,0,0,0.9988555
benign_none_Weibo.pcap	tcp_333,17,0,,0,0,0.99910694
benign_none_Weibo.pcap	tcp_1721,17,0,,0,0,0.9994759
benign_none_Weibo.pcap	tcp_1263,17,0,,0,0,0.99954724
benign_none_Weibo.pcap	tcp_2076,17,0,,0,0,0.99935395
benign_none_Weibo.pcap	tcp_338,17,0,,0,0,0.999483
benign_none_Weibo.pcap	tcp_1683,17,0,,0,0,0.99945503
benign_none_Weibo.pcap	tcp_2502,17,0,,0,0,0.99938136
benign_none_Weibo.pcap	tcp_1626,17,0,,0,0,0.99952394
benign_none_Weibo.pcap	tcp_2011,17,0,,0,0,0.9996847
benign_none_Weibo.pcap	tcp_345,17,0,,0,0,0.9994155
benign_none_Weibo.pcap	tcp_2202,17,0,,0,0,0.9994636
benign_none_Weibo.pcap	tcp_2483,17,0,,0,0,0.99951124
benign_none_Weibo.pcap	tcp_1758,17,0,,0,0,0.99950635
benign_none_Weibo.pcap	tcp_351,17,0,,0,0,0.9997003
benign_none_Weibo.pcap	tcp_352,17,0,,0,0,0.9993773
benign_none_Weibo.pcap	tcp_1957,17,0,,0,0,0.9996513
benign_none_Weibo.pcap	tcp_1848,17,0,,0,0,0.12569585
benign_none_Weibo.pcap	tcp_355,17,0,,0,0,0.99948895
benign_none_Weibo.pcap	tcp_1125,17,0,,0,0,0.9991818
benign_none_Weibo.pcap	tcp_1439,17,0,,0,0,0.9996339
benign_none_Weibo.pcap	tcp_359,17,0,,0,0,0.9995839
benign_none_Weibo.pcap	tcp_1229,17,0,,0,0,0.9994079
benign_none_Weibo.pcap	tcp_1880,17,0,,0,0,0.99938977
benign_none_Weibo.pcap	tcp_2978,17,0,,0,0,0.99944335
benign_none_Weibo.pcap	tcp_1811,17,0,,0,0,0.99912804
benign_none_Weibo.pcap	tcp_366,17,0,,0,0,0.99947256
benign_none_Weibo.pcap	tcp_367,17,0,,0,0,0.9996761
benign_none_Weibo.pcap	tcp_2036,17,0,,0,0,0.9994272
benign_none_Weibo.pcap	tcp_2617,17,0,,0,0,0.99960655
benign_none_Weibo.pcap	tcp_2116,17,0,,0,0,0.9997018
benign_none_Weibo.pcap	tcp_1042,17,0,,0,0,0.9994951
benign_none_Weibo.pcap	tcp_1595,17,0,,0,0,0.9993913
benign_none_Weibo.pcap	tcp_1054,17,0,,0,0,0.9994879
benign_none_Weibo.pcap	tcp_2940,17,0,,0,0,0.9995141
benign_none_Weibo.pcap	tcp_2225,17,0,,0,0,0.9994508
benign_none_Weibo.pcap	tcp_1077,17,0,,0,0,0.99970007
benign_none_Weibo.pcap	tcp_379,17,0,,0,0,0.9996805
benign_none_Weibo.pcap	tcp_2227,17,0,,0,0,0.99919456
benign_none_Weibo.pcap	tcp_2213,17,0,,0,0,0.9994429
benign_none_Weibo.pcap	tcp_386,17,0,,0,0,0.9997514
benign_none_Weibo.pcap	tcp_1666,17,0,,0,0,0.999172
benign_none_Weibo.pcap	tcp_1567,17,0,,0,0,0.9997333
benign_none_Weibo.pcap	tcp_2805,17,0,,0,0,0.9995347
benign_none_Weibo.pcap	tcp_1470,17,0,,0,0,0.9992305
benign_none_Weibo.pcap	tcp_393,17,0,,0,0,0.99930084
benign_none_Weibo.pcap	tcp_394,17,0,,0,0,0.99949634
benign_none_Weibo.pcap	tcp_395,17,0,,0,0,0.99945146
benign_none_Weibo.pcap	tcp_1668,17,0,,0,0,0.99943846
benign_none_Weibo.pcap	tcp_1677,17,0,,0,0,0.9995566
benign_none_Weibo.pcap	tcp_1314,17,0,,0,0,0.9987855
benign_none_Weibo.pcap	tcp_1206,17,0,,0,0,0.9992253
benign_none_Weibo.pcap	tcp_402,17,0,,0,0,0.99949837
benign_none_Weibo.pcap	tcp_403,17,0,,0,0,0.9995407
benign_none_Weibo.pcap	tcp_2572,17,0,,0,0,0.99924076
benign_none_Weibo.pcap	tcp_1212,17,0,,0,0,0.99951285
benign_none_Weibo.pcap	tcp_1980,17,0,,0,0,0.9995283
benign_none_Weibo.pcap	tcp_1872,17,0,,0,0,0.99971396
benign_none_Weibo.pcap	tcp_1795,17,0,,0,0,0.99968994
benign_none_Weibo.pcap	tcp_1518,17,0,,0,0,0.99920994
benign_none_Weibo.pcap	tcp_2302,17,0,,0,0,0.99957544
benign_none_Weibo.pcap	tcp_1732,17,0,,0,0,0.99910885
benign_none_Weibo.pcap	tcp_2194,17,0,,0,0,0.9993028
benign_none_Weibo.pcap	tcp_413,17,0,,0,0,0.9995587
benign_none_Weibo.pcap	tcp_414,17,0,,0,0,0.999146
benign_none_Weibo.pcap	tcp_416,17,0,,0,0,0.99976075
benign_none_Weibo.pcap	tcp_417,17,0,,0,0,0.9993923
benign_none_Weibo.pcap	tcp_418,17,0,,0,0,0.9994947
benign_none_Weibo.pcap	tcp_1984,17,0,,0,0,0.9993436
benign_none_Weibo.pcap	tcp_420,17,0,,0,0,0.99961287
benign_none_Weibo.pcap	tcp_421,17,0,,0,0,0.99962467
benign_none_Weibo.pcap	tcp_422,17,0,,0,0,0.99926144
benign_none_Weibo.pcap	tcp_425,17,0,,0,0,0.9991439
benign_none_Weibo.pcap	tcp_1422,17,0,,0,0,0.9995767
benign_none_Weibo.pcap	tcp_428,17,0,,0,0,0.99959606
benign_none_Weibo.pcap	tcp_1932,17,0,,0,0,0.99977714
benign_none_Weibo.pcap	tcp_430,17,0,,0,0,0.99865824
benign_none_Weibo.pcap	tcp_1541,17,0,,0,0,0.99955016
benign_none_Weibo.pcap	tcp_2368,17,0,,0,0,0.99952877
benign_none_Weibo.pcap	tcp_2032,17,0,,0,0,0.9997328
benign_none_Weibo.pcap	tcp_1829,17,0,,0,0,0.99973685
benign_none_Weibo.pcap	tcp_2042,17,0,,0,0,0.9993501
benign_none_Weibo.pcap	tcp_2359,17,0,,0,0,0.9994652
benign_none_Weibo.pcap	tcp_441,17,0,,0,0,0.99945796
benign_none_Weibo.pcap	tcp_2284,17,0,,0,0,0.99952364
benign_none_Weibo.pcap	tcp_1598,17,0,,0,0,0.99937123
benign_none_Weibo.pcap	tcp_2980,17,0,,0,0,0.9997589
benign_none_Weibo.pcap	tcp_1344,17,0,,0,0,0.9996834
benign_none_Weibo.pcap	tcp_1863,17,0,,0,0,0.9991019
benign_none_Weibo.pcap	tcp_1921,17,0,,0,0,0.99938595
benign_none_Weibo.pcap	tcp_1790,17,0,,0,0,0.99914765
benign_none_Weibo.pcap	tcp_1305,17,0,,0,0,0.9995545
benign_none_Weibo.pcap	tcp_451,17,0,,0,0,0.998903
benign_none_Weibo.pcap	tcp_2905,17,0,,0,0,0.9996526
benign_none_Weibo.pcap	tcp_2104,17,0,,0,0,0.99957293
benign_none_Weibo.pcap	tcp_2159,17,0,,0,0,0.99911803
benign_none_Weibo.pcap	tcp_2562,17,0,,0,0,0.9994929
benign_none_Weibo.pcap	tcp_457,17,0,,0,0,0.99916255
benign_none_Weibo.pcap	tcp_1411,17,0,,0,0,0.99970496
benign_none_Weibo.pcap	tcp_461,17,0,,0,0,0.99947065
benign_none_Weibo.pcap	tcp_463,17,0,,0,0,0.9996625
benign_none_Weibo.pcap	tcp_2459,17,0,,0,0,0.999676
benign_none_Weibo.pcap	tcp_465,17,0,,0,0,0.99951804
benign_none_Weibo.pcap	tcp_466,17,0,,0,0,0.99931514
benign_none_Weibo.pcap	tcp_467,17,0,,0,0,0.99909735
benign_none_Weibo.pcap	tcp_1447,17,0,,0,0,0.99952626
benign_none_Weibo.pcap	tcp_2217,17,0,,0,0,0.99962616
benign_none_Weibo.pcap	tcp_2763,17,0,,0,0,0.9997144
benign_none_Weibo.pcap	tcp_2143,17,0,,0,0,0.99908435
benign_none_Weibo.pcap	tcp_2264,17,0,,0,0,0.99944276
benign_none_Weibo.pcap	tcp_1031,17,0,,0,0,0.9997986
benign_none_Weibo.pcap	tcp_477,17,0,,0,0,0.99921584
benign_none_Weibo.pcap	tcp_1853,17,0,,0,0,0.9996357
benign_none_Weibo.pcap	tcp_1285,17,0,,0,0,0.9994443
benign_none_Weibo.pcap	tcp_1664,17,0,,0,0,0.9993905
benign_none_Weibo.pcap	tcp_2150,17,0,,0,0,0.999206
benign_none_Weibo.pcap	tcp_2301,17,0,,0,0,0.99953973
benign_none_Weibo.pcap	tcp_1697,17,0,,0,0,0.9995191
benign_none_Weibo.pcap	tcp_2832,17,0,,0,0,0.99974173
benign_none_Weibo.pcap	tcp_1901,17,0,,0,0,0.999666
benign_none_Weibo.pcap	tcp_1621,17,0,,0,0,0.9993615
benign_none_Weibo.pcap	tcp_488,17,0,,0,0,0.9995797
benign_none_Weibo.pcap	tcp_489,17,0,,0,0,0.9992071
benign_none_Weibo.pcap	tcp_490,17,0,,0,0,0.99950933
benign_none_Weibo.pcap	tcp_1505,17,0,,0,0,0.99967605
benign_none_Weibo.pcap	tcp_492,17,0,,0,0,0.9994979
benign_none_Weibo.pcap	tcp_2180,17,0,,0,0,0.99924904
benign_none_Weibo.pcap	tcp_498,17,0,,0,0,0.99918145
benign_none_Weibo.pcap	tcp_499,17,0,,0,0,0.99949884
benign_none_Weibo.pcap	tcp_2997,17,0,,0,0,0.9994752
benign_none_Weibo.pcap	tcp_2773,17,0,,0,0,0.9994846
benign_none_Weibo.pcap	tcp_502,17,0,,0,0,0.9994025
benign_none_Weibo.pcap	tcp_2657,17,0,,0,0,0.99946445
benign_none_Weibo.pcap	tcp_1558,17,0,,0,0,0.99968874
benign_none_Weibo.pcap	tcp_508,17,0,,0,0,0.9992893
benign_none_Weibo.pcap	tcp_510,17,0,,0,0,0.99964917
benign_none_Weibo.pcap	tcp_2547,17,0,,0,0,0.9991214
benign_none_Weibo.pcap	tcp_514,17,0,,0,0,0.999526
benign_none_Weibo.pcap	tcp_517,17,0,,0,0,0.99951005
benign_none_Weibo.pcap	tcp_1163,17,0,,0,0,0.99954826
benign_none_Weibo.pcap	tcp_1919,17,0,,0,0,0.99962234
benign_none_Weibo.pcap	tcp_1346,17,0,,0,0,0.9996321
benign_none_Weibo.pcap	tcp_1954,17,0,,0,0,0.47664577
benign_none_Weibo.pcap	tcp_1662,17,0,,0,0,0.9994072
benign_none_Weibo.pcap	tcp_525,17,0,,0,0,0.99953127
benign_none_Weibo.pcap	tcp_1354,17,0,,0,0,0.9990754
benign_none_Weibo.pcap	tcp_2093,17,0,,0,0,0.9990375
benign_none_Weibo.pcap	tcp_1126,17,0,,0,0,0.99955404
benign_none_Weibo.pcap	tcp_530,17,0,,0,0,0.99941576
benign_none_Weibo.pcap	tcp_1895,17,0,,0,0,0.99951136
benign_none_Weibo.pcap	tcp_533,17,0,,0,0,0.99940014
benign_none_Weibo.pcap	tcp_536,17,0,,0,0,0.999416
benign_none_Weibo.pcap	tcp_2058,17,0,,0,0,0.9995048
benign_none_Weibo.pcap	tcp_1822,17,0,,0,0,0.9995129
benign_none_Weibo.pcap	tcp_1170,17,0,,0,0,0.9992378
benign_none_Weibo.pcap	tcp_2711,17,0,,0,0,0.745186
benign_none_Weibo.pcap	tcp_2373,17,0,,0,0,0.9997243
benign_none_Weibo.pcap	tcp_543,17,0,,0,0,0.9995584
benign_none_Weibo.pcap	tcp_1057,17,0,,0,0,0.99926525
benign_none_Weibo.pcap	tcp_1647,17,0,,0,0,0.9994726
benign_none_Weibo.pcap	tcp_1709,17,0,,0,0,0.99978
benign_none_Weibo.pcap	tcp_1964,17,0,,0,0,0.999468
benign_none_Weibo.pcap	tcp_1015,17,0,,0,0,0.99948776
benign_none_Weibo.pcap	tcp_1383,17,0,,0,0,0.999723
benign_none_Weibo.pcap	tcp_555,17,0,,0,0,0.9996741
benign_none_Weibo.pcap	tcp_556,17,0,,0,0,0.99948627
benign_none_Weibo.pcap	tcp_2158,17,0,,0,0,0.99949497
benign_none_Weibo.pcap	tcp_2898,17,0,,0,0,0.9994948
benign_none_Weibo.pcap	tcp_1172,17,0,,0,0,0.99847114
benign_none_Weibo.pcap	tcp_2646,17,0,,0,0,0.9992631
benign_none_Weibo.pcap	tcp_561,17,1,Cc_5,0,0,0.99967337
benign_none_Weibo.pcap	tcp_562,17,0,,0,0,0.99936813
benign_none_Weibo.pcap	tcp_2231,17,0,,0,0,0.99906796
benign_none_Weibo.pcap	tcp_2864,17,0,,0,0,0.9991823
benign_none_Weibo.pcap	tcp_566,17,0,,0,0,0.99917793
benign_none_Weibo.pcap	tcp_2031,17,0,,0,0,0.9996234
benign_none_Weibo.pcap	tcp_2200,17,0,,0,0,0.9993338
benign_none_Weibo.pcap	tcp_570,17,0,,0,0,0.9996793
benign_none_Weibo.pcap	tcp_571,17,0,,0,0,0.9991863
benign_none_Weibo.pcap	tcp_2015,17,0,,0,0,0.9994764
benign_none_Weibo.pcap	tcp_573,17,0,,0,0,0.9992059
benign_none_Weibo.pcap	tcp_1048,17,0,,0,0,0.9991303
benign_none_Weibo.pcap	tcp_1498,17,0,,0,0,0.9991175
benign_none_Weibo.pcap	tcp_1106,17,0,,0,0,0.99945813
benign_none_Weibo.pcap	tcp_1173,17,0,,0,0,0.9989857
benign_none_Weibo.pcap	tcp_1966,17,0,,0,0,0.9997207
benign_none_Weibo.pcap	tcp_1321,17,0,,0,0,0.9987625
benign_none_Weibo.pcap	tcp_2981,17,0,,0,0,0.9995198
benign_none_Weibo.pcap	tcp_2726,17,0,,0,0,0.99941194
benign_none_Weibo.pcap	tcp_1933,17,0,,0,0,0.99944806
benign_none_Weibo.pcap	tcp_2211,17,0,,0,0,0.9997621
benign_none_Weibo.pcap	tcp_1494,17,0,,0,0,0.9985644
benign_none_Weibo.pcap	tcp_1640,17,0,,0,0,0.99920195
benign_none_Weibo.pcap	tcp_1103,17,0,,0,0,0.9997156
benign_none_Weibo.pcap	tcp_2883,17,0,,0,0,0.99917775
benign_none_Weibo.pcap	tcp_2205,17,0,,0,0,0.9995295
benign_none_Weibo.pcap	tcp_2364,17,0,,0,0,0.99966633
benign_none_Weibo.pcap	tcp_1481,17,0,,0,0,0.9996573
benign_none_Weibo.pcap	tcp_595,17,0,,0,0,0.9992661
benign_none_Weibo.pcap	tcp_1976,17,0,,0,0,0.99939364
benign_none_Weibo.pcap	tcp_2432,17,0,,0,0,0.99940443
benign_none_Weibo.pcap	tcp_598,17,0,,0,0,0.9992562
benign_none_Weibo.pcap	tcp_599,17,0,,0,0,0.99949986
benign_none_Weibo.pcap	tcp_1319,17,0,,0,0,0.9993472
benign_none_Weibo.pcap	tcp_1545,17,0,,0,0,0.99972904
benign_none_Weibo.pcap	tcp_603,17,0,,0,0,0.9995329
benign_none_Weibo.pcap	tcp_2727,17,0,,0,0,0.99913687
benign_none_Weibo.pcap	tcp_607,17,0,,0,0,0.99908304
benign_none_Weibo.pcap	tcp_2166,17,0,,0,0,0.9995264
benign_none_Weibo.pcap	tcp_610,17,0,,0,0,0.99943435
benign_none_Weibo.pcap	tcp_2556,17,0,,0,0,0.9995794
benign_none_Weibo.pcap	tcp_613,17,0,,0,0,0.9994626
benign_none_Weibo.pcap	tcp_2039,17,0,,0,0,0.9995105
benign_none_Weibo.pcap	tcp_2735,17,0,,0,0,0.9994435
benign_none_Weibo.pcap	tcp_1033,17,0,,0,0,0.99948007
benign_none_Weibo.pcap	tcp_1488,17,0,,0,0,0.9997712
benign_none_Weibo.pcap	tcp_2174,17,0,,0,0,0.99969065
benign_none_Weibo.pcap	tcp_1295,17,0,,0,0,0.9992801
benign_none_Weibo.pcap	tcp_1256,17,0,,0,0,0.999104
benign_none_Weibo.pcap	tcp_1489,17,0,,0,0,0.9994491
benign_none_Weibo.pcap	tcp_627,17,0,,0,0,0.99945927
benign_none_Weibo.pcap	tcp_1866,17,0,,0,0,0.99923015
benign_none_Weibo.pcap	tcp_2568,17,0,,0,0,0.9995622
benign_none_Weibo.pcap	tcp_1370,17,0,,0,0,0.99908316
benign_none_Weibo.pcap	tcp_2193,17,0,,0,0,0.99942076
benign_none_Weibo.pcap	tcp_1184,17,0,,0,0,0.9992079
benign_none_Weibo.pcap	tcp_2795,17,0,,0,0,0.9994548
benign_none_Weibo.pcap	tcp_1433,17,0,,0,0,0.9995747
benign_none_Weibo.pcap	tcp_637,17,0,,0,0,0.9994337
benign_none_Weibo.pcap	tcp_2636,17,0,,0,0,0.9997063
benign_none_Weibo.pcap	tcp_2837,17,0,,0,0,0.999498
benign_none_Weibo.pcap	tcp_1629,17,0,,0,0,0.99968183
benign_none_Weibo.pcap	tcp_1513,17,1,Cc_5,0,0,0.9994279
benign_none_Weibo.pcap	tcp_2857,17,0,,0,0,0.99967945
benign_none_Weibo.pcap	tcp_2357,17,0,,0,0,0.99886465
benign_none_Weibo.pcap	tcp_646,17,0,,0,0,0.9991853
benign_none_Weibo.pcap	tcp_647,17,0,,0,0,0.9995125
benign_none_Weibo.pcap	tcp_1609,17,0,,0,0,0.999238
benign_none_Weibo.pcap	tcp_1935,17,0,,0,0,0.9996943
benign_none_Weibo.pcap	tcp_2419,17,0,,0,0,0.99951243
benign_none_Weibo.pcap	tcp_653,17,0,,0,0,0.9996665
benign_none_Weibo.pcap	tcp_1715,17,0,,0,0,0.99932206
benign_none_Weibo.pcap	tcp_2027,17,0,,0,0,0.9997346
benign_none_Weibo.pcap	tcp_656,17,0,,0,0,0.9995177
benign_none_Weibo.pcap	tcp_659,17,0,,0,0,0.9989832
benign_none_Weibo.pcap	tcp_1144,17,0,,0,0,0.9993793
benign_none_Weibo.pcap	tcp_2443,17,0,,0,0,0.99943745
benign_none_Weibo.pcap	tcp_1501,17,0,,0,0,0.9994993
benign_none_Weibo.pcap	tcp_1058,17,0,,0,0,0.99914056
benign_none_Weibo.pcap	tcp_2317,17,0,,0,0,0.9996319
benign_none_Weibo.pcap	tcp_1209,17,0,,0,0,0.99968266
benign_none_Weibo.pcap	tcp_667,17,0,,0,0,0.99914575
benign_none_Weibo.pcap	tcp_1301,17,0,,0,0,0.99956465
benign_none_Weibo.pcap	tcp_2633,17,0,,0,0,0.9994554
benign_none_Weibo.pcap	tcp_673,17,0,,0,0,0.9994765
benign_none_Weibo.pcap	tcp_1840,17,0,,0,0,0.99962366
benign_none_Weibo.pcap	tcp_2499,17,0,,0,0,0.9996256
benign_none_Weibo.pcap	tcp_2533,17,0,,0,0,0.9991634
benign_none_Weibo.pcap	tcp_1523,17,0,,0,0,0.99870956
benign_none_Weibo.pcap	tcp_2100,17,0,,0,0,0.99961036
benign_none_Weibo.pcap	tcp_2639,17,0,,0,0,0.9991333
benign_none_Weibo.pcap	tcp_681,17,0,,0,0,0.9995547
benign_none_Weibo.pcap	tcp_2325,17,0,,0,0,0.99945444
benign_none_Weibo.pcap	tcp_2208,17,0,,0,0,0.9991038
benign_none_Weibo.pcap	tcp_2333,17,0,,0,0,0.99934036
benign_none_Weibo.pcap	tcp_1760,17,0,,0,0,0.9966037
benign_none_Weibo.pcap	tcp_1516,17,0,,0,0,0.9995301
benign_none_Weibo.pcap	tcp_2083,17,0,,0,0,0.99941194
benign_none_Weibo.pcap	tcp_689,17,0,,0,0,0.99918216
benign_none_Weibo.pcap	tcp_2594,17,0,,0,0,0.9994828
benign_none_Weibo.pcap	tcp_692,17,0,,0,0,0.9980204
benign_none_Weibo.pcap	tcp_1763,17,0,,0,0,0.99953955
benign_none_Weibo.pcap	tcp_694,17,0,,0,0,0.9995284
benign_none_Weibo.pcap	tcp_1948,17,0,,0,0,0.99920887
benign_none_Weibo.pcap	tcp_696,17,0,,0,0,0.9991335
benign_none_Weibo.pcap	tcp_697,17,0,,0,0,0.9995584
benign_none_Weibo.pcap	tcp_1040,17,0,,0,0,0.99943733
benign_none_Weibo.pcap	tcp_1813,17,0,,0,0,0.99949133
benign_none_Weibo.pcap	tcp_2485,17,0,,0,0,0.9996904
benign_none_Weibo.pcap	tcp_2170,17,0,,0,0,0.99953794
benign_none_Weibo.pcap	tcp_1942,17,0,,0,0,0.99958056
benign_none_Weibo.pcap	tcp_2625,17,0,,0,0,0.99913573
benign_none_Weibo.pcap	tcp_706,17,0,,0,0,0.999193
benign_none_Weibo.pcap	tcp_1418,17,0,,0,0,0.9991572
benign_none_Weibo.pcap	tcp_2678,17,0,,0,0,0.9995394
benign_none_Weibo.pcap	tcp_1833,17,0,,0,0,0.99949735
benign_none_Weibo.pcap	tcp_1484,17,0,,0,0,0.99964553
benign_none_Weibo.pcap	tcp_712,17,0,,0,0,0.998835
benign_none_Weibo.pcap	tcp_1888,17,0,,0,0,0.99942267
benign_none_Weibo.pcap	tcp_714,17,0,,0,0,0.998334
benign_none_Weibo.pcap	tcp_2173,17,0,,0,0,0.99958974
benign_none_Weibo.pcap	tcp_2764,17,0,,0,0,0.99915606
benign_none_Weibo.pcap	tcp_1744,17,0,,0,0,0.9996501
benign_none_Weibo.pcap	tcp_1487,17,0,,0,0,0.99951875
benign_none_Weibo.pcap	tcp_1112,17,0,,0,0,0.9994118
benign_none_Weibo.pcap	tcp_725,17,0,,0,0,0.99961793
benign_none_Weibo.pcap	tcp_1427,17,0,,0,0,0.9994389
benign_none_Weibo.pcap	tcp_727,17,0,,0,0,0.999196
benign_none_Weibo.pcap	tcp_1877,17,0,,0,0,0.99897254
benign_none_Weibo.pcap	tcp_1635,17,0,,0,0,0.99946254
benign_none_Weibo.pcap	tcp_2390,17,0,,0,0,0.9993175
benign_none_Weibo.pcap	tcp_1972,17,0,,0,0,0.9989778
benign_none_Weibo.pcap	tcp_734,17,0,,0,0,0.9995063
benign_none_Weibo.pcap	tcp_2300,17,0,,0,0,0.9992528
benign_none_Weibo.pcap	tcp_741,17,0,,0,0,0.99930376
benign_none_Weibo.pcap	tcp_1143,17,0,,0,0,0.99840385
benign_none_Weibo.pcap	tcp_745,17,0,,0,0,0.9992176
benign_none_Weibo.pcap	tcp_2125,17,0,,0,0,0.9995885
benign_none_Weibo.pcap	tcp_2598,17,0,,0,0,0.99952996
benign_none_Weibo.pcap	tcp_1247,17,0,,0,0,0.99953395
benign_none_Weibo.pcap	tcp_1990,17,0,,0,0,0.9993041
benign_none_Weibo.pcap	tcp_2136,17,0,,0,0,0.99949336
benign_none_Weibo.pcap	tcp_2780,17,0,,0,0,0.9991821
benign_none_Weibo.pcap	tcp_2468,17,0,,0,0,0.9993579
benign_none_Weibo.pcap	tcp_1778,17,0,,0,0,0.9992155
benign_none_Weibo.pcap	tcp_2576,17,0,,0,0,0.999687
benign_none_Weibo.pcap	tcp_2566,17,0,,0,0,0.999213
benign_none_Weibo.pcap	tcp_759,17,0,,0,0,0.99970216
benign_none_Weibo.pcap	tcp_2084,17,0,,0,0,0.9994745
benign_none_Weibo.pcap	tcp_761,17,0,,0,0,0.999626
benign_none_Weibo.pcap	tcp_1537,17,0,,0,0,0.9992109
benign_none_Weibo.pcap	tcp_1593,17,0,,0,0,0.9996854
benign_none_Weibo.pcap	tcp_1821,17,0,,0,0,0.99918574
benign_none_Weibo.pcap	tcp_769,17,0,,0,0,0.99950117
benign_none_Weibo.pcap	tcp_1401,17,0,,0,0,0.99914736
benign_none_Weibo.pcap	tcp_771,17,0,,0,0,0.9989304
benign_none_Weibo.pcap	tcp_772,17,0,,0,0,0.9995068
benign_none_Weibo.pcap	tcp_773,17,0,,0,0,0.9996645
benign_none_Weibo.pcap	tcp_776,17,0,,0,0,0.999678
benign_none_Weibo.pcap	tcp_2156,17,0,,0,0,0.9996619
benign_none_Weibo.pcap	tcp_2089,17,0,,0,0,0.99919647
benign_none_Weibo.pcap	tcp_1825,17,0,,0,0,0.99951756
benign_none_Weibo.pcap	tcp_781,17,0,,0,0,0.9997365
benign_none_Weibo.pcap	tcp_782,17,0,,0,0,0.99945086
benign_none_Weibo.pcap	tcp_1331,17,0,,0,0,0.99952674
benign_none_Weibo.pcap	tcp_1685,17,0,,0,0,0.9995358
benign_none_Weibo.pcap	tcp_786,17,0,,0,0,0.9994804
benign_none_Weibo.pcap	tcp_1857,17,0,,0,0,0.99913436
benign_none_Weibo.pcap	tcp_1525,17,0,,0,0,0.9992469
benign_none_Weibo.pcap	tcp_789,17,0,,0,0,0.999513
benign_none_Weibo.pcap	tcp_2488,17,0,,0,0,0.9991888
benign_none_Weibo.pcap	tcp_792,17,0,,0,0,0.99943274
benign_none_Weibo.pcap	tcp_1748,17,0,,0,0,0.999464
benign_none_Weibo.pcap	tcp_1841,17,0,,0,0,0.9992112
benign_none_Weibo.pcap	tcp_2998,17,0,,0,0,0.99940765
benign_none_Weibo.pcap	tcp_796,17,0,,0,0,0.99949944
benign_none_Weibo.pcap	tcp_797,17,0,,0,0,0.99884367
benign_none_Weibo.pcap	tcp_2374,17,0,,0,0,0.9994848
benign_none_Weibo.pcap	tcp_2889,17,0,,0,0,0.99951947
benign_none_Weibo.pcap	tcp_2057,17,0,,0,0,0.99949443
benign_none_Weibo.pcap	tcp_803,17,0,,0,0,0.9985923
benign_none_Weibo.pcap	tcp_804,17,0,,0,0,0.99900925
benign_none_Weibo.pcap	tcp_806,17,0,,0,0,0.999153
benign_none_Weibo.pcap	tcp_807,17,0,,0,0,0.99960595
benign_none_Weibo.pcap	tcp_808,17,0,,0,0,0.99871814
benign_none_Weibo.pcap	tcp_2588,17,0,,0,0,0.99939036
benign_none_Weibo.pcap	tcp_810,17,0,,0,0,0.99954
benign_none_Weibo.pcap	tcp_2500,17,0,,0,0,0.9994613
benign_none_Weibo.pcap	tcp_813,17,0,,0,0,0.9997253
benign_none_Weibo.pcap	tcp_814,17,0,,0,1,0.005656421
benign_none_Weibo.pcap	tcp_1366,17,0,,0,0,0.9991248
benign_none_Weibo.pcap	tcp_816,17,0,,0,0,0.9994943
benign_none_Weibo.pcap	tcp_817,17,0,,0,0,0.99917454
benign_none_Weibo.pcap	tcp_818,17,0,,0,0,0.9995229
benign_none_Weibo.pcap	tcp_2188,17,0,,0,0,0.999238
benign_none_Weibo.pcap	tcp_2543,17,0,,0,0,0.71029294
benign_none_Weibo.pcap	tcp_821,17,0,,0,0,0.99947757
benign_none_Weibo.pcap	tcp_822,17,0,,0,0,0.9996238
benign_none_Weibo.pcap	tcp_2523,17,0,,0,0,0.99915165
benign_none_Weibo.pcap	tcp_824,17,0,,0,0,0.999561
benign_none_Weibo.pcap	tcp_826,17,0,,0,0,0.99966776
benign_none_Weibo.pcap	tcp_827,17,0,,0,0,0.99948317
benign_none_Weibo.pcap	tcp_1090,17,0,,0,0,0.9991379
benign_none_Weibo.pcap	tcp_1478,17,0,,0,0,0.99977463
benign_none_Weibo.pcap	tcp_1443,17,0,,0,0,0.9994735
benign_none_Weibo.pcap	tcp_2358,17,0,,0,0,0.9991261
benign_none_Weibo.pcap	tcp_1329,17,0,,0,0,0.99952614
benign_none_Weibo.pcap	tcp_2129,17,0,,0,0,0.99934024
benign_none_Weibo.pcap	tcp_2563,17,0,,0,0,0.9994631
benign_none_Weibo.pcap	tcp_2335,17,0,,0,0,0.9993397
benign_none_Weibo.pcap	tcp_2684,17,0,,0,0,0.9994936
benign_none_Weibo.pcap	tcp_2504,17,0,,0,0,0.99908054
benign_none_Weibo.pcap	tcp_842,17,0,,0,0,0.99950814
benign_none_Weibo.pcap	tcp_2088,17,0,,0,0,0.9996561
benign_none_Weibo.pcap	tcp_2613,17,0,,0,0,0.9990065
benign_none_Weibo.pcap	tcp_2378,17,0,,0,0,0.99920154
benign_none_Weibo.pcap	tcp_2372,17,0,,0,0,0.9994773
benign_none_Weibo.pcap	tcp_853,17,0,,0,0,0.9997267
benign_none_Weibo.pcap	tcp_2663,17,0,,0,0,0.99951035
benign_none_Weibo.pcap	tcp_2078,17,0,,0,0,0.99934644
benign_none_Weibo.pcap	tcp_1258,17,0,,0,0,0.9987769
benign_none_Weibo.pcap	tcp_2706,17,0,,0,0,0.99964565
benign_none_Weibo.pcap	tcp_1409,17,0,,0,0,0.99826556
benign_none_Weibo.pcap	tcp_1509,17,0,,0,0,0.99941343
benign_none_Weibo.pcap	tcp_1883,17,0,,0,0,0.99937874
benign_none_Weibo.pcap	tcp_2616,17,0,,0,0,0.99963725
benign_none_Weibo.pcap	tcp_2650,17,0,,0,0,0.9996816
benign_none_Weibo.pcap	tcp_1436,17,0,,0,0,0.9994409
benign_none_Weibo.pcap	tcp_2409,17,0,,0,0,0.99947375
benign_none_Weibo.pcap	tcp_2580,17,0,,0,0,0.9995024
benign_none_Weibo.pcap	tcp_2484,17,0,,0,0,0.9996068
benign_none_Weibo.pcap	tcp_869,17,0,,0,0,0.999634
benign_none_Weibo.pcap	tcp_2926,17,0,,0,0,0.9994642
benign_none_Weibo.pcap	tcp_2656,17,0,,0,0,0.9994789
benign_none_Weibo.pcap	tcp_872,17,0,,0,0,0.999757
benign_none_Weibo.pcap	tcp_1044,17,0,,0,0,0.9996829
benign_none_Weibo.pcap	tcp_874,17,0,,0,0,0.99974114
benign_none_Weibo.pcap	tcp_875,17,0,,0,0,0.9995024
benign_none_Weibo.pcap	tcp_2394,17,0,,0,0,0.99748236
benign_none_Weibo.pcap	tcp_1702,17,0,,0,0,0.99966526
benign_none_Weibo.pcap	tcp_2090,17,0,,0,0,0.9994832
benign_none_Weibo.pcap	tcp_2721,17,0,,0,0,0.9994067
benign_none_Weibo.pcap	tcp_2537,17,0,,0,0,0.9995351
benign_none_Weibo.pcap	tcp_882,17,0,,0,0,0.9995404
benign_none_Weibo.pcap	tcp_1843,17,0,,0,0,0.9995098
benign_none_Weibo.pcap	tcp_1268,17,0,,0,0,0.9995079
benign_none_Weibo.pcap	tcp_1560,17,0,,0,0,0.9992762
benign_none_Weibo.pcap	tcp_1267,17,0,,0,0,0.9991998
benign_none_Weibo.pcap	tcp_1912,17,0,,0,0,0.99927264
benign_none_Weibo.pcap	tcp_2900,17,0,,0,0,0.9994342
benign_none_Weibo.pcap	tcp_890,17,0,,0,0,0.999524
benign_none_Weibo.pcap	tcp_893,17,0,,0,0,0.9992255
benign_none_Weibo.pcap	tcp_894,17,0,,0,0,0.99965906
benign_none_Weibo.pcap	tcp_1774,17,0,,0,0,0.99912214
benign_none_Weibo.pcap	tcp_896,17,0,,0,0,0.99945813
benign_none_Weibo.pcap	tcp_2190,17,0,,0,0,0.9996245
benign_none_Weibo.pcap	tcp_1601,17,0,,0,0,0.99976987
benign_none_Weibo.pcap	tcp_1714,17,0,,0,0,0.99960476
benign_none_Weibo.pcap	tcp_1757,17,0,,0,0,0.9994537
benign_none_Weibo.pcap	tcp_902,17,0,,0,0,0.9994883
benign_none_Weibo.pcap	tcp_903,17,0,,0,0,0.9994628
benign_none_Weibo.pcap	tcp_2574,17,0,,0,0,0.99958545
benign_none_Weibo.pcap	tcp_906,17,0,,0,0,0.99971163
benign_none_Weibo.pcap	tcp_1926,17,0,,0,0,0.9995367
benign_none_Weibo.pcap	tcp_2954,17,0,,0,0,0.99950415
benign_none_Weibo.pcap	tcp_1856,17,0,,0,0,0.9996491
benign_none_Weibo.pcap	tcp_2472,17,0,,0,0,0.99908704
benign_none_Weibo.pcap	tcp_1963,17,0,,0,0,0.99948674
benign_none_Weibo.pcap	tcp_912,17,0,,0,0,0.9993585
benign_none_Weibo.pcap	tcp_913,17,0,,0,0,0.99959785
benign_none_Weibo.pcap	tcp_2480,17,0,,0,0,0.9996681
benign_none_Weibo.pcap	tcp_1827,17,0,,0,0,0.99935335
benign_none_Weibo.pcap	tcp_1094,17,0,,0,0,0.9997944
benign_none_Weibo.pcap	tcp_1974,17,0,,0,0,0.9995022
benign_none_Weibo.pcap	tcp_1576,17,0,,0,0,0.9994639
benign_none_Weibo.pcap	tcp_921,17,0,,0,0,0.9997479
benign_none_Weibo.pcap	tcp_922,17,0,,0,0,0.9990988
benign_none_Weibo.pcap	tcp_1603,17,0,,0,0,0.9996911
benign_none_Weibo.pcap	tcp_1364,17,0,,0,0,0.9994427
benign_none_Weibo.pcap	tcp_926,17,0,,0,0,0.9994558
benign_none_Weibo.pcap	tcp_928,17,0,,0,0,0.9991229
benign_none_Weibo.pcap	tcp_929,17,0,,0,0,0.99947053
benign_none_Weibo.pcap	tcp_930,17,0,,0,0,0.99953735
benign_none_Weibo.pcap	tcp_1949,17,0,,0,0,0.99932176
benign_none_Weibo.pcap	tcp_1185,17,0,,0,0,0.99918693
benign_none_Weibo.pcap	tcp_933,17,0,,0,0,0.9995357
benign_none_Weibo.pcap	tcp_934,17,0,,0,0,0.9997062
benign_none_Weibo.pcap	tcp_938,17,0,,0,0,0.99948484
benign_none_Weibo.pcap	tcp_1809,17,0,,0,0,0.9997111
benign_none_Weibo.pcap	tcp_1244,17,0,,0,0,0.9994481
benign_none_Weibo.pcap	tcp_1568,17,0,,0,0,0.99914765
benign_none_Weibo.pcap	tcp_1849,17,0,,0,0,0.99962234
benign_none_Weibo.pcap	tcp_2800,17,0,,0,0,0.99966806
benign_none_Weibo.pcap	tcp_946,17,0,,0,0,0.99961954
benign_none_Weibo.pcap	tcp_947,17,0,,0,0,0.9993548
benign_none_Weibo.pcap	tcp_1989,17,0,,0,0,0.99927276
benign_none_Weibo.pcap	tcp_2950,17,0,,0,0,0.9994696
benign_none_Weibo.pcap	tcp_1725,17,0,,0,0,0.9992029
benign_none_Weibo.pcap	tcp_2415,17,0,,0,0,0.9991896
benign_none_Weibo.pcap	tcp_2826,17,0,,0,0,0.99949974
benign_none_Weibo.pcap	tcp_956,17,0,,0,0,0.9995042
benign_none_Weibo.pcap	tcp_2290,17,0,,0,0,0.99970466
benign_none_Weibo.pcap	tcp_2823,17,0,,0,0,0.9995233
benign_none_Weibo.pcap	tcp_1891,17,0,,0,0,0.9995067
benign_none_Weibo.pcap	tcp_2999,17,0,,0,0,0.999461
benign_none_Weibo.pcap	tcp_2052,17,0,,0,0,0.99941885
benign_none_Weibo.pcap	tcp_962,17,0,,0,0,0.9997285
benign_none_Weibo.pcap	tcp_1063,17,0,,0,0,0.9991536
benign_none_Weibo.pcap	tcp_2270,17,0,,0,0,0.99914694
benign_none_Weibo.pcap	tcp_1510,17,0,,0,0,0.9995215
benign_none_Weibo.pcap	tcp_1363,17,0,,0,0,0.9994628
benign_none_Weibo.pcap	tcp_2232,17,0,,0,0,0.9993999
benign_none_Weibo.pcap	tcp_1398,17,0,,0,0,0.99950576
benign_none_Weibo.pcap	tcp_972,17,0,,0,0,0.9991418
benign_none_Weibo.pcap	tcp_973,17,0,,0,0,0.9995097
benign_none_Weibo.pcap	tcp_1245,17,0,,0,0,0.9992212
benign_none_Weibo.pcap	tcp_976,17,0,,0,0,0.9996761
benign_none_Weibo.pcap	tcp_977,17,0,,0,0,0.999495
benign_none_Weibo.pcap	tcp_980,17,0,,0,0,0.99938715
benign_none_Weibo.pcap	tcp_1132,17,0,,0,0,0.9995542
benign_none_Weibo.pcap	tcp_2035,17,0,,0,0,0.999508
benign_none_Weibo.pcap	tcp_1753,17,0,,0,0,0.99944156
benign_none_Weibo.pcap	tcp_2600,17,0,,0,0,0.99959475
benign_none_Weibo.pcap	tcp_1442,17,0,,0,0,0.99906296
benign_none_Weibo.pcap	tcp_1785,17,0,,0,0,0.9990479
benign_none_Weibo.pcap	tcp_988,17,0,,0,0,0.99953747
benign_none_Weibo.pcap	tcp_989,17,0,,0,0,0.9997423
benign_none_Weibo.pcap	tcp_1978,17,0,,0,0,0.9991709
benign_none_Weibo.pcap	tcp_1217,17,0,,0,0,0.99954635
benign_none_Weibo.pcap	tcp_1088,17,0,,0,0,0.999311
benign_none_Weibo.pcap	tcp_2946,17,0,,0,0,0.99949145
benign_none_Weibo.pcap	tcp_2256,17,0,,0,0,0.99962056
benign_none_Weibo.pcap	tcp_995,17,0,,0,0,0.99900836
benign_none_Weibo.pcap	tcp_1014,17,0,,0,0,0.99934524
benign_none_Weibo.pcap	tcp_1166,17,0,,0,0,0.9990237
benign_none_Weibo.pcap	tcp_998,17,0,,0,0,0.99972165
benign_none_Weibo.pcap	tcp_999,17,0,,0,0,0.9993255
