filename,session_id,proto,stream,group_key,task1,task2,task3
nonTor_VoIP_Hangouts_audio_1.pcap.UDP_10-152-152-11_49880_74-125-22-189_443_stream_0.pcap,udp_0,udp,0,Hangouts,nonTor,VoIP,Hangouts
nonTor_VoIP_Hangouts_audio_2.pcap.UDP_10-152-152-11_43803_173-194-112-56_443_stream_0.pcap,udp_0,udp,0,Hangouts,nonTor,VoIP,Hangouts
nonTor_VoIP_Hangouts_audio_1.pcap.UDP_10-152-152-11_50381_173-194-65-101_443_stream_0.pcap,udp_0,udp,0,Hangouts,nonTor,VoIP,Hangouts
nonTor_VoIP_Hangouts_audio_2.pcap.TCP_10-152-152-10_9052_10-152-152-11_42181_stream_0.pcap,tcp_0,tcp,0,Hangouts,nonTor,VoIP,Hangouts
nonTor_VoIP_Hangouts_audio_1.pcap.UDP_10-152-152-11_43259_74-125-22-93_443_stream_0.pcap,udp_0,udp,0,Hangouts,nonTor,VoIP,Hangouts
nonTor_VoIP_Hangouts_audio_1.pcap.UDP_10-152-152-11_42322_216-58-217-142_443_stream_0.pcap,udp_0,udp,0,Hangouts,nonTor,VoIP,Hangouts
nonTor_VoIP_Hangouts_audio_2.pcap.UDP_10-152-152-11_40375_74-125-71-189_443_stream_0.pcap,udp_0,udp,0,Hangouts,nonTor,VoIP,Hangouts
nonTor_Chat_Hangouts_none_1.pcap.UDP_10-152-152-11_55751_173-194-123-37_443_stream_0.pcap,udp_0,udp,0,Hangouts,nonTor,Chat,Hangouts
nonTor_VoIP_Hangouts_audio_2.pcap.UDP_10-152-152-11_43751_74-125-206-189_443_stream_0.pcap,udp_0,udp,0,Hangouts,nonTor,VoIP,Hangouts
nonTor_Chat_Hangouts_none_2.pcap.UDP_10-152-152-11_53389_173-194-121-3_443_stream_0.pcap,udp_0,udp,0,Hangouts,nonTor,Chat,Hangouts
nonTor_Chat_Hangouts_none_1.pcap.TCP_10-152-152-11_56367_173-194-123-46_443_stream_0.pcap,tcp_0,tcp,0,Hangouts,nonTor,Chat,Hangouts
nonTor_VoIP_Hangouts_audio_1.pcap.UDP_10-152-152-10_53_10-152-152-11_5868_stream_0.pcap,udp_0,udp,0,Hangouts,nonTor,VoIP,Hangouts
nonTor_VoIP_Hangouts_audio_1.pcap.UDP_10-152-152-10_53_10-152-152-11_52564_stream_0.pcap,udp_0,udp,0,Hangouts,nonTor,VoIP,Hangouts
nonTor_VoIP_Hangouts_audio_1.pcap.TCP_10-152-152-11_59151_74-125-228-213_443_stream_0.pcap,tcp_0,tcp,0,Hangouts,nonTor,VoIP,Hangouts
nonTor_VoIP_Hangouts_audio_2.pcap.TCP_10-152-152-11_35270_173-194-116-195_443_stream_0.pcap,tcp_0,tcp,0,Hangouts,nonTor,VoIP,Hangouts
nonTor_Chat_Hangouts_none_2.pcap.TCP_10-152-152-11_36625_173-194-121-3_443_stream_0.pcap,tcp_0,tcp,0,Hangouts,nonTor,Chat,Hangouts
nonTor_VoIP_Hangouts_audio_1.pcap.TCP_10-152-152-11_48052_74-125-22-189_443_stream_0.pcap,tcp_0,tcp,0,Hangouts,nonTor,VoIP,Hangouts
nonTor_Chat_Hangouts_none_2.pcap.TCP_10-152-152-11_48610_173-194-121-0_443_stream_0.pcap,tcp_0,tcp,0,Hangouts,nonTor,Chat,Hangouts
nonTor_VoIP_Hangouts_audio_1.pcap.UDP_10-152-152-10_53_10-152-152-11_25424_stream_0.pcap,udp_0,udp,0,Hangouts,nonTor,VoIP,Hangouts
nonTor_VoIP_Hangouts_audio_1.pcap.UDP_10-152-152-10_53_10-152-152-11_4196_stream_0.pcap,udp_0,udp,0,Hangouts,nonTor,VoIP,Hangouts
nonTor_VoIP_Hangouts_audio_2.pcap.TCP_10-152-152-11_41233_216-58-208-206_443_stream_0.pcap,tcp_0,tcp,0,Hangouts,nonTor,VoIP,Hangouts
nonTor_VoIP_Hangouts_audio_1.pcap.TCP_10-152-152-11_51379_173-194-40-229_443_stream_0.pcap,tcp_0,tcp,0,Hangouts,nonTor,VoIP,Hangouts
nonTor_Chat_Hangouts_none_2.pcap.TCP_10-152-152-11_52584_74-125-136-138_443_stream_0.pcap,tcp_0,tcp,0,Hangouts,nonTor,Chat,Hangouts
nonTor_Chat_Hangouts_none_2.pcap.TCP_10-152-152-11_49580_173-194-121-11_443_stream_0.pcap,tcp_0,tcp,0,Hangouts,nonTor,Chat,Hangouts
nonTor_VoIP_Hangouts_audio_2.pcap.TCP_10-152-152-11_41238_216-58-208-206_443_stream_0.pcap,tcp_0,tcp,0,Hangouts,nonTor,VoIP,Hangouts
Tor_VoIP_Hangouts_audio_2.pcap.TCP_10-0-2-15_49580_198-52-200-39_443_stream_0.pcap,tcp_0,tcp,0,Hangouts,Tor,VoIP,Hangouts
nonTor_Chat_Hangouts_none_1.pcap.TCP_10-152-152-11_34992_173-194-123-36_443_stream_0.pcap,tcp_0,tcp,0,Hangouts,nonTor,Chat,Hangouts
nonTor_Chat_Hangouts_none_2.pcap.TCP_10-152-152-11_55842_173-194-121-14_443_stream_0.pcap,tcp_0,tcp,0,Hangouts,nonTor,Chat,Hangouts
nonTor_Chat_Hangouts_none_2.pcap.TCP_10-152-152-11_38348_74-125-206-94_443_stream_0.pcap,tcp_0,tcp,0,Hangouts,nonTor,Chat,Hangouts
nonTor_VoIP_Hangouts_audio_1.pcap.UDP_10-152-152-10_53_10-152-152-11_59754_stream_0.pcap,udp_0,udp,0,Hangouts,nonTor,VoIP,Hangouts
nonTor_Chat_Hangouts_none_2.pcap.UDP_10-152-152-10_53_10-152-152-11_64124_stream_0.pcap,udp_0,udp,0,Hangouts,nonTor,Chat,Hangouts
nonTor_Chat_Hangouts_none_1.pcap.TCP_10-152-152-11_57496_173-194-123-47_443_stream_0.pcap,tcp_0,tcp,0,Hangouts,nonTor,Chat,Hangouts
Tor_Chat_Hangouts_none_1.pcap.TCP_10-0-2-15_52180_148-251-190-229_9010_stream_0.pcap,tcp_0,tcp,0,Hangouts,Tor,Chat,Hangouts
nonTor_VoIP_Hangouts_audio_1.pcap.TCP_10-152-152-11_57457_173-194-65-138_443_stream_0.pcap,tcp_0,tcp,0,Hangouts,nonTor,VoIP,Hangouts
nonTor_VoIP_Hangouts_audio_1.pcap.TCP_10-152-152-11_36562_173-194-65-100_443_stream_0.pcap,tcp_0,tcp,0,Hangouts,nonTor,VoIP,Hangouts
nonTor_Chat_Hangouts_none_1.pcap.TCP_10-152-152-11_33567_173-194-123-54_443_stream_0.pcap,tcp_0,tcp,0,Hangouts,nonTor,Chat,Hangouts
nonTor_Chat_Hangouts_none_2.pcap.TCP_10-152-152-11_34759_173-194-43-71_443_stream_0.pcap,tcp_0,tcp,0,Hangouts,nonTor,Chat,Hangouts
nonTor_Chat_Hangouts_none_2.pcap.TCP_10-152-152-11_59158_74-125-136-132_443_stream_0.pcap,tcp_0,tcp,0,Hangouts,nonTor,Chat,Hangouts
nonTor_Chat_Hangouts_none_1.pcap.TCP_10-152-152-11_56461_173-194-123-38_443_stream_0.pcap,tcp_0,tcp,0,Hangouts,nonTor,Chat,Hangouts
nonTor_VoIP_Hangouts_audio_1.pcap.UDP_10-152-152-10_53_10-152-152-11_36059_stream_0.pcap,udp_0,udp,0,Hangouts,nonTor,VoIP,Hangouts
nonTor_VoIP_Hangouts_audio_2.pcap.TCP_10-152-152-11_46942_188-93-174-94_443_stream_0.pcap,tcp_0,tcp,0,Hangouts,nonTor,VoIP,Hangouts
nonTor_VoIP_Hangouts_audio_2.pcap.TCP_10-152-152-11_40836_216-58-211-42_443_stream_0.pcap,tcp_0,tcp,0,Hangouts,nonTor,VoIP,Hangouts
nonTor_Chat_Hangouts_none_2.pcap.TCP_10-152-152-11_54777_173-194-121-17_443_stream_0.pcap,tcp_0,tcp,0,Hangouts,nonTor,Chat,Hangouts
nonTor_VoIP_Hangouts_audio_1.pcap.TCP_10-152-152-11_51295_173-194-113-46_443_stream_0.pcap,tcp_0,tcp,0,Hangouts,nonTor,VoIP,Hangouts
nonTor_Chat_Hangouts_none_2.pcap.TCP_10-152-152-11_52161_74-125-228-238_443_stream_0.pcap,tcp_0,tcp,0,Hangouts,nonTor,Chat,Hangouts
nonTor_VoIP_Hangouts_audio_2.pcap.TCP_10-152-152-11_33426_173-194-113-46_443_stream_0.pcap,tcp_0,tcp,0,Hangouts,nonTor,VoIP,Hangouts
nonTor_VoIP_Hangouts_audio_1.pcap.UDP_10-152-152-10_53_10-152-152-11_7749_stream_0.pcap,udp_0,udp,0,Hangouts,nonTor,VoIP,Hangouts
nonTor_VoIP_Hangouts_audio_1.pcap.UDP_10-152-152-10_53_10-152-152-11_47879_stream_0.pcap,udp_0,udp,0,Hangouts,nonTor,VoIP,Hangouts
Tor_Chat_Hangouts_none_1.pcap.TCP_10-0-2-15_45788_198-52-200-39_443_stream_0.pcap,tcp_0,tcp,0,Hangouts,Tor,Chat,Hangouts
nonTor_VoIP_Hangouts_audio_1.pcap.TCP_10-152-152-11_60669_74-125-228-199_443_stream_0.pcap,tcp_0,tcp,0,Hangouts,nonTor,VoIP,Hangouts
Tor_Chat_Hangouts_none_2.pcap.TCP_10-0-2-15_55339_62-75-252-35_9001_stream_0.pcap,tcp_0,tcp,0,Hangouts,Tor,Chat,Hangouts
nonTor_VoIP_Hangouts_audio_2.pcap.TCP_10-152-152-11_43415_173-194-112-40_443_stream_0.pcap,tcp_0,tcp,0,Hangouts,nonTor,VoIP,Hangouts
nonTor_VoIP_Hangouts_audio_1.pcap.TCP_10-152-152-11_45235_173-194-112-169_443_stream_0.pcap,tcp_0,tcp,0,Hangouts,nonTor,VoIP,Hangouts
nonTor_Chat_Hangouts_none_1.pcap.UDP_10-152-152-10_53_10-152-152-11_17790_stream_0.pcap,udp_0,udp,0,Hangouts,nonTor,Chat,Hangouts
nonTor_VoIP_Hangouts_audio_1.pcap.TCP_10-152-152-11_56254_173-194-33-97_443_stream_0.pcap,tcp_0,tcp,0,Hangouts,nonTor,VoIP,Hangouts
nonTor_VoIP_Hangouts_audio_1.pcap.UDP_10-152-152-10_53_10-152-152-11_16364_stream_0.pcap,udp_0,udp,0,Hangouts,nonTor,VoIP,Hangouts
nonTor_VoIP_Hangouts_audio_1.pcap.TCP_10-152-152-11_47874_173-194-65-102_443_stream_0.pcap,tcp_0,tcp,0,Hangouts,nonTor,VoIP,Hangouts
nonTor_Chat_Hangouts_none_1.pcap.TCP_10-152-152-11_46072_173-194-123-35_443_stream_0.pcap,tcp_0,tcp,0,Hangouts,nonTor,Chat,Hangouts
nonTor_VoIP_Hangouts_audio_1.pcap.UDP_10-152-152-10_53_10-152-152-11_30221_stream_0.pcap,udp_0,udp,0,Hangouts,nonTor,VoIP,Hangouts
nonTor_VoIP_Hangouts_audio_1.pcap.UDP_10-152-152-10_53_10-152-152-11_49583_stream_0.pcap,udp_0,udp,0,Hangouts,nonTor,VoIP,Hangouts
nonTor_VoIP_Hangouts_audio_1.pcap.TCP_10-152-152-11_57158_216-58-220-99_443_stream_0.pcap,tcp_0,tcp,0,Hangouts,nonTor,VoIP,Hangouts
Tor_Chat_Hangouts_none_1.pcap.TCP_5-9-123-81_9001_10-0-2-15_60740_stream_0.pcap,tcp_0,tcp,0,Hangouts,Tor,Chat,Hangouts
nonTor_VoIP_Hangouts_audio_1.pcap.UDP_10-152-152-10_53_10-152-152-11_27455_stream_0.pcap,udp_0,udp,0,Hangouts,nonTor,VoIP,Hangouts
nonTor_VoIP_Hangouts_audio_1.pcap.TCP_10-152-152-11_57160_216-58-220-99_443_stream_0.pcap,tcp_0,tcp,0,Hangouts,nonTor,VoIP,Hangouts
nonTor_Video-Streaming_Vimeo_none_1.pcap.TCP_10-152-152-11_35786_104-156-85-217_443_stream_0.pcap,tcp_0,tcp,0,Vimeo,nonTor,Video-Streaming,Vimeo
nonTor_Video-Streaming_Vimeo_none_1.pcap.TCP_10-152-152-11_47219_185-31-19-143_443_stream_0.pcap,tcp_0,tcp,0,Vimeo,nonTor,Video-Streaming,Vimeo
nonTor_Video-Streaming_Vimeo_none_1.pcap.TCP_10-152-152-11_35997_192-0-77-2_443_stream_0.pcap,tcp_0,tcp,0,Vimeo,nonTor,Video-Streaming,Vimeo
nonTor_Video-Streaming_Vimeo_none_1.pcap.TCP_10-152-152-11_42639_184-27-232-24_443_stream_0.pcap,tcp_0,tcp,0,Vimeo,nonTor,Video-Streaming,Vimeo
nonTor_Video-Streaming_Vimeo_none_1.pcap.TCP_10-152-152-11_57881_23-14-92-59_443_stream_0.pcap,tcp_0,tcp,0,Vimeo,nonTor,Video-Streaming,Vimeo
nonTor_Video-Streaming_Vimeo_none_1.pcap.TCP_10-152-152-11_50808_23-235-33-217_443_stream_0.pcap,tcp_0,tcp,0,Vimeo,nonTor,Video-Streaming,Vimeo
nonTor_Video-Streaming_Vimeo_none_1.pcap.TCP_10-152-152-11_43232_23-235-37-217_443_stream_0.pcap,tcp_0,tcp,0,Vimeo,nonTor,Video-Streaming,Vimeo
nonTor_Video-Streaming_Vimeo_none_1.pcap.TCP_10-152-152-11_57755_23-235-43-143_443_stream_0.pcap,tcp_0,tcp,0,Vimeo,nonTor,Video-Streaming,Vimeo
nonTor_Video-Streaming_Vimeo_none_1.pcap.TCP_10-152-152-11_46327_104-156-81-217_443_stream_0.pcap,tcp_0,tcp,0,Vimeo,nonTor,Video-Streaming,Vimeo
nonTor_Video-Streaming_Vimeo_none_1.pcap.TCP_10-152-152-11_59377_77-109-137-185_443_stream_0.pcap,tcp_0,tcp,0,Vimeo,nonTor,Video-Streaming,Vimeo
nonTor_Video-Streaming_Vimeo_none_1.pcap.TCP_10-152-152-11_43200_23-235-37-217_443_stream_0.pcap,tcp_0,tcp,0,Vimeo,nonTor,Video-Streaming,Vimeo
nonTor_Video-Streaming_Vimeo_none_1.pcap.UDP_10-152-152-11_42607_74-125-136-95_443_stream_0.pcap,udp_0,udp,0,Vimeo,nonTor,Video-Streaming,Vimeo
nonTor_Video-Streaming_Vimeo_none_1.pcap.TCP_10-152-152-11_54052_23-235-40-143_443_stream_0.pcap,tcp_0,tcp,0,Vimeo,nonTor,Video-Streaming,Vimeo
nonTor_Video-Streaming_Vimeo_none_1.pcap.UDP_10-152-152-11_54734_74-125-30-120_443_stream_0.pcap,udp_0,udp,0,Vimeo,nonTor,Video-Streaming,Vimeo
nonTor_Video-Streaming_Vimeo_none_1.pcap.TCP_10-152-152-11_44113_185-31-17-143_443_stream_0.pcap,tcp_0,tcp,0,Vimeo,nonTor,Video-Streaming,Vimeo
nonTor_Video-Streaming_Vimeo_none_1.pcap.TCP_10-152-152-11_47478_185-31-19-143_443_stream_0.pcap,tcp_0,tcp,0,Vimeo,nonTor,Video-Streaming,Vimeo
nonTor_Video-Streaming_Vimeo_none_1.pcap.TCP_10-152-152-11_57598_23-235-43-143_443_stream_0.pcap,tcp_0,tcp,0,Vimeo,nonTor,Video-Streaming,Vimeo
nonTor_Video-Streaming_Vimeo_none_1.pcap.TCP_10-152-152-11_44341_185-31-17-143_443_stream_0.pcap,tcp_0,tcp,0,Vimeo,nonTor,Video-Streaming,Vimeo
nonTor_Video-Streaming_Vimeo_none_1.pcap.TCP_10-152-152-11_44108_185-31-17-143_443_stream_0.pcap,tcp_0,tcp,0,Vimeo,nonTor,Video-Streaming,Vimeo
nonTor_Video-Streaming_Vimeo_none_1.pcap.TCP_10-152-152-11_47368_185-31-19-143_443_stream_0.pcap,tcp_0,tcp,0,Vimeo,nonTor,Video-Streaming,Vimeo
nonTor_Video-Streaming_Vimeo_none_1.pcap.TCP_10-152-152-11_42719_185-31-18-143_443_stream_0.pcap,tcp_0,tcp,0,Vimeo,nonTor,Video-Streaming,Vimeo
nonTor_Video-Streaming_Vimeo_none_1.pcap.TCP_10-152-152-11_35865_165-254-207-75_443_stream_0.pcap,tcp_0,tcp,0,Vimeo,nonTor,Video-Streaming,Vimeo
nonTor_Video-Streaming_Vimeo_none_1.pcap.TCP_10-152-152-11_42632_185-31-18-143_443_stream_0.pcap,tcp_0,tcp,0,Vimeo,nonTor,Video-Streaming,Vimeo
nonTor_Video-Streaming_Vimeo_none_1.pcap.UDP_10-152-152-11_49597_216-58-209-99_443_stream_0.pcap,udp_0,udp,0,Vimeo,nonTor,Video-Streaming,Vimeo
nonTor_Video-Streaming_Vimeo_none_1.pcap.TCP_10-152-152-11_47497_185-31-19-143_443_stream_0.pcap,tcp_0,tcp,0,Vimeo,nonTor,Video-Streaming,Vimeo
nonTor_Video-Streaming_Vimeo_none_1.pcap.TCP_10-152-152-11_44053_185-31-17-143_443_stream_0.pcap,tcp_0,tcp,0,Vimeo,nonTor,Video-Streaming,Vimeo
nonTor_Video-Streaming_Vimeo_none_1.pcap.TCP_10-152-152-11_52911_192-0-80-239_443_stream_0.pcap,tcp_0,tcp,0,Vimeo,nonTor,Video-Streaming,Vimeo
nonTor_Video-Streaming_Vimeo_none_1.pcap.TCP_10-152-152-11_47334_185-31-19-143_443_stream_0.pcap,tcp_0,tcp,0,Vimeo,nonTor,Video-Streaming,Vimeo
nonTor_Video-Streaming_Vimeo_none_1.pcap.TCP_10-152-152-11_57591_23-235-43-143_443_stream_0.pcap,tcp_0,tcp,0,Vimeo,nonTor,Video-Streaming,Vimeo
nonTor_Video-Streaming_Vimeo_none_1.pcap.TCP_10-152-152-11_54055_23-235-40-143_443_stream_0.pcap,tcp_0,tcp,0,Vimeo,nonTor,Video-Streaming,Vimeo
nonTor_Video-Streaming_Vimeo_none_1.pcap.TCP_10-152-152-11_58255_77-109-131-234_443_stream_0.pcap,tcp_0,tcp,0,Vimeo,nonTor,Video-Streaming,Vimeo
nonTor_Video-Streaming_Vimeo_none_1.pcap.TCP_10-152-152-11_46316_104-156-81-217_443_stream_0.pcap,tcp_0,tcp,0,Vimeo,nonTor,Video-Streaming,Vimeo
nonTor_Video-Streaming_Vimeo_none_1.pcap.TCP_10-152-152-10_9052_10-152-152-11_51340_stream_0.pcap,tcp_0,tcp,0,Vimeo,nonTor,Video-Streaming,Vimeo
nonTor_Video-Streaming_Vimeo_none_1.pcap.TCP_10-152-152-11_47502_185-31-19-143_443_stream_0.pcap,tcp_0,tcp,0,Vimeo,nonTor,Video-Streaming,Vimeo
nonTor_Video-Streaming_Vimeo_none_1.pcap.TCP_10-152-152-11_44111_185-31-17-143_443_stream_0.pcap,tcp_0,tcp,0,Vimeo,nonTor,Video-Streaming,Vimeo
nonTor_Video-Streaming_Vimeo_none_1.pcap.TCP_10-152-152-11_47331_185-31-19-143_443_stream_0.pcap,tcp_0,tcp,0,Vimeo,nonTor,Video-Streaming,Vimeo
nonTor_Video-Streaming_Vimeo_none_1.pcap.TCP_10-152-152-11_56473_173-194-116-60_443_stream_0.pcap,tcp_0,tcp,0,Vimeo,nonTor,Video-Streaming,Vimeo
nonTor_Video-Streaming_Vimeo_none_1.pcap.TCP_10-152-152-11_42292_92-122-122-161_443_stream_0.pcap,tcp_0,tcp,0,Vimeo,nonTor,Video-Streaming,Vimeo
nonTor_Video-Streaming_Vimeo_none_1.pcap.UDP_10-152-152-11_45125_216-58-211-98_443_stream_0.pcap,udp_0,udp,0,Vimeo,nonTor,Video-Streaming,Vimeo
nonTor_Video-Streaming_Vimeo_none_1.pcap.UDP_10-152-152-11_44047_173-194-65-101_443_stream_0.pcap,udp_0,udp,0,Vimeo,nonTor,Video-Streaming,Vimeo
nonTor_Video-Streaming_Vimeo_none_1.pcap.TCP_10-152-152-11_50812_23-235-33-217_443_stream_0.pcap,tcp_0,tcp,0,Vimeo,nonTor,Video-Streaming,Vimeo
nonTor_Video-Streaming_Vimeo_none_1.pcap.TCP_10-152-152-11_42778_185-31-18-143_443_stream_0.pcap,tcp_0,tcp,0,Vimeo,nonTor,Video-Streaming,Vimeo
nonTor_Video-Streaming_Vimeo_none_1.pcap.UDP_10-152-152-11_43242_74-125-195-157_443_stream_0.pcap,udp_0,udp,0,Vimeo,nonTor,Video-Streaming,Vimeo
nonTor_Video-Streaming_Vimeo_none_1.pcap.TCP_10-152-152-11_52909_192-0-80-239_443_stream_0.pcap,tcp_0,tcp,0,Vimeo,nonTor,Video-Streaming,Vimeo
nonTor_Video-Streaming_Vimeo_none_1.pcap.TCP_10-152-152-11_43012_23-235-37-217_443_stream_0.pcap,tcp_0,tcp,0,Vimeo,nonTor,Video-Streaming,Vimeo
nonTor_Video-Streaming_Vimeo_none_1.pcap.UDP_10-152-152-11_39534_173-194-65-102_443_stream_0.pcap,udp_0,udp,0,Vimeo,nonTor,Video-Streaming,Vimeo
nonTor_Video-Streaming_Vimeo_none_1.pcap.TCP_10-152-152-11_57884_208-92-53-40_443_stream_0.pcap,tcp_0,tcp,0,Vimeo,nonTor,Video-Streaming,Vimeo
nonTor_Video-Streaming_Vimeo_none_1.pcap.TCP_10-152-152-11_46021_104-156-81-217_443_stream_0.pcap,tcp_0,tcp,0,Vimeo,nonTor,Video-Streaming,Vimeo
nonTor_Video-Streaming_Vimeo_none_1.pcap.TCP_10-152-152-11_47367_185-31-19-143_443_stream_0.pcap,tcp_0,tcp,0,Vimeo,nonTor,Video-Streaming,Vimeo
nonTor_Video-Streaming_Vimeo_none_1.pcap.TCP_10-152-152-11_44331_185-31-17-143_443_stream_0.pcap,tcp_0,tcp,0,Vimeo,nonTor,Video-Streaming,Vimeo
nonTor_Video-Streaming_Vimeo_none_1.pcap.TCP_10-152-152-11_47288_185-31-19-143_443_stream_0.pcap,tcp_0,tcp,0,Vimeo,nonTor,Video-Streaming,Vimeo
nonTor_Video-Streaming_Vimeo_none_1.pcap.TCP_10-152-152-11_44056_173-194-65-149_443_stream_0.pcap,tcp_0,tcp,0,Vimeo,nonTor,Video-Streaming,Vimeo
nonTor_Video-Streaming_Vimeo_none_1.pcap.TCP_10-152-152-11_50994_192-0-80-241_443_stream_0.pcap,tcp_0,tcp,0,Vimeo,nonTor,Video-Streaming,Vimeo
nonTor_Video-Streaming_Vimeo_none_1.pcap.TCP_10-152-152-11_50859_23-235-33-217_443_stream_0.pcap,tcp_0,tcp,0,Vimeo,nonTor,Video-Streaming,Vimeo
nonTor_Video-Streaming_Vimeo_none_1.pcap.TCP_10-152-152-11_51461_38-229-72-22_443_stream_0.pcap,tcp_0,tcp,0,Vimeo,nonTor,Video-Streaming,Vimeo
nonTor_Video-Streaming_Vimeo_none_1.pcap.TCP_10-152-152-11_42717_185-31-18-143_443_stream_0.pcap,tcp_0,tcp,0,Vimeo,nonTor,Video-Streaming,Vimeo
nonTor_Video-Streaming_Vimeo_none_1.pcap.UDP_10-152-152-11_39840_74-125-136-95_443_stream_0.pcap,udp_0,udp,0,Vimeo,nonTor,Video-Streaming,Vimeo
nonTor_Video-Streaming_Vimeo_none_1.pcap.UDP_10-152-152-11_46000_173-194-116-60_443_stream_0.pcap,udp_0,udp,0,Vimeo,nonTor,Video-Streaming,Vimeo
nonTor_Video-Streaming_Vimeo_none_1.pcap.TCP_10-152-152-11_50607_23-235-33-217_443_stream_0.pcap,tcp_0,tcp,0,Vimeo,nonTor,Video-Streaming,Vimeo
nonTor_Video-Streaming_Vimeo_none_1.pcap.UDP_10-152-152-11_52030_64-233-184-95_443_stream_0.pcap,udp_0,udp,0,Vimeo,nonTor,Video-Streaming,Vimeo
nonTor_Video-Streaming_Vimeo_none_1.pcap.TCP_10-152-152-11_35857_165-254-207-75_443_stream_0.pcap,tcp_0,tcp,0,Vimeo,nonTor,Video-Streaming,Vimeo
nonTor_Video-Streaming_Vimeo_none_1.pcap.UDP_10-152-152-11_50419_64-233-166-94_443_stream_0.pcap,udp_0,udp,0,Vimeo,nonTor,Video-Streaming,Vimeo
nonTor_Video-Streaming_Vimeo_none_1.pcap.TCP_10-152-152-11_47501_185-31-19-143_443_stream_0.pcap,tcp_0,tcp,0,Vimeo,nonTor,Video-Streaming,Vimeo
nonTor_Video-Streaming_Vimeo_none_1.pcap.TCP_10-152-152-11_35858_165-254-207-75_443_stream_0.pcap,tcp_0,tcp,0,Vimeo,nonTor,Video-Streaming,Vimeo
nonTor_Video-Streaming_Vimeo_none_1.pcap.TCP_10-152-152-11_47370_185-31-19-143_443_stream_0.pcap,tcp_0,tcp,0,Vimeo,nonTor,Video-Streaming,Vimeo
nonTor_Video-Streaming_Vimeo_none_1.pcap.UDP_10-152-152-11_52286_216-58-208-206_443_stream_0.pcap,udp_0,udp,0,Vimeo,nonTor,Video-Streaming,Vimeo
nonTor_Video-Streaming_Vimeo_none_1.pcap.TCP_10-152-152-10_9104_10-152-152-11_52373_stream_0.pcap,tcp_0,tcp,0,Vimeo,nonTor,Video-Streaming,Vimeo
nonTor_Video-Streaming_Vimeo_none_1.pcap.TCP_10-152-152-11_44283_185-31-17-143_443_stream_0.pcap,tcp_0,tcp,0,Vimeo,nonTor,Video-Streaming,Vimeo
nonTor_Video-Streaming_Vimeo_none_1.pcap.TCP_10-152-152-11_47266_185-31-19-143_443_stream_0.pcap,tcp_0,tcp,0,Vimeo,nonTor,Video-Streaming,Vimeo
nonTor_Video-Streaming_Vimeo_none_1.pcap.UDP_10-152-152-11_55531_216-58-211-98_443_stream_0.pcap,udp_0,udp,0,Vimeo,nonTor,Video-Streaming,Vimeo
nonTor_Video-Streaming_Vimeo_none_1.pcap.TCP_10-152-152-11_44119_185-31-17-143_443_stream_0.pcap,tcp_0,tcp,0,Vimeo,nonTor,Video-Streaming,Vimeo
nonTor_Video-Streaming_Vimeo_none_1.pcap.TCP_10-152-152-11_35862_165-254-207-75_443_stream_0.pcap,tcp_0,tcp,0,Vimeo,nonTor,Video-Streaming,Vimeo
nonTor_Video-Streaming_Vimeo_none_1.pcap.TCP_10-152-152-11_44332_185-31-17-143_443_stream_0.pcap,tcp_0,tcp,0,Vimeo,nonTor,Video-Streaming,Vimeo
nonTor_Video-Streaming_Vimeo_none_1.pcap.UDP_10-152-152-11_48619_216-58-208-206_443_stream_0.pcap,udp_0,udp,0,Vimeo,nonTor,Video-Streaming,Vimeo
nonTor_Video-Streaming_Vimeo_none_1.pcap.TCP_10-152-152-10_9110_10-152-152-11_46932_stream_0.pcap,tcp_0,tcp,0,Vimeo,nonTor,Video-Streaming,Vimeo
nonTor_Video-Streaming_Vimeo_none_1.pcap.TCP_10-152-152-11_47402_185-31-19-143_443_stream_0.pcap,tcp_0,tcp,0,Vimeo,nonTor,Video-Streaming,Vimeo
nonTor_Video-Streaming_Vimeo_none_1.pcap.TCP_10-152-152-11_44120_185-31-17-143_443_stream_0.pcap,tcp_0,tcp,0,Vimeo,nonTor,Video-Streaming,Vimeo
nonTor_Video-Streaming_Vimeo_none_1.pcap.TCP_10-152-152-11_47504_185-31-19-143_443_stream_0.pcap,tcp_0,tcp,0,Vimeo,nonTor,Video-Streaming,Vimeo
nonTor_Video-Streaming_Vimeo_none_1.pcap.UDP_10-152-152-11_41348_216-58-211-110_443_stream_0.pcap,udp_0,udp,0,Vimeo,nonTor,Video-Streaming,Vimeo
nonTor_Video-Streaming_Vimeo_none_1.pcap.TCP_10-152-152-11_47287_185-31-19-143_443_stream_0.pcap,tcp_0,tcp,0,Vimeo,nonTor,Video-Streaming,Vimeo
nonTor_Video-Streaming_Vimeo_none_1.pcap.TCP_10-152-152-11_55154_54-235-92-32_443_stream_0.pcap,tcp_0,tcp,0,Vimeo,nonTor,Video-Streaming,Vimeo
nonTor_Video-Streaming_Vimeo_none_1.pcap.TCP_10-152-152-11_49554_104-66-239-21_443_stream_0.pcap,tcp_0,tcp,0,Vimeo,nonTor,Video-Streaming,Vimeo
nonTor_Video-Streaming_Vimeo_none_1.pcap.TCP_10-152-152-11_47217_185-31-19-143_443_stream_0.pcap,tcp_0,tcp,0,Vimeo,nonTor,Video-Streaming,Vimeo
nonTor_Video-Streaming_Vimeo_none_1.pcap.UDP_10-152-152-11_50901_173-194-116-58_443_stream_0.pcap,udp_0,udp,0,Vimeo,nonTor,Video-Streaming,Vimeo
nonTor_Video-Streaming_Vimeo_none_1.pcap.TCP_10-152-152-11_42716_185-31-18-143_443_stream_0.pcap,tcp_0,tcp,0,Vimeo,nonTor,Video-Streaming,Vimeo
nonTor_Video-Streaming_Vimeo_none_1.pcap.TCP_10-152-152-11_44329_185-31-17-143_443_stream_0.pcap,tcp_0,tcp,0,Vimeo,nonTor,Video-Streaming,Vimeo
nonTor_Video-Streaming_Vimeo_none_1.pcap.TCP_10-152-152-11_58261_77-109-131-234_443_stream_0.pcap,tcp_0,tcp,0,Vimeo,nonTor,Video-Streaming,Vimeo
nonTor_Video-Streaming_Vimeo_none_1.pcap.UDP_10-152-152-11_56727_173-194-116-42_443_stream_0.pcap,udp_0,udp,0,Vimeo,nonTor,Video-Streaming,Vimeo
nonTor_Video-Streaming_Vimeo_none_1.pcap.TCP_10-152-152-11_54054_23-235-40-143_443_stream_0.pcap,tcp_0,tcp,0,Vimeo,nonTor,Video-Streaming,Vimeo
nonTor_Video-Streaming_Vimeo_none_1.pcap.TCP_10-152-152-11_45206_173-194-65-102_443_stream_0.pcap,tcp_0,tcp,0,Vimeo,nonTor,Video-Streaming,Vimeo
nonTor_Video-Streaming_Vimeo_none_1.pcap.UDP_10-152-152-10_53_10-152-152-11_13509_stream_0.pcap,udp_0,udp,0,Vimeo,nonTor,Video-Streaming,Vimeo
nonTor_Video-Streaming_Vimeo_none_1.pcap.TCP_10-152-152-11_45306_23-32-19-20_443_stream_0.pcap,tcp_0,tcp,0,Vimeo,nonTor,Video-Streaming,Vimeo
nonTor_Video-Streaming_Vimeo_none_1.pcap.TCP_10-152-152-11_60157_178-236-7-137_443_stream_0.pcap,tcp_0,tcp,0,Vimeo,nonTor,Video-Streaming,Vimeo
nonTor_Video-Streaming_Vimeo_none_1.pcap.UDP_10-152-152-10_53_10-152-152-11_1369_stream_0.pcap,udp_0,udp,0,Vimeo,nonTor,Video-Streaming,Vimeo
nonTor_Video-Streaming_Vimeo_none_1.pcap.TCP_10-152-152-11_55997_173-194-65-157_443_stream_0.pcap,tcp_0,tcp,0,Vimeo,nonTor,Video-Streaming,Vimeo
nonTor_Video-Streaming_Vimeo_none_1.pcap.UDP_10-152-152-10_53_10-152-152-11_8007_stream_0.pcap,udp_0,udp,0,Vimeo,nonTor,Video-Streaming,Vimeo
nonTor_Video-Streaming_Vimeo_none_1.pcap.UDP_10-152-152-10_53_10-152-152-11_54216_stream_0.pcap,udp_0,udp,0,Vimeo,nonTor,Video-Streaming,Vimeo
nonTor_Video-Streaming_Vimeo_none_1.pcap.UDP_10-152-152-10_53_10-152-152-11_10011_stream_0.pcap,udp_0,udp,0,Vimeo,nonTor,Video-Streaming,Vimeo
nonTor_Video-Streaming_Vimeo_none_1.pcap.UDP_10-152-152-10_53_10-152-152-11_37297_stream_0.pcap,udp_0,udp,0,Vimeo,nonTor,Video-Streaming,Vimeo
nonTor_Video-Streaming_Vimeo_none_1.pcap.TCP_10-152-152-11_49926_173-194-65-156_443_stream_0.pcap,tcp_0,tcp,0,Vimeo,nonTor,Video-Streaming,Vimeo
nonTor_Video-Streaming_Vimeo_none_1.pcap.UDP_10-152-152-10_53_10-152-152-11_3665_stream_0.pcap,udp_0,udp,0,Vimeo,nonTor,Video-Streaming,Vimeo
nonTor_Video-Streaming_Vimeo_none_1.pcap.UDP_10-152-152-10_53_10-152-152-11_43617_stream_0.pcap,udp_0,udp,0,Vimeo,nonTor,Video-Streaming,Vimeo
nonTor_Video-Streaming_Vimeo_none_1.pcap.UDP_10-152-152-10_53_10-152-152-11_32179_stream_0.pcap,udp_0,udp,0,Vimeo,nonTor,Video-Streaming,Vimeo
nonTor_Video-Streaming_Vimeo_none_1.pcap.UDP_10-152-152-10_53_10-152-152-11_63737_stream_0.pcap,udp_0,udp,0,Vimeo,nonTor,Video-Streaming,Vimeo
nonTor_Video-Streaming_Vimeo_none_1.pcap.UDP_10-152-152-10_53_10-152-152-11_64408_stream_0.pcap,udp_0,udp,0,Vimeo,nonTor,Video-Streaming,Vimeo
nonTor_Video-Streaming_Vimeo_none_1.pcap.TCP_10-152-152-11_38354_216-58-208-226_443_stream_0.pcap,tcp_0,tcp,0,Vimeo,nonTor,Video-Streaming,Vimeo
nonTor_Video-Streaming_Vimeo_none_1.pcap.TCP_10-152-152-11_45040_173-194-67-156_443_stream_0.pcap,tcp_0,tcp,0,Vimeo,nonTor,Video-Streaming,Vimeo
nonTor_Video-Streaming_Vimeo_none_1.pcap.TCP_10-152-152-11_41878_74-125-136-136_443_stream_0.pcap,tcp_0,tcp,0,Vimeo,nonTor,Video-Streaming,Vimeo
nonTor_Video-Streaming_Vimeo_none_1.pcap.UDP_10-152-152-10_53_10-152-152-11_32502_stream_0.pcap,udp_0,udp,0,Vimeo,nonTor,Video-Streaming,Vimeo
nonTor_Video-Streaming_Vimeo_none_1.pcap.TCP_10-152-152-11_36562_216-58-211-98_443_stream_0.pcap,tcp_0,tcp,0,Vimeo,nonTor,Video-Streaming,Vimeo
nonTor_Video-Streaming_Vimeo_none_1.pcap.UDP_10-152-152-10_53_10-152-152-11_30392_stream_0.pcap,udp_0,udp,0,Vimeo,nonTor,Video-Streaming,Vimeo
nonTor_Video-Streaming_Vimeo_none_1.pcap.TCP_10-152-152-11_48075_216-58-211-78_443_stream_0.pcap,tcp_0,tcp,0,Vimeo,nonTor,Video-Streaming,Vimeo
nonTor_Video-Streaming_Vimeo_none_1.pcap.UDP_10-152-152-10_53_10-152-152-11_50670_stream_0.pcap,udp_0,udp,0,Vimeo,nonTor,Video-Streaming,Vimeo
nonTor_Video-Streaming_Vimeo_none_1.pcap.UDP_10-152-152-10_53_10-152-152-11_28638_stream_0.pcap,udp_0,udp,0,Vimeo,nonTor,Video-Streaming,Vimeo
nonTor_Video-Streaming_Vimeo_none_1.pcap.UDP_10-152-152-10_53_10-152-152-11_50185_stream_0.pcap,udp_0,udp,0,Vimeo,nonTor,Video-Streaming,Vimeo
nonTor_Video-Streaming_Vimeo_none_1.pcap.UDP_10-152-152-10_53_10-152-152-11_2623_stream_0.pcap,udp_0,udp,0,Vimeo,nonTor,Video-Streaming,Vimeo
nonTor_Video-Streaming_Vimeo_none_1.pcap.UDP_10-152-152-10_53_10-152-152-11_13372_stream_0.pcap,udp_0,udp,0,Vimeo,nonTor,Video-Streaming,Vimeo
nonTor_Video-Streaming_Vimeo_none_1.pcap.UDP_10-152-152-10_53_10-152-152-11_30116_stream_0.pcap,udp_0,udp,0,Vimeo,nonTor,Video-Streaming,Vimeo
Tor_Video-Streaming_Vimeo_none_3.pcap.UDP_131-202-240-150_138_131-202-243-255_138_stream_0.pcap,udp_0,udp,0,Vimeo,Tor,Video-Streaming,Vimeo
nonTor_Video-Streaming_Vimeo_none_1.pcap.UDP_10-152-152-10_53_10-152-152-11_7200_stream_0.pcap,udp_0,udp,0,Vimeo,nonTor,Video-Streaming,Vimeo
nonTor_Video-Streaming_Vimeo_none_1.pcap.TCP_10-152-152-11_57520_23-235-43-143_443_stream_0.pcap,tcp_0,tcp,0,Vimeo,nonTor,Video-Streaming,Vimeo
nonTor_Video-Streaming_Vimeo_none_1.pcap.TCP_10-152-152-11_55212_173-194-65-139_443_stream_0.pcap,tcp_0,tcp,0,Vimeo,nonTor,Video-Streaming,Vimeo
nonTor_Video-Streaming_Vimeo_none_1.pcap.UDP_10-152-152-10_53_10-152-152-11_64648_stream_0.pcap,udp_0,udp,0,Vimeo,nonTor,Video-Streaming,Vimeo
Tor_Video-Streaming_Vimeo_none_3.pcap.TCP_131-202-240-150_34160_217-23-3-253_9001_stream_0.pcap,tcp_0,tcp,0,Vimeo,Tor,Video-Streaming,Vimeo
nonTor_Video-Streaming_Vimeo_none_1.pcap.UDP_10-152-152-10_53_10-152-152-11_56719_stream_0.pcap,udp_0,udp,0,Vimeo,nonTor,Video-Streaming,Vimeo
nonTor_Video-Streaming_Vimeo_none_1.pcap.UDP_10-152-152-10_53_10-152-152-11_29677_stream_0.pcap,udp_0,udp,0,Vimeo,nonTor,Video-Streaming,Vimeo
nonTor_Video-Streaming_Vimeo_none_1.pcap.UDP_10-152-152-10_53_10-152-152-11_17966_stream_0.pcap,udp_0,udp,0,Vimeo,nonTor,Video-Streaming,Vimeo
nonTor_Video-Streaming_Vimeo_none_1.pcap.UDP_10-152-152-10_53_10-152-152-11_38037_stream_0.pcap,udp_0,udp,0,Vimeo,nonTor,Video-Streaming,Vimeo
nonTor_Video-Streaming_Vimeo_none_1.pcap.UDP_10-152-152-10_53_10-152-152-11_59372_stream_0.pcap,udp_0,udp,0,Vimeo,nonTor,Video-Streaming,Vimeo
nonTor_Video-Streaming_Vimeo_none_1.pcap.TCP_10-152-152-11_46889_23-78-82-190_443_stream_0.pcap,tcp_0,tcp,0,Vimeo,nonTor,Video-Streaming,Vimeo
nonTor_Video-Streaming_Vimeo_none_1.pcap.UDP_10-152-152-10_53_10-152-152-11_29034_stream_0.pcap,udp_0,udp,0,Vimeo,nonTor,Video-Streaming,Vimeo
nonTor_Video-Streaming_Vimeo_none_1.pcap.UDP_10-152-152-10_53_10-152-152-11_27559_stream_0.pcap,udp_0,udp,0,Vimeo,nonTor,Video-Streaming,Vimeo
nonTor_Video-Streaming_Vimeo_none_1.pcap.UDP_10-152-152-10_53_10-152-152-11_45387_stream_0.pcap,udp_0,udp,0,Vimeo,nonTor,Video-Streaming,Vimeo
nonTor_Video-Streaming_Vimeo_none_1.pcap.UDP_10-152-152-10_53_10-152-152-11_33500_stream_0.pcap,udp_0,udp,0,Vimeo,nonTor,Video-Streaming,Vimeo
nonTor_Video-Streaming_Vimeo_none_1.pcap.UDP_10-152-152-10_53_10-152-152-11_30899_stream_0.pcap,udp_0,udp,0,Vimeo,nonTor,Video-Streaming,Vimeo
nonTor_Video-Streaming_Vimeo_none_1.pcap.UDP_10-152-152-10_53_10-152-152-11_41526_stream_0.pcap,udp_0,udp,0,Vimeo,nonTor,Video-Streaming,Vimeo
nonTor_Video-Streaming_Vimeo_none_1.pcap.UDP_10-152-152-10_53_10-152-152-11_39970_stream_0.pcap,udp_0,udp,0,Vimeo,nonTor,Video-Streaming,Vimeo
nonTor_Video-Streaming_Vimeo_none_1.pcap.UDP_10-152-152-10_53_10-152-152-11_3691_stream_0.pcap,udp_0,udp,0,Vimeo,nonTor,Video-Streaming,Vimeo
nonTor_Video-Streaming_Vimeo_none_1.pcap.UDP_10-152-152-10_53_10-152-152-11_9864_stream_0.pcap,udp_0,udp,0,Vimeo,nonTor,Video-Streaming,Vimeo
nonTor_Video-Streaming_Vimeo_none_1.pcap.TCP_10-152-152-11_57226_54-239-18-49_443_stream_0.pcap,tcp_0,tcp,0,Vimeo,nonTor,Video-Streaming,Vimeo
nonTor_Video-Streaming_Vimeo_none_1.pcap.TCP_10-152-152-11_50216_216-58-208-193_443_stream_0.pcap,tcp_0,tcp,0,Vimeo,nonTor,Video-Streaming,Vimeo
nonTor_Video-Streaming_Vimeo_none_1.pcap.TCP_10-152-152-11_57759_216-58-208-195_443_stream_0.pcap,tcp_0,tcp,0,Vimeo,nonTor,Video-Streaming,Vimeo
nonTor_Video-Streaming_Vimeo_none_1.pcap.TCP_10-152-152-11_59829_74-125-227-215_443_stream_0.pcap,tcp_0,tcp,0,Vimeo,nonTor,Video-Streaming,Vimeo
nonTor_Video-Streaming_Vimeo_none_1.pcap.UDP_10-152-152-10_53_10-152-152-11_33754_stream_0.pcap,udp_0,udp,0,Vimeo,nonTor,Video-Streaming,Vimeo
nonTor_Video-Streaming_Vimeo_none_1.pcap.UDP_10-152-152-10_53_10-152-152-11_57640_stream_0.pcap,udp_0,udp,0,Vimeo,nonTor,Video-Streaming,Vimeo
nonTor_Video-Streaming_Vimeo_none_1.pcap.UDP_10-152-152-10_53_10-152-152-11_30056_stream_0.pcap,udp_0,udp,0,Vimeo,nonTor,Video-Streaming,Vimeo
nonTor_Video-Streaming_Vimeo_none_1.pcap.TCP_10-152-152-11_37621_31-13-93-3_443_stream_0.pcap,tcp_0,tcp,0,Vimeo,nonTor,Video-Streaming,Vimeo
nonTor_Video-Streaming_Vimeo_none_1.pcap.TCP_10-152-152-11_55722_173-194-65-94_443_stream_0.pcap,tcp_0,tcp,0,Vimeo,nonTor,Video-Streaming,Vimeo
nonTor_Video-Streaming_Vimeo_none_1.pcap.UDP_10-152-152-10_53_10-152-152-11_51410_stream_0.pcap,udp_0,udp,0,Vimeo,nonTor,Video-Streaming,Vimeo
nonTor_Video-Streaming_Vimeo_none_1.pcap.UDP_10-152-152-10_53_10-152-152-11_56929_stream_0.pcap,udp_0,udp,0,Vimeo,nonTor,Video-Streaming,Vimeo
Tor_Video-Streaming_Vimeo_none_2.pcap.TCP_131-202-240-150_34418_173-194-204-188_5228_stream_0.pcap,tcp_0,tcp,0,Vimeo,Tor,Video-Streaming,Vimeo
nonTor_Video-Streaming_Vimeo_none_1.pcap.UDP_10-152-152-10_53_10-152-152-11_41946_stream_0.pcap,udp_0,udp,0,Vimeo,nonTor,Video-Streaming,Vimeo
nonTor_Video-Streaming_Vimeo_none_1.pcap.TCP_10-152-152-11_57954_173-194-116-32_443_stream_0.pcap,tcp_0,tcp,0,Vimeo,nonTor,Video-Streaming,Vimeo
nonTor_Video-Streaming_Vimeo_none_1.pcap.UDP_10-152-152-10_53_10-152-152-11_53780_stream_0.pcap,udp_0,udp,0,Vimeo,nonTor,Video-Streaming,Vimeo
nonTor_Video-Streaming_Vimeo_none_1.pcap.UDP_10-152-152-10_53_10-152-152-11_20658_stream_0.pcap,udp_0,udp,0,Vimeo,nonTor,Video-Streaming,Vimeo
nonTor_Video-Streaming_Vimeo_none_1.pcap.UDP_10-152-152-10_53_10-152-152-11_57218_stream_0.pcap,udp_0,udp,0,Vimeo,nonTor,Video-Streaming,Vimeo
nonTor_Video-Streaming_Vimeo_none_1.pcap.TCP_10-152-152-11_55188_173-194-65-139_443_stream_0.pcap,tcp_0,tcp,0,Vimeo,nonTor,Video-Streaming,Vimeo
nonTor_Video-Streaming_Vimeo_none_1.pcap.UDP_10-152-152-10_53_10-152-152-11_24294_stream_0.pcap,udp_0,udp,0,Vimeo,nonTor,Video-Streaming,Vimeo
nonTor_Video-Streaming_Vimeo_none_1.pcap.UDP_10-152-152-10_53_10-152-152-11_22654_stream_0.pcap,udp_0,udp,0,Vimeo,nonTor,Video-Streaming,Vimeo
nonTor_Video-Streaming_Vimeo_none_1.pcap.UDP_10-152-152-10_53_10-152-152-11_4754_stream_0.pcap,udp_0,udp,0,Vimeo,nonTor,Video-Streaming,Vimeo
nonTor_Video-Streaming_Vimeo_none_1.pcap.TCP_10-152-152-11_33977_173-194-65-136_443_stream_0.pcap,tcp_0,tcp,0,Vimeo,nonTor,Video-Streaming,Vimeo
nonTor_Video-Streaming_Vimeo_none_1.pcap.UDP_10-152-152-10_53_10-152-152-11_22999_stream_0.pcap,udp_0,udp,0,Vimeo,nonTor,Video-Streaming,Vimeo
nonTor_Video-Streaming_Vimeo_none_1.pcap.UDP_10-152-152-10_53_10-152-152-11_37832_stream_0.pcap,udp_0,udp,0,Vimeo,nonTor,Video-Streaming,Vimeo
nonTor_Video-Streaming_Vimeo_none_1.pcap.UDP_10-152-152-10_53_10-152-152-11_59514_stream_0.pcap,udp_0,udp,0,Vimeo,nonTor,Video-Streaming,Vimeo
nonTor_Video-Streaming_Vimeo_none_1.pcap.UDP_10-152-152-10_53_10-152-152-11_56501_stream_0.pcap,udp_0,udp,0,Vimeo,nonTor,Video-Streaming,Vimeo
nonTor_Video-Streaming_Vimeo_none_1.pcap.UDP_10-152-152-10_53_10-152-152-11_49159_stream_0.pcap,udp_0,udp,0,Vimeo,nonTor,Video-Streaming,Vimeo
nonTor_Video-Streaming_Vimeo_none_1.pcap.UDP_10-152-152-10_53_10-152-152-11_14998_stream_0.pcap,udp_0,udp,0,Vimeo,nonTor,Video-Streaming,Vimeo
nonTor_Video-Streaming_Vimeo_none_1.pcap.UDP_10-152-152-10_53_10-152-152-11_1302_stream_0.pcap,udp_0,udp,0,Vimeo,nonTor,Video-Streaming,Vimeo
nonTor_Video-Streaming_Vimeo_none_1.pcap.TCP_10-152-152-11_57879_74-125-136-84_443_stream_0.pcap,tcp_0,tcp,0,Vimeo,nonTor,Video-Streaming,Vimeo
nonTor_Video-Streaming_Vimeo_none_1.pcap.UDP_10-152-152-10_53_10-152-152-11_42301_stream_0.pcap,udp_0,udp,0,Vimeo,nonTor,Video-Streaming,Vimeo
nonTor_Video-Streaming_Vimeo_none_1.pcap.UDP_10-152-152-10_53_10-152-152-11_4921_stream_0.pcap,udp_0,udp,0,Vimeo,nonTor,Video-Streaming,Vimeo
nonTor_Video-Streaming_Vimeo_none_1.pcap.UDP_10-152-152-10_53_10-152-152-11_33548_stream_0.pcap,udp_0,udp,0,Vimeo,nonTor,Video-Streaming,Vimeo
nonTor_Video-Streaming_Vimeo_none_1.pcap.UDP_10-152-152-10_53_10-152-152-11_18480_stream_0.pcap,udp_0,udp,0,Vimeo,nonTor,Video-Streaming,Vimeo
nonTor_Video-Streaming_Vimeo_none_1.pcap.UDP_10-152-152-10_53_10-152-152-11_17787_stream_0.pcap,udp_0,udp,0,Vimeo,nonTor,Video-Streaming,Vimeo
nonTor_Video-Streaming_Vimeo_none_1.pcap.TCP_10-152-152-11_40023_74-125-136-94_443_stream_0.pcap,tcp_0,tcp,0,Vimeo,nonTor,Video-Streaming,Vimeo
nonTor_Video-Streaming_Vimeo_none_1.pcap.UDP_10-152-152-10_53_10-152-152-11_8617_stream_0.pcap,udp_0,udp,0,Vimeo,nonTor,Video-Streaming,Vimeo
nonTor_Video-Streaming_Vimeo_none_1.pcap.TCP_10-152-152-11_57517_23-235-43-143_443_stream_0.pcap,tcp_0,tcp,0,Vimeo,nonTor,Video-Streaming,Vimeo
nonTor_Video-Streaming_Vimeo_none_1.pcap.TCP_10-152-152-11_58855_184-24-203-120_443_stream_0.pcap,tcp_0,tcp,0,Vimeo,nonTor,Video-Streaming,Vimeo
nonTor_Video-Streaming_Vimeo_none_1.pcap.UDP_10-152-152-10_53_10-152-152-11_20258_stream_0.pcap,udp_0,udp,0,Vimeo,nonTor,Video-Streaming,Vimeo
nonTor_Video-Streaming_Vimeo_none_1.pcap.TCP_10-152-152-11_51092_173-194-67-99_443_stream_0.pcap,tcp_0,tcp,0,Vimeo,nonTor,Video-Streaming,Vimeo
nonTor_Video-Streaming_Vimeo_none_1.pcap.TCP_2-22-133-109_443_10-152-152-11_54743_stream_0.pcap,tcp_0,tcp,0,Vimeo,nonTor,Video-Streaming,Vimeo
nonTor_Video-Streaming_Vimeo_none_1.pcap.UDP_10-152-152-10_53_10-152-152-11_27770_stream_0.pcap,udp_0,udp,0,Vimeo,nonTor,Video-Streaming,Vimeo
nonTor_Video-Streaming_Vimeo_none_1.pcap.UDP_10-152-152-10_53_10-152-152-11_8458_stream_0.pcap,udp_0,udp,0,Vimeo,nonTor,Video-Streaming,Vimeo
nonTor_Video-Streaming_Vimeo_none_1.pcap.UDP_10-152-152-10_53_10-152-152-11_13809_stream_0.pcap,udp_0,udp,0,Vimeo,nonTor,Video-Streaming,Vimeo
nonTor_Video-Streaming_Vimeo_none_1.pcap.UDP_10-152-152-10_53_10-152-152-11_63348_stream_0.pcap,udp_0,udp,0,Vimeo,nonTor,Video-Streaming,Vimeo
nonTor_Video-Streaming_Vimeo_none_1.pcap.UDP_10-152-152-10_53_10-152-152-11_11645_stream_0.pcap,udp_0,udp,0,Vimeo,nonTor,Video-Streaming,Vimeo
nonTor_Video-Streaming_Vimeo_none_1.pcap.UDP_10-152-152-10_53_10-152-152-11_25491_stream_0.pcap,udp_0,udp,0,Vimeo,nonTor,Video-Streaming,Vimeo
nonTor_Video-Streaming_Vimeo_none_1.pcap.UDP_10-152-152-10_53_10-152-152-11_15168_stream_0.pcap,udp_0,udp,0,Vimeo,nonTor,Video-Streaming,Vimeo
nonTor_Video-Streaming_Vimeo_none_1.pcap.UDP_10-152-152-10_53_10-152-152-11_63426_stream_0.pcap,udp_0,udp,0,Vimeo,nonTor,Video-Streaming,Vimeo
nonTor_Video-Streaming_Vimeo_none_1.pcap.UDP_10-152-152-10_53_10-152-152-11_18673_stream_0.pcap,udp_0,udp,0,Vimeo,nonTor,Video-Streaming,Vimeo
nonTor_Video-Streaming_Vimeo_none_1.pcap.UDP_10-152-152-10_53_10-152-152-11_46742_stream_0.pcap,udp_0,udp,0,Vimeo,nonTor,Video-Streaming,Vimeo
nonTor_Video-Streaming_Vimeo_none_1.pcap.UDP_10-152-152-10_53_10-152-152-11_6739_stream_0.pcap,udp_0,udp,0,Vimeo,nonTor,Video-Streaming,Vimeo
nonTor_Video-Streaming_Vimeo_none_1.pcap.UDP_10-152-152-10_53_10-152-152-11_49146_stream_0.pcap,udp_0,udp,0,Vimeo,nonTor,Video-Streaming,Vimeo
nonTor_Video-Streaming_Vimeo_none_1.pcap.TCP_10-152-152-11_46129_185-29-134-89_443_stream_0.pcap,tcp_0,tcp,0,Vimeo,nonTor,Video-Streaming,Vimeo
nonTor_Video-Streaming_Vimeo_none_1.pcap.UDP_10-152-152-10_53_10-152-152-11_9103_stream_0.pcap,udp_0,udp,0,Vimeo,nonTor,Video-Streaming,Vimeo
nonTor_Video-Streaming_Vimeo_none_1.pcap.UDP_10-152-152-10_53_10-152-152-11_50536_stream_0.pcap,udp_0,udp,0,Vimeo,nonTor,Video-Streaming,Vimeo
nonTor_Video-Streaming_Vimeo_none_1.pcap.UDP_10-152-152-10_53_10-152-152-11_25154_stream_0.pcap,udp_0,udp,0,Vimeo,nonTor,Video-Streaming,Vimeo
nonTor_Video-Streaming_Vimeo_none_1.pcap.TCP_10-152-152-11_39394_173-194-116-88_443_stream_0.pcap,tcp_0,tcp,0,Vimeo,nonTor,Video-Streaming,Vimeo
nonTor_Video-Streaming_Vimeo_none_1.pcap.UDP_10-152-152-10_53_10-152-152-11_29169_stream_0.pcap,udp_0,udp,0,Vimeo,nonTor,Video-Streaming,Vimeo
nonTor_Video-Streaming_Vimeo_none_1.pcap.UDP_10-152-152-10_53_10-152-152-11_26109_stream_0.pcap,udp_0,udp,0,Vimeo,nonTor,Video-Streaming,Vimeo
nonTor_Video-Streaming_Vimeo_none_1.pcap.UDP_10-152-152-10_53_10-152-152-11_19384_stream_0.pcap,udp_0,udp,0,Vimeo,nonTor,Video-Streaming,Vimeo
nonTor_Video-Streaming_Vimeo_none_1.pcap.TCP_10-152-152-11_60348_173-194-115-242_443_stream_0.pcap,tcp_0,tcp,0,Vimeo,nonTor,Video-Streaming,Vimeo
nonTor_Video-Streaming_Vimeo_none_1.pcap.UDP_10-152-152-10_53_10-152-152-11_46489_stream_0.pcap,udp_0,udp,0,Vimeo,nonTor,Video-Streaming,Vimeo
nonTor_Video-Streaming_Vimeo_none_1.pcap.UDP_10-152-152-10_53_10-152-152-11_55694_stream_0.pcap,udp_0,udp,0,Vimeo,nonTor,Video-Streaming,Vimeo
nonTor_Video-Streaming_Vimeo_none_1.pcap.TCP_10-152-152-11_43839_173-194-65-149_443_stream_0.pcap,tcp_0,tcp,0,Vimeo,nonTor,Video-Streaming,Vimeo
nonTor_Video-Streaming_Vimeo_none_1.pcap.UDP_10-152-152-10_53_10-152-152-11_48099_stream_0.pcap,udp_0,udp,0,Vimeo,nonTor,Video-Streaming,Vimeo
nonTor_Video-Streaming_Vimeo_none_1.pcap.UDP_10-152-152-10_53_10-152-152-11_1842_stream_0.pcap,udp_0,udp,0,Vimeo,nonTor,Video-Streaming,Vimeo
nonTor_Video-Streaming_Vimeo_none_1.pcap.UDP_10-152-152-10_53_10-152-152-11_28978_stream_0.pcap,udp_0,udp,0,Vimeo,nonTor,Video-Streaming,Vimeo
nonTor_Video-Streaming_Vimeo_none_1.pcap.UDP_10-152-152-10_53_10-152-152-11_19614_stream_0.pcap,udp_0,udp,0,Vimeo,nonTor,Video-Streaming,Vimeo
nonTor_Video-Streaming_Vimeo_none_1.pcap.UDP_10-152-152-10_53_10-152-152-11_27530_stream_0.pcap,udp_0,udp,0,Vimeo,nonTor,Video-Streaming,Vimeo
nonTor_Video-Streaming_Vimeo_none_1.pcap.UDP_10-152-152-10_53_10-152-152-11_17317_stream_0.pcap,udp_0,udp,0,Vimeo,nonTor,Video-Streaming,Vimeo
nonTor_Video-Streaming_Vimeo_none_1.pcap.TCP_10-152-152-11_57431_23-235-43-143_443_stream_0.pcap,tcp_0,tcp,0,Vimeo,nonTor,Video-Streaming,Vimeo
nonTor_Video-Streaming_Vimeo_none_1.pcap.UDP_10-152-152-10_53_10-152-152-11_20840_stream_0.pcap,udp_0,udp,0,Vimeo,nonTor,Video-Streaming,Vimeo
Tor_Video-Streaming_Vimeo_none_2.pcap.TCP_74-125-226-174_443_131-202-240-150_43754_stream_0.pcap,tcp_0,tcp,0,Vimeo,Tor,Video-Streaming,Vimeo
nonTor_Video-Streaming_Vimeo_none_1.pcap.UDP_10-152-152-10_53_10-152-152-11_20851_stream_0.pcap,udp_0,udp,0,Vimeo,nonTor,Video-Streaming,Vimeo
nonTor_Video-Streaming_Vimeo_none_1.pcap.UDP_10-152-152-10_53_10-152-152-11_4943_stream_0.pcap,udp_0,udp,0,Vimeo,nonTor,Video-Streaming,Vimeo
nonTor_Video-Streaming_Vimeo_none_1.pcap.TCP_2-22-133-109_443_10-152-152-11_54736_stream_0.pcap,tcp_0,tcp,0,Vimeo,nonTor,Video-Streaming,Vimeo
nonTor_Video-Streaming_Vimeo_none_1.pcap.UDP_10-152-152-10_53_10-152-152-11_2781_stream_0.pcap,udp_0,udp,0,Vimeo,nonTor,Video-Streaming,Vimeo
nonTor_Video-Streaming_Vimeo_none_1.pcap.TCP_10-152-152-11_57867_74-125-136-84_443_stream_0.pcap,tcp_0,tcp,0,Vimeo,nonTor,Video-Streaming,Vimeo
nonTor_Video-Streaming_Vimeo_none_1.pcap.TCP_10-152-152-11_44590_173-194-65-101_443_stream_0.pcap,tcp_0,tcp,0,Vimeo,nonTor,Video-Streaming,Vimeo
nonTor_Video-Streaming_Vimeo_none_1.pcap.TCP_10-152-152-11_55863_216-58-216-66_443_stream_0.pcap,tcp_0,tcp,0,Vimeo,nonTor,Video-Streaming,Vimeo
nonTor_Video-Streaming_Vimeo_none_1.pcap.TCP_10-152-152-11_55864_216-58-216-66_443_stream_0.pcap,tcp_0,tcp,0,Vimeo,nonTor,Video-Streaming,Vimeo
nonTor_Video-Streaming_Vimeo_none_1.pcap.UDP_10-152-152-10_53_10-152-152-11_12682_stream_0.pcap,udp_0,udp,0,Vimeo,nonTor,Video-Streaming,Vimeo
nonTor_Video-Streaming_Vimeo_none_1.pcap.UDP_10-152-152-10_53_10-152-152-11_41128_stream_0.pcap,udp_0,udp,0,Vimeo,nonTor,Video-Streaming,Vimeo
nonTor_Video-Streaming_Vimeo_none_1.pcap.UDP_10-152-152-10_53_10-152-152-11_59923_stream_0.pcap,udp_0,udp,0,Vimeo,nonTor,Video-Streaming,Vimeo
nonTor_Video-Streaming_Vimeo_none_1.pcap.UDP_10-152-152-10_53_10-152-152-11_24208_stream_0.pcap,udp_0,udp,0,Vimeo,nonTor,Video-Streaming,Vimeo
nonTor_Video-Streaming_Vimeo_none_1.pcap.UDP_10-152-152-10_53_10-152-152-11_50285_stream_0.pcap,udp_0,udp,0,Vimeo,nonTor,Video-Streaming,Vimeo
nonTor_Video-Streaming_Vimeo_none_1.pcap.UDP_10-152-152-10_53_10-152-152-11_50605_stream_0.pcap,udp_0,udp,0,Vimeo,nonTor,Video-Streaming,Vimeo
nonTor_Video-Streaming_Vimeo_none_1.pcap.UDP_10-152-152-10_53_10-152-152-11_55438_stream_0.pcap,udp_0,udp,0,Vimeo,nonTor,Video-Streaming,Vimeo
nonTor_Video-Streaming_Vimeo_none_1.pcap.TCP_10-152-152-11_35911_74-125-136-157_443_stream_0.pcap,tcp_0,tcp,0,Vimeo,nonTor,Video-Streaming,Vimeo
nonTor_Video-Streaming_Vimeo_none_1.pcap.UDP_10-152-152-10_53_10-152-152-11_39934_stream_0.pcap,udp_0,udp,0,Vimeo,nonTor,Video-Streaming,Vimeo
Tor_Video-Streaming_Vimeo_none_2.pcap.UDP_131-202-240-88_137_131-202-240-150_137_stream_0.pcap,udp_0,udp,0,Vimeo,Tor,Video-Streaming,Vimeo
nonTor_Video-Streaming_Vimeo_none_1.pcap.TCP_10-152-152-11_55177_173-194-65-139_443_stream_0.pcap,tcp_0,tcp,0,Vimeo,nonTor,Video-Streaming,Vimeo
nonTor_Video-Streaming_Vimeo_none_1.pcap.TCP_10-152-152-11_50791_74-125-195-157_443_stream_0.pcap,tcp_0,tcp,0,Vimeo,nonTor,Video-Streaming,Vimeo
Tor_Video-Streaming_Vimeo_none_3.pcap.TCP_131-202-240-150_34418_173-194-204-188_5228_stream_0.pcap,tcp_0,tcp,0,Vimeo,Tor,Video-Streaming,Vimeo
Tor_Video-Streaming_Vimeo_none_2.pcap.TCP_131-202-240-150_33183_216-58-219-195_443_stream_0.pcap,tcp_0,tcp,0,Vimeo,Tor,Video-Streaming,Vimeo
nonTor_Video-Streaming_Vimeo_none_1.pcap.UDP_10-152-152-10_53_10-152-152-11_14058_stream_0.pcap,udp_0,udp,0,Vimeo,nonTor,Video-Streaming,Vimeo
nonTor_Video-Streaming_Vimeo_none_1.pcap.TCP_10-152-152-11_37358_23-45-184-141_443_stream_0.pcap,tcp_0,tcp,0,Vimeo,nonTor,Video-Streaming,Vimeo
nonTor_Video-Streaming_Vimeo_none_1.pcap.UDP_10-152-152-10_53_10-152-152-11_5970_stream_0.pcap,udp_0,udp,0,Vimeo,nonTor,Video-Streaming,Vimeo
nonTor_Video-Streaming_Vimeo_none_1.pcap.TCP_10-152-152-11_42588_173-194-116-57_443_stream_0.pcap,tcp_0,tcp,0,Vimeo,nonTor,Video-Streaming,Vimeo
nonTor_Video-Streaming_Vimeo_none_1.pcap.UDP_10-152-152-10_53_10-152-152-11_7843_stream_0.pcap,udp_0,udp,0,Vimeo,nonTor,Video-Streaming,Vimeo
nonTor_Video-Streaming_Vimeo_none_1.pcap.UDP_10-152-152-10_53_10-152-152-11_26436_stream_0.pcap,udp_0,udp,0,Vimeo,nonTor,Video-Streaming,Vimeo
nonTor_Video-Streaming_Vimeo_none_1.pcap.UDP_10-152-152-10_53_10-152-152-11_36962_stream_0.pcap,udp_0,udp,0,Vimeo,nonTor,Video-Streaming,Vimeo
nonTor_Video-Streaming_Vimeo_none_1.pcap.TCP_10-152-152-11_46622_74-125-136-154_443_stream_0.pcap,tcp_0,tcp,0,Vimeo,nonTor,Video-Streaming,Vimeo
nonTor_Video-Streaming_Vimeo_none_1.pcap.TCP_10-152-152-11_49066_173-194-116-42_443_stream_0.pcap,tcp_0,tcp,0,Vimeo,nonTor,Video-Streaming,Vimeo
Tor_Email_Gmail_none_3.pcap.TCP_10-0-2-15_38931_198-52-200-39_443_stream_0.pcap,tcp_0,tcp,0,Gmail,Tor,Email,Gmail
nonTor_Email_Gmail_none_1.pcap.TCP_10-152-152-11_57243_173-194-67-16_465_stream_0.pcap,tcp_0,tcp,0,Gmail,nonTor,Email,Gmail
nonTor_Email_Gmail_none_1.pcap.TCP_10-152-152-11_39243_64-233-167-16_465_stream_0.pcap,tcp_0,tcp,0,Gmail,nonTor,Email,Gmail
nonTor_Email_Gmail_none_1.pcap.TCP_10-152-152-11_39227_64-233-167-16_465_stream_0.pcap,tcp_0,tcp,0,Gmail,nonTor,Email,Gmail
nonTor_Email_Gmail_none_1.pcap.TCP_10-152-152-11_43324_64-233-167-16_993_stream_0.pcap,tcp_0,tcp,0,Gmail,nonTor,Email,Gmail
nonTor_Email_Gmail_none_1.pcap.TCP_10-152-152-11_43331_64-233-167-16_993_stream_0.pcap,tcp_0,tcp,0,Gmail,nonTor,Email,Gmail
nonTor_Email_Gmail_none_1.pcap.TCP_10-152-152-11_34788_64-233-184-16_993_stream_0.pcap,tcp_0,tcp,0,Gmail,nonTor,Email,Gmail
nonTor_Email_Gmail_none_1.pcap.TCP_10-152-152-11_34780_64-233-184-16_993_stream_0.pcap,tcp_0,tcp,0,Gmail,nonTor,Email,Gmail
nonTor_Email_Gmail_none_1.pcap.TCP_10-152-152-11_43329_64-233-167-16_993_stream_0.pcap,tcp_0,tcp,0,Gmail,nonTor,Email,Gmail
nonTor_Email_Gmail_none_1.pcap.TCP_10-152-152-11_43327_64-233-167-16_993_stream_0.pcap,tcp_0,tcp,0,Gmail,nonTor,Email,Gmail
nonTor_Email_Gmail_none_1.pcap.TCP_10-152-152-11_39236_64-233-167-16_465_stream_0.pcap,tcp_0,tcp,0,Gmail,nonTor,Email,Gmail
nonTor_Email_Gmail_none_1.pcap.TCP_10-152-152-11_39235_64-233-167-16_465_stream_0.pcap,tcp_0,tcp,0,Gmail,nonTor,Email,Gmail
nonTor_Email_Gmail_none_1.pcap.TCP_10-152-152-11_43318_64-233-167-16_993_stream_0.pcap,tcp_0,tcp,0,Gmail,nonTor,Email,Gmail
nonTor_Email_Gmail_none_1.pcap.TCP_10-152-152-11_34771_64-233-184-16_993_stream_0.pcap,tcp_0,tcp,0,Gmail,nonTor,Email,Gmail
nonTor_Email_Gmail_none_1.pcap.TCP_10-152-152-11_57241_173-194-67-16_465_stream_0.pcap,tcp_0,tcp,0,Gmail,nonTor,Email,Gmail
nonTor_FileTransfer_FTP_none_1.pcap.TCP_10-152-152-11_46997_75-101-155-12_1741_stream_0.pcap,tcp_0,tcp,0,FTP,nonTor,FileTransfer,FTP
nonTor_FileTransfer_FTP_none_1.pcap.TCP_10-152-152-11_53019_75-101-155-12_1591_stream_0.pcap,tcp_0,tcp,0,FTP,nonTor,FileTransfer,FTP
nonTor_FileTransfer_FTP_none_1.pcap.TCP_10-152-152-11_39230_75-101-155-12_1646_stream_0.pcap,tcp_0,tcp,0,FTP,nonTor,FileTransfer,FTP
nonTor_FileTransfer_FTP_none_1.pcap.TCP_10-152-152-11_40583_75-101-155-12_1208_stream_0.pcap,tcp_0,tcp,0,FTP,nonTor,FileTransfer,FTP
nonTor_FileTransfer_FTP_none_1.pcap.TCP_10-152-152-11_40086_75-101-155-12_1557_stream_0.pcap,tcp_0,tcp,0,FTP,nonTor,FileTransfer,FTP
nonTor_FileTransfer_FTP_none_1.pcap.TCP_10-152-152-11_54550_75-101-155-12_1372_stream_0.pcap,tcp_0,tcp,0,FTP,nonTor,FileTransfer,FTP
nonTor_FileTransfer_FTP_none_1.pcap.TCP_10-152-152-11_58184_75-101-155-12_1793_stream_0.pcap,tcp_0,tcp,0,FTP,nonTor,FileTransfer,FTP
nonTor_FileTransfer_FTP_none_1.pcap.TCP_10-152-152-11_35267_75-101-155-12_1493_stream_0.pcap,tcp_0,tcp,0,FTP,nonTor,FileTransfer,FTP
nonTor_FileTransfer_FTP_none_1.pcap.TCP_10-152-152-11_49265_75-101-155-12_1678_stream_0.pcap,tcp_0,tcp,0,FTP,nonTor,FileTransfer,FTP
nonTor_FileTransfer_FTP_none_1.pcap.TCP_10-152-152-11_58234_75-101-155-12_1690_stream_0.pcap,tcp_0,tcp,0,FTP,nonTor,FileTransfer,FTP
nonTor_FileTransfer_FTP_none_1.pcap.TCP_10-152-152-11_37643_75-101-155-12_1752_stream_0.pcap,tcp_0,tcp,0,FTP,nonTor,FileTransfer,FTP
nonTor_FileTransfer_FTP_none_1.pcap.TCP_10-152-152-11_38604_75-101-155-12_1492_stream_0.pcap,tcp_0,tcp,0,FTP,nonTor,FileTransfer,FTP
nonTor_FileTransfer_FTP_none_1.pcap.TCP_10-152-152-11_60013_75-101-155-12_1935_stream_0.pcap,tcp_0,tcp,0,FTP,nonTor,FileTransfer,FTP
nonTor_FileTransfer_FTP_none_1.pcap.TCP_10-152-152-11_57136_75-101-155-12_1515_stream_0.pcap,tcp_0,tcp,0,FTP,nonTor,FileTransfer,FTP
nonTor_FileTransfer_FTP_none_1.pcap.TCP_10-152-152-11_58584_75-101-155-12_1961_stream_0.pcap,tcp_0,tcp,0,FTP,nonTor,FileTransfer,FTP
nonTor_FileTransfer_FTP_none_1.pcap.TCP_10-152-152-11_50754_75-101-155-12_1547_stream_0.pcap,tcp_0,tcp,0,FTP,nonTor,FileTransfer,FTP
nonTor_FileTransfer_FTP_none_1.pcap.TCP_10-152-152-11_58243_75-101-155-12_1642_stream_0.pcap,tcp_0,tcp,0,FTP,nonTor,FileTransfer,FTP
nonTor_FileTransfer_FTP_none_1.pcap.TCP_10-152-152-11_55316_75-101-155-12_1663_stream_0.pcap,tcp_0,tcp,0,FTP,nonTor,FileTransfer,FTP
nonTor_FileTransfer_FTP_none_1.pcap.TCP_10-152-152-11_47398_75-101-155-12_1733_stream_0.pcap,tcp_0,tcp,0,FTP,nonTor,FileTransfer,FTP
nonTor_FileTransfer_FTP_none_1.pcap.TCP_10-152-152-11_46798_75-101-155-12_1709_stream_0.pcap,tcp_0,tcp,0,FTP,nonTor,FileTransfer,FTP
nonTor_FileTransfer_FTP_none_1.pcap.TCP_10-152-152-11_32876_75-101-155-12_1268_stream_0.pcap,tcp_0,tcp,0,FTP,nonTor,FileTransfer,FTP
nonTor_FileTransfer_FTP_none_1.pcap.TCP_10-152-152-11_46167_75-101-155-12_1785_stream_0.pcap,tcp_0,tcp,0,FTP,nonTor,FileTransfer,FTP
nonTor_FileTransfer_FTP_none_1.pcap.TCP_10-152-152-11_46344_75-101-155-12_1269_stream_0.pcap,tcp_0,tcp,0,FTP,nonTor,FileTransfer,FTP
nonTor_FileTransfer_FTP_none_1.pcap.TCP_10-152-152-11_58570_75-101-155-12_1510_stream_0.pcap,tcp_0,tcp,0,FTP,nonTor,FileTransfer,FTP
nonTor_FileTransfer_FTP_none_1.pcap.TCP_10-152-152-11_49182_75-101-155-12_1593_stream_0.pcap,tcp_0,tcp,0,FTP,nonTor,FileTransfer,FTP
nonTor_FileTransfer_FTP_none_1.pcap.TCP_10-152-152-11_60662_75-101-155-12_1533_stream_0.pcap,tcp_0,tcp,0,FTP,nonTor,FileTransfer,FTP
nonTor_FileTransfer_FTP_none_1.pcap.TCP_10-152-152-11_54769_75-101-155-12_1894_stream_0.pcap,tcp_0,tcp,0,FTP,nonTor,FileTransfer,FTP
nonTor_FileTransfer_FTP_none_1.pcap.TCP_10-152-152-11_51671_75-101-155-12_1630_stream_0.pcap,tcp_0,tcp,0,FTP,nonTor,FileTransfer,FTP
nonTor_FileTransfer_FTP_none_1.pcap.TCP_10-152-152-11_55730_75-101-155-12_1490_stream_0.pcap,tcp_0,tcp,0,FTP,nonTor,FileTransfer,FTP
nonTor_FileTransfer_FTP_none_1.pcap.TCP_10-152-152-11_45492_75-101-155-12_1798_stream_0.pcap,tcp_0,tcp,0,FTP,nonTor,FileTransfer,FTP
nonTor_FileTransfer_FTP_none_1.pcap.TCP_10-152-152-11_51014_75-101-155-12_1286_stream_0.pcap,tcp_0,tcp,0,FTP,nonTor,FileTransfer,FTP
nonTor_FileTransfer_FTP_none_1.pcap.TCP_10-152-152-11_58455_75-101-155-12_1451_stream_0.pcap,tcp_0,tcp,0,FTP,nonTor,FileTransfer,FTP
nonTor_FileTransfer_FTP_none_1.pcap.TCP_10-152-152-11_49403_75-101-155-12_1881_stream_0.pcap,tcp_0,tcp,0,FTP,nonTor,FileTransfer,FTP
nonTor_FileTransfer_FTP_none_1.pcap.TCP_10-152-152-11_55601_75-101-155-12_1831_stream_0.pcap,tcp_0,tcp,0,FTP,nonTor,FileTransfer,FTP
nonTor_FileTransfer_FTP_none_1.pcap.TCP_10-152-152-11_54901_75-101-155-12_1920_stream_0.pcap,tcp_0,tcp,0,FTP,nonTor,FileTransfer,FTP
nonTor_FileTransfer_FTP_none_1.pcap.TCP_10-152-152-11_57193_75-101-155-12_1558_stream_0.pcap,tcp_0,tcp,0,FTP,nonTor,FileTransfer,FTP
nonTor_FileTransfer_FTP_none_1.pcap.TCP_10-152-152-11_37511_75-101-155-12_1892_stream_0.pcap,tcp_0,tcp,0,FTP,nonTor,FileTransfer,FTP
nonTor_FileTransfer_FTP_none_1.pcap.TCP_10-152-152-11_44131_75-101-155-12_1918_stream_0.pcap,tcp_0,tcp,0,FTP,nonTor,FileTransfer,FTP
nonTor_FileTransfer_FTP_none_1.pcap.TCP_10-152-152-11_56981_75-101-155-12_1938_stream_0.pcap,tcp_0,tcp,0,FTP,nonTor,FileTransfer,FTP
nonTor_FileTransfer_FTP_none_1.pcap.TCP_10-152-152-11_41283_75-101-155-12_1310_stream_0.pcap,tcp_0,tcp,0,FTP,nonTor,FileTransfer,FTP
nonTor_FileTransfer_FTP_none_1.pcap.TCP_10-152-152-11_44788_75-101-155-12_1278_stream_0.pcap,tcp_0,tcp,0,FTP,nonTor,FileTransfer,FTP
nonTor_FileTransfer_FTP_none_1.pcap.TCP_10-152-152-11_46270_75-101-155-12_1848_stream_0.pcap,tcp_0,tcp,0,FTP,nonTor,FileTransfer,FTP
nonTor_FileTransfer_FTP_none_1.pcap.TCP_10-152-152-11_36826_75-101-155-12_1609_stream_0.pcap,tcp_0,tcp,0,FTP,nonTor,FileTransfer,FTP
nonTor_FileTransfer_FTP_none_1.pcap.TCP_10-152-152-11_57123_75-101-155-12_1497_stream_0.pcap,tcp_0,tcp,0,FTP,nonTor,FileTransfer,FTP
nonTor_FileTransfer_FTP_none_1.pcap.TCP_10-152-152-11_34199_75-101-155-12_1631_stream_0.pcap,tcp_0,tcp,0,FTP,nonTor,FileTransfer,FTP
nonTor_FileTransfer_FTP_none_1.pcap.TCP_10-152-152-11_55609_75-101-155-12_1691_stream_0.pcap,tcp_0,tcp,0,FTP,nonTor,FileTransfer,FTP
nonTor_FileTransfer_FTP_none_1.pcap.TCP_10-152-152-11_45092_75-101-155-12_1837_stream_0.pcap,tcp_0,tcp,0,FTP,nonTor,FileTransfer,FTP
nonTor_FileTransfer_FTP_none_1.pcap.TCP_10-152-152-11_47304_75-101-155-12_1536_stream_0.pcap,tcp_0,tcp,0,FTP,nonTor,FileTransfer,FTP
nonTor_FileTransfer_FTP_none_1.pcap.TCP_10-152-152-11_35772_75-101-155-12_1834_stream_0.pcap,tcp_0,tcp,0,FTP,nonTor,FileTransfer,FTP
nonTor_FileTransfer_FTP_none_1.pcap.TCP_10-152-152-11_58626_75-101-155-12_1510_stream_0.pcap,tcp_0,tcp,0,FTP,nonTor,FileTransfer,FTP
nonTor_FileTransfer_FTP_none_1.pcap.TCP_10-152-152-11_38277_75-101-155-12_1623_stream_0.pcap,tcp_0,tcp,0,FTP,nonTor,FileTransfer,FTP
nonTor_FileTransfer_FTP_none_1.pcap.TCP_10-152-152-11_59142_75-101-155-12_1643_stream_0.pcap,tcp_0,tcp,0,FTP,nonTor,FileTransfer,FTP
nonTor_FileTransfer_FTP_none_1.pcap.TCP_10-152-152-11_33928_75-101-155-12_1261_stream_0.pcap,tcp_0,tcp,0,FTP,nonTor,FileTransfer,FTP
nonTor_FileTransfer_FTP_none_1.pcap.TCP_10-152-152-11_57569_75-101-155-12_1950_stream_0.pcap,tcp_0,tcp,0,FTP,nonTor,FileTransfer,FTP
nonTor_FileTransfer_FTP_none_1.pcap.TCP_10-152-152-11_40099_75-101-155-12_1551_stream_0.pcap,tcp_0,tcp,0,FTP,nonTor,FileTransfer,FTP
nonTor_FileTransfer_FTP_none_1.pcap.TCP_10-152-152-11_60831_75-101-155-12_1219_stream_0.pcap,tcp_0,tcp,0,FTP,nonTor,FileTransfer,FTP
nonTor_FileTransfer_FTP_none_1.pcap.TCP_10-152-152-11_48269_75-101-155-12_1534_stream_0.pcap,tcp_0,tcp,0,FTP,nonTor,FileTransfer,FTP
Tor_FileTransfer_FTP_none_1.pcap.TCP_10-0-2-15_59875_148-251-190-229_9010_stream_0.pcap,tcp_0,tcp,0,FTP,Tor,FileTransfer,FTP
nonTor_FileTransfer_FTP_none_1.pcap.TCP_10-152-152-11_43565_75-101-155-12_1674_stream_0.pcap,tcp_0,tcp,0,FTP,nonTor,FileTransfer,FTP
nonTor_FileTransfer_FTP_none_1.pcap.TCP_10-152-152-11_43815_75-101-155-12_1564_stream_0.pcap,tcp_0,tcp,0,FTP,nonTor,FileTransfer,FTP
nonTor_FileTransfer_FTP_none_1.pcap.TCP_10-152-152-11_56663_75-101-155-12_1558_stream_0.pcap,tcp_0,tcp,0,FTP,nonTor,FileTransfer,FTP
nonTor_FileTransfer_FTP_none_1.pcap.TCP_10-152-152-11_59684_75-101-155-12_1445_stream_0.pcap,tcp_0,tcp,0,FTP,nonTor,FileTransfer,FTP
nonTor_FileTransfer_FTP_none_1.pcap.TCP_10-152-152-11_41804_75-101-155-12_1850_stream_0.pcap,tcp_0,tcp,0,FTP,nonTor,FileTransfer,FTP
nonTor_FileTransfer_FTP_none_1.pcap.TCP_10-152-152-11_45909_75-101-155-12_1928_stream_0.pcap,tcp_0,tcp,0,FTP,nonTor,FileTransfer,FTP
nonTor_FileTransfer_FTP_none_1.pcap.TCP_10-152-152-11_56409_75-101-155-12_1655_stream_0.pcap,tcp_0,tcp,0,FTP,nonTor,FileTransfer,FTP
nonTor_FileTransfer_FTP_none_1.pcap.TCP_10-152-152-11_57224_75-101-155-12_1279_stream_0.pcap,tcp_0,tcp,0,FTP,nonTor,FileTransfer,FTP
nonTor_FileTransfer_FTP_none_1.pcap.TCP_10-152-152-11_56777_75-101-155-12_1572_stream_0.pcap,tcp_0,tcp,0,FTP,nonTor,FileTransfer,FTP
nonTor_FileTransfer_FTP_none_1.pcap.TCP_10-152-152-11_48100_75-101-155-12_1596_stream_0.pcap,tcp_0,tcp,0,FTP,nonTor,FileTransfer,FTP
nonTor_FileTransfer_FTP_none_1.pcap.TCP_10-152-152-11_57572_75-101-155-12_1512_stream_0.pcap,tcp_0,tcp,0,FTP,nonTor,FileTransfer,FTP
nonTor_FileTransfer_FTP_none_1.pcap.TCP_10-152-152-11_34052_75-101-155-12_1723_stream_0.pcap,tcp_0,tcp,0,FTP,nonTor,FileTransfer,FTP
nonTor_FileTransfer_FTP_none_1.pcap.TCP_10-152-152-11_59936_75-101-155-12_1701_stream_0.pcap,tcp_0,tcp,0,FTP,nonTor,FileTransfer,FTP
nonTor_FileTransfer_FTP_none_1.pcap.TCP_10-152-152-11_42384_75-101-155-12_1540_stream_0.pcap,tcp_0,tcp,0,FTP,nonTor,FileTransfer,FTP
nonTor_FileTransfer_FTP_none_1.pcap.TCP_10-152-152-10_9108_10-152-152-11_60901_stream_0.pcap,tcp_0,tcp,0,FTP,nonTor,FileTransfer,FTP
nonTor_FileTransfer_FTP_none_1.pcap.TCP_10-152-152-11_38236_75-101-155-12_1977_stream_0.pcap,tcp_0,tcp,0,FTP,nonTor,FileTransfer,FTP
nonTor_FileTransfer_FTP_none_1.pcap.TCP_10-152-152-11_56537_75-101-155-12_1490_stream_0.pcap,tcp_0,tcp,0,FTP,nonTor,FileTransfer,FTP
nonTor_FileTransfer_FTP_none_1.pcap.TCP_10-152-152-11_37400_75-101-155-12_1774_stream_0.pcap,tcp_0,tcp,0,FTP,nonTor,FileTransfer,FTP
nonTor_FileTransfer_FTP_none_1.pcap.TCP_10-152-152-11_47948_75-101-155-12_1383_stream_0.pcap,tcp_0,tcp,0,FTP,nonTor,FileTransfer,FTP
nonTor_FileTransfer_FTP_none_1.pcap.TCP_10-152-152-11_48283_75-101-155-12_1867_stream_0.pcap,tcp_0,tcp,0,FTP,nonTor,FileTransfer,FTP
nonTor_FileTransfer_FTP_none_1.pcap.TCP_10-152-152-11_36801_75-101-155-12_1757_stream_0.pcap,tcp_0,tcp,0,FTP,nonTor,FileTransfer,FTP
nonTor_FileTransfer_FTP_none_1.pcap.TCP_10-152-152-11_34293_75-101-155-12_21_stream_0.pcap,tcp_0,tcp,0,FTP,nonTor,FileTransfer,FTP
nonTor_FileTransfer_FTP_none_1.pcap.TCP_10-152-152-11_56083_75-101-155-12_1901_stream_0.pcap,tcp_0,tcp,0,FTP,nonTor,FileTransfer,FTP
nonTor_FileTransfer_FTP_none_1.pcap.TCP_10-152-152-11_56714_75-101-155-12_1423_stream_0.pcap,tcp_0,tcp,0,FTP,nonTor,FileTransfer,FTP
nonTor_FileTransfer_FTP_none_1.pcap.TCP_10-152-152-11_46976_75-101-155-12_1830_stream_0.pcap,tcp_0,tcp,0,FTP,nonTor,FileTransfer,FTP
nonTor_FileTransfer_FTP_none_1.pcap.TCP_10-152-152-11_42772_75-101-155-12_1696_stream_0.pcap,tcp_0,tcp,0,FTP,nonTor,FileTransfer,FTP
nonTor_FileTransfer_FTP_none_1.pcap.TCP_10-152-152-11_40061_75-101-155-12_1359_stream_0.pcap,tcp_0,tcp,0,FTP,nonTor,FileTransfer,FTP
nonTor_FileTransfer_FTP_none_1.pcap.TCP_10-152-152-10_9108_10-152-152-11_60902_stream_0.pcap,tcp_0,tcp,0,FTP,nonTor,FileTransfer,FTP
nonTor_FileTransfer_FTP_none_1.pcap.TCP_10-152-152-11_39058_75-101-155-12_1291_stream_0.pcap,tcp_0,tcp,0,FTP,nonTor,FileTransfer,FTP
nonTor_FileTransfer_FTP_none_1.pcap.TCP_10-152-152-11_44764_75-101-155-12_1748_stream_0.pcap,tcp_0,tcp,0,FTP,nonTor,FileTransfer,FTP
nonTor_FileTransfer_FTP_none_1.pcap.TCP_10-152-152-11_39443_75-101-155-12_1492_stream_0.pcap,tcp_0,tcp,0,FTP,nonTor,FileTransfer,FTP
nonTor_FileTransfer_FTP_none_1.pcap.TCP_10-152-152-11_58218_75-101-155-12_1802_stream_0.pcap,tcp_0,tcp,0,FTP,nonTor,FileTransfer,FTP
nonTor_FileTransfer_FTP_none_1.pcap.TCP_10-152-152-11_37781_75-101-155-12_1764_stream_0.pcap,tcp_0,tcp,0,FTP,nonTor,FileTransfer,FTP
nonTor_FileTransfer_FTP_none_1.pcap.TCP_10-152-152-11_41696_75-101-155-12_1288_stream_0.pcap,tcp_0,tcp,0,FTP,nonTor,FileTransfer,FTP
nonTor_FileTransfer_FTP_none_1.pcap.TCP_10-152-152-11_37468_75-101-155-12_1553_stream_0.pcap,tcp_0,tcp,0,FTP,nonTor,FileTransfer,FTP
nonTor_FileTransfer_FTP_none_1.pcap.TCP_10-152-152-11_60671_75-101-155-12_1219_stream_0.pcap,tcp_0,tcp,0,FTP,nonTor,FileTransfer,FTP
nonTor_FileTransfer_FTP_none_1.pcap.TCP_10-152-152-11_55916_75-101-155-12_1771_stream_0.pcap,tcp_0,tcp,0,FTP,nonTor,FileTransfer,FTP
nonTor_FileTransfer_FTP_none_1.pcap.TCP_10-152-152-11_59661_75-101-155-12_1973_stream_0.pcap,tcp_0,tcp,0,FTP,nonTor,FileTransfer,FTP
nonTor_FileTransfer_FTP_none_1.pcap.TCP_10-152-152-11_34849_75-101-155-12_1495_stream_0.pcap,tcp_0,tcp,0,FTP,nonTor,FileTransfer,FTP
nonTor_FileTransfer_FTP_none_1.pcap.TCP_10-152-152-11_36954_75-101-155-12_1376_stream_0.pcap,tcp_0,tcp,0,FTP,nonTor,FileTransfer,FTP
nonTor_FileTransfer_FTP_none_1.pcap.TCP_10-152-152-11_39392_75-101-155-12_1827_stream_0.pcap,tcp_0,tcp,0,FTP,nonTor,FileTransfer,FTP
nonTor_FileTransfer_FTP_none_1.pcap.TCP_10-152-152-11_39624_75-101-155-12_1636_stream_0.pcap,tcp_0,tcp,0,FTP,nonTor,FileTransfer,FTP
nonTor_FileTransfer_FTP_none_1.pcap.TCP_10-152-152-11_51657_75-101-155-12_1630_stream_0.pcap,tcp_0,tcp,0,FTP,nonTor,FileTransfer,FTP
nonTor_FileTransfer_FTP_none_1.pcap.TCP_10-152-152-11_38484_75-101-155-12_1832_stream_0.pcap,tcp_0,tcp,0,FTP,nonTor,FileTransfer,FTP
nonTor_FileTransfer_FTP_none_1.pcap.TCP_10-152-152-11_45697_75-101-155-12_1700_stream_0.pcap,tcp_0,tcp,0,FTP,nonTor,FileTransfer,FTP
nonTor_FileTransfer_FTP_none_1.pcap.TCP_10-152-152-11_39966_75-101-155-12_1913_stream_0.pcap,tcp_0,tcp,0,FTP,nonTor,FileTransfer,FTP
nonTor_FileTransfer_FTP_none_1.pcap.TCP_10-152-152-11_59557_75-101-155-12_1556_stream_0.pcap,tcp_0,tcp,0,FTP,nonTor,FileTransfer,FTP
nonTor_FileTransfer_FTP_none_1.pcap.TCP_10-152-152-11_49844_75-101-155-12_1304_stream_0.pcap,tcp_0,tcp,0,FTP,nonTor,FileTransfer,FTP
nonTor_FileTransfer_FTP_none_1.pcap.TCP_10-152-152-11_41209_75-101-155-12_1813_stream_0.pcap,tcp_0,tcp,0,FTP,nonTor,FileTransfer,FTP
nonTor_FileTransfer_FTP_none_1.pcap.TCP_10-152-152-11_45264_75-101-155-12_1796_stream_0.pcap,tcp_0,tcp,0,FTP,nonTor,FileTransfer,FTP
nonTor_FileTransfer_FTP_none_1.pcap.TCP_10-152-152-11_44412_75-101-155-12_1491_stream_0.pcap,tcp_0,tcp,0,FTP,nonTor,FileTransfer,FTP
nonTor_FileTransfer_FTP_none_1.pcap.TCP_10-152-152-11_33331_75-101-155-12_1740_stream_0.pcap,tcp_0,tcp,0,FTP,nonTor,FileTransfer,FTP
nonTor_FileTransfer_FTP_none_1.pcap.TCP_10-152-152-11_34874_75-101-155-12_1273_stream_0.pcap,tcp_0,tcp,0,FTP,nonTor,FileTransfer,FTP
nonTor_FileTransfer_FTP_none_1.pcap.TCP_10-152-152-11_46869_75-101-155-12_1308_stream_0.pcap,tcp_0,tcp,0,FTP,nonTor,FileTransfer,FTP
nonTor_FileTransfer_FTP_none_1.pcap.TCP_10-152-152-11_53274_75-101-155-12_1800_stream_0.pcap,tcp_0,tcp,0,FTP,nonTor,FileTransfer,FTP
nonTor_FileTransfer_FTP_none_1.pcap.TCP_10-152-152-11_55726_75-101-155-12_1839_stream_0.pcap,tcp_0,tcp,0,FTP,nonTor,FileTransfer,FTP
nonTor_FileTransfer_FTP_none_1.pcap.TCP_10-152-152-11_40246_75-101-155-12_1569_stream_0.pcap,tcp_0,tcp,0,FTP,nonTor,FileTransfer,FTP
nonTor_FileTransfer_FTP_none_1.pcap.TCP_10-152-152-11_47955_75-101-155-12_1621_stream_0.pcap,tcp_0,tcp,0,FTP,nonTor,FileTransfer,FTP
nonTor_FileTransfer_FTP_none_1.pcap.TCP_10-152-152-11_41877_75-101-155-12_1707_stream_0.pcap,tcp_0,tcp,0,FTP,nonTor,FileTransfer,FTP
nonTor_FileTransfer_FTP_none_1.pcap.TCP_10-152-152-11_38061_75-101-155-12_1514_stream_0.pcap,tcp_0,tcp,0,FTP,nonTor,FileTransfer,FTP
nonTor_FileTransfer_FTP_none_1.pcap.TCP_10-152-152-11_47961_75-101-155-12_1754_stream_0.pcap,tcp_0,tcp,0,FTP,nonTor,FileTransfer,FTP
nonTor_FileTransfer_FTP_none_1.pcap.TCP_10-152-152-11_45821_75-101-155-12_1266_stream_0.pcap,tcp_0,tcp,0,FTP,nonTor,FileTransfer,FTP
nonTor_FileTransfer_FTP_none_1.pcap.TCP_10-152-152-11_57657_75-101-155-12_1966_stream_0.pcap,tcp_0,tcp,0,FTP,nonTor,FileTransfer,FTP
nonTor_FileTransfer_FTP_none_1.pcap.TCP_10-152-152-11_45128_75-101-155-12_1577_stream_0.pcap,tcp_0,tcp,0,FTP,nonTor,FileTransfer,FTP
nonTor_FileTransfer_FTP_none_1.pcap.TCP_10-152-152-11_51458_75-101-155-12_1856_stream_0.pcap,tcp_0,tcp,0,FTP,nonTor,FileTransfer,FTP
nonTor_FileTransfer_FTP_none_1.pcap.TCP_10-152-152-11_38698_75-101-155-12_1405_stream_0.pcap,tcp_0,tcp,0,FTP,nonTor,FileTransfer,FTP
nonTor_FileTransfer_FTP_none_1.pcap.TCP_10-152-152-11_43771_75-101-155-12_1905_stream_0.pcap,tcp_0,tcp,0,FTP,nonTor,FileTransfer,FTP
nonTor_FileTransfer_FTP_none_1.pcap.TCP_10-152-152-11_34496_75-101-155-12_21_stream_0.pcap,tcp_0,tcp,0,FTP,nonTor,FileTransfer,FTP
nonTor_FileTransfer_FTP_none_1.pcap.TCP_10-152-152-11_33811_75-101-155-12_1261_stream_0.pcap,tcp_0,tcp,0,FTP,nonTor,FileTransfer,FTP
nonTor_FileTransfer_FTP_none_1.pcap.TCP_10-152-152-11_54538_75-101-155-12_1875_stream_0.pcap,tcp_0,tcp,0,FTP,nonTor,FileTransfer,FTP
nonTor_FileTransfer_FTP_none_1.pcap.TCP_10-152-152-11_51469_75-101-155-12_1751_stream_0.pcap,tcp_0,tcp,0,FTP,nonTor,FileTransfer,FTP
nonTor_FileTransfer_FTP_none_1.pcap.TCP_10-152-152-11_52345_75-101-155-12_1968_stream_0.pcap,tcp_0,tcp,0,FTP,nonTor,FileTransfer,FTP
nonTor_FileTransfer_FTP_none_1.pcap.TCP_10-152-152-11_56592_75-101-155-12_1841_stream_0.pcap,tcp_0,tcp,0,FTP,nonTor,FileTransfer,FTP
nonTor_FileTransfer_FTP_none_1.pcap.TCP_10-152-152-11_40573_75-101-155-12_1474_stream_0.pcap,tcp_0,tcp,0,FTP,nonTor,FileTransfer,FTP
nonTor_FileTransfer_FTP_none_1.pcap.TCP_10-152-152-11_51713_75-101-155-12_1968_stream_0.pcap,tcp_0,tcp,0,FTP,nonTor,FileTransfer,FTP
nonTor_FileTransfer_FTP_none_1.pcap.TCP_10-152-152-11_45024_75-101-155-12_1994_stream_0.pcap,tcp_0,tcp,0,FTP,nonTor,FileTransfer,FTP
nonTor_FileTransfer_FTP_none_1.pcap.TCP_10-152-152-11_60096_75-101-155-12_1222_stream_0.pcap,tcp_0,tcp,0,FTP,nonTor,FileTransfer,FTP
nonTor_FileTransfer_FTP_none_1.pcap.TCP_10-152-152-11_60050_75-101-155-12_1460_stream_0.pcap,tcp_0,tcp,0,FTP,nonTor,FileTransfer,FTP
nonTor_FileTransfer_FTP_none_1.pcap.TCP_10-152-152-11_33855_75-101-155-12_1261_stream_0.pcap,tcp_0,tcp,0,FTP,nonTor,FileTransfer,FTP
nonTor_FileTransfer_FTP_none_1.pcap.TCP_10-152-152-11_57880_75-101-155-12_1201_stream_0.pcap,tcp_0,tcp,0,FTP,nonTor,FileTransfer,FTP
nonTor_FileTransfer_FTP_none_1.pcap.TCP_10-152-152-11_36198_75-101-155-12_1868_stream_0.pcap,tcp_0,tcp,0,FTP,nonTor,FileTransfer,FTP
nonTor_FileTransfer_FTP_none_1.pcap.TCP_10-152-152-11_60375_75-101-155-12_1932_stream_0.pcap,tcp_0,tcp,0,FTP,nonTor,FileTransfer,FTP
nonTor_FileTransfer_FTP_none_1.pcap.TCP_10-152-152-11_39386_75-101-155-12_1742_stream_0.pcap,tcp_0,tcp,0,FTP,nonTor,FileTransfer,FTP
nonTor_FileTransfer_FTP_none_1.pcap.TCP_10-152-152-11_42160_75-101-155-12_1203_stream_0.pcap,tcp_0,tcp,0,FTP,nonTor,FileTransfer,FTP
nonTor_FileTransfer_FTP_none_1.pcap.TCP_10-152-152-11_52958_75-101-155-12_1397_stream_0.pcap,tcp_0,tcp,0,FTP,nonTor,FileTransfer,FTP
nonTor_FileTransfer_FTP_none_1.pcap.TCP_10-152-152-11_44669_75-101-155-12_1705_stream_0.pcap,tcp_0,tcp,0,FTP,nonTor,FileTransfer,FTP
nonTor_FileTransfer_FTP_none_1.pcap.TCP_10-152-152-11_59818_75-101-155-12_1942_stream_0.pcap,tcp_0,tcp,0,FTP,nonTor,FileTransfer,FTP
nonTor_FileTransfer_FTP_none_1.pcap.TCP_10-152-152-11_52129_75-101-155-12_1388_stream_0.pcap,tcp_0,tcp,0,FTP,nonTor,FileTransfer,FTP
nonTor_FileTransfer_FTP_none_1.pcap.TCP_10-152-152-11_55813_75-101-155-12_1939_stream_0.pcap,tcp_0,tcp,0,FTP,nonTor,FileTransfer,FTP
nonTor_FileTransfer_FTP_none_1.pcap.TCP_10-152-152-11_37535_75-101-155-12_1319_stream_0.pcap,tcp_0,tcp,0,FTP,nonTor,FileTransfer,FTP
nonTor_FileTransfer_FTP_none_1.pcap.TCP_10-152-152-11_54915_75-101-155-12_1799_stream_0.pcap,tcp_0,tcp,0,FTP,nonTor,FileTransfer,FTP
nonTor_FileTransfer_FTP_none_1.pcap.TCP_10-152-152-11_42472_75-101-155-12_1322_stream_0.pcap,tcp_0,tcp,0,FTP,nonTor,FileTransfer,FTP
nonTor_FileTransfer_FTP_none_1.pcap.TCP_10-152-152-11_46538_75-101-155-12_1836_stream_0.pcap,tcp_0,tcp,0,FTP,nonTor,FileTransfer,FTP
nonTor_FileTransfer_FTP_none_1.pcap.TCP_10-152-152-11_56661_75-101-155-12_1727_stream_0.pcap,tcp_0,tcp,0,FTP,nonTor,FileTransfer,FTP
nonTor_FileTransfer_FTP_none_1.pcap.TCP_10-152-152-11_48992_75-101-155-12_1422_stream_0.pcap,tcp_0,tcp,0,FTP,nonTor,FileTransfer,FTP
nonTor_FileTransfer_FTP_none_1.pcap.TCP_10-152-152-11_60939_75-101-155-12_1317_stream_0.pcap,tcp_0,tcp,0,FTP,nonTor,FileTransfer,FTP
nonTor_FileTransfer_FTP_none_1.pcap.TCP_10-152-152-11_59151_75-101-155-12_1248_stream_0.pcap,tcp_0,tcp,0,FTP,nonTor,FileTransfer,FTP
nonTor_FileTransfer_FTP_none_1.pcap.TCP_10-152-152-11_47433_75-101-155-12_1417_stream_0.pcap,tcp_0,tcp,0,FTP,nonTor,FileTransfer,FTP
nonTor_FileTransfer_FTP_none_1.pcap.TCP_10-152-152-11_60314_75-101-155-12_1556_stream_0.pcap,tcp_0,tcp,0,FTP,nonTor,FileTransfer,FTP
nonTor_FileTransfer_FTP_none_1.pcap.TCP_10-152-152-11_57214_75-101-155-12_1792_stream_0.pcap,tcp_0,tcp,0,FTP,nonTor,FileTransfer,FTP
nonTor_FileTransfer_FTP_none_1.pcap.TCP_10-152-152-11_39313_75-101-155-12_1492_stream_0.pcap,tcp_0,tcp,0,FTP,nonTor,FileTransfer,FTP
nonTor_FileTransfer_FTP_none_1.pcap.TCP_10-152-152-11_41384_75-101-155-12_1262_stream_0.pcap,tcp_0,tcp,0,FTP,nonTor,FileTransfer,FTP
Tor_FileTransfer_FTP_none_1.pcap.TCP_5-9-123-81_9001_10-0-2-15_34361_stream_0.pcap,tcp_0,tcp,0,FTP,Tor,FileTransfer,FTP
nonTor_FileTransfer_FTP_none_1.pcap.TCP_10-152-152-11_45467_75-101-155-12_1830_stream_0.pcap,tcp_0,tcp,0,FTP,nonTor,FileTransfer,FTP
nonTor_FileTransfer_FTP_none_1.pcap.TCP_10-152-152-11_47174_75-101-155-12_1229_stream_0.pcap,tcp_0,tcp,0,FTP,nonTor,FileTransfer,FTP
nonTor_FileTransfer_FTP_none_1.pcap.TCP_10-152-152-11_39045_75-101-155-12_1827_stream_0.pcap,tcp_0,tcp,0,FTP,nonTor,FileTransfer,FTP
nonTor_FileTransfer_FTP_none_1.pcap.TCP_10-152-152-11_51506_75-101-155-12_1890_stream_0.pcap,tcp_0,tcp,0,FTP,nonTor,FileTransfer,FTP
nonTor_FileTransfer_FTP_none_1.pcap.TCP_10-152-152-11_57241_75-101-155-12_1484_stream_0.pcap,tcp_0,tcp,0,FTP,nonTor,FileTransfer,FTP
nonTor_FileTransfer_FTP_none_1.pcap.TCP_10-152-152-11_33304_75-101-155-12_1268_stream_0.pcap,tcp_0,tcp,0,FTP,nonTor,FileTransfer,FTP
nonTor_FileTransfer_FTP_none_1.pcap.TCP_10-152-152-11_38554_75-101-155-12_1264_stream_0.pcap,tcp_0,tcp,0,FTP,nonTor,FileTransfer,FTP
nonTor_FileTransfer_FTP_none_1.pcap.TCP_10-152-152-10_9052_10-152-152-11_34190_stream_0.pcap,tcp_0,tcp,0,FTP,nonTor,FileTransfer,FTP
nonTor_FileTransfer_FTP_none_1.pcap.TCP_10-152-152-11_33881_75-101-155-12_1427_stream_0.pcap,tcp_0,tcp,0,FTP,nonTor,FileTransfer,FTP
nonTor_FileTransfer_FTP_none_1.pcap.TCP_10-152-152-11_59871_75-101-155-12_1958_stream_0.pcap,tcp_0,tcp,0,FTP,nonTor,FileTransfer,FTP
nonTor_FileTransfer_FTP_none_1.pcap.TCP_10-152-152-11_36047_75-101-155-12_1450_stream_0.pcap,tcp_0,tcp,0,FTP,nonTor,FileTransfer,FTP
nonTor_FileTransfer_FTP_none_1.pcap.TCP_10-152-152-11_50091_75-101-155-12_1379_stream_0.pcap,tcp_0,tcp,0,FTP,nonTor,FileTransfer,FTP
nonTor_FileTransfer_FTP_none_1.pcap.TCP_10-152-152-11_35431_75-101-155-12_1365_stream_0.pcap,tcp_0,tcp,0,FTP,nonTor,FileTransfer,FTP
nonTor_FileTransfer_FTP_none_1.pcap.TCP_10-152-152-11_38410_75-101-155-12_1987_stream_0.pcap,tcp_0,tcp,0,FTP,nonTor,FileTransfer,FTP
nonTor_FileTransfer_FTP_none_1.pcap.TCP_10-152-152-11_58867_75-101-155-12_1204_stream_0.pcap,tcp_0,tcp,0,FTP,nonTor,FileTransfer,FTP
nonTor_FileTransfer_FTP_none_1.pcap.TCP_10-152-152-11_53972_75-101-155-12_1821_stream_0.pcap,tcp_0,tcp,0,FTP,nonTor,FileTransfer,FTP
nonTor_FileTransfer_FTP_none_1.pcap.TCP_10-152-152-11_56017_75-101-155-12_1939_stream_0.pcap,tcp_0,tcp,0,FTP,nonTor,FileTransfer,FTP
nonTor_FileTransfer_FTP_none_1.pcap.TCP_10-152-152-11_51251_75-101-155-12_1287_stream_0.pcap,tcp_0,tcp,0,FTP,nonTor,FileTransfer,FTP
nonTor_FileTransfer_FTP_none_1.pcap.TCP_10-152-152-11_59463_75-101-155-12_1556_stream_0.pcap,tcp_0,tcp,0,FTP,nonTor,FileTransfer,FTP
nonTor_FileTransfer_FTP_none_1.pcap.TCP_10-152-152-11_58820_75-101-155-12_1237_stream_0.pcap,tcp_0,tcp,0,FTP,nonTor,FileTransfer,FTP
nonTor_FileTransfer_FTP_none_1.pcap.TCP_10-152-152-11_49032_75-101-155-12_1325_stream_0.pcap,tcp_0,tcp,0,FTP,nonTor,FileTransfer,FTP
nonTor_FileTransfer_FTP_none_1.pcap.TCP_10-152-152-11_40634_75-101-155-12_1359_stream_0.pcap,tcp_0,tcp,0,FTP,nonTor,FileTransfer,FTP
nonTor_FileTransfer_FTP_none_1.pcap.TCP_10-152-152-11_34467_75-101-155-12_1740_stream_0.pcap,tcp_0,tcp,0,FTP,nonTor,FileTransfer,FTP
nonTor_FileTransfer_FTP_none_1.pcap.TCP_10-152-152-11_34066_75-101-155-12_1505_stream_0.pcap,tcp_0,tcp,0,FTP,nonTor,FileTransfer,FTP
nonTor_FileTransfer_FTP_none_1.pcap.TCP_10-152-152-11_56627_75-101-155-12_1901_stream_0.pcap,tcp_0,tcp,0,FTP,nonTor,FileTransfer,FTP
nonTor_FileTransfer_FTP_none_1.pcap.TCP_10-152-152-11_38104_75-101-155-12_1987_stream_0.pcap,tcp_0,tcp,0,FTP,nonTor,FileTransfer,FTP
nonTor_FileTransfer_FTP_none_1.pcap.TCP_10-152-152-11_33200_75-101-155-12_1533_stream_0.pcap,tcp_0,tcp,0,FTP,nonTor,FileTransfer,FTP
nonTor_FileTransfer_FTP_none_1.pcap.TCP_10-152-152-11_43330_75-101-155-12_1705_stream_0.pcap,tcp_0,tcp,0,FTP,nonTor,FileTransfer,FTP
nonTor_FileTransfer_FTP_none_1.pcap.TCP_10-152-152-11_37982_75-101-155-12_1200_stream_0.pcap,tcp_0,tcp,0,FTP,nonTor,FileTransfer,FTP
nonTor_FileTransfer_FTP_none_1.pcap.TCP_10-152-152-11_38296_75-101-155-12_1832_stream_0.pcap,tcp_0,tcp,0,FTP,nonTor,FileTransfer,FTP
nonTor_FileTransfer_FTP_none_1.pcap.TCP_10-152-152-11_49055_75-101-155-12_1683_stream_0.pcap,tcp_0,tcp,0,FTP,nonTor,FileTransfer,FTP
nonTor_FileTransfer_FTP_none_1.pcap.TCP_10-152-152-10_9052_10-152-152-11_34191_stream_0.pcap,tcp_0,tcp,0,FTP,nonTor,FileTransfer,FTP
nonTor_FileTransfer_FTP_none_1.pcap.TCP_10-152-152-11_49254_75-101-155-12_1922_stream_0.pcap,tcp_0,tcp,0,FTP,nonTor,FileTransfer,FTP
nonTor_FileTransfer_FTP_none_1.pcap.TCP_10-152-152-11_34013_75-101-155-12_1971_stream_0.pcap,tcp_0,tcp,0,FTP,nonTor,FileTransfer,FTP
nonTor_FileTransfer_FTP_none_1.pcap.TCP_10-152-152-11_53804_75-101-155-12_1835_stream_0.pcap,tcp_0,tcp,0,FTP,nonTor,FileTransfer,FTP
nonTor_FileTransfer_FTP_none_1.pcap.TCP_10-152-152-11_52428_75-101-155-12_1276_stream_0.pcap,tcp_0,tcp,0,FTP,nonTor,FileTransfer,FTP
nonTor_FileTransfer_FTP_none_1.pcap.TCP_10-152-152-11_59925_75-101-155-12_1961_stream_0.pcap,tcp_0,tcp,0,FTP,nonTor,FileTransfer,FTP
nonTor_FileTransfer_FTP_none_1.pcap.TCP_10-152-152-11_60915_75-101-155-12_1570_stream_0.pcap,tcp_0,tcp,0,FTP,nonTor,FileTransfer,FTP
nonTor_FileTransfer_FTP_none_1.pcap.TCP_10-152-152-11_46239_75-101-155-12_1700_stream_0.pcap,tcp_0,tcp,0,FTP,nonTor,FileTransfer,FTP
nonTor_FileTransfer_FTP_none_1.pcap.TCP_10-152-152-11_39298_75-101-155-12_1815_stream_0.pcap,tcp_0,tcp,0,FTP,nonTor,FileTransfer,FTP
nonTor_FileTransfer_FTP_none_1.pcap.TCP_10-152-152-11_52126_75-101-155-12_1411_stream_0.pcap,tcp_0,tcp,0,FTP,nonTor,FileTransfer,FTP
nonTor_FileTransfer_FTP_none_1.pcap.TCP_10-152-152-11_54969_75-101-155-12_1289_stream_0.pcap,tcp_0,tcp,0,FTP,nonTor,FileTransfer,FTP
nonTor_FileTransfer_FTP_none_1.pcap.TCP_10-152-152-11_56324_75-101-155-12_1727_stream_0.pcap,tcp_0,tcp,0,FTP,nonTor,FileTransfer,FTP
nonTor_FileTransfer_FTP_none_1.pcap.TCP_10-152-152-11_36425_75-101-155-12_1757_stream_0.pcap,tcp_0,tcp,0,FTP,nonTor,FileTransfer,FTP
nonTor_FileTransfer_FTP_none_1.pcap.TCP_10-152-152-11_49331_75-101-155-12_1788_stream_0.pcap,tcp_0,tcp,0,FTP,nonTor,FileTransfer,FTP
nonTor_FileTransfer_FTP_none_1.pcap.TCP_10-152-152-11_56114_75-101-155-12_1518_stream_0.pcap,tcp_0,tcp,0,FTP,nonTor,FileTransfer,FTP
nonTor_FileTransfer_FTP_none_1.pcap.TCP_10-152-152-11_45433_75-101-155-12_1928_stream_0.pcap,tcp_0,tcp,0,FTP,nonTor,FileTransfer,FTP
nonTor_FileTransfer_FTP_none_1.pcap.TCP_10-152-152-11_40308_75-101-155-12_1851_stream_0.pcap,tcp_0,tcp,0,FTP,nonTor,FileTransfer,FTP
nonTor_FileTransfer_FTP_none_1.pcap.TCP_10-152-152-11_45378_75-101-155-12_1577_stream_0.pcap,tcp_0,tcp,0,FTP,nonTor,FileTransfer,FTP
nonTor_FileTransfer_FTP_none_1.pcap.TCP_10-152-152-11_54447_75-101-155-12_1693_stream_0.pcap,tcp_0,tcp,0,FTP,nonTor,FileTransfer,FTP
nonTor_FileTransfer_FTP_none_1.pcap.TCP_10-152-152-11_59594_75-101-155-12_1299_stream_0.pcap,tcp_0,tcp,0,FTP,nonTor,FileTransfer,FTP
nonTor_FileTransfer_FTP_none_1.pcap.TCP_10-152-152-11_56339_75-101-155-12_1780_stream_0.pcap,tcp_0,tcp,0,FTP,nonTor,FileTransfer,FTP
nonTor_FileTransfer_FTP_none_1.pcap.TCP_10-152-152-11_43931_75-101-155-12_1628_stream_0.pcap,tcp_0,tcp,0,FTP,nonTor,FileTransfer,FTP
nonTor_FileTransfer_FTP_none_1.pcap.TCP_10-152-152-11_50671_75-101-155-12_1681_stream_0.pcap,tcp_0,tcp,0,FTP,nonTor,FileTransfer,FTP
nonTor_FileTransfer_FTP_none_1.pcap.TCP_10-152-152-11_57931_75-101-155-12_1377_stream_0.pcap,tcp_0,tcp,0,FTP,nonTor,FileTransfer,FTP
nonTor_FileTransfer_FTP_none_1.pcap.TCP_10-152-152-11_46831_75-101-155-12_1743_stream_0.pcap,tcp_0,tcp,0,FTP,nonTor,FileTransfer,FTP
nonTor_FileTransfer_FTP_none_1.pcap.TCP_10-152-152-11_59704_75-101-155-12_1716_stream_0.pcap,tcp_0,tcp,0,FTP,nonTor,FileTransfer,FTP
nonTor_FileTransfer_FTP_none_1.pcap.TCP_10-152-152-11_46464_75-101-155-12_1275_stream_0.pcap,tcp_0,tcp,0,FTP,nonTor,FileTransfer,FTP
nonTor_FileTransfer_FTP_none_1.pcap.TCP_10-152-152-11_49911_75-101-155-12_1760_stream_0.pcap,tcp_0,tcp,0,FTP,nonTor,FileTransfer,FTP
nonTor_FileTransfer_FTP_none_1.pcap.TCP_10-152-152-11_50022_75-101-155-12_1603_stream_0.pcap,tcp_0,tcp,0,FTP,nonTor,FileTransfer,FTP
nonTor_FileTransfer_FTP_none_1.pcap.TCP_10-152-152-11_41179_75-101-155-12_1860_stream_0.pcap,tcp_0,tcp,0,FTP,nonTor,FileTransfer,FTP
nonTor_FileTransfer_FTP_none_1.pcap.TCP_10-152-152-11_45262_75-101-155-12_1849_stream_0.pcap,tcp_0,tcp,0,FTP,nonTor,FileTransfer,FTP
nonTor_FileTransfer_FTP_none_1.pcap.TCP_10-152-152-11_54597_75-101-155-12_1608_stream_0.pcap,tcp_0,tcp,0,FTP,nonTor,FileTransfer,FTP
nonTor_FileTransfer_FTP_none_1.pcap.TCP_10-152-152-11_34839_75-101-155-12_1539_stream_0.pcap,tcp_0,tcp,0,FTP,nonTor,FileTransfer,FTP
nonTor_FileTransfer_FTP_none_1.pcap.TCP_10-152-152-11_54252_75-101-155-12_1608_stream_0.pcap,tcp_0,tcp,0,FTP,nonTor,FileTransfer,FTP
nonTor_FileTransfer_FTP_none_1.pcap.TCP_10-152-152-11_44533_75-101-155-12_1420_stream_0.pcap,tcp_0,tcp,0,FTP,nonTor,FileTransfer,FTP
nonTor_FileTransfer_FTP_none_1.pcap.TCP_10-152-152-11_33349_75-101-155-12_1679_stream_0.pcap,tcp_0,tcp,0,FTP,nonTor,FileTransfer,FTP
nonTor_FileTransfer_FTP_none_1.pcap.TCP_10-152-152-11_53809_75-101-155-12_1372_stream_0.pcap,tcp_0,tcp,0,FTP,nonTor,FileTransfer,FTP
nonTor_FileTransfer_FTP_none_1.pcap.TCP_10-152-152-11_54072_75-101-155-12_1845_stream_0.pcap,tcp_0,tcp,0,FTP,nonTor,FileTransfer,FTP
nonTor_FileTransfer_FTP_none_1.pcap.TCP_10-152-152-11_49930_75-101-155-12_1984_stream_0.pcap,tcp_0,tcp,0,FTP,nonTor,FileTransfer,FTP
nonTor_FileTransfer_FTP_none_1.pcap.TCP_10-152-152-11_50925_75-101-155-12_1669_stream_0.pcap,tcp_0,tcp,0,FTP,nonTor,FileTransfer,FTP
nonTor_FileTransfer_FTP_none_1.pcap.TCP_10-152-152-11_43819_75-101-155-12_1748_stream_0.pcap,tcp_0,tcp,0,FTP,nonTor,FileTransfer,FTP
nonTor_FileTransfer_FTP_none_1.pcap.TCP_10-152-152-11_57818_75-101-155-12_1690_stream_0.pcap,tcp_0,tcp,0,FTP,nonTor,FileTransfer,FTP
nonTor_FileTransfer_FTP_none_1.pcap.TCP_10-152-152-11_56512_75-101-155-12_1515_stream_0.pcap,tcp_0,tcp,0,FTP,nonTor,FileTransfer,FTP
nonTor_FileTransfer_FTP_none_1.pcap.TCP_10-152-152-11_53916_75-101-155-12_1821_stream_0.pcap,tcp_0,tcp,0,FTP,nonTor,FileTransfer,FTP
nonTor_FileTransfer_FTP_none_1.pcap.TCP_10-152-152-11_50608_75-101-155-12_1603_stream_0.pcap,tcp_0,tcp,0,FTP,nonTor,FileTransfer,FTP
nonTor_FileTransfer_FTP_none_1.pcap.TCP_10-152-152-11_33649_75-101-155-12_1404_stream_0.pcap,tcp_0,tcp,0,FTP,nonTor,FileTransfer,FTP
nonTor_FileTransfer_FTP_none_1.pcap.TCP_10-152-152-11_57168_75-101-155-12_1544_stream_0.pcap,tcp_0,tcp,0,FTP,nonTor,FileTransfer,FTP
nonTor_FileTransfer_FTP_none_1.pcap.TCP_10-152-152-11_34038_75-101-155-12_1972_stream_0.pcap,tcp_0,tcp,0,FTP,nonTor,FileTransfer,FTP
nonTor_FileTransfer_FTP_none_1.pcap.TCP_10-152-152-11_35623_75-101-155-12_1722_stream_0.pcap,tcp_0,tcp,0,FTP,nonTor,FileTransfer,FTP
nonTor_FileTransfer_FTP_none_1.pcap.TCP_10-152-152-11_47003_75-101-155-12_1296_stream_0.pcap,tcp_0,tcp,0,FTP,nonTor,FileTransfer,FTP
nonTor_FileTransfer_FTP_none_1.pcap.TCP_10-152-152-11_39688_75-101-155-12_1807_stream_0.pcap,tcp_0,tcp,0,FTP,nonTor,FileTransfer,FTP
nonTor_FileTransfer_FTP_none_1.pcap.TCP_10-152-152-11_44375_75-101-155-12_1918_stream_0.pcap,tcp_0,tcp,0,FTP,nonTor,FileTransfer,FTP
nonTor_FileTransfer_FTP_none_1.pcap.TCP_10-152-152-11_37452_75-101-155-12_1508_stream_0.pcap,tcp_0,tcp,0,FTP,nonTor,FileTransfer,FTP
nonTor_FileTransfer_FTP_none_1.pcap.TCP_10-152-152-11_36722_75-101-155-12_1599_stream_0.pcap,tcp_0,tcp,0,FTP,nonTor,FileTransfer,FTP
nonTor_FileTransfer_FTP_none_1.pcap.TCP_10-152-152-11_45052_75-101-155-12_1257_stream_0.pcap,tcp_0,tcp,0,FTP,nonTor,FileTransfer,FTP
nonTor_FileTransfer_FTP_none_1.pcap.TCP_10-152-152-11_58713_75-101-155-12_1580_stream_0.pcap,tcp_0,tcp,0,FTP,nonTor,FileTransfer,FTP
nonTor_FileTransfer_FTP_none_1.pcap.TCP_10-152-152-11_50114_75-101-155-12_1871_stream_0.pcap,tcp_0,tcp,0,FTP,nonTor,FileTransfer,FTP
nonTor_FileTransfer_FTP_none_1.pcap.TCP_10-152-152-11_47882_75-101-155-12_1629_stream_0.pcap,tcp_0,tcp,0,FTP,nonTor,FileTransfer,FTP
nonTor_FileTransfer_FTP_none_1.pcap.TCP_10-152-152-11_38671_75-101-155-12_1302_stream_0.pcap,tcp_0,tcp,0,FTP,nonTor,FileTransfer,FTP
nonTor_FileTransfer_FTP_none_1.pcap.TCP_10-152-152-11_53923_75-101-155-12_1784_stream_0.pcap,tcp_0,tcp,0,FTP,nonTor,FileTransfer,FTP
nonTor_FileTransfer_FTP_none_1.pcap.TCP_10-152-152-11_60384_75-101-155-12_1869_stream_0.pcap,tcp_0,tcp,0,FTP,nonTor,FileTransfer,FTP
nonTor_FileTransfer_FTP_none_1.pcap.TCP_10-152-152-11_58100_75-101-155-12_1377_stream_0.pcap,tcp_0,tcp,0,FTP,nonTor,FileTransfer,FTP
nonTor_FileTransfer_FTP_none_1.pcap.TCP_10-152-152-11_48595_75-101-155-12_1417_stream_0.pcap,tcp_0,tcp,0,FTP,nonTor,FileTransfer,FTP
nonTor_FileTransfer_FTP_none_1.pcap.TCP_10-152-152-11_47325_75-101-155-12_1919_stream_0.pcap,tcp_0,tcp,0,FTP,nonTor,FileTransfer,FTP
nonTor_FileTransfer_FTP_none_1.pcap.TCP_10-152-152-11_59130_75-101-155-12_1234_stream_0.pcap,tcp_0,tcp,0,FTP,nonTor,FileTransfer,FTP
nonTor_FileTransfer_FTP_none_1.pcap.TCP_10-152-152-11_41311_75-101-155-12_1615_stream_0.pcap,tcp_0,tcp,0,FTP,nonTor,FileTransfer,FTP
nonTor_FileTransfer_FTP_none_1.pcap.TCP_10-152-152-11_45648_75-101-155-12_1798_stream_0.pcap,tcp_0,tcp,0,FTP,nonTor,FileTransfer,FTP
nonTor_FileTransfer_FTP_none_1.pcap.TCP_10-152-152-11_50332_75-101-155-12_1378_stream_0.pcap,tcp_0,tcp,0,FTP,nonTor,FileTransfer,FTP
nonTor_FileTransfer_FTP_none_1.pcap.TCP_10-152-152-11_33027_75-101-155-12_1565_stream_0.pcap,tcp_0,tcp,0,FTP,nonTor,FileTransfer,FTP
nonTor_FileTransfer_FTP_none_1.pcap.TCP_10-152-152-11_56738_75-101-155-12_1997_stream_0.pcap,tcp_0,tcp,0,FTP,nonTor,FileTransfer,FTP
nonTor_FileTransfer_FTP_none_1.pcap.TCP_10-152-152-11_40558_75-101-155-12_1823_stream_0.pcap,tcp_0,tcp,0,FTP,nonTor,FileTransfer,FTP
nonTor_FileTransfer_FTP_none_1.pcap.TCP_10-152-152-11_57948_75-101-155-12_1870_stream_0.pcap,tcp_0,tcp,0,FTP,nonTor,FileTransfer,FTP
nonTor_FileTransfer_FTP_none_1.pcap.TCP_10-152-152-11_45723_75-101-155-12_1830_stream_0.pcap,tcp_0,tcp,0,FTP,nonTor,FileTransfer,FTP
nonTor_FileTransfer_FTP_none_1.pcap.TCP_10-152-152-11_33603_75-101-155-12_1889_stream_0.pcap,tcp_0,tcp,0,FTP,nonTor,FileTransfer,FTP
nonTor_FileTransfer_FTP_none_1.pcap.TCP_10-152-152-10_9052_10-152-152-11_34212_stream_0.pcap,tcp_0,tcp,0,FTP,nonTor,FileTransfer,FTP
nonTor_FileTransfer_FTP_none_1.pcap.TCP_10-152-152-11_34931_75-101-155-12_21_stream_0.pcap,tcp_0,tcp,0,FTP,nonTor,FileTransfer,FTP
nonTor_FileTransfer_FTP_none_1.pcap.TCP_10-152-152-11_55933_75-101-155-12_1831_stream_0.pcap,tcp_0,tcp,0,FTP,nonTor,FileTransfer,FTP
nonTor_FileTransfer_FTP_none_1.pcap.TCP_10-152-152-11_33641_75-101-155-12_1723_stream_0.pcap,tcp_0,tcp,0,FTP,nonTor,FileTransfer,FTP
nonTor_FileTransfer_FTP_none_1.pcap.TCP_10-152-152-11_41474_75-101-155-12_1936_stream_0.pcap,tcp_0,tcp,0,FTP,nonTor,FileTransfer,FTP
nonTor_FileTransfer_FTP_none_1.pcap.TCP_10-152-152-11_52523_75-101-155-12_1804_stream_0.pcap,tcp_0,tcp,0,FTP,nonTor,FileTransfer,FTP
nonTor_FileTransfer_FTP_none_1.pcap.TCP_10-152-152-11_38458_75-101-155-12_1764_stream_0.pcap,tcp_0,tcp,0,FTP,nonTor,FileTransfer,FTP
nonTor_FileTransfer_FTP_none_1.pcap.TCP_10-152-152-11_49056_75-101-155-12_1699_stream_0.pcap,tcp_0,tcp,0,FTP,nonTor,FileTransfer,FTP
nonTor_FileTransfer_FTP_none_1.pcap.TCP_10-152-152-11_34208_75-101-155-12_1472_stream_0.pcap,tcp_0,tcp,0,FTP,nonTor,FileTransfer,FTP
nonTor_FileTransfer_FTP_none_1.pcap.TCP_10-152-152-11_40057_75-101-155-12_1989_stream_0.pcap,tcp_0,tcp,0,FTP,nonTor,FileTransfer,FTP
nonTor_FileTransfer_FTP_none_1.pcap.TCP_10-152-152-11_52624_75-101-155-12_1421_stream_0.pcap,tcp_0,tcp,0,FTP,nonTor,FileTransfer,FTP
nonTor_FileTransfer_FTP_none_1.pcap.TCP_10-152-152-11_36108_75-101-155-12_1898_stream_0.pcap,tcp_0,tcp,0,FTP,nonTor,FileTransfer,FTP
nonTor_FileTransfer_FTP_none_1.pcap.TCP_10-152-152-11_56807_75-101-155-12_1224_stream_0.pcap,tcp_0,tcp,0,FTP,nonTor,FileTransfer,FTP
nonTor_FileTransfer_FTP_none_1.pcap.TCP_10-152-152-11_46037_75-101-155-12_1830_stream_0.pcap,tcp_0,tcp,0,FTP,nonTor,FileTransfer,FTP
nonTor_FileTransfer_FTP_none_1.pcap.TCP_10-152-152-11_60194_75-101-155-12_1942_stream_0.pcap,tcp_0,tcp,0,FTP,nonTor,FileTransfer,FTP
nonTor_FileTransfer_FTP_none_1.pcap.TCP_10-152-152-11_42019_75-101-155-12_1983_stream_0.pcap,tcp_0,tcp,0,FTP,nonTor,FileTransfer,FTP
nonTor_FileTransfer_FTP_none_1.pcap.TCP_10-152-152-11_56179_75-101-155-12_1771_stream_0.pcap,tcp_0,tcp,0,FTP,nonTor,FileTransfer,FTP
nonTor_FileTransfer_FTP_none_1.pcap.TCP_10-152-152-11_33683_75-101-155-12_1331_stream_0.pcap,tcp_0,tcp,0,FTP,nonTor,FileTransfer,FTP
nonTor_FileTransfer_FTP_none_1.pcap.TCP_10-152-152-11_44842_75-101-155-12_1476_stream_0.pcap,tcp_0,tcp,0,FTP,nonTor,FileTransfer,FTP
nonTor_FileTransfer_FTP_none_1.pcap.TCP_10-152-152-11_57370_75-101-155-12_1734_stream_0.pcap,tcp_0,tcp,0,FTP,nonTor,FileTransfer,FTP
nonTor_FileTransfer_FTP_none_1.pcap.TCP_10-152-152-11_43563_75-101-155-12_1685_stream_0.pcap,tcp_0,tcp,0,FTP,nonTor,FileTransfer,FTP
nonTor_FileTransfer_FTP_none_1.pcap.TCP_10-152-152-11_47714_75-101-155-12_1358_stream_0.pcap,tcp_0,tcp,0,FTP,nonTor,FileTransfer,FTP
nonTor_FileTransfer_FTP_none_1.pcap.TCP_10-152-152-11_40266_75-101-155-12_1860_stream_0.pcap,tcp_0,tcp,0,FTP,nonTor,FileTransfer,FTP
nonTor_FileTransfer_FTP_none_1.pcap.TCP_10-152-152-11_55572_75-101-155-12_1659_stream_0.pcap,tcp_0,tcp,0,FTP,nonTor,FileTransfer,FTP
nonTor_FileTransfer_FTP_none_1.pcap.TCP_10-152-152-11_59816_75-101-155-12_1954_stream_0.pcap,tcp_0,tcp,0,FTP,nonTor,FileTransfer,FTP
nonTor_FileTransfer_FTP_none_1.pcap.TCP_10-152-152-11_46701_75-101-155-12_1741_stream_0.pcap,tcp_0,tcp,0,FTP,nonTor,FileTransfer,FTP
nonTor_FileTransfer_FTP_none_1.pcap.TCP_10-152-152-11_36941_75-101-155-12_1834_stream_0.pcap,tcp_0,tcp,0,FTP,nonTor,FileTransfer,FTP
nonTor_FileTransfer_FTP_none_1.pcap.TCP_10-152-152-11_40122_75-101-155-12_1666_stream_0.pcap,tcp_0,tcp,0,FTP,nonTor,FileTransfer,FTP
nonTor_FileTransfer_FTP_none_1.pcap.TCP_10-152-152-11_43403_75-101-155-12_1797_stream_0.pcap,tcp_0,tcp,0,FTP,nonTor,FileTransfer,FTP
nonTor_FileTransfer_FTP_none_1.pcap.TCP_10-152-152-11_52891_75-101-155-12_1588_stream_0.pcap,tcp_0,tcp,0,FTP,nonTor,FileTransfer,FTP
nonTor_FileTransfer_FTP_none_1.pcap.TCP_10-152-152-11_43149_75-101-155-12_1589_stream_0.pcap,tcp_0,tcp,0,FTP,nonTor,FileTransfer,FTP
nonTor_FileTransfer_FTP_none_1.pcap.TCP_10-152-152-11_46169_75-101-155-12_1739_stream_0.pcap,tcp_0,tcp,0,FTP,nonTor,FileTransfer,FTP
nonTor_FileTransfer_FTP_none_1.pcap.TCP_10-152-152-11_41345_75-101-155-12_1615_stream_0.pcap,tcp_0,tcp,0,FTP,nonTor,FileTransfer,FTP
nonTor_FileTransfer_FTP_none_1.pcap.TCP_10-152-152-11_35263_75-101-155-12_1744_stream_0.pcap,tcp_0,tcp,0,FTP,nonTor,FileTransfer,FTP
nonTor_FileTransfer_FTP_none_1.pcap.TCP_10-152-152-11_38298_75-101-155-12_1614_stream_0.pcap,tcp_0,tcp,0,FTP,nonTor,FileTransfer,FTP
nonTor_FileTransfer_FTP_none_1.pcap.TCP_10-152-152-11_59849_75-101-155-12_1556_stream_0.pcap,tcp_0,tcp,0,FTP,nonTor,FileTransfer,FTP
nonTor_FileTransfer_FTP_none_1.pcap.TCP_10-152-152-11_45431_75-101-155-12_1959_stream_0.pcap,tcp_0,tcp,0,FTP,nonTor,FileTransfer,FTP
nonTor_FileTransfer_FTP_none_1.pcap.TCP_10-152-152-11_39222_75-101-155-12_1444_stream_0.pcap,tcp_0,tcp,0,FTP,nonTor,FileTransfer,FTP
nonTor_FileTransfer_FTP_none_1.pcap.TCP_10-152-152-11_39636_75-101-155-12_1466_stream_0.pcap,tcp_0,tcp,0,FTP,nonTor,FileTransfer,FTP
nonTor_FileTransfer_FTP_none_1.pcap.TCP_10-152-152-11_59690_75-101-155-12_1222_stream_0.pcap,tcp_0,tcp,0,FTP,nonTor,FileTransfer,FTP
nonTor_FileTransfer_FTP_none_1.pcap.TCP_10-152-152-11_35026_75-101-155-12_1617_stream_0.pcap,tcp_0,tcp,0,FTP,nonTor,FileTransfer,FTP
nonTor_FileTransfer_FTP_none_1.pcap.TCP_10-152-152-11_60782_75-101-155-12_1869_stream_0.pcap,tcp_0,tcp,0,FTP,nonTor,FileTransfer,FTP
nonTor_FileTransfer_FTP_none_1.pcap.TCP_10-152-152-11_38405_75-101-155-12_1520_stream_0.pcap,tcp_0,tcp,0,FTP,nonTor,FileTransfer,FTP
nonTor_FileTransfer_FTP_none_1.pcap.TCP_10-152-152-11_33550_75-101-155-12_1955_stream_0.pcap,tcp_0,tcp,0,FTP,nonTor,FileTransfer,FTP
nonTor_FileTransfer_FTP_none_1.pcap.TCP_10-152-152-11_60071_75-101-155-12_1242_stream_0.pcap,tcp_0,tcp,0,FTP,nonTor,FileTransfer,FTP
nonTor_FileTransfer_FTP_none_1.pcap.TCP_10-152-152-11_44239_75-101-155-12_1437_stream_0.pcap,tcp_0,tcp,0,FTP,nonTor,FileTransfer,FTP
nonTor_FileTransfer_FTP_none_1.pcap.TCP_10-152-152-11_37771_75-101-155-12_1721_stream_0.pcap,tcp_0,tcp,0,FTP,nonTor,FileTransfer,FTP
nonTor_FileTransfer_FTP_none_1.pcap.TCP_10-152-152-11_56496_75-101-155-12_1841_stream_0.pcap,tcp_0,tcp,0,FTP,nonTor,FileTransfer,FTP
nonTor_FileTransfer_FTP_none_1.pcap.TCP_10-152-152-11_37526_75-101-155-12_1757_stream_0.pcap,tcp_0,tcp,0,FTP,nonTor,FileTransfer,FTP
nonTor_FileTransfer_FTP_none_1.pcap.TCP_10-152-152-11_48135_75-101-155-12_1829_stream_0.pcap,tcp_0,tcp,0,FTP,nonTor,FileTransfer,FTP
nonTor_FileTransfer_FTP_none_1.pcap.TCP_10-152-152-11_35591_75-101-155-12_1907_stream_0.pcap,tcp_0,tcp,0,FTP,nonTor,FileTransfer,FTP
nonTor_FileTransfer_FTP_none_1.pcap.TCP_10-152-152-11_51342_75-101-155-12_1562_stream_0.pcap,tcp_0,tcp,0,FTP,nonTor,FileTransfer,FTP
nonTor_FileTransfer_FTP_none_1.pcap.TCP_10-152-152-11_35219_75-101-155-12_1202_stream_0.pcap,tcp_0,tcp,0,FTP,nonTor,FileTransfer,FTP
nonTor_FileTransfer_FTP_none_1.pcap.TCP_10-152-152-11_46690_75-101-155-12_1334_stream_0.pcap,tcp_0,tcp,0,FTP,nonTor,FileTransfer,FTP
nonTor_FileTransfer_FTP_none_1.pcap.TCP_10-152-152-11_53318_75-101-155-12_1227_stream_0.pcap,tcp_0,tcp,0,FTP,nonTor,FileTransfer,FTP
nonTor_FileTransfer_FTP_none_1.pcap.TCP_10-152-152-11_35893_75-101-155-12_1202_stream_0.pcap,tcp_0,tcp,0,FTP,nonTor,FileTransfer,FTP
nonTor_FileTransfer_FTP_none_1.pcap.TCP_10-152-152-10_9110_10-152-152-11_40076_stream_0.pcap,tcp_0,tcp,0,FTP,nonTor,FileTransfer,FTP
nonTor_FileTransfer_FTP_none_1.pcap.TCP_10-152-152-11_52977_75-101-155-12_1840_stream_0.pcap,tcp_0,tcp,0,FTP,nonTor,FileTransfer,FTP
nonTor_FileTransfer_FTP_none_1.pcap.TCP_10-152-152-11_59653_75-101-155-12_1618_stream_0.pcap,tcp_0,tcp,0,FTP,nonTor,FileTransfer,FTP
nonTor_FileTransfer_FTP_none_1.pcap.TCP_10-152-152-11_41729_75-101-155-12_1667_stream_0.pcap,tcp_0,tcp,0,FTP,nonTor,FileTransfer,FTP
nonTor_FileTransfer_FTP_none_1.pcap.TCP_10-152-152-11_55755_75-101-155-12_1583_stream_0.pcap,tcp_0,tcp,0,FTP,nonTor,FileTransfer,FTP
nonTor_FileTransfer_FTP_none_1.pcap.TCP_10-152-152-11_52270_75-101-155-12_1896_stream_0.pcap,tcp_0,tcp,0,FTP,nonTor,FileTransfer,FTP
nonTor_FileTransfer_FTP_none_1.pcap.TCP_10-152-152-11_59791_75-101-155-12_1869_stream_0.pcap,tcp_0,tcp,0,FTP,nonTor,FileTransfer,FTP
nonTor_FileTransfer_FTP_none_1.pcap.TCP_10-152-152-11_38373_75-101-155-12_1319_stream_0.pcap,tcp_0,tcp,0,FTP,nonTor,FileTransfer,FTP
nonTor_FileTransfer_FTP_none_1.pcap.TCP_10-152-152-11_33075_75-101-155-12_1895_stream_0.pcap,tcp_0,tcp,0,FTP,nonTor,FileTransfer,FTP
nonTor_FileTransfer_FTP_none_1.pcap.TCP_10-152-152-11_36511_75-101-155-12_1732_stream_0.pcap,tcp_0,tcp,0,FTP,nonTor,FileTransfer,FTP
nonTor_FileTransfer_FTP_none_1.pcap.TCP_10-152-152-11_46459_75-101-155-12_1709_stream_0.pcap,tcp_0,tcp,0,FTP,nonTor,FileTransfer,FTP
nonTor_FileTransfer_FTP_none_1.pcap.TCP_10-152-152-11_34318_75-101-155-12_21_stream_0.pcap,tcp_0,tcp,0,FTP,nonTor,FileTransfer,FTP
nonTor_FileTransfer_FTP_none_1.pcap.TCP_10-152-152-11_54866_75-101-155-12_1784_stream_0.pcap,tcp_0,tcp,0,FTP,nonTor,FileTransfer,FTP
nonTor_FileTransfer_FTP_none_1.pcap.TCP_10-152-152-11_55476_75-101-155-12_1327_stream_0.pcap,tcp_0,tcp,0,FTP,nonTor,FileTransfer,FTP
nonTor_FileTransfer_FTP_none_1.pcap.TCP_10-152-152-11_50062_75-101-155-12_1984_stream_0.pcap,tcp_0,tcp,0,FTP,nonTor,FileTransfer,FTP
nonTor_FileTransfer_FTP_none_1.pcap.TCP_10-152-152-11_43151_75-101-155-12_1469_stream_0.pcap,tcp_0,tcp,0,FTP,nonTor,FileTransfer,FTP
nonTor_FileTransfer_FTP_none_1.pcap.TCP_10-152-152-11_45837_75-101-155-12_1855_stream_0.pcap,tcp_0,tcp,0,FTP,nonTor,FileTransfer,FTP
nonTor_FileTransfer_FTP_none_1.pcap.TCP_10-152-152-11_33464_75-101-155-12_1479_stream_0.pcap,tcp_0,tcp,0,FTP,nonTor,FileTransfer,FTP
nonTor_FileTransfer_FTP_none_1.pcap.TCP_10-152-152-11_50706_75-101-155-12_1517_stream_0.pcap,tcp_0,tcp,0,FTP,nonTor,FileTransfer,FTP
nonTor_FileTransfer_FTP_none_1.pcap.TCP_10-152-152-11_33792_75-101-155-12_1723_stream_0.pcap,tcp_0,tcp,0,FTP,nonTor,FileTransfer,FTP
nonTor_FileTransfer_FTP_none_1.pcap.TCP_10-152-152-11_45249_75-101-155-12_1888_stream_0.pcap,tcp_0,tcp,0,FTP,nonTor,FileTransfer,FTP
nonTor_FileTransfer_FTP_none_1.pcap.TCP_10-152-152-11_46605_75-101-155-12_1741_stream_0.pcap,tcp_0,tcp,0,FTP,nonTor,FileTransfer,FTP
nonTor_FileTransfer_FTP_none_1.pcap.TCP_10-152-152-11_60321_75-101-155-12_1219_stream_0.pcap,tcp_0,tcp,0,FTP,nonTor,FileTransfer,FTP
nonTor_FileTransfer_FTP_none_1.pcap.TCP_10-152-152-11_54330_75-101-155-12_1953_stream_0.pcap,tcp_0,tcp,0,FTP,nonTor,FileTransfer,FTP
nonTor_FileTransfer_FTP_none_1.pcap.TCP_10-152-152-11_37748_75-101-155-12_1329_stream_0.pcap,tcp_0,tcp,0,FTP,nonTor,FileTransfer,FTP
nonTor_FileTransfer_FTP_none_1.pcap.TCP_10-152-152-11_42196_75-101-155-12_1765_stream_0.pcap,tcp_0,tcp,0,FTP,nonTor,FileTransfer,FTP
nonTor_FileTransfer_FTP_none_1.pcap.TCP_10-152-152-11_53555_75-101-155-12_1465_stream_0.pcap,tcp_0,tcp,0,FTP,nonTor,FileTransfer,FTP
nonTor_FileTransfer_FTP_none_1.pcap.TCP_10-152-152-11_39730_75-101-155-12_1807_stream_0.pcap,tcp_0,tcp,0,FTP,nonTor,FileTransfer,FTP
nonTor_FileTransfer_FTP_none_1.pcap.TCP_10-152-152-11_34566_75-101-155-12_1789_stream_0.pcap,tcp_0,tcp,0,FTP,nonTor,FileTransfer,FTP
nonTor_FileTransfer_FTP_none_1.pcap.TCP_10-152-152-11_51563_75-101-155-12_1681_stream_0.pcap,tcp_0,tcp,0,FTP,nonTor,FileTransfer,FTP
nonTor_FileTransfer_FTP_none_1.pcap.TCP_10-152-152-11_59050_75-101-155-12_1580_stream_0.pcap,tcp_0,tcp,0,FTP,nonTor,FileTransfer,FTP
nonTor_FileTransfer_FTP_none_1.pcap.TCP_10-152-152-11_59345_75-101-155-12_1471_stream_0.pcap,tcp_0,tcp,0,FTP,nonTor,FileTransfer,FTP
nonTor_FileTransfer_FTP_none_1.pcap.TCP_10-152-152-11_58029_75-101-155-12_1224_stream_0.pcap,tcp_0,tcp,0,FTP,nonTor,FileTransfer,FTP
nonTor_FileTransfer_FTP_none_1.pcap.TCP_10-152-152-11_49825_75-101-155-12_1678_stream_0.pcap,tcp_0,tcp,0,FTP,nonTor,FileTransfer,FTP
nonTor_FileTransfer_FTP_none_1.pcap.TCP_10-152-152-11_43692_75-101-155-12_1809_stream_0.pcap,tcp_0,tcp,0,FTP,nonTor,FileTransfer,FTP
nonTor_FileTransfer_FTP_none_1.pcap.TCP_10-152-152-11_43537_75-101-155-12_1309_stream_0.pcap,tcp_0,tcp,0,FTP,nonTor,FileTransfer,FTP
nonTor_FileTransfer_FTP_none_1.pcap.TCP_10-152-152-11_60070_75-101-155-12_1958_stream_0.pcap,tcp_0,tcp,0,FTP,nonTor,FileTransfer,FTP
nonTor_FileTransfer_FTP_none_1.pcap.TCP_10-152-152-11_36188_75-101-155-12_1985_stream_0.pcap,tcp_0,tcp,0,FTP,nonTor,FileTransfer,FTP
nonTor_FileTransfer_FTP_none_1.pcap.TCP_10-152-152-11_48355_75-101-155-12_1714_stream_0.pcap,tcp_0,tcp,0,FTP,nonTor,FileTransfer,FTP
nonTor_FileTransfer_FTP_none_1.pcap.TCP_10-152-152-11_40708_75-101-155-12_1850_stream_0.pcap,tcp_0,tcp,0,FTP,nonTor,FileTransfer,FTP
nonTor_FileTransfer_FTP_none_1.pcap.TCP_10-152-152-11_40155_75-101-155-12_1646_stream_0.pcap,tcp_0,tcp,0,FTP,nonTor,FileTransfer,FTP
nonTor_FileTransfer_FTP_none_1.pcap.TCP_10-152-152-11_56563_75-101-155-12_1771_stream_0.pcap,tcp_0,tcp,0,FTP,nonTor,FileTransfer,FTP
nonTor_FileTransfer_FTP_none_1.pcap.TCP_10-152-152-11_52709_75-101-155-12_1542_stream_0.pcap,tcp_0,tcp,0,FTP,nonTor,FileTransfer,FTP
nonTor_FileTransfer_FTP_none_1.pcap.TCP_10-152-152-11_44684_75-101-155-12_1888_stream_0.pcap,tcp_0,tcp,0,FTP,nonTor,FileTransfer,FTP
nonTor_FileTransfer_FTP_none_1.pcap.TCP_10-152-152-11_57982_75-101-155-12_1734_stream_0.pcap,tcp_0,tcp,0,FTP,nonTor,FileTransfer,FTP
nonTor_FileTransfer_FTP_none_1.pcap.TCP_10-152-152-11_37953_75-101-155-12_1463_stream_0.pcap,tcp_0,tcp,0,FTP,nonTor,FileTransfer,FTP
nonTor_FileTransfer_FTP_none_1.pcap.TCP_10-152-152-11_54231_75-101-155-12_1866_stream_0.pcap,tcp_0,tcp,0,FTP,nonTor,FileTransfer,FTP
nonTor_FileTransfer_FTP_none_1.pcap.TCP_10-152-152-11_33898_75-101-155-12_1331_stream_0.pcap,tcp_0,tcp,0,FTP,nonTor,FileTransfer,FTP
nonTor_FileTransfer_FTP_none_1.pcap.TCP_10-152-152-11_44288_75-101-155-12_1650_stream_0.pcap,tcp_0,tcp,0,FTP,nonTor,FileTransfer,FTP
nonTor_FileTransfer_FTP_none_1.pcap.TCP_10-152-152-11_44663_75-101-155-12_1420_stream_0.pcap,tcp_0,tcp,0,FTP,nonTor,FileTransfer,FTP
nonTor_FileTransfer_FTP_none_1.pcap.TCP_10-152-152-11_51625_75-101-155-12_1669_stream_0.pcap,tcp_0,tcp,0,FTP,nonTor,FileTransfer,FTP
nonTor_FileTransfer_FTP_none_1.pcap.TCP_10-152-152-11_38704_75-101-155-12_1783_stream_0.pcap,tcp_0,tcp,0,FTP,nonTor,FileTransfer,FTP
nonTor_FileTransfer_FTP_none_1.pcap.TCP_10-152-152-11_55468_75-101-155-12_1371_stream_0.pcap,tcp_0,tcp,0,FTP,nonTor,FileTransfer,FTP
nonTor_FileTransfer_FTP_none_1.pcap.TCP_10-152-152-11_59852_75-101-155-12_1695_stream_0.pcap,tcp_0,tcp,0,FTP,nonTor,FileTransfer,FTP
nonTor_FileTransfer_FTP_none_1.pcap.TCP_10-152-152-11_57020_75-101-155-12_1523_stream_0.pcap,tcp_0,tcp,0,FTP,nonTor,FileTransfer,FTP
nonTor_FileTransfer_FTP_none_1.pcap.TCP_10-152-152-11_59103_75-101-155-12_1961_stream_0.pcap,tcp_0,tcp,0,FTP,nonTor,FileTransfer,FTP
nonTor_FileTransfer_FTP_none_1.pcap.TCP_10-152-152-11_35140_75-101-155-12_1617_stream_0.pcap,tcp_0,tcp,0,FTP,nonTor,FileTransfer,FTP
nonTor_FileTransfer_FTP_none_1.pcap.TCP_10-152-152-11_53694_75-101-155-12_1489_stream_0.pcap,tcp_0,tcp,0,FTP,nonTor,FileTransfer,FTP
nonTor_FileTransfer_FTP_none_1.pcap.TCP_10-152-152-11_34312_75-101-155-12_21_stream_0.pcap,tcp_0,tcp,0,FTP,nonTor,FileTransfer,FTP
nonTor_FileTransfer_FTP_none_1.pcap.TCP_10-152-152-11_59091_75-101-155-12_1927_stream_0.pcap,tcp_0,tcp,0,FTP,nonTor,FileTransfer,FTP
nonTor_FileTransfer_FTP_none_1.pcap.TCP_10-152-152-11_35251_75-101-155-12_1481_stream_0.pcap,tcp_0,tcp,0,FTP,nonTor,FileTransfer,FTP
nonTor_FileTransfer_FTP_none_1.pcap.TCP_10-152-152-11_43381_75-101-155-12_1249_stream_0.pcap,tcp_0,tcp,0,FTP,nonTor,FileTransfer,FTP
nonTor_FileTransfer_FTP_none_1.pcap.TCP_10-152-152-11_41836_75-101-155-12_1312_stream_0.pcap,tcp_0,tcp,0,FTP,nonTor,FileTransfer,FTP
nonTor_FileTransfer_FTP_none_1.pcap.TCP_10-152-152-11_55591_75-101-155-12_1284_stream_0.pcap,tcp_0,tcp,0,FTP,nonTor,FileTransfer,FTP
nonTor_FileTransfer_FTP_none_1.pcap.TCP_10-152-152-11_39681_75-101-155-12_1807_stream_0.pcap,tcp_0,tcp,0,FTP,nonTor,FileTransfer,FTP
nonTor_FileTransfer_FTP_none_1.pcap.TCP_10-152-152-11_54503_75-101-155-12_1320_stream_0.pcap,tcp_0,tcp,0,FTP,nonTor,FileTransfer,FTP
nonTor_FileTransfer_FTP_none_1.pcap.TCP_10-152-152-11_38212_75-101-155-12_1815_stream_0.pcap,tcp_0,tcp,0,FTP,nonTor,FileTransfer,FTP
nonTor_FileTransfer_FTP_none_1.pcap.TCP_10-152-152-11_57727_75-101-155-12_1944_stream_0.pcap,tcp_0,tcp,0,FTP,nonTor,FileTransfer,FTP
nonTor_FileTransfer_FTP_none_1.pcap.TCP_10-152-152-11_33486_75-101-155-12_1656_stream_0.pcap,tcp_0,tcp,0,FTP,nonTor,FileTransfer,FTP
nonTor_FileTransfer_FTP_none_1.pcap.TCP_10-152-152-11_59496_75-101-155-12_1869_stream_0.pcap,tcp_0,tcp,0,FTP,nonTor,FileTransfer,FTP
nonTor_FileTransfer_FTP_none_1.pcap.TCP_10-152-152-11_57995_75-101-155-12_1380_stream_0.pcap,tcp_0,tcp,0,FTP,nonTor,FileTransfer,FTP
nonTor_FileTransfer_FTP_none_1.pcap.TCP_10-152-152-11_35132_75-101-155-12_1493_stream_0.pcap,tcp_0,tcp,0,FTP,nonTor,FileTransfer,FTP
nonTor_FileTransfer_FTP_none_1.pcap.TCP_10-152-152-11_44872_75-101-155-12_1293_stream_0.pcap,tcp_0,tcp,0,FTP,nonTor,FileTransfer,FTP
nonTor_FileTransfer_FTP_none_1.pcap.TCP_10-152-152-11_53348_75-101-155-12_1353_stream_0.pcap,tcp_0,tcp,0,FTP,nonTor,FileTransfer,FTP
nonTor_FileTransfer_FTP_none_1.pcap.TCP_10-152-152-11_53442_75-101-155-12_1399_stream_0.pcap,tcp_0,tcp,0,FTP,nonTor,FileTransfer,FTP
nonTor_FileTransfer_FTP_none_1.pcap.TCP_10-152-152-11_52254_75-101-155-12_1890_stream_0.pcap,tcp_0,tcp,0,FTP,nonTor,FileTransfer,FTP
nonTor_FileTransfer_FTP_none_1.pcap.TCP_10-152-152-11_54495_75-101-155-12_1693_stream_0.pcap,tcp_0,tcp,0,FTP,nonTor,FileTransfer,FTP
nonTor_FileTransfer_FTP_none_1.pcap.TCP_10-152-152-11_35177_75-101-155-12_1456_stream_0.pcap,tcp_0,tcp,0,FTP,nonTor,FileTransfer,FTP
nonTor_FileTransfer_FTP_none_1.pcap.TCP_10-152-152-11_34416_75-101-155-12_1794_stream_0.pcap,tcp_0,tcp,0,FTP,nonTor,FileTransfer,FTP
nonTor_FileTransfer_FTP_none_1.pcap.TCP_10-152-152-11_49764_75-101-155-12_1305_stream_0.pcap,tcp_0,tcp,0,FTP,nonTor,FileTransfer,FTP
nonTor_FileTransfer_FTP_none_1.pcap.TCP_10-152-152-11_58166_75-101-155-12_1467_stream_0.pcap,tcp_0,tcp,0,FTP,nonTor,FileTransfer,FTP
nonTor_FileTransfer_FTP_none_1.pcap.TCP_10-152-152-11_53728_75-101-155-12_1917_stream_0.pcap,tcp_0,tcp,0,FTP,nonTor,FileTransfer,FTP
nonTor_FileTransfer_FTP_none_1.pcap.TCP_10-152-152-11_60131_75-101-155-12_1209_stream_0.pcap,tcp_0,tcp,0,FTP,nonTor,FileTransfer,FTP
nonTor_FileTransfer_FTP_none_1.pcap.TCP_10-152-152-11_44626_75-101-155-12_1303_stream_0.pcap,tcp_0,tcp,0,FTP,nonTor,FileTransfer,FTP
nonTor_FileTransfer_FTP_none_1.pcap.TCP_10-152-152-11_37648_75-101-155-12_1395_stream_0.pcap,tcp_0,tcp,0,FTP,nonTor,FileTransfer,FTP
nonTor_FileTransfer_FTP_none_1.pcap.TCP_10-152-152-11_37021_75-101-155-12_1543_stream_0.pcap,tcp_0,tcp,0,FTP,nonTor,FileTransfer,FTP
nonTor_FileTransfer_FTP_none_1.pcap.TCP_10-152-152-11_49955_75-101-155-12_1532_stream_0.pcap,tcp_0,tcp,0,FTP,nonTor,FileTransfer,FTP
nonTor_FileTransfer_FTP_none_1.pcap.TCP_10-152-152-11_47982_75-101-155-12_1816_stream_0.pcap,tcp_0,tcp,0,FTP,nonTor,FileTransfer,FTP
nonTor_FileTransfer_FTP_none_1.pcap.TCP_10-152-152-11_55454_75-101-155-12_1659_stream_0.pcap,tcp_0,tcp,0,FTP,nonTor,FileTransfer,FTP
nonTor_FileTransfer_FTP_none_1.pcap.TCP_10-152-152-11_44920_75-101-155-12_1303_stream_0.pcap,tcp_0,tcp,0,FTP,nonTor,FileTransfer,FTP
nonTor_FileTransfer_FTP_none_1.pcap.TCP_10-152-152-11_46201_75-101-155-12_1849_stream_0.pcap,tcp_0,tcp,0,FTP,nonTor,FileTransfer,FTP
nonTor_FileTransfer_FTP_none_1.pcap.TCP_10-152-152-11_55770_75-101-155-12_1844_stream_0.pcap,tcp_0,tcp,0,FTP,nonTor,FileTransfer,FTP
nonTor_FileTransfer_FTP_none_1.pcap.TCP_10-152-152-11_53554_75-101-155-12_1399_stream_0.pcap,tcp_0,tcp,0,FTP,nonTor,FileTransfer,FTP
nonTor_FileTransfer_FTP_none_1.pcap.TCP_10-152-152-11_41269_75-101-155-12_1667_stream_0.pcap,tcp_0,tcp,0,FTP,nonTor,FileTransfer,FTP
nonTor_FileTransfer_FTP_none_1.pcap.TCP_10-152-152-11_57182_75-101-155-12_1950_stream_0.pcap,tcp_0,tcp,0,FTP,nonTor,FileTransfer,FTP
nonTor_FileTransfer_FTP_none_1.pcap.TCP_10-152-152-11_50697_75-101-155-12_1297_stream_0.pcap,tcp_0,tcp,0,FTP,nonTor,FileTransfer,FTP
nonTor_FileTransfer_FTP_none_1.pcap.TCP_10-152-152-11_41374_75-101-155-12_1340_stream_0.pcap,tcp_0,tcp,0,FTP,nonTor,FileTransfer,FTP
nonTor_FileTransfer_FTP_none_1.pcap.TCP_10-152-152-11_57406_75-101-155-12_1451_stream_0.pcap,tcp_0,tcp,0,FTP,nonTor,FileTransfer,FTP
nonTor_FileTransfer_FTP_none_1.pcap.TCP_10-152-152-11_57504_75-101-155-12_1451_stream_0.pcap,tcp_0,tcp,0,FTP,nonTor,FileTransfer,FTP
nonTor_FileTransfer_FTP_none_1.pcap.TCP_10-152-152-11_52587_75-101-155-12_1388_stream_0.pcap,tcp_0,tcp,0,FTP,nonTor,FileTransfer,FTP
nonTor_FileTransfer_FTP_none_1.pcap.TCP_10-152-152-11_47597_75-101-155-12_1275_stream_0.pcap,tcp_0,tcp,0,FTP,nonTor,FileTransfer,FTP
nonTor_FileTransfer_FTP_none_1.pcap.TCP_10-152-152-11_59832_75-101-155-12_1806_stream_0.pcap,tcp_0,tcp,0,FTP,nonTor,FileTransfer,FTP
nonTor_FileTransfer_FTP_none_1.pcap.TCP_10-152-152-11_47729_75-101-155-12_1487_stream_0.pcap,tcp_0,tcp,0,FTP,nonTor,FileTransfer,FTP
nonTor_FileTransfer_FTP_none_1.pcap.TCP_10-152-152-11_33712_75-101-155-12_1438_stream_0.pcap,tcp_0,tcp,0,FTP,nonTor,FileTransfer,FTP
nonTor_FileTransfer_FTP_none_1.pcap.TCP_10-152-152-11_50753_75-101-155-12_1585_stream_0.pcap,tcp_0,tcp,0,FTP,nonTor,FileTransfer,FTP
nonTor_FileTransfer_FTP_none_1.pcap.TCP_10-152-152-11_39953_75-101-155-12_1909_stream_0.pcap,tcp_0,tcp,0,FTP,nonTor,FileTransfer,FTP
nonTor_FileTransfer_FTP_none_1.pcap.TCP_10-152-152-11_35444_75-101-155-12_1744_stream_0.pcap,tcp_0,tcp,0,FTP,nonTor,FileTransfer,FTP
nonTor_FileTransfer_FTP_none_1.pcap.TCP_10-152-152-11_35582_75-101-155-12_1653_stream_0.pcap,tcp_0,tcp,0,FTP,nonTor,FileTransfer,FTP
nonTor_FileTransfer_FTP_none_1.pcap.TCP_10-152-152-11_54908_75-101-155-12_1772_stream_0.pcap,tcp_0,tcp,0,FTP,nonTor,FileTransfer,FTP
nonTor_FileTransfer_FTP_none_1.pcap.TCP_10-152-152-11_36120_75-101-155-12_1817_stream_0.pcap,tcp_0,tcp,0,FTP,nonTor,FileTransfer,FTP
nonTor_FileTransfer_FTP_none_1.pcap.TCP_10-152-152-11_52519_75-101-155-12_1421_stream_0.pcap,tcp_0,tcp,0,FTP,nonTor,FileTransfer,FTP
nonTor_FileTransfer_FTP_none_1.pcap.TCP_10-152-152-11_38046_75-101-155-12_1662_stream_0.pcap,tcp_0,tcp,0,FTP,nonTor,FileTransfer,FTP
nonTor_FileTransfer_FTP_none_1.pcap.TCP_10-152-152-11_48094_75-101-155-12_1550_stream_0.pcap,tcp_0,tcp,0,FTP,nonTor,FileTransfer,FTP
nonTor_FileTransfer_FTP_none_1.pcap.TCP_10-152-152-11_43766_75-101-155-12_1446_stream_0.pcap,tcp_0,tcp,0,FTP,nonTor,FileTransfer,FTP
nonTor_FileTransfer_FTP_none_1.pcap.TCP_10-152-152-11_48393_75-101-155-12_1534_stream_0.pcap,tcp_0,tcp,0,FTP,nonTor,FileTransfer,FTP
nonTor_FileTransfer_FTP_none_1.pcap.TCP_10-152-152-11_49815_75-101-155-12_1297_stream_0.pcap,tcp_0,tcp,0,FTP,nonTor,FileTransfer,FTP
nonTor_FileTransfer_FTP_none_1.pcap.TCP_10-152-152-11_50087_75-101-155-12_1607_stream_0.pcap,tcp_0,tcp,0,FTP,nonTor,FileTransfer,FTP
nonTor_FileTransfer_FTP_none_1.pcap.TCP_10-152-152-11_51136_75-101-155-12_1244_stream_0.pcap,tcp_0,tcp,0,FTP,nonTor,FileTransfer,FTP
nonTor_FileTransfer_FTP_none_1.pcap.TCP_10-152-152-11_33954_75-101-155-12_1485_stream_0.pcap,tcp_0,tcp,0,FTP,nonTor,FileTransfer,FTP
nonTor_FileTransfer_FTP_none_1.pcap.TCP_10-152-152-11_52758_75-101-155-12_1924_stream_0.pcap,tcp_0,tcp,0,FTP,nonTor,FileTransfer,FTP
nonTor_FileTransfer_FTP_none_1.pcap.TCP_10-152-152-11_59942_75-101-155-12_1886_stream_0.pcap,tcp_0,tcp,0,FTP,nonTor,FileTransfer,FTP
nonTor_FileTransfer_FTP_none_1.pcap.TCP_10-152-152-11_53948_75-101-155-12_1301_stream_0.pcap,tcp_0,tcp,0,FTP,nonTor,FileTransfer,FTP
nonTor_FileTransfer_FTP_none_1.pcap.TCP_10-152-152-11_44749_75-101-155-12_1437_stream_0.pcap,tcp_0,tcp,0,FTP,nonTor,FileTransfer,FTP
nonTor_FileTransfer_FTP_none_1.pcap.TCP_10-152-152-11_33892_75-101-155-12_1456_stream_0.pcap,tcp_0,tcp,0,FTP,nonTor,FileTransfer,FTP
nonTor_FileTransfer_FTP_none_1.pcap.TCP_10-152-152-11_55627_75-101-155-12_1659_stream_0.pcap,tcp_0,tcp,0,FTP,nonTor,FileTransfer,FTP
nonTor_FileTransfer_FTP_none_1.pcap.TCP_10-152-152-11_54736_75-101-155-12_1608_stream_0.pcap,tcp_0,tcp,0,FTP,nonTor,FileTransfer,FTP
nonTor_FileTransfer_FTP_none_1.pcap.TCP_10-152-152-11_33308_75-101-155-12_1321_stream_0.pcap,tcp_0,tcp,0,FTP,nonTor,FileTransfer,FTP
nonTor_FileTransfer_FTP_none_1.pcap.TCP_10-152-152-11_43667_75-101-155-12_1322_stream_0.pcap,tcp_0,tcp,0,FTP,nonTor,FileTransfer,FTP
nonTor_FileTransfer_FTP_none_1.pcap.TCP_10-152-152-11_34581_75-101-155-12_21_stream_0.pcap,tcp_0,tcp,0,FTP,nonTor,FileTransfer,FTP
nonTor_FileTransfer_FTP_none_1.pcap.TCP_10-152-152-11_38089_75-101-155-12_1302_stream_0.pcap,tcp_0,tcp,0,FTP,nonTor,FileTransfer,FTP
nonTor_FileTransfer_FTP_none_1.pcap.TCP_10-152-152-11_34345_75-101-155-12_1271_stream_0.pcap,tcp_0,tcp,0,FTP,nonTor,FileTransfer,FTP
nonTor_FileTransfer_FTP_none_1.pcap.TCP_10-152-152-11_33453_75-101-155-12_1680_stream_0.pcap,tcp_0,tcp,0,FTP,nonTor,FileTransfer,FTP
nonTor_FileTransfer_FTP_none_1.pcap.TCP_10-152-152-11_55907_75-101-155-12_1923_stream_0.pcap,tcp_0,tcp,0,FTP,nonTor,FileTransfer,FTP
nonTor_FileTransfer_FTP_none_1.pcap.TCP_10-152-152-11_47299_75-101-155-12_1534_stream_0.pcap,tcp_0,tcp,0,FTP,nonTor,FileTransfer,FTP
nonTor_FileTransfer_FTP_none_1.pcap.TCP_10-152-152-11_43477_75-101-155-12_1967_stream_0.pcap,tcp_0,tcp,0,FTP,nonTor,FileTransfer,FTP
nonTor_FileTransfer_FTP_none_1.pcap.TCP_10-152-152-11_45419_75-101-155-12_1796_stream_0.pcap,tcp_0,tcp,0,FTP,nonTor,FileTransfer,FTP
nonTor_FileTransfer_FTP_none_1.pcap.TCP_10-152-152-11_48345_75-101-155-12_1422_stream_0.pcap,tcp_0,tcp,0,FTP,nonTor,FileTransfer,FTP
nonTor_FileTransfer_FTP_none_1.pcap.TCP_10-152-152-11_45059_75-101-155-12_1849_stream_0.pcap,tcp_0,tcp,0,FTP,nonTor,FileTransfer,FTP
nonTor_FileTransfer_FTP_none_1.pcap.TCP_10-152-152-11_45787_75-101-155-12_1753_stream_0.pcap,tcp_0,tcp,0,FTP,nonTor,FileTransfer,FTP
nonTor_FileTransfer_FTP_none_1.pcap.TCP_10-152-152-11_43425_75-101-155-12_1369_stream_0.pcap,tcp_0,tcp,0,FTP,nonTor,FileTransfer,FTP
nonTor_FileTransfer_FTP_none_1.pcap.TCP_10-152-152-11_59177_75-101-155-12_1471_stream_0.pcap,tcp_0,tcp,0,FTP,nonTor,FileTransfer,FTP
nonTor_FileTransfer_FTP_none_1.pcap.TCP_10-152-152-11_54928_75-101-155-12_1821_stream_0.pcap,tcp_0,tcp,0,FTP,nonTor,FileTransfer,FTP
nonTor_FileTransfer_FTP_none_1.pcap.TCP_10-152-152-11_44604_75-101-155-12_1837_stream_0.pcap,tcp_0,tcp,0,FTP,nonTor,FileTransfer,FTP
nonTor_FileTransfer_FTP_none_1.pcap.TCP_10-152-152-11_46237_75-101-155-12_1848_stream_0.pcap,tcp_0,tcp,0,FTP,nonTor,FileTransfer,FTP
nonTor_FileTransfer_FTP_none_1.pcap.TCP_10-152-152-11_46567_75-101-155-12_1229_stream_0.pcap,tcp_0,tcp,0,FTP,nonTor,FileTransfer,FTP
nonTor_FileTransfer_FTP_none_1.pcap.TCP_10-152-152-11_47905_75-101-155-12_1782_stream_0.pcap,tcp_0,tcp,0,FTP,nonTor,FileTransfer,FTP
nonTor_FileTransfer_FTP_none_1.pcap.TCP_10-152-152-11_36135_75-101-155-12_1730_stream_0.pcap,tcp_0,tcp,0,FTP,nonTor,FileTransfer,FTP
nonTor_FileTransfer_FTP_none_1.pcap.TCP_10-152-152-11_56993_75-101-155-12_1950_stream_0.pcap,tcp_0,tcp,0,FTP,nonTor,FileTransfer,FTP
nonTor_FileTransfer_FTP_none_1.pcap.TCP_10-152-152-11_36261_75-101-155-12_1412_stream_0.pcap,tcp_0,tcp,0,FTP,nonTor,FileTransfer,FTP
nonTor_FileTransfer_FTP_none_1.pcap.TCP_10-152-152-11_55159_75-101-155-12_1992_stream_0.pcap,tcp_0,tcp,0,FTP,nonTor,FileTransfer,FTP
nonTor_FileTransfer_FTP_none_1.pcap.TCP_10-152-152-11_55669_75-101-155-12_1691_stream_0.pcap,tcp_0,tcp,0,FTP,nonTor,FileTransfer,FTP
nonTor_FileTransfer_FTP_none_1.pcap.TCP_10-152-152-11_57496_75-101-155-12_1756_stream_0.pcap,tcp_0,tcp,0,FTP,nonTor,FileTransfer,FTP
nonTor_FileTransfer_FTP_none_1.pcap.TCP_10-152-152-11_35288_75-101-155-12_1744_stream_0.pcap,tcp_0,tcp,0,FTP,nonTor,FileTransfer,FTP
nonTor_FileTransfer_FTP_none_1.pcap.TCP_10-152-152-11_52483_75-101-155-12_1388_stream_0.pcap,tcp_0,tcp,0,FTP,nonTor,FileTransfer,FTP
nonTor_FileTransfer_FTP_none_1.pcap.TCP_10-152-152-11_47300_75-101-155-12_1223_stream_0.pcap,tcp_0,tcp,0,FTP,nonTor,FileTransfer,FTP
nonTor_FileTransfer_FTP_none_1.pcap.TCP_10-152-152-11_42872_75-101-155-12_1726_stream_0.pcap,tcp_0,tcp,0,FTP,nonTor,FileTransfer,FTP
nonTor_FileTransfer_FTP_none_1.pcap.TCP_10-152-152-11_36008_75-101-155-12_1240_stream_0.pcap,tcp_0,tcp,0,FTP,nonTor,FileTransfer,FTP
nonTor_FileTransfer_FTP_none_1.pcap.TCP_10-152-152-11_33812_75-101-155-12_1331_stream_0.pcap,tcp_0,tcp,0,FTP,nonTor,FileTransfer,FTP
nonTor_FileTransfer_FTP_none_1.pcap.TCP_10-152-152-11_40474_75-101-155-12_1648_stream_0.pcap,tcp_0,tcp,0,FTP,nonTor,FileTransfer,FTP
nonTor_FileTransfer_FTP_none_1.pcap.TCP_10-152-152-11_58039_75-101-155-12_1409_stream_0.pcap,tcp_0,tcp,0,FTP,nonTor,FileTransfer,FTP
nonTor_FileTransfer_FTP_none_1.pcap.TCP_10-152-152-11_60207_75-101-155-12_1973_stream_0.pcap,tcp_0,tcp,0,FTP,nonTor,FileTransfer,FTP
nonTor_FileTransfer_FTP_none_1.pcap.TCP_10-152-152-11_47649_75-101-155-12_1743_stream_0.pcap,tcp_0,tcp,0,FTP,nonTor,FileTransfer,FTP
nonTor_FileTransfer_FTP_none_1.pcap.TCP_10-152-152-11_53144_75-101-155-12_1835_stream_0.pcap,tcp_0,tcp,0,FTP,nonTor,FileTransfer,FTP
nonTor_FileTransfer_FTP_none_1.pcap.TCP_10-152-152-11_42376_75-101-155-12_1575_stream_0.pcap,tcp_0,tcp,0,FTP,nonTor,FileTransfer,FTP
nonTor_FileTransfer_FTP_none_1.pcap.TCP_10-152-152-11_43450_75-101-155-12_1491_stream_0.pcap,tcp_0,tcp,0,FTP,nonTor,FileTransfer,FTP
nonTor_FileTransfer_FTP_none_1.pcap.TCP_10-152-152-11_41633_75-101-155-12_1598_stream_0.pcap,tcp_0,tcp,0,FTP,nonTor,FileTransfer,FTP
nonTor_FileTransfer_FTP_none_1.pcap.TCP_10-152-152-11_45486_75-101-155-12_1876_stream_0.pcap,tcp_0,tcp,0,FTP,nonTor,FileTransfer,FTP
nonTor_FileTransfer_FTP_none_1.pcap.TCP_10-152-152-11_34906_75-101-155-12_1481_stream_0.pcap,tcp_0,tcp,0,FTP,nonTor,FileTransfer,FTP
nonTor_FileTransfer_FTP_none_1.pcap.TCP_10-152-152-11_38403_75-101-155-12_1200_stream_0.pcap,tcp_0,tcp,0,FTP,nonTor,FileTransfer,FTP
nonTor_FileTransfer_FTP_none_1.pcap.TCP_10-152-152-11_47316_75-101-155-12_1214_stream_0.pcap,tcp_0,tcp,0,FTP,nonTor,FileTransfer,FTP
nonTor_FileTransfer_FTP_none_1.pcap.TCP_10-152-152-10_9052_10-152-152-11_34211_stream_0.pcap,tcp_0,tcp,0,FTP,nonTor,FileTransfer,FTP
nonTor_FileTransfer_FTP_none_1.pcap.TCP_10-152-152-11_49051_75-101-155-12_1379_stream_0.pcap,tcp_0,tcp,0,FTP,nonTor,FileTransfer,FTP
nonTor_FileTransfer_FTP_none_1.pcap.TCP_10-152-152-11_41182_75-101-155-12_1707_stream_0.pcap,tcp_0,tcp,0,FTP,nonTor,FileTransfer,FTP
nonTor_FileTransfer_FTP_none_1.pcap.TCP_10-152-152-11_42531_75-101-155-12_1982_stream_0.pcap,tcp_0,tcp,0,FTP,nonTor,FileTransfer,FTP
nonTor_FileTransfer_FTP_none_1.pcap.TCP_10-152-152-11_37499_75-101-155-12_1934_stream_0.pcap,tcp_0,tcp,0,FTP,nonTor,FileTransfer,FTP
nonTor_FileTransfer_FTP_none_1.pcap.TCP_10-152-152-11_49917_75-101-155-12_1616_stream_0.pcap,tcp_0,tcp,0,FTP,nonTor,FileTransfer,FTP
nonTor_FileTransfer_FTP_none_1.pcap.TCP_10-152-152-11_37865_75-101-155-12_1519_stream_0.pcap,tcp_0,tcp,0,FTP,nonTor,FileTransfer,FTP
nonTor_FileTransfer_FTP_none_1.pcap.TCP_10-152-152-11_48635_75-101-155-12_1763_stream_0.pcap,tcp_0,tcp,0,FTP,nonTor,FileTransfer,FTP
nonTor_FileTransfer_FTP_none_1.pcap.TCP_10-152-152-11_37225_75-101-155-12_1777_stream_0.pcap,tcp_0,tcp,0,FTP,nonTor,FileTransfer,FTP
nonTor_FileTransfer_FTP_none_1.pcap.TCP_10-152-152-11_33351_75-101-155-12_1419_stream_0.pcap,tcp_0,tcp,0,FTP,nonTor,FileTransfer,FTP
nonTor_FileTransfer_FTP_none_1.pcap.TCP_10-152-152-11_40373_75-101-155-12_1807_stream_0.pcap,tcp_0,tcp,0,FTP,nonTor,FileTransfer,FTP
nonTor_FileTransfer_FTP_none_1.pcap.TCP_10-152-152-11_42562_75-101-155-12_1899_stream_0.pcap,tcp_0,tcp,0,FTP,nonTor,FileTransfer,FTP
nonTor_FileTransfer_FTP_none_1.pcap.TCP_10-152-152-11_34652_75-101-155-12_21_stream_0.pcap,tcp_0,tcp,0,FTP,nonTor,FileTransfer,FTP
nonTor_FileTransfer_FTP_none_1.pcap.TCP_10-152-152-11_35798_75-101-155-12_1428_stream_0.pcap,tcp_0,tcp,0,FTP,nonTor,FileTransfer,FTP
nonTor_FileTransfer_FTP_none_1.pcap.TCP_10-152-152-11_44533_75-101-155-12_1824_stream_0.pcap,tcp_0,tcp,0,FTP,nonTor,FileTransfer,FTP
nonTor_FileTransfer_FTP_none_1.pcap.TCP_10-152-152-11_59342_75-101-155-12_1935_stream_0.pcap,tcp_0,tcp,0,FTP,nonTor,FileTransfer,FTP
nonTor_FileTransfer_FTP_none_1.pcap.TCP_10-152-152-10_9108_10-152-152-11_60900_stream_0.pcap,tcp_0,tcp,0,FTP,nonTor,FileTransfer,FTP
nonTor_FileTransfer_FTP_none_1.pcap.TCP_10-152-152-11_43191_75-101-155-12_1809_stream_0.pcap,tcp_0,tcp,0,FTP,nonTor,FileTransfer,FTP
nonTor_FileTransfer_FTP_none_1.pcap.TCP_10-152-152-11_51399_75-101-155-12_1348_stream_0.pcap,tcp_0,tcp,0,FTP,nonTor,FileTransfer,FTP
nonTor_FileTransfer_FTP_none_1.pcap.TCP_10-152-152-11_36421_75-101-155-12_1985_stream_0.pcap,tcp_0,tcp,0,FTP,nonTor,FileTransfer,FTP
nonTor_FileTransfer_FTP_none_1.pcap.TCP_10-152-152-11_59652_75-101-155-12_1243_stream_0.pcap,tcp_0,tcp,0,FTP,nonTor,FileTransfer,FTP
nonTor_FileTransfer_FTP_none_1.pcap.TCP_10-152-152-11_51951_75-101-155-12_1588_stream_0.pcap,tcp_0,tcp,0,FTP,nonTor,FileTransfer,FTP
nonTor_FileTransfer_FTP_none_1.pcap.TCP_10-152-152-11_59364_75-101-155-12_1213_stream_0.pcap,tcp_0,tcp,0,FTP,nonTor,FileTransfer,FTP
nonTor_FileTransfer_FTP_none_1.pcap.TCP_10-152-152-11_35621_75-101-155-12_1682_stream_0.pcap,tcp_0,tcp,0,FTP,nonTor,FileTransfer,FTP
nonTor_FileTransfer_FTP_none_1.pcap.TCP_10-152-152-11_53791_75-101-155-12_1489_stream_0.pcap,tcp_0,tcp,0,FTP,nonTor,FileTransfer,FTP
nonTor_FileTransfer_FTP_none_1.pcap.TCP_10-152-152-11_59400_75-101-155-12_1556_stream_0.pcap,tcp_0,tcp,0,FTP,nonTor,FileTransfer,FTP
nonTor_FileTransfer_FTP_none_1.pcap.TCP_10-152-152-11_60555_75-101-155-12_1362_stream_0.pcap,tcp_0,tcp,0,FTP,nonTor,FileTransfer,FTP
nonTor_FileTransfer_FTP_none_1.pcap.TCP_10-152-152-11_57559_75-101-155-12_1552_stream_0.pcap,tcp_0,tcp,0,FTP,nonTor,FileTransfer,FTP
nonTor_FileTransfer_FTP_none_1.pcap.TCP_10-152-152-11_53331_75-101-155-12_1388_stream_0.pcap,tcp_0,tcp,0,FTP,nonTor,FileTransfer,FTP
nonTor_FileTransfer_FTP_none_1.pcap.TCP_10-152-152-11_39354_75-101-155-12_1231_stream_0.pcap,tcp_0,tcp,0,FTP,nonTor,FileTransfer,FTP
nonTor_FileTransfer_FTP_none_1.pcap.TCP_10-152-152-11_41152_75-101-155-12_1568_stream_0.pcap,tcp_0,tcp,0,FTP,nonTor,FileTransfer,FTP
nonTor_FileTransfer_FTP_none_1.pcap.TCP_10-152-152-11_38417_75-101-155-12_1233_stream_0.pcap,tcp_0,tcp,0,FTP,nonTor,FileTransfer,FTP
nonTor_FileTransfer_FTP_none_1.pcap.TCP_10-152-152-11_53443_75-101-155-12_1353_stream_0.pcap,tcp_0,tcp,0,FTP,nonTor,FileTransfer,FTP
nonTor_FileTransfer_FTP_none_1.pcap.TCP_10-152-152-11_39459_75-101-155-12_1405_stream_0.pcap,tcp_0,tcp,0,FTP,nonTor,FileTransfer,FTP
nonTor_FileTransfer_FTP_none_1.pcap.TCP_10-152-152-11_47151_75-101-155-12_1536_stream_0.pcap,tcp_0,tcp,0,FTP,nonTor,FileTransfer,FTP
nonTor_FileTransfer_FTP_none_1.pcap.TCP_10-152-152-11_40716_75-101-155-12_1221_stream_0.pcap,tcp_0,tcp,0,FTP,nonTor,FileTransfer,FTP
nonTor_FileTransfer_FTP_none_1.pcap.TCP_10-152-152-11_43091_75-101-155-12_1711_stream_0.pcap,tcp_0,tcp,0,FTP,nonTor,FileTransfer,FTP
nonTor_FileTransfer_FTP_none_1.pcap.TCP_10-152-152-11_51724_75-101-155-12_1856_stream_0.pcap,tcp_0,tcp,0,FTP,nonTor,FileTransfer,FTP
nonTor_FileTransfer_FTP_none_1.pcap.TCP_10-152-152-11_58685_75-101-155-12_1870_stream_0.pcap,tcp_0,tcp,0,FTP,nonTor,FileTransfer,FTP
nonTor_FileTransfer_FTP_none_1.pcap.TCP_10-152-152-11_47717_75-101-155-12_1334_stream_0.pcap,tcp_0,tcp,0,FTP,nonTor,FileTransfer,FTP
nonTor_FileTransfer_FTP_none_1.pcap.TCP_10-152-152-11_54502_75-101-155-12_1320_stream_0.pcap,tcp_0,tcp,0,FTP,nonTor,FileTransfer,FTP
nonTor_FileTransfer_FTP_none_1.pcap.TCP_10-152-152-11_56125_75-101-155-12_1663_stream_0.pcap,tcp_0,tcp,0,FTP,nonTor,FileTransfer,FTP
nonTor_FileTransfer_FTP_none_1.pcap.TCP_10-152-152-11_39554_75-101-155-12_1368_stream_0.pcap,tcp_0,tcp,0,FTP,nonTor,FileTransfer,FTP
nonTor_FileTransfer_FTP_none_1.pcap.TCP_10-152-152-11_38577_75-101-155-12_1477_stream_0.pcap,tcp_0,tcp,0,FTP,nonTor,FileTransfer,FTP
nonTor_FileTransfer_FTP_none_1.pcap.TCP_10-152-152-11_38401_75-101-155-12_1233_stream_0.pcap,tcp_0,tcp,0,FTP,nonTor,FileTransfer,FTP
nonTor_FileTransfer_FTP_none_1.pcap.TCP_10-152-152-11_53486_75-101-155-12_1925_stream_0.pcap,tcp_0,tcp,0,FTP,nonTor,FileTransfer,FTP
nonTor_FileTransfer_FTP_none_1.pcap.TCP_10-152-152-11_47831_75-101-155-12_1361_stream_0.pcap,tcp_0,tcp,0,FTP,nonTor,FileTransfer,FTP
nonTor_FileTransfer_FTP_none_1.pcap.TCP_10-152-152-11_49089_75-101-155-12_1763_stream_0.pcap,tcp_0,tcp,0,FTP,nonTor,FileTransfer,FTP
nonTor_FileTransfer_FTP_none_1.pcap.TCP_10-152-152-11_54748_75-101-155-12_1259_stream_0.pcap,tcp_0,tcp,0,FTP,nonTor,FileTransfer,FTP
nonTor_FileTransfer_FTP_none_1.pcap.TCP_10-152-152-11_36255_75-101-155-12_1635_stream_0.pcap,tcp_0,tcp,0,FTP,nonTor,FileTransfer,FTP
nonTor_FileTransfer_FTP_none_1.pcap.TCP_10-152-152-11_36739_75-101-155-12_1898_stream_0.pcap,tcp_0,tcp,0,FTP,nonTor,FileTransfer,FTP
nonTor_FileTransfer_FTP_none_1.pcap.TCP_10-152-152-11_45274_75-101-155-12_1238_stream_0.pcap,tcp_0,tcp,0,FTP,nonTor,FileTransfer,FTP
nonTor_FileTransfer_FTP_none_1.pcap.TCP_10-152-152-11_37283_75-101-155-12_1774_stream_0.pcap,tcp_0,tcp,0,FTP,nonTor,FileTransfer,FTP
nonTor_FileTransfer_FTP_none_1.pcap.TCP_10-152-152-11_57965_75-101-155-12_1966_stream_0.pcap,tcp_0,tcp,0,FTP,nonTor,FileTransfer,FTP
nonTor_FileTransfer_FTP_none_1.pcap.TCP_10-152-152-11_58478_75-101-155-12_1927_stream_0.pcap,tcp_0,tcp,0,FTP,nonTor,FileTransfer,FTP
nonTor_FileTransfer_FTP_none_1.pcap.TCP_10-152-152-11_52800_75-101-155-12_1630_stream_0.pcap,tcp_0,tcp,0,FTP,nonTor,FileTransfer,FTP
nonTor_FileTransfer_FTP_none_1.pcap.TCP_10-152-152-11_32797_75-101-155-12_1460_stream_0.pcap,tcp_0,tcp,0,FTP,nonTor,FileTransfer,FTP
nonTor_FileTransfer_FTP_none_1.pcap.TCP_10-152-152-11_42209_75-101-155-12_1262_stream_0.pcap,tcp_0,tcp,0,FTP,nonTor,FileTransfer,FTP
nonTor_FileTransfer_FTP_none_1.pcap.TCP_10-152-152-11_33392_75-101-155-12_1673_stream_0.pcap,tcp_0,tcp,0,FTP,nonTor,FileTransfer,FTP
nonTor_FileTransfer_FTP_none_1.pcap.TCP_10-152-152-11_50614_75-101-155-12_1828_stream_0.pcap,tcp_0,tcp,0,FTP,nonTor,FileTransfer,FTP
nonTor_FileTransfer_FTP_none_1.pcap.TCP_10-152-152-11_56732_75-101-155-12_1341_stream_0.pcap,tcp_0,tcp,0,FTP,nonTor,FileTransfer,FTP
nonTor_FileTransfer_FTP_none_1.pcap.TCP_10-152-152-11_35984_75-101-155-12_1625_stream_0.pcap,tcp_0,tcp,0,FTP,nonTor,FileTransfer,FTP
nonTor_FileTransfer_FTP_none_1.pcap.TCP_10-152-152-11_59857_75-101-155-12_1695_stream_0.pcap,tcp_0,tcp,0,FTP,nonTor,FileTransfer,FTP
nonTor_FileTransfer_FTP_none_1.pcap.TCP_10-152-152-11_54989_75-101-155-12_1372_stream_0.pcap,tcp_0,tcp,0,FTP,nonTor,FileTransfer,FTP
nonTor_FileTransfer_FTP_none_1.pcap.TCP_10-152-152-11_52808_75-101-155-12_1411_stream_0.pcap,tcp_0,tcp,0,FTP,nonTor,FileTransfer,FTP
nonTor_FileTransfer_FTP_none_1.pcap.TCP_10-152-152-11_41281_75-101-155-12_1340_stream_0.pcap,tcp_0,tcp,0,FTP,nonTor,FileTransfer,FTP
nonTor_FileTransfer_FTP_none_1.pcap.TCP_10-152-152-11_32785_75-101-155-12_1460_stream_0.pcap,tcp_0,tcp,0,FTP,nonTor,FileTransfer,FTP
nonTor_FileTransfer_FTP_none_1.pcap.TCP_10-152-152-11_35889_75-101-155-12_1493_stream_0.pcap,tcp_0,tcp,0,FTP,nonTor,FileTransfer,FTP
nonTor_FileTransfer_FTP_none_1.pcap.TCP_10-152-152-11_57685_75-101-155-12_1526_stream_0.pcap,tcp_0,tcp,0,FTP,nonTor,FileTransfer,FTP
nonTor_FileTransfer_FTP_none_1.pcap.TCP_10-152-152-11_41470_75-101-155-12_1208_stream_0.pcap,tcp_0,tcp,0,FTP,nonTor,FileTransfer,FTP
nonTor_FileTransfer_FTP_none_1.pcap.TCP_10-152-152-11_42055_75-101-155-12_1262_stream_0.pcap,tcp_0,tcp,0,FTP,nonTor,FileTransfer,FTP
nonTor_FileTransfer_FTP_none_1.pcap.TCP_10-152-152-11_59005_75-101-155-12_1510_stream_0.pcap,tcp_0,tcp,0,FTP,nonTor,FileTransfer,FTP
nonTor_FileTransfer_FTP_none_1.pcap.TCP_10-152-152-11_53907_75-101-155-12_1878_stream_0.pcap,tcp_0,tcp,0,FTP,nonTor,FileTransfer,FTP
nonTor_FileTransfer_FTP_none_1.pcap.TCP_10-152-152-11_39713_75-101-155-12_1345_stream_0.pcap,tcp_0,tcp,0,FTP,nonTor,FileTransfer,FTP
nonTor_FileTransfer_FTP_none_1.pcap.TCP_10-152-152-11_60323_75-101-155-12_1248_stream_0.pcap,tcp_0,tcp,0,FTP,nonTor,FileTransfer,FTP
nonTor_FileTransfer_FTP_none_1.pcap.TCP_10-152-152-11_39644_75-101-155-12_1260_stream_0.pcap,tcp_0,tcp,0,FTP,nonTor,FileTransfer,FTP
nonTor_FileTransfer_FTP_none_1.pcap.TCP_10-152-152-11_39378_75-101-155-12_1210_stream_0.pcap,tcp_0,tcp,0,FTP,nonTor,FileTransfer,FTP
nonTor_FileTransfer_FTP_none_1.pcap.TCP_10-152-152-11_45425_75-101-155-12_1335_stream_0.pcap,tcp_0,tcp,0,FTP,nonTor,FileTransfer,FTP
nonTor_FileTransfer_FTP_none_1.pcap.TCP_10-152-152-11_53440_75-101-155-12_1253_stream_0.pcap,tcp_0,tcp,0,FTP,nonTor,FileTransfer,FTP
nonTor_FileTransfer_FTP_none_1.pcap.TCP_10-152-152-11_59032_75-101-155-12_1524_stream_0.pcap,tcp_0,tcp,0,FTP,nonTor,FileTransfer,FTP
nonTor_FileTransfer_FTP_none_1.pcap.TCP_10-152-152-11_34495_75-101-155-12_1505_stream_0.pcap,tcp_0,tcp,0,FTP,nonTor,FileTransfer,FTP
nonTor_FileTransfer_FTP_none_1.pcap.TCP_10-152-152-11_56387_75-101-155-12_1285_stream_0.pcap,tcp_0,tcp,0,FTP,nonTor,FileTransfer,FTP
nonTor_FileTransfer_FTP_none_1.pcap.TCP_10-152-152-11_50211_75-101-155-12_1984_stream_0.pcap,tcp_0,tcp,0,FTP,nonTor,FileTransfer,FTP
nonTor_FileTransfer_FTP_none_1.pcap.TCP_10-152-152-11_51704_75-101-155-12_1418_stream_0.pcap,tcp_0,tcp,0,FTP,nonTor,FileTransfer,FTP
nonTor_FileTransfer_FTP_none_1.pcap.TCP_10-152-152-11_42305_75-101-155-12_1641_stream_0.pcap,tcp_0,tcp,0,FTP,nonTor,FileTransfer,FTP
nonTor_FileTransfer_FTP_none_1.pcap.TCP_10-152-152-11_44621_75-101-155-12_1809_stream_0.pcap,tcp_0,tcp,0,FTP,nonTor,FileTransfer,FTP
nonTor_FileTransfer_FTP_none_1.pcap.TCP_10-152-152-11_51111_75-101-155-12_1338_stream_0.pcap,tcp_0,tcp,0,FTP,nonTor,FileTransfer,FTP
nonTor_FileTransfer_FTP_none_1.pcap.TCP_10-152-152-11_59969_75-101-155-12_1578_stream_0.pcap,tcp_0,tcp,0,FTP,nonTor,FileTransfer,FTP
nonTor_FileTransfer_FTP_none_1.pcap.TCP_10-152-152-11_57672_75-101-155-12_1224_stream_0.pcap,tcp_0,tcp,0,FTP,nonTor,FileTransfer,FTP
nonTor_FileTransfer_FTP_none_1.pcap.TCP_10-152-152-11_44307_75-101-155-12_1888_stream_0.pcap,tcp_0,tcp,0,FTP,nonTor,FileTransfer,FTP
nonTor_FileTransfer_FTP_none_1.pcap.TCP_10-152-152-11_53795_75-101-155-12_1873_stream_0.pcap,tcp_0,tcp,0,FTP,nonTor,FileTransfer,FTP
nonTor_FileTransfer_FTP_none_1.pcap.TCP_10-152-152-11_40007_75-101-155-12_1283_stream_0.pcap,tcp_0,tcp,0,FTP,nonTor,FileTransfer,FTP
nonTor_FileTransfer_FTP_none_1.pcap.TCP_10-152-152-11_49929_75-101-155-12_1984_stream_0.pcap,tcp_0,tcp,0,FTP,nonTor,FileTransfer,FTP
nonTor_FileTransfer_FTP_none_1.pcap.TCP_10-152-152-11_42009_75-101-155-12_1641_stream_0.pcap,tcp_0,tcp,0,FTP,nonTor,FileTransfer,FTP
nonTor_FileTransfer_FTP_none_1.pcap.TCP_10-152-152-11_35024_75-101-155-12_1631_stream_0.pcap,tcp_0,tcp,0,FTP,nonTor,FileTransfer,FTP
nonTor_FileTransfer_FTP_none_1.pcap.TCP_10-152-152-11_42100_75-101-155-12_1613_stream_0.pcap,tcp_0,tcp,0,FTP,nonTor,FileTransfer,FTP
nonTor_FileTransfer_FTP_none_1.pcap.TCP_10-152-152-11_47909_75-101-155-12_1214_stream_0.pcap,tcp_0,tcp,0,FTP,nonTor,FileTransfer,FTP
nonTor_FileTransfer_FTP_none_1.pcap.TCP_10-152-152-11_57787_75-101-155-12_1587_stream_0.pcap,tcp_0,tcp,0,FTP,nonTor,FileTransfer,FTP
nonTor_FileTransfer_FTP_none_1.pcap.TCP_10-152-152-11_37359_75-101-155-12_1599_stream_0.pcap,tcp_0,tcp,0,FTP,nonTor,FileTransfer,FTP
nonTor_FileTransfer_FTP_none_1.pcap.TCP_10-152-152-11_39306_75-101-155-12_1551_stream_0.pcap,tcp_0,tcp,0,FTP,nonTor,FileTransfer,FTP
nonTor_FileTransfer_FTP_none_1.pcap.TCP_10-152-152-11_34498_75-101-155-12_1456_stream_0.pcap,tcp_0,tcp,0,FTP,nonTor,FileTransfer,FTP
nonTor_FileTransfer_FTP_none_1.pcap.TCP_10-152-152-11_55227_75-101-155-12_1930_stream_0.pcap,tcp_0,tcp,0,FTP,nonTor,FileTransfer,FTP
nonTor_FileTransfer_FTP_none_1.pcap.TCP_10-152-152-11_57534_75-101-155-12_1367_stream_0.pcap,tcp_0,tcp,0,FTP,nonTor,FileTransfer,FTP
nonTor_FileTransfer_FTP_none_1.pcap.TCP_10-152-152-11_50651_75-101-155-12_1769_stream_0.pcap,tcp_0,tcp,0,FTP,nonTor,FileTransfer,FTP
nonTor_FileTransfer_FTP_none_1.pcap.TCP_10-152-152-11_49576_75-101-155-12_1678_stream_0.pcap,tcp_0,tcp,0,FTP,nonTor,FileTransfer,FTP
nonTor_FileTransfer_FTP_none_1.pcap.TCP_10-152-152-11_35892_75-101-155-12_1722_stream_0.pcap,tcp_0,tcp,0,FTP,nonTor,FileTransfer,FTP
nonTor_FileTransfer_FTP_none_1.pcap.TCP_10-152-152-11_58726_75-101-155-12_1252_stream_0.pcap,tcp_0,tcp,0,FTP,nonTor,FileTransfer,FTP
nonTor_FileTransfer_FTP_none_1.pcap.TCP_10-152-152-11_54231_75-101-155-12_1372_stream_0.pcap,tcp_0,tcp,0,FTP,nonTor,FileTransfer,FTP
nonTor_FileTransfer_FTP_none_1.pcap.TCP_10-152-152-11_34551_75-101-155-12_1926_stream_0.pcap,tcp_0,tcp,0,FTP,nonTor,FileTransfer,FTP
nonTor_FileTransfer_FTP_none_1.pcap.TCP_10-152-152-11_32852_75-101-155-12_1776_stream_0.pcap,tcp_0,tcp,0,FTP,nonTor,FileTransfer,FTP
nonTor_FileTransfer_FTP_none_1.pcap.TCP_10-152-152-11_58139_75-101-155-12_1587_stream_0.pcap,tcp_0,tcp,0,FTP,nonTor,FileTransfer,FTP
nonTor_FileTransfer_FTP_none_1.pcap.TCP_10-152-152-11_40818_75-101-155-12_1267_stream_0.pcap,tcp_0,tcp,0,FTP,nonTor,FileTransfer,FTP
nonTor_FileTransfer_FTP_none_1.pcap.TCP_10-152-152-11_54586_75-101-155-12_1489_stream_0.pcap,tcp_0,tcp,0,FTP,nonTor,FileTransfer,FTP
nonTor_FileTransfer_FTP_none_1.pcap.TCP_10-152-152-11_58159_75-101-155-12_1587_stream_0.pcap,tcp_0,tcp,0,FTP,nonTor,FileTransfer,FTP
nonTor_FileTransfer_FTP_none_1.pcap.TCP_10-152-152-11_40751_75-101-155-12_1541_stream_0.pcap,tcp_0,tcp,0,FTP,nonTor,FileTransfer,FTP
nonTor_FileTransfer_FTP_none_1.pcap.TCP_10-152-152-11_45075_75-101-155-12_1798_stream_0.pcap,tcp_0,tcp,0,FTP,nonTor,FileTransfer,FTP
nonTor_FileTransfer_FTP_none_1.pcap.TCP_10-152-152-11_49665_75-101-155-12_1391_stream_0.pcap,tcp_0,tcp,0,FTP,nonTor,FileTransfer,FTP
nonTor_FileTransfer_FTP_none_1.pcap.TCP_10-152-152-11_51059_75-101-155-12_1562_stream_0.pcap,tcp_0,tcp,0,FTP,nonTor,FileTransfer,FTP
nonTor_FileTransfer_FTP_none_1.pcap.TCP_10-152-152-11_59549_75-101-155-12_1511_stream_0.pcap,tcp_0,tcp,0,FTP,nonTor,FileTransfer,FTP
nonTor_FileTransfer_FTP_none_1.pcap.TCP_10-152-152-11_46255_75-101-155-12_1830_stream_0.pcap,tcp_0,tcp,0,FTP,nonTor,FileTransfer,FTP
nonTor_FileTransfer_FTP_none_1.pcap.TCP_10-152-152-11_42282_75-101-155-12_1288_stream_0.pcap,tcp_0,tcp,0,FTP,nonTor,FileTransfer,FTP
nonTor_FileTransfer_FTP_none_1.pcap.TCP_10-152-152-11_58308_75-101-155-12_1944_stream_0.pcap,tcp_0,tcp,0,FTP,nonTor,FileTransfer,FTP
nonTor_FileTransfer_FTP_none_1.pcap.TCP_10-152-152-11_60145_75-101-155-12_1204_stream_0.pcap,tcp_0,tcp,0,FTP,nonTor,FileTransfer,FTP
nonTor_FileTransfer_FTP_none_1.pcap.TCP_10-152-152-11_47278_75-101-155-12_1965_stream_0.pcap,tcp_0,tcp,0,FTP,nonTor,FileTransfer,FTP
nonTor_FileTransfer_FTP_none_1.pcap.TCP_10-152-152-11_35017_75-101-155-12_1617_stream_0.pcap,tcp_0,tcp,0,FTP,nonTor,FileTransfer,FTP
nonTor_FileTransfer_FTP_none_1.pcap.TCP_10-152-152-11_52141_75-101-155-12_1897_stream_0.pcap,tcp_0,tcp,0,FTP,nonTor,FileTransfer,FTP
nonTor_FileTransfer_FTP_none_1.pcap.TCP_10-152-152-11_45725_75-101-155-12_1665_stream_0.pcap,tcp_0,tcp,0,FTP,nonTor,FileTransfer,FTP
nonTor_FileTransfer_FTP_none_1.pcap.TCP_10-152-152-11_36215_75-101-155-12_1843_stream_0.pcap,tcp_0,tcp,0,FTP,nonTor,FileTransfer,FTP
nonTor_FileTransfer_FTP_none_1.pcap.TCP_10-152-152-11_36500_75-101-155-12_1819_stream_0.pcap,tcp_0,tcp,0,FTP,nonTor,FileTransfer,FTP
nonTor_FileTransfer_FTP_none_1.pcap.TCP_10-152-152-11_42680_75-101-155-12_1576_stream_0.pcap,tcp_0,tcp,0,FTP,nonTor,FileTransfer,FTP
nonTor_FileTransfer_FTP_none_1.pcap.TCP_10-152-152-11_41026_75-101-155-12_1648_stream_0.pcap,tcp_0,tcp,0,FTP,nonTor,FileTransfer,FTP
nonTor_FileTransfer_FTP_none_1.pcap.TCP_10-152-152-11_49633_75-101-155-12_1391_stream_0.pcap,tcp_0,tcp,0,FTP,nonTor,FileTransfer,FTP
nonTor_FileTransfer_FTP_none_1.pcap.TCP_10-152-152-11_42463_75-101-155-12_1602_stream_0.pcap,tcp_0,tcp,0,FTP,nonTor,FileTransfer,FTP
nonTor_FileTransfer_FTP_none_1.pcap.TCP_10-152-152-11_35214_75-101-155-12_1539_stream_0.pcap,tcp_0,tcp,0,FTP,nonTor,FileTransfer,FTP
nonTor_FileTransfer_FTP_none_1.pcap.TCP_10-152-152-11_49062_75-101-155-12_1683_stream_0.pcap,tcp_0,tcp,0,FTP,nonTor,FileTransfer,FTP
nonTor_FileTransfer_FTP_none_1.pcap.TCP_10-152-152-11_40260_75-101-155-12_1661_stream_0.pcap,tcp_0,tcp,0,FTP,nonTor,FileTransfer,FTP
nonTor_FileTransfer_FTP_none_1.pcap.TCP_10-152-152-11_35508_75-101-155-12_1426_stream_0.pcap,tcp_0,tcp,0,FTP,nonTor,FileTransfer,FTP
nonTor_FileTransfer_FTP_none_1.pcap.TCP_10-152-152-11_56096_75-101-155-12_1220_stream_0.pcap,tcp_0,tcp,0,FTP,nonTor,FileTransfer,FTP
nonTor_FileTransfer_FTP_none_1.pcap.TCP_10-152-152-11_41671_75-101-155-12_1859_stream_0.pcap,tcp_0,tcp,0,FTP,nonTor,FileTransfer,FTP
nonTor_FileTransfer_FTP_none_1.pcap.TCP_10-152-152-11_44232_75-101-155-12_1398_stream_0.pcap,tcp_0,tcp,0,FTP,nonTor,FileTransfer,FTP
nonTor_FileTransfer_FTP_none_1.pcap.TCP_10-152-152-11_57367_75-101-155-12_1637_stream_0.pcap,tcp_0,tcp,0,FTP,nonTor,FileTransfer,FTP
nonTor_FileTransfer_FTP_none_1.pcap.TCP_10-152-152-11_38395_75-101-155-12_1912_stream_0.pcap,tcp_0,tcp,0,FTP,nonTor,FileTransfer,FTP
nonTor_FileTransfer_FTP_none_1.pcap.TCP_10-152-152-11_33406_75-101-155-12_1316_stream_0.pcap,tcp_0,tcp,0,FTP,nonTor,FileTransfer,FTP
nonTor_FileTransfer_FTP_none_1.pcap.TCP_10-152-152-11_41486_75-101-155-12_1435_stream_0.pcap,tcp_0,tcp,0,FTP,nonTor,FileTransfer,FTP
nonTor_FileTransfer_FTP_none_1.pcap.TCP_10-152-152-11_55216_75-101-155-12_1728_stream_0.pcap,tcp_0,tcp,0,FTP,nonTor,FileTransfer,FTP
nonTor_FileTransfer_FTP_none_1.pcap.TCP_10-152-152-11_55503_75-101-155-12_1929_stream_0.pcap,tcp_0,tcp,0,FTP,nonTor,FileTransfer,FTP
nonTor_FileTransfer_FTP_none_1.pcap.TCP_10-152-152-11_49590_75-101-155-12_1535_stream_0.pcap,tcp_0,tcp,0,FTP,nonTor,FileTransfer,FTP
nonTor_FileTransfer_FTP_none_1.pcap.TCP_10-152-152-11_54167_75-101-155-12_1873_stream_0.pcap,tcp_0,tcp,0,FTP,nonTor,FileTransfer,FTP
nonTor_FileTransfer_FTP_none_1.pcap.TCP_10-152-152-11_34437_75-101-155-12_1889_stream_0.pcap,tcp_0,tcp,0,FTP,nonTor,FileTransfer,FTP
nonTor_FileTransfer_FTP_none_1.pcap.TCP_10-152-152-11_39379_75-101-155-12_1815_stream_0.pcap,tcp_0,tcp,0,FTP,nonTor,FileTransfer,FTP
nonTor_FileTransfer_FTP_none_1.pcap.TCP_10-152-152-11_51784_75-101-155-12_1638_stream_0.pcap,tcp_0,tcp,0,FTP,nonTor,FileTransfer,FTP
nonTor_FileTransfer_FTP_none_1.pcap.TCP_10-152-152-11_38064_75-101-155-12_1508_stream_0.pcap,tcp_0,tcp,0,FTP,nonTor,FileTransfer,FTP
nonTor_FileTransfer_FTP_none_1.pcap.TCP_10-152-152-11_55710_75-101-155-12_1363_stream_0.pcap,tcp_0,tcp,0,FTP,nonTor,FileTransfer,FTP
nonTor_FileTransfer_FTP_none_1.pcap.TCP_10-152-152-11_56015_75-101-155-12_1326_stream_0.pcap,tcp_0,tcp,0,FTP,nonTor,FileTransfer,FTP
nonTor_FileTransfer_FTP_none_1.pcap.TCP_10-152-152-11_45787_75-101-155-12_1611_stream_0.pcap,tcp_0,tcp,0,FTP,nonTor,FileTransfer,FTP
nonTor_FileTransfer_FTP_none_1.pcap.TCP_10-152-152-11_46799_75-101-155-12_1280_stream_0.pcap,tcp_0,tcp,0,FTP,nonTor,FileTransfer,FTP
nonTor_FileTransfer_FTP_none_1.pcap.TCP_10-152-152-11_37602_75-101-155-12_1513_stream_0.pcap,tcp_0,tcp,0,FTP,nonTor,FileTransfer,FTP
nonTor_FileTransfer_FTP_none_1.pcap.TCP_10-152-152-11_47995_75-101-155-12_1596_stream_0.pcap,tcp_0,tcp,0,FTP,nonTor,FileTransfer,FTP
nonTor_FileTransfer_FTP_none_1.pcap.TCP_10-152-152-11_35549_75-101-155-12_1428_stream_0.pcap,tcp_0,tcp,0,FTP,nonTor,FileTransfer,FTP
nonTor_FileTransfer_FTP_none_1.pcap.TCP_10-152-152-11_46065_75-101-155-12_1207_stream_0.pcap,tcp_0,tcp,0,FTP,nonTor,FileTransfer,FTP
nonTor_FileTransfer_FTP_none_1.pcap.TCP_10-152-152-11_33140_75-101-155-12_1206_stream_0.pcap,tcp_0,tcp,0,FTP,nonTor,FileTransfer,FTP
nonTor_FileTransfer_FTP_none_1.pcap.TCP_10-152-152-11_57721_75-101-155-12_1787_stream_0.pcap,tcp_0,tcp,0,FTP,nonTor,FileTransfer,FTP
nonTor_FileTransfer_FTP_none_1.pcap.TCP_10-152-152-11_50181_75-101-155-12_1442_stream_0.pcap,tcp_0,tcp,0,FTP,nonTor,FileTransfer,FTP
nonTor_FileTransfer_FTP_none_1.pcap.TCP_10-152-152-11_40130_75-101-155-12_1661_stream_0.pcap,tcp_0,tcp,0,FTP,nonTor,FileTransfer,FTP
nonTor_FileTransfer_FTP_none_1.pcap.TCP_10-152-152-11_41107_75-101-155-12_1641_stream_0.pcap,tcp_0,tcp,0,FTP,nonTor,FileTransfer,FTP
nonTor_FileTransfer_FTP_none_1.pcap.TCP_10-152-152-11_47203_75-101-155-12_1848_stream_0.pcap,tcp_0,tcp,0,FTP,nonTor,FileTransfer,FTP
nonTor_FileTransfer_FTP_none_1.pcap.TCP_10-152-152-11_51012_75-101-155-12_1640_stream_0.pcap,tcp_0,tcp,0,FTP,nonTor,FileTransfer,FTP
nonTor_FileTransfer_FTP_none_1.pcap.TCP_10-152-152-11_46476_75-101-155-12_1700_stream_0.pcap,tcp_0,tcp,0,FTP,nonTor,FileTransfer,FTP
nonTor_FileTransfer_FTP_none_1.pcap.TCP_10-152-152-11_39749_75-101-155-12_1636_stream_0.pcap,tcp_0,tcp,0,FTP,nonTor,FileTransfer,FTP
nonTor_FileTransfer_FTP_none_1.pcap.TCP_10-152-152-11_35970_75-101-155-12_1949_stream_0.pcap,tcp_0,tcp,0,FTP,nonTor,FileTransfer,FTP
nonTor_FileTransfer_FTP_none_1.pcap.TCP_10-152-152-11_42316_75-101-155-12_1946_stream_0.pcap,tcp_0,tcp,0,FTP,nonTor,FileTransfer,FTP
nonTor_FileTransfer_FTP_none_1.pcap.TCP_10-152-152-11_41824_75-101-155-12_1983_stream_0.pcap,tcp_0,tcp,0,FTP,nonTor,FileTransfer,FTP
nonTor_FileTransfer_FTP_none_1.pcap.TCP_10-152-152-11_37156_75-101-155-12_1892_stream_0.pcap,tcp_0,tcp,0,FTP,nonTor,FileTransfer,FTP
nonTor_FileTransfer_FTP_none_1.pcap.TCP_10-152-152-11_37558_75-101-155-12_1652_stream_0.pcap,tcp_0,tcp,0,FTP,nonTor,FileTransfer,FTP
nonTor_FileTransfer_FTP_none_1.pcap.TCP_10-152-152-11_60059_75-101-155-12_1556_stream_0.pcap,tcp_0,tcp,0,FTP,nonTor,FileTransfer,FTP
nonTor_FileTransfer_FTP_none_1.pcap.TCP_10-152-152-11_48296_75-101-155-12_1867_stream_0.pcap,tcp_0,tcp,0,FTP,nonTor,FileTransfer,FTP
nonTor_FileTransfer_FTP_none_1.pcap.TCP_10-152-152-11_51008_75-101-155-12_1478_stream_0.pcap,tcp_0,tcp,0,FTP,nonTor,FileTransfer,FTP
nonTor_FileTransfer_FTP_none_1.pcap.TCP_10-152-152-11_51884_75-101-155-12_1226_stream_0.pcap,tcp_0,tcp,0,FTP,nonTor,FileTransfer,FTP
nonTor_FileTransfer_FTP_none_1.pcap.TCP_10-152-152-11_59694_75-101-155-12_1400_stream_0.pcap,tcp_0,tcp,0,FTP,nonTor,FileTransfer,FTP
nonTor_FileTransfer_FTP_none_1.pcap.TCP_10-152-152-11_38660_75-101-155-12_1345_stream_0.pcap,tcp_0,tcp,0,FTP,nonTor,FileTransfer,FTP
nonTor_FileTransfer_FTP_none_1.pcap.TCP_10-152-152-11_41826_75-101-155-12_1300_stream_0.pcap,tcp_0,tcp,0,FTP,nonTor,FileTransfer,FTP
nonTor_FileTransfer_FTP_none_1.pcap.TCP_10-152-152-11_46094_75-101-155-12_1770_stream_0.pcap,tcp_0,tcp,0,FTP,nonTor,FileTransfer,FTP
nonTor_FileTransfer_FTP_none_1.pcap.TCP_10-152-152-11_56478_75-101-155-12_1844_stream_0.pcap,tcp_0,tcp,0,FTP,nonTor,FileTransfer,FTP
nonTor_FileTransfer_FTP_none_1.pcap.TCP_10-152-152-11_44759_75-101-155-12_1910_stream_0.pcap,tcp_0,tcp,0,FTP,nonTor,FileTransfer,FTP
nonTor_FileTransfer_FTP_none_1.pcap.TCP_10-152-152-11_44220_75-101-155-12_1705_stream_0.pcap,tcp_0,tcp,0,FTP,nonTor,FileTransfer,FTP
nonTor_FileTransfer_FTP_none_1.pcap.TCP_10-152-152-11_60686_75-101-155-12_1559_stream_0.pcap,tcp_0,tcp,0,FTP,nonTor,FileTransfer,FTP
nonTor_FileTransfer_FTP_none_1.pcap.TCP_10-152-152-11_37208_75-101-155-12_1721_stream_0.pcap,tcp_0,tcp,0,FTP,nonTor,FileTransfer,FTP
nonTor_FileTransfer_FTP_none_1.pcap.TCP_10-152-152-11_54362_75-101-155-12_1227_stream_0.pcap,tcp_0,tcp,0,FTP,nonTor,FileTransfer,FTP
nonTor_FileTransfer_FTP_none_1.pcap.TCP_10-152-152-11_34415_75-101-155-12_1485_stream_0.pcap,tcp_0,tcp,0,FTP,nonTor,FileTransfer,FTP
nonTor_FileTransfer_FTP_none_1.pcap.TCP_10-152-152-11_50602_75-101-155-12_1857_stream_0.pcap,tcp_0,tcp,0,FTP,nonTor,FileTransfer,FTP
nonTor_FileTransfer_FTP_none_1.pcap.TCP_10-152-152-11_33754_75-101-155-12_1217_stream_0.pcap,tcp_0,tcp,0,FTP,nonTor,FileTransfer,FTP
nonTor_FileTransfer_FTP_none_1.pcap.TCP_10-152-152-11_52021_75-101-155-12_1890_stream_0.pcap,tcp_0,tcp,0,FTP,nonTor,FileTransfer,FTP
nonTor_FileTransfer_FTP_none_1.pcap.TCP_10-152-152-11_47591_75-101-155-12_1550_stream_0.pcap,tcp_0,tcp,0,FTP,nonTor,FileTransfer,FTP
nonTor_FileTransfer_FTP_none_1.pcap.TCP_10-152-152-11_46673_75-101-155-12_1581_stream_0.pcap,tcp_0,tcp,0,FTP,nonTor,FileTransfer,FTP
nonTor_FileTransfer_FTP_none_1.pcap.TCP_10-152-152-11_50904_75-101-155-12_1378_stream_0.pcap,tcp_0,tcp,0,FTP,nonTor,FileTransfer,FTP
nonTor_FileTransfer_FTP_none_1.pcap.TCP_10-152-152-11_49888_75-101-155-12_1535_stream_0.pcap,tcp_0,tcp,0,FTP,nonTor,FileTransfer,FTP
nonTor_FileTransfer_FTP_none_1.pcap.TCP_10-152-152-11_33714_75-101-155-12_1217_stream_0.pcap,tcp_0,tcp,0,FTP,nonTor,FileTransfer,FTP
nonTor_FileTransfer_FTP_none_1.pcap.TCP_10-152-152-11_55392_75-101-155-12_1747_stream_0.pcap,tcp_0,tcp,0,FTP,nonTor,FileTransfer,FTP
nonTor_FileTransfer_FTP_none_1.pcap.TCP_10-152-152-11_41758_75-101-155-12_1613_stream_0.pcap,tcp_0,tcp,0,FTP,nonTor,FileTransfer,FTP
nonTor_FileTransfer_FTP_none_1.pcap.TCP_10-152-152-11_46941_75-101-155-12_1739_stream_0.pcap,tcp_0,tcp,0,FTP,nonTor,FileTransfer,FTP
nonTor_FileTransfer_FTP_none_1.pcap.TCP_10-152-152-11_40797_75-101-155-12_1546_stream_0.pcap,tcp_0,tcp,0,FTP,nonTor,FileTransfer,FTP
nonTor_FileTransfer_FTP_none_1.pcap.TCP_10-152-152-11_34194_75-101-155-12_1955_stream_0.pcap,tcp_0,tcp,0,FTP,nonTor,FileTransfer,FTP
nonTor_FileTransfer_FTP_none_1.pcap.TCP_10-152-152-11_55723_75-101-155-12_1799_stream_0.pcap,tcp_0,tcp,0,FTP,nonTor,FileTransfer,FTP
nonTor_FileTransfer_FTP_none_1.pcap.TCP_10-152-152-11_46556_75-101-155-12_1247_stream_0.pcap,tcp_0,tcp,0,FTP,nonTor,FileTransfer,FTP
nonTor_FileTransfer_FTP_none_1.pcap.TCP_10-152-152-11_41626_75-101-155-12_1435_stream_0.pcap,tcp_0,tcp,0,FTP,nonTor,FileTransfer,FTP
nonTor_FileTransfer_FTP_none_1.pcap.TCP_10-152-152-11_37224_75-101-155-12_1652_stream_0.pcap,tcp_0,tcp,0,FTP,nonTor,FileTransfer,FTP
nonTor_FileTransfer_FTP_none_1.pcap.TCP_10-152-152-11_41168_75-101-155-12_1586_stream_0.pcap,tcp_0,tcp,0,FTP,nonTor,FileTransfer,FTP
nonTor_FileTransfer_FTP_none_1.pcap.TCP_10-152-152-11_43796_75-101-155-12_1824_stream_0.pcap,tcp_0,tcp,0,FTP,nonTor,FileTransfer,FTP
nonTor_FileTransfer_FTP_none_1.pcap.TCP_10-152-152-11_35009_75-101-155-12_1273_stream_0.pcap,tcp_0,tcp,0,FTP,nonTor,FileTransfer,FTP
nonTor_FileTransfer_FTP_none_1.pcap.TCP_10-152-152-11_51378_75-101-155-12_1348_stream_0.pcap,tcp_0,tcp,0,FTP,nonTor,FileTransfer,FTP
nonTor_FileTransfer_FTP_none_1.pcap.TCP_10-152-152-11_50302_75-101-155-12_1535_stream_0.pcap,tcp_0,tcp,0,FTP,nonTor,FileTransfer,FTP
nonTor_FileTransfer_FTP_none_1.pcap.TCP_10-152-152-11_38547_75-101-155-12_1385_stream_0.pcap,tcp_0,tcp,0,FTP,nonTor,FileTransfer,FTP
nonTor_FileTransfer_FTP_none_1.pcap.TCP_10-152-152-11_42100_75-101-155-12_1936_stream_0.pcap,tcp_0,tcp,0,FTP,nonTor,FileTransfer,FTP
nonTor_FileTransfer_FTP_none_1.pcap.TCP_10-152-152-11_50649_75-101-155-12_1351_stream_0.pcap,tcp_0,tcp,0,FTP,nonTor,FileTransfer,FTP
nonTor_FileTransfer_FTP_none_1.pcap.TCP_10-152-152-11_48671_75-101-155-12_1596_stream_0.pcap,tcp_0,tcp,0,FTP,nonTor,FileTransfer,FTP
nonTor_FileTransfer_FTP_none_1.pcap.TCP_10-152-152-11_47427_75-101-155-12_1836_stream_0.pcap,tcp_0,tcp,0,FTP,nonTor,FileTransfer,FTP
nonTor_FileTransfer_FTP_none_1.pcap.TCP_10-152-152-11_51999_75-101-155-12_1872_stream_0.pcap,tcp_0,tcp,0,FTP,nonTor,FileTransfer,FTP
nonTor_FileTransfer_FTP_none_1.pcap.TCP_10-152-152-11_34189_75-101-155-12_1485_stream_0.pcap,tcp_0,tcp,0,FTP,nonTor,FileTransfer,FTP
nonTor_FileTransfer_FTP_none_1.pcap.TCP_10-152-152-11_51812_75-101-155-12_1904_stream_0.pcap,tcp_0,tcp,0,FTP,nonTor,FileTransfer,FTP
nonTor_FileTransfer_FTP_none_1.pcap.TCP_10-152-152-11_53915_75-101-155-12_1917_stream_0.pcap,tcp_0,tcp,0,FTP,nonTor,FileTransfer,FTP
nonTor_FileTransfer_FTP_none_1.pcap.TCP_10-152-152-11_38653_75-101-155-12_1345_stream_0.pcap,tcp_0,tcp,0,FTP,nonTor,FileTransfer,FTP
nonTor_FileTransfer_FTP_none_1.pcap.TCP_10-152-152-11_39559_75-101-155-12_1978_stream_0.pcap,tcp_0,tcp,0,FTP,nonTor,FileTransfer,FTP
nonTor_FileTransfer_FTP_none_1.pcap.TCP_10-152-152-11_43355_75-101-155-12_1726_stream_0.pcap,tcp_0,tcp,0,FTP,nonTor,FileTransfer,FTP
nonTor_FileTransfer_FTP_none_1.pcap.TCP_10-152-152-11_51952_75-101-155-12_1441_stream_0.pcap,tcp_0,tcp,0,FTP,nonTor,FileTransfer,FTP
nonTor_FileTransfer_FTP_none_1.pcap.TCP_10-152-152-11_33346_75-101-155-12_1206_stream_0.pcap,tcp_0,tcp,0,FTP,nonTor,FileTransfer,FTP
nonTor_FileTransfer_FTP_none_1.pcap.TCP_10-152-152-11_43532_75-101-155-12_1887_stream_0.pcap,tcp_0,tcp,0,FTP,nonTor,FileTransfer,FTP
nonTor_FileTransfer_FTP_none_1.pcap.TCP_10-152-152-11_38695_75-101-155-12_1366_stream_0.pcap,tcp_0,tcp,0,FTP,nonTor,FileTransfer,FTP
nonTor_FileTransfer_FTP_none_1.pcap.TCP_10-152-152-11_40128_75-101-155-12_1807_stream_0.pcap,tcp_0,tcp,0,FTP,nonTor,FileTransfer,FTP
nonTor_FileTransfer_FTP_none_1.pcap.TCP_10-152-152-11_33438_75-101-155-12_1895_stream_0.pcap,tcp_0,tcp,0,FTP,nonTor,FileTransfer,FTP
nonTor_FileTransfer_FTP_none_1.pcap.TCP_10-152-152-11_40256_75-101-155-12_1852_stream_0.pcap,tcp_0,tcp,0,FTP,nonTor,FileTransfer,FTP
nonTor_FileTransfer_FTP_none_1.pcap.TCP_10-152-152-11_49740_75-101-155-12_1678_stream_0.pcap,tcp_0,tcp,0,FTP,nonTor,FileTransfer,FTP
nonTor_FileTransfer_FTP_none_1.pcap.TCP_10-152-152-11_52800_75-101-155-12_1840_stream_0.pcap,tcp_0,tcp,0,FTP,nonTor,FileTransfer,FTP
nonTor_FileTransfer_FTP_none_1.pcap.TCP_10-152-152-11_53037_75-101-155-12_1896_stream_0.pcap,tcp_0,tcp,0,FTP,nonTor,FileTransfer,FTP
nonTor_FileTransfer_FTP_none_1.pcap.TCP_10-152-152-11_59860_75-101-155-12_1215_stream_0.pcap,tcp_0,tcp,0,FTP,nonTor,FileTransfer,FTP
nonTor_FileTransfer_FTP_none_1.pcap.TCP_10-152-152-11_40565_75-101-155-12_1913_stream_0.pcap,tcp_0,tcp,0,FTP,nonTor,FileTransfer,FTP
nonTor_FileTransfer_FTP_none_1.pcap.TCP_10-152-152-11_40200_75-101-155-12_1292_stream_0.pcap,tcp_0,tcp,0,FTP,nonTor,FileTransfer,FTP
nonTor_FileTransfer_FTP_none_1.pcap.TCP_10-152-152-11_34617_75-101-155-12_1794_stream_0.pcap,tcp_0,tcp,0,FTP,nonTor,FileTransfer,FTP
nonTor_FileTransfer_FTP_none_1.pcap.TCP_10-152-152-11_57019_75-101-155-12_1451_stream_0.pcap,tcp_0,tcp,0,FTP,nonTor,FileTransfer,FTP
nonTor_FileTransfer_FTP_none_1.pcap.TCP_10-152-152-11_55207_75-101-155-12_1772_stream_0.pcap,tcp_0,tcp,0,FTP,nonTor,FileTransfer,FTP
nonTor_FileTransfer_FTP_none_1.pcap.TCP_10-152-152-11_47615_75-101-155-12_1550_stream_0.pcap,tcp_0,tcp,0,FTP,nonTor,FileTransfer,FTP
nonTor_FileTransfer_FTP_none_1.pcap.TCP_10-152-152-11_33413_75-101-155-12_1479_stream_0.pcap,tcp_0,tcp,0,FTP,nonTor,FileTransfer,FTP
nonTor_FileTransfer_FTP_none_1.pcap.TCP_10-152-152-11_56009_75-101-155-12_1663_stream_0.pcap,tcp_0,tcp,0,FTP,nonTor,FileTransfer,FTP
nonTor_FileTransfer_FTP_none_1.pcap.TCP_10-152-152-11_46361_75-101-155-12_1830_stream_0.pcap,tcp_0,tcp,0,FTP,nonTor,FileTransfer,FTP
nonTor_FileTransfer_FTP_none_1.pcap.TCP_10-152-152-11_39080_75-101-155-12_1594_stream_0.pcap,tcp_0,tcp,0,FTP,nonTor,FileTransfer,FTP
nonTor_FileTransfer_FTP_none_1.pcap.TCP_10-152-152-11_38985_75-101-155-12_1815_stream_0.pcap,tcp_0,tcp,0,FTP,nonTor,FileTransfer,FTP
nonTor_FileTransfer_FTP_none_1.pcap.TCP_10-152-152-11_44630_75-101-155-12_1293_stream_0.pcap,tcp_0,tcp,0,FTP,nonTor,FileTransfer,FTP
nonTor_FileTransfer_FTP_none_1.pcap.TCP_10-152-152-11_50146_75-101-155-12_1640_stream_0.pcap,tcp_0,tcp,0,FTP,nonTor,FileTransfer,FTP
nonTor_FileTransfer_FTP_none_1.pcap.TCP_10-152-152-11_47603_75-101-155-12_1499_stream_0.pcap,tcp_0,tcp,0,FTP,nonTor,FileTransfer,FTP
nonTor_FileTransfer_FTP_none_1.pcap.TCP_10-152-152-11_43054_75-101-155-12_1203_stream_0.pcap,tcp_0,tcp,0,FTP,nonTor,FileTransfer,FTP
nonTor_FileTransfer_FTP_none_1.pcap.TCP_10-152-152-11_40786_75-101-155-12_1615_stream_0.pcap,tcp_0,tcp,0,FTP,nonTor,FileTransfer,FTP
nonTor_FileTransfer_FTP_none_1.pcap.TCP_10-152-152-11_37826_75-101-155-12_1256_stream_0.pcap,tcp_0,tcp,0,FTP,nonTor,FileTransfer,FTP
nonTor_FileTransfer_FTP_none_1.pcap.TCP_10-152-152-11_60669_75-101-155-12_1473_stream_0.pcap,tcp_0,tcp,0,FTP,nonTor,FileTransfer,FTP
nonTor_FileTransfer_FTP_none_1.pcap.TCP_10-152-152-11_55539_75-101-155-12_1929_stream_0.pcap,tcp_0,tcp,0,FTP,nonTor,FileTransfer,FTP
nonTor_FileTransfer_FTP_none_1.pcap.TCP_10-152-152-11_33659_75-101-155-12_1268_stream_0.pcap,tcp_0,tcp,0,FTP,nonTor,FileTransfer,FTP
nonTor_FileTransfer_FTP_none_1.pcap.TCP_10-152-152-11_60682_75-101-155-12_1958_stream_0.pcap,tcp_0,tcp,0,FTP,nonTor,FileTransfer,FTP
nonTor_FileTransfer_FTP_none_1.pcap.TCP_10-152-152-11_33788_75-101-155-12_1404_stream_0.pcap,tcp_0,tcp,0,FTP,nonTor,FileTransfer,FTP
nonTor_FileTransfer_FTP_none_1.pcap.TCP_10-152-152-11_35782_75-101-155-12_1625_stream_0.pcap,tcp_0,tcp,0,FTP,nonTor,FileTransfer,FTP
nonTor_FileTransfer_FTP_none_1.pcap.TCP_10-152-152-11_53054_75-101-155-12_1588_stream_0.pcap,tcp_0,tcp,0,FTP,nonTor,FileTransfer,FTP
nonTor_FileTransfer_FTP_none_1.pcap.TCP_10-152-152-11_53944_75-101-155-12_1925_stream_0.pcap,tcp_0,tcp,0,FTP,nonTor,FileTransfer,FTP
nonTor_FileTransfer_FTP_none_1.pcap.TCP_10-152-152-11_41524_75-101-155-12_1332_stream_0.pcap,tcp_0,tcp,0,FTP,nonTor,FileTransfer,FTP
nonTor_FileTransfer_FTP_none_1.pcap.TCP_10-152-152-11_55021_75-101-155-12_1393_stream_0.pcap,tcp_0,tcp,0,FTP,nonTor,FileTransfer,FTP
nonTor_FileTransfer_FTP_none_1.pcap.TCP_10-152-152-11_40527_75-101-155-12_1468_stream_0.pcap,tcp_0,tcp,0,FTP,nonTor,FileTransfer,FTP
nonTor_FileTransfer_FTP_none_1.pcap.TCP_10-152-152-11_39469_75-101-155-12_1375_stream_0.pcap,tcp_0,tcp,0,FTP,nonTor,FileTransfer,FTP
nonTor_FileTransfer_FTP_none_1.pcap.TCP_10-152-152-11_34892_75-101-155-12_1271_stream_0.pcap,tcp_0,tcp,0,FTP,nonTor,FileTransfer,FTP
nonTor_FileTransfer_FTP_none_1.pcap.TCP_10-152-152-11_38249_75-101-155-12_1329_stream_0.pcap,tcp_0,tcp,0,FTP,nonTor,FileTransfer,FTP
nonTor_FileTransfer_FTP_none_1.pcap.TCP_10-152-152-11_56852_75-101-155-12_1490_stream_0.pcap,tcp_0,tcp,0,FTP,nonTor,FileTransfer,FTP
nonTor_FileTransfer_FTP_none_1.pcap.TCP_10-152-152-11_58165_75-101-155-12_1870_stream_0.pcap,tcp_0,tcp,0,FTP,nonTor,FileTransfer,FTP
nonTor_FileTransfer_FTP_none_1.pcap.TCP_10-152-152-11_35278_75-101-155-12_1426_stream_0.pcap,tcp_0,tcp,0,FTP,nonTor,FileTransfer,FTP
nonTor_FileTransfer_FTP_none_1.pcap.TCP_10-152-152-11_47347_75-101-155-12_1581_stream_0.pcap,tcp_0,tcp,0,FTP,nonTor,FileTransfer,FTP
nonTor_FileTransfer_FTP_none_1.pcap.TCP_10-152-152-11_52673_75-101-155-12_1896_stream_0.pcap,tcp_0,tcp,0,FTP,nonTor,FileTransfer,FTP
nonTor_FileTransfer_FTP_none_1.pcap.TCP_10-152-152-11_47724_75-101-155-12_1516_stream_0.pcap,tcp_0,tcp,0,FTP,nonTor,FileTransfer,FTP
nonTor_FileTransfer_FTP_none_1.pcap.TCP_10-152-152-11_39790_75-101-155-12_1492_stream_0.pcap,tcp_0,tcp,0,FTP,nonTor,FileTransfer,FTP
nonTor_FileTransfer_FTP_none_1.pcap.TCP_10-152-152-11_52004_75-101-155-12_1856_stream_0.pcap,tcp_0,tcp,0,FTP,nonTor,FileTransfer,FTP
nonTor_FileTransfer_FTP_none_1.pcap.TCP_10-152-152-11_57127_75-101-155-12_1313_stream_0.pcap,tcp_0,tcp,0,FTP,nonTor,FileTransfer,FTP
nonTor_FileTransfer_FTP_none_1.pcap.TCP_10-152-152-11_36250_75-101-155-12_1730_stream_0.pcap,tcp_0,tcp,0,FTP,nonTor,FileTransfer,FTP
nonTor_FileTransfer_FTP_none_1.pcap.TCP_10-152-152-11_54387_75-101-155-12_1875_stream_0.pcap,tcp_0,tcp,0,FTP,nonTor,FileTransfer,FTP
nonTor_FileTransfer_FTP_none_1.pcap.TCP_10-152-152-11_43313_75-101-155-12_1726_stream_0.pcap,tcp_0,tcp,0,FTP,nonTor,FileTransfer,FTP
nonTor_FileTransfer_FTP_none_1.pcap.TCP_10-152-152-11_45894_75-101-155-12_1753_stream_0.pcap,tcp_0,tcp,0,FTP,nonTor,FileTransfer,FTP
nonTor_FileTransfer_FTP_none_1.pcap.TCP_10-152-152-11_48600_75-101-155-12_1402_stream_0.pcap,tcp_0,tcp,0,FTP,nonTor,FileTransfer,FTP
nonTor_FileTransfer_FTP_none_1.pcap.TCP_10-152-152-11_44705_75-101-155-12_1905_stream_0.pcap,tcp_0,tcp,0,FTP,nonTor,FileTransfer,FTP
nonTor_FileTransfer_FTP_none_1.pcap.TCP_10-152-152-11_55857_75-101-155-12_1327_stream_0.pcap,tcp_0,tcp,0,FTP,nonTor,FileTransfer,FTP
nonTor_FileTransfer_FTP_none_1.pcap.TCP_10-152-152-11_34729_75-101-155-12_1548_stream_0.pcap,tcp_0,tcp,0,FTP,nonTor,FileTransfer,FTP
nonTor_FileTransfer_FTP_none_1.pcap.TCP_10-152-152-11_48499_75-101-155-12_1422_stream_0.pcap,tcp_0,tcp,0,FTP,nonTor,FileTransfer,FTP
nonTor_FileTransfer_FTP_none_1.pcap.TCP_10-152-152-11_34002_75-101-155-12_1740_stream_0.pcap,tcp_0,tcp,0,FTP,nonTor,FileTransfer,FTP
nonTor_FileTransfer_FTP_none_1.pcap.TCP_10-152-152-11_60742_75-101-155-12_1861_stream_0.pcap,tcp_0,tcp,0,FTP,nonTor,FileTransfer,FTP
nonTor_FileTransfer_FTP_none_1.pcap.TCP_10-152-152-11_53344_75-101-155-12_1805_stream_0.pcap,tcp_0,tcp,0,FTP,nonTor,FileTransfer,FTP
nonTor_FileTransfer_FTP_none_1.pcap.TCP_10-152-152-11_50373_75-101-155-12_1915_stream_0.pcap,tcp_0,tcp,0,FTP,nonTor,FileTransfer,FTP
nonTor_FileTransfer_FTP_none_1.pcap.TCP_10-152-152-11_34918_75-101-155-12_1680_stream_0.pcap,tcp_0,tcp,0,FTP,nonTor,FileTransfer,FTP
nonTor_FileTransfer_FTP_none_1.pcap.TCP_10-152-152-11_40571_75-101-155-12_1468_stream_0.pcap,tcp_0,tcp,0,FTP,nonTor,FileTransfer,FTP
nonTor_FileTransfer_FTP_none_1.pcap.TCP_10-152-152-11_37575_75-101-155-12_1530_stream_0.pcap,tcp_0,tcp,0,FTP,nonTor,FileTransfer,FTP
nonTor_FileTransfer_FTP_none_1.pcap.TCP_10-152-152-11_53845_75-101-155-12_1800_stream_0.pcap,tcp_0,tcp,0,FTP,nonTor,FileTransfer,FTP
nonTor_FileTransfer_FTP_none_1.pcap.TCP_10-152-152-11_59219_75-101-155-12_1991_stream_0.pcap,tcp_0,tcp,0,FTP,nonTor,FileTransfer,FTP
nonTor_FileTransfer_FTP_none_1.pcap.TCP_10-152-152-11_47117_75-101-155-12_1536_stream_0.pcap,tcp_0,tcp,0,FTP,nonTor,FileTransfer,FTP
nonTor_FileTransfer_FTP_none_1.pcap.TCP_10-152-152-11_34919_75-101-155-12_1789_stream_0.pcap,tcp_0,tcp,0,FTP,nonTor,FileTransfer,FTP
nonTor_FileTransfer_FTP_none_1.pcap.TCP_10-152-152-11_44541_75-101-155-12_1416_stream_0.pcap,tcp_0,tcp,0,FTP,nonTor,FileTransfer,FTP
nonTor_FileTransfer_FTP_none_1.pcap.TCP_10-152-152-11_39278_75-101-155-12_1862_stream_0.pcap,tcp_0,tcp,0,FTP,nonTor,FileTransfer,FTP
nonTor_FileTransfer_FTP_none_1.pcap.TCP_10-152-152-11_54112_75-101-155-12_1591_stream_0.pcap,tcp_0,tcp,0,FTP,nonTor,FileTransfer,FTP
nonTor_FileTransfer_FTP_none_1.pcap.TCP_10-152-152-11_45716_75-101-155-12_1888_stream_0.pcap,tcp_0,tcp,0,FTP,nonTor,FileTransfer,FTP
nonTor_FileTransfer_FTP_none_1.pcap.TCP_10-152-152-11_36125_75-101-155-12_1736_stream_0.pcap,tcp_0,tcp,0,FTP,nonTor,FileTransfer,FTP
nonTor_FileTransfer_FTP_none_1.pcap.TCP_10-152-152-11_40339_75-101-155-12_1468_stream_0.pcap,tcp_0,tcp,0,FTP,nonTor,FileTransfer,FTP
nonTor_FileTransfer_FTP_none_1.pcap.TCP_10-152-152-11_41568_75-101-155-12_1208_stream_0.pcap,tcp_0,tcp,0,FTP,nonTor,FileTransfer,FTP
nonTor_FileTransfer_FTP_none_1.pcap.TCP_10-152-152-11_56565_75-101-155-12_1212_stream_0.pcap,tcp_0,tcp,0,FTP,nonTor,FileTransfer,FTP
nonTor_FileTransfer_FTP_none_1.pcap.TCP_10-152-152-11_47595_75-101-155-12_1229_stream_0.pcap,tcp_0,tcp,0,FTP,nonTor,FileTransfer,FTP
Tor_FileTransfer_FTP_none_1.pcap.TCP_10-0-2-15_36922_198-52-200-39_443_stream_0.pcap,tcp_0,tcp,0,FTP,Tor,FileTransfer,FTP
nonTor_FileTransfer_FTP_none_1.pcap.TCP_10-152-152-11_50657_75-101-155-12_1762_stream_0.pcap,tcp_0,tcp,0,FTP,nonTor,FileTransfer,FTP
nonTor_FileTransfer_FTP_none_1.pcap.TCP_10-152-152-11_43133_75-101-155-12_1236_stream_0.pcap,tcp_0,tcp,0,FTP,nonTor,FileTransfer,FTP
nonTor_FileTransfer_FTP_none_1.pcap.TCP_10-152-152-11_34554_75-101-155-12_1228_stream_0.pcap,tcp_0,tcp,0,FTP,nonTor,FileTransfer,FTP
nonTor_FileTransfer_FTP_none_1.pcap.TCP_10-152-152-11_37081_75-101-155-12_1553_stream_0.pcap,tcp_0,tcp,0,FTP,nonTor,FileTransfer,FTP
nonTor_FileTransfer_FTP_none_1.pcap.TCP_10-152-152-11_50356_75-101-155-12_1828_stream_0.pcap,tcp_0,tcp,0,FTP,nonTor,FileTransfer,FTP
nonTor_FileTransfer_FTP_none_1.pcap.TCP_10-152-152-11_40516_75-101-155-12_1221_stream_0.pcap,tcp_0,tcp,0,FTP,nonTor,FileTransfer,FTP
nonTor_FileTransfer_FTP_none_1.pcap.TCP_10-152-152-11_37732_75-101-155-12_1947_stream_0.pcap,tcp_0,tcp,0,FTP,nonTor,FileTransfer,FTP
nonTor_FileTransfer_FTP_none_1.pcap.TCP_10-152-152-11_38255_75-101-155-12_1477_stream_0.pcap,tcp_0,tcp,0,FTP,nonTor,FileTransfer,FTP
nonTor_FileTransfer_FTP_none_1.pcap.TCP_10-152-152-11_34944_75-101-155-12_1456_stream_0.pcap,tcp_0,tcp,0,FTP,nonTor,FileTransfer,FTP
nonTor_FileTransfer_FTP_none_1.pcap.TCP_10-152-152-11_36481_75-101-155-12_1240_stream_0.pcap,tcp_0,tcp,0,FTP,nonTor,FileTransfer,FTP
nonTor_P2P_BitTorrent_none_1.pcap.TCP_10-152-152-11_33704_151-40-169-10_10849_stream_0.pcap,tcp_0,tcp,0,BitTorrent,nonTor,P2P,BitTorrent
nonTor_P2P_BitTorrent_none_1.pcap.TCP_10-152-152-11_41252_189-250-93-87_31481_stream_0.pcap,tcp_0,tcp,0,BitTorrent,nonTor,P2P,BitTorrent
Tor_P2P_BitTorrent_none_5.pcap.UDP_82-76-238-214_40105_131-202-240-87_61009_stream_0.pcap,udp_0,udp,0,BitTorrent,Tor,P2P,BitTorrent
nonTor_P2P_BitTorrent_none_1.pcap.TCP_10-152-152-11_37136_41-215-182-78_24046_stream_0.pcap,tcp_0,tcp,0,BitTorrent,nonTor,P2P,BitTorrent
nonTor_P2P_BitTorrent_none_1.pcap.TCP_10-152-152-11_42058_151-249-254-132_54448_stream_0.pcap,tcp_0,tcp,0,BitTorrent,nonTor,P2P,BitTorrent
nonTor_P2P_BitTorrent_none_1.pcap.TCP_10-152-152-11_39287_103-10-29-23_53089_stream_0.pcap,tcp_0,tcp,0,BitTorrent,nonTor,P2P,BitTorrent
nonTor_P2P_BitTorrent_none_1.pcap.TCP_10-152-152-11_42039_105-98-193-208_47391_stream_0.pcap,tcp_0,tcp,0,BitTorrent,nonTor,P2P,BitTorrent
nonTor_P2P_BitTorrent_none_1.pcap.TCP_10-152-152-11_42249_190-45-109-161_47741_stream_0.pcap,tcp_0,tcp,0,BitTorrent,nonTor,P2P,BitTorrent
Tor_P2P_BitTorrent_none_5.salvaged.pcap.UDP_89-178-139-240_6881_131-202-240-87_61009_stream_0.pcap,udp_0,udp,0,BitTorrent,Tor,P2P,BitTorrent
nonTor_P2P_BitTorrent_none_1.pcap.TCP_10-152-152-11_37264_78-185-4-15_57648_stream_0.pcap,tcp_0,tcp,0,BitTorrent,nonTor,P2P,BitTorrent
nonTor_P2P_BitTorrent_none_1.pcap.TCP_10-152-152-11_34373_43-245-233-25_9101_stream_0.pcap,tcp_0,tcp,0,BitTorrent,nonTor,P2P,BitTorrent
nonTor_P2P_BitTorrent_none_1.pcap.TCP_10-152-152-11_34025_46-166-188-219_48583_stream_0.pcap,tcp_0,tcp,0,BitTorrent,nonTor,P2P,BitTorrent
nonTor_P2P_BitTorrent_none_1.pcap.TCP_10-152-152-11_37570_154-0-68-185_34404_stream_0.pcap,tcp_0,tcp,0,BitTorrent,nonTor,P2P,BitTorrent
Tor_P2P_BitTorrent_none_5.salvaged.pcap.UDP_131-202-240-87_61009_212-19-8-237_45934_stream_0.pcap,udp_0,udp,0,BitTorrent,Tor,P2P,BitTorrent
nonTor_P2P_BitTorrent_none_1.pcap.TCP_10-152-152-11_35269_67-166-145-248_58958_stream_0.pcap,tcp_0,tcp,0,BitTorrent,nonTor,P2P,BitTorrent
nonTor_P2P_BitTorrent_none_1.pcap.TCP_10-152-152-11_40603_62-210-142-224_51413_stream_0.pcap,tcp_0,tcp,0,BitTorrent,nonTor,P2P,BitTorrent
nonTor_P2P_BitTorrent_none_1.pcap.TCP_10-152-152-11_35534_195-154-99-4_51016_stream_0.pcap,tcp_0,tcp,0,BitTorrent,nonTor,P2P,BitTorrent
Tor_P2P_BitTorrent_none_5.pcap.UDP_78-63-180-241_16810_131-202-240-87_61009_stream_0.pcap,udp_0,udp,0,BitTorrent,Tor,P2P,BitTorrent
Tor_P2P_BitTorrent_none_5.salvaged.pcap.TCP_131-202-240-87_4303_207-241-227-82_80_stream_0.pcap,tcp_0,tcp,0,BitTorrent,Tor,P2P,BitTorrent
nonTor_P2P_BitTorrent_none_1.pcap.TCP_10-152-152-11_36088_41-44-219-245_26085_stream_0.pcap,tcp_0,tcp,0,BitTorrent,nonTor,P2P,BitTorrent
nonTor_P2P_BitTorrent_none_1.pcap.TCP_10-152-152-11_37769_93-123-22-36_51413_stream_0.pcap,tcp_0,tcp,0,BitTorrent,nonTor,P2P,BitTorrent
nonTor_P2P_BitTorrent_none_1.pcap.TCP_10-152-152-11_36210_89-180-39-115_18552_stream_0.pcap,tcp_0,tcp,0,BitTorrent,nonTor,P2P,BitTorrent
nonTor_P2P_BitTorrent_none_1.pcap.TCP_10-152-152-11_33908_188-143-23-156_52111_stream_0.pcap,tcp_0,tcp,0,BitTorrent,nonTor,P2P,BitTorrent
nonTor_P2P_BitTorrent_none_1.pcap.TCP_10-152-152-11_37812_91-62-87-244_50505_stream_0.pcap,tcp_0,tcp,0,BitTorrent,nonTor,P2P,BitTorrent
Tor_P2P_BitTorrent_none_5.salvaged.pcap.TCP_131-202-240-87_4222_207-241-227-113_80_stream_0.pcap,tcp_0,tcp,0,BitTorrent,Tor,P2P,BitTorrent
nonTor_P2P_BitTorrent_none_1.pcap.TCP_10-152-152-11_36202_109-201-152-26_48583_stream_0.pcap,tcp_0,tcp,0,BitTorrent,nonTor,P2P,BitTorrent
nonTor_P2P_BitTorrent_none_1.pcap.TCP_10-152-152-11_35605_68-66-82-128_51413_stream_0.pcap,tcp_0,tcp,0,BitTorrent,nonTor,P2P,BitTorrent
nonTor_P2P_BitTorrent_none_1.pcap.TCP_10-152-152-11_34200_84-249-168-120_51413_stream_0.pcap,tcp_0,tcp,0,BitTorrent,nonTor,P2P,BitTorrent
Tor_P2P_BitTorrent_none_5.pcap.TCP_131-202-240-87_4254_207-241-227-82_80_stream_0.pcap,tcp_0,tcp,0,BitTorrent,Tor,P2P,BitTorrent
Tor_P2P_BitTorrent_none_5.salvaged.pcap.UDP_99-234-112-87_50116_131-202-240-87_61009_stream_0.pcap,udp_0,udp,0,BitTorrent,Tor,P2P,BitTorrent
nonTor_P2P_BitTorrent_none_1.pcap.TCP_10-152-152-11_41694_91-121-66-113_55005_stream_0.pcap,tcp_0,tcp,0,BitTorrent,nonTor,P2P,BitTorrent
nonTor_P2P_BitTorrent_none_1.pcap.TCP_10-152-152-11_40225_88-172-102-147_10177_stream_0.pcap,tcp_0,tcp,0,BitTorrent,nonTor,P2P,BitTorrent
nonTor_P2P_BitTorrent_none_1.pcap.TCP_10-152-152-11_34059_41-43-229-3_15759_stream_0.pcap,tcp_0,tcp,0,BitTorrent,nonTor,P2P,BitTorrent
nonTor_P2P_BitTorrent_none_1.pcap.TCP_10-152-152-11_36103_178-76-232-222_39771_stream_0.pcap,tcp_0,tcp,0,BitTorrent,nonTor,P2P,BitTorrent
nonTor_P2P_BitTorrent_none_1.pcap.TCP_10-152-152-11_38797_94-21-112-110_51413_stream_0.pcap,tcp_0,tcp,0,BitTorrent,nonTor,P2P,BitTorrent
nonTor_P2P_BitTorrent_none_1.pcap.TCP_10-152-152-11_38600_125-121-62-18_14340_stream_0.pcap,tcp_0,tcp,0,BitTorrent,nonTor,P2P,BitTorrent
nonTor_P2P_BitTorrent_none_1.pcap.TCP_10-152-152-11_35414_79-93-45-141_21795_stream_0.pcap,tcp_0,tcp,0,BitTorrent,nonTor,P2P,BitTorrent
nonTor_P2P_BitTorrent_none_1.pcap.TCP_10-152-152-11_38978_114-111-166-136_57169_stream_0.pcap,tcp_0,tcp,0,BitTorrent,nonTor,P2P,BitTorrent
Tor_P2P_BitTorrent_none_5.pcap.UDP_131-202-240-87_61009_188-254-234-215_31622_stream_0.pcap,udp_0,udp,0,BitTorrent,Tor,P2P,BitTorrent
nonTor_P2P_BitTorrent_none_1.pcap.TCP_10-152-152-11_40845_142-163-82-35_62348_stream_0.pcap,tcp_0,tcp,0,BitTorrent,nonTor,P2P,BitTorrent
nonTor_P2P_BitTorrent_none_1.pcap.TCP_10-152-152-11_38719_222-124-22-65_36543_stream_0.pcap,tcp_0,tcp,0,BitTorrent,nonTor,P2P,BitTorrent
nonTor_P2P_BitTorrent_none_1.pcap.TCP_10-152-152-11_39881_217-155-204-62_6881_stream_0.pcap,tcp_0,tcp,0,BitTorrent,nonTor,P2P,BitTorrent
nonTor_P2P_BitTorrent_none_1.pcap.TCP_10-152-152-11_35318_105-156-94-68_19889_stream_0.pcap,tcp_0,tcp,0,BitTorrent,nonTor,P2P,BitTorrent
nonTor_P2P_BitTorrent_none_1.pcap.TCP_10-152-152-11_40524_78-227-200-70_62349_stream_0.pcap,tcp_0,tcp,0,BitTorrent,nonTor,P2P,BitTorrent
nonTor_P2P_BitTorrent_none_1.pcap.TCP_10-152-152-11_41601_76-76-240-113_51413_stream_0.pcap,tcp_0,tcp,0,BitTorrent,nonTor,P2P,BitTorrent
nonTor_P2P_BitTorrent_none_1.pcap.TCP_10-152-152-11_36507_39-36-57-204_23122_stream_0.pcap,tcp_0,tcp,0,BitTorrent,nonTor,P2P,BitTorrent
nonTor_P2P_BitTorrent_none_1.pcap.TCP_10-152-152-11_39687_114-92-69-153_60455_stream_0.pcap,tcp_0,tcp,0,BitTorrent,nonTor,P2P,BitTorrent
Tor_P2P_BitTorrent_none_5.pcap.UDP_86-86-48-44_23666_131-202-240-87_61009_stream_0.pcap,udp_0,udp,0,BitTorrent,Tor,P2P,BitTorrent
nonTor_P2P_BitTorrent_none_1.pcap.TCP_10-152-152-11_41001_178-10-211-110_51413_stream_0.pcap,tcp_0,tcp,0,BitTorrent,nonTor,P2P,BitTorrent
nonTor_P2P_BitTorrent_none_1.pcap.TCP_10-152-152-11_35544_95-175-104-25_8467_stream_0.pcap,tcp_0,tcp,0,BitTorrent,nonTor,P2P,BitTorrent
Tor_P2P_BitTorrent_none_5.salvaged.pcap.UDP_60-246-212-249_6881_131-202-240-87_61009_stream_0.pcap,udp_0,udp,0,BitTorrent,Tor,P2P,BitTorrent
nonTor_P2P_BitTorrent_none_1.pcap.TCP_10-152-152-11_34262_31-3-193-25_51413_stream_0.pcap,tcp_0,tcp,0,BitTorrent,nonTor,P2P,BitTorrent
nonTor_P2P_BitTorrent_none_1.pcap.TCP_10-152-152-11_40553_89-169-114-92_55266_stream_0.pcap,tcp_0,tcp,0,BitTorrent,nonTor,P2P,BitTorrent
nonTor_P2P_BitTorrent_none_1.pcap.TCP_10-152-152-11_33353_105-105-187-220_60052_stream_0.pcap,tcp_0,tcp,0,BitTorrent,nonTor,P2P,BitTorrent
nonTor_P2P_BitTorrent_none_1.pcap.TCP_10-152-152-11_37548_41-43-62-51_64430_stream_0.pcap,tcp_0,tcp,0,BitTorrent,nonTor,P2P,BitTorrent
nonTor_P2P_BitTorrent_none_1.pcap.TCP_10-152-152-11_37699_91-185-52-119_55841_stream_0.pcap,tcp_0,tcp,0,BitTorrent,nonTor,P2P,BitTorrent
nonTor_P2P_BitTorrent_none_1.pcap.TCP_10-152-152-11_33640_41-238-186-250_56539_stream_0.pcap,tcp_0,tcp,0,BitTorrent,nonTor,P2P,BitTorrent
Tor_P2P_BitTorrent_none_5.salvaged.pcap.UDP_2-93-195-63_6881_131-202-240-87_61009_stream_0.pcap,udp_0,udp,0,BitTorrent,Tor,P2P,BitTorrent
Tor_P2P_BitTorrent_none_5.pcap.UDP_86-107-23-53_13214_131-202-240-87_61009_stream_0.pcap,udp_0,udp,0,BitTorrent,Tor,P2P,BitTorrent
nonTor_P2P_BitTorrent_none_1.pcap.TCP_10-152-152-11_34179_87-94-140-155_51413_stream_0.pcap,tcp_0,tcp,0,BitTorrent,nonTor,P2P,BitTorrent
nonTor_P2P_BitTorrent_none_1.pcap.TCP_10-152-152-11_40670_109-166-134-131_29631_stream_0.pcap,tcp_0,tcp,0,BitTorrent,nonTor,P2P,BitTorrent
nonTor_P2P_BitTorrent_none_1.pcap.TCP_10-152-152-11_36788_125-121-62-18_53523_stream_0.pcap,tcp_0,tcp,0,BitTorrent,nonTor,P2P,BitTorrent
nonTor_P2P_BitTorrent_none_1.pcap.TCP_10-152-152-11_40702_50-140-242-88_6881_stream_0.pcap,tcp_0,tcp,0,BitTorrent,nonTor,P2P,BitTorrent
nonTor_P2P_BitTorrent_none_1.pcap.TCP_10-152-152-11_35670_78-83-63-147_44121_stream_0.pcap,tcp_0,tcp,0,BitTorrent,nonTor,P2P,BitTorrent
nonTor_P2P_BitTorrent_none_1.pcap.TCP_10-152-152-11_36787_78-186-185-161_56602_stream_0.pcap,tcp_0,tcp,0,BitTorrent,nonTor,P2P,BitTorrent
Tor_P2P_BitTorrent_none_5.salvaged.pcap.UDP_131-202-240-87_61009_191-241-28-88_32137_stream_0.pcap,udp_0,udp,0,BitTorrent,Tor,P2P,BitTorrent
nonTor_P2P_BitTorrent_none_1.pcap.TCP_10-152-152-11_42242_201-102-63-143_6881_stream_0.pcap,tcp_0,tcp,0,BitTorrent,nonTor,P2P,BitTorrent
Tor_P2P_BitTorrent_none_5.pcap.UDP_131-202-240-87_61009_158-58-234-141_29817_stream_0.pcap,udp_0,udp,0,BitTorrent,Tor,P2P,BitTorrent
nonTor_P2P_BitTorrent_none_1.pcap.TCP_10-152-152-11_37213_180-183-27-224_39463_stream_0.pcap,tcp_0,tcp,0,BitTorrent,nonTor,P2P,BitTorrent
nonTor_P2P_BitTorrent_none_1.pcap.TCP_10-152-152-11_42085_49-148-221-58_56770_stream_0.pcap,tcp_0,tcp,0,BitTorrent,nonTor,P2P,BitTorrent
Tor_P2P_BitTorrent_none_5.pcap.UDP_115-72-239-92_22447_131-202-240-87_61009_stream_0.pcap,udp_0,udp,0,BitTorrent,Tor,P2P,BitTorrent
nonTor_P2P_BitTorrent_none_1.pcap.TCP_10-152-152-11_38330_123-246-53-148_32875_stream_0.pcap,tcp_0,tcp,0,BitTorrent,nonTor,P2P,BitTorrent
nonTor_P2P_BitTorrent_none_1.pcap.TCP_10-152-152-11_34046_180-183-11-85_51413_stream_0.pcap,tcp_0,tcp,0,BitTorrent,nonTor,P2P,BitTorrent
nonTor_P2P_BitTorrent_none_1.pcap.TCP_10-152-152-11_37186_177-8-161-133_59785_stream_0.pcap,tcp_0,tcp,0,BitTorrent,nonTor,P2P,BitTorrent
nonTor_P2P_BitTorrent_none_1.pcap.TCP_10-152-152-11_37150_190-98-37-124_36685_stream_0.pcap,tcp_0,tcp,0,BitTorrent,nonTor,P2P,BitTorrent
nonTor_P2P_BitTorrent_none_1.pcap.TCP_10-152-152-11_36037_200-175-39-198_26452_stream_0.pcap,tcp_0,tcp,0,BitTorrent,nonTor,P2P,BitTorrent
Tor_P2P_BitTorrent_none_5.pcap.TCP_131-202-6-26_13111_131-202-240-87_4193_stream_0.pcap,tcp_0,tcp,0,BitTorrent,Tor,P2P,BitTorrent
nonTor_P2P_BitTorrent_none_1.pcap.TCP_10-152-152-11_33846_178-76-232-222_51413_stream_0.pcap,tcp_0,tcp,0,BitTorrent,nonTor,P2P,BitTorrent
nonTor_P2P_BitTorrent_none_1.pcap.TCP_10-152-152-11_40397_202-56-198-50_31055_stream_0.pcap,tcp_0,tcp,0,BitTorrent,nonTor,P2P,BitTorrent
nonTor_P2P_BitTorrent_none_1.pcap.TCP_10-152-152-11_39130_217-21-54-33_9030_stream_0.pcap,tcp_0,tcp,0,BitTorrent,nonTor,P2P,BitTorrent
Tor_P2P_BitTorrent_none_5.pcap.TCP_131-202-6-26_13111_131-202-240-87_4239_stream_0.pcap,tcp_0,tcp,0,BitTorrent,Tor,P2P,BitTorrent
nonTor_P2P_BitTorrent_none_1.pcap.TCP_10-152-152-11_39746_178-135-80-142_15335_stream_0.pcap,tcp_0,tcp,0,BitTorrent,nonTor,P2P,BitTorrent
nonTor_P2P_BitTorrent_none_1.pcap.TCP_10-152-152-11_41202_112-202-28-167_45682_stream_0.pcap,tcp_0,tcp,0,BitTorrent,nonTor,P2P,BitTorrent
nonTor_P2P_BitTorrent_none_1.pcap.TCP_10-152-152-11_36314_190-201-8-87_12650_stream_0.pcap,tcp_0,tcp,0,BitTorrent,nonTor,P2P,BitTorrent
nonTor_P2P_BitTorrent_none_1.pcap.TCP_10-152-152-11_40725_81-128-168-66_4050_stream_0.pcap,tcp_0,tcp,0,BitTorrent,nonTor,P2P,BitTorrent
Tor_P2P_BitTorrent_none_5.salvaged.pcap.UDP_131-202-240-87_61009_175-9-35-189_2043_stream_0.pcap,udp_0,udp,0,BitTorrent,Tor,P2P,BitTorrent
Tor_P2P_BitTorrent_none_5.pcap.TCP_131-202-240-87_4236_207-241-227-113_80_stream_0.pcap,tcp_0,tcp,0,BitTorrent,Tor,P2P,BitTorrent
nonTor_P2P_BitTorrent_none_1.pcap.TCP_10-152-152-11_42166_160-178-154-11_54273_stream_0.pcap,tcp_0,tcp,0,BitTorrent,nonTor,P2P,BitTorrent
nonTor_P2P_BitTorrent_none_1.pcap.TCP_10-152-152-11_35822_186-151-33-188_47014_stream_0.pcap,tcp_0,tcp,0,BitTorrent,nonTor,P2P,BitTorrent
nonTor_P2P_BitTorrent_none_1.pcap.TCP_10-152-152-11_33651_197-9-3-247_58640_stream_0.pcap,tcp_0,tcp,0,BitTorrent,nonTor,P2P,BitTorrent
nonTor_P2P_BitTorrent_none_1.pcap.TCP_10-152-152-11_37802_77-129-236-152_40832_stream_0.pcap,tcp_0,tcp,0,BitTorrent,nonTor,P2P,BitTorrent
Tor_P2P_BitTorrent_none_5.salvaged.pcap.UDP_131-202-240-87_61009_210-195-34-165_6881_stream_0.pcap,udp_0,udp,0,BitTorrent,Tor,P2P,BitTorrent
nonTor_P2P_BitTorrent_none_1.pcap.TCP_10-152-152-11_39289_80-163-1-78_55555_stream_0.pcap,tcp_0,tcp,0,BitTorrent,nonTor,P2P,BitTorrent
Tor_P2P_BitTorrent_none_5.salvaged.pcap.UDP_131-202-240-87_61009_150-107-214-14_37789_stream_0.pcap,udp_0,udp,0,BitTorrent,Tor,P2P,BitTorrent
nonTor_P2P_BitTorrent_none_1.pcap.TCP_10-152-152-11_36332_194-226-152-220_56999_stream_0.pcap,tcp_0,tcp,0,BitTorrent,nonTor,P2P,BitTorrent
nonTor_P2P_BitTorrent_none_1.pcap.TCP_10-152-152-11_34435_78-193-88-59_55452_stream_0.pcap,tcp_0,tcp,0,BitTorrent,nonTor,P2P,BitTorrent
Tor_P2P_BitTorrent_none_5.pcap.UDP_131-202-240-87_61009_176-194-79-168_62244_stream_0.pcap,udp_0,udp,0,BitTorrent,Tor,P2P,BitTorrent
nonTor_P2P_BitTorrent_none_1.pcap.TCP_10-152-152-11_36390_104-160-60-34_51413_stream_0.pcap,tcp_0,tcp,0,BitTorrent,nonTor,P2P,BitTorrent
nonTor_P2P_BitTorrent_none_1.pcap.TCP_10-152-152-11_40864_177-42-121-93_19884_stream_0.pcap,tcp_0,tcp,0,BitTorrent,nonTor,P2P,BitTorrent
nonTor_P2P_BitTorrent_none_1.pcap.TCP_10-152-152-11_34679_179-105-65-239_51413_stream_0.pcap,tcp_0,tcp,0,BitTorrent,nonTor,P2P,BitTorrent
nonTor_P2P_BitTorrent_none_1.pcap.TCP_10-152-152-11_33048_70-33-54-120_44941_stream_0.pcap,tcp_0,tcp,0,BitTorrent,nonTor,P2P,BitTorrent
Tor_P2P_BitTorrent_none_5.salvaged.pcap.UDP_131-202-240-87_61009_183-128-35-227_1039_stream_0.pcap,udp_0,udp,0,BitTorrent,Tor,P2P,BitTorrent
nonTor_P2P_BitTorrent_none_1.pcap.TCP_10-152-152-11_39906_91-106-44-160_30900_stream_0.pcap,tcp_0,tcp,0,BitTorrent,nonTor,P2P,BitTorrent
Tor_P2P_BitTorrent_none_3.pcap.TCP_10-0-2-15_60031_195-154-82-180_443_stream_0.pcap,tcp_0,tcp,0,BitTorrent,Tor,P2P,BitTorrent
Tor_P2P_BitTorrent_none_5.salvaged.pcap.UDP_79-176-145-34_35202_131-202-240-87_61009_stream_0.pcap,udp_0,udp,0,BitTorrent,Tor,P2P,BitTorrent
nonTor_P2P_BitTorrent_none_1.pcap.TCP_10-152-152-11_38747_109-194-173-217_51413_stream_0.pcap,tcp_0,tcp,0,BitTorrent,nonTor,P2P,BitTorrent
nonTor_P2P_BitTorrent_none_1.pcap.TCP_10-152-152-11_34696_86-242-157-143_51413_stream_0.pcap,tcp_0,tcp,0,BitTorrent,nonTor,P2P,BitTorrent
Tor_P2P_BitTorrent_none_5.salvaged.pcap.TCP_131-202-6-26_13111_131-202-240-87_4223_stream_0.pcap,tcp_0,tcp,0,BitTorrent,Tor,P2P,BitTorrent
nonTor_P2P_BitTorrent_none_1.pcap.TCP_10-152-152-11_34139_178-217-185-238_51413_stream_0.pcap,tcp_0,tcp,0,BitTorrent,nonTor,P2P,BitTorrent
nonTor_P2P_BitTorrent_none_1.pcap.TCP_10-152-152-11_38334_182-182-74-139_35524_stream_0.pcap,tcp_0,tcp,0,BitTorrent,nonTor,P2P,BitTorrent
nonTor_P2P_BitTorrent_none_1.pcap.TCP_10-152-152-11_41713_202-142-79-55_54203_stream_0.pcap,tcp_0,tcp,0,BitTorrent,nonTor,P2P,BitTorrent
nonTor_P2P_BitTorrent_none_1.pcap.TCP_10-152-152-11_33339_122-172-212-178_47334_stream_0.pcap,tcp_0,tcp,0,BitTorrent,nonTor,P2P,BitTorrent
Tor_P2P_BitTorrent_none_5.salvaged.pcap.UDP_123-114-21-151_6881_131-202-240-87_61009_stream_0.pcap,udp_0,udp,0,BitTorrent,Tor,P2P,BitTorrent
nonTor_P2P_BitTorrent_none_1.pcap.TCP_10-152-152-11_40272_217-215-126-64_8999_stream_0.pcap,tcp_0,tcp,0,BitTorrent,nonTor,P2P,BitTorrent
Tor_P2P_BitTorrent_none_5.salvaged.pcap.UDP_131-202-240-87_61009_182-43-86-228_1031_stream_0.pcap,udp_0,udp,0,BitTorrent,Tor,P2P,BitTorrent
nonTor_P2P_BitTorrent_none_1.pcap.TCP_10-152-152-11_36697_176-38-157-38_6881_stream_0.pcap,tcp_0,tcp,0,BitTorrent,nonTor,P2P,BitTorrent
Tor_P2P_BitTorrent_none_5.salvaged.pcap.TCP_54-221-210-70_80_131-202-240-87_4294_stream_0.pcap,tcp_0,tcp,0,BitTorrent,Tor,P2P,BitTorrent
nonTor_P2P_BitTorrent_none_1.pcap.TCP_10-152-152-11_35261_179-127-71-204_36937_stream_0.pcap,tcp_0,tcp,0,BitTorrent,nonTor,P2P,BitTorrent
Tor_P2P_BitTorrent_none_5.pcap.UDP_131-202-240-87_61009_186-207-233-195_47615_stream_0.pcap,udp_0,udp,0,BitTorrent,Tor,P2P,BitTorrent
Tor_P2P_BitTorrent_none_5.salvaged.pcap.UDP_74-102-221-158_6881_131-202-240-87_61009_stream_0.pcap,udp_0,udp,0,BitTorrent,Tor,P2P,BitTorrent
Tor_P2P_BitTorrent_none_5.salvaged.pcap.UDP_94-198-65-248_31642_131-202-240-87_61009_stream_0.pcap,udp_0,udp,0,BitTorrent,Tor,P2P,BitTorrent
nonTor_P2P_BitTorrent_none_1.pcap.TCP_10-152-152-11_39968_101-191-17-36_63586_stream_0.pcap,tcp_0,tcp,0,BitTorrent,nonTor,P2P,BitTorrent
nonTor_P2P_BitTorrent_none_1.pcap.TCP_10-152-152-11_37654_125-121-62-18_55936_stream_0.pcap,tcp_0,tcp,0,BitTorrent,nonTor,P2P,BitTorrent
Tor_P2P_BitTorrent_none_5.pcap.UDP_31-129-187-236_49709_131-202-240-87_61009_stream_0.pcap,udp_0,udp,0,BitTorrent,Tor,P2P,BitTorrent
nonTor_P2P_BitTorrent_none_1.pcap.TCP_10-152-152-11_36803_177-17-175-45_17450_stream_0.pcap,tcp_0,tcp,0,BitTorrent,nonTor,P2P,BitTorrent
nonTor_P2P_BitTorrent_none_1.pcap.TCP_10-152-152-11_38911_179-62-20-177_53797_stream_0.pcap,tcp_0,tcp,0,BitTorrent,nonTor,P2P,BitTorrent
nonTor_P2P_BitTorrent_none_1.pcap.TCP_10-152-152-11_35805_95-211-212-10_59150_stream_0.pcap,tcp_0,tcp,0,BitTorrent,nonTor,P2P,BitTorrent
nonTor_P2P_BitTorrent_none_1.pcap.TCP_10-152-152-11_33599_178-10-211-110_54728_stream_0.pcap,tcp_0,tcp,0,BitTorrent,nonTor,P2P,BitTorrent
nonTor_P2P_BitTorrent_none_1.pcap.TCP_10-152-152-11_35812_209-55-77-248_15938_stream_0.pcap,tcp_0,tcp,0,BitTorrent,nonTor,P2P,BitTorrent
nonTor_P2P_BitTorrent_none_1.pcap.TCP_10-152-152-11_35448_198-8-80-44_55786_stream_0.pcap,tcp_0,tcp,0,BitTorrent,nonTor,P2P,BitTorrent
nonTor_P2P_BitTorrent_none_1.pcap.TCP_10-152-152-11_35022_105-231-239-49_56840_stream_0.pcap,tcp_0,tcp,0,BitTorrent,nonTor,P2P,BitTorrent
nonTor_P2P_BitTorrent_none_1.pcap.TCP_10-152-152-11_39811_151-248-132-97_3526_stream_0.pcap,tcp_0,tcp,0,BitTorrent,nonTor,P2P,BitTorrent
Tor_P2P_BitTorrent_none_5.pcap.UDP_131-202-240-87_61009_176-92-192-153_53141_stream_0.pcap,udp_0,udp,0,BitTorrent,Tor,P2P,BitTorrent
Tor_P2P_BitTorrent_none_5.pcap.UDP_131-202-240-87_61009_178-222-218-2_11921_stream_0.pcap,udp_0,udp,0,BitTorrent,Tor,P2P,BitTorrent
nonTor_P2P_BitTorrent_none_1.pcap.TCP_10-152-152-11_41052_46-151-155-28_51413_stream_0.pcap,tcp_0,tcp,0,BitTorrent,nonTor,P2P,BitTorrent
nonTor_P2P_BitTorrent_none_1.pcap.TCP_10-152-152-11_36285_66-212-215-67_64621_stream_0.pcap,tcp_0,tcp,0,BitTorrent,nonTor,P2P,BitTorrent
Tor_P2P_BitTorrent_none_5.salvaged.pcap.UDP_131-202-240-87_61009_188-18-207-168_11511_stream_0.pcap,udp_0,udp,0,BitTorrent,Tor,P2P,BitTorrent
Tor_P2P_BitTorrent_none_5.pcap.UDP_131-202-240-87_61009_180-244-227-55_10390_stream_0.pcap,udp_0,udp,0,BitTorrent,Tor,P2P,BitTorrent
nonTor_P2P_BitTorrent_none_1.pcap.TCP_10-152-152-11_42182_195-154-127-155_51413_stream_0.pcap,tcp_0,tcp,0,BitTorrent,nonTor,P2P,BitTorrent
Tor_P2P_BitTorrent_none_5.salvaged.pcap.UDP_131-202-240-87_61009_176-92-192-153_53141_stream_0.pcap,udp_0,udp,0,BitTorrent,Tor,P2P,BitTorrent
nonTor_P2P_BitTorrent_none_1.pcap.TCP_10-152-152-11_40669_94-111-203-124_51413_stream_0.pcap,tcp_0,tcp,0,BitTorrent,nonTor,P2P,BitTorrent
Tor_P2P_BitTorrent_none_5.salvaged.pcap.TCP_131-202-240-87_4214_207-241-224-2_80_stream_0.pcap,tcp_0,tcp,0,BitTorrent,Tor,P2P,BitTorrent
nonTor_P2P_BitTorrent_none_1.pcap.TCP_10-152-152-11_36770_179-105-70-73_51413_stream_0.pcap,tcp_0,tcp,0,BitTorrent,nonTor,P2P,BitTorrent
nonTor_P2P_BitTorrent_none_1.pcap.TCP_10-152-152-11_39013_80-8-130-47_46826_stream_0.pcap,tcp_0,tcp,0,BitTorrent,nonTor,P2P,BitTorrent
nonTor_P2P_BitTorrent_none_1.pcap.TCP_10-152-152-11_38766_82-168-116-143_15691_stream_0.pcap,tcp_0,tcp,0,BitTorrent,nonTor,P2P,BitTorrent
nonTor_P2P_BitTorrent_none_1.pcap.TCP_10-152-152-11_35766_41-216-4-174_25378_stream_0.pcap,tcp_0,tcp,0,BitTorrent,nonTor,P2P,BitTorrent
nonTor_P2P_BitTorrent_none_1.pcap.TCP_10-152-152-11_38902_82-169-60-191_7760_stream_0.pcap,tcp_0,tcp,0,BitTorrent,nonTor,P2P,BitTorrent
Tor_P2P_BitTorrent_none_5.salvaged.pcap.TCP_131-202-6-26_13111_131-202-240-87_4193_stream_0.pcap,tcp_0,tcp,0,BitTorrent,Tor,P2P,BitTorrent
nonTor_P2P_BitTorrent_none_1.pcap.TCP_10-152-152-11_33227_185-53-215-196_39885_stream_0.pcap,tcp_0,tcp,0,BitTorrent,nonTor,P2P,BitTorrent
nonTor_P2P_BitTorrent_none_1.pcap.TCP_10-152-152-11_36284_66-66-17-232_51413_stream_0.pcap,tcp_0,tcp,0,BitTorrent,nonTor,P2P,BitTorrent
nonTor_P2P_BitTorrent_none_1.pcap.TCP_10-152-152-11_36561_79-215-136-187_51413_stream_0.pcap,tcp_0,tcp,0,BitTorrent,nonTor,P2P,BitTorrent
nonTor_P2P_BitTorrent_none_1.pcap.TCP_10-152-152-11_35638_124-108-17-66_15699_stream_0.pcap,tcp_0,tcp,0,BitTorrent,nonTor,P2P,BitTorrent
Tor_P2P_BitTorrent_none_3.pcap.TCP_10-0-2-15_37628_213-239-216-222_443_stream_0.pcap,tcp_0,tcp,0,BitTorrent,Tor,P2P,BitTorrent
nonTor_P2P_BitTorrent_none_1.pcap.TCP_10-152-152-11_41422_185-45-194-242_60794_stream_0.pcap,tcp_0,tcp,0,BitTorrent,nonTor,P2P,BitTorrent
Tor_P2P_BitTorrent_none_5.salvaged.pcap.TCP_131-202-6-26_13111_131-202-240-87_4242_stream_0.pcap,tcp_0,tcp,0,BitTorrent,Tor,P2P,BitTorrent
nonTor_P2P_BitTorrent_none_1.pcap.TCP_10-152-152-11_41866_113-169-146-80_3800_stream_0.pcap,tcp_0,tcp,0,BitTorrent,nonTor,P2P,BitTorrent
nonTor_P2P_BitTorrent_none_1.pcap.TCP_10-152-152-11_34352_83-235-18-169_2604_stream_0.pcap,tcp_0,tcp,0,BitTorrent,nonTor,P2P,BitTorrent
Tor_P2P_BitTorrent_none_5.pcap.UDP_60-246-212-249_6881_131-202-240-87_61009_stream_0.pcap,udp_0,udp,0,BitTorrent,Tor,P2P,BitTorrent
nonTor_P2P_BitTorrent_none_1.pcap.TCP_10-152-152-11_40538_187-4-177-211_25005_stream_0.pcap,tcp_0,tcp,0,BitTorrent,nonTor,P2P,BitTorrent
nonTor_P2P_BitTorrent_none_1.pcap.TCP_10-152-152-11_40185_107-168-32-38_36722_stream_0.pcap,tcp_0,tcp,0,BitTorrent,nonTor,P2P,BitTorrent
Tor_P2P_BitTorrent_none_5.salvaged.pcap.UDP_98-225-90-176_62826_131-202-240-87_61009_stream_0.pcap,udp_0,udp,0,BitTorrent,Tor,P2P,BitTorrent
Tor_P2P_BitTorrent_none_5.pcap.UDP_1-36-201-248_8126_131-202-240-87_61009_stream_0.pcap,udp_0,udp,0,BitTorrent,Tor,P2P,BitTorrent
nonTor_P2P_BitTorrent_none_1.pcap.TCP_10-152-152-10_9052_10-152-152-11_40934_stream_0.pcap,tcp_0,tcp,0,BitTorrent,nonTor,P2P,BitTorrent
nonTor_P2P_BitTorrent_none_1.pcap.TCP_10-152-152-11_40882_109-252-8-228_6881_stream_0.pcap,tcp_0,tcp,0,BitTorrent,nonTor,P2P,BitTorrent
nonTor_P2P_BitTorrent_none_1.pcap.TCP_10-152-152-11_36756_160-176-124-181_29529_stream_0.pcap,tcp_0,tcp,0,BitTorrent,nonTor,P2P,BitTorrent
Tor_P2P_BitTorrent_none_5.salvaged.pcap.UDP_79-136-177-151_1026_131-202-240-87_61009_stream_0.pcap,udp_0,udp,0,BitTorrent,Tor,P2P,BitTorrent
nonTor_P2P_BitTorrent_none_1.pcap.TCP_10-152-152-11_40027_151-80-42-103_51413_stream_0.pcap,tcp_0,tcp,0,BitTorrent,nonTor,P2P,BitTorrent
nonTor_P2P_BitTorrent_none_1.pcap.TCP_10-152-152-11_40272_168-167-94-14_37268_stream_0.pcap,tcp_0,tcp,0,BitTorrent,nonTor,P2P,BitTorrent
nonTor_P2P_BitTorrent_none_1.pcap.TCP_10-152-152-11_33630_92-214-147-11_51413_stream_0.pcap,tcp_0,tcp,0,BitTorrent,nonTor,P2P,BitTorrent
nonTor_P2P_BitTorrent_none_1.pcap.TCP_10-152-152-11_32973_37-6-252-72_31055_stream_0.pcap,tcp_0,tcp,0,BitTorrent,nonTor,P2P,BitTorrent
nonTor_P2P_BitTorrent_none_1.pcap.TCP_10-152-152-11_37477_87-52-88-217_49117_stream_0.pcap,tcp_0,tcp,0,BitTorrent,nonTor,P2P,BitTorrent
nonTor_P2P_BitTorrent_none_1.pcap.TCP_10-152-152-11_33845_171-25-165-145_50906_stream_0.pcap,tcp_0,tcp,0,BitTorrent,nonTor,P2P,BitTorrent
nonTor_P2P_BitTorrent_none_1.pcap.TCP_1-186-39-132_53475_10-152-152-11_45711_stream_0.pcap,tcp_0,tcp,0,BitTorrent,nonTor,P2P,BitTorrent
nonTor_P2P_BitTorrent_none_1.pcap.TCP_10-152-152-11_32949_49-4-166-242_64126_stream_0.pcap,tcp_0,tcp,0,BitTorrent,nonTor,P2P,BitTorrent
Tor_P2P_BitTorrent_none_5.pcap.UDP_118-43-47-160_6881_131-202-240-87_61009_stream_0.pcap,udp_0,udp,0,BitTorrent,Tor,P2P,BitTorrent
Tor_P2P_BitTorrent_none_5.pcap.UDP_125-45-41-161_16001_131-202-240-87_61009_stream_0.pcap,udp_0,udp,0,BitTorrent,Tor,P2P,BitTorrent
nonTor_P2P_BitTorrent_none_1.pcap.TCP_10-152-152-11_36092_94-215-40-105_59696_stream_0.pcap,tcp_0,tcp,0,BitTorrent,nonTor,P2P,BitTorrent
Tor_P2P_BitTorrent_none_5.pcap.TCP_131-202-240-87_4222_207-241-227-113_80_stream_0.pcap,tcp_0,tcp,0,BitTorrent,Tor,P2P,BitTorrent
nonTor_P2P_BitTorrent_none_1.pcap.TCP_10-152-152-11_42109_82-166-181-201_5628_stream_0.pcap,tcp_0,tcp,0,BitTorrent,nonTor,P2P,BitTorrent
Tor_P2P_BitTorrent_none_5.pcap.TCP_131-202-240-87_4307_207-241-227-82_80_stream_0.pcap,tcp_0,tcp,0,BitTorrent,Tor,P2P,BitTorrent
Tor_P2P_BitTorrent_none_5.salvaged.pcap.UDP_131-202-240-87_61009_176-183-19-188_53141_stream_0.pcap,udp_0,udp,0,BitTorrent,Tor,P2P,BitTorrent
nonTor_P2P_BitTorrent_none_1.pcap.TCP_10-152-152-11_42159_108-5-165-63_32148_stream_0.pcap,tcp_0,tcp,0,BitTorrent,nonTor,P2P,BitTorrent
nonTor_P2P_BitTorrent_none_1.pcap.TCP_10-152-152-11_38301_41-249-220-79_43952_stream_0.pcap,tcp_0,tcp,0,BitTorrent,nonTor,P2P,BitTorrent
nonTor_P2P_BitTorrent_none_1.pcap.TCP_10-152-152-11_41775_150-129-103-157_57344_stream_0.pcap,tcp_0,tcp,0,BitTorrent,nonTor,P2P,BitTorrent
nonTor_P2P_BitTorrent_none_1.pcap.TCP_10-152-152-11_38795_24-35-234-148_55733_stream_0.pcap,tcp_0,tcp,0,BitTorrent,nonTor,P2P,BitTorrent
nonTor_P2P_BitTorrent_none_1.pcap.TCP_10-152-152-11_37502_101-108-159-53_16251_stream_0.pcap,tcp_0,tcp,0,BitTorrent,nonTor,P2P,BitTorrent
Tor_P2P_BitTorrent_none_5.pcap.TCP_131-202-240-87_4230_207-241-226-111_6969_stream_0.pcap,tcp_0,tcp,0,BitTorrent,Tor,P2P,BitTorrent
nonTor_P2P_BitTorrent_none_1.pcap.TCP_10-152-152-10_9108_10-152-152-11_34114_stream_0.pcap,tcp_0,tcp,0,BitTorrent,nonTor,P2P,BitTorrent
nonTor_P2P_BitTorrent_none_1.pcap.TCP_10-152-152-11_34136_151-76-225-156_51413_stream_0.pcap,tcp_0,tcp,0,BitTorrent,nonTor,P2P,BitTorrent
nonTor_P2P_BitTorrent_none_1.pcap.TCP_10-152-152-11_37319_178-65-230-88_64722_stream_0.pcap,tcp_0,tcp,0,BitTorrent,nonTor,P2P,BitTorrent
nonTor_P2P_BitTorrent_none_1.pcap.TCP_10-152-152-11_41860_104-156-227-4_51413_stream_0.pcap,tcp_0,tcp,0,BitTorrent,nonTor,P2P,BitTorrent
Tor_P2P_BitTorrent_none_5.salvaged.pcap.UDP_84-153-30-81_46049_131-202-240-87_61009_stream_0.pcap,udp_0,udp,0,BitTorrent,Tor,P2P,BitTorrent
nonTor_P2P_BitTorrent_none_1.pcap.TCP_10-152-152-11_38319_41-141-128-62_44822_stream_0.pcap,tcp_0,tcp,0,BitTorrent,nonTor,P2P,BitTorrent
nonTor_P2P_BitTorrent_none_1.pcap.TCP_10-152-152-11_42229_125-60-156-145_13990_stream_0.pcap,tcp_0,tcp,0,BitTorrent,nonTor,P2P,BitTorrent
nonTor_P2P_BitTorrent_none_1.pcap.TCP_10-152-152-11_37371_50-179-129-70_8999_stream_0.pcap,tcp_0,tcp,0,BitTorrent,nonTor,P2P,BitTorrent
nonTor_P2P_BitTorrent_none_1.pcap.TCP_10-152-152-11_35629_81-38-221-121_18585_stream_0.pcap,tcp_0,tcp,0,BitTorrent,nonTor,P2P,BitTorrent
nonTor_P2P_BitTorrent_none_1.pcap.TCP_10-152-152-11_37905_80-99-122-236_43588_stream_0.pcap,tcp_0,tcp,0,BitTorrent,nonTor,P2P,BitTorrent
nonTor_P2P_BitTorrent_none_1.pcap.TCP_10-152-152-11_41583_171-25-165-145_50906_stream_0.pcap,tcp_0,tcp,0,BitTorrent,nonTor,P2P,BitTorrent
Tor_P2P_BitTorrent_none_5.salvaged.pcap.TCP_131-202-240-87_4260_207-241-228-122_80_stream_0.pcap,tcp_0,tcp,0,BitTorrent,Tor,P2P,BitTorrent
nonTor_P2P_BitTorrent_none_1.pcap.TCP_10-152-152-11_34779_187-2-229-1_46707_stream_0.pcap,tcp_0,tcp,0,BitTorrent,nonTor,P2P,BitTorrent
nonTor_P2P_BitTorrent_none_1.pcap.TCP_10-152-152-11_33417_201-9-212-139_17220_stream_0.pcap,tcp_0,tcp,0,BitTorrent,nonTor,P2P,BitTorrent
nonTor_P2P_BitTorrent_none_1.pcap.TCP_10-152-152-11_40256_86-18-117-12_19639_stream_0.pcap,tcp_0,tcp,0,BitTorrent,nonTor,P2P,BitTorrent
nonTor_P2P_BitTorrent_none_1.pcap.TCP_10-152-152-11_38316_109-110-120-168_2930_stream_0.pcap,tcp_0,tcp,0,BitTorrent,nonTor,P2P,BitTorrent
nonTor_P2P_BitTorrent_none_1.pcap.TCP_10-152-152-11_39102_180-94-35-236_22386_stream_0.pcap,tcp_0,tcp,0,BitTorrent,nonTor,P2P,BitTorrent
nonTor_P2P_BitTorrent_none_1.pcap.TCP_10-152-152-11_36300_154-0-68-185_6881_stream_0.pcap,tcp_0,tcp,0,BitTorrent,nonTor,P2P,BitTorrent
nonTor_P2P_BitTorrent_none_1.pcap.TCP_10-152-152-11_41565_189-107-147-171_57618_stream_0.pcap,tcp_0,tcp,0,BitTorrent,nonTor,P2P,BitTorrent
nonTor_P2P_BitTorrent_none_1.pcap.TCP_10-152-152-11_39293_185-21-216-191_52429_stream_0.pcap,tcp_0,tcp,0,BitTorrent,nonTor,P2P,BitTorrent
nonTor_P2P_BitTorrent_none_1.pcap.TCP_10-152-152-11_40409_212-120-211-242_6890_stream_0.pcap,tcp_0,tcp,0,BitTorrent,nonTor,P2P,BitTorrent
nonTor_P2P_BitTorrent_none_1.pcap.TCP_10-152-152-11_38406_81-2-123-95_60934_stream_0.pcap,tcp_0,tcp,0,BitTorrent,nonTor,P2P,BitTorrent
nonTor_P2P_BitTorrent_none_1.pcap.TCP_10-152-152-11_33967_62-193-36-2_47349_stream_0.pcap,tcp_0,tcp,0,BitTorrent,nonTor,P2P,BitTorrent
nonTor_P2P_BitTorrent_none_1.pcap.TCP_10-152-152-11_33991_188-26-204-177_54710_stream_0.pcap,tcp_0,tcp,0,BitTorrent,nonTor,P2P,BitTorrent
nonTor_P2P_BitTorrent_none_1.pcap.TCP_10-152-152-11_37134_68-231-104-52_35166_stream_0.pcap,tcp_0,tcp,0,BitTorrent,nonTor,P2P,BitTorrent
nonTor_P2P_BitTorrent_none_1.pcap.TCP_10-152-152-11_36494_190-252-160-179_57626_stream_0.pcap,tcp_0,tcp,0,BitTorrent,nonTor,P2P,BitTorrent
nonTor_P2P_BitTorrent_none_1.pcap.TCP_10-152-152-11_41765_197-79-12-241_45542_stream_0.pcap,tcp_0,tcp,0,BitTorrent,nonTor,P2P,BitTorrent
nonTor_P2P_BitTorrent_none_1.pcap.TCP_10-152-152-11_34114_195-154-77-164_45000_stream_0.pcap,tcp_0,tcp,0,BitTorrent,nonTor,P2P,BitTorrent
nonTor_P2P_BitTorrent_none_1.pcap.TCP_10-152-152-11_36313_79-51-171-96_49137_stream_0.pcap,tcp_0,tcp,0,BitTorrent,nonTor,P2P,BitTorrent
Tor_P2P_BitTorrent_none_5.pcap.UDP_37-117-69-132_18348_131-202-240-87_61009_stream_0.pcap,udp_0,udp,0,BitTorrent,Tor,P2P,BitTorrent
Tor_P2P_BitTorrent_none_5.pcap.UDP_131-202-240-87_61009_178-67-162-165_56309_stream_0.pcap,udp_0,udp,0,BitTorrent,Tor,P2P,BitTorrent
nonTor_P2P_BitTorrent_none_1.pcap.TCP_10-152-152-11_33640_175-136-19-166_43119_stream_0.pcap,tcp_0,tcp,0,BitTorrent,nonTor,P2P,BitTorrent
nonTor_P2P_BitTorrent_none_1.pcap.TCP_10-152-152-11_37522_37-133-76-190_51413_stream_0.pcap,tcp_0,tcp,0,BitTorrent,nonTor,P2P,BitTorrent
nonTor_P2P_BitTorrent_none_1.pcap.TCP_10-152-152-11_34589_101-191-17-36_29093_stream_0.pcap,tcp_0,tcp,0,BitTorrent,nonTor,P2P,BitTorrent
nonTor_P2P_BitTorrent_none_1.pcap.TCP_10-152-152-11_35753_125-60-156-145_13990_stream_0.pcap,tcp_0,tcp,0,BitTorrent,nonTor,P2P,BitTorrent
nonTor_P2P_BitTorrent_none_1.pcap.TCP_10-152-152-11_38749_202-152-86-158_58631_stream_0.pcap,tcp_0,tcp,0,BitTorrent,nonTor,P2P,BitTorrent
nonTor_P2P_BitTorrent_none_1.pcap.TCP_10-152-152-11_40570_49-146-26-186_59046_stream_0.pcap,tcp_0,tcp,0,BitTorrent,nonTor,P2P,BitTorrent
Tor_P2P_BitTorrent_none_5.pcap.UDP_88-225-229-35_53474_131-202-240-87_61009_stream_0.pcap,udp_0,udp,0,BitTorrent,Tor,P2P,BitTorrent
Tor_P2P_BitTorrent_none_5.salvaged.pcap.UDP_131-202-240-87_61009_188-124-87-118_1024_stream_0.pcap,udp_0,udp,0,BitTorrent,Tor,P2P,BitTorrent
nonTor_P2P_BitTorrent_none_1.pcap.TCP_10-152-152-11_38744_41-35-5-164_57015_stream_0.pcap,tcp_0,tcp,0,BitTorrent,nonTor,P2P,BitTorrent
nonTor_P2P_BitTorrent_none_1.pcap.TCP_10-152-152-11_40477_89-68-128-24_6881_stream_0.pcap,tcp_0,tcp,0,BitTorrent,nonTor,P2P,BitTorrent
nonTor_P2P_BitTorrent_none_1.pcap.TCP_10-152-152-11_39197_67-183-15-68_38392_stream_0.pcap,tcp_0,tcp,0,BitTorrent,nonTor,P2P,BitTorrent
nonTor_P2P_BitTorrent_none_1.pcap.TCP_10-152-152-11_41995_78-58-0-219_10660_stream_0.pcap,tcp_0,tcp,0,BitTorrent,nonTor,P2P,BitTorrent
nonTor_P2P_BitTorrent_none_1.pcap.TCP_10-152-152-11_35521_177-205-66-134_24651_stream_0.pcap,tcp_0,tcp,0,BitTorrent,nonTor,P2P,BitTorrent
nonTor_P2P_BitTorrent_none_1.pcap.TCP_10-152-152-11_40906_156-201-35-117_16222_stream_0.pcap,tcp_0,tcp,0,BitTorrent,nonTor,P2P,BitTorrent
nonTor_P2P_BitTorrent_none_1.pcap.TCP_10-152-152-10_9052_10-152-152-11_40935_stream_0.pcap,tcp_0,tcp,0,BitTorrent,nonTor,P2P,BitTorrent
nonTor_P2P_BitTorrent_none_1.pcap.TCP_10-152-152-11_39544_87-123-115-237_31297_stream_0.pcap,tcp_0,tcp,0,BitTorrent,nonTor,P2P,BitTorrent
Tor_P2P_BitTorrent_none_5.pcap.UDP_46-147-162-165_52273_131-202-240-87_61009_stream_0.pcap,udp_0,udp,0,BitTorrent,Tor,P2P,BitTorrent
nonTor_P2P_BitTorrent_none_1.pcap.TCP_10-152-152-11_33120_45-121-190-119_48541_stream_0.pcap,tcp_0,tcp,0,BitTorrent,nonTor,P2P,BitTorrent
nonTor_P2P_BitTorrent_none_1.pcap.TCP_10-152-152-11_41110_95-233-36-55_53723_stream_0.pcap,tcp_0,tcp,0,BitTorrent,nonTor,P2P,BitTorrent
nonTor_P2P_BitTorrent_none_1.pcap.TCP_10-152-152-11_39002_197-15-229-202_48636_stream_0.pcap,tcp_0,tcp,0,BitTorrent,nonTor,P2P,BitTorrent
nonTor_P2P_BitTorrent_none_1.pcap.TCP_10-152-152-11_36633_178-67-199-134_37782_stream_0.pcap,tcp_0,tcp,0,BitTorrent,nonTor,P2P,BitTorrent
Tor_P2P_BitTorrent_none_5.pcap.UDP_31-40-47-92_35691_131-202-240-87_61009_stream_0.pcap,udp_0,udp,0,BitTorrent,Tor,P2P,BitTorrent
nonTor_P2P_BitTorrent_none_1.pcap.TCP_10-152-152-11_38918_88-124-58-70_31224_stream_0.pcap,tcp_0,tcp,0,BitTorrent,nonTor,P2P,BitTorrent
nonTor_P2P_BitTorrent_none_1.pcap.TCP_10-152-152-11_38406_179-211-213-229_63620_stream_0.pcap,tcp_0,tcp,0,BitTorrent,nonTor,P2P,BitTorrent
nonTor_P2P_BitTorrent_none_1.pcap.TCP_10-152-152-11_41126_78-106-150-242_58553_stream_0.pcap,tcp_0,tcp,0,BitTorrent,nonTor,P2P,BitTorrent
nonTor_P2P_BitTorrent_none_1.pcap.TCP_10-152-152-11_32976_51-174-209-21_12000_stream_0.pcap,tcp_0,tcp,0,BitTorrent,nonTor,P2P,BitTorrent
nonTor_P2P_BitTorrent_none_1.pcap.TCP_10-152-152-11_38509_83-86-89-166_40910_stream_0.pcap,tcp_0,tcp,0,BitTorrent,nonTor,P2P,BitTorrent
nonTor_P2P_BitTorrent_none_1.pcap.TCP_10-152-152-11_40324_217-10-38-211_17783_stream_0.pcap,tcp_0,tcp,0,BitTorrent,nonTor,P2P,BitTorrent
nonTor_P2P_BitTorrent_none_1.pcap.TCP_10-152-152-11_41178_187-156-22-53_45135_stream_0.pcap,tcp_0,tcp,0,BitTorrent,nonTor,P2P,BitTorrent
nonTor_P2P_BitTorrent_none_1.pcap.TCP_10-152-152-11_35440_150-129-103-157_60673_stream_0.pcap,tcp_0,tcp,0,BitTorrent,nonTor,P2P,BitTorrent
nonTor_P2P_BitTorrent_none_1.pcap.TCP_10-152-152-11_36319_78-187-211-215_40609_stream_0.pcap,tcp_0,tcp,0,BitTorrent,nonTor,P2P,BitTorrent
Tor_P2P_BitTorrent_none_5.pcap.UDP_1-55-75-14_32638_131-202-240-87_61009_stream_0.pcap,udp_0,udp,0,BitTorrent,Tor,P2P,BitTorrent
nonTor_P2P_BitTorrent_none_1.pcap.TCP_10-152-152-11_40574_124-226-56-67_11145_stream_0.pcap,tcp_0,tcp,0,BitTorrent,nonTor,P2P,BitTorrent
nonTor_P2P_BitTorrent_none_1.pcap.TCP_1-39-86-123_21187_10-152-152-11_47440_stream_0.pcap,tcp_0,tcp,0,BitTorrent,nonTor,P2P,BitTorrent
nonTor_P2P_BitTorrent_none_1.pcap.TCP_10-152-152-11_35480_85-248-227-164_9100_stream_0.pcap,tcp_0,tcp,0,BitTorrent,nonTor,P2P,BitTorrent
nonTor_P2P_BitTorrent_none_1.pcap.TCP_10-152-152-11_38295_111-95-195-105_26746_stream_0.pcap,tcp_0,tcp,0,BitTorrent,nonTor,P2P,BitTorrent
Tor_P2P_BitTorrent_none_5.salvaged.pcap.TCP_131-202-240-87_4241_207-241-227-128_80_stream_0.pcap,tcp_0,tcp,0,BitTorrent,Tor,P2P,BitTorrent
nonTor_P2P_BitTorrent_none_1.pcap.TCP_10-152-152-11_35408_71-62-214-148_51413_stream_0.pcap,tcp_0,tcp,0,BitTorrent,nonTor,P2P,BitTorrent
nonTor_P2P_BitTorrent_none_1.pcap.TCP_10-152-152-11_35048_37-59-60-178_51413_stream_0.pcap,tcp_0,tcp,0,BitTorrent,nonTor,P2P,BitTorrent
nonTor_P2P_BitTorrent_none_1.pcap.TCP_10-152-152-11_39828_62-16-52-164_51413_stream_0.pcap,tcp_0,tcp,0,BitTorrent,nonTor,P2P,BitTorrent
nonTor_P2P_BitTorrent_none_1.pcap.TCP_10-152-152-11_39560_110-227-192-214_23192_stream_0.pcap,tcp_0,tcp,0,BitTorrent,nonTor,P2P,BitTorrent
Tor_P2P_BitTorrent_none_5.pcap.TCP_131-202-6-26_13111_131-202-240-87_4242_stream_0.pcap,tcp_0,tcp,0,BitTorrent,Tor,P2P,BitTorrent
nonTor_P2P_BitTorrent_none_1.pcap.TCP_10-152-152-11_33118_78-7-217-54_6881_stream_0.pcap,tcp_0,tcp,0,BitTorrent,nonTor,P2P,BitTorrent
nonTor_P2P_BitTorrent_none_1.pcap.TCP_10-152-152-11_37942_185-36-90-226_52634_stream_0.pcap,tcp_0,tcp,0,BitTorrent,nonTor,P2P,BitTorrent
Tor_P2P_BitTorrent_none_5.salvaged.pcap.UDP_131-202-240-87_61009_178-140-189-62_10040_stream_0.pcap,udp_0,udp,0,BitTorrent,Tor,P2P,BitTorrent
nonTor_P2P_BitTorrent_none_1.pcap.TCP_10-152-152-11_36994_125-60-156-145_13990_stream_0.pcap,tcp_0,tcp,0,BitTorrent,nonTor,P2P,BitTorrent
nonTor_P2P_BitTorrent_none_1.pcap.TCP_10-152-152-11_33252_177-106-148-234_17493_stream_0.pcap,tcp_0,tcp,0,BitTorrent,nonTor,P2P,BitTorrent
nonTor_P2P_BitTorrent_none_1.pcap.TCP_10-152-152-11_35625_85-158-73-148_6890_stream_0.pcap,tcp_0,tcp,0,BitTorrent,nonTor,P2P,BitTorrent
nonTor_P2P_BitTorrent_none_1.pcap.TCP_10-152-152-11_35414_194-226-154-61_56999_stream_0.pcap,tcp_0,tcp,0,BitTorrent,nonTor,P2P,BitTorrent
Tor_P2P_BitTorrent_none_5.salvaged.pcap.UDP_124-181-100-114_16585_131-202-240-87_61009_stream_0.pcap,udp_0,udp,0,BitTorrent,Tor,P2P,BitTorrent
nonTor_P2P_BitTorrent_none_1.pcap.TCP_10-152-152-11_41930_37-59-60-178_51413_stream_0.pcap,tcp_0,tcp,0,BitTorrent,nonTor,P2P,BitTorrent
nonTor_P2P_BitTorrent_none_1.pcap.TCP_10-152-152-11_40553_182-48-233-87_21903_stream_0.pcap,tcp_0,tcp,0,BitTorrent,nonTor,P2P,BitTorrent
Tor_P2P_BitTorrent_none_5.salvaged.pcap.UDP_41-37-93-39_10948_131-202-240-87_61009_stream_0.pcap,udp_0,udp,0,BitTorrent,Tor,P2P,BitTorrent
Tor_P2P_BitTorrent_none_5.salvaged.pcap.TCP_131-202-240-87_4245_207-241-239-206_6969_stream_0.pcap,tcp_0,tcp,0,BitTorrent,Tor,P2P,BitTorrent
nonTor_P2P_BitTorrent_none_1.pcap.TCP_10-152-152-11_34282_189-19-214-51_57626_stream_0.pcap,tcp_0,tcp,0,BitTorrent,nonTor,P2P,BitTorrent
nonTor_P2P_BitTorrent_none_1.pcap.TCP_10-152-152-11_41246_67-188-3-162_51413_stream_0.pcap,tcp_0,tcp,0,BitTorrent,nonTor,P2P,BitTorrent
nonTor_P2P_BitTorrent_none_1.pcap.TCP_10-152-152-11_36811_177-189-31-112_34290_stream_0.pcap,tcp_0,tcp,0,BitTorrent,nonTor,P2P,BitTorrent
nonTor_P2P_BitTorrent_none_1.pcap.TCP_10-152-152-11_42019_105-104-158-212_18168_stream_0.pcap,tcp_0,tcp,0,BitTorrent,nonTor,P2P,BitTorrent
nonTor_P2P_BitTorrent_none_1.pcap.TCP_10-152-152-11_39460_41-221-98-118_48319_stream_0.pcap,tcp_0,tcp,0,BitTorrent,nonTor,P2P,BitTorrent
nonTor_P2P_BitTorrent_none_1.pcap.TCP_10-152-152-11_39594_79-116-218-95_27289_stream_0.pcap,tcp_0,tcp,0,BitTorrent,nonTor,P2P,BitTorrent
Tor_P2P_BitTorrent_none_5.pcap.UDP_122-5-142-58_26553_131-202-240-87_61009_stream_0.pcap,udp_0,udp,0,BitTorrent,Tor,P2P,BitTorrent
nonTor_P2P_BitTorrent_none_1.pcap.TCP_10-152-152-11_34793_36-81-19-234_16921_stream_0.pcap,tcp_0,tcp,0,BitTorrent,nonTor,P2P,BitTorrent
nonTor_P2P_BitTorrent_none_1.pcap.TCP_10-152-152-11_39598_85-138-115-189_65533_stream_0.pcap,tcp_0,tcp,0,BitTorrent,nonTor,P2P,BitTorrent
Tor_P2P_BitTorrent_none_5.pcap.UDP_86-58-81-161_42302_131-202-240-87_61009_stream_0.pcap,udp_0,udp,0,BitTorrent,Tor,P2P,BitTorrent
nonTor_P2P_BitTorrent_none_1.pcap.TCP_10-152-152-11_35753_156-196-231-56_23080_stream_0.pcap,tcp_0,tcp,0,BitTorrent,nonTor,P2P,BitTorrent
Tor_P2P_BitTorrent_none_5.pcap.UDP_74-102-221-158_6881_131-202-240-87_61009_stream_0.pcap,udp_0,udp,0,BitTorrent,Tor,P2P,BitTorrent
nonTor_P2P_BitTorrent_none_1.pcap.TCP_10-152-152-11_36961_124-163-209-138_30891_stream_0.pcap,tcp_0,tcp,0,BitTorrent,nonTor,P2P,BitTorrent
nonTor_P2P_BitTorrent_none_1.pcap.TCP_10-152-152-11_33676_193-34-218-222_50064_stream_0.pcap,tcp_0,tcp,0,BitTorrent,nonTor,P2P,BitTorrent
nonTor_P2P_BitTorrent_none_1.pcap.TCP_10-152-152-11_42405_42-49-142-252_13131_stream_0.pcap,tcp_0,tcp,0,BitTorrent,nonTor,P2P,BitTorrent
Tor_P2P_BitTorrent_none_5.salvaged.pcap.TCP_131-202-240-87_4249_207-241-224-2_80_stream_0.pcap,tcp_0,tcp,0,BitTorrent,Tor,P2P,BitTorrent
Tor_P2P_BitTorrent_none_5.pcap.UDP_131-202-240-87_61009_212-19-8-237_45934_stream_0.pcap,udp_0,udp,0,BitTorrent,Tor,P2P,BitTorrent
nonTor_P2P_BitTorrent_none_1.pcap.TCP_10-152-152-11_37267_185-21-217-8_62221_stream_0.pcap,tcp_0,tcp,0,BitTorrent,nonTor,P2P,BitTorrent
nonTor_P2P_BitTorrent_none_1.pcap.TCP_10-152-152-11_41849_84-150-97-16_51413_stream_0.pcap,tcp_0,tcp,0,BitTorrent,nonTor,P2P,BitTorrent
nonTor_P2P_BitTorrent_none_1.pcap.TCP_10-152-152-11_33843_175-143-215-119_10579_stream_0.pcap,tcp_0,tcp,0,BitTorrent,nonTor,P2P,BitTorrent
Tor_P2P_BitTorrent_none_5.salvaged.pcap.UDP_131-202-240-87_61009_178-222-218-2_11921_stream_0.pcap,udp_0,udp,0,BitTorrent,Tor,P2P,BitTorrent
nonTor_P2P_BitTorrent_none_1.pcap.TCP_10-152-152-11_37721_109-200-123-199_8999_stream_0.pcap,tcp_0,tcp,0,BitTorrent,nonTor,P2P,BitTorrent
nonTor_P2P_BitTorrent_none_1.pcap.TCP_10-152-152-11_34031_91-121-142-77_60008_stream_0.pcap,tcp_0,tcp,0,BitTorrent,nonTor,P2P,BitTorrent
nonTor_P2P_BitTorrent_none_1.pcap.TCP_10-152-152-11_36959_105-157-77-121_46518_stream_0.pcap,tcp_0,tcp,0,BitTorrent,nonTor,P2P,BitTorrent
nonTor_P2P_BitTorrent_none_1.pcap.TCP_10-152-152-11_33974_88-97-74-24_51413_stream_0.pcap,tcp_0,tcp,0,BitTorrent,nonTor,P2P,BitTorrent
nonTor_P2P_BitTorrent_none_1.pcap.TCP_10-152-152-11_39284_80-57-155-219_51413_stream_0.pcap,tcp_0,tcp,0,BitTorrent,nonTor,P2P,BitTorrent
nonTor_P2P_BitTorrent_none_1.pcap.TCP_10-152-152-11_33509_217-128-12-195_56454_stream_0.pcap,tcp_0,tcp,0,BitTorrent,nonTor,P2P,BitTorrent
nonTor_P2P_BitTorrent_none_1.pcap.TCP_10-152-152-11_33129_112-208-252-143_19525_stream_0.pcap,tcp_0,tcp,0,BitTorrent,nonTor,P2P,BitTorrent
Tor_P2P_BitTorrent_none_5.pcap.TCP_131-202-6-26_13111_131-202-240-87_4292_stream_0.pcap,tcp_0,tcp,0,BitTorrent,Tor,P2P,BitTorrent
Tor_P2P_BitTorrent_none_5.salvaged.pcap.UDP_118-43-47-160_6881_131-202-240-87_61009_stream_0.pcap,udp_0,udp,0,BitTorrent,Tor,P2P,BitTorrent
nonTor_P2P_BitTorrent_none_1.pcap.TCP_10-152-152-11_36235_24-20-109-201_6881_stream_0.pcap,tcp_0,tcp,0,BitTorrent,nonTor,P2P,BitTorrent
nonTor_P2P_BitTorrent_none_1.pcap.TCP_10-152-152-11_39621_154-0-68-185_57626_stream_0.pcap,tcp_0,tcp,0,BitTorrent,nonTor,P2P,BitTorrent
nonTor_P2P_BitTorrent_none_1.pcap.TCP_10-152-152-11_41201_185-21-216-185_52120_stream_0.pcap,tcp_0,tcp,0,BitTorrent,nonTor,P2P,BitTorrent
nonTor_P2P_BitTorrent_none_1.pcap.TCP_10-152-152-11_35335_201-89-128-161_27223_stream_0.pcap,tcp_0,tcp,0,BitTorrent,nonTor,P2P,BitTorrent
Tor_P2P_BitTorrent_none_5.salvaged.pcap.UDP_78-62-40-163_62948_131-202-240-87_61009_stream_0.pcap,udp_0,udp,0,BitTorrent,Tor,P2P,BitTorrent
nonTor_P2P_BitTorrent_none_1.pcap.TCP_10-152-152-11_35602_91-106-44-165_53450_stream_0.pcap,tcp_0,tcp,0,BitTorrent,nonTor,P2P,BitTorrent
nonTor_P2P_BitTorrent_none_1.pcap.TCP_10-152-152-11_34013_88-135-227-112_51413_stream_0.pcap,tcp_0,tcp,0,BitTorrent,nonTor,P2P,BitTorrent
nonTor_P2P_BitTorrent_none_1.pcap.TCP_10-152-152-11_33471_105-172-59-54_64096_stream_0.pcap,tcp_0,tcp,0,BitTorrent,nonTor,P2P,BitTorrent
nonTor_P2P_BitTorrent_none_1.pcap.TCP_10-152-152-11_33424_41-225-179-125_48636_stream_0.pcap,tcp_0,tcp,0,BitTorrent,nonTor,P2P,BitTorrent
nonTor_P2P_BitTorrent_none_1.pcap.TCP_10-152-152-11_36460_178-135-86-88_49548_stream_0.pcap,tcp_0,tcp,0,BitTorrent,nonTor,P2P,BitTorrent
nonTor_P2P_BitTorrent_none_1.pcap.TCP_10-152-152-11_39250_201-45-178-15_22275_stream_0.pcap,tcp_0,tcp,0,BitTorrent,nonTor,P2P,BitTorrent
Tor_P2P_BitTorrent_none_5.salvaged.pcap.UDP_60-242-247-85_45157_131-202-240-87_61009_stream_0.pcap,udp_0,udp,0,BitTorrent,Tor,P2P,BitTorrent
nonTor_P2P_BitTorrent_none_1.pcap.TCP_10-152-152-11_40121_31-42-160-133_22547_stream_0.pcap,tcp_0,tcp,0,BitTorrent,nonTor,P2P,BitTorrent
Tor_P2P_BitTorrent_none_5.salvaged.pcap.UDP_95-123-104-19_1025_131-202-240-87_61009_stream_0.pcap,udp_0,udp,0,BitTorrent,Tor,P2P,BitTorrent
nonTor_P2P_BitTorrent_none_1.pcap.TCP_10-152-152-11_41724_41-226-199-13_26014_stream_0.pcap,tcp_0,tcp,0,BitTorrent,nonTor,P2P,BitTorrent
nonTor_P2P_BitTorrent_none_1.pcap.TCP_10-152-152-11_36945_191-247-229-39_48319_stream_0.pcap,tcp_0,tcp,0,BitTorrent,nonTor,P2P,BitTorrent
nonTor_P2P_BitTorrent_none_1.pcap.TCP_10-152-152-11_42418_41-100-68-206_19058_stream_0.pcap,tcp_0,tcp,0,BitTorrent,nonTor,P2P,BitTorrent
nonTor_P2P_BitTorrent_none_1.pcap.TCP_1-39-86-123_50002_10-152-152-11_46574_stream_0.pcap,tcp_0,tcp,0,BitTorrent,nonTor,P2P,BitTorrent
nonTor_P2P_BitTorrent_none_1.pcap.TCP_10-152-152-11_37114_37-202-19-50_7479_stream_0.pcap,tcp_0,tcp,0,BitTorrent,nonTor,P2P,BitTorrent
nonTor_P2P_BitTorrent_none_1.pcap.TCP_10-152-152-11_39593_173-62-27-168_39765_stream_0.pcap,tcp_0,tcp,0,BitTorrent,nonTor,P2P,BitTorrent
nonTor_P2P_BitTorrent_none_1.pcap.TCP_10-152-152-11_35864_103-57-245-199_41087_stream_0.pcap,tcp_0,tcp,0,BitTorrent,nonTor,P2P,BitTorrent
nonTor_P2P_BitTorrent_none_1.pcap.TCP_10-152-152-11_36329_73-45-178-227_51413_stream_0.pcap,tcp_0,tcp,0,BitTorrent,nonTor,P2P,BitTorrent
nonTor_P2P_BitTorrent_none_1.pcap.TCP_10-152-152-11_38019_149-3-23-204_58927_stream_0.pcap,tcp_0,tcp,0,BitTorrent,nonTor,P2P,BitTorrent
nonTor_P2P_BitTorrent_none_1.pcap.TCP_10-152-152-11_41068_142-114-194-136_1500_stream_0.pcap,tcp_0,tcp,0,BitTorrent,nonTor,P2P,BitTorrent
nonTor_P2P_BitTorrent_none_1.pcap.TCP_10-152-152-11_36173_185-117-8-194_15890_stream_0.pcap,tcp_0,tcp,0,BitTorrent,nonTor,P2P,BitTorrent
Tor_P2P_BitTorrent_none_5.pcap.UDP_113-227-129-198_49978_131-202-240-87_61009_stream_0.pcap,udp_0,udp,0,BitTorrent,Tor,P2P,BitTorrent
nonTor_P2P_BitTorrent_none_1.pcap.TCP_10-152-152-11_41528_178-59-177-217_29329_stream_0.pcap,tcp_0,tcp,0,BitTorrent,nonTor,P2P,BitTorrent
nonTor_P2P_BitTorrent_none_1.pcap.TCP_10-152-152-11_40137_88-124-58-70_31224_stream_0.pcap,tcp_0,tcp,0,BitTorrent,nonTor,P2P,BitTorrent
nonTor_P2P_BitTorrent_none_1.pcap.TCP_10-152-152-11_41774_41-143-192-253_56360_stream_0.pcap,tcp_0,tcp,0,BitTorrent,nonTor,P2P,BitTorrent
nonTor_P2P_BitTorrent_none_1.pcap.TCP_10-152-152-11_38054_31-210-186-97_34773_stream_0.pcap,tcp_0,tcp,0,BitTorrent,nonTor,P2P,BitTorrent
nonTor_P2P_BitTorrent_none_1.pcap.TCP_10-152-152-11_35877_49-146-26-186_42726_stream_0.pcap,tcp_0,tcp,0,BitTorrent,nonTor,P2P,BitTorrent
nonTor_P2P_BitTorrent_none_1.pcap.TCP_10-152-152-11_40351_46-121-253-17_53716_stream_0.pcap,tcp_0,tcp,0,BitTorrent,nonTor,P2P,BitTorrent
nonTor_P2P_BitTorrent_none_1.pcap.TCP_10-152-152-11_34927_177-91-187-46_6809_stream_0.pcap,tcp_0,tcp,0,BitTorrent,nonTor,P2P,BitTorrent
nonTor_P2P_BitTorrent_none_1.pcap.TCP_10-152-152-11_38486_87-123-115-237_16762_stream_0.pcap,tcp_0,tcp,0,BitTorrent,nonTor,P2P,BitTorrent
nonTor_P2P_BitTorrent_none_1.pcap.TCP_10-152-152-11_41867_72-200-125-29_25893_stream_0.pcap,tcp_0,tcp,0,BitTorrent,nonTor,P2P,BitTorrent
nonTor_P2P_BitTorrent_none_1.pcap.TCP_10-152-152-11_33510_190-228-147-169_52973_stream_0.pcap,tcp_0,tcp,0,BitTorrent,nonTor,P2P,BitTorrent
nonTor_P2P_BitTorrent_none_1.pcap.TCP_10-152-152-11_39870_37-202-19-50_53204_stream_0.pcap,tcp_0,tcp,0,BitTorrent,nonTor,P2P,BitTorrent
nonTor_P2P_BitTorrent_none_1.pcap.TCP_10-152-152-11_39874_109-166-134-131_29631_stream_0.pcap,tcp_0,tcp,0,BitTorrent,nonTor,P2P,BitTorrent
Tor_P2P_BitTorrent_none_5.salvaged.pcap.UDP_131-202-240-87_61009_188-250-187-233_55258_stream_0.pcap,udp_0,udp,0,BitTorrent,Tor,P2P,BitTorrent
Tor_P2P_BitTorrent_none_5.pcap.UDP_83-238-209-223_27032_131-202-240-87_61009_stream_0.pcap,udp_0,udp,0,BitTorrent,Tor,P2P,BitTorrent
nonTor_P2P_BitTorrent_none_1.pcap.TCP_10-152-152-11_38346_188-162-40-0_64667_stream_0.pcap,tcp_0,tcp,0,BitTorrent,nonTor,P2P,BitTorrent
Tor_P2P_BitTorrent_none_5.salvaged.pcap.UDP_77-172-246-128_14344_131-202-240-87_61009_stream_0.pcap,udp_0,udp,0,BitTorrent,Tor,P2P,BitTorrent
nonTor_P2P_BitTorrent_none_1.pcap.TCP_10-152-152-11_34541_185-21-217-76_58388_stream_0.pcap,tcp_0,tcp,0,BitTorrent,nonTor,P2P,BitTorrent
nonTor_P2P_BitTorrent_none_1.pcap.TCP_10-152-152-11_40600_24-20-109-201_6881_stream_0.pcap,tcp_0,tcp,0,BitTorrent,nonTor,P2P,BitTorrent
nonTor_P2P_BitTorrent_none_1.pcap.TCP_10-152-152-11_42332_201-11-218-208_27223_stream_0.pcap,tcp_0,tcp,0,BitTorrent,nonTor,P2P,BitTorrent
nonTor_P2P_BitTorrent_none_1.pcap.TCP_10-152-152-11_33015_72-182-42-177_1024_stream_0.pcap,tcp_0,tcp,0,BitTorrent,nonTor,P2P,BitTorrent
nonTor_P2P_BitTorrent_none_1.pcap.TCP_10-152-152-11_39029_93-123-134-227_47759_stream_0.pcap,tcp_0,tcp,0,BitTorrent,nonTor,P2P,BitTorrent
nonTor_P2P_BitTorrent_none_1.pcap.TCP_10-152-152-11_35791_181-113-122-186_58189_stream_0.pcap,tcp_0,tcp,0,BitTorrent,nonTor,P2P,BitTorrent
Tor_P2P_BitTorrent_none_5.salvaged.pcap.UDP_46-61-122-123_6881_131-202-240-87_61009_stream_0.pcap,udp_0,udp,0,BitTorrent,Tor,P2P,BitTorrent
nonTor_P2P_BitTorrent_none_1.pcap.TCP_10-152-152-11_33040_78-106-150-242_58553_stream_0.pcap,tcp_0,tcp,0,BitTorrent,nonTor,P2P,BitTorrent
nonTor_P2P_BitTorrent_none_1.pcap.TCP_10-152-152-11_36220_65-174-161-175_54930_stream_0.pcap,tcp_0,tcp,0,BitTorrent,nonTor,P2P,BitTorrent
Tor_P2P_BitTorrent_none_5.pcap.UDP_78-58-110-192_58935_131-202-240-87_61009_stream_0.pcap,udp_0,udp,0,BitTorrent,Tor,P2P,BitTorrent
Tor_P2P_BitTorrent_none_5.pcap.UDP_95-58-242-180_10853_131-202-240-87_61009_stream_0.pcap,udp_0,udp,0,BitTorrent,Tor,P2P,BitTorrent
Tor_P2P_BitTorrent_none_5.pcap.UDP_94-153-24-110_6881_131-202-240-87_61009_stream_0.pcap,udp_0,udp,0,BitTorrent,Tor,P2P,BitTorrent
nonTor_P2P_BitTorrent_none_1.pcap.TCP_10-152-152-11_36507_95-211-212-10_59150_stream_0.pcap,tcp_0,tcp,0,BitTorrent,nonTor,P2P,BitTorrent
nonTor_P2P_BitTorrent_none_1.pcap.TCP_10-152-152-11_33866_123-231-126-26_50911_stream_0.pcap,tcp_0,tcp,0,BitTorrent,nonTor,P2P,BitTorrent
nonTor_P2P_BitTorrent_none_1.pcap.TCP_10-152-152-11_39909_193-34-218-222_50064_stream_0.pcap,tcp_0,tcp,0,BitTorrent,nonTor,P2P,BitTorrent
Tor_P2P_BitTorrent_none_5.salvaged.pcap.UDP_91-46-200-25_6881_131-202-240-87_61009_stream_0.pcap,udp_0,udp,0,BitTorrent,Tor,P2P,BitTorrent
nonTor_P2P_BitTorrent_none_1.pcap.TCP_10-152-152-11_39559_185-17-176-168_34577_stream_0.pcap,tcp_0,tcp,0,BitTorrent,nonTor,P2P,BitTorrent
nonTor_P2P_BitTorrent_none_1.pcap.TCP_10-152-152-11_33515_200-164-162-166_56480_stream_0.pcap,tcp_0,tcp,0,BitTorrent,nonTor,P2P,BitTorrent
nonTor_P2P_BitTorrent_none_1.pcap.TCP_10-152-152-11_35916_78-85-72-214_44044_stream_0.pcap,tcp_0,tcp,0,BitTorrent,nonTor,P2P,BitTorrent
Tor_P2P_BitTorrent_none_5.pcap.UDP_131-202-240-87_61009_171-34-196-21_6881_stream_0.pcap,udp_0,udp,0,BitTorrent,Tor,P2P,BitTorrent
Tor_P2P_BitTorrent_none_5.pcap.TCP_131-202-240-87_4260_207-241-228-122_80_stream_0.pcap,tcp_0,tcp,0,BitTorrent,Tor,P2P,BitTorrent
nonTor_P2P_BitTorrent_none_1.pcap.TCP_10-152-152-11_41750_76-65-9-16_27091_stream_0.pcap,tcp_0,tcp,0,BitTorrent,nonTor,P2P,BitTorrent
nonTor_P2P_BitTorrent_none_1.pcap.TCP_10-152-152-11_41736_91-187-127-206_6881_stream_0.pcap,tcp_0,tcp,0,BitTorrent,nonTor,P2P,BitTorrent
nonTor_P2P_BitTorrent_none_1.pcap.TCP_10-152-152-11_33914_103-28-157-246_45042_stream_0.pcap,tcp_0,tcp,0,BitTorrent,nonTor,P2P,BitTorrent
Tor_P2P_BitTorrent_none_5.salvaged.pcap.TCP_131-202-240-87_4229_207-241-227-128_80_stream_0.pcap,tcp_0,tcp,0,BitTorrent,Tor,P2P,BitTorrent
nonTor_P2P_BitTorrent_none_1.pcap.TCP_10-152-152-11_34148_197-9-3-247_58640_stream_0.pcap,tcp_0,tcp,0,BitTorrent,nonTor,P2P,BitTorrent
nonTor_P2P_BitTorrent_none_1.pcap.TCP_10-152-152-11_37521_202-56-198-50_20345_stream_0.pcap,tcp_0,tcp,0,BitTorrent,nonTor,P2P,BitTorrent
nonTor_P2P_BitTorrent_none_1.pcap.TCP_10-152-152-11_41267_181-113-122-186_58189_stream_0.pcap,tcp_0,tcp,0,BitTorrent,nonTor,P2P,BitTorrent
Tor_P2P_BitTorrent_none_5.pcap.UDP_70-81-87-136_56133_131-202-240-87_61009_stream_0.pcap,udp_0,udp,0,BitTorrent,Tor,P2P,BitTorrent
nonTor_P2P_BitTorrent_none_1.pcap.TCP_10-152-152-11_36023_178-183-135-184_53357_stream_0.pcap,tcp_0,tcp,0,BitTorrent,nonTor,P2P,BitTorrent
Tor_P2P_BitTorrent_none_5.pcap.UDP_60-242-247-85_45157_131-202-240-87_61009_stream_0.pcap,udp_0,udp,0,BitTorrent,Tor,P2P,BitTorrent
nonTor_P2P_BitTorrent_none_1.pcap.TCP_10-152-152-11_33385_80-85-84-47_51413_stream_0.pcap,tcp_0,tcp,0,BitTorrent,nonTor,P2P,BitTorrent
nonTor_P2P_BitTorrent_none_1.pcap.TCP_10-152-152-11_38684_105-186-126-88_59696_stream_0.pcap,tcp_0,tcp,0,BitTorrent,nonTor,P2P,BitTorrent
nonTor_P2P_BitTorrent_none_1.pcap.TCP_10-152-152-11_38883_189-78-202-81_50848_stream_0.pcap,tcp_0,tcp,0,BitTorrent,nonTor,P2P,BitTorrent
nonTor_P2P_BitTorrent_none_1.pcap.TCP_10-152-152-11_42112_190-15-44-15_51413_stream_0.pcap,tcp_0,tcp,0,BitTorrent,nonTor,P2P,BitTorrent
nonTor_P2P_BitTorrent_none_1.pcap.TCP_10-152-152-11_33141_107-139-249-114_31501_stream_0.pcap,tcp_0,tcp,0,BitTorrent,nonTor,P2P,BitTorrent
nonTor_P2P_BitTorrent_none_1.pcap.TCP_10-152-152-11_41756_37-59-60-178_51413_stream_0.pcap,tcp_0,tcp,0,BitTorrent,nonTor,P2P,BitTorrent
Tor_P2P_BitTorrent_none_5.salvaged.pcap.UDP_92-244-144-28_56307_131-202-240-87_61009_stream_0.pcap,udp_0,udp,0,BitTorrent,Tor,P2P,BitTorrent
nonTor_P2P_BitTorrent_none_1.pcap.TCP_10-152-152-11_35892_198-8-80-44_55786_stream_0.pcap,tcp_0,tcp,0,BitTorrent,nonTor,P2P,BitTorrent
nonTor_P2P_BitTorrent_none_1.pcap.TCP_10-152-152-11_36375_72-39-189-176_63459_stream_0.pcap,tcp_0,tcp,0,BitTorrent,nonTor,P2P,BitTorrent
Tor_P2P_BitTorrent_none_5.salvaged.pcap.UDP_131-202-240-87_61009_166-173-186-123_62284_stream_0.pcap,udp_0,udp,0,BitTorrent,Tor,P2P,BitTorrent
nonTor_P2P_BitTorrent_none_1.pcap.TCP_10-152-152-11_37237_41-130-150-177_36098_stream_0.pcap,tcp_0,tcp,0,BitTorrent,nonTor,P2P,BitTorrent
nonTor_P2P_BitTorrent_none_1.pcap.TCP_10-152-152-11_38415_41-33-142-195_53466_stream_0.pcap,tcp_0,tcp,0,BitTorrent,nonTor,P2P,BitTorrent
nonTor_P2P_BitTorrent_none_1.pcap.TCP_10-152-152-11_37112_197-164-94-49_45883_stream_0.pcap,tcp_0,tcp,0,BitTorrent,nonTor,P2P,BitTorrent
nonTor_P2P_BitTorrent_none_1.pcap.TCP_10-152-152-11_41297_212-7-200-15_9100_stream_0.pcap,tcp_0,tcp,0,BitTorrent,nonTor,P2P,BitTorrent
nonTor_P2P_BitTorrent_none_1.pcap.TCP_10-152-152-11_40267_112-198-118-228_65209_stream_0.pcap,tcp_0,tcp,0,BitTorrent,nonTor,P2P,BitTorrent
Tor_P2P_BitTorrent_none_5.salvaged.pcap.TCP_131-202-240-87_4204_207-241-224-2_80_stream_0.pcap,tcp_0,tcp,0,BitTorrent,Tor,P2P,BitTorrent
nonTor_P2P_BitTorrent_none_1.pcap.TCP_10-152-152-11_36720_223-29-204-66_63806_stream_0.pcap,tcp_0,tcp,0,BitTorrent,nonTor,P2P,BitTorrent
nonTor_P2P_BitTorrent_none_1.pcap.TCP_10-152-152-11_35665_185-65-135-227_9100_stream_0.pcap,tcp_0,tcp,0,BitTorrent,nonTor,P2P,BitTorrent
nonTor_P2P_BitTorrent_none_1.pcap.TCP_10-152-152-11_36022_145-255-181-184_36197_stream_0.pcap,tcp_0,tcp,0,BitTorrent,nonTor,P2P,BitTorrent
nonTor_P2P_BitTorrent_none_1.pcap.TCP_10-152-152-11_38423_94-242-246-24_9100_stream_0.pcap,tcp_0,tcp,0,BitTorrent,nonTor,P2P,BitTorrent
nonTor_P2P_BitTorrent_none_1.pcap.TCP_10-152-152-11_37783_193-238-135-10_64186_stream_0.pcap,tcp_0,tcp,0,BitTorrent,nonTor,P2P,BitTorrent
nonTor_P2P_BitTorrent_none_1.pcap.TCP_1-0-255-29_58976_10-152-152-11_50801_stream_0.pcap,tcp_0,tcp,0,BitTorrent,nonTor,P2P,BitTorrent
Tor_P2P_BitTorrent_none_5.salvaged.pcap.UDP_78-30-243-180_46425_131-202-240-87_61009_stream_0.pcap,udp_0,udp,0,BitTorrent,Tor,P2P,BitTorrent
nonTor_P2P_BitTorrent_none_1.pcap.TCP_10-152-152-11_40923_105-227-136-109_8999_stream_0.pcap,tcp_0,tcp,0,BitTorrent,nonTor,P2P,BitTorrent
nonTor_P2P_BitTorrent_none_1.pcap.TCP_10-152-152-11_35871_50-159-124-134_59172_stream_0.pcap,tcp_0,tcp,0,BitTorrent,nonTor,P2P,BitTorrent
nonTor_P2P_BitTorrent_none_1.pcap.TCP_10-152-152-11_42534_185-38-29-193_6800_stream_0.pcap,tcp_0,tcp,0,BitTorrent,nonTor,P2P,BitTorrent
nonTor_P2P_BitTorrent_none_1.pcap.TCP_10-152-152-11_37843_95-174-203-164_31347_stream_0.pcap,tcp_0,tcp,0,BitTorrent,nonTor,P2P,BitTorrent
nonTor_P2P_BitTorrent_none_1.pcap.TCP_10-152-152-11_34544_218-191-65-72_47051_stream_0.pcap,tcp_0,tcp,0,BitTorrent,nonTor,P2P,BitTorrent
nonTor_P2P_BitTorrent_none_1.pcap.TCP_10-152-152-11_38423_105-157-231-207_51442_stream_0.pcap,tcp_0,tcp,0,BitTorrent,nonTor,P2P,BitTorrent
nonTor_P2P_BitTorrent_none_1.pcap.TCP_10-152-152-11_35406_115-245-71-57_43838_stream_0.pcap,tcp_0,tcp,0,BitTorrent,nonTor,P2P,BitTorrent
nonTor_P2P_BitTorrent_none_1.pcap.TCP_10-152-152-11_38081_60-25-90-97_12750_stream_0.pcap,tcp_0,tcp,0,BitTorrent,nonTor,P2P,BitTorrent
Tor_P2P_BitTorrent_none_5.pcap.UDP_131-202-240-87_61009_189-244-130-193_21521_stream_0.pcap,udp_0,udp,0,BitTorrent,Tor,P2P,BitTorrent
nonTor_P2P_BitTorrent_none_1.pcap.TCP_10-152-152-11_40243_46-37-148-194_51413_stream_0.pcap,tcp_0,tcp,0,BitTorrent,nonTor,P2P,BitTorrent
nonTor_P2P_BitTorrent_none_1.pcap.TCP_10-152-152-11_37374_82-29-127-167_51413_stream_0.pcap,tcp_0,tcp,0,BitTorrent,nonTor,P2P,BitTorrent
nonTor_P2P_BitTorrent_none_1.pcap.TCP_10-152-152-11_38275_158-181-209-203_31927_stream_0.pcap,tcp_0,tcp,0,BitTorrent,nonTor,P2P,BitTorrent
nonTor_P2P_BitTorrent_none_1.pcap.TCP_10-152-152-11_34595_178-59-177-217_29329_stream_0.pcap,tcp_0,tcp,0,BitTorrent,nonTor,P2P,BitTorrent
nonTor_P2P_BitTorrent_none_1.pcap.TCP_10-152-152-11_38780_176-31-121-195_50002_stream_0.pcap,tcp_0,tcp,0,BitTorrent,nonTor,P2P,BitTorrent
nonTor_P2P_BitTorrent_none_1.pcap.TCP_10-152-152-11_39473_186-67-93-26_56559_stream_0.pcap,tcp_0,tcp,0,BitTorrent,nonTor,P2P,BitTorrent
nonTor_P2P_BitTorrent_none_1.pcap.TCP_10-152-152-11_33605_103-248-13-119_57670_stream_0.pcap,tcp_0,tcp,0,BitTorrent,nonTor,P2P,BitTorrent
nonTor_P2P_BitTorrent_none_1.pcap.TCP_10-152-152-11_41579_81-38-221-121_39240_stream_0.pcap,tcp_0,tcp,0,BitTorrent,nonTor,P2P,BitTorrent
nonTor_P2P_BitTorrent_none_1.pcap.TCP_10-152-152-11_34977_124-168-95-217_53659_stream_0.pcap,tcp_0,tcp,0,BitTorrent,nonTor,P2P,BitTorrent
nonTor_P2P_BitTorrent_none_1.pcap.TCP_10-152-152-11_39902_39-71-24-7_57133_stream_0.pcap,tcp_0,tcp,0,BitTorrent,nonTor,P2P,BitTorrent
Tor_P2P_BitTorrent_none_5.salvaged.pcap.UDP_131-202-240-87_61009_218-59-86-228_1138_stream_0.pcap,udp_0,udp,0,BitTorrent,Tor,P2P,BitTorrent
nonTor_P2P_BitTorrent_none_1.pcap.TCP_10-152-152-11_42100_23-31-60-187_51413_stream_0.pcap,tcp_0,tcp,0,BitTorrent,nonTor,P2P,BitTorrent
nonTor_P2P_BitTorrent_none_1.pcap.TCP_10-152-152-11_33195_158-69-114-146_51413_stream_0.pcap,tcp_0,tcp,0,BitTorrent,nonTor,P2P,BitTorrent
nonTor_P2P_BitTorrent_none_1.pcap.TCP_10-152-152-11_40240_41-215-218-103_6881_stream_0.pcap,tcp_0,tcp,0,BitTorrent,nonTor,P2P,BitTorrent
nonTor_P2P_BitTorrent_none_1.pcap.TCP_10-152-152-11_33305_88-174-199-25_34298_stream_0.pcap,tcp_0,tcp,0,BitTorrent,nonTor,P2P,BitTorrent
nonTor_P2P_BitTorrent_none_1.pcap.TCP_10-152-152-11_33690_109-201-154-142_48583_stream_0.pcap,tcp_0,tcp,0,BitTorrent,nonTor,P2P,BitTorrent
nonTor_P2P_BitTorrent_none_1.pcap.TCP_10-152-152-11_39857_91-121-109-178_24372_stream_0.pcap,tcp_0,tcp,0,BitTorrent,nonTor,P2P,BitTorrent
nonTor_P2P_BitTorrent_none_1.pcap.TCP_10-152-152-11_34239_82-137-13-175_39293_stream_0.pcap,tcp_0,tcp,0,BitTorrent,nonTor,P2P,BitTorrent
nonTor_P2P_BitTorrent_none_1.pcap.TCP_10-152-152-11_33541_217-21-54-33_9030_stream_0.pcap,tcp_0,tcp,0,BitTorrent,nonTor,P2P,BitTorrent
nonTor_P2P_BitTorrent_none_1.pcap.TCP_10-152-152-11_42068_37-202-19-50_18322_stream_0.pcap,tcp_0,tcp,0,BitTorrent,nonTor,P2P,BitTorrent
nonTor_P2P_BitTorrent_none_1.pcap.TCP_10-152-152-11_35126_105-102-143-119_21960_stream_0.pcap,tcp_0,tcp,0,BitTorrent,nonTor,P2P,BitTorrent
nonTor_P2P_BitTorrent_none_1.pcap.TCP_10-152-152-11_37867_82-168-116-143_15691_stream_0.pcap,tcp_0,tcp,0,BitTorrent,nonTor,P2P,BitTorrent
Tor_P2P_BitTorrent_none_5.pcap.UDP_128-69-164-114_1025_131-202-240-87_61009_stream_0.pcap,udp_0,udp,0,BitTorrent,Tor,P2P,BitTorrent
Tor_P2P_BitTorrent_none_5.salvaged.pcap.TCP_131-202-240-87_4211_207-241-227-123_80_stream_0.pcap,tcp_0,tcp,0,BitTorrent,Tor,P2P,BitTorrent
nonTor_P2P_BitTorrent_none_1.pcap.TCP_10-152-152-11_41867_182-18-177-70_51413_stream_0.pcap,tcp_0,tcp,0,BitTorrent,nonTor,P2P,BitTorrent
nonTor_P2P_BitTorrent_none_1.pcap.TCP_10-152-152-11_39426_223-29-204-66_63806_stream_0.pcap,tcp_0,tcp,0,BitTorrent,nonTor,P2P,BitTorrent
nonTor_P2P_BitTorrent_none_1.pcap.TCP_10-152-152-11_41523_109-252-17-19_43611_stream_0.pcap,tcp_0,tcp,0,BitTorrent,nonTor,P2P,BitTorrent
nonTor_P2P_BitTorrent_none_1.pcap.TCP_1-39-86-123_50002_10-152-152-11_47122_stream_0.pcap,tcp_0,tcp,0,BitTorrent,nonTor,P2P,BitTorrent
nonTor_P2P_BitTorrent_none_1.pcap.TCP_10-152-152-11_38587_68-104-31-250_88_stream_0.pcap,tcp_0,tcp,0,BitTorrent,nonTor,P2P,BitTorrent
nonTor_P2P_BitTorrent_none_1.pcap.TCP_10-152-152-11_37527_160-178-154-11_53906_stream_0.pcap,tcp_0,tcp,0,BitTorrent,nonTor,P2P,BitTorrent
nonTor_P2P_BitTorrent_none_1.pcap.TCP_10-152-152-11_35531_45-64-225-74_13803_stream_0.pcap,tcp_0,tcp,0,BitTorrent,nonTor,P2P,BitTorrent
nonTor_P2P_BitTorrent_none_1.pcap.TCP_10-152-152-11_35751_49-147-171-49_31356_stream_0.pcap,tcp_0,tcp,0,BitTorrent,nonTor,P2P,BitTorrent
Tor_P2P_BitTorrent_none_5.salvaged.pcap.UDP_46-37-201-124_26412_131-202-240-87_61009_stream_0.pcap,udp_0,udp,0,BitTorrent,Tor,P2P,BitTorrent
nonTor_P2P_BitTorrent_none_1.pcap.TCP_10-152-152-11_36259_108-89-33-52_6881_stream_0.pcap,tcp_0,tcp,0,BitTorrent,nonTor,P2P,BitTorrent
Tor_P2P_BitTorrent_none_5.salvaged.pcap.UDP_131-202-240-87_61009_160-75-60-172_12160_stream_0.pcap,udp_0,udp,0,BitTorrent,Tor,P2P,BitTorrent
nonTor_P2P_BitTorrent_none_1.pcap.TCP_10-152-152-11_33051_46-166-188-236_51133_stream_0.pcap,tcp_0,tcp,0,BitTorrent,nonTor,P2P,BitTorrent
nonTor_P2P_BitTorrent_none_1.pcap.TCP_10-152-152-11_33726_85-151-147-120_56781_stream_0.pcap,tcp_0,tcp,0,BitTorrent,nonTor,P2P,BitTorrent
nonTor_P2P_BitTorrent_none_1.pcap.TCP_10-152-152-11_37637_190-239-206-162_8999_stream_0.pcap,tcp_0,tcp,0,BitTorrent,nonTor,P2P,BitTorrent
nonTor_P2P_BitTorrent_none_1.pcap.TCP_10-152-152-11_35088_72-223-96-164_51413_stream_0.pcap,tcp_0,tcp,0,BitTorrent,nonTor,P2P,BitTorrent
nonTor_P2P_BitTorrent_none_1.pcap.TCP_10-152-152-11_33670_36-71-165-5_33419_stream_0.pcap,tcp_0,tcp,0,BitTorrent,nonTor,P2P,BitTorrent
Tor_P2P_BitTorrent_none_5.pcap.TCP_131-202-6-26_13111_131-202-240-87_4188_stream_0.pcap,tcp_0,tcp,0,BitTorrent,Tor,P2P,BitTorrent
nonTor_P2P_BitTorrent_none_1.pcap.TCP_10-152-152-11_36779_190-98-37-124_36685_stream_0.pcap,tcp_0,tcp,0,BitTorrent,nonTor,P2P,BitTorrent
nonTor_P2P_BitTorrent_none_1.pcap.TCP_10-152-152-11_41417_109-108-83-227_21347_stream_0.pcap,tcp_0,tcp,0,BitTorrent,nonTor,P2P,BitTorrent
nonTor_P2P_BitTorrent_none_1.pcap.TCP_10-152-152-11_38190_122-172-212-178_47334_stream_0.pcap,tcp_0,tcp,0,BitTorrent,nonTor,P2P,BitTorrent
Tor_P2P_BitTorrent_none_5.pcap.UDP_131-202-240-87_61009_182-68-112-59_48255_stream_0.pcap,udp_0,udp,0,BitTorrent,Tor,P2P,BitTorrent
nonTor_P2P_BitTorrent_none_1.pcap.TCP_10-152-152-11_35493_111-69-144-233_32967_stream_0.pcap,tcp_0,tcp,0,BitTorrent,nonTor,P2P,BitTorrent
nonTor_P2P_BitTorrent_none_1.pcap.TCP_10-152-152-11_37307_87-94-140-155_51413_stream_0.pcap,tcp_0,tcp,0,BitTorrent,nonTor,P2P,BitTorrent
nonTor_P2P_BitTorrent_none_1.pcap.TCP_10-152-152-11_33506_184-166-68-247_62959_stream_0.pcap,tcp_0,tcp,0,BitTorrent,nonTor,P2P,BitTorrent
Tor_P2P_BitTorrent_none_5.pcap.UDP_75-152-21-216_52628_131-202-240-87_61009_stream_0.pcap,udp_0,udp,0,BitTorrent,Tor,P2P,BitTorrent
nonTor_P2P_BitTorrent_none_1.pcap.TCP_10-152-152-11_42058_200-220-139-2_57547_stream_0.pcap,tcp_0,tcp,0,BitTorrent,nonTor,P2P,BitTorrent
Tor_P2P_BitTorrent_none_5.pcap.UDP_131-202-240-87_61009_176-213-228-114_25222_stream_0.pcap,udp_0,udp,0,BitTorrent,Tor,P2P,BitTorrent
nonTor_P2P_BitTorrent_none_1.pcap.TCP_10-152-152-11_36458_181-26-135-196_56576_stream_0.pcap,tcp_0,tcp,0,BitTorrent,nonTor,P2P,BitTorrent
nonTor_P2P_BitTorrent_none_1.pcap.TCP_10-152-152-11_33839_112-104-100-203_14010_stream_0.pcap,tcp_0,tcp,0,BitTorrent,nonTor,P2P,BitTorrent
nonTor_P2P_BitTorrent_none_1.pcap.TCP_10-152-152-11_35024_93-34-4-32_54728_stream_0.pcap,tcp_0,tcp,0,BitTorrent,nonTor,P2P,BitTorrent
nonTor_P2P_BitTorrent_none_1.pcap.TCP_10-152-152-11_42490_196-217-39-93_41395_stream_0.pcap,tcp_0,tcp,0,BitTorrent,nonTor,P2P,BitTorrent
Tor_P2P_BitTorrent_none_5.pcap.UDP_131-202-240-87_61009_168-235-69-232_10799_stream_0.pcap,udp_0,udp,0,BitTorrent,Tor,P2P,BitTorrent
nonTor_P2P_BitTorrent_none_1.pcap.TCP_10-152-152-11_32827_187-211-64-162_57133_stream_0.pcap,tcp_0,tcp,0,BitTorrent,nonTor,P2P,BitTorrent
nonTor_P2P_BitTorrent_none_1.pcap.TCP_10-152-152-11_40507_69-80-32-64_45872_stream_0.pcap,tcp_0,tcp,0,BitTorrent,nonTor,P2P,BitTorrent
nonTor_P2P_BitTorrent_none_1.pcap.TCP_10-152-152-11_38792_51-254-246-65_50106_stream_0.pcap,tcp_0,tcp,0,BitTorrent,nonTor,P2P,BitTorrent
nonTor_P2P_BitTorrent_none_1.pcap.TCP_10-152-152-11_37854_83-43-5-177_50501_stream_0.pcap,tcp_0,tcp,0,BitTorrent,nonTor,P2P,BitTorrent
nonTor_P2P_BitTorrent_none_1.pcap.TCP_10-152-152-11_39755_149-3-23-204_58927_stream_0.pcap,tcp_0,tcp,0,BitTorrent,nonTor,P2P,BitTorrent
nonTor_P2P_BitTorrent_none_1.pcap.TCP_10-152-152-11_34330_213-133-81-79_29729_stream_0.pcap,tcp_0,tcp,0,BitTorrent,nonTor,P2P,BitTorrent
nonTor_P2P_BitTorrent_none_1.pcap.TCP_10-152-152-11_38296_97-82-123-63_45682_stream_0.pcap,tcp_0,tcp,0,BitTorrent,nonTor,P2P,BitTorrent
nonTor_P2P_BitTorrent_none_1.pcap.TCP_10-152-152-11_40115_37-236-212-23_17387_stream_0.pcap,tcp_0,tcp,0,BitTorrent,nonTor,P2P,BitTorrent
nonTor_P2P_BitTorrent_none_1.pcap.TCP_10-152-152-11_32870_117-203-9-93_6890_stream_0.pcap,tcp_0,tcp,0,BitTorrent,nonTor,P2P,BitTorrent
nonTor_P2P_BitTorrent_none_1.pcap.TCP_10-152-152-11_36742_74-140-200-57_54685_stream_0.pcap,tcp_0,tcp,0,BitTorrent,nonTor,P2P,BitTorrent
nonTor_P2P_BitTorrent_none_1.pcap.TCP_10-152-152-11_36936_182-185-113-123_57558_stream_0.pcap,tcp_0,tcp,0,BitTorrent,nonTor,P2P,BitTorrent
nonTor_P2P_BitTorrent_none_1.pcap.TCP_10-152-152-11_36387_93-115-95-207_9100_stream_0.pcap,tcp_0,tcp,0,BitTorrent,nonTor,P2P,BitTorrent
Tor_P2P_BitTorrent_none_5.salvaged.pcap.UDP_131-202-240-87_61009_168-235-69-232_10799_stream_0.pcap,udp_0,udp,0,BitTorrent,Tor,P2P,BitTorrent
nonTor_P2P_BitTorrent_none_1.pcap.TCP_10-152-152-11_37854_49-149-213-30_51073_stream_0.pcap,tcp_0,tcp,0,BitTorrent,nonTor,P2P,BitTorrent
nonTor_P2P_BitTorrent_none_1.pcap.TCP_10-152-152-11_39290_92-249-156-169_56549_stream_0.pcap,tcp_0,tcp,0,BitTorrent,nonTor,P2P,BitTorrent
nonTor_P2P_BitTorrent_none_1.pcap.TCP_10-152-152-11_37784_191-222-152-41_45632_stream_0.pcap,tcp_0,tcp,0,BitTorrent,nonTor,P2P,BitTorrent
nonTor_P2P_BitTorrent_none_1.pcap.TCP_10-152-152-11_38669_182-182-79-113_19212_stream_0.pcap,tcp_0,tcp,0,BitTorrent,nonTor,P2P,BitTorrent
Tor_P2P_BitTorrent_none_5.pcap.TCP_131-202-240-87_4216_207-241-224-2_80_stream_0.pcap,tcp_0,tcp,0,BitTorrent,Tor,P2P,BitTorrent
nonTor_P2P_BitTorrent_none_1.pcap.TCP_10-152-152-11_36753_106-51-18-54_46294_stream_0.pcap,tcp_0,tcp,0,BitTorrent,nonTor,P2P,BitTorrent
nonTor_P2P_BitTorrent_none_1.pcap.TCP_10-152-152-11_37990_159-230-54-4_6881_stream_0.pcap,tcp_0,tcp,0,BitTorrent,nonTor,P2P,BitTorrent
nonTor_P2P_BitTorrent_none_1.pcap.TCP_10-152-152-11_41197_27-33-111-93_61914_stream_0.pcap,tcp_0,tcp,0,BitTorrent,nonTor,P2P,BitTorrent
nonTor_P2P_BitTorrent_none_1.pcap.TCP_10-152-152-11_38426_122-168-80-104_28972_stream_0.pcap,tcp_0,tcp,0,BitTorrent,nonTor,P2P,BitTorrent
nonTor_P2P_BitTorrent_none_1.pcap.TCP_10-152-152-11_35506_36-81-19-234_37950_stream_0.pcap,tcp_0,tcp,0,BitTorrent,nonTor,P2P,BitTorrent
nonTor_P2P_BitTorrent_none_1.pcap.TCP_10-152-152-11_39432_103-24-126-9_60339_stream_0.pcap,tcp_0,tcp,0,BitTorrent,nonTor,P2P,BitTorrent
nonTor_P2P_BitTorrent_none_1.pcap.TCP_10-152-152-11_33776_67-216-107-65_27627_stream_0.pcap,tcp_0,tcp,0,BitTorrent,nonTor,P2P,BitTorrent
nonTor_P2P_BitTorrent_none_1.pcap.TCP_10-152-152-11_38247_179-105-65-239_51413_stream_0.pcap,tcp_0,tcp,0,BitTorrent,nonTor,P2P,BitTorrent
nonTor_P2P_BitTorrent_none_1.pcap.TCP_10-152-152-11_41999_160-176-233-157_62542_stream_0.pcap,tcp_0,tcp,0,BitTorrent,nonTor,P2P,BitTorrent
nonTor_P2P_BitTorrent_none_1.pcap.TCP_10-152-152-11_42113_65-196-220-2_6881_stream_0.pcap,tcp_0,tcp,0,BitTorrent,nonTor,P2P,BitTorrent
nonTor_P2P_BitTorrent_none_1.pcap.TCP_10-152-152-11_39855_158-69-114-146_51413_stream_0.pcap,tcp_0,tcp,0,BitTorrent,nonTor,P2P,BitTorrent
nonTor_P2P_BitTorrent_none_1.pcap.TCP_10-152-152-11_33907_41-189-228-205_53065_stream_0.pcap,tcp_0,tcp,0,BitTorrent,nonTor,P2P,BitTorrent
nonTor_P2P_BitTorrent_none_1.pcap.TCP_10-152-152-11_38716_97-88-19-155_16069_stream_0.pcap,tcp_0,tcp,0,BitTorrent,nonTor,P2P,BitTorrent
nonTor_P2P_BitTorrent_none_1.pcap.TCP_10-152-152-11_36385_118-92-102-195_42570_stream_0.pcap,tcp_0,tcp,0,BitTorrent,nonTor,P2P,BitTorrent
nonTor_P2P_BitTorrent_none_1.pcap.TCP_10-152-152-11_33993_222-124-22-65_36543_stream_0.pcap,tcp_0,tcp,0,BitTorrent,nonTor,P2P,BitTorrent
nonTor_P2P_BitTorrent_none_1.pcap.TCP_10-152-152-11_38589_46-166-190-189_48583_stream_0.pcap,tcp_0,tcp,0,BitTorrent,nonTor,P2P,BitTorrent
nonTor_P2P_BitTorrent_none_1.pcap.TCP_1-186-39-132_58320_10-152-152-11_45120_stream_0.pcap,tcp_0,tcp,0,BitTorrent,nonTor,P2P,BitTorrent
nonTor_P2P_BitTorrent_none_1.pcap.TCP_10-152-152-11_37501_77-31-231-143_27153_stream_0.pcap,tcp_0,tcp,0,BitTorrent,nonTor,P2P,BitTorrent
nonTor_P2P_BitTorrent_none_1.pcap.TCP_10-152-152-11_32851_203-147-88-10_27101_stream_0.pcap,tcp_0,tcp,0,BitTorrent,nonTor,P2P,BitTorrent
Tor_P2P_BitTorrent_none_5.salvaged.pcap.UDP_122-108-253-62_36601_131-202-240-87_61009_stream_0.pcap,udp_0,udp,0,BitTorrent,Tor,P2P,BitTorrent
nonTor_P2P_BitTorrent_none_1.pcap.TCP_10-152-152-11_35342_105-103-229-164_35205_stream_0.pcap,tcp_0,tcp,0,BitTorrent,nonTor,P2P,BitTorrent
Tor_P2P_BitTorrent_none_5.salvaged.pcap.UDP_70-199-240-135_10283_131-202-240-87_61009_stream_0.pcap,udp_0,udp,0,BitTorrent,Tor,P2P,BitTorrent
nonTor_P2P_BitTorrent_none_1.pcap.TCP_10-152-152-11_42336_178-35-249-161_22809_stream_0.pcap,tcp_0,tcp,0,BitTorrent,nonTor,P2P,BitTorrent
nonTor_P2P_BitTorrent_none_1.pcap.TCP_10-152-152-11_38264_85-144-163-80_65520_stream_0.pcap,tcp_0,tcp,0,BitTorrent,nonTor,P2P,BitTorrent
Tor_P2P_BitTorrent_none_5.salvaged.pcap.UDP_46-253-190-189_36669_131-202-240-87_61009_stream_0.pcap,udp_0,udp,0,BitTorrent,Tor,P2P,BitTorrent
nonTor_P2P_BitTorrent_none_1.pcap.TCP_10-152-152-11_33749_77-93-39-12_51413_stream_0.pcap,tcp_0,tcp,0,BitTorrent,nonTor,P2P,BitTorrent
nonTor_P2P_BitTorrent_none_1.pcap.TCP_10-152-152-11_40768_72-39-189-176_63459_stream_0.pcap,tcp_0,tcp,0,BitTorrent,nonTor,P2P,BitTorrent
Tor_P2P_BitTorrent_none_5.pcap.UDP_131-202-240-87_61009_182-191-77-181_28965_stream_0.pcap,udp_0,udp,0,BitTorrent,Tor,P2P,BitTorrent
nonTor_P2P_BitTorrent_none_1.pcap.TCP_10-152-152-11_39441_120-89-104-9_35965_stream_0.pcap,tcp_0,tcp,0,BitTorrent,nonTor,P2P,BitTorrent
nonTor_P2P_BitTorrent_none_1.pcap.TCP_10-152-152-11_38572_111-91-54-71_38585_stream_0.pcap,tcp_0,tcp,0,BitTorrent,nonTor,P2P,BitTorrent
Tor_P2P_BitTorrent_none_5.salvaged.pcap.UDP_70-123-150-228_38121_131-202-240-87_61009_stream_0.pcap,udp_0,udp,0,BitTorrent,Tor,P2P,BitTorrent
nonTor_P2P_BitTorrent_none_1.pcap.TCP_10-152-152-11_37215_189-28-184-179_52712_stream_0.pcap,tcp_0,tcp,0,BitTorrent,nonTor,P2P,BitTorrent
nonTor_P2P_BitTorrent_none_1.pcap.TCP_10-152-152-11_33201_36-71-165-5_14053_stream_0.pcap,tcp_0,tcp,0,BitTorrent,nonTor,P2P,BitTorrent
nonTor_P2P_BitTorrent_none_1.pcap.TCP_10-152-152-11_33708_37-238-166-23_17661_stream_0.pcap,tcp_0,tcp,0,BitTorrent,nonTor,P2P,BitTorrent
nonTor_P2P_BitTorrent_none_1.pcap.TCP_10-152-152-11_40012_212-83-133-123_51413_stream_0.pcap,tcp_0,tcp,0,BitTorrent,nonTor,P2P,BitTorrent
nonTor_P2P_BitTorrent_none_1.pcap.TCP_10-152-152-11_39001_41-249-220-79_45227_stream_0.pcap,tcp_0,tcp,0,BitTorrent,nonTor,P2P,BitTorrent
nonTor_P2P_BitTorrent_none_1.pcap.TCP_10-152-152-11_37164_77-222-137-164_34780_stream_0.pcap,tcp_0,tcp,0,BitTorrent,nonTor,P2P,BitTorrent
nonTor_P2P_BitTorrent_none_1.pcap.TCP_10-152-152-11_34867_178-65-32-238_26548_stream_0.pcap,tcp_0,tcp,0,BitTorrent,nonTor,P2P,BitTorrent
nonTor_P2P_BitTorrent_none_1.pcap.TCP_10-152-152-11_35151_178-76-232-222_39771_stream_0.pcap,tcp_0,tcp,0,BitTorrent,nonTor,P2P,BitTorrent
nonTor_P2P_BitTorrent_none_1.pcap.TCP_10-152-152-11_36422_94-21-33-166_55573_stream_0.pcap,tcp_0,tcp,0,BitTorrent,nonTor,P2P,BitTorrent
Tor_P2P_BitTorrent_none_5.salvaged.pcap.UDP_131-202-240-87_61009_162-236-6-153_15751_stream_0.pcap,udp_0,udp,0,BitTorrent,Tor,P2P,BitTorrent
nonTor_P2P_BitTorrent_none_1.pcap.TCP_10-152-152-11_32978_182-18-177-70_54728_stream_0.pcap,tcp_0,tcp,0,BitTorrent,nonTor,P2P,BitTorrent
nonTor_P2P_BitTorrent_none_1.pcap.TCP_10-152-152-11_34730_77-247-181-165_9100_stream_0.pcap,tcp_0,tcp,0,BitTorrent,nonTor,P2P,BitTorrent
nonTor_P2P_BitTorrent_none_1.pcap.TCP_10-152-152-11_40578_208-54-45-230_6881_stream_0.pcap,tcp_0,tcp,0,BitTorrent,nonTor,P2P,BitTorrent
nonTor_P2P_BitTorrent_none_1.pcap.TCP_10-152-152-11_38666_95-155-10-157_33922_stream_0.pcap,tcp_0,tcp,0,BitTorrent,nonTor,P2P,BitTorrent
nonTor_P2P_BitTorrent_none_1.pcap.TCP_10-152-152-11_36316_208-167-254-210_12576_stream_0.pcap,tcp_0,tcp,0,BitTorrent,nonTor,P2P,BitTorrent
nonTor_P2P_BitTorrent_none_1.pcap.TCP_10-152-152-11_34294_185-53-215-196_39885_stream_0.pcap,tcp_0,tcp,0,BitTorrent,nonTor,P2P,BitTorrent
nonTor_P2P_BitTorrent_none_1.pcap.TCP_10-152-152-11_36421_86-242-157-143_51413_stream_0.pcap,tcp_0,tcp,0,BitTorrent,nonTor,P2P,BitTorrent
nonTor_P2P_BitTorrent_none_1.pcap.TCP_10-152-152-11_41900_41-105-221-121_47951_stream_0.pcap,tcp_0,tcp,0,BitTorrent,nonTor,P2P,BitTorrent
Tor_P2P_BitTorrent_none_5.pcap.UDP_131-202-240-87_61009_178-125-189-194_30955_stream_0.pcap,udp_0,udp,0,BitTorrent,Tor,P2P,BitTorrent
Tor_P2P_BitTorrent_none_5.pcap.UDP_101-36-72-36_9904_131-202-240-87_61009_stream_0.pcap,udp_0,udp,0,BitTorrent,Tor,P2P,BitTorrent
nonTor_P2P_BitTorrent_none_1.pcap.TCP_10-152-152-11_42334_115-166-50-27_30356_stream_0.pcap,tcp_0,tcp,0,BitTorrent,nonTor,P2P,BitTorrent
nonTor_P2P_BitTorrent_none_1.pcap.TCP_10-152-152-11_41960_105-112-26-205_1531_stream_0.pcap,tcp_0,tcp,0,BitTorrent,nonTor,P2P,BitTorrent
nonTor_P2P_BitTorrent_none_1.pcap.TCP_10-152-152-11_40311_115-245-71-57_43838_stream_0.pcap,tcp_0,tcp,0,BitTorrent,nonTor,P2P,BitTorrent
Tor_P2P_BitTorrent_none_5.salvaged.pcap.UDP_94-140-68-122_29050_131-202-240-87_61009_stream_0.pcap,udp_0,udp,0,BitTorrent,Tor,P2P,BitTorrent
nonTor_P2P_BitTorrent_none_1.pcap.TCP_10-152-152-11_35038_182-186-126-31_31495_stream_0.pcap,tcp_0,tcp,0,BitTorrent,nonTor,P2P,BitTorrent
nonTor_P2P_BitTorrent_none_1.pcap.TCP_10-152-152-11_41482_46-0-168-68_56044_stream_0.pcap,tcp_0,tcp,0,BitTorrent,nonTor,P2P,BitTorrent
nonTor_P2P_BitTorrent_none_1.pcap.TCP_10-152-152-11_41699_82-6-116-192_62348_stream_0.pcap,tcp_0,tcp,0,BitTorrent,nonTor,P2P,BitTorrent
Tor_P2P_BitTorrent_none_5.salvaged.pcap.UDP_64-229-157-54_16181_131-202-240-87_61009_stream_0.pcap,udp_0,udp,0,BitTorrent,Tor,P2P,BitTorrent
nonTor_P2P_BitTorrent_none_1.pcap.TCP_10-152-152-11_33855_41-230-70-117_49499_stream_0.pcap,tcp_0,tcp,0,BitTorrent,nonTor,P2P,BitTorrent
nonTor_P2P_BitTorrent_none_1.pcap.TCP_10-152-152-11_35658_141-219-198-22_51413_stream_0.pcap,tcp_0,tcp,0,BitTorrent,nonTor,P2P,BitTorrent
Tor_P2P_BitTorrent_none_5.salvaged.pcap.UDP_95-58-242-180_10853_131-202-240-87_61009_stream_0.pcap,udp_0,udp,0,BitTorrent,Tor,P2P,BitTorrent
Tor_P2P_BitTorrent_none_5.pcap.UDP_131-202-240-87_61009_191-241-28-88_32137_stream_0.pcap,udp_0,udp,0,BitTorrent,Tor,P2P,BitTorrent
Tor_P2P_BitTorrent_none_5.pcap.UDP_76-219-135-23_6881_131-202-240-87_61009_stream_0.pcap,udp_0,udp,0,BitTorrent,Tor,P2P,BitTorrent
nonTor_P2P_BitTorrent_none_1.pcap.TCP_10-152-152-11_35476_83-165-131-114_51240_stream_0.pcap,tcp_0,tcp,0,BitTorrent,nonTor,P2P,BitTorrent
Tor_P2P_BitTorrent_none_5.pcap.UDP_131-202-240-87_61009_184-173-181-59_6891_stream_0.pcap,udp_0,udp,0,BitTorrent,Tor,P2P,BitTorrent
nonTor_P2P_BitTorrent_none_1.pcap.TCP_10-152-152-11_37030_116-14-78-170_38734_stream_0.pcap,tcp_0,tcp,0,BitTorrent,nonTor,P2P,BitTorrent
nonTor_P2P_BitTorrent_none_1.pcap.TCP_10-152-152-11_39728_182-57-130-245_35390_stream_0.pcap,tcp_0,tcp,0,BitTorrent,nonTor,P2P,BitTorrent
nonTor_P2P_BitTorrent_none_1.pcap.TCP_10-152-152-11_36609_69-156-38-66_51413_stream_0.pcap,tcp_0,tcp,0,BitTorrent,nonTor,P2P,BitTorrent
nonTor_P2P_BitTorrent_none_1.pcap.TCP_10-152-152-11_42150_197-232-29-69_60961_stream_0.pcap,tcp_0,tcp,0,BitTorrent,nonTor,P2P,BitTorrent
nonTor_P2P_BitTorrent_none_1.pcap.TCP_10-152-152-11_39820_113-199-248-118_41599_stream_0.pcap,tcp_0,tcp,0,BitTorrent,nonTor,P2P,BitTorrent
Tor_P2P_BitTorrent_none_5.pcap.UDP_131-202-240-87_61009_176-183-19-188_53141_stream_0.pcap,udp_0,udp,0,BitTorrent,Tor,P2P,BitTorrent
nonTor_P2P_BitTorrent_none_1.pcap.TCP_10-152-152-11_35050_64-201-244-58_51413_stream_0.pcap,tcp_0,tcp,0,BitTorrent,nonTor,P2P,BitTorrent
Tor_P2P_BitTorrent_none_4.pcap.TCP_10-0-2-15_56113_195-154-82-180_443_stream_0.pcap,tcp_0,tcp,0,BitTorrent,Tor,P2P,BitTorrent
nonTor_P2P_BitTorrent_none_1.pcap.TCP_10-152-152-11_33834_175-107-4-245_57114_stream_0.pcap,tcp_0,tcp,0,BitTorrent,nonTor,P2P,BitTorrent
nonTor_P2P_BitTorrent_none_1.pcap.TCP_10-152-152-11_40820_94-242-246-23_25973_stream_0.pcap,tcp_0,tcp,0,BitTorrent,nonTor,P2P,BitTorrent
Tor_P2P_BitTorrent_none_5.pcap.TCP_131-202-240-87_4262_207-241-227-82_80_stream_0.pcap,tcp_0,tcp,0,BitTorrent,Tor,P2P,BitTorrent
nonTor_P2P_BitTorrent_none_1.pcap.TCP_10-152-152-11_34070_94-242-246-24_32131_stream_0.pcap,tcp_0,tcp,0,BitTorrent,nonTor,P2P,BitTorrent
nonTor_P2P_BitTorrent_none_1.pcap.TCP_10-152-152-11_39354_203-161-12-107_28467_stream_0.pcap,tcp_0,tcp,0,BitTorrent,nonTor,P2P,BitTorrent
nonTor_P2P_BitTorrent_none_1.pcap.TCP_10-152-152-11_37009_190-98-37-58_12934_stream_0.pcap,tcp_0,tcp,0,BitTorrent,nonTor,P2P,BitTorrent
nonTor_P2P_BitTorrent_none_1.pcap.TCP_10-152-152-11_36109_84-109-10-83_27283_stream_0.pcap,tcp_0,tcp,0,BitTorrent,nonTor,P2P,BitTorrent
nonTor_P2P_BitTorrent_none_1.pcap.TCP_10-152-152-11_34763_77-247-181-162_9100_stream_0.pcap,tcp_0,tcp,0,BitTorrent,nonTor,P2P,BitTorrent
nonTor_P2P_BitTorrent_none_1.pcap.TCP_10-152-152-11_34330_177-207-118-109_34914_stream_0.pcap,tcp_0,tcp,0,BitTorrent,nonTor,P2P,BitTorrent
nonTor_P2P_BitTorrent_none_1.pcap.TCP_10-152-152-11_33191_201-102-63-143_63019_stream_0.pcap,tcp_0,tcp,0,BitTorrent,nonTor,P2P,BitTorrent
nonTor_P2P_BitTorrent_none_1.pcap.TCP_10-152-152-11_36573_77-37-140-120_64457_stream_0.pcap,tcp_0,tcp,0,BitTorrent,nonTor,P2P,BitTorrent
nonTor_P2P_BitTorrent_none_1.pcap.TCP_10-152-152-11_41611_128-75-24-148_6881_stream_0.pcap,tcp_0,tcp,0,BitTorrent,nonTor,P2P,BitTorrent
nonTor_P2P_BitTorrent_none_1.pcap.TCP_10-152-152-11_39084_94-102-63-18_51413_stream_0.pcap,tcp_0,tcp,0,BitTorrent,nonTor,P2P,BitTorrent
nonTor_P2P_BitTorrent_none_1.pcap.TCP_10-152-152-11_39946_178-254-26-244_52525_stream_0.pcap,tcp_0,tcp,0,BitTorrent,nonTor,P2P,BitTorrent
nonTor_P2P_BitTorrent_none_1.pcap.TCP_10-152-152-11_34952_189-170-50-98_51413_stream_0.pcap,tcp_0,tcp,0,BitTorrent,nonTor,P2P,BitTorrent
Tor_P2P_BitTorrent_none_5.pcap.TCP_131-202-240-87_4229_207-241-227-128_80_stream_0.pcap,tcp_0,tcp,0,BitTorrent,Tor,P2P,BitTorrent
nonTor_P2P_BitTorrent_none_1.pcap.TCP_10-152-152-11_40824_105-104-86-163_58247_stream_0.pcap,tcp_0,tcp,0,BitTorrent,nonTor,P2P,BitTorrent
nonTor_P2P_BitTorrent_none_1.pcap.TCP_10-152-152-11_37881_70-189-118-164_29423_stream_0.pcap,tcp_0,tcp,0,BitTorrent,nonTor,P2P,BitTorrent
nonTor_P2P_BitTorrent_none_1.pcap.TCP_10-152-152-11_39277_78-106-150-242_58553_stream_0.pcap,tcp_0,tcp,0,BitTorrent,nonTor,P2P,BitTorrent
nonTor_P2P_BitTorrent_none_1.pcap.TCP_10-152-152-11_36454_195-175-43-222_52215_stream_0.pcap,tcp_0,tcp,0,BitTorrent,nonTor,P2P,BitTorrent
nonTor_P2P_BitTorrent_none_1.pcap.TCP_10-152-152-11_42557_88-19-55-63_23518_stream_0.pcap,tcp_0,tcp,0,BitTorrent,nonTor,P2P,BitTorrent
nonTor_P2P_BitTorrent_none_1.pcap.TCP_10-152-152-11_36573_105-158-159-130_21959_stream_0.pcap,tcp_0,tcp,0,BitTorrent,nonTor,P2P,BitTorrent
nonTor_P2P_BitTorrent_none_1.pcap.TCP_10-152-152-11_36976_86-228-29-117_56789_stream_0.pcap,tcp_0,tcp,0,BitTorrent,nonTor,P2P,BitTorrent
nonTor_P2P_BitTorrent_none_1.pcap.TCP_10-152-152-11_33053_191-205-173-28_17478_stream_0.pcap,tcp_0,tcp,0,BitTorrent,nonTor,P2P,BitTorrent
Tor_P2P_BitTorrent_none_5.pcap.UDP_131-202-240-87_61009_150-107-214-14_37789_stream_0.pcap,udp_0,udp,0,BitTorrent,Tor,P2P,BitTorrent
nonTor_P2P_BitTorrent_none_1.pcap.TCP_10-152-152-11_34560_196-43-182-110_51413_stream_0.pcap,tcp_0,tcp,0,BitTorrent,nonTor,P2P,BitTorrent
nonTor_P2P_BitTorrent_none_1.pcap.TCP_10-152-152-11_39913_79-167-15-37_16747_stream_0.pcap,tcp_0,tcp,0,BitTorrent,nonTor,P2P,BitTorrent
nonTor_P2P_BitTorrent_none_1.pcap.TCP_10-152-152-11_37316_39-53-108-95_21302_stream_0.pcap,tcp_0,tcp,0,BitTorrent,nonTor,P2P,BitTorrent
nonTor_P2P_BitTorrent_none_1.pcap.TCP_10-152-152-11_37627_105-104-86-163_58247_stream_0.pcap,tcp_0,tcp,0,BitTorrent,nonTor,P2P,BitTorrent
nonTor_P2P_BitTorrent_none_1.pcap.TCP_10-152-152-11_35832_189-203-188-26_46279_stream_0.pcap,tcp_0,tcp,0,BitTorrent,nonTor,P2P,BitTorrent
Tor_P2P_BitTorrent_none_5.salvaged.pcap.UDP_78-140-204-246_19081_131-202-240-87_61009_stream_0.pcap,udp_0,udp,0,BitTorrent,Tor,P2P,BitTorrent
nonTor_P2P_BitTorrent_none_1.pcap.TCP_10-152-152-11_42417_188-143-23-156_52111_stream_0.pcap,tcp_0,tcp,0,BitTorrent,nonTor,P2P,BitTorrent
nonTor_P2P_BitTorrent_none_1.pcap.TCP_10-152-152-11_39068_93-123-150-125_11000_stream_0.pcap,tcp_0,tcp,0,BitTorrent,nonTor,P2P,BitTorrent
Tor_P2P_BitTorrent_none_5.pcap.UDP_90-154-68-176_23690_131-202-240-87_61009_stream_0.pcap,udp_0,udp,0,BitTorrent,Tor,P2P,BitTorrent
nonTor_P2P_BitTorrent_none_1.pcap.TCP_10-152-152-11_35948_77-247-181-163_9100_stream_0.pcap,tcp_0,tcp,0,BitTorrent,nonTor,P2P,BitTorrent
nonTor_P2P_BitTorrent_none_1.pcap.TCP_10-152-152-11_34490_49-244-136-204_12668_stream_0.pcap,tcp_0,tcp,0,BitTorrent,nonTor,P2P,BitTorrent
nonTor_P2P_BitTorrent_none_1.pcap.TCP_10-152-152-11_42466_178-65-230-88_64722_stream_0.pcap,tcp_0,tcp,0,BitTorrent,nonTor,P2P,BitTorrent
nonTor_P2P_BitTorrent_none_1.pcap.TCP_10-152-152-11_37045_95-24-142-116_51413_stream_0.pcap,tcp_0,tcp,0,BitTorrent,nonTor,P2P,BitTorrent
nonTor_P2P_BitTorrent_none_1.pcap.TCP_10-152-152-11_42282_85-115-248-221_39358_stream_0.pcap,tcp_0,tcp,0,BitTorrent,nonTor,P2P,BitTorrent
nonTor_P2P_BitTorrent_none_1.pcap.TCP_10-152-152-11_37381_81-17-20-66_57023_stream_0.pcap,tcp_0,tcp,0,BitTorrent,nonTor,P2P,BitTorrent
Tor_P2P_BitTorrent_none_5.pcap.TCP_131-202-240-87_4291_207-241-227-82_80_stream_0.pcap,tcp_0,tcp,0,BitTorrent,Tor,P2P,BitTorrent
nonTor_P2P_BitTorrent_none_1.pcap.TCP_10-152-152-11_39744_182-65-109-207_25561_stream_0.pcap,tcp_0,tcp,0,BitTorrent,nonTor,P2P,BitTorrent
nonTor_P2P_BitTorrent_none_1.pcap.TCP_10-152-152-11_34135_223-229-132-202_40050_stream_0.pcap,tcp_0,tcp,0,BitTorrent,nonTor,P2P,BitTorrent
nonTor_P2P_BitTorrent_none_1.pcap.TCP_10-152-152-11_40798_216-252-93-18_6881_stream_0.pcap,tcp_0,tcp,0,BitTorrent,nonTor,P2P,BitTorrent
nonTor_P2P_BitTorrent_none_1.pcap.TCP_10-152-152-11_35667_160-178-154-11_29362_stream_0.pcap,tcp_0,tcp,0,BitTorrent,nonTor,P2P,BitTorrent
nonTor_P2P_BitTorrent_none_1.pcap.TCP_10-152-152-11_34749_41-79-11-138_45954_stream_0.pcap,tcp_0,tcp,0,BitTorrent,nonTor,P2P,BitTorrent
nonTor_P2P_BitTorrent_none_1.pcap.TCP_10-152-152-11_39108_41-59-43-30_49638_stream_0.pcap,tcp_0,tcp,0,BitTorrent,nonTor,P2P,BitTorrent
Tor_P2P_BitTorrent_none_5.pcap.UDP_80-234-123-233_6881_131-202-240-87_61009_stream_0.pcap,udp_0,udp,0,BitTorrent,Tor,P2P,BitTorrent
Tor_P2P_BitTorrent_none_5.salvaged.pcap.UDP_131-202-240-87_61009_150-107-214-129_56522_stream_0.pcap,udp_0,udp,0,BitTorrent,Tor,P2P,BitTorrent
nonTor_P2P_BitTorrent_none_1.pcap.TCP_10-152-152-11_37009_185-36-90-36_35963_stream_0.pcap,tcp_0,tcp,0,BitTorrent,nonTor,P2P,BitTorrent
Tor_P2P_BitTorrent_none_5.salvaged.pcap.UDP_37-115-152-211_20777_131-202-240-87_61009_stream_0.pcap,udp_0,udp,0,BitTorrent,Tor,P2P,BitTorrent
nonTor_P2P_BitTorrent_none_1.pcap.TCP_10-152-152-11_35780_89-180-39-115_30792_stream_0.pcap,tcp_0,tcp,0,BitTorrent,nonTor,P2P,BitTorrent
nonTor_P2P_BitTorrent_none_1.pcap.TCP_10-152-152-11_35618_112-104-100-203_14010_stream_0.pcap,tcp_0,tcp,0,BitTorrent,nonTor,P2P,BitTorrent
Tor_P2P_BitTorrent_none_5.salvaged.pcap.UDP_131-202-240-87_61009_178-95-116-241_16359_stream_0.pcap,udp_0,udp,0,BitTorrent,Tor,P2P,BitTorrent
Tor_P2P_BitTorrent_none_5.pcap.TCP_131-202-240-87_4247_207-241-228-122_80_stream_0.pcap,tcp_0,tcp,0,BitTorrent,Tor,P2P,BitTorrent
nonTor_P2P_BitTorrent_none_1.pcap.TCP_10-152-152-11_41499_37-11-150-50_48505_stream_0.pcap,tcp_0,tcp,0,BitTorrent,nonTor,P2P,BitTorrent
Tor_P2P_BitTorrent_none_5.pcap.UDP_117-247-218-143_17489_131-202-240-87_61009_stream_0.pcap,udp_0,udp,0,BitTorrent,Tor,P2P,BitTorrent
Tor_P2P_BitTorrent_none_1.pcap.TCP_10-0-2-15_37628_213-239-216-222_443_stream_0.pcap,tcp_0,tcp,0,BitTorrent,Tor,P2P,BitTorrent
nonTor_P2P_BitTorrent_none_1.pcap.TCP_10-152-152-11_40370_197-9-3-247_4325_stream_0.pcap,tcp_0,tcp,0,BitTorrent,nonTor,P2P,BitTorrent
nonTor_P2P_BitTorrent_none_1.pcap.TCP_10-152-152-11_38858_197-251-171-192_45682_stream_0.pcap,tcp_0,tcp,0,BitTorrent,nonTor,P2P,BitTorrent
nonTor_P2P_BitTorrent_none_1.pcap.TCP_10-152-152-11_37152_109-201-133-100_9100_stream_0.pcap,tcp_0,tcp,0,BitTorrent,nonTor,P2P,BitTorrent
nonTor_P2P_BitTorrent_none_1.pcap.TCP_10-152-152-11_34033_50-33-12-236_21232_stream_0.pcap,tcp_0,tcp,0,BitTorrent,nonTor,P2P,BitTorrent
nonTor_P2P_BitTorrent_none_1.pcap.TCP_10-152-152-11_41510_208-146-44-190_6968_stream_0.pcap,tcp_0,tcp,0,BitTorrent,nonTor,P2P,BitTorrent
nonTor_P2P_BitTorrent_none_1.pcap.TCP_10-152-152-11_41152_105-154-179-202_37835_stream_0.pcap,tcp_0,tcp,0,BitTorrent,nonTor,P2P,BitTorrent
nonTor_P2P_BitTorrent_none_1.pcap.TCP_10-152-152-11_36652_64-22-228-164_9334_stream_0.pcap,tcp_0,tcp,0,BitTorrent,nonTor,P2P,BitTorrent
nonTor_P2P_BitTorrent_none_1.pcap.TCP_10-152-152-11_35268_50-46-244-110_8999_stream_0.pcap,tcp_0,tcp,0,BitTorrent,nonTor,P2P,BitTorrent
nonTor_P2P_BitTorrent_none_1.pcap.TCP_10-152-152-11_38006_190-179-202-203_50692_stream_0.pcap,tcp_0,tcp,0,BitTorrent,nonTor,P2P,BitTorrent
nonTor_P2P_BitTorrent_none_1.pcap.TCP_10-152-152-11_37492_81-250-223-47_46941_stream_0.pcap,tcp_0,tcp,0,BitTorrent,nonTor,P2P,BitTorrent
nonTor_P2P_BitTorrent_none_1.pcap.TCP_10-152-152-11_35403_223-29-204-66_63806_stream_0.pcap,tcp_0,tcp,0,BitTorrent,nonTor,P2P,BitTorrent
nonTor_P2P_BitTorrent_none_1.pcap.TCP_10-152-152-11_40929_117-197-254-48_6890_stream_0.pcap,tcp_0,tcp,0,BitTorrent,nonTor,P2P,BitTorrent
nonTor_P2P_BitTorrent_none_1.pcap.TCP_10-152-152-11_41459_156-198-24-245_52019_stream_0.pcap,tcp_0,tcp,0,BitTorrent,nonTor,P2P,BitTorrent
nonTor_P2P_BitTorrent_none_1.pcap.TCP_10-152-152-11_39444_190-226-8-34_34914_stream_0.pcap,tcp_0,tcp,0,BitTorrent,nonTor,P2P,BitTorrent
nonTor_P2P_BitTorrent_none_1.pcap.TCP_10-152-152-11_37451_43-245-233-25_9101_stream_0.pcap,tcp_0,tcp,0,BitTorrent,nonTor,P2P,BitTorrent
nonTor_P2P_BitTorrent_none_1.pcap.TCP_10-152-152-11_42166_62-98-153-214_45682_stream_0.pcap,tcp_0,tcp,0,BitTorrent,nonTor,P2P,BitTorrent
Tor_P2P_BitTorrent_none_5.salvaged.pcap.UDP_131-202-240-87_61009_176-195-8-237_18152_stream_0.pcap,udp_0,udp,0,BitTorrent,Tor,P2P,BitTorrent
nonTor_P2P_BitTorrent_none_1.pcap.TCP_10-152-152-11_41428_131-255-172-49_28522_stream_0.pcap,tcp_0,tcp,0,BitTorrent,nonTor,P2P,BitTorrent
nonTor_P2P_BitTorrent_none_1.pcap.TCP_10-152-152-11_41744_178-136-123-168_6881_stream_0.pcap,tcp_0,tcp,0,BitTorrent,nonTor,P2P,BitTorrent
nonTor_P2P_BitTorrent_none_1.pcap.TCP_10-152-152-11_38950_77-31-231-143_1024_stream_0.pcap,tcp_0,tcp,0,BitTorrent,nonTor,P2P,BitTorrent
nonTor_P2P_BitTorrent_none_1.pcap.TCP_10-152-152-11_33953_93-152-219-170_18926_stream_0.pcap,tcp_0,tcp,0,BitTorrent,nonTor,P2P,BitTorrent
nonTor_P2P_BitTorrent_none_1.pcap.TCP_10-152-152-11_38490_177-17-18-81_60610_stream_0.pcap,tcp_0,tcp,0,BitTorrent,nonTor,P2P,BitTorrent
nonTor_P2P_BitTorrent_none_1.pcap.TCP_10-152-152-11_35699_122-169-158-26_38649_stream_0.pcap,tcp_0,tcp,0,BitTorrent,nonTor,P2P,BitTorrent
nonTor_P2P_BitTorrent_none_1.pcap.TCP_10-152-152-11_40744_188-32-133-179_51413_stream_0.pcap,tcp_0,tcp,0,BitTorrent,nonTor,P2P,BitTorrent
nonTor_P2P_BitTorrent_none_1.pcap.TCP_10-152-152-11_38873_85-113-39-166_51413_stream_0.pcap,tcp_0,tcp,0,BitTorrent,nonTor,P2P,BitTorrent
nonTor_P2P_BitTorrent_none_1.pcap.TCP_10-152-152-11_34829_85-248-227-164_9100_stream_0.pcap,tcp_0,tcp,0,BitTorrent,nonTor,P2P,BitTorrent
nonTor_P2P_BitTorrent_none_1.pcap.TCP_10-152-152-11_36080_110-33-68-129_54728_stream_0.pcap,tcp_0,tcp,0,BitTorrent,nonTor,P2P,BitTorrent
nonTor_P2P_BitTorrent_none_1.pcap.TCP_10-152-152-11_40472_46-39-36-140_20112_stream_0.pcap,tcp_0,tcp,0,BitTorrent,nonTor,P2P,BitTorrent
nonTor_P2P_BitTorrent_none_1.pcap.TCP_10-152-152-11_37870_193-90-12-88_9100_stream_0.pcap,tcp_0,tcp,0,BitTorrent,nonTor,P2P,BitTorrent
Tor_P2P_BitTorrent_none_5.salvaged.pcap.TCP_131-202-240-87_4305_207-241-228-122_80_stream_0.pcap,tcp_0,tcp,0,BitTorrent,Tor,P2P,BitTorrent
nonTor_P2P_BitTorrent_none_1.pcap.TCP_10-152-152-11_40345_125-121-62-18_64341_stream_0.pcap,tcp_0,tcp,0,BitTorrent,nonTor,P2P,BitTorrent
Tor_P2P_BitTorrent_none_5.salvaged.pcap.TCP_131-202-240-87_4206_207-241-227-123_80_stream_0.pcap,tcp_0,tcp,0,BitTorrent,Tor,P2P,BitTorrent
Tor_P2P_BitTorrent_none_5.pcap.TCP_131-202-240-87_4303_207-241-227-82_80_stream_0.pcap,tcp_0,tcp,0,BitTorrent,Tor,P2P,BitTorrent
nonTor_P2P_BitTorrent_none_1.pcap.TCP_10-152-152-11_34213_94-215-40-105_12521_stream_0.pcap,tcp_0,tcp,0,BitTorrent,nonTor,P2P,BitTorrent
nonTor_P2P_BitTorrent_none_1.pcap.TCP_10-152-152-11_38594_93-120-181-41_57036_stream_0.pcap,tcp_0,tcp,0,BitTorrent,nonTor,P2P,BitTorrent
nonTor_P2P_BitTorrent_none_1.pcap.TCP_10-152-152-11_33515_124-82-57-157_51144_stream_0.pcap,tcp_0,tcp,0,BitTorrent,nonTor,P2P,BitTorrent
nonTor_P2P_BitTorrent_none_1.pcap.TCP_10-152-152-11_36846_77-247-181-162_9100_stream_0.pcap,tcp_0,tcp,0,BitTorrent,nonTor,P2P,BitTorrent
nonTor_P2P_BitTorrent_none_1.pcap.TCP_10-152-152-11_35985_24-167-120-197_54017_stream_0.pcap,tcp_0,tcp,0,BitTorrent,nonTor,P2P,BitTorrent
nonTor_P2P_BitTorrent_none_1.pcap.TCP_10-152-152-11_39581_177-205-117-127_17450_stream_0.pcap,tcp_0,tcp,0,BitTorrent,nonTor,P2P,BitTorrent
Tor_P2P_BitTorrent_none_5.pcap.UDP_46-71-192-176_19743_131-202-240-87_61009_stream_0.pcap,udp_0,udp,0,BitTorrent,Tor,P2P,BitTorrent
nonTor_P2P_BitTorrent_none_1.pcap.TCP_10-152-152-11_41995_103-36-79-157_6881_stream_0.pcap,tcp_0,tcp,0,BitTorrent,nonTor,P2P,BitTorrent
nonTor_P2P_BitTorrent_none_1.pcap.TCP_10-152-152-11_39857_41-189-228-205_49698_stream_0.pcap,tcp_0,tcp,0,BitTorrent,nonTor,P2P,BitTorrent
nonTor_P2P_BitTorrent_none_1.pcap.TCP_10-152-152-11_33806_108-29-64-152_30000_stream_0.pcap,tcp_0,tcp,0,BitTorrent,nonTor,P2P,BitTorrent
nonTor_P2P_BitTorrent_none_1.pcap.TCP_10-152-152-11_38257_180-183-11-85_51413_stream_0.pcap,tcp_0,tcp,0,BitTorrent,nonTor,P2P,BitTorrent
nonTor_P2P_BitTorrent_none_1.pcap.TCP_10-152-152-11_37894_189-19-214-51_6881_stream_0.pcap,tcp_0,tcp,0,BitTorrent,nonTor,P2P,BitTorrent
nonTor_P2P_BitTorrent_none_1.pcap.TCP_10-152-152-11_40009_178-76-243-52_6882_stream_0.pcap,tcp_0,tcp,0,BitTorrent,nonTor,P2P,BitTorrent
nonTor_P2P_BitTorrent_none_1.pcap.TCP_10-152-152-11_38915_94-180-139-107_59133_stream_0.pcap,tcp_0,tcp,0,BitTorrent,nonTor,P2P,BitTorrent
nonTor_P2P_BitTorrent_none_1.pcap.TCP_10-152-152-11_33976_46-189-234-194_39953_stream_0.pcap,tcp_0,tcp,0,BitTorrent,nonTor,P2P,BitTorrent
nonTor_P2P_BitTorrent_none_1.pcap.TCP_10-152-152-11_35236_41-142-225-112_23620_stream_0.pcap,tcp_0,tcp,0,BitTorrent,nonTor,P2P,BitTorrent
nonTor_P2P_BitTorrent_none_1.pcap.TCP_10-152-152-11_37924_70-83-238-35_50500_stream_0.pcap,tcp_0,tcp,0,BitTorrent,nonTor,P2P,BitTorrent
Tor_P2P_BitTorrent_none_5.pcap.UDP_41-37-93-39_10948_131-202-240-87_61009_stream_0.pcap,udp_0,udp,0,BitTorrent,Tor,P2P,BitTorrent
nonTor_P2P_BitTorrent_none_1.pcap.TCP_10-152-152-11_41578_178-211-164-81_8999_stream_0.pcap,tcp_0,tcp,0,BitTorrent,nonTor,P2P,BitTorrent
nonTor_P2P_BitTorrent_none_1.pcap.TCP_10-152-152-11_38484_91-235-145-232_41488_stream_0.pcap,tcp_0,tcp,0,BitTorrent,nonTor,P2P,BitTorrent
nonTor_P2P_BitTorrent_none_1.pcap.TCP_10-152-152-11_41093_90-149-107-51_39417_stream_0.pcap,tcp_0,tcp,0,BitTorrent,nonTor,P2P,BitTorrent
nonTor_P2P_BitTorrent_none_1.pcap.TCP_10-152-152-11_35831_112-104-100-203_14010_stream_0.pcap,tcp_0,tcp,0,BitTorrent,nonTor,P2P,BitTorrent
nonTor_P2P_BitTorrent_none_1.pcap.TCP_10-152-152-11_39657_95-218-255-245_50909_stream_0.pcap,tcp_0,tcp,0,BitTorrent,nonTor,P2P,BitTorrent
Tor_P2P_BitTorrent_none_5.pcap.UDP_99-234-112-87_50116_131-202-240-87_61009_stream_0.pcap,udp_0,udp,0,BitTorrent,Tor,P2P,BitTorrent
Tor_P2P_BitTorrent_none_5.salvaged.pcap.UDP_131-202-240-87_61009_212-96-79-107_11310_stream_0.pcap,udp_0,udp,0,BitTorrent,Tor,P2P,BitTorrent
nonTor_P2P_BitTorrent_none_1.pcap.TCP_10-152-152-11_38123_178-59-177-217_29329_stream_0.pcap,tcp_0,tcp,0,BitTorrent,nonTor,P2P,BitTorrent
Tor_P2P_BitTorrent_none_5.salvaged.pcap.TCP_131-202-240-87_4236_207-241-227-113_80_stream_0.pcap,tcp_0,tcp,0,BitTorrent,Tor,P2P,BitTorrent
nonTor_P2P_BitTorrent_none_1.pcap.TCP_10-152-152-11_37780_216-172-142-232_35694_stream_0.pcap,tcp_0,tcp,0,BitTorrent,nonTor,P2P,BitTorrent
nonTor_P2P_BitTorrent_none_1.pcap.TCP_10-152-152-11_41811_79-117-195-207_57414_stream_0.pcap,tcp_0,tcp,0,BitTorrent,nonTor,P2P,BitTorrent
nonTor_P2P_BitTorrent_none_1.pcap.TCP_10-152-152-11_37575_124-163-209-138_30891_stream_0.pcap,tcp_0,tcp,0,BitTorrent,nonTor,P2P,BitTorrent
Tor_P2P_BitTorrent_none_5.salvaged.pcap.TCP_131-202-240-87_4195_207-241-227-123_80_stream_0.pcap,tcp_0,tcp,0,BitTorrent,Tor,P2P,BitTorrent
nonTor_P2P_BitTorrent_none_1.pcap.TCP_10-152-152-11_36392_106-51-18-54_46294_stream_0.pcap,tcp_0,tcp,0,BitTorrent,nonTor,P2P,BitTorrent
nonTor_P2P_BitTorrent_none_1.pcap.TCP_10-152-152-11_36567_103-36-79-229_6881_stream_0.pcap,tcp_0,tcp,0,BitTorrent,nonTor,P2P,BitTorrent
nonTor_P2P_BitTorrent_none_1.pcap.TCP_10-152-152-11_35706_176-126-252-11_35875_stream_0.pcap,tcp_0,tcp,0,BitTorrent,nonTor,P2P,BitTorrent
nonTor_P2P_BitTorrent_none_1.pcap.TCP_10-152-152-11_35833_90-28-138-224_51413_stream_0.pcap,tcp_0,tcp,0,BitTorrent,nonTor,P2P,BitTorrent
nonTor_P2P_BitTorrent_none_1.pcap.TCP_1-186-39-132_53475_10-152-152-11_39090_stream_0.pcap,tcp_0,tcp,0,BitTorrent,nonTor,P2P,BitTorrent
nonTor_P2P_BitTorrent_none_1.pcap.TCP_10-152-152-11_38370_111-92-67-129_51995_stream_0.pcap,tcp_0,tcp,0,BitTorrent,nonTor,P2P,BitTorrent
nonTor_P2P_BitTorrent_none_1.pcap.TCP_10-152-152-11_41111_191-54-92-62_47745_stream_0.pcap,tcp_0,tcp,0,BitTorrent,nonTor,P2P,BitTorrent
nonTor_P2P_BitTorrent_none_1.pcap.TCP_10-152-152-11_32916_208-167-254-210_12161_stream_0.pcap,tcp_0,tcp,0,BitTorrent,nonTor,P2P,BitTorrent
nonTor_P2P_BitTorrent_none_1.pcap.TCP_10-152-152-11_39127_82-137-10-108_10720_stream_0.pcap,tcp_0,tcp,0,BitTorrent,nonTor,P2P,BitTorrent
Tor_P2P_BitTorrent_none_5.pcap.UDP_131-202-240-87_61009_178-93-122-123_34671_stream_0.pcap,udp_0,udp,0,BitTorrent,Tor,P2P,BitTorrent
nonTor_P2P_BitTorrent_none_1.pcap.TCP_10-152-152-11_33345_117-241-77-229_50171_stream_0.pcap,tcp_0,tcp,0,BitTorrent,nonTor,P2P,BitTorrent
nonTor_P2P_BitTorrent_none_1.pcap.TCP_10-152-152-11_35844_43-245-233-25_36131_stream_0.pcap,tcp_0,tcp,0,BitTorrent,nonTor,P2P,BitTorrent
Tor_P2P_BitTorrent_none_5.salvaged.pcap.UDP_93-80-105-37_51413_131-202-240-87_61009_stream_0.pcap,udp_0,udp,0,BitTorrent,Tor,P2P,BitTorrent
nonTor_P2P_BitTorrent_none_1.pcap.TCP_10-152-152-11_37779_190-160-149-57_19899_stream_0.pcap,tcp_0,tcp,0,BitTorrent,nonTor,P2P,BitTorrent
nonTor_P2P_BitTorrent_none_1.pcap.TCP_10-152-152-11_36782_190-45-146-238_25320_stream_0.pcap,tcp_0,tcp,0,BitTorrent,nonTor,P2P,BitTorrent
nonTor_P2P_BitTorrent_none_1.pcap.TCP_10-152-152-11_36133_101-160-34-187_20781_stream_0.pcap,tcp_0,tcp,0,BitTorrent,nonTor,P2P,BitTorrent
nonTor_P2P_BitTorrent_none_1.pcap.TCP_10-152-152-11_35500_118-137-87-16_49976_stream_0.pcap,tcp_0,tcp,0,BitTorrent,nonTor,P2P,BitTorrent
Tor_P2P_BitTorrent_none_5.pcap.UDP_61-242-112-35_8001_131-202-240-87_61009_stream_0.pcap,udp_0,udp,0,BitTorrent,Tor,P2P,BitTorrent
nonTor_P2P_BitTorrent_none_1.pcap.TCP_10-152-152-11_36405_101-108-159-53_16251_stream_0.pcap,tcp_0,tcp,0,BitTorrent,nonTor,P2P,BitTorrent
nonTor_P2P_BitTorrent_none_1.pcap.TCP_10-152-152-11_38469_208-167-254-210_49285_stream_0.pcap,tcp_0,tcp,0,BitTorrent,nonTor,P2P,BitTorrent
nonTor_P2P_BitTorrent_none_1.pcap.TCP_10-152-152-11_41792_156-196-231-56_6890_stream_0.pcap,tcp_0,tcp,0,BitTorrent,nonTor,P2P,BitTorrent
nonTor_P2P_BitTorrent_none_1.pcap.TCP_10-152-152-11_33690_110-33-68-129_51413_stream_0.pcap,tcp_0,tcp,0,BitTorrent,nonTor,P2P,BitTorrent
nonTor_P2P_BitTorrent_none_1.pcap.TCP_10-152-152-11_34907_197-15-215-118_7471_stream_0.pcap,tcp_0,tcp,0,BitTorrent,nonTor,P2P,BitTorrent
Tor_P2P_BitTorrent_none_5.salvaged.pcap.UDP_121-225-236-47_1030_131-202-240-87_61009_stream_0.pcap,udp_0,udp,0,BitTorrent,Tor,P2P,BitTorrent
nonTor_P2P_BitTorrent_none_1.pcap.TCP_10-152-152-11_40018_46-39-36-140_37096_stream_0.pcap,tcp_0,tcp,0,BitTorrent,nonTor,P2P,BitTorrent
nonTor_P2P_BitTorrent_none_1.pcap.TCP_10-152-152-11_38275_195-74-76-231_43339_stream_0.pcap,tcp_0,tcp,0,BitTorrent,nonTor,P2P,BitTorrent
nonTor_P2P_BitTorrent_none_1.pcap.TCP_10-152-152-11_38906_78-173-26-193_33916_stream_0.pcap,tcp_0,tcp,0,BitTorrent,nonTor,P2P,BitTorrent
nonTor_P2P_BitTorrent_none_1.pcap.TCP_10-152-152-11_40878_84-203-32-105_35350_stream_0.pcap,tcp_0,tcp,0,BitTorrent,nonTor,P2P,BitTorrent
nonTor_P2P_BitTorrent_none_1.pcap.TCP_10-152-152-11_36482_177-10-254-2_36272_stream_0.pcap,tcp_0,tcp,0,BitTorrent,nonTor,P2P,BitTorrent
nonTor_P2P_BitTorrent_none_1.pcap.TCP_10-152-152-11_38023_92-150-57-83_30387_stream_0.pcap,tcp_0,tcp,0,BitTorrent,nonTor,P2P,BitTorrent
Tor_P2P_BitTorrent_none_5.pcap.UDP_93-78-105-139_11025_131-202-240-87_61009_stream_0.pcap,udp_0,udp,0,BitTorrent,Tor,P2P,BitTorrent
Tor_P2P_BitTorrent_none_5.salvaged.pcap.UDP_131-202-240-87_61009_186-207-233-195_47615_stream_0.pcap,udp_0,udp,0,BitTorrent,Tor,P2P,BitTorrent
Tor_P2P_BitTorrent_none_5.pcap.UDP_131-202-240-87_61009_166-173-186-123_62284_stream_0.pcap,udp_0,udp,0,BitTorrent,Tor,P2P,BitTorrent
nonTor_P2P_BitTorrent_none_1.pcap.TCP_10-152-152-11_35516_93-174-90-30_9100_stream_0.pcap,tcp_0,tcp,0,BitTorrent,nonTor,P2P,BitTorrent
Tor_P2P_BitTorrent_none_5.pcap.UDP_37-115-152-211_20777_131-202-240-87_61009_stream_0.pcap,udp_0,udp,0,BitTorrent,Tor,P2P,BitTorrent
Tor_P2P_BitTorrent_none_5.salvaged.pcap.UDP_68-64-172-2_2579_131-202-240-87_61009_stream_0.pcap,udp_0,udp,0,BitTorrent,Tor,P2P,BitTorrent
nonTor_P2P_BitTorrent_none_1.pcap.TCP_10-152-152-11_39241_187-114-7-81_55656_stream_0.pcap,tcp_0,tcp,0,BitTorrent,nonTor,P2P,BitTorrent
Tor_P2P_BitTorrent_none_5.salvaged.pcap.UDP_131-202-240-87_61009_203-171-242-20_35486_stream_0.pcap,udp_0,udp,0,BitTorrent,Tor,P2P,BitTorrent
nonTor_P2P_BitTorrent_none_1.pcap.TCP_10-152-152-11_39642_108-5-165-63_32148_stream_0.pcap,tcp_0,tcp,0,BitTorrent,nonTor,P2P,BitTorrent
nonTor_P2P_BitTorrent_none_1.pcap.TCP_10-152-152-11_33931_190-255-112-207_14104_stream_0.pcap,tcp_0,tcp,0,BitTorrent,nonTor,P2P,BitTorrent
Tor_P2P_BitTorrent_none_5.salvaged.pcap.UDP_109-72-152-167_44738_131-202-240-87_61009_stream_0.pcap,udp_0,udp,0,BitTorrent,Tor,P2P,BitTorrent
nonTor_P2P_BitTorrent_none_1.pcap.TCP_10-152-152-11_40812_202-56-198-50_20345_stream_0.pcap,tcp_0,tcp,0,BitTorrent,nonTor,P2P,BitTorrent
nonTor_P2P_BitTorrent_none_1.pcap.TCP_10-152-152-11_37378_36-71-165-5_33419_stream_0.pcap,tcp_0,tcp,0,BitTorrent,nonTor,P2P,BitTorrent
nonTor_P2P_BitTorrent_none_1.pcap.TCP_10-152-152-11_37574_188-24-100-244_6881_stream_0.pcap,tcp_0,tcp,0,BitTorrent,nonTor,P2P,BitTorrent
nonTor_P2P_BitTorrent_none_1.pcap.TCP_10-152-152-11_35540_84-237-232-108_51413_stream_0.pcap,tcp_0,tcp,0,BitTorrent,nonTor,P2P,BitTorrent
nonTor_P2P_BitTorrent_none_1.pcap.TCP_10-152-152-11_37091_125-212-124-61_1027_stream_0.pcap,tcp_0,tcp,0,BitTorrent,nonTor,P2P,BitTorrent
nonTor_P2P_BitTorrent_none_1.pcap.TCP_10-152-152-11_40902_99-104-124-67_64550_stream_0.pcap,tcp_0,tcp,0,BitTorrent,nonTor,P2P,BitTorrent
nonTor_P2P_BitTorrent_none_1.pcap.TCP_10-152-152-11_36790_113-203-237-61_34218_stream_0.pcap,tcp_0,tcp,0,BitTorrent,nonTor,P2P,BitTorrent
Tor_P2P_BitTorrent_none_5.pcap.UDP_46-37-201-124_26412_131-202-240-87_61009_stream_0.pcap,udp_0,udp,0,BitTorrent,Tor,P2P,BitTorrent
Tor_P2P_BitTorrent_none_5.salvaged.pcap.UDP_86-72-40-54_14051_131-202-240-87_61009_stream_0.pcap,udp_0,udp,0,BitTorrent,Tor,P2P,BitTorrent
Tor_P2P_BitTorrent_none_5.salvaged.pcap.UDP_131-202-240-87_60151_131-202-244-3_53_stream_0.pcap,udp_0,udp,0,BitTorrent,Tor,P2P,BitTorrent
Tor_P2P_BitTorrent_none_5.pcap.UDP_131-202-240-87_60151_131-202-244-5_53_stream_0.pcap,udp_0,udp,0,BitTorrent,Tor,P2P,BitTorrent
nonTor_P2P_BitTorrent_none_1.pcap.TCP_10-152-152-11_46772_212-90-60-255_29950_stream_0.pcap,tcp_0,tcp,0,BitTorrent,nonTor,P2P,BitTorrent
Tor_P2P_BitTorrent_none_5.salvaged.pcap.UDP_131-202-240-87_55445_131-202-244-3_53_stream_0.pcap,udp_0,udp,0,BitTorrent,Tor,P2P,BitTorrent
Tor_P2P_BitTorrent_none_5.salvaged.pcap.TCP_123-202-230-190_3925_131-202-240-87_23_stream_0.pcap,tcp_0,tcp,0,BitTorrent,Tor,P2P,BitTorrent
Tor_P2P_BitTorrent_none_5.salvaged.pcap.UDP_131-202-240-87_53570_131-202-244-5_53_stream_0.pcap,udp_0,udp,0,BitTorrent,Tor,P2P,BitTorrent
nonTor_P2P_BitTorrent_none_1.pcap.TCP_10-152-152-11_33318_118-92-102-195_42570_stream_0.pcap,tcp_0,tcp,0,BitTorrent,nonTor,P2P,BitTorrent
nonTor_P2P_BitTorrent_none_1.pcap.TCP_10-152-152-11_39163_49-228-198-196_62044_stream_0.pcap,tcp_0,tcp,0,BitTorrent,nonTor,P2P,BitTorrent
Tor_P2P_BitTorrent_none_5.salvaged.pcap.UDP_131-202-240-87_60151_131-202-244-5_53_stream_0.pcap,udp_0,udp,0,BitTorrent,Tor,P2P,BitTorrent
Tor_P2P_BitTorrent_none_5.salvaged.pcap.UDP_131-202-240-87_56399_131-202-244-5_53_stream_0.pcap,udp_0,udp,0,BitTorrent,Tor,P2P,BitTorrent
Tor_P2P_BitTorrent_none_5.salvaged.pcap.TCP_61-242-112-35_8001_131-202-240-87_4286_stream_0.pcap,tcp_0,tcp,0,BitTorrent,Tor,P2P,BitTorrent
Tor_P2P_BitTorrent_none_5.salvaged.pcap.UDP_131-202-240-87_54185_224-0-0-252_5355_stream_0.pcap,udp_0,udp,0,BitTorrent,Tor,P2P,BitTorrent
nonTor_P2P_BitTorrent_none_1.pcap.TCP_10-152-152-11_33782_111-91-54-71_38585_stream_0.pcap,tcp_0,tcp,0,BitTorrent,nonTor,P2P,BitTorrent
nonTor_P2P_BitTorrent_none_1.pcap.TCP_10-152-152-11_40278_79-116-23-201_51413_stream_0.pcap,tcp_0,tcp,0,BitTorrent,nonTor,P2P,BitTorrent
Tor_P2P_BitTorrent_none_5.pcap.UDP_131-202-240-87_137_131-202-243-255_137_stream_0.pcap,udp_0,udp,0,BitTorrent,Tor,P2P,BitTorrent
Tor_P2P_BitTorrent_none_5.pcap.UDP_131-202-240-87_50101_131-202-244-3_53_stream_0.pcap,udp_0,udp,0,BitTorrent,Tor,P2P,BitTorrent
nonTor_P2P_BitTorrent_none_1.pcap.TCP_10-152-152-11_37238_178-10-211-110_51413_stream_0.pcap,tcp_0,tcp,0,BitTorrent,nonTor,P2P,BitTorrent
Tor_P2P_BitTorrent_none_5.pcap.UDP_131-202-6-3_53_131-202-240-87_56399_stream_0.pcap,udp_0,udp,0,BitTorrent,Tor,P2P,BitTorrent
Tor_P2P_BitTorrent_none_5.pcap.TCP_83-56-6-136_44031_131-202-240-87_4202_stream_0.pcap,tcp_0,tcp,0,BitTorrent,Tor,P2P,BitTorrent
Tor_P2P_BitTorrent_none_5.pcap.TCP_74-217-78-130_80_131-202-240-87_4179_stream_0.pcap,tcp_0,tcp,0,BitTorrent,Tor,P2P,BitTorrent
Tor_P2P_BitTorrent_none_5.salvaged.pcap.UDP_131-202-6-3_53_131-202-240-87_60027_stream_0.pcap,udp_0,udp,0,BitTorrent,Tor,P2P,BitTorrent
Tor_P2P_BitTorrent_none_5.salvaged.pcap.UDP_131-202-240-87_53779_131-202-244-3_53_stream_0.pcap,udp_0,udp,0,BitTorrent,Tor,P2P,BitTorrent
nonTor_P2P_BitTorrent_none_1.pcap.TCP_10-152-152-11_38302_121-54-58-225_63420_stream_0.pcap,tcp_0,tcp,0,BitTorrent,nonTor,P2P,BitTorrent
Tor_P2P_BitTorrent_none_5.salvaged.pcap.UDP_131-202-240-87_64186_157-56-106-189_3544_stream_0.pcap,udp_0,udp,0,BitTorrent,Tor,P2P,BitTorrent
nonTor_P2P_BitTorrent_none_1.pcap.TCP_10-152-152-11_44353_178-59-177-217_29329_stream_0.pcap,tcp_0,tcp,0,BitTorrent,nonTor,P2P,BitTorrent
Tor_P2P_BitTorrent_none_5.salvaged.pcap.UDP_131-202-240-87_55697_131-202-244-5_53_stream_0.pcap,udp_0,udp,0,BitTorrent,Tor,P2P,BitTorrent
nonTor_P2P_BitTorrent_none_1.pcap.TCP_10-152-152-11_42514_109-78-13-143_35582_stream_0.pcap,tcp_0,tcp,0,BitTorrent,nonTor,P2P,BitTorrent
nonTor_P2P_BitTorrent_none_1.pcap.TCP_10-152-152-11_33688_202-142-69-118_53692_stream_0.pcap,tcp_0,tcp,0,BitTorrent,nonTor,P2P,BitTorrent
Tor_P2P_BitTorrent_none_5.pcap.UDP_131-202-240-87_53652_224-0-0-252_5355_stream_0.pcap,udp_0,udp,0,BitTorrent,Tor,P2P,BitTorrent
Tor_P2P_BitTorrent_none_5.pcap.UDP_131-202-240-87_58177_131-202-244-5_53_stream_0.pcap,udp_0,udp,0,BitTorrent,Tor,P2P,BitTorrent
Tor_P2P_BitTorrent_none_5.pcap.UDP_131-202-6-3_53_131-202-240-87_60027_stream_0.pcap,udp_0,udp,0,BitTorrent,Tor,P2P,BitTorrent
nonTor_P2P_BitTorrent_none_1.pcap.TCP_10-152-152-11_39459_117-199-80-255_6881_stream_0.pcap,tcp_0,tcp,0,BitTorrent,nonTor,P2P,BitTorrent
Tor_P2P_BitTorrent_none_5.salvaged.pcap.TCP_54-221-210-70_80_131-202-240-87_4162_stream_0.pcap,tcp_0,tcp,0,BitTorrent,Tor,P2P,BitTorrent
Tor_P2P_BitTorrent_none_5.salvaged.pcap.UDP_131-202-240-87_57904_131-202-244-5_53_stream_0.pcap,udp_0,udp,0,BitTorrent,Tor,P2P,BitTorrent
Tor_P2P_BitTorrent_none_5.pcap.UDP_131-202-240-87_56365_131-202-244-5_53_stream_0.pcap,udp_0,udp,0,BitTorrent,Tor,P2P,BitTorrent
nonTor_P2P_BitTorrent_none_1.pcap.TCP_10-152-152-11_40296_31-151-113-71_56881_stream_0.pcap,tcp_0,tcp,0,BitTorrent,nonTor,P2P,BitTorrent
nonTor_P2P_BitTorrent_none_1.pcap.TCP_10-152-152-11_40835_149-200-237-177_28930_stream_0.pcap,tcp_0,tcp,0,BitTorrent,nonTor,P2P,BitTorrent
Tor_P2P_BitTorrent_none_5.salvaged.pcap.UDP_131-202-240-87_54812_131-202-244-3_53_stream_0.pcap,udp_0,udp,0,BitTorrent,Tor,P2P,BitTorrent
Tor_P2P_BitTorrent_none_5.pcap.UDP_131-202-240-87_61522_131-202-244-3_53_stream_0.pcap,udp_0,udp,0,BitTorrent,Tor,P2P,BitTorrent
nonTor_P2P_BitTorrent_none_1.pcap.TCP_10-152-152-11_45704_73-211-151-2_62847_stream_0.pcap,tcp_0,tcp,0,BitTorrent,nonTor,P2P,BitTorrent
nonTor_P2P_BitTorrent_none_1.pcap.TCP_10-152-152-11_42435_93-170-123-241_51413_stream_0.pcap,tcp_0,tcp,0,BitTorrent,nonTor,P2P,BitTorrent
Tor_P2P_BitTorrent_none_5.pcap.UDP_131-202-240-87_57904_131-202-244-3_53_stream_0.pcap,udp_0,udp,0,BitTorrent,Tor,P2P,BitTorrent
nonTor_P2P_BitTorrent_none_1.pcap.TCP_1-122-218-7_46023_10-152-152-11_57837_stream_0.pcap,tcp_0,tcp,0,BitTorrent,nonTor,P2P,BitTorrent
nonTor_P2P_BitTorrent_none_1.pcap.TCP_10-152-152-11_39839_49-244-190-155_23946_stream_0.pcap,tcp_0,tcp,0,BitTorrent,nonTor,P2P,BitTorrent
nonTor_P2P_BitTorrent_none_1.pcap.TCP_10-152-152-11_38623_41-43-229-3_15759_stream_0.pcap,tcp_0,tcp,0,BitTorrent,nonTor,P2P,BitTorrent
nonTor_P2P_BitTorrent_none_1.pcap.TCP_10-152-152-11_36550_91-227-94-2_48244_stream_0.pcap,tcp_0,tcp,0,BitTorrent,nonTor,P2P,BitTorrent
nonTor_P2P_BitTorrent_none_1.pcap.TCP_10-152-152-11_39369_180-94-35-236_29271_stream_0.pcap,tcp_0,tcp,0,BitTorrent,nonTor,P2P,BitTorrent
nonTor_P2P_BitTorrent_none_1.pcap.TCP_10-152-152-11_39991_212-90-60-255_29950_stream_0.pcap,tcp_0,tcp,0,BitTorrent,nonTor,P2P,BitTorrent
Tor_P2P_BitTorrent_none_4.pcap.TCP_10-0-2-15_54130_195-154-107-23_443_stream_0.pcap,tcp_0,tcp,0,BitTorrent,Tor,P2P,BitTorrent
Tor_P2P_BitTorrent_none_5.pcap.UDP_131-202-240-87_57904_131-202-244-5_53_stream_0.pcap,udp_0,udp,0,BitTorrent,Tor,P2P,BitTorrent
nonTor_P2P_BitTorrent_none_1.pcap.TCP_10-152-152-11_40465_117-199-80-255_6881_stream_0.pcap,tcp_0,tcp,0,BitTorrent,nonTor,P2P,BitTorrent
nonTor_P2P_BitTorrent_none_1.pcap.TCP_10-152-152-11_37295_188-123-51-76_56583_stream_0.pcap,tcp_0,tcp,0,BitTorrent,nonTor,P2P,BitTorrent
Tor_P2P_BitTorrent_none_5.salvaged.pcap.UDP_131-202-240-87_50101_131-202-244-3_53_stream_0.pcap,udp_0,udp,0,BitTorrent,Tor,P2P,BitTorrent
nonTor_P2P_BitTorrent_none_1.pcap.TCP_10-152-152-11_34316_185-6-18-57_10038_stream_0.pcap,tcp_0,tcp,0,BitTorrent,nonTor,P2P,BitTorrent
Tor_P2P_BitTorrent_none_5.salvaged.pcap.TCP_131-202-240-87_4163_209-148-205-18_80_stream_0.pcap,tcp_0,tcp,0,BitTorrent,Tor,P2P,BitTorrent
Tor_P2P_BitTorrent_none_5.salvaged.pcap.UDP_131-202-240-87_61522_131-202-244-3_53_stream_0.pcap,udp_0,udp,0,BitTorrent,Tor,P2P,BitTorrent
Tor_P2P_BitTorrent_none_5.salvaged.pcap.UDP_131-202-240-87_55607_131-202-244-5_53_stream_0.pcap,udp_0,udp,0,BitTorrent,Tor,P2P,BitTorrent
Tor_P2P_BitTorrent_none_5.pcap.UDP_131-202-240-87_54812_131-202-244-5_53_stream_0.pcap,udp_0,udp,0,BitTorrent,Tor,P2P,BitTorrent
Tor_P2P_BitTorrent_none_5.salvaged.pcap.TCP_131-202-240-87_8118_222-186-31-178_49445_stream_0.pcap,tcp_0,tcp,0,BitTorrent,Tor,P2P,BitTorrent
nonTor_P2P_BitTorrent_none_1.pcap.TCP_10-152-152-11_46111_103-231-163-26_26085_stream_0.pcap,tcp_0,tcp,0,BitTorrent,nonTor,P2P,BitTorrent
nonTor_P2P_BitTorrent_none_1.pcap.TCP_10-152-152-11_38371_72-193-54-248_8999_stream_0.pcap,tcp_0,tcp,0,BitTorrent,nonTor,P2P,BitTorrent
nonTor_P2P_BitTorrent_none_1.pcap.TCP_10-152-152-11_46564_60-225-44-52_51413_stream_0.pcap,tcp_0,tcp,0,BitTorrent,nonTor,P2P,BitTorrent
Tor_P2P_BitTorrent_none_5.pcap.UDP_131-202-240-87_57709_131-202-244-5_53_stream_0.pcap,udp_0,udp,0,BitTorrent,Tor,P2P,BitTorrent
nonTor_P2P_BitTorrent_none_1.pcap.TCP_10-152-152-11_46682_88-87-3-87_15760_stream_0.pcap,tcp_0,tcp,0,BitTorrent,nonTor,P2P,BitTorrent
nonTor_P2P_BitTorrent_none_1.pcap.TCP_10-152-152-11_38960_188-138-134-21_47686_stream_0.pcap,tcp_0,tcp,0,BitTorrent,nonTor,P2P,BitTorrent
nonTor_P2P_BitTorrent_none_1.pcap.TCP_10-152-152-11_43115_182-185-123-255_58376_stream_0.pcap,tcp_0,tcp,0,BitTorrent,nonTor,P2P,BitTorrent
nonTor_P2P_BitTorrent_none_1.pcap.TCP_10-152-152-11_38201_188-124-205-49_22654_stream_0.pcap,tcp_0,tcp,0,BitTorrent,nonTor,P2P,BitTorrent
nonTor_P2P_BitTorrent_none_1.pcap.TCP_10-152-152-11_39020_51-254-246-65_50106_stream_0.pcap,tcp_0,tcp,0,BitTorrent,nonTor,P2P,BitTorrent
nonTor_P2P_BitTorrent_none_1.pcap.TCP_1-122-218-7_46023_10-152-152-11_37494_stream_0.pcap,tcp_0,tcp,0,BitTorrent,nonTor,P2P,BitTorrent
nonTor_P2P_BitTorrent_none_1.pcap.TCP_10-152-152-11_39698_124-82-57-157_51399_stream_0.pcap,tcp_0,tcp,0,BitTorrent,nonTor,P2P,BitTorrent
Tor_P2P_BitTorrent_none_5.salvaged.pcap.TCP_74-217-78-189_80_131-202-240-87_4153_stream_0.pcap,tcp_0,tcp,0,BitTorrent,Tor,P2P,BitTorrent
nonTor_FileTransfer_SFTP_none_1.pcap.TCP_10-152-152-11_38895_75-101-155-12_22_stream_0.pcap,tcp_0,tcp,0,SFTP,nonTor,FileTransfer,SFTP
nonTor_FileTransfer_SFTP_none_1.pcap.TCP_10-152-152-10_9052_10-152-152-11_34136_stream_0.pcap,tcp_0,tcp,0,SFTP,nonTor,FileTransfer,SFTP
nonTor_FileTransfer_SFTP_none_1.pcap.TCP_10-152-152-11_40749_75-101-155-12_22_stream_0.pcap,tcp_0,tcp,0,SFTP,nonTor,FileTransfer,SFTP
nonTor_FileTransfer_SFTP_none_1.pcap.TCP_10-152-152-11_38545_75-101-155-12_22_stream_0.pcap,tcp_0,tcp,0,SFTP,nonTor,FileTransfer,SFTP
nonTor_FileTransfer_SFTP_none_1.pcap.TCP_10-152-152-11_59118_75-101-155-12_22_stream_0.pcap,tcp_0,tcp,0,SFTP,nonTor,FileTransfer,SFTP
nonTor_FileTransfer_SFTP_none_1.pcap.TCP_10-152-152-11_34811_75-101-155-12_22_stream_0.pcap,tcp_0,tcp,0,SFTP,nonTor,FileTransfer,SFTP
nonTor_FileTransfer_SFTP_none_1.pcap.TCP_10-152-152-10_9052_10-152-152-11_34134_stream_0.pcap,tcp_0,tcp,0,SFTP,nonTor,FileTransfer,SFTP
nonTor_FileTransfer_SFTP_none_1.pcap.TCP_10-152-152-11_43630_75-101-155-12_22_stream_0.pcap,tcp_0,tcp,0,SFTP,nonTor,FileTransfer,SFTP
Tor_FileTransfer_SFTP_none_1.pcap.TCP_10-0-2-15_36922_198-52-200-39_443_stream_0.pcap,tcp_0,tcp,0,SFTP,Tor,FileTransfer,SFTP
nonTor_FileTransfer_SFTP_none_1.pcap.TCP_10-152-152-11_56097_75-101-155-12_22_stream_0.pcap,tcp_0,tcp,0,SFTP,nonTor,FileTransfer,SFTP
nonTor_FileTransfer_SFTP_none_1.pcap.TCP_10-152-152-11_60846_75-101-155-12_22_stream_0.pcap,tcp_0,tcp,0,SFTP,nonTor,FileTransfer,SFTP
nonTor_VoIP_Skype_audio_1.pcap.UDP_10-152-152-11_3697_81-149-50-95_18097_stream_0.pcap,udp_0,udp,0,Skype,nonTor,VoIP,Skype
nonTor_VoIP_Skype_audio_2.pcap.UDP_10-152-152-11_24007_178-162-93-227_33287_stream_0.pcap,udp_0,udp,0,Skype,nonTor,VoIP,Skype
nonTor_VoIP_Skype_audio_2.pcap.UDP_10-152-152-11_24007_179-177-56-182_16629_stream_0.pcap,udp_0,udp,0,Skype,nonTor,VoIP,Skype
nonTor_VoIP_Skype_audio_2.pcap.UDP_10-152-152-11_24007_109-201-208-247_27562_stream_0.pcap,udp_0,udp,0,Skype,nonTor,VoIP,Skype
nonTor_VoIP_Skype_audio_1.pcap.UDP_10-152-152-11_3697_213-199-179-153_443_stream_0.pcap,udp_0,udp,0,Skype,nonTor,VoIP,Skype
nonTor_VoIP_Skype_audio_2.pcap.UDP_10-152-152-11_24007_85-157-40-55_16297_stream_0.pcap,udp_0,udp,0,Skype,nonTor,VoIP,Skype
nonTor_VoIP_Skype_audio_1.pcap.TCP_10-152-152-11_55468_88-161-159-56_8759_stream_0.pcap,tcp_0,tcp,0,Skype,nonTor,VoIP,Skype
nonTor_VoIP_Skype_audio_1.pcap.UDP_10-152-152-11_3697_216-186-242-3_22076_stream_0.pcap,udp_0,udp,0,Skype,nonTor,VoIP,Skype
nonTor_VoIP_Skype_audio_2.pcap.TCP_10-152-152-11_55618_91-190-218-212_13392_stream_0.pcap,tcp_0,tcp,0,Skype,nonTor,VoIP,Skype
nonTor_VoIP_Skype_audio_1.pcap.UDP_10-152-152-11_3697_157-55-56-168_443_stream_0.pcap,udp_0,udp,0,Skype,nonTor,VoIP,Skype
nonTor_VoIP_Skype_audio_2.pcap.UDP_10-152-152-11_24007_213-89-192-23_32975_stream_0.pcap,udp_0,udp,0,Skype,nonTor,VoIP,Skype
nonTor_VoIP_Skype_audio_1.pcap.UDP_10-152-152-11_3697_141-255-84-210_44939_stream_0.pcap,udp_0,udp,0,Skype,nonTor,VoIP,Skype
nonTor_VoIP_Skype_audio_1.pcap.UDP_10-152-152-11_3697_157-55-130-146_443_stream_0.pcap,udp_0,udp,0,Skype,nonTor,VoIP,Skype
nonTor_FileTransfer_Skype_file_1.pcap.TCP_10-152-152-11_57823_72-52-169-215_47270_stream_0.pcap,tcp_0,tcp,0,Skype,nonTor,FileTransfer,Skype
nonTor_VoIP_Skype_audio_2.pcap.TCP_10-152-152-11_58378_188-190-199-186_16637_stream_0.pcap,tcp_0,tcp,0,Skype,nonTor,VoIP,Skype
nonTor_VoIP_Skype_audio_1.pcap.UDP_10-152-152-11_3697_197-242-101-212_53455_stream_0.pcap,udp_0,udp,0,Skype,nonTor,VoIP,Skype
nonTor_VoIP_Skype_audio_2.pcap.UDP_10-152-152-11_24007_157-55-235-142_443_stream_0.pcap,udp_0,udp,0,Skype,nonTor,VoIP,Skype
nonTor_VoIP_Skype_audio_1.pcap.TCP_10-152-152-11_52391_130-204-83-69_63365_stream_0.pcap,tcp_0,tcp,0,Skype,nonTor,VoIP,Skype
nonTor_VoIP_Skype_audio_1.pcap.UDP_10-152-152-11_3697_65-34-171-38_60576_stream_0.pcap,udp_0,udp,0,Skype,nonTor,VoIP,Skype
nonTor_VoIP_Skype_audio_1.pcap.TCP_10-152-152-11_40969_72-194-118-166_53709_stream_0.pcap,tcp_0,tcp,0,Skype,nonTor,VoIP,Skype
nonTor_VoIP_Skype_audio_2.pcap.UDP_10-152-152-11_24007_178-151-117-205_61184_stream_0.pcap,udp_0,udp,0,Skype,nonTor,VoIP,Skype
nonTor_VoIP_Skype_audio_1.pcap.TCP_10-152-152-11_50027_141-237-68-173_56466_stream_0.pcap,tcp_0,tcp,0,Skype,nonTor,VoIP,Skype
nonTor_VoIP_Skype_audio_2.pcap.TCP_10-152-152-11_56242_90-146-187-90_44563_stream_0.pcap,tcp_0,tcp,0,Skype,nonTor,VoIP,Skype
nonTor_VoIP_Skype_audio_2.pcap.TCP_10-152-152-11_47058_130-204-89-233_3581_stream_0.pcap,tcp_0,tcp,0,Skype,nonTor,VoIP,Skype
nonTor_VoIP_Skype_audio_1.pcap.TCP_10-152-152-11_53758_78-232-5-123_19151_stream_0.pcap,tcp_0,tcp,0,Skype,nonTor,VoIP,Skype
nonTor_VoIP_Skype_audio_1.pcap.TCP_10-152-152-11_35332_97-106-136-240_53201_stream_0.pcap,tcp_0,tcp,0,Skype,nonTor,VoIP,Skype
nonTor_VoIP_Skype_audio_2.pcap.UDP_10-152-152-11_24007_85-122-93-184_52180_stream_0.pcap,udp_0,udp,0,Skype,nonTor,VoIP,Skype
nonTor_VoIP_Skype_audio_2.pcap.UDP_5-34-22-172_25806_10-152-152-11_24007_stream_0.pcap,udp_0,udp,0,Skype,nonTor,VoIP,Skype
nonTor_VoIP_Skype_audio_2.pcap.UDP_10-152-152-11_24007_80-193-25-170_40661_stream_0.pcap,udp_0,udp,0,Skype,nonTor,VoIP,Skype
nonTor_VoIP_Skype_audio_2.pcap.TCP_10-152-152-11_38049_128-74-93-227_44103_stream_0.pcap,tcp_0,tcp,0,Skype,nonTor,VoIP,Skype
nonTor_VoIP_Skype_audio_1.pcap.UDP_10-152-152-11_3697_213-199-179-155_443_stream_0.pcap,udp_0,udp,0,Skype,nonTor,VoIP,Skype
nonTor_VoIP_Skype_audio_1.pcap.UDP_10-152-152-11_3697_98-246-183-38_47722_stream_0.pcap,udp_0,udp,0,Skype,nonTor,VoIP,Skype
nonTor_VoIP_Skype_audio_2.pcap.TCP_10-152-152-11_40958_130-89-21-195_33051_stream_0.pcap,tcp_0,tcp,0,Skype,nonTor,VoIP,Skype
nonTor_VoIP_Skype_audio_1.pcap.TCP_10-152-152-11_53465_67-253-124-117_58337_stream_0.pcap,tcp_0,tcp,0,Skype,nonTor,VoIP,Skype
nonTor_VoIP_Skype_audio_2.pcap.UDP_10-152-152-11_24007_178-34-158-78_8296_stream_0.pcap,udp_0,udp,0,Skype,nonTor,VoIP,Skype
nonTor_VoIP_Skype_audio_1.pcap.TCP_10-152-152-11_55422_134-249-239-237_5700_stream_0.pcap,tcp_0,tcp,0,Skype,nonTor,VoIP,Skype
nonTor_VoIP_Skype_audio_1.pcap.TCP_10-152-152-11_39716_88-170-167-243_47964_stream_0.pcap,tcp_0,tcp,0,Skype,nonTor,VoIP,Skype
nonTor_FileTransfer_Skype_file_1.pcap.UDP_10-152-152-11_3697_68-98-162-69_3644_stream_0.pcap,udp_0,udp,0,Skype,nonTor,FileTransfer,Skype
nonTor_FileTransfer_Skype_file_1.pcap.UDP_10-152-152-11_3697_81-88-118-30_30690_stream_0.pcap,udp_0,udp,0,Skype,nonTor,FileTransfer,Skype
nonTor_VoIP_Skype_audio_2.pcap.UDP_10-152-152-11_24007_212-28-88-73_18458_stream_0.pcap,udp_0,udp,0,Skype,nonTor,VoIP,Skype
nonTor_VoIP_Skype_audio_1.pcap.TCP_10-152-152-11_55647_173-49-166-161_57260_stream_0.pcap,tcp_0,tcp,0,Skype,nonTor,VoIP,Skype
nonTor_VoIP_Skype_audio_1.pcap.TCP_10-152-152-11_35415_72-193-242-244_43998_stream_0.pcap,tcp_0,tcp,0,Skype,nonTor,VoIP,Skype
nonTor_VoIP_Skype_audio_1.pcap.UDP_10-152-152-11_3697_70-188-142-165_62889_stream_0.pcap,udp_0,udp,0,Skype,nonTor,VoIP,Skype
nonTor_VoIP_Skype_audio_1.pcap.TCP_10-152-152-11_55988_84-29-210-235_46680_stream_0.pcap,tcp_0,tcp,0,Skype,nonTor,VoIP,Skype
nonTor_VoIP_Skype_audio_2.pcap.UDP_10-152-152-11_24007_91-243-102-84_37870_stream_0.pcap,udp_0,udp,0,Skype,nonTor,VoIP,Skype
nonTor_VoIP_Skype_audio_1.pcap.TCP_10-152-152-11_49202_69-47-205-44_42737_stream_0.pcap,tcp_0,tcp,0,Skype,nonTor,VoIP,Skype
nonTor_VoIP_Skype_audio_2.pcap.UDP_10-152-152-11_24007_71-202-118-53_24763_stream_0.pcap,udp_0,udp,0,Skype,nonTor,VoIP,Skype
nonTor_VoIP_Skype_audio_1.pcap.UDP_10-152-152-11_3697_94-159-150-75_24488_stream_0.pcap,udp_0,udp,0,Skype,nonTor,VoIP,Skype
nonTor_VoIP_Skype_audio_1.pcap.TCP_10-152-152-11_59400_73-158-132-251_64524_stream_0.pcap,tcp_0,tcp,0,Skype,nonTor,VoIP,Skype
nonTor_VoIP_Skype_audio_1.pcap.TCP_10-152-152-11_45406_69-180-71-54_50667_stream_0.pcap,tcp_0,tcp,0,Skype,nonTor,VoIP,Skype
nonTor_VoIP_Skype_audio_1.pcap.TCP_10-152-152-11_47768_72-225-209-38_15291_stream_0.pcap,tcp_0,tcp,0,Skype,nonTor,VoIP,Skype
nonTor_VoIP_Skype_audio_2.pcap.UDP_10-152-152-11_24007_89-94-210-191_23594_stream_0.pcap,udp_0,udp,0,Skype,nonTor,VoIP,Skype
nonTor_VoIP_Skype_audio_1.pcap.TCP_10-152-152-11_45544_176-182-196-90_62700_stream_0.pcap,tcp_0,tcp,0,Skype,nonTor,VoIP,Skype
nonTor_Chat_Skype_none_1.pcap.UDP_10-152-152-11_3697_142-150-176-127_34592_stream_0.pcap,udp_0,udp,0,Skype,nonTor,Chat,Skype
nonTor_VoIP_Skype_audio_1.pcap.TCP_10-152-152-11_38560_141-136-197-140_39390_stream_0.pcap,tcp_0,tcp,0,Skype,nonTor,VoIP,Skype
nonTor_FileTransfer_Skype_file_1.pcap.UDP_10-152-152-11_3697_184-183-13-27_50088_stream_0.pcap,udp_0,udp,0,Skype,nonTor,FileTransfer,Skype
nonTor_FileTransfer_Skype_file_1.pcap.UDP_10-152-152-11_3697_87-7-239-104_52003_stream_0.pcap,udp_0,udp,0,Skype,nonTor,FileTransfer,Skype
nonTor_VoIP_Skype_audio_1.pcap.UDP_10-152-152-11_3697_134-249-239-237_5700_stream_0.pcap,udp_0,udp,0,Skype,nonTor,VoIP,Skype
nonTor_VoIP_Skype_audio_1.pcap.TCP_10-152-152-11_42522_70-113-84-234_3975_stream_0.pcap,tcp_0,tcp,0,Skype,nonTor,VoIP,Skype
nonTor_Chat_Skype_none_2.pcap.TCP_5-54-90-156_25955_10-152-152-11_45920_stream_0.pcap,tcp_0,tcp,0,Skype,nonTor,Chat,Skype
nonTor_VoIP_Skype_audio_1.pcap.UDP_10-152-152-11_3697_128-75-227-139_35539_stream_0.pcap,udp_0,udp,0,Skype,nonTor,VoIP,Skype
nonTor_VoIP_Skype_audio_1.pcap.TCP_10-152-152-11_34946_146-90-121-46_44546_stream_0.pcap,tcp_0,tcp,0,Skype,nonTor,VoIP,Skype
nonTor_FileTransfer_Skype_file_1.pcap.UDP_10-152-152-11_3697_84-0-169-150_53414_stream_0.pcap,udp_0,udp,0,Skype,nonTor,FileTransfer,Skype
nonTor_VoIP_Skype_audio_1.pcap.TCP_10-152-152-11_52846_68-104-164-84_46600_stream_0.pcap,tcp_0,tcp,0,Skype,nonTor,VoIP,Skype
nonTor_Chat_Skype_none_2.pcap.UDP_10-152-152-11_3697_151-51-108-28_37962_stream_0.pcap,udp_0,udp,0,Skype,nonTor,Chat,Skype
nonTor_VoIP_Skype_audio_2.pcap.UDP_10-152-152-11_24007_130-0-53-196_1631_stream_0.pcap,udp_0,udp,0,Skype,nonTor,VoIP,Skype
nonTor_FileTransfer_Skype_file_1.pcap.UDP_10-152-152-11_3697_179-111-220-134_50288_stream_0.pcap,udp_0,udp,0,Skype,nonTor,FileTransfer,Skype
nonTor_VoIP_Skype_audio_1.pcap.TCP_10-152-152-11_55771_74-65-66-61_34387_stream_0.pcap,tcp_0,tcp,0,Skype,nonTor,VoIP,Skype
nonTor_VoIP_Skype_audio_2.pcap.UDP_10-152-152-11_24007_69-51-220-14_57888_stream_0.pcap,udp_0,udp,0,Skype,nonTor,VoIP,Skype
nonTor_VoIP_Skype_audio_1.pcap.TCP_10-152-152-11_39255_82-22-55-225_13670_stream_0.pcap,tcp_0,tcp,0,Skype,nonTor,VoIP,Skype
nonTor_VoIP_Skype_audio_2.pcap.TCP_10-152-152-11_48430_128-69-173-184_24516_stream_0.pcap,tcp_0,tcp,0,Skype,nonTor,VoIP,Skype
nonTor_FileTransfer_Skype_file_1.pcap.TCP_10-152-152-10_9052_10-152-152-11_55165_stream_0.pcap,tcp_0,tcp,0,Skype,nonTor,FileTransfer,Skype
nonTor_Chat_Skype_none_2.pcap.TCP_10-152-152-11_42393_23-24-13-89_17062_stream_0.pcap,tcp_0,tcp,0,Skype,nonTor,Chat,Skype
nonTor_Chat_Skype_none_2.pcap.UDP_10-152-152-11_3697_213-199-179-153_443_stream_0.pcap,udp_0,udp,0,Skype,nonTor,Chat,Skype
nonTor_VoIP_Skype_audio_1.pcap.TCP_10-152-152-10_9052_10-152-152-11_39950_stream_0.pcap,tcp_0,tcp,0,Skype,nonTor,VoIP,Skype
nonTor_Chat_Skype_none_1.pcap.UDP_10-152-152-11_3697_157-55-130-145_443_stream_0.pcap,udp_0,udp,0,Skype,nonTor,Chat,Skype
nonTor_FileTransfer_Skype_file_1.pcap.UDP_10-152-152-11_3697_188-226-74-106_16900_stream_0.pcap,udp_0,udp,0,Skype,nonTor,FileTransfer,Skype
nonTor_VoIP_Skype_audio_2.pcap.UDP_10-152-152-11_24007_77-97-250-113_22750_stream_0.pcap,udp_0,udp,0,Skype,nonTor,VoIP,Skype
nonTor_VoIP_Skype_audio_2.pcap.UDP_10-152-152-11_24007_82-43-174-187_9661_stream_0.pcap,udp_0,udp,0,Skype,nonTor,VoIP,Skype
nonTor_VoIP_Skype_audio_1.pcap.TCP_10-152-152-11_53510_90-196-102-223_23528_stream_0.pcap,tcp_0,tcp,0,Skype,nonTor,VoIP,Skype
nonTor_VoIP_Skype_audio_2.pcap.TCP_10-152-152-11_41098_213-169-191-65_4455_stream_0.pcap,tcp_0,tcp,0,Skype,nonTor,VoIP,Skype
nonTor_VoIP_Skype_audio_1.pcap.TCP_10-152-152-11_33821_173-48-214-193_13539_stream_0.pcap,tcp_0,tcp,0,Skype,nonTor,VoIP,Skype
nonTor_FileTransfer_Skype_file_1.pcap.TCP_10-152-152-11_58288_68-131-47-235_28758_stream_0.pcap,tcp_0,tcp,0,Skype,nonTor,FileTransfer,Skype
nonTor_VoIP_Skype_audio_1.pcap.TCP_10-152-152-11_43607_71-47-61-43_20358_stream_0.pcap,tcp_0,tcp,0,Skype,nonTor,VoIP,Skype
nonTor_VoIP_Skype_audio_2.pcap.TCP_10-152-152-11_46399_173-65-70-166_47092_stream_0.pcap,tcp_0,tcp,0,Skype,nonTor,VoIP,Skype
nonTor_Chat_Skype_none_2.pcap.UDP_10-152-152-11_3697_108-39-88-214_7106_stream_0.pcap,udp_0,udp,0,Skype,nonTor,Chat,Skype
nonTor_FileTransfer_Skype_file_1.pcap.UDP_10-152-152-11_3697_68-3-153-53_27663_stream_0.pcap,udp_0,udp,0,Skype,nonTor,FileTransfer,Skype
nonTor_FileTransfer_Skype_file_1.pcap.UDP_10-152-152-11_3697_68-116-192-219_55793_stream_0.pcap,udp_0,udp,0,Skype,nonTor,FileTransfer,Skype
nonTor_VoIP_Skype_audio_1.pcap.TCP_10-152-152-11_58360_24-147-67-47_63313_stream_0.pcap,tcp_0,tcp,0,Skype,nonTor,VoIP,Skype
nonTor_VoIP_Skype_audio_1.pcap.TCP_10-152-152-11_56260_173-27-132-48_25330_stream_0.pcap,tcp_0,tcp,0,Skype,nonTor,VoIP,Skype
nonTor_VoIP_Skype_audio_2.pcap.UDP_10-152-152-11_24007_157-56-52-30_443_stream_0.pcap,udp_0,udp,0,Skype,nonTor,VoIP,Skype
nonTor_VoIP_Skype_audio_1.pcap.TCP_10-152-152-11_47791_66-166-56-202_37154_stream_0.pcap,tcp_0,tcp,0,Skype,nonTor,VoIP,Skype
nonTor_VoIP_Skype_audio_2.pcap.UDP_10-152-152-11_24007_157-56-52-14_443_stream_0.pcap,udp_0,udp,0,Skype,nonTor,VoIP,Skype
nonTor_VoIP_Skype_audio_1.pcap.TCP_10-152-152-11_39883_74-138-215-196_7013_stream_0.pcap,tcp_0,tcp,0,Skype,nonTor,VoIP,Skype
nonTor_FileTransfer_Skype_file_1.pcap.UDP_5-57-185-103_57008_10-152-152-11_3697_stream_0.pcap,udp_0,udp,0,Skype,nonTor,FileTransfer,Skype
nonTor_VoIP_Skype_audio_2.pcap.TCP_10-152-152-11_50874_134-93-171-47_3453_stream_0.pcap,tcp_0,tcp,0,Skype,nonTor,VoIP,Skype
nonTor_VoIP_Skype_audio_1.pcap.UDP_10-152-152-11_3697_157-55-235-161_443_stream_0.pcap,udp_0,udp,0,Skype,nonTor,VoIP,Skype
nonTor_VoIP_Skype_audio_1.pcap.UDP_10-152-152-11_3697_130-204-126-97_25670_stream_0.pcap,udp_0,udp,0,Skype,nonTor,VoIP,Skype
nonTor_VoIP_Skype_audio_1.pcap.UDP_10-152-152-11_3697_157-55-235-165_443_stream_0.pcap,udp_0,udp,0,Skype,nonTor,VoIP,Skype
nonTor_VoIP_Skype_audio_2.pcap.TCP_10-152-152-11_32977_136-169-183-117_48521_stream_0.pcap,tcp_0,tcp,0,Skype,nonTor,VoIP,Skype
nonTor_VoIP_Skype_audio_2.pcap.TCP_10-152-152-11_58454_136-169-24-197_29243_stream_0.pcap,tcp_0,tcp,0,Skype,nonTor,VoIP,Skype
nonTor_VoIP_Skype_audio_1.pcap.TCP_10-152-152-11_43924_87-114-54-2_5094_stream_0.pcap,tcp_0,tcp,0,Skype,nonTor,VoIP,Skype
nonTor_VoIP_Skype_audio_1.pcap.UDP_10-152-152-11_3697_123-24-17-219_17355_stream_0.pcap,udp_0,udp,0,Skype,nonTor,VoIP,Skype
nonTor_Chat_Skype_none_2.pcap.UDP_10-152-152-11_3697_111-221-77-167_443_stream_0.pcap,udp_0,udp,0,Skype,nonTor,Chat,Skype
nonTor_VoIP_Skype_audio_1.pcap.TCP_10-152-152-11_35354_109-17-114-166_15047_stream_0.pcap,tcp_0,tcp,0,Skype,nonTor,VoIP,Skype
nonTor_VoIP_Skype_audio_1.pcap.UDP_10-152-152-11_3697_157-55-235-149_443_stream_0.pcap,udp_0,udp,0,Skype,nonTor,VoIP,Skype
nonTor_VoIP_Skype_audio_1.pcap.UDP_10-152-152-11_3697_213-199-179-149_443_stream_0.pcap,udp_0,udp,0,Skype,nonTor,VoIP,Skype
nonTor_VoIP_Skype_audio_2.pcap.UDP_10-152-152-11_24007_130-88-113-27_9211_stream_0.pcap,udp_0,udp,0,Skype,nonTor,VoIP,Skype
nonTor_VoIP_Skype_audio_1.pcap.UDP_10-152-152-11_3697_65-55-223-33_443_stream_0.pcap,udp_0,udp,0,Skype,nonTor,VoIP,Skype
nonTor_VoIP_Skype_audio_1.pcap.UDP_10-152-152-11_3697_111-221-77-145_443_stream_0.pcap,udp_0,udp,0,Skype,nonTor,VoIP,Skype
nonTor_FileTransfer_Skype_file_1.pcap.TCP_10-152-152-10_9104_10-152-152-11_47815_stream_0.pcap,tcp_0,tcp,0,Skype,nonTor,FileTransfer,Skype
nonTor_VoIP_Skype_audio_2.pcap.UDP_10-152-152-11_24007_173-49-116-231_3194_stream_0.pcap,udp_0,udp,0,Skype,nonTor,VoIP,Skype
nonTor_VoIP_Skype_audio_2.pcap.UDP_10-152-152-11_24007_157-56-52-41_443_stream_0.pcap,udp_0,udp,0,Skype,nonTor,VoIP,Skype
nonTor_VoIP_Skype_audio_2.pcap.UDP_10-152-152-11_24007_81-191-20-62_29703_stream_0.pcap,udp_0,udp,0,Skype,nonTor,VoIP,Skype
nonTor_VoIP_Skype_audio_2.pcap.UDP_10-152-152-11_24007_111-221-77-154_443_stream_0.pcap,udp_0,udp,0,Skype,nonTor,VoIP,Skype
nonTor_FileTransfer_Skype_file_1.pcap.TCP_10-152-152-11_57849_72-52-169-215_47270_stream_0.pcap,tcp_0,tcp,0,Skype,nonTor,FileTransfer,Skype
nonTor_VoIP_Skype_audio_1.pcap.TCP_10-152-152-11_39047_72-195-156-158_33615_stream_0.pcap,tcp_0,tcp,0,Skype,nonTor,VoIP,Skype
nonTor_VoIP_Skype_audio_1.pcap.TCP_10-152-152-11_42203_88-219-248-248_5700_stream_0.pcap,tcp_0,tcp,0,Skype,nonTor,VoIP,Skype
nonTor_VoIP_Skype_audio_1.pcap.UDP_10-152-152-11_3697_128-73-170-23_22255_stream_0.pcap,udp_0,udp,0,Skype,nonTor,VoIP,Skype
nonTor_Chat_Skype_none_1.pcap.UDP_10-152-152-11_3697_115-39-103-233_42132_stream_0.pcap,udp_0,udp,0,Skype,nonTor,Chat,Skype
nonTor_Chat_Skype_none_2.pcap.UDP_10-152-152-11_3697_111-221-77-155_443_stream_0.pcap,udp_0,udp,0,Skype,nonTor,Chat,Skype
nonTor_FileTransfer_Skype_file_1.pcap.UDP_10-152-152-11_3697_65-55-223-18_443_stream_0.pcap,udp_0,udp,0,Skype,nonTor,FileTransfer,Skype
nonTor_VoIP_Skype_audio_2.pcap.UDP_10-152-152-11_24007_86-69-104-170_22525_stream_0.pcap,udp_0,udp,0,Skype,nonTor,VoIP,Skype
nonTor_VoIP_Skype_audio_1.pcap.TCP_2-37-154-239_62900_10-152-152-11_52885_stream_0.pcap,tcp_0,tcp,0,Skype,nonTor,VoIP,Skype
nonTor_FileTransfer_Skype_file_1.pcap.UDP_10-152-152-11_3697_90-52-225-161_38535_stream_0.pcap,udp_0,udp,0,Skype,nonTor,FileTransfer,Skype
nonTor_VoIP_Skype_audio_2.pcap.UDP_10-152-152-11_24007_76-178-182-48_4781_stream_0.pcap,udp_0,udp,0,Skype,nonTor,VoIP,Skype
nonTor_VoIP_Skype_audio_1.pcap.TCP_10-152-152-11_60246_174-16-84-176_13857_stream_0.pcap,tcp_0,tcp,0,Skype,nonTor,VoIP,Skype
nonTor_VoIP_Skype_audio_2.pcap.UDP_10-152-152-11_24007_184-160-226-112_14221_stream_0.pcap,udp_0,udp,0,Skype,nonTor,VoIP,Skype
nonTor_FileTransfer_Skype_file_1.pcap.UDP_10-152-152-11_3697_157-55-130-162_443_stream_0.pcap,udp_0,udp,0,Skype,nonTor,FileTransfer,Skype
nonTor_FileTransfer_Skype_file_1.pcap.TCP_10-152-152-10_9104_10-152-152-11_47811_stream_0.pcap,tcp_0,tcp,0,Skype,nonTor,FileTransfer,Skype
nonTor_VoIP_Skype_audio_2.pcap.UDP_10-152-152-11_24007_111-221-74-14_443_stream_0.pcap,udp_0,udp,0,Skype,nonTor,VoIP,Skype
nonTor_VoIP_Skype_audio_2.pcap.UDP_10-152-152-11_24007_88-195-218-14_42816_stream_0.pcap,udp_0,udp,0,Skype,nonTor,VoIP,Skype
nonTor_VoIP_Skype_audio_1.pcap.TCP_10-152-152-11_40511_159-118-251-24_22498_stream_0.pcap,tcp_0,tcp,0,Skype,nonTor,VoIP,Skype
nonTor_VoIP_Skype_audio_1.pcap.UDP_10-152-152-11_3697_100-3-36-140_9918_stream_0.pcap,udp_0,udp,0,Skype,nonTor,VoIP,Skype
nonTor_VoIP_Skype_audio_2.pcap.UDP_10-152-152-11_24007_213-199-179-153_443_stream_0.pcap,udp_0,udp,0,Skype,nonTor,VoIP,Skype
nonTor_FileTransfer_Skype_file_1.pcap.TCP_10-152-152-11_58313_68-131-47-235_28758_stream_0.pcap,tcp_0,tcp,0,Skype,nonTor,FileTransfer,Skype
nonTor_VoIP_Skype_audio_1.pcap.TCP_10-152-152-11_51028_151-224-170-67_30709_stream_0.pcap,tcp_0,tcp,0,Skype,nonTor,VoIP,Skype
nonTor_VoIP_Skype_audio_1.pcap.TCP_10-152-152-11_45465_71-200-175-184_3254_stream_0.pcap,tcp_0,tcp,0,Skype,nonTor,VoIP,Skype
nonTor_VoIP_Skype_audio_1.pcap.TCP_10-152-152-11_56949_50-129-52-243_37807_stream_0.pcap,tcp_0,tcp,0,Skype,nonTor,VoIP,Skype
nonTor_FileTransfer_Skype_file_1.pcap.UDP_10-152-152-11_3697_70-48-65-90_4307_stream_0.pcap,udp_0,udp,0,Skype,nonTor,FileTransfer,Skype
nonTor_VoIP_Skype_audio_2.pcap.UDP_10-152-152-11_24007_82-183-27-192_25960_stream_0.pcap,udp_0,udp,0,Skype,nonTor,VoIP,Skype
nonTor_VoIP_Skype_audio_1.pcap.UDP_10-152-152-11_3697_111-221-74-15_443_stream_0.pcap,udp_0,udp,0,Skype,nonTor,VoIP,Skype
nonTor_FileTransfer_Skype_file_1.pcap.UDP_10-152-152-11_3697_93-76-51-93_47207_stream_0.pcap,udp_0,udp,0,Skype,nonTor,FileTransfer,Skype
nonTor_VoIP_Skype_audio_1.pcap.TCP_10-152-152-11_34175_82-52-182-212_42706_stream_0.pcap,tcp_0,tcp,0,Skype,nonTor,VoIP,Skype
nonTor_VoIP_Skype_audio_2.pcap.UDP_10-152-152-11_24007_24-251-45-232_28391_stream_0.pcap,udp_0,udp,0,Skype,nonTor,VoIP,Skype
nonTor_VoIP_Skype_audio_1.pcap.UDP_10-152-152-11_3697_157-55-130-162_443_stream_0.pcap,udp_0,udp,0,Skype,nonTor,VoIP,Skype
nonTor_VoIP_Skype_audio_1.pcap.UDP_10-152-152-11_3697_174-48-74-235_2043_stream_0.pcap,udp_0,udp,0,Skype,nonTor,VoIP,Skype
nonTor_VoIP_Skype_audio_1.pcap.TCP_10-152-152-11_51908_173-29-252-254_6432_stream_0.pcap,tcp_0,tcp,0,Skype,nonTor,VoIP,Skype
nonTor_Chat_Skype_none_1.pcap.UDP_10-152-152-11_3697_157-55-130-174_443_stream_0.pcap,udp_0,udp,0,Skype,nonTor,Chat,Skype
nonTor_VoIP_Skype_audio_2.pcap.UDP_10-152-152-11_24007_74-70-95-198_36979_stream_0.pcap,udp_0,udp,0,Skype,nonTor,VoIP,Skype
nonTor_VoIP_Skype_audio_2.pcap.UDP_10-152-152-11_24007_83-6-36-133_5326_stream_0.pcap,udp_0,udp,0,Skype,nonTor,VoIP,Skype
nonTor_VoIP_Skype_audio_1.pcap.TCP_10-152-152-11_37365_24-14-144-247_24195_stream_0.pcap,tcp_0,tcp,0,Skype,nonTor,VoIP,Skype
nonTor_FileTransfer_Skype_file_1.pcap.UDP_10-152-152-11_3697_142-1-53-6_30423_stream_0.pcap,udp_0,udp,0,Skype,nonTor,FileTransfer,Skype
nonTor_Chat_Skype_none_1.pcap.UDP_10-152-152-11_3697_176-8-0-73_40489_stream_0.pcap,udp_0,udp,0,Skype,nonTor,Chat,Skype
nonTor_VoIP_Skype_audio_1.pcap.UDP_10-152-152-11_3697_65-55-223-20_443_stream_0.pcap,udp_0,udp,0,Skype,nonTor,VoIP,Skype
nonTor_VoIP_Skype_audio_2.pcap.UDP_2-60-185-221_23455_10-152-152-11_24007_stream_0.pcap,udp_0,udp,0,Skype,nonTor,VoIP,Skype
nonTor_VoIP_Skype_audio_1.pcap.TCP_5-147-37-189_18035_10-152-152-11_47705_stream_0.pcap,tcp_0,tcp,0,Skype,nonTor,VoIP,Skype
nonTor_Chat_Skype_none_1.pcap.UDP_10-152-152-11_3697_68-105-234-38_41903_stream_0.pcap,udp_0,udp,0,Skype,nonTor,Chat,Skype
nonTor_VoIP_Skype_audio_1.pcap.TCP_10-152-152-11_42038_174-61-21-240_36506_stream_0.pcap,tcp_0,tcp,0,Skype,nonTor,VoIP,Skype
nonTor_VoIP_Skype_audio_1.pcap.UDP_10-152-152-11_3697_108-23-42-55_54563_stream_0.pcap,udp_0,udp,0,Skype,nonTor,VoIP,Skype
nonTor_Chat_Skype_none_1.pcap.UDP_10-152-152-11_3697_111-221-77-145_443_stream_0.pcap,udp_0,udp,0,Skype,nonTor,Chat,Skype
nonTor_VoIP_Skype_audio_1.pcap.TCP_10-152-152-11_50389_188-77-195-89_22230_stream_0.pcap,tcp_0,tcp,0,Skype,nonTor,VoIP,Skype
nonTor_VoIP_Skype_audio_2.pcap.UDP_10-152-152-11_24007_213-199-179-155_443_stream_0.pcap,udp_0,udp,0,Skype,nonTor,VoIP,Skype
nonTor_VoIP_Skype_audio_2.pcap.TCP_10-152-152-11_50249_131-155-229-6_33149_stream_0.pcap,tcp_0,tcp,0,Skype,nonTor,VoIP,Skype
nonTor_VoIP_Skype_audio_1.pcap.UDP_10-152-152-11_3697_157-55-235-171_443_stream_0.pcap,udp_0,udp,0,Skype,nonTor,VoIP,Skype
nonTor_Chat_Skype_none_2.pcap.UDP_10-152-152-11_3697_86-213-72-20_32217_stream_0.pcap,udp_0,udp,0,Skype,nonTor,Chat,Skype
nonTor_VoIP_Skype_audio_1.pcap.UDP_10-152-152-11_3697_157-55-235-175_443_stream_0.pcap,udp_0,udp,0,Skype,nonTor,VoIP,Skype
nonTor_VoIP_Skype_audio_1.pcap.TCP_10-152-152-11_51157_74-71-231-42_4969_stream_0.pcap,tcp_0,tcp,0,Skype,nonTor,VoIP,Skype
nonTor_VoIP_Skype_audio_1.pcap.TCP_10-152-152-11_58881_193-154-246-6_11463_stream_0.pcap,tcp_0,tcp,0,Skype,nonTor,VoIP,Skype
nonTor_VoIP_Skype_audio_2.pcap.UDP_10-152-152-11_24007_111-221-77-169_443_stream_0.pcap,udp_0,udp,0,Skype,nonTor,VoIP,Skype
nonTor_FileTransfer_Skype_file_1.pcap.UDP_10-152-152-11_3697_68-50-201-160_19924_stream_0.pcap,udp_0,udp,0,Skype,nonTor,FileTransfer,Skype
nonTor_Chat_Skype_none_1.pcap.UDP_10-152-152-11_3697_68-149-212-17_43949_stream_0.pcap,udp_0,udp,0,Skype,nonTor,Chat,Skype
nonTor_FileTransfer_Skype_file_1.pcap.UDP_10-152-152-11_3697_65-55-223-43_443_stream_0.pcap,udp_0,udp,0,Skype,nonTor,FileTransfer,Skype
nonTor_VoIP_Skype_audio_2.pcap.UDP_10-152-152-11_24007_68-35-139-171_26250_stream_0.pcap,udp_0,udp,0,Skype,nonTor,VoIP,Skype
nonTor_VoIP_Skype_audio_1.pcap.TCP_10-152-152-11_53519_93-186-169-199_52134_stream_0.pcap,tcp_0,tcp,0,Skype,nonTor,VoIP,Skype
nonTor_VoIP_Skype_audio_2.pcap.UDP_10-152-152-11_24007_74-77-10-141_34092_stream_0.pcap,udp_0,udp,0,Skype,nonTor,VoIP,Skype
nonTor_VoIP_Skype_audio_1.pcap.UDP_10-152-152-11_3697_165-120-84-82_12171_stream_0.pcap,udp_0,udp,0,Skype,nonTor,VoIP,Skype
nonTor_VoIP_Skype_audio_2.pcap.UDP_10-152-152-11_24007_141-225-9-175_55091_stream_0.pcap,udp_0,udp,0,Skype,nonTor,VoIP,Skype
nonTor_FileTransfer_Skype_file_1.pcap.UDP_10-152-152-11_3697_189-130-119-75_14712_stream_0.pcap,udp_0,udp,0,Skype,nonTor,FileTransfer,Skype
nonTor_VoIP_Skype_audio_2.pcap.UDP_10-152-152-11_24007_190-42-161-148_48576_stream_0.pcap,udp_0,udp,0,Skype,nonTor,VoIP,Skype
nonTor_VoIP_Skype_audio_2.pcap.TCP_10-152-152-11_43612_151-249-131-19_16035_stream_0.pcap,tcp_0,tcp,0,Skype,nonTor,VoIP,Skype
nonTor_VoIP_Skype_audio_1.pcap.TCP_10-152-152-11_50388_188-77-195-89_22230_stream_0.pcap,tcp_0,tcp,0,Skype,nonTor,VoIP,Skype
nonTor_Chat_Skype_none_2.pcap.UDP_10-152-152-11_3697_185-43-189-45_28994_stream_0.pcap,udp_0,udp,0,Skype,nonTor,Chat,Skype
nonTor_Chat_Skype_none_2.pcap.UDP_10-152-152-11_3697_174-60-37-116_1545_stream_0.pcap,udp_0,udp,0,Skype,nonTor,Chat,Skype
nonTor_VoIP_Skype_audio_1.pcap.TCP_10-152-152-11_60681_130-204-202-130_19042_stream_0.pcap,tcp_0,tcp,0,Skype,nonTor,VoIP,Skype
nonTor_VoIP_Skype_audio_1.pcap.TCP_10-152-152-11_39345_82-85-117-22_16877_stream_0.pcap,tcp_0,tcp,0,Skype,nonTor,VoIP,Skype
nonTor_FileTransfer_Skype_file_1.pcap.UDP_10-152-152-11_3697_213-199-179-162_443_stream_0.pcap,udp_0,udp,0,Skype,nonTor,FileTransfer,Skype
nonTor_VoIP_Skype_audio_2.pcap.UDP_10-152-152-11_24007_99-235-144-152_15180_stream_0.pcap,udp_0,udp,0,Skype,nonTor,VoIP,Skype
nonTor_VoIP_Skype_audio_1.pcap.TCP_10-152-152-11_54693_50-135-201-161_31335_stream_0.pcap,tcp_0,tcp,0,Skype,nonTor,VoIP,Skype
nonTor_VoIP_Skype_audio_1.pcap.UDP_10-152-152-11_3697_176-38-49-9_3393_stream_0.pcap,udp_0,udp,0,Skype,nonTor,VoIP,Skype
nonTor_VoIP_Skype_audio_1.pcap.UDP_10-152-152-11_3697_62-238-182-110_22959_stream_0.pcap,udp_0,udp,0,Skype,nonTor,VoIP,Skype
nonTor_VoIP_Skype_audio_1.pcap.TCP_10-152-152-11_53759_78-232-5-123_19151_stream_0.pcap,tcp_0,tcp,0,Skype,nonTor,VoIP,Skype
nonTor_VoIP_Skype_audio_2.pcap.UDP_10-152-152-11_24007_111-221-74-30_443_stream_0.pcap,udp_0,udp,0,Skype,nonTor,VoIP,Skype
nonTor_VoIP_Skype_audio_1.pcap.TCP_2-219-58-145_24233_10-152-152-11_43923_stream_0.pcap,tcp_0,tcp,0,Skype,nonTor,VoIP,Skype
nonTor_VoIP_Skype_audio_1.pcap.UDP_10-152-152-11_3697_217-117-176-28_46373_stream_0.pcap,udp_0,udp,0,Skype,nonTor,VoIP,Skype
nonTor_VoIP_Skype_audio_2.pcap.UDP_10-152-152-11_24007_157-55-56-159_443_stream_0.pcap,udp_0,udp,0,Skype,nonTor,VoIP,Skype
nonTor_VoIP_Skype_audio_1.pcap.UDP_10-152-152-11_3697_128-75-72-20_2778_stream_0.pcap,udp_0,udp,0,Skype,nonTor,VoIP,Skype
nonTor_FileTransfer_Skype_file_1.pcap.TCP_10-152-152-11_56604_193-71-119-225_22223_stream_0.pcap,tcp_0,tcp,0,Skype,nonTor,FileTransfer,Skype
nonTor_VoIP_Skype_audio_1.pcap.TCP_10-152-152-11_35212_71-92-14-244_16297_stream_0.pcap,tcp_0,tcp,0,Skype,nonTor,VoIP,Skype
nonTor_FileTransfer_Skype_file_1.pcap.UDP_10-152-152-11_3697_111-221-77-151_443_stream_0.pcap,udp_0,udp,0,Skype,nonTor,FileTransfer,Skype
nonTor_VoIP_Skype_audio_1.pcap.TCP_10-152-152-11_58880_193-154-246-6_11463_stream_0.pcap,tcp_0,tcp,0,Skype,nonTor,VoIP,Skype
nonTor_VoIP_Skype_audio_2.pcap.UDP_10-152-152-10_5351_10-152-152-11_59489_stream_0.pcap,udp_0,udp,0,Skype,nonTor,VoIP,Skype
nonTor_FileTransfer_Skype_file_1.pcap.UDP_10-152-152-11_3697_79-84-31-234_61776_stream_0.pcap,udp_0,udp,0,Skype,nonTor,FileTransfer,Skype
nonTor_VoIP_Skype_audio_1.pcap.TCP_10-152-152-11_43820_75-115-132-27_31973_stream_0.pcap,tcp_0,tcp,0,Skype,nonTor,VoIP,Skype
nonTor_FileTransfer_Skype_file_1.pcap.UDP_10-152-152-11_3697_213-199-179-155_443_stream_0.pcap,udp_0,udp,0,Skype,nonTor,FileTransfer,Skype
Tor_VoIP_Skype_audio_1.pcap.TCP_5-9-123-81_9001_10-0-2-15_44722_stream_0.pcap,tcp_0,tcp,0,Skype,Tor,VoIP,Skype
nonTor_VoIP_Skype_audio_1.pcap.TCP_10-152-152-11_40177_151-33-5-247_4221_stream_0.pcap,tcp_0,tcp,0,Skype,nonTor,VoIP,Skype
nonTor_VoIP_Skype_audio_2.pcap.TCP_10-152-152-11_41933_178-200-144-185_53736_stream_0.pcap,tcp_0,tcp,0,Skype,nonTor,VoIP,Skype
nonTor_VoIP_Skype_audio_1.pcap.UDP_10-152-152-11_3697_157-55-130-170_443_stream_0.pcap,udp_0,udp,0,Skype,nonTor,VoIP,Skype
nonTor_VoIP_Skype_audio_1.pcap.UDP_10-152-152-11_3697_92-150-157-166_38398_stream_0.pcap,udp_0,udp,0,Skype,nonTor,VoIP,Skype
nonTor_FileTransfer_Skype_file_1.pcap.UDP_10-152-152-11_3697_68-57-213-13_58229_stream_0.pcap,udp_0,udp,0,Skype,nonTor,FileTransfer,Skype
nonTor_FileTransfer_Skype_file_1.pcap.TCP_10-152-152-10_9110_10-152-152-11_52334_stream_0.pcap,tcp_0,tcp,0,Skype,nonTor,FileTransfer,Skype
nonTor_VoIP_Skype_audio_2.pcap.UDP_10-152-152-11_24007_109-202-48-154_41158_stream_0.pcap,udp_0,udp,0,Skype,nonTor,VoIP,Skype
nonTor_VoIP_Skype_audio_1.pcap.TCP_10-152-152-11_37758_191-233-80-151_443_stream_0.pcap,tcp_0,tcp,0,Skype,nonTor,VoIP,Skype
nonTor_FileTransfer_Skype_file_1.pcap.UDP_10-152-152-11_3697_157-55-130-174_443_stream_0.pcap,udp_0,udp,0,Skype,nonTor,FileTransfer,Skype
nonTor_Chat_Skype_none_2.pcap.UDP_10-152-152-11_3697_88-135-130-161_13053_stream_0.pcap,udp_0,udp,0,Skype,nonTor,Chat,Skype
nonTor_Chat_Skype_none_2.pcap.UDP_5-65-183-7_53748_10-152-152-11_3697_stream_0.pcap,udp_0,udp,0,Skype,nonTor,Chat,Skype
nonTor_VoIP_Skype_audio_1.pcap.TCP_10-152-152-11_35414_72-193-242-244_43998_stream_0.pcap,tcp_0,tcp,0,Skype,nonTor,VoIP,Skype
nonTor_VoIP_Skype_audio_1.pcap.UDP_10-152-152-11_3697_157-56-52-34_443_stream_0.pcap,udp_0,udp,0,Skype,nonTor,VoIP,Skype
nonTor_FileTransfer_Skype_file_1.pcap.UDP_10-152-152-11_3697_69-251-40-83_37796_stream_0.pcap,udp_0,udp,0,Skype,nonTor,FileTransfer,Skype
nonTor_VoIP_Skype_audio_1.pcap.TCP_10-152-152-11_41470_85-241-52-246_8384_stream_0.pcap,tcp_0,tcp,0,Skype,nonTor,VoIP,Skype
nonTor_VoIP_Skype_audio_1.pcap.UDP_10-152-152-11_3697_74-179-127-41_38554_stream_0.pcap,udp_0,udp,0,Skype,nonTor,VoIP,Skype
nonTor_Chat_Skype_none_2.pcap.UDP_10-152-152-11_3697_213-199-179-155_443_stream_0.pcap,udp_0,udp,0,Skype,nonTor,Chat,Skype
nonTor_FileTransfer_Skype_file_1.pcap.TCP_10-152-152-11_50736_178-164-98-76_57942_stream_0.pcap,tcp_0,tcp,0,Skype,nonTor,FileTransfer,Skype
nonTor_VoIP_Skype_audio_1.pcap.TCP_10-152-152-11_40058_82-43-141-190_53010_stream_0.pcap,tcp_0,tcp,0,Skype,nonTor,VoIP,Skype
nonTor_VoIP_Skype_audio_2.pcap.UDP_10-152-152-11_24007_134-249-51-23_30711_stream_0.pcap,udp_0,udp,0,Skype,nonTor,VoIP,Skype
nonTor_VoIP_Skype_audio_1.pcap.UDP_10-152-152-11_3697_64-4-23-169_443_stream_0.pcap,udp_0,udp,0,Skype,nonTor,VoIP,Skype
nonTor_VoIP_Skype_audio_1.pcap.UDP_10-152-152-11_3697_173-48-214-193_13539_stream_0.pcap,udp_0,udp,0,Skype,nonTor,VoIP,Skype
nonTor_Chat_Skype_none_1.pcap.UDP_10-152-152-11_3697_71-10-3-148_26415_stream_0.pcap,udp_0,udp,0,Skype,nonTor,Chat,Skype
nonTor_VoIP_Skype_audio_2.pcap.UDP_10-152-152-11_24007_37-99-28-210_36727_stream_0.pcap,udp_0,udp,0,Skype,nonTor,VoIP,Skype
nonTor_VoIP_Skype_audio_1.pcap.UDP_10-152-152-11_3697_202-156-157-114_6554_stream_0.pcap,udp_0,udp,0,Skype,nonTor,VoIP,Skype
nonTor_Chat_Skype_none_1.pcap.UDP_10-152-152-11_3697_176-115-57-80_11034_stream_0.pcap,udp_0,udp,0,Skype,nonTor,Chat,Skype
nonTor_VoIP_Skype_audio_1.pcap.TCP_10-152-152-11_46515_93-151-244-201_64528_stream_0.pcap,tcp_0,tcp,0,Skype,nonTor,VoIP,Skype
nonTor_VoIP_Skype_audio_1.pcap.TCP_10-152-152-11_45008_86-7-213-27_25636_stream_0.pcap,tcp_0,tcp,0,Skype,nonTor,VoIP,Skype
nonTor_FileTransfer_Skype_file_1.pcap.TCP_10-152-152-10_9114_10-152-152-11_41354_stream_0.pcap,tcp_0,tcp,0,Skype,nonTor,FileTransfer,Skype
nonTor_VoIP_Skype_audio_1.pcap.TCP_10-152-152-11_53509_90-196-102-223_23528_stream_0.pcap,tcp_0,tcp,0,Skype,nonTor,VoIP,Skype
nonTor_VoIP_Skype_audio_1.pcap.TCP_10-152-152-11_37740_173-55-240-109_16519_stream_0.pcap,tcp_0,tcp,0,Skype,nonTor,VoIP,Skype
nonTor_Chat_Skype_none_2.pcap.UDP_10-152-152-11_3697_173-51-119-15_39202_stream_0.pcap,udp_0,udp,0,Skype,nonTor,Chat,Skype
nonTor_VoIP_Skype_audio_2.pcap.UDP_10-152-152-11_24007_128-71-58-141_22135_stream_0.pcap,udp_0,udp,0,Skype,nonTor,VoIP,Skype
nonTor_Chat_Skype_none_1.pcap.UDP_10-152-152-11_3697_176-8-166-233_5799_stream_0.pcap,udp_0,udp,0,Skype,nonTor,Chat,Skype
nonTor_Chat_Skype_none_1.pcap.TCP_10-152-152-11_54208_193-219-128-49_6667_stream_0.pcap,tcp_0,tcp,0,Skype,nonTor,Chat,Skype
nonTor_VoIP_Skype_audio_2.pcap.UDP_10-152-152-11_24007_64-4-23-155_443_stream_0.pcap,udp_0,udp,0,Skype,nonTor,VoIP,Skype
nonTor_VoIP_Skype_audio_1.pcap.TCP_10-152-152-11_39783_90-51-23-27_15834_stream_0.pcap,tcp_0,tcp,0,Skype,nonTor,VoIP,Skype
nonTor_FileTransfer_Skype_file_1.pcap.UDP_10-152-152-11_3697_78-164-67-109_10103_stream_0.pcap,udp_0,udp,0,Skype,nonTor,FileTransfer,Skype
nonTor_VoIP_Skype_audio_1.pcap.UDP_10-152-152-11_3697_213-199-179-169_443_stream_0.pcap,udp_0,udp,0,Skype,nonTor,VoIP,Skype
nonTor_VoIP_Skype_audio_1.pcap.TCP_10-152-152-11_50391_128-75-211-170_16522_stream_0.pcap,tcp_0,tcp,0,Skype,nonTor,VoIP,Skype
nonTor_FileTransfer_Skype_file_1.pcap.UDP_10-152-152-11_3697_184-91-211-245_20382_stream_0.pcap,udp_0,udp,0,Skype,nonTor,FileTransfer,Skype
nonTor_VoIP_Skype_audio_1.pcap.UDP_10-152-152-11_3697_185-27-101-198_36430_stream_0.pcap,udp_0,udp,0,Skype,nonTor,VoIP,Skype
nonTor_VoIP_Skype_audio_1.pcap.TCP_10-152-152-11_40040_141-39-191-54_43199_stream_0.pcap,tcp_0,tcp,0,Skype,nonTor,VoIP,Skype
nonTor_VoIP_Skype_audio_1.pcap.TCP_10-152-152-11_60672_75-76-230-135_55156_stream_0.pcap,tcp_0,tcp,0,Skype,nonTor,VoIP,Skype
nonTor_VoIP_Skype_audio_2.pcap.UDP_10-152-152-11_24007_79-185-209-126_18369_stream_0.pcap,udp_0,udp,0,Skype,nonTor,VoIP,Skype
nonTor_VoIP_Skype_audio_1.pcap.TCP_10-152-152-11_60611_24-1-209-31_10218_stream_0.pcap,tcp_0,tcp,0,Skype,nonTor,VoIP,Skype
nonTor_VoIP_Skype_audio_1.pcap.TCP_10-152-152-11_36089_70-179-140-208_31036_stream_0.pcap,tcp_0,tcp,0,Skype,nonTor,VoIP,Skype
nonTor_Chat_Skype_none_2.pcap.UDP_10-152-152-11_3697_111-221-74-23_443_stream_0.pcap,udp_0,udp,0,Skype,nonTor,Chat,Skype
nonTor_VoIP_Skype_audio_2.pcap.TCP_10-152-152-10_9052_10-152-152-11_54177_stream_0.pcap,tcp_0,tcp,0,Skype,nonTor,VoIP,Skype
nonTor_VoIP_Skype_audio_2.pcap.TCP_10-152-152-11_41543_68-9-238-106_63474_stream_0.pcap,tcp_0,tcp,0,Skype,nonTor,VoIP,Skype
nonTor_VoIP_Skype_audio_1.pcap.TCP_10-152-152-11_56461_100-2-56-104_41652_stream_0.pcap,tcp_0,tcp,0,Skype,nonTor,VoIP,Skype
nonTor_FileTransfer_Skype_file_1.pcap.TCP_10-152-152-11_50361_173-177-142-52_8145_stream_0.pcap,tcp_0,tcp,0,Skype,nonTor,FileTransfer,Skype
nonTor_VoIP_Skype_audio_2.pcap.UDP_10-152-152-11_24007_95-132-229-60_23939_stream_0.pcap,udp_0,udp,0,Skype,nonTor,VoIP,Skype
nonTor_FileTransfer_Skype_file_1.pcap.UDP_10-152-152-11_3697_178-164-20-144_3418_stream_0.pcap,udp_0,udp,0,Skype,nonTor,FileTransfer,Skype
nonTor_VoIP_Skype_audio_1.pcap.UDP_10-152-152-11_3697_65-55-223-34_443_stream_0.pcap,udp_0,udp,0,Skype,nonTor,VoIP,Skype
nonTor_VoIP_Skype_audio_1.pcap.TCP_10-152-152-11_58439_98-247-115-226_3900_stream_0.pcap,tcp_0,tcp,0,Skype,nonTor,VoIP,Skype
nonTor_VoIP_Skype_audio_2.pcap.UDP_10-152-152-11_24007_90-146-58-141_64847_stream_0.pcap,udp_0,udp,0,Skype,nonTor,VoIP,Skype
nonTor_VoIP_Skype_audio_2.pcap.UDP_10-152-152-11_24007_31-130-67-35_44195_stream_0.pcap,udp_0,udp,0,Skype,nonTor,VoIP,Skype
nonTor_FileTransfer_Skype_file_1.pcap.UDP_10-152-152-11_3697_99-120-200-226_26057_stream_0.pcap,udp_0,udp,0,Skype,nonTor,FileTransfer,Skype
nonTor_VoIP_Skype_audio_1.pcap.TCP_10-152-152-11_54650_95-23-232-184_29302_stream_0.pcap,tcp_0,tcp,0,Skype,nonTor,VoIP,Skype
nonTor_Chat_Skype_none_2.pcap.UDP_10-152-152-11_3697_111-221-77-162_443_stream_0.pcap,udp_0,udp,0,Skype,nonTor,Chat,Skype
nonTor_VoIP_Skype_audio_2.pcap.UDP_10-152-152-11_24007_87-169-156-195_58354_stream_0.pcap,udp_0,udp,0,Skype,nonTor,VoIP,Skype
nonTor_FileTransfer_Skype_file_1.pcap.UDP_5-53-218-64_20969_10-152-152-11_3697_stream_0.pcap,udp_0,udp,0,Skype,nonTor,FileTransfer,Skype
nonTor_VoIP_Skype_audio_1.pcap.UDP_10-152-152-11_3697_24-206-146-131_63112_stream_0.pcap,udp_0,udp,0,Skype,nonTor,VoIP,Skype
nonTor_VoIP_Skype_audio_1.pcap.TCP_10-152-152-11_38006_93-70-94-205_65358_stream_0.pcap,tcp_0,tcp,0,Skype,nonTor,VoIP,Skype
nonTor_VoIP_Skype_audio_1.pcap.TCP_10-152-152-11_38527_82-124-163-17_44962_stream_0.pcap,tcp_0,tcp,0,Skype,nonTor,VoIP,Skype
nonTor_FileTransfer_Skype_file_1.pcap.TCP_10-152-152-11_52951_66-186-246-163_29849_stream_0.pcap,tcp_0,tcp,0,Skype,nonTor,FileTransfer,Skype
nonTor_VoIP_Skype_audio_1.pcap.TCP_10-152-152-11_35994_24-209-123-4_38265_stream_0.pcap,tcp_0,tcp,0,Skype,nonTor,VoIP,Skype
nonTor_FileTransfer_Skype_file_1.pcap.TCP_10-152-152-10_9052_10-152-152-11_55163_stream_0.pcap,tcp_0,tcp,0,Skype,nonTor,FileTransfer,Skype
nonTor_VoIP_Skype_audio_2.pcap.UDP_10-152-152-11_24007_111-221-74-27_443_stream_0.pcap,udp_0,udp,0,Skype,nonTor,VoIP,Skype
nonTor_VoIP_Skype_audio_1.pcap.UDP_10-152-152-11_3697_70-177-68-102_54599_stream_0.pcap,udp_0,udp,0,Skype,nonTor,VoIP,Skype
nonTor_VoIP_Skype_audio_2.pcap.UDP_10-152-152-11_24007_157-55-235-158_443_stream_0.pcap,udp_0,udp,0,Skype,nonTor,VoIP,Skype
nonTor_VoIP_Skype_audio_2.pcap.UDP_10-152-152-11_24007_111-221-74-23_443_stream_0.pcap,udp_0,udp,0,Skype,nonTor,VoIP,Skype
nonTor_FileTransfer_Skype_file_1.pcap.UDP_10-152-152-11_3697_64-4-23-151_443_stream_0.pcap,udp_0,udp,0,Skype,nonTor,FileTransfer,Skype
nonTor_VoIP_Skype_audio_2.pcap.UDP_10-152-152-11_24007_24-161-21-211_59057_stream_0.pcap,udp_0,udp,0,Skype,nonTor,VoIP,Skype
nonTor_VoIP_Skype_audio_1.pcap.TCP_10-152-152-11_37512_141-237-42-102_44908_stream_0.pcap,tcp_0,tcp,0,Skype,nonTor,VoIP,Skype
nonTor_VoIP_Skype_audio_2.pcap.TCP_10-152-152-11_46435_173-65-70-166_47092_stream_0.pcap,tcp_0,tcp,0,Skype,nonTor,VoIP,Skype
nonTor_VoIP_Skype_audio_2.pcap.UDP_10-152-152-11_24007_151-249-131-19_16035_stream_0.pcap,udp_0,udp,0,Skype,nonTor,VoIP,Skype
nonTor_FileTransfer_Skype_file_1.pcap.TCP_10-152-152-11_57854_72-52-169-215_47270_stream_0.pcap,tcp_0,tcp,0,Skype,nonTor,FileTransfer,Skype
nonTor_FileTransfer_Skype_file_1.pcap.TCP_10-152-152-11_56602_193-71-119-225_22223_stream_0.pcap,tcp_0,tcp,0,Skype,nonTor,FileTransfer,Skype
nonTor_VoIP_Skype_audio_2.pcap.UDP_10-152-152-11_24007_79-86-81-55_27899_stream_0.pcap,udp_0,udp,0,Skype,nonTor,VoIP,Skype
nonTor_VoIP_Skype_audio_2.pcap.UDP_10-152-152-11_24007_108-41-168-37_3587_stream_0.pcap,udp_0,udp,0,Skype,nonTor,VoIP,Skype
nonTor_VoIP_Skype_audio_1.pcap.UDP_10-152-152-11_3697_122-105-134-236_6760_stream_0.pcap,udp_0,udp,0,Skype,nonTor,VoIP,Skype
nonTor_VoIP_Skype_audio_1.pcap.TCP_10-152-152-11_47444_151-225-175-7_11963_stream_0.pcap,tcp_0,tcp,0,Skype,nonTor,VoIP,Skype
nonTor_VoIP_Skype_audio_1.pcap.TCP_10-152-152-11_42192_71-101-41-194_5481_stream_0.pcap,tcp_0,tcp,0,Skype,nonTor,VoIP,Skype
nonTor_VoIP_Skype_audio_1.pcap.TCP_10-152-152-11_34618_107-146-30-242_6098_stream_0.pcap,tcp_0,tcp,0,Skype,nonTor,VoIP,Skype
nonTor_VoIP_Skype_audio_1.pcap.TCP_10-152-152-11_56551_98-198-110-122_20245_stream_0.pcap,tcp_0,tcp,0,Skype,nonTor,VoIP,Skype
nonTor_FileTransfer_Skype_file_1.pcap.TCP_10-152-152-11_57824_72-52-169-215_47270_stream_0.pcap,tcp_0,tcp,0,Skype,nonTor,FileTransfer,Skype
nonTor_VoIP_Skype_audio_1.pcap.TCP_10-152-152-11_53427_72-231-159-184_35979_stream_0.pcap,tcp_0,tcp,0,Skype,nonTor,VoIP,Skype
nonTor_VoIP_Skype_audio_2.pcap.TCP_10-152-152-11_43458_90-237-34-105_43852_stream_0.pcap,tcp_0,tcp,0,Skype,nonTor,VoIP,Skype
nonTor_VoIP_Skype_audio_1.pcap.UDP_10-152-152-11_3697_162-222-102-123_18970_stream_0.pcap,udp_0,udp,0,Skype,nonTor,VoIP,Skype
nonTor_VoIP_Skype_audio_2.pcap.UDP_10-152-152-11_24007_71-202-35-49_47990_stream_0.pcap,udp_0,udp,0,Skype,nonTor,VoIP,Skype
nonTor_VoIP_Skype_audio_1.pcap.TCP_2-34-12-174_46148_10-152-152-11_56552_stream_0.pcap,tcp_0,tcp,0,Skype,nonTor,VoIP,Skype
nonTor_VoIP_Skype_audio_1.pcap.TCP_10-152-152-11_35213_71-92-14-244_16297_stream_0.pcap,tcp_0,tcp,0,Skype,nonTor,VoIP,Skype
nonTor_VoIP_Skype_audio_1.pcap.UDP_10-152-152-11_3697_82-124-163-17_44962_stream_0.pcap,udp_0,udp,0,Skype,nonTor,VoIP,Skype
nonTor_VoIP_Skype_audio_1.pcap.TCP_10-152-152-11_34496_92-26-235-204_4553_stream_0.pcap,tcp_0,tcp,0,Skype,nonTor,VoIP,Skype
nonTor_VoIP_Skype_audio_1.pcap.UDP_10-152-152-11_3697_64-4-23-149_443_stream_0.pcap,udp_0,udp,0,Skype,nonTor,VoIP,Skype
nonTor_VoIP_Skype_audio_2.pcap.UDP_10-152-152-11_24007_92-249-186-47_39268_stream_0.pcap,udp_0,udp,0,Skype,nonTor,VoIP,Skype
nonTor_VoIP_Skype_audio_1.pcap.TCP_10-152-152-11_32853_86-132-236-121_62193_stream_0.pcap,tcp_0,tcp,0,Skype,nonTor,VoIP,Skype
nonTor_VoIP_Skype_audio_1.pcap.TCP_10-152-152-11_55704_128-75-228-62_8046_stream_0.pcap,tcp_0,tcp,0,Skype,nonTor,VoIP,Skype
nonTor_VoIP_Skype_audio_1.pcap.UDP_10-152-152-11_3697_64-4-23-168_443_stream_0.pcap,udp_0,udp,0,Skype,nonTor,VoIP,Skype
nonTor_VoIP_Skype_audio_1.pcap.TCP_10-152-152-11_57748_50-189-181-65_59496_stream_0.pcap,tcp_0,tcp,0,Skype,nonTor,VoIP,Skype
nonTor_FileTransfer_Skype_file_1.pcap.UDP_10-152-152-11_3697_85-234-190-49_8721_stream_0.pcap,udp_0,udp,0,Skype,nonTor,FileTransfer,Skype
nonTor_VoIP_Skype_audio_1.pcap.UDP_10-152-152-11_3697_111-221-77-168_443_stream_0.pcap,udp_0,udp,0,Skype,nonTor,VoIP,Skype
nonTor_FileTransfer_Skype_file_1.pcap.UDP_10-152-152-11_3697_176-222-177-188_1588_stream_0.pcap,udp_0,udp,0,Skype,nonTor,FileTransfer,Skype
nonTor_VoIP_Skype_audio_1.pcap.TCP_10-152-152-11_36695_70-177-68-102_54599_stream_0.pcap,tcp_0,tcp,0,Skype,nonTor,VoIP,Skype
nonTor_FileTransfer_Skype_file_1.pcap.TCP_10-152-152-11_57852_72-52-169-215_47270_stream_0.pcap,tcp_0,tcp,0,Skype,nonTor,FileTransfer,Skype
nonTor_VoIP_Skype_audio_1.pcap.TCP_10-152-152-11_47858_88-178-163-133_4746_stream_0.pcap,tcp_0,tcp,0,Skype,nonTor,VoIP,Skype
nonTor_VoIP_Skype_audio_2.pcap.UDP_10-152-152-11_24007_93-72-240-109_1952_stream_0.pcap,udp_0,udp,0,Skype,nonTor,VoIP,Skype
nonTor_VoIP_Skype_audio_1.pcap.TCP_10-152-152-11_47443_151-225-175-7_11963_stream_0.pcap,tcp_0,tcp,0,Skype,nonTor,VoIP,Skype
nonTor_FileTransfer_Skype_file_1.pcap.UDP_10-152-152-11_3697_69-119-129-176_23822_stream_0.pcap,udp_0,udp,0,Skype,nonTor,FileTransfer,Skype
nonTor_VoIP_Skype_audio_1.pcap.TCP_10-152-152-11_51793_73-193-219-14_7686_stream_0.pcap,tcp_0,tcp,0,Skype,nonTor,VoIP,Skype
nonTor_VoIP_Skype_audio_1.pcap.UDP_10-152-152-11_3697_72-195-156-158_33615_stream_0.pcap,udp_0,udp,0,Skype,nonTor,VoIP,Skype
nonTor_Chat_Skype_none_1.pcap.UDP_10-152-152-11_3697_176-33-180-175_53279_stream_0.pcap,udp_0,udp,0,Skype,nonTor,Chat,Skype
nonTor_FileTransfer_Skype_file_1.pcap.UDP_10-152-152-11_3697_178-68-17-138_58872_stream_0.pcap,udp_0,udp,0,Skype,nonTor,FileTransfer,Skype
nonTor_VoIP_Skype_audio_1.pcap.UDP_10-152-152-11_3697_50-187-112-175_44589_stream_0.pcap,udp_0,udp,0,Skype,nonTor,VoIP,Skype
nonTor_VoIP_Skype_audio_2.pcap.UDP_10-152-152-11_24007_94-176-102-155_20230_stream_0.pcap,udp_0,udp,0,Skype,nonTor,VoIP,Skype
nonTor_Chat_Skype_none_1.pcap.UDP_10-152-152-11_3697_111-221-77-142_443_stream_0.pcap,udp_0,udp,0,Skype,nonTor,Chat,Skype
nonTor_VoIP_Skype_audio_1.pcap.TCP_10-152-152-11_51091_50-251-68-98_33041_stream_0.pcap,tcp_0,tcp,0,Skype,nonTor,VoIP,Skype
nonTor_VoIP_Skype_audio_1.pcap.TCP_10-152-152-11_54351_67-172-59-134_50115_stream_0.pcap,tcp_0,tcp,0,Skype,nonTor,VoIP,Skype
nonTor_VoIP_Skype_audio_2.pcap.TCP_10-152-152-11_54820_85-230-180-26_61521_stream_0.pcap,tcp_0,tcp,0,Skype,nonTor,VoIP,Skype
nonTor_VoIP_Skype_audio_2.pcap.UDP_10-152-152-11_24007_186-94-116-50_54480_stream_0.pcap,udp_0,udp,0,Skype,nonTor,VoIP,Skype
nonTor_VoIP_Skype_audio_1.pcap.TCP_10-152-152-11_58833_71-167-47-236_17044_stream_0.pcap,tcp_0,tcp,0,Skype,nonTor,VoIP,Skype
nonTor_VoIP_Skype_audio_2.pcap.UDP_10-152-152-11_24007_157-55-130-142_443_stream_0.pcap,udp_0,udp,0,Skype,nonTor,VoIP,Skype
nonTor_VoIP_Skype_audio_1.pcap.TCP_10-152-152-11_59261_184-153-202-156_25859_stream_0.pcap,tcp_0,tcp,0,Skype,nonTor,VoIP,Skype
nonTor_VoIP_Skype_audio_1.pcap.TCP_10-152-152-11_59170_108-0-219-44_19288_stream_0.pcap,tcp_0,tcp,0,Skype,nonTor,VoIP,Skype
nonTor_VoIP_Skype_audio_2.pcap.UDP_10-152-152-11_24007_111-221-74-25_443_stream_0.pcap,udp_0,udp,0,Skype,nonTor,VoIP,Skype
nonTor_VoIP_Skype_audio_2.pcap.UDP_10-152-152-11_24007_70-50-212-238_58897_stream_0.pcap,udp_0,udp,0,Skype,nonTor,VoIP,Skype
nonTor_VoIP_Skype_audio_1.pcap.TCP_10-152-152-11_34882_90-200-151-195_36765_stream_0.pcap,tcp_0,tcp,0,Skype,nonTor,VoIP,Skype
nonTor_VoIP_Skype_audio_1.pcap.TCP_10-152-152-11_51869_24-44-22-52_10650_stream_0.pcap,tcp_0,tcp,0,Skype,nonTor,VoIP,Skype
nonTor_VoIP_Skype_audio_1.pcap.TCP_10-152-152-11_43057_62-195-209-182_54683_stream_0.pcap,tcp_0,tcp,0,Skype,nonTor,VoIP,Skype
nonTor_VoIP_Skype_audio_2.pcap.TCP_10-152-152-11_36271_151-252-200-32_34225_stream_0.pcap,tcp_0,tcp,0,Skype,nonTor,VoIP,Skype
nonTor_Chat_Skype_none_1.pcap.TCP_5-178-135-69_53262_10-152-152-11_41249_stream_0.pcap,tcp_0,tcp,0,Skype,nonTor,Chat,Skype
nonTor_VoIP_Skype_audio_1.pcap.TCP_10-152-152-11_56827_24-209-102-240_36356_stream_0.pcap,tcp_0,tcp,0,Skype,nonTor,VoIP,Skype
nonTor_VoIP_Skype_audio_1.pcap.UDP_10-152-152-11_3697_65-55-223-18_443_stream_0.pcap,udp_0,udp,0,Skype,nonTor,VoIP,Skype
nonTor_Chat_Skype_none_1.pcap.UDP_10-152-152-11_3697_130-18-170-235_11762_stream_0.pcap,udp_0,udp,0,Skype,nonTor,Chat,Skype
nonTor_VoIP_Skype_audio_2.pcap.UDP_10-152-152-11_24007_188-190-199-186_16637_stream_0.pcap,udp_0,udp,0,Skype,nonTor,VoIP,Skype
nonTor_VoIP_Skype_audio_2.pcap.UDP_10-152-152-11_24007_182-20-148-5_19905_stream_0.pcap,udp_0,udp,0,Skype,nonTor,VoIP,Skype
nonTor_VoIP_Skype_audio_1.pcap.TCP_10-152-152-11_56826_24-209-102-240_36356_stream_0.pcap,tcp_0,tcp,0,Skype,nonTor,VoIP,Skype
nonTor_Chat_Skype_none_1.pcap.UDP_10-152-152-11_3697_176-124-27-105_37037_stream_0.pcap,udp_0,udp,0,Skype,nonTor,Chat,Skype
nonTor_FileTransfer_Skype_file_1.pcap.UDP_10-152-152-11_3697_213-199-179-154_443_stream_0.pcap,udp_0,udp,0,Skype,nonTor,FileTransfer,Skype
nonTor_VoIP_Skype_audio_2.pcap.UDP_10-152-152-11_24007_64-4-23-167_443_stream_0.pcap,udp_0,udp,0,Skype,nonTor,VoIP,Skype
nonTor_Chat_Skype_none_1.pcap.UDP_10-152-152-11_3697_188-143-121-199_21909_stream_0.pcap,udp_0,udp,0,Skype,nonTor,Chat,Skype
nonTor_VoIP_Skype_audio_1.pcap.TCP_10-152-152-11_40057_82-43-141-190_53010_stream_0.pcap,tcp_0,tcp,0,Skype,nonTor,VoIP,Skype
nonTor_VoIP_Skype_audio_1.pcap.UDP_10-152-152-11_3697_62-47-229-199_50335_stream_0.pcap,udp_0,udp,0,Skype,nonTor,VoIP,Skype
nonTor_FileTransfer_Skype_file_1.pcap.UDP_10-152-152-11_3697_79-40-216-130_29099_stream_0.pcap,udp_0,udp,0,Skype,nonTor,FileTransfer,Skype
nonTor_VoIP_Skype_audio_1.pcap.UDP_10-152-152-11_3697_157-55-130-160_443_stream_0.pcap,udp_0,udp,0,Skype,nonTor,VoIP,Skype
nonTor_Chat_Skype_none_2.pcap.UDP_10-152-152-11_3697_84-30-173-100_36891_stream_0.pcap,udp_0,udp,0,Skype,nonTor,Chat,Skype
nonTor_VoIP_Skype_audio_2.pcap.UDP_10-152-152-11_24007_89-215-51-145_36474_stream_0.pcap,udp_0,udp,0,Skype,nonTor,VoIP,Skype
nonTor_VoIP_Skype_audio_2.pcap.UDP_10-152-152-11_24007_78-21-210-184_7143_stream_0.pcap,udp_0,udp,0,Skype,nonTor,VoIP,Skype
nonTor_VoIP_Skype_audio_1.pcap.TCP_10-152-152-11_39717_88-170-167-243_47964_stream_0.pcap,tcp_0,tcp,0,Skype,nonTor,VoIP,Skype
nonTor_Chat_Skype_none_1.pcap.UDP_10-152-152-11_3697_116-118-36-32_36789_stream_0.pcap,udp_0,udp,0,Skype,nonTor,Chat,Skype
nonTor_FileTransfer_Skype_file_1.pcap.UDP_10-152-152-11_3697_90-4-121-254_3060_stream_0.pcap,udp_0,udp,0,Skype,nonTor,FileTransfer,Skype
nonTor_VoIP_Skype_audio_1.pcap.TCP_10-152-152-11_48589_94-34-118-126_31636_stream_0.pcap,tcp_0,tcp,0,Skype,nonTor,VoIP,Skype
nonTor_VoIP_Skype_audio_2.pcap.UDP_10-152-152-11_24007_185-37-194-102_25873_stream_0.pcap,udp_0,udp,0,Skype,nonTor,VoIP,Skype
nonTor_FileTransfer_Skype_file_1.pcap.UDP_10-152-152-11_3697_65-55-223-25_443_stream_0.pcap,udp_0,udp,0,Skype,nonTor,FileTransfer,Skype
nonTor_VoIP_Skype_audio_1.pcap.TCP_10-152-152-11_35557_98-247-93-171_40364_stream_0.pcap,tcp_0,tcp,0,Skype,nonTor,VoIP,Skype
nonTor_VoIP_Skype_audio_2.pcap.UDP_10-152-152-11_24007_99-190-141-181_8080_stream_0.pcap,udp_0,udp,0,Skype,nonTor,VoIP,Skype
nonTor_VoIP_Skype_audio_1.pcap.TCP_10-152-152-11_42632_151-70-64-137_31364_stream_0.pcap,tcp_0,tcp,0,Skype,nonTor,VoIP,Skype
nonTor_VoIP_Skype_audio_2.pcap.UDP_10-152-152-11_24007_88-140-234-137_54184_stream_0.pcap,udp_0,udp,0,Skype,nonTor,VoIP,Skype
nonTor_VoIP_Skype_audio_2.pcap.UDP_10-152-152-11_24007_213-199-179-167_443_stream_0.pcap,udp_0,udp,0,Skype,nonTor,VoIP,Skype
nonTor_VoIP_Skype_audio_1.pcap.UDP_10-152-152-11_3697_193-81-125-201_40978_stream_0.pcap,udp_0,udp,0,Skype,nonTor,VoIP,Skype
nonTor_FileTransfer_Skype_file_1.pcap.UDP_10-152-152-11_3697_157-55-130-170_443_stream_0.pcap,udp_0,udp,0,Skype,nonTor,FileTransfer,Skype
nonTor_FileTransfer_Skype_file_1.pcap.UDP_10-152-152-11_3697_70-113-113-202_51045_stream_0.pcap,udp_0,udp,0,Skype,nonTor,FileTransfer,Skype
nonTor_VoIP_Skype_audio_2.pcap.UDP_10-152-152-11_24007_83-6-237-214_35114_stream_0.pcap,udp_0,udp,0,Skype,nonTor,VoIP,Skype
nonTor_VoIP_Skype_audio_1.pcap.UDP_10-152-152-11_3697_109-146-30-100_45829_stream_0.pcap,udp_0,udp,0,Skype,nonTor,VoIP,Skype
nonTor_VoIP_Skype_audio_1.pcap.TCP_10-152-152-11_38635_50-53-138-10_8307_stream_0.pcap,tcp_0,tcp,0,Skype,nonTor,VoIP,Skype
nonTor_VoIP_Skype_audio_2.pcap.TCP_10-152-152-10_9052_10-152-152-11_54179_stream_0.pcap,tcp_0,tcp,0,Skype,nonTor,VoIP,Skype
nonTor_VoIP_Skype_audio_2.pcap.UDP_10-152-152-11_24007_190-198-98-191_23715_stream_0.pcap,udp_0,udp,0,Skype,nonTor,VoIP,Skype
nonTor_VoIP_Skype_audio_1.pcap.TCP_10-152-152-11_52327_173-59-15-248_62496_stream_0.pcap,tcp_0,tcp,0,Skype,nonTor,VoIP,Skype
nonTor_VoIP_Skype_audio_2.pcap.UDP_10-152-152-11_24007_82-127-244-178_63970_stream_0.pcap,udp_0,udp,0,Skype,nonTor,VoIP,Skype
nonTor_VoIP_Skype_audio_1.pcap.TCP_10-152-152-11_43810_75-191-224-21_36564_stream_0.pcap,tcp_0,tcp,0,Skype,nonTor,VoIP,Skype
nonTor_FileTransfer_Skype_file_1.pcap.UDP_10-152-152-11_3697_213-199-179-167_443_stream_0.pcap,udp_0,udp,0,Skype,nonTor,FileTransfer,Skype
nonTor_VoIP_Skype_audio_2.pcap.TCP_10-152-152-11_50284_176-110-225-56_9053_stream_0.pcap,tcp_0,tcp,0,Skype,nonTor,VoIP,Skype
nonTor_VoIP_Skype_audio_1.pcap.TCP_10-152-152-11_58790_83-100-255-240_47641_stream_0.pcap,tcp_0,tcp,0,Skype,nonTor,VoIP,Skype
nonTor_VoIP_Skype_audio_1.pcap.TCP_2-27-198-213_12550_10-152-152-11_57177_stream_0.pcap,tcp_0,tcp,0,Skype,nonTor,VoIP,Skype
nonTor_VoIP_Skype_audio_1.pcap.TCP_10-152-152-11_39364_24-224-33-252_34045_stream_0.pcap,tcp_0,tcp,0,Skype,nonTor,VoIP,Skype
nonTor_VoIP_Skype_audio_2.pcap.UDP_10-152-152-11_24007_111-221-74-41_443_stream_0.pcap,udp_0,udp,0,Skype,nonTor,VoIP,Skype
nonTor_FileTransfer_Skype_file_1.pcap.TCP_10-152-152-10_9110_10-152-152-11_52330_stream_0.pcap,tcp_0,tcp,0,Skype,nonTor,FileTransfer,Skype
nonTor_FileTransfer_Skype_file_1.pcap.UDP_10-152-152-11_3697_128-71-68-91_14307_stream_0.pcap,udp_0,udp,0,Skype,nonTor,FileTransfer,Skype
nonTor_VoIP_Skype_audio_1.pcap.UDP_10-152-152-11_3697_95-139-170-31_40327_stream_0.pcap,udp_0,udp,0,Skype,nonTor,VoIP,Skype
nonTor_VoIP_Skype_audio_1.pcap.UDP_10-152-152-11_3697_46-64-13-49_45408_stream_0.pcap,udp_0,udp,0,Skype,nonTor,VoIP,Skype
nonTor_Chat_Skype_none_2.pcap.TCP_10-152-152-11_36515_216-24-87-150_14887_stream_0.pcap,tcp_0,tcp,0,Skype,nonTor,Chat,Skype
nonTor_VoIP_Skype_audio_1.pcap.TCP_10-152-152-11_57388_223-134-20-193_2224_stream_0.pcap,tcp_0,tcp,0,Skype,nonTor,VoIP,Skype
nonTor_Chat_Skype_none_1.pcap.UDP_10-152-152-11_3697_109-87-48-187_51710_stream_0.pcap,udp_0,udp,0,Skype,nonTor,Chat,Skype
nonTor_VoIP_Skype_audio_2.pcap.UDP_10-152-152-11_24007_31-43-111-32_13032_stream_0.pcap,udp_0,udp,0,Skype,nonTor,VoIP,Skype
nonTor_VoIP_Skype_audio_1.pcap.UDP_10-152-152-11_3697_157-55-130-173_443_stream_0.pcap,udp_0,udp,0,Skype,nonTor,VoIP,Skype
nonTor_VoIP_Skype_audio_1.pcap.TCP_10-152-152-11_52194_76-102-204-7_17502_stream_0.pcap,tcp_0,tcp,0,Skype,nonTor,VoIP,Skype
nonTor_VoIP_Skype_audio_1.pcap.TCP_10-152-152-11_41011_151-237-95-163_29315_stream_0.pcap,tcp_0,tcp,0,Skype,nonTor,VoIP,Skype
nonTor_FileTransfer_Skype_file_1.pcap.UDP_10-152-152-11_3697_181-160-245-126_28223_stream_0.pcap,udp_0,udp,0,Skype,nonTor,FileTransfer,Skype
nonTor_Chat_Skype_none_1.pcap.UDP_10-152-152-11_3697_157-55-130-151_443_stream_0.pcap,udp_0,udp,0,Skype,nonTor,Chat,Skype
nonTor_FileTransfer_Skype_file_1.pcap.UDP_10-152-152-11_3697_115-249-174-93_62095_stream_0.pcap,udp_0,udp,0,Skype,nonTor,FileTransfer,Skype
nonTor_VoIP_Skype_audio_1.pcap.TCP_10-152-152-11_39210_24-2-178-56_9655_stream_0.pcap,tcp_0,tcp,0,Skype,nonTor,VoIP,Skype
nonTor_Chat_Skype_none_2.pcap.UDP_10-152-152-11_3697_96-243-160-94_30228_stream_0.pcap,udp_0,udp,0,Skype,nonTor,Chat,Skype
nonTor_VoIP_Skype_audio_2.pcap.UDP_10-152-152-11_24007_176-113-164-28_7114_stream_0.pcap,udp_0,udp,0,Skype,nonTor,VoIP,Skype
nonTor_VoIP_Skype_audio_1.pcap.UDP_10-152-152-11_3697_202-58-146-235_49714_stream_0.pcap,udp_0,udp,0,Skype,nonTor,VoIP,Skype
nonTor_VoIP_Skype_audio_1.pcap.TCP_10-152-152-11_48266_69-141-151-214_27189_stream_0.pcap,tcp_0,tcp,0,Skype,nonTor,VoIP,Skype
nonTor_VoIP_Skype_audio_1.pcap.TCP_10-152-152-11_38949_50-187-112-175_44589_stream_0.pcap,tcp_0,tcp,0,Skype,nonTor,VoIP,Skype
nonTor_FileTransfer_Skype_file_1.pcap.UDP_10-152-152-11_3697_65-55-223-14_443_stream_0.pcap,udp_0,udp,0,Skype,nonTor,FileTransfer,Skype
nonTor_VoIP_Skype_audio_1.pcap.TCP_10-152-152-11_49651_192-222-136-34_24142_stream_0.pcap,tcp_0,tcp,0,Skype,nonTor,VoIP,Skype
nonTor_VoIP_Skype_audio_1.pcap.UDP_10-152-152-11_3697_93-107-76-88_49482_stream_0.pcap,udp_0,udp,0,Skype,nonTor,VoIP,Skype
nonTor_VoIP_Skype_audio_1.pcap.TCP_10-152-152-11_48627_91-182-137-208_29401_stream_0.pcap,tcp_0,tcp,0,Skype,nonTor,VoIP,Skype
nonTor_FileTransfer_Skype_file_1.pcap.TCP_10-152-152-11_57827_72-52-169-215_47270_stream_0.pcap,tcp_0,tcp,0,Skype,nonTor,FileTransfer,Skype
nonTor_Chat_Skype_none_1.pcap.UDP_10-152-152-11_3697_95-82-136-167_17784_stream_0.pcap,udp_0,udp,0,Skype,nonTor,Chat,Skype
nonTor_VoIP_Skype_audio_1.pcap.TCP_10-152-152-11_59438_79-91-193-190_54413_stream_0.pcap,tcp_0,tcp,0,Skype,nonTor,VoIP,Skype
nonTor_VoIP_Skype_audio_1.pcap.TCP_10-152-152-11_35442_146-199-158-160_7689_stream_0.pcap,tcp_0,tcp,0,Skype,nonTor,VoIP,Skype
nonTor_VoIP_Skype_audio_2.pcap.UDP_10-152-152-11_24007_76-7-202-234_56820_stream_0.pcap,udp_0,udp,0,Skype,nonTor,VoIP,Skype
nonTor_FileTransfer_Skype_file_1.pcap.UDP_10-152-152-11_3697_111-221-77-155_443_stream_0.pcap,udp_0,udp,0,Skype,nonTor,FileTransfer,Skype
nonTor_VoIP_Skype_audio_2.pcap.UDP_10-152-152-11_24007_73-181-163-191_31909_stream_0.pcap,udp_0,udp,0,Skype,nonTor,VoIP,Skype
nonTor_VoIP_Skype_audio_2.pcap.TCP_10-152-152-11_51554_74-222-216-60_18408_stream_0.pcap,tcp_0,tcp,0,Skype,nonTor,VoIP,Skype
nonTor_VoIP_Skype_audio_1.pcap.TCP_5-228-194-131_63933_10-152-152-11_55453_stream_0.pcap,tcp_0,tcp,0,Skype,nonTor,VoIP,Skype
nonTor_VoIP_Skype_audio_1.pcap.TCP_10-152-152-11_59887_91-190-218-212_13392_stream_0.pcap,tcp_0,tcp,0,Skype,nonTor,VoIP,Skype
nonTor_Chat_Skype_none_1.pcap.UDP_10-152-152-11_3697_111-221-77-174_443_stream_0.pcap,udp_0,udp,0,Skype,nonTor,Chat,Skype
nonTor_VoIP_Skype_audio_2.pcap.UDP_10-152-152-11_24007_95-20-154-182_49293_stream_0.pcap,udp_0,udp,0,Skype,nonTor,VoIP,Skype
nonTor_VoIP_Skype_audio_2.pcap.UDP_10-152-152-11_24007_157-55-130-175_40027_stream_0.pcap,udp_0,udp,0,Skype,nonTor,VoIP,Skype
nonTor_Chat_Skype_none_1.pcap.UDP_10-152-152-11_3697_178-150-72-231_45053_stream_0.pcap,udp_0,udp,0,Skype,nonTor,Chat,Skype
nonTor_VoIP_Skype_audio_2.pcap.UDP_10-152-152-11_24007_130-204-24-238_33365_stream_0.pcap,udp_0,udp,0,Skype,nonTor,VoIP,Skype
nonTor_VoIP_Skype_audio_2.pcap.TCP_10-152-152-11_41541_68-9-238-106_63474_stream_0.pcap,tcp_0,tcp,0,Skype,nonTor,VoIP,Skype
nonTor_VoIP_Skype_audio_2.pcap.UDP_10-152-152-11_24007_65-55-223-30_443_stream_0.pcap,udp_0,udp,0,Skype,nonTor,VoIP,Skype
nonTor_VoIP_Skype_audio_2.pcap.UDP_10-152-152-11_24007_68-9-238-106_63474_stream_0.pcap,udp_0,udp,0,Skype,nonTor,VoIP,Skype
nonTor_VoIP_Skype_audio_1.pcap.TCP_10-152-152-11_58400_85-69-127-167_18212_stream_0.pcap,tcp_0,tcp,0,Skype,nonTor,VoIP,Skype
nonTor_Chat_Skype_none_1.pcap.UDP_10-152-152-11_3697_157-55-130-162_443_stream_0.pcap,udp_0,udp,0,Skype,nonTor,Chat,Skype
nonTor_VoIP_Skype_audio_2.pcap.UDP_10-152-152-11_24007_111-221-77-155_443_stream_0.pcap,udp_0,udp,0,Skype,nonTor,VoIP,Skype
nonTor_Chat_Skype_none_1.pcap.UDP_10-152-152-11_3697_85-152-106-250_12693_stream_0.pcap,udp_0,udp,0,Skype,nonTor,Chat,Skype
nonTor_FileTransfer_Skype_file_1.pcap.UDP_10-152-152-11_3697_109-254-13-69_1562_stream_0.pcap,udp_0,udp,0,Skype,nonTor,FileTransfer,Skype
nonTor_Chat_Skype_none_1.pcap.UDP_10-152-152-11_3697_73-177-197-107_2319_stream_0.pcap,udp_0,udp,0,Skype,nonTor,Chat,Skype
nonTor_FileTransfer_Skype_file_1.pcap.UDP_10-152-152-11_3697_90-157-63-14_44640_stream_0.pcap,udp_0,udp,0,Skype,nonTor,FileTransfer,Skype
nonTor_Chat_Skype_none_2.pcap.TCP_10-152-152-11_44075_151-51-108-28_37962_stream_0.pcap,tcp_0,tcp,0,Skype,nonTor,Chat,Skype
nonTor_VoIP_Skype_audio_2.pcap.UDP_10-152-152-11_24007_84-105-67-233_52080_stream_0.pcap,udp_0,udp,0,Skype,nonTor,VoIP,Skype
nonTor_Chat_Skype_none_1.pcap.UDP_10-152-152-11_3697_187-188-101-230_63872_stream_0.pcap,udp_0,udp,0,Skype,nonTor,Chat,Skype
nonTor_FileTransfer_Skype_file_1.pcap.UDP_10-152-152-11_3697_111-221-77-159_443_stream_0.pcap,udp_0,udp,0,Skype,nonTor,FileTransfer,Skype
nonTor_VoIP_Skype_audio_2.pcap.TCP_10-152-152-11_57977_23-101-158-111_443_stream_0.pcap,tcp_0,tcp,0,Skype,nonTor,VoIP,Skype
nonTor_VoIP_Skype_audio_1.pcap.UDP_10-152-152-11_3697_94-34-118-126_31636_stream_0.pcap,udp_0,udp,0,Skype,nonTor,VoIP,Skype
nonTor_VoIP_Skype_audio_2.pcap.UDP_10-152-152-11_24007_157-56-52-42_443_stream_0.pcap,udp_0,udp,0,Skype,nonTor,VoIP,Skype
nonTor_VoIP_Skype_audio_1.pcap.TCP_10-152-152-11_42161_75-138-232-123_43572_stream_0.pcap,tcp_0,tcp,0,Skype,nonTor,VoIP,Skype
nonTor_VoIP_Skype_audio_2.pcap.UDP_10-152-152-11_24007_71-66-111-131_42885_stream_0.pcap,udp_0,udp,0,Skype,nonTor,VoIP,Skype
nonTor_VoIP_Skype_audio_1.pcap.UDP_10-152-152-11_3697_157-56-52-48_443_stream_0.pcap,udp_0,udp,0,Skype,nonTor,VoIP,Skype
nonTor_VoIP_Skype_audio_2.pcap.TCP_10-152-152-11_41934_178-200-144-185_53736_stream_0.pcap,tcp_0,tcp,0,Skype,nonTor,VoIP,Skype
nonTor_VoIP_Skype_audio_1.pcap.TCP_10-152-152-11_37630_161-10-221-22_55128_stream_0.pcap,tcp_0,tcp,0,Skype,nonTor,VoIP,Skype
nonTor_VoIP_Skype_audio_1.pcap.TCP_10-152-152-11_43084_92-158-54-6_45707_stream_0.pcap,tcp_0,tcp,0,Skype,nonTor,VoIP,Skype
nonTor_VoIP_Skype_audio_1.pcap.TCP_10-152-152-11_59532_97-92-92-189_30596_stream_0.pcap,tcp_0,tcp,0,Skype,nonTor,VoIP,Skype
nonTor_VoIP_Skype_audio_1.pcap.TCP_10-152-152-11_40148_68-98-161-173_1763_stream_0.pcap,tcp_0,tcp,0,Skype,nonTor,VoIP,Skype
nonTor_VoIP_Skype_audio_1.pcap.UDP_10-152-152-11_3697_157-55-56-149_443_stream_0.pcap,udp_0,udp,0,Skype,nonTor,VoIP,Skype
nonTor_VoIP_Skype_audio_1.pcap.UDP_10-152-152-11_3697_68-101-177-67_14052_stream_0.pcap,udp_0,udp,0,Skype,nonTor,VoIP,Skype
nonTor_VoIP_Skype_audio_1.pcap.TCP_5-228-194-131_63933_10-152-152-11_55451_stream_0.pcap,tcp_0,tcp,0,Skype,nonTor,VoIP,Skype
Tor_VoIP_Skype_audio_2.pcap.TCP_10-0-2-15_54027_148-251-190-229_9010_stream_0.pcap,tcp_0,tcp,0,Skype,Tor,VoIP,Skype
nonTor_VoIP_Skype_audio_2.pcap.UDP_10-152-152-11_24007_157-56-52-29_443_stream_0.pcap,udp_0,udp,0,Skype,nonTor,VoIP,Skype
nonTor_VoIP_Skype_audio_1.pcap.UDP_10-152-152-11_3697_157-55-56-175_443_stream_0.pcap,udp_0,udp,0,Skype,nonTor,VoIP,Skype
nonTor_VoIP_Skype_audio_1.pcap.TCP_10-152-152-11_48640_90-197-157-232_33931_stream_0.pcap,tcp_0,tcp,0,Skype,nonTor,VoIP,Skype
nonTor_FileTransfer_Skype_file_1.pcap.UDP_10-152-152-11_3697_79-170-167-18_4747_stream_0.pcap,udp_0,udp,0,Skype,nonTor,FileTransfer,Skype
nonTor_FileTransfer_Skype_file_1.pcap.UDP_10-152-152-11_3697_189-30-230-142_10235_stream_0.pcap,udp_0,udp,0,Skype,nonTor,FileTransfer,Skype
nonTor_VoIP_Skype_audio_1.pcap.UDP_10-152-152-11_3697_86-219-195-253_7745_stream_0.pcap,udp_0,udp,0,Skype,nonTor,VoIP,Skype
nonTor_VoIP_Skype_audio_1.pcap.TCP_10-152-152-11_35236_77-195-110-199_42769_stream_0.pcap,tcp_0,tcp,0,Skype,nonTor,VoIP,Skype
nonTor_VoIP_Skype_audio_2.pcap.TCP_10-152-152-11_37056_69-63-5-96_16923_stream_0.pcap,tcp_0,tcp,0,Skype,nonTor,VoIP,Skype
nonTor_VoIP_Skype_audio_1.pcap.UDP_10-152-152-11_3697_75-115-132-27_31973_stream_0.pcap,udp_0,udp,0,Skype,nonTor,VoIP,Skype
nonTor_FileTransfer_Skype_file_1.pcap.TCP_10-152-152-11_58275_68-131-47-235_28758_stream_0.pcap,tcp_0,tcp,0,Skype,nonTor,FileTransfer,Skype
nonTor_FileTransfer_Skype_file_1.pcap.TCP_10-152-152-11_47260_24-177-118-141_47363_stream_0.pcap,tcp_0,tcp,0,Skype,nonTor,FileTransfer,Skype
nonTor_VoIP_Skype_audio_2.pcap.UDP_10-152-152-11_24007_213-199-179-159_443_stream_0.pcap,udp_0,udp,0,Skype,nonTor,VoIP,Skype
nonTor_VoIP_Skype_audio_1.pcap.UDP_10-152-152-11_3697_97-92-92-189_30596_stream_0.pcap,udp_0,udp,0,Skype,nonTor,VoIP,Skype
nonTor_VoIP_Skype_audio_1.pcap.UDP_10-152-152-11_3697_173-34-200-162_33006_stream_0.pcap,udp_0,udp,0,Skype,nonTor,VoIP,Skype
nonTor_VoIP_Skype_audio_1.pcap.UDP_10-152-152-11_3697_128-70-23-45_1699_stream_0.pcap,udp_0,udp,0,Skype,nonTor,VoIP,Skype
nonTor_VoIP_Skype_audio_1.pcap.TCP_10-152-152-11_40183_89-152-187-182_44732_stream_0.pcap,tcp_0,tcp,0,Skype,nonTor,VoIP,Skype
nonTor_FileTransfer_Skype_file_1.pcap.UDP_10-152-152-11_3697_91-199-105-52_42575_stream_0.pcap,udp_0,udp,0,Skype,nonTor,FileTransfer,Skype
nonTor_FileTransfer_Skype_file_1.pcap.UDP_10-152-152-11_3697_213-199-179-163_443_stream_0.pcap,udp_0,udp,0,Skype,nonTor,FileTransfer,Skype
nonTor_VoIP_Skype_audio_1.pcap.TCP_10-152-152-11_36844_93-107-76-88_49482_stream_0.pcap,tcp_0,tcp,0,Skype,nonTor,VoIP,Skype
nonTor_VoIP_Skype_audio_1.pcap.TCP_10-152-152-11_38837_193-81-125-201_40978_stream_0.pcap,tcp_0,tcp,0,Skype,nonTor,VoIP,Skype
nonTor_VoIP_Skype_audio_2.pcap.TCP_10-152-152-11_50587_128-70-51-125_7048_stream_0.pcap,tcp_0,tcp,0,Skype,nonTor,VoIP,Skype
nonTor_VoIP_Skype_audio_1.pcap.TCP_10-152-152-11_58654_92-157-203-40_58592_stream_0.pcap,tcp_0,tcp,0,Skype,nonTor,VoIP,Skype
nonTor_VoIP_Skype_audio_1.pcap.TCP_10-152-152-11_42487_178-254-64-78_52882_stream_0.pcap,tcp_0,tcp,0,Skype,nonTor,VoIP,Skype
nonTor_Chat_Skype_none_2.pcap.UDP_10-152-152-11_3697_185-41-43-4_30994_stream_0.pcap,udp_0,udp,0,Skype,nonTor,Chat,Skype
nonTor_VoIP_Skype_audio_2.pcap.UDP_10-152-152-11_24007_173-63-35-225_62402_stream_0.pcap,udp_0,udp,0,Skype,nonTor,VoIP,Skype
nonTor_VoIP_Skype_audio_1.pcap.TCP_2-103-17-59_44254_10-152-152-11_36850_stream_0.pcap,tcp_0,tcp,0,Skype,nonTor,VoIP,Skype
nonTor_VoIP_Skype_audio_2.pcap.UDP_10-152-152-11_24007_94-242-198-164_3697_stream_0.pcap,udp_0,udp,0,Skype,nonTor,VoIP,Skype
nonTor_VoIP_Skype_audio_1.pcap.TCP_10-152-152-11_34487_94-173-24-152_59878_stream_0.pcap,tcp_0,tcp,0,Skype,nonTor,VoIP,Skype
nonTor_Chat_Skype_none_1.pcap.UDP_10-152-152-11_3697_111-221-77-176_443_stream_0.pcap,udp_0,udp,0,Skype,nonTor,Chat,Skype
nonTor_VoIP_Skype_audio_1.pcap.UDP_10-152-152-11_3697_178-25-251-201_43152_stream_0.pcap,udp_0,udp,0,Skype,nonTor,VoIP,Skype
nonTor_VoIP_Skype_audio_2.pcap.UDP_10-152-152-11_24007_189-169-40-94_3907_stream_0.pcap,udp_0,udp,0,Skype,nonTor,VoIP,Skype
nonTor_VoIP_Skype_audio_1.pcap.TCP_10-152-152-11_48373_178-190-22-67_25043_stream_0.pcap,tcp_0,tcp,0,Skype,nonTor,VoIP,Skype
nonTor_VoIP_Skype_audio_1.pcap.UDP_10-152-152-11_3697_74-71-231-42_4969_stream_0.pcap,udp_0,udp,0,Skype,nonTor,VoIP,Skype
nonTor_VoIP_Skype_audio_1.pcap.TCP_10-152-152-11_48862_73-147-205-102_55896_stream_0.pcap,tcp_0,tcp,0,Skype,nonTor,VoIP,Skype
nonTor_VoIP_Skype_audio_1.pcap.TCP_10-152-152-11_42494_109-145-230-225_64550_stream_0.pcap,tcp_0,tcp,0,Skype,nonTor,VoIP,Skype
nonTor_VoIP_Skype_audio_1.pcap.TCP_10-152-152-11_43702_74-69-91-10_38036_stream_0.pcap,tcp_0,tcp,0,Skype,nonTor,VoIP,Skype
nonTor_VoIP_Skype_audio_1.pcap.TCP_10-152-152-11_44608_90-64-16-252_21523_stream_0.pcap,tcp_0,tcp,0,Skype,nonTor,VoIP,Skype
nonTor_VoIP_Skype_audio_1.pcap.TCP_10-152-152-11_50879_72-23-159-230_33891_stream_0.pcap,tcp_0,tcp,0,Skype,nonTor,VoIP,Skype
nonTor_FileTransfer_Skype_file_1.pcap.TCP_10-152-152-11_57812_72-52-169-215_47270_stream_0.pcap,tcp_0,tcp,0,Skype,nonTor,FileTransfer,Skype
nonTor_Chat_Skype_none_2.pcap.UDP_10-152-152-11_3697_121-166-255-75_10603_stream_0.pcap,udp_0,udp,0,Skype,nonTor,Chat,Skype
nonTor_VoIP_Skype_audio_1.pcap.TCP_10-152-152-11_44312_151-74-156-135_37334_stream_0.pcap,tcp_0,tcp,0,Skype,nonTor,VoIP,Skype
nonTor_VoIP_Skype_audio_1.pcap.UDP_10-152-152-11_3697_176-112-230-243_25015_stream_0.pcap,udp_0,udp,0,Skype,nonTor,VoIP,Skype
nonTor_FileTransfer_Skype_file_1.pcap.UDP_10-152-152-11_3697_187-52-193-226_17685_stream_0.pcap,udp_0,udp,0,Skype,nonTor,FileTransfer,Skype
nonTor_VoIP_Skype_audio_1.pcap.TCP_10-152-152-11_56949_98-162-179-35_4446_stream_0.pcap,tcp_0,tcp,0,Skype,nonTor,VoIP,Skype
nonTor_VoIP_Skype_audio_1.pcap.UDP_10-152-152-11_3697_65-55-223-37_443_stream_0.pcap,udp_0,udp,0,Skype,nonTor,VoIP,Skype
nonTor_Chat_Skype_none_2.pcap.TCP_10-152-152-11_39531_173-51-119-15_39202_stream_0.pcap,tcp_0,tcp,0,Skype,nonTor,Chat,Skype
nonTor_Chat_Skype_none_1.pcap.UDP_10-152-152-11_3697_77-121-41-107_5066_stream_0.pcap,udp_0,udp,0,Skype,nonTor,Chat,Skype
nonTor_VoIP_Skype_audio_1.pcap.TCP_10-152-152-11_60911_50-143-175-230_4797_stream_0.pcap,tcp_0,tcp,0,Skype,nonTor,VoIP,Skype
nonTor_VoIP_Skype_audio_1.pcap.TCP_10-152-152-10_9110_10-152-152-11_33302_stream_0.pcap,tcp_0,tcp,0,Skype,nonTor,VoIP,Skype
nonTor_VoIP_Skype_audio_1.pcap.TCP_10-152-152-11_37516_68-197-145-238_24689_stream_0.pcap,tcp_0,tcp,0,Skype,nonTor,VoIP,Skype
nonTor_FileTransfer_Skype_file_1.pcap.UDP_10-152-152-11_3697_85-49-175-148_45976_stream_0.pcap,udp_0,udp,0,Skype,nonTor,FileTransfer,Skype
nonTor_VoIP_Skype_audio_1.pcap.TCP_10-152-152-11_37452_86-221-52-13_8622_stream_0.pcap,tcp_0,tcp,0,Skype,nonTor,VoIP,Skype
nonTor_VoIP_Skype_audio_2.pcap.UDP_10-152-152-11_24007_134-249-247-16_36068_stream_0.pcap,udp_0,udp,0,Skype,nonTor,VoIP,Skype
nonTor_VoIP_Skype_audio_1.pcap.TCP_10-152-152-11_43142_134-228-89-39_3364_stream_0.pcap,tcp_0,tcp,0,Skype,nonTor,VoIP,Skype
nonTor_VoIP_Skype_audio_1.pcap.TCP_10-152-152-11_59110_66-31-33-147_12528_stream_0.pcap,tcp_0,tcp,0,Skype,nonTor,VoIP,Skype
nonTor_VoIP_Skype_audio_1.pcap.TCP_10-152-152-11_40837_151-250-96-71_20141_stream_0.pcap,tcp_0,tcp,0,Skype,nonTor,VoIP,Skype
nonTor_FileTransfer_Skype_file_1.pcap.TCP_10-152-152-10_9104_10-152-152-11_47812_stream_0.pcap,tcp_0,tcp,0,Skype,nonTor,FileTransfer,Skype
nonTor_VoIP_Skype_audio_2.pcap.UDP_10-152-152-11_24007_81-90-238-14_5582_stream_0.pcap,udp_0,udp,0,Skype,nonTor,VoIP,Skype
nonTor_VoIP_Skype_audio_2.pcap.UDP_10-152-152-11_24007_111-221-74-31_443_stream_0.pcap,udp_0,udp,0,Skype,nonTor,VoIP,Skype
nonTor_Chat_Skype_none_2.pcap.UDP_10-152-152-11_3697_173-29-252-254_6432_stream_0.pcap,udp_0,udp,0,Skype,nonTor,Chat,Skype
nonTor_VoIP_Skype_audio_1.pcap.TCP_10-152-152-11_48131_98-14-138-219_9993_stream_0.pcap,tcp_0,tcp,0,Skype,nonTor,VoIP,Skype
nonTor_FileTransfer_Skype_file_1.pcap.UDP_10-152-152-11_3697_82-64-202-116_26415_stream_0.pcap,udp_0,udp,0,Skype,nonTor,FileTransfer,Skype
nonTor_VoIP_Skype_audio_1.pcap.UDP_10-152-152-11_3697_176-113-251-77_3785_stream_0.pcap,udp_0,udp,0,Skype,nonTor,VoIP,Skype
nonTor_VoIP_Skype_audio_1.pcap.TCP_10-152-152-11_51629_68-202-30-235_56986_stream_0.pcap,tcp_0,tcp,0,Skype,nonTor,VoIP,Skype
nonTor_VoIP_Skype_audio_1.pcap.UDP_10-152-152-11_3697_124-210-204-39_37570_stream_0.pcap,udp_0,udp,0,Skype,nonTor,VoIP,Skype
nonTor_VoIP_Skype_audio_2.pcap.UDP_10-152-152-11_24007_83-243-179-77_5672_stream_0.pcap,udp_0,udp,0,Skype,nonTor,VoIP,Skype
nonTor_Chat_Skype_none_2.pcap.UDP_10-152-152-11_3697_129-125-175-111_26915_stream_0.pcap,udp_0,udp,0,Skype,nonTor,Chat,Skype
nonTor_VoIP_Skype_audio_1.pcap.UDP_10-152-152-11_3697_136-169-61-137_36859_stream_0.pcap,udp_0,udp,0,Skype,nonTor,VoIP,Skype
nonTor_VoIP_Skype_audio_1.pcap.TCP_10-152-152-11_54730_94-12-177-246_53601_stream_0.pcap,tcp_0,tcp,0,Skype,nonTor,VoIP,Skype
nonTor_Chat_Skype_none_2.pcap.UDP_10-152-152-11_3697_157-56-52-41_443_stream_0.pcap,udp_0,udp,0,Skype,nonTor,Chat,Skype
nonTor_VoIP_Skype_audio_2.pcap.UDP_10-152-152-11_24007_99-238-249-218_48892_stream_0.pcap,udp_0,udp,0,Skype,nonTor,VoIP,Skype
nonTor_VoIP_Skype_audio_1.pcap.UDP_10-152-152-11_3697_128-175-217-245_45556_stream_0.pcap,udp_0,udp,0,Skype,nonTor,VoIP,Skype
nonTor_VoIP_Skype_audio_2.pcap.UDP_10-152-152-11_24007_46-173-174-149_30017_stream_0.pcap,udp_0,udp,0,Skype,nonTor,VoIP,Skype
nonTor_VoIP_Skype_audio_2.pcap.TCP_10-152-152-11_50796_128-71-58-141_22135_stream_0.pcap,tcp_0,tcp,0,Skype,nonTor,VoIP,Skype
nonTor_FileTransfer_Skype_file_1.pcap.UDP_10-152-152-11_3697_89-254-221-84_22770_stream_0.pcap,udp_0,udp,0,Skype,nonTor,FileTransfer,Skype
nonTor_VoIP_Skype_audio_2.pcap.UDP_10-152-152-11_24007_157-55-235-169_443_stream_0.pcap,udp_0,udp,0,Skype,nonTor,VoIP,Skype
nonTor_VoIP_Skype_audio_2.pcap.TCP_10-152-152-11_39285_188-32-175-0_12224_stream_0.pcap,tcp_0,tcp,0,Skype,nonTor,VoIP,Skype
nonTor_VoIP_Skype_audio_1.pcap.TCP_10-152-152-11_52770_109-153-170-156_46470_stream_0.pcap,tcp_0,tcp,0,Skype,nonTor,VoIP,Skype
nonTor_Chat_Skype_none_2.pcap.TCP_10-152-152-11_52261_108-2-111-148_27863_stream_0.pcap,tcp_0,tcp,0,Skype,nonTor,Chat,Skype
nonTor_VoIP_Skype_audio_1.pcap.UDP_10-152-152-11_3697_83-145-161-183_56396_stream_0.pcap,udp_0,udp,0,Skype,nonTor,VoIP,Skype
nonTor_FileTransfer_Skype_file_1.pcap.UDP_10-152-152-11_3697_111-221-77-154_443_stream_0.pcap,udp_0,udp,0,Skype,nonTor,FileTransfer,Skype
nonTor_VoIP_Skype_audio_1.pcap.UDP_10-152-152-11_3697_50-163-117-194_2221_stream_0.pcap,udp_0,udp,0,Skype,nonTor,VoIP,Skype
nonTor_VoIP_Skype_audio_1.pcap.TCP_10-152-152-11_55559_81-149-50-95_18097_stream_0.pcap,tcp_0,tcp,0,Skype,nonTor,VoIP,Skype
nonTor_VoIP_Skype_audio_1.pcap.TCP_10-152-152-11_48469_77-193-168-251_43707_stream_0.pcap,tcp_0,tcp,0,Skype,nonTor,VoIP,Skype
nonTor_VoIP_Skype_audio_1.pcap.TCP_10-152-152-11_35225_83-153-233-167_57028_stream_0.pcap,tcp_0,tcp,0,Skype,nonTor,VoIP,Skype
nonTor_Chat_Skype_none_2.pcap.UDP_10-152-152-11_3697_213-199-179-154_443_stream_0.pcap,udp_0,udp,0,Skype,nonTor,Chat,Skype
nonTor_FileTransfer_Skype_file_1.pcap.UDP_10-152-152-11_3697_93-75-12-34_19761_stream_0.pcap,udp_0,udp,0,Skype,nonTor,FileTransfer,Skype
nonTor_VoIP_Skype_audio_1.pcap.TCP_10-152-152-11_37738_173-55-240-109_16519_stream_0.pcap,tcp_0,tcp,0,Skype,nonTor,VoIP,Skype
nonTor_Chat_Skype_none_1.pcap.UDP_10-152-152-11_3697_111-221-77-155_443_stream_0.pcap,udp_0,udp,0,Skype,nonTor,Chat,Skype
nonTor_VoIP_Skype_audio_1.pcap.TCP_10-152-152-11_55605_128-70-201-189_24787_stream_0.pcap,tcp_0,tcp,0,Skype,nonTor,VoIP,Skype
nonTor_FileTransfer_Skype_file_1.pcap.UDP_10-152-152-11_3697_213-199-179-153_443_stream_0.pcap,udp_0,udp,0,Skype,nonTor,FileTransfer,Skype
nonTor_VoIP_Skype_audio_1.pcap.TCP_10-152-152-11_47767_72-225-209-38_15291_stream_0.pcap,tcp_0,tcp,0,Skype,nonTor,VoIP,Skype
nonTor_VoIP_Skype_audio_2.pcap.UDP_10-152-152-11_24007_188-115-170-247_19168_stream_0.pcap,udp_0,udp,0,Skype,nonTor,VoIP,Skype
nonTor_Chat_Skype_none_2.pcap.UDP_10-152-152-11_3697_213-199-179-159_443_stream_0.pcap,udp_0,udp,0,Skype,nonTor,Chat,Skype
nonTor_VoIP_Skype_audio_2.pcap.UDP_10-152-152-11_24007_157-55-56-167_443_stream_0.pcap,udp_0,udp,0,Skype,nonTor,VoIP,Skype
nonTor_VoIP_Skype_audio_2.pcap.UDP_10-152-152-11_24007_213-199-179-169_443_stream_0.pcap,udp_0,udp,0,Skype,nonTor,VoIP,Skype
nonTor_VoIP_Skype_audio_1.pcap.TCP_10-152-152-11_35087_46-64-13-49_45408_stream_0.pcap,tcp_0,tcp,0,Skype,nonTor,VoIP,Skype
nonTor_VoIP_Skype_audio_1.pcap.TCP_10-152-152-11_53702_217-120-35-69_30984_stream_0.pcap,tcp_0,tcp,0,Skype,nonTor,VoIP,Skype
nonTor_VoIP_Skype_audio_1.pcap.TCP_10-152-152-11_53464_67-253-124-117_58337_stream_0.pcap,tcp_0,tcp,0,Skype,nonTor,VoIP,Skype
nonTor_Chat_Skype_none_2.pcap.TCP_5-14-63-154_40181_10-152-152-11_43956_stream_0.pcap,tcp_0,tcp,0,Skype,nonTor,Chat,Skype
nonTor_VoIP_Skype_audio_2.pcap.TCP_10-152-152-11_48430_134-249-51-23_30711_stream_0.pcap,tcp_0,tcp,0,Skype,nonTor,VoIP,Skype
nonTor_VoIP_Skype_audio_1.pcap.TCP_10-152-152-11_58793_83-100-255-240_47641_stream_0.pcap,tcp_0,tcp,0,Skype,nonTor,VoIP,Skype
nonTor_VoIP_Skype_audio_1.pcap.TCP_10-152-152-11_60673_71-194-167-42_27901_stream_0.pcap,tcp_0,tcp,0,Skype,nonTor,VoIP,Skype
nonTor_VoIP_Skype_audio_2.pcap.TCP_10-152-152-10_9110_10-152-152-11_47700_stream_0.pcap,tcp_0,tcp,0,Skype,nonTor,VoIP,Skype
nonTor_VoIP_Skype_audio_1.pcap.UDP_10-152-152-11_3697_173-49-166-161_57260_stream_0.pcap,udp_0,udp,0,Skype,nonTor,VoIP,Skype
nonTor_FileTransfer_Skype_file_1.pcap.TCP_10-152-152-11_50745_178-164-98-76_57942_stream_0.pcap,tcp_0,tcp,0,Skype,nonTor,FileTransfer,Skype
nonTor_VoIP_Skype_audio_1.pcap.UDP_10-152-152-11_3697_111-221-77-149_443_stream_0.pcap,udp_0,udp,0,Skype,nonTor,VoIP,Skype
nonTor_VoIP_Skype_audio_1.pcap.TCP_10-152-152-11_52769_109-153-170-156_46470_stream_0.pcap,tcp_0,tcp,0,Skype,nonTor,VoIP,Skype
nonTor_VoIP_Skype_audio_1.pcap.UDP_10-152-152-11_3697_159-118-251-24_22498_stream_0.pcap,udp_0,udp,0,Skype,nonTor,VoIP,Skype
nonTor_VoIP_Skype_audio_2.pcap.UDP_10-152-152-11_24007_131-247-201-142_58572_stream_0.pcap,udp_0,udp,0,Skype,nonTor,VoIP,Skype
nonTor_VoIP_Skype_audio_1.pcap.TCP_10-152-152-11_42488_178-254-64-78_52882_stream_0.pcap,tcp_0,tcp,0,Skype,nonTor,VoIP,Skype
nonTor_VoIP_Skype_audio_2.pcap.UDP_10-152-152-11_24007_157-55-130-162_443_stream_0.pcap,udp_0,udp,0,Skype,nonTor,VoIP,Skype
nonTor_VoIP_Skype_audio_1.pcap.TCP_10-152-152-11_45302_109-214-180-100_6444_stream_0.pcap,tcp_0,tcp,0,Skype,nonTor,VoIP,Skype
nonTor_VoIP_Skype_audio_1.pcap.TCP_10-152-152-11_53311_97-80-232-59_8658_stream_0.pcap,tcp_0,tcp,0,Skype,nonTor,VoIP,Skype
nonTor_VoIP_Skype_audio_2.pcap.UDP_10-152-152-11_24007_76-98-108-66_48696_stream_0.pcap,udp_0,udp,0,Skype,nonTor,VoIP,Skype
nonTor_VoIP_Skype_audio_2.pcap.TCP_10-152-152-11_38769_77-120-75-16_14375_stream_0.pcap,tcp_0,tcp,0,Skype,nonTor,VoIP,Skype
nonTor_VoIP_Skype_audio_2.pcap.UDP_10-152-152-11_24007_119-31-159-191_8994_stream_0.pcap,udp_0,udp,0,Skype,nonTor,VoIP,Skype
nonTor_VoIP_Skype_audio_2.pcap.UDP_10-152-152-11_24007_157-55-235-170_443_stream_0.pcap,udp_0,udp,0,Skype,nonTor,VoIP,Skype
nonTor_VoIP_Skype_audio_1.pcap.TCP_10-152-152-11_55558_81-149-50-95_18097_stream_0.pcap,tcp_0,tcp,0,Skype,nonTor,VoIP,Skype
nonTor_VoIP_Skype_audio_1.pcap.UDP_10-152-152-11_3697_111-221-74-21_443_stream_0.pcap,udp_0,udp,0,Skype,nonTor,VoIP,Skype
nonTor_VoIP_Skype_audio_1.pcap.TCP_10-152-152-11_53279_94-224-45-174_20527_stream_0.pcap,tcp_0,tcp,0,Skype,nonTor,VoIP,Skype
nonTor_VoIP_Skype_audio_1.pcap.UDP_10-152-152-11_3697_211-214-176-105_58319_stream_0.pcap,udp_0,udp,0,Skype,nonTor,VoIP,Skype
nonTor_VoIP_Skype_audio_2.pcap.UDP_10-152-152-11_24007_84-248-226-142_61756_stream_0.pcap,udp_0,udp,0,Skype,nonTor,VoIP,Skype
nonTor_VoIP_Skype_audio_1.pcap.TCP_10-152-152-11_49607_46-189-128-160_17928_stream_0.pcap,tcp_0,tcp,0,Skype,nonTor,VoIP,Skype
nonTor_VoIP_Skype_audio_2.pcap.TCP_10-152-152-11_38865_130-88-113-27_9211_stream_0.pcap,tcp_0,tcp,0,Skype,nonTor,VoIP,Skype
nonTor_FileTransfer_Skype_file_1.pcap.UDP_10-152-152-11_3697_157-56-52-33_443_stream_0.pcap,udp_0,udp,0,Skype,nonTor,FileTransfer,Skype
nonTor_VoIP_Skype_audio_2.pcap.UDP_10-152-152-11_24007_173-65-70-166_47092_stream_0.pcap,udp_0,udp,0,Skype,nonTor,VoIP,Skype
nonTor_VoIP_Skype_audio_1.pcap.TCP_10-152-152-11_51454_151-237-100-113_3673_stream_0.pcap,tcp_0,tcp,0,Skype,nonTor,VoIP,Skype
nonTor_Chat_Skype_none_1.pcap.UDP_10-152-152-11_3697_111-221-77-169_443_stream_0.pcap,udp_0,udp,0,Skype,nonTor,Chat,Skype
nonTor_VoIP_Skype_audio_1.pcap.TCP_10-152-152-11_55606_128-70-201-189_24787_stream_0.pcap,tcp_0,tcp,0,Skype,nonTor,VoIP,Skype
nonTor_Chat_Skype_none_2.pcap.UDP_10-152-152-11_3697_83-204-147-65_33256_stream_0.pcap,udp_0,udp,0,Skype,nonTor,Chat,Skype
nonTor_VoIP_Skype_audio_1.pcap.TCP_10-152-152-11_39341_82-85-117-22_16877_stream_0.pcap,tcp_0,tcp,0,Skype,nonTor,VoIP,Skype
nonTor_FileTransfer_Skype_file_1.pcap.UDP_10-152-152-11_3697_68-131-47-235_28758_stream_0.pcap,udp_0,udp,0,Skype,nonTor,FileTransfer,Skype
nonTor_VoIP_Skype_audio_2.pcap.TCP_10-152-152-11_46401_173-65-70-166_47092_stream_0.pcap,tcp_0,tcp,0,Skype,nonTor,VoIP,Skype
nonTor_VoIP_Skype_audio_1.pcap.TCP_10-152-152-11_43701_74-69-91-10_38036_stream_0.pcap,tcp_0,tcp,0,Skype,nonTor,VoIP,Skype
nonTor_FileTransfer_Skype_file_1.pcap.UDP_10-152-152-11_3697_157-56-52-36_443_stream_0.pcap,udp_0,udp,0,Skype,nonTor,FileTransfer,Skype
nonTor_VoIP_Skype_audio_1.pcap.UDP_10-152-152-11_3697_157-56-52-37_443_stream_0.pcap,udp_0,udp,0,Skype,nonTor,VoIP,Skype
nonTor_VoIP_Skype_audio_1.pcap.TCP_10-152-152-11_54651_95-23-232-184_29302_stream_0.pcap,tcp_0,tcp,0,Skype,nonTor,VoIP,Skype
nonTor_VoIP_Skype_audio_2.pcap.UDP_10-152-152-11_24007_88-212-37-134_31652_stream_0.pcap,udp_0,udp,0,Skype,nonTor,VoIP,Skype
nonTor_VoIP_Skype_audio_2.pcap.UDP_10-152-152-11_24007_177-141-127-204_52264_stream_0.pcap,udp_0,udp,0,Skype,nonTor,VoIP,Skype
nonTor_VoIP_Skype_audio_1.pcap.TCP_10-152-152-11_49608_46-189-128-160_17928_stream_0.pcap,tcp_0,tcp,0,Skype,nonTor,VoIP,Skype
nonTor_Chat_Skype_none_1.pcap.UDP_10-152-152-11_3697_132-235-13-22_58985_stream_0.pcap,udp_0,udp,0,Skype,nonTor,Chat,Skype
Tor_VoIP_Skype_audio_1.pcap.TCP_10-0-2-15_43771_148-251-190-229_9010_stream_0.pcap,tcp_0,tcp,0,Skype,Tor,VoIP,Skype
nonTor_VoIP_Skype_audio_1.pcap.UDP_10-152-152-11_3697_129-105-83-168_36201_stream_0.pcap,udp_0,udp,0,Skype,nonTor,VoIP,Skype
nonTor_Chat_Skype_none_2.pcap.UDP_10-152-152-11_3697_114-85-251-125_46190_stream_0.pcap,udp_0,udp,0,Skype,nonTor,Chat,Skype
nonTor_VoIP_Skype_audio_1.pcap.UDP_10-152-152-11_3697_85-26-42-231_27376_stream_0.pcap,udp_0,udp,0,Skype,nonTor,VoIP,Skype
nonTor_FileTransfer_Skype_file_1.pcap.TCP_10-152-152-11_52948_66-186-246-163_29849_stream_0.pcap,tcp_0,tcp,0,Skype,nonTor,FileTransfer,Skype
nonTor_VoIP_Skype_audio_1.pcap.UDP_10-152-152-11_3697_178-139-198-123_45412_stream_0.pcap,udp_0,udp,0,Skype,nonTor,VoIP,Skype
nonTor_VoIP_Skype_audio_1.pcap.UDP_10-152-152-11_3697_128-73-20-140_41292_stream_0.pcap,udp_0,udp,0,Skype,nonTor,VoIP,Skype
nonTor_VoIP_Skype_audio_2.pcap.UDP_10-152-152-11_24007_134-249-76-138_18054_stream_0.pcap,udp_0,udp,0,Skype,nonTor,VoIP,Skype
nonTor_Chat_Skype_none_1.pcap.UDP_10-152-152-11_3697_123-214-83-70_5138_stream_0.pcap,udp_0,udp,0,Skype,nonTor,Chat,Skype
nonTor_VoIP_Skype_audio_1.pcap.TCP_10-152-152-11_37366_24-14-144-247_24195_stream_0.pcap,tcp_0,tcp,0,Skype,nonTor,VoIP,Skype
nonTor_VoIP_Skype_audio_1.pcap.UDP_10-152-152-11_3697_121-208-92-29_49813_stream_0.pcap,udp_0,udp,0,Skype,nonTor,VoIP,Skype
nonTor_VoIP_Skype_audio_1.pcap.UDP_10-152-152-11_3697_65-55-223-32_443_stream_0.pcap,udp_0,udp,0,Skype,nonTor,VoIP,Skype
nonTor_VoIP_Skype_audio_1.pcap.UDP_10-152-152-11_3697_111-221-74-20_443_stream_0.pcap,udp_0,udp,0,Skype,nonTor,VoIP,Skype
nonTor_VoIP_Skype_audio_1.pcap.UDP_10-152-152-11_3697_72-225-209-38_15291_stream_0.pcap,udp_0,udp,0,Skype,nonTor,VoIP,Skype
nonTor_VoIP_Skype_audio_1.pcap.TCP_10-152-152-11_53795_173-54-78-157_48001_stream_0.pcap,tcp_0,tcp,0,Skype,nonTor,VoIP,Skype
nonTor_VoIP_Skype_audio_1.pcap.UDP_10-152-152-11_3697_176-111-37-218_20123_stream_0.pcap,udp_0,udp,0,Skype,nonTor,VoIP,Skype
nonTor_VoIP_Skype_audio_2.pcap.UDP_5-80-159-214_48713_10-152-152-11_24007_stream_0.pcap,udp_0,udp,0,Skype,nonTor,VoIP,Skype
nonTor_VoIP_Skype_audio_1.pcap.UDP_10-152-152-11_3697_66-214-17-228_62090_stream_0.pcap,udp_0,udp,0,Skype,nonTor,VoIP,Skype
nonTor_VoIP_Skype_audio_2.pcap.TCP_5-206-93-61_34786_10-152-152-11_47743_stream_0.pcap,tcp_0,tcp,0,Skype,nonTor,VoIP,Skype
nonTor_VoIP_Skype_audio_1.pcap.TCP_10-152-152-11_40642_79-88-157-133_40221_stream_0.pcap,tcp_0,tcp,0,Skype,nonTor,VoIP,Skype
nonTor_Chat_Skype_none_2.pcap.TCP_10-152-152-11_38056_146-255-70-183_22005_stream_0.pcap,tcp_0,tcp,0,Skype,nonTor,Chat,Skype
nonTor_VoIP_Skype_audio_1.pcap.TCP_10-152-152-11_34365_72-91-143-111_50792_stream_0.pcap,tcp_0,tcp,0,Skype,nonTor,VoIP,Skype
nonTor_VoIP_Skype_audio_1.pcap.TCP_10-152-152-11_46427_108-9-12-67_46669_stream_0.pcap,tcp_0,tcp,0,Skype,nonTor,VoIP,Skype
nonTor_VoIP_Skype_audio_1.pcap.TCP_10-152-152-11_43785_76-24-14-47_9783_stream_0.pcap,tcp_0,tcp,0,Skype,nonTor,VoIP,Skype
nonTor_VoIP_Skype_audio_1.pcap.TCP_10-152-152-11_40906_45-47-250-123_48308_stream_0.pcap,tcp_0,tcp,0,Skype,nonTor,VoIP,Skype
nonTor_VoIP_Skype_audio_2.pcap.UDP_10-152-152-11_24007_64-4-23-154_443_stream_0.pcap,udp_0,udp,0,Skype,nonTor,VoIP,Skype
nonTor_VoIP_Skype_audio_2.pcap.UDP_10-152-152-11_24007_65-55-223-42_443_stream_0.pcap,udp_0,udp,0,Skype,nonTor,VoIP,Skype
nonTor_VoIP_Skype_audio_1.pcap.TCP_10-152-152-11_50723_141-255-84-210_44939_stream_0.pcap,tcp_0,tcp,0,Skype,nonTor,VoIP,Skype
nonTor_Chat_Skype_none_2.pcap.UDP_10-152-152-11_3697_108-2-111-148_27863_stream_0.pcap,udp_0,udp,0,Skype,nonTor,Chat,Skype
nonTor_VoIP_Skype_audio_1.pcap.UDP_10-152-152-11_3697_157-55-130-161_443_stream_0.pcap,udp_0,udp,0,Skype,nonTor,VoIP,Skype
nonTor_VoIP_Skype_audio_2.pcap.TCP_10-152-152-11_37999_80-56-242-152_56725_stream_0.pcap,tcp_0,tcp,0,Skype,nonTor,VoIP,Skype
nonTor_FileTransfer_Skype_file_1.pcap.TCP_10-152-152-11_56607_193-71-119-225_22223_stream_0.pcap,tcp_0,tcp,0,Skype,nonTor,FileTransfer,Skype
nonTor_VoIP_Skype_audio_1.pcap.UDP_10-152-152-11_3697_79-217-143-221_30881_stream_0.pcap,udp_0,udp,0,Skype,nonTor,VoIP,Skype
nonTor_VoIP_Skype_audio_1.pcap.UDP_10-152-152-11_3697_66-212-212-37_4457_stream_0.pcap,udp_0,udp,0,Skype,nonTor,VoIP,Skype
nonTor_VoIP_Skype_audio_1.pcap.TCP_10-152-152-11_52702_70-94-29-173_40100_stream_0.pcap,tcp_0,tcp,0,Skype,nonTor,VoIP,Skype
nonTor_VoIP_Skype_audio_1.pcap.TCP_10-152-152-11_34665_134-228-210-152_5562_stream_0.pcap,tcp_0,tcp,0,Skype,nonTor,VoIP,Skype
nonTor_VoIP_Skype_audio_2.pcap.TCP_10-152-152-11_52460_188-230-179-24_40819_stream_0.pcap,tcp_0,tcp,0,Skype,nonTor,VoIP,Skype
nonTor_Chat_Skype_none_2.pcap.TCP_5-166-57-17_22390_10-152-152-11_43519_stream_0.pcap,tcp_0,tcp,0,Skype,nonTor,Chat,Skype
nonTor_Chat_Skype_none_2.pcap.TCP_10-152-152-11_51687_91-190-218-212_13392_stream_0.pcap,tcp_0,tcp,0,Skype,nonTor,Chat,Skype
nonTor_FileTransfer_Skype_file_1.pcap.UDP_10-152-152-11_3697_158-39-116-161_53188_stream_0.pcap,udp_0,udp,0,Skype,nonTor,FileTransfer,Skype
nonTor_VoIP_Skype_audio_2.pcap.UDP_10-152-152-11_24007_94-214-143-108_6490_stream_0.pcap,udp_0,udp,0,Skype,nonTor,VoIP,Skype
nonTor_FileTransfer_Skype_file_1.pcap.TCP_10-152-152-10_9052_10-152-152-11_55164_stream_0.pcap,tcp_0,tcp,0,Skype,nonTor,FileTransfer,Skype
nonTor_FileTransfer_Skype_file_1.pcap.UDP_10-152-152-11_3697_118-71-164-134_6189_stream_0.pcap,udp_0,udp,0,Skype,nonTor,FileTransfer,Skype
nonTor_Chat_Skype_none_2.pcap.UDP_10-152-152-11_3697_213-199-179-167_443_stream_0.pcap,udp_0,udp,0,Skype,nonTor,Chat,Skype
nonTor_VoIP_Skype_audio_1.pcap.TCP_10-152-152-11_34400_95-88-112-100_61352_stream_0.pcap,tcp_0,tcp,0,Skype,nonTor,VoIP,Skype
nonTor_VoIP_Skype_audio_2.pcap.UDP_10-152-152-11_24007_157-55-130-174_443_stream_0.pcap,udp_0,udp,0,Skype,nonTor,VoIP,Skype
nonTor_VoIP_Skype_audio_1.pcap.UDP_10-152-152-11_3697_72-194-118-166_53709_stream_0.pcap,udp_0,udp,0,Skype,nonTor,VoIP,Skype
Tor_VoIP_Skype_audio_2.pcap.TCP_5-9-123-81_9001_10-0-2-15_44173_stream_0.pcap,tcp_0,tcp,0,Skype,Tor,VoIP,Skype
nonTor_VoIP_Skype_audio_1.pcap.TCP_10-152-152-11_37989_70-106-252-240_23998_stream_0.pcap,tcp_0,tcp,0,Skype,nonTor,VoIP,Skype
nonTor_VoIP_Skype_audio_1.pcap.UDP_10-152-152-11_3697_130-204-83-69_63365_stream_0.pcap,udp_0,udp,0,Skype,nonTor,VoIP,Skype
nonTor_VoIP_Skype_audio_1.pcap.UDP_10-152-152-11_3697_117-197-161-22_48648_stream_0.pcap,udp_0,udp,0,Skype,nonTor,VoIP,Skype
nonTor_VoIP_Skype_audio_1.pcap.TCP_10-152-152-11_43608_94-15-206-199_24298_stream_0.pcap,tcp_0,tcp,0,Skype,nonTor,VoIP,Skype
nonTor_VoIP_Skype_audio_1.pcap.TCP_10-152-152-11_44953_86-205-186-115_33736_stream_0.pcap,tcp_0,tcp,0,Skype,nonTor,VoIP,Skype
nonTor_VoIP_Skype_audio_1.pcap.UDP_10-152-152-11_3697_72-23-159-230_33891_stream_0.pcap,udp_0,udp,0,Skype,nonTor,VoIP,Skype
nonTor_VoIP_Skype_audio_1.pcap.TCP_10-152-152-11_53006_23-233-252-153_51296_stream_0.pcap,tcp_0,tcp,0,Skype,nonTor,VoIP,Skype
nonTor_VoIP_Skype_audio_2.pcap.UDP_10-152-152-11_24007_157-55-235-155_443_stream_0.pcap,udp_0,udp,0,Skype,nonTor,VoIP,Skype
nonTor_Chat_Skype_none_2.pcap.UDP_10-152-152-11_3697_146-255-70-183_22005_stream_0.pcap,udp_0,udp,0,Skype,nonTor,Chat,Skype
nonTor_VoIP_Skype_audio_1.pcap.TCP_10-152-152-11_47955_80-167-87-205_60069_stream_0.pcap,tcp_0,tcp,0,Skype,nonTor,VoIP,Skype
nonTor_VoIP_Skype_audio_1.pcap.UDP_2-92-75-131_11559_10-152-152-11_3697_stream_0.pcap,udp_0,udp,0,Skype,nonTor,VoIP,Skype
nonTor_VoIP_Skype_audio_2.pcap.UDP_10-152-152-11_24007_157-55-56-155_443_stream_0.pcap,udp_0,udp,0,Skype,nonTor,VoIP,Skype
nonTor_VoIP_Skype_audio_1.pcap.TCP_10-152-152-11_54474_73-133-220-147_16942_stream_0.pcap,tcp_0,tcp,0,Skype,nonTor,VoIP,Skype
nonTor_VoIP_Skype_audio_1.pcap.UDP_10-152-152-11_3697_79-17-105-160_53629_stream_0.pcap,udp_0,udp,0,Skype,nonTor,VoIP,Skype
nonTor_VoIP_Skype_audio_1.pcap.TCP_10-152-152-11_59521_98-231-17-123_56879_stream_0.pcap,tcp_0,tcp,0,Skype,nonTor,VoIP,Skype
nonTor_VoIP_Skype_audio_1.pcap.TCP_10-152-152-11_46043_87-217-216-164_33408_stream_0.pcap,tcp_0,tcp,0,Skype,nonTor,VoIP,Skype
nonTor_VoIP_Skype_audio_1.pcap.TCP_10-152-152-11_43982_79-109-190-155_50520_stream_0.pcap,tcp_0,tcp,0,Skype,nonTor,VoIP,Skype
nonTor_VoIP_Skype_audio_2.pcap.UDP_10-152-152-11_24007_157-56-52-27_443_stream_0.pcap,udp_0,udp,0,Skype,nonTor,VoIP,Skype
nonTor_VoIP_Skype_audio_2.pcap.UDP_10-152-152-11_24007_151-248-129-40_51140_stream_0.pcap,udp_0,udp,0,Skype,nonTor,VoIP,Skype
nonTor_VoIP_Skype_audio_1.pcap.UDP_10-152-152-11_3697_130-43-57-182_4196_stream_0.pcap,udp_0,udp,0,Skype,nonTor,VoIP,Skype
nonTor_VoIP_Skype_audio_2.pcap.UDP_10-152-152-11_24007_97-75-133-60_9696_stream_0.pcap,udp_0,udp,0,Skype,nonTor,VoIP,Skype
nonTor_FileTransfer_Skype_file_1.pcap.UDP_10-152-152-11_3697_157-55-130-175_443_stream_0.pcap,udp_0,udp,0,Skype,nonTor,FileTransfer,Skype
nonTor_VoIP_Skype_audio_2.pcap.UDP_10-152-152-11_24007_94-227-100-129_12199_stream_0.pcap,udp_0,udp,0,Skype,nonTor,VoIP,Skype
nonTor_VoIP_Skype_audio_1.pcap.TCP_10-152-152-11_34421_24-228-206-110_13078_stream_0.pcap,tcp_0,tcp,0,Skype,nonTor,VoIP,Skype
nonTor_FileTransfer_Skype_file_1.pcap.UDP_10-152-152-11_3697_70-127-169-22_49744_stream_0.pcap,udp_0,udp,0,Skype,nonTor,FileTransfer,Skype
nonTor_VoIP_Skype_audio_1.pcap.TCP_10-152-152-11_38285_109-11-65-187_38351_stream_0.pcap,tcp_0,tcp,0,Skype,nonTor,VoIP,Skype
nonTor_FileTransfer_Skype_file_1.pcap.TCP_10-152-152-10_9104_10-152-152-11_47814_stream_0.pcap,tcp_0,tcp,0,Skype,nonTor,FileTransfer,Skype
nonTor_Chat_Skype_none_1.pcap.UDP_10-152-152-11_3697_83-34-39-203_1117_stream_0.pcap,udp_0,udp,0,Skype,nonTor,Chat,Skype
nonTor_FileTransfer_Skype_file_1.pcap.UDP_10-152-152-11_3697_213-199-179-169_443_stream_0.pcap,udp_0,udp,0,Skype,nonTor,FileTransfer,Skype
nonTor_FileTransfer_Skype_file_1.pcap.UDP_10-152-152-11_3697_176-188-222-172_14449_stream_0.pcap,udp_0,udp,0,Skype,nonTor,FileTransfer,Skype
nonTor_VoIP_Skype_audio_1.pcap.TCP_10-152-152-11_40149_68-98-161-173_1763_stream_0.pcap,tcp_0,tcp,0,Skype,nonTor,VoIP,Skype
nonTor_FileTransfer_Skype_file_1.pcap.UDP_10-152-152-11_3697_68-201-178-173_63231_stream_0.pcap,udp_0,udp,0,Skype,nonTor,FileTransfer,Skype
nonTor_FileTransfer_Skype_file_1.pcap.UDP_10-152-152-11_3697_70-112-149-209_15078_stream_0.pcap,udp_0,udp,0,Skype,nonTor,FileTransfer,Skype
nonTor_VoIP_Skype_audio_1.pcap.TCP_10-152-152-11_45171_91-178-40-232_14715_stream_0.pcap,tcp_0,tcp,0,Skype,nonTor,VoIP,Skype
nonTor_Chat_Skype_none_2.pcap.UDP_10-152-152-11_3697_85-25-103-119_3697_stream_0.pcap,udp_0,udp,0,Skype,nonTor,Chat,Skype
nonTor_VoIP_Skype_audio_2.pcap.UDP_10-152-152-11_24007_85-26-42-231_27376_stream_0.pcap,udp_0,udp,0,Skype,nonTor,VoIP,Skype
nonTor_VoIP_Skype_audio_2.pcap.TCP_10-152-152-11_57099_66-110-140-130_36762_stream_0.pcap,tcp_0,tcp,0,Skype,nonTor,VoIP,Skype
nonTor_VoIP_Skype_audio_2.pcap.UDP_10-152-152-11_24007_157-56-52-25_443_stream_0.pcap,udp_0,udp,0,Skype,nonTor,VoIP,Skype
nonTor_VoIP_Skype_audio_1.pcap.UDP_2-50-59-225_24898_10-152-152-11_3697_stream_0.pcap,udp_0,udp,0,Skype,nonTor,VoIP,Skype
nonTor_VoIP_Skype_audio_1.pcap.TCP_10-152-152-11_44832_66-243-214-54_30700_stream_0.pcap,tcp_0,tcp,0,Skype,nonTor,VoIP,Skype
nonTor_FileTransfer_Skype_file_1.pcap.UDP_10-152-152-11_3697_188-223-23-193_4584_stream_0.pcap,udp_0,udp,0,Skype,nonTor,FileTransfer,Skype
nonTor_VoIP_Skype_audio_1.pcap.UDP_10-152-152-11_3697_46-189-128-160_17928_stream_0.pcap,udp_0,udp,0,Skype,nonTor,VoIP,Skype
nonTor_FileTransfer_Skype_file_1.pcap.UDP_10-152-152-11_3697_71-183-57-218_26476_stream_0.pcap,udp_0,udp,0,Skype,nonTor,FileTransfer,Skype
nonTor_FileTransfer_Skype_file_1.pcap.UDP_10-152-152-11_3697_77-47-228-49_22518_stream_0.pcap,udp_0,udp,0,Skype,nonTor,FileTransfer,Skype
nonTor_VoIP_Skype_audio_1.pcap.TCP_10-152-152-11_57822_73-131-195-30_49461_stream_0.pcap,tcp_0,tcp,0,Skype,nonTor,VoIP,Skype
nonTor_VoIP_Skype_audio_2.pcap.TCP_10-152-152-11_46436_173-65-70-166_47092_stream_0.pcap,tcp_0,tcp,0,Skype,nonTor,VoIP,Skype
nonTor_VoIP_Skype_audio_1.pcap.UDP_10-152-152-11_3697_65-55-223-43_443_stream_0.pcap,udp_0,udp,0,Skype,nonTor,VoIP,Skype
nonTor_VoIP_Skype_audio_2.pcap.UDP_10-152-152-11_24007_111-221-77-159_443_stream_0.pcap,udp_0,udp,0,Skype,nonTor,VoIP,Skype
nonTor_VoIP_Skype_audio_1.pcap.UDP_10-152-152-11_3697_157-55-56-176_443_stream_0.pcap,udp_0,udp,0,Skype,nonTor,VoIP,Skype
nonTor_VoIP_Skype_audio_1.pcap.UDP_10-152-152-11_3697_46-121-25-124_60471_stream_0.pcap,udp_0,udp,0,Skype,nonTor,VoIP,Skype
nonTor_VoIP_Skype_audio_1.pcap.TCP_10-152-152-11_36404_96-42-120-211_36649_stream_0.pcap,tcp_0,tcp,0,Skype,nonTor,VoIP,Skype
nonTor_VoIP_Skype_audio_1.pcap.TCP_10-152-152-11_32854_86-132-236-121_62193_stream_0.pcap,tcp_0,tcp,0,Skype,nonTor,VoIP,Skype
nonTor_VoIP_Skype_audio_2.pcap.UDP_10-152-152-11_24007_128-73-89-39_45240_stream_0.pcap,udp_0,udp,0,Skype,nonTor,VoIP,Skype
nonTor_Chat_Skype_none_2.pcap.UDP_10-152-152-11_3697_71-232-134-209_26531_stream_0.pcap,udp_0,udp,0,Skype,nonTor,Chat,Skype
nonTor_Chat_Skype_none_2.pcap.TCP_5-178-135-69_53262_10-152-152-11_60705_stream_0.pcap,tcp_0,tcp,0,Skype,nonTor,Chat,Skype
nonTor_FileTransfer_Skype_file_1.pcap.TCP_10-152-152-11_56579_193-71-119-225_22223_stream_0.pcap,tcp_0,tcp,0,Skype,nonTor,FileTransfer,Skype
nonTor_VoIP_Skype_audio_1.pcap.TCP_10-152-152-11_38634_50-53-138-10_8307_stream_0.pcap,tcp_0,tcp,0,Skype,nonTor,VoIP,Skype
nonTor_VoIP_Skype_audio_1.pcap.UDP_10-152-152-11_3697_118-100-131-99_24260_stream_0.pcap,udp_0,udp,0,Skype,nonTor,VoIP,Skype
nonTor_VoIP_Skype_audio_1.pcap.UDP_10-152-152-11_3697_82-58-194-168_50341_stream_0.pcap,udp_0,udp,0,Skype,nonTor,VoIP,Skype
nonTor_VoIP_Skype_audio_1.pcap.TCP_5-29-171-30_51115_10-152-152-11_38852_stream_0.pcap,tcp_0,tcp,0,Skype,nonTor,VoIP,Skype
nonTor_VoIP_Skype_audio_2.pcap.TCP_10-152-152-10_9052_10-152-152-11_54178_stream_0.pcap,tcp_0,tcp,0,Skype,nonTor,VoIP,Skype
nonTor_VoIP_Skype_audio_2.pcap.UDP_10-152-152-11_24007_64-4-23-169_443_stream_0.pcap,udp_0,udp,0,Skype,nonTor,VoIP,Skype
nonTor_VoIP_Skype_audio_1.pcap.TCP_10-152-152-11_38648_24-118-0-228_51852_stream_0.pcap,tcp_0,tcp,0,Skype,nonTor,VoIP,Skype
nonTor_VoIP_Skype_audio_1.pcap.TCP_10-152-152-11_42142_174-29-192-249_52973_stream_0.pcap,tcp_0,tcp,0,Skype,nonTor,VoIP,Skype
nonTor_VoIP_Skype_audio_1.pcap.TCP_10-152-152-11_33533_128-73-170-23_22255_stream_0.pcap,tcp_0,tcp,0,Skype,nonTor,VoIP,Skype
nonTor_VoIP_Skype_audio_1.pcap.UDP_10-152-152-11_3697_161-10-221-22_55128_stream_0.pcap,udp_0,udp,0,Skype,nonTor,VoIP,Skype
nonTor_VoIP_Skype_audio_1.pcap.TCP_10-152-152-11_37632_161-10-221-22_55128_stream_0.pcap,tcp_0,tcp,0,Skype,nonTor,VoIP,Skype
nonTor_VoIP_Skype_audio_1.pcap.TCP_10-152-152-11_34665_130-204-188-129_4836_stream_0.pcap,tcp_0,tcp,0,Skype,nonTor,VoIP,Skype
nonTor_Chat_Skype_none_2.pcap.UDP_10-152-152-11_3697_37-204-74-149_23265_stream_0.pcap,udp_0,udp,0,Skype,nonTor,Chat,Skype
nonTor_VoIP_Skype_audio_1.pcap.TCP_10-152-152-11_44033_92-139-2-173_64617_stream_0.pcap,tcp_0,tcp,0,Skype,nonTor,VoIP,Skype
nonTor_VoIP_Skype_audio_1.pcap.TCP_10-152-152-11_57213_24-99-5-60_53759_stream_0.pcap,tcp_0,tcp,0,Skype,nonTor,VoIP,Skype
nonTor_VoIP_Skype_audio_1.pcap.TCP_10-152-152-11_42152_97-124-96-19_17388_stream_0.pcap,tcp_0,tcp,0,Skype,nonTor,VoIP,Skype
nonTor_FileTransfer_Skype_file_1.pcap.UDP_10-152-152-11_3697_76-202-218-138_41166_stream_0.pcap,udp_0,udp,0,Skype,nonTor,FileTransfer,Skype
nonTor_VoIP_Skype_audio_2.pcap.TCP_10-152-152-11_40709_77-249-102-107_10536_stream_0.pcap,tcp_0,tcp,0,Skype,nonTor,VoIP,Skype
nonTor_VoIP_Skype_audio_2.pcap.UDP_10-152-152-11_24007_190-98-121-41_3890_stream_0.pcap,udp_0,udp,0,Skype,nonTor,VoIP,Skype
nonTor_VoIP_Skype_audio_1.pcap.UDP_10-152-152-11_3697_64-4-23-142_443_stream_0.pcap,udp_0,udp,0,Skype,nonTor,VoIP,Skype
nonTor_VoIP_Skype_audio_2.pcap.UDP_10-152-152-11_24007_67-70-121-15_23159_stream_0.pcap,udp_0,udp,0,Skype,nonTor,VoIP,Skype
nonTor_VoIP_Skype_audio_2.pcap.UDP_10-152-152-11_24007_92-112-7-170_33615_stream_0.pcap,udp_0,udp,0,Skype,nonTor,VoIP,Skype
nonTor_VoIP_Skype_audio_1.pcap.TCP_10-152-152-11_35037_151-229-6-100_15031_stream_0.pcap,tcp_0,tcp,0,Skype,nonTor,VoIP,Skype
nonTor_VoIP_Skype_audio_1.pcap.TCP_10-152-152-11_39930_157-55-130-175_443_stream_0.pcap,tcp_0,tcp,0,Skype,nonTor,VoIP,Skype
nonTor_Chat_Skype_none_1.pcap.TCP_10-152-152-11_50946_157-56-126-188_443_stream_0.pcap,tcp_0,tcp,0,Skype,nonTor,Chat,Skype
nonTor_VoIP_Skype_audio_1.pcap.TCP_10-152-152-11_41176_173-68-25-156_443_stream_0.pcap,tcp_0,tcp,0,Skype,nonTor,VoIP,Skype
nonTor_VoIP_Skype_audio_1.pcap.TCP_10-152-152-11_55729_73-168-199-113_3584_stream_0.pcap,tcp_0,tcp,0,Skype,nonTor,VoIP,Skype
nonTor_VoIP_Skype_audio_1.pcap.TCP_10-152-152-11_46492_50-163-117-194_2221_stream_0.pcap,tcp_0,tcp,0,Skype,nonTor,VoIP,Skype
nonTor_VoIP_Skype_audio_1.pcap.TCP_10-152-152-11_38124_134-249-239-237_443_stream_0.pcap,tcp_0,tcp,0,Skype,nonTor,VoIP,Skype
nonTor_VoIP_Skype_audio_1.pcap.TCP_10-152-152-11_43636_70-169-19-230_34223_stream_0.pcap,tcp_0,tcp,0,Skype,nonTor,VoIP,Skype
nonTor_VoIP_Skype_audio_1.pcap.TCP_10-152-152-11_52538_68-193-39-203_9739_stream_0.pcap,tcp_0,tcp,0,Skype,nonTor,VoIP,Skype
nonTor_VoIP_Skype_audio_2.pcap.TCP_10-152-152-11_52001_74-56-168-54_46152_stream_0.pcap,tcp_0,tcp,0,Skype,nonTor,VoIP,Skype
nonTor_VoIP_Skype_audio_1.pcap.TCP_10-152-152-11_54851_67-253-124-117_443_stream_0.pcap,tcp_0,tcp,0,Skype,nonTor,VoIP,Skype
nonTor_VoIP_Skype_audio_2.pcap.UDP_10-152-152-11_49327_239-255-255-250_1900_stream_0.pcap,udp_0,udp,0,Skype,nonTor,VoIP,Skype
nonTor_FileTransfer_Skype_file_1.pcap.UDP_10-152-152-10_53_10-152-152-11_40253_stream_0.pcap,udp_0,udp,0,Skype,nonTor,FileTransfer,Skype
nonTor_FileTransfer_Skype_file_1.pcap.TCP_10-152-152-10_9104_10-152-152-11_47818_stream_0.pcap,tcp_0,tcp,0,Skype,nonTor,FileTransfer,Skype
nonTor_VoIP_Skype_audio_1.pcap.TCP_10-152-152-11_58746_73-14-27-145_39225_stream_0.pcap,tcp_0,tcp,0,Skype,nonTor,VoIP,Skype
Tor_Chat_Skype_none_1.pcap.TCP_10-0-2-15_45788_198-52-200-39_443_stream_0.pcap,tcp_0,tcp,0,Skype,Tor,Chat,Skype
nonTor_FileTransfer_Skype_file_1.pcap.UDP_10-152-152-11_3697_131-202-242-16_40273_stream_0.pcap,udp_0,udp,0,Skype,nonTor,FileTransfer,Skype
nonTor_VoIP_Skype_audio_1.pcap.TCP_10-152-152-11_56074_109-214-180-100_443_stream_0.pcap,tcp_0,tcp,0,Skype,nonTor,VoIP,Skype
nonTor_VoIP_Skype_audio_1.pcap.TCP_10-152-152-11_54769_93-149-25-210_55763_stream_0.pcap,tcp_0,tcp,0,Skype,nonTor,VoIP,Skype
nonTor_FileTransfer_Skype_file_1.pcap.TCP_10-152-152-10_9104_10-152-152-11_47816_stream_0.pcap,tcp_0,tcp,0,Skype,nonTor,FileTransfer,Skype
nonTor_VoIP_Skype_audio_2.pcap.TCP_10-152-152-11_39057_66-190-87-140_7706_stream_0.pcap,tcp_0,tcp,0,Skype,nonTor,VoIP,Skype
nonTor_VoIP_Skype_audio_1.pcap.TCP_10-152-152-11_33275_90-171-129-242_46336_stream_0.pcap,tcp_0,tcp,0,Skype,nonTor,VoIP,Skype
nonTor_VoIP_Skype_audio_2.pcap.TCP_10-152-152-11_42905_157-55-130-175_33033_stream_0.pcap,tcp_0,tcp,0,Skype,nonTor,VoIP,Skype
nonTor_VoIP_Skype_audio_1.pcap.TCP_10-152-152-11_35944_72-252-231-1_39159_stream_0.pcap,tcp_0,tcp,0,Skype,nonTor,VoIP,Skype
nonTor_FileTransfer_Skype_file_1.pcap.TCP_10-152-152-11_38996_91-190-218-56_12350_stream_0.pcap,tcp_0,tcp,0,Skype,nonTor,FileTransfer,Skype
Tor_Chat_Skype_none_2.pcap.TCP_10-0-2-15_47257_82-161-239-177_110_stream_0.pcap,tcp_0,tcp,0,Skype,Tor,Chat,Skype
nonTor_Chat_Skype_none_2.pcap.TCP_10-152-152-11_53178_157-56-126-111_443_stream_0.pcap,tcp_0,tcp,0,Skype,nonTor,Chat,Skype
nonTor_VoIP_Skype_audio_1.pcap.TCP_10-152-152-11_43346_72-189-39-40_48212_stream_0.pcap,tcp_0,tcp,0,Skype,nonTor,VoIP,Skype
Tor_VoIP_Skype_audio_1.pcap.TCP_10-0-2-15_38894_198-52-200-39_443_stream_0.pcap,tcp_0,tcp,0,Skype,Tor,VoIP,Skype
nonTor_VoIP_Skype_audio_1.pcap.TCP_10-152-152-11_48265_76-184-104-158_17583_stream_0.pcap,tcp_0,tcp,0,Skype,nonTor,VoIP,Skype
nonTor_VoIP_Skype_audio_1.pcap.TCP_10-152-152-11_42245_87-217-94-90_64670_stream_0.pcap,tcp_0,tcp,0,Skype,nonTor,VoIP,Skype
nonTor_VoIP_Skype_audio_1.pcap.TCP_10-152-152-11_33219_82-192-249-98_9309_stream_0.pcap,tcp_0,tcp,0,Skype,nonTor,VoIP,Skype
nonTor_VoIP_Skype_audio_2.pcap.TCP_10-152-152-11_58475_157-56-126-157_443_stream_0.pcap,tcp_0,tcp,0,Skype,nonTor,VoIP,Skype
nonTor_VoIP_Skype_audio_1.pcap.TCP_10-152-152-11_57942_159-224-166-43_2168_stream_0.pcap,tcp_0,tcp,0,Skype,nonTor,VoIP,Skype
nonTor_FileTransfer_Skype_file_1.pcap.TCP_10-152-152-11_56483_157-56-126-124_443_stream_0.pcap,tcp_0,tcp,0,Skype,nonTor,FileTransfer,Skype
nonTor_VoIP_Skype_audio_1.pcap.TCP_10-152-152-11_34311_109-146-30-100_443_stream_0.pcap,tcp_0,tcp,0,Skype,nonTor,VoIP,Skype
nonTor_VoIP_Skype_audio_2.pcap.TCP_10-152-152-11_49418_96-33-89-116_36574_stream_0.pcap,tcp_0,tcp,0,Skype,nonTor,VoIP,Skype
nonTor_FileTransfer_Skype_file_1.pcap.TCP_10-152-152-10_9104_10-152-152-11_47821_stream_0.pcap,tcp_0,tcp,0,Skype,nonTor,FileTransfer,Skype
nonTor_VoIP_Skype_audio_1.pcap.TCP_10-152-152-11_41530_85-26-42-231_27376_stream_0.pcap,tcp_0,tcp,0,Skype,nonTor,VoIP,Skype
nonTor_VoIP_Skype_audio_1.pcap.TCP_10-152-152-11_36312_72-225-209-38_443_stream_0.pcap,tcp_0,tcp,0,Skype,nonTor,VoIP,Skype
nonTor_VoIP_Skype_audio_2.pcap.UDP_10-152-152-10_53_10-152-152-11_44390_stream_0.pcap,udp_0,udp,0,Skype,nonTor,VoIP,Skype
nonTor_FileTransfer_Skype_file_1.pcap.TCP_10-152-152-10_9104_10-152-152-11_47822_stream_0.pcap,tcp_0,tcp,0,Skype,nonTor,FileTransfer,Skype
nonTor_VoIP_Skype_audio_1.pcap.TCP_10-152-152-11_54063_88-170-167-243_443_stream_0.pcap,tcp_0,tcp,0,Skype,nonTor,VoIP,Skype
nonTor_VoIP_Skype_audio_1.pcap.TCP_10-152-152-11_51711_72-195-156-158_443_stream_0.pcap,tcp_0,tcp,0,Skype,nonTor,VoIP,Skype
nonTor_Chat_Skype_none_1.pcap.UDP_10-152-152-11_3697_174-119-156-255_8724_stream_0.pcap,udp_0,udp,0,Skype,nonTor,Chat,Skype
nonTor_VoIP_Skype_audio_1.pcap.TCP_10-152-152-11_54880_79-77-58-112_59437_stream_0.pcap,tcp_0,tcp,0,Skype,nonTor,VoIP,Skype
nonTor_VoIP_Skype_audio_1.pcap.TCP_10-152-152-11_34663_134-228-210-152_5562_stream_0.pcap,tcp_0,tcp,0,Skype,nonTor,VoIP,Skype
nonTor_VoIP_Skype_audio_2.pcap.TCP_10-152-152-11_34123_85-26-42-231_27376_stream_0.pcap,tcp_0,tcp,0,Skype,nonTor,VoIP,Skype
nonTor_VoIP_Skype_audio_1.pcap.TCP_10-152-152-11_51719_82-43-141-190_443_stream_0.pcap,tcp_0,tcp,0,Skype,nonTor,VoIP,Skype
nonTor_VoIP_Skype_audio_1.pcap.TCP_2-34-12-174_443_10-152-152-11_42891_stream_0.pcap,tcp_0,tcp,0,Skype,nonTor,VoIP,Skype
nonTor_FileTransfer_Skype_file_1.pcap.TCP_10-152-152-10_9104_10-152-152-11_47819_stream_0.pcap,tcp_0,tcp,0,Skype,nonTor,FileTransfer,Skype
nonTor_VoIP_Skype_audio_2.pcap.TCP_10-152-152-11_36878_104-40-141-105_443_stream_0.pcap,tcp_0,tcp,0,Skype,nonTor,VoIP,Skype
nonTor_VoIP_Skype_audio_2.pcap.UDP_10-152-152-11_53196_239-255-255-250_1900_stream_0.pcap,udp_0,udp,0,Skype,nonTor,VoIP,Skype
nonTor_FileTransfer_Skype_file_1.pcap.TCP_10-152-152-11_41976_65-55-223-23_33033_stream_0.pcap,tcp_0,tcp,0,Skype,nonTor,FileTransfer,Skype
nonTor_VoIP_Skype_audio_1.pcap.TCP_10-152-152-11_57543_108-168-84-39_58530_stream_0.pcap,tcp_0,tcp,0,Skype,nonTor,VoIP,Skype
nonTor_VoIP_Skype_audio_2.pcap.TCP_10-152-152-11_53492_89-233-224-31_18748_stream_0.pcap,tcp_0,tcp,0,Skype,nonTor,VoIP,Skype
nonTor_VoIP_Skype_audio_1.pcap.TCP_10-152-152-11_35704_66-76-68-254_43317_stream_0.pcap,tcp_0,tcp,0,Skype,nonTor,VoIP,Skype
nonTor_VoIP_Skype_audio_1.pcap.UDP_10-152-152-10_53_10-152-152-11_36704_stream_0.pcap,udp_0,udp,0,Skype,nonTor,VoIP,Skype
nonTor_VoIP_Skype_audio_2.pcap.TCP_10-152-152-11_42873_134-249-247-16_36068_stream_0.pcap,tcp_0,tcp,0,Skype,nonTor,VoIP,Skype
nonTor_FileTransfer_Skype_file_1.pcap.TCP_10-152-152-11_56575_193-71-119-225_22223_stream_0.pcap,tcp_0,tcp,0,Skype,nonTor,FileTransfer,Skype
nonTor_FileTransfer_Skype_file_1.pcap.TCP_10-152-152-10_9104_10-152-152-11_47820_stream_0.pcap,tcp_0,tcp,0,Skype,nonTor,FileTransfer,Skype
nonTor_VoIP_Skype_audio_1.pcap.TCP_10-152-152-11_56284_81-149-50-95_443_stream_0.pcap,tcp_0,tcp,0,Skype,nonTor,VoIP,Skype
nonTor_VoIP_Skype_audio_1.pcap.TCP_10-152-152-11_48395_128-70-201-189_443_stream_0.pcap,tcp_0,tcp,0,Skype,nonTor,VoIP,Skype
nonTor_VoIP_Skype_audio_1.pcap.TCP_10-152-152-11_46079_151-225-175-7_443_stream_0.pcap,tcp_0,tcp,0,Skype,nonTor,VoIP,Skype
nonTor_Chat_Skype_none_2.pcap.TCP_10-152-152-11_42522_68-132-20-177_46455_stream_0.pcap,tcp_0,tcp,0,Skype,nonTor,Chat,Skype
nonTor_VoIP_Skype_audio_1.pcap.TCP_10-152-152-11_41469_85-241-52-246_8384_stream_0.pcap,tcp_0,tcp,0,Skype,nonTor,VoIP,Skype
nonTor_VoIP_Skype_audio_1.pcap.TCP_10-152-152-11_39074_24-187-104-127_443_stream_0.pcap,tcp_0,tcp,0,Skype,nonTor,VoIP,Skype
nonTor_Chat_Skype_none_2.pcap.TCP_10-152-152-11_41801_157-56-116-207_12350_stream_0.pcap,tcp_0,tcp,0,Skype,nonTor,Chat,Skype
nonTor_VoIP_Skype_audio_2.pcap.UDP_10-152-152-10_53_10-152-152-11_47398_stream_0.pcap,udp_0,udp,0,Skype,nonTor,VoIP,Skype
nonTor_VoIP_Skype_audio_1.pcap.TCP_10-152-152-11_53383_79-50-73-221_23288_stream_0.pcap,tcp_0,tcp,0,Skype,nonTor,VoIP,Skype
nonTor_Chat_Skype_none_1.pcap.TCP_10-152-152-11_42164_157-55-130-175_33033_stream_0.pcap,tcp_0,tcp,0,Skype,nonTor,Chat,Skype
nonTor_Chat_Skype_none_2.pcap.TCP_10-152-152-11_32826_157-55-130-151_40015_stream_0.pcap,tcp_0,tcp,0,Skype,nonTor,Chat,Skype
nonTor_Chat_Skype_none_1.pcap.UDP_10-152-152-10_53_10-152-152-11_46387_stream_0.pcap,udp_0,udp,0,Skype,nonTor,Chat,Skype
nonTor_VoIP_Skype_audio_1.pcap.TCP_10-152-152-11_59301_193-154-246-6_443_stream_0.pcap,tcp_0,tcp,0,Skype,nonTor,VoIP,Skype
Tor_FileTransfer_Skype_file_1.pcap.TCP_10-0-2-15_36629_195-154-107-23_443_stream_0.pcap,tcp_0,tcp,0,Skype,Tor,FileTransfer,Skype
nonTor_VoIP_Skype_audio_1.pcap.TCP_10-152-152-11_50554_73-133-220-147_443_stream_0.pcap,tcp_0,tcp,0,Skype,nonTor,VoIP,Skype
nonTor_VoIP_Skype_audio_1.pcap.TCP_10-152-152-11_45381_193-81-125-201_443_stream_0.pcap,tcp_0,tcp,0,Skype,nonTor,VoIP,Skype
nonTor_VoIP_Skype_audio_1.pcap.TCP_10-152-152-11_52864_68-6-219-76_26250_stream_0.pcap,tcp_0,tcp,0,Skype,nonTor,VoIP,Skype
nonTor_VoIP_Skype_audio_1.pcap.TCP_10-152-152-11_52041_24-209-102-240_443_stream_0.pcap,tcp_0,tcp,0,Skype,nonTor,VoIP,Skype
nonTor_VoIP_Skype_audio_1.pcap.TCP_10-152-152-11_55086_71-92-14-244_443_stream_0.pcap,tcp_0,tcp,0,Skype,nonTor,VoIP,Skype
nonTor_VoIP_Skype_audio_1.pcap.UDP_10-152-152-11_3697_176-10-104-243_24007_stream_0.pcap,udp_0,udp,0,Skype,nonTor,VoIP,Skype
nonTor_Video-Streaming_Youtube_none_1.pcap.TCP_10-152-152-10_9052_10-152-152-11_53626_stream_0.pcap,tcp_0,tcp,0,Youtube,nonTor,Video-Streaming,Youtube
nonTor_Video-Streaming_Youtube_none_2.pcap.TCP_10-152-152-11_40004_208-117-254-174_443_stream_0.pcap,tcp_0,tcp,0,Youtube,nonTor,Video-Streaming,Youtube
nonTor_Video-Streaming_Youtube_none_2.pcap.TCP_10-152-152-11_37300_37-157-6-227_443_stream_0.pcap,tcp_0,tcp,0,Youtube,nonTor,Video-Streaming,Youtube
nonTor_Video-Streaming_Youtube_none_2.pcap.TCP_10-152-152-11_54623_216-58-216-78_443_stream_0.pcap,tcp_0,tcp,0,Youtube,nonTor,Video-Streaming,Youtube
nonTor_Video-Streaming_Youtube_none_1.pcap.TCP_10-152-152-11_37607_173-194-116-101_443_stream_0.pcap,tcp_0,tcp,0,Youtube,nonTor,Video-Streaming,Youtube
nonTor_Video-Streaming_Youtube_none_2.pcap.TCP_10-152-152-11_39392_74-125-13-82_443_stream_0.pcap,tcp_0,tcp,0,Youtube,nonTor,Video-Streaming,Youtube
nonTor_Video-Streaming_Youtube_none_2.pcap.TCP_10-152-152-11_48214_173-194-133-150_443_stream_0.pcap,tcp_0,tcp,0,Youtube,nonTor,Video-Streaming,Youtube
nonTor_Video-Streaming_Youtube_none_1.pcap.TCP_10-152-152-11_36986_23-51-123-27_80_stream_0.pcap,tcp_0,tcp,0,Youtube,nonTor,Video-Streaming,Youtube
nonTor_Video-Streaming_Youtube_none_2.pcap.TCP_10-152-152-11_41405_173-194-112-1_443_stream_0.pcap,tcp_0,tcp,0,Youtube,nonTor,Video-Streaming,Youtube
nonTor_Video-Streaming_Youtube_none_2.pcap.TCP_10-152-152-11_48697_208-117-254-82_443_stream_0.pcap,tcp_0,tcp,0,Youtube,nonTor,Video-Streaming,Youtube
nonTor_Video-Streaming_Youtube_none_2.pcap.TCP_10-152-152-11_56662_208-117-254-107_443_stream_0.pcap,tcp_0,tcp,0,Youtube,nonTor,Video-Streaming,Youtube
nonTor_Video-Streaming_Youtube_none_1.pcap.TCP_10-152-152-11_59085_74-125-103-173_443_stream_0.pcap,tcp_0,tcp,0,Youtube,nonTor,Video-Streaming,Youtube
nonTor_Video-Streaming_Youtube_none_1.pcap.TCP_10-152-152-11_36985_23-51-123-27_80_stream_0.pcap,tcp_0,tcp,0,Youtube,nonTor,Video-Streaming,Youtube
nonTor_Video-Streaming_Youtube_none_2.pcap.TCP_10-152-152-11_48699_208-117-254-82_443_stream_0.pcap,tcp_0,tcp,0,Youtube,nonTor,Video-Streaming,Youtube
nonTor_Video-Streaming_Youtube_none_1.pcap.TCP_10-152-152-11_39494_74-125-170-143_443_stream_0.pcap,tcp_0,tcp,0,Youtube,nonTor,Video-Streaming,Youtube
nonTor_Video-Streaming_Youtube_none_1.pcap.TCP_10-152-152-11_47442_173-194-3-201_443_stream_0.pcap,tcp_0,tcp,0,Youtube,nonTor,Video-Streaming,Youtube
nonTor_Video-Streaming_Youtube_none_2.pcap.TCP_10-152-152-11_41960_173-194-16-120_443_stream_0.pcap,tcp_0,tcp,0,Youtube,nonTor,Video-Streaming,Youtube
nonTor_Video-Streaming_Youtube_none_1.pcap.TCP_10-152-152-11_56107_74-125-6-52_443_stream_0.pcap,tcp_0,tcp,0,Youtube,nonTor,Video-Streaming,Youtube
nonTor_Video-Streaming_Youtube_none_1.pcap.TCP_10-152-152-11_47211_173-194-142-13_443_stream_0.pcap,tcp_0,tcp,0,Youtube,nonTor,Video-Streaming,Youtube
nonTor_Video-Streaming_Youtube_none_1.pcap.TCP_10-152-152-11_33782_46-28-247-79_443_stream_0.pcap,tcp_0,tcp,0,Youtube,nonTor,Video-Streaming,Youtube
nonTor_Video-Streaming_Youtube_none_2.pcap.TCP_10-152-152-11_42260_208-117-254-42_443_stream_0.pcap,tcp_0,tcp,0,Youtube,nonTor,Video-Streaming,Youtube
nonTor_Video-Streaming_Youtube_none_2.pcap.TCP_10-152-152-11_39967_208-117-254-174_443_stream_0.pcap,tcp_0,tcp,0,Youtube,nonTor,Video-Streaming,Youtube
nonTor_Video-Streaming_Youtube_none_1.pcap.TCP_10-152-152-11_59288_74-125-136-136_443_stream_0.pcap,tcp_0,tcp,0,Youtube,nonTor,Video-Streaming,Youtube
nonTor_Video-Streaming_Youtube_none_1.pcap.UDP_10-152-152-10_53_10-152-152-11_56700_stream_0.pcap,udp_0,udp,0,Youtube,nonTor,Video-Streaming,Youtube
nonTor_Video-Streaming_Youtube_none_1.pcap.TCP_10-152-152-11_45397_74-125-226-40_443_stream_0.pcap,tcp_0,tcp,0,Youtube,nonTor,Video-Streaming,Youtube
nonTor_Video-Streaming_Youtube_none_1.pcap.TCP_10-152-152-11_54909_216-58-216-78_443_stream_0.pcap,tcp_0,tcp,0,Youtube,nonTor,Video-Streaming,Youtube
nonTor_Video-Streaming_Youtube_none_1.pcap.UDP_10-152-152-10_53_10-152-152-11_43074_stream_0.pcap,udp_0,udp,0,Youtube,nonTor,Video-Streaming,Youtube
nonTor_Video-Streaming_Youtube_none_1.pcap.UDP_10-152-152-10_53_10-152-152-11_44671_stream_0.pcap,udp_0,udp,0,Youtube,nonTor,Video-Streaming,Youtube
nonTor_Video-Streaming_Youtube_none_1.pcap.UDP_10-152-152-10_53_10-152-152-11_51128_stream_0.pcap,udp_0,udp,0,Youtube,nonTor,Video-Streaming,Youtube
nonTor_Video-Streaming_Youtube_none_1.pcap.UDP_10-152-152-10_53_10-152-152-11_47474_stream_0.pcap,udp_0,udp,0,Youtube,nonTor,Video-Streaming,Youtube
nonTor_Video-Streaming_Youtube_none_1.pcap.UDP_10-152-152-10_53_10-152-152-11_50920_stream_0.pcap,udp_0,udp,0,Youtube,nonTor,Video-Streaming,Youtube
Tor_Video-Streaming_Youtube_none_4.pcap.UDP_131-202-240-150_34920_131-202-244-3_53_stream_0.pcap,udp_0,udp,0,Youtube,Tor,Video-Streaming,Youtube
nonTor_Video-Streaming_Youtube_none_1.pcap.UDP_10-152-152-10_53_10-152-152-11_35567_stream_0.pcap,udp_0,udp,0,Youtube,nonTor,Video-Streaming,Youtube
nonTor_Video-Streaming_Youtube_none_1.pcap.UDP_10-152-152-10_53_10-152-152-11_40516_stream_0.pcap,udp_0,udp,0,Youtube,nonTor,Video-Streaming,Youtube
nonTor_Video-Streaming_Youtube_none_1.pcap.UDP_10-152-152-10_53_10-152-152-11_34935_stream_0.pcap,udp_0,udp,0,Youtube,nonTor,Video-Streaming,Youtube
nonTor_Video-Streaming_Youtube_none_1.pcap.UDP_10-152-152-10_53_10-152-152-11_52160_stream_0.pcap,udp_0,udp,0,Youtube,nonTor,Video-Streaming,Youtube
Tor_Video-Streaming_Youtube_none_3.pcap.UDP_131-202-240-150_16985_131-202-244-5_53_stream_0.pcap,udp_0,udp,0,Youtube,Tor,Video-Streaming,Youtube
nonTor_Video-Streaming_Youtube_none_1.pcap.UDP_10-152-152-10_53_10-152-152-11_36468_stream_0.pcap,udp_0,udp,0,Youtube,nonTor,Video-Streaming,Youtube
nonTor_Video-Streaming_Youtube_none_1.pcap.TCP_10-152-152-11_46734_74-125-136-132_443_stream_0.pcap,tcp_0,tcp,0,Youtube,nonTor,Video-Streaming,Youtube
nonTor_Video-Streaming_Youtube_none_1.pcap.UDP_10-152-152-10_53_10-152-152-11_46938_stream_0.pcap,udp_0,udp,0,Youtube,nonTor,Video-Streaming,Youtube
nonTor_Video-Streaming_Youtube_none_1.pcap.UDP_10-152-152-10_53_10-152-152-11_58597_stream_0.pcap,udp_0,udp,0,Youtube,nonTor,Video-Streaming,Youtube
nonTor_Video-Streaming_Youtube_none_1.pcap.UDP_10-152-152-10_53_10-152-152-11_40171_stream_0.pcap,udp_0,udp,0,Youtube,nonTor,Video-Streaming,Youtube
nonTor_Video-Streaming_Youtube_none_1.pcap.TCP_10-152-152-11_41899_173-194-112-176_443_stream_0.pcap,tcp_0,tcp,0,Youtube,nonTor,Video-Streaming,Youtube
nonTor_Video-Streaming_Youtube_none_1.pcap.UDP_10-152-152-10_53_10-152-152-11_51102_stream_0.pcap,udp_0,udp,0,Youtube,nonTor,Video-Streaming,Youtube
nonTor_Video-Streaming_Youtube_none_1.pcap.UDP_10-152-152-10_53_10-152-152-11_32804_stream_0.pcap,udp_0,udp,0,Youtube,nonTor,Video-Streaming,Youtube
Tor_Video-Streaming_Youtube_none_4.pcap.UDP_131-202-6-3_53_131-202-240-150_35121_stream_0.pcap,udp_0,udp,0,Youtube,Tor,Video-Streaming,Youtube
nonTor_Video-Streaming_Youtube_none_1.pcap.UDP_10-152-152-10_53_10-152-152-11_42880_stream_0.pcap,udp_0,udp,0,Youtube,nonTor,Video-Streaming,Youtube
nonTor_Video-Streaming_Youtube_none_1.pcap.TCP_10-152-152-11_38082_173-194-116-203_443_stream_0.pcap,tcp_0,tcp,0,Youtube,nonTor,Video-Streaming,Youtube
nonTor_Video-Streaming_Youtube_none_1.pcap.UDP_10-152-152-10_53_10-152-152-11_34727_stream_0.pcap,udp_0,udp,0,Youtube,nonTor,Video-Streaming,Youtube
Tor_Video-Streaming_Youtube_none_4.pcap.UDP_131-202-240-150_47938_131-202-244-3_53_stream_0.pcap,udp_0,udp,0,Youtube,Tor,Video-Streaming,Youtube
Tor_Video-Streaming_Youtube_none_3.pcap.TCP_131-202-240-150_34160_217-23-3-253_9001_stream_0.pcap,tcp_0,tcp,0,Youtube,Tor,Video-Streaming,Youtube
nonTor_Video-Streaming_Youtube_none_1.pcap.UDP_10-152-152-10_53_10-152-152-11_53748_stream_0.pcap,udp_0,udp,0,Youtube,nonTor,Video-Streaming,Youtube
nonTor_Video-Streaming_Youtube_none_1.pcap.TCP_10-152-152-11_56496_216-58-216-65_443_stream_0.pcap,tcp_0,tcp,0,Youtube,nonTor,Video-Streaming,Youtube
nonTor_Video-Streaming_Youtube_none_1.pcap.TCP_10-152-152-11_59299_173-194-116-107_443_stream_0.pcap,tcp_0,tcp,0,Youtube,nonTor,Video-Streaming,Youtube
nonTor_Video-Streaming_Youtube_none_1.pcap.UDP_10-152-152-10_53_10-152-152-11_59815_stream_0.pcap,udp_0,udp,0,Youtube,nonTor,Video-Streaming,Youtube
nonTor_Video-Streaming_Youtube_none_1.pcap.UDP_10-152-152-10_53_10-152-152-11_43895_stream_0.pcap,udp_0,udp,0,Youtube,nonTor,Video-Streaming,Youtube
nonTor_Video-Streaming_Youtube_none_1.pcap.UDP_10-152-152-10_53_10-152-152-11_43942_stream_0.pcap,udp_0,udp,0,Youtube,nonTor,Video-Streaming,Youtube
nonTor_Video-Streaming_Youtube_none_1.pcap.UDP_10-152-152-10_53_10-152-152-11_38437_stream_0.pcap,udp_0,udp,0,Youtube,nonTor,Video-Streaming,Youtube
Tor_Video-Streaming_Youtube_none_4.pcap.TCP_131-202-240-150_41651_216-58-219-227_443_stream_0.pcap,tcp_0,tcp,0,Youtube,Tor,Video-Streaming,Youtube
nonTor_Video-Streaming_Youtube_none_1.pcap.UDP_10-152-152-10_53_10-152-152-11_38761_stream_0.pcap,udp_0,udp,0,Youtube,nonTor,Video-Streaming,Youtube
nonTor_Video-Streaming_Youtube_none_1.pcap.TCP_10-152-152-11_39171_173-194-112-122_443_stream_0.pcap,tcp_0,tcp,0,Youtube,nonTor,Video-Streaming,Youtube
Tor_Video-Streaming_Youtube_none_1.pcap.TCP_10-0-2-15_41071_198-52-200-39_443_stream_0.pcap,tcp_0,tcp,0,Youtube,Tor,Video-Streaming,Youtube
nonTor_Video-Streaming_Youtube_none_1.pcap.UDP_10-152-152-10_53_10-152-152-11_51161_stream_0.pcap,udp_0,udp,0,Youtube,nonTor,Video-Streaming,Youtube
nonTor_Video-Streaming_Youtube_none_1.pcap.UDP_10-152-152-10_53_10-152-152-11_60032_stream_0.pcap,udp_0,udp,0,Youtube,nonTor,Video-Streaming,Youtube
nonTor_Video-Streaming_Youtube_none_1.pcap.UDP_10-152-152-10_53_10-152-152-11_33719_stream_0.pcap,udp_0,udp,0,Youtube,nonTor,Video-Streaming,Youtube
nonTor_Video-Streaming_Youtube_none_1.pcap.TCP_10-152-152-11_52373_173-194-116-122_443_stream_0.pcap,tcp_0,tcp,0,Youtube,nonTor,Video-Streaming,Youtube
nonTor_Video-Streaming_Youtube_none_1.pcap.UDP_10-152-152-10_53_10-152-152-11_51885_stream_0.pcap,udp_0,udp,0,Youtube,nonTor,Video-Streaming,Youtube
Tor_Video-Streaming_Youtube_none_5.pcap.UDP_131-202-240-150_9626_131-202-244-5_53_stream_0.pcap,udp_0,udp,0,Youtube,Tor,Video-Streaming,Youtube
nonTor_Video-Streaming_Youtube_none_1.pcap.UDP_10-152-152-10_53_10-152-152-11_34528_stream_0.pcap,udp_0,udp,0,Youtube,nonTor,Video-Streaming,Youtube
nonTor_Video-Streaming_Youtube_none_1.pcap.UDP_10-152-152-10_53_10-152-152-11_36356_stream_0.pcap,udp_0,udp,0,Youtube,nonTor,Video-Streaming,Youtube
nonTor_Video-Streaming_Youtube_none_1.pcap.UDP_10-152-152-10_53_10-152-152-11_53417_stream_0.pcap,udp_0,udp,0,Youtube,nonTor,Video-Streaming,Youtube
nonTor_Video-Streaming_Youtube_none_1.pcap.UDP_10-152-152-10_53_10-152-152-11_38193_stream_0.pcap,udp_0,udp,0,Youtube,nonTor,Video-Streaming,Youtube
nonTor_Video-Streaming_Youtube_none_1.pcap.UDP_10-152-152-10_53_10-152-152-11_48081_stream_0.pcap,udp_0,udp,0,Youtube,nonTor,Video-Streaming,Youtube
Tor_Video-Streaming_Youtube_none_4.pcap.TCP_131-202-240-150_56554_173-194-123-48_443_stream_0.pcap,tcp_0,tcp,0,Youtube,Tor,Video-Streaming,Youtube
nonTor_Video-Streaming_Youtube_none_1.pcap.UDP_10-152-152-10_53_10-152-152-11_57453_stream_0.pcap,udp_0,udp,0,Youtube,nonTor,Video-Streaming,Youtube
nonTor_Video-Streaming_Youtube_none_1.pcap.UDP_10-152-152-10_53_10-152-152-11_51803_stream_0.pcap,udp_0,udp,0,Youtube,nonTor,Video-Streaming,Youtube
nonTor_Video-Streaming_Youtube_none_1.pcap.UDP_10-152-152-10_53_10-152-152-11_37813_stream_0.pcap,udp_0,udp,0,Youtube,nonTor,Video-Streaming,Youtube
nonTor_Video-Streaming_Youtube_none_1.pcap.UDP_10-152-152-10_53_10-152-152-11_35755_stream_0.pcap,udp_0,udp,0,Youtube,nonTor,Video-Streaming,Youtube
nonTor_Video-Streaming_Youtube_none_1.pcap.TCP_10-152-152-11_55902_216-58-211-10_443_stream_0.pcap,tcp_0,tcp,0,Youtube,nonTor,Video-Streaming,Youtube
nonTor_Video-Streaming_Youtube_none_1.pcap.UDP_10-152-152-10_53_10-152-152-11_57490_stream_0.pcap,udp_0,udp,0,Youtube,nonTor,Video-Streaming,Youtube
nonTor_Video-Streaming_Youtube_none_1.pcap.UDP_10-152-152-10_53_10-152-152-11_41028_stream_0.pcap,udp_0,udp,0,Youtube,nonTor,Video-Streaming,Youtube
nonTor_Video-Streaming_Youtube_none_1.pcap.UDP_10-152-152-10_53_10-152-152-11_50731_stream_0.pcap,udp_0,udp,0,Youtube,nonTor,Video-Streaming,Youtube
nonTor_Video-Streaming_Youtube_none_1.pcap.UDP_10-152-152-10_53_10-152-152-11_37433_stream_0.pcap,udp_0,udp,0,Youtube,nonTor,Video-Streaming,Youtube
nonTor_Video-Streaming_Youtube_none_1.pcap.UDP_10-152-152-10_53_10-152-152-11_52295_stream_0.pcap,udp_0,udp,0,Youtube,nonTor,Video-Streaming,Youtube
nonTor_Video-Streaming_Youtube_none_1.pcap.UDP_10-152-152-10_53_10-152-152-11_45955_stream_0.pcap,udp_0,udp,0,Youtube,nonTor,Video-Streaming,Youtube
Tor_Video-Streaming_Youtube_none_4.pcap.UDP_131-202-6-3_53_131-202-240-150_13987_stream_0.pcap,udp_0,udp,0,Youtube,Tor,Video-Streaming,Youtube
Tor_Video-Streaming_Youtube_none_4.pcap.TCP_131-202-240-150_40594_173-194-123-100_443_stream_0.pcap,tcp_0,tcp,0,Youtube,Tor,Video-Streaming,Youtube
nonTor_Video-Streaming_Youtube_none_1.pcap.UDP_10-152-152-10_53_10-152-152-11_57618_stream_0.pcap,udp_0,udp,0,Youtube,nonTor,Video-Streaming,Youtube
nonTor_Video-Streaming_Youtube_none_1.pcap.UDP_10-152-152-10_53_10-152-152-11_45320_stream_0.pcap,udp_0,udp,0,Youtube,nonTor,Video-Streaming,Youtube
nonTor_Video-Streaming_Youtube_none_1.pcap.TCP_10-152-152-11_35109_173-194-116-108_443_stream_0.pcap,tcp_0,tcp,0,Youtube,nonTor,Video-Streaming,Youtube
nonTor_Video-Streaming_Youtube_none_1.pcap.UDP_10-152-152-10_53_10-152-152-11_50213_stream_0.pcap,udp_0,udp,0,Youtube,nonTor,Video-Streaming,Youtube
Tor_Video-Streaming_Youtube_none_4.pcap.TCP_131-202-240-150_135_131-202-240-196_51821_stream_0.pcap,tcp_0,tcp,0,Youtube,Tor,Video-Streaming,Youtube
nonTor_Video-Streaming_Youtube_none_1.pcap.UDP_10-152-152-10_53_10-152-152-11_34117_stream_0.pcap,udp_0,udp,0,Youtube,nonTor,Video-Streaming,Youtube
nonTor_Video-Streaming_Youtube_none_1.pcap.UDP_10-152-152-10_53_10-152-152-11_35250_stream_0.pcap,udp_0,udp,0,Youtube,nonTor,Video-Streaming,Youtube
nonTor_Video-Streaming_Youtube_none_1.pcap.TCP_10-152-152-11_36384_173-194-116-124_443_stream_0.pcap,tcp_0,tcp,0,Youtube,nonTor,Video-Streaming,Youtube
nonTor_Video-Streaming_Youtube_none_1.pcap.UDP_10-152-152-10_53_10-152-152-11_56484_stream_0.pcap,udp_0,udp,0,Youtube,nonTor,Video-Streaming,Youtube
nonTor_Video-Streaming_Youtube_none_1.pcap.UDP_10-152-152-10_53_10-152-152-11_37949_stream_0.pcap,udp_0,udp,0,Youtube,nonTor,Video-Streaming,Youtube
Tor_Video-Streaming_Youtube_none_5.pcap.UDP_131-202-240-150_5013_131-202-244-3_53_stream_0.pcap,udp_0,udp,0,Youtube,Tor,Video-Streaming,Youtube
nonTor_Video-Streaming_Youtube_none_1.pcap.UDP_10-152-152-10_53_10-152-152-11_46374_stream_0.pcap,udp_0,udp,0,Youtube,nonTor,Video-Streaming,Youtube
nonTor_Video-Streaming_Youtube_none_1.pcap.UDP_10-152-152-10_53_10-152-152-11_55369_stream_0.pcap,udp_0,udp,0,Youtube,nonTor,Video-Streaming,Youtube
nonTor_Video-Streaming_Youtube_none_1.pcap.UDP_10-152-152-10_53_10-152-152-11_53975_stream_0.pcap,udp_0,udp,0,Youtube,nonTor,Video-Streaming,Youtube
nonTor_Video-Streaming_Youtube_none_1.pcap.TCP_10-152-152-11_38018_74-125-136-113_443_stream_0.pcap,tcp_0,tcp,0,Youtube,nonTor,Video-Streaming,Youtube
Tor_Video-Streaming_Youtube_none_4.pcap.TCP_74-125-226-184_80_131-202-240-150_39212_stream_0.pcap,tcp_0,tcp,0,Youtube,Tor,Video-Streaming,Youtube
Tor_Video-Streaming_Youtube_none_3.pcap.UDP_131-202-240-150_49868_131-202-244-5_53_stream_0.pcap,udp_0,udp,0,Youtube,Tor,Video-Streaming,Youtube
nonTor_Video-Streaming_Youtube_none_1.pcap.UDP_10-152-152-10_53_10-152-152-11_34337_stream_0.pcap,udp_0,udp,0,Youtube,nonTor,Video-Streaming,Youtube
nonTor_Video-Streaming_Youtube_none_1.pcap.UDP_10-152-152-10_53_10-152-152-11_33243_stream_0.pcap,udp_0,udp,0,Youtube,nonTor,Video-Streaming,Youtube
nonTor_Video-Streaming_Youtube_none_1.pcap.UDP_10-152-152-10_53_10-152-152-11_54550_stream_0.pcap,udp_0,udp,0,Youtube,nonTor,Video-Streaming,Youtube
nonTor_Video-Streaming_Youtube_none_1.pcap.UDP_10-152-152-10_53_10-152-152-11_43208_stream_0.pcap,udp_0,udp,0,Youtube,nonTor,Video-Streaming,Youtube
nonTor_Video-Streaming_Youtube_none_1.pcap.UDP_10-152-152-10_53_10-152-152-11_43570_stream_0.pcap,udp_0,udp,0,Youtube,nonTor,Video-Streaming,Youtube
nonTor_Video-Streaming_Youtube_none_1.pcap.UDP_10-152-152-10_53_10-152-152-11_54240_stream_0.pcap,udp_0,udp,0,Youtube,nonTor,Video-Streaming,Youtube
nonTor_Video-Streaming_Youtube_none_1.pcap.UDP_10-152-152-10_53_10-152-152-11_39494_stream_0.pcap,udp_0,udp,0,Youtube,nonTor,Video-Streaming,Youtube
nonTor_Video-Streaming_Youtube_none_1.pcap.TCP_10-152-152-11_42831_173-194-112-167_443_stream_0.pcap,tcp_0,tcp,0,Youtube,nonTor,Video-Streaming,Youtube
Tor_Video-Streaming_Youtube_none_5.pcap.UDP_131-202-240-150_23708_131-202-244-5_53_stream_0.pcap,udp_0,udp,0,Youtube,Tor,Video-Streaming,Youtube
nonTor_Video-Streaming_Youtube_none_1.pcap.UDP_10-152-152-10_53_10-152-152-11_59945_stream_0.pcap,udp_0,udp,0,Youtube,nonTor,Video-Streaming,Youtube
nonTor_Video-Streaming_Youtube_none_1.pcap.UDP_10-152-152-10_53_10-152-152-11_58048_stream_0.pcap,udp_0,udp,0,Youtube,nonTor,Video-Streaming,Youtube
nonTor_Video-Streaming_Youtube_none_1.pcap.UDP_10-152-152-10_53_10-152-152-11_37559_stream_0.pcap,udp_0,udp,0,Youtube,nonTor,Video-Streaming,Youtube
nonTor_Video-Streaming_Youtube_none_1.pcap.UDP_10-152-152-10_53_10-152-152-11_54423_stream_0.pcap,udp_0,udp,0,Youtube,nonTor,Video-Streaming,Youtube
nonTor_Video-Streaming_Youtube_none_1.pcap.UDP_10-152-152-10_53_10-152-152-11_47611_stream_0.pcap,udp_0,udp,0,Youtube,nonTor,Video-Streaming,Youtube
nonTor_Video-Streaming_Youtube_none_1.pcap.UDP_10-152-152-10_53_10-152-152-11_41133_stream_0.pcap,udp_0,udp,0,Youtube,nonTor,Video-Streaming,Youtube
nonTor_Video-Streaming_Youtube_none_1.pcap.UDP_10-152-152-10_53_10-152-152-11_56642_stream_0.pcap,udp_0,udp,0,Youtube,nonTor,Video-Streaming,Youtube
Tor_Video-Streaming_Youtube_none_4.pcap.UDP_131-202-240-150_35121_131-202-244-5_53_stream_0.pcap,udp_0,udp,0,Youtube,Tor,Video-Streaming,Youtube
nonTor_Video-Streaming_Youtube_none_1.pcap.UDP_10-152-152-10_53_10-152-152-11_42771_stream_0.pcap,udp_0,udp,0,Youtube,nonTor,Video-Streaming,Youtube
nonTor_Video-Streaming_Youtube_none_1.pcap.TCP_10-152-152-11_59363_74-125-225-26_443_stream_0.pcap,tcp_0,tcp,0,Youtube,nonTor,Video-Streaming,Youtube
nonTor_Video-Streaming_Youtube_none_1.pcap.TCP_10-152-152-11_37142_173-194-116-217_443_stream_0.pcap,tcp_0,tcp,0,Youtube,nonTor,Video-Streaming,Youtube
nonTor_Video-Streaming_Youtube_none_1.pcap.UDP_10-152-152-10_53_10-152-152-11_40908_stream_0.pcap,udp_0,udp,0,Youtube,nonTor,Video-Streaming,Youtube
nonTor_Video-Streaming_Youtube_none_1.pcap.UDP_10-152-152-10_53_10-152-152-11_47000_stream_0.pcap,udp_0,udp,0,Youtube,nonTor,Video-Streaming,Youtube
nonTor_Video-Streaming_Youtube_none_1.pcap.UDP_10-152-152-10_53_10-152-152-11_37070_stream_0.pcap,udp_0,udp,0,Youtube,nonTor,Video-Streaming,Youtube
nonTor_Video-Streaming_Youtube_none_1.pcap.UDP_10-152-152-10_53_10-152-152-11_35192_stream_0.pcap,udp_0,udp,0,Youtube,nonTor,Video-Streaming,Youtube
nonTor_Video-Streaming_Youtube_none_1.pcap.UDP_10-152-152-10_53_10-152-152-11_36596_stream_0.pcap,udp_0,udp,0,Youtube,nonTor,Video-Streaming,Youtube
Tor_Video-Streaming_Youtube_none_3.pcap.UDP_131-202-240-150_17127_131-202-244-5_53_stream_0.pcap,udp_0,udp,0,Youtube,Tor,Video-Streaming,Youtube
nonTor_Video-Streaming_Youtube_none_1.pcap.TCP_10-152-152-11_54144_68-232-34-191_443_stream_0.pcap,tcp_0,tcp,0,Youtube,nonTor,Video-Streaming,Youtube
nonTor_Video-Streaming_Youtube_none_1.pcap.TCP_10-152-152-11_52368_173-194-116-122_443_stream_0.pcap,tcp_0,tcp,0,Youtube,nonTor,Video-Streaming,Youtube
Tor_Video-Streaming_Youtube_none_4.pcap.UDP_131-202-6-3_53_131-202-240-150_61524_stream_0.pcap,udp_0,udp,0,Youtube,Tor,Video-Streaming,Youtube
nonTor_Video-Streaming_Youtube_none_1.pcap.UDP_10-152-152-10_53_10-152-152-11_53974_stream_0.pcap,udp_0,udp,0,Youtube,nonTor,Video-Streaming,Youtube
nonTor_Video-Streaming_Youtube_none_1.pcap.TCP_10-152-152-11_47986_173-194-112-109_443_stream_0.pcap,tcp_0,tcp,0,Youtube,nonTor,Video-Streaming,Youtube
nonTor_Video-Streaming_Youtube_none_1.pcap.UDP_10-152-152-10_53_10-152-152-11_51172_stream_0.pcap,udp_0,udp,0,Youtube,nonTor,Video-Streaming,Youtube
nonTor_Video-Streaming_Youtube_none_1.pcap.UDP_10-152-152-10_53_10-152-152-11_41572_stream_0.pcap,udp_0,udp,0,Youtube,nonTor,Video-Streaming,Youtube
nonTor_Video-Streaming_Youtube_none_1.pcap.UDP_10-152-152-10_53_10-152-152-11_60224_stream_0.pcap,udp_0,udp,0,Youtube,nonTor,Video-Streaming,Youtube
nonTor_Video-Streaming_Youtube_none_1.pcap.UDP_10-152-152-10_53_10-152-152-11_38038_stream_0.pcap,udp_0,udp,0,Youtube,nonTor,Video-Streaming,Youtube
nonTor_Video-Streaming_Youtube_none_1.pcap.UDP_10-152-152-10_53_10-152-152-11_49210_stream_0.pcap,udp_0,udp,0,Youtube,nonTor,Video-Streaming,Youtube
nonTor_Video-Streaming_Youtube_none_1.pcap.TCP_10-152-152-11_58390_37-252-170-105_443_stream_0.pcap,tcp_0,tcp,0,Youtube,nonTor,Video-Streaming,Youtube
Tor_Video-Streaming_Youtube_none_4.pcap.UDP_131-202-6-3_53_131-202-240-150_29197_stream_0.pcap,udp_0,udp,0,Youtube,Tor,Video-Streaming,Youtube
nonTor_Video-Streaming_Youtube_none_1.pcap.UDP_10-152-152-10_53_10-152-152-11_58704_stream_0.pcap,udp_0,udp,0,Youtube,nonTor,Video-Streaming,Youtube
nonTor_Video-Streaming_Youtube_none_1.pcap.UDP_10-152-152-10_53_10-152-152-11_51942_stream_0.pcap,udp_0,udp,0,Youtube,nonTor,Video-Streaming,Youtube
nonTor_Video-Streaming_Youtube_none_1.pcap.TCP_10-152-152-11_46736_74-125-136-132_443_stream_0.pcap,tcp_0,tcp,0,Youtube,nonTor,Video-Streaming,Youtube
nonTor_Video-Streaming_Youtube_none_1.pcap.UDP_10-152-152-10_53_10-152-152-11_56892_stream_0.pcap,udp_0,udp,0,Youtube,nonTor,Video-Streaming,Youtube
nonTor_Video-Streaming_Youtube_none_1.pcap.UDP_10-152-152-10_53_10-152-152-11_35746_stream_0.pcap,udp_0,udp,0,Youtube,nonTor,Video-Streaming,Youtube
nonTor_Video-Streaming_Youtube_none_1.pcap.UDP_10-152-152-10_53_10-152-152-11_36464_stream_0.pcap,udp_0,udp,0,Youtube,nonTor,Video-Streaming,Youtube
Tor_Video-Streaming_Youtube_none_4.pcap.UDP_131-202-6-3_53_131-202-240-150_6472_stream_0.pcap,udp_0,udp,0,Youtube,Tor,Video-Streaming,Youtube
nonTor_Video-Streaming_Youtube_none_1.pcap.TCP_10-152-152-11_55550_173-194-112-164_443_stream_0.pcap,tcp_0,tcp,0,Youtube,nonTor,Video-Streaming,Youtube
nonTor_Video-Streaming_Youtube_none_1.pcap.UDP_10-152-152-10_53_10-152-152-11_46210_stream_0.pcap,udp_0,udp,0,Youtube,nonTor,Video-Streaming,Youtube
nonTor_Video-Streaming_Youtube_none_1.pcap.UDP_10-152-152-10_53_10-152-152-11_51553_stream_0.pcap,udp_0,udp,0,Youtube,nonTor,Video-Streaming,Youtube
nonTor_Video-Streaming_Youtube_none_1.pcap.UDP_10-152-152-10_53_10-152-152-11_55193_stream_0.pcap,udp_0,udp,0,Youtube,nonTor,Video-Streaming,Youtube
Tor_Video-Streaming_Youtube_none_3.pcap.UDP_131-202-240-150_10296_131-202-244-3_53_stream_0.pcap,udp_0,udp,0,Youtube,Tor,Video-Streaming,Youtube
Tor_Video-Streaming_Youtube_none_5.pcap.UDP_131-202-240-88_137_131-202-240-150_137_stream_0.pcap,udp_0,udp,0,Youtube,Tor,Video-Streaming,Youtube
nonTor_Video-Streaming_Youtube_none_1.pcap.TCP_10-152-152-11_47929_173-194-112-188_443_stream_0.pcap,tcp_0,tcp,0,Youtube,nonTor,Video-Streaming,Youtube
nonTor_Video-Streaming_Youtube_none_1.pcap.UDP_10-152-152-10_53_10-152-152-11_50275_stream_0.pcap,udp_0,udp,0,Youtube,nonTor,Video-Streaming,Youtube
nonTor_Video-Streaming_Youtube_none_1.pcap.UDP_10-152-152-10_53_10-152-152-11_59267_stream_0.pcap,udp_0,udp,0,Youtube,nonTor,Video-Streaming,Youtube
Tor_Video-Streaming_Youtube_none_3.pcap.TCP_131-202-1-62_443_131-202-240-150_56827_stream_0.pcap,tcp_0,tcp,0,Youtube,Tor,Video-Streaming,Youtube
Tor_Video-Streaming_Youtube_none_5.pcap.UDP_131-202-240-150_4986_131-202-244-3_53_stream_0.pcap,udp_0,udp,0,Youtube,Tor,Video-Streaming,Youtube
Tor_Video-Streaming_Youtube_none_4.pcap.TCP_131-202-240-150_135_131-202-240-196_51822_stream_1.pcap,tcp_0,tcp,0,Youtube,Tor,Video-Streaming,Youtube
nonTor_Video-Streaming_Youtube_none_1.pcap.TCP_10-152-152-11_35108_173-194-116-108_443_stream_0.pcap,tcp_0,tcp,0,Youtube,nonTor,Video-Streaming,Youtube
nonTor_Video-Streaming_Youtube_none_1.pcap.UDP_10-152-152-10_53_10-152-152-11_54124_stream_0.pcap,udp_0,udp,0,Youtube,nonTor,Video-Streaming,Youtube
nonTor_Video-Streaming_Youtube_none_1.pcap.UDP_10-152-152-10_53_10-152-152-11_58770_stream_0.pcap,udp_0,udp,0,Youtube,nonTor,Video-Streaming,Youtube
nonTor_Video-Streaming_Youtube_none_1.pcap.TCP_10-152-152-11_46733_74-125-136-132_443_stream_0.pcap,tcp_0,tcp,0,Youtube,nonTor,Video-Streaming,Youtube
nonTor_Video-Streaming_Youtube_none_1.pcap.UDP_10-152-152-10_53_10-152-152-11_46408_stream_0.pcap,udp_0,udp,0,Youtube,nonTor,Video-Streaming,Youtube
nonTor_Video-Streaming_Youtube_none_1.pcap.TCP_10-152-152-11_40047_216-58-216-106_443_stream_0.pcap,tcp_0,tcp,0,Youtube,nonTor,Video-Streaming,Youtube
nonTor_Video-Streaming_Youtube_none_1.pcap.UDP_10-152-152-10_53_10-152-152-11_51018_stream_0.pcap,udp_0,udp,0,Youtube,nonTor,Video-Streaming,Youtube
nonTor_Video-Streaming_Youtube_none_1.pcap.UDP_10-152-152-10_53_10-152-152-11_40266_stream_0.pcap,udp_0,udp,0,Youtube,nonTor,Video-Streaming,Youtube
nonTor_Video-Streaming_Youtube_none_1.pcap.UDP_10-152-152-10_53_10-152-152-11_38229_stream_0.pcap,udp_0,udp,0,Youtube,nonTor,Video-Streaming,Youtube
nonTor_Video-Streaming_Youtube_none_1.pcap.TCP_10-152-152-11_44568_173-194-116-197_443_stream_0.pcap,tcp_0,tcp,0,Youtube,nonTor,Video-Streaming,Youtube
Tor_Video-Streaming_Youtube_none_4.pcap.UDP_131-202-6-3_53_131-202-240-150_33917_stream_0.pcap,udp_0,udp,0,Youtube,Tor,Video-Streaming,Youtube
Tor_Video-Streaming_Youtube_none_4.pcap.UDP_131-202-240-150_49382_131-202-244-3_53_stream_0.pcap,udp_0,udp,0,Youtube,Tor,Video-Streaming,Youtube
nonTor_Video-Streaming_Youtube_none_1.pcap.UDP_10-152-152-10_53_10-152-152-11_34748_stream_0.pcap,udp_0,udp,0,Youtube,nonTor,Video-Streaming,Youtube
nonTor_Video-Streaming_Youtube_none_1.pcap.UDP_10-152-152-10_53_10-152-152-11_55255_stream_0.pcap,udp_0,udp,0,Youtube,nonTor,Video-Streaming,Youtube
nonTor_Video-Streaming_Youtube_none_1.pcap.UDP_10-152-152-10_53_10-152-152-11_35636_stream_0.pcap,udp_0,udp,0,Youtube,nonTor,Video-Streaming,Youtube
nonTor_Video-Streaming_Youtube_none_1.pcap.TCP_10-152-152-11_45395_173-194-112-102_80_stream_0.pcap,tcp_0,tcp,0,Youtube,nonTor,Video-Streaming,Youtube
Tor_Video-Streaming_Youtube_none_4.pcap.UDP_131-202-240-150_6180_131-202-244-3_53_stream_0.pcap,udp_0,udp,0,Youtube,Tor,Video-Streaming,Youtube
nonTor_Video-Streaming_Youtube_none_1.pcap.UDP_10-152-152-10_53_10-152-152-11_51017_stream_0.pcap,udp_0,udp,0,Youtube,nonTor,Video-Streaming,Youtube
nonTor_Video-Streaming_Youtube_none_1.pcap.UDP_10-152-152-10_53_10-152-152-11_49614_stream_0.pcap,udp_0,udp,0,Youtube,nonTor,Video-Streaming,Youtube
Tor_Video-Streaming_Youtube_none_3.pcap.UDP_131-202-240-150_21352_131-202-244-5_53_stream_0.pcap,udp_0,udp,0,Youtube,Tor,Video-Streaming,Youtube
nonTor_Video-Streaming_Youtube_none_1.pcap.UDP_10-152-152-10_53_10-152-152-11_49060_stream_0.pcap,udp_0,udp,0,Youtube,nonTor,Video-Streaming,Youtube
nonTor_Video-Streaming_Youtube_none_1.pcap.UDP_10-152-152-10_53_10-152-152-11_48490_stream_0.pcap,udp_0,udp,0,Youtube,nonTor,Video-Streaming,Youtube
Tor_Video-Streaming_Youtube_none_5.pcap.UDP_131-202-6-3_53_131-202-240-150_7019_stream_0.pcap,udp_0,udp,0,Youtube,Tor,Video-Streaming,Youtube
nonTor_Audio-Streaming_Spotify_none_2.pcap.TCP_10-152-152-11_51541_23-235-43-246_80_stream_0.pcap,tcp_0,tcp,0,Spotify,nonTor,Audio-Streaming,Spotify
nonTor_Audio-Streaming_Spotify_none_3.pcap.TCP_10-152-152-11_51518_23-235-40-246_80_stream_0.pcap,tcp_0,tcp,0,Spotify,nonTor,Audio-Streaming,Spotify
nonTor_Audio-Streaming_Spotify_none_1.salvaged.pcap.TCP_10-152-152-11_57172_185-31-18-246_80_stream_0.pcap,tcp_0,tcp,0,Spotify,nonTor,Audio-Streaming,Spotify
nonTor_Audio-Streaming_Spotify_none_3.salvaged.pcap.TCP_10-152-152-11_57174_185-31-18-246_80_stream_0.pcap,tcp_0,tcp,0,Spotify,nonTor,Audio-Streaming,Spotify
nonTor_Audio-Streaming_Spotify_none_4.pcap.TCP_10-152-152-11_53291_185-31-18-246_80_stream_0.pcap,tcp_0,tcp,0,Spotify,nonTor,Audio-Streaming,Spotify
nonTor_Audio-Streaming_Spotify_none_4.pcap.TCP_10-152-152-11_52707_185-31-17-246_80_stream_0.pcap,tcp_0,tcp,0,Spotify,nonTor,Audio-Streaming,Spotify
nonTor_Audio-Streaming_Spotify_none_2.pcap.TCP_10-152-152-11_52724_185-31-17-246_80_stream_0.pcap,tcp_0,tcp,0,Spotify,nonTor,Audio-Streaming,Spotify
nonTor_Audio-Streaming_Spotify_none_2.pcap.TCP_10-152-152-11_52763_185-31-17-246_80_stream_0.pcap,tcp_0,tcp,0,Spotify,nonTor,Audio-Streaming,Spotify
nonTor_Audio-Streaming_Spotify_none_3.pcap.TCP_10-152-152-11_51528_23-235-40-246_80_stream_0.pcap,tcp_0,tcp,0,Spotify,nonTor,Audio-Streaming,Spotify
nonTor_Audio-Streaming_Spotify_none_2.pcap.TCP_10-152-152-11_53295_185-31-18-246_80_stream_0.pcap,tcp_0,tcp,0,Spotify,nonTor,Audio-Streaming,Spotify
nonTor_Audio-Streaming_Spotify_none_2.pcap.TCP_10-152-152-11_52683_185-31-17-246_80_stream_0.pcap,tcp_0,tcp,0,Spotify,nonTor,Audio-Streaming,Spotify
nonTor_Audio-Streaming_Spotify_none_2.pcap.TCP_10-152-152-11_51548_23-235-43-246_80_stream_0.pcap,tcp_0,tcp,0,Spotify,nonTor,Audio-Streaming,Spotify
nonTor_Audio-Streaming_Spotify_none_3.salvaged.pcap.TCP_10-152-152-11_51530_23-235-40-246_80_stream_0.pcap,tcp_0,tcp,0,Spotify,nonTor,Audio-Streaming,Spotify
nonTor_Audio-Streaming_Spotify_none_1.salvaged.pcap.TCP_10-152-152-11_39989_185-31-17-246_80_stream_0.pcap,tcp_0,tcp,0,Spotify,nonTor,Audio-Streaming,Spotify
nonTor_Audio-Streaming_Spotify_none_2.pcap.TCP_10-152-152-11_51524_23-235-43-246_80_stream_0.pcap,tcp_0,tcp,0,Spotify,nonTor,Audio-Streaming,Spotify
nonTor_Audio-Streaming_Spotify_none_4.pcap.TCP_10-152-152-11_35317_23-235-45-246_80_stream_0.pcap,tcp_0,tcp,0,Spotify,nonTor,Audio-Streaming,Spotify
nonTor_Audio-Streaming_Spotify_none_1.salvaged.pcap.TCP_10-152-152-10_9104_10-152-152-11_49868_stream_0.pcap,tcp_0,tcp,0,Spotify,nonTor,Audio-Streaming,Spotify
nonTor_Audio-Streaming_Spotify_none_3.pcap.TCP_10-152-152-11_51521_23-235-40-246_80_stream_0.pcap,tcp_0,tcp,0,Spotify,nonTor,Audio-Streaming,Spotify
nonTor_Audio-Streaming_Spotify_none_4.pcap.TCP_10-152-152-11_53274_185-31-18-246_80_stream_0.pcap,tcp_0,tcp,0,Spotify,nonTor,Audio-Streaming,Spotify
nonTor_Audio-Streaming_Spotify_none_3.salvaged.pcap.TCP_10-152-152-11_44144_23-235-45-246_80_stream_0.pcap,tcp_0,tcp,0,Spotify,nonTor,Audio-Streaming,Spotify
nonTor_Audio-Streaming_Spotify_none_2.pcap.TCP_10-152-152-11_52681_185-31-17-246_80_stream_0.pcap,tcp_0,tcp,0,Spotify,nonTor,Audio-Streaming,Spotify
nonTor_Audio-Streaming_Spotify_none_3.salvaged.pcap.TCP_10-152-152-10_9104_10-152-152-11_49868_stream_0.pcap,tcp_0,tcp,0,Spotify,nonTor,Audio-Streaming,Spotify
nonTor_Audio-Streaming_Spotify_none_4.pcap.TCP_10-152-152-11_35880_185-31-19-246_80_stream_0.pcap,tcp_0,tcp,0,Spotify,nonTor,Audio-Streaming,Spotify
nonTor_Audio-Streaming_Spotify_none_4.pcap.TCP_10-152-152-11_52747_185-31-17-246_80_stream_0.pcap,tcp_0,tcp,0,Spotify,nonTor,Audio-Streaming,Spotify
nonTor_Audio-Streaming_Spotify_none_5.pcap.TCP_10-152-152-11_45415_68-232-34-151_80_stream_0.pcap,tcp_0,tcp,0,Spotify,nonTor,Audio-Streaming,Spotify
nonTor_Audio-Streaming_Spotify_none_2.pcap.TCP_10-152-152-11_51417_23-235-43-246_80_stream_0.pcap,tcp_0,tcp,0,Spotify,nonTor,Audio-Streaming,Spotify
nonTor_Audio-Streaming_Spotify_none_3.pcap.TCP_10-152-152-11_51511_23-235-40-246_80_stream_0.pcap,tcp_0,tcp,0,Spotify,nonTor,Audio-Streaming,Spotify
nonTor_Audio-Streaming_Spotify_none_1.pcap.TCP_10-152-152-11_35247_23-235-43-246_80_stream_0.pcap,tcp_0,tcp,0,Spotify,nonTor,Audio-Streaming,Spotify
nonTor_Audio-Streaming_Spotify_none_1.salvaged.pcap.TCP_10-152-152-11_51532_23-235-40-246_80_stream_0.pcap,tcp_0,tcp,0,Spotify,nonTor,Audio-Streaming,Spotify
nonTor_Audio-Streaming_Spotify_none_4.pcap.TCP_10-152-152-11_35878_185-31-19-246_80_stream_0.pcap,tcp_0,tcp,0,Spotify,nonTor,Audio-Streaming,Spotify
nonTor_Audio-Streaming_Spotify_none_4.pcap.TCP_10-152-152-11_35916_185-31-19-246_80_stream_0.pcap,tcp_0,tcp,0,Spotify,nonTor,Audio-Streaming,Spotify
nonTor_Audio-Streaming_Spotify_none_3.salvaged.pcap.TCP_10-152-152-10_9052_10-152-152-11_40962_stream_0.pcap,tcp_0,tcp,0,Spotify,nonTor,Audio-Streaming,Spotify
nonTor_Audio-Streaming_Spotify_none_1.pcap.TCP_10-152-152-11_51537_23-235-40-246_80_stream_0.pcap,tcp_0,tcp,0,Spotify,nonTor,Audio-Streaming,Spotify
nonTor_Audio-Streaming_Spotify_none_4.pcap.TCP_10-152-152-10_9108_10-152-152-11_52474_stream_0.pcap,tcp_0,tcp,0,Spotify,nonTor,Audio-Streaming,Spotify
nonTor_Audio-Streaming_Spotify_none_2.pcap.TCP_10-152-152-11_52671_185-31-17-246_80_stream_0.pcap,tcp_0,tcp,0,Spotify,nonTor,Audio-Streaming,Spotify
nonTor_Audio-Streaming_Spotify_none_2.pcap.TCP_10-152-152-11_52717_185-31-17-246_80_stream_0.pcap,tcp_0,tcp,0,Spotify,nonTor,Audio-Streaming,Spotify
nonTor_Audio-Streaming_Spotify_none_5.salvaged.pcap.TCP_10-152-152-11_45417_68-232-34-151_80_stream_0.pcap,tcp_0,tcp,0,Spotify,nonTor,Audio-Streaming,Spotify
nonTor_Audio-Streaming_Spotify_none_3.pcap.TCP_10-152-152-11_51525_23-235-40-246_80_stream_0.pcap,tcp_0,tcp,0,Spotify,nonTor,Audio-Streaming,Spotify
nonTor_Audio-Streaming_Spotify_none_1.salvaged.pcap.TCP_10-152-152-11_34534_38-229-72-22_443_stream_0.pcap,tcp_0,tcp,0,Spotify,nonTor,Audio-Streaming,Spotify
nonTor_Audio-Streaming_Spotify_none_4.pcap.TCP_10-152-152-11_35335_23-235-45-246_80_stream_0.pcap,tcp_0,tcp,0,Spotify,nonTor,Audio-Streaming,Spotify
nonTor_Audio-Streaming_Spotify_none_4.pcap.TCP_10-152-152-11_52761_185-31-17-246_80_stream_0.pcap,tcp_0,tcp,0,Spotify,nonTor,Audio-Streaming,Spotify
nonTor_Audio-Streaming_Spotify_none_3.pcap.TCP_10-152-152-10_9110_10-152-152-11_60838_stream_0.pcap,tcp_0,tcp,0,Spotify,nonTor,Audio-Streaming,Spotify
nonTor_Audio-Streaming_Spotify_none_3.pcap.TCP_10-152-152-10_9104_10-152-152-11_49867_stream_0.pcap,tcp_0,tcp,0,Spotify,nonTor,Audio-Streaming,Spotify
nonTor_Audio-Streaming_Spotify_none_3.pcap.TCP_10-152-152-11_51514_23-235-40-246_80_stream_0.pcap,tcp_0,tcp,0,Spotify,nonTor,Audio-Streaming,Spotify
nonTor_Audio-Streaming_Spotify_none_2.pcap.TCP_10-152-152-11_52676_185-31-17-246_80_stream_0.pcap,tcp_0,tcp,0,Spotify,nonTor,Audio-Streaming,Spotify
nonTor_Audio-Streaming_Spotify_none_2.pcap.TCP_10-152-152-11_51523_23-235-43-246_80_stream_0.pcap,tcp_0,tcp,0,Spotify,nonTor,Audio-Streaming,Spotify
nonTor_Audio-Streaming_Spotify_none_4.pcap.TCP_10-152-152-11_35861_185-31-19-246_80_stream_0.pcap,tcp_0,tcp,0,Spotify,nonTor,Audio-Streaming,Spotify
nonTor_Audio-Streaming_Spotify_none_1.salvaged.pcap.TCP_10-152-152-11_51521_23-235-40-246_80_stream_0.pcap,tcp_0,tcp,0,Spotify,nonTor,Audio-Streaming,Spotify
nonTor_Audio-Streaming_Spotify_none_4.pcap.TCP_10-152-152-11_52683_185-31-17-246_80_stream_0.pcap,tcp_0,tcp,0,Spotify,nonTor,Audio-Streaming,Spotify
nonTor_Audio-Streaming_Spotify_none_1.salvaged.pcap.TCP_10-152-152-11_51515_23-235-40-246_80_stream_0.pcap,tcp_0,tcp,0,Spotify,nonTor,Audio-Streaming,Spotify
nonTor_Audio-Streaming_Spotify_none_3.pcap.TCP_10-152-152-11_51524_23-235-40-246_80_stream_0.pcap,tcp_0,tcp,0,Spotify,nonTor,Audio-Streaming,Spotify
nonTor_Audio-Streaming_Spotify_none_2.pcap.TCP_10-152-152-11_53291_185-31-18-246_80_stream_0.pcap,tcp_0,tcp,0,Spotify,nonTor,Audio-Streaming,Spotify
nonTor_Audio-Streaming_Spotify_none_4.pcap.TCP_10-152-152-11_52714_185-31-17-246_80_stream_0.pcap,tcp_0,tcp,0,Spotify,nonTor,Audio-Streaming,Spotify
nonTor_Audio-Streaming_Spotify_none_1.pcap.TCP_10-152-152-11_39995_185-31-17-246_80_stream_0.pcap,tcp_0,tcp,0,Spotify,nonTor,Audio-Streaming,Spotify
nonTor_Audio-Streaming_Spotify_none_2.pcap.TCP_10-152-152-11_52716_185-31-17-246_80_stream_0.pcap,tcp_0,tcp,0,Spotify,nonTor,Audio-Streaming,Spotify
nonTor_Audio-Streaming_Spotify_none_1.pcap.TCP_10-152-152-11_51515_23-235-40-246_80_stream_0.pcap,tcp_0,tcp,0,Spotify,nonTor,Audio-Streaming,Spotify
nonTor_Audio-Streaming_Spotify_none_3.pcap.TCP_10-152-152-11_51538_23-235-40-246_80_stream_0.pcap,tcp_0,tcp,0,Spotify,nonTor,Audio-Streaming,Spotify
Tor_Audio-Streaming_Spotify_none_3.pcap.TCP_10-0-2-15_59279_213-239-216-222_443_stream_0.pcap,tcp_0,tcp,0,Spotify,Tor,Audio-Streaming,Spotify
nonTor_Audio-Streaming_Spotify_none_1.salvaged.pcap.TCP_10-152-152-10_9052_10-152-152-11_40961_stream_0.pcap,tcp_0,tcp,0,Spotify,nonTor,Audio-Streaming,Spotify
nonTor_Audio-Streaming_Spotify_none_1.salvaged.pcap.TCP_10-152-152-11_51530_23-235-40-246_80_stream_0.pcap,tcp_0,tcp,0,Spotify,nonTor,Audio-Streaming,Spotify
nonTor_Audio-Streaming_Spotify_none_2.pcap.TCP_10-152-152-10_9052_10-152-152-11_56834_stream_0.pcap,tcp_0,tcp,0,Spotify,nonTor,Audio-Streaming,Spotify
nonTor_Audio-Streaming_Spotify_none_3.salvaged.pcap.TCP_10-152-152-10_9110_10-152-152-11_60838_stream_0.pcap,tcp_0,tcp,0,Spotify,nonTor,Audio-Streaming,Spotify
nonTor_Audio-Streaming_Spotify_none_3.pcap.TCP_10-152-152-10_9110_10-152-152-11_60855_stream_0.pcap,tcp_0,tcp,0,Spotify,nonTor,Audio-Streaming,Spotify
nonTor_Audio-Streaming_Spotify_none_4.pcap.TCP_10-152-152-11_52762_185-31-17-246_80_stream_0.pcap,tcp_0,tcp,0,Spotify,nonTor,Audio-Streaming,Spotify
nonTor_Audio-Streaming_Spotify_none_4.pcap.TCP_10-152-152-11_35931_185-31-19-246_80_stream_0.pcap,tcp_0,tcp,0,Spotify,nonTor,Audio-Streaming,Spotify
nonTor_Audio-Streaming_Spotify_none_2.pcap.TCP_10-152-152-11_35864_185-31-19-246_80_stream_0.pcap,tcp_0,tcp,0,Spotify,nonTor,Audio-Streaming,Spotify
nonTor_Audio-Streaming_Spotify_none_4.pcap.TCP_10-152-152-11_52703_185-31-17-246_80_stream_0.pcap,tcp_0,tcp,0,Spotify,nonTor,Audio-Streaming,Spotify
nonTor_Audio-Streaming_Spotify_none_3.salvaged.pcap.TCP_10-152-152-11_51525_23-235-40-246_80_stream_0.pcap,tcp_0,tcp,0,Spotify,nonTor,Audio-Streaming,Spotify
nonTor_Audio-Streaming_Spotify_none_4.pcap.TCP_10-152-152-11_52712_185-31-17-246_80_stream_0.pcap,tcp_0,tcp,0,Spotify,nonTor,Audio-Streaming,Spotify
nonTor_Audio-Streaming_Spotify_none_1.pcap.TCP_10-152-152-11_51530_23-235-40-246_80_stream_0.pcap,tcp_0,tcp,0,Spotify,nonTor,Audio-Streaming,Spotify
nonTor_Audio-Streaming_Spotify_none_3.salvaged.pcap.TCP_10-152-152-11_39947_185-31-17-246_80_stream_0.pcap,tcp_0,tcp,0,Spotify,nonTor,Audio-Streaming,Spotify
nonTor_Audio-Streaming_Spotify_none_2.pcap.TCP_10-152-152-11_35885_185-31-19-246_80_stream_0.pcap,tcp_0,tcp,0,Spotify,nonTor,Audio-Streaming,Spotify
nonTor_Audio-Streaming_Spotify_none_2.pcap.TCP_10-152-152-11_52688_185-31-17-246_80_stream_0.pcap,tcp_0,tcp,0,Spotify,nonTor,Audio-Streaming,Spotify
nonTor_Audio-Streaming_Spotify_none_2.pcap.TCP_10-152-152-11_51543_23-235-43-246_80_stream_0.pcap,tcp_0,tcp,0,Spotify,nonTor,Audio-Streaming,Spotify
nonTor_Audio-Streaming_Spotify_none_1.salvaged.pcap.TCP_10-152-152-11_51523_23-235-40-246_80_stream_0.pcap,tcp_0,tcp,0,Spotify,nonTor,Audio-Streaming,Spotify
nonTor_Audio-Streaming_Spotify_none_5.pcap.TCP_10-152-152-11_45412_68-232-34-151_80_stream_0.pcap,tcp_0,tcp,0,Spotify,nonTor,Audio-Streaming,Spotify
nonTor_Audio-Streaming_Spotify_none_1.pcap.TCP_10-152-152-11_51535_23-235-40-246_80_stream_0.pcap,tcp_0,tcp,0,Spotify,nonTor,Audio-Streaming,Spotify
nonTor_Audio-Streaming_Spotify_none_1.pcap.TCP_10-152-152-11_51533_23-235-40-246_80_stream_0.pcap,tcp_0,tcp,0,Spotify,nonTor,Audio-Streaming,Spotify
nonTor_Audio-Streaming_Spotify_none_1.salvaged.pcap.TCP_10-152-152-11_51529_23-235-40-246_80_stream_0.pcap,tcp_0,tcp,0,Spotify,nonTor,Audio-Streaming,Spotify
nonTor_Audio-Streaming_Spotify_none_3.salvaged.pcap.TCP_10-152-152-11_51511_23-235-40-246_80_stream_0.pcap,tcp_0,tcp,0,Spotify,nonTor,Audio-Streaming,Spotify
nonTor_Audio-Streaming_Spotify_none_2.pcap.TCP_10-152-152-11_52726_185-31-17-246_80_stream_0.pcap,tcp_0,tcp,0,Spotify,nonTor,Audio-Streaming,Spotify
nonTor_Audio-Streaming_Spotify_none_2.pcap.TCP_10-152-152-10_9052_10-152-152-11_56934_stream_0.pcap,tcp_0,tcp,0,Spotify,nonTor,Audio-Streaming,Spotify
nonTor_Audio-Streaming_Spotify_none_4.pcap.TCP_10-152-152-11_35876_185-31-19-246_80_stream_0.pcap,tcp_0,tcp,0,Spotify,nonTor,Audio-Streaming,Spotify
nonTor_Audio-Streaming_Spotify_none_3.salvaged.pcap.TCP_10-152-152-11_57139_185-31-18-246_80_stream_0.pcap,tcp_0,tcp,0,Spotify,nonTor,Audio-Streaming,Spotify
nonTor_Audio-Streaming_Spotify_none_4.pcap.TCP_10-152-152-11_52727_185-31-17-246_80_stream_0.pcap,tcp_0,tcp,0,Spotify,nonTor,Audio-Streaming,Spotify
nonTor_Audio-Streaming_Spotify_none_1.pcap.TCP_10-152-152-11_51512_23-235-40-246_80_stream_0.pcap,tcp_0,tcp,0,Spotify,nonTor,Audio-Streaming,Spotify
nonTor_Audio-Streaming_Spotify_none_2.pcap.TCP_10-152-152-11_35866_185-31-19-246_80_stream_0.pcap,tcp_0,tcp,0,Spotify,nonTor,Audio-Streaming,Spotify
nonTor_Audio-Streaming_Spotify_none_1.pcap.TCP_10-152-152-11_51516_23-235-40-246_80_stream_0.pcap,tcp_0,tcp,0,Spotify,nonTor,Audio-Streaming,Spotify
nonTor_Audio-Streaming_Spotify_none_3.pcap.TCP_10-152-152-11_39996_185-31-17-246_80_stream_0.pcap,tcp_0,tcp,0,Spotify,nonTor,Audio-Streaming,Spotify
nonTor_Audio-Streaming_Spotify_none_2.pcap.TCP_10-152-152-10_9108_10-152-152-11_52474_stream_0.pcap,tcp_0,tcp,0,Spotify,nonTor,Audio-Streaming,Spotify
nonTor_Audio-Streaming_Spotify_none_4.pcap.TCP_10-152-152-11_35336_23-235-45-246_80_stream_0.pcap,tcp_0,tcp,0,Spotify,nonTor,Audio-Streaming,Spotify
nonTor_Audio-Streaming_Spotify_none_4.pcap.TCP_10-152-152-11_52710_185-31-17-246_80_stream_0.pcap,tcp_0,tcp,0,Spotify,nonTor,Audio-Streaming,Spotify
nonTor_Audio-Streaming_Spotify_none_1.salvaged.pcap.TCP_10-152-152-11_51522_23-235-40-246_80_stream_0.pcap,tcp_0,tcp,0,Spotify,nonTor,Audio-Streaming,Spotify
nonTor_Audio-Streaming_Spotify_none_1.salvaged.pcap.TCP_10-152-152-11_55275_185-31-19-246_80_stream_0.pcap,tcp_0,tcp,0,Spotify,nonTor,Audio-Streaming,Spotify
nonTor_Audio-Streaming_Spotify_none_4.pcap.TCP_10-152-152-11_52744_185-31-17-246_80_stream_0.pcap,tcp_0,tcp,0,Spotify,nonTor,Audio-Streaming,Spotify
nonTor_Audio-Streaming_Spotify_none_1.pcap.TCP_10-152-152-11_51523_23-235-40-246_80_stream_0.pcap,tcp_0,tcp,0,Spotify,nonTor,Audio-Streaming,Spotify
nonTor_Audio-Streaming_Spotify_none_3.salvaged.pcap.TCP_10-152-152-11_39988_185-31-17-246_80_stream_0.pcap,tcp_0,tcp,0,Spotify,nonTor,Audio-Streaming,Spotify
nonTor_Audio-Streaming_Spotify_none_4.pcap.TCP_10-152-152-11_53297_185-31-18-246_80_stream_0.pcap,tcp_0,tcp,0,Spotify,nonTor,Audio-Streaming,Spotify
nonTor_Audio-Streaming_Spotify_none_3.pcap.TCP_10-152-152-11_39924_185-31-17-246_80_stream_0.pcap,tcp_0,tcp,0,Spotify,nonTor,Audio-Streaming,Spotify
nonTor_Audio-Streaming_Spotify_none_2.pcap.TCP_10-152-152-11_52684_185-31-17-246_80_stream_0.pcap,tcp_0,tcp,0,Spotify,nonTor,Audio-Streaming,Spotify
nonTor_Audio-Streaming_Spotify_none_4.pcap.TCP_10-152-152-11_53301_185-31-18-246_80_stream_0.pcap,tcp_0,tcp,0,Spotify,nonTor,Audio-Streaming,Spotify
nonTor_Audio-Streaming_Spotify_none_4.pcap.TCP_10-152-152-11_35866_185-31-19-246_80_stream_0.pcap,tcp_0,tcp,0,Spotify,nonTor,Audio-Streaming,Spotify
nonTor_Audio-Streaming_Spotify_none_4.pcap.TCP_10-152-152-11_52760_185-31-17-246_80_stream_0.pcap,tcp_0,tcp,0,Spotify,nonTor,Audio-Streaming,Spotify
nonTor_Audio-Streaming_Spotify_none_1.salvaged.pcap.TCP_10-152-152-11_35242_23-235-43-246_80_stream_0.pcap,tcp_0,tcp,0,Spotify,nonTor,Audio-Streaming,Spotify
nonTor_Audio-Streaming_Spotify_none_3.salvaged.pcap.TCP_10-152-152-11_57172_185-31-18-246_80_stream_0.pcap,tcp_0,tcp,0,Spotify,nonTor,Audio-Streaming,Spotify
nonTor_Audio-Streaming_Spotify_none_4.pcap.TCP_10-152-152-10_9052_10-152-152-11_56961_stream_0.pcap,tcp_0,tcp,0,Spotify,nonTor,Audio-Streaming,Spotify
nonTor_Audio-Streaming_Spotify_none_2.pcap.TCP_10-152-152-11_52666_185-31-17-246_80_stream_0.pcap,tcp_0,tcp,0,Spotify,nonTor,Audio-Streaming,Spotify
nonTor_Audio-Streaming_Spotify_none_4.pcap.TCP_10-152-152-11_52737_185-31-17-246_80_stream_0.pcap,tcp_0,tcp,0,Spotify,nonTor,Audio-Streaming,Spotify
nonTor_Audio-Streaming_Spotify_none_2.pcap.TCP_10-152-152-11_52705_185-31-17-246_80_stream_0.pcap,tcp_0,tcp,0,Spotify,nonTor,Audio-Streaming,Spotify
nonTor_Audio-Streaming_Spotify_none_4.pcap.TCP_10-152-152-11_52753_185-31-17-246_80_stream_0.pcap,tcp_0,tcp,0,Spotify,nonTor,Audio-Streaming,Spotify
nonTor_Audio-Streaming_Spotify_none_1.pcap.TCP_10-152-152-10_9110_10-152-152-11_60825_stream_0.pcap,tcp_0,tcp,0,Spotify,nonTor,Audio-Streaming,Spotify
nonTor_Audio-Streaming_Spotify_none_2.pcap.TCP_10-152-152-11_52732_185-31-17-246_80_stream_0.pcap,tcp_0,tcp,0,Spotify,nonTor,Audio-Streaming,Spotify
nonTor_Audio-Streaming_Spotify_none_2.pcap.TCP_10-152-152-10_9110_10-152-152-11_55423_stream_0.pcap,tcp_0,tcp,0,Spotify,nonTor,Audio-Streaming,Spotify
nonTor_Audio-Streaming_Spotify_none_2.pcap.TCP_10-152-152-11_53273_185-31-18-246_80_stream_0.pcap,tcp_0,tcp,0,Spotify,nonTor,Audio-Streaming,Spotify
nonTor_Audio-Streaming_Spotify_none_3.pcap.TCP_10-152-152-10_9110_10-152-152-11_60825_stream_0.pcap,tcp_0,tcp,0,Spotify,nonTor,Audio-Streaming,Spotify
Tor_Audio-Streaming_Spotify_none_3.pcap.TCP_10-0-2-15_59717_37-97-149-8_443_stream_0.pcap,tcp_0,tcp,0,Spotify,Tor,Audio-Streaming,Spotify
nonTor_Audio-Streaming_Spotify_none_3.salvaged.pcap.TCP_10-152-152-11_39922_185-31-17-246_80_stream_0.pcap,tcp_0,tcp,0,Spotify,nonTor,Audio-Streaming,Spotify
nonTor_Audio-Streaming_Spotify_none_1.pcap.TCP_10-152-152-11_51538_23-235-40-246_80_stream_0.pcap,tcp_0,tcp,0,Spotify,nonTor,Audio-Streaming,Spotify
nonTor_Audio-Streaming_Spotify_none_3.pcap.TCP_10-152-152-11_55275_185-31-19-246_80_stream_0.pcap,tcp_0,tcp,0,Spotify,nonTor,Audio-Streaming,Spotify
nonTor_Audio-Streaming_Spotify_none_3.salvaged.pcap.TCP_10-152-152-11_51535_23-235-40-246_80_stream_0.pcap,tcp_0,tcp,0,Spotify,nonTor,Audio-Streaming,Spotify
nonTor_Audio-Streaming_Spotify_none_3.salvaged.pcap.TCP_10-152-152-11_51516_23-235-40-246_80_stream_0.pcap,tcp_0,tcp,0,Spotify,nonTor,Audio-Streaming,Spotify
nonTor_Audio-Streaming_Spotify_none_1.pcap.TCP_10-152-152-11_39996_185-31-17-246_80_stream_0.pcap,tcp_0,tcp,0,Spotify,nonTor,Audio-Streaming,Spotify
nonTor_Audio-Streaming_Spotify_none_2.pcap.TCP_10-152-152-11_52718_185-31-17-246_80_stream_0.pcap,tcp_0,tcp,0,Spotify,nonTor,Audio-Streaming,Spotify
nonTor_Audio-Streaming_Spotify_none_2.pcap.TCP_10-152-152-11_51418_23-235-43-246_80_stream_0.pcap,tcp_0,tcp,0,Spotify,nonTor,Audio-Streaming,Spotify
nonTor_Audio-Streaming_Spotify_none_4.pcap.TCP_10-152-152-11_53294_185-31-18-246_80_stream_0.pcap,tcp_0,tcp,0,Spotify,nonTor,Audio-Streaming,Spotify
nonTor_Audio-Streaming_Spotify_none_2.pcap.TCP_10-152-152-11_51550_23-235-43-246_80_stream_0.pcap,tcp_0,tcp,0,Spotify,nonTor,Audio-Streaming,Spotify
nonTor_Audio-Streaming_Spotify_none_2.pcap.TCP_10-152-152-11_52672_185-31-17-246_80_stream_0.pcap,tcp_0,tcp,0,Spotify,nonTor,Audio-Streaming,Spotify
nonTor_Audio-Streaming_Spotify_none_4.pcap.TCP_10-152-152-11_52677_185-31-17-246_80_stream_0.pcap,tcp_0,tcp,0,Spotify,nonTor,Audio-Streaming,Spotify
nonTor_Audio-Streaming_Spotify_none_1.pcap.TCP_10-152-152-11_51513_23-235-40-246_80_stream_0.pcap,tcp_0,tcp,0,Spotify,nonTor,Audio-Streaming,Spotify
nonTor_Audio-Streaming_Spotify_none_3.pcap.TCP_10-152-152-11_51526_23-235-40-246_80_stream_0.pcap,tcp_0,tcp,0,Spotify,nonTor,Audio-Streaming,Spotify
nonTor_Audio-Streaming_Spotify_none_2.pcap.TCP_10-152-152-11_35927_185-31-19-246_80_stream_0.pcap,tcp_0,tcp,0,Spotify,nonTor,Audio-Streaming,Spotify
nonTor_Audio-Streaming_Spotify_none_4.pcap.TCP_10-152-152-11_35337_23-235-45-246_80_stream_0.pcap,tcp_0,tcp,0,Spotify,nonTor,Audio-Streaming,Spotify
nonTor_Audio-Streaming_Spotify_none_2.pcap.TCP_10-152-152-11_35916_185-31-19-246_80_stream_0.pcap,tcp_0,tcp,0,Spotify,nonTor,Audio-Streaming,Spotify
nonTor_Audio-Streaming_Spotify_none_1.salvaged.pcap.TCP_10-152-152-11_51520_23-235-40-246_80_stream_0.pcap,tcp_0,tcp,0,Spotify,nonTor,Audio-Streaming,Spotify
nonTor_Audio-Streaming_Spotify_none_1.pcap.TCP_10-152-152-11_39921_185-31-17-246_80_stream_0.pcap,tcp_0,tcp,0,Spotify,nonTor,Audio-Streaming,Spotify
nonTor_Audio-Streaming_Spotify_none_5.pcap.TCP_10-152-152-11_57943_80-239-178-40_80_stream_0.pcap,tcp_0,tcp,0,Spotify,nonTor,Audio-Streaming,Spotify
nonTor_Audio-Streaming_Spotify_none_1.salvaged.pcap.TCP_10-152-152-11_39927_185-31-17-246_80_stream_0.pcap,tcp_0,tcp,0,Spotify,nonTor,Audio-Streaming,Spotify
nonTor_Audio-Streaming_Spotify_none_1.salvaged.pcap.TCP_10-152-152-11_51518_23-235-40-246_80_stream_0.pcap,tcp_0,tcp,0,Spotify,nonTor,Audio-Streaming,Spotify
nonTor_Audio-Streaming_Spotify_none_2.pcap.TCP_10-152-152-11_52731_185-31-17-246_80_stream_0.pcap,tcp_0,tcp,0,Spotify,nonTor,Audio-Streaming,Spotify
nonTor_Audio-Streaming_Spotify_none_4.pcap.TCP_10-152-152-11_51525_23-235-43-246_80_stream_0.pcap,tcp_0,tcp,0,Spotify,nonTor,Audio-Streaming,Spotify
nonTor_Audio-Streaming_Spotify_none_2.pcap.TCP_10-152-152-11_35869_185-31-19-246_80_stream_0.pcap,tcp_0,tcp,0,Spotify,nonTor,Audio-Streaming,Spotify
nonTor_Audio-Streaming_Spotify_none_2.pcap.TCP_10-152-152-11_53299_185-31-18-246_80_stream_0.pcap,tcp_0,tcp,0,Spotify,nonTor,Audio-Streaming,Spotify
nonTor_Audio-Streaming_Spotify_none_4.pcap.TCP_10-152-152-11_35865_185-31-19-246_80_stream_0.pcap,tcp_0,tcp,0,Spotify,nonTor,Audio-Streaming,Spotify
nonTor_Audio-Streaming_Spotify_none_4.pcap.TCP_10-152-152-11_52731_185-31-17-246_80_stream_0.pcap,tcp_0,tcp,0,Spotify,nonTor,Audio-Streaming,Spotify
nonTor_Audio-Streaming_Spotify_none_1.pcap.TCP_10-152-152-11_44144_23-235-45-246_80_stream_0.pcap,tcp_0,tcp,0,Spotify,nonTor,Audio-Streaming,Spotify
nonTor_Audio-Streaming_Spotify_none_4.pcap.TCP_10-152-152-10_9110_10-152-152-11_55423_stream_0.pcap,tcp_0,tcp,0,Spotify,nonTor,Audio-Streaming,Spotify
nonTor_Audio-Streaming_Spotify_none_3.pcap.TCP_10-152-152-11_51529_23-235-40-246_80_stream_0.pcap,tcp_0,tcp,0,Spotify,nonTor,Audio-Streaming,Spotify
nonTor_Audio-Streaming_Spotify_none_1.pcap.TCP_10-152-152-11_57139_185-31-18-246_80_stream_0.pcap,tcp_0,tcp,0,Spotify,nonTor,Audio-Streaming,Spotify
nonTor_Audio-Streaming_Spotify_none_2.pcap.TCP_10-152-152-10_9052_10-152-152-11_56835_stream_0.pcap,tcp_0,tcp,0,Spotify,nonTor,Audio-Streaming,Spotify
nonTor_Audio-Streaming_Spotify_none_2.pcap.TCP_10-152-152-11_52753_185-31-17-246_80_stream_0.pcap,tcp_0,tcp,0,Spotify,nonTor,Audio-Streaming,Spotify
nonTor_Audio-Streaming_Spotify_none_2.pcap.TCP_10-152-152-11_52735_185-31-17-246_80_stream_0.pcap,tcp_0,tcp,0,Spotify,nonTor,Audio-Streaming,Spotify
nonTor_Audio-Streaming_Spotify_none_4.pcap.TCP_10-152-152-11_52717_185-31-17-246_80_stream_0.pcap,tcp_0,tcp,0,Spotify,nonTor,Audio-Streaming,Spotify
nonTor_Audio-Streaming_Spotify_none_2.pcap.TCP_10-152-152-11_52709_185-31-17-246_80_stream_0.pcap,tcp_0,tcp,0,Spotify,nonTor,Audio-Streaming,Spotify
nonTor_Audio-Streaming_Spotify_none_1.pcap.TCP_10-152-152-11_39994_185-31-17-246_80_stream_0.pcap,tcp_0,tcp,0,Spotify,nonTor,Audio-Streaming,Spotify
nonTor_Audio-Streaming_Spotify_none_2.pcap.TCP_10-152-152-11_52673_185-31-17-246_80_stream_0.pcap,tcp_0,tcp,0,Spotify,nonTor,Audio-Streaming,Spotify
Tor_Audio-Streaming_Spotify_none_5.pcap.TCP_10-0-2-15_56663_195-154-82-180_443_stream_0.pcap,tcp_0,tcp,0,Spotify,Tor,Audio-Streaming,Spotify
nonTor_Audio-Streaming_Spotify_none_3.salvaged.pcap.TCP_10-152-152-11_51517_23-235-40-246_80_stream_0.pcap,tcp_0,tcp,0,Spotify,nonTor,Audio-Streaming,Spotify
nonTor_Audio-Streaming_Spotify_none_3.pcap.TCP_10-152-152-11_57173_185-31-18-246_80_stream_0.pcap,tcp_0,tcp,0,Spotify,nonTor,Audio-Streaming,Spotify
nonTor_Audio-Streaming_Spotify_none_4.pcap.TCP_10-152-152-11_51552_23-235-43-246_80_stream_0.pcap,tcp_0,tcp,0,Spotify,nonTor,Audio-Streaming,Spotify
nonTor_Audio-Streaming_Spotify_none_2.pcap.TCP_10-152-152-11_52712_185-31-17-246_80_stream_0.pcap,tcp_0,tcp,0,Spotify,nonTor,Audio-Streaming,Spotify
nonTor_Audio-Streaming_Spotify_none_3.salvaged.pcap.TCP_10-152-152-11_51536_23-235-40-246_80_stream_0.pcap,tcp_0,tcp,0,Spotify,nonTor,Audio-Streaming,Spotify
nonTor_Audio-Streaming_Spotify_none_1.salvaged.pcap.TCP_10-152-152-11_44144_23-235-45-246_80_stream_0.pcap,tcp_0,tcp,0,Spotify,nonTor,Audio-Streaming,Spotify
nonTor_Audio-Streaming_Spotify_none_4.pcap.TCP_10-152-152-11_52730_185-31-17-246_80_stream_0.pcap,tcp_0,tcp,0,Spotify,nonTor,Audio-Streaming,Spotify
nonTor_Audio-Streaming_Spotify_none_4.pcap.TCP_10-152-152-11_53299_185-31-18-246_80_stream_0.pcap,tcp_0,tcp,0,Spotify,nonTor,Audio-Streaming,Spotify
nonTor_Audio-Streaming_Spotify_none_2.pcap.TCP_10-152-152-11_35890_185-31-19-246_80_stream_0.pcap,tcp_0,tcp,0,Spotify,nonTor,Audio-Streaming,Spotify
nonTor_Audio-Streaming_Spotify_none_3.salvaged.pcap.TCP_10-152-152-11_51521_23-235-40-246_80_stream_0.pcap,tcp_0,tcp,0,Spotify,nonTor,Audio-Streaming,Spotify
nonTor_Audio-Streaming_Spotify_none_2.pcap.TCP_10-152-152-11_52669_185-31-17-246_80_stream_0.pcap,tcp_0,tcp,0,Spotify,nonTor,Audio-Streaming,Spotify
nonTor_Audio-Streaming_Spotify_none_2.pcap.TCP_10-152-152-11_52755_185-31-17-246_80_stream_0.pcap,tcp_0,tcp,0,Spotify,nonTor,Audio-Streaming,Spotify
nonTor_Audio-Streaming_Spotify_none_1.pcap.TCP_10-152-152-11_55286_185-31-19-246_80_stream_0.pcap,tcp_0,tcp,0,Spotify,nonTor,Audio-Streaming,Spotify
nonTor_Audio-Streaming_Spotify_none_4.pcap.TCP_10-152-152-11_35928_185-31-19-246_80_stream_0.pcap,tcp_0,tcp,0,Spotify,nonTor,Audio-Streaming,Spotify
nonTor_Audio-Streaming_Spotify_none_4.pcap.TCP_10-152-152-11_52706_185-31-17-246_80_stream_0.pcap,tcp_0,tcp,0,Spotify,nonTor,Audio-Streaming,Spotify
nonTor_Audio-Streaming_Spotify_none_1.salvaged.pcap.TCP_10-152-152-11_51531_23-235-40-246_80_stream_0.pcap,tcp_0,tcp,0,Spotify,nonTor,Audio-Streaming,Spotify
nonTor_Audio-Streaming_Spotify_none_1.salvaged.pcap.TCP_10-152-152-11_39924_185-31-17-246_80_stream_0.pcap,tcp_0,tcp,0,Spotify,nonTor,Audio-Streaming,Spotify
nonTor_Audio-Streaming_Spotify_none_1.salvaged.pcap.TCP_10-152-152-11_39932_185-31-17-246_80_stream_0.pcap,tcp_0,tcp,0,Spotify,nonTor,Audio-Streaming,Spotify
nonTor_Audio-Streaming_Spotify_none_3.pcap.TCP_10-152-152-10_9052_10-152-152-11_40961_stream_0.pcap,tcp_0,tcp,0,Spotify,nonTor,Audio-Streaming,Spotify
nonTor_Audio-Streaming_Spotify_none_4.pcap.TCP_10-152-152-11_52725_185-31-17-246_80_stream_0.pcap,tcp_0,tcp,0,Spotify,nonTor,Audio-Streaming,Spotify
nonTor_Audio-Streaming_Spotify_none_1.pcap.TCP_10-152-152-11_34534_38-229-72-22_443_stream_0.pcap,tcp_0,tcp,0,Spotify,nonTor,Audio-Streaming,Spotify
nonTor_Audio-Streaming_Spotify_none_2.pcap.TCP_10-152-152-11_53275_185-31-18-246_80_stream_0.pcap,tcp_0,tcp,0,Spotify,nonTor,Audio-Streaming,Spotify
nonTor_Audio-Streaming_Spotify_none_3.pcap.TCP_10-152-152-10_9104_10-152-152-11_49868_stream_0.pcap,tcp_0,tcp,0,Spotify,nonTor,Audio-Streaming,Spotify
nonTor_Audio-Streaming_Spotify_none_2.pcap.TCP_10-152-152-11_52711_185-31-17-246_80_stream_0.pcap,tcp_0,tcp,0,Spotify,nonTor,Audio-Streaming,Spotify
nonTor_Audio-Streaming_Spotify_none_3.salvaged.pcap.TCP_10-152-152-11_39925_185-31-17-246_80_stream_0.pcap,tcp_0,tcp,0,Spotify,nonTor,Audio-Streaming,Spotify
nonTor_Audio-Streaming_Spotify_none_2.pcap.TCP_10-152-152-11_51424_23-235-43-246_80_stream_0.pcap,tcp_0,tcp,0,Spotify,nonTor,Audio-Streaming,Spotify
nonTor_Audio-Streaming_Spotify_none_1.pcap.TCP_10-152-152-11_39928_185-31-17-246_80_stream_0.pcap,tcp_0,tcp,0,Spotify,nonTor,Audio-Streaming,Spotify
nonTor_Audio-Streaming_Spotify_none_4.pcap.TCP_10-152-152-11_52754_185-31-17-246_80_stream_0.pcap,tcp_0,tcp,0,Spotify,nonTor,Audio-Streaming,Spotify
nonTor_Audio-Streaming_Spotify_none_1.pcap.TCP_10-152-152-11_55275_185-31-19-246_80_stream_0.pcap,tcp_0,tcp,0,Spotify,nonTor,Audio-Streaming,Spotify
nonTor_Audio-Streaming_Spotify_none_5.pcap.TCP_10-152-152-11_45413_68-232-34-151_80_stream_0.pcap,tcp_0,tcp,0,Spotify,nonTor,Audio-Streaming,Spotify
nonTor_Audio-Streaming_Spotify_none_3.pcap.TCP_10-152-152-11_57172_185-31-18-246_80_stream_0.pcap,tcp_0,tcp,0,Spotify,nonTor,Audio-Streaming,Spotify
nonTor_Audio-Streaming_Spotify_none_1.salvaged.pcap.TCP_10-152-152-11_51516_23-235-40-246_80_stream_0.pcap,tcp_0,tcp,0,Spotify,nonTor,Audio-Streaming,Spotify
nonTor_Audio-Streaming_Spotify_none_4.pcap.TCP_10-152-152-10_9108_10-152-152-11_52472_stream_0.pcap,tcp_0,tcp,0,Spotify,nonTor,Audio-Streaming,Spotify
nonTor_Audio-Streaming_Spotify_none_5.salvaged.pcap.TCP_10-152-152-11_57943_80-239-178-40_80_stream_0.pcap,tcp_0,tcp,0,Spotify,nonTor,Audio-Streaming,Spotify
nonTor_Audio-Streaming_Spotify_none_3.pcap.TCP_10-152-152-11_51531_23-235-40-246_80_stream_0.pcap,tcp_0,tcp,0,Spotify,nonTor,Audio-Streaming,Spotify
nonTor_Audio-Streaming_Spotify_none_2.pcap.TCP_10-152-152-11_53296_185-31-18-246_80_stream_0.pcap,tcp_0,tcp,0,Spotify,nonTor,Audio-Streaming,Spotify
nonTor_Audio-Streaming_Spotify_none_4.pcap.TCP_10-152-152-11_35930_185-31-19-246_80_stream_0.pcap,tcp_0,tcp,0,Spotify,nonTor,Audio-Streaming,Spotify
nonTor_Audio-Streaming_Spotify_none_2.pcap.TCP_10-152-152-10_9052_10-152-152-11_56836_stream_0.pcap,tcp_0,tcp,0,Spotify,nonTor,Audio-Streaming,Spotify
nonTor_Audio-Streaming_Spotify_none_4.pcap.TCP_10-152-152-11_52685_185-31-17-246_80_stream_0.pcap,tcp_0,tcp,0,Spotify,nonTor,Audio-Streaming,Spotify
nonTor_Audio-Streaming_Spotify_none_2.pcap.TCP_10-152-152-11_52748_185-31-17-246_80_stream_0.pcap,tcp_0,tcp,0,Spotify,nonTor,Audio-Streaming,Spotify
nonTor_Audio-Streaming_Spotify_none_4.pcap.TCP_10-152-152-11_52736_185-31-17-246_80_stream_0.pcap,tcp_0,tcp,0,Spotify,nonTor,Audio-Streaming,Spotify
nonTor_Audio-Streaming_Spotify_none_4.pcap.TCP_10-152-152-11_52721_185-31-17-246_80_stream_0.pcap,tcp_0,tcp,0,Spotify,nonTor,Audio-Streaming,Spotify
nonTor_Audio-Streaming_Spotify_none_2.pcap.TCP_10-152-152-11_52719_185-31-17-246_80_stream_0.pcap,tcp_0,tcp,0,Spotify,nonTor,Audio-Streaming,Spotify
nonTor_Audio-Streaming_Spotify_none_1.salvaged.pcap.TCP_10-152-152-10_9104_10-152-152-11_49867_stream_0.pcap,tcp_0,tcp,0,Spotify,nonTor,Audio-Streaming,Spotify
nonTor_Audio-Streaming_Spotify_none_1.pcap.TCP_10-152-152-11_39924_185-31-17-246_80_stream_0.pcap,tcp_0,tcp,0,Spotify,nonTor,Audio-Streaming,Spotify
nonTor_Audio-Streaming_Spotify_none_3.salvaged.pcap.TCP_10-152-152-11_51528_23-235-40-246_80_stream_0.pcap,tcp_0,tcp,0,Spotify,nonTor,Audio-Streaming,Spotify
nonTor_Audio-Streaming_Spotify_none_2.pcap.TCP_10-152-152-11_51422_23-235-43-246_80_stream_0.pcap,tcp_0,tcp,0,Spotify,nonTor,Audio-Streaming,Spotify
nonTor_Audio-Streaming_Spotify_none_1.pcap.TCP_10-152-152-11_57172_185-31-18-246_80_stream_0.pcap,tcp_0,tcp,0,Spotify,nonTor,Audio-Streaming,Spotify
nonTor_Audio-Streaming_Spotify_none_3.pcap.TCP_10-152-152-11_35247_23-235-43-246_80_stream_0.pcap,tcp_0,tcp,0,Spotify,nonTor,Audio-Streaming,Spotify
nonTor_Audio-Streaming_Spotify_none_4.pcap.TCP_10-152-152-11_52705_185-31-17-246_80_stream_0.pcap,tcp_0,tcp,0,Spotify,nonTor,Audio-Streaming,Spotify
nonTor_Audio-Streaming_Spotify_none_4.pcap.TCP_10-152-152-11_51548_23-235-43-246_80_stream_0.pcap,tcp_0,tcp,0,Spotify,nonTor,Audio-Streaming,Spotify
nonTor_Audio-Streaming_Spotify_none_3.salvaged.pcap.TCP_10-152-152-11_39926_185-31-17-246_80_stream_0.pcap,tcp_0,tcp,0,Spotify,nonTor,Audio-Streaming,Spotify
nonTor_Audio-Streaming_Spotify_none_4.pcap.TCP_10-152-152-11_52704_185-31-17-246_80_stream_0.pcap,tcp_0,tcp,0,Spotify,nonTor,Audio-Streaming,Spotify
nonTor_Audio-Streaming_Spotify_none_3.salvaged.pcap.TCP_10-152-152-11_35247_23-235-43-246_80_stream_0.pcap,tcp_0,tcp,0,Spotify,nonTor,Audio-Streaming,Spotify
nonTor_Audio-Streaming_Spotify_none_4.pcap.TCP_10-152-152-11_52675_185-31-17-246_80_stream_0.pcap,tcp_0,tcp,0,Spotify,nonTor,Audio-Streaming,Spotify
nonTor_Audio-Streaming_Spotify_none_4.pcap.TCP_10-152-152-11_51418_23-235-43-246_80_stream_0.pcap,tcp_0,tcp,0,Spotify,nonTor,Audio-Streaming,Spotify
nonTor_Audio-Streaming_Spotify_none_3.pcap.TCP_10-152-152-11_51517_23-235-40-246_80_stream_0.pcap,tcp_0,tcp,0,Spotify,nonTor,Audio-Streaming,Spotify
nonTor_Audio-Streaming_Spotify_none_4.pcap.TCP_10-152-152-10_9110_10-152-152-11_55549_stream_0.pcap,tcp_0,tcp,0,Spotify,nonTor,Audio-Streaming,Spotify
nonTor_Audio-Streaming_Spotify_none_2.pcap.TCP_10-152-152-11_51419_23-235-43-246_80_stream_0.pcap,tcp_0,tcp,0,Spotify,nonTor,Audio-Streaming,Spotify
nonTor_Audio-Streaming_Spotify_none_3.salvaged.pcap.TCP_10-152-152-11_51526_23-235-40-246_80_stream_0.pcap,tcp_0,tcp,0,Spotify,nonTor,Audio-Streaming,Spotify
nonTor_Audio-Streaming_Spotify_none_1.pcap.TCP_10-152-152-11_39989_185-31-17-246_80_stream_0.pcap,tcp_0,tcp,0,Spotify,nonTor,Audio-Streaming,Spotify
nonTor_Audio-Streaming_Spotify_none_4.pcap.TCP_10-152-152-11_35885_185-31-19-246_80_stream_0.pcap,tcp_0,tcp,0,Spotify,nonTor,Audio-Streaming,Spotify
nonTor_Audio-Streaming_Spotify_none_1.pcap.TCP_10-152-152-11_39932_185-31-17-246_80_stream_0.pcap,tcp_0,tcp,0,Spotify,nonTor,Audio-Streaming,Spotify
nonTor_Audio-Streaming_Spotify_none_4.pcap.TCP_10-152-152-11_52708_185-31-17-246_80_stream_0.pcap,tcp_0,tcp,0,Spotify,nonTor,Audio-Streaming,Spotify
nonTor_Audio-Streaming_Spotify_none_4.pcap.TCP_10-152-152-11_52723_185-31-17-246_80_stream_0.pcap,tcp_0,tcp,0,Spotify,nonTor,Audio-Streaming,Spotify
nonTor_Audio-Streaming_Spotify_none_3.salvaged.pcap.TCP_10-152-152-11_55274_185-31-19-246_80_stream_0.pcap,tcp_0,tcp,0,Spotify,nonTor,Audio-Streaming,Spotify
nonTor_Audio-Streaming_Spotify_none_1.salvaged.pcap.TCP_10-152-152-11_39988_185-31-17-246_80_stream_0.pcap,tcp_0,tcp,0,Spotify,nonTor,Audio-Streaming,Spotify
nonTor_Audio-Streaming_Spotify_none_4.pcap.TCP_10-152-152-11_52743_185-31-17-246_80_stream_0.pcap,tcp_0,tcp,0,Spotify,nonTor,Audio-Streaming,Spotify
nonTor_Audio-Streaming_Spotify_none_3.salvaged.pcap.TCP_10-152-152-11_51513_23-235-40-246_80_stream_0.pcap,tcp_0,tcp,0,Spotify,nonTor,Audio-Streaming,Spotify
nonTor_Audio-Streaming_Spotify_none_1.pcap.TCP_10-152-152-11_39922_185-31-17-246_80_stream_0.pcap,tcp_0,tcp,0,Spotify,nonTor,Audio-Streaming,Spotify
nonTor_Audio-Streaming_Spotify_none_4.pcap.TCP_10-152-152-11_52715_185-31-17-246_80_stream_0.pcap,tcp_0,tcp,0,Spotify,nonTor,Audio-Streaming,Spotify
nonTor_Audio-Streaming_Spotify_none_2.pcap.TCP_10-152-152-11_51525_23-235-43-246_80_stream_0.pcap,tcp_0,tcp,0,Spotify,nonTor,Audio-Streaming,Spotify
nonTor_Audio-Streaming_Spotify_none_3.salvaged.pcap.TCP_10-152-152-11_51531_23-235-40-246_80_stream_0.pcap,tcp_0,tcp,0,Spotify,nonTor,Audio-Streaming,Spotify
nonTor_Audio-Streaming_Spotify_none_2.pcap.TCP_10-152-152-10_9110_10-152-152-11_55549_stream_0.pcap,tcp_0,tcp,0,Spotify,nonTor,Audio-Streaming,Spotify
nonTor_Audio-Streaming_Spotify_none_3.pcap.TCP_10-152-152-11_55273_185-31-19-246_80_stream_0.pcap,tcp_0,tcp,0,Spotify,nonTor,Audio-Streaming,Spotify
nonTor_Audio-Streaming_Spotify_none_3.pcap.TCP_10-152-152-11_57175_185-31-18-246_80_stream_0.pcap,tcp_0,tcp,0,Spotify,nonTor,Audio-Streaming,Spotify
nonTor_Audio-Streaming_Spotify_none_4.pcap.TCP_10-152-152-11_35926_185-31-19-246_80_stream_0.pcap,tcp_0,tcp,0,Spotify,nonTor,Audio-Streaming,Spotify
nonTor_Audio-Streaming_Spotify_none_4.pcap.TCP_10-152-152-11_52746_185-31-17-246_80_stream_0.pcap,tcp_0,tcp,0,Spotify,nonTor,Audio-Streaming,Spotify
nonTor_Audio-Streaming_Spotify_none_4.pcap.TCP_10-152-152-11_51549_23-235-43-246_80_stream_0.pcap,tcp_0,tcp,0,Spotify,nonTor,Audio-Streaming,Spotify
nonTor_Audio-Streaming_Spotify_none_1.pcap.TCP_10-152-152-11_51526_23-235-40-246_80_stream_0.pcap,tcp_0,tcp,0,Spotify,nonTor,Audio-Streaming,Spotify
nonTor_Audio-Streaming_Spotify_none_1.salvaged.pcap.TCP_10-152-152-10_9104_10-152-152-11_49876_stream_0.pcap,tcp_0,tcp,0,Spotify,nonTor,Audio-Streaming,Spotify
Tor_Audio-Streaming_Spotify_none_2.pcap.TCP_10-0-2-15_37628_213-239-216-222_443_stream_0.pcap,tcp_0,tcp,0,Spotify,Tor,Audio-Streaming,Spotify
nonTor_Audio-Streaming_Spotify_none_2.pcap.UDP_10-152-152-10_53_10-152-152-11_46403_stream_0.pcap,udp_0,udp,0,Spotify,nonTor,Audio-Streaming,Spotify
nonTor_Audio-Streaming_Spotify_none_2.pcap.UDP_10-152-152-10_53_10-152-152-11_50048_stream_0.pcap,udp_0,udp,0,Spotify,nonTor,Audio-Streaming,Spotify
nonTor_Audio-Streaming_Spotify_none_2.pcap.UDP_10-152-152-10_53_10-152-152-11_54096_stream_0.pcap,udp_0,udp,0,Spotify,nonTor,Audio-Streaming,Spotify
nonTor_Audio-Streaming_Spotify_none_3.salvaged.pcap.UDP_10-152-152-10_53_10-152-152-11_50298_stream_0.pcap,udp_0,udp,0,Spotify,nonTor,Audio-Streaming,Spotify
nonTor_Audio-Streaming_Spotify_none_4.pcap.UDP_10-152-152-10_53_10-152-152-11_56454_stream_0.pcap,udp_0,udp,0,Spotify,nonTor,Audio-Streaming,Spotify
nonTor_Audio-Streaming_Spotify_none_1.salvaged.pcap.TCP_10-152-152-11_35241_23-235-43-246_80_stream_0.pcap,tcp_0,tcp,0,Spotify,nonTor,Audio-Streaming,Spotify
nonTor_Audio-Streaming_Spotify_none_2.pcap.UDP_10-152-152-10_53_10-152-152-11_55178_stream_0.pcap,udp_0,udp,0,Spotify,nonTor,Audio-Streaming,Spotify
nonTor_Audio-Streaming_Spotify_none_2.pcap.UDP_10-152-152-10_53_10-152-152-11_56644_stream_0.pcap,udp_0,udp,0,Spotify,nonTor,Audio-Streaming,Spotify
nonTor_Audio-Streaming_Spotify_none_1.salvaged.pcap.TCP_10-152-152-10_9104_10-152-152-11_49877_stream_0.pcap,tcp_0,tcp,0,Spotify,nonTor,Audio-Streaming,Spotify
nonTor_Audio-Streaming_Spotify_none_4.pcap.UDP_10-152-152-10_53_10-152-152-11_50425_stream_0.pcap,udp_0,udp,0,Spotify,nonTor,Audio-Streaming,Spotify
nonTor_Audio-Streaming_Spotify_none_3.salvaged.pcap.UDP_10-152-152-10_53_10-152-152-11_58249_stream_0.pcap,udp_0,udp,0,Spotify,nonTor,Audio-Streaming,Spotify
nonTor_Audio-Streaming_Spotify_none_4.pcap.UDP_10-152-152-10_53_10-152-152-11_50567_stream_0.pcap,udp_0,udp,0,Spotify,nonTor,Audio-Streaming,Spotify
nonTor_Audio-Streaming_Spotify_none_2.pcap.UDP_10-152-152-10_53_10-152-152-11_49927_stream_0.pcap,udp_0,udp,0,Spotify,nonTor,Audio-Streaming,Spotify
nonTor_Audio-Streaming_Spotify_none_4.pcap.UDP_10-152-152-10_53_10-152-152-11_51676_stream_0.pcap,udp_0,udp,0,Spotify,nonTor,Audio-Streaming,Spotify
nonTor_Audio-Streaming_Spotify_none_2.pcap.UDP_10-152-152-10_53_10-152-152-11_60729_stream_0.pcap,udp_0,udp,0,Spotify,nonTor,Audio-Streaming,Spotify
nonTor_Audio-Streaming_Spotify_none_2.pcap.UDP_10-152-152-10_53_10-152-152-11_44726_stream_0.pcap,udp_0,udp,0,Spotify,nonTor,Audio-Streaming,Spotify
nonTor_Audio-Streaming_Spotify_none_2.pcap.UDP_10-152-152-10_53_10-152-152-11_48642_stream_0.pcap,udp_0,udp,0,Spotify,nonTor,Audio-Streaming,Spotify
nonTor_Audio-Streaming_Spotify_none_2.pcap.UDP_10-152-152-10_53_10-152-152-11_46934_stream_0.pcap,udp_0,udp,0,Spotify,nonTor,Audio-Streaming,Spotify
nonTor_Audio-Streaming_Spotify_none_1.salvaged.pcap.UDP_10-152-152-10_53_10-152-152-11_53445_stream_0.pcap,udp_0,udp,0,Spotify,nonTor,Audio-Streaming,Spotify
nonTor_Audio-Streaming_Spotify_none_3.salvaged.pcap.TCP_10-152-152-11_35241_23-235-43-246_80_stream_0.pcap,tcp_0,tcp,0,Spotify,nonTor,Audio-Streaming,Spotify
nonTor_Audio-Streaming_Spotify_none_2.pcap.UDP_10-152-152-10_53_10-152-152-11_39416_stream_0.pcap,udp_0,udp,0,Spotify,nonTor,Audio-Streaming,Spotify
nonTor_Audio-Streaming_Spotify_none_4.pcap.UDP_10-152-152-10_53_10-152-152-11_51543_stream_0.pcap,udp_0,udp,0,Spotify,nonTor,Audio-Streaming,Spotify
nonTor_Audio-Streaming_Spotify_none_4.pcap.UDP_10-152-152-10_53_10-152-152-11_52477_stream_0.pcap,udp_0,udp,0,Spotify,nonTor,Audio-Streaming,Spotify
nonTor_Audio-Streaming_Spotify_none_4.pcap.UDP_10-152-152-10_53_10-152-152-11_39779_stream_0.pcap,udp_0,udp,0,Spotify,nonTor,Audio-Streaming,Spotify
nonTor_Audio-Streaming_Spotify_none_1.pcap.UDP_10-152-152-10_53_10-152-152-11_53445_stream_0.pcap,udp_0,udp,0,Spotify,nonTor,Audio-Streaming,Spotify
nonTor_Audio-Streaming_Spotify_none_3.salvaged.pcap.UDP_10-152-152-10_53_10-152-152-11_59118_stream_0.pcap,udp_0,udp,0,Spotify,nonTor,Audio-Streaming,Spotify
nonTor_Audio-Streaming_Spotify_none_4.pcap.UDP_10-152-152-10_53_10-152-152-11_35743_stream_0.pcap,udp_0,udp,0,Spotify,nonTor,Audio-Streaming,Spotify
nonTor_Audio-Streaming_Spotify_none_1.pcap.UDP_10-152-152-10_53_10-152-152-11_36960_stream_0.pcap,udp_0,udp,0,Spotify,nonTor,Audio-Streaming,Spotify
nonTor_Audio-Streaming_Spotify_none_4.pcap.UDP_10-152-152-10_53_10-152-152-11_33403_stream_0.pcap,udp_0,udp,0,Spotify,nonTor,Audio-Streaming,Spotify
nonTor_Audio-Streaming_Spotify_none_2.pcap.UDP_10-152-152-10_53_10-152-152-11_51543_stream_0.pcap,udp_0,udp,0,Spotify,nonTor,Audio-Streaming,Spotify
nonTor_Audio-Streaming_Spotify_none_2.pcap.UDP_10-152-152-10_53_10-152-152-11_32835_stream_0.pcap,udp_0,udp,0,Spotify,nonTor,Audio-Streaming,Spotify
nonTor_Audio-Streaming_Spotify_none_3.salvaged.pcap.UDP_10-152-152-10_53_10-152-152-11_39318_stream_0.pcap,udp_0,udp,0,Spotify,nonTor,Audio-Streaming,Spotify
nonTor_Audio-Streaming_Spotify_none_2.pcap.UDP_10-152-152-10_53_10-152-152-11_43901_stream_0.pcap,udp_0,udp,0,Spotify,nonTor,Audio-Streaming,Spotify
nonTor_Audio-Streaming_Spotify_none_2.pcap.UDP_10-152-152-10_53_10-152-152-11_51470_stream_0.pcap,udp_0,udp,0,Spotify,nonTor,Audio-Streaming,Spotify
nonTor_Audio-Streaming_Spotify_none_3.pcap.UDP_10-152-152-10_53_10-152-152-11_57182_stream_0.pcap,udp_0,udp,0,Spotify,nonTor,Audio-Streaming,Spotify
nonTor_Audio-Streaming_Spotify_none_3.salvaged.pcap.UDP_10-152-152-10_53_10-152-152-11_50292_stream_0.pcap,udp_0,udp,0,Spotify,nonTor,Audio-Streaming,Spotify
nonTor_Audio-Streaming_Spotify_none_5.salvaged.pcap.UDP_10-152-152-11_57621_10-152-191-255_57621_stream_0.pcap,udp_0,udp,0,Spotify,nonTor,Audio-Streaming,Spotify
nonTor_Audio-Streaming_Spotify_none_1.pcap.UDP_10-152-152-10_53_10-152-152-11_45729_stream_0.pcap,udp_0,udp,0,Spotify,nonTor,Audio-Streaming,Spotify
Tor_Audio-Streaming_Spotify_none_4.pcap.TCP_10-0-2-15_37652_195-154-107-23_443_stream_0.pcap,tcp_0,tcp,0,Spotify,Tor,Audio-Streaming,Spotify
nonTor_Audio-Streaming_Spotify_none_1.salvaged.pcap.UDP_10-152-152-10_53_10-152-152-11_45075_stream_0.pcap,udp_0,udp,0,Spotify,nonTor,Audio-Streaming,Spotify
nonTor_Audio-Streaming_Spotify_none_4.pcap.UDP_10-152-152-10_53_10-152-152-11_33762_stream_0.pcap,udp_0,udp,0,Spotify,nonTor,Audio-Streaming,Spotify
nonTor_Audio-Streaming_Spotify_none_1.pcap.TCP_10-152-152-10_9104_10-152-152-11_49877_stream_0.pcap,tcp_0,tcp,0,Spotify,nonTor,Audio-Streaming,Spotify
nonTor_Audio-Streaming_Spotify_none_1.salvaged.pcap.UDP_10-152-152-10_53_10-152-152-11_50292_stream_0.pcap,udp_0,udp,0,Spotify,nonTor,Audio-Streaming,Spotify
nonTor_Audio-Streaming_Spotify_none_2.pcap.UDP_10-152-152-10_53_10-152-152-11_39810_stream_0.pcap,udp_0,udp,0,Spotify,nonTor,Audio-Streaming,Spotify
nonTor_Audio-Streaming_Spotify_none_3.pcap.TCP_10-152-152-10_9104_10-152-152-11_49873_stream_0.pcap,tcp_0,tcp,0,Spotify,nonTor,Audio-Streaming,Spotify
nonTor_Audio-Streaming_Spotify_none_3.pcap.UDP_10-152-152-10_53_10-152-152-11_43921_stream_0.pcap,udp_0,udp,0,Spotify,nonTor,Audio-Streaming,Spotify
nonTor_Audio-Streaming_Spotify_none_1.pcap.UDP_10-152-152-10_53_10-152-152-11_44879_stream_0.pcap,udp_0,udp,0,Spotify,nonTor,Audio-Streaming,Spotify
nonTor_Audio-Streaming_Spotify_none_4.pcap.UDP_10-152-152-10_53_10-152-152-11_48628_stream_0.pcap,udp_0,udp,0,Spotify,nonTor,Audio-Streaming,Spotify
nonTor_Audio-Streaming_Spotify_none_3.pcap.UDP_10-152-152-10_53_10-152-152-11_49222_stream_0.pcap,udp_0,udp,0,Spotify,nonTor,Audio-Streaming,Spotify
nonTor_Audio-Streaming_Spotify_none_2.pcap.UDP_10-152-152-10_53_10-152-152-11_58530_stream_0.pcap,udp_0,udp,0,Spotify,nonTor,Audio-Streaming,Spotify
nonTor_Audio-Streaming_Spotify_none_4.pcap.UDP_10-152-152-10_53_10-152-152-11_48430_stream_0.pcap,udp_0,udp,0,Spotify,nonTor,Audio-Streaming,Spotify
nonTor_Audio-Streaming_Spotify_none_4.pcap.UDP_10-152-152-10_53_10-152-152-11_55863_stream_0.pcap,udp_0,udp,0,Spotify,nonTor,Audio-Streaming,Spotify
nonTor_Audio-Streaming_Spotify_none_1.pcap.UDP_10-152-152-10_53_10-152-152-11_48718_stream_0.pcap,udp_0,udp,0,Spotify,nonTor,Audio-Streaming,Spotify
Tor_Audio-Streaming_Spotify_none_4.pcap.TCP_10-0-2-15_50628_37-97-149-8_443_stream_0.pcap,tcp_0,tcp,0,Spotify,Tor,Audio-Streaming,Spotify
nonTor_Audio-Streaming_Spotify_none_4.pcap.UDP_10-152-152-10_53_10-152-152-11_37599_stream_0.pcap,udp_0,udp,0,Spotify,nonTor,Audio-Streaming,Spotify
nonTor_Audio-Streaming_Spotify_none_2.pcap.UDP_10-152-152-10_53_10-152-152-11_60775_stream_0.pcap,udp_0,udp,0,Spotify,nonTor,Audio-Streaming,Spotify
nonTor_Audio-Streaming_Spotify_none_3.pcap.UDP_10-152-152-10_53_10-152-152-11_37546_stream_0.pcap,udp_0,udp,0,Spotify,nonTor,Audio-Streaming,Spotify
nonTor_Audio-Streaming_Spotify_none_1.salvaged.pcap.UDP_10-152-152-10_53_10-152-152-11_50298_stream_0.pcap,udp_0,udp,0,Spotify,nonTor,Audio-Streaming,Spotify
nonTor_Audio-Streaming_Spotify_none_1.pcap.UDP_10-152-152-10_53_10-152-152-11_48739_stream_0.pcap,udp_0,udp,0,Spotify,nonTor,Audio-Streaming,Spotify
nonTor_Audio-Streaming_Spotify_none_2.pcap.UDP_10-152-152-10_53_10-152-152-11_47060_stream_0.pcap,udp_0,udp,0,Spotify,nonTor,Audio-Streaming,Spotify
nonTor_Audio-Streaming_Spotify_none_3.pcap.UDP_10-152-152-10_53_10-152-152-11_57963_stream_0.pcap,udp_0,udp,0,Spotify,nonTor,Audio-Streaming,Spotify
nonTor_Audio-Streaming_Spotify_none_4.pcap.UDP_10-152-152-10_53_10-152-152-11_49557_stream_0.pcap,udp_0,udp,0,Spotify,nonTor,Audio-Streaming,Spotify
nonTor_Audio-Streaming_Spotify_none_4.pcap.UDP_10-152-152-10_53_10-152-152-11_60775_stream_0.pcap,udp_0,udp,0,Spotify,nonTor,Audio-Streaming,Spotify
nonTor_Audio-Streaming_Spotify_none_2.pcap.UDP_10-152-152-10_53_10-152-152-11_46344_stream_0.pcap,udp_0,udp,0,Spotify,nonTor,Audio-Streaming,Spotify
nonTor_Audio-Streaming_Spotify_none_1.salvaged.pcap.UDP_10-152-152-10_53_10-152-152-11_44879_stream_0.pcap,udp_0,udp,0,Spotify,nonTor,Audio-Streaming,Spotify
nonTor_Audio-Streaming_Spotify_none_2.pcap.UDP_10-152-152-10_53_10-152-152-11_50886_stream_0.pcap,udp_0,udp,0,Spotify,nonTor,Audio-Streaming,Spotify
nonTor_Audio-Streaming_Spotify_none_4.pcap.UDP_10-152-152-10_53_10-152-152-11_35232_stream_0.pcap,udp_0,udp,0,Spotify,nonTor,Audio-Streaming,Spotify
nonTor_Audio-Streaming_Spotify_none_2.pcap.UDP_10-152-152-10_53_10-152-152-11_56432_stream_0.pcap,udp_0,udp,0,Spotify,nonTor,Audio-Streaming,Spotify
nonTor_Audio-Streaming_Spotify_none_1.salvaged.pcap.UDP_10-152-152-10_53_10-152-152-11_35989_stream_0.pcap,udp_0,udp,0,Spotify,nonTor,Audio-Streaming,Spotify
nonTor_Audio-Streaming_Spotify_none_2.pcap.UDP_10-152-152-10_53_10-152-152-11_36135_stream_0.pcap,udp_0,udp,0,Spotify,nonTor,Audio-Streaming,Spotify
nonTor_Audio-Streaming_Spotify_none_5.pcap.UDP_10-152-152-10_53_10-152-152-11_33974_stream_0.pcap,udp_0,udp,0,Spotify,nonTor,Audio-Streaming,Spotify
nonTor_Audio-Streaming_Spotify_none_4.pcap.UDP_10-152-152-10_53_10-152-152-11_53645_stream_0.pcap,udp_0,udp,0,Spotify,nonTor,Audio-Streaming,Spotify
nonTor_Audio-Streaming_Spotify_none_3.salvaged.pcap.UDP_10-152-152-10_53_10-152-152-11_60992_stream_0.pcap,udp_0,udp,0,Spotify,nonTor,Audio-Streaming,Spotify
nonTor_Audio-Streaming_Spotify_none_3.pcap.UDP_10-152-152-10_53_10-152-152-11_44993_stream_0.pcap,udp_0,udp,0,Spotify,nonTor,Audio-Streaming,Spotify
nonTor_Audio-Streaming_Spotify_none_2.pcap.UDP_10-152-152-10_53_10-152-152-11_46252_stream_0.pcap,udp_0,udp,0,Spotify,nonTor,Audio-Streaming,Spotify
nonTor_Audio-Streaming_Spotify_none_2.pcap.UDP_10-152-152-10_53_10-152-152-11_52756_stream_0.pcap,udp_0,udp,0,Spotify,nonTor,Audio-Streaming,Spotify
nonTor_Audio-Streaming_Spotify_none_2.pcap.UDP_10-152-152-10_53_10-152-152-11_32991_stream_0.pcap,udp_0,udp,0,Spotify,nonTor,Audio-Streaming,Spotify
nonTor_Audio-Streaming_Spotify_none_2.pcap.UDP_10-152-152-10_53_10-152-152-11_56628_stream_0.pcap,udp_0,udp,0,Spotify,nonTor,Audio-Streaming,Spotify
nonTor_Audio-Streaming_Spotify_none_4.pcap.UDP_10-152-152-10_53_10-152-152-11_38548_stream_0.pcap,udp_0,udp,0,Spotify,nonTor,Audio-Streaming,Spotify
Tor_Audio-Streaming_Spotify_none_2.pcap.TCP_10-0-2-15_60031_195-154-82-180_443_stream_0.pcap,tcp_0,tcp,0,Spotify,Tor,Audio-Streaming,Spotify
nonTor_Audio-Streaming_Spotify_none_4.pcap.UDP_10-152-152-10_53_10-152-152-11_46403_stream_0.pcap,udp_0,udp,0,Spotify,nonTor,Audio-Streaming,Spotify
nonTor_Audio-Streaming_Spotify_none_4.pcap.UDP_10-152-152-10_53_10-152-152-11_42537_stream_0.pcap,udp_0,udp,0,Spotify,nonTor,Audio-Streaming,Spotify
nonTor_Audio-Streaming_Spotify_none_2.pcap.UDP_10-152-152-10_53_10-152-152-11_37965_stream_0.pcap,udp_0,udp,0,Spotify,nonTor,Audio-Streaming,Spotify
nonTor_Audio-Streaming_Spotify_none_4.pcap.UDP_10-152-152-10_53_10-152-152-11_47055_stream_0.pcap,udp_0,udp,0,Spotify,nonTor,Audio-Streaming,Spotify
nonTor_Audio-Streaming_Spotify_none_4.pcap.UDP_10-152-152-10_53_10-152-152-11_34383_stream_0.pcap,udp_0,udp,0,Spotify,nonTor,Audio-Streaming,Spotify
nonTor_Audio-Streaming_Spotify_none_4.pcap.UDP_10-152-152-10_53_10-152-152-11_52597_stream_0.pcap,udp_0,udp,0,Spotify,nonTor,Audio-Streaming,Spotify
nonTor_Audio-Streaming_Spotify_none_3.pcap.UDP_10-152-152-10_53_10-152-152-11_58187_stream_0.pcap,udp_0,udp,0,Spotify,nonTor,Audio-Streaming,Spotify
nonTor_Audio-Streaming_Spotify_none_4.pcap.UDP_10-152-152-10_53_10-152-152-11_46979_stream_0.pcap,udp_0,udp,0,Spotify,nonTor,Audio-Streaming,Spotify
nonTor_Audio-Streaming_Spotify_none_4.pcap.UDP_10-152-152-10_53_10-152-152-11_56231_stream_0.pcap,udp_0,udp,0,Spotify,nonTor,Audio-Streaming,Spotify
nonTor_Audio-Streaming_Spotify_none_2.pcap.UDP_10-152-152-10_53_10-152-152-11_53652_stream_0.pcap,udp_0,udp,0,Spotify,nonTor,Audio-Streaming,Spotify
nonTor_Audio-Streaming_Spotify_none_3.salvaged.pcap.UDP_10-152-152-10_53_10-152-152-11_53108_stream_0.pcap,udp_0,udp,0,Spotify,nonTor,Audio-Streaming,Spotify
nonTor_Audio-Streaming_Spotify_none_4.pcap.UDP_10-152-152-10_53_10-152-152-11_56612_stream_0.pcap,udp_0,udp,0,Spotify,nonTor,Audio-Streaming,Spotify
nonTor_Audio-Streaming_Spotify_none_3.salvaged.pcap.UDP_10-152-152-10_53_10-152-152-11_45729_stream_0.pcap,udp_0,udp,0,Spotify,nonTor,Audio-Streaming,Spotify
nonTor_Audio-Streaming_Spotify_none_3.salvaged.pcap.UDP_10-152-152-10_53_10-152-152-11_50868_stream_0.pcap,udp_0,udp,0,Spotify,nonTor,Audio-Streaming,Spotify
nonTor_Audio-Streaming_Spotify_none_3.pcap.UDP_10-152-152-10_53_10-152-152-11_39223_stream_0.pcap,udp_0,udp,0,Spotify,nonTor,Audio-Streaming,Spotify
nonTor_Audio-Streaming_Spotify_none_1.pcap.UDP_10-152-152-10_53_10-152-152-11_47658_stream_0.pcap,udp_0,udp,0,Spotify,nonTor,Audio-Streaming,Spotify
nonTor_Audio-Streaming_Spotify_none_3.salvaged.pcap.UDP_10-152-152-10_53_10-152-152-11_54059_stream_0.pcap,udp_0,udp,0,Spotify,nonTor,Audio-Streaming,Spotify
nonTor_Audio-Streaming_Spotify_none_2.pcap.UDP_10-152-152-10_53_10-152-152-11_37599_stream_0.pcap,udp_0,udp,0,Spotify,nonTor,Audio-Streaming,Spotify
nonTor_Audio-Streaming_Spotify_none_2.pcap.UDP_10-152-152-10_53_10-152-152-11_43023_stream_0.pcap,udp_0,udp,0,Spotify,nonTor,Audio-Streaming,Spotify
nonTor_Audio-Streaming_Spotify_none_1.pcap.UDP_10-152-152-10_53_10-152-152-11_46054_stream_0.pcap,udp_0,udp,0,Spotify,nonTor,Audio-Streaming,Spotify
nonTor_Audio-Streaming_Spotify_none_4.pcap.UDP_10-152-152-10_53_10-152-152-11_38972_stream_0.pcap,udp_0,udp,0,Spotify,nonTor,Audio-Streaming,Spotify
nonTor_Audio-Streaming_Spotify_none_4.pcap.UDP_10-152-152-10_53_10-152-152-11_41058_stream_0.pcap,udp_0,udp,0,Spotify,nonTor,Audio-Streaming,Spotify
nonTor_Audio-Streaming_Spotify_none_5.pcap.UDP_10-152-152-10_53_10-152-152-11_56026_stream_0.pcap,udp_0,udp,0,Spotify,nonTor,Audio-Streaming,Spotify
nonTor_Audio-Streaming_Spotify_none_2.pcap.UDP_10-152-152-10_53_10-152-152-11_34111_stream_0.pcap,udp_0,udp,0,Spotify,nonTor,Audio-Streaming,Spotify
nonTor_Audio-Streaming_Spotify_none_3.salvaged.pcap.UDP_10-152-152-10_53_10-152-152-11_58187_stream_0.pcap,udp_0,udp,0,Spotify,nonTor,Audio-Streaming,Spotify
nonTor_Audio-Streaming_Spotify_none_4.pcap.UDP_10-152-152-10_53_10-152-152-11_57680_stream_0.pcap,udp_0,udp,0,Spotify,nonTor,Audio-Streaming,Spotify
nonTor_Audio-Streaming_Spotify_none_4.pcap.UDP_10-152-152-10_53_10-152-152-11_40002_stream_0.pcap,udp_0,udp,0,Spotify,nonTor,Audio-Streaming,Spotify
nonTor_Audio-Streaming_Spotify_none_2.pcap.UDP_10-152-152-10_53_10-152-152-11_44959_stream_0.pcap,udp_0,udp,0,Spotify,nonTor,Audio-Streaming,Spotify
nonTor_Audio-Streaming_Spotify_none_3.salvaged.pcap.UDP_10-152-152-10_53_10-152-152-11_40955_stream_0.pcap,udp_0,udp,0,Spotify,nonTor,Audio-Streaming,Spotify
nonTor_Audio-Streaming_Spotify_none_2.pcap.UDP_10-152-152-10_53_10-152-152-11_46334_stream_0.pcap,udp_0,udp,0,Spotify,nonTor,Audio-Streaming,Spotify
nonTor_Audio-Streaming_Spotify_none_1.salvaged.pcap.UDP_10-152-152-10_53_10-152-152-11_35164_stream_0.pcap,udp_0,udp,0,Spotify,nonTor,Audio-Streaming,Spotify
nonTor_Audio-Streaming_Spotify_none_2.pcap.UDP_10-152-152-10_53_10-152-152-11_40002_stream_0.pcap,udp_0,udp,0,Spotify,nonTor,Audio-Streaming,Spotify
nonTor_Audio-Streaming_Spotify_none_4.pcap.UDP_10-152-152-10_53_10-152-152-11_41835_stream_0.pcap,udp_0,udp,0,Spotify,nonTor,Audio-Streaming,Spotify
nonTor_Audio-Streaming_Spotify_none_4.pcap.UDP_10-152-152-10_53_10-152-152-11_50839_stream_0.pcap,udp_0,udp,0,Spotify,nonTor,Audio-Streaming,Spotify
nonTor_Audio-Streaming_Spotify_none_5.pcap.UDP_10-152-152-10_53_10-152-152-11_49967_stream_0.pcap,udp_0,udp,0,Spotify,nonTor,Audio-Streaming,Spotify
nonTor_Audio-Streaming_Spotify_none_4.pcap.UDP_10-152-152-10_53_10-152-152-11_46869_stream_0.pcap,udp_0,udp,0,Spotify,nonTor,Audio-Streaming,Spotify
nonTor_Audio-Streaming_Spotify_none_3.pcap.TCP_10-152-152-10_9104_10-152-152-11_49877_stream_0.pcap,tcp_0,tcp,0,Spotify,nonTor,Audio-Streaming,Spotify
nonTor_Audio-Streaming_Spotify_none_1.pcap.UDP_10-152-152-10_53_10-152-152-11_33457_stream_0.pcap,udp_0,udp,0,Spotify,nonTor,Audio-Streaming,Spotify
nonTor_Audio-Streaming_Spotify_none_4.pcap.UDP_10-152-152-10_53_10-152-152-11_51526_stream_0.pcap,udp_0,udp,0,Spotify,nonTor,Audio-Streaming,Spotify
nonTor_Audio-Streaming_Spotify_none_4.pcap.UDP_10-152-152-10_53_10-152-152-11_58577_stream_0.pcap,udp_0,udp,0,Spotify,nonTor,Audio-Streaming,Spotify
nonTor_Audio-Streaming_Spotify_none_4.pcap.UDP_10-152-152-10_53_10-152-152-11_41926_stream_0.pcap,udp_0,udp,0,Spotify,nonTor,Audio-Streaming,Spotify
nonTor_Audio-Streaming_Spotify_none_2.pcap.UDP_10-152-152-10_53_10-152-152-11_52477_stream_0.pcap,udp_0,udp,0,Spotify,nonTor,Audio-Streaming,Spotify
nonTor_Audio-Streaming_Spotify_none_2.pcap.UDP_10-152-152-10_53_10-152-152-11_59212_stream_0.pcap,udp_0,udp,0,Spotify,nonTor,Audio-Streaming,Spotify
nonTor_Audio-Streaming_Spotify_none_3.pcap.UDP_10-152-152-10_53_10-152-152-11_60992_stream_0.pcap,udp_0,udp,0,Spotify,nonTor,Audio-Streaming,Spotify
nonTor_Audio-Streaming_Spotify_none_2.pcap.UDP_10-152-152-10_53_10-152-152-11_33671_stream_0.pcap,udp_0,udp,0,Spotify,nonTor,Audio-Streaming,Spotify
nonTor_Audio-Streaming_Spotify_none_5.salvaged.pcap.UDP_10-152-152-10_53_10-152-152-11_38815_stream_0.pcap,udp_0,udp,0,Spotify,nonTor,Audio-Streaming,Spotify
nonTor_Audio-Streaming_Spotify_none_3.pcap.UDP_10-152-152-10_53_10-152-152-11_33461_stream_0.pcap,udp_0,udp,0,Spotify,nonTor,Audio-Streaming,Spotify
nonTor_Audio-Streaming_Spotify_none_4.pcap.UDP_10-152-152-10_53_10-152-152-11_33045_stream_0.pcap,udp_0,udp,0,Spotify,nonTor,Audio-Streaming,Spotify
nonTor_Audio-Streaming_Spotify_none_2.pcap.UDP_10-152-152-10_53_10-152-152-11_39426_stream_0.pcap,udp_0,udp,0,Spotify,nonTor,Audio-Streaming,Spotify
nonTor_Audio-Streaming_Spotify_none_3.pcap.UDP_10-152-152-10_53_10-152-152-11_52099_stream_0.pcap,udp_0,udp,0,Spotify,nonTor,Audio-Streaming,Spotify
nonTor_Audio-Streaming_Spotify_none_3.salvaged.pcap.UDP_10-152-152-10_53_10-152-152-11_47658_stream_0.pcap,udp_0,udp,0,Spotify,nonTor,Audio-Streaming,Spotify
nonTor_Audio-Streaming_Spotify_none_2.pcap.UDP_10-152-152-10_53_10-152-152-11_49557_stream_0.pcap,udp_0,udp,0,Spotify,nonTor,Audio-Streaming,Spotify
nonTor_Audio-Streaming_Spotify_none_5.pcap.UDP_10-152-152-10_53_10-152-152-11_38815_stream_0.pcap,udp_0,udp,0,Spotify,nonTor,Audio-Streaming,Spotify
nonTor_Audio-Streaming_Spotify_none_1.pcap.UDP_10-152-152-10_53_10-152-152-11_35989_stream_0.pcap,udp_0,udp,0,Spotify,nonTor,Audio-Streaming,Spotify
nonTor_Audio-Streaming_Spotify_none_2.pcap.UDP_10-152-152-10_53_10-152-152-11_60889_stream_0.pcap,udp_0,udp,0,Spotify,nonTor,Audio-Streaming,Spotify
nonTor_Audio-Streaming_Spotify_none_1.pcap.UDP_10-152-152-10_53_10-152-152-11_53905_stream_0.pcap,udp_0,udp,0,Spotify,nonTor,Audio-Streaming,Spotify
nonTor_Audio-Streaming_Spotify_none_1.pcap.UDP_10-152-152-10_53_10-152-152-11_54151_stream_0.pcap,udp_0,udp,0,Spotify,nonTor,Audio-Streaming,Spotify
nonTor_Audio-Streaming_Spotify_none_3.pcap.UDP_10-152-152-10_53_10-152-152-11_45729_stream_0.pcap,udp_0,udp,0,Spotify,nonTor,Audio-Streaming,Spotify
nonTor_Audio-Streaming_Spotify_none_2.pcap.UDP_10-152-152-10_53_10-152-152-11_33045_stream_0.pcap,udp_0,udp,0,Spotify,nonTor,Audio-Streaming,Spotify
nonTor_Audio-Streaming_Spotify_none_5.salvaged.pcap.UDP_10-152-152-10_53_10-152-152-11_36167_stream_0.pcap,udp_0,udp,0,Spotify,nonTor,Audio-Streaming,Spotify
nonTor_Audio-Streaming_Spotify_none_4.pcap.UDP_10-152-152-10_53_10-152-152-11_60524_stream_0.pcap,udp_0,udp,0,Spotify,nonTor,Audio-Streaming,Spotify
nonTor_Audio-Streaming_Spotify_none_4.pcap.UDP_10-152-152-10_53_10-152-152-11_39698_stream_0.pcap,udp_0,udp,0,Spotify,nonTor,Audio-Streaming,Spotify
nonTor_Audio-Streaming_Spotify_none_4.pcap.UDP_10-152-152-10_53_10-152-152-11_51044_stream_0.pcap,udp_0,udp,0,Spotify,nonTor,Audio-Streaming,Spotify
nonTor_Audio-Streaming_Spotify_none_1.pcap.UDP_10-152-152-10_53_10-152-152-11_44993_stream_0.pcap,udp_0,udp,0,Spotify,nonTor,Audio-Streaming,Spotify
nonTor_Audio-Streaming_Spotify_none_2.pcap.UDP_10-152-152-10_53_10-152-152-11_45748_stream_0.pcap,udp_0,udp,0,Spotify,nonTor,Audio-Streaming,Spotify
nonTor_Audio-Streaming_Spotify_none_4.pcap.UDP_10-152-152-10_53_10-152-152-11_37965_stream_0.pcap,udp_0,udp,0,Spotify,nonTor,Audio-Streaming,Spotify
nonTor_Audio-Streaming_Spotify_none_1.pcap.TCP_10-152-152-11_38699_130-211-86-80_80_stream_0.pcap,tcp_0,tcp,0,Spotify,nonTor,Audio-Streaming,Spotify
nonTor_Audio-Streaming_Spotify_none_4.pcap.UDP_10-152-152-10_53_10-152-152-11_38389_stream_0.pcap,udp_0,udp,0,Spotify,nonTor,Audio-Streaming,Spotify
nonTor_Audio-Streaming_Spotify_none_2.pcap.UDP_10-152-152-10_53_10-152-152-11_33403_stream_0.pcap,udp_0,udp,0,Spotify,nonTor,Audio-Streaming,Spotify
nonTor_Audio-Streaming_Spotify_none_1.salvaged.pcap.UDP_10-152-152-10_53_10-152-152-11_40356_stream_0.pcap,udp_0,udp,0,Spotify,nonTor,Audio-Streaming,Spotify
nonTor_Audio-Streaming_Spotify_none_2.pcap.UDP_10-152-152-10_53_10-152-152-11_57275_stream_0.pcap,udp_0,udp,0,Spotify,nonTor,Audio-Streaming,Spotify
nonTor_Audio-Streaming_Spotify_none_4.pcap.UDP_10-152-152-10_53_10-152-152-11_34002_stream_0.pcap,udp_0,udp,0,Spotify,nonTor,Audio-Streaming,Spotify
nonTor_Audio-Streaming_Spotify_none_4.pcap.UDP_10-152-152-10_53_10-152-152-11_51744_stream_0.pcap,udp_0,udp,0,Spotify,nonTor,Audio-Streaming,Spotify
nonTor_Audio-Streaming_Spotify_none_2.pcap.UDP_10-152-152-10_53_10-152-152-11_34949_stream_0.pcap,udp_0,udp,0,Spotify,nonTor,Audio-Streaming,Spotify
nonTor_Audio-Streaming_Spotify_none_1.salvaged.pcap.UDP_10-152-152-10_53_10-152-152-11_56267_stream_0.pcap,udp_0,udp,0,Spotify,nonTor,Audio-Streaming,Spotify
nonTor_Audio-Streaming_Spotify_none_2.pcap.UDP_10-152-152-10_53_10-152-152-11_60400_stream_0.pcap,udp_0,udp,0,Spotify,nonTor,Audio-Streaming,Spotify
nonTor_Audio-Streaming_Spotify_none_4.pcap.UDP_10-152-152-10_53_10-152-152-11_33541_stream_0.pcap,udp_0,udp,0,Spotify,nonTor,Audio-Streaming,Spotify
nonTor_Audio-Streaming_Spotify_none_1.salvaged.pcap.UDP_10-152-152-10_53_10-152-152-11_39223_stream_0.pcap,udp_0,udp,0,Spotify,nonTor,Audio-Streaming,Spotify
Tor_Audio-Streaming_Spotify_none_2.salvaged.pcap.TCP_10-0-2-15_50628_37-97-149-8_443_stream_0.pcap,tcp_0,tcp,0,Spotify,Tor,Audio-Streaming,Spotify
nonTor_Audio-Streaming_Spotify_none_3.pcap.UDP_10-152-152-10_53_10-152-152-11_46531_stream_0.pcap,udp_0,udp,0,Spotify,nonTor,Audio-Streaming,Spotify
nonTor_Audio-Streaming_Spotify_none_1.salvaged.pcap.UDP_10-152-152-10_53_10-152-152-11_48739_stream_0.pcap,udp_0,udp,0,Spotify,nonTor,Audio-Streaming,Spotify
nonTor_Audio-Streaming_Spotify_none_1.salvaged.pcap.UDP_10-152-152-10_53_10-152-152-11_38421_stream_0.pcap,udp_0,udp,0,Spotify,nonTor,Audio-Streaming,Spotify
nonTor_Audio-Streaming_Spotify_none_2.pcap.UDP_10-152-152-10_53_10-152-152-11_50715_stream_0.pcap,udp_0,udp,0,Spotify,nonTor,Audio-Streaming,Spotify
nonTor_Audio-Streaming_Spotify_none_1.salvaged.pcap.TCP_10-152-152-11_38699_130-211-86-80_80_stream_0.pcap,tcp_0,tcp,0,Spotify,nonTor,Audio-Streaming,Spotify
nonTor_Audio-Streaming_Spotify_none_3.salvaged.pcap.TCP_10-152-152-11_56696_68-232-34-151_80_stream_0.pcap,tcp_0,tcp,0,Spotify,nonTor,Audio-Streaming,Spotify
nonTor_Audio-Streaming_Spotify_none_3.pcap.UDP_10-152-152-10_53_10-152-152-11_60634_stream_0.pcap,udp_0,udp,0,Spotify,nonTor,Audio-Streaming,Spotify
nonTor_Audio-Streaming_Spotify_none_2.pcap.UDP_10-152-152-10_53_10-152-152-11_59205_stream_0.pcap,udp_0,udp,0,Spotify,nonTor,Audio-Streaming,Spotify
nonTor_Audio-Streaming_Spotify_none_4.pcap.UDP_10-152-152-10_53_10-152-152-11_46334_stream_0.pcap,udp_0,udp,0,Spotify,nonTor,Audio-Streaming,Spotify
nonTor_Audio-Streaming_Spotify_none_3.salvaged.pcap.UDP_10-152-152-10_53_10-152-152-11_57356_stream_0.pcap,udp_0,udp,0,Spotify,nonTor,Audio-Streaming,Spotify
nonTor_Audio-Streaming_Spotify_none_2.pcap.UDP_10-152-152-10_53_10-152-152-11_60598_stream_0.pcap,udp_0,udp,0,Spotify,nonTor,Audio-Streaming,Spotify
nonTor_Audio-Streaming_Spotify_none_2.pcap.UDP_10-152-152-10_53_10-152-152-11_55747_stream_0.pcap,udp_0,udp,0,Spotify,nonTor,Audio-Streaming,Spotify
nonTor_Audio-Streaming_Spotify_none_2.pcap.UDP_10-152-152-10_53_10-152-152-11_40061_stream_0.pcap,udp_0,udp,0,Spotify,nonTor,Audio-Streaming,Spotify
nonTor_Audio-Streaming_Spotify_none_5.pcap.UDP_10-152-152-10_53_10-152-152-11_40412_stream_0.pcap,udp_0,udp,0,Spotify,nonTor,Audio-Streaming,Spotify
nonTor_Audio-Streaming_Spotify_none_4.pcap.UDP_10-152-152-10_53_10-152-152-11_43609_stream_0.pcap,udp_0,udp,0,Spotify,nonTor,Audio-Streaming,Spotify
nonTor_Audio-Streaming_Spotify_none_3.pcap.UDP_10-152-152-10_53_10-152-152-11_54059_stream_0.pcap,udp_0,udp,0,Spotify,nonTor,Audio-Streaming,Spotify
nonTor_Audio-Streaming_Spotify_none_2.pcap.UDP_10-152-152-10_53_10-152-152-11_49206_stream_0.pcap,udp_0,udp,0,Spotify,nonTor,Audio-Streaming,Spotify
nonTor_Audio-Streaming_Spotify_none_3.salvaged.pcap.UDP_10-152-152-10_53_10-152-152-11_57182_stream_0.pcap,udp_0,udp,0,Spotify,nonTor,Audio-Streaming,Spotify
nonTor_Audio-Streaming_Spotify_none_2.pcap.UDP_10-152-152-10_53_10-152-152-11_36623_stream_0.pcap,udp_0,udp,0,Spotify,nonTor,Audio-Streaming,Spotify
nonTor_Audio-Streaming_Spotify_none_1.pcap.UDP_10-152-152-10_53_10-152-152-11_53108_stream_0.pcap,udp_0,udp,0,Spotify,nonTor,Audio-Streaming,Spotify
nonTor_Audio-Streaming_Spotify_none_1.pcap.UDP_10-152-152-10_53_10-152-152-11_39818_stream_0.pcap,udp_0,udp,0,Spotify,nonTor,Audio-Streaming,Spotify
nonTor_Audio-Streaming_Spotify_none_3.salvaged.pcap.UDP_10-152-152-10_53_10-152-152-11_60401_stream_0.pcap,udp_0,udp,0,Spotify,nonTor,Audio-Streaming,Spotify
nonTor_Audio-Streaming_Spotify_none_1.pcap.TCP_10-152-152-10_9104_10-152-152-11_49869_stream_0.pcap,tcp_0,tcp,0,Spotify,nonTor,Audio-Streaming,Spotify
nonTor_Audio-Streaming_Spotify_none_2.pcap.UDP_10-152-152-10_53_10-152-152-11_55382_stream_0.pcap,udp_0,udp,0,Spotify,nonTor,Audio-Streaming,Spotify
nonTor_Audio-Streaming_Spotify_none_3.salvaged.pcap.UDP_10-152-152-10_53_10-152-152-11_41285_stream_0.pcap,udp_0,udp,0,Spotify,nonTor,Audio-Streaming,Spotify
nonTor_Audio-Streaming_Spotify_none_2.pcap.UDP_10-152-152-10_53_10-152-152-11_45108_stream_0.pcap,udp_0,udp,0,Spotify,nonTor,Audio-Streaming,Spotify
nonTor_Audio-Streaming_Spotify_none_1.pcap.UDP_10-152-152-10_53_10-152-152-11_52871_stream_0.pcap,udp_0,udp,0,Spotify,nonTor,Audio-Streaming,Spotify
nonTor_Audio-Streaming_Spotify_none_2.pcap.UDP_10-152-152-10_53_10-152-152-11_41058_stream_0.pcap,udp_0,udp,0,Spotify,nonTor,Audio-Streaming,Spotify
nonTor_Audio-Streaming_Spotify_none_4.pcap.UDP_10-152-152-10_53_10-152-152-11_60005_stream_0.pcap,udp_0,udp,0,Spotify,nonTor,Audio-Streaming,Spotify
nonTor_Audio-Streaming_Spotify_none_2.pcap.UDP_10-152-152-10_53_10-152-152-11_33536_stream_0.pcap,udp_0,udp,0,Spotify,nonTor,Audio-Streaming,Spotify
nonTor_Audio-Streaming_Spotify_none_2.pcap.UDP_10-152-152-10_53_10-152-152-11_44452_stream_0.pcap,udp_0,udp,0,Spotify,nonTor,Audio-Streaming,Spotify
nonTor_Audio-Streaming_Spotify_none_4.pcap.UDP_10-152-152-10_53_10-152-152-11_32891_stream_0.pcap,udp_0,udp,0,Spotify,nonTor,Audio-Streaming,Spotify
nonTor_Audio-Streaming_Spotify_none_2.pcap.UDP_10-152-152-10_53_10-152-152-11_51854_stream_0.pcap,udp_0,udp,0,Spotify,nonTor,Audio-Streaming,Spotify
nonTor_Audio-Streaming_Spotify_none_3.salvaged.pcap.UDP_10-152-152-10_53_10-152-152-11_39223_stream_0.pcap,udp_0,udp,0,Spotify,nonTor,Audio-Streaming,Spotify
nonTor_Audio-Streaming_Spotify_none_2.pcap.UDP_10-152-152-10_53_10-152-152-11_39076_stream_0.pcap,udp_0,udp,0,Spotify,nonTor,Audio-Streaming,Spotify
nonTor_Audio-Streaming_Spotify_none_3.salvaged.pcap.UDP_10-152-152-10_53_10-152-152-11_57963_stream_0.pcap,udp_0,udp,0,Spotify,nonTor,Audio-Streaming,Spotify
nonTor_Audio-Streaming_Spotify_none_1.pcap.UDP_10-152-152-10_53_10-152-152-11_50298_stream_0.pcap,udp_0,udp,0,Spotify,nonTor,Audio-Streaming,Spotify
nonTor_Audio-Streaming_Spotify_none_2.pcap.UDP_10-152-152-10_53_10-152-152-11_38389_stream_0.pcap,udp_0,udp,0,Spotify,nonTor,Audio-Streaming,Spotify
nonTor_Audio-Streaming_Spotify_none_1.salvaged.pcap.TCP_10-152-152-11_56696_68-232-34-151_80_stream_0.pcap,tcp_0,tcp,0,Spotify,nonTor,Audio-Streaming,Spotify
nonTor_Audio-Streaming_Spotify_none_2.pcap.UDP_10-152-152-10_53_10-152-152-11_54911_stream_0.pcap,udp_0,udp,0,Spotify,nonTor,Audio-Streaming,Spotify
nonTor_Audio-Streaming_Spotify_none_1.salvaged.pcap.UDP_10-152-152-10_53_10-152-152-11_57590_stream_0.pcap,udp_0,udp,0,Spotify,nonTor,Audio-Streaming,Spotify
nonTor_Audio-Streaming_Spotify_none_4.pcap.UDP_10-152-152-10_53_10-152-152-11_36778_stream_0.pcap,udp_0,udp,0,Spotify,nonTor,Audio-Streaming,Spotify
Tor_Audio-Streaming_Spotify_none_2.salvaged.pcap.TCP_10-0-2-15_37628_213-239-216-222_443_stream_0.pcap,tcp_0,tcp,0,Spotify,Tor,Audio-Streaming,Spotify
nonTor_Audio-Streaming_Spotify_none_4.pcap.UDP_10-152-152-10_53_10-152-152-11_39599_stream_0.pcap,udp_0,udp,0,Spotify,nonTor,Audio-Streaming,Spotify
nonTor_Audio-Streaming_Spotify_none_4.pcap.UDP_10-152-152-10_53_10-152-152-11_44581_stream_0.pcap,udp_0,udp,0,Spotify,nonTor,Audio-Streaming,Spotify
nonTor_Audio-Streaming_Spotify_none_4.pcap.UDP_10-152-152-10_53_10-152-152-11_60729_stream_0.pcap,udp_0,udp,0,Spotify,nonTor,Audio-Streaming,Spotify
nonTor_Audio-Streaming_Spotify_none_4.pcap.UDP_10-152-152-10_53_10-152-152-11_51470_stream_0.pcap,udp_0,udp,0,Spotify,nonTor,Audio-Streaming,Spotify
nonTor_Audio-Streaming_Spotify_none_4.pcap.UDP_10-152-152-10_53_10-152-152-11_44205_stream_0.pcap,udp_0,udp,0,Spotify,nonTor,Audio-Streaming,Spotify
nonTor_Audio-Streaming_Spotify_none_2.pcap.UDP_10-152-152-10_53_10-152-152-11_34002_stream_0.pcap,udp_0,udp,0,Spotify,nonTor,Audio-Streaming,Spotify
nonTor_Audio-Streaming_Spotify_none_3.pcap.TCP_10-152-152-10_9104_10-152-152-11_49876_stream_0.pcap,tcp_0,tcp,0,Spotify,nonTor,Audio-Streaming,Spotify
nonTor_Audio-Streaming_Spotify_none_3.salvaged.pcap.UDP_10-152-152-10_53_10-152-152-11_44312_stream_0.pcap,udp_0,udp,0,Spotify,nonTor,Audio-Streaming,Spotify
nonTor_Audio-Streaming_Spotify_none_1.pcap.UDP_10-152-152-10_53_10-152-152-11_44312_stream_0.pcap,udp_0,udp,0,Spotify,nonTor,Audio-Streaming,Spotify
nonTor_Audio-Streaming_Spotify_none_4.pcap.UDP_10-152-152-10_53_10-152-152-11_59232_stream_0.pcap,udp_0,udp,0,Spotify,nonTor,Audio-Streaming,Spotify
nonTor_Audio-Streaming_Spotify_none_1.pcap.UDP_10-152-152-10_53_10-152-152-11_39223_stream_0.pcap,udp_0,udp,0,Spotify,nonTor,Audio-Streaming,Spotify
nonTor_Audio-Streaming_Spotify_none_1.salvaged.pcap.UDP_10-152-152-10_53_10-152-152-11_33461_stream_0.pcap,udp_0,udp,0,Spotify,nonTor,Audio-Streaming,Spotify
nonTor_Audio-Streaming_Spotify_none_4.pcap.UDP_10-152-152-10_53_10-152-152-11_55178_stream_0.pcap,udp_0,udp,0,Spotify,nonTor,Audio-Streaming,Spotify
nonTor_Audio-Streaming_Spotify_none_1.pcap.TCP_10-152-152-10_9104_10-152-152-11_49875_stream_0.pcap,tcp_0,tcp,0,Spotify,nonTor,Audio-Streaming,Spotify
nonTor_Audio-Streaming_Spotify_none_3.pcap.UDP_10-152-152-10_53_10-152-152-11_35335_stream_0.pcap,udp_0,udp,0,Spotify,nonTor,Audio-Streaming,Spotify
nonTor_Audio-Streaming_Spotify_none_1.salvaged.pcap.UDP_10-152-152-11_57621_10-152-191-255_57621_stream_0.pcap,udp_0,udp,0,Spotify,nonTor,Audio-Streaming,Spotify
nonTor_Audio-Streaming_Spotify_none_2.pcap.UDP_10-152-152-10_53_10-152-152-11_38548_stream_0.pcap,udp_0,udp,0,Spotify,nonTor,Audio-Streaming,Spotify
nonTor_Audio-Streaming_Spotify_none_2.pcap.UDP_10-152-152-10_53_10-152-152-11_38366_stream_0.pcap,udp_0,udp,0,Spotify,nonTor,Audio-Streaming,Spotify
nonTor_Audio-Streaming_Spotify_none_4.pcap.UDP_10-152-152-10_53_10-152-152-11_54096_stream_0.pcap,udp_0,udp,0,Spotify,nonTor,Audio-Streaming,Spotify
nonTor_Audio-Streaming_Spotify_none_3.salvaged.pcap.UDP_10-152-152-11_57621_10-152-191-255_57621_stream_0.pcap,udp_0,udp,0,Spotify,nonTor,Audio-Streaming,Spotify
nonTor_Audio-Streaming_Spotify_none_3.pcap.TCP_10-152-152-11_56696_68-232-34-151_80_stream_0.pcap,tcp_0,tcp,0,Spotify,nonTor,Audio-Streaming,Spotify
nonTor_Audio-Streaming_Spotify_none_2.pcap.UDP_10-152-152-10_53_10-152-152-11_53566_stream_0.pcap,udp_0,udp,0,Spotify,nonTor,Audio-Streaming,Spotify
nonTor_Audio-Streaming_Spotify_none_4.pcap.UDP_10-152-152-10_53_10-152-152-11_53566_stream_0.pcap,udp_0,udp,0,Spotify,nonTor,Audio-Streaming,Spotify
Tor_Audio-Streaming_Spotify_none_4.salvaged.pcap.TCP_10-0-2-15_50628_37-97-149-8_443_stream_0.pcap,tcp_0,tcp,0,Spotify,Tor,Audio-Streaming,Spotify
nonTor_Audio-Streaming_Spotify_none_4.pcap.UDP_10-152-152-10_53_10-152-152-11_42388_stream_0.pcap,udp_0,udp,0,Spotify,nonTor,Audio-Streaming,Spotify
nonTor_Audio-Streaming_Spotify_none_3.pcap.UDP_10-152-152-10_53_10-152-152-11_44765_stream_0.pcap,udp_0,udp,0,Spotify,nonTor,Audio-Streaming,Spotify
nonTor_Audio-Streaming_Spotify_none_1.pcap.UDP_10-152-152-10_53_10-152-152-11_35164_stream_0.pcap,udp_0,udp,0,Spotify,nonTor,Audio-Streaming,Spotify
nonTor_Audio-Streaming_Spotify_none_4.pcap.UDP_10-152-152-10_53_10-152-152-11_57275_stream_0.pcap,udp_0,udp,0,Spotify,nonTor,Audio-Streaming,Spotify
nonTor_Audio-Streaming_Spotify_none_4.pcap.UDP_10-152-152-10_53_10-152-152-11_43072_stream_0.pcap,udp_0,udp,0,Spotify,nonTor,Audio-Streaming,Spotify
nonTor_Audio-Streaming_Spotify_none_2.pcap.UDP_10-152-152-10_53_10-152-152-11_43250_stream_0.pcap,udp_0,udp,0,Spotify,nonTor,Audio-Streaming,Spotify
nonTor_Audio-Streaming_Spotify_none_4.pcap.UDP_10-152-152-10_53_10-152-152-11_39076_stream_0.pcap,udp_0,udp,0,Spotify,nonTor,Audio-Streaming,Spotify
nonTor_Audio-Streaming_Spotify_none_5.pcap.UDP_10-152-152-10_53_10-152-152-11_37447_stream_0.pcap,udp_0,udp,0,Spotify,nonTor,Audio-Streaming,Spotify
nonTor_Audio-Streaming_Spotify_none_3.pcap.UDP_10-152-152-10_53_10-152-152-11_40955_stream_0.pcap,udp_0,udp,0,Spotify,nonTor,Audio-Streaming,Spotify
nonTor_Audio-Streaming_Spotify_none_3.pcap.UDP_10-152-152-10_53_10-152-152-11_46054_stream_0.pcap,udp_0,udp,0,Spotify,nonTor,Audio-Streaming,Spotify
nonTor_Audio-Streaming_Spotify_none_1.pcap.UDP_10-152-152-10_53_10-152-152-11_60992_stream_0.pcap,udp_0,udp,0,Spotify,nonTor,Audio-Streaming,Spotify
nonTor_Audio-Streaming_Spotify_none_2.pcap.UDP_10-152-152-10_53_10-152-152-11_34345_stream_0.pcap,udp_0,udp,0,Spotify,nonTor,Audio-Streaming,Spotify
nonTor_Audio-Streaming_Spotify_none_3.pcap.UDP_10-152-152-10_53_10-152-152-11_50868_stream_0.pcap,udp_0,udp,0,Spotify,nonTor,Audio-Streaming,Spotify
nonTor_Audio-Streaming_Spotify_none_1.salvaged.pcap.UDP_10-152-152-10_53_10-152-152-11_46135_stream_0.pcap,udp_0,udp,0,Spotify,nonTor,Audio-Streaming,Spotify
nonTor_Audio-Streaming_Spotify_none_2.pcap.UDP_10-152-152-10_53_10-152-152-11_55816_stream_0.pcap,udp_0,udp,0,Spotify,nonTor,Audio-Streaming,Spotify
nonTor_Audio-Streaming_Spotify_none_2.pcap.UDP_10-152-152-10_53_10-152-152-11_39273_stream_0.pcap,udp_0,udp,0,Spotify,nonTor,Audio-Streaming,Spotify
nonTor_Audio-Streaming_Spotify_none_4.pcap.UDP_10-152-152-10_53_10-152-152-11_45774_stream_0.pcap,udp_0,udp,0,Spotify,nonTor,Audio-Streaming,Spotify
nonTor_Audio-Streaming_Spotify_none_2.pcap.UDP_10-152-152-10_53_10-152-152-11_38972_stream_0.pcap,udp_0,udp,0,Spotify,nonTor,Audio-Streaming,Spotify
nonTor_Audio-Streaming_Spotify_none_4.pcap.UDP_10-152-152-10_53_10-152-152-11_46934_stream_0.pcap,udp_0,udp,0,Spotify,nonTor,Audio-Streaming,Spotify
nonTor_Audio-Streaming_Spotify_none_3.pcap.UDP_10-152-152-10_53_10-152-152-11_41285_stream_0.pcap,udp_0,udp,0,Spotify,nonTor,Audio-Streaming,Spotify
Tor_Audio-Streaming_Spotify_none_4.pcap.TCP_10-0-2-15_37628_213-239-216-222_443_stream_0.pcap,tcp_0,tcp,0,Spotify,Tor,Audio-Streaming,Spotify
nonTor_Audio-Streaming_Spotify_none_2.pcap.UDP_10-152-152-10_53_10-152-152-11_44581_stream_0.pcap,udp_0,udp,0,Spotify,nonTor,Audio-Streaming,Spotify
nonTor_Audio-Streaming_Spotify_none_1.pcap.TCP_10-152-152-10_9104_10-152-152-11_49874_stream_0.pcap,tcp_0,tcp,0,Spotify,nonTor,Audio-Streaming,Spotify
nonTor_Audio-Streaming_Spotify_none_3.pcap.UDP_10-152-152-10_53_10-152-152-11_39948_stream_0.pcap,udp_0,udp,0,Spotify,nonTor,Audio-Streaming,Spotify
nonTor_Audio-Streaming_Spotify_none_1.pcap.UDP_10-152-152-10_53_10-152-152-11_32809_stream_0.pcap,udp_0,udp,0,Spotify,nonTor,Audio-Streaming,Spotify
Tor_Audio-Streaming_Spotify_none_4.salvaged.pcap.TCP_10-0-2-15_37628_213-239-216-222_443_stream_0.pcap,tcp_0,tcp,0,Spotify,Tor,Audio-Streaming,Spotify
nonTor_Audio-Streaming_Spotify_none_4.pcap.UDP_10-152-152-10_53_10-152-152-11_56628_stream_0.pcap,udp_0,udp,0,Spotify,nonTor,Audio-Streaming,Spotify
nonTor_Audio-Streaming_Spotify_none_4.pcap.UDP_10-152-152-10_53_10-152-152-11_34574_stream_0.pcap,udp_0,udp,0,Spotify,nonTor,Audio-Streaming,Spotify
nonTor_Audio-Streaming_Spotify_none_3.salvaged.pcap.UDP_10-152-152-10_53_10-152-152-11_48739_stream_0.pcap,udp_0,udp,0,Spotify,nonTor,Audio-Streaming,Spotify
nonTor_Audio-Streaming_Spotify_none_2.pcap.UDP_10-152-152-10_53_10-152-152-11_43072_stream_0.pcap,udp_0,udp,0,Spotify,nonTor,Audio-Streaming,Spotify
nonTor_Audio-Streaming_Spotify_none_3.salvaged.pcap.UDP_10-152-152-10_53_10-152-152-11_53905_stream_0.pcap,udp_0,udp,0,Spotify,nonTor,Audio-Streaming,Spotify
nonTor_Audio-Streaming_Spotify_none_2.pcap.UDP_10-152-152-10_53_10-152-152-11_43609_stream_0.pcap,udp_0,udp,0,Spotify,nonTor,Audio-Streaming,Spotify
nonTor_Audio-Streaming_Spotify_none_3.salvaged.pcap.UDP_10-152-152-10_53_10-152-152-11_44879_stream_0.pcap,udp_0,udp,0,Spotify,nonTor,Audio-Streaming,Spotify
nonTor_Audio-Streaming_Spotify_none_3.salvaged.pcap.UDP_10-152-152-10_53_10-152-152-11_39685_stream_0.pcap,udp_0,udp,0,Spotify,nonTor,Audio-Streaming,Spotify
Tor_Audio-Streaming_Spotify_none_4.salvaged.pcap.TCP_10-0-2-15_60031_195-154-82-180_443_stream_0.pcap,tcp_0,tcp,0,Spotify,Tor,Audio-Streaming,Spotify
nonTor_Audio-Streaming_Spotify_none_2.pcap.UDP_10-152-152-10_53_10-152-152-11_58777_stream_0.pcap,udp_0,udp,0,Spotify,nonTor,Audio-Streaming,Spotify
nonTor_Audio-Streaming_Spotify_none_1.salvaged.pcap.UDP_10-152-152-10_53_10-152-152-11_59607_stream_0.pcap,udp_0,udp,0,Spotify,nonTor,Audio-Streaming,Spotify
nonTor_Audio-Streaming_Spotify_none_2.pcap.UDP_10-152-152-10_53_10-152-152-11_39698_stream_0.pcap,udp_0,udp,0,Spotify,nonTor,Audio-Streaming,Spotify
nonTor_Audio-Streaming_Spotify_none_4.pcap.UDP_10-152-152-10_53_10-152-152-11_39416_stream_0.pcap,udp_0,udp,0,Spotify,nonTor,Audio-Streaming,Spotify
nonTor_Audio-Streaming_Spotify_none_1.pcap.UDP_10-152-152-10_53_10-152-152-11_50868_stream_0.pcap,udp_0,udp,0,Spotify,nonTor,Audio-Streaming,Spotify
nonTor_Audio-Streaming_Spotify_none_4.pcap.UDP_10-152-152-10_53_10-152-152-11_43250_stream_0.pcap,udp_0,udp,0,Spotify,nonTor,Audio-Streaming,Spotify
Tor_Audio-Streaming_Spotify_none_3.pcap.TCP_10-0-2-15_59708_37-97-149-8_443_stream_0.pcap,tcp_0,tcp,0,Spotify,Tor,Audio-Streaming,Spotify
nonTor_Audio-Streaming_Spotify_none_1.pcap.UDP_10-152-152-10_53_10-152-152-11_50292_stream_0.pcap,udp_0,udp,0,Spotify,nonTor,Audio-Streaming,Spotify
nonTor_Audio-Streaming_Spotify_none_4.pcap.UDP_10-152-152-10_53_10-152-152-11_36284_stream_0.pcap,udp_0,udp,0,Spotify,nonTor,Audio-Streaming,Spotify
nonTor_Audio-Streaming_Spotify_none_4.pcap.UDP_10-152-152-10_53_10-152-152-11_54974_stream_0.pcap,udp_0,udp,0,Spotify,nonTor,Audio-Streaming,Spotify
nonTor_Audio-Streaming_Spotify_none_1.salvaged.pcap.UDP_10-152-152-10_53_10-152-152-11_50868_stream_0.pcap,udp_0,udp,0,Spotify,nonTor,Audio-Streaming,Spotify
nonTor_Audio-Streaming_Spotify_none_1.salvaged.pcap.UDP_10-152-152-10_53_10-152-152-11_43859_stream_0.pcap,udp_0,udp,0,Spotify,nonTor,Audio-Streaming,Spotify
nonTor_Audio-Streaming_Spotify_none_2.pcap.UDP_10-152-152-10_53_10-152-152-11_39370_stream_0.pcap,udp_0,udp,0,Spotify,nonTor,Audio-Streaming,Spotify
nonTor_Audio-Streaming_Spotify_none_1.salvaged.pcap.UDP_10-152-152-10_53_10-152-152-11_39318_stream_0.pcap,udp_0,udp,0,Spotify,nonTor,Audio-Streaming,Spotify
nonTor_Audio-Streaming_Spotify_none_1.pcap.UDP_10-152-152-10_53_10-152-152-11_46531_stream_0.pcap,udp_0,udp,0,Spotify,nonTor,Audio-Streaming,Spotify
nonTor_Audio-Streaming_Spotify_none_1.salvaged.pcap.UDP_10-152-152-10_53_10-152-152-11_39606_stream_0.pcap,udp_0,udp,0,Spotify,nonTor,Audio-Streaming,Spotify
nonTor_Audio-Streaming_Spotify_none_5.salvaged.pcap.UDP_10-152-152-10_53_10-152-152-11_58459_stream_0.pcap,udp_0,udp,0,Spotify,nonTor,Audio-Streaming,Spotify
nonTor_Audio-Streaming_Spotify_none_4.pcap.UDP_10-152-152-10_53_10-152-152-11_36418_stream_0.pcap,udp_0,udp,0,Spotify,nonTor,Audio-Streaming,Spotify
nonTor_Audio-Streaming_Spotify_none_4.pcap.UDP_10-152-152-10_53_10-152-152-11_40061_stream_0.pcap,udp_0,udp,0,Spotify,nonTor,Audio-Streaming,Spotify
nonTor_Audio-Streaming_Spotify_none_4.pcap.UDP_10-152-152-10_53_10-152-152-11_39828_stream_0.pcap,udp_0,udp,0,Spotify,nonTor,Audio-Streaming,Spotify
nonTor_Audio-Streaming_Spotify_none_1.salvaged.pcap.UDP_10-152-152-10_53_10-152-152-11_54151_stream_0.pcap,udp_0,udp,0,Spotify,nonTor,Audio-Streaming,Spotify
nonTor_Audio-Streaming_Spotify_none_3.pcap.UDP_10-152-152-10_53_10-152-152-11_33907_stream_0.pcap,udp_0,udp,0,Spotify,nonTor,Audio-Streaming,Spotify
nonTor_Audio-Streaming_Spotify_none_4.pcap.UDP_10-152-152-10_53_10-152-152-11_51854_stream_0.pcap,udp_0,udp,0,Spotify,nonTor,Audio-Streaming,Spotify
nonTor_Audio-Streaming_Spotify_none_3.pcap.UDP_10-152-152-10_53_10-152-152-11_40356_stream_0.pcap,udp_0,udp,0,Spotify,nonTor,Audio-Streaming,Spotify
nonTor_Audio-Streaming_Spotify_none_3.salvaged.pcap.TCP_10-152-152-11_38699_130-211-86-80_80_stream_0.pcap,tcp_0,tcp,0,Spotify,nonTor,Audio-Streaming,Spotify
nonTor_Audio-Streaming_Spotify_none_4.pcap.UDP_10-152-152-10_53_10-152-152-11_46589_stream_0.pcap,udp_0,udp,0,Spotify,nonTor,Audio-Streaming,Spotify
nonTor_Audio-Streaming_Spotify_none_3.pcap.UDP_10-152-152-10_53_10-152-152-11_50292_stream_0.pcap,udp_0,udp,0,Spotify,nonTor,Audio-Streaming,Spotify
nonTor_Audio-Streaming_Spotify_none_2.pcap.UDP_10-152-152-10_53_10-152-152-11_56941_stream_0.pcap,udp_0,udp,0,Spotify,nonTor,Audio-Streaming,Spotify
nonTor_Audio-Streaming_Spotify_none_1.salvaged.pcap.UDP_10-152-152-10_53_10-152-152-11_57963_stream_0.pcap,udp_0,udp,0,Spotify,nonTor,Audio-Streaming,Spotify
nonTor_Audio-Streaming_Spotify_none_4.pcap.UDP_10-152-152-10_53_10-152-152-11_50048_stream_0.pcap,udp_0,udp,0,Spotify,nonTor,Audio-Streaming,Spotify
nonTor_Audio-Streaming_Spotify_none_4.pcap.UDP_10-152-152-10_53_10-152-152-11_50898_stream_0.pcap,udp_0,udp,0,Spotify,nonTor,Audio-Streaming,Spotify
nonTor_Audio-Streaming_Spotify_none_1.salvaged.pcap.TCP_10-152-152-10_9104_10-152-152-11_49869_stream_0.pcap,tcp_0,tcp,0,Spotify,nonTor,Audio-Streaming,Spotify
nonTor_Audio-Streaming_Spotify_none_4.pcap.UDP_10-152-152-11_57621_10-152-191-255_57621_stream_0.pcap,udp_0,udp,0,Spotify,nonTor,Audio-Streaming,Spotify
nonTor_Audio-Streaming_Spotify_none_1.pcap.TCP_10-152-152-10_9104_10-152-152-11_49873_stream_0.pcap,tcp_0,tcp,0,Spotify,nonTor,Audio-Streaming,Spotify
nonTor_Audio-Streaming_Spotify_none_4.pcap.UDP_10-152-152-10_53_10-152-152-11_40114_stream_0.pcap,udp_0,udp,0,Spotify,nonTor,Audio-Streaming,Spotify
nonTor_Audio-Streaming_Spotify_none_4.pcap.UDP_10-152-152-10_53_10-152-152-11_39248_stream_0.pcap,udp_0,udp,0,Spotify,nonTor,Audio-Streaming,Spotify
nonTor_Audio-Streaming_Spotify_none_5.salvaged.pcap.UDP_10-152-152-10_53_10-152-152-11_49967_stream_0.pcap,udp_0,udp,0,Spotify,nonTor,Audio-Streaming,Spotify
nonTor_Audio-Streaming_Spotify_none_2.pcap.UDP_10-152-152-10_53_10-152-152-11_46979_stream_0.pcap,udp_0,udp,0,Spotify,nonTor,Audio-Streaming,Spotify
nonTor_VoIP_Facebook_audio_2.pcap.TCP_10-152-152-11_39812_80-239-178-17_443_stream_0.pcap,tcp_0,tcp,0,Facebook,nonTor,VoIP,Facebook
nonTor_VoIP_Facebook_audio_1.pcap.UDP_10-152-152-11_33977_69-171-248-98_443_stream_0.pcap,udp_0,udp,0,Facebook,nonTor,VoIP,Facebook
nonTor_VoIP_Facebook_audio_1.pcap.UDP_10-152-152-11_46296_69-171-248-107_3478_stream_0.pcap,udp_0,udp,0,Facebook,nonTor,VoIP,Facebook
nonTor_VoIP_Facebook_audio_2.pcap.UDP_10-152-152-11_44334_31-13-100-97_443_stream_0.pcap,udp_0,udp,0,Facebook,nonTor,VoIP,Facebook
nonTor_VoIP_Facebook_audio_1.pcap.TCP_10-152-152-10_9052_10-152-152-11_57032_stream_0.pcap,tcp_0,tcp,0,Facebook,nonTor,VoIP,Facebook
nonTor_VoIP_Facebook_audio_1.pcap.UDP_10-152-152-11_34275_173-252-79-95_50002_stream_0.pcap,udp_0,udp,0,Facebook,nonTor,VoIP,Facebook
nonTor_VoIP_Facebook_audio_1.pcap.UDP_10-152-152-11_35183_69-171-248-98_443_stream_0.pcap,udp_0,udp,0,Facebook,nonTor,VoIP,Facebook
nonTor_VoIP_Facebook_audio_1.pcap.UDP_10-152-152-11_34275_173-252-79-95_443_stream_0.pcap,udp_0,udp,0,Facebook,nonTor,VoIP,Facebook
nonTor_Chat_Facebook_none_2.pcap.TCP_2-22-9-155_443_10-152-152-11_53258_stream_0.pcap,tcp_0,tcp,0,Facebook,nonTor,Chat,Facebook
nonTor_Chat_Facebook_none_2.pcap.TCP_2-22-9-131_443_10-152-152-11_59469_stream_0.pcap,tcp_0,tcp,0,Facebook,nonTor,Chat,Facebook
nonTor_Chat_Facebook_none_2.pcap.TCP_2-22-9-131_443_10-152-152-11_59472_stream_0.pcap,tcp_0,tcp,0,Facebook,nonTor,Chat,Facebook
nonTor_VoIP_Facebook_audio_1.pcap.UDP_10-152-152-11_52374_173-252-79-95_443_stream_0.pcap,udp_0,udp,0,Facebook,nonTor,VoIP,Facebook
nonTor_VoIP_Facebook_audio_1.pcap.TCP_10-152-152-11_32883_66-220-156-2_443_stream_0.pcap,tcp_0,tcp,0,Facebook,nonTor,VoIP,Facebook
nonTor_Chat_Facebook_none_2.pcap.TCP_10-152-152-10_9110_10-152-152-11_54413_stream_0.pcap,tcp_0,tcp,0,Facebook,nonTor,Chat,Facebook
nonTor_VoIP_Facebook_audio_2.pcap.TCP_10-152-152-10_9052_10-152-152-11_40206_stream_0.pcap,tcp_0,tcp,0,Facebook,nonTor,VoIP,Facebook
nonTor_VoIP_Facebook_audio_2.pcap.TCP_10-152-152-11_39813_80-239-178-17_443_stream_0.pcap,tcp_0,tcp,0,Facebook,nonTor,VoIP,Facebook
nonTor_Chat_Facebook_none_2.pcap.TCP_10-152-152-10_9052_10-152-152-11_42456_stream_0.pcap,tcp_0,tcp,0,Facebook,nonTor,Chat,Facebook
nonTor_VoIP_Facebook_audio_1.pcap.TCP_10-152-152-11_53342_173-252-79-95_3478_stream_0.pcap,tcp_0,tcp,0,Facebook,nonTor,VoIP,Facebook
nonTor_VoIP_Facebook_audio_1.pcap.TCP_10-152-152-10_9052_10-152-152-11_57034_stream_0.pcap,tcp_0,tcp,0,Facebook,nonTor,VoIP,Facebook
nonTor_VoIP_Facebook_audio_2.pcap.UDP_10-152-152-11_46210_69-171-239-36_3478_stream_0.pcap,udp_0,udp,0,Facebook,nonTor,VoIP,Facebook
nonTor_VoIP_Facebook_audio_1.pcap.UDP_10-152-152-11_61000_173-252-79-82_443_stream_0.pcap,udp_0,udp,0,Facebook,nonTor,VoIP,Facebook
nonTor_Chat_Facebook_none_2.pcap.TCP_10-152-152-11_60423_216-58-208-67_80_stream_0.pcap,tcp_0,tcp,0,Facebook,nonTor,Chat,Facebook
nonTor_VoIP_Facebook_audio_1.pcap.TCP_10-152-152-11_39502_66-220-158-19_443_stream_0.pcap,tcp_0,tcp,0,Facebook,nonTor,VoIP,Facebook
nonTor_VoIP_Facebook_audio_1.pcap.UDP_10-152-152-11_34252_173-252-79-82_443_stream_0.pcap,udp_0,udp,0,Facebook,nonTor,VoIP,Facebook
nonTor_VoIP_Facebook_audio_1.pcap.UDP_10-152-152-11_34252_69-171-239-36_3478_stream_0.pcap,udp_0,udp,0,Facebook,nonTor,VoIP,Facebook
nonTor_Chat_Facebook_none_2.pcap.TCP_2-22-9-131_443_10-152-152-11_59471_stream_0.pcap,tcp_0,tcp,0,Facebook,nonTor,Chat,Facebook
nonTor_VoIP_Facebook_audio_1.pcap.UDP_10-152-152-11_55074_31-13-98-98_55025_stream_0.pcap,udp_0,udp,0,Facebook,nonTor,VoIP,Facebook
nonTor_VoIP_Facebook_audio_1.pcap.UDP_10-152-152-11_42310_69-171-248-98_3478_stream_0.pcap,udp_0,udp,0,Facebook,nonTor,VoIP,Facebook
nonTor_VoIP_Facebook_audio_1.pcap.UDP_10-152-152-11_41554_69-171-239-36_3478_stream_0.pcap,udp_0,udp,0,Facebook,nonTor,VoIP,Facebook
nonTor_VoIP_Facebook_audio_2.pcap.UDP_10-152-152-11_54459_31-13-100-97_50002_stream_0.pcap,udp_0,udp,0,Facebook,nonTor,VoIP,Facebook
nonTor_VoIP_Facebook_audio_2.pcap.TCP_10-152-152-11_35106_90-84-136-135_443_stream_0.pcap,tcp_0,tcp,0,Facebook,nonTor,VoIP,Facebook
nonTor_VoIP_Facebook_audio_2.pcap.UDP_10-152-152-11_37574_69-171-248-98_50197_stream_0.pcap,udp_0,udp,0,Facebook,nonTor,VoIP,Facebook
nonTor_VoIP_Facebook_audio_1.pcap.UDP_10-152-152-11_55074_69-171-248-107_443_stream_0.pcap,udp_0,udp,0,Facebook,nonTor,VoIP,Facebook
nonTor_VoIP_Facebook_audio_1.pcap.UDP_10-152-152-11_47580_188-93-174-119_443_stream_0.pcap,udp_0,udp,0,Facebook,nonTor,VoIP,Facebook
nonTor_VoIP_Facebook_audio_1.pcap.UDP_10-152-152-11_46296_69-171-248-107_443_stream_0.pcap,udp_0,udp,0,Facebook,nonTor,VoIP,Facebook
nonTor_VoIP_Facebook_audio_1.pcap.TCP_10-152-152-11_33330_69-171-248-107_3478_stream_0.pcap,tcp_0,tcp,0,Facebook,nonTor,VoIP,Facebook
nonTor_VoIP_Facebook_audio_2.pcap.UDP_10-152-152-11_53935_31-13-100-100_3478_stream_0.pcap,udp_0,udp,0,Facebook,nonTor,VoIP,Facebook
nonTor_VoIP_Facebook_audio_2.pcap.UDP_10-152-152-11_37574_69-171-239-36_3478_stream_0.pcap,udp_0,udp,0,Facebook,nonTor,VoIP,Facebook
nonTor_VoIP_Facebook_audio_2.pcap.TCP_10-152-152-11_58334_77-67-28-40_443_stream_0.pcap,tcp_0,tcp,0,Facebook,nonTor,VoIP,Facebook
nonTor_VoIP_Facebook_audio_2.pcap.UDP_10-152-152-11_53935_173-252-79-82_59334_stream_0.pcap,udp_0,udp,0,Facebook,nonTor,VoIP,Facebook
nonTor_VoIP_Facebook_audio_2.pcap.TCP_10-152-152-11_42138_31-13-93-3_443_stream_0.pcap,tcp_0,tcp,0,Facebook,nonTor,VoIP,Facebook
nonTor_VoIP_Facebook_audio_1.pcap.UDP_10-152-152-11_50845_69-171-248-107_3478_stream_0.pcap,udp_0,udp,0,Facebook,nonTor,VoIP,Facebook
nonTor_VoIP_Facebook_audio_1.pcap.TCP_10-152-152-11_33334_69-171-248-107_3478_stream_0.pcap,tcp_0,tcp,0,Facebook,nonTor,VoIP,Facebook
nonTor_VoIP_Facebook_audio_2.pcap.TCP_10-152-152-10_9052_10-152-152-11_40204_stream_0.pcap,tcp_0,tcp,0,Facebook,nonTor,VoIP,Facebook
nonTor_Chat_Facebook_none_2.pcap.TCP_2-22-9-114_443_10-152-152-11_53838_stream_0.pcap,tcp_0,tcp,0,Facebook,nonTor,Chat,Facebook
nonTor_VoIP_Facebook_audio_1.pcap.UDP_10-152-152-11_52399_69-171-248-98_3478_stream_0.pcap,udp_0,udp,0,Facebook,nonTor,VoIP,Facebook
nonTor_VoIP_Facebook_audio_2.pcap.UDP_10-152-152-11_35251_69-171-239-36_3478_stream_0.pcap,udp_0,udp,0,Facebook,nonTor,VoIP,Facebook
nonTor_VoIP_Facebook_audio_2.pcap.UDP_10-152-152-11_37574_69-171-248-98_56565_stream_0.pcap,udp_0,udp,0,Facebook,nonTor,VoIP,Facebook
nonTor_VoIP_Facebook_audio_1.pcap.UDP_10-152-152-11_61000_173-252-79-82_50002_stream_0.pcap,udp_0,udp,0,Facebook,nonTor,VoIP,Facebook
nonTor_VoIP_Facebook_audio_1.pcap.UDP_10-152-152-11_33912_173-194-45-41_443_stream_0.pcap,udp_0,udp,0,Facebook,nonTor,VoIP,Facebook
nonTor_VoIP_Facebook_audio_1.pcap.UDP_10-152-152-11_54848_69-171-255-36_3478_stream_0.pcap,udp_0,udp,0,Facebook,nonTor,VoIP,Facebook
nonTor_VoIP_Facebook_audio_2.pcap.UDP_10-152-152-11_59470_173-194-65-136_443_stream_0.pcap,udp_0,udp,0,Facebook,nonTor,VoIP,Facebook
nonTor_VoIP_Facebook_audio_1.pcap.UDP_10-152-152-11_46662_173-252-79-82_3478_stream_0.pcap,udp_0,udp,0,Facebook,nonTor,VoIP,Facebook
nonTor_Chat_Facebook_none_2.pcap.TCP_2-22-9-114_443_10-152-152-11_53837_stream_0.pcap,tcp_0,tcp,0,Facebook,nonTor,Chat,Facebook
nonTor_VoIP_Facebook_audio_2.pcap.UDP_10-152-152-11_53935_69-171-255-36_3478_stream_0.pcap,udp_0,udp,0,Facebook,nonTor,VoIP,Facebook
nonTor_VoIP_Facebook_audio_1.pcap.UDP_10-152-152-11_39596_173-252-79-95_3478_stream_0.pcap,udp_0,udp,0,Facebook,nonTor,VoIP,Facebook
nonTor_VoIP_Facebook_audio_1.pcap.TCP_10-152-152-11_38256_69-171-248-98_3478_stream_0.pcap,tcp_0,tcp,0,Facebook,nonTor,VoIP,Facebook
nonTor_Chat_Facebook_none_2.pcap.TCP_2-22-9-114_443_10-152-152-11_53835_stream_0.pcap,tcp_0,tcp,0,Facebook,nonTor,Chat,Facebook
nonTor_VoIP_Facebook_audio_2.pcap.TCP_10-152-152-11_60068_95-100-255-152_443_stream_0.pcap,tcp_0,tcp,0,Facebook,nonTor,VoIP,Facebook
nonTor_VoIP_Facebook_audio_1.pcap.UDP_10-152-152-11_60258_69-171-248-107_443_stream_0.pcap,udp_0,udp,0,Facebook,nonTor,VoIP,Facebook
nonTor_VoIP_Facebook_audio_1.pcap.UDP_10-152-152-11_33977_69-171-255-36_3478_stream_0.pcap,udp_0,udp,0,Facebook,nonTor,VoIP,Facebook
nonTor_VoIP_Facebook_audio_2.pcap.TCP_10-152-152-10_9052_10-152-152-11_40215_stream_0.pcap,tcp_0,tcp,0,Facebook,nonTor,VoIP,Facebook
nonTor_Chat_Facebook_none_1.pcap.TCP_2-16-162-51_443_10-152-152-11_50199_stream_0.pcap,tcp_0,tcp,0,Facebook,nonTor,Chat,Facebook
nonTor_VoIP_Facebook_audio_1.pcap.UDP_10-152-152-11_39596_31-13-100-98_57911_stream_0.pcap,udp_0,udp,0,Facebook,nonTor,VoIP,Facebook
nonTor_VoIP_Facebook_audio_1.pcap.UDP_10-152-152-11_35183_69-171-255-36_3478_stream_0.pcap,udp_0,udp,0,Facebook,nonTor,VoIP,Facebook
nonTor_Chat_Facebook_none_2.pcap.TCP_2-22-9-98_443_10-152-152-11_44559_stream_0.pcap,tcp_0,tcp,0,Facebook,nonTor,Chat,Facebook
nonTor_VoIP_Facebook_audio_2.pcap.TCP_10-152-152-11_37490_31-13-100-100_3478_stream_0.pcap,tcp_0,tcp,0,Facebook,nonTor,VoIP,Facebook
nonTor_Chat_Facebook_none_2.pcap.UDP_10-152-152-11_40671_173-194-112-98_443_stream_0.pcap,udp_0,udp,0,Facebook,nonTor,Chat,Facebook
Tor_VoIP_Facebook_audio_1.pcap.TCP_10-0-2-15_57397_148-251-190-229_9010_stream_0.pcap,tcp_0,tcp,0,Facebook,Tor,VoIP,Facebook
nonTor_VoIP_Facebook_audio_2.pcap.UDP_10-152-152-11_49127_31-13-100-97_3478_stream_0.pcap,udp_0,udp,0,Facebook,nonTor,VoIP,Facebook
nonTor_VoIP_Facebook_audio_1.pcap.TCP_10-152-152-11_50795_173-252-79-82_3478_stream_0.pcap,tcp_0,tcp,0,Facebook,nonTor,VoIP,Facebook
nonTor_VoIP_Facebook_audio_1.pcap.TCP_10-152-152-11_39514_66-220-158-19_443_stream_0.pcap,tcp_0,tcp,0,Facebook,nonTor,VoIP,Facebook
nonTor_VoIP_Facebook_audio_1.pcap.UDP_10-152-152-11_52399_69-171-248-98_443_stream_0.pcap,udp_0,udp,0,Facebook,nonTor,VoIP,Facebook
nonTor_VoIP_Facebook_audio_1.pcap.UDP_10-152-152-11_39596_173-252-79-95_443_stream_0.pcap,udp_0,udp,0,Facebook,nonTor,VoIP,Facebook
nonTor_VoIP_Facebook_audio_1.pcap.UDP_10-152-152-11_41554_173-252-79-95_50002_stream_0.pcap,udp_0,udp,0,Facebook,nonTor,VoIP,Facebook
nonTor_VoIP_Facebook_audio_2.pcap.UDP_10-152-152-11_53935_31-13-100-100_50002_stream_0.pcap,udp_0,udp,0,Facebook,nonTor,VoIP,Facebook
nonTor_VoIP_Facebook_audio_1.pcap.TCP_10-152-152-11_39504_66-220-158-19_443_stream_0.pcap,tcp_0,tcp,0,Facebook,nonTor,VoIP,Facebook
nonTor_VoIP_Facebook_audio_2.pcap.UDP_10-152-152-11_54459_69-171-239-36_3478_stream_0.pcap,udp_0,udp,0,Facebook,nonTor,VoIP,Facebook
nonTor_VoIP_Facebook_audio_1.pcap.UDP_10-152-152-11_46296_69-171-248-107_50002_stream_0.pcap,udp_0,udp,0,Facebook,nonTor,VoIP,Facebook
nonTor_VoIP_Facebook_audio_1.pcap.UDP_10-152-152-11_41554_173-252-79-95_443_stream_0.pcap,udp_0,udp,0,Facebook,nonTor,VoIP,Facebook
nonTor_VoIP_Facebook_audio_1.pcap.UDP_10-152-152-11_41554_173-252-79-95_3478_stream_0.pcap,udp_0,udp,0,Facebook,nonTor,VoIP,Facebook
nonTor_VoIP_Facebook_audio_1.pcap.UDP_10-152-152-11_56803_173-252-79-82_443_stream_0.pcap,udp_0,udp,0,Facebook,nonTor,VoIP,Facebook
nonTor_VoIP_Facebook_audio_2.pcap.TCP_10-152-152-11_39816_80-239-178-17_443_stream_0.pcap,tcp_0,tcp,0,Facebook,nonTor,VoIP,Facebook
nonTor_VoIP_Facebook_audio_1.pcap.UDP_10-152-152-11_52399_31-13-100-100_59553_stream_0.pcap,udp_0,udp,0,Facebook,nonTor,VoIP,Facebook
nonTor_VoIP_Facebook_audio_1.pcap.UDP_10-152-152-11_52399_31-13-100-100_53329_stream_0.pcap,udp_0,udp,0,Facebook,nonTor,VoIP,Facebook
nonTor_VoIP_Facebook_audio_1.pcap.TCP_10-152-152-11_53348_173-252-79-95_3478_stream_0.pcap,tcp_0,tcp,0,Facebook,nonTor,VoIP,Facebook
nonTor_VoIP_Facebook_audio_1.pcap.TCP_10-152-152-11_39558_66-220-158-19_443_stream_0.pcap,tcp_0,tcp,0,Facebook,nonTor,VoIP,Facebook
nonTor_VoIP_Facebook_audio_1.pcap.TCP_10-152-152-10_9052_10-152-152-11_57033_stream_0.pcap,tcp_0,tcp,0,Facebook,nonTor,VoIP,Facebook
nonTor_VoIP_Facebook_audio_2.pcap.TCP_10-152-152-11_39085_173-252-120-6_443_stream_0.pcap,tcp_0,tcp,0,Facebook,nonTor,VoIP,Facebook
nonTor_VoIP_Facebook_audio_1.pcap.UDP_10-152-152-11_54848_69-171-248-107_3478_stream_0.pcap,udp_0,udp,0,Facebook,nonTor,VoIP,Facebook
nonTor_VoIP_Facebook_audio_2.pcap.TCP_10-152-152-10_9108_10-152-152-11_39029_stream_0.pcap,tcp_0,tcp,0,Facebook,nonTor,VoIP,Facebook
nonTor_VoIP_Facebook_audio_2.pcap.UDP_10-152-152-11_46210_31-13-100-97_3478_stream_0.pcap,udp_0,udp,0,Facebook,nonTor,VoIP,Facebook
nonTor_VoIP_Facebook_audio_2.pcap.TCP_10-152-152-11_42133_31-13-93-3_443_stream_0.pcap,tcp_0,tcp,0,Facebook,nonTor,VoIP,Facebook
nonTor_VoIP_Facebook_audio_1.pcap.UDP_10-152-152-10_53_10-152-152-11_40128_stream_0.pcap,udp_0,udp,0,Facebook,nonTor,VoIP,Facebook
nonTor_Chat_Facebook_none_1.pcap.TCP_10-152-152-11_39920_46-229-224-44_443_stream_0.pcap,tcp_0,tcp,0,Facebook,nonTor,Chat,Facebook
nonTor_Chat_Facebook_none_2.pcap.TCP_2-16-162-49_443_10-152-152-11_56718_stream_0.pcap,tcp_0,tcp,0,Facebook,nonTor,Chat,Facebook
nonTor_VoIP_Facebook_audio_1.pcap.UDP_10-152-152-10_53_10-152-152-11_21957_stream_0.pcap,udp_0,udp,0,Facebook,nonTor,VoIP,Facebook
nonTor_VoIP_Facebook_audio_1.pcap.TCP_10-152-152-11_32866_216-58-217-206_443_stream_0.pcap,tcp_0,tcp,0,Facebook,nonTor,VoIP,Facebook
nonTor_VoIP_Facebook_audio_1.pcap.TCP_10-152-152-11_43177_188-93-174-123_443_stream_0.pcap,tcp_0,tcp,0,Facebook,nonTor,VoIP,Facebook
nonTor_Chat_Facebook_none_2.pcap.UDP_10-152-152-10_53_10-152-152-11_5833_stream_0.pcap,udp_0,udp,0,Facebook,nonTor,Chat,Facebook
nonTor_VoIP_Facebook_audio_1.pcap.TCP_10-152-152-11_52547_69-171-248-98_443_stream_0.pcap,tcp_0,tcp,0,Facebook,nonTor,VoIP,Facebook
nonTor_Chat_Facebook_none_2.pcap.UDP_10-152-152-10_53_10-152-152-11_36194_stream_0.pcap,udp_0,udp,0,Facebook,nonTor,Chat,Facebook
nonTor_VoIP_Facebook_audio_2.pcap.UDP_10-152-152-10_53_10-152-152-11_18866_stream_0.pcap,udp_0,udp,0,Facebook,nonTor,VoIP,Facebook
nonTor_VoIP_Facebook_audio_2.pcap.TCP_10-152-152-11_44335_31-13-93-7_443_stream_0.pcap,tcp_0,tcp,0,Facebook,nonTor,VoIP,Facebook
nonTor_VoIP_Facebook_audio_2.pcap.UDP_10-152-152-10_53_10-152-152-11_26336_stream_0.pcap,udp_0,udp,0,Facebook,nonTor,VoIP,Facebook
Tor_Browsing_Facebook_none_1.pcap.UDP_131-202-240-88_137_131-202-240-150_137_stream_0.pcap,udp_0,udp,0,Facebook,Tor,Browsing,Facebook
nonTor_VoIP_Facebook_audio_2.pcap.TCP_10-152-152-11_59039_173-194-113-68_443_stream_0.pcap,tcp_0,tcp,0,Facebook,nonTor,VoIP,Facebook
nonTor_VoIP_Facebook_audio_1.pcap.UDP_10-152-152-10_53_10-152-152-11_37817_stream_0.pcap,udp_0,udp,0,Facebook,nonTor,VoIP,Facebook
nonTor_VoIP_Facebook_audio_1.pcap.TCP_10-152-152-11_48897_216-58-192-78_443_stream_0.pcap,tcp_0,tcp,0,Facebook,nonTor,VoIP,Facebook
nonTor_VoIP_Facebook_audio_2.pcap.TCP_10-152-152-11_48671_31-13-100-97_443_stream_0.pcap,tcp_0,tcp,0,Facebook,nonTor,VoIP,Facebook
nonTor_VoIP_Facebook_audio_1.pcap.UDP_10-152-152-10_53_10-152-152-11_52527_stream_0.pcap,udp_0,udp,0,Facebook,nonTor,VoIP,Facebook
nonTor_VoIP_Facebook_audio_2.pcap.UDP_10-152-152-10_53_10-152-152-11_22272_stream_0.pcap,udp_0,udp,0,Facebook,nonTor,VoIP,Facebook
nonTor_VoIP_Facebook_audio_1.pcap.UDP_10-152-152-10_53_10-152-152-11_54066_stream_0.pcap,udp_0,udp,0,Facebook,nonTor,VoIP,Facebook
nonTor_VoIP_Facebook_audio_1.pcap.TCP_10-152-152-11_52549_69-171-248-98_443_stream_0.pcap,tcp_0,tcp,0,Facebook,nonTor,VoIP,Facebook
nonTor_VoIP_Facebook_audio_1.pcap.TCP_10-152-152-11_36323_31-13-93-3_443_stream_0.pcap,tcp_0,tcp,0,Facebook,nonTor,VoIP,Facebook
nonTor_VoIP_Facebook_audio_2.pcap.UDP_10-152-152-10_53_10-152-152-11_14244_stream_0.pcap,udp_0,udp,0,Facebook,nonTor,VoIP,Facebook
nonTor_VoIP_Facebook_audio_1.pcap.UDP_10-152-152-10_53_10-152-152-11_4133_stream_0.pcap,udp_0,udp,0,Facebook,nonTor,VoIP,Facebook
nonTor_Chat_Facebook_none_2.pcap.UDP_10-152-152-10_53_10-152-152-11_8463_stream_0.pcap,udp_0,udp,0,Facebook,nonTor,Chat,Facebook
nonTor_VoIP_Facebook_audio_1.pcap.UDP_10-152-152-10_53_10-152-152-11_39383_stream_0.pcap,udp_0,udp,0,Facebook,nonTor,VoIP,Facebook
nonTor_VoIP_Facebook_audio_2.pcap.UDP_10-152-152-10_53_10-152-152-11_31831_stream_0.pcap,udp_0,udp,0,Facebook,nonTor,VoIP,Facebook
nonTor_VoIP_Facebook_audio_2.pcap.UDP_10-152-152-10_53_10-152-152-11_53198_stream_0.pcap,udp_0,udp,0,Facebook,nonTor,VoIP,Facebook
nonTor_Chat_Facebook_none_2.pcap.TCP_2-16-162-49_443_10-152-152-11_56716_stream_0.pcap,tcp_0,tcp,0,Facebook,nonTor,Chat,Facebook
nonTor_VoIP_Facebook_audio_2.pcap.UDP_10-152-152-10_53_10-152-152-11_40470_stream_0.pcap,udp_0,udp,0,Facebook,nonTor,VoIP,Facebook
nonTor_VoIP_Facebook_audio_1.pcap.UDP_10-152-152-10_53_10-152-152-11_32093_stream_0.pcap,udp_0,udp,0,Facebook,nonTor,VoIP,Facebook
nonTor_VoIP_Facebook_audio_1.pcap.UDP_10-152-152-10_53_10-152-152-11_44659_stream_0.pcap,udp_0,udp,0,Facebook,nonTor,VoIP,Facebook
Tor_VoIP_Facebook_audio_2.pcap.TCP_10-0-2-15_49580_198-52-200-39_443_stream_0.pcap,tcp_0,tcp,0,Facebook,Tor,VoIP,Facebook
nonTor_VoIP_Facebook_audio_2.pcap.UDP_10-152-152-10_53_10-152-152-11_58058_stream_0.pcap,udp_0,udp,0,Facebook,nonTor,VoIP,Facebook
nonTor_VoIP_Facebook_audio_2.pcap.UDP_10-152-152-10_53_10-152-152-11_32180_stream_0.pcap,udp_0,udp,0,Facebook,nonTor,VoIP,Facebook
nonTor_Chat_Facebook_none_2.pcap.TCP_10-152-152-11_41051_31-13-93-7_443_stream_0.pcap,tcp_0,tcp,0,Facebook,nonTor,Chat,Facebook
nonTor_VoIP_Facebook_audio_1.pcap.UDP_10-152-152-10_53_10-152-152-11_59792_stream_0.pcap,udp_0,udp,0,Facebook,nonTor,VoIP,Facebook
nonTor_Chat_Facebook_none_2.pcap.TCP_10-152-152-11_41068_31-13-93-7_443_stream_0.pcap,tcp_0,tcp,0,Facebook,nonTor,Chat,Facebook
nonTor_VoIP_Facebook_audio_1.pcap.TCP_10-152-152-11_43179_188-93-174-123_443_stream_0.pcap,tcp_0,tcp,0,Facebook,nonTor,VoIP,Facebook
nonTor_VoIP_Facebook_audio_2.pcap.UDP_10-152-152-10_53_10-152-152-11_37461_stream_0.pcap,udp_0,udp,0,Facebook,nonTor,VoIP,Facebook
nonTor_VoIP_Facebook_audio_2.pcap.TCP_10-152-152-11_34337_31-13-100-100_443_stream_0.pcap,tcp_0,tcp,0,Facebook,nonTor,VoIP,Facebook
Tor_Chat_Facebook_none_2.pcap.TCP_10-0-2-15_45788_198-52-200-39_443_stream_0.pcap,tcp_0,tcp,0,Facebook,Tor,Chat,Facebook
nonTor_Chat_Facebook_none_2.pcap.UDP_10-152-152-10_53_10-152-152-11_4608_stream_0.pcap,udp_0,udp,0,Facebook,nonTor,Chat,Facebook
nonTor_VoIP_Facebook_audio_2.pcap.UDP_10-152-152-10_53_10-152-152-11_3850_stream_0.pcap,udp_0,udp,0,Facebook,nonTor,VoIP,Facebook
nonTor_Chat_Facebook_none_2.pcap.TCP_10-152-152-11_34116_216-58-208-78_443_stream_0.pcap,tcp_0,tcp,0,Facebook,nonTor,Chat,Facebook
nonTor_VoIP_Facebook_audio_1.pcap.UDP_10-152-152-10_53_10-152-152-11_49244_stream_0.pcap,udp_0,udp,0,Facebook,nonTor,VoIP,Facebook
nonTor_VoIP_Facebook_audio_2.pcap.TCP_10-152-152-11_44332_31-13-93-7_443_stream_0.pcap,tcp_0,tcp,0,Facebook,nonTor,VoIP,Facebook
nonTor_VoIP_Facebook_audio_1.pcap.UDP_10-152-152-10_53_10-152-152-11_22532_stream_0.pcap,udp_0,udp,0,Facebook,nonTor,VoIP,Facebook
nonTor_Chat_Facebook_none_1.pcap.UDP_10-152-152-10_53_10-152-152-11_51268_stream_0.pcap,udp_0,udp,0,Facebook,nonTor,Chat,Facebook
nonTor_Chat_Facebook_none_1.pcap.TCP_10-152-152-11_33802_104-86-110-33_443_stream_0.pcap,tcp_0,tcp,0,Facebook,nonTor,Chat,Facebook
Tor_Browsing_Facebook_none_1.pcap.TCP_131-202-240-150_34160_217-23-3-253_9001_stream_0.pcap,tcp_0,tcp,0,Facebook,Tor,Browsing,Facebook
nonTor_Chat_Facebook_none_2.pcap.UDP_10-152-152-10_53_10-152-152-11_2901_stream_0.pcap,udp_0,udp,0,Facebook,nonTor,Chat,Facebook
nonTor_Chat_Facebook_none_1.pcap.TCP_10-152-152-11_33807_104-86-110-33_443_stream_0.pcap,tcp_0,tcp,0,Facebook,nonTor,Chat,Facebook
nonTor_Chat_Facebook_none_2.pcap.TCP_2-16-162-49_443_10-152-152-11_56690_stream_0.pcap,tcp_0,tcp,0,Facebook,nonTor,Chat,Facebook
nonTor_Chat_Facebook_none_2.pcap.TCP_10-152-152-11_34073_216-58-208-78_443_stream_0.pcap,tcp_0,tcp,0,Facebook,nonTor,Chat,Facebook
nonTor_Chat_Facebook_none_2.pcap.TCP_10-152-152-11_34115_216-58-208-78_443_stream_0.pcap,tcp_0,tcp,0,Facebook,nonTor,Chat,Facebook
nonTor_VoIP_Facebook_audio_2.pcap.UDP_10-152-152-10_53_10-152-152-11_39652_stream_0.pcap,udp_0,udp,0,Facebook,nonTor,VoIP,Facebook
nonTor_VoIP_Facebook_audio_1.pcap.UDP_10-152-152-10_53_10-152-152-11_16371_stream_0.pcap,udp_0,udp,0,Facebook,nonTor,VoIP,Facebook
nonTor_VoIP_Facebook_audio_1.pcap.TCP_10-152-152-11_46161_69-171-248-107_443_stream_0.pcap,tcp_0,tcp,0,Facebook,nonTor,VoIP,Facebook
nonTor_VoIP_Facebook_audio_1.pcap.UDP_10-152-152-10_53_10-152-152-11_56605_stream_0.pcap,udp_0,udp,0,Facebook,nonTor,VoIP,Facebook
nonTor_VoIP_Facebook_audio_1.pcap.UDP_10-152-152-10_53_10-152-152-11_20822_stream_0.pcap,udp_0,udp,0,Facebook,nonTor,VoIP,Facebook
nonTor_Chat_Facebook_none_2.pcap.UDP_10-152-152-10_53_10-152-152-11_17746_stream_0.pcap,udp_0,udp,0,Facebook,nonTor,Chat,Facebook
nonTor_Chat_Facebook_none_1.pcap.UDP_10-152-152-10_53_10-152-152-11_37850_stream_0.pcap,udp_0,udp,0,Facebook,nonTor,Chat,Facebook
nonTor_VoIP_Facebook_audio_1.pcap.TCP_10-152-152-11_46155_69-171-248-107_443_stream_0.pcap,tcp_0,tcp,0,Facebook,nonTor,VoIP,Facebook
nonTor_Chat_Facebook_none_1.pcap.TCP_10-152-152-11_33804_104-86-110-33_443_stream_0.pcap,tcp_0,tcp,0,Facebook,nonTor,Chat,Facebook
nonTor_VoIP_Facebook_audio_1.pcap.TCP_10-152-152-11_39321_216-58-192-14_443_stream_0.pcap,tcp_0,tcp,0,Facebook,nonTor,VoIP,Facebook
nonTor_VoIP_Facebook_audio_1.pcap.UDP_10-152-152-10_53_10-152-152-11_24064_stream_0.pcap,udp_0,udp,0,Facebook,nonTor,VoIP,Facebook
nonTor_Chat_Facebook_none_2.pcap.TCP_10-152-152-11_41049_31-13-93-7_443_stream_0.pcap,tcp_0,tcp,0,Facebook,nonTor,Chat,Facebook
nonTor_Chat_Facebook_none_2.pcap.UDP_10-152-152-10_53_10-152-152-11_37451_stream_0.pcap,udp_0,udp,0,Facebook,nonTor,Chat,Facebook
Tor_Browsing_Facebook_none_1.pcap.UDP_131-202-240-150_138_131-202-243-255_138_stream_0.pcap,udp_0,udp,0,Facebook,Tor,Browsing,Facebook
nonTor_VoIP_Facebook_audio_1.pcap.UDP_10-152-152-10_53_10-152-152-11_61444_stream_0.pcap,udp_0,udp,0,Facebook,nonTor,VoIP,Facebook
nonTor_VoIP_Facebook_audio_1.pcap.TCP_10-152-152-11_56234_173-194-45-41_443_stream_0.pcap,tcp_0,tcp,0,Facebook,nonTor,VoIP,Facebook
nonTor_VoIP_Facebook_audio_1.pcap.TCP_10-152-152-11_42951_173-252-79-82_443_stream_0.pcap,tcp_0,tcp,0,Facebook,nonTor,VoIP,Facebook
nonTor_Chat_Facebook_none_2.pcap.TCP_10-152-152-11_60776_74-125-71-188_5228_stream_0.pcap,tcp_0,tcp,0,Facebook,nonTor,Chat,Facebook
nonTor_VoIP_Facebook_audio_1.pcap.UDP_10-152-152-10_53_10-152-152-11_43527_stream_0.pcap,udp_0,udp,0,Facebook,nonTor,VoIP,Facebook
nonTor_VoIP_Facebook_audio_2.pcap.TCP_10-152-152-11_44333_31-13-93-7_443_stream_0.pcap,tcp_0,tcp,0,Facebook,nonTor,VoIP,Facebook
nonTor_VoIP_Facebook_audio_2.pcap.UDP_10-152-152-10_53_10-152-152-11_40634_stream_0.pcap,udp_0,udp,0,Facebook,nonTor,VoIP,Facebook
nonTor_VoIP_Facebook_audio_2.pcap.TCP_10-152-152-11_54911_104-40-141-105_443_stream_0.pcap,tcp_0,tcp,0,Facebook,nonTor,VoIP,Facebook
nonTor_VoIP_Facebook_audio_2.pcap.TCP_10-152-152-11_58467_173-194-112-100_443_stream_0.pcap,tcp_0,tcp,0,Facebook,nonTor,VoIP,Facebook
nonTor_VoIP_Facebook_audio_2.pcap.TCP_10-152-152-11_39225_74-125-136-190_443_stream_0.pcap,tcp_0,tcp,0,Facebook,nonTor,VoIP,Facebook
nonTor_VoIP_Facebook_audio_1.pcap.UDP_10-152-152-10_53_10-152-152-11_49923_stream_0.pcap,udp_0,udp,0,Facebook,nonTor,VoIP,Facebook
nonTor_VoIP_Facebook_audio_1.pcap.TCP_10-152-152-11_50953_74-125-136-188_5228_stream_0.pcap,tcp_0,tcp,0,Facebook,nonTor,VoIP,Facebook
nonTor_Chat_Facebook_none_2.pcap.TCP_10-152-152-11_49517_173-194-112-98_443_stream_0.pcap,tcp_0,tcp,0,Facebook,nonTor,Chat,Facebook
nonTor_VoIP_Facebook_audio_1.pcap.UDP_10-152-152-10_53_10-152-152-11_42059_stream_0.pcap,udp_0,udp,0,Facebook,nonTor,VoIP,Facebook
nonTor_VoIP_Facebook_audio_2.pcap.TCP_10-152-152-11_54123_31-13-98-98_443_stream_0.pcap,tcp_0,tcp,0,Facebook,nonTor,VoIP,Facebook
nonTor_VoIP_Facebook_audio_2.pcap.TCP_10-152-152-11_49816_173-194-40-139_443_stream_0.pcap,tcp_0,tcp,0,Facebook,nonTor,VoIP,Facebook
nonTor_Chat_Facebook_none_2.pcap.TCP_2-16-162-49_443_10-152-152-11_56691_stream_0.pcap,tcp_0,tcp,0,Facebook,nonTor,Chat,Facebook
nonTor_VoIP_Facebook_audio_2.pcap.UDP_10-152-152-10_53_10-152-152-11_1597_stream_0.pcap,udp_0,udp,0,Facebook,nonTor,VoIP,Facebook
nonTor_VoIP_Facebook_audio_2.pcap.UDP_10-152-152-10_53_10-152-152-11_58846_stream_0.pcap,udp_0,udp,0,Facebook,nonTor,VoIP,Facebook
nonTor_VoIP_Facebook_audio_2.pcap.UDP_10-152-152-10_53_10-152-152-11_49510_stream_0.pcap,udp_0,udp,0,Facebook,nonTor,VoIP,Facebook
nonTor_Chat_Facebook_none_1.pcap.TCP_10-152-152-11_33800_104-86-110-33_443_stream_0.pcap,tcp_0,tcp,0,Facebook,nonTor,Chat,Facebook
nonTor_VoIP_Facebook_audio_2.pcap.UDP_10-152-152-10_53_10-152-152-11_17844_stream_0.pcap,udp_0,udp,0,Facebook,nonTor,VoIP,Facebook
nonTor_Chat_Facebook_none_1.pcap.TCP_10-152-152-11_34010_31-13-93-3_443_stream_0.pcap,tcp_0,tcp,0,Facebook,nonTor,Chat,Facebook
nonTor_Chat_Facebook_none_1.pcap.TCP_10-152-152-11_33796_104-86-110-33_443_stream_0.pcap,tcp_0,tcp,0,Facebook,nonTor,Chat,Facebook
Tor_Chat_Facebook_none_1.pcap.TCP_10-0-2-15_47257_82-161-239-177_110_stream_0.pcap,tcp_0,tcp,0,Facebook,Tor,Chat,Facebook
nonTor_VoIP_Facebook_audio_2.pcap.TCP_10-152-152-11_59038_173-194-113-68_443_stream_0.pcap,tcp_0,tcp,0,Facebook,nonTor,VoIP,Facebook
nonTor_VoIP_Facebook_audio_1.pcap.UDP_10-152-152-10_53_10-152-152-11_46536_stream_0.pcap,udp_0,udp,0,Facebook,nonTor,VoIP,Facebook
nonTor_VoIP_Facebook_audio_2.pcap.TCP_10-152-152-11_48669_31-13-100-97_443_stream_0.pcap,tcp_0,tcp,0,Facebook,nonTor,VoIP,Facebook
nonTor_VoIP_Facebook_audio_1.pcap.TCP_10-152-152-11_51540_74-125-136-102_443_stream_0.pcap,tcp_0,tcp,0,Facebook,nonTor,VoIP,Facebook
nonTor_VoIP_Facebook_audio_1.pcap.UDP_10-152-152-10_53_10-152-152-11_44579_stream_0.pcap,udp_0,udp,0,Facebook,nonTor,VoIP,Facebook
nonTor_VoIP_Facebook_audio_2.pcap.TCP_10-152-152-11_48673_31-13-100-97_443_stream_0.pcap,tcp_0,tcp,0,Facebook,nonTor,VoIP,Facebook
nonTor_VoIP_Facebook_audio_2.pcap.TCP_10-152-152-11_38716_31-13-100-98_443_stream_0.pcap,tcp_0,tcp,0,Facebook,nonTor,VoIP,Facebook
nonTor_VoIP_Facebook_audio_1.pcap.TCP_10-152-152-11_57393_173-194-65-138_443_stream_0.pcap,tcp_0,tcp,0,Facebook,nonTor,VoIP,Facebook
nonTor_Chat_Facebook_none_2.pcap.UDP_10-152-152-10_53_10-152-152-11_9762_stream_0.pcap,udp_0,udp,0,Facebook,nonTor,Chat,Facebook
nonTor_Chat_ICQ_none_1.pcap.TCP_10-152-152-11_59838_173-194-40-111_443_stream_0.pcap,tcp_0,tcp,0,ICQ,nonTor,Chat,ICQ
nonTor_Chat_ICQ_none_1.pcap.TCP_10-152-152-11_39228_216-58-208-205_443_stream_0.pcap,tcp_0,tcp,0,ICQ,nonTor,Chat,ICQ
nonTor_Chat_ICQ_none_1.pcap.UDP_10-152-152-10_53_10-152-152-11_29589_stream_0.pcap,udp_0,udp,0,ICQ,nonTor,Chat,ICQ
Tor_Chat_ICQ_none_1.pcap.TCP_10-0-2-15_34328_198-52-200-39_443_stream_0.pcap,tcp_0,tcp,0,ICQ,Tor,Chat,ICQ
nonTor_Browsing_Browser_none_1.pcap.TCP_10-152-152-11_59314_104-109-74-162_80_stream_0.pcap,tcp_0,tcp,0,Browser,nonTor,Browsing,Browser
nonTor_Browsing_Browser_none_1.pcap.TCP_10-152-152-11_57338_159-8-86-228_443_stream_0.pcap,tcp_0,tcp,0,Browser,nonTor,Browsing,Browser
nonTor_Browsing_Browser_none_1.pcap.TCP_10-152-152-11_48789_54-171-107-33_443_stream_0.pcap,tcp_0,tcp,0,Browser,nonTor,Browsing,Browser
nonTor_Browsing_Browser_none_1.pcap.TCP_10-152-152-11_44951_65-61-34-87_80_stream_0.pcap,tcp_0,tcp,0,Browser,nonTor,Browsing,Browser
nonTor_Browsing_Browser_none_1.pcap.TCP_10-152-152-11_35214_52-2-128-144_443_stream_0.pcap,tcp_0,tcp,0,Browser,nonTor,Browsing,Browser
nonTor_Browsing_Browser_none_1.pcap.TCP_10-152-152-11_34155_198-47-127-15_80_stream_0.pcap,tcp_0,tcp,0,Browser,nonTor,Browsing,Browser
nonTor_Browsing_Browser_none_1.pcap.TCP_10-152-152-11_36215_74-125-232-106_80_stream_0.pcap,tcp_0,tcp,0,Browser,nonTor,Browsing,Browser
nonTor_Browsing_Browser_none_1.pcap.TCP_10-152-152-11_35902_162-144-129-143_80_stream_0.pcap,tcp_0,tcp,0,Browser,nonTor,Browsing,Browser
nonTor_Browsing_Browser_none_1.pcap.TCP_10-152-152-11_43386_72-21-81-253_80_stream_0.pcap,tcp_0,tcp,0,Browser,nonTor,Browsing,Browser
nonTor_Browsing_Browser_none_1.pcap.TCP_10-152-152-11_52581_216-239-32-27_443_stream_0.pcap,tcp_0,tcp,0,Browser,nonTor,Browsing,Browser
nonTor_Browsing_Browser_none_1.pcap.TCP_10-152-152-11_47469_46-228-164-11_80_stream_0.pcap,tcp_0,tcp,0,Browser,nonTor,Browsing,Browser
nonTor_Browsing_Browser_none_1.pcap.TCP_10-152-152-11_38777_104-24-101-152_80_stream_0.pcap,tcp_0,tcp,0,Browser,nonTor,Browsing,Browser
nonTor_Browsing_Browser_none_1.pcap.TCP_10-152-152-11_54145_23-43-75-27_80_stream_0.pcap,tcp_0,tcp,0,Browser,nonTor,Browsing,Browser
nonTor_Browsing_Browser_none_1.pcap.TCP_10-152-152-11_45023_54-77-133-42_80_stream_0.pcap,tcp_0,tcp,0,Browser,nonTor,Browsing,Browser
nonTor_Browsing_Browser_none_1.pcap.TCP_10-152-152-11_33418_216-58-209-98_80_stream_0.pcap,tcp_0,tcp,0,Browser,nonTor,Browsing,Browser
nonTor_Browsing_Browser_none_1.pcap.TCP_10-152-152-11_48781_23-3-90-83_80_stream_0.pcap,tcp_0,tcp,0,Browser,nonTor,Browsing,Browser
nonTor_Browsing_Browser_none_1.pcap.TCP_10-152-152-11_42817_173-194-116-210_80_stream_0.pcap,tcp_0,tcp,0,Browser,nonTor,Browsing,Browser
nonTor_Browsing_Browser_none_1.pcap.TCP_10-152-152-11_59423_185-31-17-175_80_stream_0.pcap,tcp_0,tcp,0,Browser,nonTor,Browsing,Browser
nonTor_Browsing_Browser_none_1.pcap.TCP_10-152-152-11_60223_136-243-45-36_443_stream_0.pcap,tcp_0,tcp,0,Browser,nonTor,Browsing,Browser
nonTor_Browsing_Browser_none_1.pcap.TCP_10-152-152-11_53772_23-3-90-177_80_stream_0.pcap,tcp_0,tcp,0,Browser,nonTor,Browsing,Browser
nonTor_Browsing_Browser_none_1.pcap.TCP_10-152-152-11_54982_31-13-92-14_443_stream_0.pcap,tcp_0,tcp,0,Browser,nonTor,Browsing,Browser
nonTor_Browsing_Browser_none_1.pcap.TCP_10-152-152-11_36107_54-88-3-199_443_stream_0.pcap,tcp_0,tcp,0,Browser,nonTor,Browsing,Browser
nonTor_Browsing_Browser_none_1.pcap.TCP_10-152-152-11_32991_140-98-193-112_80_stream_0.pcap,tcp_0,tcp,0,Browser,nonTor,Browsing,Browser
nonTor_Browsing_Browser_none_1.pcap.TCP_10-152-152-11_40589_173-194-32-148_80_stream_0.pcap,tcp_0,tcp,0,Browser,nonTor,Browsing,Browser
nonTor_Browsing_Browser_none_1.pcap.TCP_10-152-152-11_35645_95-101-39-50_80_stream_0.pcap,tcp_0,tcp,0,Browser,nonTor,Browsing,Browser
nonTor_Browsing_Browser_none_1.pcap.TCP_10-152-152-11_57886_54-217-251-207_80_stream_0.pcap,tcp_0,tcp,0,Browser,nonTor,Browsing,Browser
nonTor_Browsing_Browser_none_1.pcap.TCP_10-152-152-11_58610_108-167-131-94_443_stream_0.pcap,tcp_0,tcp,0,Browser,nonTor,Browsing,Browser
nonTor_Browsing_Browser_none_1.pcap.TCP_10-152-152-11_51694_23-8-8-153_443_stream_0.pcap,tcp_0,tcp,0,Browser,nonTor,Browsing,Browser
nonTor_Browsing_Browser_none_1.pcap.TCP_10-152-152-11_59329_176-74-182-158_80_stream_0.pcap,tcp_0,tcp,0,Browser,nonTor,Browsing,Browser
nonTor_Browsing_Browser_none_1.pcap.TCP_10-152-152-11_45333_198-47-127-27_80_stream_0.pcap,tcp_0,tcp,0,Browser,nonTor,Browsing,Browser
nonTor_Browsing_Browser_none_1.pcap.TCP_10-152-152-11_43172_95-101-78-209_80_stream_0.pcap,tcp_0,tcp,0,Browser,nonTor,Browsing,Browser
nonTor_Browsing_Browser_none_1.pcap.TCP_10-152-152-11_54818_52-28-252-195_443_stream_0.pcap,tcp_0,tcp,0,Browser,nonTor,Browsing,Browser
nonTor_Browsing_Browser_none_1.pcap.TCP_10-152-152-11_49678_173-194-112-100_80_stream_0.pcap,tcp_0,tcp,0,Browser,nonTor,Browsing,Browser
nonTor_Browsing_Browser_none_1.pcap.TCP_10-152-152-11_35923_162-144-129-143_80_stream_0.pcap,tcp_0,tcp,0,Browser,nonTor,Browsing,Browser
nonTor_Browsing_Browser_none_1.pcap.TCP_10-152-152-11_58645_54-230-97-184_443_stream_0.pcap,tcp_0,tcp,0,Browser,nonTor,Browsing,Browser
nonTor_Browsing_Browser_none_1.pcap.TCP_10-152-152-11_59325_184-72-39-221_443_stream_0.pcap,tcp_0,tcp,0,Browser,nonTor,Browsing,Browser
nonTor_Browsing_Browser_none_1.pcap.TCP_10-152-152-11_57808_173-241-240-221_80_stream_0.pcap,tcp_0,tcp,0,Browser,nonTor,Browsing,Browser
nonTor_Browsing_Browser_none_1.pcap.TCP_10-152-152-11_47817_52-73-182-32_80_stream_0.pcap,tcp_0,tcp,0,Browser,nonTor,Browsing,Browser
nonTor_Browsing_Browser_none_1.pcap.TCP_10-152-152-11_50074_92-122-190-104_80_stream_0.pcap,tcp_0,tcp,0,Browser,nonTor,Browsing,Browser
nonTor_Browsing_Browser_none_1.pcap.TCP_10-152-152-11_46991_104-16-27-235_80_stream_0.pcap,tcp_0,tcp,0,Browser,nonTor,Browsing,Browser
nonTor_Browsing_Browser_none_1.pcap.TCP_10-152-152-11_49670_23-3-90-224_80_stream_0.pcap,tcp_0,tcp,0,Browser,nonTor,Browsing,Browser
nonTor_Browsing_Browser_none_1.pcap.TCP_10-152-152-11_58718_108-167-131-94_443_stream_0.pcap,tcp_0,tcp,0,Browser,nonTor,Browsing,Browser
nonTor_Browsing_Browser_none_1.pcap.TCP_10-152-152-11_58734_37-252-170-137_80_stream_0.pcap,tcp_0,tcp,0,Browser,nonTor,Browsing,Browser
nonTor_Browsing_Browser_none_1.pcap.TCP_10-152-152-11_39171_116-197-141-180_80_stream_0.pcap,tcp_0,tcp,0,Browser,nonTor,Browsing,Browser
nonTor_Browsing_Browser_none_1.pcap.TCP_10-152-152-11_39894_93-93-64-225_80_stream_0.pcap,tcp_0,tcp,0,Browser,nonTor,Browsing,Browser
nonTor_Browsing_Browser_none_1.pcap.TCP_10-152-152-11_36675_152-163-64-1_80_stream_0.pcap,tcp_0,tcp,0,Browser,nonTor,Browsing,Browser
nonTor_Browsing_Browser_none_1.pcap.TCP_10-152-152-11_39884_184-84-243-192_80_stream_0.pcap,tcp_0,tcp,0,Browser,nonTor,Browsing,Browser
nonTor_Browsing_Browser_none_1.pcap.TCP_10-152-152-11_38458_149-126-77-43_80_stream_0.pcap,tcp_0,tcp,0,Browser,nonTor,Browsing,Browser
nonTor_Browsing_Browser_none_1.pcap.TCP_10-152-152-11_42380_64-233-161-95_80_stream_0.pcap,tcp_0,tcp,0,Browser,nonTor,Browsing,Browser
nonTor_Browsing_Browser_none_1.pcap.TCP_10-152-152-11_40858_202-197-61-232_80_stream_0.pcap,tcp_0,tcp,0,Browser,nonTor,Browsing,Browser
nonTor_Browsing_Browser_none_1.pcap.TCP_10-152-152-11_45747_162-212-130-108_80_stream_0.pcap,tcp_0,tcp,0,Browser,nonTor,Browsing,Browser
nonTor_Browsing_Browser_none_1.pcap.TCP_10-152-152-11_51690_23-8-8-153_443_stream_0.pcap,tcp_0,tcp,0,Browser,nonTor,Browsing,Browser
nonTor_Browsing_Browser_none_1.pcap.TCP_10-152-152-11_34373_52-24-70-99_80_stream_0.pcap,tcp_0,tcp,0,Browser,nonTor,Browsing,Browser
nonTor_Browsing_Browser_none_1.pcap.TCP_10-152-152-11_57570_192-230-68-216_80_stream_0.pcap,tcp_0,tcp,0,Browser,nonTor,Browsing,Browser
nonTor_Browsing_Browser_none_1.pcap.TCP_10-152-152-11_46739_162-212-130-108_80_stream_0.pcap,tcp_0,tcp,0,Browser,nonTor,Browsing,Browser
nonTor_Browsing_Browser_none_1.pcap.TCP_10-152-152-11_60335_192-230-77-107_80_stream_0.pcap,tcp_0,tcp,0,Browser,nonTor,Browsing,Browser
nonTor_Browsing_Browser_none_1.pcap.TCP_10-152-152-11_41143_188-125-66-33_443_stream_0.pcap,tcp_0,tcp,0,Browser,nonTor,Browsing,Browser
nonTor_Browsing_Browser_none_1.pcap.TCP_10-152-152-11_46520_162-212-130-108_80_stream_0.pcap,tcp_0,tcp,0,Browser,nonTor,Browsing,Browser
nonTor_Browsing_Browser_none_1.pcap.TCP_10-152-152-11_45771_185-31-128-208_443_stream_0.pcap,tcp_0,tcp,0,Browser,nonTor,Browsing,Browser
nonTor_Browsing_Browser_none_1.pcap.TCP_10-152-152-11_46651_23-235-43-175_80_stream_0.pcap,tcp_0,tcp,0,Browser,nonTor,Browsing,Browser
nonTor_Browsing_Browser_none_1.pcap.TCP_10-152-152-11_42935_23-35-109-37_443_stream_0.pcap,tcp_0,tcp,0,Browser,nonTor,Browsing,Browser
nonTor_Browsing_Browser_none_1.pcap.TCP_10-152-152-11_48320_23-52-59-27_80_stream_0.pcap,tcp_0,tcp,0,Browser,nonTor,Browsing,Browser
nonTor_Browsing_Browser_none_1.pcap.TCP_10-152-152-11_48192_54-83-38-242_80_stream_0.pcap,tcp_0,tcp,0,Browser,nonTor,Browsing,Browser
nonTor_Browsing_Browser_none_1.pcap.TCP_10-152-152-11_50153_23-52-59-27_80_stream_0.pcap,tcp_0,tcp,0,Browser,nonTor,Browsing,Browser
nonTor_Browsing_Browser_none_1.pcap.TCP_10-152-152-11_51806_173-194-46-62_80_stream_0.pcap,tcp_0,tcp,0,Browser,nonTor,Browsing,Browser
nonTor_Browsing_Browser_none_1.pcap.TCP_10-152-152-11_52949_54-231-81-234_80_stream_0.pcap,tcp_0,tcp,0,Browser,nonTor,Browsing,Browser
nonTor_Browsing_Browser_none_1.pcap.TCP_10-152-152-11_56860_216-58-209-129_80_stream_0.pcap,tcp_0,tcp,0,Browser,nonTor,Browsing,Browser
nonTor_Browsing_Browser_none_1.pcap.TCP_10-152-152-11_45576_46-228-164-13_80_stream_0.pcap,tcp_0,tcp,0,Browser,nonTor,Browsing,Browser
nonTor_Browsing_Browser_none_1.pcap.TCP_10-152-152-11_56971_54-84-38-146_80_stream_0.pcap,tcp_0,tcp,0,Browser,nonTor,Browsing,Browser
nonTor_Browsing_Browser_none_1.pcap.TCP_10-152-152-11_35832_162-144-129-143_80_stream_0.pcap,tcp_0,tcp,0,Browser,nonTor,Browsing,Browser
nonTor_Browsing_Browser_none_1.pcap.TCP_10-152-152-11_33992_173-194-116-204_80_stream_0.pcap,tcp_0,tcp,0,Browser,nonTor,Browsing,Browser
nonTor_Browsing_Browser_none_1.pcap.TCP_10-152-152-11_44931_23-54-7-145_80_stream_0.pcap,tcp_0,tcp,0,Browser,nonTor,Browsing,Browser
nonTor_Browsing_Browser_none_1.pcap.TCP_10-152-152-11_58224_23-35-102-123_443_stream_0.pcap,tcp_0,tcp,0,Browser,nonTor,Browsing,Browser
nonTor_Browsing_Browser_none_1.pcap.TCP_10-152-152-11_42864_173-192-220-64_80_stream_0.pcap,tcp_0,tcp,0,Browser,nonTor,Browsing,Browser
nonTor_Browsing_Browser_none_1.pcap.TCP_10-152-152-11_53762_23-54-3-133_443_stream_0.pcap,tcp_0,tcp,0,Browser,nonTor,Browsing,Browser
nonTor_Browsing_Browser_none_1.pcap.TCP_10-152-152-11_40351_52-0-128-127_80_stream_0.pcap,tcp_0,tcp,0,Browser,nonTor,Browsing,Browser
nonTor_Browsing_Browser_none_1.pcap.TCP_10-152-152-11_44416_54-251-136-58_80_stream_0.pcap,tcp_0,tcp,0,Browser,nonTor,Browsing,Browser
nonTor_Browsing_Browser_none_1.pcap.TCP_10-152-152-11_45788_54-72-42-191_80_stream_0.pcap,tcp_0,tcp,0,Browser,nonTor,Browsing,Browser
nonTor_Browsing_Browser_none_1.pcap.TCP_10-152-152-11_36637_216-120-27-21_443_stream_0.pcap,tcp_0,tcp,0,Browser,nonTor,Browsing,Browser
nonTor_Browsing_Browser_none_1.pcap.TCP_10-152-152-11_38946_104-96-2-34_80_stream_0.pcap,tcp_0,tcp,0,Browser,nonTor,Browsing,Browser
nonTor_Browsing_Browser_none_1.pcap.TCP_10-152-152-11_38288_74-125-232-97_80_stream_0.pcap,tcp_0,tcp,0,Browser,nonTor,Browsing,Browser
nonTor_Browsing_Browser_none_1.pcap.TCP_10-152-152-11_43601_52-89-158-125_80_stream_0.pcap,tcp_0,tcp,0,Browser,nonTor,Browsing,Browser
nonTor_Browsing_Browser_none_1.pcap.TCP_10-152-152-11_36210_162-144-129-143_80_stream_0.pcap,tcp_0,tcp,0,Browser,nonTor,Browsing,Browser
nonTor_Browsing_Browser_none_1.pcap.TCP_10-152-152-11_33482_38-126-130-202_443_stream_0.pcap,tcp_0,tcp,0,Browser,nonTor,Browsing,Browser
nonTor_Browsing_Browser_none_1.pcap.TCP_10-152-152-11_58537_72-21-202-25_80_stream_0.pcap,tcp_0,tcp,0,Browser,nonTor,Browsing,Browser
nonTor_Browsing_Browser_none_1.pcap.TCP_10-152-152-11_37391_65-61-34-87_443_stream_0.pcap,tcp_0,tcp,0,Browser,nonTor,Browsing,Browser
nonTor_Browsing_Browser_none_1.pcap.TCP_10-152-152-11_47175_66-155-15-42_443_stream_0.pcap,tcp_0,tcp,0,Browser,nonTor,Browsing,Browser
nonTor_Browsing_Browser_none_1.pcap.TCP_10-152-152-11_33453_31-13-92-36_443_stream_0.pcap,tcp_0,tcp,0,Browser,nonTor,Browsing,Browser
nonTor_Browsing_Browser_none_1.pcap.TCP_10-152-152-11_50316_23-52-59-27_80_stream_0.pcap,tcp_0,tcp,0,Browser,nonTor,Browsing,Browser
nonTor_Browsing_Browser_none_1.pcap.TCP_10-152-152-11_33046_216-58-209-98_80_stream_0.pcap,tcp_0,tcp,0,Browser,nonTor,Browsing,Browser
nonTor_Browsing_Browser_none_1.pcap.TCP_10-152-152-11_59799_185-57-60-185_80_stream_0.pcap,tcp_0,tcp,0,Browser,nonTor,Browsing,Browser
nonTor_Browsing_Browser_none_1.pcap.TCP_10-152-152-11_46862_185-31-17-84_443_stream_0.pcap,tcp_0,tcp,0,Browser,nonTor,Browsing,Browser
nonTor_Browsing_Browser_none_1.pcap.TCP_10-152-152-11_52580_107-178-255-114_443_stream_0.pcap,tcp_0,tcp,0,Browser,nonTor,Browsing,Browser
nonTor_Browsing_Browser_none_1.pcap.TCP_10-152-152-11_55635_159-8-37-102_443_stream_0.pcap,tcp_0,tcp,0,Browser,nonTor,Browsing,Browser
nonTor_Browsing_Browser_none_1.pcap.TCP_10-152-152-11_45526_80-239-137-131_80_stream_0.pcap,tcp_0,tcp,0,Browser,nonTor,Browsing,Browser
nonTor_Browsing_Browser_none_1.pcap.TCP_10-152-152-11_57525_173-241-240-221_80_stream_0.pcap,tcp_0,tcp,0,Browser,nonTor,Browsing,Browser
nonTor_Browsing_Browser_none_1.pcap.TCP_10-152-152-11_43843_23-235-45-166_80_stream_0.pcap,tcp_0,tcp,0,Browser,nonTor,Browsing,Browser
nonTor_Browsing_Browser_none_1.pcap.TCP_10-152-152-11_42931_74-125-232-124_80_stream_0.pcap,tcp_0,tcp,0,Browser,nonTor,Browsing,Browser
nonTor_Browsing_Browser_none_1.pcap.TCP_10-152-152-11_54439_192-230-68-216_80_stream_0.pcap,tcp_0,tcp,0,Browser,nonTor,Browsing,Browser
nonTor_Browsing_Browser_none_1.pcap.TCP_10-152-152-11_43856_198-47-127-27_80_stream_0.pcap,tcp_0,tcp,0,Browser,nonTor,Browsing,Browser
nonTor_Browsing_Browser_none_1.pcap.TCP_10-152-152-11_53431_173-194-116-194_80_stream_0.pcap,tcp_0,tcp,0,Browser,nonTor,Browsing,Browser
nonTor_Browsing_Browser_none_1.pcap.TCP_10-152-152-11_60030_74-201-214-143_80_stream_0.pcap,tcp_0,tcp,0,Browser,nonTor,Browsing,Browser
nonTor_Browsing_Browser_none_1.pcap.TCP_10-152-152-11_45767_54-239-168-28_80_stream_0.pcap,tcp_0,tcp,0,Browser,nonTor,Browsing,Browser
nonTor_Browsing_Browser_none_1.pcap.TCP_10-152-152-11_59185_216-58-198-130_80_stream_0.pcap,tcp_0,tcp,0,Browser,nonTor,Browsing,Browser
nonTor_Browsing_Browser_none_1.pcap.TCP_10-152-152-11_46940_173-194-112-111_80_stream_0.pcap,tcp_0,tcp,0,Browser,nonTor,Browsing,Browser
nonTor_Browsing_Browser_none_1.pcap.TCP_10-152-152-11_57402_74-125-136-155_80_stream_0.pcap,tcp_0,tcp,0,Browser,nonTor,Browsing,Browser
nonTor_Browsing_Browser_none_1.pcap.TCP_10-152-152-11_44145_65-61-34-87_80_stream_0.pcap,tcp_0,tcp,0,Browser,nonTor,Browsing,Browser
nonTor_Browsing_Browser_none_1.pcap.TCP_10-152-152-11_48437_52-18-204-125_80_stream_0.pcap,tcp_0,tcp,0,Browser,nonTor,Browsing,Browser
nonTor_Browsing_Browser_none_1.pcap.TCP_10-152-152-11_39793_173-194-116-186_80_stream_0.pcap,tcp_0,tcp,0,Browser,nonTor,Browsing,Browser
nonTor_Browsing_Browser_none_1.pcap.TCP_10-152-152-11_33221_93-184-220-29_80_stream_0.pcap,tcp_0,tcp,0,Browser,nonTor,Browsing,Browser
nonTor_Browsing_Browser_none_1.pcap.TCP_10-152-152-11_54461_192-230-68-216_80_stream_0.pcap,tcp_0,tcp,0,Browser,nonTor,Browsing,Browser
nonTor_Browsing_Browser_none_1.pcap.TCP_10-152-152-11_57599_173-245-2-61_80_stream_0.pcap,tcp_0,tcp,0,Browser,nonTor,Browsing,Browser
nonTor_Browsing_Browser_none_1.pcap.TCP_10-152-152-11_36867_23-3-90-179_80_stream_0.pcap,tcp_0,tcp,0,Browser,nonTor,Browsing,Browser
nonTor_Browsing_Browser_none_1.pcap.TCP_10-152-152-11_33359_54-230-14-5_80_stream_0.pcap,tcp_0,tcp,0,Browser,nonTor,Browsing,Browser
nonTor_Browsing_Browser_none_1.pcap.TCP_10-152-152-11_38225_46-18-188-30_443_stream_0.pcap,tcp_0,tcp,0,Browser,nonTor,Browsing,Browser
nonTor_Browsing_Browser_none_1.pcap.TCP_10-152-152-11_44051_74-125-136-95_80_stream_0.pcap,tcp_0,tcp,0,Browser,nonTor,Browsing,Browser
nonTor_Browsing_Browser_none_1.pcap.TCP_10-152-152-11_36104_162-144-129-143_80_stream_0.pcap,tcp_0,tcp,0,Browser,nonTor,Browsing,Browser
nonTor_Browsing_Browser_none_1.pcap.TCP_10-152-152-11_59242_46-236-13-147_443_stream_0.pcap,tcp_0,tcp,0,Browser,nonTor,Browsing,Browser
nonTor_Browsing_Browser_none_1.pcap.TCP_10-152-152-11_36104_23-78-33-46_443_stream_0.pcap,tcp_0,tcp,0,Browser,nonTor,Browsing,Browser
nonTor_Browsing_Browser_none_1.pcap.TCP_10-152-152-11_38193_37-252-162-78_80_stream_0.pcap,tcp_0,tcp,0,Browser,nonTor,Browsing,Browser
nonTor_Browsing_Browser_none_1.pcap.TCP_10-152-152-11_36408_62-67-193-61_80_stream_0.pcap,tcp_0,tcp,0,Browser,nonTor,Browsing,Browser
nonTor_Browsing_Browser_none_1.pcap.TCP_10-152-152-11_54498_205-251-219-176_80_stream_0.pcap,tcp_0,tcp,0,Browser,nonTor,Browsing,Browser
nonTor_Browsing_Browser_none_1.pcap.TCP_10-152-152-11_51785_192-230-82-107_443_stream_0.pcap,tcp_0,tcp,0,Browser,nonTor,Browsing,Browser
nonTor_Browsing_Browser_none_1.pcap.TCP_10-152-152-11_52314_66-220-156-68_443_stream_0.pcap,tcp_0,tcp,0,Browser,nonTor,Browsing,Browser
nonTor_Browsing_Browser_none_1.pcap.TCP_10-152-152-11_59283_54-182-200-73_80_stream_0.pcap,tcp_0,tcp,0,Browser,nonTor,Browsing,Browser
nonTor_Browsing_Browser_none_1.pcap.TCP_10-152-152-11_55381_23-235-40-196_80_stream_0.pcap,tcp_0,tcp,0,Browser,nonTor,Browsing,Browser
nonTor_Browsing_Browser_none_1.pcap.TCP_10-152-152-11_33227_152-163-66-141_443_stream_0.pcap,tcp_0,tcp,0,Browser,nonTor,Browsing,Browser
nonTor_Browsing_Browser_none_1.pcap.TCP_10-152-152-11_53731_192-230-77-107_443_stream_0.pcap,tcp_0,tcp,0,Browser,nonTor,Browsing,Browser
nonTor_Browsing_Browser_none_1.pcap.TCP_10-152-152-11_59765_192-230-82-155_80_stream_0.pcap,tcp_0,tcp,0,Browser,nonTor,Browsing,Browser
nonTor_Browsing_Browser_none_1.pcap.TCP_10-152-152-11_53218_185-31-128-219_80_stream_0.pcap,tcp_0,tcp,0,Browser,nonTor,Browsing,Browser
nonTor_Browsing_Browser_none_1.pcap.TCP_10-152-152-11_45769_54-239-168-28_80_stream_0.pcap,tcp_0,tcp,0,Browser,nonTor,Browsing,Browser
nonTor_Browsing_Browser_none_1.pcap.TCP_10-152-152-11_39242_140-98-193-112_443_stream_0.pcap,tcp_0,tcp,0,Browser,nonTor,Browsing,Browser
nonTor_Browsing_Browser_none_1.pcap.TCP_10-152-152-11_50250_192-185-16-84_80_stream_0.pcap,tcp_0,tcp,0,Browser,nonTor,Browsing,Browser
nonTor_Browsing_Browser_none_1.pcap.TCP_10-152-152-11_36781_62-67-193-61_80_stream_0.pcap,tcp_0,tcp,0,Browser,nonTor,Browsing,Browser
nonTor_Browsing_Browser_none_1.pcap.TCP_10-152-152-11_59106_216-58-209-98_80_stream_0.pcap,tcp_0,tcp,0,Browser,nonTor,Browsing,Browser
nonTor_Browsing_Browser_none_1.pcap.TCP_10-152-152-11_39861_52-18-40-183_443_stream_0.pcap,tcp_0,tcp,0,Browser,nonTor,Browsing,Browser
nonTor_Browsing_Browser_none_1.pcap.TCP_10-152-152-11_58246_104-28-12-28_80_stream_0.pcap,tcp_0,tcp,0,Browser,nonTor,Browsing,Browser
nonTor_Browsing_Browser_none_1.pcap.TCP_10-152-152-11_58726_108-167-131-94_443_stream_0.pcap,tcp_0,tcp,0,Browser,nonTor,Browsing,Browser
nonTor_Browsing_Browser_none_1.pcap.TCP_10-152-152-11_60298_216-58-209-130_80_stream_0.pcap,tcp_0,tcp,0,Browser,nonTor,Browsing,Browser
nonTor_Browsing_Browser_none_1.pcap.TCP_10-152-152-11_43132_192-230-77-155_80_stream_0.pcap,tcp_0,tcp,0,Browser,nonTor,Browsing,Browser
nonTor_Browsing_Browser_none_1.pcap.TCP_10-152-152-11_33666_54-169-46-48_80_stream_0.pcap,tcp_0,tcp,0,Browser,nonTor,Browsing,Browser
nonTor_Browsing_Browser_none_1.pcap.TCP_10-152-152-11_38431_185-31-128-208_80_stream_0.pcap,tcp_0,tcp,0,Browser,nonTor,Browsing,Browser
nonTor_Browsing_Browser_none_1.pcap.TCP_10-152-152-11_33651_54-174-171-237_80_stream_0.pcap,tcp_0,tcp,0,Browser,nonTor,Browsing,Browser
nonTor_Browsing_Browser_none_1.pcap.TCP_10-152-152-11_45744_162-212-130-108_80_stream_0.pcap,tcp_0,tcp,0,Browser,nonTor,Browsing,Browser
nonTor_Browsing_Browser_none_1.pcap.TCP_10-152-152-11_46233_162-212-130-108_80_stream_0.pcap,tcp_0,tcp,0,Browser,nonTor,Browsing,Browser
nonTor_Browsing_Browser_none_1.pcap.TCP_10-152-152-11_46542_173-241-240-220_80_stream_0.pcap,tcp_0,tcp,0,Browser,nonTor,Browsing,Browser
nonTor_Browsing_Browser_none_1.pcap.TCP_10-152-152-11_48174_93-115-82-113_80_stream_0.pcap,tcp_0,tcp,0,Browser,nonTor,Browsing,Browser
nonTor_Browsing_Browser_none_1.pcap.TCP_10-152-152-11_47629_173-241-240-220_80_stream_0.pcap,tcp_0,tcp,0,Browser,nonTor,Browsing,Browser
nonTor_Browsing_Browser_none_1.pcap.TCP_10-152-152-11_51239_173-241-250-221_80_stream_0.pcap,tcp_0,tcp,0,Browser,nonTor,Browsing,Browser
nonTor_Browsing_Browser_none_1.pcap.TCP_10-152-152-11_58770_95-101-39-75_80_stream_0.pcap,tcp_0,tcp,0,Browser,nonTor,Browsing,Browser
nonTor_Browsing_Browser_none_1.pcap.TCP_10-152-152-11_44711_52-89-158-125_80_stream_0.pcap,tcp_0,tcp,0,Browser,nonTor,Browsing,Browser
nonTor_Browsing_Browser_none_1.pcap.TCP_10-152-152-11_49172_52-29-215-104_443_stream_0.pcap,tcp_0,tcp,0,Browser,nonTor,Browsing,Browser
nonTor_Browsing_Browser_none_1.pcap.TCP_10-152-152-11_58649_108-167-131-94_443_stream_0.pcap,tcp_0,tcp,0,Browser,nonTor,Browsing,Browser
nonTor_Browsing_Browser_none_1.pcap.TCP_10-152-152-11_58847_85-13-130-202_443_stream_0.pcap,tcp_0,tcp,0,Browser,nonTor,Browsing,Browser
nonTor_Browsing_Browser_none_1.pcap.TCP_10-152-152-11_58232_23-43-139-27_80_stream_0.pcap,tcp_0,tcp,0,Browser,nonTor,Browsing,Browser
nonTor_Browsing_Browser_none_1.pcap.TCP_10-152-152-11_38717_23-3-90-123_80_stream_0.pcap,tcp_0,tcp,0,Browser,nonTor,Browsing,Browser
nonTor_Browsing_Browser_none_1.pcap.TCP_10-152-152-11_38639_50-31-164-174_443_stream_0.pcap,tcp_0,tcp,0,Browser,nonTor,Browsing,Browser
nonTor_Browsing_Browser_none_1.pcap.TCP_10-152-152-11_57301_103-16-72-7_80_stream_0.pcap,tcp_0,tcp,0,Browser,nonTor,Browsing,Browser
nonTor_Browsing_Browser_none_1.pcap.TCP_10-152-152-11_53901_23-43-75-27_80_stream_0.pcap,tcp_0,tcp,0,Browser,nonTor,Browsing,Browser
nonTor_Browsing_Browser_none_1.pcap.TCP_10-152-152-11_59739_185-57-60-185_80_stream_0.pcap,tcp_0,tcp,0,Browser,nonTor,Browsing,Browser
nonTor_Browsing_Browser_none_1.pcap.TCP_10-152-152-11_35835_162-144-129-143_80_stream_0.pcap,tcp_0,tcp,0,Browser,nonTor,Browsing,Browser
nonTor_Browsing_Browser_none_1.pcap.TCP_10-152-152-11_35852_162-144-129-143_80_stream_0.pcap,tcp_0,tcp,0,Browser,nonTor,Browsing,Browser
nonTor_Browsing_Browser_none_1.pcap.TCP_10-152-152-11_43131_192-230-77-155_80_stream_0.pcap,tcp_0,tcp,0,Browser,nonTor,Browsing,Browser
nonTor_Browsing_Browser_none_1.pcap.TCP_10-152-152-11_37822_23-23-121-113_80_stream_0.pcap,tcp_0,tcp,0,Browser,nonTor,Browsing,Browser
nonTor_Browsing_Browser_none_1.pcap.TCP_10-152-152-11_33724_173-241-240-212_80_stream_0.pcap,tcp_0,tcp,0,Browser,nonTor,Browsing,Browser
nonTor_Browsing_Browser_none_1.pcap.TCP_10-152-152-11_57403_31-13-91-6_443_stream_0.pcap,tcp_0,tcp,0,Browser,nonTor,Browsing,Browser
nonTor_Browsing_Browser_none_1.pcap.TCP_10-152-152-11_49439_149-126-77-155_80_stream_0.pcap,tcp_0,tcp,0,Browser,nonTor,Browsing,Browser
nonTor_Browsing_Browser_none_1.pcap.TCP_10-152-152-11_35322_52-2-128-144_443_stream_0.pcap,tcp_0,tcp,0,Browser,nonTor,Browsing,Browser
nonTor_Browsing_Browser_none_1.pcap.TCP_10-152-152-11_36520_23-235-44-134_80_stream_0.pcap,tcp_0,tcp,0,Browser,nonTor,Browsing,Browser
nonTor_Browsing_Browser_none_1.pcap.TCP_10-152-152-11_41133_173-241-244-220_80_stream_0.pcap,tcp_0,tcp,0,Browser,nonTor,Browsing,Browser
nonTor_Browsing_Browser_none_1.pcap.TCP_10-152-152-11_39174_116-197-141-180_80_stream_0.pcap,tcp_0,tcp,0,Browser,nonTor,Browsing,Browser
nonTor_Browsing_Browser_none_1.pcap.TCP_10-152-152-11_51786_192-230-82-107_443_stream_0.pcap,tcp_0,tcp,0,Browser,nonTor,Browsing,Browser
nonTor_Browsing_Browser_none_1.pcap.TCP_10-152-152-11_35822_162-144-129-143_80_stream_0.pcap,tcp_0,tcp,0,Browser,nonTor,Browsing,Browser
nonTor_Browsing_Browser_none_1.pcap.TCP_10-152-152-10_9108_10-152-152-11_56170_stream_0.pcap,tcp_0,tcp,0,Browser,nonTor,Browsing,Browser
nonTor_Browsing_Browser_none_1.pcap.TCP_10-152-152-11_46150_162-212-130-108_80_stream_0.pcap,tcp_0,tcp,0,Browser,nonTor,Browsing,Browser
nonTor_Browsing_Browser_none_1.pcap.TCP_10-152-152-11_53574_173-194-65-156_80_stream_0.pcap,tcp_0,tcp,0,Browser,nonTor,Browsing,Browser
nonTor_Browsing_Browser_none_1.pcap.TCP_10-152-152-10_9108_10-152-152-11_56134_stream_0.pcap,tcp_0,tcp,0,Browser,nonTor,Browsing,Browser
nonTor_Browsing_Browser_none_1.pcap.TCP_10-152-152-11_58584_108-167-131-94_443_stream_0.pcap,tcp_0,tcp,0,Browser,nonTor,Browsing,Browser
nonTor_Browsing_Browser_none_1.pcap.TCP_10-152-152-11_32805_85-14-248-71_443_stream_0.pcap,tcp_0,tcp,0,Browser,nonTor,Browsing,Browser
nonTor_Browsing_Browser_none_1.pcap.TCP_10-152-152-11_51059_50-31-164-173_80_stream_0.pcap,tcp_0,tcp,0,Browser,nonTor,Browsing,Browser
nonTor_Browsing_Browser_none_1.pcap.TCP_10-152-152-11_56427_216-58-209-129_80_stream_0.pcap,tcp_0,tcp,0,Browser,nonTor,Browsing,Browser
nonTor_Browsing_Browser_none_1.pcap.TCP_10-152-152-11_52339_216-239-32-27_443_stream_0.pcap,tcp_0,tcp,0,Browser,nonTor,Browsing,Browser
nonTor_Browsing_Browser_none_1.pcap.TCP_10-152-152-11_36526_23-60-69-168_80_stream_0.pcap,tcp_0,tcp,0,Browser,nonTor,Browsing,Browser
nonTor_Browsing_Browser_none_1.pcap.TCP_10-152-152-11_45245_93-184-221-133_80_stream_0.pcap,tcp_0,tcp,0,Browser,nonTor,Browsing,Browser
nonTor_Browsing_Browser_none_1.pcap.TCP_10-152-152-11_59664_192-230-77-107_80_stream_0.pcap,tcp_0,tcp,0,Browser,nonTor,Browsing,Browser
nonTor_Browsing_Browser_none_1.pcap.TCP_10-152-152-11_38237_46-18-188-30_443_stream_0.pcap,tcp_0,tcp,0,Browser,nonTor,Browsing,Browser
nonTor_Browsing_Browser_none_1.pcap.TCP_10-152-152-11_50255_192-185-16-84_80_stream_0.pcap,tcp_0,tcp,0,Browser,nonTor,Browsing,Browser
nonTor_Browsing_Browser_none_1.pcap.TCP_10-152-152-11_42196_74-125-136-156_80_stream_0.pcap,tcp_0,tcp,0,Browser,nonTor,Browsing,Browser
nonTor_Browsing_Browser_none_1.pcap.TCP_10-152-152-11_35371_195-209-111-7_443_stream_0.pcap,tcp_0,tcp,0,Browser,nonTor,Browsing,Browser
nonTor_Browsing_Browser_none_1.pcap.TCP_10-152-152-11_49829_178-255-83-1_80_stream_0.pcap,tcp_0,tcp,0,Browser,nonTor,Browsing,Browser
nonTor_Browsing_Browser_none_1.pcap.TCP_10-152-152-11_49785_23-55-155-27_80_stream_0.pcap,tcp_0,tcp,0,Browser,nonTor,Browsing,Browser
nonTor_Browsing_Browser_none_1.pcap.TCP_10-152-152-11_51626_195-216-249-67_443_stream_0.pcap,tcp_0,tcp,0,Browser,nonTor,Browsing,Browser
nonTor_Browsing_Browser_none_1.pcap.TCP_10-152-152-11_59685_192-230-77-107_80_stream_0.pcap,tcp_0,tcp,0,Browser,nonTor,Browsing,Browser
nonTor_Browsing_Browser_none_1.pcap.TCP_10-152-152-11_52121_185-57-60-186_80_stream_0.pcap,tcp_0,tcp,0,Browser,nonTor,Browsing,Browser
nonTor_Browsing_Browser_none_1.pcap.TCP_10-152-152-11_36896_77-238-185-35_80_stream_0.pcap,tcp_0,tcp,0,Browser,nonTor,Browsing,Browser
nonTor_Browsing_Browser_none_1.pcap.TCP_10-152-152-11_58858_176-34-115-9_80_stream_0.pcap,tcp_0,tcp,0,Browser,nonTor,Browsing,Browser
nonTor_Browsing_Browser_none_1.pcap.TCP_10-152-152-11_43510_37-157-2-15_80_stream_0.pcap,tcp_0,tcp,0,Browser,nonTor,Browsing,Browser
nonTor_Browsing_Browser_none_1.pcap.TCP_10-152-152-11_32879_74-125-136-94_80_stream_0.pcap,tcp_0,tcp,0,Browser,nonTor,Browsing,Browser
nonTor_Browsing_Browser_none_1.pcap.TCP_10-152-152-11_52573_176-74-182-158_443_stream_0.pcap,tcp_0,tcp,0,Browser,nonTor,Browsing,Browser
nonTor_Browsing_Browser_none_1.pcap.TCP_10-152-152-11_58263_23-65-29-26_443_stream_0.pcap,tcp_0,tcp,0,Browser,nonTor,Browsing,Browser
nonTor_Browsing_Browser_none_1.pcap.TCP_10-152-152-11_41168_173-241-244-220_80_stream_0.pcap,tcp_0,tcp,0,Browser,nonTor,Browsing,Browser
nonTor_Browsing_Browser_none_1.pcap.TCP_10-152-152-11_40453_207-46-194-14_443_stream_0.pcap,tcp_0,tcp,0,Browser,nonTor,Browsing,Browser
nonTor_Browsing_Browser_none_1.pcap.TCP_10-152-152-10_9052_10-152-152-11_52438_stream_0.pcap,tcp_0,tcp,0,Browser,nonTor,Browsing,Browser
nonTor_Browsing_Browser_none_1.pcap.TCP_10-152-152-11_59483_104-193-82-55_443_stream_0.pcap,tcp_0,tcp,0,Browser,nonTor,Browsing,Browser
nonTor_Browsing_Browser_none_1.pcap.TCP_10-152-152-11_38732_104-130-135-42_80_stream_0.pcap,tcp_0,tcp,0,Browser,nonTor,Browsing,Browser
nonTor_Browsing_Browser_none_1.pcap.TCP_10-152-152-11_51063_63-215-202-140_80_stream_0.pcap,tcp_0,tcp,0,Browser,nonTor,Browsing,Browser
nonTor_Browsing_Browser_none_1.pcap.TCP_10-152-152-11_34533_23-3-91-131_80_stream_0.pcap,tcp_0,tcp,0,Browser,nonTor,Browsing,Browser
nonTor_Browsing_Browser_none_1.pcap.TCP_10-152-152-11_43746_168-75-242-199_443_stream_0.pcap,tcp_0,tcp,0,Browser,nonTor,Browsing,Browser
nonTor_Browsing_Browser_none_1.pcap.TCP_10-152-152-11_58102_199-38-164-156_80_stream_0.pcap,tcp_0,tcp,0,Browser,nonTor,Browsing,Browser
nonTor_Browsing_Browser_none_1.pcap.TCP_10-152-152-11_58704_205-234-175-175_443_stream_0.pcap,tcp_0,tcp,0,Browser,nonTor,Browsing,Browser
nonTor_Browsing_Browser_none_1.pcap.TCP_10-152-152-11_55879_23-43-139-27_80_stream_0.pcap,tcp_0,tcp,0,Browser,nonTor,Browsing,Browser
nonTor_Browsing_Browser_none_1.pcap.TCP_10-152-152-11_38346_173-241-250-219_80_stream_0.pcap,tcp_0,tcp,0,Browser,nonTor,Browsing,Browser
nonTor_Browsing_Browser_none_1.pcap.TCP_10-152-152-11_45092_162-212-130-108_80_stream_0.pcap,tcp_0,tcp,0,Browser,nonTor,Browsing,Browser
nonTor_Browsing_Browser_none_1.pcap.TCP_10-152-152-11_38930_207-46-194-14_443_stream_0.pcap,tcp_0,tcp,0,Browser,nonTor,Browsing,Browser
nonTor_Browsing_Browser_none_1.pcap.TCP_10-152-152-11_59857_93-184-220-29_80_stream_0.pcap,tcp_0,tcp,0,Browser,nonTor,Browsing,Browser
nonTor_Browsing_Browser_none_1.pcap.TCP_10-152-152-11_53915_205-251-219-176_80_stream_0.pcap,tcp_0,tcp,0,Browser,nonTor,Browsing,Browser
nonTor_Browsing_Browser_none_1.pcap.TCP_10-152-152-11_54475_192-230-68-216_80_stream_0.pcap,tcp_0,tcp,0,Browser,nonTor,Browsing,Browser
nonTor_Browsing_Browser_none_1.pcap.TCP_10-152-152-11_52902_195-138-255-19_80_stream_0.pcap,tcp_0,tcp,0,Browser,nonTor,Browsing,Browser
nonTor_Browsing_Browser_none_1.pcap.TCP_10-152-152-11_46935_192-230-82-107_80_stream_0.pcap,tcp_0,tcp,0,Browser,nonTor,Browsing,Browser
nonTor_Browsing_Browser_none_1.pcap.TCP_10-152-152-11_42397_74-125-136-156_80_stream_0.pcap,tcp_0,tcp,0,Browser,nonTor,Browsing,Browser
nonTor_Browsing_Browser_none_1.pcap.TCP_10-152-152-11_47417_63-251-88-51_443_stream_0.pcap,tcp_0,tcp,0,Browser,nonTor,Browsing,Browser
nonTor_Browsing_Browser_none_1.pcap.TCP_10-152-152-11_58710_108-167-131-94_443_stream_0.pcap,tcp_0,tcp,0,Browser,nonTor,Browsing,Browser
nonTor_Browsing_Browser_none_1.pcap.TCP_10-152-152-11_45974_162-212-130-108_80_stream_0.pcap,tcp_0,tcp,0,Browser,nonTor,Browsing,Browser
nonTor_Browsing_Browser_none_1.pcap.TCP_10-152-152-11_58099_199-38-164-156_80_stream_0.pcap,tcp_0,tcp,0,Browser,nonTor,Browsing,Browser
nonTor_Browsing_Browser_none_1.pcap.TCP_10-152-152-11_39935_54-192-98-128_80_stream_0.pcap,tcp_0,tcp,0,Browser,nonTor,Browsing,Browser
nonTor_Browsing_Browser_none_1.pcap.TCP_10-152-152-11_49784_23-55-155-27_80_stream_0.pcap,tcp_0,tcp,0,Browser,nonTor,Browsing,Browser
nonTor_Browsing_Browser_none_1.pcap.TCP_10-152-152-11_40954_54-230-97-171_80_stream_0.pcap,tcp_0,tcp,0,Browser,nonTor,Browsing,Browser
nonTor_Browsing_Browser_none_1.pcap.TCP_10-152-152-11_46219_74-125-232-127_80_stream_0.pcap,tcp_0,tcp,0,Browser,nonTor,Browsing,Browser
nonTor_Browsing_Browser_none_1.pcap.TCP_10-152-152-11_48517_173-241-240-220_80_stream_0.pcap,tcp_0,tcp,0,Browser,nonTor,Browsing,Browser
nonTor_Browsing_Browser_none_1.pcap.TCP_10-152-152-11_58814_104-24-14-38_80_stream_0.pcap,tcp_0,tcp,0,Browser,nonTor,Browsing,Browser
nonTor_Browsing_Browser_none_1.pcap.TCP_10-152-152-11_57087_85-14-248-72_443_stream_0.pcap,tcp_0,tcp,0,Browser,nonTor,Browsing,Browser
nonTor_Browsing_Browser_none_1.pcap.TCP_10-152-152-11_50058_62-104-23-103_443_stream_0.pcap,tcp_0,tcp,0,Browser,nonTor,Browsing,Browser
nonTor_Browsing_Browser_none_1.pcap.TCP_10-152-152-11_46957_192-230-82-107_80_stream_0.pcap,tcp_0,tcp,0,Browser,nonTor,Browsing,Browser
nonTor_Browsing_Browser_none_1.pcap.TCP_10-152-152-11_58866_85-13-130-202_443_stream_0.pcap,tcp_0,tcp,0,Browser,nonTor,Browsing,Browser
nonTor_Browsing_Browser_none_1.pcap.TCP_10-152-152-11_35818_162-144-129-143_80_stream_0.pcap,tcp_0,tcp,0,Browser,nonTor,Browsing,Browser
nonTor_Browsing_Browser_none_1.pcap.TCP_10-152-152-11_38791_52-21-118-252_80_stream_0.pcap,tcp_0,tcp,0,Browser,nonTor,Browsing,Browser
nonTor_Browsing_Browser_none_1.pcap.TCP_10-152-152-11_36549_195-138-255-16_80_stream_0.pcap,tcp_0,tcp,0,Browser,nonTor,Browsing,Browser
nonTor_Browsing_Browser_none_1.pcap.TCP_10-152-152-11_53056_208-146-36-47_80_stream_0.pcap,tcp_0,tcp,0,Browser,nonTor,Browsing,Browser
nonTor_Browsing_Browser_none_1.pcap.TCP_10-152-152-11_59129_176-34-115-9_80_stream_0.pcap,tcp_0,tcp,0,Browser,nonTor,Browsing,Browser
nonTor_Browsing_Browser_none_1.pcap.TCP_10-152-152-11_33190_185-57-60-185_80_stream_0.pcap,tcp_0,tcp,0,Browser,nonTor,Browsing,Browser
nonTor_Browsing_Browser_none_1.pcap.TCP_10-152-152-11_35963_92-122-214-224_80_stream_0.pcap,tcp_0,tcp,0,Browser,nonTor,Browsing,Browser
nonTor_Browsing_Browser_none_1.pcap.TCP_10-152-152-11_41220_173-241-244-220_80_stream_0.pcap,tcp_0,tcp,0,Browser,nonTor,Browsing,Browser
nonTor_Browsing_Browser_none_1.pcap.TCP_10-152-152-11_58867_85-13-130-202_443_stream_0.pcap,tcp_0,tcp,0,Browser,nonTor,Browsing,Browser
nonTor_Browsing_Browser_none_1.pcap.TCP_10-152-152-11_51139_104-244-43-204_80_stream_0.pcap,tcp_0,tcp,0,Browser,nonTor,Browsing,Browser
nonTor_Browsing_Browser_none_1.pcap.TCP_10-152-152-11_40204_46-228-164-20_80_stream_0.pcap,tcp_0,tcp,0,Browser,nonTor,Browsing,Browser
nonTor_Browsing_Browser_none_1.pcap.TCP_10-152-152-11_58844_85-13-130-202_443_stream_0.pcap,tcp_0,tcp,0,Browser,nonTor,Browsing,Browser
nonTor_Browsing_Browser_none_1.pcap.TCP_10-152-152-11_51938_195-216-249-67_443_stream_0.pcap,tcp_0,tcp,0,Browser,nonTor,Browsing,Browser
nonTor_Browsing_Browser_none_1.pcap.TCP_10-152-152-11_44801_149-126-72-155_80_stream_0.pcap,tcp_0,tcp,0,Browser,nonTor,Browsing,Browser
nonTor_Browsing_Browser_none_1.pcap.TCP_10-152-152-11_33252_173-194-113-91_80_stream_0.pcap,tcp_0,tcp,0,Browser,nonTor,Browsing,Browser
nonTor_Browsing_Browser_none_1.pcap.TCP_10-152-152-11_58443_93-184-220-29_80_stream_0.pcap,tcp_0,tcp,0,Browser,nonTor,Browsing,Browser
nonTor_Browsing_Browser_none_1.pcap.TCP_10-152-152-11_59807_138-108-96-100_80_stream_0.pcap,tcp_0,tcp,0,Browser,nonTor,Browsing,Browser
nonTor_Browsing_Browser_none_1.pcap.TCP_10-152-152-11_36542_62-67-193-61_80_stream_0.pcap,tcp_0,tcp,0,Browser,nonTor,Browsing,Browser
nonTor_Browsing_Browser_none_1.pcap.TCP_10-152-152-11_40914_23-3-91-123_80_stream_0.pcap,tcp_0,tcp,0,Browser,nonTor,Browsing,Browser
nonTor_Browsing_Browser_none_1.pcap.TCP_10-152-152-11_38297_46-18-188-30_443_stream_0.pcap,tcp_0,tcp,0,Browser,nonTor,Browsing,Browser
nonTor_Browsing_Browser_none_1.pcap.TCP_10-152-152-11_36732_62-67-193-61_80_stream_0.pcap,tcp_0,tcp,0,Browser,nonTor,Browsing,Browser
nonTor_Browsing_Browser_none_1.pcap.TCP_10-152-152-11_60018_54-169-46-48_80_stream_0.pcap,tcp_0,tcp,0,Browser,nonTor,Browsing,Browser
nonTor_Browsing_Browser_none_1.pcap.TCP_10-152-152-11_49734_178-250-0-76_80_stream_0.pcap,tcp_0,tcp,0,Browser,nonTor,Browsing,Browser
nonTor_Browsing_Browser_none_1.pcap.TCP_10-152-152-11_44144_65-61-34-87_80_stream_0.pcap,tcp_0,tcp,0,Browser,nonTor,Browsing,Browser
nonTor_Browsing_Browser_none_1.pcap.TCP_10-152-152-11_51632_195-216-249-67_443_stream_0.pcap,tcp_0,tcp,0,Browser,nonTor,Browsing,Browser
nonTor_Browsing_Browser_none_1.pcap.TCP_10-152-152-11_39832_94-46-159-11_80_stream_0.pcap,tcp_0,tcp,0,Browser,nonTor,Browsing,Browser
nonTor_Browsing_Browser_none_1.pcap.TCP_10-152-152-11_35839_162-144-129-143_80_stream_0.pcap,tcp_0,tcp,0,Browser,nonTor,Browsing,Browser
nonTor_Browsing_Browser_none_1.pcap.TCP_10-152-152-11_44377_54-251-136-58_80_stream_0.pcap,tcp_0,tcp,0,Browser,nonTor,Browsing,Browser
nonTor_Browsing_Browser_none_1.pcap.TCP_10-152-152-11_54301_23-78-57-45_443_stream_0.pcap,tcp_0,tcp,0,Browser,nonTor,Browsing,Browser
nonTor_Browsing_Browser_none_1.pcap.TCP_10-152-152-11_40673_104-244-43-12_443_stream_0.pcap,tcp_0,tcp,0,Browser,nonTor,Browsing,Browser
nonTor_Browsing_Browser_none_1.pcap.TCP_10-152-152-11_42312_185-66-140-149_80_stream_0.pcap,tcp_0,tcp,0,Browser,nonTor,Browsing,Browser
nonTor_Browsing_Browser_none_1.pcap.TCP_10-152-152-11_54515_192-230-68-216_80_stream_0.pcap,tcp_0,tcp,0,Browser,nonTor,Browsing,Browser
nonTor_Browsing_Browser_none_1.pcap.TCP_10-152-152-11_38374_185-31-128-208_80_stream_0.pcap,tcp_0,tcp,0,Browser,nonTor,Browsing,Browser
nonTor_Browsing_Browser_none_1.pcap.TCP_10-152-152-11_53222_185-31-128-219_80_stream_0.pcap,tcp_0,tcp,0,Browser,nonTor,Browsing,Browser
nonTor_Browsing_Browser_none_1.pcap.TCP_10-152-152-11_50427_54-230-6-180_80_stream_0.pcap,tcp_0,tcp,0,Browser,nonTor,Browsing,Browser
nonTor_Browsing_Browser_none_1.pcap.TCP_10-152-152-11_37390_65-61-34-87_443_stream_0.pcap,tcp_0,tcp,0,Browser,nonTor,Browsing,Browser
nonTor_Browsing_Browser_none_1.pcap.TCP_10-152-152-11_37036_23-3-90-96_80_stream_0.pcap,tcp_0,tcp,0,Browser,nonTor,Browsing,Browser
nonTor_Browsing_Browser_none_1.pcap.TCP_10-152-152-11_41801_50-31-164-166_80_stream_0.pcap,tcp_0,tcp,0,Browser,nonTor,Browsing,Browser
nonTor_Browsing_Browser_none_1.pcap.TCP_10-152-152-11_34331_205-234-175-175_80_stream_0.pcap,tcp_0,tcp,0,Browser,nonTor,Browsing,Browser
nonTor_Browsing_Browser_none_1.pcap.TCP_10-152-152-11_51137_23-9-123-27_80_stream_0.pcap,tcp_0,tcp,0,Browser,nonTor,Browsing,Browser
nonTor_Browsing_Browser_none_1.pcap.TCP_10-152-152-11_51722_192-230-82-107_443_stream_0.pcap,tcp_0,tcp,0,Browser,nonTor,Browsing,Browser
nonTor_Browsing_Browser_none_1.pcap.TCP_10-152-152-11_40561_195-93-42-12_80_stream_0.pcap,tcp_0,tcp,0,Browser,nonTor,Browsing,Browser
nonTor_Browsing_Browser_none_1.pcap.TCP_10-152-152-11_36869_31-13-71-7_80_stream_0.pcap,tcp_0,tcp,0,Browser,nonTor,Browsing,Browser
nonTor_Browsing_Browser_none_1.pcap.TCP_10-152-152-11_54155_52-2-123-14_80_stream_0.pcap,tcp_0,tcp,0,Browser,nonTor,Browsing,Browser
nonTor_Browsing_Browser_none_1.pcap.TCP_10-152-152-11_55785_107-178-255-114_80_stream_0.pcap,tcp_0,tcp,0,Browser,nonTor,Browsing,Browser
nonTor_Browsing_Browser_none_1.pcap.TCP_10-152-152-11_48829_104-24-100-152_80_stream_0.pcap,tcp_0,tcp,0,Browser,nonTor,Browsing,Browser
nonTor_Browsing_Browser_none_1.pcap.TCP_10-152-152-11_34532_23-3-91-131_80_stream_0.pcap,tcp_0,tcp,0,Browser,nonTor,Browsing,Browser
nonTor_Browsing_Browser_none_1.pcap.TCP_10-152-152-11_35801_162-144-129-143_80_stream_0.pcap,tcp_0,tcp,0,Browser,nonTor,Browsing,Browser
nonTor_Browsing_Browser_none_1.pcap.TCP_10-152-152-11_36139_54-231-82-58_80_stream_0.pcap,tcp_0,tcp,0,Browser,nonTor,Browsing,Browser
nonTor_Browsing_Browser_none_1.pcap.TCP_10-152-152-11_48390_46-228-164-11_80_stream_0.pcap,tcp_0,tcp,0,Browser,nonTor,Browsing,Browser
nonTor_Browsing_Browser_none_1.pcap.TCP_10-152-152-11_49939_205-251-223-169_80_stream_0.pcap,tcp_0,tcp,0,Browser,nonTor,Browsing,Browser
nonTor_Browsing_Browser_none_1.pcap.TCP_10-152-152-11_35812_54-235-126-158_80_stream_0.pcap,tcp_0,tcp,0,Browser,nonTor,Browsing,Browser
nonTor_Browsing_Browser_none_1.pcap.TCP_10-152-152-11_36167_162-144-129-143_80_stream_0.pcap,tcp_0,tcp,0,Browser,nonTor,Browsing,Browser
nonTor_Browsing_Browser_none_1.pcap.TCP_10-152-152-11_47825_185-29-135-48_80_stream_0.pcap,tcp_0,tcp,0,Browser,nonTor,Browsing,Browser
nonTor_Browsing_Browser_none_1.pcap.TCP_10-152-152-11_35795_162-144-129-143_80_stream_0.pcap,tcp_0,tcp,0,Browser,nonTor,Browsing,Browser
nonTor_Browsing_Browser_none_1.pcap.TCP_10-152-152-11_52561_176-74-182-158_443_stream_0.pcap,tcp_0,tcp,0,Browser,nonTor,Browsing,Browser
nonTor_Browsing_Browser_none_1.pcap.TCP_10-152-152-11_57258_192-230-68-216_80_stream_0.pcap,tcp_0,tcp,0,Browser,nonTor,Browsing,Browser
nonTor_Browsing_Browser_none_1.pcap.TCP_10-152-152-11_47338_23-197-185-236_80_stream_0.pcap,tcp_0,tcp,0,Browser,nonTor,Browsing,Browser
nonTor_Browsing_Browser_none_1.pcap.TCP_10-152-152-11_35950_92-122-214-224_80_stream_0.pcap,tcp_0,tcp,0,Browser,nonTor,Browsing,Browser
nonTor_Browsing_Browser_none_1.pcap.TCP_10-152-152-11_36352_62-67-193-61_80_stream_0.pcap,tcp_0,tcp,0,Browser,nonTor,Browsing,Browser
nonTor_Browsing_Browser_none_1.pcap.TCP_10-152-152-11_35860_162-144-129-143_80_stream_0.pcap,tcp_0,tcp,0,Browser,nonTor,Browsing,Browser
nonTor_Browsing_Browser_none_1.pcap.TCP_10-152-152-11_50083_217-79-188-2_443_stream_0.pcap,tcp_0,tcp,0,Browser,nonTor,Browsing,Browser
nonTor_Browsing_Browser_none_1.pcap.TCP_10-152-152-11_60338_192-230-77-107_80_stream_0.pcap,tcp_0,tcp,0,Browser,nonTor,Browsing,Browser
nonTor_Browsing_Browser_none_1.pcap.TCP_10-152-152-11_52154_23-60-69-135_80_stream_0.pcap,tcp_0,tcp,0,Browser,nonTor,Browsing,Browser
nonTor_Browsing_Browser_none_1.pcap.TCP_10-152-152-11_58699_205-234-175-175_443_stream_0.pcap,tcp_0,tcp,0,Browser,nonTor,Browsing,Browser
nonTor_Browsing_Browser_none_1.pcap.TCP_10-152-152-11_46584_173-241-240-220_80_stream_0.pcap,tcp_0,tcp,0,Browser,nonTor,Browsing,Browser
nonTor_Browsing_Browser_none_1.pcap.TCP_10-152-152-11_44241_216-58-219-226_80_stream_0.pcap,tcp_0,tcp,0,Browser,nonTor,Browsing,Browser
nonTor_Browsing_Browser_none_1.pcap.TCP_10-152-152-11_46087_198-47-127-11_80_stream_0.pcap,tcp_0,tcp,0,Browser,nonTor,Browsing,Browser
nonTor_Browsing_Browser_none_1.pcap.TCP_10-152-152-11_46198_54-200-107-142_443_stream_0.pcap,tcp_0,tcp,0,Browser,nonTor,Browsing,Browser
nonTor_Browsing_Browser_none_1.pcap.TCP_10-152-152-11_56814_216-58-209-129_80_stream_0.pcap,tcp_0,tcp,0,Browser,nonTor,Browsing,Browser
nonTor_Browsing_Browser_none_1.pcap.TCP_10-152-152-11_53958_54-230-200-93_443_stream_0.pcap,tcp_0,tcp,0,Browser,nonTor,Browsing,Browser
nonTor_Browsing_Browser_none_1.pcap.TCP_10-152-152-11_42297_74-125-136-156_80_stream_0.pcap,tcp_0,tcp,0,Browser,nonTor,Browsing,Browser
nonTor_Browsing_Browser_none_1.pcap.TCP_10-152-152-11_45417_109-68-230-135_80_stream_0.pcap,tcp_0,tcp,0,Browser,nonTor,Browsing,Browser
nonTor_Browsing_Browser_none_1.pcap.TCP_10-152-152-11_58749_108-167-131-94_443_stream_0.pcap,tcp_0,tcp,0,Browser,nonTor,Browsing,Browser
nonTor_Browsing_Browser_none_1.pcap.TCP_10-152-152-11_37264_188-121-36-239_80_stream_0.pcap,tcp_0,tcp,0,Browser,nonTor,Browsing,Browser
nonTor_Browsing_Browser_none_1.pcap.TCP_10-152-152-11_51780_152-163-66-141_80_stream_0.pcap,tcp_0,tcp,0,Browser,nonTor,Browsing,Browser
nonTor_Browsing_Browser_none_1.pcap.TCP_10-152-152-11_54649_54-247-102-54_80_stream_0.pcap,tcp_0,tcp,0,Browser,nonTor,Browsing,Browser
nonTor_Browsing_Browser_none_1.pcap.TCP_10-152-152-11_54834_52-28-252-195_443_stream_0.pcap,tcp_0,tcp,0,Browser,nonTor,Browsing,Browser
nonTor_Browsing_Browser_none_1.pcap.TCP_10-152-152-11_49939_64-34-191-250_80_stream_0.pcap,tcp_0,tcp,0,Browser,nonTor,Browsing,Browser
nonTor_Browsing_Browser_none_1.pcap.TCP_10-152-152-11_44272_70-42-146-149_80_stream_0.pcap,tcp_0,tcp,0,Browser,nonTor,Browsing,Browser
nonTor_Browsing_Browser_none_1.pcap.TCP_10-152-152-11_58594_108-167-131-94_443_stream_0.pcap,tcp_0,tcp,0,Browser,nonTor,Browsing,Browser
nonTor_Browsing_Browser_none_1.pcap.TCP_10-152-152-11_46965_192-230-82-107_80_stream_0.pcap,tcp_0,tcp,0,Browser,nonTor,Browsing,Browser
nonTor_Browsing_Browser_none_1.pcap.TCP_10-152-152-11_57401_74-125-136-155_80_stream_0.pcap,tcp_0,tcp,0,Browser,nonTor,Browsing,Browser
nonTor_Browsing_Browser_none_1.pcap.TCP_10-152-152-11_48482_54-225-249-136_80_stream_0.pcap,tcp_0,tcp,0,Browser,nonTor,Browsing,Browser
nonTor_Browsing_Browser_none_1.pcap.TCP_10-152-152-11_55731_54-229-47-79_443_stream_0.pcap,tcp_0,tcp,0,Browser,nonTor,Browsing,Browser
nonTor_Browsing_Browser_none_1.pcap.TCP_10-152-152-11_34092_54-230-191-39_80_stream_0.pcap,tcp_0,tcp,0,Browser,nonTor,Browsing,Browser
nonTor_Browsing_Browser_none_1.pcap.TCP_10-152-152-11_56458_199-15-226-66_443_stream_0.pcap,tcp_0,tcp,0,Browser,nonTor,Browsing,Browser
nonTor_Browsing_Browser_none_1.pcap.TCP_10-152-152-11_43349_23-78-38-241_443_stream_0.pcap,tcp_0,tcp,0,Browser,nonTor,Browsing,Browser
nonTor_Browsing_Browser_none_1.pcap.TCP_10-152-152-11_46156_54-251-136-58_80_stream_0.pcap,tcp_0,tcp,0,Browser,nonTor,Browsing,Browser
nonTor_Browsing_Browser_none_1.pcap.TCP_10-152-152-11_58845_216-58-209-142_80_stream_0.pcap,tcp_0,tcp,0,Browser,nonTor,Browsing,Browser
nonTor_Browsing_Browser_none_1.pcap.TCP_10-152-152-11_44380_54-251-136-58_80_stream_0.pcap,tcp_0,tcp,0,Browser,nonTor,Browsing,Browser
nonTor_Browsing_Browser_none_1.pcap.TCP_10-152-152-11_59335_216-58-209-142_80_stream_0.pcap,tcp_0,tcp,0,Browser,nonTor,Browsing,Browser
nonTor_Browsing_Browser_none_1.pcap.TCP_10-152-152-11_34459_205-234-175-175_80_stream_0.pcap,tcp_0,tcp,0,Browser,nonTor,Browsing,Browser
nonTor_Browsing_Browser_none_1.pcap.TCP_10-152-152-11_39730_173-194-116-186_80_stream_0.pcap,tcp_0,tcp,0,Browser,nonTor,Browsing,Browser
nonTor_Browsing_Browser_none_1.pcap.TCP_10-152-152-11_44091_74-125-136-156_80_stream_0.pcap,tcp_0,tcp,0,Browser,nonTor,Browsing,Browser
nonTor_Browsing_Browser_none_1.pcap.TCP_10-152-152-11_46510_37-252-162-224_80_stream_0.pcap,tcp_0,tcp,0,Browser,nonTor,Browsing,Browser
nonTor_Browsing_Browser_none_1.pcap.TCP_10-152-152-11_38284_95-101-39-40_80_stream_0.pcap,tcp_0,tcp,0,Browser,nonTor,Browsing,Browser
nonTor_Browsing_Browser_none_1.pcap.TCP_10-152-152-11_57449_74-125-136-155_80_stream_0.pcap,tcp_0,tcp,0,Browser,nonTor,Browsing,Browser
nonTor_Browsing_Browser_none_1.pcap.TCP_10-152-152-11_55136_173-192-202-130_80_stream_0.pcap,tcp_0,tcp,0,Browser,nonTor,Browsing,Browser
nonTor_Browsing_Browser_none_1.pcap.TCP_10-152-152-11_57609_217-79-188-60_443_stream_0.pcap,tcp_0,tcp,0,Browser,nonTor,Browsing,Browser
nonTor_Browsing_Browser_none_1.pcap.TCP_10-152-152-11_53881_140-98-194-156_80_stream_0.pcap,tcp_0,tcp,0,Browser,nonTor,Browsing,Browser
nonTor_Browsing_Browser_none_1.pcap.TCP_10-152-152-11_44739_65-61-34-87_80_stream_0.pcap,tcp_0,tcp,0,Browser,nonTor,Browsing,Browser
nonTor_Browsing_Browser_none_1.pcap.TCP_10-152-152-11_47874_104-96-2-18_80_stream_0.pcap,tcp_0,tcp,0,Browser,nonTor,Browsing,Browser
nonTor_Browsing_Browser_none_1.pcap.TCP_10-152-152-11_51934_95-172-94-65_80_stream_0.pcap,tcp_0,tcp,0,Browser,nonTor,Browsing,Browser
nonTor_Browsing_Browser_none_1.pcap.TCP_10-152-152-11_54871_52-28-252-195_443_stream_0.pcap,tcp_0,tcp,0,Browser,nonTor,Browsing,Browser
nonTor_Browsing_Browser_none_1.pcap.TCP_10-152-152-11_58763_178-250-2-76_80_stream_0.pcap,tcp_0,tcp,0,Browser,nonTor,Browsing,Browser
nonTor_Browsing_Browser_none_1.pcap.TCP_10-152-152-11_40438_207-46-194-14_443_stream_0.pcap,tcp_0,tcp,0,Browser,nonTor,Browsing,Browser
nonTor_Browsing_Browser_none_1.pcap.TCP_10-152-152-11_40262_104-109-70-28_80_stream_0.pcap,tcp_0,tcp,0,Browser,nonTor,Browsing,Browser
nonTor_Browsing_Browser_none_1.pcap.TCP_10-152-152-11_42376_198-41-215-67_80_stream_0.pcap,tcp_0,tcp,0,Browser,nonTor,Browsing,Browser
nonTor_Browsing_Browser_none_1.pcap.TCP_10-152-152-11_38790_52-21-118-252_80_stream_0.pcap,tcp_0,tcp,0,Browser,nonTor,Browsing,Browser
nonTor_Browsing_Browser_none_1.pcap.TCP_10-152-152-11_47347_173-241-240-220_80_stream_0.pcap,tcp_0,tcp,0,Browser,nonTor,Browsing,Browser
nonTor_Browsing_Browser_none_1.pcap.TCP_10-152-152-11_54073_54-171-230-157_443_stream_0.pcap,tcp_0,tcp,0,Browser,nonTor,Browsing,Browser
nonTor_Browsing_Browser_none_1.pcap.TCP_10-152-152-11_58692_54-239-168-246_80_stream_0.pcap,tcp_0,tcp,0,Browser,nonTor,Browsing,Browser
nonTor_Browsing_Browser_none_1.pcap.TCP_10-152-152-11_57412_192-230-68-216_80_stream_0.pcap,tcp_0,tcp,0,Browser,nonTor,Browsing,Browser
nonTor_Browsing_Browser_none_1.pcap.TCP_10-152-152-11_41328_54-239-168-134_80_stream_0.pcap,tcp_0,tcp,0,Browser,nonTor,Browsing,Browser
nonTor_Browsing_Browser_none_1.pcap.TCP_10-152-152-11_45487_54-251-136-58_80_stream_0.pcap,tcp_0,tcp,0,Browser,nonTor,Browsing,Browser
nonTor_Browsing_Browser_none_1.pcap.TCP_10-152-152-11_43511_37-157-2-15_80_stream_0.pcap,tcp_0,tcp,0,Browser,nonTor,Browsing,Browser
nonTor_Browsing_Browser_none_1.pcap.TCP_10-152-152-11_44112_66-117-29-34_80_stream_0.pcap,tcp_0,tcp,0,Browser,nonTor,Browsing,Browser
nonTor_Browsing_Browser_none_1.pcap.TCP_10-152-152-11_57776_208-100-17-179_80_stream_0.pcap,tcp_0,tcp,0,Browser,nonTor,Browsing,Browser
nonTor_Browsing_Browser_none_1.pcap.TCP_10-152-152-11_58771_95-101-39-75_80_stream_0.pcap,tcp_0,tcp,0,Browser,nonTor,Browsing,Browser
nonTor_Browsing_Browser_none_1.pcap.UDP_10-152-152-10_53_10-152-152-11_40791_stream_0.pcap,udp_0,udp,0,Browser,nonTor,Browsing,Browser
nonTor_Browsing_Browser_none_1.pcap.UDP_10-152-152-10_53_10-152-152-11_46635_stream_0.pcap,udp_0,udp,0,Browser,nonTor,Browsing,Browser
nonTor_Browsing_Browser_none_1.pcap.TCP_10-152-152-11_43709_216-58-198-130_443_stream_0.pcap,tcp_0,tcp,0,Browser,nonTor,Browsing,Browser
nonTor_Browsing_Browser_none_1.pcap.UDP_10-152-152-10_53_10-152-152-11_42350_stream_0.pcap,udp_0,udp,0,Browser,nonTor,Browsing,Browser
nonTor_Browsing_Browser_none_1.pcap.UDP_10-152-152-10_53_10-152-152-11_43498_stream_0.pcap,udp_0,udp,0,Browser,nonTor,Browsing,Browser
nonTor_Browsing_Browser_none_1.pcap.UDP_10-152-152-10_53_10-152-152-11_43591_stream_0.pcap,udp_0,udp,0,Browser,nonTor,Browsing,Browser
nonTor_Browsing_Browser_none_1.pcap.UDP_10-152-152-10_53_10-152-152-11_35037_stream_0.pcap,udp_0,udp,0,Browser,nonTor,Browsing,Browser
nonTor_Browsing_Browser_none_1.pcap.UDP_10-152-152-10_53_10-152-152-11_35539_stream_0.pcap,udp_0,udp,0,Browser,nonTor,Browsing,Browser
nonTor_Browsing_Browser_none_1.pcap.UDP_10-152-152-10_53_10-152-152-11_36872_stream_0.pcap,udp_0,udp,0,Browser,nonTor,Browsing,Browser
nonTor_Browsing_Browser_none_1.pcap.UDP_10-152-152-10_53_10-152-152-11_36526_stream_0.pcap,udp_0,udp,0,Browser,nonTor,Browsing,Browser
nonTor_Browsing_Browser_none_1.pcap.TCP_10-152-152-11_48043_173-194-113-128_443_stream_0.pcap,tcp_0,tcp,0,Browser,nonTor,Browsing,Browser
nonTor_Browsing_Browser_none_1.pcap.UDP_10-152-152-10_53_10-152-152-11_35666_stream_0.pcap,udp_0,udp,0,Browser,nonTor,Browsing,Browser
nonTor_Browsing_Browser_none_1.pcap.UDP_10-152-152-10_53_10-152-152-11_37909_stream_0.pcap,udp_0,udp,0,Browser,nonTor,Browsing,Browser
nonTor_Browsing_Browser_none_1.pcap.UDP_10-152-152-10_53_10-152-152-11_38909_stream_0.pcap,udp_0,udp,0,Browser,nonTor,Browsing,Browser
nonTor_Browsing_Browser_none_1.pcap.UDP_10-152-152-10_53_10-152-152-11_35952_stream_0.pcap,udp_0,udp,0,Browser,nonTor,Browsing,Browser
nonTor_Browsing_Browser_none_1.pcap.TCP_10-152-152-11_33209_173-194-116-210_443_stream_0.pcap,tcp_0,tcp,0,Browser,nonTor,Browsing,Browser
nonTor_Browsing_Browser_none_1.pcap.UDP_10-152-152-10_53_10-152-152-11_44032_stream_0.pcap,udp_0,udp,0,Browser,nonTor,Browsing,Browser
nonTor_Browsing_Browser_none_1.pcap.UDP_10-152-152-10_53_10-152-152-11_42572_stream_0.pcap,udp_0,udp,0,Browser,nonTor,Browsing,Browser
nonTor_Browsing_Browser_none_1.pcap.TCP_10-152-152-11_51166_216-58-213-237_443_stream_0.pcap,tcp_0,tcp,0,Browser,nonTor,Browsing,Browser
nonTor_Browsing_Browser_none_1.pcap.TCP_10-152-152-11_47455_64-233-165-95_443_stream_0.pcap,tcp_0,tcp,0,Browser,nonTor,Browsing,Browser
nonTor_Browsing_Browser_none_1.pcap.TCP_10-152-152-11_48106_173-194-46-122_443_stream_0.pcap,tcp_0,tcp,0,Browser,nonTor,Browsing,Browser
nonTor_Browsing_Browser_none_1.pcap.UDP_10-152-152-10_53_10-152-152-11_44586_stream_0.pcap,udp_0,udp,0,Browser,nonTor,Browsing,Browser
nonTor_Browsing_Browser_none_1.pcap.UDP_10-152-152-10_53_10-152-152-11_43553_stream_0.pcap,udp_0,udp,0,Browser,nonTor,Browsing,Browser
nonTor_Browsing_Browser_none_1.pcap.TCP_10-152-152-11_60225_136-243-45-36_443_stream_0.pcap,tcp_0,tcp,0,Browser,nonTor,Browsing,Browser
nonTor_Browsing_Browser_none_1.pcap.TCP_10-152-152-11_50908_216-58-217-130_443_stream_0.pcap,tcp_0,tcp,0,Browser,nonTor,Browsing,Browser
nonTor_Browsing_Browser_none_1.pcap.UDP_10-152-152-10_53_10-152-152-11_46492_stream_0.pcap,udp_0,udp,0,Browser,nonTor,Browsing,Browser
nonTor_Browsing_Browser_none_1.pcap.UDP_10-152-152-10_53_10-152-152-11_36437_stream_0.pcap,udp_0,udp,0,Browser,nonTor,Browsing,Browser
nonTor_Browsing_Browser_none_1.pcap.UDP_10-152-152-10_53_10-152-152-11_36923_stream_0.pcap,udp_0,udp,0,Browser,nonTor,Browsing,Browser
nonTor_Browsing_Browser_none_1.pcap.UDP_10-152-152-10_53_10-152-152-11_35748_stream_0.pcap,udp_0,udp,0,Browser,nonTor,Browsing,Browser
nonTor_Browsing_Browser_none_1.pcap.UDP_10-152-152-10_53_10-152-152-11_44219_stream_0.pcap,udp_0,udp,0,Browser,nonTor,Browsing,Browser
nonTor_Browsing_Browser_none_1.pcap.UDP_10-152-152-10_53_10-152-152-11_38054_stream_0.pcap,udp_0,udp,0,Browser,nonTor,Browsing,Browser
nonTor_Browsing_Browser_none_1.pcap.TCP_10-152-152-11_53058_173-194-122-215_443_stream_0.pcap,tcp_0,tcp,0,Browser,nonTor,Browsing,Browser
nonTor_Browsing_Browser_none_1.pcap.TCP_10-152-152-11_46453_216-58-209-98_443_stream_0.pcap,tcp_0,tcp,0,Browser,nonTor,Browsing,Browser
nonTor_Browsing_Browser_none_1.pcap.UDP_10-152-152-10_53_10-152-152-11_44129_stream_0.pcap,udp_0,udp,0,Browser,nonTor,Browsing,Browser
nonTor_Browsing_Browser_none_1.pcap.TCP_10-152-152-11_42522_216-58-209-110_443_stream_0.pcap,tcp_0,tcp,0,Browser,nonTor,Browsing,Browser
Tor_Browsing_Browser_none_2.pcap.TCP_10-0-2-15_33827_82-161-239-177_110_stream_0.pcap,tcp_0,tcp,0,Browser,Tor,Browsing,Browser
nonTor_Browsing_Browser_none_1.pcap.UDP_10-152-152-10_53_10-152-152-11_40638_stream_0.pcap,udp_0,udp,0,Browser,nonTor,Browsing,Browser
nonTor_Browsing_Browser_none_1.pcap.UDP_10-152-152-10_53_10-152-152-11_43232_stream_0.pcap,udp_0,udp,0,Browser,nonTor,Browsing,Browser
nonTor_Browsing_Browser_none_1.pcap.UDP_10-152-152-10_53_10-152-152-11_38669_stream_0.pcap,udp_0,udp,0,Browser,nonTor,Browsing,Browser
nonTor_Browsing_Browser_none_1.pcap.UDP_10-152-152-10_53_10-152-152-11_44838_stream_0.pcap,udp_0,udp,0,Browser,nonTor,Browsing,Browser
nonTor_Browsing_Browser_none_1.pcap.UDP_10-152-152-10_53_10-152-152-11_35812_stream_0.pcap,udp_0,udp,0,Browser,nonTor,Browsing,Browser
nonTor_Browsing_Browser_none_1.pcap.UDP_10-152-152-10_53_10-152-152-11_44579_stream_0.pcap,udp_0,udp,0,Browser,nonTor,Browsing,Browser
nonTor_Browsing_Browser_none_1.pcap.UDP_10-152-152-10_53_10-152-152-11_42534_stream_0.pcap,udp_0,udp,0,Browser,nonTor,Browsing,Browser
nonTor_Browsing_Browser_none_1.pcap.UDP_10-152-152-10_53_10-152-152-11_33714_stream_0.pcap,udp_0,udp,0,Browser,nonTor,Browsing,Browser
nonTor_Browsing_Browser_none_1.pcap.UDP_10-152-152-10_53_10-152-152-11_40109_stream_0.pcap,udp_0,udp,0,Browser,nonTor,Browsing,Browser
nonTor_Browsing_Browser_none_1.pcap.UDP_10-152-152-10_53_10-152-152-11_39082_stream_0.pcap,udp_0,udp,0,Browser,nonTor,Browsing,Browser
nonTor_Browsing_Browser_none_1.pcap.UDP_10-152-152-10_53_10-152-152-11_37483_stream_0.pcap,udp_0,udp,0,Browser,nonTor,Browsing,Browser
nonTor_Browsing_Browser_none_1.pcap.TCP_10-152-152-11_52539_216-58-209-141_443_stream_0.pcap,tcp_0,tcp,0,Browser,nonTor,Browsing,Browser
nonTor_Browsing_Browser_none_1.pcap.UDP_10-152-152-10_53_10-152-152-11_42461_stream_0.pcap,udp_0,udp,0,Browser,nonTor,Browsing,Browser
nonTor_Browsing_Browser_none_1.pcap.UDP_10-152-152-10_53_10-152-152-11_33656_stream_0.pcap,udp_0,udp,0,Browser,nonTor,Browsing,Browser
nonTor_Browsing_Browser_none_1.pcap.UDP_10-152-152-10_53_10-152-152-11_42948_stream_0.pcap,udp_0,udp,0,Browser,nonTor,Browsing,Browser
nonTor_Browsing_Browser_none_1.pcap.TCP_10-152-152-11_58430_173-194-116-204_443_stream_0.pcap,tcp_0,tcp,0,Browser,nonTor,Browsing,Browser
nonTor_Browsing_Browser_none_1.pcap.UDP_10-152-152-10_53_10-152-152-11_36036_stream_0.pcap,udp_0,udp,0,Browser,nonTor,Browsing,Browser
nonTor_Browsing_Browser_none_1.pcap.UDP_10-152-152-10_53_10-152-152-11_43018_stream_0.pcap,udp_0,udp,0,Browser,nonTor,Browsing,Browser
nonTor_Browsing_Browser_none_1.pcap.TCP_10-152-152-11_52180_216-58-209-99_443_stream_0.pcap,tcp_0,tcp,0,Browser,nonTor,Browsing,Browser
nonTor_Browsing_Browser_none_1.pcap.UDP_10-152-152-10_53_10-152-152-11_45681_stream_0.pcap,udp_0,udp,0,Browser,nonTor,Browsing,Browser
nonTor_Browsing_Browser_none_1.pcap.UDP_10-152-152-10_53_10-152-152-11_43444_stream_0.pcap,udp_0,udp,0,Browser,nonTor,Browsing,Browser
nonTor_Browsing_Browser_none_1.pcap.UDP_10-152-152-10_53_10-152-152-11_42820_stream_0.pcap,udp_0,udp,0,Browser,nonTor,Browsing,Browser
nonTor_Browsing_Browser_none_1.pcap.UDP_10-152-152-10_53_10-152-152-11_43552_stream_0.pcap,udp_0,udp,0,Browser,nonTor,Browsing,Browser
nonTor_Browsing_Browser_none_1.pcap.UDP_10-152-152-10_53_10-152-152-11_43073_stream_0.pcap,udp_0,udp,0,Browser,nonTor,Browsing,Browser
nonTor_Browsing_Browser_none_1.pcap.UDP_10-152-152-10_53_10-152-152-11_38144_stream_0.pcap,udp_0,udp,0,Browser,nonTor,Browsing,Browser
nonTor_Browsing_Browser_none_1.pcap.UDP_10-152-152-10_53_10-152-152-11_35511_stream_0.pcap,udp_0,udp,0,Browser,nonTor,Browsing,Browser
nonTor_Browsing_Browser_none_1.pcap.TCP_10-152-152-11_52547_74-125-136-138_443_stream_0.pcap,tcp_0,tcp,0,Browser,nonTor,Browsing,Browser
nonTor_Browsing_Browser_none_1.pcap.UDP_10-152-152-10_53_10-152-152-11_38798_stream_0.pcap,udp_0,udp,0,Browser,nonTor,Browsing,Browser
nonTor_Browsing_Browser_none_1.pcap.UDP_10-152-152-10_53_10-152-152-11_40505_stream_0.pcap,udp_0,udp,0,Browser,nonTor,Browsing,Browser
nonTor_Browsing_Browser_none_1.pcap.UDP_10-152-152-10_53_10-152-152-11_40703_stream_0.pcap,udp_0,udp,0,Browser,nonTor,Browsing,Browser
nonTor_Browsing_Browser_none_1.pcap.TCP_10-152-152-11_47456_64-233-165-95_443_stream_0.pcap,tcp_0,tcp,0,Browser,nonTor,Browsing,Browser
nonTor_Browsing_Browser_none_1.pcap.TCP_10-152-152-11_45177_74-125-136-139_443_stream_0.pcap,tcp_0,tcp,0,Browser,nonTor,Browsing,Browser
nonTor_Browsing_Browser_none_1.pcap.UDP_10-152-152-10_53_10-152-152-11_38053_stream_0.pcap,udp_0,udp,0,Browser,nonTor,Browsing,Browser
nonTor_Browsing_Browser_none_1.pcap.UDP_10-152-152-10_53_10-152-152-11_38721_stream_0.pcap,udp_0,udp,0,Browser,nonTor,Browsing,Browser
nonTor_Browsing_Browser_none_1.pcap.UDP_10-152-152-10_53_10-152-152-11_36202_stream_0.pcap,udp_0,udp,0,Browser,nonTor,Browsing,Browser
nonTor_Browsing_Browser_none_1.pcap.UDP_10-152-152-10_53_10-152-152-11_39638_stream_0.pcap,udp_0,udp,0,Browser,nonTor,Browsing,Browser
nonTor_Browsing_Browser_none_1.pcap.TCP_10-152-152-11_53115_37-252-163-97_443_stream_0.pcap,tcp_0,tcp,0,Browser,nonTor,Browsing,Browser
nonTor_Browsing_Browser_none_1.pcap.UDP_10-152-152-10_53_10-152-152-11_40470_stream_0.pcap,udp_0,udp,0,Browser,nonTor,Browsing,Browser
nonTor_Browsing_Browser_none_1.pcap.TCP_10-152-152-11_47507_173-194-113-44_443_stream_0.pcap,tcp_0,tcp,0,Browser,nonTor,Browsing,Browser
nonTor_Browsing_Browser_none_1.pcap.UDP_10-152-152-10_53_10-152-152-11_36350_stream_0.pcap,udp_0,udp,0,Browser,nonTor,Browsing,Browser
nonTor_Browsing_Browser_none_1.pcap.UDP_10-152-152-10_53_10-152-152-11_36838_stream_0.pcap,udp_0,udp,0,Browser,nonTor,Browsing,Browser
nonTor_Browsing_Browser_none_1.pcap.UDP_10-152-152-10_53_10-152-152-11_33049_stream_0.pcap,udp_0,udp,0,Browser,nonTor,Browsing,Browser
nonTor_Browsing_Browser_none_1.pcap.UDP_10-152-152-10_53_10-152-152-11_37616_stream_0.pcap,udp_0,udp,0,Browser,nonTor,Browsing,Browser
nonTor_Browsing_Browser_none_1.pcap.UDP_10-152-152-10_53_10-152-152-11_42251_stream_0.pcap,udp_0,udp,0,Browser,nonTor,Browsing,Browser
nonTor_Browsing_Browser_none_1.pcap.TCP_10-152-152-11_38929_207-46-194-14_443_stream_0.pcap,tcp_0,tcp,0,Browser,nonTor,Browsing,Browser
nonTor_Browsing_Browser_none_1.pcap.UDP_10-152-152-10_53_10-152-152-11_42849_stream_0.pcap,udp_0,udp,0,Browser,nonTor,Browsing,Browser
nonTor_Browsing_Browser_none_1.pcap.UDP_10-152-152-10_53_10-152-152-11_43829_stream_0.pcap,udp_0,udp,0,Browser,nonTor,Browsing,Browser
nonTor_Browsing_Browser_none_1.pcap.UDP_10-152-152-10_53_10-152-152-11_46093_stream_0.pcap,udp_0,udp,0,Browser,nonTor,Browsing,Browser
nonTor_Browsing_Browser_none_1.pcap.UDP_10-152-152-10_53_10-152-152-11_40225_stream_0.pcap,udp_0,udp,0,Browser,nonTor,Browsing,Browser
nonTor_Browsing_Browser_none_1.pcap.UDP_10-152-152-10_53_10-152-152-11_41298_stream_0.pcap,udp_0,udp,0,Browser,nonTor,Browsing,Browser
nonTor_Browsing_Browser_none_1.pcap.UDP_10-152-152-10_53_10-152-152-11_40119_stream_0.pcap,udp_0,udp,0,Browser,nonTor,Browsing,Browser
nonTor_Browsing_Browser_none_1.pcap.UDP_10-152-152-10_53_10-152-152-11_34907_stream_0.pcap,udp_0,udp,0,Browser,nonTor,Browsing,Browser
nonTor_Browsing_Browser_none_1.pcap.TCP_10-152-152-11_37269_31-13-64-7_443_stream_0.pcap,tcp_0,tcp,0,Browser,nonTor,Browsing,Browser
nonTor_Browsing_Browser_none_1.pcap.UDP_10-152-152-10_53_10-152-152-11_34541_stream_0.pcap,udp_0,udp,0,Browser,nonTor,Browsing,Browser
nonTor_Browsing_Browser_none_1.pcap.TCP_10-152-152-11_53626_173-194-46-57_443_stream_0.pcap,tcp_0,tcp,0,Browser,nonTor,Browsing,Browser
nonTor_Browsing_Browser_none_1.pcap.TCP_10-152-152-11_56659_74-125-136-94_443_stream_0.pcap,tcp_0,tcp,0,Browser,nonTor,Browsing,Browser
nonTor_Browsing_Browser_none_1.pcap.UDP_10-152-152-10_53_10-152-152-11_44254_stream_0.pcap,udp_0,udp,0,Browser,nonTor,Browsing,Browser
nonTor_Browsing_Browser_none_1.pcap.TCP_10-152-152-11_44182_199-16-156-52_443_stream_0.pcap,tcp_0,tcp,0,Browser,nonTor,Browsing,Browser
nonTor_Browsing_Browser_none_1.pcap.UDP_10-152-152-10_53_10-152-152-11_38285_stream_0.pcap,udp_0,udp,0,Browser,nonTor,Browsing,Browser
nonTor_Browsing_Browser_none_1.pcap.UDP_10-152-152-10_53_10-152-152-11_36118_stream_0.pcap,udp_0,udp,0,Browser,nonTor,Browsing,Browser
nonTor_Browsing_Browser_none_1.pcap.UDP_10-152-152-10_53_10-152-152-11_40747_stream_0.pcap,udp_0,udp,0,Browser,nonTor,Browsing,Browser
nonTor_Browsing_Browser_none_1.pcap.UDP_10-152-152-10_53_10-152-152-11_42121_stream_0.pcap,udp_0,udp,0,Browser,nonTor,Browsing,Browser
nonTor_Browsing_Browser_none_1.pcap.UDP_10-152-152-10_53_10-152-152-11_46719_stream_0.pcap,udp_0,udp,0,Browser,nonTor,Browsing,Browser
nonTor_Browsing_Browser_none_1.pcap.UDP_10-152-152-10_53_10-152-152-11_41708_stream_0.pcap,udp_0,udp,0,Browser,nonTor,Browsing,Browser
nonTor_Browsing_Browser_none_1.pcap.UDP_10-152-152-10_53_10-152-152-11_44133_stream_0.pcap,udp_0,udp,0,Browser,nonTor,Browsing,Browser
nonTor_Browsing_Browser_none_1.pcap.UDP_10-152-152-10_53_10-152-152-11_43579_stream_0.pcap,udp_0,udp,0,Browser,nonTor,Browsing,Browser
nonTor_Browsing_Browser_none_1.pcap.TCP_10-152-152-11_41779_216-58-208-227_443_stream_0.pcap,tcp_0,tcp,0,Browser,nonTor,Browsing,Browser
nonTor_Browsing_Browser_none_1.pcap.UDP_10-152-152-10_53_10-152-152-11_38574_stream_0.pcap,udp_0,udp,0,Browser,nonTor,Browsing,Browser
nonTor_Browsing_Browser_none_1.pcap.UDP_10-152-152-10_53_10-152-152-11_35661_stream_0.pcap,udp_0,udp,0,Browser,nonTor,Browsing,Browser
nonTor_Browsing_Browser_none_1.pcap.UDP_10-152-152-10_53_10-152-152-11_38523_stream_0.pcap,udp_0,udp,0,Browser,nonTor,Browsing,Browser
nonTor_Browsing_Browser_none_1.pcap.UDP_10-152-152-10_53_10-152-152-11_42190_stream_0.pcap,udp_0,udp,0,Browser,nonTor,Browsing,Browser
nonTor_Browsing_Browser_none_1.pcap.UDP_10-152-152-10_53_10-152-152-11_44338_stream_0.pcap,udp_0,udp,0,Browser,nonTor,Browsing,Browser
nonTor_Browsing_Browser_none_1.pcap.UDP_10-152-152-10_53_10-152-152-11_36389_stream_0.pcap,udp_0,udp,0,Browser,nonTor,Browsing,Browser
nonTor_Browsing_Browser_none_1.pcap.UDP_10-152-152-10_53_10-152-152-11_44531_stream_0.pcap,udp_0,udp,0,Browser,nonTor,Browsing,Browser
nonTor_Browsing_Browser_none_1.pcap.UDP_10-152-152-10_53_10-152-152-11_42062_stream_0.pcap,udp_0,udp,0,Browser,nonTor,Browsing,Browser
nonTor_Browsing_Browser_none_1.pcap.UDP_10-152-152-10_53_10-152-152-11_40299_stream_0.pcap,udp_0,udp,0,Browser,nonTor,Browsing,Browser
nonTor_Browsing_Browser_none_1.pcap.UDP_10-152-152-10_53_10-152-152-11_41200_stream_0.pcap,udp_0,udp,0,Browser,nonTor,Browsing,Browser
nonTor_Browsing_Browser_none_1.pcap.UDP_10-152-152-10_53_10-152-152-11_38883_stream_0.pcap,udp_0,udp,0,Browser,nonTor,Browsing,Browser
nonTor_Browsing_Browser_none_1.pcap.UDP_10-152-152-10_53_10-152-152-11_41806_stream_0.pcap,udp_0,udp,0,Browser,nonTor,Browsing,Browser
nonTor_Browsing_Browser_none_1.pcap.UDP_10-152-152-10_53_10-152-152-11_34072_stream_0.pcap,udp_0,udp,0,Browser,nonTor,Browsing,Browser
nonTor_Browsing_Browser_none_1.pcap.UDP_10-152-152-10_53_10-152-152-11_44813_stream_0.pcap,udp_0,udp,0,Browser,nonTor,Browsing,Browser
nonTor_Browsing_Browser_none_1.pcap.UDP_10-152-152-10_53_10-152-152-11_39090_stream_0.pcap,udp_0,udp,0,Browser,nonTor,Browsing,Browser
nonTor_Browsing_Browser_none_1.pcap.TCP_10-152-152-11_54586_31-13-92-14_443_stream_0.pcap,tcp_0,tcp,0,Browser,nonTor,Browsing,Browser
nonTor_Browsing_Browser_none_1.pcap.TCP_10-152-152-11_53140_173-194-208-95_443_stream_0.pcap,tcp_0,tcp,0,Browser,nonTor,Browsing,Browser
nonTor_Browsing_Browser_none_1.pcap.UDP_10-152-152-10_53_10-152-152-11_45473_stream_0.pcap,udp_0,udp,0,Browser,nonTor,Browsing,Browser
nonTor_Browsing_Browser_none_1.pcap.TCP_10-152-152-11_42135_216-239-32-57_443_stream_0.pcap,tcp_0,tcp,0,Browser,nonTor,Browsing,Browser
nonTor_Browsing_Browser_none_1.pcap.UDP_10-152-152-10_53_10-152-152-11_45022_stream_0.pcap,udp_0,udp,0,Browser,nonTor,Browsing,Browser
nonTor_Browsing_Browser_none_1.pcap.UDP_10-152-152-10_53_10-152-152-11_35252_stream_0.pcap,udp_0,udp,0,Browser,nonTor,Browsing,Browser
nonTor_Browsing_Browser_none_1.pcap.UDP_10-152-152-10_53_10-152-152-11_43777_stream_0.pcap,udp_0,udp,0,Browser,nonTor,Browsing,Browser
nonTor_Browsing_Browser_none_1.pcap.UDP_10-152-152-10_53_10-152-152-11_36105_stream_0.pcap,udp_0,udp,0,Browser,nonTor,Browsing,Browser
nonTor_Browsing_Browser_none_1.pcap.UDP_10-152-152-10_53_10-152-152-11_32882_stream_0.pcap,udp_0,udp,0,Browser,nonTor,Browsing,Browser
nonTor_Browsing_Browser_none_1.pcap.UDP_10-152-152-10_53_10-152-152-11_39301_stream_0.pcap,udp_0,udp,0,Browser,nonTor,Browsing,Browser
nonTor_Browsing_Browser_none_1.pcap.UDP_10-152-152-10_53_10-152-152-11_39086_stream_0.pcap,udp_0,udp,0,Browser,nonTor,Browsing,Browser
nonTor_Browsing_Browser_none_1.pcap.UDP_10-152-152-10_53_10-152-152-11_45665_stream_0.pcap,udp_0,udp,0,Browser,nonTor,Browsing,Browser
nonTor_Browsing_Browser_none_1.pcap.UDP_10-152-152-10_53_10-152-152-11_34171_stream_0.pcap,udp_0,udp,0,Browser,nonTor,Browsing,Browser
nonTor_Browsing_Browser_none_1.pcap.TCP_10-152-152-11_57584_173-194-112-175_443_stream_0.pcap,tcp_0,tcp,0,Browser,nonTor,Browsing,Browser
nonTor_Browsing_Browser_none_1.pcap.UDP_10-152-152-10_53_10-152-152-11_44236_stream_0.pcap,udp_0,udp,0,Browser,nonTor,Browsing,Browser
nonTor_Browsing_Browser_none_1.pcap.TCP_10-152-152-11_37221_74-125-232-105_443_stream_0.pcap,tcp_0,tcp,0,Browser,nonTor,Browsing,Browser
nonTor_Browsing_Browser_none_1.pcap.UDP_10-152-152-10_53_10-152-152-11_45806_stream_0.pcap,udp_0,udp,0,Browser,nonTor,Browsing,Browser
nonTor_Browsing_Browser_none_1.pcap.TCP_10-152-152-11_55374_31-13-92-14_443_stream_0.pcap,tcp_0,tcp,0,Browser,nonTor,Browsing,Browser
nonTor_Browsing_Browser_none_1.pcap.UDP_10-152-152-10_53_10-152-152-11_38502_stream_0.pcap,udp_0,udp,0,Browser,nonTor,Browsing,Browser
nonTor_Browsing_Browser_none_1.pcap.UDP_10-152-152-10_53_10-152-152-11_42824_stream_0.pcap,udp_0,udp,0,Browser,nonTor,Browsing,Browser
nonTor_Browsing_Browser_none_1.pcap.UDP_10-152-152-10_53_10-152-152-11_40527_stream_0.pcap,udp_0,udp,0,Browser,nonTor,Browsing,Browser
nonTor_Browsing_Browser_none_1.pcap.UDP_10-152-152-10_53_10-152-152-11_34630_stream_0.pcap,udp_0,udp,0,Browser,nonTor,Browsing,Browser
nonTor_Browsing_Browser_none_1.pcap.UDP_10-152-152-10_53_10-152-152-11_35248_stream_0.pcap,udp_0,udp,0,Browser,nonTor,Browsing,Browser
nonTor_Browsing_Browser_none_1.pcap.TCP_10-152-152-11_38968_173-194-116-192_443_stream_0.pcap,tcp_0,tcp,0,Browser,nonTor,Browsing,Browser
nonTor_Browsing_Browser_none_1.pcap.TCP_10-152-152-11_56937_66-102-1-94_443_stream_0.pcap,tcp_0,tcp,0,Browser,nonTor,Browsing,Browser
nonTor_Browsing_Browser_none_1.pcap.UDP_10-152-152-10_53_10-152-152-11_40738_stream_0.pcap,udp_0,udp,0,Browser,nonTor,Browsing,Browser
nonTor_Browsing_Browser_none_1.pcap.UDP_10-152-152-10_53_10-152-152-11_43066_stream_0.pcap,udp_0,udp,0,Browser,nonTor,Browsing,Browser
nonTor_Browsing_Browser_none_1.pcap.UDP_10-152-152-10_53_10-152-152-11_42770_stream_0.pcap,udp_0,udp,0,Browser,nonTor,Browsing,Browser
nonTor_Browsing_Browser_none_1.pcap.UDP_10-152-152-10_53_10-152-152-11_37588_stream_0.pcap,udp_0,udp,0,Browser,nonTor,Browsing,Browser
nonTor_Browsing_Browser_none_1.pcap.UDP_10-152-152-10_53_10-152-152-11_39610_stream_0.pcap,udp_0,udp,0,Browser,nonTor,Browsing,Browser
nonTor_Browsing_Browser_none_1.pcap.UDP_10-152-152-10_53_10-152-152-11_43892_stream_0.pcap,udp_0,udp,0,Browser,nonTor,Browsing,Browser
nonTor_Browsing_Browser_none_1.pcap.UDP_10-152-152-10_53_10-152-152-11_34263_stream_0.pcap,udp_0,udp,0,Browser,nonTor,Browsing,Browser
nonTor_Browsing_Browser_none_1.pcap.UDP_10-152-152-10_53_10-152-152-11_37808_stream_0.pcap,udp_0,udp,0,Browser,nonTor,Browsing,Browser
nonTor_Browsing_Browser_none_1.pcap.UDP_10-152-152-10_53_10-152-152-11_34123_stream_0.pcap,udp_0,udp,0,Browser,nonTor,Browsing,Browser
nonTor_Browsing_Browser_none_1.pcap.UDP_10-152-152-10_53_10-152-152-11_42903_stream_0.pcap,udp_0,udp,0,Browser,nonTor,Browsing,Browser
nonTor_Browsing_Browser_none_1.pcap.TCP_10-152-152-11_45917_64-233-165-95_443_stream_0.pcap,tcp_0,tcp,0,Browser,nonTor,Browsing,Browser
nonTor_Browsing_Browser_none_1.pcap.UDP_10-152-152-10_53_10-152-152-11_36569_stream_0.pcap,udp_0,udp,0,Browser,nonTor,Browsing,Browser
nonTor_Browsing_Browser_none_1.pcap.UDP_10-152-152-10_53_10-152-152-11_38363_stream_0.pcap,udp_0,udp,0,Browser,nonTor,Browsing,Browser
nonTor_Browsing_Browser_none_1.pcap.UDP_10-152-152-10_53_10-152-152-11_43188_stream_0.pcap,udp_0,udp,0,Browser,nonTor,Browsing,Browser
nonTor_Browsing_Browser_none_1.pcap.UDP_10-152-152-10_53_10-152-152-11_34882_stream_0.pcap,udp_0,udp,0,Browser,nonTor,Browsing,Browser
nonTor_Browsing_Browser_none_1.pcap.UDP_10-152-152-10_53_10-152-152-11_39634_stream_0.pcap,udp_0,udp,0,Browser,nonTor,Browsing,Browser
nonTor_Browsing_Browser_none_1.pcap.UDP_10-152-152-10_53_10-152-152-11_46223_stream_0.pcap,udp_0,udp,0,Browser,nonTor,Browsing,Browser
nonTor_Browsing_Browser_none_1.pcap.UDP_10-152-152-10_53_10-152-152-11_39432_stream_0.pcap,udp_0,udp,0,Browser,nonTor,Browsing,Browser
nonTor_Browsing_Browser_none_1.pcap.UDP_10-152-152-10_53_10-152-152-11_46611_stream_0.pcap,udp_0,udp,0,Browser,nonTor,Browsing,Browser
nonTor_Browsing_Browser_none_1.pcap.UDP_10-152-152-10_53_10-152-152-11_35933_stream_0.pcap,udp_0,udp,0,Browser,nonTor,Browsing,Browser
nonTor_Browsing_Browser_none_1.pcap.UDP_10-152-152-10_53_10-152-152-11_34586_stream_0.pcap,udp_0,udp,0,Browser,nonTor,Browsing,Browser
nonTor_Browsing_Browser_none_1.pcap.UDP_10-152-152-10_53_10-152-152-11_41455_stream_0.pcap,udp_0,udp,0,Browser,nonTor,Browsing,Browser
nonTor_Browsing_Browser_none_1.pcap.UDP_10-152-152-10_53_10-152-152-11_40634_stream_0.pcap,udp_0,udp,0,Browser,nonTor,Browsing,Browser
nonTor_Browsing_Browser_none_1.pcap.UDP_10-152-152-10_53_10-152-152-11_42138_stream_0.pcap,udp_0,udp,0,Browser,nonTor,Browsing,Browser
nonTor_Browsing_Browser_none_1.pcap.UDP_10-152-152-10_53_10-152-152-11_38615_stream_0.pcap,udp_0,udp,0,Browser,nonTor,Browsing,Browser
nonTor_Browsing_Browser_none_1.pcap.UDP_10-152-152-10_53_10-152-152-11_44450_stream_0.pcap,udp_0,udp,0,Browser,nonTor,Browsing,Browser
nonTor_Browsing_Browser_none_1.pcap.TCP_10-152-152-11_37588_216-58-209-102_443_stream_0.pcap,tcp_0,tcp,0,Browser,nonTor,Browsing,Browser
nonTor_Browsing_Browser_none_1.pcap.UDP_10-152-152-10_53_10-152-152-11_37027_stream_0.pcap,udp_0,udp,0,Browser,nonTor,Browsing,Browser
nonTor_Browsing_Browser_none_1.pcap.UDP_10-152-152-10_53_10-152-152-11_33878_stream_0.pcap,udp_0,udp,0,Browser,nonTor,Browsing,Browser
nonTor_Browsing_Browser_none_1.pcap.UDP_10-152-152-10_53_10-152-152-11_41253_stream_0.pcap,udp_0,udp,0,Browser,nonTor,Browsing,Browser
nonTor_Browsing_Browser_none_1.pcap.TCP_10-152-152-11_47923_173-194-112-162_443_stream_0.pcap,tcp_0,tcp,0,Browser,nonTor,Browsing,Browser
nonTor_Browsing_Browser_none_1.pcap.UDP_10-152-152-10_53_10-152-152-11_34329_stream_0.pcap,udp_0,udp,0,Browser,nonTor,Browsing,Browser
nonTor_Browsing_Browser_none_1.pcap.UDP_10-152-152-10_53_10-152-152-11_35436_stream_0.pcap,udp_0,udp,0,Browser,nonTor,Browsing,Browser
nonTor_Browsing_Browser_none_1.pcap.TCP_10-152-152-11_47323_173-194-112-177_443_stream_0.pcap,tcp_0,tcp,0,Browser,nonTor,Browsing,Browser
nonTor_Browsing_Browser_none_1.pcap.UDP_10-152-152-10_53_10-152-152-11_43894_stream_0.pcap,udp_0,udp,0,Browser,nonTor,Browsing,Browser
nonTor_Browsing_Browser_none_1.pcap.UDP_10-152-152-10_53_10-152-152-11_34033_stream_0.pcap,udp_0,udp,0,Browser,nonTor,Browsing,Browser
nonTor_Browsing_Browser_none_1.pcap.UDP_10-152-152-10_53_10-152-152-11_41775_stream_0.pcap,udp_0,udp,0,Browser,nonTor,Browsing,Browser
nonTor_Browsing_Browser_none_1.pcap.UDP_10-152-152-10_53_10-152-152-11_36678_stream_0.pcap,udp_0,udp,0,Browser,nonTor,Browsing,Browser
nonTor_Browsing_Browser_none_1.pcap.TCP_10-152-152-11_56942_216-58-209-129_443_stream_0.pcap,tcp_0,tcp,0,Browser,nonTor,Browsing,Browser
nonTor_Browsing_Browser_none_1.pcap.UDP_10-152-152-10_53_10-152-152-11_40612_stream_0.pcap,udp_0,udp,0,Browser,nonTor,Browsing,Browser
nonTor_Browsing_Browser_none_1.pcap.UDP_10-152-152-10_53_10-152-152-11_41353_stream_0.pcap,udp_0,udp,0,Browser,nonTor,Browsing,Browser
nonTor_Browsing_Browser_none_1.pcap.TCP_10-152-152-11_39684_173-194-112-184_443_stream_0.pcap,tcp_0,tcp,0,Browser,nonTor,Browsing,Browser
nonTor_Browsing_Browser_none_1.pcap.UDP_10-152-152-10_53_10-152-152-11_39512_stream_0.pcap,udp_0,udp,0,Browser,nonTor,Browsing,Browser
nonTor_Browsing_Browser_none_1.pcap.UDP_10-152-152-10_53_10-152-152-11_43292_stream_0.pcap,udp_0,udp,0,Browser,nonTor,Browsing,Browser
nonTor_Browsing_Browser_none_1.pcap.UDP_10-152-152-10_53_10-152-152-11_44237_stream_0.pcap,udp_0,udp,0,Browser,nonTor,Browsing,Browser
nonTor_Browsing_Browser_none_1.pcap.TCP_10-152-152-11_42682_74-119-118-67_443_stream_0.pcap,tcp_0,tcp,0,Browser,nonTor,Browsing,Browser
nonTor_Browsing_Browser_none_1.pcap.UDP_10-152-152-10_53_10-152-152-11_38241_stream_0.pcap,udp_0,udp,0,Browser,nonTor,Browsing,Browser
nonTor_Browsing_Browser_none_1.pcap.UDP_10-152-152-10_53_10-152-152-11_36510_stream_0.pcap,udp_0,udp,0,Browser,nonTor,Browsing,Browser
nonTor_Browsing_Browser_none_1.pcap.TCP_10-152-152-11_42830_74-125-136-156_443_stream_0.pcap,tcp_0,tcp,0,Browser,nonTor,Browsing,Browser
nonTor_Browsing_Browser_none_1.pcap.UDP_10-152-152-10_53_10-152-152-11_38666_stream_0.pcap,udp_0,udp,0,Browser,nonTor,Browsing,Browser
nonTor_Browsing_Browser_none_1.pcap.UDP_10-152-152-10_53_10-152-152-11_44690_stream_0.pcap,udp_0,udp,0,Browser,nonTor,Browsing,Browser
nonTor_Browsing_Browser_none_1.pcap.UDP_10-152-152-10_53_10-152-152-11_41141_stream_0.pcap,udp_0,udp,0,Browser,nonTor,Browsing,Browser
nonTor_Browsing_Browser_none_1.pcap.UDP_10-152-152-10_53_10-152-152-11_36814_stream_0.pcap,udp_0,udp,0,Browser,nonTor,Browsing,Browser
nonTor_Browsing_Browser_none_1.pcap.UDP_10-152-152-10_53_10-152-152-11_36424_stream_0.pcap,udp_0,udp,0,Browser,nonTor,Browsing,Browser
nonTor_Browsing_Browser_none_1.pcap.UDP_10-152-152-10_53_10-152-152-11_38164_stream_0.pcap,udp_0,udp,0,Browser,nonTor,Browsing,Browser
nonTor_Browsing_Browser_none_1.pcap.UDP_10-152-152-10_53_10-152-152-11_36211_stream_0.pcap,udp_0,udp,0,Browser,nonTor,Browsing,Browser
nonTor_Browsing_Browser_none_1.pcap.UDP_10-152-152-10_53_10-152-152-11_37671_stream_0.pcap,udp_0,udp,0,Browser,nonTor,Browsing,Browser
nonTor_Browsing_Browser_none_1.pcap.UDP_10-152-152-10_53_10-152-152-11_46597_stream_0.pcap,udp_0,udp,0,Browser,nonTor,Browsing,Browser
nonTor_Browsing_Browser_none_1.pcap.UDP_10-152-152-10_53_10-152-152-11_37829_stream_0.pcap,udp_0,udp,0,Browser,nonTor,Browsing,Browser
nonTor_Browsing_Browser_none_1.pcap.UDP_10-152-152-10_53_10-152-152-11_37208_stream_0.pcap,udp_0,udp,0,Browser,nonTor,Browsing,Browser
nonTor_Browsing_Browser_none_1.pcap.UDP_10-152-152-10_53_10-152-152-11_44919_stream_0.pcap,udp_0,udp,0,Browser,nonTor,Browsing,Browser
nonTor_Browsing_Browser_none_1.pcap.UDP_10-152-152-10_53_10-152-152-11_35672_stream_0.pcap,udp_0,udp,0,Browser,nonTor,Browsing,Browser
Tor_Browsing_Browser_none_5.pcap.TCP_10-0-2-15_58167_195-154-107-23_443_stream_0.pcap,tcp_0,tcp,0,Browser,Tor,Browsing,Browser
nonTor_Browsing_Browser_none_1.pcap.UDP_10-152-152-10_53_10-152-152-11_36716_stream_0.pcap,udp_0,udp,0,Browser,nonTor,Browsing,Browser
nonTor_Browsing_Browser_none_1.pcap.UDP_10-152-152-10_53_10-152-152-11_41680_stream_0.pcap,udp_0,udp,0,Browser,nonTor,Browsing,Browser
nonTor_Browsing_Browser_none_1.pcap.UDP_10-152-152-10_53_10-152-152-11_40763_stream_0.pcap,udp_0,udp,0,Browser,nonTor,Browsing,Browser
nonTor_Browsing_Browser_none_1.pcap.UDP_10-152-152-10_53_10-152-152-11_42189_stream_0.pcap,udp_0,udp,0,Browser,nonTor,Browsing,Browser
nonTor_Browsing_Browser_none_1.pcap.UDP_10-152-152-10_53_10-152-152-11_43353_stream_0.pcap,udp_0,udp,0,Browser,nonTor,Browsing,Browser
nonTor_Browsing_Browser_none_1.pcap.UDP_10-152-152-10_53_10-152-152-11_39076_stream_0.pcap,udp_0,udp,0,Browser,nonTor,Browsing,Browser
nonTor_Browsing_Browser_none_1.pcap.UDP_10-152-152-10_53_10-152-152-11_38178_stream_0.pcap,udp_0,udp,0,Browser,nonTor,Browsing,Browser
nonTor_Browsing_Browser_none_1.pcap.UDP_10-152-152-10_53_10-152-152-11_38291_stream_0.pcap,udp_0,udp,0,Browser,nonTor,Browsing,Browser
nonTor_Browsing_Browser_none_1.pcap.UDP_10-152-152-10_53_10-152-152-11_37077_stream_0.pcap,udp_0,udp,0,Browser,nonTor,Browsing,Browser
nonTor_Browsing_Browser_none_1.pcap.UDP_10-152-152-10_53_10-152-152-11_39734_stream_0.pcap,udp_0,udp,0,Browser,nonTor,Browsing,Browser
nonTor_Browsing_Browser_none_1.pcap.UDP_10-152-152-10_53_10-152-152-11_46462_stream_0.pcap,udp_0,udp,0,Browser,nonTor,Browsing,Browser
nonTor_Browsing_Browser_none_1.pcap.UDP_10-152-152-10_53_10-152-152-11_40086_stream_0.pcap,udp_0,udp,0,Browser,nonTor,Browsing,Browser
nonTor_Browsing_Browser_none_1.pcap.UDP_10-152-152-10_53_10-152-152-11_41684_stream_0.pcap,udp_0,udp,0,Browser,nonTor,Browsing,Browser
nonTor_Browsing_Browser_none_1.pcap.UDP_10-152-152-10_53_10-152-152-11_46422_stream_0.pcap,udp_0,udp,0,Browser,nonTor,Browsing,Browser
nonTor_Browsing_Browser_none_1.pcap.UDP_10-152-152-10_53_10-152-152-11_44395_stream_0.pcap,udp_0,udp,0,Browser,nonTor,Browsing,Browser
nonTor_Browsing_Browser_none_1.pcap.TCP_10-152-152-11_34767_31-13-64-36_443_stream_0.pcap,tcp_0,tcp,0,Browser,nonTor,Browsing,Browser
nonTor_Browsing_Browser_none_1.pcap.UDP_10-152-152-10_53_10-152-152-11_41391_stream_0.pcap,udp_0,udp,0,Browser,nonTor,Browsing,Browser
nonTor_Browsing_Browser_none_1.pcap.TCP_10-152-152-11_53579_31-13-92-14_443_stream_0.pcap,tcp_0,tcp,0,Browser,nonTor,Browsing,Browser
nonTor_Browsing_Browser_none_1.pcap.UDP_10-152-152-10_53_10-152-152-11_36237_stream_0.pcap,udp_0,udp,0,Browser,nonTor,Browsing,Browser
nonTor_Browsing_Browser_none_1.pcap.UDP_10-152-152-10_53_10-152-152-11_41731_stream_0.pcap,udp_0,udp,0,Browser,nonTor,Browsing,Browser
nonTor_Browsing_Browser_none_1.pcap.TCP_10-152-152-11_53165_216-58-209-141_443_stream_0.pcap,tcp_0,tcp,0,Browser,nonTor,Browsing,Browser
nonTor_Browsing_Browser_none_1.pcap.UDP_10-152-152-10_53_10-152-152-11_45388_stream_0.pcap,udp_0,udp,0,Browser,nonTor,Browsing,Browser
nonTor_Browsing_Browser_none_1.pcap.UDP_10-152-152-10_53_10-152-152-11_43450_stream_0.pcap,udp_0,udp,0,Browser,nonTor,Browsing,Browser
nonTor_Browsing_Browser_none_1.pcap.UDP_10-152-152-10_53_10-152-152-11_45709_stream_0.pcap,udp_0,udp,0,Browser,nonTor,Browsing,Browser
nonTor_Browsing_Browser_none_1.pcap.UDP_10-152-152-10_53_10-152-152-11_43147_stream_0.pcap,udp_0,udp,0,Browser,nonTor,Browsing,Browser
nonTor_Browsing_Browser_none_1.pcap.TCP_10-152-152-11_51274_173-194-116-216_443_stream_0.pcap,tcp_0,tcp,0,Browser,nonTor,Browsing,Browser
nonTor_Browsing_Browser_none_1.pcap.UDP_10-152-152-10_53_10-152-152-11_43599_stream_0.pcap,udp_0,udp,0,Browser,nonTor,Browsing,Browser
nonTor_Browsing_Browser_none_1.pcap.UDP_10-152-152-10_53_10-152-152-11_42970_stream_0.pcap,udp_0,udp,0,Browser,nonTor,Browsing,Browser
nonTor_Browsing_Browser_none_1.pcap.UDP_10-152-152-10_53_10-152-152-11_38305_stream_0.pcap,udp_0,udp,0,Browser,nonTor,Browsing,Browser
nonTor_Browsing_Browser_none_1.pcap.UDP_10-152-152-10_53_10-152-152-11_45001_stream_0.pcap,udp_0,udp,0,Browser,nonTor,Browsing,Browser
nonTor_Browsing_Browser_none_1.pcap.UDP_10-152-152-10_53_10-152-152-11_41122_stream_0.pcap,udp_0,udp,0,Browser,nonTor,Browsing,Browser
nonTor_Browsing_Browser_none_1.pcap.UDP_10-152-152-10_53_10-152-152-11_35548_stream_0.pcap,udp_0,udp,0,Browser,nonTor,Browsing,Browser
nonTor_Browsing_Browser_none_1.pcap.UDP_10-152-152-10_53_10-152-152-11_40662_stream_0.pcap,udp_0,udp,0,Browser,nonTor,Browsing,Browser
nonTor_Browsing_Browser_none_1.pcap.TCP_10-152-152-11_42807_74-125-136-157_443_stream_0.pcap,tcp_0,tcp,0,Browser,nonTor,Browsing,Browser
nonTor_Browsing_Browser_none_1.pcap.UDP_10-152-152-10_53_10-152-152-11_35523_stream_0.pcap,udp_0,udp,0,Browser,nonTor,Browsing,Browser
nonTor_Browsing_Browser_none_1.pcap.TCP_10-152-152-11_50876_216-58-217-130_443_stream_0.pcap,tcp_0,tcp,0,Browser,nonTor,Browsing,Browser
nonTor_Browsing_Browser_none_1.pcap.UDP_10-152-152-10_53_10-152-152-11_37148_stream_0.pcap,udp_0,udp,0,Browser,nonTor,Browsing,Browser
nonTor_Browsing_Browser_none_1.pcap.UDP_10-152-152-10_53_10-152-152-11_41979_stream_0.pcap,udp_0,udp,0,Browser,nonTor,Browsing,Browser
nonTor_Browsing_Browser_none_1.pcap.UDP_10-152-152-10_53_10-152-152-11_33479_stream_0.pcap,udp_0,udp,0,Browser,nonTor,Browsing,Browser
nonTor_Browsing_Browser_none_1.pcap.UDP_10-152-152-10_53_10-152-152-11_34890_stream_0.pcap,udp_0,udp,0,Browser,nonTor,Browsing,Browser
nonTor_Browsing_Browser_none_1.pcap.UDP_10-152-152-10_53_10-152-152-11_35485_stream_0.pcap,udp_0,udp,0,Browser,nonTor,Browsing,Browser
nonTor_Browsing_Browser_none_1.pcap.UDP_10-152-152-10_53_10-152-152-11_36722_stream_0.pcap,udp_0,udp,0,Browser,nonTor,Browsing,Browser
nonTor_Browsing_Browser_none_1.pcap.UDP_10-152-152-10_53_10-152-152-11_39912_stream_0.pcap,udp_0,udp,0,Browser,nonTor,Browsing,Browser
nonTor_Browsing_Browser_none_1.pcap.UDP_10-152-152-10_53_10-152-152-11_36159_stream_0.pcap,udp_0,udp,0,Browser,nonTor,Browsing,Browser
nonTor_Browsing_Browser_none_1.pcap.UDP_10-152-152-10_53_10-152-152-11_37771_stream_0.pcap,udp_0,udp,0,Browser,nonTor,Browsing,Browser
nonTor_Browsing_Browser_none_1.pcap.UDP_10-152-152-10_53_10-152-152-11_38070_stream_0.pcap,udp_0,udp,0,Browser,nonTor,Browsing,Browser
nonTor_Browsing_Browser_none_1.pcap.UDP_10-152-152-10_53_10-152-152-11_46341_stream_0.pcap,udp_0,udp,0,Browser,nonTor,Browsing,Browser
nonTor_Browsing_Browser_none_1.pcap.UDP_10-152-152-10_53_10-152-152-11_45378_stream_0.pcap,udp_0,udp,0,Browser,nonTor,Browsing,Browser
nonTor_Browsing_Browser_none_1.pcap.UDP_10-152-152-10_53_10-152-152-11_44692_stream_0.pcap,udp_0,udp,0,Browser,nonTor,Browsing,Browser
nonTor_Browsing_Browser_none_1.pcap.TCP_10-152-152-11_36023_23-13-39-204_443_stream_0.pcap,tcp_0,tcp,0,Browser,nonTor,Browsing,Browser
nonTor_Browsing_Browser_none_1.pcap.UDP_10-152-152-10_53_10-152-152-11_35489_stream_0.pcap,udp_0,udp,0,Browser,nonTor,Browsing,Browser
nonTor_Browsing_Browser_none_1.pcap.UDP_10-152-152-10_53_10-152-152-11_42266_stream_0.pcap,udp_0,udp,0,Browser,nonTor,Browsing,Browser
nonTor_Browsing_Browser_none_1.pcap.UDP_10-152-152-10_53_10-152-152-11_45269_stream_0.pcap,udp_0,udp,0,Browser,nonTor,Browsing,Browser
nonTor_Browsing_Browser_none_1.pcap.UDP_10-152-152-10_53_10-152-152-11_42565_stream_0.pcap,udp_0,udp,0,Browser,nonTor,Browsing,Browser
nonTor_Browsing_Browser_none_1.pcap.TCP_10-152-152-11_43743_216-58-198-130_443_stream_0.pcap,tcp_0,tcp,0,Browser,nonTor,Browsing,Browser
nonTor_Browsing_Browser_none_1.pcap.UDP_10-152-152-10_53_10-152-152-11_34422_stream_0.pcap,udp_0,udp,0,Browser,nonTor,Browsing,Browser
nonTor_Browsing_Browser_none_1.pcap.TCP_10-152-152-11_34013_31-13-92-36_443_stream_0.pcap,tcp_0,tcp,0,Browser,nonTor,Browsing,Browser
nonTor_Browsing_Browser_none_1.pcap.TCP_10-152-152-11_56383_74-125-22-95_443_stream_0.pcap,tcp_0,tcp,0,Browser,nonTor,Browsing,Browser
nonTor_Browsing_Browser_none_1.pcap.UDP_10-152-152-10_53_10-152-152-11_37034_stream_0.pcap,udp_0,udp,0,Browser,nonTor,Browsing,Browser
nonTor_Browsing_Browser_none_1.pcap.TCP_10-152-152-11_42502_216-58-209-110_443_stream_0.pcap,tcp_0,tcp,0,Browser,nonTor,Browsing,Browser
Tor_Browsing_Browser_none_3.salvaged.pcap.TCP_10-0-2-15_48847_195-154-107-23_443_stream_0.pcap,tcp_0,tcp,0,Browser,Tor,Browsing,Browser
nonTor_Browsing_Browser_none_1.pcap.UDP_10-152-152-10_53_10-152-152-11_38044_stream_0.pcap,udp_0,udp,0,Browser,nonTor,Browsing,Browser
nonTor_Browsing_Browser_none_1.pcap.UDP_10-152-152-10_53_10-152-152-11_41821_stream_0.pcap,udp_0,udp,0,Browser,nonTor,Browsing,Browser
nonTor_Browsing_Browser_none_1.pcap.UDP_10-152-152-10_53_10-152-152-11_45466_stream_0.pcap,udp_0,udp,0,Browser,nonTor,Browsing,Browser
nonTor_Browsing_Browser_none_1.pcap.UDP_10-152-152-10_53_10-152-152-11_35187_stream_0.pcap,udp_0,udp,0,Browser,nonTor,Browsing,Browser
nonTor_Browsing_Browser_none_1.pcap.UDP_10-152-152-10_53_10-152-152-11_39356_stream_0.pcap,udp_0,udp,0,Browser,nonTor,Browsing,Browser
nonTor_Browsing_Browser_none_1.pcap.TCP_10-152-152-11_55655_173-194-113-132_443_stream_0.pcap,tcp_0,tcp,0,Browser,nonTor,Browsing,Browser
nonTor_Browsing_Browser_none_1.pcap.UDP_10-152-152-10_53_10-152-152-11_44679_stream_0.pcap,udp_0,udp,0,Browser,nonTor,Browsing,Browser
nonTor_Browsing_Browser_none_1.pcap.UDP_10-152-152-10_53_10-152-152-11_37564_stream_0.pcap,udp_0,udp,0,Browser,nonTor,Browsing,Browser
nonTor_Browsing_Browser_none_1.pcap.UDP_10-152-152-10_53_10-152-152-11_37742_stream_0.pcap,udp_0,udp,0,Browser,nonTor,Browsing,Browser
nonTor_Browsing_Browser_none_1.pcap.TCP_10-152-152-11_46130_31-13-77-12_443_stream_0.pcap,tcp_0,tcp,0,Browser,nonTor,Browsing,Browser
nonTor_Browsing_Browser_none_1.pcap.TCP_10-152-152-11_38966_173-194-116-192_443_stream_0.pcap,tcp_0,tcp,0,Browser,nonTor,Browsing,Browser
nonTor_Browsing_Browser_none_1.pcap.UDP_10-152-152-10_53_10-152-152-11_42401_stream_0.pcap,udp_0,udp,0,Browser,nonTor,Browsing,Browser
nonTor_Browsing_Browser_none_1.pcap.UDP_10-152-152-10_53_10-152-152-11_43786_stream_0.pcap,udp_0,udp,0,Browser,nonTor,Browsing,Browser
nonTor_Browsing_Browser_none_1.pcap.UDP_10-152-152-10_53_10-152-152-11_45641_stream_0.pcap,udp_0,udp,0,Browser,nonTor,Browsing,Browser
nonTor_Browsing_Browser_none_1.pcap.TCP_10-152-152-11_33517_31-13-70-7_443_stream_0.pcap,tcp_0,tcp,0,Browser,nonTor,Browsing,Browser
nonTor_Browsing_Browser_none_1.pcap.UDP_10-152-152-10_53_10-152-152-11_45935_stream_0.pcap,udp_0,udp,0,Browser,nonTor,Browsing,Browser
nonTor_Browsing_Browser_none_1.pcap.UDP_10-152-152-10_53_10-152-152-11_37354_stream_0.pcap,udp_0,udp,0,Browser,nonTor,Browsing,Browser
nonTor_Browsing_Browser_none_1.pcap.TCP_10-152-152-11_37509_173-194-46-63_443_stream_0.pcap,tcp_0,tcp,0,Browser,nonTor,Browsing,Browser
nonTor_Browsing_Browser_none_1.pcap.UDP_10-152-152-10_53_10-152-152-11_40548_stream_0.pcap,udp_0,udp,0,Browser,nonTor,Browsing,Browser
nonTor_Browsing_Browser_none_1.pcap.UDP_10-152-152-10_53_10-152-152-11_38681_stream_0.pcap,udp_0,udp,0,Browser,nonTor,Browsing,Browser
nonTor_Browsing_Browser_none_1.pcap.UDP_10-152-152-10_53_10-152-152-11_45361_stream_0.pcap,udp_0,udp,0,Browser,nonTor,Browsing,Browser
nonTor_Browsing_Browser_none_1.pcap.TCP_10-152-152-11_41902_173-194-116-186_443_stream_0.pcap,tcp_0,tcp,0,Browser,nonTor,Browsing,Browser
nonTor_Browsing_Browser_none_1.pcap.UDP_10-152-152-10_53_10-152-152-11_33544_stream_0.pcap,udp_0,udp,0,Browser,nonTor,Browsing,Browser
nonTor_Browsing_Browser_none_1.pcap.UDP_10-152-152-10_53_10-152-152-11_45520_stream_0.pcap,udp_0,udp,0,Browser,nonTor,Browsing,Browser
nonTor_Browsing_Browser_none_1.pcap.UDP_10-152-152-10_53_10-152-152-11_42171_stream_0.pcap,udp_0,udp,0,Browser,nonTor,Browsing,Browser
nonTor_Browsing_Browser_none_1.pcap.UDP_10-152-152-10_53_10-152-152-11_39492_stream_0.pcap,udp_0,udp,0,Browser,nonTor,Browsing,Browser
nonTor_Browsing_Browser_none_1.pcap.UDP_10-152-152-10_53_10-152-152-11_36995_stream_0.pcap,udp_0,udp,0,Browser,nonTor,Browsing,Browser
nonTor_Browsing_Browser_none_1.pcap.UDP_10-152-152-10_53_10-152-152-11_41235_stream_0.pcap,udp_0,udp,0,Browser,nonTor,Browsing,Browser
nonTor_Browsing_Browser_none_1.pcap.UDP_10-152-152-10_53_10-152-152-11_46101_stream_0.pcap,udp_0,udp,0,Browser,nonTor,Browsing,Browser
nonTor_Browsing_Browser_none_1.pcap.UDP_10-152-152-10_53_10-152-152-11_35097_stream_0.pcap,udp_0,udp,0,Browser,nonTor,Browsing,Browser
nonTor_Browsing_Browser_none_1.pcap.TCP_10-152-152-11_59263_37-252-162-9_443_stream_0.pcap,tcp_0,tcp,0,Browser,nonTor,Browsing,Browser
nonTor_Browsing_Browser_none_1.pcap.UDP_10-152-152-10_53_10-152-152-11_36043_stream_0.pcap,udp_0,udp,0,Browser,nonTor,Browsing,Browser
nonTor_Browsing_Browser_none_1.pcap.UDP_10-152-152-10_53_10-152-152-11_37836_stream_0.pcap,udp_0,udp,0,Browser,nonTor,Browsing,Browser
nonTor_Browsing_Browser_none_1.pcap.UDP_10-152-152-10_53_10-152-152-11_39913_stream_0.pcap,udp_0,udp,0,Browser,nonTor,Browsing,Browser
nonTor_Browsing_Browser_none_1.pcap.UDP_10-152-152-10_53_10-152-152-11_44152_stream_0.pcap,udp_0,udp,0,Browser,nonTor,Browsing,Browser
nonTor_Browsing_Browser_none_1.pcap.UDP_10-152-152-10_53_10-152-152-11_44194_stream_0.pcap,udp_0,udp,0,Browser,nonTor,Browsing,Browser
nonTor_Browsing_Browser_none_1.pcap.UDP_10-152-152-10_53_10-152-152-11_36261_stream_0.pcap,udp_0,udp,0,Browser,nonTor,Browsing,Browser
nonTor_Browsing_Browser_none_1.pcap.UDP_10-152-152-10_53_10-152-152-11_40194_stream_0.pcap,udp_0,udp,0,Browser,nonTor,Browsing,Browser
nonTor_Browsing_Browser_none_1.pcap.UDP_10-152-152-10_53_10-152-152-11_34273_stream_0.pcap,udp_0,udp,0,Browser,nonTor,Browsing,Browser
nonTor_Browsing_Browser_none_1.pcap.UDP_10-152-152-10_53_10-152-152-11_38965_stream_0.pcap,udp_0,udp,0,Browser,nonTor,Browsing,Browser
nonTor_Browsing_Browser_none_1.pcap.UDP_10-152-152-10_53_10-152-152-11_36421_stream_0.pcap,udp_0,udp,0,Browser,nonTor,Browsing,Browser
nonTor_Browsing_Browser_none_1.pcap.UDP_10-152-152-10_53_10-152-152-11_40171_stream_0.pcap,udp_0,udp,0,Browser,nonTor,Browsing,Browser
nonTor_Browsing_Browser_none_1.pcap.UDP_10-152-152-10_53_10-152-152-11_36632_stream_0.pcap,udp_0,udp,0,Browser,nonTor,Browsing,Browser
nonTor_Browsing_Browser_none_1.pcap.UDP_10-152-152-10_53_10-152-152-11_43930_stream_0.pcap,udp_0,udp,0,Browser,nonTor,Browsing,Browser
nonTor_Browsing_Browser_none_1.pcap.TCP_10-152-152-11_54615_31-13-92-14_443_stream_0.pcap,tcp_0,tcp,0,Browser,nonTor,Browsing,Browser
nonTor_Browsing_Browser_none_1.pcap.TCP_10-152-152-11_44591_74-125-136-156_443_stream_0.pcap,tcp_0,tcp,0,Browser,nonTor,Browsing,Browser
nonTor_Browsing_Browser_none_1.pcap.UDP_10-152-152-10_53_10-152-152-11_40906_stream_0.pcap,udp_0,udp,0,Browser,nonTor,Browsing,Browser
nonTor_Browsing_Browser_none_1.pcap.UDP_10-152-152-10_53_10-152-152-11_44605_stream_0.pcap,udp_0,udp,0,Browser,nonTor,Browsing,Browser
nonTor_Browsing_Browser_none_1.pcap.UDP_10-152-152-10_53_10-152-152-11_46003_stream_0.pcap,udp_0,udp,0,Browser,nonTor,Browsing,Browser
nonTor_Browsing_Browser_none_1.pcap.UDP_10-152-152-10_53_10-152-152-11_34776_stream_0.pcap,udp_0,udp,0,Browser,nonTor,Browsing,Browser
nonTor_Browsing_Browser_none_1.pcap.UDP_10-152-152-10_53_10-152-152-11_36035_stream_0.pcap,udp_0,udp,0,Browser,nonTor,Browsing,Browser
nonTor_Browsing_Browser_none_1.pcap.UDP_10-152-152-10_53_10-152-152-11_41765_stream_0.pcap,udp_0,udp,0,Browser,nonTor,Browsing,Browser
nonTor_Browsing_Browser_none_1.pcap.UDP_10-152-152-10_53_10-152-152-11_43973_stream_0.pcap,udp_0,udp,0,Browser,nonTor,Browsing,Browser
nonTor_Browsing_Browser_none_1.pcap.UDP_10-152-152-10_53_10-152-152-11_45931_stream_0.pcap,udp_0,udp,0,Browser,nonTor,Browsing,Browser
nonTor_Browsing_Browser_none_1.pcap.UDP_10-152-152-10_53_10-152-152-11_36004_stream_0.pcap,udp_0,udp,0,Browser,nonTor,Browsing,Browser
nonTor_Browsing_Browser_none_1.pcap.UDP_10-152-152-10_53_10-152-152-11_43700_stream_0.pcap,udp_0,udp,0,Browser,nonTor,Browsing,Browser
nonTor_Browsing_Browser_none_1.pcap.UDP_10-152-152-10_53_10-152-152-11_40304_stream_0.pcap,udp_0,udp,0,Browser,nonTor,Browsing,Browser
nonTor_Browsing_Browser_none_1.pcap.TCP_10-152-152-11_39000_173-194-116-194_443_stream_0.pcap,tcp_0,tcp,0,Browser,nonTor,Browsing,Browser
nonTor_Browsing_Browser_none_1.pcap.UDP_10-152-152-10_53_10-152-152-11_45793_stream_0.pcap,udp_0,udp,0,Browser,nonTor,Browsing,Browser
nonTor_Browsing_Browser_none_1.pcap.UDP_10-152-152-10_53_10-152-152-11_41548_stream_0.pcap,udp_0,udp,0,Browser,nonTor,Browsing,Browser
nonTor_Browsing_Browser_none_1.pcap.UDP_10-152-152-10_53_10-152-152-11_35558_stream_0.pcap,udp_0,udp,0,Browser,nonTor,Browsing,Browser
nonTor_Browsing_Browser_none_1.pcap.UDP_10-152-152-10_53_10-152-152-11_40974_stream_0.pcap,udp_0,udp,0,Browser,nonTor,Browsing,Browser
nonTor_Browsing_Browser_none_1.pcap.UDP_10-152-152-10_53_10-152-152-11_34714_stream_0.pcap,udp_0,udp,0,Browser,nonTor,Browsing,Browser
nonTor_Browsing_Browser_none_1.pcap.UDP_10-152-152-10_53_10-152-152-11_35410_stream_0.pcap,udp_0,udp,0,Browser,nonTor,Browsing,Browser
nonTor_Browsing_Browser_none_1.pcap.UDP_10-152-152-10_53_10-152-152-11_43185_stream_0.pcap,udp_0,udp,0,Browser,nonTor,Browsing,Browser
nonTor_Browsing_Browser_none_1.pcap.UDP_10-152-152-10_53_10-152-152-11_39167_stream_0.pcap,udp_0,udp,0,Browser,nonTor,Browsing,Browser
nonTor_Browsing_Browser_none_1.pcap.UDP_10-152-152-10_53_10-152-152-11_35614_stream_0.pcap,udp_0,udp,0,Browser,nonTor,Browsing,Browser
nonTor_Browsing_Browser_none_1.pcap.UDP_10-152-152-10_53_10-152-152-11_36447_stream_0.pcap,udp_0,udp,0,Browser,nonTor,Browsing,Browser
nonTor_Browsing_Browser_none_1.pcap.TCP_10-152-152-11_42047_173-194-113-77_443_stream_0.pcap,tcp_0,tcp,0,Browser,nonTor,Browsing,Browser
nonTor_Browsing_Browser_none_1.pcap.UDP_10-152-152-10_53_10-152-152-11_37431_stream_0.pcap,udp_0,udp,0,Browser,nonTor,Browsing,Browser
nonTor_Browsing_Browser_none_1.pcap.TCP_10-152-152-11_53050_173-194-208-95_443_stream_0.pcap,tcp_0,tcp,0,Browser,nonTor,Browsing,Browser
nonTor_Browsing_Browser_none_1.pcap.TCP_10-152-152-11_53108_74-125-232-100_443_stream_0.pcap,tcp_0,tcp,0,Browser,nonTor,Browsing,Browser
nonTor_Browsing_Browser_none_1.pcap.UDP_10-152-152-10_53_10-152-152-11_40677_stream_0.pcap,udp_0,udp,0,Browser,nonTor,Browsing,Browser
nonTor_Browsing_Browser_none_1.pcap.UDP_10-152-152-10_53_10-152-152-11_38710_stream_0.pcap,udp_0,udp,0,Browser,nonTor,Browsing,Browser
nonTor_Browsing_Browser_none_1.pcap.UDP_10-152-152-10_53_10-152-152-11_38636_stream_0.pcap,udp_0,udp,0,Browser,nonTor,Browsing,Browser
nonTor_Browsing_Browser_none_1.pcap.UDP_10-152-152-10_53_10-152-152-11_40750_stream_0.pcap,udp_0,udp,0,Browser,nonTor,Browsing,Browser
nonTor_Browsing_Browser_none_1.pcap.UDP_10-152-152-10_53_10-152-152-11_38796_stream_0.pcap,udp_0,udp,0,Browser,nonTor,Browsing,Browser
nonTor_Browsing_Browser_none_1.pcap.UDP_10-152-152-10_53_10-152-152-11_44730_stream_0.pcap,udp_0,udp,0,Browser,nonTor,Browsing,Browser
nonTor_Browsing_Browser_none_1.pcap.UDP_10-152-152-10_53_10-152-152-11_40071_stream_0.pcap,udp_0,udp,0,Browser,nonTor,Browsing,Browser
nonTor_Browsing_Browser_none_1.pcap.UDP_10-152-152-10_53_10-152-152-11_37150_stream_0.pcap,udp_0,udp,0,Browser,nonTor,Browsing,Browser
nonTor_Browsing_Browser_none_1.pcap.UDP_10-152-152-10_53_10-152-152-11_33653_stream_0.pcap,udp_0,udp,0,Browser,nonTor,Browsing,Browser
nonTor_Browsing_Browser_none_1.pcap.TCP_10-152-152-11_36056_173-194-116-220_443_stream_0.pcap,tcp_0,tcp,0,Browser,nonTor,Browsing,Browser
nonTor_Browsing_Browser_none_1.pcap.UDP_10-152-152-10_53_10-152-152-11_42980_stream_0.pcap,udp_0,udp,0,Browser,nonTor,Browsing,Browser
nonTor_Browsing_Browser_none_1.pcap.UDP_10-152-152-10_53_10-152-152-11_45840_stream_0.pcap,udp_0,udp,0,Browser,nonTor,Browsing,Browser
nonTor_Browsing_Browser_none_1.pcap.TCP_10-152-152-11_34546_173-194-116-211_443_stream_0.pcap,tcp_0,tcp,0,Browser,nonTor,Browsing,Browser
nonTor_Browsing_Browser_none_1.pcap.UDP_10-152-152-10_53_10-152-152-11_37591_stream_0.pcap,udp_0,udp,0,Browser,nonTor,Browsing,Browser
nonTor_Browsing_Browser_none_1.pcap.UDP_10-152-152-10_53_10-152-152-11_39994_stream_0.pcap,udp_0,udp,0,Browser,nonTor,Browsing,Browser
nonTor_Browsing_Browser_none_1.pcap.TCP_10-152-152-11_41899_173-194-116-186_443_stream_0.pcap,tcp_0,tcp,0,Browser,nonTor,Browsing,Browser
nonTor_Browsing_Browser_none_1.pcap.UDP_10-152-152-10_53_10-152-152-11_35507_stream_0.pcap,udp_0,udp,0,Browser,nonTor,Browsing,Browser
nonTor_Browsing_Browser_none_1.pcap.TCP_10-152-152-11_37455_173-194-65-94_443_stream_0.pcap,tcp_0,tcp,0,Browser,nonTor,Browsing,Browser
nonTor_Browsing_Browser_none_1.pcap.UDP_10-152-152-10_53_10-152-152-11_43308_stream_0.pcap,udp_0,udp,0,Browser,nonTor,Browsing,Browser
nonTor_Browsing_Browser_none_1.pcap.UDP_10-152-152-10_53_10-152-152-11_36110_stream_0.pcap,udp_0,udp,0,Browser,nonTor,Browsing,Browser
nonTor_Browsing_Browser_none_1.pcap.UDP_10-152-152-10_53_10-152-152-11_40255_stream_0.pcap,udp_0,udp,0,Browser,nonTor,Browsing,Browser
nonTor_Browsing_Browser_none_1.pcap.UDP_10-152-152-10_53_10-152-152-11_42919_stream_0.pcap,udp_0,udp,0,Browser,nonTor,Browsing,Browser
nonTor_Browsing_Browser_none_1.pcap.UDP_10-152-152-10_53_10-152-152-11_35400_stream_0.pcap,udp_0,udp,0,Browser,nonTor,Browsing,Browser
nonTor_Browsing_Browser_none_1.pcap.UDP_10-152-152-10_53_10-152-152-11_45823_stream_0.pcap,udp_0,udp,0,Browser,nonTor,Browsing,Browser
nonTor_Browsing_Browser_none_1.pcap.UDP_10-152-152-10_53_10-152-152-11_35584_stream_0.pcap,udp_0,udp,0,Browser,nonTor,Browsing,Browser
nonTor_Browsing_Browser_none_1.pcap.UDP_10-152-152-10_53_10-152-152-11_41712_stream_0.pcap,udp_0,udp,0,Browser,nonTor,Browsing,Browser
nonTor_Browsing_Browser_none_1.pcap.TCP_10-152-152-11_55290_173-194-113-138_443_stream_0.pcap,tcp_0,tcp,0,Browser,nonTor,Browsing,Browser
nonTor_Browsing_Browser_none_1.pcap.UDP_10-152-152-10_53_10-152-152-11_35018_stream_0.pcap,udp_0,udp,0,Browser,nonTor,Browsing,Browser
nonTor_Browsing_Browser_none_1.pcap.UDP_10-152-152-10_53_10-152-152-11_36839_stream_0.pcap,udp_0,udp,0,Browser,nonTor,Browsing,Browser
nonTor_Browsing_Browser_none_1.pcap.UDP_10-152-152-10_53_10-152-152-11_40319_stream_0.pcap,udp_0,udp,0,Browser,nonTor,Browsing,Browser
nonTor_Browsing_Browser_none_1.pcap.TCP_10-152-152-11_53927_31-13-92-14_443_stream_0.pcap,tcp_0,tcp,0,Browser,nonTor,Browsing,Browser
nonTor_Browsing_Browser_none_1.pcap.UDP_10-152-152-10_53_10-152-152-11_46035_stream_0.pcap,udp_0,udp,0,Browser,nonTor,Browsing,Browser
nonTor_Browsing_Browser_none_1.pcap.UDP_10-152-152-10_53_10-152-152-11_35971_stream_0.pcap,udp_0,udp,0,Browser,nonTor,Browsing,Browser
nonTor_Browsing_Browser_none_1.pcap.TCP_10-152-152-11_59152_173-194-116-202_443_stream_0.pcap,tcp_0,tcp,0,Browser,nonTor,Browsing,Browser
nonTor_Browsing_Browser_none_1.pcap.UDP_10-152-152-10_53_10-152-152-11_44743_stream_0.pcap,udp_0,udp,0,Browser,nonTor,Browsing,Browser
nonTor_Browsing_Browser_none_1.pcap.UDP_10-152-152-10_53_10-152-152-11_39969_stream_0.pcap,udp_0,udp,0,Browser,nonTor,Browsing,Browser
nonTor_Browsing_Browser_none_1.pcap.TCP_10-152-152-11_39180_173-194-116-208_443_stream_0.pcap,tcp_0,tcp,0,Browser,nonTor,Browsing,Browser
nonTor_Browsing_Browser_none_1.pcap.UDP_10-152-152-10_53_10-152-152-11_37234_stream_0.pcap,udp_0,udp,0,Browser,nonTor,Browsing,Browser
nonTor_Browsing_Browser_none_1.pcap.UDP_10-152-152-10_53_10-152-152-11_40350_stream_0.pcap,udp_0,udp,0,Browser,nonTor,Browsing,Browser
nonTor_Browsing_Browser_none_1.pcap.TCP_10-152-152-11_40246_173-194-123-18_443_stream_0.pcap,tcp_0,tcp,0,Browser,nonTor,Browsing,Browser
nonTor_Browsing_Browser_none_1.pcap.UDP_10-152-152-10_53_10-152-152-11_43665_stream_0.pcap,udp_0,udp,0,Browser,nonTor,Browsing,Browser
nonTor_Browsing_Browser_none_1.pcap.UDP_10-152-152-10_53_10-152-152-11_37098_stream_0.pcap,udp_0,udp,0,Browser,nonTor,Browsing,Browser
nonTor_Browsing_Browser_none_1.pcap.UDP_10-152-152-10_53_10-152-152-11_42592_stream_0.pcap,udp_0,udp,0,Browser,nonTor,Browsing,Browser
nonTor_Browsing_Browser_none_1.pcap.TCP_4-26-67-18_443_10-152-152-11_54963_stream_0.pcap,tcp_0,tcp,0,Browser,nonTor,Browsing,Browser
nonTor_Browsing_Browser_none_1.pcap.UDP_10-152-152-10_53_10-152-152-11_41344_stream_0.pcap,udp_0,udp,0,Browser,nonTor,Browsing,Browser
nonTor_Browsing_Browser_none_1.pcap.UDP_10-152-152-10_53_10-152-152-11_41325_stream_0.pcap,udp_0,udp,0,Browser,nonTor,Browsing,Browser
nonTor_Browsing_Browser_none_1.pcap.UDP_10-152-152-10_53_10-152-152-11_43437_stream_0.pcap,udp_0,udp,0,Browser,nonTor,Browsing,Browser
nonTor_Browsing_Browser_none_1.pcap.UDP_10-152-152-10_53_10-152-152-11_40631_stream_0.pcap,udp_0,udp,0,Browser,nonTor,Browsing,Browser
nonTor_Browsing_Browser_none_1.pcap.UDP_10-152-152-10_53_10-152-152-11_45004_stream_0.pcap,udp_0,udp,0,Browser,nonTor,Browsing,Browser
nonTor_Browsing_Browser_none_1.pcap.UDP_10-152-152-10_53_10-152-152-11_41234_stream_0.pcap,udp_0,udp,0,Browser,nonTor,Browsing,Browser
nonTor_Browsing_Browser_none_1.pcap.UDP_10-152-152-10_53_10-152-152-11_46562_stream_0.pcap,udp_0,udp,0,Browser,nonTor,Browsing,Browser
nonTor_Browsing_Browser_none_1.pcap.UDP_10-152-152-10_53_10-152-152-11_36306_stream_0.pcap,udp_0,udp,0,Browser,nonTor,Browsing,Browser
nonTor_Browsing_Browser_none_1.pcap.UDP_10-152-152-10_53_10-152-152-11_46515_stream_0.pcap,udp_0,udp,0,Browser,nonTor,Browsing,Browser
nonTor_Browsing_Browser_none_1.pcap.UDP_10-152-152-10_53_10-152-152-11_43994_stream_0.pcap,udp_0,udp,0,Browser,nonTor,Browsing,Browser
nonTor_Browsing_Browser_none_1.pcap.UDP_10-152-152-10_53_10-152-152-11_33503_stream_0.pcap,udp_0,udp,0,Browser,nonTor,Browsing,Browser
nonTor_Browsing_Browser_none_1.pcap.TCP_10-152-152-11_61000_173-194-112-185_443_stream_0.pcap,tcp_0,tcp,0,Browser,nonTor,Browsing,Browser
nonTor_Browsing_Browser_none_1.pcap.UDP_10-152-152-10_53_10-152-152-11_39955_stream_0.pcap,udp_0,udp,0,Browser,nonTor,Browsing,Browser
nonTor_Browsing_Browser_none_1.pcap.UDP_10-152-152-10_53_10-152-152-11_33835_stream_0.pcap,udp_0,udp,0,Browser,nonTor,Browsing,Browser
nonTor_Browsing_Browser_none_1.pcap.UDP_10-152-152-10_53_10-152-152-11_36380_stream_0.pcap,udp_0,udp,0,Browser,nonTor,Browsing,Browser
nonTor_Browsing_Browser_none_1.pcap.UDP_10-152-152-10_53_10-152-152-11_38454_stream_0.pcap,udp_0,udp,0,Browser,nonTor,Browsing,Browser
nonTor_Browsing_Browser_none_1.pcap.UDP_10-152-152-10_53_10-152-152-11_40178_stream_0.pcap,udp_0,udp,0,Browser,nonTor,Browsing,Browser
nonTor_Browsing_Browser_none_1.pcap.UDP_10-152-152-10_53_10-152-152-11_36587_stream_0.pcap,udp_0,udp,0,Browser,nonTor,Browsing,Browser
nonTor_Browsing_Browser_none_1.pcap.UDP_10-152-152-10_53_10-152-152-11_37620_stream_0.pcap,udp_0,udp,0,Browser,nonTor,Browsing,Browser
nonTor_Browsing_Browser_none_1.pcap.UDP_10-152-152-10_53_10-152-152-11_44680_stream_0.pcap,udp_0,udp,0,Browser,nonTor,Browsing,Browser
nonTor_Browsing_Browser_none_1.pcap.UDP_10-152-152-10_53_10-152-152-11_35133_stream_0.pcap,udp_0,udp,0,Browser,nonTor,Browsing,Browser
nonTor_Browsing_Browser_none_1.pcap.UDP_10-152-152-10_53_10-152-152-11_43684_stream_0.pcap,udp_0,udp,0,Browser,nonTor,Browsing,Browser
nonTor_Browsing_Browser_none_1.pcap.UDP_10-152-152-10_53_10-152-152-11_44764_stream_0.pcap,udp_0,udp,0,Browser,nonTor,Browsing,Browser
nonTor_Browsing_Browser_none_1.pcap.TCP_10-152-152-11_38682_173-194-112-121_443_stream_0.pcap,tcp_0,tcp,0,Browser,nonTor,Browsing,Browser
nonTor_Browsing_Browser_none_1.pcap.UDP_10-152-152-10_53_10-152-152-11_41656_stream_0.pcap,udp_0,udp,0,Browser,nonTor,Browsing,Browser
nonTor_Browsing_Browser_none_1.pcap.UDP_10-152-152-10_53_10-152-152-11_45346_stream_0.pcap,udp_0,udp,0,Browser,nonTor,Browsing,Browser
nonTor_Browsing_Browser_none_1.pcap.UDP_10-152-152-10_53_10-152-152-11_44453_stream_0.pcap,udp_0,udp,0,Browser,nonTor,Browsing,Browser
nonTor_Browsing_Browser_none_1.pcap.UDP_10-152-152-10_53_10-152-152-11_43651_stream_0.pcap,udp_0,udp,0,Browser,nonTor,Browsing,Browser
nonTor_Browsing_Browser_none_1.pcap.UDP_10-152-152-10_53_10-152-152-11_39456_stream_0.pcap,udp_0,udp,0,Browser,nonTor,Browsing,Browser
nonTor_Browsing_Browser_none_1.pcap.UDP_10-152-152-10_53_10-152-152-11_44549_stream_0.pcap,udp_0,udp,0,Browser,nonTor,Browsing,Browser
nonTor_Browsing_Browser_none_1.pcap.UDP_10-152-152-10_53_10-152-152-11_44094_stream_0.pcap,udp_0,udp,0,Browser,nonTor,Browsing,Browser
nonTor_Browsing_Browser_none_1.pcap.TCP_10-152-152-11_50942_74-125-136-138_443_stream_0.pcap,tcp_0,tcp,0,Browser,nonTor,Browsing,Browser
nonTor_Browsing_Browser_none_1.pcap.TCP_10-152-152-11_50859_173-194-116-223_443_stream_0.pcap,tcp_0,tcp,0,Browser,nonTor,Browsing,Browser
nonTor_Browsing_Browser_none_1.pcap.TCP_10-152-152-11_35736_216-58-209-102_443_stream_0.pcap,tcp_0,tcp,0,Browser,nonTor,Browsing,Browser
nonTor_Browsing_Browser_none_1.pcap.UDP_10-152-152-10_53_10-152-152-11_45598_stream_0.pcap,udp_0,udp,0,Browser,nonTor,Browsing,Browser
nonTor_Browsing_Browser_none_1.pcap.UDP_10-152-152-10_53_10-152-152-11_37312_stream_0.pcap,udp_0,udp,0,Browser,nonTor,Browsing,Browser
nonTor_Browsing_Browser_none_1.pcap.UDP_10-152-152-10_53_10-152-152-11_37317_stream_0.pcap,udp_0,udp,0,Browser,nonTor,Browsing,Browser
nonTor_Browsing_Browser_none_1.pcap.UDP_10-152-152-10_53_10-152-152-11_43053_stream_0.pcap,udp_0,udp,0,Browser,nonTor,Browsing,Browser
nonTor_Browsing_Browser_none_1.pcap.UDP_10-152-152-10_53_10-152-152-11_42818_stream_0.pcap,udp_0,udp,0,Browser,nonTor,Browsing,Browser
nonTor_Browsing_Browser_none_1.pcap.UDP_10-152-152-10_53_10-152-152-11_43103_stream_0.pcap,udp_0,udp,0,Browser,nonTor,Browsing,Browser
nonTor_Browsing_Browser_none_1.pcap.TCP_10-152-152-11_58884_31-13-91-6_443_stream_0.pcap,tcp_0,tcp,0,Browser,nonTor,Browsing,Browser
nonTor_Browsing_Browser_none_1.pcap.UDP_10-152-152-10_53_10-152-152-11_34773_stream_0.pcap,udp_0,udp,0,Browser,nonTor,Browsing,Browser
nonTor_Browsing_Browser_none_1.pcap.UDP_10-152-152-10_53_10-152-152-11_38390_stream_0.pcap,udp_0,udp,0,Browser,nonTor,Browsing,Browser
nonTor_Browsing_Browser_none_1.pcap.TCP_10-152-152-11_50328_173-194-116-165_443_stream_0.pcap,tcp_0,tcp,0,Browser,nonTor,Browsing,Browser
nonTor_Browsing_Browser_none_1.pcap.UDP_10-152-152-10_53_10-152-152-11_42315_stream_0.pcap,udp_0,udp,0,Browser,nonTor,Browsing,Browser
nonTor_Browsing_Browser_none_1.pcap.UDP_10-152-152-10_53_10-152-152-11_41093_stream_0.pcap,udp_0,udp,0,Browser,nonTor,Browsing,Browser
nonTor_Browsing_Browser_none_1.pcap.UDP_10-152-152-10_53_10-152-152-11_35871_stream_0.pcap,udp_0,udp,0,Browser,nonTor,Browsing,Browser
nonTor_Browsing_Browser_none_1.pcap.UDP_10-152-152-10_53_10-152-152-11_45933_stream_0.pcap,udp_0,udp,0,Browser,nonTor,Browsing,Browser
nonTor_Browsing_Browser_none_1.pcap.UDP_10-152-152-10_53_10-152-152-11_34652_stream_0.pcap,udp_0,udp,0,Browser,nonTor,Browsing,Browser
nonTor_Browsing_Browser_none_1.pcap.TCP_10-152-152-11_45808_37-252-162-77_443_stream_0.pcap,tcp_0,tcp,0,Browser,nonTor,Browsing,Browser
nonTor_Browsing_Browser_none_1.pcap.TCP_10-152-152-11_33983_216-58-209-130_443_stream_0.pcap,tcp_0,tcp,0,Browser,nonTor,Browsing,Browser
nonTor_Browsing_Browser_none_1.pcap.UDP_10-152-152-10_53_10-152-152-11_34295_stream_0.pcap,udp_0,udp,0,Browser,nonTor,Browsing,Browser
nonTor_Browsing_Browser_none_1.pcap.UDP_10-152-152-10_53_10-152-152-11_35730_stream_0.pcap,udp_0,udp,0,Browser,nonTor,Browsing,Browser
nonTor_Browsing_Browser_none_1.pcap.UDP_10-152-152-10_53_10-152-152-11_37764_stream_0.pcap,udp_0,udp,0,Browser,nonTor,Browsing,Browser
nonTor_Browsing_Browser_none_1.pcap.UDP_10-152-152-10_53_10-152-152-11_40857_stream_0.pcap,udp_0,udp,0,Browser,nonTor,Browsing,Browser
nonTor_Browsing_Browser_none_1.pcap.TCP_10-152-152-11_40348_173-194-112-109_443_stream_0.pcap,tcp_0,tcp,0,Browser,nonTor,Browsing,Browser
nonTor_Browsing_Browser_none_1.pcap.UDP_10-152-152-10_53_10-152-152-11_41207_stream_0.pcap,udp_0,udp,0,Browser,nonTor,Browsing,Browser
nonTor_Browsing_Browser_none_1.pcap.UDP_10-152-152-10_53_10-152-152-11_38162_stream_0.pcap,udp_0,udp,0,Browser,nonTor,Browsing,Browser
nonTor_Browsing_Browser_none_1.pcap.UDP_10-152-152-10_53_10-152-152-11_35482_stream_0.pcap,udp_0,udp,0,Browser,nonTor,Browsing,Browser
nonTor_Browsing_Browser_none_1.pcap.UDP_10-152-152-10_53_10-152-152-11_43929_stream_0.pcap,udp_0,udp,0,Browser,nonTor,Browsing,Browser
nonTor_Browsing_Browser_none_1.pcap.TCP_10-152-152-11_39684_173-194-65-156_443_stream_0.pcap,tcp_0,tcp,0,Browser,nonTor,Browsing,Browser
nonTor_Browsing_Browser_none_1.pcap.TCP_10-152-152-11_52274_74-125-202-157_443_stream_0.pcap,tcp_0,tcp,0,Browser,nonTor,Browsing,Browser
nonTor_Browsing_Browser_none_1.pcap.UDP_10-152-152-10_53_10-152-152-11_42240_stream_0.pcap,udp_0,udp,0,Browser,nonTor,Browsing,Browser
nonTor_Browsing_Browser_none_1.pcap.TCP_10-152-152-11_44578_185-63-147-10_443_stream_0.pcap,tcp_0,tcp,0,Browser,nonTor,Browsing,Browser
nonTor_Browsing_Browser_none_1.pcap.TCP_10-152-152-11_33466_173-194-113-142_443_stream_0.pcap,tcp_0,tcp,0,Browser,nonTor,Browsing,Browser
nonTor_Browsing_Browser_none_1.pcap.TCP_10-152-152-11_37589_216-58-209-102_443_stream_0.pcap,tcp_0,tcp,0,Browser,nonTor,Browsing,Browser
nonTor_Browsing_Browser_none_1.pcap.UDP_10-152-152-10_53_10-152-152-11_37426_stream_0.pcap,udp_0,udp,0,Browser,nonTor,Browsing,Browser
nonTor_Browsing_Browser_none_1.pcap.UDP_10-152-152-10_53_10-152-152-11_45313_stream_0.pcap,udp_0,udp,0,Browser,nonTor,Browsing,Browser
nonTor_Browsing_Browser_none_1.pcap.UDP_10-152-152-10_53_10-152-152-11_38693_stream_0.pcap,udp_0,udp,0,Browser,nonTor,Browsing,Browser
