filename,session_id,proto,stream,group_key,task1,task2,task3
VPN_Chat_AIM_none_1.pcap.TCP_10-8-8-178_34579_64-12-27-65_443_stream_0.pcap,tcp_0,tcp,0,AIM,VPN,Chat,AIM
nonVPN_Chat_AIM_none_1.pcap.TCP_64-12-104-73_443_131-202-240-87_1258_stream_0.pcap,tcp_0,tcp,0,AIM,nonVPN,Chat,AIM
nonVPN_Chat_AIM_none_2.pcap.TCP_131-202-6-26_13000_131-202-240-87_62090_stream_0.pcap,tcp_0,tcp,0,AIM,nonVPN,Chat,AIM
nonVPN_Chat_AIM_none_2.pcap.UDP_131-202-240-87_10622_131-202-244-3_53_stream_0.pcap,udp_0,udp,0,AIM,nonVPN,Chat,AIM
nonVPN_Chat_AIM_none_4.pcap.UDP_131-202-240-242_137_131-202-243-255_137_stream_0.pcap,udp_0,udp,0,AIM,nonVPN,Chat,AIM
nonVPN_Chat_AIM_none_4.pcap.UDP_131-202-240-242_49321_224-0-0-252_5355_stream_0.pcap,udp_0,udp,0,AIM,nonVPN,Chat,AIM
nonVPN_Chat_AIM_none_4.pcap.UDP_131-202-240-242_49913_224-0-0-252_5355_stream_0.pcap,udp_0,udp,0,AIM,nonVPN,Chat,AIM
nonVPN_Chat_AIM_none_4.pcap.UDP_131-202-240-242_50392_224-0-0-252_5355_stream_0.pcap,udp_0,udp,0,AIM,nonVPN,Chat,AIM
nonVPN_Chat_AIM_none_4.pcap.UDP_131-202-240-242_51091_224-0-0-252_5355_stream_0.pcap,udp_0,udp,0,AIM,nonVPN,Chat,AIM
nonVPN_Chat_AIM_none_4.pcap.UDP_131-202-240-242_51648_224-0-0-252_5355_stream_0.pcap,udp_0,udp,0,AIM,nonVPN,Chat,AIM
nonVPN_Chat_AIM_none_4.pcap.UDP_131-202-240-242_52125_224-0-0-252_5355_stream_0.pcap,udp_0,udp,0,AIM,nonVPN,Chat,AIM
nonVPN_Chat_AIM_none_4.pcap.UDP_131-202-240-242_54075_224-0-0-252_5355_stream_0.pcap,udp_0,udp,0,AIM,nonVPN,Chat,AIM
nonVPN_Chat_AIM_none_4.pcap.UDP_131-202-240-242_54419_224-0-0-252_5355_stream_0.pcap,udp_0,udp,0,AIM,nonVPN,Chat,AIM
nonVPN_Chat_AIM_none_4.pcap.UDP_131-202-240-242_54762_224-0-0-252_5355_stream_0.pcap,udp_0,udp,0,AIM,nonVPN,Chat,AIM
nonVPN_Chat_AIM_none_4.pcap.UDP_131-202-240-242_55455_224-0-0-252_5355_stream_0.pcap,udp_0,udp,0,AIM,nonVPN,Chat,AIM
nonVPN_Chat_AIM_none_4.pcap.UDP_131-202-240-242_56320_224-0-0-252_5355_stream_0.pcap,udp_0,udp,0,AIM,nonVPN,Chat,AIM
nonVPN_Chat_AIM_none_4.pcap.UDP_131-202-240-242_56671_224-0-0-252_5355_stream_0.pcap,udp_0,udp,0,AIM,nonVPN,Chat,AIM
nonVPN_Chat_AIM_none_4.pcap.UDP_131-202-240-242_58874_224-0-0-252_5355_stream_0.pcap,udp_0,udp,0,AIM,nonVPN,Chat,AIM
nonVPN_Chat_AIM_none_4.pcap.UDP_131-202-240-242_59974_224-0-0-252_5355_stream_0.pcap,udp_0,udp,0,AIM,nonVPN,Chat,AIM
nonVPN_Chat_AIM_none_4.pcap.UDP_131-202-240-242_60929_224-0-0-252_5355_stream_0.pcap,udp_0,udp,0,AIM,nonVPN,Chat,AIM
nonVPN_Chat_AIM_none_4.pcap.UDP_131-202-240-242_63170_224-0-0-252_5355_stream_0.pcap,udp_0,udp,0,AIM,nonVPN,Chat,AIM
nonVPN_Chat_AIM_none_4.pcap.UDP_131-202-240-242_65451_224-0-0-252_5355_stream_0.pcap,udp_0,udp,0,AIM,nonVPN,Chat,AIM
nonVPN_Chat_AIM_none_4.pcap.UDP_131-202-6-3_53_131-202-240-242_57304_stream_0.pcap,udp_0,udp,0,AIM,nonVPN,Chat,AIM
VPN_VoIP_Facebook_audio_1.pcap.UDP_10-8-0-10_38674_131-202-244-5_53_stream_0.pcap,udp_0,udp,0,Facebook,VPN,VoIP,Facebook
VPN_Chat_Facebook_none_1.pcap.TCP_10-8-8-178_38613_93-184-220-29_80_stream_0.pcap,tcp_0,tcp,0,Facebook,VPN,Chat,Facebook
VPN_Chat_Facebook_none_1.pcap.TCP_10-8-8-178_38382_88-221-14-104_443_stream_0.pcap,tcp_0,tcp,0,Facebook,VPN,Chat,Facebook
nonVPN_Chat_Facebook_none_5.pcap.UDP_131-202-240-242_60560_224-0-0-252_5355_stream_0.pcap,udp_0,udp,0,Facebook,nonVPN,Chat,Facebook
nonVPN_Chat_Facebook_none_2.pcap.UDP_131-202-240-87_65077_131-202-244-3_53_stream_0.pcap,udp_0,udp,0,Facebook,nonVPN,Chat,Facebook
VPN_Chat_Facebook_none_2.pcap.UDP_10-8-8-130_6624_198-7-63-141_53_stream_0.pcap,udp_0,udp,0,Facebook,VPN,Chat,Facebook
VPN_VoIP_Facebook_audio_1.pcap.UDP_10-8-0-10_3736_131-202-244-3_53_stream_0.pcap,udp_0,udp,0,Facebook,VPN,VoIP,Facebook
VPN_VoIP_Facebook_audio_1.pcap.UDP_10-8-0-10_8159_131-202-244-3_53_stream_0.pcap,udp_0,udp,0,Facebook,VPN,VoIP,Facebook
VPN_Chat_Facebook_none_1.pcap.TCP_10-8-8-178_38629_93-184-220-29_80_stream_0.pcap,tcp_0,tcp,0,Facebook,VPN,Chat,Facebook
VPN_Chat_Facebook_none_1.pcap.TCP_10-8-8-178_39275_23-67-255-209_443_stream_0.pcap,tcp_0,tcp,0,Facebook,VPN,Chat,Facebook
VPN_VoIP_Facebook_audio_1.pcap.TCP_10-8-0-10_38602_173-194-123-9_443_stream_0.pcap,tcp_0,tcp,0,Facebook,VPN,VoIP,Facebook
VPN_VoIP_Facebook_audio_1.pcap.UDP_10-8-0-10_20624_131-202-244-5_53_stream_0.pcap,udp_0,udp,0,Facebook,VPN,VoIP,Facebook
VPN_VoIP_Facebook_audio_1.pcap.UDP_10-8-0-10_42886_131-202-244-3_53_stream_0.pcap,udp_0,udp,0,Facebook,VPN,VoIP,Facebook
VPN_Chat_Facebook_none_1.pcap.TCP_10-8-8-178_43060_23-63-99-210_443_stream_0.pcap,tcp_0,tcp,0,Facebook,VPN,Chat,Facebook
nonVPN_Chat_Facebook_none_5.pcap.TCP_131-202-240-242_32506_173-194-210-188_5228_stream_0.pcap,tcp_0,tcp,0,Facebook,nonVPN,Chat,Facebook
nonVPN_Chat_Facebook_none_5.pcap.UDP_131-202-240-242_51193_224-0-0-252_5355_stream_0.pcap,udp_0,udp,0,Facebook,nonVPN,Chat,Facebook
VPN_VoIP_Facebook_audio_1.pcap.UDP_10-8-0-10_52510_131-202-244-5_53_stream_0.pcap,udp_0,udp,0,Facebook,VPN,VoIP,Facebook
VPN_VoIP_Facebook_audio_1.pcap.UDP_10-8-0-10_37297_131-202-244-5_53_stream_0.pcap,udp_0,udp,0,Facebook,VPN,VoIP,Facebook
VPN_Chat_Facebook_none_1.pcap.TCP_10-8-8-178_49842_63-245-216-134_443_stream_0.pcap,tcp_0,tcp,0,Facebook,VPN,Chat,Facebook
VPN_Chat_Facebook_none_1.pcap.TCP_10-8-8-178_54875_63-245-217-160_443_stream_0.pcap,tcp_0,tcp,0,Facebook,VPN,Chat,Facebook
VPN_Chat_Facebook_none_1.pcap.TCP_10-8-8-178_54269_134-170-25-26_443_stream_0.pcap,tcp_0,tcp,0,Facebook,VPN,Chat,Facebook
VPN_VoIP_Facebook_audio_1.pcap.UDP_10-8-0-10_20416_131-202-244-3_53_stream_0.pcap,udp_0,udp,0,Facebook,VPN,VoIP,Facebook
VPN_Chat_Facebook_none_1.pcap.UDP_10-8-8-178_10808_198-7-63-141_53_stream_0.pcap,udp_0,udp,0,Facebook,VPN,Chat,Facebook
nonVPN_Chat_Facebook_none_5.pcap.UDP_131-202-240-242_53542_224-0-0-252_5355_stream_0.pcap,udp_0,udp,0,Facebook,nonVPN,Chat,Facebook
nonVPN_Chat_Facebook_none_5.pcap.UDP_131-202-240-242_64796_224-0-0-252_5355_stream_0.pcap,udp_0,udp,0,Facebook,nonVPN,Chat,Facebook
VPN_VoIP_Facebook_audio_1.pcap.UDP_10-8-0-10_26511_131-202-244-3_53_stream_0.pcap,udp_0,udp,0,Facebook,VPN,VoIP,Facebook
VPN_VoIP_Facebook_audio_1.pcap.UDP_10-8-0-10_23562_131-202-244-5_53_stream_0.pcap,udp_0,udp,0,Facebook,VPN,VoIP,Facebook
nonVPN_Chat_Facebook_none_5.pcap.UDP_131-202-240-242_54434_224-0-0-252_5355_stream_0.pcap,udp_0,udp,0,Facebook,nonVPN,Chat,Facebook
VPN_VoIP_Facebook_audio_1.pcap.UDP_10-8-0-10_57362_131-202-244-5_53_stream_0.pcap,udp_0,udp,0,Facebook,VPN,VoIP,Facebook
VPN_VoIP_Facebook_audio_1.pcap.UDP_10-8-0-10_20285_131-202-244-3_53_stream_0.pcap,udp_0,udp,0,Facebook,VPN,VoIP,Facebook
nonVPN_Chat_Facebook_none_5.pcap.UDP_131-202-240-242_56272_224-0-0-252_5355_stream_0.pcap,udp_0,udp,0,Facebook,nonVPN,Chat,Facebook
VPN_VoIP_Facebook_audio_1.pcap.UDP_10-8-0-10_13164_131-202-6-3_53_stream_0.pcap,udp_0,udp,0,Facebook,VPN,VoIP,Facebook
VPN_VoIP_Facebook_audio_1.pcap.UDP_10-8-0-10_13672_131-202-6-3_53_stream_0.pcap,udp_0,udp,0,Facebook,VPN,VoIP,Facebook
VPN_VoIP_Facebook_audio_1.pcap.TCP_10-8-0-10_35745_173-252-110-27_443_stream_0.pcap,tcp_0,tcp,0,Facebook,VPN,VoIP,Facebook
VPN_Chat_Facebook_none_1.pcap.UDP_10-8-8-178_12532_198-7-63-141_53_stream_0.pcap,udp_0,udp,0,Facebook,VPN,Chat,Facebook
VPN_VoIP_Facebook_audio_1.pcap.UDP_10-8-0-10_50103_131-202-244-5_53_stream_0.pcap,udp_0,udp,0,Facebook,VPN,VoIP,Facebook
VPN_Chat_Facebook_none_1.pcap.UDP_10-8-8-178_12911_198-7-63-141_53_stream_0.pcap,udp_0,udp,0,Facebook,VPN,Chat,Facebook
VPN_VoIP_Facebook_audio_1.pcap.UDP_10-8-0-10_28476_131-202-244-3_53_stream_0.pcap,udp_0,udp,0,Facebook,VPN,VoIP,Facebook
VPN_Chat_Facebook_none_1.pcap.UDP_10-8-8-178_13371_198-7-63-141_53_stream_0.pcap,udp_0,udp,0,Facebook,VPN,Chat,Facebook
VPN_VoIP_Facebook_audio_1.pcap.UDP_10-8-0-10_34583_131-202-244-5_53_stream_0.pcap,udp_0,udp,0,Facebook,VPN,VoIP,Facebook
VPN_Chat_Facebook_none_2.pcap.UDP_10-8-8-130_53921_198-7-63-141_53_stream_0.pcap,udp_0,udp,0,Facebook,VPN,Chat,Facebook
VPN_VoIP_Facebook_audio_1.pcap.UDP_10-8-0-10_13206_131-202-244-5_53_stream_0.pcap,udp_0,udp,0,Facebook,VPN,VoIP,Facebook
VPN_Chat_Facebook_none_1.pcap.UDP_10-8-8-178_14417_198-7-63-141_53_stream_0.pcap,udp_0,udp,0,Facebook,VPN,Chat,Facebook
VPN_VoIP_Facebook_audio_1.pcap.UDP_10-8-0-10_42755_131-202-6-3_53_stream_0.pcap,udp_0,udp,0,Facebook,VPN,VoIP,Facebook
VPN_Chat_Facebook_none_2.pcap.UDP_10-8-8-130_59056_198-7-63-141_53_stream_0.pcap,udp_0,udp,0,Facebook,VPN,Chat,Facebook
VPN_VoIP_Facebook_audio_1.pcap.UDP_10-8-0-10_37374_131-202-6-3_53_stream_0.pcap,udp_0,udp,0,Facebook,VPN,VoIP,Facebook
VPN_VoIP_Facebook_audio_1.pcap.UDP_10-8-0-10_26760_131-202-244-5_53_stream_0.pcap,udp_0,udp,0,Facebook,VPN,VoIP,Facebook
VPN_Chat_Facebook_none_1.pcap.UDP_10-8-8-178_15685_111-221-74-14_40029_stream_0.pcap,udp_0,udp,0,Facebook,VPN,Chat,Facebook
nonVPN_Chat_Facebook_none_4.pcap.TCP_131-202-240-87_64842_173-252-100-27_443_stream_0.pcap,tcp_0,tcp,0,Facebook,nonVPN,Chat,Facebook
VPN_VoIP_Facebook_audio_1.pcap.UDP_10-8-0-10_62932_131-202-244-5_53_stream_0.pcap,udp_0,udp,0,Facebook,VPN,VoIP,Facebook
nonVPN_Chat_Facebook_none_5.pcap.UDP_131-202-240-242_52010_224-0-0-252_5355_stream_0.pcap,udp_0,udp,0,Facebook,nonVPN,Chat,Facebook
VPN_VoIP_Facebook_audio_1.pcap.UDP_10-8-0-10_26776_131-202-244-3_53_stream_0.pcap,udp_0,udp,0,Facebook,VPN,VoIP,Facebook
VPN_Chat_Facebook_none_1.pcap.UDP_10-8-8-178_1650_78-46-223-24_53_stream_0.pcap,udp_0,udp,0,Facebook,VPN,Chat,Facebook
VPN_Chat_Facebook_none_1.pcap.UDP_10-8-8-178_16665_198-7-63-141_53_stream_0.pcap,udp_0,udp,0,Facebook,VPN,Chat,Facebook
VPN_VoIP_Facebook_audio_1.pcap.UDP_10-8-0-10_21382_131-202-244-3_53_stream_0.pcap,udp_0,udp,0,Facebook,VPN,VoIP,Facebook
VPN_Chat_Facebook_none_1.pcap.UDP_10-8-8-178_17555_198-7-63-141_53_stream_0.pcap,udp_0,udp,0,Facebook,VPN,Chat,Facebook
VPN_VoIP_Facebook_audio_1.pcap.UDP_10-8-0-10_26323_131-202-244-5_53_stream_0.pcap,udp_0,udp,0,Facebook,VPN,VoIP,Facebook
VPN_VoIP_Facebook_audio_1.pcap.UDP_10-8-0-10_52435_131-202-244-5_53_stream_0.pcap,udp_0,udp,0,Facebook,VPN,VoIP,Facebook
VPN_VoIP_Facebook_audio_1.pcap.UDP_10-8-0-10_45265_131-202-244-5_53_stream_0.pcap,udp_0,udp,0,Facebook,VPN,VoIP,Facebook
VPN_VoIP_Facebook_audio_1.pcap.UDP_10-8-0-10_65374_131-202-244-3_53_stream_0.pcap,udp_0,udp,0,Facebook,VPN,VoIP,Facebook
nonVPN_Chat_Facebook_none_3.pcap.UDP_131-202-240-87_56954_131-202-244-3_53_stream_0.pcap,udp_0,udp,0,Facebook,nonVPN,Chat,Facebook
VPN_VoIP_Facebook_audio_1.pcap.UDP_10-8-0-10_33998_131-202-244-3_53_stream_0.pcap,udp_0,udp,0,Facebook,VPN,VoIP,Facebook
VPN_VoIP_Facebook_audio_1.pcap.UDP_10-8-0-10_14768_131-202-244-5_53_stream_0.pcap,udp_0,udp,0,Facebook,VPN,VoIP,Facebook
VPN_VoIP_Facebook_audio_1.pcap.UDP_10-8-0-10_15995_131-202-244-3_53_stream_0.pcap,udp_0,udp,0,Facebook,VPN,VoIP,Facebook
VPN_VoIP_Facebook_audio_1.pcap.UDP_10-8-0-10_64064_131-202-244-5_53_stream_0.pcap,udp_0,udp,0,Facebook,VPN,VoIP,Facebook
VPN_VoIP_Facebook_audio_1.pcap.UDP_10-8-0-10_60295_131-202-6-3_53_stream_0.pcap,udp_0,udp,0,Facebook,VPN,VoIP,Facebook
VPN_VoIP_Facebook_audio_1.pcap.UDP_10-8-0-10_60480_131-202-244-5_53_stream_0.pcap,udp_0,udp,0,Facebook,VPN,VoIP,Facebook
nonVPN_Chat_Facebook_none_2.pcap.UDP_131-202-240-87_62692_131-202-244-3_53_stream_0.pcap,udp_0,udp,0,Facebook,nonVPN,Chat,Facebook
VPN_Chat_Facebook_none_1.pcap.UDP_10-8-8-178_20879_78-46-223-24_53_stream_0.pcap,udp_0,udp,0,Facebook,VPN,Chat,Facebook
VPN_VoIP_Facebook_audio_1.pcap.UDP_10-8-0-10_30500_131-202-244-5_53_stream_0.pcap,udp_0,udp,0,Facebook,VPN,VoIP,Facebook
VPN_VoIP_Facebook_audio_1.pcap.UDP_10-8-0-10_54833_131-202-244-3_53_stream_0.pcap,udp_0,udp,0,Facebook,VPN,VoIP,Facebook
nonVPN_Chat_Facebook_none_5.pcap.UDP_131-202-240-242_50504_224-0-0-252_5355_stream_0.pcap,udp_0,udp,0,Facebook,nonVPN,Chat,Facebook
VPN_VoIP_Facebook_audio_1.pcap.UDP_10-8-0-10_9396_131-202-244-3_53_stream_0.pcap,udp_0,udp,0,Facebook,VPN,VoIP,Facebook
VPN_VoIP_Facebook_audio_1.pcap.UDP_10-8-0-10_60926_131-202-244-3_53_stream_0.pcap,udp_0,udp,0,Facebook,VPN,VoIP,Facebook
VPN_Chat_Facebook_none_1.pcap.UDP_10-8-8-178_22780_198-7-63-141_53_stream_0.pcap,udp_0,udp,0,Facebook,VPN,Chat,Facebook
VPN_Chat_Facebook_none_1.pcap.UDP_10-8-8-178_22963_198-7-63-141_53_stream_0.pcap,udp_0,udp,0,Facebook,VPN,Chat,Facebook
VPN_VoIP_Facebook_audio_1.pcap.UDP_10-8-0-10_46157_131-202-244-3_53_stream_0.pcap,udp_0,udp,0,Facebook,VPN,VoIP,Facebook
VPN_VoIP_Facebook_audio_1.pcap.UDP_10-8-0-10_60023_173-252-79-90_50015_stream_0.pcap,udp_0,udp,0,Facebook,VPN,VoIP,Facebook
VPN_Chat_Facebook_none_1.pcap.UDP_10-8-8-178_24303_198-7-63-141_53_stream_0.pcap,udp_0,udp,0,Facebook,VPN,Chat,Facebook
VPN_Chat_Facebook_none_1.pcap.UDP_10-8-8-178_24517_198-7-63-141_53_stream_0.pcap,udp_0,udp,0,Facebook,VPN,Chat,Facebook
VPN_Chat_Facebook_none_1.pcap.UDP_10-8-8-178_24583_198-7-63-141_53_stream_0.pcap,udp_0,udp,0,Facebook,VPN,Chat,Facebook
VPN_Chat_Facebook_none_1.pcap.UDP_10-8-8-178_24620_198-7-63-141_53_stream_0.pcap,udp_0,udp,0,Facebook,VPN,Chat,Facebook
VPN_VoIP_Facebook_audio_1.pcap.UDP_10-8-0-10_42768_131-202-244-5_53_stream_0.pcap,udp_0,udp,0,Facebook,VPN,VoIP,Facebook
VPN_VoIP_Facebook_audio_1.pcap.UDP_10-8-0-10_51105_131-202-244-5_53_stream_0.pcap,udp_0,udp,0,Facebook,VPN,VoIP,Facebook
VPN_Chat_Facebook_none_1.pcap.UDP_10-8-8-178_25208_198-7-63-141_53_stream_0.pcap,udp_0,udp,0,Facebook,VPN,Chat,Facebook
nonVPN_Chat_Facebook_none_5.pcap.UDP_131-202-240-242_54536_224-0-0-252_5355_stream_0.pcap,udp_0,udp,0,Facebook,nonVPN,Chat,Facebook
VPN_Chat_Facebook_none_1.pcap.UDP_10-8-8-178_25510_198-7-63-141_53_stream_0.pcap,udp_0,udp,0,Facebook,VPN,Chat,Facebook
VPN_VoIP_Facebook_audio_1.pcap.UDP_10-8-0-10_44700_131-202-244-3_53_stream_0.pcap,udp_0,udp,0,Facebook,VPN,VoIP,Facebook
VPN_Chat_Facebook_none_1.pcap.UDP_10-8-8-178_26354_198-7-63-141_53_stream_0.pcap,udp_0,udp,0,Facebook,VPN,Chat,Facebook
VPN_Chat_Facebook_none_1.pcap.UDP_10-8-8-178_26454_198-7-63-141_53_stream_0.pcap,udp_0,udp,0,Facebook,VPN,Chat,Facebook
VPN_Chat_Facebook_none_1.pcap.UDP_10-8-8-178_27214_198-7-63-141_53_stream_0.pcap,udp_0,udp,0,Facebook,VPN,Chat,Facebook
VPN_VoIP_Facebook_audio_1.pcap.UDP_10-8-0-10_18109_131-202-244-3_53_stream_0.pcap,udp_0,udp,0,Facebook,VPN,VoIP,Facebook
nonVPN_Chat_Facebook_none_5.pcap.UDP_131-202-240-242_138_131-202-243-255_138_stream_0.pcap,udp_0,udp,0,Facebook,nonVPN,Chat,Facebook
VPN_VoIP_Facebook_audio_1.pcap.UDP_10-8-0-10_55696_131-202-244-3_53_stream_0.pcap,udp_0,udp,0,Facebook,VPN,VoIP,Facebook
VPN_VoIP_Facebook_audio_1.pcap.UDP_10-8-0-10_41805_131-202-244-3_53_stream_0.pcap,udp_0,udp,0,Facebook,VPN,VoIP,Facebook
nonVPN_Chat_Facebook_none_4.pcap.TCP_131-202-240-87_64882_209-148-205-35_443_stream_0.pcap,tcp_0,tcp,0,Facebook,nonVPN,Chat,Facebook
nonVPN_Chat_Facebook_none_2.pcap.TCP_24-156-140-8_443_131-202-240-87_19592_stream_0.pcap,tcp_0,tcp,0,Facebook,nonVPN,Chat,Facebook
nonVPN_Chat_Facebook_none_5.pcap.UDP_131-202-240-242_57952_224-0-0-252_5355_stream_0.pcap,udp_0,udp,0,Facebook,nonVPN,Chat,Facebook
VPN_Chat_Facebook_none_1.pcap.UDP_10-8-8-178_29056_198-7-63-141_53_stream_0.pcap,udp_0,udp,0,Facebook,VPN,Chat,Facebook
VPN_Chat_Facebook_none_1.pcap.UDP_10-8-8-178_29200_78-46-223-24_53_stream_0.pcap,udp_0,udp,0,Facebook,VPN,Chat,Facebook
nonVPN_Chat_Facebook_none_5.pcap.UDP_131-202-240-242_64706_224-0-0-252_5355_stream_0.pcap,udp_0,udp,0,Facebook,nonVPN,Chat,Facebook
nonVPN_Chat_Facebook_none_5.pcap.TCP_131-202-6-26_13000_131-202-240-242_32608_stream_0.pcap,tcp_0,tcp,0,Facebook,nonVPN,Chat,Facebook
VPN_Chat_Facebook_none_1.pcap.UDP_10-8-8-178_30251_198-7-63-141_53_stream_0.pcap,udp_0,udp,0,Facebook,VPN,Chat,Facebook
VPN_VoIP_Facebook_audio_1.pcap.UDP_10-8-0-10_32608_131-202-244-5_53_stream_0.pcap,udp_0,udp,0,Facebook,VPN,VoIP,Facebook
VPN_VoIP_Facebook_audio_1.pcap.UDP_10-8-0-10_46647_131-202-6-3_53_stream_0.pcap,udp_0,udp,0,Facebook,VPN,VoIP,Facebook
VPN_Chat_Facebook_none_1.pcap.UDP_10-8-8-178_31204_198-7-63-141_53_stream_0.pcap,udp_0,udp,0,Facebook,VPN,Chat,Facebook
VPN_VoIP_Facebook_audio_1.pcap.UDP_10-8-0-10_46186_131-202-244-3_53_stream_0.pcap,udp_0,udp,0,Facebook,VPN,VoIP,Facebook
VPN_VoIP_Facebook_audio_1.pcap.UDP_10-8-0-10_50497_131-202-6-3_53_stream_0.pcap,udp_0,udp,0,Facebook,VPN,VoIP,Facebook
VPN_Chat_Facebook_none_2.pcap.UDP_10-8-8-130_65033_198-7-63-141_53_stream_0.pcap,udp_0,udp,0,Facebook,VPN,Chat,Facebook
VPN_Chat_Facebook_none_1.pcap.UDP_10-8-8-178_3247_198-7-63-141_53_stream_0.pcap,udp_0,udp,0,Facebook,VPN,Chat,Facebook
nonVPN_Chat_Facebook_none_5.pcap.UDP_131-202-240-242_63660_224-0-0-252_5355_stream_0.pcap,udp_0,udp,0,Facebook,nonVPN,Chat,Facebook
VPN_VoIP_Facebook_audio_1.pcap.UDP_10-8-0-10_58524_131-202-244-5_53_stream_0.pcap,udp_0,udp,0,Facebook,VPN,VoIP,Facebook
VPN_Chat_Facebook_none_1.pcap.UDP_10-8-8-178_33123_198-7-63-141_53_stream_0.pcap,udp_0,udp,0,Facebook,VPN,Chat,Facebook
VPN_VoIP_Facebook_audio_1.pcap.UDP_10-8-0-10_46647_131-202-244-5_53_stream_0.pcap,udp_0,udp,0,Facebook,VPN,VoIP,Facebook
VPN_Chat_Facebook_none_1.pcap.UDP_10-8-8-178_33883_198-7-63-141_53_stream_0.pcap,udp_0,udp,0,Facebook,VPN,Chat,Facebook
VPN_Chat_Facebook_none_1.pcap.UDP_10-8-8-178_34220_198-7-63-141_53_stream_0.pcap,udp_0,udp,0,Facebook,VPN,Chat,Facebook
VPN_Chat_Facebook_none_1.pcap.UDP_10-8-8-178_33608_198-7-63-141_53_stream_0.pcap,udp_0,udp,0,Facebook,VPN,Chat,Facebook
VPN_Chat_Facebook_none_1.pcap.UDP_10-8-8-178_34284_198-7-63-141_53_stream_0.pcap,udp_0,udp,0,Facebook,VPN,Chat,Facebook
VPN_Chat_Facebook_none_1.pcap.UDP_10-8-8-178_34542_198-7-63-141_53_stream_0.pcap,udp_0,udp,0,Facebook,VPN,Chat,Facebook
VPN_Chat_Facebook_none_1.pcap.UDP_10-8-8-178_35556_198-7-63-141_53_stream_0.pcap,udp_0,udp,0,Facebook,VPN,Chat,Facebook
VPN_VoIP_Facebook_audio_1.pcap.UDP_10-8-0-10_7338_131-202-244-5_53_stream_0.pcap,udp_0,udp,0,Facebook,VPN,VoIP,Facebook
VPN_Chat_Facebook_none_1.pcap.UDP_10-8-8-178_35787_198-7-63-141_53_stream_0.pcap,udp_0,udp,0,Facebook,VPN,Chat,Facebook
VPN_Chat_Facebook_none_1.pcap.UDP_10-8-8-178_36212_198-7-63-141_53_stream_0.pcap,udp_0,udp,0,Facebook,VPN,Chat,Facebook
VPN_Chat_Facebook_none_1.pcap.UDP_10-8-8-178_36218_198-7-63-141_53_stream_0.pcap,udp_0,udp,0,Facebook,VPN,Chat,Facebook
VPN_VoIP_Facebook_audio_1.pcap.UDP_10-8-0-10_44578_131-202-244-3_53_stream_0.pcap,udp_0,udp,0,Facebook,VPN,VoIP,Facebook
VPN_VoIP_Facebook_audio_1.pcap.UDP_10-8-0-10_51013_173-252-79-94_50009_stream_0.pcap,udp_0,udp,0,Facebook,VPN,VoIP,Facebook
VPN_Chat_Facebook_none_1.pcap.UDP_10-8-8-178_38792_198-7-63-141_53_stream_0.pcap,udp_0,udp,0,Facebook,VPN,Chat,Facebook
VPN_VoIP_Facebook_audio_1.pcap.UDP_10-8-0-10_38429_69-171-255-36_3478_stream_0.pcap,udp_0,udp,0,Facebook,VPN,VoIP,Facebook
VPN_Chat_Facebook_none_1.pcap.UDP_10-8-8-178_39604_198-7-63-141_53_stream_0.pcap,udp_0,udp,0,Facebook,VPN,Chat,Facebook
VPN_Chat_Facebook_none_1.pcap.UDP_10-8-8-178_39419_198-7-63-141_53_stream_0.pcap,udp_0,udp,0,Facebook,VPN,Chat,Facebook
nonVPN_Chat_Facebook_none_5.pcap.UDP_131-202-240-242_58637_224-0-0-252_5355_stream_0.pcap,udp_0,udp,0,Facebook,nonVPN,Chat,Facebook
VPN_VoIP_Facebook_audio_1.pcap.TCP_10-8-0-10_38446_173-252-79-94_443_stream_0.pcap,tcp_0,tcp,0,Facebook,VPN,VoIP,Facebook
VPN_Chat_Facebook_none_1.pcap.UDP_10-8-8-178_39753_198-7-63-141_53_stream_0.pcap,udp_0,udp,0,Facebook,VPN,Chat,Facebook
VPN_Chat_Facebook_none_1.pcap.UDP_10-8-8-178_39799_198-7-63-141_53_stream_0.pcap,udp_0,udp,0,Facebook,VPN,Chat,Facebook
VPN_Chat_Facebook_none_2.pcap.UDP_10-8-8-130_5603_198-7-63-141_53_stream_0.pcap,udp_0,udp,0,Facebook,VPN,Chat,Facebook
nonVPN_Chat_Facebook_none_5.pcap.UDP_131-202-240-242_63040_224-0-0-252_5355_stream_0.pcap,udp_0,udp,0,Facebook,nonVPN,Chat,Facebook
VPN_Chat_Facebook_none_1.pcap.UDP_10-8-8-178_40338_198-7-63-141_53_stream_0.pcap,udp_0,udp,0,Facebook,VPN,Chat,Facebook
VPN_VoIP_Facebook_audio_1.pcap.UDP_10-8-0-10_58751_131-202-244-5_53_stream_0.pcap,udp_0,udp,0,Facebook,VPN,VoIP,Facebook
VPN_VoIP_Facebook_audio_1.pcap.TCP_10-8-0-10_57175_173-252-79-94_3478_stream_0.pcap,tcp_0,tcp,0,Facebook,VPN,VoIP,Facebook
VPN_Chat_Facebook_none_1.pcap.UDP_10-8-8-178_40742_198-7-63-141_53_stream_0.pcap,udp_0,udp,0,Facebook,VPN,Chat,Facebook
VPN_VoIP_Facebook_audio_1.pcap.UDP_10-8-0-10_46145_131-202-244-3_53_stream_0.pcap,udp_0,udp,0,Facebook,VPN,VoIP,Facebook
VPN_VoIP_Facebook_audio_1.pcap.UDP_10-8-0-10_37231_131-202-244-3_53_stream_0.pcap,udp_0,udp,0,Facebook,VPN,VoIP,Facebook
VPN_VoIP_Facebook_audio_1.pcap.UDP_10-8-0-10_13815_131-202-244-3_53_stream_0.pcap,udp_0,udp,0,Facebook,VPN,VoIP,Facebook
VPN_VoIP_Facebook_audio_1.pcap.UDP_10-8-0-10_38724_131-202-244-3_53_stream_0.pcap,udp_0,udp,0,Facebook,VPN,VoIP,Facebook
VPN_VoIP_Facebook_audio_1.pcap.UDP_10-8-0-10_58492_131-202-244-5_53_stream_0.pcap,udp_0,udp,0,Facebook,VPN,VoIP,Facebook
VPN_Chat_Facebook_none_2.pcap.UDP_10-8-8-130_63118_198-7-63-141_53_stream_0.pcap,udp_0,udp,0,Facebook,VPN,Chat,Facebook
VPN_Chat_Facebook_none_1.pcap.UDP_10-8-8-178_41381_78-46-223-24_53_stream_0.pcap,udp_0,udp,0,Facebook,VPN,Chat,Facebook
VPN_VoIP_Facebook_audio_1.pcap.UDP_10-8-0-10_6872_131-202-6-3_53_stream_0.pcap,udp_0,udp,0,Facebook,VPN,VoIP,Facebook
VPN_VoIP_Facebook_audio_1.pcap.UDP_10-8-0-10_60679_131-202-244-3_53_stream_0.pcap,udp_0,udp,0,Facebook,VPN,VoIP,Facebook
VPN_VoIP_Facebook_audio_1.pcap.UDP_10-8-0-10_6229_131-202-244-3_53_stream_0.pcap,udp_0,udp,0,Facebook,VPN,VoIP,Facebook
VPN_Chat_Facebook_none_1.pcap.UDP_10-8-8-178_4317_198-7-63-141_53_stream_0.pcap,udp_0,udp,0,Facebook,VPN,Chat,Facebook
nonVPN_Chat_Facebook_none_1.pcap.UDP_131-202-240-87_58406_131-202-244-3_53_stream_0.pcap,udp_0,udp,0,Facebook,nonVPN,Chat,Facebook
VPN_Chat_Facebook_none_2.pcap.UDP_10-8-8-130_7057_198-7-63-141_53_stream_0.pcap,udp_0,udp,0,Facebook,VPN,Chat,Facebook
VPN_VoIP_Facebook_audio_1.pcap.TCP_10-8-0-10_37035_173-252-79-94_3478_stream_0.pcap,tcp_0,tcp,0,Facebook,VPN,VoIP,Facebook
nonVPN_Chat_Facebook_none_5.pcap.TCP_131-202-240-242_32564_173-194-73-95_80_stream_0.pcap,tcp_0,tcp,0,Facebook,nonVPN,Chat,Facebook
VPN_VoIP_Facebook_audio_1.pcap.UDP_10-8-0-10_27367_131-202-244-3_53_stream_0.pcap,udp_0,udp,0,Facebook,VPN,VoIP,Facebook
VPN_VoIP_Facebook_audio_1.pcap.UDP_10-8-0-10_30682_131-202-244-5_53_stream_0.pcap,udp_0,udp,0,Facebook,VPN,VoIP,Facebook
VPN_Chat_Facebook_none_2.pcap.UDP_10-8-8-130_62897_198-7-63-141_53_stream_0.pcap,udp_0,udp,0,Facebook,VPN,Chat,Facebook
VPN_Chat_Facebook_none_1.pcap.UDP_10-8-8-178_44836_198-7-63-141_53_stream_0.pcap,udp_0,udp,0,Facebook,VPN,Chat,Facebook
VPN_VoIP_Facebook_audio_1.pcap.UDP_10-8-0-10_21755_131-202-6-3_53_stream_0.pcap,udp_0,udp,0,Facebook,VPN,VoIP,Facebook
VPN_Chat_Facebook_none_1.pcap.UDP_10-8-8-178_45489_198-7-63-141_53_stream_0.pcap,udp_0,udp,0,Facebook,VPN,Chat,Facebook
VPN_VoIP_Facebook_audio_1.pcap.UDP_10-8-0-10_61402_131-202-244-3_53_stream_0.pcap,udp_0,udp,0,Facebook,VPN,VoIP,Facebook
VPN_VoIP_Facebook_audio_1.pcap.UDP_10-8-0-10_33297_131-202-244-3_53_stream_0.pcap,udp_0,udp,0,Facebook,VPN,VoIP,Facebook
nonVPN_Chat_Facebook_none_5.pcap.UDP_131-202-240-242_64821_224-0-0-252_5355_stream_0.pcap,udp_0,udp,0,Facebook,nonVPN,Chat,Facebook
VPN_Chat_Facebook_none_1.pcap.UDP_10-8-8-178_4726_198-7-63-141_53_stream_0.pcap,udp_0,udp,0,Facebook,VPN,Chat,Facebook
VPN_Chat_Facebook_none_1.pcap.UDP_10-8-8-178_47596_198-7-63-141_53_stream_0.pcap,udp_0,udp,0,Facebook,VPN,Chat,Facebook
VPN_Chat_Facebook_none_1.pcap.UDP_10-8-8-178_48098_198-7-63-141_53_stream_0.pcap,udp_0,udp,0,Facebook,VPN,Chat,Facebook
VPN_VoIP_Facebook_audio_1.pcap.UDP_10-8-0-10_57829_131-202-244-5_53_stream_0.pcap,udp_0,udp,0,Facebook,VPN,VoIP,Facebook
VPN_VoIP_Facebook_audio_1.pcap.UDP_10-8-0-10_12162_131-202-244-3_53_stream_0.pcap,udp_0,udp,0,Facebook,VPN,VoIP,Facebook
VPN_VoIP_Facebook_audio_1.pcap.UDP_10-8-0-10_47611_131-202-244-5_53_stream_0.pcap,udp_0,udp,0,Facebook,VPN,VoIP,Facebook
VPN_VoIP_Facebook_audio_1.pcap.UDP_10-8-0-10_41805_131-202-244-5_53_stream_0.pcap,udp_0,udp,0,Facebook,VPN,VoIP,Facebook
nonVPN_Chat_Facebook_none_5.pcap.UDP_131-202-240-242_57767_224-0-0-252_5355_stream_0.pcap,udp_0,udp,0,Facebook,nonVPN,Chat,Facebook
VPN_Chat_Facebook_none_1.pcap.UDP_10-8-8-178_50220_198-7-63-141_53_stream_0.pcap,udp_0,udp,0,Facebook,VPN,Chat,Facebook
VPN_Chat_Facebook_none_1.pcap.UDP_10-8-8-178_50286_198-7-63-141_53_stream_0.pcap,udp_0,udp,0,Facebook,VPN,Chat,Facebook
VPN_Chat_Facebook_none_1.pcap.UDP_10-8-8-178_50220_78-46-223-24_53_stream_0.pcap,udp_0,udp,0,Facebook,VPN,Chat,Facebook
VPN_VoIP_Facebook_audio_1.pcap.UDP_10-8-0-10_9619_131-202-244-5_53_stream_0.pcap,udp_0,udp,0,Facebook,VPN,VoIP,Facebook
VPN_Chat_Facebook_none_1.pcap.UDP_10-8-8-178_51499_78-46-223-24_53_stream_0.pcap,udp_0,udp,0,Facebook,VPN,Chat,Facebook
VPN_VoIP_Facebook_audio_1.pcap.UDP_10-8-0-10_7601_131-202-244-3_53_stream_0.pcap,udp_0,udp,0,Facebook,VPN,VoIP,Facebook
VPN_Chat_Facebook_none_2.pcap.UDP_10-8-8-130_6346_198-7-63-141_53_stream_0.pcap,udp_0,udp,0,Facebook,VPN,Chat,Facebook
VPN_VoIP_Facebook_audio_1.pcap.TCP_10-8-0-10_36678_173-252-79-90_443_stream_0.pcap,tcp_0,tcp,0,Facebook,VPN,VoIP,Facebook
VPN_Chat_Facebook_none_1.pcap.UDP_10-8-8-178_52884_198-7-63-141_53_stream_0.pcap,udp_0,udp,0,Facebook,VPN,Chat,Facebook
VPN_Chat_Facebook_none_1.pcap.UDP_10-8-8-178_53045_198-7-63-141_53_stream_0.pcap,udp_0,udp,0,Facebook,VPN,Chat,Facebook
VPN_VoIP_Facebook_audio_1.pcap.UDP_10-8-0-10_45265_131-202-244-3_53_stream_0.pcap,udp_0,udp,0,Facebook,VPN,VoIP,Facebook
nonVPN_Chat_Facebook_none_5.pcap.UDP_131-202-240-242_50747_224-0-0-252_5355_stream_0.pcap,udp_0,udp,0,Facebook,nonVPN,Chat,Facebook
VPN_Chat_Facebook_none_1.pcap.UDP_10-8-8-178_53976_198-7-63-141_53_stream_0.pcap,udp_0,udp,0,Facebook,VPN,Chat,Facebook
VPN_Chat_Facebook_none_1.pcap.UDP_10-8-8-178_54216_198-7-63-141_53_stream_0.pcap,udp_0,udp,0,Facebook,VPN,Chat,Facebook
VPN_VoIP_Facebook_audio_1.pcap.UDP_10-8-0-10_20285_131-202-6-3_53_stream_0.pcap,udp_0,udp,0,Facebook,VPN,VoIP,Facebook
VPN_Chat_Facebook_none_1.pcap.UDP_10-8-8-178_54494_78-46-223-24_53_stream_0.pcap,udp_0,udp,0,Facebook,VPN,Chat,Facebook
VPN_Chat_Facebook_none_1.pcap.UDP_10-8-8-178_54723_78-46-223-24_53_stream_0.pcap,udp_0,udp,0,Facebook,VPN,Chat,Facebook
VPN_VoIP_Facebook_audio_1.pcap.UDP_10-8-0-10_35780_69-171-255-36_3478_stream_0.pcap,udp_0,udp,0,Facebook,VPN,VoIP,Facebook
VPN_Chat_Facebook_none_1.pcap.UDP_10-8-8-178_55168_198-7-63-141_53_stream_0.pcap,udp_0,udp,0,Facebook,VPN,Chat,Facebook
VPN_VoIP_Facebook_audio_1.pcap.UDP_10-8-0-10_2200_131-202-244-3_53_stream_0.pcap,udp_0,udp,0,Facebook,VPN,VoIP,Facebook
VPN_Chat_Facebook_none_1.pcap.UDP_10-8-8-178_5639_198-7-63-141_53_stream_0.pcap,udp_0,udp,0,Facebook,VPN,Chat,Facebook
VPN_VoIP_Facebook_audio_1.pcap.UDP_10-8-0-10_53517_131-202-244-5_53_stream_0.pcap,udp_0,udp,0,Facebook,VPN,VoIP,Facebook
VPN_VoIP_Facebook_audio_1.pcap.UDP_10-8-0-10_20918_131-202-244-5_53_stream_0.pcap,udp_0,udp,0,Facebook,VPN,VoIP,Facebook
VPN_VoIP_Facebook_audio_1.pcap.UDP_10-8-0-10_40105_131-202-244-5_53_stream_0.pcap,udp_0,udp,0,Facebook,VPN,VoIP,Facebook
VPN_VoIP_Facebook_audio_1.pcap.UDP_10-8-0-10_32811_131-202-244-3_53_stream_0.pcap,udp_0,udp,0,Facebook,VPN,VoIP,Facebook
VPN_VoIP_Facebook_audio_1.pcap.UDP_10-8-0-10_40591_131-202-244-5_53_stream_0.pcap,udp_0,udp,0,Facebook,VPN,VoIP,Facebook
VPN_VoIP_Facebook_audio_1.pcap.UDP_10-8-0-10_61160_131-202-244-5_53_stream_0.pcap,udp_0,udp,0,Facebook,VPN,VoIP,Facebook
VPN_VoIP_Facebook_audio_1.pcap.UDP_10-8-0-10_6729_131-202-244-3_53_stream_0.pcap,udp_0,udp,0,Facebook,VPN,VoIP,Facebook
nonVPN_Chat_Facebook_none_5.pcap.TCP_74-125-26-156_80_131-202-240-242_32510_stream_0.pcap,tcp_0,tcp,0,Facebook,nonVPN,Chat,Facebook
VPN_VoIP_Facebook_audio_1.pcap.UDP_10-8-0-10_30511_131-202-244-5_53_stream_0.pcap,udp_0,udp,0,Facebook,VPN,VoIP,Facebook
VPN_Chat_Facebook_none_1.pcap.UDP_10-8-8-178_58408_198-7-63-141_53_stream_0.pcap,udp_0,udp,0,Facebook,VPN,Chat,Facebook
VPN_VoIP_Facebook_audio_1.pcap.UDP_10-8-0-10_26389_131-202-244-3_53_stream_0.pcap,udp_0,udp,0,Facebook,VPN,VoIP,Facebook
nonVPN_Chat_Facebook_none_5.pcap.UDP_131-202-240-242_50670_224-0-0-252_5355_stream_0.pcap,udp_0,udp,0,Facebook,nonVPN,Chat,Facebook
VPN_Chat_Facebook_none_1.pcap.UDP_10-8-8-178_59777_198-7-63-141_53_stream_0.pcap,udp_0,udp,0,Facebook,VPN,Chat,Facebook
VPN_Chat_Facebook_none_2.pcap.UDP_10-8-8-130_53721_198-7-63-141_53_stream_0.pcap,udp_0,udp,0,Facebook,VPN,Chat,Facebook
nonVPN_Chat_Facebook_none_5.pcap.UDP_131-202-240-242_51742_224-0-0-252_5355_stream_0.pcap,udp_0,udp,0,Facebook,nonVPN,Chat,Facebook
VPN_VoIP_Facebook_audio_1.pcap.UDP_10-8-0-10_58453_131-202-244-5_53_stream_0.pcap,udp_0,udp,0,Facebook,VPN,VoIP,Facebook
VPN_VoIP_Facebook_audio_1.pcap.UDP_10-8-0-10_13716_131-202-244-3_53_stream_0.pcap,udp_0,udp,0,Facebook,VPN,VoIP,Facebook
VPN_VoIP_Facebook_audio_1.pcap.UDP_10-8-0-10_24774_131-202-244-5_53_stream_0.pcap,udp_0,udp,0,Facebook,VPN,VoIP,Facebook
VPN_VoIP_Facebook_audio_1.pcap.UDP_10-8-0-10_5738_131-202-244-3_53_stream_0.pcap,udp_0,udp,0,Facebook,VPN,VoIP,Facebook
VPN_VoIP_Facebook_audio_1.pcap.UDP_10-8-0-10_31190_131-202-6-3_53_stream_0.pcap,udp_0,udp,0,Facebook,VPN,VoIP,Facebook
VPN_Chat_Facebook_none_1.pcap.UDP_10-8-8-178_61577_198-7-63-141_53_stream_0.pcap,udp_0,udp,0,Facebook,VPN,Chat,Facebook
VPN_VoIP_Facebook_audio_1.pcap.UDP_10-8-0-10_25756_131-202-244-5_53_stream_0.pcap,udp_0,udp,0,Facebook,VPN,VoIP,Facebook
VPN_VoIP_Facebook_audio_1.pcap.UDP_10-8-0-10_22474_131-202-6-3_53_stream_0.pcap,udp_0,udp,0,Facebook,VPN,VoIP,Facebook
VPN_VoIP_Facebook_audio_1.pcap.UDP_10-8-0-10_55127_131-202-244-3_53_stream_0.pcap,udp_0,udp,0,Facebook,VPN,VoIP,Facebook
VPN_VoIP_Facebook_audio_1.pcap.UDP_10-8-0-10_15875_131-202-244-3_53_stream_0.pcap,udp_0,udp,0,Facebook,VPN,VoIP,Facebook
VPN_VoIP_Facebook_audio_1.pcap.UDP_10-8-0-10_44208_131-202-244-3_53_stream_0.pcap,udp_0,udp,0,Facebook,VPN,VoIP,Facebook
VPN_Chat_Facebook_none_1.pcap.UDP_10-8-8-178_63024_198-7-63-141_53_stream_0.pcap,udp_0,udp,0,Facebook,VPN,Chat,Facebook
VPN_Chat_Facebook_none_1.pcap.UDP_10-8-8-178_63214_198-7-63-141_53_stream_0.pcap,udp_0,udp,0,Facebook,VPN,Chat,Facebook
VPN_VoIP_Facebook_audio_1.pcap.UDP_10-8-0-10_21604_131-202-6-3_53_stream_0.pcap,udp_0,udp,0,Facebook,VPN,VoIP,Facebook
VPN_VoIP_Facebook_audio_1.pcap.UDP_10-8-0-10_61576_131-202-244-5_53_stream_0.pcap,udp_0,udp,0,Facebook,VPN,VoIP,Facebook
VPN_Chat_Facebook_none_1.pcap.UDP_10-8-8-178_63675_198-7-63-141_53_stream_0.pcap,udp_0,udp,0,Facebook,VPN,Chat,Facebook
VPN_Chat_Facebook_none_2.pcap.UDP_10-8-8-130_64534_198-7-63-141_53_stream_0.pcap,udp_0,udp,0,Facebook,VPN,Chat,Facebook
VPN_VoIP_Facebook_audio_1.pcap.UDP_10-8-0-10_44624_131-202-244-3_53_stream_0.pcap,udp_0,udp,0,Facebook,VPN,VoIP,Facebook
VPN_Chat_Facebook_none_1.pcap.UDP_10-8-8-178_64222_198-7-63-141_53_stream_0.pcap,udp_0,udp,0,Facebook,VPN,Chat,Facebook
VPN_Chat_Facebook_none_2.pcap.UDP_10-8-8-130_65372_198-7-63-141_53_stream_0.pcap,udp_0,udp,0,Facebook,VPN,Chat,Facebook
VPN_VoIP_Facebook_audio_1.pcap.UDP_10-8-0-10_4536_131-202-6-3_53_stream_0.pcap,udp_0,udp,0,Facebook,VPN,VoIP,Facebook
nonVPN_Chat_Facebook_none_5.pcap.TCP_131-202-240-242_32532_216-58-219-206_443_stream_0.pcap,tcp_0,tcp,0,Facebook,nonVPN,Chat,Facebook
VPN_VoIP_Facebook_audio_1.pcap.UDP_10-8-0-10_7061_131-202-244-3_53_stream_0.pcap,udp_0,udp,0,Facebook,VPN,VoIP,Facebook
nonVPN_Chat_Facebook_none_4.pcap.UDP_131-202-240-87_59034_131-202-244-3_53_stream_0.pcap,udp_0,udp,0,Facebook,nonVPN,Chat,Facebook
VPN_VoIP_Facebook_audio_1.pcap.UDP_10-8-0-10_24530_131-202-244-3_53_stream_0.pcap,udp_0,udp,0,Facebook,VPN,VoIP,Facebook
VPN_Chat_Facebook_none_1.pcap.UDP_10-8-8-178_7188_198-7-63-141_53_stream_0.pcap,udp_0,udp,0,Facebook,VPN,Chat,Facebook
VPN_Chat_Facebook_none_1.pcap.UDP_10-8-8-178_7168_198-7-63-141_53_stream_0.pcap,udp_0,udp,0,Facebook,VPN,Chat,Facebook
nonVPN_Chat_Facebook_none_3.pcap.UDP_131-202-240-87_60898_224-0-0-252_5355_stream_0.pcap,udp_0,udp,0,Facebook,nonVPN,Chat,Facebook
VPN_Chat_Facebook_none_1.pcap.UDP_10-8-8-178_7640_198-7-63-141_53_stream_0.pcap,udp_0,udp,0,Facebook,VPN,Chat,Facebook
VPN_VoIP_Facebook_audio_1.pcap.UDP_10-8-0-10_48892_131-202-244-3_53_stream_0.pcap,udp_0,udp,0,Facebook,VPN,VoIP,Facebook
VPN_Chat_Facebook_none_1.pcap.UDP_10-8-8-178_8784_198-7-63-141_53_stream_0.pcap,udp_0,udp,0,Facebook,VPN,Chat,Facebook
nonVPN_Chat_Facebook_none_5.pcap.UDP_131-202-240-242_53333_224-0-0-252_5355_stream_0.pcap,udp_0,udp,0,Facebook,nonVPN,Chat,Facebook
VPN_VoIP_Facebook_audio_1.pcap.TCP_10-8-0-10_52712_173-252-79-90_443_stream_0.pcap,tcp_0,tcp,0,Facebook,VPN,VoIP,Facebook
nonVPN_Chat_Facebook_none_5.pcap.UDP_131-202-240-242_49992_224-0-0-252_5355_stream_0.pcap,udp_0,udp,0,Facebook,nonVPN,Chat,Facebook
VPN_VoIP_Facebook_audio_1.pcap.UDP_10-8-0-10_6571_131-202-244-5_53_stream_0.pcap,udp_0,udp,0,Facebook,VPN,VoIP,Facebook
VPN_Chat_Facebook_none_2.pcap.TCP_10-8-8-130_59901_23-63-99-232_443_stream_0.pcap,tcp_0,tcp,0,Facebook,VPN,Chat,Facebook
VPN_Chat_Facebook_none_2.pcap.UDP_10-8-8-130_10311_198-7-63-141_53_stream_0.pcap,udp_0,udp,0,Facebook,VPN,Chat,Facebook
VPN_VoIP_Facebook_audio_1.pcap.UDP_10-8-0-10_16287_131-202-6-3_53_stream_0.pcap,udp_0,udp,0,Facebook,VPN,VoIP,Facebook
VPN_VoIP_Facebook_audio_1.pcap.TCP_10-8-0-10_52167_173-252-79-94_3478_stream_0.pcap,tcp_0,tcp,0,Facebook,VPN,VoIP,Facebook
VPN_Chat_Facebook_none_2.pcap.UDP_10-8-8-130_10756_198-7-63-141_53_stream_0.pcap,udp_0,udp,0,Facebook,VPN,Chat,Facebook
VPN_VoIP_Facebook_audio_1.pcap.TCP_10-8-0-10_54474_74-125-22-189_443_stream_0.pcap,tcp_0,tcp,0,Facebook,VPN,VoIP,Facebook
VPN_Chat_Facebook_none_2.pcap.UDP_10-8-8-130_11148_78-46-223-24_53_stream_0.pcap,udp_0,udp,0,Facebook,VPN,Chat,Facebook
VPN_VoIP_Facebook_audio_1.pcap.UDP_10-8-0-10_55210_131-202-244-5_53_stream_0.pcap,udp_0,udp,0,Facebook,VPN,VoIP,Facebook
VPN_VoIP_Facebook_audio_1.pcap.TCP_10-8-0-10_56608_173-194-123-11_443_stream_0.pcap,tcp_0,tcp,0,Facebook,VPN,VoIP,Facebook
VPN_Chat_Facebook_none_2.pcap.UDP_10-8-8-130_1225_198-7-63-141_53_stream_0.pcap,udp_0,udp,0,Facebook,VPN,Chat,Facebook
VPN_VoIP_Facebook_audio_1.pcap.UDP_10-8-0-10_31958_131-202-244-3_53_stream_0.pcap,udp_0,udp,0,Facebook,VPN,VoIP,Facebook
VPN_VoIP_Facebook_audio_1.pcap.UDP_10-8-0-10_39034_131-202-244-5_53_stream_0.pcap,udp_0,udp,0,Facebook,VPN,VoIP,Facebook
VPN_VoIP_Facebook_audio_1.pcap.UDP_10-8-0-10_16851_131-202-244-3_53_stream_0.pcap,udp_0,udp,0,Facebook,VPN,VoIP,Facebook
VPN_VoIP_Facebook_audio_1.pcap.UDP_10-8-0-10_34775_131-202-244-5_53_stream_0.pcap,udp_0,udp,0,Facebook,VPN,VoIP,Facebook
VPN_Chat_Facebook_none_2.pcap.UDP_10-8-8-130_13827_198-7-63-141_53_stream_0.pcap,udp_0,udp,0,Facebook,VPN,Chat,Facebook
VPN_Chat_Facebook_none_2.pcap.UDP_10-8-8-130_5318_198-7-63-141_53_stream_0.pcap,udp_0,udp,0,Facebook,VPN,Chat,Facebook
VPN_Chat_Facebook_none_2.pcap.UDP_10-8-8-130_14379_198-7-63-141_53_stream_0.pcap,udp_0,udp,0,Facebook,VPN,Chat,Facebook
nonVPN_Chat_Facebook_none_5.pcap.UDP_131-202-240-242_49991_224-0-0-252_5355_stream_0.pcap,udp_0,udp,0,Facebook,nonVPN,Chat,Facebook
VPN_Chat_Facebook_none_2.pcap.UDP_10-8-8-130_15001_198-7-63-141_53_stream_0.pcap,udp_0,udp,0,Facebook,VPN,Chat,Facebook
VPN_Chat_Facebook_none_2.pcap.UDP_10-8-8-130_63574_78-46-223-24_53_stream_0.pcap,udp_0,udp,0,Facebook,VPN,Chat,Facebook
VPN_VoIP_Facebook_audio_1.pcap.UDP_10-8-0-10_37590_69-171-255-36_3478_stream_0.pcap,udp_0,udp,0,Facebook,VPN,VoIP,Facebook
VPN_Chat_Facebook_none_2.pcap.UDP_10-8-8-130_54692_198-7-63-141_53_stream_0.pcap,udp_0,udp,0,Facebook,VPN,Chat,Facebook
VPN_VoIP_Facebook_audio_1.pcap.UDP_10-8-0-10_27598_131-202-244-3_53_stream_0.pcap,udp_0,udp,0,Facebook,VPN,VoIP,Facebook
VPN_VoIP_Facebook_audio_1.pcap.UDP_10-8-0-10_43445_131-202-244-3_53_stream_0.pcap,udp_0,udp,0,Facebook,VPN,VoIP,Facebook
VPN_VoIP_Facebook_audio_1.pcap.UDP_10-8-0-10_64933_131-202-6-3_53_stream_0.pcap,udp_0,udp,0,Facebook,VPN,VoIP,Facebook
VPN_Chat_Facebook_none_2.pcap.UDP_10-8-8-130_16908_198-7-63-141_53_stream_0.pcap,udp_0,udp,0,Facebook,VPN,Chat,Facebook
VPN_VoIP_Facebook_audio_1.pcap.UDP_10-8-0-10_34395_131-202-6-3_53_stream_0.pcap,udp_0,udp,0,Facebook,VPN,VoIP,Facebook
VPN_VoIP_Facebook_audio_1.pcap.UDP_10-8-0-10_49730_131-202-244-3_53_stream_0.pcap,udp_0,udp,0,Facebook,VPN,VoIP,Facebook
VPN_VoIP_Facebook_audio_1.pcap.UDP_10-8-0-10_36050_69-171-255-36_3478_stream_0.pcap,udp_0,udp,0,Facebook,VPN,VoIP,Facebook
VPN_VoIP_Facebook_audio_1.pcap.UDP_10-8-0-10_56921_131-202-244-3_53_stream_0.pcap,udp_0,udp,0,Facebook,VPN,VoIP,Facebook
VPN_Chat_Facebook_none_2.pcap.UDP_10-8-8-130_17668_198-7-63-141_53_stream_0.pcap,udp_0,udp,0,Facebook,VPN,Chat,Facebook
VPN_Chat_Facebook_none_2.pcap.UDP_10-8-8-130_17723_198-7-63-141_53_stream_0.pcap,udp_0,udp,0,Facebook,VPN,Chat,Facebook
VPN_VoIP_Facebook_audio_1.pcap.UDP_10-8-0-10_42755_131-202-244-3_53_stream_0.pcap,udp_0,udp,0,Facebook,VPN,VoIP,Facebook
VPN_Chat_Facebook_none_2.pcap.UDP_10-8-8-130_18023_198-7-63-141_53_stream_0.pcap,udp_0,udp,0,Facebook,VPN,Chat,Facebook
VPN_VoIP_Facebook_audio_1.pcap.UDP_10-8-0-10_20256_131-202-244-5_53_stream_0.pcap,udp_0,udp,0,Facebook,VPN,VoIP,Facebook
VPN_Chat_Facebook_none_2.pcap.UDP_10-8-8-130_18232_198-7-63-141_53_stream_0.pcap,udp_0,udp,0,Facebook,VPN,Chat,Facebook
nonVPN_Chat_Facebook_none_3.pcap.UDP_131-202-240-87_56999_131-202-244-3_53_stream_0.pcap,udp_0,udp,0,Facebook,nonVPN,Chat,Facebook
VPN_VoIP_Facebook_audio_1.pcap.UDP_10-8-0-10_63220_131-202-244-3_53_stream_0.pcap,udp_0,udp,0,Facebook,VPN,VoIP,Facebook
VPN_VoIP_Facebook_audio_1.pcap.UDP_10-8-0-10_10498_131-202-244-5_53_stream_0.pcap,udp_0,udp,0,Facebook,VPN,VoIP,Facebook
nonVPN_Chat_Facebook_none_4.pcap.UDP_131-202-6-3_53_131-202-240-87_49241_stream_0.pcap,udp_0,udp,0,Facebook,nonVPN,Chat,Facebook
VPN_Chat_Facebook_none_2.pcap.UDP_10-8-8-130_19688_198-7-63-141_53_stream_0.pcap,udp_0,udp,0,Facebook,VPN,Chat,Facebook
nonVPN_Chat_Facebook_none_4.pcap.TCP_131-202-6-26_13000_131-202-240-87_64883_stream_0.pcap,tcp_0,tcp,0,Facebook,nonVPN,Chat,Facebook
VPN_VoIP_Facebook_audio_1.pcap.UDP_10-8-0-10_14047_131-202-244-5_53_stream_0.pcap,udp_0,udp,0,Facebook,VPN,VoIP,Facebook
nonVPN_Chat_Facebook_none_5.pcap.UDP_131-202-240-242_61714_224-0-0-252_5355_stream_0.pcap,udp_0,udp,0,Facebook,nonVPN,Chat,Facebook
VPN_VoIP_Facebook_audio_1.pcap.UDP_10-8-0-10_10707_131-202-244-5_53_stream_0.pcap,udp_0,udp,0,Facebook,VPN,VoIP,Facebook
VPN_VoIP_Facebook_audio_1.pcap.UDP_10-8-0-10_56284_131-202-244-5_53_stream_0.pcap,udp_0,udp,0,Facebook,VPN,VoIP,Facebook
VPN_VoIP_Facebook_audio_1.pcap.UDP_10-8-0-10_36163_131-202-244-5_53_stream_0.pcap,udp_0,udp,0,Facebook,VPN,VoIP,Facebook
VPN_VoIP_Facebook_audio_1.pcap.UDP_10-8-0-10_29293_131-202-244-3_53_stream_0.pcap,udp_0,udp,0,Facebook,VPN,VoIP,Facebook
VPN_Chat_Facebook_none_2.pcap.UDP_10-8-8-130_21477_198-7-63-141_53_stream_0.pcap,udp_0,udp,0,Facebook,VPN,Chat,Facebook
VPN_VoIP_Facebook_audio_1.pcap.UDP_10-8-0-10_16128_131-202-244-3_53_stream_0.pcap,udp_0,udp,0,Facebook,VPN,VoIP,Facebook
VPN_VoIP_Facebook_audio_1.pcap.TCP_10-8-0-10_40944_173-252-79-90_3478_stream_0.pcap,tcp_0,tcp,0,Facebook,VPN,VoIP,Facebook
VPN_VoIP_Facebook_audio_1.pcap.UDP_10-8-0-10_7707_131-202-244-3_53_stream_0.pcap,udp_0,udp,0,Facebook,VPN,VoIP,Facebook
VPN_VoIP_Facebook_audio_1.pcap.UDP_10-8-0-10_57727_131-202-244-3_53_stream_0.pcap,udp_0,udp,0,Facebook,VPN,VoIP,Facebook
VPN_VoIP_Facebook_audio_1.pcap.UDP_10-8-0-10_26974_131-202-244-3_53_stream_0.pcap,udp_0,udp,0,Facebook,VPN,VoIP,Facebook
VPN_Chat_Facebook_none_2.pcap.UDP_10-8-8-130_23796_198-7-63-141_53_stream_0.pcap,udp_0,udp,0,Facebook,VPN,Chat,Facebook
VPN_Chat_Facebook_none_2.pcap.UDP_10-8-8-130_24215_198-7-63-141_53_stream_0.pcap,udp_0,udp,0,Facebook,VPN,Chat,Facebook
nonVPN_Chat_Facebook_none_4.pcap.TCP_131-202-240-87_64796_173-194-210-188_5228_stream_0.pcap,tcp_0,tcp,0,Facebook,nonVPN,Chat,Facebook
nonVPN_Chat_Facebook_none_3.pcap.TCP_131-202-240-87_3187_204-93-35-211_443_stream_0.pcap,tcp_0,tcp,0,Facebook,nonVPN,Chat,Facebook
VPN_Chat_Facebook_none_2.pcap.UDP_10-8-8-130_24865_198-7-63-141_53_stream_0.pcap,udp_0,udp,0,Facebook,VPN,Chat,Facebook
nonVPN_Chat_Facebook_none_5.pcap.UDP_131-202-240-242_64112_224-0-0-252_5355_stream_0.pcap,udp_0,udp,0,Facebook,nonVPN,Chat,Facebook
VPN_VoIP_Facebook_audio_1.pcap.TCP_10-8-0-10_35353_173-194-123-15_443_stream_0.pcap,tcp_0,tcp,0,Facebook,VPN,VoIP,Facebook
VPN_VoIP_Facebook_audio_1.pcap.UDP_10-8-0-10_56483_131-202-244-5_53_stream_0.pcap,udp_0,udp,0,Facebook,VPN,VoIP,Facebook
VPN_VoIP_Facebook_audio_1.pcap.UDP_10-8-0-10_49024_131-202-244-3_53_stream_0.pcap,udp_0,udp,0,Facebook,VPN,VoIP,Facebook
VPN_Chat_Facebook_none_2.pcap.UDP_10-8-8-130_25631_198-7-63-141_53_stream_0.pcap,udp_0,udp,0,Facebook,VPN,Chat,Facebook
nonVPN_Chat_Facebook_none_5.pcap.UDP_131-202-240-242_57792_131-202-244-3_53_stream_0.pcap,udp_0,udp,0,Facebook,nonVPN,Chat,Facebook
VPN_Chat_Facebook_none_2.pcap.UDP_10-8-8-130_25944_198-7-63-141_53_stream_0.pcap,udp_0,udp,0,Facebook,VPN,Chat,Facebook
VPN_Chat_Facebook_none_2.pcap.UDP_10-8-8-130_26037_198-7-63-141_53_stream_0.pcap,udp_0,udp,0,Facebook,VPN,Chat,Facebook
VPN_VoIP_Facebook_audio_1.pcap.UDP_10-8-0-10_61733_131-202-244-3_53_stream_0.pcap,udp_0,udp,0,Facebook,VPN,VoIP,Facebook
VPN_Chat_Facebook_none_2.pcap.UDP_10-8-8-130_9223_198-7-63-141_53_stream_0.pcap,udp_0,udp,0,Facebook,VPN,Chat,Facebook
VPN_Chat_Facebook_none_2.pcap.UDP_10-8-8-130_27413_198-7-63-141_53_stream_0.pcap,udp_0,udp,0,Facebook,VPN,Chat,Facebook
nonVPN_Chat_Facebook_none_3.pcap.UDP_131-202-240-87_62082_131-202-244-3_53_stream_0.pcap,udp_0,udp,0,Facebook,nonVPN,Chat,Facebook
nonVPN_Chat_Facebook_none_2.pcap.TCP_131-202-240-87_19524_173-252-110-27_443_stream_0.pcap,tcp_0,tcp,0,Facebook,nonVPN,Chat,Facebook
VPN_Chat_Facebook_none_2.pcap.UDP_10-8-8-130_27906_198-7-63-141_53_stream_0.pcap,udp_0,udp,0,Facebook,VPN,Chat,Facebook
VPN_Chat_Facebook_none_2.pcap.UDP_10-8-8-130_28112_198-7-63-141_53_stream_0.pcap,udp_0,udp,0,Facebook,VPN,Chat,Facebook
VPN_VoIP_Facebook_audio_1.pcap.UDP_10-8-0-10_21697_131-202-244-5_53_stream_0.pcap,udp_0,udp,0,Facebook,VPN,VoIP,Facebook
VPN_VoIP_Facebook_audio_1.pcap.UDP_10-8-0-10_1845_131-202-244-5_53_stream_0.pcap,udp_0,udp,0,Facebook,VPN,VoIP,Facebook
VPN_Chat_Facebook_none_2.pcap.UDP_10-8-8-130_28568_198-7-63-141_53_stream_0.pcap,udp_0,udp,0,Facebook,VPN,Chat,Facebook
nonVPN_Chat_Facebook_none_5.pcap.UDP_131-202-240-242_56893_224-0-0-252_5355_stream_0.pcap,udp_0,udp,0,Facebook,nonVPN,Chat,Facebook
VPN_Chat_Facebook_none_2.pcap.UDP_10-8-8-130_2872_198-7-63-141_53_stream_0.pcap,udp_0,udp,0,Facebook,VPN,Chat,Facebook
nonVPN_Chat_Facebook_none_5.pcap.UDP_131-202-240-242_51385_224-0-0-252_5355_stream_0.pcap,udp_0,udp,0,Facebook,nonVPN,Chat,Facebook
VPN_VoIP_Facebook_audio_1.pcap.UDP_10-8-0-10_6335_131-202-244-3_53_stream_0.pcap,udp_0,udp,0,Facebook,VPN,VoIP,Facebook
VPN_VoIP_Facebook_audio_1.pcap.UDP_10-8-0-10_26869_131-202-244-3_53_stream_0.pcap,udp_0,udp,0,Facebook,VPN,VoIP,Facebook
VPN_VoIP_Facebook_audio_1.pcap.UDP_10-8-0-10_6872_131-202-244-3_53_stream_0.pcap,udp_0,udp,0,Facebook,VPN,VoIP,Facebook
VPN_VoIP_Facebook_audio_1.pcap.UDP_10-8-0-10_20799_131-202-244-3_53_stream_0.pcap,udp_0,udp,0,Facebook,VPN,VoIP,Facebook
VPN_VoIP_Facebook_audio_1.pcap.UDP_10-8-0-10_37390_131-202-244-5_53_stream_0.pcap,udp_0,udp,0,Facebook,VPN,VoIP,Facebook
VPN_Chat_Facebook_none_2.pcap.UDP_10-8-8-130_64379_198-7-63-141_53_stream_0.pcap,udp_0,udp,0,Facebook,VPN,Chat,Facebook
VPN_Chat_Facebook_none_2.pcap.UDP_10-8-8-130_29411_198-7-63-141_53_stream_0.pcap,udp_0,udp,0,Facebook,VPN,Chat,Facebook
VPN_Chat_Facebook_none_2.pcap.UDP_10-8-8-130_29467_198-7-63-141_53_stream_0.pcap,udp_0,udp,0,Facebook,VPN,Chat,Facebook
nonVPN_Chat_Facebook_none_5.pcap.UDP_131-202-240-242_54821_224-0-0-252_5355_stream_0.pcap,udp_0,udp,0,Facebook,nonVPN,Chat,Facebook
VPN_VoIP_Facebook_audio_1.pcap.UDP_10-8-0-10_24075_131-202-244-5_53_stream_0.pcap,udp_0,udp,0,Facebook,VPN,VoIP,Facebook
VPN_Chat_Facebook_none_2.pcap.UDP_10-8-8-130_30144_198-7-63-141_53_stream_0.pcap,udp_0,udp,0,Facebook,VPN,Chat,Facebook
VPN_VoIP_Facebook_audio_1.pcap.UDP_10-8-0-10_38189_131-202-244-5_53_stream_0.pcap,udp_0,udp,0,Facebook,VPN,VoIP,Facebook
VPN_VoIP_Facebook_audio_1.pcap.UDP_10-8-0-10_54926_131-202-244-5_53_stream_0.pcap,udp_0,udp,0,Facebook,VPN,VoIP,Facebook
VPN_VoIP_Facebook_audio_1.pcap.UDP_10-8-0-10_36555_131-202-244-5_53_stream_0.pcap,udp_0,udp,0,Facebook,VPN,VoIP,Facebook
VPN_Chat_Facebook_none_2.pcap.UDP_10-8-8-130_31245_198-7-63-141_53_stream_0.pcap,udp_0,udp,0,Facebook,VPN,Chat,Facebook
VPN_VoIP_Facebook_audio_1.pcap.UDP_10-8-0-10_38059_131-202-244-5_53_stream_0.pcap,udp_0,udp,0,Facebook,VPN,VoIP,Facebook
VPN_Chat_Facebook_none_2.pcap.UDP_10-8-8-130_31725_198-7-63-141_53_stream_0.pcap,udp_0,udp,0,Facebook,VPN,Chat,Facebook
VPN_VoIP_Facebook_audio_1.pcap.UDP_10-8-0-10_23157_131-202-244-3_53_stream_0.pcap,udp_0,udp,0,Facebook,VPN,VoIP,Facebook
VPN_Chat_Facebook_none_2.pcap.UDP_10-8-8-130_32064_78-46-223-24_53_stream_0.pcap,udp_0,udp,0,Facebook,VPN,Chat,Facebook
VPN_Chat_Facebook_none_2.pcap.UDP_10-8-8-130_32192_198-7-63-141_53_stream_0.pcap,udp_0,udp,0,Facebook,VPN,Chat,Facebook
VPN_VoIP_Facebook_audio_1.pcap.UDP_10-8-0-10_50748_131-202-244-3_53_stream_0.pcap,udp_0,udp,0,Facebook,VPN,VoIP,Facebook
VPN_Chat_Facebook_none_2.pcap.UDP_10-8-8-130_32970_198-7-63-141_53_stream_0.pcap,udp_0,udp,0,Facebook,VPN,Chat,Facebook
VPN_VoIP_Facebook_audio_1.pcap.UDP_10-8-0-10_38688_131-202-244-3_53_stream_0.pcap,udp_0,udp,0,Facebook,VPN,VoIP,Facebook
VPN_VoIP_Facebook_audio_1.pcap.UDP_10-8-0-10_53772_131-202-244-3_53_stream_0.pcap,udp_0,udp,0,Facebook,VPN,VoIP,Facebook
VPN_VoIP_Facebook_audio_1.pcap.UDP_10-8-0-10_34695_131-202-6-3_53_stream_0.pcap,udp_0,udp,0,Facebook,VPN,VoIP,Facebook
VPN_VoIP_Facebook_audio_1.pcap.UDP_10-8-0-10_20234_131-202-244-5_53_stream_0.pcap,udp_0,udp,0,Facebook,VPN,VoIP,Facebook
nonVPN_Chat_Facebook_none_3.pcap.UDP_131-202-240-87_62060_131-202-244-3_53_stream_0.pcap,udp_0,udp,0,Facebook,nonVPN,Chat,Facebook
VPN_VoIP_Facebook_audio_1.pcap.UDP_10-8-0-10_20256_131-202-244-3_53_stream_0.pcap,udp_0,udp,0,Facebook,VPN,VoIP,Facebook
VPN_Chat_Facebook_none_2.pcap.UDP_10-8-8-130_3391_198-7-63-141_53_stream_0.pcap,udp_0,udp,0,Facebook,VPN,Chat,Facebook
VPN_Chat_Facebook_none_2.pcap.UDP_10-8-8-130_33905_198-7-63-141_53_stream_0.pcap,udp_0,udp,0,Facebook,VPN,Chat,Facebook
nonVPN_Chat_Facebook_none_5.pcap.UDP_131-202-240-242_56964_224-0-0-252_5355_stream_0.pcap,udp_0,udp,0,Facebook,nonVPN,Chat,Facebook
nonVPN_Chat_Facebook_none_5.pcap.UDP_131-202-240-242_58504_224-0-0-252_5355_stream_0.pcap,udp_0,udp,0,Facebook,nonVPN,Chat,Facebook
VPN_Chat_Facebook_none_2.pcap.UDP_10-8-8-130_53387_78-46-223-24_53_stream_0.pcap,udp_0,udp,0,Facebook,VPN,Chat,Facebook
VPN_Chat_Facebook_none_2.pcap.UDP_10-8-8-130_63663_198-7-63-141_53_stream_0.pcap,udp_0,udp,0,Facebook,VPN,Chat,Facebook
VPN_VoIP_Facebook_audio_1.pcap.UDP_10-8-0-10_6952_131-202-6-3_53_stream_0.pcap,udp_0,udp,0,Facebook,VPN,VoIP,Facebook
VPN_Chat_Facebook_none_2.pcap.UDP_10-8-8-130_35204_198-7-63-141_53_stream_0.pcap,udp_0,udp,0,Facebook,VPN,Chat,Facebook
VPN_VoIP_Facebook_audio_1.pcap.UDP_10-8-0-10_45668_131-202-244-3_53_stream_0.pcap,udp_0,udp,0,Facebook,VPN,VoIP,Facebook
VPN_VoIP_Facebook_audio_1.pcap.UDP_10-8-0-10_12254_131-202-244-5_53_stream_0.pcap,udp_0,udp,0,Facebook,VPN,VoIP,Facebook
nonVPN_Chat_Facebook_none_3.pcap.UDP_131-202-240-87_63660_131-202-244-3_53_stream_0.pcap,udp_0,udp,0,Facebook,nonVPN,Chat,Facebook
VPN_Chat_Facebook_none_2.pcap.UDP_10-8-8-130_35667_78-46-223-24_53_stream_0.pcap,udp_0,udp,0,Facebook,VPN,Chat,Facebook
nonVPN_Chat_Facebook_none_5.pcap.UDP_131-202-240-242_59088_224-0-0-252_5355_stream_0.pcap,udp_0,udp,0,Facebook,nonVPN,Chat,Facebook
VPN_Chat_Facebook_none_2.pcap.UDP_10-8-8-130_36102_198-7-63-141_53_stream_0.pcap,udp_0,udp,0,Facebook,VPN,Chat,Facebook
VPN_Chat_Facebook_none_2.pcap.UDP_10-8-8-130_36483_78-46-223-24_53_stream_0.pcap,udp_0,udp,0,Facebook,VPN,Chat,Facebook
VPN_Chat_Facebook_none_2.pcap.UDP_10-8-8-130_36700_198-7-63-141_53_stream_0.pcap,udp_0,udp,0,Facebook,VPN,Chat,Facebook
VPN_VoIP_Facebook_audio_1.pcap.UDP_10-8-0-10_4475_131-202-244-5_53_stream_0.pcap,udp_0,udp,0,Facebook,VPN,VoIP,Facebook
nonVPN_Chat_Facebook_none_5.pcap.UDP_131-202-240-242_59174_224-0-0-252_5355_stream_0.pcap,udp_0,udp,0,Facebook,nonVPN,Chat,Facebook
VPN_VoIP_Facebook_audio_1.pcap.TCP_10-8-0-10_57033_173-194-123-24_443_stream_0.pcap,tcp_0,tcp,0,Facebook,VPN,VoIP,Facebook
VPN_Chat_Facebook_none_2.pcap.UDP_10-8-8-130_65041_198-7-63-141_53_stream_0.pcap,udp_0,udp,0,Facebook,VPN,Chat,Facebook
VPN_Chat_Facebook_none_2.pcap.UDP_10-8-8-130_39137_198-7-63-141_53_stream_0.pcap,udp_0,udp,0,Facebook,VPN,Chat,Facebook
VPN_VoIP_Facebook_audio_1.pcap.UDP_10-8-0-10_39270_131-202-244-5_53_stream_0.pcap,udp_0,udp,0,Facebook,VPN,VoIP,Facebook
VPN_VoIP_Facebook_audio_1.pcap.UDP_10-8-0-10_17280_131-202-244-3_53_stream_0.pcap,udp_0,udp,0,Facebook,VPN,VoIP,Facebook
VPN_Chat_Facebook_none_2.pcap.UDP_10-8-8-130_3973_198-7-63-141_53_stream_0.pcap,udp_0,udp,0,Facebook,VPN,Chat,Facebook
nonVPN_Chat_Facebook_none_5.pcap.UDP_131-202-240-242_65183_224-0-0-252_5355_stream_0.pcap,udp_0,udp,0,Facebook,nonVPN,Chat,Facebook
VPN_VoIP_Facebook_audio_1.pcap.UDP_10-8-0-10_45229_131-202-244-5_53_stream_0.pcap,udp_0,udp,0,Facebook,VPN,VoIP,Facebook
VPN_Chat_Facebook_none_2.pcap.UDP_10-8-8-130_40337_198-7-63-141_53_stream_0.pcap,udp_0,udp,0,Facebook,VPN,Chat,Facebook
VPN_Chat_Facebook_none_2.pcap.UDP_10-8-8-130_40208_198-7-63-141_53_stream_0.pcap,udp_0,udp,0,Facebook,VPN,Chat,Facebook
VPN_VoIP_Facebook_audio_1.pcap.UDP_10-8-0-10_17666_131-202-244-3_53_stream_0.pcap,udp_0,udp,0,Facebook,VPN,VoIP,Facebook
VPN_VoIP_Facebook_audio_1.pcap.UDP_10-8-0-10_35198_69-171-255-36_3478_stream_0.pcap,udp_0,udp,0,Facebook,VPN,VoIP,Facebook
nonVPN_Chat_Facebook_none_5.pcap.UDP_131-202-240-242_63593_224-0-0-252_5355_stream_0.pcap,udp_0,udp,0,Facebook,nonVPN,Chat,Facebook
VPN_Chat_Facebook_none_2.pcap.UDP_10-8-8-130_40625_198-7-63-141_53_stream_0.pcap,udp_0,udp,0,Facebook,VPN,Chat,Facebook
VPN_VoIP_Facebook_audio_1.pcap.UDP_10-8-0-10_20586_131-202-244-5_53_stream_0.pcap,udp_0,udp,0,Facebook,VPN,VoIP,Facebook
VPN_Chat_Facebook_none_2.pcap.UDP_10-8-8-130_41129_198-7-63-141_53_stream_0.pcap,udp_0,udp,0,Facebook,VPN,Chat,Facebook
VPN_VoIP_Facebook_audio_1.pcap.UDP_10-8-0-10_60667_69-171-255-36_3478_stream_0.pcap,udp_0,udp,0,Facebook,VPN,VoIP,Facebook
VPN_VoIP_Facebook_audio_1.pcap.UDP_10-8-0-10_58592_69-171-255-36_3478_stream_0.pcap,udp_0,udp,0,Facebook,VPN,VoIP,Facebook
VPN_Chat_Facebook_none_2.pcap.UDP_10-8-8-130_41493_198-7-63-141_53_stream_0.pcap,udp_0,udp,0,Facebook,VPN,Chat,Facebook
VPN_Chat_Facebook_none_2.pcap.UDP_10-8-8-130_41615_198-7-63-141_53_stream_0.pcap,udp_0,udp,0,Facebook,VPN,Chat,Facebook
nonVPN_Chat_Facebook_none_5.pcap.TCP_131-202-240-242_32598_173-252-100-18_443_stream_0.pcap,tcp_0,tcp,0,Facebook,nonVPN,Chat,Facebook
VPN_VoIP_Facebook_audio_1.pcap.UDP_10-8-0-10_46492_131-202-244-5_53_stream_0.pcap,udp_0,udp,0,Facebook,VPN,VoIP,Facebook
VPN_Chat_Facebook_none_2.pcap.UDP_10-8-8-130_64031_198-7-63-141_53_stream_0.pcap,udp_0,udp,0,Facebook,VPN,Chat,Facebook
nonVPN_Chat_Facebook_none_5.pcap.TCP_131-202-240-242_32607_209-148-205-25_443_stream_0.pcap,tcp_0,tcp,0,Facebook,nonVPN,Chat,Facebook
VPN_VoIP_Facebook_audio_1.pcap.UDP_10-8-0-10_36849_131-202-244-3_53_stream_0.pcap,udp_0,udp,0,Facebook,VPN,VoIP,Facebook
VPN_Chat_Facebook_none_2.pcap.UDP_10-8-8-130_43678_198-7-63-141_53_stream_0.pcap,udp_0,udp,0,Facebook,VPN,Chat,Facebook
VPN_Chat_Facebook_none_2.pcap.UDP_10-8-8-130_43724_198-7-63-141_53_stream_0.pcap,udp_0,udp,0,Facebook,VPN,Chat,Facebook
VPN_Chat_Facebook_none_2.pcap.UDP_10-8-8-130_44131_198-7-63-141_53_stream_0.pcap,udp_0,udp,0,Facebook,VPN,Chat,Facebook
VPN_Chat_Facebook_none_2.pcap.UDP_10-8-8-130_44031_198-7-63-141_53_stream_0.pcap,udp_0,udp,0,Facebook,VPN,Chat,Facebook
VPN_VoIP_Facebook_audio_1.pcap.UDP_10-8-0-10_56655_131-202-244-5_53_stream_0.pcap,udp_0,udp,0,Facebook,VPN,VoIP,Facebook
nonVPN_Chat_Facebook_none_5.pcap.UDP_131-202-240-242_59469_224-0-0-252_5355_stream_0.pcap,udp_0,udp,0,Facebook,nonVPN,Chat,Facebook
nonVPN_Chat_Facebook_none_1.pcap.TCP_131-202-240-87_26960_209-148-205-26_443_stream_0.pcap,tcp_0,tcp,0,Facebook,nonVPN,Chat,Facebook
VPN_VoIP_Facebook_audio_1.pcap.UDP_10-8-0-10_15124_131-202-6-3_53_stream_0.pcap,udp_0,udp,0,Facebook,VPN,VoIP,Facebook
VPN_VoIP_Facebook_audio_1.pcap.UDP_10-8-0-10_36163_131-202-6-3_53_stream_0.pcap,udp_0,udp,0,Facebook,VPN,VoIP,Facebook
VPN_VoIP_Facebook_audio_1.pcap.UDP_10-8-0-10_25237_131-202-244-5_53_stream_0.pcap,udp_0,udp,0,Facebook,VPN,VoIP,Facebook
VPN_VoIP_Facebook_audio_1.pcap.UDP_10-8-0-10_42886_131-202-244-5_53_stream_0.pcap,udp_0,udp,0,Facebook,VPN,VoIP,Facebook
VPN_VoIP_Facebook_audio_1.pcap.UDP_10-8-0-10_3372_131-202-244-5_53_stream_0.pcap,udp_0,udp,0,Facebook,VPN,VoIP,Facebook
VPN_VoIP_Facebook_audio_1.pcap.UDP_10-8-0-10_9287_131-202-244-3_53_stream_0.pcap,udp_0,udp,0,Facebook,VPN,VoIP,Facebook
nonVPN_Chat_Facebook_none_5.pcap.UDP_131-202-240-242_58506_224-0-0-252_5355_stream_0.pcap,udp_0,udp,0,Facebook,nonVPN,Chat,Facebook
VPN_Chat_Facebook_none_2.pcap.UDP_10-8-8-130_48231_198-7-63-141_53_stream_0.pcap,udp_0,udp,0,Facebook,VPN,Chat,Facebook
nonVPN_Chat_Facebook_none_5.pcap.UDP_131-202-240-242_58515_224-0-0-252_5355_stream_0.pcap,udp_0,udp,0,Facebook,nonVPN,Chat,Facebook
nonVPN_Chat_Facebook_none_5.pcap.UDP_131-202-240-242_54291_224-0-0-252_5355_stream_0.pcap,udp_0,udp,0,Facebook,nonVPN,Chat,Facebook
VPN_VoIP_Facebook_audio_1.pcap.UDP_10-8-0-10_26355_131-202-244-3_53_stream_0.pcap,udp_0,udp,0,Facebook,VPN,VoIP,Facebook
nonVPN_Chat_Facebook_none_1.pcap.UDP_131-202-240-87_58392_131-202-244-3_53_stream_0.pcap,udp_0,udp,0,Facebook,nonVPN,Chat,Facebook
VPN_Chat_Facebook_none_2.pcap.UDP_10-8-8-130_49446_198-7-63-141_53_stream_0.pcap,udp_0,udp,0,Facebook,VPN,Chat,Facebook
VPN_VoIP_Facebook_audio_1.pcap.UDP_10-8-0-10_8242_131-202-244-5_53_stream_0.pcap,udp_0,udp,0,Facebook,VPN,VoIP,Facebook
nonVPN_Chat_Facebook_none_5.pcap.UDP_131-202-240-242_63051_224-0-0-252_5355_stream_0.pcap,udp_0,udp,0,Facebook,nonVPN,Chat,Facebook
VPN_Chat_Facebook_none_2.pcap.UDP_10-8-8-130_62272_198-7-63-141_53_stream_0.pcap,udp_0,udp,0,Facebook,VPN,Chat,Facebook
nonVPN_Chat_Facebook_none_5.pcap.TCP_74-125-226-161_443_131-202-240-242_32558_stream_0.pcap,tcp_0,tcp,0,Facebook,nonVPN,Chat,Facebook
VPN_VoIP_Facebook_audio_1.pcap.UDP_10-8-0-10_3785_131-202-244-5_53_stream_0.pcap,udp_0,udp,0,Facebook,VPN,VoIP,Facebook
VPN_VoIP_Facebook_audio_1.pcap.UDP_10-8-0-10_37781_69-171-255-36_3478_stream_0.pcap,udp_0,udp,0,Facebook,VPN,VoIP,Facebook
VPN_VoIP_Facebook_audio_1.pcap.UDP_10-8-0-10_36955_131-202-244-3_53_stream_0.pcap,udp_0,udp,0,Facebook,VPN,VoIP,Facebook
VPN_Chat_Facebook_none_2.pcap.UDP_10-8-8-130_50913_198-7-63-141_53_stream_0.pcap,udp_0,udp,0,Facebook,VPN,Chat,Facebook
VPN_Chat_Facebook_none_2.pcap.UDP_10-8-8-130_51184_198-7-63-141_53_stream_0.pcap,udp_0,udp,0,Facebook,VPN,Chat,Facebook
VPN_VoIP_Facebook_audio_1.pcap.UDP_10-8-0-10_12337_131-202-244-5_53_stream_0.pcap,udp_0,udp,0,Facebook,VPN,VoIP,Facebook
nonVPN_Chat_Facebook_none_5.pcap.UDP_131-202-240-242_52303_224-0-0-252_5355_stream_0.pcap,udp_0,udp,0,Facebook,nonVPN,Chat,Facebook
VPN_VoIP_Facebook_audio_1.pcap.UDP_10-8-0-10_35876_131-202-6-3_53_stream_0.pcap,udp_0,udp,0,Facebook,VPN,VoIP,Facebook
nonVPN_Chat_Facebook_none_1.pcap.UDP_131-202-240-87_58403_131-202-244-3_53_stream_0.pcap,udp_0,udp,0,Facebook,nonVPN,Chat,Facebook
VPN_Chat_Hangouts_none_2.pcap.UDP_10-8-8-130_10874_198-7-63-141_53_stream_0.pcap,udp_0,udp,0,Hangouts,VPN,Chat,Hangouts
VPN_Chat_Hangouts_none_2.pcap.UDP_10-8-8-130_47456_198-7-63-141_53_stream_0.pcap,udp_0,udp,0,Hangouts,VPN,Chat,Hangouts
VPN_Chat_Hangouts_none_1.pcap.TCP_10-8-8-178_51936_216-58-208-37_443_stream_0.pcap,tcp_0,tcp,0,Hangouts,VPN,Chat,Hangouts
VPN_Chat_Hangouts_none_1.pcap.TCP_10-8-8-178_51947_216-58-208-37_443_stream_0.pcap,tcp_0,tcp,0,Hangouts,VPN,Chat,Hangouts
VPN_Chat_Hangouts_none_1.pcap.UDP_10-8-8-178_55738_198-7-63-141_53_stream_0.pcap,udp_0,udp,0,Hangouts,VPN,Chat,Hangouts
VPN_Chat_Hangouts_none_1.pcap.TCP_10-8-8-178_52158_216-58-208-35_443_stream_0.pcap,tcp_0,tcp,0,Hangouts,VPN,Chat,Hangouts
VPN_Chat_Hangouts_none_1.pcap.TCP_10-8-8-178_52398_216-58-210-33_443_stream_0.pcap,tcp_0,tcp,0,Hangouts,VPN,Chat,Hangouts
VPN_Chat_Hangouts_none_1.pcap.TCP_10-8-8-178_52914_91-189-89-240_80_stream_0.pcap,tcp_0,tcp,0,Hangouts,VPN,Chat,Hangouts
VPN_Chat_Hangouts_none_2.pcap.UDP_10-8-8-130_26980_198-7-63-141_53_stream_0.pcap,udp_0,udp,0,Hangouts,VPN,Chat,Hangouts
VPN_Chat_Hangouts_none_2.pcap.UDP_10-8-8-130_11204_198-7-63-141_53_stream_0.pcap,udp_0,udp,0,Hangouts,VPN,Chat,Hangouts
VPN_Chat_Hangouts_none_2.pcap.UDP_10-8-8-130_42636_198-7-63-141_53_stream_0.pcap,udp_0,udp,0,Hangouts,VPN,Chat,Hangouts
VPN_Chat_Hangouts_none_1.pcap.UDP_10-8-8-178_57161_198-7-63-141_53_stream_0.pcap,udp_0,udp,0,Hangouts,VPN,Chat,Hangouts
VPN_Chat_Hangouts_none_1.pcap.UDP_10-8-8-178_1163_198-7-63-141_53_stream_0.pcap,udp_0,udp,0,Hangouts,VPN,Chat,Hangouts
VPN_Chat_Hangouts_none_2.pcap.UDP_10-8-8-130_54419_198-7-63-141_53_stream_0.pcap,udp_0,udp,0,Hangouts,VPN,Chat,Hangouts
VPN_Chat_Hangouts_none_2.pcap.UDP_10-8-8-130_35626_198-7-63-141_53_stream_0.pcap,udp_0,udp,0,Hangouts,VPN,Chat,Hangouts
VPN_Chat_Hangouts_none_1.pcap.UDP_10-8-8-178_12153_198-7-63-141_53_stream_0.pcap,udp_0,udp,0,Hangouts,VPN,Chat,Hangouts
VPN_Chat_Hangouts_none_2.pcap.UDP_10-8-8-130_26662_198-7-63-141_53_stream_0.pcap,udp_0,udp,0,Hangouts,VPN,Chat,Hangouts
VPN_Chat_Hangouts_none_1.pcap.UDP_10-8-8-178_15127_198-7-63-141_53_stream_0.pcap,udp_0,udp,0,Hangouts,VPN,Chat,Hangouts
VPN_Chat_Hangouts_none_2.pcap.UDP_10-8-8-130_44969_198-7-63-141_53_stream_0.pcap,udp_0,udp,0,Hangouts,VPN,Chat,Hangouts
VPN_Chat_Hangouts_none_2.pcap.UDP_10-8-8-130_61279_198-7-63-141_53_stream_0.pcap,udp_0,udp,0,Hangouts,VPN,Chat,Hangouts
VPN_Chat_Hangouts_none_1.pcap.UDP_10-8-8-178_59587_198-7-63-141_53_stream_0.pcap,udp_0,udp,0,Hangouts,VPN,Chat,Hangouts
VPN_Chat_Hangouts_none_1.pcap.UDP_10-8-8-178_65106_198-7-63-141_53_stream_0.pcap,udp_0,udp,0,Hangouts,VPN,Chat,Hangouts
VPN_Chat_Hangouts_none_1.pcap.UDP_10-8-8-178_56285_198-7-63-141_53_stream_0.pcap,udp_0,udp,0,Hangouts,VPN,Chat,Hangouts
VPN_Chat_Hangouts_none_2.pcap.UDP_10-8-8-130_3438_198-7-63-141_53_stream_0.pcap,udp_0,udp,0,Hangouts,VPN,Chat,Hangouts
VPN_Chat_Hangouts_none_2.pcap.UDP_10-8-8-130_20828_198-7-63-141_53_stream_0.pcap,udp_0,udp,0,Hangouts,VPN,Chat,Hangouts
VPN_Chat_Hangouts_none_1.pcap.UDP_10-8-8-178_56503_198-7-63-141_53_stream_0.pcap,udp_0,udp,0,Hangouts,VPN,Chat,Hangouts
VPN_Chat_Hangouts_none_2.pcap.UDP_10-8-8-130_26434_198-7-63-141_53_stream_0.pcap,udp_0,udp,0,Hangouts,VPN,Chat,Hangouts
VPN_Chat_Hangouts_none_1.pcap.UDP_10-8-8-178_17263_198-7-63-141_53_stream_0.pcap,udp_0,udp,0,Hangouts,VPN,Chat,Hangouts
VPN_Chat_Hangouts_none_2.pcap.UDP_10-8-8-130_14684_198-7-63-141_53_stream_0.pcap,udp_0,udp,0,Hangouts,VPN,Chat,Hangouts
VPN_Chat_Hangouts_none_2.pcap.UDP_10-8-8-130_43685_198-7-63-141_53_stream_0.pcap,udp_0,udp,0,Hangouts,VPN,Chat,Hangouts
VPN_Chat_Hangouts_none_2.pcap.UDP_10-8-8-130_38199_198-7-63-141_53_stream_0.pcap,udp_0,udp,0,Hangouts,VPN,Chat,Hangouts
VPN_Chat_Hangouts_none_2.pcap.UDP_10-8-8-130_33102_198-7-63-141_53_stream_0.pcap,udp_0,udp,0,Hangouts,VPN,Chat,Hangouts
VPN_Chat_Hangouts_none_2.pcap.UDP_10-8-8-130_56834_198-7-63-141_53_stream_0.pcap,udp_0,udp,0,Hangouts,VPN,Chat,Hangouts
VPN_Chat_Hangouts_none_2.pcap.UDP_10-8-8-130_32367_198-7-63-141_53_stream_0.pcap,udp_0,udp,0,Hangouts,VPN,Chat,Hangouts
VPN_Chat_Hangouts_none_2.pcap.UDP_10-8-8-130_41926_198-7-63-141_53_stream_0.pcap,udp_0,udp,0,Hangouts,VPN,Chat,Hangouts
VPN_Chat_Hangouts_none_1.pcap.UDP_10-8-8-178_22371_198-7-63-141_53_stream_0.pcap,udp_0,udp,0,Hangouts,VPN,Chat,Hangouts
VPN_Chat_Hangouts_none_1.pcap.UDP_10-8-8-178_23092_198-7-63-141_53_stream_0.pcap,udp_0,udp,0,Hangouts,VPN,Chat,Hangouts
VPN_Chat_Hangouts_none_2.pcap.UDP_10-8-8-130_11350_198-7-63-141_53_stream_0.pcap,udp_0,udp,0,Hangouts,VPN,Chat,Hangouts
VPN_Chat_Hangouts_none_2.pcap.UDP_10-8-8-130_7231_198-7-63-141_53_stream_0.pcap,udp_0,udp,0,Hangouts,VPN,Chat,Hangouts
VPN_Chat_Hangouts_none_2.pcap.UDP_10-8-8-130_39874_198-7-63-141_53_stream_0.pcap,udp_0,udp,0,Hangouts,VPN,Chat,Hangouts
VPN_Chat_Hangouts_none_1.pcap.UDP_10-8-8-178_25082_198-7-63-141_53_stream_0.pcap,udp_0,udp,0,Hangouts,VPN,Chat,Hangouts
VPN_Chat_Hangouts_none_2.pcap.UDP_10-8-8-130_41411_198-7-63-141_53_stream_0.pcap,udp_0,udp,0,Hangouts,VPN,Chat,Hangouts
VPN_Chat_Hangouts_none_2.pcap.UDP_10-8-8-130_59800_198-7-63-141_53_stream_0.pcap,udp_0,udp,0,Hangouts,VPN,Chat,Hangouts
VPN_Chat_Hangouts_none_1.pcap.UDP_10-8-8-178_26235_198-7-63-141_53_stream_0.pcap,udp_0,udp,0,Hangouts,VPN,Chat,Hangouts
VPN_Chat_Hangouts_none_2.pcap.UDP_10-8-8-130_46274_198-7-63-141_53_stream_0.pcap,udp_0,udp,0,Hangouts,VPN,Chat,Hangouts
VPN_Chat_Hangouts_none_2.pcap.TCP_10-8-8-130_34936_216-58-210-3_443_stream_0.pcap,tcp_0,tcp,0,Hangouts,VPN,Chat,Hangouts
VPN_Chat_Hangouts_none_1.pcap.UDP_10-8-8-178_27771_198-7-63-141_53_stream_0.pcap,udp_0,udp,0,Hangouts,VPN,Chat,Hangouts
VPN_Chat_Hangouts_none_1.pcap.UDP_10-8-8-178_28030_198-7-63-141_53_stream_0.pcap,udp_0,udp,0,Hangouts,VPN,Chat,Hangouts
VPN_Chat_Hangouts_none_1.pcap.UDP_10-8-8-178_2861_198-7-63-141_53_stream_0.pcap,udp_0,udp,0,Hangouts,VPN,Chat,Hangouts
VPN_Chat_Hangouts_none_1.pcap.UDP_10-8-8-178_28640_198-7-63-141_53_stream_0.pcap,udp_0,udp,0,Hangouts,VPN,Chat,Hangouts
VPN_Chat_Hangouts_none_2.pcap.UDP_10-8-8-130_49371_198-7-63-141_53_stream_0.pcap,udp_0,udp,0,Hangouts,VPN,Chat,Hangouts
VPN_Chat_Hangouts_none_1.pcap.UDP_10-8-8-178_29514_198-7-63-141_53_stream_0.pcap,udp_0,udp,0,Hangouts,VPN,Chat,Hangouts
VPN_Chat_Hangouts_none_1.pcap.UDP_10-8-8-178_29737_198-7-63-141_53_stream_0.pcap,udp_0,udp,0,Hangouts,VPN,Chat,Hangouts
VPN_Chat_Hangouts_none_2.pcap.UDP_10-8-8-130_28783_198-7-63-141_53_stream_0.pcap,udp_0,udp,0,Hangouts,VPN,Chat,Hangouts
VPN_VoIP_Hangouts_audio_1.pcap.UDP_10-8-0-14_10840_131-202-244-3_53_stream_0.pcap,udp_0,udp,0,Hangouts,VPN,VoIP,Hangouts
VPN_Chat_Hangouts_none_2.pcap.UDP_10-8-8-130_30178_198-7-63-141_53_stream_0.pcap,udp_0,udp,0,Hangouts,VPN,Chat,Hangouts
VPN_VoIP_Hangouts_audio_1.pcap.UDP_10-8-0-14_10497_131-202-244-3_53_stream_0.pcap,udp_0,udp,0,Hangouts,VPN,VoIP,Hangouts
VPN_Chat_Hangouts_none_2.pcap.UDP_10-8-8-130_44756_198-7-63-141_53_stream_0.pcap,udp_0,udp,0,Hangouts,VPN,Chat,Hangouts
VPN_Chat_Hangouts_none_1.pcap.UDP_10-8-8-178_31215_198-7-63-141_53_stream_0.pcap,udp_0,udp,0,Hangouts,VPN,Chat,Hangouts
VPN_Chat_Hangouts_none_1.pcap.UDP_10-8-8-178_31415_198-7-63-141_53_stream_0.pcap,udp_0,udp,0,Hangouts,VPN,Chat,Hangouts
VPN_Chat_Hangouts_none_1.pcap.UDP_10-8-8-178_31477_198-7-63-141_53_stream_0.pcap,udp_0,udp,0,Hangouts,VPN,Chat,Hangouts
VPN_Chat_Hangouts_none_1.pcap.UDP_10-8-8-178_31502_198-7-63-141_53_stream_0.pcap,udp_0,udp,0,Hangouts,VPN,Chat,Hangouts
VPN_Chat_Hangouts_none_1.pcap.UDP_10-8-8-178_3197_198-7-63-141_53_stream_0.pcap,udp_0,udp,0,Hangouts,VPN,Chat,Hangouts
VPN_Chat_Hangouts_none_1.pcap.UDP_10-8-8-178_31804_198-7-63-141_53_stream_0.pcap,udp_0,udp,0,Hangouts,VPN,Chat,Hangouts
VPN_VoIP_Hangouts_audio_1.pcap.UDP_10-8-0-14_10181_131-202-244-5_53_stream_0.pcap,udp_0,udp,0,Hangouts,VPN,VoIP,Hangouts
VPN_Chat_Hangouts_none_2.pcap.UDP_10-8-8-130_41565_198-7-63-141_53_stream_0.pcap,udp_0,udp,0,Hangouts,VPN,Chat,Hangouts
VPN_Chat_Hangouts_none_2.pcap.UDP_10-8-8-130_37634_198-7-63-141_53_stream_0.pcap,udp_0,udp,0,Hangouts,VPN,Chat,Hangouts
VPN_Chat_Hangouts_none_2.pcap.UDP_10-8-8-130_15950_198-7-63-141_53_stream_0.pcap,udp_0,udp,0,Hangouts,VPN,Chat,Hangouts
VPN_Chat_Hangouts_none_2.pcap.UDP_10-8-8-130_62461_198-7-63-141_53_stream_0.pcap,udp_0,udp,0,Hangouts,VPN,Chat,Hangouts
VPN_Chat_Hangouts_none_2.pcap.UDP_10-8-8-130_46064_198-7-63-141_53_stream_0.pcap,udp_0,udp,0,Hangouts,VPN,Chat,Hangouts
VPN_Chat_Hangouts_none_1.pcap.UDP_10-8-8-178_60709_198-7-63-141_53_stream_0.pcap,udp_0,udp,0,Hangouts,VPN,Chat,Hangouts
VPN_Chat_Hangouts_none_1.pcap.UDP_10-8-8-178_36624_198-7-63-141_53_stream_0.pcap,udp_0,udp,0,Hangouts,VPN,Chat,Hangouts
VPN_Chat_Hangouts_none_2.pcap.UDP_10-8-8-130_60384_198-7-63-141_53_stream_0.pcap,udp_0,udp,0,Hangouts,VPN,Chat,Hangouts
VPN_Chat_Hangouts_none_2.pcap.UDP_10-8-8-130_25559_198-7-63-141_53_stream_0.pcap,udp_0,udp,0,Hangouts,VPN,Chat,Hangouts
VPN_Chat_Hangouts_none_1.pcap.UDP_10-8-8-178_58939_198-7-63-141_53_stream_0.pcap,udp_0,udp,0,Hangouts,VPN,Chat,Hangouts
VPN_Chat_Hangouts_none_1.pcap.UDP_10-8-8-178_37186_198-7-63-141_53_stream_0.pcap,udp_0,udp,0,Hangouts,VPN,Chat,Hangouts
VPN_Chat_Hangouts_none_2.pcap.UDP_10-8-8-130_45733_198-7-63-141_53_stream_0.pcap,udp_0,udp,0,Hangouts,VPN,Chat,Hangouts
VPN_Chat_Hangouts_none_2.pcap.UDP_10-8-8-130_35790_198-7-63-141_53_stream_0.pcap,udp_0,udp,0,Hangouts,VPN,Chat,Hangouts
VPN_Chat_Hangouts_none_1.pcap.UDP_10-8-8-178_38849_198-7-63-141_53_stream_0.pcap,udp_0,udp,0,Hangouts,VPN,Chat,Hangouts
VPN_Chat_Hangouts_none_2.pcap.UDP_10-8-8-130_25928_198-7-63-141_53_stream_0.pcap,udp_0,udp,0,Hangouts,VPN,Chat,Hangouts
VPN_Chat_Hangouts_none_2.pcap.UDP_10-8-8-130_27717_198-7-63-141_53_stream_0.pcap,udp_0,udp,0,Hangouts,VPN,Chat,Hangouts
VPN_Chat_Hangouts_none_2.pcap.UDP_10-8-8-130_48584_198-7-63-141_53_stream_0.pcap,udp_0,udp,0,Hangouts,VPN,Chat,Hangouts
VPN_Chat_Hangouts_none_2.pcap.TCP_10-8-8-130_58124_216-58-210-2_443_stream_0.pcap,tcp_0,tcp,0,Hangouts,VPN,Chat,Hangouts
VPN_Chat_Hangouts_none_2.pcap.UDP_10-8-8-130_3057_198-7-63-141_53_stream_0.pcap,udp_0,udp,0,Hangouts,VPN,Chat,Hangouts
VPN_Chat_Hangouts_none_1.pcap.UDP_10-8-8-178_55437_198-7-63-141_53_stream_0.pcap,udp_0,udp,0,Hangouts,VPN,Chat,Hangouts
VPN_Chat_Hangouts_none_1.pcap.UDP_10-8-8-178_42172_198-7-63-141_53_stream_0.pcap,udp_0,udp,0,Hangouts,VPN,Chat,Hangouts
VPN_Chat_Hangouts_none_1.pcap.UDP_10-8-8-178_56852_198-7-63-141_53_stream_0.pcap,udp_0,udp,0,Hangouts,VPN,Chat,Hangouts
VPN_Chat_Hangouts_none_2.pcap.UDP_10-8-8-130_49842_198-7-63-141_53_stream_0.pcap,udp_0,udp,0,Hangouts,VPN,Chat,Hangouts
VPN_Chat_Hangouts_none_1.pcap.UDP_10-8-8-178_43451_198-7-63-141_53_stream_0.pcap,udp_0,udp,0,Hangouts,VPN,Chat,Hangouts
VPN_Chat_Hangouts_none_2.pcap.UDP_10-8-8-130_5337_198-7-63-141_53_stream_0.pcap,udp_0,udp,0,Hangouts,VPN,Chat,Hangouts
VPN_Chat_Hangouts_none_2.pcap.UDP_10-8-8-130_61461_198-7-63-141_53_stream_0.pcap,udp_0,udp,0,Hangouts,VPN,Chat,Hangouts
VPN_Chat_Hangouts_none_1.pcap.UDP_10-8-8-178_44365_198-7-63-141_53_stream_0.pcap,udp_0,udp,0,Hangouts,VPN,Chat,Hangouts
VPN_Chat_Hangouts_none_1.pcap.UDP_10-8-8-178_44394_198-7-63-141_53_stream_0.pcap,udp_0,udp,0,Hangouts,VPN,Chat,Hangouts
VPN_Chat_Hangouts_none_2.pcap.UDP_10-8-8-130_32804_198-7-63-141_53_stream_0.pcap,udp_0,udp,0,Hangouts,VPN,Chat,Hangouts
VPN_Chat_Hangouts_none_1.pcap.UDP_10-8-8-178_45057_78-46-223-24_53_stream_0.pcap,udp_0,udp,0,Hangouts,VPN,Chat,Hangouts
VPN_Chat_Hangouts_none_2.pcap.UDP_10-8-8-130_15052_198-7-63-141_53_stream_0.pcap,udp_0,udp,0,Hangouts,VPN,Chat,Hangouts
VPN_Chat_Hangouts_none_2.pcap.UDP_10-8-8-130_65182_198-7-63-141_53_stream_0.pcap,udp_0,udp,0,Hangouts,VPN,Chat,Hangouts
VPN_Chat_Hangouts_none_2.pcap.UDP_10-8-8-130_60630_198-7-63-141_53_stream_0.pcap,udp_0,udp,0,Hangouts,VPN,Chat,Hangouts
VPN_VoIP_Hangouts_audio_1.pcap.UDP_10-8-0-14_12212_131-202-244-3_53_stream_0.pcap,udp_0,udp,0,Hangouts,VPN,VoIP,Hangouts
VPN_Chat_Hangouts_none_2.pcap.UDP_10-8-8-130_61044_198-7-63-141_53_stream_0.pcap,udp_0,udp,0,Hangouts,VPN,Chat,Hangouts
VPN_Chat_Hangouts_none_1.pcap.UDP_10-8-8-178_57188_198-7-63-141_53_stream_0.pcap,udp_0,udp,0,Hangouts,VPN,Chat,Hangouts
VPN_VoIP_Hangouts_audio_1.pcap.UDP_10-8-0-14_10351_131-202-244-5_53_stream_0.pcap,udp_0,udp,0,Hangouts,VPN,VoIP,Hangouts
VPN_Chat_Hangouts_none_2.pcap.UDP_10-8-8-130_45299_198-7-63-141_53_stream_0.pcap,udp_0,udp,0,Hangouts,VPN,Chat,Hangouts
VPN_Chat_Hangouts_none_1.pcap.UDP_10-8-8-178_48338_198-7-63-141_53_stream_0.pcap,udp_0,udp,0,Hangouts,VPN,Chat,Hangouts
VPN_Chat_Hangouts_none_2.pcap.UDP_10-8-8-130_25940_198-7-63-141_53_stream_0.pcap,udp_0,udp,0,Hangouts,VPN,Chat,Hangouts
VPN_Chat_Hangouts_none_2.pcap.UDP_10-8-8-130_17191_78-46-223-24_53_stream_0.pcap,udp_0,udp,0,Hangouts,VPN,Chat,Hangouts
VPN_Chat_Hangouts_none_2.pcap.TCP_10-8-8-130_48152_173-194-126-24_443_stream_0.pcap,tcp_0,tcp,0,Hangouts,VPN,Chat,Hangouts
VPN_Chat_Hangouts_none_1.pcap.UDP_10-8-8-178_5923_198-7-63-141_53_stream_0.pcap,udp_0,udp,0,Hangouts,VPN,Chat,Hangouts
VPN_Chat_Hangouts_none_2.pcap.UDP_10-8-8-130_51847_198-7-63-141_53_stream_0.pcap,udp_0,udp,0,Hangouts,VPN,Chat,Hangouts
VPN_Chat_Hangouts_none_1.pcap.UDP_10-8-8-178_50504_78-46-223-24_53_stream_0.pcap,udp_0,udp,0,Hangouts,VPN,Chat,Hangouts
VPN_Chat_Hangouts_none_1.pcap.UDP_10-8-8-178_50509_198-7-63-141_53_stream_0.pcap,udp_0,udp,0,Hangouts,VPN,Chat,Hangouts
VPN_Chat_Hangouts_none_2.pcap.UDP_10-8-8-130_39404_198-7-63-141_53_stream_0.pcap,udp_0,udp,0,Hangouts,VPN,Chat,Hangouts
VPN_Chat_Hangouts_none_2.pcap.UDP_10-8-8-130_21235_198-7-63-141_53_stream_0.pcap,udp_0,udp,0,Hangouts,VPN,Chat,Hangouts
VPN_Chat_Hangouts_none_1.pcap.UDP_10-8-8-178_51629_198-7-63-141_53_stream_0.pcap,udp_0,udp,0,Hangouts,VPN,Chat,Hangouts
VPN_Chat_Hangouts_none_1.pcap.UDP_10-8-8-178_52592_198-7-63-141_53_stream_0.pcap,udp_0,udp,0,Hangouts,VPN,Chat,Hangouts
VPN_Chat_Hangouts_none_2.pcap.UDP_10-8-8-130_50200_198-7-63-141_53_stream_0.pcap,udp_0,udp,0,Hangouts,VPN,Chat,Hangouts
VPN_Chat_Hangouts_none_1.pcap.UDP_10-8-8-178_53432_198-7-63-141_53_stream_0.pcap,udp_0,udp,0,Hangouts,VPN,Chat,Hangouts
VPN_Chat_Hangouts_none_1.pcap.UDP_10-8-8-178_53657_198-7-63-141_53_stream_0.pcap,udp_0,udp,0,Hangouts,VPN,Chat,Hangouts
VPN_Chat_Hangouts_none_1.pcap.UDP_10-8-8-178_8390_198-7-63-141_53_stream_0.pcap,udp_0,udp,0,Hangouts,VPN,Chat,Hangouts
VPN_Chat_Hangouts_none_2.pcap.UDP_10-8-8-130_50038_198-7-63-141_53_stream_0.pcap,udp_0,udp,0,Hangouts,VPN,Chat,Hangouts
VPN_Chat_Hangouts_none_1.pcap.UDP_10-8-8-178_55905_198-7-63-141_53_stream_0.pcap,udp_0,udp,0,Hangouts,VPN,Chat,Hangouts
VPN_Chat_Hangouts_none_2.pcap.UDP_10-8-8-130_2723_198-7-63-141_53_stream_0.pcap,udp_0,udp,0,Hangouts,VPN,Chat,Hangouts
VPN_Chat_ICQ_none_1.pcap.UDP_10-8-8-178_15685_111-221-77-153_40033_stream_0.pcap,udp_0,udp,0,ICQ,VPN,Chat,ICQ
nonVPN_Chat_ICQ_none_1.pcap.TCP_131-202-240-87_64231_173-194-204-188_5228_stream_0.pcap,tcp_0,tcp,0,ICQ,nonVPN,Chat,ICQ
nonVPN_Chat_ICQ_none_1.pcap.UDP_131-202-240-87_62799_224-0-0-252_5355_stream_0.pcap,udp_0,udp,0,ICQ,nonVPN,Chat,ICQ
nonVPN_Chat_ICQ_none_2.pcap.TCP_64-12-104-73_443_131-202-240-87_1258_stream_0.pcap,tcp_0,tcp,0,ICQ,nonVPN,Chat,ICQ
nonVPN_Chat_ICQ_none_2.pcap.UDP_131-202-240-87_49480_224-0-0-252_5355_stream_0.pcap,udp_0,udp,0,ICQ,nonVPN,Chat,ICQ
nonVPN_Chat_ICQ_none_2.pcap.UDP_131-202-240-87_55040_224-0-0-252_5355_stream_0.pcap,udp_0,udp,0,ICQ,nonVPN,Chat,ICQ
nonVPN_Chat_ICQ_none_2.pcap.UDP_131-202-240-87_64063_224-0-0-252_5355_stream_0.pcap,udp_0,udp,0,ICQ,nonVPN,Chat,ICQ
nonVPN_Chat_ICQ_none_3.pcap.UDP_131-202-240-87_52465_224-0-0-252_5355_stream_0.pcap,udp_0,udp,0,ICQ,nonVPN,Chat,ICQ
nonVPN_Chat_ICQ_none_3.pcap.UDP_131-202-240-87_54247_131-202-244-3_53_stream_0.pcap,udp_0,udp,0,ICQ,nonVPN,Chat,ICQ
nonVPN_Chat_ICQ_none_3.pcap.UDP_131-202-240-87_62794_224-0-0-252_5355_stream_0.pcap,udp_0,udp,0,ICQ,nonVPN,Chat,ICQ
nonVPN_Chat_ICQ_none_3.pcap.UDP_131-202-240-87_63345_224-0-0-252_5355_stream_0.pcap,udp_0,udp,0,ICQ,nonVPN,Chat,ICQ
nonVPN_Chat_ICQ_none_4.pcap.TCP_61-183-128-6_50630_131-202-240-242_8080_stream_0.pcap,tcp_0,tcp,0,ICQ,nonVPN,Chat,ICQ
nonVPN_Chat_ICQ_none_4.pcap.UDP_131-202-240-242_50990_224-0-0-252_5355_stream_0.pcap,udp_0,udp,0,ICQ,nonVPN,Chat,ICQ
nonVPN_Chat_ICQ_none_4.pcap.UDP_131-202-240-242_52842_224-0-0-252_5355_stream_0.pcap,udp_0,udp,0,ICQ,nonVPN,Chat,ICQ
nonVPN_Chat_ICQ_none_4.pcap.UDP_131-202-240-242_54762_224-0-0-252_5355_stream_0.pcap,udp_0,udp,0,ICQ,nonVPN,Chat,ICQ
nonVPN_Chat_ICQ_none_4.pcap.UDP_131-202-240-242_55393_224-0-0-252_5355_stream_0.pcap,udp_0,udp,0,ICQ,nonVPN,Chat,ICQ
nonVPN_Chat_ICQ_none_4.pcap.UDP_131-202-240-242_55861_224-0-0-252_5355_stream_0.pcap,udp_0,udp,0,ICQ,nonVPN,Chat,ICQ
nonVPN_Chat_ICQ_none_4.pcap.UDP_131-202-240-242_56600_224-0-0-252_5355_stream_0.pcap,udp_0,udp,0,ICQ,nonVPN,Chat,ICQ
nonVPN_Chat_ICQ_none_4.pcap.UDP_131-202-240-242_57094_224-0-0-252_5355_stream_0.pcap,udp_0,udp,0,ICQ,nonVPN,Chat,ICQ
nonVPN_Chat_ICQ_none_4.pcap.UDP_131-202-240-242_57782_224-0-0-252_5355_stream_0.pcap,udp_0,udp,0,ICQ,nonVPN,Chat,ICQ
nonVPN_Chat_ICQ_none_4.pcap.UDP_131-202-240-242_58422_224-0-0-252_5355_stream_0.pcap,udp_0,udp,0,ICQ,nonVPN,Chat,ICQ
nonVPN_Chat_ICQ_none_4.pcap.UDP_131-202-240-242_58587_224-0-0-252_5355_stream_0.pcap,udp_0,udp,0,ICQ,nonVPN,Chat,ICQ
nonVPN_Chat_ICQ_none_4.pcap.UDP_131-202-240-242_59329_224-0-0-252_5355_stream_0.pcap,udp_0,udp,0,ICQ,nonVPN,Chat,ICQ
nonVPN_Chat_ICQ_none_4.pcap.UDP_131-202-240-242_59438_224-0-0-252_5355_stream_0.pcap,udp_0,udp,0,ICQ,nonVPN,Chat,ICQ
nonVPN_Chat_ICQ_none_4.pcap.UDP_131-202-240-242_60027_224-0-0-252_5355_stream_0.pcap,udp_0,udp,0,ICQ,nonVPN,Chat,ICQ
nonVPN_Chat_ICQ_none_4.pcap.UDP_131-202-240-242_61291_224-0-0-252_5355_stream_0.pcap,udp_0,udp,0,ICQ,nonVPN,Chat,ICQ
nonVPN_Chat_ICQ_none_4.pcap.UDP_131-202-240-242_62882_224-0-0-252_5355_stream_0.pcap,udp_0,udp,0,ICQ,nonVPN,Chat,ICQ
nonVPN_Chat_ICQ_none_4.pcap.UDP_131-202-240-242_64628_224-0-0-252_5355_stream_0.pcap,udp_0,udp,0,ICQ,nonVPN,Chat,ICQ
nonVPN_Chat_Skype_none_1.pcap.UDP_131-202-240-196_138_131-202-243-255_138_stream_0.pcap,udp_0,udp,0,Skype,nonVPN,Chat,Skype
nonVPN_Chat_Skype_none_1.pcap.UDP_131-202-240-242_52051_224-0-0-252_5355_stream_0.pcap,udp_0,udp,0,Skype,nonVPN,Chat,Skype
nonVPN_Chat_Skype_none_1.pcap.UDP_131-202-240-242_59411_198-7-63-141_53_stream_0.pcap,udp_0,udp,0,Skype,nonVPN,Chat,Skype
VPN_Chat_Skype_none_1.pcap.TCP_10-8-8-178_41463_50-136-133-26_35737_stream_0.pcap,tcp_0,tcp,0,Skype,VPN,Chat,Skype
VPN_VoIP_Skype_audio_2.pcap.UDP_10-8-0-10_10032_131-202-244-3_53_stream_0.pcap,udp_0,udp,0,Skype,VPN,VoIP,Skype
nonVPN_Chat_Skype_none_1.pcap.UDP_131-202-240-185_49362_224-0-0-252_5355_stream_0.pcap,udp_0,udp,0,Skype,nonVPN,Chat,Skype
VPN_VoIP_Skype_audio_1.pcap.UDP_10-8-0-6_48412_131-202-6-3_53_stream_0.pcap,udp_0,udp,0,Skype,VPN,VoIP,Skype
nonVPN_Chat_Skype_none_1.pcap.UDP_131-202-240-117_60397_255-255-255-255_10505_stream_0.pcap,udp_0,udp,0,Skype,nonVPN,Chat,Skype
nonVPN_Chat_Skype_none_1.pcap.UDP_131-202-240-117_57785_255-255-255-255_10505_stream_0.pcap,udp_0,udp,0,Skype,nonVPN,Chat,Skype
VPN_Chat_Skype_none_1.pcap.UDP_10-8-8-178_15685_111-221-74-31_40033_stream_0.pcap,udp_0,udp,0,Skype,VPN,Chat,Skype
nonVPN_Chat_Skype_none_1.pcap.UDP_131-202-240-157_138_131-202-243-255_138_stream_0.pcap,udp_0,udp,0,Skype,nonVPN,Chat,Skype
nonVPN_Chat_Skype_none_1.pcap.UDP_131-202-240-185_58331_224-0-0-252_5355_stream_0.pcap,udp_0,udp,0,Skype,nonVPN,Chat,Skype
nonVPN_Chat_Skype_none_1.pcap.UDP_131-202-240-117_51739_255-255-255-255_10505_stream_0.pcap,udp_0,udp,0,Skype,nonVPN,Chat,Skype
VPN_Chat_Skype_none_1.pcap.UDP_10-8-8-178_15685_157-55-235-169_40028_stream_0.pcap,udp_0,udp,0,Skype,VPN,Chat,Skype
VPN_Chat_Skype_none_1.pcap.TCP_10-8-8-178_52449_86-4-212-228_59222_stream_0.pcap,tcp_0,tcp,0,Skype,VPN,Chat,Skype
VPN_Chat_Skype_none_1.pcap.UDP_10-8-8-178_15685_157-55-56-159_40005_stream_0.pcap,udp_0,udp,0,Skype,VPN,Chat,Skype
nonVPN_Chat_Skype_none_1.pcap.UDP_131-202-240-117_60674_255-255-255-255_10505_stream_0.pcap,udp_0,udp,0,Skype,nonVPN,Chat,Skype
nonVPN_Chat_Skype_none_1.pcap.UDP_131-202-240-185_50833_224-0-0-252_5355_stream_0.pcap,udp_0,udp,0,Skype,nonVPN,Chat,Skype
nonVPN_Chat_Skype_none_1.pcap.UDP_131-202-240-185_51757_224-0-0-252_5355_stream_0.pcap,udp_0,udp,0,Skype,nonVPN,Chat,Skype
nonVPN_Chat_Skype_none_1.pcap.UDP_131-202-240-117_61245_255-255-255-255_10505_stream_0.pcap,udp_0,udp,0,Skype,nonVPN,Chat,Skype
nonVPN_Chat_Skype_none_1.pcap.UDP_111-221-74-14_40029_131-202-240-242_40509_stream_0.pcap,udp_0,udp,0,Skype,nonVPN,Chat,Skype
VPN_Chat_Skype_none_1.pcap.UDP_10-8-8-178_15685_213-199-179-169_40008_stream_0.pcap,udp_0,udp,0,Skype,VPN,Chat,Skype
VPN_VoIP_Skype_audio_1.pcap.UDP_10-8-0-6_6283_131-202-6-3_53_stream_0.pcap,udp_0,udp,0,Skype,VPN,VoIP,Skype
VPN_Chat_Skype_none_1.pcap.UDP_10-8-8-178_46252_78-46-223-24_53_stream_0.pcap,udp_0,udp,0,Skype,VPN,Chat,Skype
nonVPN_Chat_Skype_none_1.pcap.UDP_131-202-240-117_49741_255-255-255-255_10505_stream_0.pcap,udp_0,udp,0,Skype,nonVPN,Chat,Skype
nonVPN_Chat_Skype_none_1.pcap.UDP_131-202-240-185_53510_224-0-0-252_5355_stream_0.pcap,udp_0,udp,0,Skype,nonVPN,Chat,Skype
VPN_Chat_Skype_none_2.pcap.TCP_10-8-8-130_33104_157-56-192-53_443_stream_0.pcap,tcp_0,tcp,0,Skype,VPN,Chat,Skype
VPN_Chat_Skype_none_2.pcap.TCP_10-8-8-130_38182_91-190-216-125_12350_stream_0.pcap,tcp_0,tcp,0,Skype,VPN,Chat,Skype
nonVPN_Chat_Skype_none_1.pcap.UDP_131-202-240-117_65120_255-255-255-255_10505_stream_0.pcap,udp_0,udp,0,Skype,nonVPN,Chat,Skype
VPN_Chat_Skype_none_2.pcap.TCP_10-8-8-130_42261_157-56-53-45_12350_stream_0.pcap,tcp_0,tcp,0,Skype,VPN,Chat,Skype
VPN_VoIP_Skype_audio_2.pcap.UDP_10-8-0-10_42710_131-202-244-5_53_stream_0.pcap,udp_0,udp,0,Skype,VPN,VoIP,Skype
nonVPN_Chat_Skype_none_1.pcap.UDP_131-202-240-102_63713_224-0-0-252_5355_stream_0.pcap,udp_0,udp,0,Skype,nonVPN,Chat,Skype
VPN_Chat_Skype_none_2.pcap.UDP_10-8-8-130_32934_67-18-187-111_123_stream_0.pcap,udp_0,udp,0,Skype,VPN,Chat,Skype
nonVPN_Chat_Skype_none_1.pcap.UDP_131-202-240-185_55369_224-0-0-252_5355_stream_0.pcap,udp_0,udp,0,Skype,nonVPN,Chat,Skype
VPN_Chat_Skype_none_2.pcap.UDP_10-8-8-130_49539_111-221-77-153_40033_stream_0.pcap,udp_0,udp,0,Skype,VPN,Chat,Skype
VPN_VoIP_Skype_audio_1.pcap.TCP_10-8-0-6_55203_64-233-178-94_80_stream_0.pcap,tcp_0,tcp,0,Skype,VPN,VoIP,Skype
VPN_VoIP_Skype_audio_2.pcap.TCP_10-8-0-10_35066_216-58-219-237_443_stream_0.pcap,tcp_0,tcp,0,Skype,VPN,VoIP,Skype
VPN_Chat_Skype_none_2.pcap.TCP_10-8-8-130_52719_77-103-197-35_47872_stream_0.pcap,tcp_0,tcp,0,Skype,VPN,Chat,Skype
nonVPN_Chat_Skype_none_1.pcap.UDP_131-202-240-117_60495_255-255-255-255_10505_stream_0.pcap,udp_0,udp,0,Skype,nonVPN,Chat,Skype
VPN_VoIP_Skype_audio_1.pcap.UDP_10-8-0-6_40273_213-199-179-154_40028_stream_0.pcap,udp_0,udp,0,Skype,VPN,VoIP,Skype
VPN_Chat_Skype_none_2.pcap.UDP_10-8-8-130_49539_157-55-56-153_40033_stream_0.pcap,udp_0,udp,0,Skype,VPN,Chat,Skype
VPN_Chat_Skype_none_2.pcap.UDP_10-8-8-130_49539_213-199-179-153_40033_stream_0.pcap,udp_0,udp,0,Skype,VPN,Chat,Skype
VPN_Chat_Skype_none_2.pcap.UDP_10-8-8-130_49539_64-4-23-153_40033_stream_0.pcap,udp_0,udp,0,Skype,VPN,Chat,Skype
VPN_Chat_Skype_none_2.pcap.UDP_10-8-8-130_49539_65-55-223-27_40034_stream_0.pcap,udp_0,udp,0,Skype,VPN,Chat,Skype
VPN_VoIP_Skype_audio_2.pcap.UDP_10-8-0-10_6011_131-202-244-5_53_stream_0.pcap,udp_0,udp,0,Skype,VPN,VoIP,Skype
VPN_FileTransfer_Skype_file_1.pcap.TCP_10-8-8-134_32875_45-48-229-255_19290_stream_0.pcap,tcp_0,tcp,0,Skype,VPN,FileTransfer,Skype
nonVPN_Chat_Skype_none_1.pcap.UDP_131-202-240-117_65115_255-255-255-255_10505_stream_0.pcap,udp_0,udp,0,Skype,nonVPN,Chat,Skype
nonVPN_Chat_Skype_none_1.pcap.UDP_131-202-240-185_51872_224-0-0-252_5355_stream_0.pcap,udp_0,udp,0,Skype,nonVPN,Chat,Skype
VPN_FileTransfer_Skype_file_1.pcap.TCP_10-8-8-134_32822_45-48-229-255_19290_stream_0.pcap,tcp_0,tcp,0,Skype,VPN,FileTransfer,Skype
VPN_FileTransfer_Skype_file_1.pcap.TCP_10-8-8-134_34955_24-121-103-220_43206_stream_0.pcap,tcp_0,tcp,0,Skype,VPN,FileTransfer,Skype
nonVPN_Chat_Skype_none_1.pcap.UDP_131-202-240-185_63686_224-0-0-252_5355_stream_0.pcap,udp_0,udp,0,Skype,nonVPN,Chat,Skype
VPN_VoIP_Skype_audio_1.pcap.UDP_10-8-0-6_40273_157-55-235-151_40002_stream_0.pcap,udp_0,udp,0,Skype,VPN,VoIP,Skype
VPN_VoIP_Skype_audio_1.pcap.TCP_10-8-0-6_57032_173-194-123-121_80_stream_0.pcap,tcp_0,tcp,0,Skype,VPN,VoIP,Skype
nonVPN_Chat_Skype_none_1.pcap.UDP_131-202-240-117_137_131-202-243-255_137_stream_0.pcap,udp_0,udp,0,Skype,nonVPN,Chat,Skype
VPN_FileTransfer_Skype_file_1.pcap.TCP_10-8-8-134_36636_24-140-134-21_45411_stream_0.pcap,tcp_0,tcp,0,Skype,VPN,FileTransfer,Skype
nonVPN_Chat_Skype_none_1.pcap.UDP_131-202-240-102_52853_224-0-0-252_5355_stream_0.pcap,udp_0,udp,0,Skype,nonVPN,Chat,Skype
nonVPN_Chat_Skype_none_1.pcap.UDP_131-202-240-117_62250_255-255-255-255_10505_stream_0.pcap,udp_0,udp,0,Skype,nonVPN,Chat,Skype
nonVPN_Chat_Skype_none_1.pcap.TCP_72-247-10-19_80_131-202-240-242_5763_stream_0.pcap,tcp_0,tcp,0,Skype,nonVPN,Chat,Skype
VPN_FileTransfer_Skype_file_1.pcap.TCP_10-8-8-134_36828_50-183-58-89_61070_stream_0.pcap,tcp_0,tcp,0,Skype,VPN,FileTransfer,Skype
VPN_VoIP_Skype_audio_1.pcap.UDP_10-8-0-6_51823_131-202-6-3_53_stream_0.pcap,udp_0,udp,0,Skype,VPN,VoIP,Skype
nonVPN_Chat_Skype_none_1.pcap.UDP_131-202-240-185_57237_224-0-0-252_5355_stream_0.pcap,udp_0,udp,0,Skype,nonVPN,Chat,Skype
VPN_VoIP_Skype_audio_1.pcap.UDP_10-8-0-6_6283_131-202-244-3_53_stream_0.pcap,udp_0,udp,0,Skype,VPN,VoIP,Skype
nonVPN_Chat_Skype_none_1.pcap.UDP_131-202-240-117_59088_255-255-255-255_10505_stream_0.pcap,udp_0,udp,0,Skype,nonVPN,Chat,Skype
nonVPN_Chat_Skype_none_1.pcap.UDP_131-202-240-185_62198_224-0-0-252_5355_stream_0.pcap,udp_0,udp,0,Skype,nonVPN,Chat,Skype
VPN_FileTransfer_Skype_file_1.pcap.TCP_10-8-8-134_38347_174-62-248-162_2276_stream_0.pcap,tcp_0,tcp,0,Skype,VPN,FileTransfer,Skype
nonVPN_Chat_Skype_none_1.pcap.UDP_131-202-240-102_57550_224-0-0-252_5355_stream_0.pcap,udp_0,udp,0,Skype,nonVPN,Chat,Skype
nonVPN_Chat_Skype_none_1.pcap.UDP_131-202-240-117_63937_255-255-255-255_10505_stream_0.pcap,udp_0,udp,0,Skype,nonVPN,Chat,Skype
VPN_VoIP_Skype_audio_2.pcap.UDP_10-8-0-10_59717_131-202-244-5_53_stream_0.pcap,udp_0,udp,0,Skype,VPN,VoIP,Skype
VPN_VoIP_Skype_audio_2.pcap.UDP_10-8-0-10_49645_131-202-244-5_53_stream_0.pcap,udp_0,udp,0,Skype,VPN,VoIP,Skype
nonVPN_Chat_Skype_none_1.pcap.TCP_72-21-91-29_80_131-202-240-242_5961_stream_0.pcap,tcp_0,tcp,0,Skype,nonVPN,Chat,Skype
VPN_FileTransfer_Skype_file_1.pcap.TCP_10-8-8-134_39016_158-222-191-234_55045_stream_0.pcap,tcp_0,tcp,0,Skype,VPN,FileTransfer,Skype
VPN_VoIP_Skype_audio_1.pcap.UDP_10-8-0-6_40273_111-221-77-149_40014_stream_0.pcap,udp_0,udp,0,Skype,VPN,VoIP,Skype
nonVPN_Chat_Skype_none_1.pcap.UDP_131-202-240-117_60179_255-255-255-255_10505_stream_0.pcap,udp_0,udp,0,Skype,nonVPN,Chat,Skype
VPN_VoIP_Skype_audio_2.pcap.UDP_10-8-0-10_48248_131-202-244-5_53_stream_0.pcap,udp_0,udp,0,Skype,VPN,VoIP,Skype
VPN_FileTransfer_Skype_file_1.pcap.TCP_10-8-8-134_42201_24-196-36-15_63443_stream_0.pcap,tcp_0,tcp,0,Skype,VPN,FileTransfer,Skype
nonVPN_Chat_Skype_none_1.pcap.UDP_131-202-240-117_60125_255-255-255-255_10505_stream_0.pcap,udp_0,udp,0,Skype,nonVPN,Chat,Skype
VPN_FileTransfer_Skype_file_1.pcap.TCP_10-8-8-134_44588_99-29-0-18_46385_stream_0.pcap,tcp_0,tcp,0,Skype,VPN,FileTransfer,Skype
nonVPN_Chat_Skype_none_1.pcap.UDP_131-202-240-102_59283_224-0-0-252_5355_stream_0.pcap,udp_0,udp,0,Skype,nonVPN,Chat,Skype
VPN_FileTransfer_Skype_file_1.pcap.TCP_10-8-8-134_43216_70-20-28-143_4395_stream_0.pcap,tcp_0,tcp,0,Skype,VPN,FileTransfer,Skype
VPN_FileTransfer_Skype_file_1.pcap.TCP_10-8-8-134_43163_70-20-28-143_4395_stream_0.pcap,tcp_0,tcp,0,Skype,VPN,FileTransfer,Skype
VPN_VoIP_Skype_audio_2.pcap.UDP_10-8-0-10_7127_131-202-244-5_53_stream_0.pcap,udp_0,udp,0,Skype,VPN,VoIP,Skype
nonVPN_Chat_Skype_none_1.pcap.UDP_131-202-240-185_57725_224-0-0-252_5355_stream_0.pcap,udp_0,udp,0,Skype,nonVPN,Chat,Skype
VPN_VoIP_Skype_audio_1.pcap.UDP_10-8-0-6_40273_157-55-130-165_40031_stream_0.pcap,udp_0,udp,0,Skype,VPN,VoIP,Skype
nonVPN_Chat_Skype_none_1.pcap.UDP_131-202-240-242_56702_224-0-0-252_5355_stream_0.pcap,udp_0,udp,0,Skype,nonVPN,Chat,Skype
nonVPN_Chat_Skype_none_1.pcap.UDP_131-202-240-185_55590_224-0-0-252_5355_stream_0.pcap,udp_0,udp,0,Skype,nonVPN,Chat,Skype
VPN_FileTransfer_Skype_file_1.pcap.TCP_10-8-8-134_45067_108-40-10-184_53583_stream_0.pcap,tcp_0,tcp,0,Skype,VPN,FileTransfer,Skype
nonVPN_Chat_Skype_none_1.pcap.UDP_131-202-240-117_57043_255-255-255-255_10505_stream_0.pcap,udp_0,udp,0,Skype,nonVPN,Chat,Skype
VPN_VoIP_Skype_audio_2.pcap.UDP_10-8-0-10_54924_131-202-244-5_53_stream_0.pcap,udp_0,udp,0,Skype,VPN,VoIP,Skype
VPN_FileTransfer_Skype_file_1.pcap.TCP_10-8-8-134_48915_174-21-67-7_36864_stream_0.pcap,tcp_0,tcp,0,Skype,VPN,FileTransfer,Skype
nonVPN_Chat_Skype_none_1.pcap.UDP_131-202-240-117_61244_255-255-255-255_10505_stream_0.pcap,udp_0,udp,0,Skype,nonVPN,Chat,Skype
VPN_FileTransfer_Skype_file_1.pcap.TCP_10-8-8-134_49700_144-118-64-164_9987_stream_0.pcap,tcp_0,tcp,0,Skype,VPN,FileTransfer,Skype
nonVPN_Chat_Skype_none_1.pcap.UDP_131-202-240-102_61135_224-0-0-252_5355_stream_0.pcap,udp_0,udp,0,Skype,nonVPN,Chat,Skype
VPN_VoIP_Skype_audio_1.pcap.UDP_10-8-0-6_40273_157-55-56-169_40027_stream_0.pcap,udp_0,udp,0,Skype,VPN,VoIP,Skype
nonVPN_Chat_Skype_none_1.pcap.UDP_131-202-240-157_137_131-202-243-255_137_stream_0.pcap,udp_0,udp,0,Skype,nonVPN,Chat,Skype
nonVPN_Chat_Skype_none_1.pcap.UDP_131-202-240-117_57045_255-255-255-255_10505_stream_0.pcap,udp_0,udp,0,Skype,nonVPN,Chat,Skype
VPN_FileTransfer_Skype_file_1.pcap.TCP_10-8-8-134_51133_74-4-90-123_13913_stream_0.pcap,tcp_0,tcp,0,Skype,VPN,FileTransfer,Skype
VPN_VoIP_Skype_audio_2.pcap.TCP_10-8-0-10_34054_173-194-123-98_443_stream_0.pcap,tcp_0,tcp,0,Skype,VPN,VoIP,Skype
nonVPN_Chat_Skype_none_1.pcap.TCP_131-202-240-242_5631_137-116-40-76_443_stream_0.pcap,tcp_0,tcp,0,Skype,nonVPN,Chat,Skype
nonVPN_Chat_Skype_none_1.pcap.UDP_131-202-240-117_55529_255-255-255-255_10505_stream_0.pcap,udp_0,udp,0,Skype,nonVPN,Chat,Skype
VPN_VoIP_Skype_audio_1.pcap.UDP_10-8-0-6_40273_213-199-179-168_40013_stream_0.pcap,udp_0,udp,0,Skype,VPN,VoIP,Skype
VPN_FileTransfer_Skype_file_1.pcap.TCP_10-8-8-134_51882_98-251-71-160_16311_stream_0.pcap,tcp_0,tcp,0,Skype,VPN,FileTransfer,Skype
nonVPN_Chat_Skype_none_1.pcap.UDP_131-202-240-185_50201_224-0-0-252_5355_stream_0.pcap,udp_0,udp,0,Skype,nonVPN,Chat,Skype
VPN_FileTransfer_Skype_file_1.pcap.TCP_10-8-8-134_52561_68-224-106-140_24222_stream_0.pcap,tcp_0,tcp,0,Skype,VPN,FileTransfer,Skype
nonVPN_Chat_Skype_none_1.pcap.UDP_131-202-240-185_54781_224-0-0-252_5355_stream_0.pcap,udp_0,udp,0,Skype,nonVPN,Chat,Skype
VPN_VoIP_Skype_audio_1.pcap.UDP_10-8-0-6_40273_157-55-130-154_40009_stream_0.pcap,udp_0,udp,0,Skype,VPN,VoIP,Skype
VPN_VoIP_Skype_audio_1.pcap.UDP_10-8-0-6_40273_157-56-52-41_40028_stream_0.pcap,udp_0,udp,0,Skype,VPN,VoIP,Skype
VPN_FileTransfer_Skype_file_1.pcap.TCP_10-8-8-134_56561_63-133-133-162_24530_stream_0.pcap,tcp_0,tcp,0,Skype,VPN,FileTransfer,Skype
nonVPN_Chat_Skype_none_1.pcap.UDP_131-202-240-102_64687_224-0-0-252_5355_stream_0.pcap,udp_0,udp,0,Skype,nonVPN,Chat,Skype
nonVPN_Chat_Skype_none_1.pcap.UDP_131-202-240-117_60399_255-255-255-255_10505_stream_0.pcap,udp_0,udp,0,Skype,nonVPN,Chat,Skype
nonVPN_Chat_Skype_none_1.pcap.TCP_131-202-240-242_23_203-218-75-143_55870_stream_0.pcap,tcp_0,tcp,0,Skype,nonVPN,Chat,Skype
VPN_FileTransfer_Skype_file_1.pcap.TCP_10-8-8-134_56748_157-56-52-13_40011_stream_0.pcap,tcp_0,tcp,0,Skype,VPN,FileTransfer,Skype
VPN_VoIP_Skype_audio_1.pcap.TCP_10-8-0-6_60222_68-63-177-114_20718_stream_0.pcap,tcp_0,tcp,0,Skype,VPN,VoIP,Skype
VPN_VoIP_Skype_audio_1.pcap.UDP_10-8-0-6_40273_157-55-235-144_40022_stream_0.pcap,udp_0,udp,0,Skype,VPN,VoIP,Skype
nonVPN_Chat_Skype_none_1.pcap.UDP_131-202-240-185_49574_224-0-0-252_5355_stream_0.pcap,udp_0,udp,0,Skype,nonVPN,Chat,Skype
nonVPN_Chat_Skype_none_1.pcap.UDP_131-202-240-117_51247_255-255-255-255_10505_stream_0.pcap,udp_0,udp,0,Skype,nonVPN,Chat,Skype
VPN_FileTransfer_Skype_file_1.pcap.TCP_10-8-8-134_58170_24-36-174-173_47044_stream_0.pcap,tcp_0,tcp,0,Skype,VPN,FileTransfer,Skype
VPN_FileTransfer_Skype_file_1.pcap.TCP_10-8-8-134_60106_70-100-90-44_14783_stream_0.pcap,tcp_0,tcp,0,Skype,VPN,FileTransfer,Skype
nonVPN_Chat_Skype_none_1.pcap.UDP_131-202-240-185_137_131-202-243-255_137_stream_0.pcap,udp_0,udp,0,Skype,nonVPN,Chat,Skype
nonVPN_Chat_Skype_none_1.pcap.UDP_131-202-240-242_50674_224-0-0-252_5355_stream_0.pcap,udp_0,udp,0,Skype,nonVPN,Chat,Skype
VPN_FileTransfer_Skype_file_1.pcap.UDP_10-8-8-134_15685_101-64-63-3_18014_stream_0.pcap,udp_0,udp,0,Skype,VPN,FileTransfer,Skype
VPN_VoIP_Skype_audio_2.pcap.UDP_10-8-0-10_18420_213-199-179-143_33033_stream_0.pcap,udp_0,udp,0,Skype,VPN,VoIP,Skype
nonVPN_Chat_Skype_none_1.pcap.UDP_131-202-240-117_59082_255-255-255-255_10505_stream_0.pcap,udp_0,udp,0,Skype,nonVPN,Chat,Skype
nonVPN_Chat_Skype_none_1.pcap.UDP_131-202-240-117_61917_255-255-255-255_10505_stream_0.pcap,udp_0,udp,0,Skype,nonVPN,Chat,Skype
VPN_FileTransfer_Skype_file_1.pcap.UDP_10-8-8-134_15685_106-159-199-206_13681_stream_0.pcap,udp_0,udp,0,Skype,VPN,FileTransfer,Skype
VPN_VoIP_Skype_audio_2.pcap.UDP_10-8-0-10_47496_131-202-244-5_53_stream_0.pcap,udp_0,udp,0,Skype,VPN,VoIP,Skype
nonVPN_Chat_Skype_none_1.pcap.TCP_131-202-240-242_5983_173-194-123-124_443_stream_0.pcap,tcp_0,tcp,0,Skype,nonVPN,Chat,Skype
nonVPN_Chat_Skype_none_1.pcap.UDP_131-202-240-102_49533_224-0-0-252_5355_stream_0.pcap,udp_0,udp,0,Skype,nonVPN,Chat,Skype
nonVPN_Chat_Skype_none_1.pcap.UDP_131-202-240-117_62259_255-255-255-255_10505_stream_0.pcap,udp_0,udp,0,Skype,nonVPN,Chat,Skype
VPN_FileTransfer_Skype_file_1.pcap.UDP_10-8-8-134_15685_108-40-10-184_53583_stream_0.pcap,udp_0,udp,0,Skype,VPN,FileTransfer,Skype
VPN_VoIP_Skype_audio_1.pcap.UDP_10-8-0-6_40273_64-4-23-147_40021_stream_0.pcap,udp_0,udp,0,Skype,VPN,VoIP,Skype
VPN_FileTransfer_Skype_file_1.pcap.UDP_10-8-8-134_15685_109-146-33-108_7506_stream_0.pcap,udp_0,udp,0,Skype,VPN,FileTransfer,Skype
nonVPN_Chat_Skype_none_1.pcap.UDP_131-202-240-117_52482_255-255-255-255_10505_stream_0.pcap,udp_0,udp,0,Skype,nonVPN,Chat,Skype
VPN_FileTransfer_Skype_file_1.pcap.UDP_10-8-8-134_15685_109-67-147-152_28195_stream_0.pcap,udp_0,udp,0,Skype,VPN,FileTransfer,Skype
VPN_FileTransfer_Skype_file_1.pcap.UDP_10-8-8-134_15685_109-129-115-38_61971_stream_0.pcap,udp_0,udp,0,Skype,VPN,FileTransfer,Skype
VPN_FileTransfer_Skype_file_1.pcap.UDP_10-8-8-134_15685_108-237-134-2_7124_stream_0.pcap,udp_0,udp,0,Skype,VPN,FileTransfer,Skype
VPN_VoIP_Skype_audio_1.pcap.UDP_10-8-0-6_40273_111-221-74-28_40034_stream_0.pcap,udp_0,udp,0,Skype,VPN,VoIP,Skype
nonVPN_Chat_Skype_none_1.pcap.UDP_131-202-240-117_64671_255-255-255-255_10505_stream_0.pcap,udp_0,udp,0,Skype,nonVPN,Chat,Skype
nonVPN_Chat_Skype_none_1.pcap.UDP_131-202-240-102_54459_224-0-0-252_5355_stream_0.pcap,udp_0,udp,0,Skype,nonVPN,Chat,Skype
nonVPN_Chat_Skype_none_1.pcap.UDP_131-202-240-102_61928_224-0-0-252_5355_stream_0.pcap,udp_0,udp,0,Skype,nonVPN,Chat,Skype
VPN_VoIP_Skype_audio_1.pcap.UDP_10-8-0-6_40273_157-55-130-169_40004_stream_0.pcap,udp_0,udp,0,Skype,VPN,VoIP,Skype
nonVPN_Chat_Skype_none_1.pcap.UDP_131-202-240-117_63287_255-255-255-255_10505_stream_0.pcap,udp_0,udp,0,Skype,nonVPN,Chat,Skype
VPN_VoIP_Skype_audio_2.pcap.UDP_10-8-0-10_49097_131-202-244-3_53_stream_0.pcap,udp_0,udp,0,Skype,VPN,VoIP,Skype
nonVPN_Chat_Skype_none_1.pcap.UDP_131-202-240-242_61108_224-0-0-252_5355_stream_0.pcap,udp_0,udp,0,Skype,nonVPN,Chat,Skype
VPN_FileTransfer_Skype_file_1.pcap.UDP_10-8-8-134_15685_111-221-74-41_40029_stream_0.pcap,udp_0,udp,0,Skype,VPN,FileTransfer,Skype
nonVPN_Chat_Skype_none_1.pcap.UDP_131-202-240-117_61250_255-255-255-255_10505_stream_0.pcap,udp_0,udp,0,Skype,nonVPN,Chat,Skype
nonVPN_Chat_Skype_none_1.pcap.UDP_131-202-240-117_60036_255-255-255-255_10505_stream_0.pcap,udp_0,udp,0,Skype,nonVPN,Chat,Skype
VPN_VoIP_Skype_audio_1.pcap.UDP_10-8-0-6_40273_167-60-52-161_27557_stream_0.pcap,udp_0,udp,0,Skype,VPN,VoIP,Skype
VPN_VoIP_Skype_audio_1.pcap.UDP_10-8-0-6_40273_213-199-179-169_40020_stream_0.pcap,udp_0,udp,0,Skype,VPN,VoIP,Skype
VPN_VoIP_Skype_audio_2.pcap.UDP_10-8-0-10_61951_131-202-244-5_53_stream_0.pcap,udp_0,udp,0,Skype,VPN,VoIP,Skype
VPN_VoIP_Skype_audio_1.pcap.UDP_10-8-0-6_40273_111-221-77-159_40005_stream_0.pcap,udp_0,udp,0,Skype,VPN,VoIP,Skype
nonVPN_Chat_Skype_none_1.pcap.UDP_131-202-240-185_56621_224-0-0-252_5355_stream_0.pcap,udp_0,udp,0,Skype,nonVPN,Chat,Skype
nonVPN_Chat_Skype_none_1.pcap.UDP_131-202-240-117_56598_255-255-255-255_10505_stream_0.pcap,udp_0,udp,0,Skype,nonVPN,Chat,Skype
nonVPN_Chat_Skype_none_1.pcap.UDP_131-202-240-117_51733_255-255-255-255_10505_stream_0.pcap,udp_0,udp,0,Skype,nonVPN,Chat,Skype
nonVPN_Chat_Skype_none_1.pcap.UDP_131-202-240-117_61912_255-255-255-255_10505_stream_0.pcap,udp_0,udp,0,Skype,nonVPN,Chat,Skype
VPN_VoIP_Skype_audio_1.pcap.UDP_10-8-0-6_40273_157-55-130-147_40019_stream_0.pcap,udp_0,udp,0,Skype,VPN,VoIP,Skype
nonVPN_Chat_Skype_none_1.pcap.UDP_131-202-240-185_54962_224-0-0-252_5355_stream_0.pcap,udp_0,udp,0,Skype,nonVPN,Chat,Skype
VPN_VoIP_Skype_audio_2.pcap.TCP_10-8-0-10_53270_24-156-140-33_443_stream_0.pcap,tcp_0,tcp,0,Skype,VPN,VoIP,Skype
nonVPN_Chat_Skype_none_1.pcap.UDP_131-202-240-102_50626_224-0-0-252_5355_stream_0.pcap,udp_0,udp,0,Skype,nonVPN,Chat,Skype
VPN_VoIP_Skype_audio_2.pcap.UDP_10-8-0-10_31651_131-202-6-3_53_stream_0.pcap,udp_0,udp,0,Skype,VPN,VoIP,Skype
nonVPN_Chat_Skype_none_1.pcap.UDP_131-202-240-242_56827_224-0-0-252_5355_stream_0.pcap,udp_0,udp,0,Skype,nonVPN,Chat,Skype
nonVPN_Chat_Skype_none_1.pcap.UDP_131-202-240-185_64646_224-0-0-252_5355_stream_0.pcap,udp_0,udp,0,Skype,nonVPN,Chat,Skype
VPN_VoIP_Skype_audio_2.pcap.UDP_10-8-0-10_31996_131-202-244-3_53_stream_0.pcap,udp_0,udp,0,Skype,VPN,VoIP,Skype
VPN_FileTransfer_Skype_file_1.pcap.UDP_10-8-8-134_15685_114-34-10-127_49127_stream_0.pcap,udp_0,udp,0,Skype,VPN,FileTransfer,Skype
nonVPN_Chat_Skype_none_1.pcap.UDP_131-202-240-117_52652_255-255-255-255_10505_stream_0.pcap,udp_0,udp,0,Skype,nonVPN,Chat,Skype
VPN_VoIP_Skype_audio_2.pcap.UDP_10-8-0-10_43381_131-202-244-3_53_stream_0.pcap,udp_0,udp,0,Skype,VPN,VoIP,Skype
VPN_VoIP_Skype_audio_2.pcap.UDP_10-8-0-10_42710_131-202-244-3_53_stream_0.pcap,udp_0,udp,0,Skype,VPN,VoIP,Skype
VPN_VoIP_Skype_audio_2.pcap.UDP_10-8-0-10_55069_131-202-244-3_53_stream_0.pcap,udp_0,udp,0,Skype,VPN,VoIP,Skype
VPN_FileTransfer_Skype_file_1.pcap.UDP_10-8-8-134_15685_118-167-53-26_12055_stream_0.pcap,udp_0,udp,0,Skype,VPN,FileTransfer,Skype
VPN_VoIP_Skype_audio_1.pcap.UDP_10-8-0-6_40273_157-55-130-150_40022_stream_0.pcap,udp_0,udp,0,Skype,VPN,VoIP,Skype
nonVPN_Chat_Skype_none_1.pcap.UDP_131-202-240-117_63286_255-255-255-255_10505_stream_0.pcap,udp_0,udp,0,Skype,nonVPN,Chat,Skype
nonVPN_Chat_Skype_none_1.pcap.UDP_131-202-240-185_63832_224-0-0-252_5355_stream_0.pcap,udp_0,udp,0,Skype,nonVPN,Chat,Skype
nonVPN_Chat_Skype_none_1.pcap.UDP_131-202-240-117_57048_255-255-255-255_10505_stream_0.pcap,udp_0,udp,0,Skype,nonVPN,Chat,Skype
VPN_FileTransfer_Skype_file_1.pcap.UDP_10-8-8-134_15685_120-29-108-77_56818_stream_0.pcap,udp_0,udp,0,Skype,VPN,FileTransfer,Skype
VPN_FileTransfer_Skype_file_1.pcap.UDP_10-8-8-134_15685_121-104-146-160_29536_stream_0.pcap,udp_0,udp,0,Skype,VPN,FileTransfer,Skype
VPN_VoIP_Skype_audio_1.pcap.UDP_10-8-0-6_40273_111-221-77-145_40026_stream_0.pcap,udp_0,udp,0,Skype,VPN,VoIP,Skype
nonVPN_Chat_Skype_none_1.pcap.UDP_131-202-240-117_63940_255-255-255-255_10505_stream_0.pcap,udp_0,udp,0,Skype,nonVPN,Chat,Skype
nonVPN_Chat_Skype_none_1.pcap.UDP_131-202-240-66_53955_224-0-0-252_5355_stream_0.pcap,udp_0,udp,0,Skype,nonVPN,Chat,Skype
VPN_FileTransfer_Skype_file_1.pcap.UDP_10-8-8-134_15685_121-211-156-162_5696_stream_0.pcap,udp_0,udp,0,Skype,VPN,FileTransfer,Skype
VPN_FileTransfer_Skype_file_1.pcap.UDP_10-8-8-134_15685_121-45-207-120_42208_stream_0.pcap,udp_0,udp,0,Skype,VPN,FileTransfer,Skype
nonVPN_Chat_Skype_none_1.pcap.UDP_131-202-240-196_61474_224-0-0-252_5355_stream_0.pcap,udp_0,udp,0,Skype,nonVPN,Chat,Skype
nonVPN_Chat_Skype_none_1.pcap.UDP_131-202-240-185_52277_224-0-0-252_5355_stream_0.pcap,udp_0,udp,0,Skype,nonVPN,Chat,Skype
VPN_FileTransfer_Skype_file_1.pcap.UDP_10-8-8-134_15685_122-164-153-247_25890_stream_0.pcap,udp_0,udp,0,Skype,VPN,FileTransfer,Skype
VPN_FileTransfer_Skype_file_1.pcap.UDP_10-8-8-134_15685_122-18-25-3_64150_stream_0.pcap,udp_0,udp,0,Skype,VPN,FileTransfer,Skype
VPN_FileTransfer_Skype_file_1.pcap.UDP_10-8-8-134_15685_122-52-129-92_24765_stream_0.pcap,udp_0,udp,0,Skype,VPN,FileTransfer,Skype
nonVPN_Chat_Skype_none_1.pcap.UDP_131-202-240-242_50089_224-0-0-252_5355_stream_0.pcap,udp_0,udp,0,Skype,nonVPN,Chat,Skype
VPN_FileTransfer_Skype_file_1.pcap.UDP_10-8-8-134_15685_123-214-4-99_64895_stream_0.pcap,udp_0,udp,0,Skype,VPN,FileTransfer,Skype
nonVPN_Chat_Skype_none_1.pcap.TCP_69-172-216-58_443_131-202-240-242_5975_stream_0.pcap,tcp_0,tcp,0,Skype,nonVPN,Chat,Skype
nonVPN_Chat_Skype_none_1.pcap.UDP_131-202-240-117_60122_255-255-255-255_10505_stream_0.pcap,udp_0,udp,0,Skype,nonVPN,Chat,Skype
VPN_FileTransfer_Skype_file_1.pcap.UDP_10-8-8-134_15685_124-148-119-161_16668_stream_0.pcap,udp_0,udp,0,Skype,VPN,FileTransfer,Skype
nonVPN_Chat_Skype_none_1.pcap.TCP_124-173-124-110_62228_131-202-240-242_9200_stream_0.pcap,tcp_0,tcp,0,Skype,nonVPN,Chat,Skype
VPN_VoIP_Skype_audio_2.pcap.UDP_10-8-0-10_15755_131-202-244-5_53_stream_0.pcap,udp_0,udp,0,Skype,VPN,VoIP,Skype
VPN_VoIP_Skype_audio_1.pcap.UDP_10-8-0-6_40273_65-55-223-32_40004_stream_0.pcap,udp_0,udp,0,Skype,VPN,VoIP,Skype
VPN_FileTransfer_Skype_file_1.pcap.UDP_10-8-8-134_15685_125-31-86-233_20011_stream_0.pcap,udp_0,udp,0,Skype,VPN,FileTransfer,Skype
VPN_VoIP_Skype_audio_2.pcap.UDP_10-8-0-10_18420_108-82-4-154_19616_stream_0.pcap,udp_0,udp,0,Skype,VPN,VoIP,Skype
VPN_FileTransfer_Skype_file_1.pcap.UDP_10-8-8-134_15685_125-54-77-83_26421_stream_0.pcap,udp_0,udp,0,Skype,VPN,FileTransfer,Skype
VPN_FileTransfer_Skype_file_1.pcap.UDP_10-8-8-134_15685_126-108-71-185_65107_stream_0.pcap,udp_0,udp,0,Skype,VPN,FileTransfer,Skype
nonVPN_Chat_Skype_none_1.pcap.UDP_131-202-240-185_60765_224-0-0-252_5355_stream_0.pcap,udp_0,udp,0,Skype,nonVPN,Chat,Skype
VPN_FileTransfer_Skype_file_1.pcap.UDP_10-8-8-134_15685_125-58-100-153_17498_stream_0.pcap,udp_0,udp,0,Skype,VPN,FileTransfer,Skype
VPN_VoIP_Skype_audio_2.pcap.TCP_10-8-0-10_45331_91-189-89-22_443_stream_0.pcap,tcp_0,tcp,0,Skype,VPN,VoIP,Skype
VPN_VoIP_Skype_audio_2.pcap.UDP_10-8-0-10_2984_131-202-244-3_53_stream_0.pcap,udp_0,udp,0,Skype,VPN,VoIP,Skype
nonVPN_Chat_Skype_none_1.pcap.UDP_131-202-240-70_50588_224-0-0-252_5355_stream_0.pcap,udp_0,udp,0,Skype,nonVPN,Chat,Skype
VPN_VoIP_Skype_audio_2.pcap.UDP_10-8-0-10_27698_131-202-244-5_53_stream_0.pcap,udp_0,udp,0,Skype,VPN,VoIP,Skype
VPN_FileTransfer_Skype_file_1.pcap.UDP_10-8-8-134_15685_129-64-232-149_18501_stream_0.pcap,udp_0,udp,0,Skype,VPN,FileTransfer,Skype
VPN_FileTransfer_Skype_file_1.pcap.UDP_10-8-8-134_15685_130-204-2-123_55721_stream_0.pcap,udp_0,udp,0,Skype,VPN,FileTransfer,Skype
nonVPN_Chat_Skype_none_1.pcap.UDP_131-202-240-117_56271_255-255-255-255_10505_stream_0.pcap,udp_0,udp,0,Skype,nonVPN,Chat,Skype
nonVPN_Chat_Skype_none_1.pcap.UDP_131-202-240-66_52381_224-0-0-252_5355_stream_0.pcap,udp_0,udp,0,Skype,nonVPN,Chat,Skype
nonVPN_Chat_Skype_none_1.pcap.UDP_131-202-240-185_63906_224-0-0-252_5355_stream_0.pcap,udp_0,udp,0,Skype,nonVPN,Chat,Skype
nonVPN_Chat_Skype_none_1.pcap.UDP_131-202-240-117_56603_255-255-255-255_10505_stream_0.pcap,udp_0,udp,0,Skype,nonVPN,Chat,Skype
nonVPN_Chat_Skype_none_1.pcap.UDP_131-202-240-117_62248_255-255-255-255_10505_stream_0.pcap,udp_0,udp,0,Skype,nonVPN,Chat,Skype
VPN_VoIP_Skype_audio_2.pcap.UDP_10-8-0-10_2984_131-202-244-5_53_stream_0.pcap,udp_0,udp,0,Skype,VPN,VoIP,Skype
VPN_FileTransfer_Skype_file_1.pcap.UDP_10-8-8-134_15685_144-118-64-164_9987_stream_0.pcap,udp_0,udp,0,Skype,VPN,FileTransfer,Skype
VPN_FileTransfer_Skype_file_1.pcap.UDP_10-8-8-134_15685_140-138-40-191_40205_stream_0.pcap,udp_0,udp,0,Skype,VPN,FileTransfer,Skype
nonVPN_Chat_Skype_none_1.pcap.UDP_131-202-240-185_61614_224-0-0-252_5355_stream_0.pcap,udp_0,udp,0,Skype,nonVPN,Chat,Skype
VPN_VoIP_Skype_audio_2.pcap.TCP_10-8-0-10_34036_209-148-205-26_443_stream_0.pcap,tcp_0,tcp,0,Skype,VPN,VoIP,Skype
nonVPN_Chat_Skype_none_1.pcap.UDP_131-202-240-102_54920_224-0-0-252_5355_stream_0.pcap,udp_0,udp,0,Skype,nonVPN,Chat,Skype
nonVPN_Chat_Skype_none_1.pcap.UDP_131-202-240-117_51324_255-255-255-255_10505_stream_0.pcap,udp_0,udp,0,Skype,nonVPN,Chat,Skype
nonVPN_Chat_Skype_none_1.pcap.UDP_131-202-240-185_64134_224-0-0-252_5355_stream_0.pcap,udp_0,udp,0,Skype,nonVPN,Chat,Skype
VPN_FileTransfer_Skype_file_1.pcap.UDP_10-8-8-134_15685_151-237-8-222_33859_stream_0.pcap,udp_0,udp,0,Skype,VPN,FileTransfer,Skype
VPN_VoIP_Skype_audio_2.pcap.UDP_10-8-0-10_18569_131-202-244-3_53_stream_0.pcap,udp_0,udp,0,Skype,VPN,VoIP,Skype
VPN_FileTransfer_Skype_file_1.pcap.UDP_10-8-8-134_15685_152-250-160-46_36419_stream_0.pcap,udp_0,udp,0,Skype,VPN,FileTransfer,Skype
nonVPN_Chat_Skype_none_1.pcap.UDP_131-202-240-185_62102_224-0-0-252_5355_stream_0.pcap,udp_0,udp,0,Skype,nonVPN,Chat,Skype
VPN_FileTransfer_Skype_file_1.pcap.UDP_10-8-8-134_15685_153-199-67-39_65364_stream_0.pcap,udp_0,udp,0,Skype,VPN,FileTransfer,Skype
VPN_VoIP_Skype_audio_2.pcap.UDP_10-8-0-10_2247_131-202-6-3_53_stream_0.pcap,udp_0,udp,0,Skype,VPN,VoIP,Skype
VPN_VoIP_Skype_audio_1.pcap.UDP_10-8-0-6_40273_157-55-235-167_40027_stream_0.pcap,udp_0,udp,0,Skype,VPN,VoIP,Skype
nonVPN_Chat_Skype_none_1.pcap.UDP_131-202-240-63_43957_131-202-243-255_161_stream_0.pcap,udp_0,udp,0,Skype,nonVPN,Chat,Skype
VPN_VoIP_Skype_audio_2.pcap.UDP_10-8-0-10_2247_131-202-244-5_53_stream_0.pcap,udp_0,udp,0,Skype,VPN,VoIP,Skype
VPN_VoIP_Skype_audio_1.pcap.UDP_10-8-0-6_40273_157-55-235-147_40017_stream_0.pcap,udp_0,udp,0,Skype,VPN,VoIP,Skype
VPN_FileTransfer_Skype_file_1.pcap.UDP_10-8-8-134_15685_157-55-130-154_40034_stream_0.pcap,udp_0,udp,0,Skype,VPN,FileTransfer,Skype
nonVPN_Chat_Skype_none_1.pcap.UDP_131-202-240-117_63944_255-255-255-255_10505_stream_0.pcap,udp_0,udp,0,Skype,nonVPN,Chat,Skype
nonVPN_Chat_Skype_none_1.pcap.UDP_131-202-240-185_63605_224-0-0-252_5355_stream_0.pcap,udp_0,udp,0,Skype,nonVPN,Chat,Skype
nonVPN_Chat_Skype_none_1.pcap.UDP_131-202-240-28_427_224-0-1-22_427_stream_0.pcap,udp_0,udp,0,Skype,nonVPN,Chat,Skype
nonVPN_Chat_Skype_none_1.pcap.UDP_131-202-240-242_52970_224-0-0-252_5355_stream_0.pcap,udp_0,udp,0,Skype,nonVPN,Chat,Skype
nonVPN_Chat_Skype_none_1.pcap.UDP_131-202-240-102_52625_224-0-0-252_5355_stream_0.pcap,udp_0,udp,0,Skype,nonVPN,Chat,Skype
VPN_VoIP_Skype_audio_2.pcap.UDP_10-8-0-10_15320_131-202-244-3_53_stream_0.pcap,udp_0,udp,0,Skype,VPN,VoIP,Skype
nonVPN_Chat_Skype_none_1.pcap.UDP_131-202-240-117_57049_255-255-255-255_10505_stream_0.pcap,udp_0,udp,0,Skype,nonVPN,Chat,Skype
nonVPN_Chat_Skype_none_1.pcap.UDP_131-202-240-185_58140_224-0-0-252_5355_stream_0.pcap,udp_0,udp,0,Skype,nonVPN,Chat,Skype
VPN_VoIP_Skype_audio_1.pcap.UDP_10-8-0-6_40273_157-55-56-162_40015_stream_0.pcap,udp_0,udp,0,Skype,VPN,VoIP,Skype
nonVPN_Chat_Skype_none_1.pcap.UDP_131-202-240-117_56561_255-255-255-255_10505_stream_0.pcap,udp_0,udp,0,Skype,nonVPN,Chat,Skype
nonVPN_Chat_Skype_none_1.pcap.UDP_131-202-240-102_55174_224-0-0-252_5355_stream_0.pcap,udp_0,udp,0,Skype,nonVPN,Chat,Skype
VPN_FileTransfer_Skype_file_1.pcap.UDP_10-8-8-134_15685_157-56-52-41_40028_stream_0.pcap,udp_0,udp,0,Skype,VPN,FileTransfer,Skype
VPN_VoIP_Skype_audio_1.pcap.UDP_10-8-0-6_40273_65-55-223-18_40006_stream_0.pcap,udp_0,udp,0,Skype,VPN,VoIP,Skype
nonVPN_Chat_Skype_none_1.pcap.TCP_131-202-240-242_5965_199-166-0-200_443_stream_0.pcap,tcp_0,tcp,0,Skype,nonVPN,Chat,Skype
nonVPN_Chat_Skype_none_1.pcap.UDP_131-202-240-117_60126_255-255-255-255_10505_stream_0.pcap,udp_0,udp,0,Skype,nonVPN,Chat,Skype
nonVPN_Chat_Skype_none_1.pcap.UDP_131-202-240-117_64682_255-255-255-255_10505_stream_0.pcap,udp_0,udp,0,Skype,nonVPN,Chat,Skype
VPN_VoIP_Skype_audio_1.pcap.UDP_10-8-0-6_40273_157-56-52-28_40028_stream_0.pcap,udp_0,udp,0,Skype,VPN,VoIP,Skype
VPN_FileTransfer_Skype_file_1.pcap.UDP_10-8-8-134_15685_174-5-2-164_45296_stream_0.pcap,udp_0,udp,0,Skype,VPN,FileTransfer,Skype
nonVPN_Chat_Skype_none_1.pcap.UDP_131-202-240-117_52483_255-255-255-255_10505_stream_0.pcap,udp_0,udp,0,Skype,nonVPN,Chat,Skype
VPN_FileTransfer_Skype_file_1.pcap.UDP_10-8-8-134_15685_175-206-71-235_5416_stream_0.pcap,udp_0,udp,0,Skype,VPN,FileTransfer,Skype
nonVPN_Chat_Skype_none_1.pcap.UDP_131-202-240-185_55630_224-0-0-252_5355_stream_0.pcap,udp_0,udp,0,Skype,nonVPN,Chat,Skype
VPN_FileTransfer_Skype_file_1.pcap.UDP_10-8-8-134_15685_175-32-19-218_38482_stream_0.pcap,udp_0,udp,0,Skype,VPN,FileTransfer,Skype
VPN_VoIP_Skype_audio_1.pcap.UDP_10-8-0-6_11200_131-202-6-3_53_stream_0.pcap,udp_0,udp,0,Skype,VPN,VoIP,Skype
nonVPN_Chat_Skype_none_1.pcap.UDP_131-202-240-185_60433_224-0-0-252_5355_stream_0.pcap,udp_0,udp,0,Skype,nonVPN,Chat,Skype
nonVPN_Chat_Skype_none_1.pcap.UDP_131-202-240-185_64347_224-0-0-252_5355_stream_0.pcap,udp_0,udp,0,Skype,nonVPN,Chat,Skype
VPN_VoIP_Skype_audio_2.pcap.UDP_10-8-0-10_21957_131-202-6-3_53_stream_0.pcap,udp_0,udp,0,Skype,VPN,VoIP,Skype
nonVPN_Chat_Skype_none_1.pcap.UDP_131-202-240-102_55142_224-0-0-252_5355_stream_0.pcap,udp_0,udp,0,Skype,nonVPN,Chat,Skype
nonVPN_Chat_Skype_none_1.pcap.TCP_23-50-75-27_80_131-202-240-242_5979_stream_0.pcap,tcp_0,tcp,0,Skype,nonVPN,Chat,Skype
VPN_FileTransfer_Skype_file_1.pcap.UDP_10-8-8-134_15685_180-234-91-5_8685_stream_0.pcap,udp_0,udp,0,Skype,VPN,FileTransfer,Skype
nonVPN_Chat_Skype_none_1.pcap.UDP_131-202-240-186_53597_224-0-0-252_5355_stream_0.pcap,udp_0,udp,0,Skype,nonVPN,Chat,Skype
VPN_VoIP_Skype_audio_1.pcap.UDP_10-8-0-6_40273_213-199-179-171_40004_stream_0.pcap,udp_0,udp,0,Skype,VPN,VoIP,Skype
VPN_FileTransfer_Skype_file_1.pcap.UDP_10-8-8-134_15685_183-89-129-143_42326_stream_0.pcap,udp_0,udp,0,Skype,VPN,FileTransfer,Skype
VPN_FileTransfer_Skype_file_1.pcap.UDP_10-8-8-134_15685_189-155-147-127_64123_stream_0.pcap,udp_0,udp,0,Skype,VPN,FileTransfer,Skype
nonVPN_Chat_Skype_none_1.pcap.UDP_131-202-240-242_54934_224-0-0-252_5355_stream_0.pcap,udp_0,udp,0,Skype,nonVPN,Chat,Skype
nonVPN_Chat_Skype_none_1.pcap.UDP_131-202-240-117_57659_255-255-255-255_10505_stream_0.pcap,udp_0,udp,0,Skype,nonVPN,Chat,Skype
VPN_VoIP_Skype_audio_2.pcap.UDP_10-8-0-10_3447_131-202-244-5_53_stream_0.pcap,udp_0,udp,0,Skype,VPN,VoIP,Skype
VPN_FileTransfer_Skype_file_1.pcap.UDP_10-8-8-134_15685_24-121-103-220_43206_stream_0.pcap,udp_0,udp,0,Skype,VPN,FileTransfer,Skype
nonVPN_Chat_Skype_none_1.pcap.UDP_131-202-240-30_5353_224-0-0-251_5353_stream_0.pcap,udp_0,udp,0,Skype,nonVPN,Chat,Skype
nonVPN_Chat_Skype_none_1.pcap.UDP_131-202-240-66_63825_224-0-0-252_5355_stream_0.pcap,udp_0,udp,0,Skype,nonVPN,Chat,Skype
nonVPN_Chat_Skype_none_1.pcap.UDP_131-202-240-66_51663_224-0-0-252_5355_stream_0.pcap,udp_0,udp,0,Skype,nonVPN,Chat,Skype
VPN_FileTransfer_Skype_file_1.pcap.UDP_10-8-8-134_15685_46-17-57-54_4956_stream_0.pcap,udp_0,udp,0,Skype,VPN,FileTransfer,Skype
VPN_VoIP_Skype_audio_1.pcap.UDP_10-8-0-6_40273_111-221-74-19_40017_stream_0.pcap,udp_0,udp,0,Skype,VPN,VoIP,Skype
VPN_FileTransfer_Skype_file_1.pcap.UDP_10-8-8-134_15685_46-17-57-54_5144_stream_0.pcap,udp_0,udp,0,Skype,VPN,FileTransfer,Skype
VPN_FileTransfer_Skype_file_1.pcap.UDP_10-8-8-134_15685_64-4-23-159_40005_stream_0.pcap,udp_0,udp,0,Skype,VPN,FileTransfer,Skype
VPN_VoIP_Skype_audio_2.pcap.UDP_10-8-0-10_3447_131-202-244-3_53_stream_0.pcap,udp_0,udp,0,Skype,VPN,VoIP,Skype
nonVPN_Chat_Skype_none_1.pcap.UDP_131-202-240-117_64674_255-255-255-255_10505_stream_0.pcap,udp_0,udp,0,Skype,nonVPN,Chat,Skype
VPN_FileTransfer_Skype_file_1.pcap.UDP_10-8-8-134_15685_64-4-23-169_40008_stream_0.pcap,udp_0,udp,0,Skype,VPN,FileTransfer,Skype
VPN_FileTransfer_Skype_file_1.pcap.UDP_10-8-8-134_15685_65-55-223-14_40029_stream_0.pcap,udp_0,udp,0,Skype,VPN,FileTransfer,Skype
nonVPN_Chat_Skype_none_1.pcap.TCP_131-202-240-242_40509_167-56-6-76_40386_stream_0.pcap,tcp_0,tcp,0,Skype,nonVPN,Chat,Skype
nonVPN_Chat_Skype_none_1.pcap.TCP_23-10-191-198_80_131-202-240-242_5704_stream_0.pcap,tcp_0,tcp,0,Skype,nonVPN,Chat,Skype
nonVPN_Chat_Skype_none_1.pcap.UDP_131-202-240-70_50696_224-0-0-252_5355_stream_0.pcap,udp_0,udp,0,Skype,nonVPN,Chat,Skype
nonVPN_Chat_Skype_none_1.pcap.UDP_131-202-240-102_62330_224-0-0-252_5355_stream_0.pcap,udp_0,udp,0,Skype,nonVPN,Chat,Skype
VPN_FileTransfer_Skype_file_1.pcap.UDP_10-8-8-134_15685_68-186-166-162_11413_stream_0.pcap,udp_0,udp,0,Skype,VPN,FileTransfer,Skype
VPN_FileTransfer_Skype_file_1.pcap.UDP_10-8-8-134_15685_67-8-118-121_12516_stream_0.pcap,udp_0,udp,0,Skype,VPN,FileTransfer,Skype
VPN_FileTransfer_Skype_file_1.pcap.UDP_10-8-8-134_15685_68-190-134-49_5840_stream_0.pcap,udp_0,udp,0,Skype,VPN,FileTransfer,Skype
nonVPN_Chat_Skype_none_1.pcap.UDP_131-202-240-185_57175_224-0-0-252_5355_stream_0.pcap,udp_0,udp,0,Skype,nonVPN,Chat,Skype
nonVPN_Chat_Skype_none_1.pcap.UDP_131-202-240-185_49751_224-0-0-252_5355_stream_0.pcap,udp_0,udp,0,Skype,nonVPN,Chat,Skype
nonVPN_Chat_Skype_none_1.pcap.UDP_131-202-240-117_50898_255-255-255-255_10505_stream_0.pcap,udp_0,udp,0,Skype,nonVPN,Chat,Skype
VPN_FileTransfer_Skype_file_1.pcap.UDP_10-8-8-134_15685_69-181-136-22_57191_stream_0.pcap,udp_0,udp,0,Skype,VPN,FileTransfer,Skype
VPN_VoIP_Skype_audio_2.pcap.UDP_10-8-0-10_40792_131-202-244-3_53_stream_0.pcap,udp_0,udp,0,Skype,VPN,VoIP,Skype
VPN_FileTransfer_Skype_file_1.pcap.UDP_10-8-8-134_15685_71-179-224-152_47644_stream_0.pcap,udp_0,udp,0,Skype,VPN,FileTransfer,Skype
VPN_FileTransfer_Skype_file_1.pcap.UDP_10-8-8-134_15685_71-59-228-102_5624_stream_0.pcap,udp_0,udp,0,Skype,VPN,FileTransfer,Skype
VPN_FileTransfer_Skype_file_1.pcap.UDP_10-8-8-134_15685_72-181-76-239_13517_stream_0.pcap,udp_0,udp,0,Skype,VPN,FileTransfer,Skype
nonVPN_Chat_Skype_none_1.pcap.UDP_131-202-240-117_49739_255-255-255-255_10505_stream_0.pcap,udp_0,udp,0,Skype,nonVPN,Chat,Skype
VPN_VoIP_Skype_audio_2.pcap.UDP_10-8-0-10_65378_131-202-244-5_53_stream_0.pcap,udp_0,udp,0,Skype,VPN,VoIP,Skype
nonVPN_Chat_Skype_none_1.pcap.UDP_131-202-240-117_57660_255-255-255-255_10505_stream_0.pcap,udp_0,udp,0,Skype,nonVPN,Chat,Skype
VPN_FileTransfer_Skype_file_1.pcap.UDP_10-8-8-134_15685_73-186-119-91_6743_stream_0.pcap,udp_0,udp,0,Skype,VPN,FileTransfer,Skype
nonVPN_Chat_Skype_none_1.pcap.UDP_131-202-240-185_49775_224-0-0-252_5355_stream_0.pcap,udp_0,udp,0,Skype,nonVPN,Chat,Skype
nonVPN_Chat_Skype_none_1.pcap.UDP_131-202-240-117_59306_255-255-255-255_10505_stream_0.pcap,udp_0,udp,0,Skype,nonVPN,Chat,Skype
VPN_FileTransfer_Skype_file_1.pcap.UDP_10-8-8-134_15685_73-167-244-129_42387_stream_0.pcap,udp_0,udp,0,Skype,VPN,FileTransfer,Skype
VPN_FileTransfer_Skype_file_1.pcap.UDP_10-8-8-134_15685_73-209-160-18_49415_stream_0.pcap,udp_0,udp,0,Skype,VPN,FileTransfer,Skype
VPN_FileTransfer_Skype_file_1.pcap.UDP_10-8-8-134_15685_73-45-157-98_36950_stream_0.pcap,udp_0,udp,0,Skype,VPN,FileTransfer,Skype
VPN_FileTransfer_Skype_file_1.pcap.UDP_10-8-8-134_15685_73-25-184-121_58698_stream_0.pcap,udp_0,udp,0,Skype,VPN,FileTransfer,Skype
nonVPN_Chat_Skype_none_1.pcap.UDP_131-202-240-157_17500_255-255-255-255_17500_stream_0.pcap,udp_0,udp,0,Skype,nonVPN,Chat,Skype
VPN_VoIP_Skype_audio_1.pcap.UDP_10-8-0-6_40273_64-4-23-152_40002_stream_0.pcap,udp_0,udp,0,Skype,VPN,VoIP,Skype
VPN_FileTransfer_Skype_file_1.pcap.UDP_10-8-8-134_15685_75-108-3-177_49178_stream_0.pcap,udp_0,udp,0,Skype,VPN,FileTransfer,Skype
VPN_VoIP_Skype_audio_1.pcap.UDP_10-8-0-6_40273_157-55-235-150_40017_stream_0.pcap,udp_0,udp,0,Skype,VPN,VoIP,Skype
nonVPN_Chat_Skype_none_1.pcap.UDP_131-202-240-185_65271_224-0-0-252_5355_stream_0.pcap,udp_0,udp,0,Skype,nonVPN,Chat,Skype
nonVPN_Chat_Skype_none_1.pcap.UDP_131-202-240-117_57649_255-255-255-255_10505_stream_0.pcap,udp_0,udp,0,Skype,nonVPN,Chat,Skype
nonVPN_Chat_Skype_none_1.pcap.UDP_131-202-240-185_49918_224-0-0-252_5355_stream_0.pcap,udp_0,udp,0,Skype,nonVPN,Chat,Skype
VPN_FileTransfer_Skype_file_1.pcap.UDP_10-8-8-134_15685_81-105-201-97_21981_stream_0.pcap,udp_0,udp,0,Skype,VPN,FileTransfer,Skype
nonVPN_Chat_Skype_none_1.pcap.UDP_131-202-240-242_57631_224-0-0-252_5355_stream_0.pcap,udp_0,udp,0,Skype,nonVPN,Chat,Skype
VPN_VoIP_Skype_audio_1.pcap.UDP_10-8-0-6_40273_111-221-74-19_40027_stream_0.pcap,udp_0,udp,0,Skype,VPN,VoIP,Skype
VPN_VoIP_Skype_audio_2.pcap.UDP_10-8-0-10_32346_131-202-244-5_53_stream_0.pcap,udp_0,udp,0,Skype,VPN,VoIP,Skype
VPN_FileTransfer_Skype_file_1.pcap.UDP_10-8-8-134_15685_82-3-75-6_13828_stream_0.pcap,udp_0,udp,0,Skype,VPN,FileTransfer,Skype
VPN_VoIP_Skype_audio_2.pcap.UDP_10-8-0-10_42710_131-202-6-3_53_stream_0.pcap,udp_0,udp,0,Skype,VPN,VoIP,Skype
nonVPN_Chat_Skype_none_1.pcap.UDP_131-202-240-117_63935_255-255-255-255_10505_stream_0.pcap,udp_0,udp,0,Skype,nonVPN,Chat,Skype
nonVPN_Chat_Skype_none_1.pcap.UDP_131-202-240-117_60119_255-255-255-255_10505_stream_0.pcap,udp_0,udp,0,Skype,nonVPN,Chat,Skype
nonVPN_Chat_Skype_none_1.pcap.UDP_131-202-240-117_60676_255-255-255-255_10505_stream_0.pcap,udp_0,udp,0,Skype,nonVPN,Chat,Skype
VPN_FileTransfer_Skype_file_1.pcap.UDP_10-8-8-134_15685_81-137-205-196_23528_stream_0.pcap,udp_0,udp,0,Skype,VPN,FileTransfer,Skype
VPN_FileTransfer_Skype_file_1.pcap.UDP_10-8-8-134_15685_99-29-0-18_46385_stream_0.pcap,udp_0,udp,0,Skype,VPN,FileTransfer,Skype
nonVPN_Chat_Skype_none_1.pcap.UDP_131-202-240-185_50856_224-0-0-252_5355_stream_0.pcap,udp_0,udp,0,Skype,nonVPN,Chat,Skype
nonVPN_Chat_Skype_none_1.pcap.TCP_23-50-75-27_80_131-202-240-242_5853_stream_0.pcap,tcp_0,tcp,0,Skype,nonVPN,Chat,Skype
nonVPN_Chat_Skype_none_1.pcap.UDP_131-202-240-242_52435_224-0-0-252_5355_stream_0.pcap,udp_0,udp,0,Skype,nonVPN,Chat,Skype
nonVPN_Chat_Skype_none_1.pcap.UDP_131-202-240-117_51238_255-255-255-255_10505_stream_0.pcap,udp_0,udp,0,Skype,nonVPN,Chat,Skype
VPN_FileTransfer_Skype_file_1.pcap.UDP_4-53-160-75_123_10-8-8-134_37700_stream_0.pcap,udp_0,udp,0,Skype,VPN,FileTransfer,Skype
nonVPN_Chat_Skype_none_1.pcap.UDP_131-202-240-102_58213_224-0-0-252_5355_stream_0.pcap,udp_0,udp,0,Skype,nonVPN,Chat,Skype
nonVPN_Chat_Skype_none_1.pcap.UDP_131-202-240-185_62033_224-0-0-252_5355_stream_0.pcap,udp_0,udp,0,Skype,nonVPN,Chat,Skype
nonVPN_Chat_Skype_none_1.pcap.TCP_131-202-240-242_40509_167-56-6-76_38982_stream_0.pcap,tcp_0,tcp,0,Skype,nonVPN,Chat,Skype
nonVPN_Chat_Skype_none_1.pcap.UDP_131-202-240-64_138_131-202-243-255_138_stream_0.pcap,udp_0,udp,0,Skype,nonVPN,Chat,Skype
VPN_FileTransfer_Skype_file_2.pcap.TCP_10-8-8-130_33831_91-190-216-55_12350_stream_0.pcap,tcp_0,tcp,0,Skype,VPN,FileTransfer,Skype
VPN_VoIP_Skype_audio_1.pcap.TCP_10-8-0-6_58177_209-148-205-18_80_stream_0.pcap,tcp_0,tcp,0,Skype,VPN,VoIP,Skype
VPN_FileTransfer_Skype_file_2.pcap.TCP_10-8-8-130_34775_88-166-212-83_30735_stream_0.pcap,tcp_0,tcp,0,Skype,VPN,FileTransfer,Skype
VPN_FileTransfer_Skype_file_2.pcap.TCP_10-8-8-130_34777_88-166-212-83_30735_stream_0.pcap,tcp_0,tcp,0,Skype,VPN,FileTransfer,Skype
VPN_FileTransfer_Skype_file_2.pcap.TCP_10-8-8-130_34820_86-193-232-51_40406_stream_0.pcap,tcp_0,tcp,0,Skype,VPN,FileTransfer,Skype
nonVPN_Chat_Skype_none_1.pcap.UDP_131-202-240-185_57772_224-0-0-252_5355_stream_0.pcap,udp_0,udp,0,Skype,nonVPN,Chat,Skype
VPN_FileTransfer_Skype_file_2.pcap.TCP_10-8-8-130_35843_23-194-214-46_443_stream_0.pcap,tcp_0,tcp,0,Skype,VPN,FileTransfer,Skype
VPN_FileTransfer_Skype_file_2.pcap.TCP_10-8-8-130_35863_23-194-214-46_443_stream_0.pcap,tcp_0,tcp,0,Skype,VPN,FileTransfer,Skype
nonVPN_Chat_Skype_none_1.pcap.TCP_54-235-174-154_80_131-202-240-242_5859_stream_0.pcap,tcp_0,tcp,0,Skype,nonVPN,Chat,Skype
VPN_FileTransfer_Skype_file_2.pcap.TCP_10-8-8-130_35880_23-194-214-46_443_stream_0.pcap,tcp_0,tcp,0,Skype,VPN,FileTransfer,Skype
VPN_VoIP_Skype_audio_2.pcap.UDP_10-8-0-10_25131_131-202-244-3_53_stream_0.pcap,udp_0,udp,0,Skype,VPN,VoIP,Skype
nonVPN_Chat_Skype_none_1.pcap.UDP_131-202-240-117_60037_255-255-255-255_10505_stream_0.pcap,udp_0,udp,0,Skype,nonVPN,Chat,Skype
nonVPN_Chat_Skype_none_1.pcap.UDP_131-202-240-117_57058_255-255-255-255_10505_stream_0.pcap,udp_0,udp,0,Skype,nonVPN,Chat,Skype
nonVPN_Chat_Skype_none_1.pcap.UDP_131-202-240-185_55897_224-0-0-252_5355_stream_0.pcap,udp_0,udp,0,Skype,nonVPN,Chat,Skype
nonVPN_Chat_Skype_none_1.pcap.UDP_131-202-240-185_53971_224-0-0-252_5355_stream_0.pcap,udp_0,udp,0,Skype,nonVPN,Chat,Skype
nonVPN_Chat_Skype_none_1.pcap.UDP_131-202-240-183_7116_239-255-255-250_1900_stream_0.pcap,udp_0,udp,0,Skype,nonVPN,Chat,Skype
VPN_FileTransfer_Skype_file_2.pcap.TCP_10-8-8-130_38653_82-28-221-2_17920_stream_0.pcap,tcp_0,tcp,0,Skype,VPN,FileTransfer,Skype
VPN_FileTransfer_Skype_file_2.pcap.TCP_10-8-8-130_41495_82-245-24-95_38324_stream_0.pcap,tcp_0,tcp,0,Skype,VPN,FileTransfer,Skype
VPN_VoIP_Skype_audio_2.pcap.UDP_10-8-0-10_12420_131-202-244-5_53_stream_0.pcap,udp_0,udp,0,Skype,VPN,VoIP,Skype
VPN_VoIP_Skype_audio_1.pcap.UDP_10-8-0-6_42544_131-202-6-3_53_stream_0.pcap,udp_0,udp,0,Skype,VPN,VoIP,Skype
nonVPN_Chat_Skype_none_1.pcap.UDP_131-202-240-185_51185_224-0-0-252_5355_stream_0.pcap,udp_0,udp,0,Skype,nonVPN,Chat,Skype
VPN_FileTransfer_Skype_file_2.pcap.TCP_10-8-8-130_41950_137-117-177-33_443_stream_0.pcap,tcp_0,tcp,0,Skype,VPN,FileTransfer,Skype
nonVPN_Chat_Skype_none_1.pcap.UDP_131-202-240-102_52467_224-0-0-252_5355_stream_0.pcap,udp_0,udp,0,Skype,nonVPN,Chat,Skype
VPN_VoIP_Skype_audio_1.pcap.UDP_10-8-0-6_40273_157-55-235-154_40029_stream_0.pcap,udp_0,udp,0,Skype,VPN,VoIP,Skype
nonVPN_Chat_Skype_none_1.pcap.UDP_131-202-240-117_54354_255-255-255-255_10505_stream_0.pcap,udp_0,udp,0,Skype,nonVPN,Chat,Skype
VPN_FileTransfer_Skype_file_2.pcap.TCP_10-8-8-130_41987_137-117-177-33_443_stream_0.pcap,tcp_0,tcp,0,Skype,VPN,FileTransfer,Skype
VPN_VoIP_Skype_audio_1.pcap.UDP_10-8-0-6_40273_111-221-74-39_40027_stream_0.pcap,udp_0,udp,0,Skype,VPN,VoIP,Skype
nonVPN_Chat_Skype_none_1.pcap.UDP_131-202-240-66_54128_224-0-0-252_5355_stream_0.pcap,udp_0,udp,0,Skype,nonVPN,Chat,Skype
VPN_FileTransfer_Skype_file_2.pcap.TCP_10-8-8-130_42497_130-88-8-60_56289_stream_0.pcap,tcp_0,tcp,0,Skype,VPN,FileTransfer,Skype
nonVPN_Chat_Skype_none_1.pcap.UDP_131-202-240-242_40509_213-199-179-158_40007_stream_0.pcap,udp_0,udp,0,Skype,nonVPN,Chat,Skype
nonVPN_Chat_Skype_none_1.pcap.UDP_131-202-240-117_60029_255-255-255-255_10505_stream_0.pcap,udp_0,udp,0,Skype,nonVPN,Chat,Skype
VPN_FileTransfer_Skype_file_2.pcap.TCP_10-8-8-130_42935_131-253-61-84_443_stream_0.pcap,tcp_0,tcp,0,Skype,VPN,FileTransfer,Skype
VPN_VoIP_Skype_audio_2.pcap.TCP_10-8-0-10_55869_173-252-120-6_443_stream_0.pcap,tcp_0,tcp,0,Skype,VPN,VoIP,Skype
VPN_FileTransfer_Skype_file_2.pcap.TCP_10-8-8-130_42934_131-253-61-84_443_stream_0.pcap,tcp_0,tcp,0,Skype,VPN,FileTransfer,Skype
nonVPN_Chat_Skype_none_1.pcap.UDP_131-202-240-117_63941_255-255-255-255_10505_stream_0.pcap,udp_0,udp,0,Skype,nonVPN,Chat,Skype
nonVPN_Chat_Skype_none_1.pcap.UDP_131-202-240-242_40509_157-55-235-142_40029_stream_0.pcap,udp_0,udp,0,Skype,nonVPN,Chat,Skype
VPN_FileTransfer_Skype_file_2.pcap.TCP_10-8-8-130_44579_91-190-218-40_33033_stream_0.pcap,tcp_0,tcp,0,Skype,VPN,FileTransfer,Skype
nonVPN_Chat_Skype_none_1.pcap.UDP_131-202-240-117_60673_255-255-255-255_10505_stream_0.pcap,udp_0,udp,0,Skype,nonVPN,Chat,Skype
VPN_VoIP_Skype_audio_1.pcap.TCP_10-8-0-6_55202_64-233-178-94_80_stream_0.pcap,tcp_0,tcp,0,Skype,VPN,VoIP,Skype
nonVPN_Chat_Skype_none_1.pcap.TCP_65-55-2-6_443_131-202-240-242_5918_stream_0.pcap,tcp_0,tcp,0,Skype,nonVPN,Chat,Skype
VPN_FileTransfer_Skype_file_2.pcap.TCP_10-8-8-130_47195_137-116-224-167_443_stream_0.pcap,tcp_0,tcp,0,Skype,VPN,FileTransfer,Skype
VPN_VoIP_Skype_audio_1.pcap.TCP_10-8-0-6_58256_91-190-218-125_12350_stream_0.pcap,tcp_0,tcp,0,Skype,VPN,VoIP,Skype
VPN_VoIP_Skype_audio_1.pcap.UDP_10-8-0-6_40273_64-4-23-151_40023_stream_0.pcap,udp_0,udp,0,Skype,VPN,VoIP,Skype
nonVPN_Chat_Skype_none_1.pcap.UDP_131-202-240-66_62933_224-0-0-252_5355_stream_0.pcap,udp_0,udp,0,Skype,nonVPN,Chat,Skype
VPN_FileTransfer_Skype_file_2.pcap.TCP_10-8-8-130_48849_82-75-235-147_17697_stream_0.pcap,tcp_0,tcp,0,Skype,VPN,FileTransfer,Skype
nonVPN_Chat_Skype_none_1.pcap.UDP_131-202-240-117_60487_255-255-255-255_10505_stream_0.pcap,udp_0,udp,0,Skype,nonVPN,Chat,Skype
VPN_VoIP_Skype_audio_2.pcap.UDP_10-8-0-10_36295_131-202-244-5_53_stream_0.pcap,udp_0,udp,0,Skype,VPN,VoIP,Skype
VPN_FileTransfer_Skype_file_2.pcap.TCP_10-8-8-130_49637_91-190-216-53_12350_stream_0.pcap,tcp_0,tcp,0,Skype,VPN,FileTransfer,Skype
VPN_FileTransfer_Skype_file_2.pcap.TCP_10-8-8-130_42490_130-88-8-60_56289_stream_0.pcap,tcp_0,tcp,0,Skype,VPN,FileTransfer,Skype
VPN_FileTransfer_Skype_file_2.pcap.TCP_10-8-8-130_51012_173-194-113-48_443_stream_0.pcap,tcp_0,tcp,0,Skype,VPN,FileTransfer,Skype
VPN_FileTransfer_Skype_file_2.pcap.TCP_10-8-8-130_51951_157-56-192-53_443_stream_0.pcap,tcp_0,tcp,0,Skype,VPN,FileTransfer,Skype
VPN_VoIP_Skype_audio_1.pcap.UDP_10-8-0-6_40273_213-199-179-145_40026_stream_0.pcap,udp_0,udp,0,Skype,VPN,VoIP,Skype
VPN_FileTransfer_Skype_file_2.pcap.TCP_10-8-8-130_52090_23-97-219-200_80_stream_0.pcap,tcp_0,tcp,0,Skype,VPN,FileTransfer,Skype
VPN_FileTransfer_Skype_file_2.pcap.TCP_10-8-8-130_52161_64-4-23-162_40019_stream_0.pcap,tcp_0,tcp,0,Skype,VPN,FileTransfer,Skype
VPN_FileTransfer_Skype_file_2.pcap.TCP_10-8-8-130_52254_131-130-27-211_51472_stream_0.pcap,tcp_0,tcp,0,Skype,VPN,FileTransfer,Skype
VPN_FileTransfer_Skype_file_2.pcap.TCP_10-8-8-130_52104_64-4-23-162_40019_stream_0.pcap,tcp_0,tcp,0,Skype,VPN,FileTransfer,Skype
nonVPN_Chat_Skype_none_1.pcap.UDP_131-202-240-117_51251_255-255-255-255_10505_stream_0.pcap,udp_0,udp,0,Skype,nonVPN,Chat,Skype
nonVPN_Chat_Skype_none_1.pcap.UDP_131-202-240-117_54355_255-255-255-255_10505_stream_0.pcap,udp_0,udp,0,Skype,nonVPN,Chat,Skype
nonVPN_Chat_Skype_none_1.pcap.UDP_131-202-240-185_50038_224-0-0-252_5355_stream_0.pcap,udp_0,udp,0,Skype,nonVPN,Chat,Skype
nonVPN_Chat_Skype_none_1.pcap.UDP_131-202-240-66_57048_224-0-0-252_5355_stream_0.pcap,udp_0,udp,0,Skype,nonVPN,Chat,Skype
nonVPN_Chat_Skype_none_1.pcap.UDP_131-202-240-117_51039_255-255-255-255_10505_stream_0.pcap,udp_0,udp,0,Skype,nonVPN,Chat,Skype
nonVPN_Chat_Skype_none_1.pcap.UDP_131-202-240-185_52310_224-0-0-252_5355_stream_0.pcap,udp_0,udp,0,Skype,nonVPN,Chat,Skype
VPN_FileTransfer_Skype_file_2.pcap.TCP_10-8-8-130_55321_82-66-32-219_26617_stream_0.pcap,tcp_0,tcp,0,Skype,VPN,FileTransfer,Skype
VPN_VoIP_Skype_audio_2.pcap.UDP_10-8-0-10_32481_131-202-244-5_53_stream_0.pcap,udp_0,udp,0,Skype,VPN,VoIP,Skype
nonVPN_Chat_Skype_none_1.pcap.UDP_131-202-240-117_65119_255-255-255-255_10505_stream_0.pcap,udp_0,udp,0,Skype,nonVPN,Chat,Skype
nonVPN_Chat_Skype_none_1.pcap.UDP_131-202-240-117_55526_255-255-255-255_10505_stream_0.pcap,udp_0,udp,0,Skype,nonVPN,Chat,Skype
VPN_VoIP_Skype_audio_2.pcap.UDP_10-8-0-10_5060_131-202-244-3_53_stream_0.pcap,udp_0,udp,0,Skype,VPN,VoIP,Skype
VPN_FileTransfer_Skype_file_2.pcap.TCP_10-8-8-130_55642_109-209-186-130_58661_stream_0.pcap,tcp_0,tcp,0,Skype,VPN,FileTransfer,Skype
VPN_FileTransfer_Skype_file_2.pcap.TCP_10-8-8-130_53288_69-181-136-22_57191_stream_0.pcap,tcp_0,tcp,0,Skype,VPN,FileTransfer,Skype
VPN_VoIP_Skype_audio_2.pcap.TCP_10-8-0-10_46824_23-65-243-33_443_stream_0.pcap,tcp_0,tcp,0,Skype,VPN,VoIP,Skype
VPN_FileTransfer_Skype_file_2.pcap.TCP_10-8-8-130_56596_129-98-43-99_24011_stream_0.pcap,tcp_0,tcp,0,Skype,VPN,FileTransfer,Skype
VPN_FileTransfer_Skype_file_2.pcap.TCP_10-8-8-130_56854_94-245-90-63_443_stream_0.pcap,tcp_0,tcp,0,Skype,VPN,FileTransfer,Skype
VPN_VoIP_Skype_audio_1.pcap.UDP_10-8-0-6_40273_111-221-74-15_443_stream_0.pcap,udp_0,udp,0,Skype,VPN,VoIP,Skype
nonVPN_Chat_Skype_none_1.pcap.UDP_131-202-240-66_56983_224-0-0-252_5355_stream_0.pcap,udp_0,udp,0,Skype,nonVPN,Chat,Skype
VPN_FileTransfer_Skype_file_2.pcap.TCP_10-8-8-130_59226_157-56-114-104_80_stream_0.pcap,tcp_0,tcp,0,Skype,VPN,FileTransfer,Skype
VPN_FileTransfer_Skype_file_2.pcap.TCP_10-8-8-130_59240_157-56-114-104_80_stream_0.pcap,tcp_0,tcp,0,Skype,VPN,FileTransfer,Skype
VPN_FileTransfer_Skype_file_2.pcap.TCP_10-8-8-130_59283_157-56-114-104_80_stream_0.pcap,tcp_0,tcp,0,Skype,VPN,FileTransfer,Skype
VPN_FileTransfer_Skype_file_2.pcap.TCP_10-8-8-130_58336_82-120-137-248_39942_stream_0.pcap,tcp_0,tcp,0,Skype,VPN,FileTransfer,Skype
VPN_VoIP_Skype_audio_1.pcap.UDP_10-8-0-6_40273_111-221-77-152_40015_stream_0.pcap,udp_0,udp,0,Skype,VPN,VoIP,Skype
nonVPN_Chat_Skype_none_1.pcap.UDP_131-202-240-242_64927_224-0-0-252_5355_stream_0.pcap,udp_0,udp,0,Skype,nonVPN,Chat,Skype
VPN_FileTransfer_Skype_file_2.pcap.TCP_10-8-8-130_60796_23-54-136-70_443_stream_0.pcap,tcp_0,tcp,0,Skype,VPN,FileTransfer,Skype
nonVPN_Chat_Skype_none_1.pcap.UDP_131-202-240-102_65147_224-0-0-252_5355_stream_0.pcap,udp_0,udp,0,Skype,nonVPN,Chat,Skype
nonVPN_Chat_Skype_none_1.pcap.UDP_131-202-240-185_53705_224-0-0-252_5355_stream_0.pcap,udp_0,udp,0,Skype,nonVPN,Chat,Skype
nonVPN_Chat_Skype_none_1.pcap.UDP_131-202-240-185_61839_224-0-0-252_5355_stream_0.pcap,udp_0,udp,0,Skype,nonVPN,Chat,Skype
VPN_FileTransfer_Skype_file_2.pcap.UDP_10-8-8-130_12287_198-7-63-141_53_stream_0.pcap,udp_0,udp,0,Skype,VPN,FileTransfer,Skype
nonVPN_Chat_Skype_none_1.pcap.UDP_131-202-240-185_58854_224-0-0-252_5355_stream_0.pcap,udp_0,udp,0,Skype,nonVPN,Chat,Skype
VPN_FileTransfer_Skype_file_2.pcap.UDP_10-8-8-130_12873_198-7-63-141_53_stream_0.pcap,udp_0,udp,0,Skype,VPN,FileTransfer,Skype
VPN_FileTransfer_Skype_file_2.pcap.UDP_10-8-8-130_12617_198-7-63-141_53_stream_0.pcap,udp_0,udp,0,Skype,VPN,FileTransfer,Skype
VPN_FileTransfer_Skype_file_2.pcap.UDP_10-8-8-130_12956_198-7-63-141_53_stream_0.pcap,udp_0,udp,0,Skype,VPN,FileTransfer,Skype
nonVPN_Chat_Skype_none_1.pcap.UDP_131-202-240-185_50656_224-0-0-252_5355_stream_0.pcap,udp_0,udp,0,Skype,nonVPN,Chat,Skype
nonVPN_Chat_Skype_none_1.pcap.UDP_131-202-240-117_52649_255-255-255-255_10505_stream_0.pcap,udp_0,udp,0,Skype,nonVPN,Chat,Skype
VPN_VoIP_Skype_audio_2.pcap.TCP_10-8-0-10_44817_82-165-251-100_80_stream_0.pcap,tcp_0,tcp,0,Skype,VPN,VoIP,Skype
VPN_VoIP_Skype_audio_2.pcap.TCP_10-8-0-10_44866_173-194-123-111_443_stream_0.pcap,tcp_0,tcp,0,Skype,VPN,VoIP,Skype
VPN_FileTransfer_Skype_file_2.pcap.UDP_10-8-8-130_17420_198-7-63-141_53_stream_0.pcap,udp_0,udp,0,Skype,VPN,FileTransfer,Skype
VPN_VoIP_Skype_audio_2.pcap.UDP_10-8-0-10_33318_131-202-244-5_53_stream_0.pcap,udp_0,udp,0,Skype,VPN,VoIP,Skype
VPN_FileTransfer_Skype_file_2.pcap.UDP_10-8-8-130_17468_198-7-63-141_53_stream_0.pcap,udp_0,udp,0,Skype,VPN,FileTransfer,Skype
VPN_FileTransfer_Skype_file_2.pcap.UDP_10-8-8-130_1595_198-7-63-141_53_stream_0.pcap,udp_0,udp,0,Skype,VPN,FileTransfer,Skype
nonVPN_Chat_Skype_none_1.pcap.UDP_131-202-240-117_55527_255-255-255-255_10505_stream_0.pcap,udp_0,udp,0,Skype,nonVPN,Chat,Skype
nonVPN_Chat_Skype_none_1.pcap.UDP_131-202-240-217_5353_224-0-0-251_5353_stream_0.pcap,udp_0,udp,0,Skype,nonVPN,Chat,Skype
nonVPN_Chat_Skype_none_1.pcap.UDP_131-202-240-117_65336_255-255-255-255_10505_stream_0.pcap,udp_0,udp,0,Skype,nonVPN,Chat,Skype
nonVPN_Chat_Skype_none_1.pcap.UDP_131-202-240-102_61221_224-0-0-252_5355_stream_0.pcap,udp_0,udp,0,Skype,nonVPN,Chat,Skype
VPN_VoIP_Skype_audio_2.pcap.UDP_10-8-0-10_11492_131-202-244-5_53_stream_0.pcap,udp_0,udp,0,Skype,VPN,VoIP,Skype
nonVPN_Chat_Skype_none_1.pcap.UDP_131-202-240-185_64727_224-0-0-252_5355_stream_0.pcap,udp_0,udp,0,Skype,nonVPN,Chat,Skype
nonVPN_Chat_Skype_none_1.pcap.UDP_131-202-240-242_40509_213-199-179-159_40005_stream_0.pcap,udp_0,udp,0,Skype,nonVPN,Chat,Skype
VPN_VoIP_Skype_audio_2.pcap.UDP_10-8-0-10_56810_131-202-244-5_53_stream_0.pcap,udp_0,udp,0,Skype,VPN,VoIP,Skype
nonVPN_Chat_Skype_none_1.pcap.TCP_65-55-2-6_443_131-202-240-242_5953_stream_0.pcap,tcp_0,tcp,0,Skype,nonVPN,Chat,Skype
VPN_FileTransfer_Skype_file_2.pcap.UDP_10-8-8-130_24095_78-46-223-24_53_stream_0.pcap,udp_0,udp,0,Skype,VPN,FileTransfer,Skype
VPN_VoIP_Skype_audio_1.pcap.UDP_10-8-0-6_40273_157-55-56-171_40004_stream_0.pcap,udp_0,udp,0,Skype,VPN,VoIP,Skype
VPN_VoIP_Skype_audio_1.pcap.UDP_10-8-0-6_40273_213-199-179-175_40024_stream_0.pcap,udp_0,udp,0,Skype,VPN,VoIP,Skype
VPN_FileTransfer_Skype_file_2.pcap.UDP_10-8-8-130_29012_198-7-63-141_53_stream_0.pcap,udp_0,udp,0,Skype,VPN,FileTransfer,Skype
nonVPN_Chat_Skype_none_1.pcap.UDP_131-202-240-117_51732_255-255-255-255_10505_stream_0.pcap,udp_0,udp,0,Skype,nonVPN,Chat,Skype
nonVPN_Chat_Skype_none_1.pcap.TCP_68-67-153-2_80_131-202-240-242_5887_stream_0.pcap,tcp_0,tcp,0,Skype,nonVPN,Chat,Skype
VPN_FileTransfer_Skype_file_2.pcap.UDP_10-8-8-130_31156_198-7-63-141_53_stream_0.pcap,udp_0,udp,0,Skype,VPN,FileTransfer,Skype
nonVPN_Chat_Skype_none_1.pcap.UDP_131-202-240-185_59950_224-0-0-252_5355_stream_0.pcap,udp_0,udp,0,Skype,nonVPN,Chat,Skype
VPN_FileTransfer_Skype_file_2.pcap.UDP_10-8-8-130_31327_198-7-63-141_53_stream_0.pcap,udp_0,udp,0,Skype,VPN,FileTransfer,Skype
VPN_FileTransfer_Skype_file_2.pcap.UDP_10-8-8-130_31836_198-7-63-141_53_stream_0.pcap,udp_0,udp,0,Skype,VPN,FileTransfer,Skype
VPN_FileTransfer_Skype_file_2.pcap.UDP_10-8-8-130_3185_198-7-63-141_53_stream_0.pcap,udp_0,udp,0,Skype,VPN,FileTransfer,Skype
VPN_FileTransfer_Skype_file_2.pcap.UDP_10-8-8-130_32018_198-7-63-141_53_stream_0.pcap,udp_0,udp,0,Skype,VPN,FileTransfer,Skype
nonVPN_Chat_Skype_none_1.pcap.UDP_131-202-240-117_63284_255-255-255-255_10505_stream_0.pcap,udp_0,udp,0,Skype,nonVPN,Chat,Skype
nonVPN_Chat_Skype_none_1.pcap.UDP_131-202-240-102_57951_224-0-0-252_5355_stream_0.pcap,udp_0,udp,0,Skype,nonVPN,Chat,Skype
VPN_VoIP_Skype_audio_1.pcap.UDP_10-8-0-6_40273_157-55-235-162_40012_stream_0.pcap,udp_0,udp,0,Skype,VPN,VoIP,Skype
nonVPN_Chat_Skype_none_1.pcap.UDP_131-202-240-45_5353_224-0-0-251_5353_stream_0.pcap,udp_0,udp,0,Skype,nonVPN,Chat,Skype
VPN_VoIP_Skype_audio_1.pcap.UDP_10-8-0-6_40273_65-55-223-28_40034_stream_0.pcap,udp_0,udp,0,Skype,VPN,VoIP,Skype
VPN_VoIP_Skype_audio_2.pcap.UDP_10-8-0-10_16438_131-202-244-5_53_stream_0.pcap,udp_0,udp,0,Skype,VPN,VoIP,Skype
VPN_FileTransfer_Skype_file_2.pcap.UDP_10-8-8-130_42310_239-255-255-250_1900_stream_0.pcap,udp_0,udp,0,Skype,VPN,FileTransfer,Skype
nonVPN_Chat_Skype_none_1.pcap.UDP_131-202-240-117_60494_255-255-255-255_10505_stream_0.pcap,udp_0,udp,0,Skype,nonVPN,Chat,Skype
nonVPN_Chat_Skype_none_1.pcap.UDP_131-202-240-242_40509_157-55-56-158_40007_stream_0.pcap,udp_0,udp,0,Skype,nonVPN,Chat,Skype
nonVPN_Chat_Skype_none_1.pcap.UDP_131-202-240-185_55540_224-0-0-252_5355_stream_0.pcap,udp_0,udp,0,Skype,nonVPN,Chat,Skype
nonVPN_Chat_Skype_none_1.pcap.UDP_131-202-240-117_60167_255-255-255-255_10505_stream_0.pcap,udp_0,udp,0,Skype,nonVPN,Chat,Skype
VPN_VoIP_Skype_audio_2.pcap.UDP_10-8-0-10_24309_131-202-244-3_53_stream_0.pcap,udp_0,udp,0,Skype,VPN,VoIP,Skype
nonVPN_Chat_Skype_none_1.pcap.UDP_131-202-240-117_55535_255-255-255-255_10505_stream_0.pcap,udp_0,udp,0,Skype,nonVPN,Chat,Skype
VPN_FileTransfer_Skype_file_2.pcap.UDP_10-8-8-130_46311_198-7-63-141_53_stream_0.pcap,udp_0,udp,0,Skype,VPN,FileTransfer,Skype
nonVPN_Chat_Skype_none_1.pcap.UDP_131-202-240-185_59609_224-0-0-252_5355_stream_0.pcap,udp_0,udp,0,Skype,nonVPN,Chat,Skype
VPN_VoIP_Skype_audio_2.pcap.UDP_10-8-0-10_21321_131-202-244-5_53_stream_0.pcap,udp_0,udp,0,Skype,VPN,VoIP,Skype
VPN_FileTransfer_Skype_file_2.pcap.UDP_10-8-8-130_4803_198-7-63-141_53_stream_0.pcap,udp_0,udp,0,Skype,VPN,FileTransfer,Skype
VPN_FileTransfer_Skype_file_2.pcap.UDP_10-8-8-130_48735_239-255-255-250_1900_stream_0.pcap,udp_0,udp,0,Skype,VPN,FileTransfer,Skype
VPN_FileTransfer_Skype_file_2.pcap.UDP_10-8-8-130_48963_198-7-63-141_53_stream_0.pcap,udp_0,udp,0,Skype,VPN,FileTransfer,Skype
VPN_FileTransfer_Skype_file_2.pcap.UDP_10-8-8-130_47901_198-7-63-141_53_stream_0.pcap,udp_0,udp,0,Skype,VPN,FileTransfer,Skype
VPN_FileTransfer_Skype_file_2.pcap.UDP_10-8-8-130_49168_198-7-63-141_53_stream_0.pcap,udp_0,udp,0,Skype,VPN,FileTransfer,Skype
VPN_FileTransfer_Skype_file_2.pcap.UDP_10-8-8-130_49388_198-7-63-141_53_stream_0.pcap,udp_0,udp,0,Skype,VPN,FileTransfer,Skype
VPN_VoIP_Skype_audio_1.pcap.UDP_10-8-0-6_40273_157-55-56-160_40016_stream_0.pcap,udp_0,udp,0,Skype,VPN,VoIP,Skype
VPN_VoIP_Skype_audio_1.pcap.UDP_10-8-0-6_40273_157-55-235-166_40018_stream_0.pcap,udp_0,udp,0,Skype,VPN,VoIP,Skype
VPN_FileTransfer_Skype_file_2.pcap.UDP_10-8-8-130_49539_109-149-70-43_22694_stream_0.pcap,udp_0,udp,0,Skype,VPN,FileTransfer,Skype
VPN_VoIP_Skype_audio_2.pcap.UDP_10-8-0-10_46075_131-202-244-5_53_stream_0.pcap,udp_0,udp,0,Skype,VPN,VoIP,Skype
nonVPN_Chat_Skype_none_1.pcap.UDP_131-202-240-196_17500_131-202-243-255_17500_stream_0.pcap,udp_0,udp,0,Skype,nonVPN,Chat,Skype
nonVPN_Chat_Skype_none_1.pcap.UDP_131-202-240-66_58366_224-0-0-252_5355_stream_0.pcap,udp_0,udp,0,Skype,nonVPN,Chat,Skype
nonVPN_Chat_Skype_none_1.pcap.UDP_131-202-240-117_52491_255-255-255-255_10505_stream_0.pcap,udp_0,udp,0,Skype,nonVPN,Chat,Skype
VPN_VoIP_Skype_audio_2.pcap.UDP_10-8-0-10_44291_131-202-244-5_53_stream_0.pcap,udp_0,udp,0,Skype,VPN,VoIP,Skype
VPN_VoIP_Skype_audio_1.pcap.UDP_10-8-0-6_40273_157-55-130-166_40030_stream_0.pcap,udp_0,udp,0,Skype,VPN,VoIP,Skype
nonVPN_Chat_Skype_none_1.pcap.UDP_131-202-240-117_57652_255-255-255-255_10505_stream_0.pcap,udp_0,udp,0,Skype,nonVPN,Chat,Skype
VPN_FileTransfer_Skype_file_2.pcap.UDP_10-8-8-130_49539_111-221-77-142_40005_stream_0.pcap,udp_0,udp,0,Skype,VPN,FileTransfer,Skype
nonVPN_Chat_Skype_none_1.pcap.UDP_131-202-240-117_60492_255-255-255-255_10505_stream_0.pcap,udp_0,udp,0,Skype,nonVPN,Chat,Skype
VPN_VoIP_Skype_audio_2.pcap.UDP_10-8-0-10_61642_131-202-244-5_53_stream_0.pcap,udp_0,udp,0,Skype,VPN,VoIP,Skype
nonVPN_Chat_Skype_none_1.pcap.UDP_131-202-240-242_49910_224-0-0-252_5355_stream_0.pcap,udp_0,udp,0,Skype,nonVPN,Chat,Skype
nonVPN_Chat_Skype_none_1.pcap.UDP_131-202-240-66_53346_224-0-0-252_5355_stream_0.pcap,udp_0,udp,0,Skype,nonVPN,Chat,Skype
nonVPN_Chat_Skype_none_1.pcap.UDP_131-202-240-117_60490_255-255-255-255_10505_stream_0.pcap,udp_0,udp,0,Skype,nonVPN,Chat,Skype
VPN_FileTransfer_Skype_file_2.pcap.UDP_10-8-8-130_49539_111-221-77-158_40007_stream_0.pcap,udp_0,udp,0,Skype,VPN,FileTransfer,Skype
VPN_VoIP_Skype_audio_2.pcap.UDP_10-8-0-10_23880_131-202-244-5_53_stream_0.pcap,udp_0,udp,0,Skype,VPN,VoIP,Skype
VPN_FileTransfer_Skype_file_2.pcap.UDP_10-8-8-130_49539_117-3-102-57_54899_stream_0.pcap,udp_0,udp,0,Skype,VPN,FileTransfer,Skype
nonVPN_Chat_Skype_none_1.pcap.UDP_131-202-240-66_53914_224-0-0-252_5355_stream_0.pcap,udp_0,udp,0,Skype,nonVPN,Chat,Skype
VPN_FileTransfer_Skype_file_2.pcap.UDP_10-8-8-130_49539_111-221-77-159_40005_stream_0.pcap,udp_0,udp,0,Skype,VPN,FileTransfer,Skype
VPN_FileTransfer_Skype_file_2.pcap.UDP_10-8-8-130_49539_111-221-77-173_40006_stream_0.pcap,udp_0,udp,0,Skype,VPN,FileTransfer,Skype
nonVPN_Chat_Skype_none_1.pcap.UDP_131-202-240-117_60128_255-255-255-255_10505_stream_0.pcap,udp_0,udp,0,Skype,nonVPN,Chat,Skype
nonVPN_Chat_Skype_none_1.pcap.UDP_131-202-240-66_63948_224-0-0-252_5355_stream_0.pcap,udp_0,udp,0,Skype,nonVPN,Chat,Skype
nonVPN_Chat_Skype_none_1.pcap.UDP_131-202-240-185_57097_224-0-0-252_5355_stream_0.pcap,udp_0,udp,0,Skype,nonVPN,Chat,Skype
nonVPN_Chat_Skype_none_1.pcap.UDP_131-202-240-117_62246_255-255-255-255_10505_stream_0.pcap,udp_0,udp,0,Skype,nonVPN,Chat,Skype
VPN_FileTransfer_Skype_file_2.pcap.UDP_10-8-8-130_49539_129-98-43-99_24011_stream_0.pcap,udp_0,udp,0,Skype,VPN,FileTransfer,Skype
VPN_FileTransfer_Skype_file_2.pcap.UDP_10-8-8-130_49539_151-236-19-39_59577_stream_0.pcap,udp_0,udp,0,Skype,VPN,FileTransfer,Skype
nonVPN_Chat_Skype_none_1.pcap.UDP_131-202-240-185_61786_224-0-0-252_5355_stream_0.pcap,udp_0,udp,0,Skype,nonVPN,Chat,Skype
VPN_FileTransfer_Skype_file_2.pcap.UDP_10-8-8-130_49539_154-120-93-25_21356_stream_0.pcap,udp_0,udp,0,Skype,VPN,FileTransfer,Skype
VPN_FileTransfer_Skype_file_2.pcap.UDP_10-8-8-130_49539_157-55-130-153_443_stream_0.pcap,udp_0,udp,0,Skype,VPN,FileTransfer,Skype
VPN_VoIP_Skype_audio_2.pcap.UDP_10-8-0-10_27494_131-202-244-3_53_stream_0.pcap,udp_0,udp,0,Skype,VPN,VoIP,Skype
VPN_FileTransfer_Skype_file_2.pcap.UDP_10-8-8-130_49539_157-55-130-154_40010_stream_0.pcap,udp_0,udp,0,Skype,VPN,FileTransfer,Skype
VPN_VoIP_Skype_audio_2.pcap.UDP_10-8-0-10_60422_131-202-244-5_53_stream_0.pcap,udp_0,udp,0,Skype,VPN,VoIP,Skype
VPN_VoIP_Skype_audio_1.pcap.UDP_10-8-0-6_40273_65-55-223-15_40016_stream_0.pcap,udp_0,udp,0,Skype,VPN,VoIP,Skype
VPN_FileTransfer_Skype_file_2.pcap.UDP_10-8-8-130_49539_157-55-130-168_40019_stream_0.pcap,udp_0,udp,0,Skype,VPN,FileTransfer,Skype
VPN_VoIP_Skype_audio_2.pcap.UDP_10-8-0-10_29082_131-202-6-3_53_stream_0.pcap,udp_0,udp,0,Skype,VPN,VoIP,Skype
VPN_VoIP_Skype_audio_1.pcap.UDP_10-8-0-6_42544_131-202-244-3_53_stream_0.pcap,udp_0,udp,0,Skype,VPN,VoIP,Skype
VPN_FileTransfer_Skype_file_2.pcap.UDP_10-8-8-130_49539_157-55-130-175_443_stream_0.pcap,udp_0,udp,0,Skype,VPN,FileTransfer,Skype
nonVPN_Chat_Skype_none_1.pcap.UDP_131-202-240-66_54886_224-0-0-252_5355_stream_0.pcap,udp_0,udp,0,Skype,nonVPN,Chat,Skype
VPN_FileTransfer_Skype_file_2.pcap.UDP_10-8-8-130_49539_157-55-235-146_443_stream_0.pcap,udp_0,udp,0,Skype,VPN,FileTransfer,Skype
VPN_FileTransfer_Skype_file_2.pcap.UDP_10-8-8-130_49539_157-55-235-155_40034_stream_0.pcap,udp_0,udp,0,Skype,VPN,FileTransfer,Skype
VPN_VoIP_Skype_audio_1.pcap.UDP_10-8-0-6_40273_157-55-130-154_40034_stream_0.pcap,udp_0,udp,0,Skype,VPN,VoIP,Skype
VPN_VoIP_Skype_audio_2.pcap.UDP_10-8-0-10_12462_131-202-244-3_53_stream_0.pcap,udp_0,udp,0,Skype,VPN,VoIP,Skype
VPN_VoIP_Skype_audio_2.pcap.UDP_10-8-0-10_24686_131-202-244-5_53_stream_0.pcap,udp_0,udp,0,Skype,VPN,VoIP,Skype
VPN_FileTransfer_Skype_file_2.pcap.UDP_10-8-8-130_49539_157-55-56-153_40033_stream_0.pcap,udp_0,udp,0,Skype,VPN,FileTransfer,Skype
nonVPN_Chat_Skype_none_1.pcap.UDP_131-202-240-102_57513_224-0-0-252_5355_stream_0.pcap,udp_0,udp,0,Skype,nonVPN,Chat,Skype
nonVPN_Chat_Skype_none_1.pcap.UDP_131-202-240-117_59319_255-255-255-255_10505_stream_0.pcap,udp_0,udp,0,Skype,nonVPN,Chat,Skype
VPN_VoIP_Skype_audio_2.pcap.UDP_10-8-0-10_29082_131-202-244-3_53_stream_0.pcap,udp_0,udp,0,Skype,VPN,VoIP,Skype
VPN_FileTransfer_Skype_file_2.pcap.UDP_10-8-8-130_49539_157-55-56-169_40008_stream_0.pcap,udp_0,udp,0,Skype,VPN,FileTransfer,Skype
VPN_FileTransfer_Skype_file_2.pcap.UDP_10-8-8-130_49539_157-56-52-13_40011_stream_0.pcap,udp_0,udp,0,Skype,VPN,FileTransfer,Skype
VPN_VoIP_Skype_audio_2.pcap.UDP_10-8-0-10_4482_131-202-244-5_53_stream_0.pcap,udp_0,udp,0,Skype,VPN,VoIP,Skype
VPN_VoIP_Skype_audio_2.pcap.UDP_10-8-0-10_47992_131-202-244-3_53_stream_0.pcap,udp_0,udp,0,Skype,VPN,VoIP,Skype
nonVPN_Chat_Skype_none_1.pcap.UDP_131-202-240-102_62801_224-0-0-252_5355_stream_0.pcap,udp_0,udp,0,Skype,nonVPN,Chat,Skype
VPN_FileTransfer_Skype_file_2.pcap.UDP_10-8-8-130_49539_157-56-52-33_443_stream_0.pcap,udp_0,udp,0,Skype,VPN,FileTransfer,Skype
VPN_VoIP_Skype_audio_1.pcap.UDP_10-8-0-6_40273_111-221-77-158_40002_stream_0.pcap,udp_0,udp,0,Skype,VPN,VoIP,Skype
VPN_FileTransfer_Skype_file_2.pcap.UDP_10-8-8-130_49539_176-194-241-237_6274_stream_0.pcap,udp_0,udp,0,Skype,VPN,FileTransfer,Skype
VPN_VoIP_Skype_audio_1.pcap.UDP_10-8-0-6_11200_131-202-244-3_53_stream_0.pcap,udp_0,udp,0,Skype,VPN,VoIP,Skype
nonVPN_Chat_Skype_none_1.pcap.UDP_111-221-77-155_40021_131-202-240-242_40509_stream_0.pcap,udp_0,udp,0,Skype,nonVPN,Chat,Skype
VPN_VoIP_Skype_audio_1.pcap.UDP_10-8-0-6_40273_213-199-179-173_40027_stream_0.pcap,udp_0,udp,0,Skype,VPN,VoIP,Skype
nonVPN_Chat_Skype_none_1.pcap.UDP_131-202-240-102_63820_224-0-0-252_5355_stream_0.pcap,udp_0,udp,0,Skype,nonVPN,Chat,Skype
nonVPN_Chat_Skype_none_1.pcap.UDP_131-202-240-185_61769_224-0-0-252_5355_stream_0.pcap,udp_0,udp,0,Skype,nonVPN,Chat,Skype
nonVPN_Chat_Skype_none_1.pcap.UDP_131-202-240-117_61240_255-255-255-255_10505_stream_0.pcap,udp_0,udp,0,Skype,nonVPN,Chat,Skype
VPN_FileTransfer_Skype_file_2.pcap.UDP_10-8-8-130_49539_178-143-199-106_28155_stream_0.pcap,udp_0,udp,0,Skype,VPN,FileTransfer,Skype
VPN_FileTransfer_Skype_file_2.pcap.UDP_10-8-8-130_49539_178-160-141-88_44286_stream_0.pcap,udp_0,udp,0,Skype,VPN,FileTransfer,Skype
nonVPN_Chat_Skype_none_1.pcap.UDP_131-202-240-117_52007_255-255-255-255_10505_stream_0.pcap,udp_0,udp,0,Skype,nonVPN,Chat,Skype
nonVPN_Chat_Skype_none_1.pcap.UDP_131-202-240-117_52002_255-255-255-255_10505_stream_0.pcap,udp_0,udp,0,Skype,nonVPN,Chat,Skype
VPN_FileTransfer_Skype_file_2.pcap.UDP_10-8-8-130_49539_178-36-26-109_20842_stream_0.pcap,udp_0,udp,0,Skype,VPN,FileTransfer,Skype
VPN_FileTransfer_Skype_file_2.pcap.UDP_10-8-8-130_49539_178-206-104-159_58470_stream_0.pcap,udp_0,udp,0,Skype,VPN,FileTransfer,Skype
VPN_FileTransfer_Skype_file_2.pcap.UDP_10-8-8-130_49539_178-24-179-187_43347_stream_0.pcap,udp_0,udp,0,Skype,VPN,FileTransfer,Skype
VPN_VoIP_Skype_audio_2.pcap.UDP_10-8-0-10_32313_131-202-244-5_53_stream_0.pcap,udp_0,udp,0,Skype,VPN,VoIP,Skype
VPN_VoIP_Skype_audio_2.pcap.UDP_10-8-0-10_20853_131-202-244-5_53_stream_0.pcap,udp_0,udp,0,Skype,VPN,VoIP,Skype
VPN_VoIP_Skype_audio_2.pcap.UDP_10-8-0-10_18420_109-185-171-225_36791_stream_0.pcap,udp_0,udp,0,Skype,VPN,VoIP,Skype
VPN_VoIP_Skype_audio_2.pcap.UDP_10-8-0-10_64348_131-202-244-5_53_stream_0.pcap,udp_0,udp,0,Skype,VPN,VoIP,Skype
VPN_VoIP_Skype_audio_1.pcap.UDP_10-8-0-6_40273_96-23-208-172_33778_stream_0.pcap,udp_0,udp,0,Skype,VPN,VoIP,Skype
nonVPN_Chat_Skype_none_1.pcap.UDP_131-202-240-65_41159_255-255-255-255_138_stream_0.pcap,udp_0,udp,0,Skype,nonVPN,Chat,Skype
nonVPN_Chat_Skype_none_1.pcap.UDP_131-202-240-117_59093_255-255-255-255_10505_stream_0.pcap,udp_0,udp,0,Skype,nonVPN,Chat,Skype
VPN_FileTransfer_Skype_file_2.pcap.UDP_10-8-8-130_49539_185-9-209-216_9088_stream_0.pcap,udp_0,udp,0,Skype,VPN,FileTransfer,Skype
VPN_FileTransfer_Skype_file_2.pcap.UDP_10-8-8-130_49539_187-35-99-143_61133_stream_0.pcap,udp_0,udp,0,Skype,VPN,FileTransfer,Skype
VPN_VoIP_Skype_audio_1.pcap.TCP_10-8-0-6_60778_74-125-226-185_80_stream_0.pcap,tcp_0,tcp,0,Skype,VPN,VoIP,Skype
VPN_VoIP_Skype_audio_2.pcap.UDP_10-8-0-10_34022_131-202-244-3_53_stream_0.pcap,udp_0,udp,0,Skype,VPN,VoIP,Skype
VPN_FileTransfer_Skype_file_2.pcap.UDP_10-8-8-130_49539_188-2-128-20_20712_stream_0.pcap,udp_0,udp,0,Skype,VPN,FileTransfer,Skype
nonVPN_Chat_Skype_none_1.pcap.TCP_68-67-152-120_80_131-202-240-242_5922_stream_0.pcap,tcp_0,tcp,0,Skype,nonVPN,Chat,Skype
VPN_VoIP_Skype_audio_2.pcap.UDP_10-8-0-10_22681_131-202-244-3_53_stream_0.pcap,udp_0,udp,0,Skype,VPN,VoIP,Skype
nonVPN_Chat_Skype_none_1.pcap.UDP_131-202-240-102_63613_239-255-255-250_1900_stream_0.pcap,udp_0,udp,0,Skype,nonVPN,Chat,Skype
nonVPN_Chat_Skype_none_1.pcap.UDP_131-202-240-185_62392_224-0-0-252_5355_stream_0.pcap,udp_0,udp,0,Skype,nonVPN,Chat,Skype
nonVPN_Chat_Skype_none_1.pcap.UDP_131-202-240-117_63281_255-255-255-255_10505_stream_0.pcap,udp_0,udp,0,Skype,nonVPN,Chat,Skype
nonVPN_Chat_Skype_none_1.pcap.TCP_131-202-240-242_443_189-120-244-127_64297_stream_0.pcap,tcp_0,tcp,0,Skype,nonVPN,Chat,Skype
VPN_VoIP_Skype_audio_1.pcap.UDP_10-8-0-6_40273_157-55-235-147_40014_stream_0.pcap,udp_0,udp,0,Skype,VPN,VoIP,Skype
VPN_VoIP_Skype_audio_2.pcap.TCP_10-8-0-10_35745_173-252-110-27_443_stream_0.pcap,tcp_0,tcp,0,Skype,VPN,VoIP,Skype
VPN_VoIP_Skype_audio_1.pcap.UDP_10-8-0-6_40273_213-199-179-176_40013_stream_0.pcap,udp_0,udp,0,Skype,VPN,VoIP,Skype
VPN_FileTransfer_Skype_file_2.pcap.UDP_10-8-8-130_49539_212-28-84-207_52001_stream_0.pcap,udp_0,udp,0,Skype,VPN,FileTransfer,Skype
nonVPN_Chat_Skype_none_1.pcap.UDP_131-202-240-185_53460_224-0-0-252_5355_stream_0.pcap,udp_0,udp,0,Skype,nonVPN,Chat,Skype
VPN_FileTransfer_Skype_file_2.pcap.UDP_10-8-8-130_49539_212-67-144-167_9052_stream_0.pcap,udp_0,udp,0,Skype,VPN,FileTransfer,Skype
VPN_VoIP_Skype_audio_1.pcap.UDP_10-8-0-6_40273_157-55-130-165_40012_stream_0.pcap,udp_0,udp,0,Skype,VPN,VoIP,Skype
VPN_VoIP_Skype_audio_1.pcap.UDP_10-8-0-6_14142_131-202-244-5_53_stream_0.pcap,udp_0,udp,0,Skype,VPN,VoIP,Skype
VPN_FileTransfer_Skype_file_2.pcap.UDP_10-8-8-130_49539_213-154-218-17_51227_stream_0.pcap,udp_0,udp,0,Skype,VPN,FileTransfer,Skype
VPN_FileTransfer_Skype_file_2.pcap.UDP_10-8-8-130_49539_213-199-179-140_40004_stream_0.pcap,udp_0,udp,0,Skype,VPN,FileTransfer,Skype
nonVPN_Chat_Skype_none_1.pcap.UDP_131-202-240-185_54233_224-0-0-252_5355_stream_0.pcap,udp_0,udp,0,Skype,nonVPN,Chat,Skype
nonVPN_Chat_Skype_none_1.pcap.UDP_131-202-240-185_51832_224-0-0-252_5355_stream_0.pcap,udp_0,udp,0,Skype,nonVPN,Chat,Skype
VPN_VoIP_Skype_audio_2.pcap.UDP_10-8-0-10_21385_131-202-6-3_53_stream_0.pcap,udp_0,udp,0,Skype,VPN,VoIP,Skype
nonVPN_Chat_Skype_none_1.pcap.UDP_131-202-240-117_63932_255-255-255-255_10505_stream_0.pcap,udp_0,udp,0,Skype,nonVPN,Chat,Skype
nonVPN_Chat_Skype_none_1.pcap.UDP_131-202-240-117_49733_255-255-255-255_10505_stream_0.pcap,udp_0,udp,0,Skype,nonVPN,Chat,Skype
VPN_FileTransfer_Skype_file_2.pcap.UDP_10-8-8-130_49539_213-199-179-146_443_stream_0.pcap,udp_0,udp,0,Skype,VPN,FileTransfer,Skype
VPN_FileTransfer_Skype_file_2.pcap.UDP_10-8-8-130_49539_213-199-179-153_40033_stream_0.pcap,udp_0,udp,0,Skype,VPN,FileTransfer,Skype
VPN_VoIP_Skype_audio_2.pcap.UDP_10-8-0-10_55206_131-202-6-3_53_stream_0.pcap,udp_0,udp,0,Skype,VPN,VoIP,Skype
nonVPN_Chat_Skype_none_1.pcap.UDP_131-202-240-117_54352_255-255-255-255_10505_stream_0.pcap,udp_0,udp,0,Skype,nonVPN,Chat,Skype
nonVPN_Chat_Skype_none_1.pcap.UDP_131-202-240-117_49744_255-255-255-255_10505_stream_0.pcap,udp_0,udp,0,Skype,nonVPN,Chat,Skype
VPN_FileTransfer_Skype_file_2.pcap.UDP_10-8-8-130_49539_213-199-179-159_40005_stream_0.pcap,udp_0,udp,0,Skype,VPN,FileTransfer,Skype
VPN_FileTransfer_Skype_file_2.pcap.UDP_10-8-8-130_49539_213-199-179-156_443_stream_0.pcap,udp_0,udp,0,Skype,VPN,FileTransfer,Skype
nonVPN_Chat_Skype_none_1.pcap.UDP_131-202-240-117_59313_255-255-255-255_10505_stream_0.pcap,udp_0,udp,0,Skype,nonVPN,Chat,Skype
VPN_FileTransfer_Skype_file_2.pcap.UDP_10-8-8-130_49539_213-199-179-159_443_stream_0.pcap,udp_0,udp,0,Skype,VPN,FileTransfer,Skype
VPN_VoIP_Skype_audio_1.pcap.UDP_10-8-0-6_40273_65-55-223-19_40014_stream_0.pcap,udp_0,udp,0,Skype,VPN,VoIP,Skype
VPN_VoIP_Skype_audio_2.pcap.UDP_10-8-0-10_4944_131-202-6-3_53_stream_0.pcap,udp_0,udp,0,Skype,VPN,VoIP,Skype
VPN_FileTransfer_Skype_file_2.pcap.UDP_10-8-8-130_49539_213-199-179-171_443_stream_0.pcap,udp_0,udp,0,Skype,VPN,FileTransfer,Skype
nonVPN_Chat_Skype_none_1.pcap.UDP_131-202-240-242_64412_224-0-0-252_5355_stream_0.pcap,udp_0,udp,0,Skype,nonVPN,Chat,Skype
nonVPN_Chat_Skype_none_1.pcap.UDP_131-202-240-242_64472_224-0-0-252_5355_stream_0.pcap,udp_0,udp,0,Skype,nonVPN,Chat,Skype
VPN_VoIP_Skype_audio_2.pcap.UDP_10-8-0-10_61951_131-202-6-3_53_stream_0.pcap,udp_0,udp,0,Skype,VPN,VoIP,Skype
nonVPN_Chat_Skype_none_1.pcap.UDP_131-202-240-117_51245_255-255-255-255_10505_stream_0.pcap,udp_0,udp,0,Skype,nonVPN,Chat,Skype
nonVPN_Chat_Skype_none_1.pcap.UDP_131-202-240-117_65329_224-0-0-252_5355_stream_0.pcap,udp_0,udp,0,Skype,nonVPN,Chat,Skype
VPN_FileTransfer_Skype_file_2.pcap.UDP_10-8-8-130_49539_220-136-59-65_47885_stream_0.pcap,udp_0,udp,0,Skype,VPN,FileTransfer,Skype
VPN_VoIP_Skype_audio_1.pcap.UDP_10-8-0-6_40273_111-221-74-29_40010_stream_0.pcap,udp_0,udp,0,Skype,VPN,VoIP,Skype
nonVPN_Chat_Skype_none_1.pcap.UDP_131-202-240-117_62245_255-255-255-255_10505_stream_0.pcap,udp_0,udp,0,Skype,nonVPN,Chat,Skype
VPN_FileTransfer_Skype_file_2.pcap.UDP_10-8-8-130_49539_37-78-128-183_33287_stream_0.pcap,udp_0,udp,0,Skype,VPN,FileTransfer,Skype
nonVPN_Chat_Skype_none_1.pcap.UDP_131-202-240-117_51741_255-255-255-255_10505_stream_0.pcap,udp_0,udp,0,Skype,nonVPN,Chat,Skype
nonVPN_Chat_Skype_none_1.pcap.UDP_131-202-240-117_51242_255-255-255-255_10505_stream_0.pcap,udp_0,udp,0,Skype,nonVPN,Chat,Skype
nonVPN_Chat_Skype_none_1.pcap.UDP_131-202-240-117_62258_255-255-255-255_10505_stream_0.pcap,udp_0,udp,0,Skype,nonVPN,Chat,Skype
VPN_FileTransfer_Skype_file_2.pcap.UDP_10-8-8-130_49539_46-118-144-29_44657_stream_0.pcap,udp_0,udp,0,Skype,VPN,FileTransfer,Skype
VPN_VoIP_Skype_audio_1.pcap.UDP_10-8-0-6_40273_157-56-52-38_40018_stream_0.pcap,udp_0,udp,0,Skype,VPN,VoIP,Skype
nonVPN_Chat_Skype_none_1.pcap.UDP_131-202-240-185_49957_224-0-0-252_5355_stream_0.pcap,udp_0,udp,0,Skype,nonVPN,Chat,Skype
nonVPN_Chat_Skype_none_1.pcap.UDP_131-202-240-185_64145_224-0-0-252_5355_stream_0.pcap,udp_0,udp,0,Skype,nonVPN,Chat,Skype
nonVPN_Chat_Skype_none_1.pcap.UDP_131-202-240-186_62432_224-0-0-252_5355_stream_0.pcap,udp_0,udp,0,Skype,nonVPN,Chat,Skype
nonVPN_Chat_Skype_none_1.pcap.UDP_131-202-240-117_60025_255-255-255-255_10505_stream_0.pcap,udp_0,udp,0,Skype,nonVPN,Chat,Skype
nonVPN_Chat_Skype_none_1.pcap.UDP_131-202-240-117_64670_255-255-255-255_10505_stream_0.pcap,udp_0,udp,0,Skype,nonVPN,Chat,Skype
VPN_FileTransfer_Skype_file_2.pcap.UDP_10-8-8-130_49539_46-201-39-188_30990_stream_0.pcap,udp_0,udp,0,Skype,VPN,FileTransfer,Skype
VPN_FileTransfer_Skype_file_2.pcap.UDP_10-8-8-130_49539_46-211-205-213_25521_stream_0.pcap,udp_0,udp,0,Skype,VPN,FileTransfer,Skype
nonVPN_Chat_Skype_none_1.pcap.TCP_69-172-216-58_443_131-202-240-242_5974_stream_0.pcap,tcp_0,tcp,0,Skype,nonVPN,Chat,Skype
VPN_VoIP_Skype_audio_1.pcap.UDP_10-8-0-6_40273_71-198-46-217_19699_stream_0.pcap,udp_0,udp,0,Skype,VPN,VoIP,Skype
nonVPN_Chat_Skype_none_1.pcap.UDP_131-202-240-185_57428_224-0-0-252_5355_stream_0.pcap,udp_0,udp,0,Skype,nonVPN,Chat,Skype
VPN_FileTransfer_Skype_file_2.pcap.UDP_10-8-8-130_49539_46-98-29-181_19033_stream_0.pcap,udp_0,udp,0,Skype,VPN,FileTransfer,Skype
VPN_FileTransfer_Skype_file_2.pcap.UDP_10-8-8-130_49539_59-184-15-189_32978_stream_0.pcap,udp_0,udp,0,Skype,VPN,FileTransfer,Skype
VPN_VoIP_Skype_audio_2.pcap.UDP_10-8-0-10_32987_131-202-244-3_53_stream_0.pcap,udp_0,udp,0,Skype,VPN,VoIP,Skype
VPN_VoIP_Skype_audio_1.pcap.UDP_10-8-0-6_40273_157-55-130-174_40028_stream_0.pcap,udp_0,udp,0,Skype,VPN,VoIP,Skype
VPN_VoIP_Skype_audio_2.pcap.UDP_10-8-0-10_2247_131-202-244-3_53_stream_0.pcap,udp_0,udp,0,Skype,VPN,VoIP,Skype
nonVPN_Chat_Skype_none_1.pcap.UDP_131-202-240-117_63276_255-255-255-255_10505_stream_0.pcap,udp_0,udp,0,Skype,nonVPN,Chat,Skype
VPN_FileTransfer_Skype_file_2.pcap.UDP_10-8-8-130_49539_62-198-78-46_7947_stream_0.pcap,udp_0,udp,0,Skype,VPN,FileTransfer,Skype
nonVPN_Chat_Skype_none_1.pcap.UDP_131-202-240-185_60422_224-0-0-252_5355_stream_0.pcap,udp_0,udp,0,Skype,nonVPN,Chat,Skype
VPN_FileTransfer_Skype_file_2.pcap.UDP_10-8-8-130_49539_64-4-23-148_443_stream_0.pcap,udp_0,udp,0,Skype,VPN,FileTransfer,Skype
VPN_VoIP_Skype_audio_2.pcap.UDP_10-8-0-10_10328_131-202-244-5_53_stream_0.pcap,udp_0,udp,0,Skype,VPN,VoIP,Skype
VPN_VoIP_Skype_audio_1.pcap.TCP_10-8-0-6_55199_64-233-178-94_80_stream_0.pcap,tcp_0,tcp,0,Skype,VPN,VoIP,Skype
VPN_FileTransfer_Skype_file_2.pcap.UDP_10-8-8-130_49539_64-4-23-158_40007_stream_0.pcap,udp_0,udp,0,Skype,VPN,FileTransfer,Skype
VPN_VoIP_Skype_audio_2.pcap.UDP_10-8-0-10_43099_131-202-244-3_53_stream_0.pcap,udp_0,udp,0,Skype,VPN,VoIP,Skype
nonVPN_Chat_Skype_none_1.pcap.UDP_131-202-240-185_61830_224-0-0-252_5355_stream_0.pcap,udp_0,udp,0,Skype,nonVPN,Chat,Skype
VPN_FileTransfer_Skype_file_2.pcap.UDP_10-8-8-130_49539_65-55-223-27_40034_stream_0.pcap,udp_0,udp,0,Skype,VPN,FileTransfer,Skype
VPN_FileTransfer_Skype_file_2.pcap.UDP_10-8-8-130_49539_65-55-223-39_443_stream_0.pcap,udp_0,udp,0,Skype,VPN,FileTransfer,Skype
VPN_VoIP_Skype_audio_2.pcap.UDP_10-8-0-10_14107_131-202-6-3_53_stream_0.pcap,udp_0,udp,0,Skype,VPN,VoIP,Skype
VPN_VoIP_Skype_audio_1.pcap.UDP_10-8-0-6_40273_65-55-223-46_40011_stream_0.pcap,udp_0,udp,0,Skype,VPN,VoIP,Skype
nonVPN_Chat_Skype_none_1.pcap.UDP_131-202-240-185_55988_224-0-0-252_5355_stream_0.pcap,udp_0,udp,0,Skype,nonVPN,Chat,Skype
nonVPN_Chat_Skype_none_1.pcap.UDP_131-202-240-117_60497_255-255-255-255_10505_stream_0.pcap,udp_0,udp,0,Skype,nonVPN,Chat,Skype
VPN_FileTransfer_Skype_file_2.pcap.UDP_10-8-8-130_49539_73-7-240-157_38028_stream_0.pcap,udp_0,udp,0,Skype,VPN,FileTransfer,Skype
nonVPN_Chat_Skype_none_1.pcap.UDP_131-202-240-117_61923_255-255-255-255_10505_stream_0.pcap,udp_0,udp,0,Skype,nonVPN,Chat,Skype
VPN_FileTransfer_Skype_file_2.pcap.UDP_10-8-8-130_49539_75-99-233-130_16678_stream_0.pcap,udp_0,udp,0,Skype,VPN,FileTransfer,Skype
nonVPN_Chat_Skype_none_1.pcap.UDP_131-202-240-242_52393_224-0-0-252_5355_stream_0.pcap,udp_0,udp,0,Skype,nonVPN,Chat,Skype
nonVPN_Chat_Skype_none_1.pcap.TCP_68-67-153-2_443_131-202-240-242_5900_stream_0.pcap,tcp_0,tcp,0,Skype,nonVPN,Chat,Skype
VPN_VoIP_Skype_audio_2.pcap.TCP_10-8-0-10_38914_173-194-123-121_80_stream_0.pcap,tcp_0,tcp,0,Skype,VPN,VoIP,Skype
VPN_VoIP_Skype_audio_1.pcap.UDP_10-8-0-6_40273_111-221-74-45_40023_stream_0.pcap,udp_0,udp,0,Skype,VPN,VoIP,Skype
VPN_VoIP_Skype_audio_1.pcap.UDP_10-8-0-6_40273_157-55-130-172_40009_stream_0.pcap,udp_0,udp,0,Skype,VPN,VoIP,Skype
nonVPN_Chat_Skype_none_1.pcap.UDP_131-202-240-117_57657_255-255-255-255_10505_stream_0.pcap,udp_0,udp,0,Skype,nonVPN,Chat,Skype
nonVPN_Chat_Skype_none_1.pcap.UDP_131-202-240-242_58406_198-7-63-141_53_stream_0.pcap,udp_0,udp,0,Skype,nonVPN,Chat,Skype
VPN_VoIP_Skype_audio_2.pcap.UDP_10-8-0-10_14107_131-202-244-5_53_stream_0.pcap,udp_0,udp,0,Skype,VPN,VoIP,Skype
VPN_VoIP_Skype_audio_1.pcap.UDP_10-8-0-6_40273_111-221-77-174_40017_stream_0.pcap,udp_0,udp,0,Skype,VPN,VoIP,Skype
VPN_VoIP_Skype_audio_1.pcap.UDP_10-8-0-6_40273_157-55-130-162_443_stream_0.pcap,udp_0,udp,0,Skype,VPN,VoIP,Skype
nonVPN_Chat_Skype_none_1.pcap.UDP_131-202-240-185_59548_224-0-0-252_5355_stream_0.pcap,udp_0,udp,0,Skype,nonVPN,Chat,Skype
nonVPN_Chat_Skype_none_1.pcap.UDP_131-202-240-185_51917_224-0-0-252_5355_stream_0.pcap,udp_0,udp,0,Skype,nonVPN,Chat,Skype
VPN_FileTransfer_Skype_file_2.pcap.UDP_10-8-8-130_49539_79-179-29-230_33318_stream_0.pcap,udp_0,udp,0,Skype,VPN,FileTransfer,Skype
VPN_VoIP_Skype_audio_1.pcap.UDP_10-8-0-6_40273_157-55-235-168_40003_stream_0.pcap,udp_0,udp,0,Skype,VPN,VoIP,Skype
nonVPN_Chat_Skype_none_1.pcap.TCP_131-202-240-242_5944_131-253-34-162_443_stream_0.pcap,tcp_0,tcp,0,Skype,nonVPN,Chat,Skype
VPN_FileTransfer_Skype_file_2.pcap.UDP_10-8-8-130_49539_80-216-144-152_22209_stream_0.pcap,udp_0,udp,0,Skype,VPN,FileTransfer,Skype
VPN_VoIP_Skype_audio_1.pcap.UDP_10-8-0-6_40273_157-55-56-154_40023_stream_0.pcap,udp_0,udp,0,Skype,VPN,VoIP,Skype
VPN_FileTransfer_Skype_file_2.pcap.UDP_10-8-8-130_49539_81-105-201-97_21981_stream_0.pcap,udp_0,udp,0,Skype,VPN,FileTransfer,Skype
VPN_VoIP_Skype_audio_1.pcap.UDP_10-8-0-6_40273_111-221-77-158_443_stream_0.pcap,udp_0,udp,0,Skype,VPN,VoIP,Skype
VPN_VoIP_Skype_audio_2.pcap.UDP_10-8-0-10_10328_131-202-244-3_53_stream_0.pcap,udp_0,udp,0,Skype,VPN,VoIP,Skype
VPN_VoIP_Skype_audio_1.pcap.UDP_10-8-0-6_40273_213-199-179-143_40026_stream_0.pcap,udp_0,udp,0,Skype,VPN,VoIP,Skype
VPN_FileTransfer_Skype_file_2.pcap.UDP_10-8-8-130_49539_81-184-232-115_26411_stream_0.pcap,udp_0,udp,0,Skype,VPN,FileTransfer,Skype
VPN_FileTransfer_Skype_file_2.pcap.UDP_10-8-8-130_49539_81-216-60-217_53710_stream_0.pcap,udp_0,udp,0,Skype,VPN,FileTransfer,Skype
VPN_FileTransfer_Skype_file_2.pcap.UDP_10-8-8-130_49539_81-248-21-133_25063_stream_0.pcap,udp_0,udp,0,Skype,VPN,FileTransfer,Skype
nonVPN_Chat_Skype_none_1.pcap.UDP_131-202-240-186_58650_224-0-0-252_5355_stream_0.pcap,udp_0,udp,0,Skype,nonVPN,Chat,Skype
VPN_VoIP_Skype_audio_1.pcap.UDP_10-8-0-6_40273_157-55-56-143_40026_stream_0.pcap,udp_0,udp,0,Skype,VPN,VoIP,Skype
VPN_FileTransfer_Skype_file_2.pcap.UDP_10-8-8-130_49539_82-164-164-243_2920_stream_0.pcap,udp_0,udp,0,Skype,VPN,FileTransfer,Skype
VPN_FileTransfer_Skype_file_2.pcap.UDP_10-8-8-130_49539_82-217-70-137_6388_stream_0.pcap,udp_0,udp,0,Skype,VPN,FileTransfer,Skype
VPN_FileTransfer_Skype_file_2.pcap.UDP_10-8-8-130_49539_82-155-234-73_2569_stream_0.pcap,udp_0,udp,0,Skype,VPN,FileTransfer,Skype
VPN_VoIP_Skype_audio_2.pcap.UDP_10-8-0-10_54489_131-202-244-3_53_stream_0.pcap,udp_0,udp,0,Skype,VPN,VoIP,Skype
nonVPN_Chat_Skype_none_1.pcap.UDP_131-202-240-117_57794_255-255-255-255_10505_stream_0.pcap,udp_0,udp,0,Skype,nonVPN,Chat,Skype
nonVPN_Chat_Skype_none_1.pcap.UDP_131-202-240-117_52481_255-255-255-255_10505_stream_0.pcap,udp_0,udp,0,Skype,nonVPN,Chat,Skype
nonVPN_Chat_Skype_none_1.pcap.UDP_131-202-240-66_55094_224-0-0-252_5355_stream_0.pcap,udp_0,udp,0,Skype,nonVPN,Chat,Skype
VPN_FileTransfer_Skype_file_2.pcap.UDP_10-8-8-130_49539_83-255-89-225_36882_stream_0.pcap,udp_0,udp,0,Skype,VPN,FileTransfer,Skype
VPN_VoIP_Skype_audio_2.pcap.UDP_10-8-0-10_16573_131-202-244-3_53_stream_0.pcap,udp_0,udp,0,Skype,VPN,VoIP,Skype
nonVPN_Chat_Skype_none_1.pcap.UDP_131-202-240-117_63930_255-255-255-255_10505_stream_0.pcap,udp_0,udp,0,Skype,nonVPN,Chat,Skype
VPN_FileTransfer_Skype_file_2.pcap.UDP_10-8-8-130_49539_84-194-84-124_21546_stream_0.pcap,udp_0,udp,0,Skype,VPN,FileTransfer,Skype
nonVPN_Chat_Skype_none_1.pcap.UDP_131-202-240-117_57044_255-255-255-255_10505_stream_0.pcap,udp_0,udp,0,Skype,nonVPN,Chat,Skype
VPN_FileTransfer_Skype_file_2.pcap.UDP_10-8-8-130_49539_86-139-129-46_24563_stream_0.pcap,udp_0,udp,0,Skype,VPN,FileTransfer,Skype
nonVPN_Chat_Skype_none_1.pcap.UDP_131-202-240-117_60664_255-255-255-255_10505_stream_0.pcap,udp_0,udp,0,Skype,nonVPN,Chat,Skype
nonVPN_Chat_Skype_none_1.pcap.UDP_131-202-240-117_57650_255-255-255-255_10505_stream_0.pcap,udp_0,udp,0,Skype,nonVPN,Chat,Skype
VPN_FileTransfer_Skype_file_2.pcap.UDP_10-8-8-130_49539_86-138-130-48_27863_stream_0.pcap,udp_0,udp,0,Skype,VPN,FileTransfer,Skype
VPN_FileTransfer_Skype_file_2.pcap.UDP_10-8-8-130_49539_85-75-110-162_8616_stream_0.pcap,udp_0,udp,0,Skype,VPN,FileTransfer,Skype
VPN_VoIP_Skype_audio_1.pcap.UDP_10-8-0-6_40273_65-55-223-26_40029_stream_0.pcap,udp_0,udp,0,Skype,VPN,VoIP,Skype
nonVPN_Chat_Skype_none_1.pcap.UDP_131-202-240-186_54070_224-0-0-252_5355_stream_0.pcap,udp_0,udp,0,Skype,nonVPN,Chat,Skype
VPN_FileTransfer_Skype_file_2.pcap.UDP_10-8-8-130_49539_86-170-118-247_12431_stream_0.pcap,udp_0,udp,0,Skype,VPN,FileTransfer,Skype
VPN_FileTransfer_Skype_file_2.pcap.UDP_10-8-8-130_49539_88-163-233-117_47999_stream_0.pcap,udp_0,udp,0,Skype,VPN,FileTransfer,Skype
VPN_FileTransfer_Skype_file_2.pcap.UDP_10-8-8-130_49539_88-166-212-83_30735_stream_0.pcap,udp_0,udp,0,Skype,VPN,FileTransfer,Skype
nonVPN_Chat_Skype_none_1.pcap.UDP_131-202-240-242_58374_224-0-0-252_5355_stream_0.pcap,udp_0,udp,0,Skype,nonVPN,Chat,Skype
VPN_VoIP_Skype_audio_1.pcap.UDP_10-8-0-6_40273_149-13-32-15_13392_stream_0.pcap,udp_0,udp,0,Skype,VPN,VoIP,Skype
nonVPN_Chat_Skype_none_1.pcap.UDP_131-202-240-242_64648_224-0-0-252_5355_stream_0.pcap,udp_0,udp,0,Skype,nonVPN,Chat,Skype
VPN_FileTransfer_Skype_file_2.pcap.UDP_10-8-8-130_49539_91-105-113-48_17126_stream_0.pcap,udp_0,udp,0,Skype,VPN,FileTransfer,Skype
nonVPN_Chat_Skype_none_1.pcap.TCP_104-45-158-137_443_131-202-240-242_6018_stream_0.pcap,tcp_0,tcp,0,Skype,nonVPN,Chat,Skype
VPN_VoIP_Skype_audio_1.pcap.UDP_10-8-0-6_40273_157-55-56-169_40008_stream_0.pcap,udp_0,udp,0,Skype,VPN,VoIP,Skype
VPN_FileTransfer_Skype_file_2.pcap.UDP_10-8-8-130_49539_92-2-166-128_23516_stream_0.pcap,udp_0,udp,0,Skype,VPN,FileTransfer,Skype
nonVPN_Chat_Skype_none_1.pcap.UDP_131-202-240-117_62247_255-255-255-255_10505_stream_0.pcap,udp_0,udp,0,Skype,nonVPN,Chat,Skype
VPN_FileTransfer_Skype_file_2.pcap.UDP_10-8-8-130_49581_198-7-63-141_53_stream_0.pcap,udp_0,udp,0,Skype,VPN,FileTransfer,Skype
VPN_VoIP_Skype_audio_2.pcap.UDP_10-8-0-10_18420_111-221-74-18_40006_stream_0.pcap,udp_0,udp,0,Skype,VPN,VoIP,Skype
VPN_FileTransfer_Skype_file_2.pcap.UDP_10-8-8-130_49725_198-7-63-141_53_stream_0.pcap,udp_0,udp,0,Skype,VPN,FileTransfer,Skype
nonVPN_Chat_Skype_none_1.pcap.TCP_65-55-2-6_443_131-202-240-242_5881_stream_0.pcap,tcp_0,tcp,0,Skype,nonVPN,Chat,Skype
VPN_VoIP_Skype_audio_2.pcap.UDP_10-8-0-10_18420_157-55-130-175_40015_stream_0.pcap,udp_0,udp,0,Skype,VPN,VoIP,Skype
nonVPN_Chat_Skype_none_1.pcap.UDP_131-202-240-66_54793_224-0-0-252_5355_stream_0.pcap,udp_0,udp,0,Skype,nonVPN,Chat,Skype
VPN_FileTransfer_Skype_file_2.pcap.UDP_10-8-8-130_50822_239-255-255-250_1900_stream_0.pcap,udp_0,udp,0,Skype,VPN,FileTransfer,Skype
VPN_FileTransfer_Skype_file_2.pcap.UDP_10-8-8-130_52750_198-7-63-141_53_stream_0.pcap,udp_0,udp,0,Skype,VPN,FileTransfer,Skype
nonVPN_Chat_Skype_none_1.pcap.UDP_131-202-240-185_55747_224-0-0-252_5355_stream_0.pcap,udp_0,udp,0,Skype,nonVPN,Chat,Skype
nonVPN_Chat_Skype_none_1.pcap.UDP_131-202-240-117_51248_255-255-255-255_10505_stream_0.pcap,udp_0,udp,0,Skype,nonVPN,Chat,Skype
VPN_VoIP_Skype_audio_1.pcap.UDP_10-8-0-6_40273_157-55-235-169_40028_stream_0.pcap,udp_0,udp,0,Skype,VPN,VoIP,Skype
VPN_FileTransfer_Skype_file_2.pcap.UDP_10-8-8-130_53472_198-7-63-141_53_stream_0.pcap,udp_0,udp,0,Skype,VPN,FileTransfer,Skype
nonVPN_Chat_Skype_none_1.pcap.UDP_131-202-240-117_51244_255-255-255-255_10505_stream_0.pcap,udp_0,udp,0,Skype,nonVPN,Chat,Skype
VPN_VoIP_Skype_audio_2.pcap.UDP_10-8-0-10_43099_131-202-6-3_53_stream_0.pcap,udp_0,udp,0,Skype,VPN,VoIP,Skype
VPN_FileTransfer_Skype_file_2.pcap.UDP_10-8-8-130_5401_198-7-63-141_53_stream_0.pcap,udp_0,udp,0,Skype,VPN,FileTransfer,Skype
nonVPN_Chat_Skype_none_1.pcap.UDP_131-202-240-186_49196_224-0-0-252_5355_stream_0.pcap,udp_0,udp,0,Skype,nonVPN,Chat,Skype
VPN_FileTransfer_Skype_file_2.pcap.UDP_10-8-8-130_5468_198-7-63-141_53_stream_0.pcap,udp_0,udp,0,Skype,VPN,FileTransfer,Skype
VPN_VoIP_Skype_audio_2.pcap.UDP_10-8-0-10_20853_131-202-6-3_53_stream_0.pcap,udp_0,udp,0,Skype,VPN,VoIP,Skype
VPN_VoIP_Skype_audio_2.pcap.UDP_10-8-0-10_40219_131-202-244-5_53_stream_0.pcap,udp_0,udp,0,Skype,VPN,VoIP,Skype
VPN_FileTransfer_Skype_file_2.pcap.UDP_10-8-8-130_56528_239-255-255-250_1900_stream_0.pcap,udp_0,udp,0,Skype,VPN,FileTransfer,Skype
nonVPN_Chat_Skype_none_1.pcap.UDP_131-202-240-117_57399_224-0-0-252_5355_stream_0.pcap,udp_0,udp,0,Skype,nonVPN,Chat,Skype
VPN_VoIP_Skype_audio_1.pcap.UDP_10-8-0-6_40273_157-55-130-175_40025_stream_0.pcap,udp_0,udp,0,Skype,VPN,VoIP,Skype
VPN_VoIP_Skype_audio_2.pcap.UDP_10-8-0-10_18420_111-221-74-14_40029_stream_0.pcap,udp_0,udp,0,Skype,VPN,VoIP,Skype
VPN_FileTransfer_Skype_file_2.pcap.UDP_10-8-8-130_59352_239-255-255-250_1900_stream_0.pcap,udp_0,udp,0,Skype,VPN,FileTransfer,Skype
VPN_FileTransfer_Skype_file_2.pcap.UDP_10-8-8-130_59549_198-7-63-141_53_stream_0.pcap,udp_0,udp,0,Skype,VPN,FileTransfer,Skype
VPN_VoIP_Skype_audio_2.pcap.UDP_10-8-0-10_40182_131-202-6-3_53_stream_0.pcap,udp_0,udp,0,Skype,VPN,VoIP,Skype
nonVPN_Chat_Skype_none_1.pcap.UDP_131-202-240-185_53988_224-0-0-252_5355_stream_0.pcap,udp_0,udp,0,Skype,nonVPN,Chat,Skype
VPN_VoIP_Skype_audio_1.pcap.UDP_10-8-0-6_40273_157-55-235-173_40009_stream_0.pcap,udp_0,udp,0,Skype,VPN,VoIP,Skype
VPN_VoIP_Skype_audio_1.pcap.UDP_10-8-0-6_40273_157-56-52-44_40028_stream_0.pcap,udp_0,udp,0,Skype,VPN,VoIP,Skype
nonVPN_Chat_Skype_none_1.pcap.TCP_131-202-240-242_5910_173-252-122-5_5222_stream_0.pcap,tcp_0,tcp,0,Skype,nonVPN,Chat,Skype
nonVPN_Chat_Skype_none_1.pcap.UDP_131-202-240-196_17500_255-255-255-255_17500_stream_0.pcap,udp_0,udp,0,Skype,nonVPN,Chat,Skype
nonVPN_Chat_Skype_none_1.pcap.UDP_131-202-240-66_65090_224-0-0-252_5355_stream_0.pcap,udp_0,udp,0,Skype,nonVPN,Chat,Skype
nonVPN_Chat_Skype_none_1.pcap.UDP_131-202-240-102_64281_239-255-255-250_3702_stream_0.pcap,udp_0,udp,0,Skype,nonVPN,Chat,Skype
VPN_FileTransfer_Skype_file_2.pcap.UDP_10-8-8-130_62501_198-7-63-141_53_stream_0.pcap,udp_0,udp,0,Skype,VPN,FileTransfer,Skype
VPN_FileTransfer_Skype_file_2.pcap.UDP_10-8-8-130_62598_198-7-63-141_53_stream_0.pcap,udp_0,udp,0,Skype,VPN,FileTransfer,Skype
VPN_FileTransfer_Skype_file_2.pcap.UDP_10-8-8-130_63365_198-7-63-141_53_stream_0.pcap,udp_0,udp,0,Skype,VPN,FileTransfer,Skype
VPN_FileTransfer_Skype_file_2.pcap.UDP_10-8-8-130_63365_78-46-223-24_53_stream_0.pcap,udp_0,udp,0,Skype,VPN,FileTransfer,Skype
VPN_VoIP_Skype_audio_2.pcap.UDP_10-8-0-10_8971_131-202-244-3_53_stream_0.pcap,udp_0,udp,0,Skype,VPN,VoIP,Skype
nonVPN_Chat_Skype_none_1.pcap.TCP_131-202-240-242_6003_208-71-122-1_443_stream_0.pcap,tcp_0,tcp,0,Skype,nonVPN,Chat,Skype
VPN_FileTransfer_Skype_file_2.pcap.UDP_10-8-8-130_7800_198-7-63-141_53_stream_0.pcap,udp_0,udp,0,Skype,VPN,FileTransfer,Skype
VPN_FileTransfer_Skype_file_2.pcap.UDP_10-8-8-130_9188_198-7-63-141_53_stream_0.pcap,udp_0,udp,0,Skype,VPN,FileTransfer,Skype
nonVPN_Chat_Skype_none_1.pcap.UDP_131-202-240-185_57617_224-0-0-252_5355_stream_0.pcap,udp_0,udp,0,Skype,nonVPN,Chat,Skype
nonVPN_Chat_Skype_none_1.pcap.UDP_131-202-240-117_55910_255-255-255-255_10505_stream_0.pcap,udp_0,udp,0,Skype,nonVPN,Chat,Skype
VPN_FileTransfer_Skype_file_2.pcap.UDP_2-40-154-66_32384_10-8-8-130_49539_stream_0.pcap,udp_0,udp,0,Skype,VPN,FileTransfer,Skype
VPN_FileTransfer_Skype_file_2.pcap.UDP_5-28-178-130_59558_10-8-8-130_49539_stream_0.pcap,udp_0,udp,0,Skype,VPN,FileTransfer,Skype
nonVPN_Chat_Skype_none_1.pcap.UDP_131-202-240-185_55122_224-0-0-252_5355_stream_0.pcap,udp_0,udp,0,Skype,nonVPN,Chat,Skype
VPN_VoIP_Skype_audio_2.pcap.TCP_10-8-0-10_48856_173-194-123-1_443_stream_0.pcap,tcp_0,tcp,0,Skype,VPN,VoIP,Skype
VPN_VoIP_Skype_audio_1.pcap.TCP_10-8-0-6_58255_91-190-218-125_12350_stream_0.pcap,tcp_0,tcp,0,Skype,VPN,VoIP,Skype
nonVPN_Chat_Skype_none_1.pcap.UDP_131-202-240-117_61919_255-255-255-255_10505_stream_0.pcap,udp_0,udp,0,Skype,nonVPN,Chat,Skype
VPN_VoIP_Skype_audio_1.pcap.UDP_10-8-0-6_14357_131-202-244-3_53_stream_0.pcap,udp_0,udp,0,Skype,VPN,VoIP,Skype
VPN_VoIP_Skype_audio_1.pcap.TCP_10-8-0-6_37507_209-148-205-33_80_stream_0.pcap,tcp_0,tcp,0,Skype,VPN,VoIP,Skype
VPN_VoIP_Skype_audio_1.pcap.TCP_10-8-0-6_55197_64-233-178-94_80_stream_0.pcap,tcp_0,tcp,0,Skype,VPN,VoIP,Skype
nonVPN_Chat_Skype_none_1.pcap.UDP_131-202-240-117_60409_255-255-255-255_10505_stream_0.pcap,udp_0,udp,0,Skype,nonVPN,Chat,Skype
VPN_VoIP_Skype_audio_2.pcap.TCP_10-8-0-10_44816_82-165-251-100_80_stream_0.pcap,tcp_0,tcp,0,Skype,VPN,VoIP,Skype
nonVPN_Chat_Skype_none_1.pcap.UDP_131-202-240-185_65434_224-0-0-252_5355_stream_0.pcap,udp_0,udp,0,Skype,nonVPN,Chat,Skype
nonVPN_Chat_Skype_none_1.pcap.UDP_131-202-240-117_60406_255-255-255-255_10505_stream_0.pcap,udp_0,udp,0,Skype,nonVPN,Chat,Skype
VPN_VoIP_Skype_audio_1.pcap.TCP_10-8-0-6_39047_173-194-123-5_443_stream_0.pcap,tcp_0,tcp,0,Skype,VPN,VoIP,Skype
VPN_VoIP_Skype_audio_1.pcap.TCP_10-8-0-6_39244_173-194-123-97_443_stream_0.pcap,tcp_0,tcp,0,Skype,VPN,VoIP,Skype
VPN_VoIP_Skype_audio_2.pcap.UDP_10-8-0-10_31968_131-202-6-3_53_stream_0.pcap,udp_0,udp,0,Skype,VPN,VoIP,Skype
VPN_VoIP_Skype_audio_1.pcap.TCP_10-8-0-6_39435_74-125-226-183_443_stream_0.pcap,tcp_0,tcp,0,Skype,VPN,VoIP,Skype
VPN_VoIP_Skype_audio_1.pcap.TCP_10-8-0-6_39543_45-50-54-24_39032_stream_0.pcap,tcp_0,tcp,0,Skype,VPN,VoIP,Skype
nonVPN_Chat_Skype_none_1.pcap.UDP_131-202-240-183_5353_224-0-0-251_5353_stream_0.pcap,udp_0,udp,0,Skype,nonVPN,Chat,Skype
VPN_VoIP_Skype_audio_1.pcap.TCP_10-8-0-6_39578_45-50-54-24_39032_stream_0.pcap,tcp_0,tcp,0,Skype,VPN,VoIP,Skype
VPN_VoIP_Skype_audio_2.pcap.TCP_10-8-0-10_36378_74-125-226-35_443_stream_0.pcap,tcp_0,tcp,0,Skype,VPN,VoIP,Skype
nonVPN_Chat_Skype_none_1.pcap.UDP_131-202-240-242_52318_224-0-0-252_5355_stream_0.pcap,udp_0,udp,0,Skype,nonVPN,Chat,Skype
VPN_VoIP_Skype_audio_1.pcap.UDP_10-8-0-6_40273_111-221-74-34_40026_stream_0.pcap,udp_0,udp,0,Skype,VPN,VoIP,Skype
nonVPN_Chat_Skype_none_1.pcap.UDP_131-202-240-242_61405_224-0-0-252_5355_stream_0.pcap,udp_0,udp,0,Skype,nonVPN,Chat,Skype
VPN_VoIP_Skype_audio_1.pcap.TCP_10-8-0-6_41234_173-194-123-9_443_stream_0.pcap,tcp_0,tcp,0,Skype,VPN,VoIP,Skype
nonVPN_Chat_Skype_none_1.pcap.UDP_131-202-240-117_55531_255-255-255-255_10505_stream_0.pcap,udp_0,udp,0,Skype,nonVPN,Chat,Skype
nonVPN_Chat_Skype_none_1.pcap.TCP_131-202-240-242_5893_209-148-205-26_80_stream_0.pcap,tcp_0,tcp,0,Skype,nonVPN,Chat,Skype
VPN_VoIP_Skype_audio_1.pcap.TCP_10-8-0-6_42844_141-219-235-176_60830_stream_0.pcap,tcp_0,tcp,0,Skype,VPN,VoIP,Skype
VPN_VoIP_Skype_audio_2.pcap.TCP_10-8-0-10_34024_23-65-248-82_80_stream_0.pcap,tcp_0,tcp,0,Skype,VPN,VoIP,Skype
VPN_VoIP_Skype_audio_1.pcap.TCP_10-8-0-6_42888_141-219-235-176_60830_stream_0.pcap,tcp_0,tcp,0,Skype,VPN,VoIP,Skype
VPN_VoIP_Skype_audio_2.pcap.UDP_10-8-0-10_34971_131-202-244-5_53_stream_0.pcap,udp_0,udp,0,Skype,VPN,VoIP,Skype
VPN_VoIP_Skype_audio_1.pcap.TCP_10-8-0-6_42903_141-219-235-176_60830_stream_0.pcap,tcp_0,tcp,0,Skype,VPN,VoIP,Skype
VPN_VoIP_Skype_audio_1.pcap.TCP_10-8-0-6_42894_141-219-235-176_60830_stream_0.pcap,tcp_0,tcp,0,Skype,VPN,VoIP,Skype
VPN_VoIP_Skype_audio_1.pcap.UDP_10-8-0-6_40273_157-56-52-17_40011_stream_0.pcap,udp_0,udp,0,Skype,VPN,VoIP,Skype
VPN_VoIP_Skype_audio_1.pcap.UDP_10-8-0-6_40273_111-221-74-28_40028_stream_0.pcap,udp_0,udp,0,Skype,VPN,VoIP,Skype
VPN_VoIP_Skype_audio_1.pcap.TCP_10-8-0-6_47313_23-23-138-128_443_stream_0.pcap,tcp_0,tcp,0,Skype,VPN,VoIP,Skype
VPN_VoIP_Skype_audio_1.pcap.TCP_10-8-0-6_43286_207-189-227-29_28812_stream_0.pcap,tcp_0,tcp,0,Skype,VPN,VoIP,Skype
VPN_VoIP_Skype_audio_2.pcap.UDP_10-8-0-10_41259_131-202-244-3_53_stream_0.pcap,udp_0,udp,0,Skype,VPN,VoIP,Skype
VPN_VoIP_Skype_audio_2.pcap.UDP_10-8-0-10_18694_131-202-244-3_53_stream_0.pcap,udp_0,udp,0,Skype,VPN,VoIP,Skype
nonVPN_Chat_Skype_none_1.pcap.UDP_131-202-240-185_59703_224-0-0-252_5355_stream_0.pcap,udp_0,udp,0,Skype,nonVPN,Chat,Skype
nonVPN_Chat_Skype_none_1.pcap.UDP_131-202-240-242_55945_224-0-0-252_5355_stream_0.pcap,udp_0,udp,0,Skype,nonVPN,Chat,Skype
nonVPN_Chat_Skype_none_1.pcap.UDP_131-202-240-117_60174_255-255-255-255_10505_stream_0.pcap,udp_0,udp,0,Skype,nonVPN,Chat,Skype
VPN_VoIP_Skype_audio_2.pcap.UDP_10-8-0-10_31210_131-202-244-3_53_stream_0.pcap,udp_0,udp,0,Skype,VPN,VoIP,Skype
nonVPN_Chat_Skype_none_1.pcap.UDP_131-202-240-183_138_131-202-243-255_138_stream_0.pcap,udp_0,udp,0,Skype,nonVPN,Chat,Skype
VPN_VoIP_Skype_audio_2.pcap.UDP_10-8-0-10_63497_131-202-6-3_53_stream_0.pcap,udp_0,udp,0,Skype,VPN,VoIP,Skype
VPN_VoIP_Skype_audio_2.pcap.UDP_10-8-0-10_4944_131-202-244-5_53_stream_0.pcap,udp_0,udp,0,Skype,VPN,VoIP,Skype
VPN_VoIP_Skype_audio_1.pcap.TCP_10-8-0-6_49049_54-231-17-48_80_stream_0.pcap,tcp_0,tcp,0,Skype,VPN,VoIP,Skype
nonVPN_Chat_Skype_none_1.pcap.UDP_131-202-240-117_56597_255-255-255-255_10505_stream_0.pcap,udp_0,udp,0,Skype,nonVPN,Chat,Skype
VPN_VoIP_Skype_audio_1.pcap.TCP_10-8-0-6_58903_129-42-161-35_9692_stream_0.pcap,tcp_0,tcp,0,Skype,VPN,VoIP,Skype
VPN_VoIP_Skype_audio_1.pcap.TCP_10-8-0-6_50214_74-125-226-95_443_stream_0.pcap,tcp_0,tcp,0,Skype,VPN,VoIP,Skype
VPN_VoIP_Skype_audio_1.pcap.TCP_10-8-0-6_51282_23-233-201-201_64885_stream_0.pcap,tcp_0,tcp,0,Skype,VPN,VoIP,Skype
VPN_VoIP_Skype_audio_1.pcap.TCP_10-8-0-6_49580_178-168-63-248_35394_stream_0.pcap,tcp_0,tcp,0,Skype,VPN,VoIP,Skype
nonVPN_Chat_Skype_none_1.pcap.UDP_131-202-240-70_51197_224-0-0-252_5355_stream_0.pcap,udp_0,udp,0,Skype,nonVPN,Chat,Skype
nonVPN_Chat_Skype_none_1.pcap.UDP_131-202-240-117_59118_255-255-255-255_10505_stream_0.pcap,udp_0,udp,0,Skype,nonVPN,Chat,Skype
VPN_VoIP_Skype_audio_1.pcap.TCP_10-8-0-6_50127_72-39-249-200_18990_stream_0.pcap,tcp_0,tcp,0,Skype,VPN,VoIP,Skype
VPN_VoIP_Skype_audio_2.pcap.UDP_10-8-0-10_27826_131-202-244-3_53_stream_0.pcap,udp_0,udp,0,Skype,VPN,VoIP,Skype
VPN_VoIP_Skype_audio_2.pcap.UDP_10-8-0-10_14939_131-202-6-3_53_stream_0.pcap,udp_0,udp,0,Skype,VPN,VoIP,Skype
nonVPN_Chat_Skype_none_1.pcap.UDP_131-202-240-117_59309_255-255-255-255_10505_stream_0.pcap,udp_0,udp,0,Skype,nonVPN,Chat,Skype
VPN_VoIP_Skype_audio_1.pcap.TCP_10-8-0-6_51801_74-125-226-175_443_stream_0.pcap,tcp_0,tcp,0,Skype,VPN,VoIP,Skype
VPN_VoIP_Skype_audio_2.pcap.UDP_10-8-0-10_31817_131-202-244-5_53_stream_0.pcap,udp_0,udp,0,Skype,VPN,VoIP,Skype
nonVPN_Chat_Skype_none_1.pcap.UDP_131-202-240-185_49549_224-0-0-252_5355_stream_0.pcap,udp_0,udp,0,Skype,nonVPN,Chat,Skype
VPN_VoIP_Skype_audio_1.pcap.TCP_10-8-0-6_55201_64-233-178-94_80_stream_0.pcap,tcp_0,tcp,0,Skype,VPN,VoIP,Skype
nonVPN_Email_Gmail_none_1.pcap.UDP_131-202-242-93_52130_224-0-0-252_5355_stream_0.pcap,udp_0,udp,0,Gmail,nonVPN,Email,Gmail
nonVPN_Email_Gmail_none_1.pcap.UDP_131-202-242-93_61669_224-0-0-252_5355_stream_0.pcap,udp_0,udp,0,Gmail,nonVPN,Email,Gmail
VPN_Email_Gmail_none_1.pcap.TCP_10-8-8-110_37388_64-233-184-16_465_stream_0.pcap,tcp_0,tcp,0,Gmail,VPN,Email,Gmail
nonVPN_Email_Gmail_none_1.pcap.UDP_131-202-243-49_54323_224-0-0-252_5355_stream_0.pcap,udp_0,udp,0,Gmail,nonVPN,Email,Gmail
nonVPN_Email_Gmail_none_1.pcap.UDP_131-202-243-21_51058_224-0-0-252_5355_stream_0.pcap,udp_0,udp,0,Gmail,nonVPN,Email,Gmail
nonVPN_Email_Gmail_none_1.pcap.UDP_131-202-240-87_56862_224-0-0-252_5355_stream_0.pcap,udp_0,udp,0,Gmail,nonVPN,Email,Gmail
VPN_Email_Gmail_none_1.pcap.TCP_10-8-8-110_37410_64-233-184-16_465_stream_0.pcap,tcp_0,tcp,0,Gmail,VPN,Email,Gmail
nonVPN_Email_Gmail_none_1.pcap.UDP_131-202-242-93_49229_224-0-0-252_5355_stream_0.pcap,udp_0,udp,0,Gmail,nonVPN,Email,Gmail
VPN_Email_Gmail_none_1.pcap.TCP_10-8-8-110_37428_64-233-184-16_465_stream_0.pcap,tcp_0,tcp,0,Gmail,VPN,Email,Gmail
nonVPN_Email_Gmail_none_1.pcap.UDP_131-202-240-185_54089_224-0-0-252_5355_stream_0.pcap,udp_0,udp,0,Gmail,nonVPN,Email,Gmail
nonVPN_Email_Gmail_none_1.pcap.UDP_131-202-240-185_61572_224-0-0-252_5355_stream_0.pcap,udp_0,udp,0,Gmail,nonVPN,Email,Gmail
VPN_Email_Gmail_none_1.pcap.TCP_10-8-8-110_37436_64-233-184-16_465_stream_0.pcap,tcp_0,tcp,0,Gmail,VPN,Email,Gmail
nonVPN_Email_Gmail_none_1.pcap.UDP_131-202-240-117_63086_255-255-255-255_10505_stream_0.pcap,udp_0,udp,0,Gmail,nonVPN,Email,Gmail
nonVPN_Email_Gmail_none_1.pcap.UDP_131-202-240-185_49862_224-0-0-252_5355_stream_0.pcap,udp_0,udp,0,Gmail,nonVPN,Email,Gmail
nonVPN_Email_Gmail_none_1.pcap.UDP_131-202-240-102_56971_224-0-0-252_5355_stream_0.pcap,udp_0,udp,0,Gmail,nonVPN,Email,Gmail
VPN_Email_Gmail_none_1.pcap.TCP_10-8-8-110_39035_63-245-216-132_443_stream_0.pcap,tcp_0,tcp,0,Gmail,VPN,Email,Gmail
nonVPN_Email_Gmail_none_1.pcap.UDP_131-202-243-48_53708_224-0-0-252_5355_stream_0.pcap,udp_0,udp,0,Gmail,nonVPN,Email,Gmail
VPN_Email_Gmail_none_1.pcap.TCP_10-8-8-110_51633_64-233-184-16_995_stream_0.pcap,tcp_0,tcp,0,Gmail,VPN,Email,Gmail
VPN_Email_Gmail_none_1.pcap.TCP_10-8-8-110_54951_63-245-217-114_443_stream_0.pcap,tcp_0,tcp,0,Gmail,VPN,Email,Gmail
nonVPN_Email_Gmail_none_1.pcap.UDP_131-202-240-93_60814_255-255-255-255_10505_stream_0.pcap,udp_0,udp,0,Gmail,nonVPN,Email,Gmail
VPN_Email_Gmail_none_1.pcap.UDP_10-8-8-110_12189_198-7-63-141_53_stream_0.pcap,udp_0,udp,0,Gmail,VPN,Email,Gmail
nonVPN_Email_Gmail_none_1.pcap.UDP_131-202-240-93_55606_255-255-255-255_10505_stream_0.pcap,udp_0,udp,0,Gmail,nonVPN,Email,Gmail
VPN_Email_Gmail_none_1.pcap.UDP_10-8-8-110_1560_78-46-223-24_53_stream_0.pcap,udp_0,udp,0,Gmail,VPN,Email,Gmail
VPN_Email_Gmail_none_1.pcap.UDP_10-8-8-110_22915_198-7-63-141_53_stream_0.pcap,udp_0,udp,0,Gmail,VPN,Email,Gmail
nonVPN_Email_Gmail_none_1.pcap.UDP_131-202-242-93_49691_224-0-0-252_5355_stream_0.pcap,udp_0,udp,0,Gmail,nonVPN,Email,Gmail
nonVPN_Email_Gmail_none_1.pcap.UDP_131-202-240-117_54996_255-255-255-255_10505_stream_0.pcap,udp_0,udp,0,Gmail,nonVPN,Email,Gmail
nonVPN_Email_Gmail_none_1.pcap.UDP_131-202-242-93_61517_224-0-0-252_5355_stream_0.pcap,udp_0,udp,0,Gmail,nonVPN,Email,Gmail
nonVPN_Email_Gmail_none_1.pcap.UDP_131-202-240-117_59238_255-255-255-255_10505_stream_0.pcap,udp_0,udp,0,Gmail,nonVPN,Email,Gmail
nonVPN_Email_Gmail_none_1.pcap.UDP_131-202-240-102_60378_224-0-0-252_5355_stream_0.pcap,udp_0,udp,0,Gmail,nonVPN,Email,Gmail
nonVPN_Email_Gmail_none_1.pcap.UDP_131-202-240-185_50350_224-0-0-252_5355_stream_0.pcap,udp_0,udp,0,Gmail,nonVPN,Email,Gmail
VPN_Email_Gmail_none_1.pcap.UDP_10-8-8-110_49734_78-46-223-24_53_stream_0.pcap,udp_0,udp,0,Gmail,VPN,Email,Gmail
nonVPN_Email_Gmail_none_1.pcap.UDP_131-202-240-70_50763_224-0-0-252_5355_stream_0.pcap,udp_0,udp,0,Gmail,nonVPN,Email,Gmail
nonVPN_Email_Gmail_none_1.pcap.UDP_131-202-240-117_50691_255-255-255-255_10505_stream_0.pcap,udp_0,udp,0,Gmail,nonVPN,Email,Gmail
VPN_Email_Gmail_none_2.pcap.TCP_10-8-8-234_37829_173-194-67-16_465_stream_0.pcap,tcp_0,tcp,0,Gmail,VPN,Email,Gmail
VPN_Email_Gmail_none_2.pcap.TCP_10-8-8-234_37843_173-194-67-16_465_stream_0.pcap,tcp_0,tcp,0,Gmail,VPN,Email,Gmail
VPN_Email_Gmail_none_2.pcap.TCP_10-8-8-234_37848_173-194-67-16_465_stream_0.pcap,tcp_0,tcp,0,Gmail,VPN,Email,Gmail
nonVPN_Email_Gmail_none_1.pcap.UDP_131-202-240-93_58435_255-255-255-255_10505_stream_0.pcap,udp_0,udp,0,Gmail,nonVPN,Email,Gmail
nonVPN_Email_Gmail_none_1.pcap.UDP_131-202-240-117_61572_255-255-255-255_10505_stream_0.pcap,udp_0,udp,0,Gmail,nonVPN,Email,Gmail
nonVPN_Email_Gmail_none_1.pcap.UDP_131-202-243-166_52619_224-0-0-252_5355_stream_0.pcap,udp_0,udp,0,Gmail,nonVPN,Email,Gmail
nonVPN_Email_Gmail_none_1.pcap.UDP_131-202-240-117_61580_255-255-255-255_10505_stream_0.pcap,udp_0,udp,0,Gmail,nonVPN,Email,Gmail
nonVPN_Email_Gmail_none_1.pcap.UDP_131-202-240-117_59334_255-255-255-255_10505_stream_0.pcap,udp_0,udp,0,Gmail,nonVPN,Email,Gmail
nonVPN_Email_Gmail_none_1.pcap.UDP_131-202-240-93_60281_255-255-255-255_10505_stream_0.pcap,udp_0,udp,0,Gmail,nonVPN,Email,Gmail
nonVPN_Email_Gmail_none_1.pcap.UDP_131-202-240-102_64675_224-0-0-252_5355_stream_0.pcap,udp_0,udp,0,Gmail,nonVPN,Email,Gmail
nonVPN_Email_Gmail_none_1.pcap.UDP_131-202-240-87_49357_224-0-0-252_5355_stream_0.pcap,udp_0,udp,0,Gmail,nonVPN,Email,Gmail
VPN_Email_Gmail_none_2.pcap.UDP_10-8-8-234_33252_198-7-63-141_53_stream_0.pcap,udp_0,udp,0,Gmail,VPN,Email,Gmail
nonVPN_Email_Gmail_none_1.pcap.UDP_131-202-243-49_49593_224-0-0-252_5355_stream_0.pcap,udp_0,udp,0,Gmail,nonVPN,Email,Gmail
nonVPN_Email_Gmail_none_1.pcap.UDP_131-202-240-87_53935_224-0-0-252_5355_stream_0.pcap,udp_0,udp,0,Gmail,nonVPN,Email,Gmail
VPN_Email_Gmail_none_2.pcap.UDP_10-8-8-234_47244_78-46-223-24_53_stream_0.pcap,udp_0,udp,0,Gmail,VPN,Email,Gmail
VPN_Email_Gmail_none_2.pcap.UDP_10-8-8-234_51333_198-7-63-141_53_stream_0.pcap,udp_0,udp,0,Gmail,VPN,Email,Gmail
nonVPN_Email_Gmail_none_1.pcap.UDP_131-202-240-93_55791_255-255-255-255_10505_stream_0.pcap,udp_0,udp,0,Gmail,nonVPN,Email,Gmail
nonVPN_Email_Gmail_none_1.pcap.UDP_131-202-240-93_51503_255-255-255-255_10505_stream_0.pcap,udp_0,udp,0,Gmail,nonVPN,Email,Gmail
nonVPN_Email_Gmail_none_1.pcap.UDP_131-202-240-70_58536_224-0-0-252_5355_stream_0.pcap,udp_0,udp,0,Gmail,nonVPN,Email,Gmail
nonVPN_Email_Gmail_none_1.pcap.UDP_131-202-242-93_50002_224-0-0-252_5355_stream_0.pcap,udp_0,udp,0,Gmail,nonVPN,Email,Gmail
nonVPN_Email_Gmail_none_1.pcap.UDP_131-202-240-102_60794_224-0-0-252_5355_stream_0.pcap,udp_0,udp,0,Gmail,nonVPN,Email,Gmail
nonVPN_Email_Gmail_none_1.pcap.UDP_131-202-243-172_137_131-202-243-255_137_stream_0.pcap,udp_0,udp,0,Gmail,nonVPN,Email,Gmail
nonVPN_Chat_Gmail_none_1.pcap.UDP_131-202-240-87_54605_131-202-244-3_53_stream_0.pcap,udp_0,udp,0,Gmail,nonVPN,Chat,Gmail
nonVPN_Email_Gmail_none_1.pcap.UDP_131-202-240-102_63016_224-0-0-252_5355_stream_0.pcap,udp_0,udp,0,Gmail,nonVPN,Email,Gmail
nonVPN_Email_Gmail_none_1.pcap.UDP_131-202-240-93_53350_255-255-255-255_10505_stream_0.pcap,udp_0,udp,0,Gmail,nonVPN,Email,Gmail
nonVPN_Email_Gmail_none_1.pcap.UDP_131-202-240-117_59962_255-255-255-255_10505_stream_0.pcap,udp_0,udp,0,Gmail,nonVPN,Email,Gmail
nonVPN_Email_Gmail_none_1.pcap.UDP_131-202-240-117_50576_255-255-255-255_10505_stream_0.pcap,udp_0,udp,0,Gmail,nonVPN,Email,Gmail
nonVPN_Chat_Gmail_none_1.pcap.UDP_131-202-240-87_57447_131-202-244-3_53_stream_0.pcap,udp_0,udp,0,Gmail,nonVPN,Chat,Gmail
nonVPN_Email_Gmail_none_1.pcap.UDP_131-202-240-117_59961_255-255-255-255_10505_stream_0.pcap,udp_0,udp,0,Gmail,nonVPN,Email,Gmail
nonVPN_Email_Gmail_none_1.pcap.UDP_131-202-243-49_52791_224-0-0-252_5355_stream_0.pcap,udp_0,udp,0,Gmail,nonVPN,Email,Gmail
nonVPN_Email_Gmail_none_1.pcap.UDP_131-202-240-102_63760_224-0-0-252_5355_stream_0.pcap,udp_0,udp,0,Gmail,nonVPN,Email,Gmail
nonVPN_Chat_Gmail_none_2.pcap.TCP_74-125-226-163_443_131-202-240-87_19464_stream_0.pcap,tcp_0,tcp,0,Gmail,nonVPN,Chat,Gmail
nonVPN_Chat_Gmail_none_2.pcap.TCP_74-125-226-163_443_131-202-240-87_19480_stream_0.pcap,tcp_0,tcp,0,Gmail,nonVPN,Chat,Gmail
nonVPN_Email_Gmail_none_1.pcap.UDP_131-202-240-117_61615_255-255-255-255_10505_stream_0.pcap,udp_0,udp,0,Gmail,nonVPN,Email,Gmail
nonVPN_Email_Gmail_none_1.pcap.UDP_131-202-242-93_49313_224-0-0-252_5355_stream_0.pcap,udp_0,udp,0,Gmail,nonVPN,Email,Gmail
nonVPN_Chat_Gmail_none_2.pcap.TCP_93-184-215-200_80_131-202-240-87_19468_stream_0.pcap,tcp_0,tcp,0,Gmail,nonVPN,Chat,Gmail
nonVPN_Chat_Gmail_none_2.pcap.UDP_131-202-240-87_49777_131-202-244-3_53_stream_0.pcap,udp_0,udp,0,Gmail,nonVPN,Chat,Gmail
nonVPN_Email_Gmail_none_1.pcap.UDP_131-202-240-93_55333_255-255-255-255_10505_stream_0.pcap,udp_0,udp,0,Gmail,nonVPN,Email,Gmail
nonVPN_Email_Gmail_none_1.pcap.UDP_131-202-242-93_61006_224-0-0-252_5355_stream_0.pcap,udp_0,udp,0,Gmail,nonVPN,Email,Gmail
nonVPN_Email_Gmail_none_1.pcap.UDP_131-202-240-79_53609_224-0-0-252_5355_stream_0.pcap,udp_0,udp,0,Gmail,nonVPN,Email,Gmail
nonVPN_Email_Gmail_none_1.pcap.UDP_131-202-242-93_54364_224-0-0-252_5355_stream_0.pcap,udp_0,udp,0,Gmail,nonVPN,Email,Gmail
nonVPN_Email_Gmail_none_1.pcap.UDP_131-202-240-117_49177_255-255-255-255_10505_stream_0.pcap,udp_0,udp,0,Gmail,nonVPN,Email,Gmail
nonVPN_Email_Gmail_none_1.pcap.UDP_131-202-240-117_65325_255-255-255-255_10505_stream_0.pcap,udp_0,udp,0,Gmail,nonVPN,Email,Gmail
nonVPN_Chat_Gmail_none_2.pcap.UDP_131-202-240-87_57126_224-0-0-252_5355_stream_0.pcap,udp_0,udp,0,Gmail,nonVPN,Chat,Gmail
nonVPN_Email_Gmail_none_1.pcap.UDP_131-202-240-242_57077_224-0-0-252_5355_stream_0.pcap,udp_0,udp,0,Gmail,nonVPN,Email,Gmail
nonVPN_Email_Gmail_none_1.pcap.UDP_131-202-240-93_62598_255-255-255-255_10505_stream_0.pcap,udp_0,udp,0,Gmail,nonVPN,Email,Gmail
nonVPN_Email_Gmail_none_1.pcap.UDP_131-202-240-70_59375_224-0-0-252_5355_stream_0.pcap,udp_0,udp,0,Gmail,nonVPN,Email,Gmail
nonVPN_Email_Gmail_none_1.pcap.UDP_131-202-240-102_59997_224-0-0-252_5355_stream_0.pcap,udp_0,udp,0,Gmail,nonVPN,Email,Gmail
nonVPN_Email_Gmail_none_1.pcap.UDP_131-202-240-102_65178_224-0-0-252_5355_stream_0.pcap,udp_0,udp,0,Gmail,nonVPN,Email,Gmail
nonVPN_Email_Gmail_none_1.pcap.UDP_131-202-240-117_59963_255-255-255-255_10505_stream_0.pcap,udp_0,udp,0,Gmail,nonVPN,Email,Gmail
nonVPN_Chat_Gmail_none_2.pcap.UDP_131-202-240-87_61145_131-202-244-3_53_stream_0.pcap,udp_0,udp,0,Gmail,nonVPN,Chat,Gmail
nonVPN_Chat_Gmail_none_2.pcap.UDP_131-202-240-87_62009_131-202-244-3_53_stream_0.pcap,udp_0,udp,0,Gmail,nonVPN,Chat,Gmail
nonVPN_Chat_Gmail_none_2.pcap.UDP_131-202-240-87_64026_224-0-0-252_5355_stream_0.pcap,udp_0,udp,0,Gmail,nonVPN,Chat,Gmail
nonVPN_Email_Gmail_none_1.pcap.UDP_131-202-240-242_54664_198-7-63-141_53_stream_0.pcap,udp_0,udp,0,Gmail,nonVPN,Email,Gmail
nonVPN_Chat_Gmail_none_3.pcap.TCP_74-125-226-166_443_131-202-240-87_9136_stream_0.pcap,tcp_0,tcp,0,Gmail,nonVPN,Chat,Gmail
nonVPN_Email_Gmail_none_1.pcap.UDP_131-202-240-242_54439_198-7-63-141_53_stream_0.pcap,udp_0,udp,0,Gmail,nonVPN,Email,Gmail
nonVPN_Email_Gmail_none_1.pcap.UDP_131-202-242-93_54607_224-0-0-252_5355_stream_0.pcap,udp_0,udp,0,Gmail,nonVPN,Email,Gmail
nonVPN_Email_Gmail_none_1.pcap.UDP_131-202-240-70_60335_224-0-0-252_5355_stream_0.pcap,udp_0,udp,0,Gmail,nonVPN,Email,Gmail
nonVPN_Email_Gmail_none_1.pcap.UDP_131-202-240-185_58299_224-0-0-252_5355_stream_0.pcap,udp_0,udp,0,Gmail,nonVPN,Email,Gmail
nonVPN_Email_Gmail_none_1.pcap.UDP_131-202-240-117_53097_255-255-255-255_10505_stream_0.pcap,udp_0,udp,0,Gmail,nonVPN,Email,Gmail
nonVPN_Email_Gmail_none_1.pcap.UDP_131-202-240-70_52610_224-0-0-252_5355_stream_0.pcap,udp_0,udp,0,Gmail,nonVPN,Email,Gmail
nonVPN_Email_Gmail_none_1.pcap.UDP_131-202-240-185_63886_224-0-0-252_5355_stream_0.pcap,udp_0,udp,0,Gmail,nonVPN,Email,Gmail
nonVPN_Chat_Gmail_none_3.pcap.UDP_131-202-240-87_52300_131-202-244-3_53_stream_0.pcap,udp_0,udp,0,Gmail,nonVPN,Chat,Gmail
nonVPN_Email_Gmail_none_1.pcap.UDP_131-202-243-126_55613_224-0-0-252_5355_stream_0.pcap,udp_0,udp,0,Gmail,nonVPN,Email,Gmail
nonVPN_Email_Gmail_none_1.pcap.UDP_131-202-240-102_65001_224-0-0-252_5355_stream_0.pcap,udp_0,udp,0,Gmail,nonVPN,Email,Gmail
nonVPN_Email_Gmail_none_1.pcap.UDP_131-202-240-70_53692_224-0-0-252_5355_stream_0.pcap,udp_0,udp,0,Gmail,nonVPN,Email,Gmail
nonVPN_Chat_Gmail_none_3.pcap.UDP_131-202-240-87_52770_131-202-244-3_53_stream_0.pcap,udp_0,udp,0,Gmail,nonVPN,Chat,Gmail
nonVPN_Email_Gmail_none_1.pcap.UDP_131-202-243-115_63547_224-0-0-252_5355_stream_0.pcap,udp_0,udp,0,Gmail,nonVPN,Email,Gmail
nonVPN_Email_Gmail_none_1.pcap.UDP_131-202-243-48_64310_224-0-0-252_5355_stream_0.pcap,udp_0,udp,0,Gmail,nonVPN,Email,Gmail
nonVPN_Chat_Gmail_none_3.pcap.UDP_131-202-240-87_55602_131-202-244-3_53_stream_0.pcap,udp_0,udp,0,Gmail,nonVPN,Chat,Gmail
nonVPN_Chat_Gmail_none_3.pcap.UDP_131-202-240-87_55604_131-202-244-3_53_stream_0.pcap,udp_0,udp,0,Gmail,nonVPN,Chat,Gmail
nonVPN_Chat_Gmail_none_3.pcap.UDP_131-202-240-87_55605_131-202-244-3_53_stream_0.pcap,udp_0,udp,0,Gmail,nonVPN,Chat,Gmail
nonVPN_Email_Gmail_none_1.pcap.UDP_131-202-240-93_61894_255-255-255-255_10505_stream_0.pcap,udp_0,udp,0,Gmail,nonVPN,Email,Gmail
nonVPN_Email_Gmail_none_1.pcap.UDP_131-202-240-185_62924_224-0-0-252_5355_stream_0.pcap,udp_0,udp,0,Gmail,nonVPN,Email,Gmail
nonVPN_Email_Gmail_none_1.pcap.UDP_131-202-240-85_51826_224-0-0-252_5355_stream_0.pcap,udp_0,udp,0,Gmail,nonVPN,Email,Gmail
nonVPN_Email_Gmail_none_1.pcap.UDP_131-202-240-242_62370_224-0-0-252_5355_stream_0.pcap,udp_0,udp,0,Gmail,nonVPN,Email,Gmail
nonVPN_Email_Gmail_none_1.pcap.UDP_131-202-240-185_58875_224-0-0-252_5355_stream_0.pcap,udp_0,udp,0,Gmail,nonVPN,Email,Gmail
nonVPN_Chat_Gmail_none_3.pcap.UDP_131-202-240-87_57931_224-0-0-252_5355_stream_0.pcap,udp_0,udp,0,Gmail,nonVPN,Chat,Gmail
nonVPN_Chat_Gmail_none_3.pcap.UDP_131-202-240-87_61289_131-202-244-3_53_stream_0.pcap,udp_0,udp,0,Gmail,nonVPN,Chat,Gmail
nonVPN_Email_Gmail_none_1.pcap.UDP_131-202-240-93_51102_255-255-255-255_10505_stream_0.pcap,udp_0,udp,0,Gmail,nonVPN,Email,Gmail
nonVPN_Email_Gmail_none_1.pcap.UDP_131-202-242-93_51739_224-0-0-252_5355_stream_0.pcap,udp_0,udp,0,Gmail,nonVPN,Email,Gmail
nonVPN_Chat_Gmail_none_3.pcap.UDP_131-202-240-87_62648_131-202-244-3_53_stream_0.pcap,udp_0,udp,0,Gmail,nonVPN,Chat,Gmail
nonVPN_Email_Gmail_none_1.pcap.UDP_131-202-240-120_137_131-202-243-255_137_stream_0.pcap,udp_0,udp,0,Gmail,nonVPN,Email,Gmail
nonVPN_Email_Gmail_none_1.pcap.UDP_131-202-243-49_50232_224-0-0-252_5355_stream_0.pcap,udp_0,udp,0,Gmail,nonVPN,Email,Gmail
nonVPN_Email_Gmail_none_1.pcap.UDP_131-202-240-70_58483_224-0-0-252_5355_stream_0.pcap,udp_0,udp,0,Gmail,nonVPN,Email,Gmail
nonVPN_Email_Gmail_none_1.pcap.UDP_131-202-240-117_61575_255-255-255-255_10505_stream_0.pcap,udp_0,udp,0,Gmail,nonVPN,Email,Gmail
nonVPN_Email_Gmail_none_1.pcap.UDP_131-202-240-242_61374_224-0-0-252_5355_stream_0.pcap,udp_0,udp,0,Gmail,nonVPN,Email,Gmail
nonVPN_Email_Gmail_none_1.pcap.UDP_131-202-240-93_53348_255-255-255-255_10505_stream_0.pcap,udp_0,udp,0,Gmail,nonVPN,Email,Gmail
nonVPN_Chat_Gmail_none_3.pcap.UDP_131-202-240-87_63541_131-202-244-3_53_stream_0.pcap,udp_0,udp,0,Gmail,nonVPN,Chat,Gmail
nonVPN_Chat_Gmail_none_3.pcap.UDP_131-202-240-87_64696_131-202-244-3_53_stream_0.pcap,udp_0,udp,0,Gmail,nonVPN,Chat,Gmail
nonVPN_Email_Gmail_none_1.pcap.UDP_131-202-240-93_62604_255-255-255-255_10505_stream_0.pcap,udp_0,udp,0,Gmail,nonVPN,Email,Gmail
nonVPN_Chat_Gmail_none_3.pcap.UDP_74-125-226-164_443_131-202-240-87_56775_stream_0.pcap,udp_0,udp,0,Gmail,nonVPN,Chat,Gmail
nonVPN_Chat_Gmail_none_3.pcap.UDP_74-125-226-163_443_131-202-240-87_62699_stream_0.pcap,udp_0,udp,0,Gmail,nonVPN,Chat,Gmail
nonVPN_Chat_Gmail_none_3.pcap.UDP_74-125-226-163_443_131-202-240-87_57564_stream_0.pcap,udp_0,udp,0,Gmail,nonVPN,Chat,Gmail
nonVPN_Chat_Gmail_none_3.pcap.UDP_74-125-226-182_443_131-202-240-87_49959_stream_0.pcap,udp_0,udp,0,Gmail,nonVPN,Chat,Gmail
nonVPN_Chat_Gmail_none_3.pcap.UDP_74-125-226-166_443_131-202-240-87_50011_stream_0.pcap,udp_0,udp,0,Gmail,nonVPN,Chat,Gmail
nonVPN_Email_Gmail_none_1.pcap.UDP_131-202-240-93_57668_255-255-255-255_10505_stream_0.pcap,udp_0,udp,0,Gmail,nonVPN,Email,Gmail
nonVPN_Email_Gmail_none_1.pcap.UDP_131-202-240-102_56843_224-0-0-252_5355_stream_0.pcap,udp_0,udp,0,Gmail,nonVPN,Email,Gmail
nonVPN_Email_Gmail_none_1.pcap.UDP_131-202-240-185_57731_224-0-0-252_5355_stream_0.pcap,udp_0,udp,0,Gmail,nonVPN,Email,Gmail
nonVPN_Email_Gmail_none_1.pcap.UDP_131-202-241-231_137_131-202-243-255_137_stream_0.pcap,udp_0,udp,0,Gmail,nonVPN,Email,Gmail
nonVPN_Email_Gmail_none_1.pcap.UDP_131-202-240-242_58203_224-0-0-252_5355_stream_0.pcap,udp_0,udp,0,Gmail,nonVPN,Email,Gmail
nonVPN_Email_Gmail_none_1.pcap.UDP_131-202-242-93_62471_224-0-0-252_5355_stream_0.pcap,udp_0,udp,0,Gmail,nonVPN,Email,Gmail
nonVPN_Email_Gmail_none_1.pcap.UDP_131-202-240-117_53107_255-255-255-255_10505_stream_0.pcap,udp_0,udp,0,Gmail,nonVPN,Email,Gmail
nonVPN_Email_Gmail_none_1.pcap.UDP_131-202-240-117_49169_255-255-255-255_10505_stream_0.pcap,udp_0,udp,0,Gmail,nonVPN,Email,Gmail
nonVPN_Email_Gmail_none_1.pcap.UDP_131-202-240-102_49883_224-0-0-252_5355_stream_0.pcap,udp_0,udp,0,Gmail,nonVPN,Email,Gmail
nonVPN_Email_Gmail_none_1.pcap.UDP_131-202-240-102_50012_224-0-0-252_5355_stream_0.pcap,udp_0,udp,0,Gmail,nonVPN,Email,Gmail
nonVPN_Email_Gmail_none_1.pcap.UDP_131-202-240-117_59337_255-255-255-255_10505_stream_0.pcap,udp_0,udp,0,Gmail,nonVPN,Email,Gmail
nonVPN_Email_Gmail_none_1.pcap.UDP_131-202-240-102_62824_224-0-0-252_5355_stream_0.pcap,udp_0,udp,0,Gmail,nonVPN,Email,Gmail
nonVPN_Email_Gmail_none_1.pcap.UDP_131-202-240-183_137_131-202-243-255_137_stream_0.pcap,udp_0,udp,0,Gmail,nonVPN,Email,Gmail
nonVPN_Email_Gmail_none_1.pcap.UDP_131-202-240-102_50303_224-0-0-252_5355_stream_0.pcap,udp_0,udp,0,Gmail,nonVPN,Email,Gmail
nonVPN_Email_Gmail_none_1.pcap.UDP_131-202-240-97_5353_224-0-0-251_5353_stream_0.pcap,udp_0,udp,0,Gmail,nonVPN,Email,Gmail
nonVPN_Email_Gmail_none_1.pcap.UDP_131-202-240-102_50896_224-0-0-252_5355_stream_0.pcap,udp_0,udp,0,Gmail,nonVPN,Email,Gmail
nonVPN_Email_Gmail_none_1.pcap.UDP_131-202-240-102_50913_224-0-0-252_5355_stream_0.pcap,udp_0,udp,0,Gmail,nonVPN,Email,Gmail
nonVPN_Email_Gmail_none_1.pcap.UDP_131-202-243-49_52807_224-0-0-252_5355_stream_0.pcap,udp_0,udp,0,Gmail,nonVPN,Email,Gmail
nonVPN_Email_Gmail_none_1.pcap.UDP_131-202-240-102_51581_224-0-0-252_5355_stream_0.pcap,udp_0,udp,0,Gmail,nonVPN,Email,Gmail
nonVPN_Email_Gmail_none_1.pcap.UDP_131-202-240-102_56451_224-0-0-252_5355_stream_0.pcap,udp_0,udp,0,Gmail,nonVPN,Email,Gmail
nonVPN_Email_Gmail_none_1.pcap.UDP_131-202-240-242_59111_224-0-0-252_5355_stream_0.pcap,udp_0,udp,0,Gmail,nonVPN,Email,Gmail
nonVPN_Email_Gmail_none_1.pcap.UDP_131-202-240-102_51974_224-0-0-252_5355_stream_0.pcap,udp_0,udp,0,Gmail,nonVPN,Email,Gmail
nonVPN_Email_Gmail_none_1.pcap.UDP_131-202-240-102_52124_224-0-0-252_5355_stream_0.pcap,udp_0,udp,0,Gmail,nonVPN,Email,Gmail
nonVPN_Email_Gmail_none_1.pcap.UDP_131-202-240-102_52224_224-0-0-252_5355_stream_0.pcap,udp_0,udp,0,Gmail,nonVPN,Email,Gmail
nonVPN_Email_Gmail_none_1.pcap.UDP_131-202-240-102_52237_224-0-0-252_5355_stream_0.pcap,udp_0,udp,0,Gmail,nonVPN,Email,Gmail
nonVPN_Email_Gmail_none_1.pcap.UDP_131-202-240-185_59103_224-0-0-252_5355_stream_0.pcap,udp_0,udp,0,Gmail,nonVPN,Email,Gmail
nonVPN_Email_Gmail_none_1.pcap.UDP_131-202-240-93_51281_255-255-255-255_10505_stream_0.pcap,udp_0,udp,0,Gmail,nonVPN,Email,Gmail
nonVPN_Email_Gmail_none_1.pcap.UDP_131-202-242-93_56761_224-0-0-252_5355_stream_0.pcap,udp_0,udp,0,Gmail,nonVPN,Email,Gmail
nonVPN_Email_Gmail_none_1.pcap.UDP_131-202-240-242_56309_224-0-0-252_5355_stream_0.pcap,udp_0,udp,0,Gmail,nonVPN,Email,Gmail
nonVPN_Email_Gmail_none_1.pcap.UDP_131-202-242-93_51126_224-0-0-252_5355_stream_0.pcap,udp_0,udp,0,Gmail,nonVPN,Email,Gmail
nonVPN_Email_Gmail_none_1.pcap.UDP_131-202-240-102_52695_224-0-0-252_5355_stream_0.pcap,udp_0,udp,0,Gmail,nonVPN,Email,Gmail
nonVPN_Email_Gmail_none_1.pcap.UDP_131-202-240-157_138_131-202-243-255_138_stream_0.pcap,udp_0,udp,0,Gmail,nonVPN,Email,Gmail
nonVPN_Email_Gmail_none_1.pcap.UDP_131-202-240-102_52864_224-0-0-252_5355_stream_0.pcap,udp_0,udp,0,Gmail,nonVPN,Email,Gmail
nonVPN_Email_Gmail_none_1.pcap.UDP_131-202-240-102_53218_224-0-0-252_5355_stream_0.pcap,udp_0,udp,0,Gmail,nonVPN,Email,Gmail
nonVPN_Email_Gmail_none_1.pcap.UDP_131-202-240-102_53257_224-0-0-252_5355_stream_0.pcap,udp_0,udp,0,Gmail,nonVPN,Email,Gmail
nonVPN_Email_Gmail_none_1.pcap.UDP_131-202-240-185_55388_224-0-0-252_5355_stream_0.pcap,udp_0,udp,0,Gmail,nonVPN,Email,Gmail
nonVPN_Email_Gmail_none_1.pcap.UDP_131-202-240-70_60146_224-0-0-252_5355_stream_0.pcap,udp_0,udp,0,Gmail,nonVPN,Email,Gmail
nonVPN_Email_Gmail_none_1.pcap.UDP_131-202-240-102_53738_224-0-0-252_5355_stream_0.pcap,udp_0,udp,0,Gmail,nonVPN,Email,Gmail
nonVPN_Email_Gmail_none_1.pcap.UDP_131-202-242-93_52859_224-0-0-252_5355_stream_0.pcap,udp_0,udp,0,Gmail,nonVPN,Email,Gmail
nonVPN_Email_Gmail_none_1.pcap.UDP_131-202-243-48_62163_224-0-0-252_5355_stream_0.pcap,udp_0,udp,0,Gmail,nonVPN,Email,Gmail
nonVPN_Email_Gmail_none_1.pcap.UDP_131-202-240-102_54216_224-0-0-252_5355_stream_0.pcap,udp_0,udp,0,Gmail,nonVPN,Email,Gmail
nonVPN_Email_Gmail_none_1.pcap.UDP_131-202-240-85_60941_224-0-0-252_5355_stream_0.pcap,udp_0,udp,0,Gmail,nonVPN,Email,Gmail
nonVPN_Email_Gmail_none_1.pcap.UDP_131-202-243-49_50217_224-0-0-252_5355_stream_0.pcap,udp_0,udp,0,Gmail,nonVPN,Email,Gmail
nonVPN_Email_Gmail_none_1.pcap.UDP_131-202-240-102_54429_224-0-0-252_5355_stream_0.pcap,udp_0,udp,0,Gmail,nonVPN,Email,Gmail
nonVPN_Email_Gmail_none_1.pcap.UDP_131-202-240-70_62958_224-0-0-252_5355_stream_0.pcap,udp_0,udp,0,Gmail,nonVPN,Email,Gmail
nonVPN_Email_Gmail_none_1.pcap.UDP_131-202-240-102_63962_224-0-0-252_5355_stream_0.pcap,udp_0,udp,0,Gmail,nonVPN,Email,Gmail
nonVPN_Email_Gmail_none_1.pcap.UDP_131-202-240-102_54753_224-0-0-252_5355_stream_0.pcap,udp_0,udp,0,Gmail,nonVPN,Email,Gmail
nonVPN_Email_Gmail_none_1.pcap.UDP_131-202-240-102_54891_224-0-0-252_5355_stream_0.pcap,udp_0,udp,0,Gmail,nonVPN,Email,Gmail
nonVPN_Email_Gmail_none_1.pcap.UDP_131-202-240-83_55903_224-0-0-252_5355_stream_0.pcap,udp_0,udp,0,Gmail,nonVPN,Email,Gmail
nonVPN_Email_Gmail_none_1.pcap.UDP_131-202-240-102_64666_224-0-0-252_5355_stream_0.pcap,udp_0,udp,0,Gmail,nonVPN,Email,Gmail
nonVPN_Email_Gmail_none_1.pcap.UDP_131-202-240-102_55489_224-0-0-252_5355_stream_0.pcap,udp_0,udp,0,Gmail,nonVPN,Email,Gmail
nonVPN_Email_Gmail_none_1.pcap.UDP_131-202-243-21_52727_224-0-0-252_5355_stream_0.pcap,udp_0,udp,0,Gmail,nonVPN,Email,Gmail
nonVPN_Email_Gmail_none_1.pcap.UDP_131-202-240-102_55589_224-0-0-252_5355_stream_0.pcap,udp_0,udp,0,Gmail,nonVPN,Email,Gmail
nonVPN_Email_Gmail_none_1.pcap.UDP_131-202-240-102_55716_224-0-0-252_5355_stream_0.pcap,udp_0,udp,0,Gmail,nonVPN,Email,Gmail
nonVPN_Email_Gmail_none_1.pcap.UDP_131-202-240-102_55602_224-0-0-252_5355_stream_0.pcap,udp_0,udp,0,Gmail,nonVPN,Email,Gmail
nonVPN_Email_Gmail_none_1.pcap.UDP_131-202-240-102_55937_224-0-0-252_5355_stream_0.pcap,udp_0,udp,0,Gmail,nonVPN,Email,Gmail
nonVPN_Email_Gmail_none_1.pcap.UDP_131-202-240-87_51284_224-0-0-252_5355_stream_0.pcap,udp_0,udp,0,Gmail,nonVPN,Email,Gmail
nonVPN_Email_Gmail_none_1.pcap.UDP_131-202-240-102_56012_224-0-0-252_5355_stream_0.pcap,udp_0,udp,0,Gmail,nonVPN,Email,Gmail
nonVPN_Email_Gmail_none_1.pcap.UDP_131-202-242-93_65015_224-0-0-252_5355_stream_0.pcap,udp_0,udp,0,Gmail,nonVPN,Email,Gmail
nonVPN_Email_Gmail_none_1.pcap.UDP_131-202-240-185_60674_224-0-0-252_5355_stream_0.pcap,udp_0,udp,0,Gmail,nonVPN,Email,Gmail
VPN_FileTransfer_FTPS_none_1.pcap.TCP_10-8-8-138_33454_204-236-238-164_1971_stream_0.pcap,tcp_0,tcp,0,FTPS,VPN,FileTransfer,FTPS
VPN_FileTransfer_FTPS_none_1.pcap.TCP_10-8-8-138_36949_204-236-238-164_1942_stream_0.pcap,tcp_0,tcp,0,FTPS,VPN,FileTransfer,FTPS
VPN_FileTransfer_FTPS_none_1.pcap.TCP_10-8-8-138_41747_204-236-238-164_1583_stream_0.pcap,tcp_0,tcp,0,FTPS,VPN,FileTransfer,FTPS
VPN_FileTransfer_FTPS_none_1.pcap.TCP_10-8-8-138_41166_75-101-155-12_1831_stream_0.pcap,tcp_0,tcp,0,FTPS,VPN,FileTransfer,FTPS
VPN_FileTransfer_FTPS_none_1.pcap.TCP_10-8-8-138_47604_204-236-238-164_1999_stream_0.pcap,tcp_0,tcp,0,FTPS,VPN,FileTransfer,FTPS
VPN_FileTransfer_FTPS_none_1.pcap.TCP_10-8-8-138_50941_204-236-238-164_21_stream_0.pcap,tcp_0,tcp,0,FTPS,VPN,FileTransfer,FTPS
VPN_FileTransfer_FTPS_none_1.pcap.TCP_10-8-8-138_45363_204-236-238-164_1406_stream_0.pcap,tcp_0,tcp,0,FTPS,VPN,FileTransfer,FTPS
VPN_FileTransfer_FTPS_none_1.pcap.TCP_10-8-8-138_49463_204-236-238-164_1336_stream_0.pcap,tcp_0,tcp,0,FTPS,VPN,FileTransfer,FTPS
VPN_FileTransfer_FTPS_none_1.pcap.TCP_10-8-8-138_51013_204-236-238-164_1274_stream_0.pcap,tcp_0,tcp,0,FTPS,VPN,FileTransfer,FTPS
VPN_FileTransfer_FTPS_none_1.pcap.TCP_10-8-8-138_53887_204-236-238-164_1362_stream_0.pcap,tcp_0,tcp,0,FTPS,VPN,FileTransfer,FTPS
VPN_FileTransfer_FTPS_none_1.pcap.TCP_10-8-8-138_58134_204-236-238-164_1813_stream_0.pcap,tcp_0,tcp,0,FTPS,VPN,FileTransfer,FTPS
VPN_FileTransfer_FTPS_none_1.pcap.TCP_10-8-8-138_59805_204-236-238-164_1878_stream_0.pcap,tcp_0,tcp,0,FTPS,VPN,FileTransfer,FTPS
VPN_FileTransfer_FTPS_none_1.pcap.TCP_10-8-8-138_59271_23-21-114-223_443_stream_0.pcap,tcp_0,tcp,0,FTPS,VPN,FileTransfer,FTPS
VPN_FileTransfer_FTPS_none_1.pcap.UDP_10-8-8-138_33250_131-202-244-3_53_stream_0.pcap,udp_0,udp,0,FTPS,VPN,FileTransfer,FTPS
VPN_FileTransfer_FTPS_none_1.pcap.UDP_10-8-8-138_43896_131-202-244-3_53_stream_0.pcap,udp_0,udp,0,FTPS,VPN,FileTransfer,FTPS
VPN_FileTransfer_FTPS_none_1.pcap.UDP_10-8-8-138_36920_74-125-226-33_443_stream_0.pcap,udp_0,udp,0,FTPS,VPN,FileTransfer,FTPS
VPN_FileTransfer_FTPS_none_1.pcap.UDP_10-8-8-138_43896_131-202-6-3_53_stream_0.pcap,udp_0,udp,0,FTPS,VPN,FileTransfer,FTPS
VPN_FileTransfer_FTPS_none_1.pcap.UDP_10-8-8-138_33250_131-202-6-3_53_stream_0.pcap,udp_0,udp,0,FTPS,VPN,FileTransfer,FTPS
VPN_FileTransfer_FTPS_none_2.pcap.TCP_10-8-8-138_33726_204-236-238-164_1900_stream_0.pcap,tcp_0,tcp,0,FTPS,VPN,FileTransfer,FTPS
VPN_FileTransfer_FTPS_none_2.pcap.TCP_10-8-8-138_37613_204-236-238-164_1321_stream_0.pcap,tcp_0,tcp,0,FTPS,VPN,FileTransfer,FTPS
VPN_FileTransfer_FTPS_none_2.pcap.TCP_10-8-8-138_39486_204-236-238-164_1401_stream_0.pcap,tcp_0,tcp,0,FTPS,VPN,FileTransfer,FTPS
VPN_FileTransfer_FTPS_none_2.pcap.TCP_10-8-8-138_41697_204-236-238-164_1679_stream_0.pcap,tcp_0,tcp,0,FTPS,VPN,FileTransfer,FTPS
VPN_FileTransfer_FTPS_none_2.pcap.TCP_10-8-8-138_43444_204-236-238-164_1442_stream_0.pcap,tcp_0,tcp,0,FTPS,VPN,FileTransfer,FTPS
VPN_FileTransfer_FTPS_none_2.pcap.TCP_10-8-8-138_51001_204-236-238-164_21_stream_0.pcap,tcp_0,tcp,0,FTPS,VPN,FileTransfer,FTPS
VPN_FileTransfer_FTPS_none_2.pcap.TCP_10-8-8-138_46459_204-236-238-164_1566_stream_0.pcap,tcp_0,tcp,0,FTPS,VPN,FileTransfer,FTPS
VPN_FileTransfer_FTPS_none_2.pcap.TCP_10-8-8-138_59312_23-21-114-223_443_stream_0.pcap,tcp_0,tcp,0,FTPS,VPN,FileTransfer,FTPS
VPN_FileTransfer_FTPS_none_2.pcap.TCP_10-8-8-138_59880_204-236-238-164_1878_stream_0.pcap,tcp_0,tcp,0,FTPS,VPN,FileTransfer,FTPS
VPN_FileTransfer_FTPS_none_2.pcap.TCP_10-8-8-138_53065_204-236-238-164_1756_stream_0.pcap,tcp_0,tcp,0,FTPS,VPN,FileTransfer,FTPS
VPN_FileTransfer_FTPS_none_2.pcap.TCP_10-8-8-138_58019_204-236-238-164_1602_stream_0.pcap,tcp_0,tcp,0,FTPS,VPN,FileTransfer,FTPS
VPN_FileTransfer_FTPS_none_2.pcap.UDP_10-8-8-138_19687_131-202-244-3_53_stream_0.pcap,udp_0,udp,0,FTPS,VPN,FileTransfer,FTPS
VPN_FileTransfer_FTPS_none_2.pcap.TCP_10-8-8-138_54426_204-236-238-164_1759_stream_0.pcap,tcp_0,tcp,0,FTPS,VPN,FileTransfer,FTPS
VPN_FileTransfer_FTPS_none_2.pcap.TCP_10-8-8-138_53631_204-236-238-164_1936_stream_0.pcap,tcp_0,tcp,0,FTPS,VPN,FileTransfer,FTPS
VPN_FileTransfer_FTPS_none_1.pcap.TCP_10-8-8-138_45849_204-236-238-164_1781_stream_0.pcap,tcp_0,tcp,0,FTPS,VPN,FileTransfer,FTPS
nonVPN_FileTransfer_FTPS_none_1.pcap.TCP_131-202-240-87_4514_131-202-240-242_50617_stream_0.pcap,tcp_0,tcp,0,FTPS,nonVPN,FileTransfer,FTPS
nonVPN_FileTransfer_FTPS_none_1.pcap.TCP_131-202-240-87_4517_207-241-239-206_6969_stream_0.pcap,tcp_0,tcp,0,FTPS,nonVPN,FileTransfer,FTPS
nonVPN_FileTransfer_FTPS_none_1.pcap.TCP_131-202-240-87_4540_207-241-226-111_6969_stream_0.pcap,tcp_0,tcp,0,FTPS,nonVPN,FileTransfer,FTPS
nonVPN_FileTransfer_FTPS_none_1.pcap.TCP_131-202-6-26_13000_131-202-240-87_4538_stream_0.pcap,tcp_0,tcp,0,FTPS,nonVPN,FileTransfer,FTPS
nonVPN_FileTransfer_FTPS_none_1.pcap.TCP_131-202-6-26_13000_131-202-240-87_4541_stream_0.pcap,tcp_0,tcp,0,FTPS,nonVPN,FileTransfer,FTPS
nonVPN_FileTransfer_FTPS_none_1.pcap.TCP_131-202-6-26_13111_131-202-240-87_4502_stream_0.pcap,tcp_0,tcp,0,FTPS,nonVPN,FileTransfer,FTPS
nonVPN_FileTransfer_FTPS_none_1.pcap.TCP_131-202-240-87_4532_131-202-240-242_50622_stream_0.pcap,tcp_0,tcp,0,FTPS,nonVPN,FileTransfer,FTPS
nonVPN_FileTransfer_FTPS_none_1.pcap.TCP_50-206-89-77_4503_131-202-240-87_13013_stream_0.pcap,tcp_0,tcp,0,FTPS,nonVPN,FileTransfer,FTPS
nonVPN_FileTransfer_FTPS_none_1.pcap.UDP_1-11-38-90_33500_131-202-240-87_61009_stream_0.pcap,udp_0,udp,0,FTPS,nonVPN,FileTransfer,FTPS
nonVPN_FileTransfer_FTPS_none_1.pcap.UDP_1-30-120-248_21058_131-202-240-87_61009_stream_0.pcap,udp_0,udp,0,FTPS,nonVPN,FileTransfer,FTPS
nonVPN_FileTransfer_FTPS_none_1.pcap.UDP_1-34-23-26_3829_131-202-240-87_61009_stream_0.pcap,udp_0,udp,0,FTPS,nonVPN,FileTransfer,FTPS
nonVPN_FileTransfer_FTPS_none_1.pcap.UDP_101-21-5-132_56918_131-202-240-87_61009_stream_0.pcap,udp_0,udp,0,FTPS,nonVPN,FileTransfer,FTPS
nonVPN_FileTransfer_FTPS_none_1.pcap.UDP_104-174-104-84_54321_131-202-240-87_61009_stream_0.pcap,udp_0,udp,0,FTPS,nonVPN,FileTransfer,FTPS
nonVPN_FileTransfer_FTPS_none_1.pcap.UDP_106-118-188-123_13099_131-202-240-87_61009_stream_0.pcap,udp_0,udp,0,FTPS,nonVPN,FileTransfer,FTPS
nonVPN_FileTransfer_FTPS_none_1.pcap.TCP_38-117-98-202_80_131-202-240-87_4533_stream_0.pcap,tcp_0,tcp,0,FTPS,nonVPN,FileTransfer,FTPS
nonVPN_FileTransfer_FTPS_none_1.pcap.UDP_109-205-253-95_43399_131-202-240-87_61009_stream_0.pcap,udp_0,udp,0,FTPS,nonVPN,FileTransfer,FTPS
nonVPN_FileTransfer_FTPS_none_1.pcap.UDP_109-238-81-108_56778_131-202-240-87_61009_stream_0.pcap,udp_0,udp,0,FTPS,nonVPN,FileTransfer,FTPS
nonVPN_FileTransfer_FTPS_none_1.pcap.UDP_109-72-152-167_44738_131-202-240-87_61009_stream_0.pcap,udp_0,udp,0,FTPS,nonVPN,FileTransfer,FTPS
nonVPN_FileTransfer_FTPS_none_1.pcap.UDP_110-210-169-82_16001_131-202-240-87_61009_stream_0.pcap,udp_0,udp,0,FTPS,nonVPN,FileTransfer,FTPS
nonVPN_FileTransfer_FTPS_none_1.pcap.UDP_112-220-126-126_52098_131-202-240-87_61009_stream_0.pcap,udp_0,udp,0,FTPS,nonVPN,FileTransfer,FTPS
nonVPN_FileTransfer_FTPS_none_1.pcap.UDP_112-233-226-170_57524_131-202-240-87_61009_stream_0.pcap,udp_0,udp,0,FTPS,nonVPN,FileTransfer,FTPS
nonVPN_FileTransfer_FTPS_none_1.pcap.UDP_115-160-114-46_1024_131-202-240-87_61009_stream_0.pcap,udp_0,udp,0,FTPS,nonVPN,FileTransfer,FTPS
nonVPN_FileTransfer_FTPS_none_1.pcap.UDP_114-253-67-234_58055_131-202-240-87_61009_stream_0.pcap,udp_0,udp,0,FTPS,nonVPN,FileTransfer,FTPS
nonVPN_FileTransfer_FTPS_none_1.pcap.UDP_115-187-55-18_32562_131-202-240-87_61009_stream_0.pcap,udp_0,udp,0,FTPS,nonVPN,FileTransfer,FTPS
nonVPN_FileTransfer_FTPS_none_1.pcap.UDP_115-43-12-22_7733_131-202-240-87_61009_stream_0.pcap,udp_0,udp,0,FTPS,nonVPN,FileTransfer,FTPS
nonVPN_FileTransfer_FTPS_none_1.pcap.UDP_115-58-157-178_16001_131-202-240-87_61009_stream_0.pcap,udp_0,udp,0,FTPS,nonVPN,FileTransfer,FTPS
nonVPN_FileTransfer_FTPS_none_1.pcap.UDP_117-168-95-43_7191_131-202-240-87_61009_stream_0.pcap,udp_0,udp,0,FTPS,nonVPN,FileTransfer,FTPS
nonVPN_FileTransfer_FTPS_none_1.pcap.TCP_131-202-240-87_4494_131-202-240-242_50601_stream_0.pcap,tcp_0,tcp,0,FTPS,nonVPN,FileTransfer,FTPS
nonVPN_FileTransfer_FTPS_none_1.pcap.UDP_119-108-184-115_42789_131-202-240-87_61009_stream_0.pcap,udp_0,udp,0,FTPS,nonVPN,FileTransfer,FTPS
nonVPN_FileTransfer_FTPS_none_1.pcap.UDP_121-239-164-174_1140_131-202-240-87_61009_stream_0.pcap,udp_0,udp,0,FTPS,nonVPN,FileTransfer,FTPS
nonVPN_FileTransfer_FTPS_none_1.pcap.UDP_121-54-54-227_37313_131-202-240-87_61009_stream_0.pcap,udp_0,udp,0,FTPS,nonVPN,FileTransfer,FTPS
nonVPN_FileTransfer_FTPS_none_1.pcap.UDP_122-118-65-5_1214_131-202-240-87_61009_stream_0.pcap,udp_0,udp,0,FTPS,nonVPN,FileTransfer,FTPS
nonVPN_FileTransfer_FTPS_none_1.pcap.UDP_122-26-80-211_53413_131-202-240-87_61009_stream_0.pcap,udp_0,udp,0,FTPS,nonVPN,FileTransfer,FTPS
nonVPN_FileTransfer_FTPS_none_1.pcap.UDP_122-34-25-17_62470_131-202-240-87_61009_stream_0.pcap,udp_0,udp,0,FTPS,nonVPN,FileTransfer,FTPS
nonVPN_FileTransfer_FTPS_none_1.pcap.UDP_125-167-26-143_62169_131-202-240-87_61009_stream_0.pcap,udp_0,udp,0,FTPS,nonVPN,FileTransfer,FTPS
nonVPN_FileTransfer_FTPS_none_1.pcap.UDP_131-202-240-87_13777_217-145-111-66_123_stream_0.pcap,udp_0,udp,0,FTPS,nonVPN,FileTransfer,FTPS
nonVPN_FileTransfer_FTPS_none_1.pcap.UDP_131-202-240-87_50896_224-0-0-252_5355_stream_0.pcap,udp_0,udp,0,FTPS,nonVPN,FileTransfer,FTPS
nonVPN_FileTransfer_FTPS_none_1.pcap.UDP_131-202-240-87_52103_131-202-244-3_53_stream_0.pcap,udp_0,udp,0,FTPS,nonVPN,FileTransfer,FTPS
nonVPN_FileTransfer_FTPS_none_1.pcap.UDP_131-202-240-87_57839_224-0-0-252_5355_stream_0.pcap,udp_0,udp,0,FTPS,nonVPN,FileTransfer,FTPS
nonVPN_FileTransfer_FTPS_none_1.pcap.UDP_131-202-240-87_53560_224-0-0-252_5355_stream_0.pcap,udp_0,udp,0,FTPS,nonVPN,FileTransfer,FTPS
nonVPN_FileTransfer_FTPS_none_1.pcap.UDP_131-202-240-87_60758_224-0-0-252_5355_stream_0.pcap,udp_0,udp,0,FTPS,nonVPN,FileTransfer,FTPS
nonVPN_FileTransfer_FTPS_none_1.pcap.UDP_131-202-240-87_61009_136-169-125-68_42324_stream_0.pcap,udp_0,udp,0,FTPS,nonVPN,FileTransfer,FTPS
nonVPN_FileTransfer_FTPS_none_1.pcap.UDP_131-202-240-87_61009_134-196-158-227_51365_stream_0.pcap,udp_0,udp,0,FTPS,nonVPN,FileTransfer,FTPS
nonVPN_FileTransfer_FTPS_none_1.pcap.UDP_131-202-240-87_61009_138-4-116-47_51413_stream_0.pcap,udp_0,udp,0,FTPS,nonVPN,FileTransfer,FTPS
nonVPN_FileTransfer_FTPS_none_1.pcap.UDP_131-202-240-87_61009_173-187-73-146_59696_stream_0.pcap,udp_0,udp,0,FTPS,nonVPN,FileTransfer,FTPS
nonVPN_FileTransfer_FTPS_none_1.pcap.UDP_131-202-240-87_61009_177-42-128-78_64461_stream_0.pcap,udp_0,udp,0,FTPS,nonVPN,FileTransfer,FTPS
nonVPN_FileTransfer_FTPS_none_1.pcap.UDP_131-202-240-87_61009_178-141-47-182_8621_stream_0.pcap,udp_0,udp,0,FTPS,nonVPN,FileTransfer,FTPS
nonVPN_FileTransfer_FTPS_none_1.pcap.UDP_131-202-240-87_61009_177-98-217-43_35185_stream_0.pcap,udp_0,udp,0,FTPS,nonVPN,FileTransfer,FTPS
nonVPN_FileTransfer_FTPS_none_1.pcap.UDP_131-202-240-87_61009_178-149-36-154_52533_stream_0.pcap,udp_0,udp,0,FTPS,nonVPN,FileTransfer,FTPS
nonVPN_FileTransfer_FTPS_none_1.pcap.UDP_131-202-240-87_61009_178-161-172-47_31657_stream_0.pcap,udp_0,udp,0,FTPS,nonVPN,FileTransfer,FTPS
nonVPN_FileTransfer_FTPS_none_1.pcap.UDP_131-202-240-87_61009_178-48-235-106_17011_stream_0.pcap,udp_0,udp,0,FTPS,nonVPN,FileTransfer,FTPS
nonVPN_FileTransfer_FTPS_none_1.pcap.UDP_131-202-240-87_61009_180-102-227-219_61072_stream_0.pcap,udp_0,udp,0,FTPS,nonVPN,FileTransfer,FTPS
nonVPN_FileTransfer_FTPS_none_1.pcap.UDP_131-202-240-87_61009_183-206-177-25_63233_stream_0.pcap,udp_0,udp,0,FTPS,nonVPN,FileTransfer,FTPS
nonVPN_FileTransfer_FTPS_none_1.pcap.UDP_131-202-240-87_61009_183-206-171-6_26945_stream_0.pcap,udp_0,udp,0,FTPS,nonVPN,FileTransfer,FTPS
nonVPN_FileTransfer_FTPS_none_1.pcap.UDP_131-202-240-87_61009_187-204-52-231_41031_stream_0.pcap,udp_0,udp,0,FTPS,nonVPN,FileTransfer,FTPS
nonVPN_FileTransfer_FTPS_none_1.pcap.UDP_131-202-240-87_61009_188-230-211-38_24477_stream_0.pcap,udp_0,udp,0,FTPS,nonVPN,FileTransfer,FTPS
nonVPN_FileTransfer_FTPS_none_1.pcap.UDP_131-202-240-87_61009_185-87-106-47_12700_stream_0.pcap,udp_0,udp,0,FTPS,nonVPN,FileTransfer,FTPS
nonVPN_FileTransfer_FTPS_none_1.pcap.UDP_131-202-240-87_61009_193-77-152-151_51822_stream_0.pcap,udp_0,udp,0,FTPS,nonVPN,FileTransfer,FTPS
nonVPN_FileTransfer_FTPS_none_1.pcap.UDP_131-202-240-87_61009_199-33-124-186_5325_stream_0.pcap,udp_0,udp,0,FTPS,nonVPN,FileTransfer,FTPS
nonVPN_FileTransfer_FTPS_none_1.pcap.UDP_131-202-240-87_61009_210-6-223-105_6881_stream_0.pcap,udp_0,udp,0,FTPS,nonVPN,FileTransfer,FTPS
nonVPN_FileTransfer_FTPS_none_1.pcap.UDP_131-202-240-87_61009_212-22-70-3_17448_stream_0.pcap,udp_0,udp,0,FTPS,nonVPN,FileTransfer,FTPS
nonVPN_FileTransfer_FTPS_none_1.pcap.UDP_131-202-240-87_61009_213-143-81-157_47431_stream_0.pcap,udp_0,udp,0,FTPS,nonVPN,FileTransfer,FTPS
nonVPN_FileTransfer_FTPS_none_1.pcap.UDP_131-202-240-87_61009_219-150-53-181_40832_stream_0.pcap,udp_0,udp,0,FTPS,nonVPN,FileTransfer,FTPS
nonVPN_FileTransfer_FTPS_none_1.pcap.UDP_131-202-240-87_61009_213-57-19-29_54423_stream_0.pcap,udp_0,udp,0,FTPS,nonVPN,FileTransfer,FTPS
nonVPN_FileTransfer_FTPS_none_1.pcap.UDP_131-202-240-87_61009_221-235-162-59_11988_stream_0.pcap,udp_0,udp,0,FTPS,nonVPN,FileTransfer,FTPS
nonVPN_FileTransfer_FTPS_none_1.pcap.UDP_131-202-240-87_61009_222-107-159-156_52778_stream_0.pcap,udp_0,udp,0,FTPS,nonVPN,FileTransfer,FTPS
nonVPN_FileTransfer_FTPS_none_1.pcap.UDP_131-202-240-87_63035_224-0-0-253_3544_stream_0.pcap,udp_0,udp,0,FTPS,nonVPN,FileTransfer,FTPS
nonVPN_FileTransfer_FTPS_none_1.pcap.UDP_131-202-240-87_62750_131-202-244-5_53_stream_0.pcap,udp_0,udp,0,FTPS,nonVPN,FileTransfer,FTPS
nonVPN_FileTransfer_FTPS_none_1.pcap.UDP_131-202-240-87_6771_239-192-152-143_6771_stream_0.pcap,udp_0,udp,0,FTPS,nonVPN,FileTransfer,FTPS
nonVPN_FileTransfer_FTPS_none_1.pcap.UDP_37-48-124-200_6881_131-202-240-87_61009_stream_0.pcap,udp_0,udp,0,FTPS,nonVPN,FileTransfer,FTPS
nonVPN_FileTransfer_FTPS_none_1.pcap.UDP_41-221-68-56_64813_131-202-240-87_61009_stream_0.pcap,udp_0,udp,0,FTPS,nonVPN,FileTransfer,FTPS
nonVPN_FileTransfer_FTPS_none_1.pcap.UDP_5-150-202-181_56535_131-202-240-87_61009_stream_0.pcap,udp_0,udp,0,FTPS,nonVPN,FileTransfer,FTPS
nonVPN_FileTransfer_FTPS_none_1.pcap.UDP_46-227-5-202_13529_131-202-240-87_61009_stream_0.pcap,udp_0,udp,0,FTPS,nonVPN,FileTransfer,FTPS
nonVPN_FileTransfer_FTPS_none_1.pcap.UDP_5-158-233-139_27711_131-202-240-87_61009_stream_0.pcap,udp_0,udp,0,FTPS,nonVPN,FileTransfer,FTPS
nonVPN_FileTransfer_FTPS_none_1.pcap.UDP_5-166-209-160_54904_131-202-240-87_61009_stream_0.pcap,udp_0,udp,0,FTPS,nonVPN,FileTransfer,FTPS
nonVPN_FileTransfer_FTPS_none_1.pcap.UDP_58-107-249-113_6881_131-202-240-87_61009_stream_0.pcap,udp_0,udp,0,FTPS,nonVPN,FileTransfer,FTPS
nonVPN_FileTransfer_FTPS_none_1.pcap.UDP_59-1-21-140_59189_131-202-240-87_61009_stream_0.pcap,udp_0,udp,0,FTPS,nonVPN,FileTransfer,FTPS
nonVPN_FileTransfer_FTPS_none_1.pcap.UDP_58-34-8-213_16001_131-202-240-87_61009_stream_0.pcap,udp_0,udp,0,FTPS,nonVPN,FileTransfer,FTPS
nonVPN_FileTransfer_FTPS_none_1.pcap.UDP_62-249-146-142_11117_131-202-240-87_61009_stream_0.pcap,udp_0,udp,0,FTPS,nonVPN,FileTransfer,FTPS
nonVPN_FileTransfer_FTPS_none_1.pcap.UDP_67-82-243-88_51359_131-202-240-87_61009_stream_0.pcap,udp_0,udp,0,FTPS,nonVPN,FileTransfer,FTPS
nonVPN_FileTransfer_FTPS_none_1.pcap.UDP_67-80-52-78_25324_131-202-240-87_61009_stream_0.pcap,udp_0,udp,0,FTPS,nonVPN,FileTransfer,FTPS
nonVPN_FileTransfer_FTPS_none_1.pcap.UDP_72-209-211-145_38539_131-202-240-87_61009_stream_0.pcap,udp_0,udp,0,FTPS,nonVPN,FileTransfer,FTPS
nonVPN_FileTransfer_FTPS_none_1.pcap.UDP_69-85-112-235_31938_131-202-240-87_61009_stream_0.pcap,udp_0,udp,0,FTPS,nonVPN,FileTransfer,FTPS
nonVPN_FileTransfer_FTPS_none_1.pcap.UDP_73-41-122-100_49404_131-202-240-87_61009_stream_0.pcap,udp_0,udp,0,FTPS,nonVPN,FileTransfer,FTPS
nonVPN_FileTransfer_FTPS_none_1.pcap.UDP_72-89-67-110_43934_131-202-240-87_61009_stream_0.pcap,udp_0,udp,0,FTPS,nonVPN,FileTransfer,FTPS
nonVPN_FileTransfer_FTPS_none_1.pcap.UDP_76-115-68-250_49163_131-202-240-87_61009_stream_0.pcap,udp_0,udp,0,FTPS,nonVPN,FileTransfer,FTPS
nonVPN_FileTransfer_FTPS_none_1.pcap.UDP_74-50-177-52_39379_131-202-240-87_61009_stream_0.pcap,udp_0,udp,0,FTPS,nonVPN,FileTransfer,FTPS
nonVPN_FileTransfer_FTPS_none_1.pcap.UDP_79-107-119-18_20094_131-202-240-87_61009_stream_0.pcap,udp_0,udp,0,FTPS,nonVPN,FileTransfer,FTPS
nonVPN_FileTransfer_FTPS_none_1.pcap.UDP_77-72-169-132_11113_131-202-240-87_17845_stream_0.pcap,udp_0,udp,0,FTPS,nonVPN,FileTransfer,FTPS
nonVPN_FileTransfer_FTPS_none_1.pcap.UDP_79-40-190-221_30493_131-202-240-87_61009_stream_0.pcap,udp_0,udp,0,FTPS,nonVPN,FileTransfer,FTPS
nonVPN_FileTransfer_FTPS_none_1.pcap.UDP_79-121-59-186_57079_131-202-240-87_61009_stream_0.pcap,udp_0,udp,0,FTPS,nonVPN,FileTransfer,FTPS
nonVPN_FileTransfer_FTPS_none_1.pcap.UDP_82-199-122-209_27044_131-202-240-87_61009_stream_0.pcap,udp_0,udp,0,FTPS,nonVPN,FileTransfer,FTPS
nonVPN_FileTransfer_FTPS_none_1.pcap.UDP_83-149-48-85_20530_131-202-240-87_61009_stream_0.pcap,udp_0,udp,0,FTPS,nonVPN,FileTransfer,FTPS
nonVPN_FileTransfer_FTPS_none_1.pcap.UDP_82-221-103-244_6881_131-202-240-87_61009_stream_0.pcap,udp_0,udp,0,FTPS,nonVPN,FileTransfer,FTPS
nonVPN_FileTransfer_FTPS_none_1.pcap.UDP_84-52-131-246_28151_131-202-240-87_61009_stream_0.pcap,udp_0,udp,0,FTPS,nonVPN,FileTransfer,FTPS
nonVPN_FileTransfer_FTPS_none_1.pcap.UDP_86-163-98-165_63031_131-202-240-87_61009_stream_0.pcap,udp_0,udp,0,FTPS,nonVPN,FileTransfer,FTPS
nonVPN_FileTransfer_FTPS_none_1.pcap.UDP_84-236-23-118_37460_131-202-240-87_61009_stream_0.pcap,udp_0,udp,0,FTPS,nonVPN,FileTransfer,FTPS
nonVPN_FileTransfer_FTPS_none_1.pcap.UDP_85-53-69-132_45682_131-202-240-87_61009_stream_0.pcap,udp_0,udp,0,FTPS,nonVPN,FileTransfer,FTPS
nonVPN_FileTransfer_FTPS_none_1.pcap.UDP_84-77-57-16_26085_131-202-240-87_61009_stream_0.pcap,udp_0,udp,0,FTPS,nonVPN,FileTransfer,FTPS
nonVPN_FileTransfer_FTPS_none_1.pcap.UDP_85-237-49-197_6881_131-202-240-87_61009_stream_0.pcap,udp_0,udp,0,FTPS,nonVPN,FileTransfer,FTPS
nonVPN_FileTransfer_FTPS_none_1.pcap.UDP_86-59-252-71_52773_131-202-240-87_61009_stream_0.pcap,udp_0,udp,0,FTPS,nonVPN,FileTransfer,FTPS
nonVPN_FileTransfer_FTPS_none_1.pcap.UDP_86-99-92-71_53949_131-202-240-87_61009_stream_0.pcap,udp_0,udp,0,FTPS,nonVPN,FileTransfer,FTPS
nonVPN_FileTransfer_FTPS_none_1.pcap.UDP_87-110-112-246_41453_131-202-240-87_61009_stream_0.pcap,udp_0,udp,0,FTPS,nonVPN,FileTransfer,FTPS
nonVPN_FileTransfer_FTPS_none_1.pcap.UDP_88-167-224-168_30295_131-202-240-87_61009_stream_0.pcap,udp_0,udp,0,FTPS,nonVPN,FileTransfer,FTPS
nonVPN_FileTransfer_FTPS_none_1.pcap.UDP_89-212-152-86_31074_131-202-240-87_61009_stream_0.pcap,udp_0,udp,0,FTPS,nonVPN,FileTransfer,FTPS
nonVPN_FileTransfer_FTPS_none_1.pcap.UDP_89-212-227-164_46005_131-202-240-87_61009_stream_0.pcap,udp_0,udp,0,FTPS,nonVPN,FileTransfer,FTPS
nonVPN_FileTransfer_FTPS_none_1.pcap.UDP_92-49-71-5_40959_131-202-240-87_61009_stream_0.pcap,udp_0,udp,0,FTPS,nonVPN,FileTransfer,FTPS
nonVPN_FileTransfer_FTPS_none_1.pcap.UDP_93-100-6-7_6881_131-202-240-87_61009_stream_0.pcap,udp_0,udp,0,FTPS,nonVPN,FileTransfer,FTPS
nonVPN_FileTransfer_FTPS_none_1.pcap.UDP_95-153-187-123_30653_131-202-240-87_61009_stream_0.pcap,udp_0,udp,0,FTPS,nonVPN,FileTransfer,FTPS
nonVPN_FileTransfer_FTPS_none_1.pcap.UDP_95-153-194-135_2326_131-202-240-87_61009_stream_0.pcap,udp_0,udp,0,FTPS,nonVPN,FileTransfer,FTPS
nonVPN_FileTransfer_FTPS_none_1.pcap.UDP_94-24-26-185_55180_131-202-240-87_61009_stream_0.pcap,udp_0,udp,0,FTPS,nonVPN,FileTransfer,FTPS
nonVPN_FileTransfer_FTPS_none_1.pcap.UDP_95-211-210-136_6881_131-202-240-87_61009_stream_0.pcap,udp_0,udp,0,FTPS,nonVPN,FileTransfer,FTPS
nonVPN_FileTransfer_FTPS_none_1.pcap.UDP_95-28-37-140_60828_131-202-240-87_61009_stream_0.pcap,udp_0,udp,0,FTPS,nonVPN,FileTransfer,FTPS
nonVPN_FileTransfer_FTPS_none_1.pcap.UDP_95-71-77-188_1024_131-202-240-87_61009_stream_0.pcap,udp_0,udp,0,FTPS,nonVPN,FileTransfer,FTPS
nonVPN_FileTransfer_FTPS_none_1.pcap.UDP_98-245-208-69_45087_131-202-240-87_61009_stream_0.pcap,udp_0,udp,0,FTPS,nonVPN,FileTransfer,FTPS
nonVPN_FileTransfer_FTPS_none_1.pcap.UDP_98-207-119-7_6881_131-202-240-87_61009_stream_0.pcap,udp_0,udp,0,FTPS,nonVPN,FileTransfer,FTPS
nonVPN_FileTransfer_FTPS_none_2.pcap.TCP_131-202-240-242_21320_162-244-35-24_43599_stream_0.pcap,tcp_0,tcp,0,FTPS,nonVPN,FileTransfer,FTPS
nonVPN_FileTransfer_FTPS_none_1.pcap.TCP_131-202-240-87_4499_131-202-240-242_50604_stream_0.pcap,tcp_0,tcp,0,FTPS,nonVPN,FileTransfer,FTPS
nonVPN_FileTransfer_FTPS_none_2.pcap.TCP_131-202-240-87_4513_131-202-240-242_50616_stream_0.pcap,tcp_0,tcp,0,FTPS,nonVPN,FileTransfer,FTPS
nonVPN_FileTransfer_FTPS_none_2.pcap.TCP_131-202-240-87_4532_131-202-240-242_50622_stream_0.pcap,tcp_0,tcp,0,FTPS,nonVPN,FileTransfer,FTPS
nonVPN_FileTransfer_FTPS_none_2.pcap.UDP_131-202-240-242_13593_217-145-111-66_123_stream_0.pcap,udp_0,udp,0,FTPS,nonVPN,FileTransfer,FTPS
nonVPN_FileTransfer_FTPS_none_2.pcap.UDP_131-202-240-242_52331_224-0-0-252_5355_stream_0.pcap,udp_0,udp,0,FTPS,nonVPN,FileTransfer,FTPS
nonVPN_FileTransfer_FTPS_none_2.pcap.UDP_131-202-240-242_57631_224-0-0-252_5355_stream_0.pcap,udp_0,udp,0,FTPS,nonVPN,FileTransfer,FTPS
nonVPN_FileTransfer_FTPS_none_2.pcap.UDP_131-202-240-242_58366_224-0-0-252_5355_stream_0.pcap,udp_0,udp,0,FTPS,nonVPN,FileTransfer,FTPS
nonVPN_FileTransfer_FTPS_none_2.pcap.UDP_131-202-240-242_58324_224-0-0-252_5355_stream_0.pcap,udp_0,udp,0,FTPS,nonVPN,FileTransfer,FTPS
nonVPN_FileTransfer_FTPS_none_2.pcap.UDP_131-202-240-242_58597_224-0-0-252_5355_stream_0.pcap,udp_0,udp,0,FTPS,nonVPN,FileTransfer,FTPS
nonVPN_FileTransfer_FTPS_none_2.pcap.UDP_131-202-240-242_63124_224-0-0-252_5355_stream_0.pcap,udp_0,udp,0,FTPS,nonVPN,FileTransfer,FTPS
nonVPN_FileTransfer_FTPS_none_2.pcap.TCP_131-202-240-87_4499_131-202-240-242_50604_stream_0.pcap,tcp_0,tcp,0,FTPS,nonVPN,FileTransfer,FTPS
nonVPN_FileTransfer_FTPS_none_3.pcap.TCP_131-202-240-87_6059_131-202-240-242_21_stream_0.pcap,tcp_0,tcp,0,FTPS,nonVPN,FileTransfer,FTPS
nonVPN_FileTransfer_FTPS_none_3.pcap.TCP_131-202-240-87_6062_131-202-240-242_52849_stream_0.pcap,tcp_0,tcp,0,FTPS,nonVPN,FileTransfer,FTPS
nonVPN_FileTransfer_FTPS_none_3.pcap.TCP_131-202-240-87_6063_131-202-240-242_52850_stream_0.pcap,tcp_0,tcp,0,FTPS,nonVPN,FileTransfer,FTPS
nonVPN_FileTransfer_FTPS_none_3.pcap.TCP_131-202-240-87_6065_131-202-240-242_52852_stream_0.pcap,tcp_0,tcp,0,FTPS,nonVPN,FileTransfer,FTPS
nonVPN_FileTransfer_FTPS_none_3.pcap.TCP_131-202-240-87_6068_131-202-240-242_52855_stream_0.pcap,tcp_0,tcp,0,FTPS,nonVPN,FileTransfer,FTPS
nonVPN_FileTransfer_FTPS_none_3.pcap.TCP_131-202-240-87_6069_131-202-240-242_52856_stream_0.pcap,tcp_0,tcp,0,FTPS,nonVPN,FileTransfer,FTPS
nonVPN_FileTransfer_FTPS_none_2.pcap.TCP_131-202-240-87_4529_131-202-240-242_50621_stream_0.pcap,tcp_0,tcp,0,FTPS,nonVPN,FileTransfer,FTPS
nonVPN_FileTransfer_FTPS_none_3.pcap.TCP_131-202-240-87_6072_131-202-240-242_52859_stream_0.pcap,tcp_0,tcp,0,FTPS,nonVPN,FileTransfer,FTPS
nonVPN_FileTransfer_FTPS_none_2.pcap.TCP_131-202-240-87_4498_131-202-240-242_50603_stream_0.pcap,tcp_0,tcp,0,FTPS,nonVPN,FileTransfer,FTPS
nonVPN_FileTransfer_FTPS_none_3.pcap.TCP_131-202-240-87_6080_131-202-240-242_52867_stream_0.pcap,tcp_0,tcp,0,FTPS,nonVPN,FileTransfer,FTPS
nonVPN_FileTransfer_FTPS_none_3.pcap.TCP_131-202-240-87_6097_131-202-240-242_52883_stream_0.pcap,tcp_0,tcp,0,FTPS,nonVPN,FileTransfer,FTPS
nonVPN_FileTransfer_FTPS_none_3.pcap.TCP_131-202-240-87_6101_131-202-240-242_52887_stream_0.pcap,tcp_0,tcp,0,FTPS,nonVPN,FileTransfer,FTPS
nonVPN_FileTransfer_FTPS_none_2.pcap.TCP_131-202-240-87_4526_131-202-240-242_50620_stream_0.pcap,tcp_0,tcp,0,FTPS,nonVPN,FileTransfer,FTPS
nonVPN_FileTransfer_FTPS_none_3.pcap.UDP_106-204-80-131_6881_131-202-240-87_61009_stream_0.pcap,udp_0,udp,0,FTPS,nonVPN,FileTransfer,FTPS
nonVPN_FileTransfer_FTPS_none_3.pcap.UDP_101-254-186-92_26235_131-202-240-87_61009_stream_0.pcap,udp_0,udp,0,FTPS,nonVPN,FileTransfer,FTPS
nonVPN_FileTransfer_FTPS_none_3.pcap.UDP_123-131-133-118_5936_131-202-240-87_61009_stream_0.pcap,udp_0,udp,0,FTPS,nonVPN,FileTransfer,FTPS
nonVPN_FileTransfer_FTPS_none_3.pcap.UDP_125-194-237-52_21460_131-202-240-87_61009_stream_0.pcap,udp_0,udp,0,FTPS,nonVPN,FileTransfer,FTPS
nonVPN_FileTransfer_FTPS_none_3.pcap.UDP_131-202-240-87_61009_176-118-128-178_6881_stream_0.pcap,udp_0,udp,0,FTPS,nonVPN,FileTransfer,FTPS
nonVPN_FileTransfer_FTPS_none_3.pcap.UDP_131-202-240-87_61009_186-207-128-78_6881_stream_0.pcap,udp_0,udp,0,FTPS,nonVPN,FileTransfer,FTPS
nonVPN_FileTransfer_FTPS_none_3.pcap.UDP_131-202-240-87_61009_183-158-43-6_9174_stream_0.pcap,udp_0,udp,0,FTPS,nonVPN,FileTransfer,FTPS
nonVPN_FileTransfer_FTPS_none_3.pcap.UDP_131-202-240-87_61009_176-197-42-229_7881_stream_0.pcap,udp_0,udp,0,FTPS,nonVPN,FileTransfer,FTPS
nonVPN_FileTransfer_FTPS_none_3.pcap.UDP_131-202-240-87_61009_183-206-171-6_27021_stream_0.pcap,udp_0,udp,0,FTPS,nonVPN,FileTransfer,FTPS
nonVPN_FileTransfer_FTPS_none_3.pcap.UDP_131-202-240-87_61009_188-244-137-17_17217_stream_0.pcap,udp_0,udp,0,FTPS,nonVPN,FileTransfer,FTPS
nonVPN_FileTransfer_FTPS_none_3.pcap.UDP_131-202-240-87_61009_183-132-50-81_23836_stream_0.pcap,udp_0,udp,0,FTPS,nonVPN,FileTransfer,FTPS
nonVPN_FileTransfer_FTPS_none_3.pcap.UDP_131-202-240-87_61009_217-215-104-198_61841_stream_0.pcap,udp_0,udp,0,FTPS,nonVPN,FileTransfer,FTPS
nonVPN_FileTransfer_FTPS_none_3.pcap.UDP_131-202-240-87_61009_197-33-94-213_15597_stream_0.pcap,udp_0,udp,0,FTPS,nonVPN,FileTransfer,FTPS
nonVPN_FileTransfer_FTPS_none_3.pcap.UDP_46-48-40-107_52477_131-202-240-87_61009_stream_0.pcap,udp_0,udp,0,FTPS,nonVPN,FileTransfer,FTPS
nonVPN_FileTransfer_FTPS_none_3.pcap.UDP_131-202-240-87_61009_222-183-229-67_1075_stream_0.pcap,udp_0,udp,0,FTPS,nonVPN,FileTransfer,FTPS
nonVPN_FileTransfer_FTPS_none_3.pcap.UDP_131-202-240-87_62307_224-0-0-252_5355_stream_0.pcap,udp_0,udp,0,FTPS,nonVPN,FileTransfer,FTPS
nonVPN_FileTransfer_FTPS_none_3.pcap.UDP_74-50-177-52_39379_131-202-240-87_61009_stream_0.pcap,udp_0,udp,0,FTPS,nonVPN,FileTransfer,FTPS
nonVPN_FileTransfer_FTPS_none_3.pcap.UDP_88-85-197-80_55152_131-202-240-87_61009_stream_0.pcap,udp_0,udp,0,FTPS,nonVPN,FileTransfer,FTPS
nonVPN_FileTransfer_FTPS_none_3.pcap.UDP_95-73-186-167_15145_131-202-240-87_61009_stream_0.pcap,udp_0,udp,0,FTPS,nonVPN,FileTransfer,FTPS
nonVPN_FileTransfer_FTPS_none_3.pcap.UDP_98-210-111-105_49231_131-202-240-87_61009_stream_0.pcap,udp_0,udp,0,FTPS,nonVPN,FileTransfer,FTPS
nonVPN_FileTransfer_FTPS_none_4.pcap.TCP_131-202-240-87_6061_131-202-240-242_52848_stream_0.pcap,tcp_0,tcp,0,FTPS,nonVPN,FileTransfer,FTPS
nonVPN_FileTransfer_FTPS_none_4.pcap.TCP_131-202-240-87_6063_131-202-240-242_52850_stream_0.pcap,tcp_0,tcp,0,FTPS,nonVPN,FileTransfer,FTPS
nonVPN_FileTransfer_FTPS_none_4.pcap.TCP_131-202-240-87_6070_131-202-240-242_52857_stream_0.pcap,tcp_0,tcp,0,FTPS,nonVPN,FileTransfer,FTPS
nonVPN_FileTransfer_FTPS_none_4.pcap.TCP_131-202-240-87_6079_131-202-240-242_52866_stream_0.pcap,tcp_0,tcp,0,FTPS,nonVPN,FileTransfer,FTPS
nonVPN_FileTransfer_FTPS_none_4.pcap.TCP_131-202-240-87_6077_131-202-240-242_52864_stream_0.pcap,tcp_0,tcp,0,FTPS,nonVPN,FileTransfer,FTPS
nonVPN_FileTransfer_FTPS_none_4.pcap.TCP_131-202-240-87_6078_131-202-240-242_52865_stream_0.pcap,tcp_0,tcp,0,FTPS,nonVPN,FileTransfer,FTPS
nonVPN_FileTransfer_FTPS_none_4.pcap.TCP_131-202-240-87_6068_131-202-240-242_52855_stream_0.pcap,tcp_0,tcp,0,FTPS,nonVPN,FileTransfer,FTPS
nonVPN_FileTransfer_FTPS_none_4.pcap.TCP_131-202-240-87_6081_131-202-240-242_52868_stream_0.pcap,tcp_0,tcp,0,FTPS,nonVPN,FileTransfer,FTPS
nonVPN_FileTransfer_FTPS_none_4.pcap.TCP_131-202-240-87_6089_131-202-240-242_52875_stream_0.pcap,tcp_0,tcp,0,FTPS,nonVPN,FileTransfer,FTPS
nonVPN_FileTransfer_FTPS_none_4.pcap.TCP_131-202-240-87_6091_131-202-240-242_52877_stream_0.pcap,tcp_0,tcp,0,FTPS,nonVPN,FileTransfer,FTPS
nonVPN_FileTransfer_FTPS_none_4.pcap.TCP_131-202-240-87_6082_131-202-240-242_52869_stream_0.pcap,tcp_0,tcp,0,FTPS,nonVPN,FileTransfer,FTPS
nonVPN_FileTransfer_FTPS_none_4.pcap.TCP_131-202-240-87_6072_131-202-240-242_52859_stream_0.pcap,tcp_0,tcp,0,FTPS,nonVPN,FileTransfer,FTPS
nonVPN_FileTransfer_FTPS_none_4.pcap.TCP_131-202-240-87_6098_131-202-240-242_52884_stream_0.pcap,tcp_0,tcp,0,FTPS,nonVPN,FileTransfer,FTPS
nonVPN_FileTransfer_FTPS_none_4.pcap.TCP_131-202-240-87_6108_131-202-240-242_52895_stream_0.pcap,tcp_0,tcp,0,FTPS,nonVPN,FileTransfer,FTPS
nonVPN_FileTransfer_FTPS_none_4.pcap.UDP_131-202-240-242_52927_224-0-0-252_5355_stream_0.pcap,udp_0,udp,0,FTPS,nonVPN,FileTransfer,FTPS
nonVPN_FileTransfer_FTPS_none_4.pcap.UDP_131-202-240-64_138_131-202-240-242_138_stream_0.pcap,udp_0,udp,0,FTPS,nonVPN,FileTransfer,FTPS
nonVPN_FileTransfer_FTPS_none_4.pcap.UDP_131-202-240-45_161_131-202-240-242_64918_stream_0.pcap,udp_0,udp,0,FTPS,nonVPN,FileTransfer,FTPS
nonVPN_FileTransfer_FTPS_none_2.pcap.TCP_131-202-240-87_4520_131-202-240-242_50619_stream_0.pcap,tcp_0,tcp,0,FTPS,nonVPN,FileTransfer,FTPS
nonVPN_FileTransfer_FTPS_none_4.pcap.TCP_131-202-240-87_6084_131-202-240-242_52871_stream_0.pcap,tcp_0,tcp,0,FTPS,nonVPN,FileTransfer,FTPS
nonVPN_FileTransfer_FTPS_none_2.pcap.TCP_131-202-240-87_4515_131-202-240-242_50618_stream_0.pcap,tcp_0,tcp,0,FTPS,nonVPN,FileTransfer,FTPS
nonVPN_FileTransfer_FTPS_none_1.pcap.TCP_131-202-240-87_4510_131-202-240-242_50613_stream_0.pcap,tcp_0,tcp,0,FTPS,nonVPN,FileTransfer,FTPS
VPN_FileTransfer_SFTP_none_1.pcap.TCP_10-8-8-138_45325_64-233-171-188_5228_stream_0.pcap,tcp_0,tcp,0,SFTP,VPN,FileTransfer,SFTP
VPN_FileTransfer_SFTP_none_1.pcap.UDP_10-8-8-138_39162_74-125-226-38_443_stream_0.pcap,udp_0,udp,0,SFTP,VPN,FileTransfer,SFTP
VPN_FileTransfer_SFTP_none_1.pcap.UDP_10-8-8-138_34134_131-202-6-3_53_stream_0.pcap,udp_0,udp,0,SFTP,VPN,FileTransfer,SFTP
VPN_FileTransfer_SFTP_none_1.pcap.UDP_10-8-8-138_44604_131-202-6-3_53_stream_0.pcap,udp_0,udp,0,SFTP,VPN,FileTransfer,SFTP
VPN_FileTransfer_SFTP_none_1.pcap.UDP_10-8-8-138_51753_74-125-226-38_443_stream_0.pcap,udp_0,udp,0,SFTP,VPN,FileTransfer,SFTP
VPN_FileTransfer_SFTP_none_1.pcap.TCP_10-8-8-138_47126_75-101-155-12_22_stream_0.pcap,tcp_0,tcp,0,SFTP,VPN,FileTransfer,SFTP
VPN_FileTransfer_SFTP_none_2.pcap.TCP_10-8-8-138_35968_75-101-155-12_22_stream_0.pcap,tcp_0,tcp,0,SFTP,VPN,FileTransfer,SFTP
nonVPN_FileTransfer_SFTP_none_1.pcap.TCP_10-0-2-15_49232_213-199-179-168_40016_stream_0.pcap,tcp_0,tcp,0,SFTP,nonVPN,FileTransfer,SFTP
nonVPN_FileTransfer_SFTP_none_1.pcap.TCP_10-0-2-15_49242_134-170-24-236_443_stream_0.pcap,tcp_0,tcp,0,SFTP,nonVPN,FileTransfer,SFTP
nonVPN_FileTransfer_SFTP_none_1.pcap.TCP_10-0-2-15_49926_207-46-7-252_80_stream_0.pcap,tcp_0,tcp,0,SFTP,nonVPN,FileTransfer,SFTP
nonVPN_FileTransfer_SFTP_none_1.pcap.TCP_10-0-2-15_49927_131-202-240-150_21_stream_0.pcap,tcp_0,tcp,0,SFTP,nonVPN,FileTransfer,SFTP
nonVPN_FileTransfer_SFTP_none_1.pcap.TCP_10-0-2-15_49934_65-54-225-168_443_stream_0.pcap,tcp_0,tcp,0,SFTP,nonVPN,FileTransfer,SFTP
nonVPN_FileTransfer_SFTP_none_1.pcap.UDP_10-0-2-3_53_10-0-2-15_63953_stream_0.pcap,udp_0,udp,0,SFTP,nonVPN,FileTransfer,SFTP
nonVPN_FileTransfer_SFTP_none_1.pcap.UDP_fe80--30b0-7327-9b1f-fc6b_546_ff02--1-2_547_stream_0.pcap,udp_0,udp,0,SFTP,nonVPN,FileTransfer,SFTP
nonVPN_FileTransfer_SFTP_none_2.pcap.TCP_131-202-240-150_41348_216-58-219-205_443_stream_0.pcap,tcp_0,tcp,0,SFTP,nonVPN,FileTransfer,SFTP
nonVPN_FileTransfer_SFTP_none_2.pcap.TCP_131-202-240-150_34418_173-194-204-188_5228_stream_0.pcap,tcp_0,tcp,0,SFTP,nonVPN,FileTransfer,SFTP
nonVPN_FileTransfer_SFTP_none_2.pcap.UDP_131-202-240-150_138_131-202-243-255_138_stream_0.pcap,udp_0,udp,0,SFTP,nonVPN,FileTransfer,SFTP
nonVPN_FileTransfer_SFTP_none_1.pcap.TCP_10-0-2-15_49931_131-202-240-150_33061_stream_0.pcap,tcp_0,tcp,0,SFTP,nonVPN,FileTransfer,SFTP
nonVPN_FileTransfer_SFTP_none_3.pcap.TCP_131-202-240-86_1457_131-202-240-150_22_stream_0.pcap,tcp_0,tcp,0,SFTP,nonVPN,FileTransfer,SFTP
nonVPN_FileTransfer_SFTP_none_3.pcap.UDP_131-202-240-150_1145_131-202-244-3_53_stream_0.pcap,udp_0,udp,0,SFTP,nonVPN,FileTransfer,SFTP
nonVPN_FileTransfer_SFTP_none_3.pcap.UDP_131-202-240-150_10917_131-202-244-5_53_stream_0.pcap,udp_0,udp,0,SFTP,nonVPN,FileTransfer,SFTP
nonVPN_FileTransfer_SFTP_none_3.pcap.UDP_131-202-240-150_137_131-202-243-255_137_stream_0.pcap,udp_0,udp,0,SFTP,nonVPN,FileTransfer,SFTP
nonVPN_FileTransfer_SFTP_none_3.pcap.UDP_131-202-240-150_138_131-202-243-255_138_stream_0.pcap,udp_0,udp,0,SFTP,nonVPN,FileTransfer,SFTP
nonVPN_FileTransfer_SFTP_none_3.pcap.UDP_131-202-240-150_25302_131-202-244-5_53_stream_0.pcap,udp_0,udp,0,SFTP,nonVPN,FileTransfer,SFTP
nonVPN_FileTransfer_SFTP_none_3.pcap.UDP_131-202-240-150_20663_131-202-244-3_53_stream_0.pcap,udp_0,udp,0,SFTP,nonVPN,FileTransfer,SFTP
nonVPN_FileTransfer_SFTP_none_3.pcap.UDP_131-202-240-150_32604_131-202-244-5_53_stream_0.pcap,udp_0,udp,0,SFTP,nonVPN,FileTransfer,SFTP
nonVPN_FileTransfer_SFTP_none_3.pcap.UDP_131-202-240-150_36329_131-202-244-3_53_stream_0.pcap,udp_0,udp,0,SFTP,nonVPN,FileTransfer,SFTP
nonVPN_FileTransfer_SFTP_none_3.pcap.UDP_131-202-240-150_54996_131-202-244-5_53_stream_0.pcap,udp_0,udp,0,SFTP,nonVPN,FileTransfer,SFTP
nonVPN_FileTransfer_SFTP_none_4.pcap.TCP_131-202-240-87_42133_131-202-240-242_22_stream_0.pcap,tcp_0,tcp,0,SFTP,nonVPN,FileTransfer,SFTP
nonVPN_FileTransfer_SFTP_none_4.pcap.TCP_131-202-240-87_42129_131-202-240-242_22_stream_0.pcap,tcp_0,tcp,0,SFTP,nonVPN,FileTransfer,SFTP
nonVPN_FileTransfer_SFTP_none_4.pcap.TCP_131-202-240-87_42137_131-202-240-242_22_stream_0.pcap,tcp_0,tcp,0,SFTP,nonVPN,FileTransfer,SFTP
nonVPN_FileTransfer_SFTP_none_4.pcap.TCP_131-202-240-87_42136_131-202-240-242_22_stream_0.pcap,tcp_0,tcp,0,SFTP,nonVPN,FileTransfer,SFTP
nonVPN_FileTransfer_SFTP_none_5.pcap.TCP_131-202-240-87_38040_131-202-240-242_22_stream_0.pcap,tcp_0,tcp,0,SFTP,nonVPN,FileTransfer,SFTP
nonVPN_FileTransfer_SFTP_none_5.pcap.TCP_131-202-240-87_38039_131-202-240-242_22_stream_0.pcap,tcp_0,tcp,0,SFTP,nonVPN,FileTransfer,SFTP
nonVPN_FileTransfer_SFTP_none_5.pcap.TCP_131-202-240-87_38047_131-202-240-242_22_stream_0.pcap,tcp_0,tcp,0,SFTP,nonVPN,FileTransfer,SFTP
nonVPN_FileTransfer_SFTP_none_5.pcap.TCP_62-41-78-227_443_131-202-240-242_64573_stream_0.pcap,tcp_0,tcp,0,SFTP,nonVPN,FileTransfer,SFTP
nonVPN_FileTransfer_SFTP_none_5.pcap.UDP_131-202-240-242_50540_224-0-0-252_5355_stream_0.pcap,udp_0,udp,0,SFTP,nonVPN,FileTransfer,SFTP
nonVPN_FileTransfer_SFTP_none_5.pcap.UDP_131-202-240-242_55374_224-0-0-252_5355_stream_0.pcap,udp_0,udp,0,SFTP,nonVPN,FileTransfer,SFTP
nonVPN_FileTransfer_SFTP_none_5.pcap.UDP_131-202-240-242_56919_131-202-244-3_53_stream_0.pcap,udp_0,udp,0,SFTP,nonVPN,FileTransfer,SFTP
nonVPN_FileTransfer_SFTP_none_5.pcap.UDP_131-202-240-242_57601_224-0-0-252_5355_stream_0.pcap,udp_0,udp,0,SFTP,nonVPN,FileTransfer,SFTP
nonVPN_FileTransfer_SFTP_none_5.pcap.UDP_131-202-240-242_65427_224-0-0-252_5355_stream_0.pcap,udp_0,udp,0,SFTP,nonVPN,FileTransfer,SFTP
nonVPN_FileTransfer_SFTP_none_6.pcap.UDP_131-202-240-150_20439_131-202-244-5_53_stream_0.pcap,udp_0,udp,0,SFTP,nonVPN,FileTransfer,SFTP
nonVPN_FileTransfer_SFTP_none_6.pcap.UDP_131-202-240-150_4620_131-202-244-5_53_stream_0.pcap,udp_0,udp,0,SFTP,nonVPN,FileTransfer,SFTP
nonVPN_FileTransfer_SFTP_none_6.pcap.UDP_131-202-240-150_48400_131-202-244-3_53_stream_0.pcap,udp_0,udp,0,SFTP,nonVPN,FileTransfer,SFTP
nonVPN_FileTransfer_SFTP_none_6.pcap.UDP_131-202-240-150_50989_131-202-244-5_53_stream_0.pcap,udp_0,udp,0,SFTP,nonVPN,FileTransfer,SFTP
nonVPN_FileTransfer_SFTP_none_6.pcap.UDP_131-202-6-3_53_131-202-240-150_48400_stream_0.pcap,udp_0,udp,0,SFTP,nonVPN,FileTransfer,SFTP
nonVPN_FileTransfer_SFTP_none_1.pcap.TCP_10-0-2-15_49936_131-202-240-150_39837_stream_0.pcap,tcp_0,tcp,0,SFTP,nonVPN,FileTransfer,SFTP
nonVPN_FileTransfer_SFTP_none_7.pcap.TCP_131-202-240-87_38042_131-202-240-242_22_stream_0.pcap,tcp_0,tcp,0,SFTP,nonVPN,FileTransfer,SFTP
nonVPN_FileTransfer_SFTP_none_7.pcap.TCP_131-202-240-87_38049_131-202-240-242_22_stream_0.pcap,tcp_0,tcp,0,SFTP,nonVPN,FileTransfer,SFTP
nonVPN_FileTransfer_SFTP_none_7.pcap.TCP_131-202-240-87_38047_131-202-240-242_22_stream_0.pcap,tcp_0,tcp,0,SFTP,nonVPN,FileTransfer,SFTP
nonVPN_FileTransfer_SFTP_none_7.pcap.TCP_131-202-240-87_38048_131-202-240-242_22_stream_0.pcap,tcp_0,tcp,0,SFTP,nonVPN,FileTransfer,SFTP
nonVPN_FileTransfer_SFTP_none_7.pcap.UDP_131-202-240-87_53640_224-0-0-252_5355_stream_0.pcap,udp_0,udp,0,SFTP,nonVPN,FileTransfer,SFTP
nonVPN_FileTransfer_SFTP_none_7.pcap.UDP_131-202-240-87_52325_224-0-0-252_5355_stream_0.pcap,udp_0,udp,0,SFTP,nonVPN,FileTransfer,SFTP
nonVPN_FileTransfer_SFTP_none_8.pcap.TCP_131-202-240-87_42129_131-202-240-242_22_stream_0.pcap,tcp_0,tcp,0,SFTP,nonVPN,FileTransfer,SFTP
nonVPN_FileTransfer_SFTP_none_7.pcap.UDP_131-202-240-87_61544_224-0-0-252_5355_stream_0.pcap,udp_0,udp,0,SFTP,nonVPN,FileTransfer,SFTP
nonVPN_FileTransfer_SFTP_none_8.pcap.UDP_131-202-240-242_137_131-202-243-255_137_stream_0.pcap,udp_0,udp,0,SFTP,nonVPN,FileTransfer,SFTP
nonVPN_FileTransfer_SFTP_none_8.pcap.UDP_131-202-240-242_49172_224-0-0-252_5355_stream_0.pcap,udp_0,udp,0,SFTP,nonVPN,FileTransfer,SFTP
nonVPN_FileTransfer_SFTP_none_8.pcap.UDP_131-202-240-242_52646_224-0-0-252_5355_stream_0.pcap,udp_0,udp,0,SFTP,nonVPN,FileTransfer,SFTP
nonVPN_FileTransfer_SFTP_none_8.pcap.UDP_131-202-240-242_65006_224-0-0-252_5355_stream_0.pcap,udp_0,udp,0,SFTP,nonVPN,FileTransfer,SFTP
nonVPN_FileTransfer_SFTP_none_8.pcap.UDP_131-202-240-242_63669_224-0-0-252_5355_stream_0.pcap,udp_0,udp,0,SFTP,nonVPN,FileTransfer,SFTP
nonVPN_FileTransfer_SFTP_none_8.pcap.UDP_131-202-240-45_161_131-202-240-242_64918_stream_0.pcap,udp_0,udp,0,SFTP,nonVPN,FileTransfer,SFTP
nonVPN_FileTransfer_SFTP_none_8.pcap.UDP_77-72-169-130_11113_131-202-240-242_15647_stream_0.pcap,udp_0,udp,0,SFTP,nonVPN,FileTransfer,SFTP
nonVPN_FileTransfer_SFTP_none_7.pcap.TCP_131-202-240-87_38033_131-202-240-242_22_stream_0.pcap,tcp_0,tcp,0,SFTP,nonVPN,FileTransfer,SFTP
VPN_P2P_BitTorrent_none_1.pcap.TCP_10-8-8-130_33820_207-241-227-212_80_stream_0.pcap,tcp_0,tcp,0,BitTorrent,VPN,P2P,BitTorrent
VPN_P2P_BitTorrent_none_1.pcap.TCP_10-8-8-130_33817_207-241-227-212_80_stream_0.pcap,tcp_0,tcp,0,BitTorrent,VPN,P2P,BitTorrent
VPN_P2P_BitTorrent_none_1.pcap.TCP_10-8-8-130_33803_207-241-227-212_80_stream_0.pcap,tcp_0,tcp,0,BitTorrent,VPN,P2P,BitTorrent
VPN_P2P_BitTorrent_none_1.pcap.TCP_10-8-8-130_33781_207-241-227-212_80_stream_0.pcap,tcp_0,tcp,0,BitTorrent,VPN,P2P,BitTorrent
VPN_P2P_BitTorrent_none_1.pcap.TCP_10-8-8-130_33833_207-241-227-212_80_stream_0.pcap,tcp_0,tcp,0,BitTorrent,VPN,P2P,BitTorrent
VPN_P2P_BitTorrent_none_1.pcap.TCP_10-8-8-130_33800_207-241-227-212_80_stream_0.pcap,tcp_0,tcp,0,BitTorrent,VPN,P2P,BitTorrent
VPN_P2P_BitTorrent_none_1.pcap.TCP_10-8-8-130_33831_207-241-227-212_80_stream_0.pcap,tcp_0,tcp,0,BitTorrent,VPN,P2P,BitTorrent
VPN_P2P_BitTorrent_none_1.pcap.TCP_10-8-8-130_33843_207-241-227-212_80_stream_0.pcap,tcp_0,tcp,0,BitTorrent,VPN,P2P,BitTorrent
VPN_P2P_BitTorrent_none_1.pcap.TCP_10-8-8-130_33858_207-241-227-212_80_stream_0.pcap,tcp_0,tcp,0,BitTorrent,VPN,P2P,BitTorrent
VPN_P2P_BitTorrent_none_1.pcap.TCP_10-8-8-130_33859_207-241-227-212_80_stream_0.pcap,tcp_0,tcp,0,BitTorrent,VPN,P2P,BitTorrent
VPN_P2P_BitTorrent_none_1.pcap.TCP_10-8-8-130_33838_207-241-227-212_80_stream_0.pcap,tcp_0,tcp,0,BitTorrent,VPN,P2P,BitTorrent
VPN_P2P_BitTorrent_none_1.pcap.TCP_10-8-8-130_33860_207-241-227-212_80_stream_0.pcap,tcp_0,tcp,0,BitTorrent,VPN,P2P,BitTorrent
VPN_P2P_BitTorrent_none_1.pcap.TCP_10-8-8-130_33818_207-241-227-212_80_stream_0.pcap,tcp_0,tcp,0,BitTorrent,VPN,P2P,BitTorrent
VPN_P2P_BitTorrent_none_1.pcap.TCP_10-8-8-130_33782_207-241-227-212_80_stream_0.pcap,tcp_0,tcp,0,BitTorrent,VPN,P2P,BitTorrent
VPN_P2P_BitTorrent_none_1.pcap.TCP_10-8-8-130_33864_207-241-227-212_80_stream_0.pcap,tcp_0,tcp,0,BitTorrent,VPN,P2P,BitTorrent
VPN_P2P_BitTorrent_none_1.pcap.TCP_10-8-8-130_33868_207-241-227-212_80_stream_0.pcap,tcp_0,tcp,0,BitTorrent,VPN,P2P,BitTorrent
VPN_P2P_BitTorrent_none_1.pcap.TCP_10-8-8-130_33861_207-241-227-212_80_stream_0.pcap,tcp_0,tcp,0,BitTorrent,VPN,P2P,BitTorrent
VPN_P2P_BitTorrent_none_1.pcap.TCP_10-8-8-130_33875_207-241-227-212_80_stream_0.pcap,tcp_0,tcp,0,BitTorrent,VPN,P2P,BitTorrent
VPN_P2P_BitTorrent_none_1.pcap.TCP_10-8-8-130_43474_207-241-236-176_80_stream_0.pcap,tcp_0,tcp,0,BitTorrent,VPN,P2P,BitTorrent
VPN_P2P_BitTorrent_none_1.pcap.TCP_10-8-8-130_43464_207-241-236-176_80_stream_0.pcap,tcp_0,tcp,0,BitTorrent,VPN,P2P,BitTorrent
VPN_P2P_BitTorrent_none_1.pcap.TCP_10-8-8-130_43476_207-241-236-176_80_stream_0.pcap,tcp_0,tcp,0,BitTorrent,VPN,P2P,BitTorrent
VPN_P2P_BitTorrent_none_1.pcap.TCP_10-8-8-130_43475_207-241-236-176_80_stream_0.pcap,tcp_0,tcp,0,BitTorrent,VPN,P2P,BitTorrent
VPN_P2P_BitTorrent_none_1.pcap.TCP_10-8-8-130_43463_207-241-236-176_80_stream_0.pcap,tcp_0,tcp,0,BitTorrent,VPN,P2P,BitTorrent
VPN_P2P_BitTorrent_none_1.pcap.TCP_10-8-8-130_33880_207-241-227-212_80_stream_0.pcap,tcp_0,tcp,0,BitTorrent,VPN,P2P,BitTorrent
VPN_P2P_BitTorrent_none_1.pcap.TCP_10-8-8-130_33877_207-241-227-212_80_stream_0.pcap,tcp_0,tcp,0,BitTorrent,VPN,P2P,BitTorrent
VPN_P2P_BitTorrent_none_1.pcap.TCP_10-8-8-130_43482_207-241-236-176_80_stream_0.pcap,tcp_0,tcp,0,BitTorrent,VPN,P2P,BitTorrent
VPN_P2P_BitTorrent_none_1.pcap.TCP_10-8-8-130_43479_207-241-236-176_80_stream_0.pcap,tcp_0,tcp,0,BitTorrent,VPN,P2P,BitTorrent
VPN_P2P_BitTorrent_none_1.pcap.TCP_10-8-8-130_43483_207-241-236-176_80_stream_0.pcap,tcp_0,tcp,0,BitTorrent,VPN,P2P,BitTorrent
VPN_P2P_BitTorrent_none_1.pcap.TCP_10-8-8-130_43484_207-241-236-176_80_stream_0.pcap,tcp_0,tcp,0,BitTorrent,VPN,P2P,BitTorrent
VPN_P2P_BitTorrent_none_1.pcap.TCP_10-8-8-130_43499_207-241-236-176_80_stream_0.pcap,tcp_0,tcp,0,BitTorrent,VPN,P2P,BitTorrent
VPN_P2P_BitTorrent_none_1.pcap.TCP_10-8-8-130_43518_207-241-236-176_80_stream_0.pcap,tcp_0,tcp,0,BitTorrent,VPN,P2P,BitTorrent
VPN_P2P_BitTorrent_none_1.pcap.TCP_10-8-8-130_43517_207-241-236-176_80_stream_0.pcap,tcp_0,tcp,0,BitTorrent,VPN,P2P,BitTorrent
VPN_P2P_BitTorrent_none_1.pcap.TCP_10-8-8-130_43462_207-241-236-176_80_stream_0.pcap,tcp_0,tcp,0,BitTorrent,VPN,P2P,BitTorrent
VPN_P2P_BitTorrent_none_1.pcap.TCP_10-8-8-130_43501_207-241-236-176_80_stream_0.pcap,tcp_0,tcp,0,BitTorrent,VPN,P2P,BitTorrent
VPN_P2P_BitTorrent_none_1.pcap.TCP_10-8-8-130_43503_207-241-236-176_80_stream_0.pcap,tcp_0,tcp,0,BitTorrent,VPN,P2P,BitTorrent
VPN_P2P_BitTorrent_none_1.pcap.TCP_10-8-8-130_43494_207-241-236-176_80_stream_0.pcap,tcp_0,tcp,0,BitTorrent,VPN,P2P,BitTorrent
VPN_P2P_BitTorrent_none_1.pcap.TCP_10-8-8-130_43519_207-241-236-176_80_stream_0.pcap,tcp_0,tcp,0,BitTorrent,VPN,P2P,BitTorrent
VPN_P2P_BitTorrent_none_1.pcap.TCP_10-8-8-130_43526_207-241-236-176_80_stream_0.pcap,tcp_0,tcp,0,BitTorrent,VPN,P2P,BitTorrent
VPN_P2P_BitTorrent_none_1.pcap.TCP_10-8-8-130_43528_207-241-236-176_80_stream_0.pcap,tcp_0,tcp,0,BitTorrent,VPN,P2P,BitTorrent
VPN_P2P_BitTorrent_none_1.pcap.TCP_10-8-8-130_43535_207-241-236-176_80_stream_0.pcap,tcp_0,tcp,0,BitTorrent,VPN,P2P,BitTorrent
VPN_P2P_BitTorrent_none_1.pcap.TCP_10-8-8-130_43515_207-241-236-176_80_stream_0.pcap,tcp_0,tcp,0,BitTorrent,VPN,P2P,BitTorrent
VPN_P2P_BitTorrent_none_1.pcap.TCP_10-8-8-130_43545_207-241-236-176_80_stream_0.pcap,tcp_0,tcp,0,BitTorrent,VPN,P2P,BitTorrent
VPN_P2P_BitTorrent_none_1.pcap.TCP_10-8-8-130_43534_207-241-236-176_80_stream_0.pcap,tcp_0,tcp,0,BitTorrent,VPN,P2P,BitTorrent
VPN_P2P_BitTorrent_none_1.pcap.TCP_10-8-8-130_43549_207-241-236-176_80_stream_0.pcap,tcp_0,tcp,0,BitTorrent,VPN,P2P,BitTorrent
VPN_P2P_BitTorrent_none_1.pcap.TCP_10-8-8-130_43540_207-241-236-176_80_stream_0.pcap,tcp_0,tcp,0,BitTorrent,VPN,P2P,BitTorrent
VPN_P2P_BitTorrent_none_1.pcap.TCP_10-8-8-130_44222_117-203-33-115_56540_stream_0.pcap,tcp_0,tcp,0,BitTorrent,VPN,P2P,BitTorrent
VPN_P2P_BitTorrent_none_1.pcap.TCP_10-8-8-130_43548_207-241-236-176_80_stream_0.pcap,tcp_0,tcp,0,BitTorrent,VPN,P2P,BitTorrent
VPN_P2P_BitTorrent_none_1.pcap.TCP_10-8-8-130_43557_207-241-236-176_80_stream_0.pcap,tcp_0,tcp,0,BitTorrent,VPN,P2P,BitTorrent
VPN_P2P_BitTorrent_none_1.pcap.TCP_10-8-8-130_47682_207-241-237-128_80_stream_0.pcap,tcp_0,tcp,0,BitTorrent,VPN,P2P,BitTorrent
VPN_P2P_BitTorrent_none_1.pcap.TCP_10-8-8-130_43559_207-241-236-176_80_stream_0.pcap,tcp_0,tcp,0,BitTorrent,VPN,P2P,BitTorrent
VPN_P2P_BitTorrent_none_1.pcap.TCP_10-8-8-130_47683_207-241-237-128_80_stream_0.pcap,tcp_0,tcp,0,BitTorrent,VPN,P2P,BitTorrent
VPN_P2P_BitTorrent_none_1.pcap.TCP_10-8-8-130_47685_207-241-237-128_80_stream_0.pcap,tcp_0,tcp,0,BitTorrent,VPN,P2P,BitTorrent
VPN_P2P_BitTorrent_none_1.pcap.TCP_10-8-8-130_43541_207-241-236-176_80_stream_0.pcap,tcp_0,tcp,0,BitTorrent,VPN,P2P,BitTorrent
VPN_P2P_BitTorrent_none_1.pcap.TCP_10-8-8-130_47688_207-241-237-128_80_stream_0.pcap,tcp_0,tcp,0,BitTorrent,VPN,P2P,BitTorrent
VPN_P2P_BitTorrent_none_1.pcap.TCP_10-8-8-130_47689_207-241-237-128_80_stream_0.pcap,tcp_0,tcp,0,BitTorrent,VPN,P2P,BitTorrent
VPN_P2P_BitTorrent_none_1.pcap.TCP_10-8-8-130_47710_207-241-237-128_80_stream_0.pcap,tcp_0,tcp,0,BitTorrent,VPN,P2P,BitTorrent
VPN_P2P_BitTorrent_none_1.pcap.TCP_10-8-8-130_47734_207-241-237-128_80_stream_0.pcap,tcp_0,tcp,0,BitTorrent,VPN,P2P,BitTorrent
VPN_P2P_BitTorrent_none_1.pcap.TCP_10-8-8-130_47692_207-241-237-128_80_stream_0.pcap,tcp_0,tcp,0,BitTorrent,VPN,P2P,BitTorrent
VPN_P2P_BitTorrent_none_1.pcap.TCP_10-8-8-130_47772_207-241-237-128_80_stream_0.pcap,tcp_0,tcp,0,BitTorrent,VPN,P2P,BitTorrent
VPN_P2P_BitTorrent_none_1.pcap.TCP_10-8-8-130_47765_207-241-237-128_80_stream_0.pcap,tcp_0,tcp,0,BitTorrent,VPN,P2P,BitTorrent
VPN_P2P_BitTorrent_none_1.pcap.TCP_10-8-8-130_47774_207-241-237-128_80_stream_0.pcap,tcp_0,tcp,0,BitTorrent,VPN,P2P,BitTorrent
VPN_P2P_BitTorrent_none_1.pcap.TCP_10-8-8-130_47779_207-241-237-128_80_stream_0.pcap,tcp_0,tcp,0,BitTorrent,VPN,P2P,BitTorrent
VPN_P2P_BitTorrent_none_1.pcap.TCP_10-8-8-130_47785_207-241-237-128_80_stream_0.pcap,tcp_0,tcp,0,BitTorrent,VPN,P2P,BitTorrent
VPN_P2P_BitTorrent_none_1.pcap.TCP_10-8-8-130_48971_207-241-226-111_6969_stream_0.pcap,tcp_0,tcp,0,BitTorrent,VPN,P2P,BitTorrent
VPN_P2P_BitTorrent_none_1.pcap.TCP_10-8-8-130_47793_207-241-237-128_80_stream_0.pcap,tcp_0,tcp,0,BitTorrent,VPN,P2P,BitTorrent
VPN_P2P_BitTorrent_none_1.pcap.TCP_10-8-8-130_47792_207-241-237-128_80_stream_0.pcap,tcp_0,tcp,0,BitTorrent,VPN,P2P,BitTorrent
VPN_P2P_BitTorrent_none_1.pcap.TCP_10-8-8-130_47783_207-241-237-128_80_stream_0.pcap,tcp_0,tcp,0,BitTorrent,VPN,P2P,BitTorrent
VPN_P2P_BitTorrent_none_1.pcap.TCP_10-8-8-130_49088_207-241-226-111_6969_stream_0.pcap,tcp_0,tcp,0,BitTorrent,VPN,P2P,BitTorrent
VPN_P2P_BitTorrent_none_1.pcap.TCP_10-8-8-130_49039_207-241-226-111_6969_stream_0.pcap,tcp_0,tcp,0,BitTorrent,VPN,P2P,BitTorrent
VPN_P2P_BitTorrent_none_1.pcap.TCP_10-8-8-130_49065_207-241-226-111_6969_stream_0.pcap,tcp_0,tcp,0,BitTorrent,VPN,P2P,BitTorrent
VPN_P2P_BitTorrent_none_1.pcap.TCP_10-8-8-130_47786_207-241-237-128_80_stream_0.pcap,tcp_0,tcp,0,BitTorrent,VPN,P2P,BitTorrent
VPN_P2P_BitTorrent_none_1.pcap.TCP_10-8-8-130_47794_207-241-237-128_80_stream_0.pcap,tcp_0,tcp,0,BitTorrent,VPN,P2P,BitTorrent
VPN_P2P_BitTorrent_none_1.pcap.TCP_10-8-8-130_47790_207-241-237-128_80_stream_0.pcap,tcp_0,tcp,0,BitTorrent,VPN,P2P,BitTorrent
VPN_P2P_BitTorrent_none_1.pcap.TCP_10-8-8-130_49151_207-241-226-111_6969_stream_0.pcap,tcp_0,tcp,0,BitTorrent,VPN,P2P,BitTorrent
VPN_P2P_BitTorrent_none_1.pcap.TCP_10-8-8-130_49152_207-241-226-111_6969_stream_0.pcap,tcp_0,tcp,0,BitTorrent,VPN,P2P,BitTorrent
VPN_P2P_BitTorrent_none_1.pcap.TCP_10-8-8-130_49154_207-241-226-111_6969_stream_0.pcap,tcp_0,tcp,0,BitTorrent,VPN,P2P,BitTorrent
VPN_P2P_BitTorrent_none_1.pcap.TCP_10-8-8-130_51278_207-241-224-2_443_stream_0.pcap,tcp_0,tcp,0,BitTorrent,VPN,P2P,BitTorrent
VPN_P2P_BitTorrent_none_1.pcap.TCP_10-8-8-130_51280_207-241-224-2_443_stream_0.pcap,tcp_0,tcp,0,BitTorrent,VPN,P2P,BitTorrent
VPN_P2P_BitTorrent_none_1.pcap.TCP_10-8-8-130_51279_207-241-224-2_443_stream_0.pcap,tcp_0,tcp,0,BitTorrent,VPN,P2P,BitTorrent
VPN_P2P_BitTorrent_none_1.pcap.TCP_10-8-8-130_51281_207-241-224-2_443_stream_0.pcap,tcp_0,tcp,0,BitTorrent,VPN,P2P,BitTorrent
VPN_P2P_BitTorrent_none_1.pcap.TCP_10-8-8-130_51299_207-241-224-2_443_stream_0.pcap,tcp_0,tcp,0,BitTorrent,VPN,P2P,BitTorrent
VPN_P2P_BitTorrent_none_1.pcap.TCP_10-8-8-130_51300_207-241-224-2_443_stream_0.pcap,tcp_0,tcp,0,BitTorrent,VPN,P2P,BitTorrent
VPN_P2P_BitTorrent_none_1.pcap.TCP_10-8-8-130_51298_207-241-224-2_443_stream_0.pcap,tcp_0,tcp,0,BitTorrent,VPN,P2P,BitTorrent
VPN_P2P_BitTorrent_none_1.pcap.TCP_10-8-8-130_51302_207-241-224-2_443_stream_0.pcap,tcp_0,tcp,0,BitTorrent,VPN,P2P,BitTorrent
VPN_P2P_BitTorrent_none_1.pcap.TCP_10-8-8-130_47789_207-241-237-128_80_stream_0.pcap,tcp_0,tcp,0,BitTorrent,VPN,P2P,BitTorrent
VPN_P2P_BitTorrent_none_1.pcap.TCP_10-8-8-130_52071_207-241-227-82_80_stream_0.pcap,tcp_0,tcp,0,BitTorrent,VPN,P2P,BitTorrent
VPN_P2P_BitTorrent_none_1.pcap.TCP_10-8-8-130_52070_207-241-227-82_80_stream_0.pcap,tcp_0,tcp,0,BitTorrent,VPN,P2P,BitTorrent
VPN_P2P_BitTorrent_none_1.pcap.TCP_10-8-8-130_55782_207-241-224-2_80_stream_0.pcap,tcp_0,tcp,0,BitTorrent,VPN,P2P,BitTorrent
VPN_P2P_BitTorrent_none_1.pcap.TCP_10-8-8-130_55779_207-241-224-2_80_stream_0.pcap,tcp_0,tcp,0,BitTorrent,VPN,P2P,BitTorrent
VPN_P2P_BitTorrent_none_1.pcap.TCP_10-8-8-130_55783_207-241-224-2_80_stream_0.pcap,tcp_0,tcp,0,BitTorrent,VPN,P2P,BitTorrent
VPN_P2P_BitTorrent_none_1.pcap.TCP_10-8-8-130_52088_207-241-227-82_80_stream_0.pcap,tcp_0,tcp,0,BitTorrent,VPN,P2P,BitTorrent
VPN_P2P_BitTorrent_none_1.pcap.TCP_10-8-8-130_52099_207-241-227-82_80_stream_0.pcap,tcp_0,tcp,0,BitTorrent,VPN,P2P,BitTorrent
VPN_P2P_BitTorrent_none_1.pcap.TCP_10-8-8-130_52096_207-241-227-82_80_stream_0.pcap,tcp_0,tcp,0,BitTorrent,VPN,P2P,BitTorrent
VPN_P2P_BitTorrent_none_1.pcap.TCP_10-8-8-130_52082_207-241-227-82_80_stream_0.pcap,tcp_0,tcp,0,BitTorrent,VPN,P2P,BitTorrent
VPN_P2P_BitTorrent_none_1.pcap.TCP_10-8-8-130_55821_207-241-224-2_80_stream_0.pcap,tcp_0,tcp,0,BitTorrent,VPN,P2P,BitTorrent
VPN_P2P_BitTorrent_none_1.pcap.TCP_10-8-8-130_55915_207-241-224-2_80_stream_0.pcap,tcp_0,tcp,0,BitTorrent,VPN,P2P,BitTorrent
VPN_P2P_BitTorrent_none_1.pcap.TCP_10-8-8-130_52100_207-241-227-82_80_stream_0.pcap,tcp_0,tcp,0,BitTorrent,VPN,P2P,BitTorrent
VPN_P2P_BitTorrent_none_1.pcap.TCP_10-8-8-130_55938_207-241-224-2_80_stream_0.pcap,tcp_0,tcp,0,BitTorrent,VPN,P2P,BitTorrent
VPN_P2P_BitTorrent_none_1.pcap.TCP_10-8-8-130_55970_207-241-224-2_80_stream_0.pcap,tcp_0,tcp,0,BitTorrent,VPN,P2P,BitTorrent
VPN_P2P_BitTorrent_none_1.pcap.TCP_10-8-8-130_56809_207-241-239-206_6969_stream_0.pcap,tcp_0,tcp,0,BitTorrent,VPN,P2P,BitTorrent
VPN_P2P_BitTorrent_none_1.pcap.TCP_10-8-8-130_56860_207-241-239-206_6969_stream_0.pcap,tcp_0,tcp,0,BitTorrent,VPN,P2P,BitTorrent
VPN_P2P_BitTorrent_none_1.pcap.TCP_10-8-8-130_56937_207-241-239-206_6969_stream_0.pcap,tcp_0,tcp,0,BitTorrent,VPN,P2P,BitTorrent
VPN_P2P_BitTorrent_none_1.pcap.TCP_10-8-8-130_57005_207-241-239-206_6969_stream_0.pcap,tcp_0,tcp,0,BitTorrent,VPN,P2P,BitTorrent
VPN_P2P_BitTorrent_none_1.pcap.TCP_10-8-8-130_57022_207-241-239-206_6969_stream_0.pcap,tcp_0,tcp,0,BitTorrent,VPN,P2P,BitTorrent
VPN_P2P_BitTorrent_none_1.pcap.TCP_10-8-8-130_57023_207-241-239-206_6969_stream_0.pcap,tcp_0,tcp,0,BitTorrent,VPN,P2P,BitTorrent
VPN_P2P_BitTorrent_none_1.pcap.TCP_10-8-8-130_59047_207-241-227-188_80_stream_0.pcap,tcp_0,tcp,0,BitTorrent,VPN,P2P,BitTorrent
VPN_P2P_BitTorrent_none_1.pcap.TCP_10-8-8-130_59037_207-241-227-188_80_stream_0.pcap,tcp_0,tcp,0,BitTorrent,VPN,P2P,BitTorrent
VPN_P2P_BitTorrent_none_1.pcap.TCP_10-8-8-130_59050_207-241-227-188_80_stream_0.pcap,tcp_0,tcp,0,BitTorrent,VPN,P2P,BitTorrent
VPN_P2P_BitTorrent_none_1.pcap.TCP_10-8-8-130_59035_207-241-227-188_80_stream_0.pcap,tcp_0,tcp,0,BitTorrent,VPN,P2P,BitTorrent
VPN_P2P_BitTorrent_none_1.pcap.TCP_10-8-8-130_59057_207-241-227-188_80_stream_0.pcap,tcp_0,tcp,0,BitTorrent,VPN,P2P,BitTorrent
VPN_P2P_BitTorrent_none_1.pcap.TCP_10-8-8-130_59101_207-241-227-188_80_stream_0.pcap,tcp_0,tcp,0,BitTorrent,VPN,P2P,BitTorrent
VPN_P2P_BitTorrent_none_1.pcap.TCP_10-8-8-130_59064_207-241-227-188_80_stream_0.pcap,tcp_0,tcp,0,BitTorrent,VPN,P2P,BitTorrent
VPN_P2P_BitTorrent_none_1.pcap.TCP_10-8-8-130_59089_207-241-227-188_80_stream_0.pcap,tcp_0,tcp,0,BitTorrent,VPN,P2P,BitTorrent
VPN_P2P_BitTorrent_none_1.pcap.TCP_10-8-8-130_59062_207-241-227-188_80_stream_0.pcap,tcp_0,tcp,0,BitTorrent,VPN,P2P,BitTorrent
VPN_P2P_BitTorrent_none_1.pcap.TCP_10-8-8-130_59125_207-241-227-188_80_stream_0.pcap,tcp_0,tcp,0,BitTorrent,VPN,P2P,BitTorrent
VPN_P2P_BitTorrent_none_1.pcap.TCP_10-8-8-130_59148_207-241-227-188_80_stream_0.pcap,tcp_0,tcp,0,BitTorrent,VPN,P2P,BitTorrent
VPN_P2P_BitTorrent_none_1.pcap.TCP_10-8-8-130_59132_207-241-227-188_80_stream_0.pcap,tcp_0,tcp,0,BitTorrent,VPN,P2P,BitTorrent
VPN_P2P_BitTorrent_none_1.pcap.TCP_10-8-8-130_59145_207-241-227-188_80_stream_0.pcap,tcp_0,tcp,0,BitTorrent,VPN,P2P,BitTorrent
VPN_P2P_BitTorrent_none_1.pcap.TCP_10-8-8-130_59121_207-241-227-188_80_stream_0.pcap,tcp_0,tcp,0,BitTorrent,VPN,P2P,BitTorrent
VPN_P2P_BitTorrent_none_1.pcap.TCP_10-8-8-130_59048_207-241-227-188_80_stream_0.pcap,tcp_0,tcp,0,BitTorrent,VPN,P2P,BitTorrent
VPN_P2P_BitTorrent_none_1.pcap.TCP_10-8-8-130_59712_207-241-228-122_80_stream_0.pcap,tcp_0,tcp,0,BitTorrent,VPN,P2P,BitTorrent
VPN_P2P_BitTorrent_none_1.pcap.TCP_10-8-8-130_59139_207-241-227-188_80_stream_0.pcap,tcp_0,tcp,0,BitTorrent,VPN,P2P,BitTorrent
VPN_P2P_BitTorrent_none_1.pcap.TCP_10-8-8-130_59066_207-241-227-188_80_stream_0.pcap,tcp_0,tcp,0,BitTorrent,VPN,P2P,BitTorrent
VPN_P2P_BitTorrent_none_1.pcap.TCP_10-8-8-130_59715_207-241-228-122_80_stream_0.pcap,tcp_0,tcp,0,BitTorrent,VPN,P2P,BitTorrent
VPN_P2P_BitTorrent_none_1.pcap.TCP_10-8-8-130_59727_207-241-228-122_80_stream_0.pcap,tcp_0,tcp,0,BitTorrent,VPN,P2P,BitTorrent
VPN_P2P_BitTorrent_none_1.pcap.TCP_10-8-8-130_59731_207-241-228-122_80_stream_0.pcap,tcp_0,tcp,0,BitTorrent,VPN,P2P,BitTorrent
VPN_P2P_BitTorrent_none_1.pcap.TCP_10-8-8-130_59736_207-241-228-122_80_stream_0.pcap,tcp_0,tcp,0,BitTorrent,VPN,P2P,BitTorrent
VPN_P2P_BitTorrent_none_1.pcap.TCP_10-8-8-130_59738_207-241-228-122_80_stream_0.pcap,tcp_0,tcp,0,BitTorrent,VPN,P2P,BitTorrent
VPN_P2P_BitTorrent_none_1.pcap.TCP_10-8-8-130_59714_207-241-228-122_80_stream_0.pcap,tcp_0,tcp,0,BitTorrent,VPN,P2P,BitTorrent
VPN_P2P_BitTorrent_none_1.pcap.TCP_10-8-8-130_59756_207-241-228-122_80_stream_0.pcap,tcp_0,tcp,0,BitTorrent,VPN,P2P,BitTorrent
VPN_P2P_BitTorrent_none_1.pcap.UDP_10-8-8-130_10314_198-7-63-141_53_stream_0.pcap,udp_0,udp,0,BitTorrent,VPN,P2P,BitTorrent
VPN_P2P_BitTorrent_none_1.pcap.UDP_10-8-8-129_5351_10-8-8-130_57405_stream_0.pcap,udp_0,udp,0,BitTorrent,VPN,P2P,BitTorrent
VPN_P2P_BitTorrent_none_1.pcap.TCP_10-8-8-130_59748_207-241-228-122_80_stream_0.pcap,tcp_0,tcp,0,BitTorrent,VPN,P2P,BitTorrent
VPN_P2P_BitTorrent_none_1.pcap.UDP_10-8-8-130_10480_198-7-63-141_53_stream_0.pcap,udp_0,udp,0,BitTorrent,VPN,P2P,BitTorrent
VPN_P2P_BitTorrent_none_1.pcap.UDP_10-8-8-130_11812_198-7-63-141_53_stream_0.pcap,udp_0,udp,0,BitTorrent,VPN,P2P,BitTorrent
VPN_P2P_BitTorrent_none_1.pcap.TCP_10-8-8-130_59743_207-241-228-122_80_stream_0.pcap,tcp_0,tcp,0,BitTorrent,VPN,P2P,BitTorrent
VPN_P2P_BitTorrent_none_1.pcap.TCP_10-8-8-130_59759_207-241-228-122_80_stream_0.pcap,tcp_0,tcp,0,BitTorrent,VPN,P2P,BitTorrent
VPN_P2P_BitTorrent_none_1.pcap.TCP_10-8-8-130_59732_207-241-228-122_80_stream_0.pcap,tcp_0,tcp,0,BitTorrent,VPN,P2P,BitTorrent
VPN_P2P_BitTorrent_none_1.pcap.UDP_10-8-8-130_14412_198-7-63-141_53_stream_0.pcap,udp_0,udp,0,BitTorrent,VPN,P2P,BitTorrent
VPN_P2P_BitTorrent_none_1.pcap.UDP_10-8-8-130_14508_198-7-63-141_53_stream_0.pcap,udp_0,udp,0,BitTorrent,VPN,P2P,BitTorrent
VPN_P2P_BitTorrent_none_1.pcap.UDP_10-8-8-130_1783_78-46-223-24_53_stream_0.pcap,udp_0,udp,0,BitTorrent,VPN,P2P,BitTorrent
VPN_P2P_BitTorrent_none_1.pcap.UDP_10-8-8-130_19831_78-46-223-24_53_stream_0.pcap,udp_0,udp,0,BitTorrent,VPN,P2P,BitTorrent
VPN_P2P_BitTorrent_none_1.pcap.UDP_10-8-8-130_23459_78-46-223-24_53_stream_0.pcap,udp_0,udp,0,BitTorrent,VPN,P2P,BitTorrent
VPN_P2P_BitTorrent_none_1.pcap.UDP_10-8-8-130_24309_78-46-223-24_53_stream_0.pcap,udp_0,udp,0,BitTorrent,VPN,P2P,BitTorrent
VPN_P2P_BitTorrent_none_1.pcap.UDP_10-8-8-130_24755_78-46-223-24_53_stream_0.pcap,udp_0,udp,0,BitTorrent,VPN,P2P,BitTorrent
VPN_P2P_BitTorrent_none_1.pcap.UDP_10-8-8-130_25704_198-7-63-141_53_stream_0.pcap,udp_0,udp,0,BitTorrent,VPN,P2P,BitTorrent
VPN_P2P_BitTorrent_none_1.pcap.UDP_10-8-8-130_2582_198-7-63-141_53_stream_0.pcap,udp_0,udp,0,BitTorrent,VPN,P2P,BitTorrent
VPN_P2P_BitTorrent_none_1.pcap.UDP_10-8-8-130_26802_198-7-63-141_53_stream_0.pcap,udp_0,udp,0,BitTorrent,VPN,P2P,BitTorrent
VPN_P2P_BitTorrent_none_1.pcap.UDP_10-8-8-130_28678_78-46-223-24_53_stream_0.pcap,udp_0,udp,0,BitTorrent,VPN,P2P,BitTorrent
VPN_P2P_BitTorrent_none_1.pcap.UDP_10-8-8-130_29712_198-7-63-141_53_stream_0.pcap,udp_0,udp,0,BitTorrent,VPN,P2P,BitTorrent
VPN_P2P_BitTorrent_none_1.pcap.UDP_10-8-8-130_29312_198-7-63-141_53_stream_0.pcap,udp_0,udp,0,BitTorrent,VPN,P2P,BitTorrent
VPN_P2P_BitTorrent_none_1.pcap.UDP_10-8-8-130_30766_78-46-223-24_53_stream_0.pcap,udp_0,udp,0,BitTorrent,VPN,P2P,BitTorrent
VPN_P2P_BitTorrent_none_1.pcap.UDP_10-8-8-130_31383_198-7-63-141_53_stream_0.pcap,udp_0,udp,0,BitTorrent,VPN,P2P,BitTorrent
VPN_P2P_BitTorrent_none_1.pcap.UDP_10-8-8-130_31413_78-46-223-24_53_stream_0.pcap,udp_0,udp,0,BitTorrent,VPN,P2P,BitTorrent
VPN_P2P_BitTorrent_none_1.pcap.UDP_10-8-8-130_31732_78-46-223-24_53_stream_0.pcap,udp_0,udp,0,BitTorrent,VPN,P2P,BitTorrent
VPN_P2P_BitTorrent_none_1.pcap.UDP_10-8-8-130_32577_78-46-223-24_53_stream_0.pcap,udp_0,udp,0,BitTorrent,VPN,P2P,BitTorrent
VPN_P2P_BitTorrent_none_1.pcap.UDP_10-8-8-130_3340_198-7-63-141_53_stream_0.pcap,udp_0,udp,0,BitTorrent,VPN,P2P,BitTorrent
VPN_P2P_BitTorrent_none_1.pcap.UDP_10-8-8-130_35397_173-254-221-69_123_stream_0.pcap,udp_0,udp,0,BitTorrent,VPN,P2P,BitTorrent
VPN_P2P_BitTorrent_none_1.pcap.UDP_10-8-8-130_35603_198-7-63-141_53_stream_0.pcap,udp_0,udp,0,BitTorrent,VPN,P2P,BitTorrent
VPN_P2P_BitTorrent_none_1.pcap.UDP_10-8-8-130_36702_198-7-63-141_53_stream_0.pcap,udp_0,udp,0,BitTorrent,VPN,P2P,BitTorrent
VPN_P2P_BitTorrent_none_1.pcap.UDP_10-8-8-130_36521_198-7-63-141_53_stream_0.pcap,udp_0,udp,0,BitTorrent,VPN,P2P,BitTorrent
VPN_P2P_BitTorrent_none_1.pcap.UDP_10-8-8-130_36456_198-7-63-141_53_stream_0.pcap,udp_0,udp,0,BitTorrent,VPN,P2P,BitTorrent
VPN_P2P_BitTorrent_none_1.pcap.UDP_10-8-8-130_36932_198-7-63-141_53_stream_0.pcap,udp_0,udp,0,BitTorrent,VPN,P2P,BitTorrent
VPN_P2P_BitTorrent_none_1.pcap.UDP_10-8-8-130_3783_78-46-223-24_53_stream_0.pcap,udp_0,udp,0,BitTorrent,VPN,P2P,BitTorrent
VPN_P2P_BitTorrent_none_1.pcap.UDP_10-8-8-130_39324_198-7-63-141_53_stream_0.pcap,udp_0,udp,0,BitTorrent,VPN,P2P,BitTorrent
VPN_P2P_BitTorrent_none_1.pcap.UDP_10-8-8-130_39561_198-7-63-141_53_stream_0.pcap,udp_0,udp,0,BitTorrent,VPN,P2P,BitTorrent
VPN_P2P_BitTorrent_none_1.pcap.UDP_10-8-8-130_39969_198-7-63-141_53_stream_0.pcap,udp_0,udp,0,BitTorrent,VPN,P2P,BitTorrent
VPN_P2P_BitTorrent_none_1.pcap.UDP_10-8-8-130_40583_78-46-223-24_53_stream_0.pcap,udp_0,udp,0,BitTorrent,VPN,P2P,BitTorrent
VPN_P2P_BitTorrent_none_1.pcap.UDP_10-8-8-130_40613_198-7-63-141_53_stream_0.pcap,udp_0,udp,0,BitTorrent,VPN,P2P,BitTorrent
VPN_P2P_BitTorrent_none_1.pcap.UDP_10-8-8-130_42021_78-46-223-24_53_stream_0.pcap,udp_0,udp,0,BitTorrent,VPN,P2P,BitTorrent
VPN_P2P_BitTorrent_none_1.pcap.UDP_10-8-8-130_43028_198-7-63-141_53_stream_0.pcap,udp_0,udp,0,BitTorrent,VPN,P2P,BitTorrent
VPN_P2P_BitTorrent_none_1.pcap.UDP_10-8-8-130_43176_78-46-223-24_53_stream_0.pcap,udp_0,udp,0,BitTorrent,VPN,P2P,BitTorrent
VPN_P2P_BitTorrent_none_1.pcap.UDP_10-8-8-130_4542_78-46-223-24_53_stream_0.pcap,udp_0,udp,0,BitTorrent,VPN,P2P,BitTorrent
VPN_P2P_BitTorrent_none_1.pcap.UDP_10-8-8-130_4595_198-7-63-141_53_stream_0.pcap,udp_0,udp,0,BitTorrent,VPN,P2P,BitTorrent
VPN_P2P_BitTorrent_none_1.pcap.UDP_10-8-8-130_47289_198-7-63-141_53_stream_0.pcap,udp_0,udp,0,BitTorrent,VPN,P2P,BitTorrent
VPN_P2P_BitTorrent_none_1.pcap.UDP_10-8-8-130_47646_78-46-223-24_53_stream_0.pcap,udp_0,udp,0,BitTorrent,VPN,P2P,BitTorrent
VPN_P2P_BitTorrent_none_1.pcap.UDP_10-8-8-130_47652_198-7-63-141_53_stream_0.pcap,udp_0,udp,0,BitTorrent,VPN,P2P,BitTorrent
VPN_P2P_BitTorrent_none_1.pcap.UDP_10-8-8-130_49116_198-7-63-141_53_stream_0.pcap,udp_0,udp,0,BitTorrent,VPN,P2P,BitTorrent
VPN_P2P_BitTorrent_none_1.pcap.UDP_10-8-8-130_51413_108-0-130-54_54622_stream_0.pcap,udp_0,udp,0,BitTorrent,VPN,P2P,BitTorrent
VPN_P2P_BitTorrent_none_1.pcap.UDP_10-8-8-130_51413_108-61-68-143_62237_stream_0.pcap,udp_0,udp,0,BitTorrent,VPN,P2P,BitTorrent
VPN_P2P_BitTorrent_none_1.pcap.UDP_10-8-8-130_51413_110-76-124-85_22319_stream_0.pcap,udp_0,udp,0,BitTorrent,VPN,P2P,BitTorrent
VPN_P2P_BitTorrent_none_1.pcap.UDP_10-8-8-130_51413_114-202-9-182_42682_stream_0.pcap,udp_0,udp,0,BitTorrent,VPN,P2P,BitTorrent
VPN_P2P_BitTorrent_none_1.pcap.UDP_10-8-8-130_51413_116-122-187-233_33215_stream_0.pcap,udp_0,udp,0,BitTorrent,VPN,P2P,BitTorrent
VPN_P2P_BitTorrent_none_1.pcap.UDP_10-8-8-130_51413_117-203-33-115_56540_stream_0.pcap,udp_0,udp,0,BitTorrent,VPN,P2P,BitTorrent
VPN_P2P_BitTorrent_none_1.pcap.UDP_10-8-8-130_51413_121-143-160-25_21696_stream_0.pcap,udp_0,udp,0,BitTorrent,VPN,P2P,BitTorrent
VPN_P2P_BitTorrent_none_1.pcap.UDP_10-8-8-130_51413_121-181-186-143_12097_stream_0.pcap,udp_0,udp,0,BitTorrent,VPN,P2P,BitTorrent
VPN_P2P_BitTorrent_none_1.pcap.UDP_10-8-8-130_51413_122-173-123-16_6881_stream_0.pcap,udp_0,udp,0,BitTorrent,VPN,P2P,BitTorrent
VPN_P2P_BitTorrent_none_1.pcap.UDP_10-8-8-130_51413_128-73-85-77_40880_stream_0.pcap,udp_0,udp,0,BitTorrent,VPN,P2P,BitTorrent
VPN_P2P_BitTorrent_none_1.pcap.UDP_10-8-8-130_51413_142-165-133-217_49698_stream_0.pcap,udp_0,udp,0,BitTorrent,VPN,P2P,BitTorrent
VPN_P2P_BitTorrent_none_1.pcap.UDP_10-8-8-130_51413_175-154-79-92_6881_stream_0.pcap,udp_0,udp,0,BitTorrent,VPN,P2P,BitTorrent
VPN_P2P_BitTorrent_none_1.pcap.UDP_10-8-8-130_51413_176-14-246-0_35691_stream_0.pcap,udp_0,udp,0,BitTorrent,VPN,P2P,BitTorrent
VPN_P2P_BitTorrent_none_1.pcap.UDP_10-8-8-130_51413_177-133-138-21_50206_stream_0.pcap,udp_0,udp,0,BitTorrent,VPN,P2P,BitTorrent
VPN_P2P_BitTorrent_none_1.pcap.UDP_10-8-8-130_51413_177-32-19-111_33619_stream_0.pcap,udp_0,udp,0,BitTorrent,VPN,P2P,BitTorrent
VPN_P2P_BitTorrent_none_1.pcap.UDP_10-8-8-130_51413_178-121-152-91_39799_stream_0.pcap,udp_0,udp,0,BitTorrent,VPN,P2P,BitTorrent
VPN_P2P_BitTorrent_none_1.pcap.UDP_10-8-8-130_51413_178-164-137-127_28299_stream_0.pcap,udp_0,udp,0,BitTorrent,VPN,P2P,BitTorrent
VPN_P2P_BitTorrent_none_1.pcap.UDP_10-8-8-130_51413_182-211-104-136_54312_stream_0.pcap,udp_0,udp,0,BitTorrent,VPN,P2P,BitTorrent
VPN_P2P_BitTorrent_none_1.pcap.UDP_10-8-8-130_51413_184-99-72-237_6881_stream_0.pcap,udp_0,udp,0,BitTorrent,VPN,P2P,BitTorrent
VPN_P2P_BitTorrent_none_1.pcap.UDP_10-8-8-130_51413_186-137-116-108_34370_stream_0.pcap,udp_0,udp,0,BitTorrent,VPN,P2P,BitTorrent
VPN_P2P_BitTorrent_none_1.pcap.UDP_10-8-8-130_51413_188-163-79-127_58367_stream_0.pcap,udp_0,udp,0,BitTorrent,VPN,P2P,BitTorrent
VPN_P2P_BitTorrent_none_1.pcap.UDP_10-8-8-130_51413_188-163-83-43_36965_stream_0.pcap,udp_0,udp,0,BitTorrent,VPN,P2P,BitTorrent
VPN_P2P_BitTorrent_none_1.pcap.UDP_10-8-8-130_51413_195-154-146-149_7654_stream_0.pcap,udp_0,udp,0,BitTorrent,VPN,P2P,BitTorrent
VPN_P2P_BitTorrent_none_1.pcap.UDP_10-8-8-130_51413_189-124-16-250_64528_stream_0.pcap,udp_0,udp,0,BitTorrent,VPN,P2P,BitTorrent
VPN_P2P_BitTorrent_none_1.pcap.UDP_10-8-8-130_51413_212-129-33-50_6881_stream_0.pcap,udp_0,udp,0,BitTorrent,VPN,P2P,BitTorrent
VPN_P2P_BitTorrent_none_1.pcap.UDP_10-8-8-130_51413_24-224-192-73_53533_stream_0.pcap,udp_0,udp,0,BitTorrent,VPN,P2P,BitTorrent
VPN_P2P_BitTorrent_none_1.pcap.UDP_10-8-8-130_51413_222-160-229-8_9101_stream_0.pcap,udp_0,udp,0,BitTorrent,VPN,P2P,BitTorrent
VPN_P2P_BitTorrent_none_1.pcap.UDP_10-8-8-130_51413_41-83-80-131_27002_stream_0.pcap,udp_0,udp,0,BitTorrent,VPN,P2P,BitTorrent
VPN_P2P_BitTorrent_none_1.pcap.UDP_10-8-8-130_51413_45-79-106-62_6881_stream_0.pcap,udp_0,udp,0,BitTorrent,VPN,P2P,BitTorrent
VPN_P2P_BitTorrent_none_1.pcap.UDP_10-8-8-130_51413_45-36-133-141_48075_stream_0.pcap,udp_0,udp,0,BitTorrent,VPN,P2P,BitTorrent
VPN_P2P_BitTorrent_none_1.pcap.UDP_10-8-8-130_51413_46-191-176-129_6881_stream_0.pcap,udp_0,udp,0,BitTorrent,VPN,P2P,BitTorrent
VPN_P2P_BitTorrent_none_1.pcap.UDP_10-8-8-130_51413_46-191-187-169_51218_stream_0.pcap,udp_0,udp,0,BitTorrent,VPN,P2P,BitTorrent
VPN_P2P_BitTorrent_none_1.pcap.UDP_10-8-8-130_51413_65-92-163-247_59590_stream_0.pcap,udp_0,udp,0,BitTorrent,VPN,P2P,BitTorrent
VPN_P2P_BitTorrent_none_1.pcap.UDP_10-8-8-130_51413_68-116-5-134_16174_stream_0.pcap,udp_0,udp,0,BitTorrent,VPN,P2P,BitTorrent
VPN_P2P_BitTorrent_none_1.pcap.UDP_10-8-8-130_51413_67-215-246-10_6881_stream_0.pcap,udp_0,udp,0,BitTorrent,VPN,P2P,BitTorrent
VPN_P2P_BitTorrent_none_1.pcap.UDP_10-8-8-130_51413_68-116-5-134_19240_stream_0.pcap,udp_0,udp,0,BitTorrent,VPN,P2P,BitTorrent
VPN_P2P_BitTorrent_none_1.pcap.UDP_10-8-8-130_51413_68-116-5-134_29408_stream_0.pcap,udp_0,udp,0,BitTorrent,VPN,P2P,BitTorrent
VPN_P2P_BitTorrent_none_1.pcap.UDP_10-8-8-130_51413_71-244-132-186_51303_stream_0.pcap,udp_0,udp,0,BitTorrent,VPN,P2P,BitTorrent
VPN_P2P_BitTorrent_none_1.pcap.UDP_10-8-8-130_51413_72-207-233-40_58539_stream_0.pcap,udp_0,udp,0,BitTorrent,VPN,P2P,BitTorrent
VPN_P2P_BitTorrent_none_1.pcap.UDP_10-8-8-130_51413_72-185-177-174_35452_stream_0.pcap,udp_0,udp,0,BitTorrent,VPN,P2P,BitTorrent
VPN_P2P_BitTorrent_none_1.pcap.UDP_10-8-8-130_51413_74-78-243-180_15971_stream_0.pcap,udp_0,udp,0,BitTorrent,VPN,P2P,BitTorrent
VPN_P2P_BitTorrent_none_1.pcap.UDP_10-8-8-130_51413_75-42-15-92_16827_stream_0.pcap,udp_0,udp,0,BitTorrent,VPN,P2P,BitTorrent
VPN_P2P_BitTorrent_none_1.pcap.UDP_10-8-8-130_51413_79-111-13-217_47452_stream_0.pcap,udp_0,udp,0,BitTorrent,VPN,P2P,BitTorrent
VPN_P2P_BitTorrent_none_1.pcap.UDP_10-8-8-130_51413_79-38-157-56_53500_stream_0.pcap,udp_0,udp,0,BitTorrent,VPN,P2P,BitTorrent
VPN_P2P_BitTorrent_none_1.pcap.UDP_10-8-8-130_51413_79-176-117-151_29540_stream_0.pcap,udp_0,udp,0,BitTorrent,VPN,P2P,BitTorrent
VPN_P2P_BitTorrent_none_1.pcap.UDP_10-8-8-130_51413_80-178-206-195_6889_stream_0.pcap,udp_0,udp,0,BitTorrent,VPN,P2P,BitTorrent
VPN_P2P_BitTorrent_none_1.pcap.UDP_10-8-8-130_51413_80-98-143-168_33704_stream_0.pcap,udp_0,udp,0,BitTorrent,VPN,P2P,BitTorrent
VPN_P2P_BitTorrent_none_1.pcap.UDP_10-8-8-130_51413_81-226-28-195_27570_stream_0.pcap,udp_0,udp,0,BitTorrent,VPN,P2P,BitTorrent
VPN_P2P_BitTorrent_none_1.pcap.UDP_10-8-8-130_51413_82-44-39-1_37549_stream_0.pcap,udp_0,udp,0,BitTorrent,VPN,P2P,BitTorrent
VPN_P2P_BitTorrent_none_1.pcap.UDP_10-8-8-130_51413_84-29-113-247_9089_stream_0.pcap,udp_0,udp,0,BitTorrent,VPN,P2P,BitTorrent
VPN_P2P_BitTorrent_none_1.pcap.UDP_10-8-8-130_51413_82-221-103-244_6881_stream_0.pcap,udp_0,udp,0,BitTorrent,VPN,P2P,BitTorrent
VPN_P2P_BitTorrent_none_1.pcap.UDP_10-8-8-130_51413_86-201-229-57_6881_stream_0.pcap,udp_0,udp,0,BitTorrent,VPN,P2P,BitTorrent
VPN_P2P_BitTorrent_none_1.pcap.UDP_10-8-8-130_51413_86-104-103-4_63082_stream_0.pcap,udp_0,udp,0,BitTorrent,VPN,P2P,BitTorrent
VPN_P2P_BitTorrent_none_1.pcap.UDP_10-8-8-130_51413_85-202-28-80_48319_stream_0.pcap,udp_0,udp,0,BitTorrent,VPN,P2P,BitTorrent
VPN_P2P_BitTorrent_none_1.pcap.UDP_10-8-8-130_51413_86-60-222-35_6881_stream_0.pcap,udp_0,udp,0,BitTorrent,VPN,P2P,BitTorrent
VPN_P2P_BitTorrent_none_1.pcap.UDP_10-8-8-130_51413_88-88-199-128_16910_stream_0.pcap,udp_0,udp,0,BitTorrent,VPN,P2P,BitTorrent
VPN_P2P_BitTorrent_none_1.pcap.UDP_10-8-8-130_51413_91-121-183-146_48117_stream_0.pcap,udp_0,udp,0,BitTorrent,VPN,P2P,BitTorrent
VPN_P2P_BitTorrent_none_1.pcap.UDP_10-8-8-130_51413_91-121-198-25_51413_stream_0.pcap,udp_0,udp,0,BitTorrent,VPN,P2P,BitTorrent
VPN_P2P_BitTorrent_none_1.pcap.UDP_10-8-8-130_51413_91-121-59-153_6881_stream_0.pcap,udp_0,udp,0,BitTorrent,VPN,P2P,BitTorrent
VPN_P2P_BitTorrent_none_1.pcap.UDP_10-8-8-130_51413_91-181-206-57_6881_stream_0.pcap,udp_0,udp,0,BitTorrent,VPN,P2P,BitTorrent
VPN_P2P_BitTorrent_none_1.pcap.UDP_10-8-8-130_51413_93-80-87-228_40881_stream_0.pcap,udp_0,udp,0,BitTorrent,VPN,P2P,BitTorrent
VPN_P2P_BitTorrent_none_1.pcap.UDP_10-8-8-130_51413_95-211-168-89_6881_stream_0.pcap,udp_0,udp,0,BitTorrent,VPN,P2P,BitTorrent
VPN_P2P_BitTorrent_none_1.pcap.UDP_10-8-8-130_51413_95-211-100-159_6881_stream_0.pcap,udp_0,udp,0,BitTorrent,VPN,P2P,BitTorrent
VPN_P2P_BitTorrent_none_1.pcap.UDP_10-8-8-130_51413_95-211-174-140_6881_stream_0.pcap,udp_0,udp,0,BitTorrent,VPN,P2P,BitTorrent
VPN_P2P_BitTorrent_none_1.pcap.UDP_10-8-8-130_51413_95-83-188-88_39721_stream_0.pcap,udp_0,udp,0,BitTorrent,VPN,P2P,BitTorrent
VPN_P2P_BitTorrent_none_1.pcap.UDP_10-8-8-130_51413_96-21-228-188_51790_stream_0.pcap,udp_0,udp,0,BitTorrent,VPN,P2P,BitTorrent
VPN_P2P_BitTorrent_none_1.pcap.UDP_10-8-8-130_53823_78-46-223-24_53_stream_0.pcap,udp_0,udp,0,BitTorrent,VPN,P2P,BitTorrent
VPN_P2P_BitTorrent_none_1.pcap.UDP_10-8-8-130_53873_198-7-63-141_53_stream_0.pcap,udp_0,udp,0,BitTorrent,VPN,P2P,BitTorrent
VPN_P2P_BitTorrent_none_1.pcap.UDP_10-8-8-130_54223_78-46-223-24_53_stream_0.pcap,udp_0,udp,0,BitTorrent,VPN,P2P,BitTorrent
VPN_P2P_BitTorrent_none_1.pcap.UDP_10-8-8-130_57873_198-7-63-141_53_stream_0.pcap,udp_0,udp,0,BitTorrent,VPN,P2P,BitTorrent
VPN_P2P_BitTorrent_none_1.pcap.UDP_10-8-8-130_56766_198-7-63-141_53_stream_0.pcap,udp_0,udp,0,BitTorrent,VPN,P2P,BitTorrent
VPN_P2P_BitTorrent_none_1.pcap.UDP_10-8-8-130_58251_198-7-63-141_53_stream_0.pcap,udp_0,udp,0,BitTorrent,VPN,P2P,BitTorrent
VPN_P2P_BitTorrent_none_1.pcap.UDP_10-8-8-130_5634_78-46-223-24_53_stream_0.pcap,udp_0,udp,0,BitTorrent,VPN,P2P,BitTorrent
VPN_P2P_BitTorrent_none_1.pcap.UDP_10-8-8-130_58594_198-7-63-141_53_stream_0.pcap,udp_0,udp,0,BitTorrent,VPN,P2P,BitTorrent
VPN_P2P_BitTorrent_none_1.pcap.UDP_10-8-8-130_59366_78-46-223-24_53_stream_0.pcap,udp_0,udp,0,BitTorrent,VPN,P2P,BitTorrent
VPN_P2P_BitTorrent_none_1.pcap.UDP_10-8-8-130_5947_198-7-63-141_53_stream_0.pcap,udp_0,udp,0,BitTorrent,VPN,P2P,BitTorrent
VPN_P2P_BitTorrent_none_1.pcap.UDP_10-8-8-130_59614_198-7-63-141_53_stream_0.pcap,udp_0,udp,0,BitTorrent,VPN,P2P,BitTorrent
VPN_P2P_BitTorrent_none_1.pcap.UDP_10-8-8-130_60264_198-7-63-141_53_stream_0.pcap,udp_0,udp,0,BitTorrent,VPN,P2P,BitTorrent
VPN_P2P_BitTorrent_none_1.pcap.UDP_10-8-8-130_59087_198-7-63-141_53_stream_0.pcap,udp_0,udp,0,BitTorrent,VPN,P2P,BitTorrent
VPN_P2P_BitTorrent_none_1.pcap.UDP_10-8-8-130_60756_78-46-223-24_53_stream_0.pcap,udp_0,udp,0,BitTorrent,VPN,P2P,BitTorrent
VPN_P2P_BitTorrent_none_1.pcap.UDP_10-8-8-130_61995_198-7-63-141_53_stream_0.pcap,udp_0,udp,0,BitTorrent,VPN,P2P,BitTorrent
VPN_P2P_BitTorrent_none_1.pcap.UDP_10-8-8-130_63312_78-46-223-24_53_stream_0.pcap,udp_0,udp,0,BitTorrent,VPN,P2P,BitTorrent
VPN_P2P_BitTorrent_none_1.pcap.UDP_10-8-8-130_64296_198-7-63-141_53_stream_0.pcap,udp_0,udp,0,BitTorrent,VPN,P2P,BitTorrent
VPN_P2P_BitTorrent_none_1.pcap.UDP_10-8-8-130_65410_198-7-63-141_53_stream_0.pcap,udp_0,udp,0,BitTorrent,VPN,P2P,BitTorrent
VPN_P2P_BitTorrent_none_1.pcap.UDP_10-8-8-130_6748_78-46-223-24_53_stream_0.pcap,udp_0,udp,0,BitTorrent,VPN,P2P,BitTorrent
VPN_P2P_BitTorrent_none_1.pcap.UDP_10-8-8-130_8272_198-7-63-141_53_stream_0.pcap,udp_0,udp,0,BitTorrent,VPN,P2P,BitTorrent
VPN_P2P_BitTorrent_none_1.pcap.UDP_10-8-8-130_8869_198-7-63-141_53_stream_0.pcap,udp_0,udp,0,BitTorrent,VPN,P2P,BitTorrent
VPN_P2P_BitTorrent_none_1.pcap.UDP_2-135-130-83_6881_10-8-8-130_51413_stream_0.pcap,udp_0,udp,0,BitTorrent,VPN,P2P,BitTorrent
VPN_P2P_BitTorrent_none_1.pcap.UDP_5-248-128-50_49001_10-8-8-130_51413_stream_0.pcap,udp_0,udp,0,BitTorrent,VPN,P2P,BitTorrent
VPN_P2P_BitTorrent_none_1.pcap.UDP_5-165-40-169_43477_10-8-8-130_51413_stream_0.pcap,udp_0,udp,0,BitTorrent,VPN,P2P,BitTorrent
VPN_Streaming_Netflix_none_1.pcap.TCP_10-8-8-138_38609_216-58-219-200_443_stream_0.pcap,tcp_0,tcp,0,Netflix,VPN,Streaming,Netflix
VPN_Streaming_Netflix_none_1.pcap.TCP_10-8-8-138_41297_209-148-205-32_80_stream_0.pcap,tcp_0,tcp,0,Netflix,VPN,Streaming,Netflix
VPN_Streaming_Netflix_none_1.pcap.TCP_10-8-8-138_42354_74-125-226-58_443_stream_0.pcap,tcp_0,tcp,0,Netflix,VPN,Streaming,Netflix
VPN_Streaming_Netflix_none_1.pcap.TCP_10-8-8-138_48900_216-58-221-142_443_stream_0.pcap,tcp_0,tcp,0,Netflix,VPN,Streaming,Netflix
VPN_Streaming_Netflix_none_1.pcap.TCP_10-8-8-138_49970_107-22-243-234_80_stream_0.pcap,tcp_0,tcp,0,Netflix,VPN,Streaming,Netflix
VPN_Streaming_Netflix_none_1.pcap.TCP_10-8-8-138_51243_23-52-152-64_443_stream_0.pcap,tcp_0,tcp,0,Netflix,VPN,Streaming,Netflix
VPN_Streaming_Netflix_none_1.pcap.TCP_10-8-8-138_55192_54-225-199-51_80_stream_0.pcap,tcp_0,tcp,0,Netflix,VPN,Streaming,Netflix
VPN_Streaming_Netflix_none_1.pcap.TCP_10-8-8-138_54020_209-148-205-33_80_stream_0.pcap,tcp_0,tcp,0,Netflix,VPN,Streaming,Netflix
VPN_Streaming_Netflix_none_1.pcap.TCP_10-8-8-138_57746_209-148-205-41_80_stream_0.pcap,tcp_0,tcp,0,Netflix,VPN,Streaming,Netflix
VPN_Streaming_Netflix_none_1.pcap.TCP_10-8-8-138_58746_209-148-205-16_80_stream_0.pcap,tcp_0,tcp,0,Netflix,VPN,Streaming,Netflix
VPN_Streaming_Netflix_none_1.pcap.TCP_10-8-8-138_58752_209-148-205-16_80_stream_0.pcap,tcp_0,tcp,0,Netflix,VPN,Streaming,Netflix
VPN_Streaming_Netflix_none_1.pcap.TCP_10-8-8-138_58754_209-148-205-16_80_stream_0.pcap,tcp_0,tcp,0,Netflix,VPN,Streaming,Netflix
VPN_Streaming_Netflix_none_1.pcap.TCP_10-8-8-138_58759_209-148-205-16_80_stream_0.pcap,tcp_0,tcp,0,Netflix,VPN,Streaming,Netflix
VPN_Streaming_Netflix_none_1.pcap.TCP_10-8-8-138_58763_209-148-205-16_80_stream_0.pcap,tcp_0,tcp,0,Netflix,VPN,Streaming,Netflix
VPN_Streaming_Netflix_none_1.pcap.TCP_10-8-8-138_58791_209-148-205-16_80_stream_0.pcap,tcp_0,tcp,0,Netflix,VPN,Streaming,Netflix
VPN_Streaming_Netflix_none_1.pcap.TCP_10-8-8-138_59115_173-223-153-85_443_stream_0.pcap,tcp_0,tcp,0,Netflix,VPN,Streaming,Netflix
VPN_Streaming_Netflix_none_1.pcap.UDP_10-8-8-138_17500_255-255-255-255_17500_stream_0.pcap,udp_0,udp,0,Netflix,VPN,Streaming,Netflix
VPN_Streaming_Netflix_none_1.pcap.UDP_10-8-8-138_22969_131-202-244-3_53_stream_0.pcap,udp_0,udp,0,Netflix,VPN,Streaming,Netflix
VPN_Streaming_Netflix_none_1.pcap.UDP_10-8-8-138_34058_131-202-6-3_53_stream_0.pcap,udp_0,udp,0,Netflix,VPN,Streaming,Netflix
VPN_Streaming_Netflix_none_1.pcap.UDP_10-8-8-138_44970_131-202-244-3_53_stream_0.pcap,udp_0,udp,0,Netflix,VPN,Streaming,Netflix
VPN_Streaming_Netflix_none_1.pcap.UDP_10-8-8-138_52677_131-202-244-3_53_stream_0.pcap,udp_0,udp,0,Netflix,VPN,Streaming,Netflix
VPN_Streaming_Netflix_none_1.pcap.UDP_10-8-8-138_56126_74-125-226-56_443_stream_0.pcap,udp_0,udp,0,Netflix,VPN,Streaming,Netflix
VPN_Streaming_Netflix_none_1.pcap.UDP_10-8-8-138_59312_216-58-221-142_443_stream_0.pcap,udp_0,udp,0,Netflix,VPN,Streaming,Netflix
VPN_Streaming_Netflix_none_1.pcap.UDP_10-8-8-138_7349_131-202-6-3_53_stream_0.pcap,udp_0,udp,0,Netflix,VPN,Streaming,Netflix
VPN_Streaming_Netflix_none_1.pcap.UDP_10-8-8-138_8244_131-202-244-3_53_stream_0.pcap,udp_0,udp,0,Netflix,VPN,Streaming,Netflix
nonVPN_Streaming_Netflix_none_1.pcap.TCP_131-202-240-150_39787_209-148-205-32_80_stream_0.pcap,tcp_0,tcp,0,Netflix,nonVPN,Streaming,Netflix
nonVPN_Streaming_Netflix_none_1.pcap.TCP_131-202-240-150_39794_209-148-205-32_80_stream_0.pcap,tcp_0,tcp,0,Netflix,nonVPN,Streaming,Netflix
nonVPN_Streaming_Netflix_none_1.pcap.TCP_131-202-240-150_39797_209-148-205-32_80_stream_0.pcap,tcp_0,tcp,0,Netflix,nonVPN,Streaming,Netflix
nonVPN_Streaming_Netflix_none_1.pcap.TCP_131-202-240-150_39823_209-148-205-32_80_stream_0.pcap,tcp_0,tcp,0,Netflix,nonVPN,Streaming,Netflix
nonVPN_Streaming_Netflix_none_1.pcap.TCP_131-202-240-150_43557_209-148-205-41_80_stream_0.pcap,tcp_0,tcp,0,Netflix,nonVPN,Streaming,Netflix
nonVPN_Streaming_Netflix_none_1.pcap.TCP_131-202-240-150_47772_173-194-123-126_443_stream_0.pcap,tcp_0,tcp,0,Netflix,nonVPN,Streaming,Netflix
nonVPN_Streaming_Netflix_none_1.pcap.TCP_131-202-240-150_48865_216-58-219-238_443_stream_0.pcap,tcp_0,tcp,0,Netflix,nonVPN,Streaming,Netflix
nonVPN_Streaming_Netflix_none_1.pcap.TCP_131-202-240-150_53315_173-194-123-123_443_stream_0.pcap,tcp_0,tcp,0,Netflix,nonVPN,Streaming,Netflix
nonVPN_Streaming_Netflix_none_1.pcap.TCP_131-202-240-150_58303_209-148-205-8_80_stream_0.pcap,tcp_0,tcp,0,Netflix,nonVPN,Streaming,Netflix
nonVPN_Streaming_Netflix_none_1.pcap.TCP_23-45-39-131_443_131-202-240-150_57453_stream_0.pcap,tcp_0,tcp,0,Netflix,nonVPN,Streaming,Netflix
nonVPN_Streaming_Netflix_none_1.pcap.TCP_74-125-22-156_443_131-202-240-150_57895_stream_0.pcap,tcp_0,tcp,0,Netflix,nonVPN,Streaming,Netflix
nonVPN_Streaming_Netflix_none_1.pcap.UDP_131-202-240-150_20637_131-202-244-3_53_stream_0.pcap,udp_0,udp,0,Netflix,nonVPN,Streaming,Netflix
nonVPN_Streaming_Netflix_none_1.pcap.UDP_131-202-240-150_20637_131-202-244-5_53_stream_0.pcap,udp_0,udp,0,Netflix,nonVPN,Streaming,Netflix
nonVPN_Streaming_Netflix_none_1.pcap.UDP_131-202-240-150_35956_131-202-244-3_53_stream_0.pcap,udp_0,udp,0,Netflix,nonVPN,Streaming,Netflix
nonVPN_Streaming_Netflix_none_1.pcap.UDP_131-202-240-150_40755_131-202-244-3_53_stream_0.pcap,udp_0,udp,0,Netflix,nonVPN,Streaming,Netflix
nonVPN_Streaming_Netflix_none_1.pcap.UDP_131-202-240-150_5903_131-202-244-3_53_stream_0.pcap,udp_0,udp,0,Netflix,nonVPN,Streaming,Netflix
nonVPN_Streaming_Netflix_none_2.pcap.TCP_108-175-39-202_80_131-202-240-150_40882_stream_0.pcap,tcp_0,tcp,0,Netflix,nonVPN,Streaming,Netflix
nonVPN_Streaming_Netflix_none_2.pcap.TCP_131-202-240-150_2233_222-186-21-202_6000_stream_0.pcap,tcp_0,tcp,0,Netflix,nonVPN,Streaming,Netflix
nonVPN_Streaming_Netflix_none_2.pcap.TCP_131-202-240-150_39813_209-148-205-32_80_stream_0.pcap,tcp_0,tcp,0,Netflix,nonVPN,Streaming,Netflix
nonVPN_Streaming_Netflix_none_2.pcap.TCP_131-202-240-150_41095_209-148-205-33_80_stream_0.pcap,tcp_0,tcp,0,Netflix,nonVPN,Streaming,Netflix
nonVPN_Streaming_Netflix_none_2.pcap.TCP_131-202-240-150_41094_209-148-205-33_80_stream_0.pcap,tcp_0,tcp,0,Netflix,nonVPN,Streaming,Netflix
nonVPN_Streaming_Netflix_none_2.pcap.TCP_131-202-240-150_43561_209-148-205-41_80_stream_0.pcap,tcp_0,tcp,0,Netflix,nonVPN,Streaming,Netflix
nonVPN_Streaming_Netflix_none_2.pcap.TCP_131-202-240-150_43574_209-148-205-41_80_stream_0.pcap,tcp_0,tcp,0,Netflix,nonVPN,Streaming,Netflix
nonVPN_Streaming_Netflix_none_2.pcap.TCP_131-202-240-150_48865_216-58-219-238_443_stream_0.pcap,tcp_0,tcp,0,Netflix,nonVPN,Streaming,Netflix
nonVPN_Streaming_Netflix_none_2.pcap.TCP_131-202-240-150_56431_209-148-205-24_80_stream_0.pcap,tcp_0,tcp,0,Netflix,nonVPN,Streaming,Netflix
nonVPN_Streaming_Netflix_none_2.pcap.TCP_23-23-253-23_80_131-202-240-150_46925_stream_0.pcap,tcp_0,tcp,0,Netflix,nonVPN,Streaming,Netflix
nonVPN_Streaming_Netflix_none_2.pcap.UDP_131-202-240-150_138_131-202-243-255_138_stream_0.pcap,udp_0,udp,0,Netflix,nonVPN,Streaming,Netflix
nonVPN_Streaming_Netflix_none_3.pcap.TCP_23-195-206-176_443_131-202-240-150_39838_stream_0.pcap,tcp_0,tcp,0,Netflix,nonVPN,Streaming,Netflix
nonVPN_Streaming_Netflix_none_3.pcap.TCP_54-225-199-51_80_131-202-240-150_41959_stream_0.pcap,tcp_0,tcp,0,Netflix,nonVPN,Streaming,Netflix
nonVPN_Streaming_Netflix_none_3.pcap.TCP_54-225-69-109_80_131-202-240-150_33240_stream_0.pcap,tcp_0,tcp,0,Netflix,nonVPN,Streaming,Netflix
nonVPN_Streaming_Netflix_none_3.pcap.TCP_74-125-226-26_80_131-202-240-150_34826_stream_0.pcap,tcp_0,tcp,0,Netflix,nonVPN,Streaming,Netflix
nonVPN_Streaming_Netflix_none_3.pcap.UDP_131-202-240-150_19516_131-202-244-5_53_stream_0.pcap,udp_0,udp,0,Netflix,nonVPN,Streaming,Netflix
nonVPN_Streaming_Netflix_none_3.pcap.UDP_131-202-240-150_31395_131-202-244-5_53_stream_0.pcap,udp_0,udp,0,Netflix,nonVPN,Streaming,Netflix
nonVPN_Streaming_Netflix_none_4.pcap.TCP_131-202-240-150_39923_209-148-205-32_80_stream_0.pcap,tcp_0,tcp,0,Netflix,nonVPN,Streaming,Netflix
nonVPN_Streaming_Netflix_none_4.pcap.TCP_131-202-240-150_39936_209-148-205-32_80_stream_0.pcap,tcp_0,tcp,0,Netflix,nonVPN,Streaming,Netflix
nonVPN_Streaming_Netflix_none_4.pcap.TCP_131-202-240-150_39934_209-148-205-32_80_stream_0.pcap,tcp_0,tcp,0,Netflix,nonVPN,Streaming,Netflix
nonVPN_Streaming_Netflix_none_4.pcap.TCP_131-202-240-150_54318_173-194-123-119_443_stream_0.pcap,tcp_0,tcp,0,Netflix,nonVPN,Streaming,Netflix
nonVPN_Streaming_Netflix_none_4.pcap.TCP_131-202-240-150_56529_209-148-205-24_80_stream_0.pcap,tcp_0,tcp,0,Netflix,nonVPN,Streaming,Netflix
nonVPN_Streaming_Netflix_none_4.pcap.TCP_131-202-240-150_58434_209-148-205-8_80_stream_0.pcap,tcp_0,tcp,0,Netflix,nonVPN,Streaming,Netflix
nonVPN_Streaming_Netflix_none_4.pcap.TCP_131-202-240-150_58435_209-148-205-8_80_stream_0.pcap,tcp_0,tcp,0,Netflix,nonVPN,Streaming,Netflix
nonVPN_Streaming_Netflix_none_4.pcap.TCP_131-202-240-150_58436_209-148-205-8_80_stream_0.pcap,tcp_0,tcp,0,Netflix,nonVPN,Streaming,Netflix
nonVPN_Streaming_Netflix_none_4.pcap.TCP_131-202-240-150_58451_209-148-205-8_80_stream_0.pcap,tcp_0,tcp,0,Netflix,nonVPN,Streaming,Netflix
nonVPN_Streaming_Netflix_none_4.pcap.TCP_54-204-7-176_80_131-202-240-150_60061_stream_0.pcap,tcp_0,tcp,0,Netflix,nonVPN,Streaming,Netflix
nonVPN_Streaming_Netflix_none_4.pcap.TCP_54-225-175-202_443_131-202-240-150_43898_stream_0.pcap,tcp_0,tcp,0,Netflix,nonVPN,Streaming,Netflix
nonVPN_Streaming_Netflix_none_4.pcap.UDP_131-202-6-3_53_131-202-240-150_10538_stream_0.pcap,udp_0,udp,0,Netflix,nonVPN,Streaming,Netflix
nonVPN_Streaming_Netflix_none_4.pcap.UDP_131-202-6-3_53_131-202-240-150_3904_stream_0.pcap,udp_0,udp,0,Netflix,nonVPN,Streaming,Netflix
nonVPN_Streaming_Netflix_none_3.pcap.TCP_108-175-43-146_80_131-202-240-150_60056_stream_0.pcap,tcp_0,tcp,0,Netflix,nonVPN,Streaming,Netflix
VPN_Streaming_Spotify_none_1.pcap.TCP_10-8-8-138_33832_74-125-226-32_443_stream_0.pcap,tcp_0,tcp,0,Spotify,VPN,Streaming,Spotify
VPN_Streaming_Spotify_none_1.pcap.TCP_10-8-8-138_35014_207-223-241-72_80_stream_0.pcap,tcp_0,tcp,0,Spotify,VPN,Streaming,Spotify
VPN_Streaming_Spotify_none_1.pcap.TCP_10-8-8-138_45836_74-125-226-57_443_stream_0.pcap,tcp_0,tcp,0,Spotify,VPN,Streaming,Spotify
VPN_Streaming_Spotify_none_1.pcap.TCP_10-8-8-138_48631_193-235-32-101_80_stream_0.pcap,tcp_0,tcp,0,Spotify,VPN,Streaming,Spotify
VPN_Streaming_Spotify_none_1.pcap.TCP_10-8-8-138_52719_74-125-226-40_443_stream_0.pcap,tcp_0,tcp,0,Spotify,VPN,Streaming,Spotify
VPN_Streaming_Spotify_none_1.pcap.TCP_10-8-8-138_56863_74-125-226-63_443_stream_0.pcap,tcp_0,tcp,0,Spotify,VPN,Streaming,Spotify
VPN_Streaming_Spotify_none_1.pcap.TCP_74-125-226-38_443_131-202-240-150_37539_stream_0.pcap,tcp_0,tcp,0,Spotify,VPN,Streaming,Spotify
VPN_Streaming_Spotify_none_1.pcap.TCP_74-125-226-39_443_131-202-240-150_41166_stream_0.pcap,tcp_0,tcp,0,Spotify,VPN,Streaming,Spotify
VPN_Streaming_Spotify_none_1.pcap.UDP_10-8-8-138_1643_131-202-244-3_53_stream_0.pcap,udp_0,udp,0,Spotify,VPN,Streaming,Spotify
VPN_Streaming_Spotify_none_1.pcap.UDP_10-8-8-138_24478_131-202-244-3_53_stream_0.pcap,udp_0,udp,0,Spotify,VPN,Streaming,Spotify
VPN_Streaming_Spotify_none_1.pcap.UDP_10-8-8-138_31792_131-202-244-3_53_stream_0.pcap,udp_0,udp,0,Spotify,VPN,Streaming,Spotify
VPN_Streaming_Spotify_none_1.pcap.UDP_10-8-8-138_33474_131-202-244-3_53_stream_0.pcap,udp_0,udp,0,Spotify,VPN,Streaming,Spotify
VPN_Streaming_Spotify_none_1.pcap.UDP_10-8-8-138_37784_131-202-6-3_53_stream_0.pcap,udp_0,udp,0,Spotify,VPN,Streaming,Spotify
VPN_Streaming_Spotify_none_1.pcap.UDP_10-8-8-138_38380_74-125-226-55_443_stream_0.pcap,udp_0,udp,0,Spotify,VPN,Streaming,Spotify
VPN_Streaming_Spotify_none_1.pcap.UDP_10-8-8-138_39794_74-125-226-37_443_stream_0.pcap,udp_0,udp,0,Spotify,VPN,Streaming,Spotify
VPN_Streaming_Spotify_none_1.pcap.UDP_10-8-8-138_41914_74-125-226-63_443_stream_0.pcap,udp_0,udp,0,Spotify,VPN,Streaming,Spotify
VPN_Streaming_Spotify_none_1.pcap.UDP_10-8-8-138_45451_74-125-226-33_443_stream_0.pcap,udp_0,udp,0,Spotify,VPN,Streaming,Spotify
VPN_Streaming_Spotify_none_1.pcap.UDP_10-8-8-138_50381_131-202-244-3_53_stream_0.pcap,udp_0,udp,0,Spotify,VPN,Streaming,Spotify
VPN_Streaming_Spotify_none_1.pcap.UDP_10-8-8-138_50381_131-202-6-3_53_stream_0.pcap,udp_0,udp,0,Spotify,VPN,Streaming,Spotify
VPN_Streaming_Spotify_none_1.pcap.UDP_10-8-8-138_55316_74-125-226-63_443_stream_0.pcap,udp_0,udp,0,Spotify,VPN,Streaming,Spotify
VPN_Streaming_Spotify_none_1.pcap.TCP_10-8-8-138_55782_24-156-130-203_80_stream_0.pcap,tcp_0,tcp,0,Spotify,VPN,Streaming,Spotify
nonVPN_Streaming_Spotify_none_1.pcap.TCP_131-202-240-150_35497_216-58-219-230_443_stream_0.pcap,tcp_0,tcp,0,Spotify,nonVPN,Streaming,Spotify
nonVPN_Streaming_Spotify_none_1.pcap.TCP_131-202-240-150_52709_216-58-219-227_443_stream_0.pcap,tcp_0,tcp,0,Spotify,nonVPN,Streaming,Spotify
nonVPN_Streaming_Spotify_none_1.pcap.TCP_23-195-208-65_443_131-202-240-150_33158_stream_0.pcap,tcp_0,tcp,0,Spotify,nonVPN,Streaming,Spotify
nonVPN_Streaming_Spotify_none_1.pcap.TCP_23-23-192-43_443_131-202-240-150_34875_stream_0.pcap,tcp_0,tcp,0,Spotify,nonVPN,Streaming,Spotify
nonVPN_Streaming_Spotify_none_1.pcap.TCP_23-65-248-82_443_131-202-240-150_40499_stream_0.pcap,tcp_0,tcp,0,Spotify,nonVPN,Streaming,Spotify
nonVPN_Streaming_Spotify_none_1.pcap.TCP_54-192-55-68_443_131-202-240-150_34387_stream_0.pcap,tcp_0,tcp,0,Spotify,nonVPN,Streaming,Spotify
nonVPN_Streaming_Spotify_none_1.pcap.TCP_54-230-53-88_80_131-202-240-150_46678_stream_0.pcap,tcp_0,tcp,0,Spotify,nonVPN,Streaming,Spotify
nonVPN_Streaming_Spotify_none_1.pcap.TCP_54-230-52-103_443_131-202-240-150_56180_stream_0.pcap,tcp_0,tcp,0,Spotify,nonVPN,Streaming,Spotify
nonVPN_Streaming_Spotify_none_1.pcap.UDP_122-10-84-251_37279_131-202-240-150_33434_stream_0.pcap,udp_0,udp,0,Spotify,nonVPN,Streaming,Spotify
nonVPN_Streaming_Spotify_none_1.pcap.UDP_122-10-84-252_42275_131-202-240-150_33434_stream_0.pcap,udp_0,udp,0,Spotify,nonVPN,Streaming,Spotify
nonVPN_Streaming_Spotify_none_1.pcap.TCP_74-125-226-8_443_131-202-240-150_42162_stream_0.pcap,tcp_0,tcp,0,Spotify,nonVPN,Streaming,Spotify
nonVPN_Streaming_Spotify_none_1.pcap.UDP_131-202-240-150_37789_131-202-244-3_53_stream_0.pcap,udp_0,udp,0,Spotify,nonVPN,Streaming,Spotify
nonVPN_Streaming_Spotify_none_1.pcap.UDP_131-202-240-150_43173_131-202-244-3_53_stream_0.pcap,udp_0,udp,0,Spotify,nonVPN,Streaming,Spotify
nonVPN_Streaming_Spotify_none_1.pcap.UDP_131-202-240-150_55354_131-202-244-5_53_stream_0.pcap,udp_0,udp,0,Spotify,nonVPN,Streaming,Spotify
nonVPN_Streaming_Spotify_none_1.pcap.UDP_131-202-240-150_57621_131-202-243-255_57621_stream_0.pcap,udp_0,udp,0,Spotify,nonVPN,Streaming,Spotify
nonVPN_Streaming_Spotify_none_2.pcap.TCP_131-202-240-150_50896_199-16-156-120_443_stream_0.pcap,tcp_0,tcp,0,Spotify,nonVPN,Streaming,Spotify
nonVPN_Streaming_Spotify_none_2.pcap.TCP_54-192-54-208_80_131-202-240-150_56078_stream_0.pcap,tcp_0,tcp,0,Spotify,nonVPN,Streaming,Spotify
nonVPN_Streaming_Spotify_none_2.pcap.TCP_54-192-54-208_80_131-202-240-150_56076_stream_0.pcap,tcp_0,tcp,0,Spotify,nonVPN,Streaming,Spotify
nonVPN_Streaming_Spotify_none_2.pcap.UDP_131-202-240-150_39571_131-202-244-5_53_stream_0.pcap,udp_0,udp,0,Spotify,nonVPN,Streaming,Spotify
nonVPN_Streaming_Spotify_none_2.pcap.TCP_54-192-54-208_80_131-202-240-150_56079_stream_0.pcap,tcp_0,tcp,0,Spotify,nonVPN,Streaming,Spotify
nonVPN_Streaming_Spotify_none_3.pcap.TCP_131-202-240-150_524_131-202-240-196_56803_stream_1.pcap,tcp_0,tcp,0,Spotify,nonVPN,Streaming,Spotify
nonVPN_Streaming_Spotify_none_3.pcap.TCP_131-202-240-150_56742_173-194-123-96_443_stream_0.pcap,tcp_0,tcp,0,Spotify,nonVPN,Streaming,Spotify
nonVPN_Streaming_Spotify_none_3.pcap.UDP_131-202-240-150_47353_131-202-244-5_53_stream_0.pcap,udp_0,udp,0,Spotify,nonVPN,Streaming,Spotify
nonVPN_Streaming_Spotify_none_3.pcap.UDP_131-202-6-3_53_131-202-240-150_21191_stream_0.pcap,udp_0,udp,0,Spotify,nonVPN,Streaming,Spotify
nonVPN_Streaming_Spotify_none_4.pcap.TCP_131-202-240-150_135_131-202-243-27_22789_stream_2.pcap,tcp_0,tcp,0,Spotify,nonVPN,Streaming,Spotify
nonVPN_Streaming_Spotify_none_4.pcap.TCP_131-202-240-150_41994_173-194-123-105_443_stream_0.pcap,tcp_0,tcp,0,Spotify,nonVPN,Streaming,Spotify
nonVPN_Streaming_Spotify_none_4.pcap.TCP_131-202-240-150_445_131-202-240-196_56874_stream_0.pcap,tcp_0,tcp,0,Spotify,nonVPN,Streaming,Spotify
nonVPN_Streaming_Spotify_none_4.pcap.TCP_131-202-240-150_524_131-202-240-196_56873_stream_2.pcap,tcp_0,tcp,0,Spotify,nonVPN,Streaming,Spotify
nonVPN_Streaming_Spotify_none_4.pcap.TCP_54-230-53-7_443_131-202-240-150_39714_stream_0.pcap,tcp_0,tcp,0,Spotify,nonVPN,Streaming,Spotify
nonVPN_Streaming_Spotify_none_4.pcap.TCP_54-230-53-7_443_131-202-240-150_39715_stream_0.pcap,tcp_0,tcp,0,Spotify,nonVPN,Streaming,Spotify
nonVPN_Streaming_Spotify_none_4.pcap.UDP_131-202-240-150_138_131-202-243-255_138_stream_0.pcap,udp_0,udp,0,Spotify,nonVPN,Streaming,Spotify
nonVPN_Streaming_Spotify_none_4.pcap.UDP_131-202-240-150_33001_131-202-244-3_53_stream_0.pcap,udp_0,udp,0,Spotify,nonVPN,Streaming,Spotify
nonVPN_Streaming_Spotify_none_4.pcap.UDP_131-202-240-150_42884_131-202-244-3_53_stream_0.pcap,udp_0,udp,0,Spotify,nonVPN,Streaming,Spotify
nonVPN_Streaming_Spotify_none_4.pcap.UDP_131-202-240-150_31142_131-202-244-5_53_stream_0.pcap,udp_0,udp,0,Spotify,nonVPN,Streaming,Spotify
nonVPN_Streaming_Spotify_none_4.pcap.UDP_131-202-6-3_53_131-202-240-150_33001_stream_0.pcap,udp_0,udp,0,Spotify,nonVPN,Streaming,Spotify
nonVPN_Streaming_Spotify_none_4.pcap.UDP_131-202-6-3_53_131-202-240-150_18555_stream_0.pcap,udp_0,udp,0,Spotify,nonVPN,Streaming,Spotify
nonVPN_Streaming_Spotify_none_4.pcap.UDP_131-202-240-88_137_131-202-240-150_137_stream_0.pcap,udp_0,udp,0,Spotify,nonVPN,Streaming,Spotify
VPN_Streaming_Vimeo_none_1.pcap.TCP_10-8-8-138_32809_108-160-163-110_443_stream_0.pcap,tcp_0,tcp,0,Vimeo,VPN,Streaming,Vimeo
VPN_Streaming_Vimeo_none_1.pcap.TCP_10-8-8-138_33754_104-156-85-217_443_stream_0.pcap,tcp_0,tcp,0,Vimeo,VPN,Streaming,Vimeo
VPN_Streaming_Vimeo_none_1.pcap.TCP_10-8-8-138_35198_104-156-81-217_443_stream_0.pcap,tcp_0,tcp,0,Vimeo,VPN,Streaming,Vimeo
VPN_Streaming_Vimeo_none_1.pcap.TCP_10-8-8-138_36454_74-125-226-65_443_stream_0.pcap,tcp_0,tcp,0,Vimeo,VPN,Streaming,Vimeo
VPN_Streaming_Vimeo_none_1.pcap.TCP_10-8-8-138_39606_74-125-226-72_443_stream_0.pcap,tcp_0,tcp,0,Vimeo,VPN,Streaming,Vimeo
VPN_Streaming_Vimeo_none_1.pcap.TCP_10-8-8-138_39900_23-235-40-143_443_stream_0.pcap,tcp_0,tcp,0,Vimeo,VPN,Streaming,Vimeo
VPN_Streaming_Vimeo_none_1.pcap.TCP_10-8-8-138_44627_74-125-226-41_443_stream_0.pcap,tcp_0,tcp,0,Vimeo,VPN,Streaming,Vimeo
VPN_Streaming_Vimeo_none_1.pcap.TCP_10-8-8-138_47640_54-192-55-216_443_stream_0.pcap,tcp_0,tcp,0,Vimeo,VPN,Streaming,Vimeo
VPN_Streaming_Vimeo_none_1.pcap.TCP_10-8-8-138_49845_23-235-44-143_443_stream_0.pcap,tcp_0,tcp,0,Vimeo,VPN,Streaming,Vimeo
VPN_Streaming_Vimeo_none_1.pcap.TCP_10-8-8-138_49853_23-235-44-143_443_stream_0.pcap,tcp_0,tcp,0,Vimeo,VPN,Streaming,Vimeo
VPN_Streaming_Vimeo_none_1.pcap.TCP_10-8-8-138_50698_172-230-99-79_443_stream_0.pcap,tcp_0,tcp,0,Vimeo,VPN,Streaming,Vimeo
VPN_Streaming_Vimeo_none_1.pcap.TCP_10-8-8-138_54653_74-125-226-35_443_stream_0.pcap,tcp_0,tcp,0,Vimeo,VPN,Streaming,Vimeo
VPN_Streaming_Vimeo_none_1.pcap.TCP_10-8-8-138_50673_172-230-99-79_443_stream_0.pcap,tcp_0,tcp,0,Vimeo,VPN,Streaming,Vimeo
VPN_Streaming_Vimeo_none_1.pcap.UDP_10-8-8-138_15124_131-202-6-3_53_stream_0.pcap,udp_0,udp,0,Vimeo,VPN,Streaming,Vimeo
VPN_Streaming_Vimeo_none_1.pcap.UDP_10-8-8-138_34367_131-202-244-3_53_stream_0.pcap,udp_0,udp,0,Vimeo,VPN,Streaming,Vimeo
VPN_Streaming_Vimeo_none_1.pcap.UDP_10-8-8-138_34367_131-202-6-3_53_stream_0.pcap,udp_0,udp,0,Vimeo,VPN,Streaming,Vimeo
VPN_Streaming_Vimeo_none_1.pcap.UDP_10-8-8-138_38883_131-202-6-3_53_stream_0.pcap,udp_0,udp,0,Vimeo,VPN,Streaming,Vimeo
VPN_Streaming_Vimeo_none_1.pcap.UDP_10-8-8-138_38883_131-202-244-3_53_stream_0.pcap,udp_0,udp,0,Vimeo,VPN,Streaming,Vimeo
VPN_Streaming_Vimeo_none_1.pcap.UDP_10-8-8-138_50886_74-125-226-40_443_stream_0.pcap,udp_0,udp,0,Vimeo,VPN,Streaming,Vimeo
VPN_Streaming_Vimeo_none_1.pcap.UDP_10-8-8-138_55005_74-125-226-41_443_stream_0.pcap,udp_0,udp,0,Vimeo,VPN,Streaming,Vimeo
VPN_Streaming_Vimeo_none_1.pcap.UDP_10-8-8-138_59244_131-202-6-3_53_stream_0.pcap,udp_0,udp,0,Vimeo,VPN,Streaming,Vimeo
VPN_Streaming_Vimeo_none_1.pcap.UDP_10-8-8-138_9734_131-202-6-3_53_stream_0.pcap,udp_0,udp,0,Vimeo,VPN,Streaming,Vimeo
VPN_Streaming_Vimeo_none_2.pcap.TCP_10-8-8-138_33974_104-156-85-217_443_stream_0.pcap,tcp_0,tcp,0,Vimeo,VPN,Streaming,Vimeo
VPN_Streaming_Vimeo_none_1.pcap.UDP_10-8-8-138_9734_131-202-244-3_53_stream_0.pcap,udp_0,udp,0,Vimeo,VPN,Streaming,Vimeo
VPN_Streaming_Vimeo_none_2.pcap.TCP_10-8-8-138_36735_72-21-91-187_443_stream_0.pcap,tcp_0,tcp,0,Vimeo,VPN,Streaming,Vimeo
VPN_Streaming_Vimeo_none_2.pcap.TCP_10-8-8-138_41795_192-229-163-43_443_stream_0.pcap,tcp_0,tcp,0,Vimeo,VPN,Streaming,Vimeo
VPN_Streaming_Vimeo_none_2.pcap.TCP_10-8-8-138_44714_23-235-33-217_443_stream_0.pcap,tcp_0,tcp,0,Vimeo,VPN,Streaming,Vimeo
VPN_Streaming_Vimeo_none_2.pcap.TCP_10-8-8-138_45687_96-16-198-156_443_stream_0.pcap,tcp_0,tcp,0,Vimeo,VPN,Streaming,Vimeo
VPN_Streaming_Vimeo_none_2.pcap.TCP_10-8-8-138_48419_192-0-77-2_443_stream_0.pcap,tcp_0,tcp,0,Vimeo,VPN,Streaming,Vimeo
VPN_Streaming_Vimeo_none_2.pcap.TCP_10-8-8-138_49925_23-235-44-143_443_stream_0.pcap,tcp_0,tcp,0,Vimeo,VPN,Streaming,Vimeo
VPN_Streaming_Vimeo_none_2.pcap.TCP_10-8-8-138_49926_23-235-44-143_443_stream_0.pcap,tcp_0,tcp,0,Vimeo,VPN,Streaming,Vimeo
VPN_Streaming_Vimeo_none_2.pcap.TCP_10-8-8-138_49928_23-235-44-143_443_stream_0.pcap,tcp_0,tcp,0,Vimeo,VPN,Streaming,Vimeo
VPN_Streaming_Vimeo_none_2.pcap.TCP_10-8-8-138_54880_74-125-226-35_443_stream_0.pcap,tcp_0,tcp,0,Vimeo,VPN,Streaming,Vimeo
VPN_Streaming_Vimeo_none_2.pcap.TCP_10-8-8-138_57923_108-160-172-236_443_stream_0.pcap,tcp_0,tcp,0,Vimeo,VPN,Streaming,Vimeo
VPN_Streaming_Vimeo_none_2.pcap.TCP_10-8-8-138_58921_69-25-24-24_443_stream_0.pcap,tcp_0,tcp,0,Vimeo,VPN,Streaming,Vimeo
VPN_Streaming_Vimeo_none_2.pcap.UDP_10-8-8-138_11701_131-202-6-3_53_stream_0.pcap,udp_0,udp,0,Vimeo,VPN,Streaming,Vimeo
VPN_Streaming_Vimeo_none_2.pcap.UDP_10-8-8-138_17500_255-255-255-255_17500_stream_0.pcap,udp_0,udp,0,Vimeo,VPN,Streaming,Vimeo
VPN_Streaming_Vimeo_none_2.pcap.UDP_10-8-8-138_36617_216-58-219-205_443_stream_0.pcap,udp_0,udp,0,Vimeo,VPN,Streaming,Vimeo
VPN_Streaming_Vimeo_none_2.pcap.UDP_10-8-8-138_61565_131-202-244-3_53_stream_0.pcap,udp_0,udp,0,Vimeo,VPN,Streaming,Vimeo
nonVPN_Streaming_Vimeo_none_1.pcap.TCP_129-33-205-80_80_131-202-240-150_49110_stream_0.pcap,tcp_0,tcp,0,Vimeo,nonVPN,Streaming,Vimeo
nonVPN_Streaming_Vimeo_none_1.pcap.TCP_129-33-205-80_80_131-202-240-150_49111_stream_0.pcap,tcp_0,tcp,0,Vimeo,nonVPN,Streaming,Vimeo
nonVPN_Streaming_Vimeo_none_1.pcap.TCP_131-202-240-150_135_131-202-243-27_5634_stream_1.pcap,tcp_0,tcp,0,Vimeo,nonVPN,Streaming,Vimeo
nonVPN_Streaming_Vimeo_none_1.pcap.TCP_131-202-240-150_34178_209-148-205-41_443_stream_0.pcap,tcp_0,tcp,0,Vimeo,nonVPN,Streaming,Vimeo
nonVPN_Streaming_Vimeo_none_1.pcap.TCP_131-202-240-150_34809_199-16-156-232_443_stream_0.pcap,tcp_0,tcp,0,Vimeo,nonVPN,Streaming,Vimeo
nonVPN_Streaming_Vimeo_none_1.pcap.TCP_131-202-240-150_42212_173-194-123-98_443_stream_0.pcap,tcp_0,tcp,0,Vimeo,nonVPN,Streaming,Vimeo
nonVPN_Streaming_Vimeo_none_1.pcap.TCP_131-202-240-150_41243_199-127-194-142_443_stream_0.pcap,tcp_0,tcp,0,Vimeo,nonVPN,Streaming,Vimeo
nonVPN_Streaming_Vimeo_none_1.pcap.TCP_131-202-240-150_445_131-202-243-27_5635_stream_0.pcap,tcp_0,tcp,0,Vimeo,nonVPN,Streaming,Vimeo
nonVPN_Streaming_Vimeo_none_1.pcap.TCP_131-202-240-150_56307_176-32-100-5_443_stream_0.pcap,tcp_0,tcp,0,Vimeo,nonVPN,Streaming,Vimeo
nonVPN_Streaming_Vimeo_none_1.pcap.TCP_131-202-240-150_48625_216-58-219-238_443_stream_0.pcap,tcp_0,tcp,0,Vimeo,nonVPN,Streaming,Vimeo
nonVPN_Streaming_Vimeo_none_1.pcap.TCP_23-235-33-217_443_131-202-240-150_40241_stream_0.pcap,tcp_0,tcp,0,Vimeo,nonVPN,Streaming,Vimeo
nonVPN_Streaming_Vimeo_none_1.pcap.TCP_23-235-33-217_443_131-202-240-150_40254_stream_0.pcap,tcp_0,tcp,0,Vimeo,nonVPN,Streaming,Vimeo
nonVPN_Streaming_Vimeo_none_1.pcap.TCP_23-235-33-217_443_131-202-240-150_40255_stream_0.pcap,tcp_0,tcp,0,Vimeo,nonVPN,Streaming,Vimeo
nonVPN_Streaming_Vimeo_none_1.pcap.TCP_23-235-33-217_443_131-202-240-150_40258_stream_0.pcap,tcp_0,tcp,0,Vimeo,nonVPN,Streaming,Vimeo
nonVPN_Streaming_Vimeo_none_1.pcap.TCP_23-235-44-143_443_131-202-240-150_58978_stream_0.pcap,tcp_0,tcp,0,Vimeo,nonVPN,Streaming,Vimeo
nonVPN_Streaming_Vimeo_none_1.pcap.TCP_23-235-44-143_443_131-202-240-150_58973_stream_0.pcap,tcp_0,tcp,0,Vimeo,nonVPN,Streaming,Vimeo
nonVPN_Streaming_Vimeo_none_1.pcap.TCP_23-235-44-143_443_131-202-240-150_58974_stream_0.pcap,tcp_0,tcp,0,Vimeo,nonVPN,Streaming,Vimeo
nonVPN_Streaming_Vimeo_none_1.pcap.TCP_23-78-226-24_80_131-202-240-150_53838_stream_0.pcap,tcp_0,tcp,0,Vimeo,nonVPN,Streaming,Vimeo
nonVPN_Streaming_Vimeo_none_1.pcap.TCP_23-78-235-219_443_131-202-240-150_55187_stream_0.pcap,tcp_0,tcp,0,Vimeo,nonVPN,Streaming,Vimeo
nonVPN_Streaming_Vimeo_none_1.pcap.TCP_23-78-235-219_80_131-202-240-150_39509_stream_0.pcap,tcp_0,tcp,0,Vimeo,nonVPN,Streaming,Vimeo
nonVPN_Streaming_Vimeo_none_1.pcap.TCP_72-21-91-187_443_131-202-240-150_58034_stream_0.pcap,tcp_0,tcp,0,Vimeo,nonVPN,Streaming,Vimeo
nonVPN_Streaming_Vimeo_none_1.pcap.TCP_72-21-91-187_443_131-202-240-150_58050_stream_0.pcap,tcp_0,tcp,0,Vimeo,nonVPN,Streaming,Vimeo
nonVPN_Streaming_Vimeo_none_1.pcap.TCP_74-125-226-26_443_131-202-240-150_39410_stream_0.pcap,tcp_0,tcp,0,Vimeo,nonVPN,Streaming,Vimeo
nonVPN_Streaming_Vimeo_none_1.pcap.UDP_131-202-240-150_137_131-202-243-255_137_stream_0.pcap,udp_0,udp,0,Vimeo,nonVPN,Streaming,Vimeo
nonVPN_Streaming_Vimeo_none_1.pcap.UDP_131-202-240-150_12827_131-202-244-5_53_stream_0.pcap,udp_0,udp,0,Vimeo,nonVPN,Streaming,Vimeo
nonVPN_Streaming_Vimeo_none_1.pcap.UDP_131-202-240-150_44408_131-202-244-3_53_stream_0.pcap,udp_0,udp,0,Vimeo,nonVPN,Streaming,Vimeo
nonVPN_Streaming_Vimeo_none_1.pcap.UDP_131-202-240-150_44408_131-202-244-5_53_stream_0.pcap,udp_0,udp,0,Vimeo,nonVPN,Streaming,Vimeo
nonVPN_Streaming_Vimeo_none_1.pcap.UDP_131-202-240-150_60051_131-202-244-5_53_stream_0.pcap,udp_0,udp,0,Vimeo,nonVPN,Streaming,Vimeo
nonVPN_Streaming_Vimeo_none_1.pcap.UDP_131-202-240-150_65111_131-202-244-3_53_stream_0.pcap,udp_0,udp,0,Vimeo,nonVPN,Streaming,Vimeo
nonVPN_Streaming_Vimeo_none_1.pcap.UDP_131-202-240-150_55935_131-202-244-5_53_stream_0.pcap,udp_0,udp,0,Vimeo,nonVPN,Streaming,Vimeo
nonVPN_Streaming_Vimeo_none_1.pcap.UDP_131-202-240-150_55217_131-202-244-5_53_stream_0.pcap,udp_0,udp,0,Vimeo,nonVPN,Streaming,Vimeo
nonVPN_Streaming_Vimeo_none_1.pcap.UDP_131-202-6-3_53_131-202-240-150_14513_stream_0.pcap,udp_0,udp,0,Vimeo,nonVPN,Streaming,Vimeo
nonVPN_Streaming_Vimeo_none_1.pcap.UDP_131-202-240-88_137_131-202-240-150_137_stream_0.pcap,udp_0,udp,0,Vimeo,nonVPN,Streaming,Vimeo
nonVPN_Streaming_Vimeo_none_1.pcap.UDP_131-202-6-3_53_131-202-240-150_28373_stream_0.pcap,udp_0,udp,0,Vimeo,nonVPN,Streaming,Vimeo
nonVPN_Streaming_Vimeo_none_1.pcap.UDP_131-202-6-3_53_131-202-240-150_21936_stream_0.pcap,udp_0,udp,0,Vimeo,nonVPN,Streaming,Vimeo
nonVPN_Streaming_Vimeo_none_1.pcap.UDP_131-202-6-3_53_131-202-240-150_3672_stream_0.pcap,udp_0,udp,0,Vimeo,nonVPN,Streaming,Vimeo
nonVPN_Streaming_Vimeo_none_1.pcap.UDP_131-202-6-3_53_131-202-240-150_47243_stream_0.pcap,udp_0,udp,0,Vimeo,nonVPN,Streaming,Vimeo
nonVPN_Streaming_Vimeo_none_1.pcap.UDP_131-202-6-3_53_131-202-240-150_44408_stream_0.pcap,udp_0,udp,0,Vimeo,nonVPN,Streaming,Vimeo
nonVPN_Streaming_Vimeo_none_2.pcap.TCP_131-202-240-150_40497_199-127-194-158_443_stream_0.pcap,tcp_0,tcp,0,Vimeo,nonVPN,Streaming,Vimeo
nonVPN_Streaming_Vimeo_none_2.pcap.TCP_131-202-240-150_46300_173-194-204-154_443_stream_0.pcap,tcp_0,tcp,0,Vimeo,nonVPN,Streaming,Vimeo
nonVPN_Streaming_Vimeo_none_2.pcap.TCP_23-235-33-217_443_131-202-240-150_40323_stream_0.pcap,tcp_0,tcp,0,Vimeo,nonVPN,Streaming,Vimeo
nonVPN_Streaming_Vimeo_none_2.pcap.TCP_23-235-40-143_443_131-202-240-150_54354_stream_0.pcap,tcp_0,tcp,0,Vimeo,nonVPN,Streaming,Vimeo
nonVPN_Streaming_Vimeo_none_2.pcap.TCP_23-235-46-143_443_131-202-240-150_40742_stream_0.pcap,tcp_0,tcp,0,Vimeo,nonVPN,Streaming,Vimeo
nonVPN_Streaming_Vimeo_none_2.pcap.TCP_72-21-91-187_443_131-202-240-150_58109_stream_0.pcap,tcp_0,tcp,0,Vimeo,nonVPN,Streaming,Vimeo
nonVPN_Streaming_Vimeo_none_2.pcap.TCP_63-241-108-124_443_131-202-240-150_36707_stream_0.pcap,tcp_0,tcp,0,Vimeo,nonVPN,Streaming,Vimeo
nonVPN_Streaming_Vimeo_none_2.pcap.TCP_72-21-91-187_443_131-202-240-150_58108_stream_0.pcap,tcp_0,tcp,0,Vimeo,nonVPN,Streaming,Vimeo
nonVPN_Streaming_Vimeo_none_2.pcap.TCP_74-125-226-9_443_131-202-240-150_41156_stream_0.pcap,tcp_0,tcp,0,Vimeo,nonVPN,Streaming,Vimeo
nonVPN_Streaming_Vimeo_none_2.pcap.UDP_131-202-240-150_43716_131-202-244-3_53_stream_0.pcap,udp_0,udp,0,Vimeo,nonVPN,Streaming,Vimeo
nonVPN_Streaming_Vimeo_none_2.pcap.UDP_131-202-240-150_46464_131-202-244-3_53_stream_0.pcap,udp_0,udp,0,Vimeo,nonVPN,Streaming,Vimeo
nonVPN_Streaming_Vimeo_none_2.pcap.UDP_131-202-240-150_59531_131-202-244-5_53_stream_0.pcap,udp_0,udp,0,Vimeo,nonVPN,Streaming,Vimeo
nonVPN_Streaming_Vimeo_none_2.pcap.UDP_131-202-240-150_63903_131-202-244-3_53_stream_0.pcap,udp_0,udp,0,Vimeo,nonVPN,Streaming,Vimeo
nonVPN_Streaming_Vimeo_none_2.pcap.UDP_131-202-240-150_8851_131-202-244-3_53_stream_0.pcap,udp_0,udp,0,Vimeo,nonVPN,Streaming,Vimeo
nonVPN_Streaming_Vimeo_none_2.pcap.UDP_131-202-240-150_8310_131-202-244-3_53_stream_0.pcap,udp_0,udp,0,Vimeo,nonVPN,Streaming,Vimeo
nonVPN_Streaming_Vimeo_none_2.pcap.UDP_131-202-6-3_53_131-202-240-150_59531_stream_0.pcap,udp_0,udp,0,Vimeo,nonVPN,Streaming,Vimeo
nonVPN_Streaming_Vimeo_none_2.pcap.UDP_131-202-6-3_53_131-202-240-150_39041_stream_0.pcap,udp_0,udp,0,Vimeo,nonVPN,Streaming,Vimeo
nonVPN_Streaming_Vimeo_none_3.pcap.TCP_104-156-81-217_443_131-202-240-150_49555_stream_0.pcap,tcp_0,tcp,0,Vimeo,nonVPN,Streaming,Vimeo
nonVPN_Streaming_Vimeo_none_3.pcap.TCP_104-156-81-217_443_131-202-240-150_49584_stream_0.pcap,tcp_0,tcp,0,Vimeo,nonVPN,Streaming,Vimeo
nonVPN_Streaming_Vimeo_none_3.pcap.TCP_104-156-85-217_443_131-202-240-150_34116_stream_0.pcap,tcp_0,tcp,0,Vimeo,nonVPN,Streaming,Vimeo
nonVPN_Streaming_Vimeo_none_3.pcap.TCP_104-156-85-217_443_131-202-240-150_34125_stream_0.pcap,tcp_0,tcp,0,Vimeo,nonVPN,Streaming,Vimeo
nonVPN_Streaming_Vimeo_none_3.pcap.TCP_131-202-240-150_41242_199-127-194-142_443_stream_0.pcap,tcp_0,tcp,0,Vimeo,nonVPN,Streaming,Vimeo
nonVPN_Streaming_Vimeo_none_3.pcap.TCP_131-202-240-150_41857_199-127-194-212_443_stream_0.pcap,tcp_0,tcp,0,Vimeo,nonVPN,Streaming,Vimeo
nonVPN_Streaming_Vimeo_none_3.pcap.TCP_131-202-240-150_41825_192-0-77-2_443_stream_0.pcap,tcp_0,tcp,0,Vimeo,nonVPN,Streaming,Vimeo
nonVPN_Streaming_Vimeo_none_3.pcap.TCP_131-202-240-150_56435_209-148-205-35_443_stream_0.pcap,tcp_0,tcp,0,Vimeo,nonVPN,Streaming,Vimeo
nonVPN_Streaming_Vimeo_none_3.pcap.TCP_131-202-240-150_46300_173-194-204-154_443_stream_0.pcap,tcp_0,tcp,0,Vimeo,nonVPN,Streaming,Vimeo
nonVPN_Streaming_Vimeo_none_3.pcap.TCP_23-235-33-217_443_131-202-240-150_40357_stream_0.pcap,tcp_0,tcp,0,Vimeo,nonVPN,Streaming,Vimeo
nonVPN_Streaming_Vimeo_none_3.pcap.TCP_23-235-44-143_443_131-202-240-150_59084_stream_0.pcap,tcp_0,tcp,0,Vimeo,nonVPN,Streaming,Vimeo
nonVPN_Streaming_Vimeo_none_3.pcap.TCP_23-45-42-244_443_131-202-240-150_49479_stream_0.pcap,tcp_0,tcp,0,Vimeo,nonVPN,Streaming,Vimeo
nonVPN_Streaming_Vimeo_none_3.pcap.TCP_72-21-91-187_443_131-202-240-150_58159_stream_0.pcap,tcp_0,tcp,0,Vimeo,nonVPN,Streaming,Vimeo
nonVPN_Streaming_Vimeo_none_3.pcap.TCP_72-21-91-187_443_131-202-240-150_58158_stream_0.pcap,tcp_0,tcp,0,Vimeo,nonVPN,Streaming,Vimeo
nonVPN_Streaming_Vimeo_none_3.pcap.TCP_74-125-226-5_443_131-202-240-150_48003_stream_0.pcap,tcp_0,tcp,0,Vimeo,nonVPN,Streaming,Vimeo
nonVPN_Streaming_Vimeo_none_3.pcap.UDP_131-202-240-150_58696_131-202-244-3_53_stream_0.pcap,udp_0,udp,0,Vimeo,nonVPN,Streaming,Vimeo
nonVPN_Streaming_Vimeo_none_3.pcap.UDP_131-202-240-150_61046_131-202-244-3_53_stream_0.pcap,udp_0,udp,0,Vimeo,nonVPN,Streaming,Vimeo
nonVPN_Streaming_Vimeo_none_3.pcap.UDP_131-202-6-3_53_131-202-240-150_16325_stream_0.pcap,udp_0,udp,0,Vimeo,nonVPN,Streaming,Vimeo
nonVPN_Streaming_Vimeo_none_3.pcap.UDP_131-202-240-88_137_131-202-240-150_137_stream_0.pcap,udp_0,udp,0,Vimeo,nonVPN,Streaming,Vimeo
nonVPN_Streaming_Vimeo_none_3.pcap.UDP_131-202-6-3_53_131-202-240-150_23275_stream_0.pcap,udp_0,udp,0,Vimeo,nonVPN,Streaming,Vimeo
nonVPN_Streaming_Vimeo_none_3.pcap.UDP_131-202-6-3_53_131-202-240-150_42973_stream_0.pcap,udp_0,udp,0,Vimeo,nonVPN,Streaming,Vimeo
nonVPN_Streaming_Vimeo_none_4.pcap.TCP_104-156-81-217_443_131-202-240-150_49632_stream_0.pcap,tcp_0,tcp,0,Vimeo,nonVPN,Streaming,Vimeo
nonVPN_Streaming_Vimeo_none_4.pcap.TCP_131-202-240-150_135_131-202-240-196_56663_stream_0.pcap,tcp_0,tcp,0,Vimeo,nonVPN,Streaming,Vimeo
nonVPN_Streaming_Vimeo_none_4.pcap.TCP_131-202-240-150_135_131-202-240-196_56663_stream_2.pcap,tcp_0,tcp,0,Vimeo,nonVPN,Streaming,Vimeo
nonVPN_Streaming_Vimeo_none_4.pcap.TCP_131-202-240-150_135_131-202-240-196_56664_stream_2.pcap,tcp_0,tcp,0,Vimeo,nonVPN,Streaming,Vimeo
nonVPN_Streaming_Vimeo_none_4.pcap.TCP_131-202-240-150_38879_192-0-80-242_443_stream_0.pcap,tcp_0,tcp,0,Vimeo,nonVPN,Streaming,Vimeo
nonVPN_Streaming_Vimeo_none_4.pcap.TCP_131-202-240-150_33448_173-194-123-122_443_stream_0.pcap,tcp_0,tcp,0,Vimeo,nonVPN,Streaming,Vimeo
nonVPN_Streaming_Vimeo_none_4.pcap.TCP_131-202-240-150_42910_173-194-123-70_443_stream_0.pcap,tcp_0,tcp,0,Vimeo,nonVPN,Streaming,Vimeo
nonVPN_Streaming_Vimeo_none_4.pcap.TCP_131-202-240-150_524_131-202-240-196_56666_stream_0.pcap,tcp_0,tcp,0,Vimeo,nonVPN,Streaming,Vimeo
nonVPN_Streaming_Vimeo_none_4.pcap.TCP_131-202-240-150_60897_173-194-123-109_443_stream_0.pcap,tcp_0,tcp,0,Vimeo,nonVPN,Streaming,Vimeo
nonVPN_Streaming_Vimeo_none_4.pcap.TCP_23-235-33-217_443_131-202-240-150_40474_stream_0.pcap,tcp_0,tcp,0,Vimeo,nonVPN,Streaming,Vimeo
nonVPN_Streaming_Vimeo_none_4.pcap.TCP_23-235-37-217_443_131-202-240-150_34761_stream_0.pcap,tcp_0,tcp,0,Vimeo,nonVPN,Streaming,Vimeo
nonVPN_Streaming_Vimeo_none_4.pcap.TCP_23-235-33-217_443_131-202-240-150_40479_stream_0.pcap,tcp_0,tcp,0,Vimeo,nonVPN,Streaming,Vimeo
nonVPN_Streaming_Vimeo_none_1.pcap.TCP_131-202-240-150_34177_209-148-205-41_443_stream_0.pcap,tcp_0,tcp,0,Vimeo,nonVPN,Streaming,Vimeo
nonVPN_Streaming_Vimeo_none_4.pcap.TCP_23-235-39-143_443_131-202-240-150_50133_stream_0.pcap,tcp_0,tcp,0,Vimeo,nonVPN,Streaming,Vimeo
nonVPN_Streaming_Vimeo_none_4.pcap.TCP_23-235-39-143_443_131-202-240-150_50131_stream_0.pcap,tcp_0,tcp,0,Vimeo,nonVPN,Streaming,Vimeo
nonVPN_Streaming_Vimeo_none_4.pcap.TCP_50-31-164-175_443_131-202-240-150_40579_stream_0.pcap,tcp_0,tcp,0,Vimeo,nonVPN,Streaming,Vimeo
nonVPN_Streaming_Vimeo_none_4.pcap.TCP_23-235-44-143_443_131-202-240-150_59200_stream_0.pcap,tcp_0,tcp,0,Vimeo,nonVPN,Streaming,Vimeo
nonVPN_Streaming_Vimeo_none_4.pcap.TCP_72-21-91-187_443_131-202-240-150_58292_stream_0.pcap,tcp_0,tcp,0,Vimeo,nonVPN,Streaming,Vimeo
nonVPN_Streaming_Vimeo_none_4.pcap.TCP_72-21-91-187_443_131-202-240-150_58251_stream_0.pcap,tcp_0,tcp,0,Vimeo,nonVPN,Streaming,Vimeo
nonVPN_Streaming_Vimeo_none_4.pcap.TCP_74-125-226-24_443_131-202-240-150_36108_stream_0.pcap,tcp_0,tcp,0,Vimeo,nonVPN,Streaming,Vimeo
nonVPN_Streaming_Vimeo_none_4.pcap.TCP_74-125-226-5_443_131-202-240-150_48003_stream_0.pcap,tcp_0,tcp,0,Vimeo,nonVPN,Streaming,Vimeo
nonVPN_Streaming_Vimeo_none_4.pcap.UDP_131-202-240-150_11372_131-202-244-5_53_stream_0.pcap,udp_0,udp,0,Vimeo,nonVPN,Streaming,Vimeo
nonVPN_Streaming_Vimeo_none_4.pcap.UDP_131-202-240-150_13142_131-202-244-3_53_stream_0.pcap,udp_0,udp,0,Vimeo,nonVPN,Streaming,Vimeo
nonVPN_Streaming_Vimeo_none_4.pcap.UDP_131-202-240-150_40276_131-202-244-3_53_stream_0.pcap,udp_0,udp,0,Vimeo,nonVPN,Streaming,Vimeo
nonVPN_Streaming_Vimeo_none_4.pcap.UDP_131-202-240-150_40564_131-202-244-5_53_stream_0.pcap,udp_0,udp,0,Vimeo,nonVPN,Streaming,Vimeo
nonVPN_Streaming_Vimeo_none_4.pcap.UDP_131-202-240-150_51860_131-202-244-3_53_stream_0.pcap,udp_0,udp,0,Vimeo,nonVPN,Streaming,Vimeo
nonVPN_Streaming_Vimeo_none_4.pcap.UDP_131-202-240-150_52903_131-202-244-5_53_stream_0.pcap,udp_0,udp,0,Vimeo,nonVPN,Streaming,Vimeo
nonVPN_Streaming_Vimeo_none_4.pcap.UDP_131-202-240-150_52903_131-202-244-3_53_stream_0.pcap,udp_0,udp,0,Vimeo,nonVPN,Streaming,Vimeo
nonVPN_Streaming_Vimeo_none_4.pcap.UDP_131-202-6-3_53_131-202-240-150_52903_stream_0.pcap,udp_0,udp,0,Vimeo,nonVPN,Streaming,Vimeo
nonVPN_Streaming_Vimeo_none_4.pcap.UDP_131-202-6-3_53_131-202-240-150_24503_stream_0.pcap,udp_0,udp,0,Vimeo,nonVPN,Streaming,Vimeo
nonVPN_Streaming_Vimeo_none_4.pcap.UDP_131-202-6-3_53_131-202-240-150_46603_stream_0.pcap,udp_0,udp,0,Vimeo,nonVPN,Streaming,Vimeo
VPN_Streaming_Youtube_none_1.pcap.TCP_10-8-8-138_37998_74-125-226-46_443_stream_0.pcap,tcp_0,tcp,0,Youtube,VPN,Streaming,Youtube
VPN_Streaming_Youtube_none_1.pcap.TCP_10-8-8-138_37899_74-125-226-46_443_stream_0.pcap,tcp_0,tcp,0,Youtube,VPN,Streaming,Youtube
VPN_Streaming_Youtube_none_1.pcap.TCP_10-8-8-138_38026_74-125-226-46_443_stream_0.pcap,tcp_0,tcp,0,Youtube,VPN,Streaming,Youtube
VPN_Streaming_Youtube_none_1.pcap.TCP_10-8-8-138_41535_74-125-226-38_443_stream_0.pcap,tcp_0,tcp,0,Youtube,VPN,Streaming,Youtube
VPN_Streaming_Youtube_none_1.pcap.TCP_10-8-8-138_54978_74-125-226-35_443_stream_0.pcap,tcp_0,tcp,0,Youtube,VPN,Streaming,Youtube
VPN_Streaming_Youtube_none_1.pcap.TCP_10-8-8-138_53289_208-117-240-241_443_stream_0.pcap,tcp_0,tcp,0,Youtube,VPN,Streaming,Youtube
VPN_Streaming_Youtube_none_1.pcap.TCP_10-8-8-138_54186_74-125-226-37_443_stream_0.pcap,tcp_0,tcp,0,Youtube,VPN,Streaming,Youtube
VPN_Streaming_Youtube_none_1.pcap.TCP_10-8-8-138_54541_54-235-151-171_443_stream_0.pcap,tcp_0,tcp,0,Youtube,VPN,Streaming,Youtube
VPN_Streaming_Youtube_none_1.pcap.TCP_10-8-8-138_56549_208-117-251-116_443_stream_0.pcap,tcp_0,tcp,0,Youtube,VPN,Streaming,Youtube
VPN_Streaming_Youtube_none_1.pcap.TCP_10-8-8-138_56563_208-117-251-116_443_stream_0.pcap,tcp_0,tcp,0,Youtube,VPN,Streaming,Youtube
VPN_Streaming_Youtube_none_1.pcap.TCP_10-8-8-138_56573_208-117-251-116_443_stream_0.pcap,tcp_0,tcp,0,Youtube,VPN,Streaming,Youtube
VPN_Streaming_Youtube_none_1.pcap.TCP_10-8-8-138_56570_208-117-251-116_443_stream_0.pcap,tcp_0,tcp,0,Youtube,VPN,Streaming,Youtube
VPN_Streaming_Youtube_none_1.pcap.TCP_10-8-8-138_56600_208-117-251-116_443_stream_0.pcap,tcp_0,tcp,0,Youtube,VPN,Streaming,Youtube
nonVPN_Streaming_Youtube_none_7.pcap.UDP_131-202-6-3_53_131-202-240-150_6774_stream_0.pcap,udp_0,udp,0,Youtube,nonVPN,Streaming,Youtube
VPN_Streaming_Youtube_none_1.pcap.TCP_10-8-8-138_56604_208-117-251-116_443_stream_0.pcap,tcp_0,tcp,0,Youtube,VPN,Streaming,Youtube
VPN_Streaming_Youtube_none_1.pcap.TCP_10-8-8-138_56610_208-117-251-116_443_stream_0.pcap,tcp_0,tcp,0,Youtube,VPN,Streaming,Youtube
VPN_Streaming_Youtube_none_1.pcap.TCP_10-8-8-138_56587_208-117-251-116_443_stream_0.pcap,tcp_0,tcp,0,Youtube,VPN,Streaming,Youtube
VPN_Streaming_Youtube_none_1.pcap.TCP_10-8-8-138_56639_208-117-251-116_443_stream_0.pcap,tcp_0,tcp,0,Youtube,VPN,Streaming,Youtube
VPN_Streaming_Youtube_none_1.pcap.TCP_10-8-8-138_56640_208-117-251-116_443_stream_0.pcap,tcp_0,tcp,0,Youtube,VPN,Streaming,Youtube
nonVPN_Streaming_Youtube_none_7.pcap.TCP_54-165-140-237_80_131-202-240-150_36209_stream_0.pcap,tcp_0,tcp,0,Youtube,nonVPN,Streaming,Youtube
VPN_Streaming_Youtube_none_1.pcap.TCP_10-8-8-138_56646_208-117-251-116_443_stream_0.pcap,tcp_0,tcp,0,Youtube,VPN,Streaming,Youtube
VPN_Streaming_Youtube_none_1.pcap.UDP_10-8-8-138_38345_131-202-244-3_53_stream_0.pcap,udp_0,udp,0,Youtube,VPN,Streaming,Youtube
VPN_Streaming_Youtube_none_1.pcap.UDP_10-8-8-138_39606_74-125-226-37_443_stream_0.pcap,udp_0,udp,0,Youtube,VPN,Streaming,Youtube
nonVPN_Streaming_Youtube_none_7.pcap.UDP_131-202-240-150_58164_131-202-244-5_53_stream_0.pcap,udp_0,udp,0,Youtube,nonVPN,Streaming,Youtube
VPN_Streaming_Youtube_none_1.pcap.UDP_10-8-8-138_47345_131-202-244-3_53_stream_0.pcap,udp_0,udp,0,Youtube,VPN,Streaming,Youtube
VPN_Streaming_Youtube_none_1.pcap.UDP_10-8-8-138_47345_131-202-6-3_53_stream_0.pcap,udp_0,udp,0,Youtube,VPN,Streaming,Youtube
VPN_Streaming_Youtube_none_1.pcap.UDP_10-8-8-138_49154_74-125-226-46_443_stream_0.pcap,udp_0,udp,0,Youtube,VPN,Streaming,Youtube
VPN_Streaming_Youtube_none_1.pcap.UDP_10-8-8-138_49899_131-202-6-3_53_stream_0.pcap,udp_0,udp,0,Youtube,VPN,Streaming,Youtube
VPN_Streaming_Youtube_none_1.pcap.UDP_10-8-8-138_50675_74-125-226-57_443_stream_0.pcap,udp_0,udp,0,Youtube,VPN,Streaming,Youtube
VPN_Streaming_Youtube_none_1.pcap.UDP_10-8-8-138_54813_74-125-226-37_443_stream_0.pcap,udp_0,udp,0,Youtube,VPN,Streaming,Youtube
VPN_Streaming_Youtube_none_1.pcap.UDP_10-8-8-138_55343_74-125-226-32_443_stream_0.pcap,udp_0,udp,0,Youtube,VPN,Streaming,Youtube
VPN_Streaming_Youtube_none_1.pcap.UDP_10-8-8-138_56625_74-125-226-33_443_stream_0.pcap,udp_0,udp,0,Youtube,VPN,Streaming,Youtube
VPN_Streaming_Youtube_none_1.pcap.UDP_10-8-8-138_58205_74-125-226-46_443_stream_0.pcap,udp_0,udp,0,Youtube,VPN,Streaming,Youtube
VPN_Streaming_Youtube_none_1.pcap.UDP_10-8-8-138_59571_131-202-244-3_53_stream_0.pcap,udp_0,udp,0,Youtube,VPN,Streaming,Youtube
nonVPN_Streaming_Youtube_none_1.pcap.TCP_131-202-240-150_38386_216-58-219-200_443_stream_0.pcap,tcp_0,tcp,0,Youtube,nonVPN,Streaming,Youtube
nonVPN_Streaming_Youtube_none_1.pcap.TCP_131-202-240-150_46222_173-194-123-118_443_stream_0.pcap,tcp_0,tcp,0,Youtube,nonVPN,Streaming,Youtube
nonVPN_Streaming_Youtube_none_1.pcap.TCP_131-202-240-150_42856_216-58-219-226_443_stream_0.pcap,tcp_0,tcp,0,Youtube,nonVPN,Streaming,Youtube
nonVPN_Streaming_Youtube_none_1.pcap.TCP_131-202-240-150_49242_216-58-219-238_80_stream_0.pcap,tcp_0,tcp,0,Youtube,nonVPN,Streaming,Youtube
nonVPN_Streaming_Youtube_none_1.pcap.TCP_131-202-240-150_59252_216-58-219-206_443_stream_0.pcap,tcp_0,tcp,0,Youtube,nonVPN,Streaming,Youtube
nonVPN_Streaming_Youtube_none_1.pcap.TCP_131-202-240-150_60233_173-194-123-122_443_stream_0.pcap,tcp_0,tcp,0,Youtube,nonVPN,Streaming,Youtube
nonVPN_Streaming_Youtube_none_1.pcap.TCP_131-202-240-150_59290_216-58-219-206_443_stream_0.pcap,tcp_0,tcp,0,Youtube,nonVPN,Streaming,Youtube
nonVPN_Streaming_Youtube_none_7.pcap.TCP_131-202-240-150_56975_216-58-219-225_80_stream_0.pcap,tcp_0,tcp,0,Youtube,nonVPN,Streaming,Youtube
nonVPN_Streaming_Youtube_none_1.pcap.UDP_131-202-240-150_10377_131-202-244-3_53_stream_0.pcap,udp_0,udp,0,Youtube,nonVPN,Streaming,Youtube
nonVPN_Streaming_Youtube_none_1.pcap.UDP_131-202-240-150_11185_131-202-244-5_53_stream_0.pcap,udp_0,udp,0,Youtube,nonVPN,Streaming,Youtube
nonVPN_Streaming_Youtube_none_1.pcap.UDP_131-202-240-150_11978_131-202-244-5_53_stream_0.pcap,udp_0,udp,0,Youtube,nonVPN,Streaming,Youtube
nonVPN_Streaming_Youtube_none_1.pcap.UDP_131-202-240-150_138_131-202-243-255_138_stream_0.pcap,udp_0,udp,0,Youtube,nonVPN,Streaming,Youtube
nonVPN_Streaming_Youtube_none_7.pcap.TCP_131-202-240-150_54572_199-212-24-173_443_stream_0.pcap,tcp_0,tcp,0,Youtube,nonVPN,Streaming,Youtube
nonVPN_Streaming_Youtube_none_1.pcap.UDP_131-202-240-150_19562_131-202-244-5_53_stream_0.pcap,udp_0,udp,0,Youtube,nonVPN,Streaming,Youtube
nonVPN_Streaming_Youtube_none_1.pcap.UDP_131-202-240-150_21412_131-202-244-5_53_stream_0.pcap,udp_0,udp,0,Youtube,nonVPN,Streaming,Youtube
nonVPN_Streaming_Youtube_none_1.pcap.UDP_131-202-240-150_27299_131-202-244-5_53_stream_0.pcap,udp_0,udp,0,Youtube,nonVPN,Streaming,Youtube
nonVPN_Streaming_Youtube_none_1.pcap.UDP_131-202-240-150_27448_131-202-244-3_53_stream_0.pcap,udp_0,udp,0,Youtube,nonVPN,Streaming,Youtube
nonVPN_Streaming_Youtube_none_1.pcap.UDP_131-202-240-150_28746_131-202-244-3_53_stream_0.pcap,udp_0,udp,0,Youtube,nonVPN,Streaming,Youtube
nonVPN_Streaming_Youtube_none_1.pcap.UDP_131-202-240-150_29520_131-202-244-5_53_stream_0.pcap,udp_0,udp,0,Youtube,nonVPN,Streaming,Youtube
nonVPN_Streaming_Youtube_none_1.pcap.UDP_131-202-240-150_33936_131-202-244-3_53_stream_0.pcap,udp_0,udp,0,Youtube,nonVPN,Streaming,Youtube
nonVPN_Streaming_Youtube_none_1.pcap.UDP_131-202-240-150_43665_131-202-244-5_53_stream_0.pcap,udp_0,udp,0,Youtube,nonVPN,Streaming,Youtube
nonVPN_Streaming_Youtube_none_1.pcap.UDP_131-202-240-150_43805_131-202-244-3_53_stream_0.pcap,udp_0,udp,0,Youtube,nonVPN,Streaming,Youtube
nonVPN_Streaming_Youtube_none_1.pcap.UDP_131-202-240-150_44396_131-202-244-5_53_stream_0.pcap,udp_0,udp,0,Youtube,nonVPN,Streaming,Youtube
nonVPN_Streaming_Youtube_none_1.pcap.UDP_131-202-240-150_4926_131-202-244-5_53_stream_0.pcap,udp_0,udp,0,Youtube,nonVPN,Streaming,Youtube
nonVPN_Streaming_Youtube_none_1.pcap.UDP_131-202-240-150_58572_131-202-244-3_53_stream_0.pcap,udp_0,udp,0,Youtube,nonVPN,Streaming,Youtube
nonVPN_Streaming_Youtube_none_1.pcap.UDP_131-202-240-150_63965_131-202-244-3_53_stream_0.pcap,udp_0,udp,0,Youtube,nonVPN,Streaming,Youtube
nonVPN_Streaming_Youtube_none_1.pcap.UDP_131-202-240-150_7330_131-202-244-5_53_stream_0.pcap,udp_0,udp,0,Youtube,nonVPN,Streaming,Youtube
nonVPN_Streaming_Youtube_none_1.pcap.UDP_131-202-240-88_137_131-202-240-150_137_stream_0.pcap,udp_0,udp,0,Youtube,nonVPN,Streaming,Youtube
nonVPN_Streaming_Youtube_none_1.pcap.UDP_131-202-6-3_53_131-202-240-150_11059_stream_0.pcap,udp_0,udp,0,Youtube,nonVPN,Streaming,Youtube
nonVPN_Streaming_Youtube_none_1.pcap.UDP_131-202-6-3_53_131-202-240-150_12429_stream_0.pcap,udp_0,udp,0,Youtube,nonVPN,Streaming,Youtube
nonVPN_Streaming_Youtube_none_7.pcap.UDP_131-202-240-150_13540_131-202-244-5_53_stream_0.pcap,udp_0,udp,0,Youtube,nonVPN,Streaming,Youtube
nonVPN_Streaming_Youtube_none_2.pcap.TCP_131-202-240-150_39748_173-194-123-84_443_stream_0.pcap,tcp_0,tcp,0,Youtube,nonVPN,Streaming,Youtube
nonVPN_Streaming_Youtube_none_2.pcap.TCP_131-202-240-150_43101_216-58-219-226_443_stream_0.pcap,tcp_0,tcp,0,Youtube,nonVPN,Streaming,Youtube
nonVPN_Streaming_Youtube_none_2.pcap.TCP_131-202-240-150_47632_216-58-219-238_443_stream_0.pcap,tcp_0,tcp,0,Youtube,nonVPN,Streaming,Youtube
nonVPN_Streaming_Youtube_none_2.pcap.TCP_131-202-240-150_58587_199-212-24-175_443_stream_0.pcap,tcp_0,tcp,0,Youtube,nonVPN,Streaming,Youtube
nonVPN_Streaming_Youtube_none_2.pcap.TCP_63-245-217-161_443_131-202-240-150_60390_stream_0.pcap,tcp_0,tcp,0,Youtube,nonVPN,Streaming,Youtube
nonVPN_Streaming_Youtube_none_2.pcap.UDP_131-202-240-150_17263_131-202-244-3_53_stream_0.pcap,udp_0,udp,0,Youtube,nonVPN,Streaming,Youtube
nonVPN_Streaming_Youtube_none_2.pcap.UDP_131-202-240-150_29785_131-202-244-3_53_stream_0.pcap,udp_0,udp,0,Youtube,nonVPN,Streaming,Youtube
nonVPN_Streaming_Youtube_none_2.pcap.UDP_131-202-240-150_33080_131-202-244-5_53_stream_0.pcap,udp_0,udp,0,Youtube,nonVPN,Streaming,Youtube
nonVPN_Streaming_Youtube_none_2.pcap.UDP_131-202-240-150_4113_131-202-244-3_53_stream_0.pcap,udp_0,udp,0,Youtube,nonVPN,Streaming,Youtube
nonVPN_Streaming_Youtube_none_7.pcap.UDP_131-202-6-3_53_131-202-240-150_48682_stream_0.pcap,udp_0,udp,0,Youtube,nonVPN,Streaming,Youtube
nonVPN_Streaming_Youtube_none_2.pcap.UDP_131-202-240-150_61947_131-202-244-5_53_stream_0.pcap,udp_0,udp,0,Youtube,nonVPN,Streaming,Youtube
nonVPN_Streaming_Youtube_none_3.pcap.TCP_131-202-240-150_135_131-202-240-196_56455_stream_0.pcap,tcp_0,tcp,0,Youtube,nonVPN,Streaming,Youtube
nonVPN_Streaming_Youtube_none_3.pcap.TCP_131-202-240-150_43050_216-58-219-226_443_stream_0.pcap,tcp_0,tcp,0,Youtube,nonVPN,Streaming,Youtube
nonVPN_Streaming_Youtube_none_3.pcap.TCP_131-202-240-150_51148_216-58-219-227_443_stream_0.pcap,tcp_0,tcp,0,Youtube,nonVPN,Streaming,Youtube
nonVPN_Streaming_Youtube_none_3.pcap.TCP_131-202-240-150_59539_216-58-219-206_443_stream_0.pcap,tcp_0,tcp,0,Youtube,nonVPN,Streaming,Youtube
nonVPN_Streaming_Youtube_none_3.pcap.TCP_72-21-91-29_80_131-202-240-150_58373_stream_0.pcap,tcp_0,tcp,0,Youtube,nonVPN,Streaming,Youtube
nonVPN_Streaming_Youtube_none_3.pcap.UDP_131-202-240-150_25478_131-202-244-5_53_stream_0.pcap,udp_0,udp,0,Youtube,nonVPN,Streaming,Youtube
nonVPN_Streaming_Youtube_none_3.pcap.UDP_131-202-240-150_38561_131-202-244-3_53_stream_0.pcap,udp_0,udp,0,Youtube,nonVPN,Streaming,Youtube
nonVPN_Streaming_Youtube_none_3.pcap.UDP_131-202-240-150_4812_131-202-244-5_53_stream_0.pcap,udp_0,udp,0,Youtube,nonVPN,Streaming,Youtube
nonVPN_Streaming_Youtube_none_3.pcap.UDP_131-202-240-150_48572_131-202-244-3_53_stream_0.pcap,udp_0,udp,0,Youtube,nonVPN,Streaming,Youtube
nonVPN_Streaming_Youtube_none_3.pcap.TCP_131-202-240-150_58600_199-212-24-175_443_stream_0.pcap,tcp_0,tcp,0,Youtube,nonVPN,Streaming,Youtube
nonVPN_Streaming_Youtube_none_4.pcap.TCP_131-202-240-150_33939_216-58-219-230_443_stream_0.pcap,tcp_0,tcp,0,Youtube,nonVPN,Streaming,Youtube
nonVPN_Streaming_Youtube_none_4.pcap.TCP_107-23-234-236_80_131-202-240-150_56094_stream_0.pcap,tcp_0,tcp,0,Youtube,nonVPN,Streaming,Youtube
nonVPN_Streaming_Youtube_none_7.pcap.UDP_131-202-240-150_42492_131-202-244-3_53_stream_0.pcap,udp_0,udp,0,Youtube,nonVPN,Streaming,Youtube
nonVPN_Streaming_Youtube_none_4.pcap.TCP_131-202-240-150_44026_208-71-122-72_80_stream_0.pcap,tcp_0,tcp,0,Youtube,nonVPN,Streaming,Youtube
nonVPN_Streaming_Youtube_none_4.pcap.TCP_131-202-240-150_45464_184-29-105-106_80_stream_0.pcap,tcp_0,tcp,0,Youtube,nonVPN,Streaming,Youtube
nonVPN_Streaming_Youtube_none_4.pcap.TCP_131-202-240-150_46906_216-58-219-226_80_stream_0.pcap,tcp_0,tcp,0,Youtube,nonVPN,Streaming,Youtube
nonVPN_Streaming_Youtube_none_4.pcap.TCP_131-202-240-150_46978_216-58-219-226_80_stream_0.pcap,tcp_0,tcp,0,Youtube,nonVPN,Streaming,Youtube
nonVPN_Streaming_Youtube_none_4.pcap.TCP_131-202-240-150_47990_216-58-219-238_443_stream_0.pcap,tcp_0,tcp,0,Youtube,nonVPN,Streaming,Youtube
nonVPN_Streaming_Youtube_none_4.pcap.TCP_131-202-240-150_47901_216-58-219-238_443_stream_0.pcap,tcp_0,tcp,0,Youtube,nonVPN,Streaming,Youtube
nonVPN_Streaming_Youtube_none_7.pcap.TCP_131-202-240-150_54543_199-212-24-173_443_stream_0.pcap,tcp_0,tcp,0,Youtube,nonVPN,Streaming,Youtube
nonVPN_Streaming_Youtube_none_4.pcap.TCP_131-202-240-150_51403_184-29-105-153_80_stream_0.pcap,tcp_0,tcp,0,Youtube,nonVPN,Streaming,Youtube
nonVPN_Streaming_Youtube_none_4.pcap.TCP_131-202-240-150_51415_216-58-219-227_443_stream_0.pcap,tcp_0,tcp,0,Youtube,nonVPN,Streaming,Youtube
nonVPN_Streaming_Youtube_none_4.pcap.TCP_131-202-240-150_51451_216-58-219-227_443_stream_0.pcap,tcp_0,tcp,0,Youtube,nonVPN,Streaming,Youtube
nonVPN_Streaming_Youtube_none_7.pcap.UDP_131-202-6-3_53_131-202-240-150_11287_stream_0.pcap,udp_0,udp,0,Youtube,nonVPN,Streaming,Youtube
nonVPN_Streaming_Youtube_none_4.pcap.TCP_131-202-240-150_51777_208-71-121-194_80_stream_0.pcap,tcp_0,tcp,0,Youtube,nonVPN,Streaming,Youtube
nonVPN_Streaming_Youtube_none_7.pcap.TCP_74-125-226-4_443_131-202-240-150_53274_stream_0.pcap,tcp_0,tcp,0,Youtube,nonVPN,Streaming,Youtube
nonVPN_Streaming_Youtube_none_4.pcap.TCP_131-202-240-150_52575_216-58-219-237_443_stream_0.pcap,tcp_0,tcp,0,Youtube,nonVPN,Streaming,Youtube
nonVPN_Streaming_Youtube_none_4.pcap.TCP_131-202-240-150_53719_173-194-123-127_443_stream_0.pcap,tcp_0,tcp,0,Youtube,nonVPN,Streaming,Youtube
nonVPN_Streaming_Youtube_none_4.pcap.TCP_131-202-240-150_55562_184-29-105-112_80_stream_0.pcap,tcp_0,tcp,0,Youtube,nonVPN,Streaming,Youtube
nonVPN_Streaming_Youtube_none_4.pcap.TCP_131-202-240-150_56450_173-194-204-95_80_stream_0.pcap,tcp_0,tcp,0,Youtube,nonVPN,Streaming,Youtube
nonVPN_Streaming_Youtube_none_4.pcap.TCP_131-202-240-150_55563_184-29-105-112_80_stream_0.pcap,tcp_0,tcp,0,Youtube,nonVPN,Streaming,Youtube
nonVPN_Streaming_Youtube_none_4.pcap.TCP_131-202-240-150_56820_216-58-219-225_80_stream_0.pcap,tcp_0,tcp,0,Youtube,nonVPN,Streaming,Youtube
nonVPN_Streaming_Youtube_none_7.pcap.TCP_74-125-226-55_443_131-202-240-150_44527_stream_0.pcap,tcp_0,tcp,0,Youtube,nonVPN,Streaming,Youtube
nonVPN_Streaming_Youtube_none_4.pcap.TCP_23-209-100-136_80_131-202-240-150_45040_stream_0.pcap,tcp_0,tcp,0,Youtube,nonVPN,Streaming,Youtube
nonVPN_Streaming_Youtube_none_4.pcap.TCP_23-209-100-136_80_131-202-240-150_45042_stream_0.pcap,tcp_0,tcp,0,Youtube,nonVPN,Streaming,Youtube
nonVPN_Streaming_Youtube_none_4.pcap.TCP_23-235-40-239_80_131-202-240-150_41831_stream_0.pcap,tcp_0,tcp,0,Youtube,nonVPN,Streaming,Youtube
nonVPN_Streaming_Youtube_none_4.pcap.TCP_23-235-40-239_80_131-202-240-150_41832_stream_0.pcap,tcp_0,tcp,0,Youtube,nonVPN,Streaming,Youtube
nonVPN_Streaming_Youtube_none_4.pcap.TCP_23-49-90-99_443_131-202-240-150_37741_stream_0.pcap,tcp_0,tcp,0,Youtube,nonVPN,Streaming,Youtube
nonVPN_Streaming_Youtube_none_4.pcap.TCP_23-49-91-178_80_131-202-240-150_37733_stream_0.pcap,tcp_0,tcp,0,Youtube,nonVPN,Streaming,Youtube
nonVPN_Streaming_Youtube_none_4.pcap.TCP_23-49-93-9_80_131-202-240-150_47284_stream_0.pcap,tcp_0,tcp,0,Youtube,nonVPN,Streaming,Youtube
nonVPN_Streaming_Youtube_none_4.pcap.TCP_23-50-75-27_80_131-202-240-150_45487_stream_0.pcap,tcp_0,tcp,0,Youtube,nonVPN,Streaming,Youtube
nonVPN_Streaming_Youtube_none_4.pcap.TCP_54-230-55-187_80_131-202-240-150_53454_stream_0.pcap,tcp_0,tcp,0,Youtube,nonVPN,Streaming,Youtube
nonVPN_Streaming_Youtube_none_4.pcap.TCP_54-236-123-111_80_131-202-240-150_46358_stream_0.pcap,tcp_0,tcp,0,Youtube,nonVPN,Streaming,Youtube
nonVPN_Streaming_Youtube_none_4.pcap.TCP_54-236-2-143_80_131-202-240-150_43481_stream_0.pcap,tcp_0,tcp,0,Youtube,nonVPN,Streaming,Youtube
nonVPN_Streaming_Youtube_none_4.pcap.TCP_54-247-90-74_443_131-202-240-150_49462_stream_0.pcap,tcp_0,tcp,0,Youtube,nonVPN,Streaming,Youtube
nonVPN_Streaming_Youtube_none_7.pcap.TCP_74-125-28-120_443_131-202-240-150_57853_stream_0.pcap,tcp_0,tcp,0,Youtube,nonVPN,Streaming,Youtube
nonVPN_Streaming_Youtube_none_4.pcap.TCP_74-121-139-104_80_131-202-240-150_38613_stream_0.pcap,tcp_0,tcp,0,Youtube,nonVPN,Streaming,Youtube
nonVPN_Streaming_Youtube_none_4.pcap.TCP_74-125-22-188_5228_131-202-240-150_60044_stream_0.pcap,tcp_0,tcp,0,Youtube,nonVPN,Streaming,Youtube
nonVPN_Streaming_Youtube_none_4.pcap.UDP_131-202-240-150_138_131-202-243-255_138_stream_0.pcap,udp_0,udp,0,Youtube,nonVPN,Streaming,Youtube
nonVPN_Streaming_Youtube_none_7.pcap.TCP_131-202-240-150_58696_173-194-123-121_443_stream_0.pcap,tcp_0,tcp,0,Youtube,nonVPN,Streaming,Youtube
nonVPN_Streaming_Youtube_none_4.pcap.UDP_131-202-240-150_19086_131-202-244-3_53_stream_0.pcap,udp_0,udp,0,Youtube,nonVPN,Streaming,Youtube
nonVPN_Streaming_Youtube_none_4.pcap.UDP_131-202-240-150_22091_131-202-244-5_53_stream_0.pcap,udp_0,udp,0,Youtube,nonVPN,Streaming,Youtube
nonVPN_Streaming_Youtube_none_4.pcap.UDP_131-202-240-150_27131_131-202-244-3_53_stream_0.pcap,udp_0,udp,0,Youtube,nonVPN,Streaming,Youtube
nonVPN_Streaming_Youtube_none_4.pcap.UDP_131-202-240-150_37889_131-202-244-5_53_stream_0.pcap,udp_0,udp,0,Youtube,nonVPN,Streaming,Youtube
nonVPN_Streaming_Youtube_none_4.pcap.UDP_131-202-240-150_29652_131-202-244-5_53_stream_0.pcap,udp_0,udp,0,Youtube,nonVPN,Streaming,Youtube
nonVPN_Streaming_Youtube_none_4.pcap.UDP_131-202-240-150_36416_131-202-244-5_53_stream_0.pcap,udp_0,udp,0,Youtube,nonVPN,Streaming,Youtube
nonVPN_Streaming_Youtube_none_4.pcap.UDP_131-202-240-150_40866_131-202-244-5_53_stream_0.pcap,udp_0,udp,0,Youtube,nonVPN,Streaming,Youtube
nonVPN_Streaming_Youtube_none_4.pcap.UDP_131-202-240-150_44663_131-202-244-5_53_stream_0.pcap,udp_0,udp,0,Youtube,nonVPN,Streaming,Youtube
nonVPN_Streaming_Youtube_none_4.pcap.UDP_131-202-240-150_46363_131-202-244-3_53_stream_0.pcap,udp_0,udp,0,Youtube,nonVPN,Streaming,Youtube
nonVPN_Streaming_Youtube_none_5.pcap.TCP_131-202-240-150_56874_199-212-24-172_443_stream_0.pcap,tcp_0,tcp,0,Youtube,nonVPN,Streaming,Youtube
nonVPN_Streaming_Youtube_none_4.pcap.UDP_131-202-240-150_5599_131-202-244-5_53_stream_0.pcap,udp_0,udp,0,Youtube,nonVPN,Streaming,Youtube
nonVPN_Streaming_Youtube_none_4.pcap.UDP_131-202-240-150_57197_131-202-244-5_53_stream_0.pcap,udp_0,udp,0,Youtube,nonVPN,Streaming,Youtube
nonVPN_Streaming_Youtube_none_7.pcap.UDP_131-202-240-150_37451_131-202-244-5_53_stream_0.pcap,udp_0,udp,0,Youtube,nonVPN,Streaming,Youtube
nonVPN_Streaming_Youtube_none_4.pcap.UDP_131-202-6-3_53_131-202-240-150_21193_stream_0.pcap,udp_0,udp,0,Youtube,nonVPN,Streaming,Youtube
nonVPN_Streaming_Youtube_none_4.pcap.UDP_131-202-6-3_53_131-202-240-150_22091_stream_0.pcap,udp_0,udp,0,Youtube,nonVPN,Streaming,Youtube
nonVPN_Streaming_Youtube_none_7.pcap.TCP_131-202-240-150_59021_199-212-24-175_443_stream_0.pcap,tcp_0,tcp,0,Youtube,nonVPN,Streaming,Youtube
nonVPN_Streaming_Youtube_none_4.pcap.UDP_131-202-6-3_53_131-202-240-150_8438_stream_0.pcap,udp_0,udp,0,Youtube,nonVPN,Streaming,Youtube
nonVPN_Streaming_Youtube_none_5.pcap.TCP_131-202-240-150_48018_216-58-219-238_443_stream_0.pcap,tcp_0,tcp,0,Youtube,nonVPN,Streaming,Youtube
nonVPN_Streaming_Youtube_none_5.pcap.TCP_131-202-240-150_48015_216-58-219-238_443_stream_0.pcap,tcp_0,tcp,0,Youtube,nonVPN,Streaming,Youtube
nonVPN_Streaming_Youtube_none_7.pcap.UDP_131-202-240-150_60327_131-202-244-5_53_stream_0.pcap,udp_0,udp,0,Youtube,nonVPN,Streaming,Youtube
nonVPN_Streaming_Youtube_none_5.pcap.TCP_131-202-240-150_59539_216-58-219-206_443_stream_0.pcap,tcp_0,tcp,0,Youtube,nonVPN,Streaming,Youtube
nonVPN_Streaming_Youtube_none_5.pcap.TCP_72-21-91-29_80_131-202-240-150_58735_stream_0.pcap,tcp_0,tcp,0,Youtube,nonVPN,Streaming,Youtube
nonVPN_Streaming_Youtube_none_5.pcap.UDP_131-202-240-150_11710_131-202-244-5_53_stream_0.pcap,udp_0,udp,0,Youtube,nonVPN,Streaming,Youtube
nonVPN_Streaming_Youtube_none_5.pcap.UDP_131-202-240-150_14082_131-202-244-3_53_stream_0.pcap,udp_0,udp,0,Youtube,nonVPN,Streaming,Youtube
nonVPN_Streaming_Youtube_none_7.pcap.UDP_131-202-240-150_11287_131-202-244-5_53_stream_0.pcap,udp_0,udp,0,Youtube,nonVPN,Streaming,Youtube
nonVPN_Streaming_Youtube_none_5.pcap.UDP_131-202-240-150_1630_131-202-244-3_53_stream_0.pcap,udp_0,udp,0,Youtube,nonVPN,Streaming,Youtube
nonVPN_Streaming_Youtube_none_5.pcap.UDP_131-202-240-150_22976_131-202-244-3_53_stream_0.pcap,udp_0,udp,0,Youtube,nonVPN,Streaming,Youtube
nonVPN_Streaming_Youtube_none_5.pcap.UDP_131-202-240-150_28058_131-202-244-3_53_stream_0.pcap,udp_0,udp,0,Youtube,nonVPN,Streaming,Youtube
nonVPN_Streaming_Youtube_none_5.pcap.UDP_131-202-240-150_39485_131-202-244-3_53_stream_0.pcap,udp_0,udp,0,Youtube,nonVPN,Streaming,Youtube
nonVPN_Streaming_Youtube_none_5.pcap.UDP_131-202-240-150_39540_131-202-244-3_53_stream_0.pcap,udp_0,udp,0,Youtube,nonVPN,Streaming,Youtube
nonVPN_Streaming_Youtube_none_5.pcap.UDP_131-202-240-150_40816_131-202-244-3_53_stream_0.pcap,udp_0,udp,0,Youtube,nonVPN,Streaming,Youtube
nonVPN_Streaming_Youtube_none_5.pcap.UDP_131-202-240-150_44737_131-202-244-3_53_stream_0.pcap,udp_0,udp,0,Youtube,nonVPN,Streaming,Youtube
nonVPN_Streaming_Youtube_none_5.pcap.UDP_131-202-240-150_5041_131-202-244-3_53_stream_0.pcap,udp_0,udp,0,Youtube,nonVPN,Streaming,Youtube
nonVPN_Streaming_Youtube_none_5.pcap.UDP_131-202-240-150_49793_131-202-244-5_53_stream_0.pcap,udp_0,udp,0,Youtube,nonVPN,Streaming,Youtube
nonVPN_Streaming_Youtube_none_5.pcap.UDP_131-202-240-150_57158_131-202-244-3_53_stream_0.pcap,udp_0,udp,0,Youtube,nonVPN,Streaming,Youtube
nonVPN_Streaming_Youtube_none_5.pcap.UDP_131-202-6-3_53_131-202-240-150_59652_stream_0.pcap,udp_0,udp,0,Youtube,nonVPN,Streaming,Youtube
nonVPN_Streaming_Youtube_none_5.pcap.UDP_131-202-6-3_53_131-202-240-150_59719_stream_0.pcap,udp_0,udp,0,Youtube,nonVPN,Streaming,Youtube
nonVPN_Streaming_Youtube_none_5.pcap.UDP_131-202-6-3_53_131-202-240-150_41792_stream_0.pcap,udp_0,udp,0,Youtube,nonVPN,Streaming,Youtube
nonVPN_Streaming_Youtube_none_6.pcap.UDP_131-202-240-88_137_131-202-240-150_137_stream_0.pcap,udp_0,udp,0,Youtube,nonVPN,Streaming,Youtube
nonVPN_Streaming_Youtube_none_6.pcap.UDP_131-202-6-3_53_131-202-240-150_4924_stream_0.pcap,udp_0,udp,0,Youtube,nonVPN,Streaming,Youtube
nonVPN_Streaming_Youtube_none_7.pcap.TCP_108-168-240-194_80_131-202-240-150_50105_stream_0.pcap,tcp_0,tcp,0,Youtube,nonVPN,Streaming,Youtube
nonVPN_Streaming_Youtube_none_7.pcap.UDP_131-202-240-150_2255_131-202-244-3_53_stream_0.pcap,udp_0,udp,0,Youtube,nonVPN,Streaming,Youtube
nonVPN_Streaming_Youtube_none_6.pcap.UDP_131-202-6-3_53_131-202-240-150_60500_stream_0.pcap,udp_0,udp,0,Youtube,nonVPN,Streaming,Youtube
nonVPN_Streaming_Youtube_none_7.pcap.UDP_131-202-240-150_25280_131-202-244-5_53_stream_0.pcap,udp_0,udp,0,Youtube,nonVPN,Streaming,Youtube
nonVPN_Streaming_Youtube_none_7.pcap.TCP_131-202-240-150_135_131-202-243-27_5622_stream_1.pcap,tcp_0,tcp,0,Youtube,nonVPN,Streaming,Youtube
nonVPN_Streaming_Youtube_none_7.pcap.TCP_131-202-240-150_34361_216-58-219-230_443_stream_0.pcap,tcp_0,tcp,0,Youtube,nonVPN,Streaming,Youtube
nonVPN_Streaming_Youtube_none_7.pcap.TCP_131-202-240-150_34842_216-58-219-225_443_stream_0.pcap,tcp_0,tcp,0,Youtube,nonVPN,Streaming,Youtube
nonVPN_Streaming_Youtube_none_7.pcap.TCP_131-202-240-150_39032_173-194-123-108_80_stream_0.pcap,tcp_0,tcp,0,Youtube,nonVPN,Streaming,Youtube
nonVPN_Streaming_Youtube_none_7.pcap.TCP_131-202-240-150_43063_173-194-123-122_80_stream_0.pcap,tcp_0,tcp,0,Youtube,nonVPN,Streaming,Youtube
nonVPN_Streaming_Youtube_none_7.pcap.TCP_131-202-240-150_43691_216-58-219-226_443_stream_0.pcap,tcp_0,tcp,0,Youtube,nonVPN,Streaming,Youtube
nonVPN_Streaming_Youtube_none_7.pcap.TCP_131-202-240-150_44005_216-58-219-230_80_stream_0.pcap,tcp_0,tcp,0,Youtube,nonVPN,Streaming,Youtube
nonVPN_Streaming_Youtube_none_7.pcap.TCP_131-202-240-150_445_131-202-240-196_56529_stream_0.pcap,tcp_0,tcp,0,Youtube,nonVPN,Streaming,Youtube
nonVPN_Streaming_Youtube_none_7.pcap.TCP_131-202-240-150_47335_216-58-219-226_80_stream_0.pcap,tcp_0,tcp,0,Youtube,nonVPN,Streaming,Youtube
nonVPN_Streaming_Youtube_none_7.pcap.TCP_131-202-240-150_47381_216-58-219-226_80_stream_0.pcap,tcp_0,tcp,0,Youtube,nonVPN,Streaming,Youtube
nonVPN_Streaming_Youtube_none_7.pcap.TCP_131-202-240-150_48064_216-58-219-238_443_stream_0.pcap,tcp_0,tcp,0,Youtube,nonVPN,Streaming,Youtube
VPN_VoIP_VoIPBuster_none_1.pcap.TCP_10-8-8-222_61106_131-202-6-26_13000_stream_0.pcap,tcp_0,tcp,0,VoIPBuster,VPN,VoIP,VoIPBuster
nonVPN_VoIP_VoIPBuster_none_1.pcap.UDP_131-202-240-87_17599_180-87-10-1_80_stream_0.pcap,udp_0,udp,0,VoIPBuster,nonVPN,VoIP,VoIPBuster
nonVPN_VoIP_VoIPBuster_none_1.pcap.UDP_62-76-12-252_11131_131-202-240-87_61009_stream_0.pcap,udp_0,udp,0,VoIPBuster,nonVPN,VoIP,VoIPBuster
nonVPN_VoIP_VoIPBuster_none_1.pcap.UDP_131-202-240-87_61009_186-2-136-54_10720_stream_0.pcap,udp_0,udp,0,VoIPBuster,nonVPN,VoIP,VoIPBuster
nonVPN_VoIP_VoIPBuster_none_1.pcap.UDP_79-32-132-69_36332_131-202-240-87_61009_stream_0.pcap,udp_0,udp,0,VoIPBuster,nonVPN,VoIP,VoIPBuster
nonVPN_VoIP_VoIPBuster_none_1.pcap.UDP_131-202-240-87_6771_239-192-152-143_6771_stream_0.pcap,udp_0,udp,0,VoIPBuster,nonVPN,VoIP,VoIPBuster
nonVPN_VoIP_VoIPBuster_none_2.pcap.UDP_93-79-255-79_52093_131-202-240-87_61009_stream_0.pcap,udp_0,udp,0,VoIPBuster,nonVPN,VoIP,VoIPBuster
nonVPN_VoIP_VoIPBuster_none_1.pcap.UDP_109-100-194-193_29146_131-202-240-87_61009_stream_0.pcap,udp_0,udp,0,VoIPBuster,nonVPN,VoIP,VoIPBuster
VPN_VoIP_VoIPBuster_none_1.pcap.UDP_10-8-8-222_50571_224-0-0-252_5355_stream_0.pcap,udp_0,udp,0,VoIPBuster,VPN,VoIP,VoIPBuster
nonVPN_VoIP_VoIPBuster_none_2.pcap.TCP_131-202-240-87_17098_131-202-240-235_49157_stream_0.pcap,tcp_0,tcp,0,VoIPBuster,nonVPN,VoIP,VoIPBuster
VPN_VoIP_VoIPBuster_none_2.pcap.UDP_fe80--8c14-5120-4519-bd3f_60661_ff02--1-3_5355_stream_0.pcap,udp_0,udp,0,VoIPBuster,VPN,VoIP,VoIPBuster
nonVPN_VoIP_VoIPBuster_none_3.pcap.UDP_95-135-62-101_12986_131-202-240-87_61009_stream_0.pcap,udp_0,udp,0,VoIPBuster,nonVPN,VoIP,VoIPBuster
VPN_VoIP_VoIPBuster_none_1.pcap.UDP_10-8-8-222_51001_224-0-0-252_5355_stream_0.pcap,udp_0,udp,0,VoIPBuster,VPN,VoIP,VoIPBuster
nonVPN_VoIP_VoIPBuster_none_4.pcap.UDP_129-250-35-250_123_131-202-240-87_13935_stream_0.pcap,udp_0,udp,0,VoIPBuster,nonVPN,VoIP,VoIPBuster
VPN_VoIP_VoIPBuster_none_1.pcap.UDP_10-8-8-222_51721_198-7-63-141_53_stream_0.pcap,udp_0,udp,0,VoIPBuster,VPN,VoIP,VoIPBuster
VPN_VoIP_VoIPBuster_none_1.pcap.UDP_10-8-8-222_52296_224-0-0-252_5355_stream_0.pcap,udp_0,udp,0,VoIPBuster,VPN,VoIP,VoIPBuster
VPN_VoIP_VoIPBuster_none_1.pcap.UDP_10-8-8-222_52677_224-0-0-252_5355_stream_0.pcap,udp_0,udp,0,VoIPBuster,VPN,VoIP,VoIPBuster
VPN_VoIP_VoIPBuster_none_2.pcap.UDP_fe80--8c14-5120-4519-bd3f_57697_ff02--1-3_5355_stream_0.pcap,udp_0,udp,0,VoIPBuster,VPN,VoIP,VoIPBuster
nonVPN_VoIP_VoIPBuster_none_3.pcap.UDP_99-234-112-87_50116_131-202-240-87_61009_stream_0.pcap,udp_0,udp,0,VoIPBuster,nonVPN,VoIP,VoIPBuster
nonVPN_VoIP_VoIPBuster_none_1.pcap.TCP_131-202-240-87_16920_173-194-123-56_443_stream_0.pcap,tcp_0,tcp,0,VoIPBuster,nonVPN,VoIP,VoIPBuster
nonVPN_VoIP_VoIPBuster_none_3.pcap.UDP_71-162-68-22_1025_131-202-240-87_61009_stream_0.pcap,udp_0,udp,0,VoIPBuster,nonVPN,VoIP,VoIPBuster
VPN_VoIP_VoIPBuster_none_2.pcap.UDP_fe80--8c14-5120-4519-bd3f_55315_ff02--1-3_5355_stream_0.pcap,udp_0,udp,0,VoIPBuster,VPN,VoIP,VoIPBuster
VPN_VoIP_VoIPBuster_none_2.pcap.UDP_fe80--8c14-5120-4519-bd3f_62817_ff02--1-3_5355_stream_0.pcap,udp_0,udp,0,VoIPBuster,VPN,VoIP,VoIPBuster
VPN_VoIP_VoIPBuster_none_1.pcap.UDP_10-8-8-222_55113_224-0-0-252_5355_stream_0.pcap,udp_0,udp,0,VoIPBuster,VPN,VoIP,VoIPBuster
nonVPN_VoIP_VoIPBuster_none_1.pcap.UDP_100-33-76-8_33659_131-202-240-87_61009_stream_0.pcap,udp_0,udp,0,VoIPBuster,nonVPN,VoIP,VoIPBuster
nonVPN_VoIP_VoIPBuster_none_2.pcap.UDP_131-202-240-87_61009_201-244-211-64_17603_stream_0.pcap,udp_0,udp,0,VoIPBuster,nonVPN,VoIP,VoIPBuster
nonVPN_VoIP_VoIPBuster_none_2.pcap.UDP_75-152-21-216_52628_131-202-240-87_61009_stream_0.pcap,udp_0,udp,0,VoIPBuster,nonVPN,VoIP,VoIPBuster
VPN_VoIP_VoIPBuster_none_1.pcap.UDP_10-8-8-222_56789_224-0-0-252_5355_stream_0.pcap,udp_0,udp,0,VoIPBuster,VPN,VoIP,VoIPBuster
nonVPN_VoIP_VoIPBuster_none_4.pcap.UDP_131-202-240-87_13948_131-202-244-3_53_stream_0.pcap,udp_0,udp,0,VoIPBuster,nonVPN,VoIP,VoIPBuster
VPN_VoIP_VoIPBuster_none_1.pcap.UDP_10-8-8-222_57328_224-0-0-252_5355_stream_0.pcap,udp_0,udp,0,VoIPBuster,VPN,VoIP,VoIPBuster
nonVPN_VoIP_VoIPBuster_none_1.pcap.UDP_95-58-240-87_6881_131-202-240-87_61009_stream_0.pcap,udp_0,udp,0,VoIPBuster,nonVPN,VoIP,VoIPBuster
nonVPN_VoIP_VoIPBuster_none_4.pcap.UDP_131-202-240-87_65359_224-0-0-252_5355_stream_0.pcap,udp_0,udp,0,VoIPBuster,nonVPN,VoIP,VoIPBuster
nonVPN_VoIP_VoIPBuster_none_1.pcap.UDP_109-132-18-45_6881_131-202-240-87_61009_stream_0.pcap,udp_0,udp,0,VoIPBuster,nonVPN,VoIP,VoIPBuster
VPN_VoIP_VoIPBuster_none_1.pcap.UDP_10-8-8-222_58583_224-0-0-252_5355_stream_0.pcap,udp_0,udp,0,VoIPBuster,VPN,VoIP,VoIPBuster
VPN_VoIP_VoIPBuster_none_2.pcap.UDP_fe80--8c14-5120-4519-bd3f_52366_ff02--1-3_5355_stream_0.pcap,udp_0,udp,0,VoIPBuster,VPN,VoIP,VoIPBuster
nonVPN_VoIP_VoIPBuster_none_2.pcap.UDP_131-202-240-87_49377_131-202-240-183_56584_stream_0.pcap,udp_0,udp,0,VoIPBuster,nonVPN,VoIP,VoIPBuster
VPN_VoIP_VoIPBuster_none_1.pcap.UDP_10-8-8-222_58783_224-0-0-252_5355_stream_0.pcap,udp_0,udp,0,VoIPBuster,VPN,VoIP,VoIPBuster
nonVPN_VoIP_VoIPBuster_none_1.pcap.UDP_77-230-140-75_1028_131-202-240-87_61009_stream_0.pcap,udp_0,udp,0,VoIPBuster,nonVPN,VoIP,VoIPBuster
VPN_VoIP_VoIPBuster_none_1.pcap.UDP_10-8-8-222_59286_77-72-169-162_6901_stream_0.pcap,udp_0,udp,0,VoIPBuster,VPN,VoIP,VoIPBuster
nonVPN_VoIP_VoIPBuster_none_1.pcap.UDP_41-140-182-128_13097_131-202-240-87_61009_stream_0.pcap,udp_0,udp,0,VoIPBuster,nonVPN,VoIP,VoIPBuster
nonVPN_VoIP_VoIPBuster_none_2.pcap.UDP_109-100-194-193_1419_131-202-240-87_61009_stream_0.pcap,udp_0,udp,0,VoIPBuster,nonVPN,VoIP,VoIPBuster
VPN_VoIP_VoIPBuster_none_1.pcap.UDP_10-8-8-222_61027_224-0-0-252_5355_stream_0.pcap,udp_0,udp,0,VoIPBuster,VPN,VoIP,VoIPBuster
VPN_VoIP_VoIPBuster_none_1.pcap.UDP_10-8-8-222_61765_224-0-0-252_5355_stream_0.pcap,udp_0,udp,0,VoIPBuster,VPN,VoIP,VoIPBuster
VPN_VoIP_VoIPBuster_none_1.pcap.UDP_10-8-8-222_62291_224-0-0-252_5355_stream_0.pcap,udp_0,udp,0,VoIPBuster,VPN,VoIP,VoIPBuster
VPN_VoIP_VoIPBuster_none_1.pcap.UDP_10-8-8-222_62298_224-0-0-252_5355_stream_0.pcap,udp_0,udp,0,VoIPBuster,VPN,VoIP,VoIPBuster
VPN_VoIP_VoIPBuster_none_2.pcap.UDP_fe80--8c14-5120-4519-bd3f_49381_ff02--1-3_5355_stream_0.pcap,udp_0,udp,0,VoIPBuster,VPN,VoIP,VoIPBuster
VPN_VoIP_VoIPBuster_none_2.pcap.UDP_fe80--8c14-5120-4519-bd3f_52191_ff02--1-3_5355_stream_0.pcap,udp_0,udp,0,VoIPBuster,VPN,VoIP,VoIPBuster
VPN_VoIP_VoIPBuster_none_1.pcap.UDP_10-8-8-222_64660_224-0-0-252_5355_stream_0.pcap,udp_0,udp,0,VoIPBuster,VPN,VoIP,VoIPBuster
nonVPN_VoIP_VoIPBuster_none_1.pcap.UDP_70-81-87-136_56133_131-202-240-87_61009_stream_0.pcap,udp_0,udp,0,VoIPBuster,nonVPN,VoIP,VoIPBuster
nonVPN_VoIP_VoIPBuster_none_2.pcap.UDP_131-202-240-87_49377_131-202-240-183_63663_stream_0.pcap,udp_0,udp,0,VoIPBuster,nonVPN,VoIP,VoIPBuster
VPN_VoIP_VoIPBuster_none_1.pcap.UDP_fe80--b91c-3e86-e6e4-d43d_49175_ff02--1-3_5355_stream_0.pcap,udp_0,udp,0,VoIPBuster,VPN,VoIP,VoIPBuster
VPN_VoIP_VoIPBuster_none_1.pcap.UDP_fe80--b91c-3e86-e6e4-d43d_49278_ff02--1-3_5355_stream_0.pcap,udp_0,udp,0,VoIPBuster,VPN,VoIP,VoIPBuster
VPN_VoIP_VoIPBuster_none_1.pcap.UDP_fe80--b91c-3e86-e6e4-d43d_50500_ff02--1-3_5355_stream_0.pcap,udp_0,udp,0,VoIPBuster,VPN,VoIP,VoIPBuster
nonVPN_VoIP_VoIPBuster_none_3.pcap.UDP_50-0-16-131_6881_131-202-240-87_61009_stream_0.pcap,udp_0,udp,0,VoIPBuster,nonVPN,VoIP,VoIPBuster
nonVPN_VoIP_VoIPBuster_none_2.pcap.UDP_114-206-56-214_62539_131-202-240-87_61009_stream_0.pcap,udp_0,udp,0,VoIPBuster,nonVPN,VoIP,VoIPBuster
nonVPN_VoIP_VoIPBuster_none_2.pcap.UDP_131-202-240-87_49377_131-202-240-183_56560_stream_0.pcap,udp_0,udp,0,VoIPBuster,nonVPN,VoIP,VoIPBuster
nonVPN_VoIP_VoIPBuster_none_2.pcap.UDP_115-217-139-80_11069_131-202-240-87_61009_stream_0.pcap,udp_0,udp,0,VoIPBuster,nonVPN,VoIP,VoIPBuster
nonVPN_VoIP_VoIPBuster_none_1.pcap.UDP_131-202-240-87_55419_224-0-0-252_5355_stream_0.pcap,udp_0,udp,0,VoIPBuster,nonVPN,VoIP,VoIPBuster
VPN_VoIP_VoIPBuster_none_2.pcap.UDP_fe80--8c14-5120-4519-bd3f_58127_ff02--1-3_5355_stream_0.pcap,udp_0,udp,0,VoIPBuster,VPN,VoIP,VoIPBuster
VPN_VoIP_VoIPBuster_none_2.pcap.UDP_fe80--8c14-5120-4519-bd3f_64541_ff02--1-3_5355_stream_0.pcap,udp_0,udp,0,VoIPBuster,VPN,VoIP,VoIPBuster
nonVPN_VoIP_VoIPBuster_none_2.pcap.UDP_77-195-201-126_9810_131-202-240-87_61009_stream_0.pcap,udp_0,udp,0,VoIPBuster,nonVPN,VoIP,VoIPBuster
VPN_VoIP_VoIPBuster_none_1.pcap.UDP_fe80--b91c-3e86-e6e4-d43d_52776_ff02--1-3_5355_stream_0.pcap,udp_0,udp,0,VoIPBuster,VPN,VoIP,VoIPBuster
nonVPN_VoIP_VoIPBuster_none_3.pcap.UDP_93-178-213-94_29453_131-202-240-87_61009_stream_0.pcap,udp_0,udp,0,VoIPBuster,nonVPN,VoIP,VoIPBuster
VPN_VoIP_VoIPBuster_none_1.pcap.UDP_fe80--b91c-3e86-e6e4-d43d_52812_ff02--1-3_5355_stream_0.pcap,udp_0,udp,0,VoIPBuster,VPN,VoIP,VoIPBuster
VPN_VoIP_VoIPBuster_none_2.pcap.UDP_fe80--8c14-5120-4519-bd3f_54011_ff02--1-3_5355_stream_0.pcap,udp_0,udp,0,VoIPBuster,VPN,VoIP,VoIPBuster
nonVPN_VoIP_VoIPBuster_none_3.pcap.TCP_89-248-172-78_57364_131-202-240-87_8080_stream_0.pcap,tcp_0,tcp,0,VoIPBuster,nonVPN,VoIP,VoIPBuster
VPN_VoIP_VoIPBuster_none_2.pcap.UDP_fe80--8c14-5120-4519-bd3f_62046_ff02--1-3_5355_stream_0.pcap,udp_0,udp,0,VoIPBuster,VPN,VoIP,VoIPBuster
nonVPN_VoIP_VoIPBuster_none_1.pcap.UDP_94-225-66-38_6881_131-202-240-87_61009_stream_0.pcap,udp_0,udp,0,VoIPBuster,nonVPN,VoIP,VoIPBuster
nonVPN_VoIP_VoIPBuster_none_1.pcap.UDP_77-93-51-38_40876_131-202-240-87_61009_stream_0.pcap,udp_0,udp,0,VoIPBuster,nonVPN,VoIP,VoIPBuster
VPN_VoIP_VoIPBuster_none_1.pcap.UDP_fe80--b91c-3e86-e6e4-d43d_55895_ff02--1-3_5355_stream_0.pcap,udp_0,udp,0,VoIPBuster,VPN,VoIP,VoIPBuster
nonVPN_VoIP_VoIPBuster_none_2.pcap.UDP_81-190-189-72_48597_131-202-240-87_61009_stream_0.pcap,udp_0,udp,0,VoIPBuster,nonVPN,VoIP,VoIPBuster
VPN_VoIP_VoIPBuster_none_1.pcap.UDP_fe80--b91c-3e86-e6e4-d43d_56726_ff02--1-3_5355_stream_0.pcap,udp_0,udp,0,VoIPBuster,VPN,VoIP,VoIPBuster
nonVPN_VoIP_VoIPBuster_none_3.pcap.UDP_37-204-245-185_27755_131-202-240-87_61009_stream_0.pcap,udp_0,udp,0,VoIPBuster,nonVPN,VoIP,VoIPBuster
nonVPN_VoIP_VoIPBuster_none_1.pcap.UDP_131-202-240-87_17594_131-202-244-3_53_stream_0.pcap,udp_0,udp,0,VoIPBuster,nonVPN,VoIP,VoIPBuster
VPN_VoIP_VoIPBuster_none_1.pcap.UDP_fe80--b91c-3e86-e6e4-d43d_57088_ff02--1-3_5355_stream_0.pcap,udp_0,udp,0,VoIPBuster,VPN,VoIP,VoIPBuster
VPN_VoIP_VoIPBuster_none_2.pcap.UDP_fe80--8c14-5120-4519-bd3f_64569_ff02--1-3_5355_stream_0.pcap,udp_0,udp,0,VoIPBuster,VPN,VoIP,VoIPBuster
VPN_VoIP_VoIPBuster_none_2.pcap.UDP_fe80--8c14-5120-4519-bd3f_49953_ff02--1-3_5355_stream_0.pcap,udp_0,udp,0,VoIPBuster,VPN,VoIP,VoIPBuster
VPN_VoIP_VoIPBuster_none_1.pcap.UDP_fe80--b91c-3e86-e6e4-d43d_57328_ff02--1-3_5355_stream_0.pcap,udp_0,udp,0,VoIPBuster,VPN,VoIP,VoIPBuster
VPN_VoIP_VoIPBuster_none_1.pcap.UDP_fe80--b91c-3e86-e6e4-d43d_58349_ff02--1-3_5355_stream_0.pcap,udp_0,udp,0,VoIPBuster,VPN,VoIP,VoIPBuster
nonVPN_VoIP_VoIPBuster_none_2.pcap.UDP_122-164-73-244_13523_131-202-240-87_61009_stream_0.pcap,udp_0,udp,0,VoIPBuster,nonVPN,VoIP,VoIPBuster
VPN_VoIP_VoIPBuster_none_1.pcap.UDP_fe80--b91c-3e86-e6e4-d43d_58643_ff02--1-3_5355_stream_0.pcap,udp_0,udp,0,VoIPBuster,VPN,VoIP,VoIPBuster
VPN_VoIP_VoIPBuster_none_1.pcap.UDP_fe80--b91c-3e86-e6e4-d43d_58855_ff02--1-3_5355_stream_0.pcap,udp_0,udp,0,VoIPBuster,VPN,VoIP,VoIPBuster
nonVPN_VoIP_VoIPBuster_none_1.pcap.UDP_131-202-240-87_61009_189-228-61-3_6881_stream_0.pcap,udp_0,udp,0,VoIPBuster,nonVPN,VoIP,VoIPBuster
VPN_VoIP_VoIPBuster_none_1.pcap.UDP_fe80--b91c-3e86-e6e4-d43d_59545_ff02--1-3_5355_stream_0.pcap,udp_0,udp,0,VoIPBuster,VPN,VoIP,VoIPBuster
VPN_VoIP_VoIPBuster_none_1.pcap.UDP_fe80--b91c-3e86-e6e4-d43d_60288_ff02--1-3_5355_stream_0.pcap,udp_0,udp,0,VoIPBuster,VPN,VoIP,VoIPBuster
nonVPN_VoIP_VoIPBuster_none_2.pcap.UDP_131-202-240-87_49377_131-202-240-183_63683_stream_0.pcap,udp_0,udp,0,VoIPBuster,nonVPN,VoIP,VoIPBuster
nonVPN_VoIP_VoIPBuster_none_2.pcap.UDP_131-202-240-87_49377_131-202-240-235_58538_stream_0.pcap,udp_0,udp,0,VoIPBuster,nonVPN,VoIP,VoIPBuster
VPN_VoIP_VoIPBuster_none_1.pcap.UDP_fe80--b91c-3e86-e6e4-d43d_61186_ff02--1-3_5355_stream_0.pcap,udp_0,udp,0,VoIPBuster,VPN,VoIP,VoIPBuster
VPN_VoIP_VoIPBuster_none_1.pcap.UDP_fe80--b91c-3e86-e6e4-d43d_61733_ff02--1-3_5355_stream_0.pcap,udp_0,udp,0,VoIPBuster,VPN,VoIP,VoIPBuster
VPN_VoIP_VoIPBuster_none_1.pcap.UDP_fe80--b91c-3e86-e6e4-d43d_63128_ff02--1-3_5355_stream_0.pcap,udp_0,udp,0,VoIPBuster,VPN,VoIP,VoIPBuster
nonVPN_VoIP_VoIPBuster_none_3.pcap.UDP_131-202-240-87_61009_189-155-100-30_49329_stream_0.pcap,udp_0,udp,0,VoIPBuster,nonVPN,VoIP,VoIPBuster
VPN_VoIP_VoIPBuster_none_1.pcap.UDP_fe80--b91c-3e86-e6e4-d43d_64721_ff02--1-3_5355_stream_0.pcap,udp_0,udp,0,VoIPBuster,VPN,VoIP,VoIPBuster
VPN_VoIP_VoIPBuster_none_2.pcap.UDP_fe80--8c14-5120-4519-bd3f_62127_ff02--1-3_5355_stream_0.pcap,udp_0,udp,0,VoIPBuster,VPN,VoIP,VoIPBuster
VPN_VoIP_VoIPBuster_none_2.pcap.TCP_10-8-8-246_29949_131-202-6-26_13000_stream_0.pcap,tcp_0,tcp,0,VoIPBuster,VPN,VoIP,VoIPBuster
nonVPN_VoIP_VoIPBuster_none_5.pcap.TCP_131-202-6-26_13000_131-202-240-242_31667_stream_0.pcap,tcp_0,tcp,0,VoIPBuster,nonVPN,VoIP,VoIPBuster
VPN_VoIP_VoIPBuster_none_2.pcap.UDP_fe80--8c14-5120-4519-bd3f_546_ff02--1-2_547_stream_0.pcap,udp_0,udp,0,VoIPBuster,VPN,VoIP,VoIPBuster
nonVPN_VoIP_VoIPBuster_none_3.pcap.UDP_85-168-173-209_18580_131-202-240-87_61009_stream_0.pcap,udp_0,udp,0,VoIPBuster,nonVPN,VoIP,VoIPBuster
VPN_VoIP_VoIPBuster_none_2.pcap.UDP_fe80--8c14-5120-4519-bd3f_59581_ff02--1-3_5355_stream_0.pcap,udp_0,udp,0,VoIPBuster,VPN,VoIP,VoIPBuster
nonVPN_VoIP_VoIPBuster_none_2.pcap.UDP_87-205-34-201_18858_131-202-240-87_61009_stream_0.pcap,udp_0,udp,0,VoIPBuster,nonVPN,VoIP,VoIPBuster
VPN_VoIP_VoIPBuster_none_2.pcap.UDP_10-8-8-246_50125_224-0-0-252_5355_stream_0.pcap,udp_0,udp,0,VoIPBuster,VPN,VoIP,VoIPBuster
nonVPN_VoIP_VoIPBuster_none_2.pcap.UDP_41-237-241-197_21940_131-202-240-87_61009_stream_0.pcap,udp_0,udp,0,VoIPBuster,nonVPN,VoIP,VoIPBuster
nonVPN_VoIP_VoIPBuster_none_2.pcap.TCP_131-202-240-87_17093_207-241-226-111_6969_stream_0.pcap,tcp_0,tcp,0,VoIPBuster,nonVPN,VoIP,VoIPBuster
VPN_VoIP_VoIPBuster_none_2.pcap.UDP_10-8-8-246_51218_224-0-0-252_5355_stream_0.pcap,udp_0,udp,0,VoIPBuster,VPN,VoIP,VoIPBuster
VPN_VoIP_VoIPBuster_none_2.pcap.UDP_fe80--8c14-5120-4519-bd3f_60533_ff02--1-3_5355_stream_0.pcap,udp_0,udp,0,VoIPBuster,VPN,VoIP,VoIPBuster
VPN_VoIP_VoIPBuster_none_2.pcap.UDP_10-8-8-246_51778_224-0-0-252_5355_stream_0.pcap,udp_0,udp,0,VoIPBuster,VPN,VoIP,VoIPBuster
VPN_VoIP_VoIPBuster_none_2.pcap.UDP_fe80--8c14-5120-4519-bd3f_59095_ff02--1-3_5355_stream_0.pcap,udp_0,udp,0,VoIPBuster,VPN,VoIP,VoIPBuster
VPN_VoIP_VoIPBuster_none_2.pcap.UDP_fe80--8c14-5120-4519-bd3f_60138_ff02--1-3_5355_stream_0.pcap,udp_0,udp,0,VoIPBuster,VPN,VoIP,VoIPBuster
VPN_VoIP_VoIPBuster_none_2.pcap.UDP_10-8-8-246_52776_198-7-63-141_53_stream_0.pcap,udp_0,udp,0,VoIPBuster,VPN,VoIP,VoIPBuster
VPN_VoIP_VoIPBuster_none_2.pcap.UDP_10-8-8-246_63340_224-0-0-252_5355_stream_0.pcap,udp_0,udp,0,VoIPBuster,VPN,VoIP,VoIPBuster
nonVPN_VoIP_VoIPBuster_none_4.pcap.UDP_131-202-240-87_62454_224-0-0-252_5355_stream_0.pcap,udp_0,udp,0,VoIPBuster,nonVPN,VoIP,VoIPBuster
nonVPN_VoIP_VoIPBuster_none_1.pcap.UDP_131-202-240-87_61009_220-132-254-106_8941_stream_0.pcap,udp_0,udp,0,VoIPBuster,nonVPN,VoIP,VoIPBuster
VPN_VoIP_VoIPBuster_none_2.pcap.UDP_10-8-8-246_53824_198-7-63-141_53_stream_0.pcap,udp_0,udp,0,VoIPBuster,VPN,VoIP,VoIPBuster
VPN_VoIP_VoIPBuster_none_2.pcap.UDP_10-8-8-246_53897_224-0-0-252_5355_stream_0.pcap,udp_0,udp,0,VoIPBuster,VPN,VoIP,VoIPBuster
nonVPN_VoIP_VoIPBuster_none_1.pcap.UDP_131-202-240-87_61009_218-41-100-63_40228_stream_0.pcap,udp_0,udp,0,VoIPBuster,nonVPN,VoIP,VoIPBuster
nonVPN_VoIP_VoIPBuster_none_1.pcap.UDP_131-202-240-87_61009_178-95-116-241_16359_stream_0.pcap,udp_0,udp,0,VoIPBuster,nonVPN,VoIP,VoIPBuster
VPN_VoIP_VoIPBuster_none_2.pcap.UDP_10-8-8-246_60211_224-0-0-252_5355_stream_0.pcap,udp_0,udp,0,VoIPBuster,VPN,VoIP,VoIPBuster
VPN_VoIP_VoIPBuster_none_2.pcap.UDP_10-8-8-246_54348_198-7-63-141_53_stream_0.pcap,udp_0,udp,0,VoIPBuster,VPN,VoIP,VoIPBuster
nonVPN_VoIP_VoIPBuster_none_2.pcap.UDP_131-202-240-87_64523_224-0-0-252_5355_stream_0.pcap,udp_0,udp,0,VoIPBuster,nonVPN,VoIP,VoIPBuster
nonVPN_VoIP_VoIPBuster_none_2.pcap.UDP_37-144-158-242_49001_131-202-240-87_61009_stream_0.pcap,udp_0,udp,0,VoIPBuster,nonVPN,VoIP,VoIPBuster
VPN_VoIP_VoIPBuster_none_2.pcap.UDP_10-8-8-246_56207_224-0-0-252_5355_stream_0.pcap,udp_0,udp,0,VoIPBuster,VPN,VoIP,VoIPBuster
nonVPN_VoIP_VoIPBuster_none_1.pcap.UDP_117-140-126-187_27733_131-202-240-87_61009_stream_0.pcap,udp_0,udp,0,VoIPBuster,nonVPN,VoIP,VoIPBuster
nonVPN_VoIP_VoIPBuster_none_1.pcap.UDP_74-243-251-252_58636_131-202-240-87_61009_stream_0.pcap,udp_0,udp,0,VoIPBuster,nonVPN,VoIP,VoIPBuster
nonVPN_VoIP_VoIPBuster_none_2.pcap.UDP_81-156-254-20_16001_131-202-240-87_61009_stream_0.pcap,udp_0,udp,0,VoIPBuster,nonVPN,VoIP,VoIPBuster
nonVPN_VoIP_VoIPBuster_none_1.pcap.UDP_118-8-179-94_43125_131-202-240-87_61009_stream_0.pcap,udp_0,udp,0,VoIPBuster,nonVPN,VoIP,VoIPBuster
VPN_VoIP_VoIPBuster_none_2.pcap.UDP_10-8-8-246_57357_224-0-0-252_5355_stream_0.pcap,udp_0,udp,0,VoIPBuster,VPN,VoIP,VoIPBuster
nonVPN_VoIP_VoIPBuster_none_2.pcap.UDP_131-202-240-87_61009_193-194-108-5_51501_stream_0.pcap,udp_0,udp,0,VoIPBuster,nonVPN,VoIP,VoIPBuster
VPN_VoIP_VoIPBuster_none_2.pcap.UDP_10-8-8-246_64044_198-7-63-141_53_stream_0.pcap,udp_0,udp,0,VoIPBuster,VPN,VoIP,VoIPBuster
nonVPN_VoIP_VoIPBuster_none_1.pcap.UDP_80-239-235-228_80_131-202-240-87_17599_stream_0.pcap,udp_0,udp,0,VoIPBuster,nonVPN,VoIP,VoIPBuster
VPN_VoIP_VoIPBuster_none_2.pcap.UDP_10-8-8-246_57971_198-7-63-141_53_stream_0.pcap,udp_0,udp,0,VoIPBuster,VPN,VoIP,VoIPBuster
VPN_VoIP_VoIPBuster_none_2.pcap.UDP_10-8-8-246_57991_224-0-0-252_5355_stream_0.pcap,udp_0,udp,0,VoIPBuster,VPN,VoIP,VoIPBuster
VPN_VoIP_VoIPBuster_none_2.pcap.UDP_fe80--8c14-5120-4519-bd3f_53046_ff02--1-3_5355_stream_0.pcap,udp_0,udp,0,VoIPBuster,VPN,VoIP,VoIPBuster
VPN_VoIP_VoIPBuster_none_2.pcap.UDP_fe80--8c14-5120-4519-bd3f_57032_ff02--1-3_5355_stream_0.pcap,udp_0,udp,0,VoIPBuster,VPN,VoIP,VoIPBuster
VPN_VoIP_VoIPBuster_none_2.pcap.UDP_10-8-8-246_61659_224-0-0-252_5355_stream_0.pcap,udp_0,udp,0,VoIPBuster,VPN,VoIP,VoIPBuster
VPN_VoIP_VoIPBuster_none_2.pcap.UDP_fe80--8c14-5120-4519-bd3f_51015_ff02--1-3_5355_stream_0.pcap,udp_0,udp,0,VoIPBuster,VPN,VoIP,VoIPBuster
VPN_VoIP_VoIPBuster_none_2.pcap.UDP_10-8-8-246_59095_224-0-0-252_5355_stream_0.pcap,udp_0,udp,0,VoIPBuster,VPN,VoIP,VoIPBuster
VPN_VoIP_VoIPBuster_none_2.pcap.UDP_10-8-8-246_65359_224-0-0-252_5355_stream_0.pcap,udp_0,udp,0,VoIPBuster,VPN,VoIP,VoIPBuster
nonVPN_VoIP_VoIPBuster_none_1.pcap.UDP_37-145-156-54_22383_131-202-240-87_61009_stream_0.pcap,udp_0,udp,0,VoIPBuster,nonVPN,VoIP,VoIPBuster
nonVPN_VoIP_VoIPBuster_none_2.pcap.UDP_5-158-233-139_28709_131-202-240-87_61009_stream_0.pcap,udp_0,udp,0,VoIPBuster,nonVPN,VoIP,VoIPBuster
nonVPN_FileTransfer_SCP_none_1.pcap.UDP_131-202-240-185_49255_224-0-0-252_5355_stream_0.pcap,udp_0,udp,0,SCP,nonVPN,FileTransfer,SCP
nonVPN_FileTransfer_SCP_none_1.pcap.TCP_107-21-249-145_80_131-202-240-101_48309_stream_0.pcap,tcp_0,tcp,0,SCP,nonVPN,FileTransfer,SCP
nonVPN_FileTransfer_SCP_none_1.pcap.UDP_131-202-240-185_53227_224-0-0-252_5355_stream_0.pcap,udp_0,udp,0,SCP,nonVPN,FileTransfer,SCP
nonVPN_FileTransfer_SCP_none_1.pcap.UDP_131-202-240-117_63243_255-255-255-255_10505_stream_0.pcap,udp_0,udp,0,SCP,nonVPN,FileTransfer,SCP
nonVPN_FileTransfer_SCP_none_1.pcap.TCP_74-217-63-46_80_131-202-240-101_58513_stream_0.pcap,tcp_0,tcp,0,SCP,nonVPN,FileTransfer,SCP
nonVPN_FileTransfer_SCP_none_1.pcap.TCP_74-217-253-60_80_131-202-240-101_37508_stream_0.pcap,tcp_0,tcp,0,SCP,nonVPN,FileTransfer,SCP
nonVPN_FileTransfer_SCP_none_1.pcap.TCP_74-217-253-60_80_131-202-240-101_37544_stream_0.pcap,tcp_0,tcp,0,SCP,nonVPN,FileTransfer,SCP
nonVPN_FileTransfer_SCP_none_1.pcap.UDP_131-202-240-117_49781_255-255-255-255_10505_stream_0.pcap,udp_0,udp,0,SCP,nonVPN,FileTransfer,SCP
nonVPN_FileTransfer_SCP_none_1.pcap.TCP_131-202-240-101_41933_162-208-20-162_80_stream_0.pcap,tcp_0,tcp,0,SCP,nonVPN,FileTransfer,SCP
nonVPN_FileTransfer_SCP_none_1.pcap.UDP_131-202-240-90_56481_224-0-0-252_5355_stream_0.pcap,udp_0,udp,0,SCP,nonVPN,FileTransfer,SCP
nonVPN_FileTransfer_SCP_none_1.pcap.UDP_131-202-240-90_55394_224-0-0-252_5355_stream_0.pcap,udp_0,udp,0,SCP,nonVPN,FileTransfer,SCP
nonVPN_FileTransfer_SCP_none_1.pcap.UDP_131-202-240-101_47374_131-202-244-5_53_stream_0.pcap,udp_0,udp,0,SCP,nonVPN,FileTransfer,SCP
nonVPN_FileTransfer_SCP_none_1.pcap.UDP_131-202-240-185_59065_224-0-0-252_5355_stream_0.pcap,udp_0,udp,0,SCP,nonVPN,FileTransfer,SCP
nonVPN_FileTransfer_SCP_none_1.pcap.TCP_131-202-240-101_55128_205-185-216-10_80_stream_0.pcap,tcp_0,tcp,0,SCP,nonVPN,FileTransfer,SCP
nonVPN_FileTransfer_SCP_none_1.pcap.TCP_131-202-240-101_55601_205-185-216-10_80_stream_0.pcap,tcp_0,tcp,0,SCP,nonVPN,FileTransfer,SCP
nonVPN_FileTransfer_SCP_none_1.pcap.UDP_131-202-240-90_56285_224-0-0-252_5355_stream_0.pcap,udp_0,udp,0,SCP,nonVPN,FileTransfer,SCP
nonVPN_FileTransfer_SCP_none_1.pcap.UDP_131-202-240-117_51294_255-255-255-255_10505_stream_0.pcap,udp_0,udp,0,SCP,nonVPN,FileTransfer,SCP
nonVPN_FileTransfer_SCP_none_1.pcap.TCP_131-202-240-101_57116_209-148-205-41_80_stream_0.pcap,tcp_0,tcp,0,SCP,nonVPN,FileTransfer,SCP
nonVPN_FileTransfer_SCP_none_1.pcap.UDP_131-202-240-90_55356_224-0-0-252_5355_stream_0.pcap,udp_0,udp,0,SCP,nonVPN,FileTransfer,SCP
nonVPN_FileTransfer_SCP_none_1.pcap.UDP_131-202-240-90_61642_224-0-0-252_5355_stream_0.pcap,udp_0,udp,0,SCP,nonVPN,FileTransfer,SCP
nonVPN_FileTransfer_SCP_none_1.pcap.UDP_131-202-240-90_60287_224-0-0-252_5355_stream_0.pcap,udp_0,udp,0,SCP,nonVPN,FileTransfer,SCP
nonVPN_FileTransfer_SCP_none_1.pcap.UDP_131-202-240-90_56068_224-0-0-252_5355_stream_0.pcap,udp_0,udp,0,SCP,nonVPN,FileTransfer,SCP
nonVPN_FileTransfer_SCP_none_1.pcap.UDP_131-202-240-117_51220_255-255-255-255_10505_stream_0.pcap,udp_0,udp,0,SCP,nonVPN,FileTransfer,SCP
nonVPN_FileTransfer_SCP_none_1.pcap.UDP_131-202-240-57_54562_224-0-0-252_5355_stream_0.pcap,udp_0,udp,0,SCP,nonVPN,FileTransfer,SCP
nonVPN_FileTransfer_SCP_none_1.pcap.UDP_131-202-240-117_56627_255-255-255-255_10505_stream_0.pcap,udp_0,udp,0,SCP,nonVPN,FileTransfer,SCP
nonVPN_FileTransfer_SCP_none_1.pcap.UDP_131-202-240-90_54615_224-0-0-252_5355_stream_0.pcap,udp_0,udp,0,SCP,nonVPN,FileTransfer,SCP
nonVPN_FileTransfer_SCP_none_1.pcap.TCP_54-230-52-30_80_131-202-240-101_36931_stream_0.pcap,tcp_0,tcp,0,SCP,nonVPN,FileTransfer,SCP
nonVPN_FileTransfer_SCP_none_1.pcap.UDP_131-202-240-90_60892_224-0-0-252_5355_stream_0.pcap,udp_0,udp,0,SCP,nonVPN,FileTransfer,SCP
nonVPN_FileTransfer_SCP_none_1.pcap.UDP_131-202-240-185_64223_224-0-0-252_5355_stream_0.pcap,udp_0,udp,0,SCP,nonVPN,FileTransfer,SCP
nonVPN_FileTransfer_SCP_none_1.pcap.UDP_131-202-240-185_57672_224-0-0-252_5355_stream_0.pcap,udp_0,udp,0,SCP,nonVPN,FileTransfer,SCP
nonVPN_FileTransfer_SCP_none_1.pcap.TCP_131-202-240-101_42547_131-202-240-113_22_stream_0.pcap,tcp_0,tcp,0,SCP,nonVPN,FileTransfer,SCP
nonVPN_FileTransfer_SCP_none_1.pcap.UDP_131-202-240-90_60505_224-0-0-252_5355_stream_0.pcap,udp_0,udp,0,SCP,nonVPN,FileTransfer,SCP
nonVPN_FileTransfer_SCP_none_1.pcap.UDP_131-202-240-57_55996_224-0-0-252_5355_stream_0.pcap,udp_0,udp,0,SCP,nonVPN,FileTransfer,SCP
nonVPN_FileTransfer_SCP_none_1.pcap.TCP_69-172-216-111_80_131-202-240-101_57817_stream_0.pcap,tcp_0,tcp,0,SCP,nonVPN,FileTransfer,SCP
nonVPN_FileTransfer_SCP_none_1.pcap.UDP_131-202-240-90_56609_224-0-0-252_5355_stream_0.pcap,udp_0,udp,0,SCP,nonVPN,FileTransfer,SCP
nonVPN_FileTransfer_SCP_none_1.pcap.UDP_131-202-240-117_49589_255-255-255-255_10505_stream_0.pcap,udp_0,udp,0,SCP,nonVPN,FileTransfer,SCP
