filename,session_id,proto,stream,group_key,task1,task2,task3
VPN_Chat_AIM_none_1.pcap.UDP_10-8-8-178_15685_157-56-52-14_40029_stream_0.pcap,udp_0,udp,0,AIM,VPN,Chat,AIM
VPN_Chat_AIM_none_1.pcap.UDP_10-8-8-178_15685_111-221-74-41_40029_stream_0.pcap,udp_0,udp,0,AIM,VPN,Chat,AIM
VPN_Chat_AIM_none_1.pcap.UDP_10-8-8-178_15685_157-55-235-142_40029_stream_0.pcap,udp_0,udp,0,AIM,VPN,Chat,AIM
VPN_Chat_AIM_none_1.pcap.UDP_10-8-8-178_15685_157-55-56-159_40005_stream_0.pcap,udp_0,udp,0,AIM,VPN,Chat,AIM
VPN_Chat_AIM_none_1.pcap.UDP_10-8-8-178_15685_157-55-130-172_40027_stream_0.pcap,udp_0,udp,0,AIM,VPN,Chat,AIM
VPN_Chat_AIM_none_1.pcap.UDP_10-8-8-178_15685_157-55-56-153_40033_stream_0.pcap,udp_0,udp,0,AIM,VPN,Chat,AIM
VPN_Chat_AIM_none_1.pcap.TCP_10-8-8-178_40023_137-117-177-33_443_stream_0.pcap,tcp_0,tcp,0,AIM,VPN,Chat,AIM
VPN_Chat_AIM_none_1.pcap.UDP_10-8-8-178_15685_64-4-23-159_40005_stream_0.pcap,udp_0,udp,0,AIM,VPN,Chat,AIM
VPN_Chat_AIM_none_1.pcap.UDP_10-8-8-178_15685_64-4-23-162_40019_stream_0.pcap,udp_0,udp,0,AIM,VPN,Chat,AIM
VPN_Chat_AIM_none_2.pcap.TCP_10-8-8-130_43819_137-116-224-167_443_stream_0.pcap,tcp_0,tcp,0,AIM,VPN,Chat,AIM
nonVPN_Chat_AIM_none_1.pcap.UDP_77-72-169-135_11113_131-202-240-87_43302_stream_0.pcap,udp_0,udp,0,AIM,nonVPN,Chat,AIM
nonVPN_Chat_AIM_none_2.pcap.TCP_131-202-6-26_13111_131-202-240-87_62089_stream_0.pcap,tcp_0,tcp,0,AIM,nonVPN,Chat,AIM
nonVPN_Chat_AIM_none_2.pcap.TCP_131-202-6-26_13000_131-202-240-87_62090_stream_0.pcap,tcp_0,tcp,0,AIM,nonVPN,Chat,AIM
nonVPN_Chat_AIM_none_2.pcap.UDP_77-72-169-135_11113_131-202-240-87_43302_stream_0.pcap,udp_0,udp,0,AIM,nonVPN,Chat,AIM
nonVPN_Chat_AIM_none_3.pcap.TCP_131-202-6-26_13000_131-202-240-87_64717_stream_0.pcap,tcp_0,tcp,0,AIM,nonVPN,Chat,AIM
nonVPN_Chat_AIM_none_3.pcap.TCP_131-202-6-26_13000_131-202-240-87_64720_stream_0.pcap,tcp_0,tcp,0,AIM,nonVPN,Chat,AIM
nonVPN_Chat_AIM_none_3.pcap.TCP_131-202-6-26_13000_131-202-240-87_64722_stream_0.pcap,tcp_0,tcp,0,AIM,nonVPN,Chat,AIM
nonVPN_Chat_AIM_none_3.pcap.TCP_131-202-6-26_13000_131-202-240-87_64719_stream_0.pcap,tcp_0,tcp,0,AIM,nonVPN,Chat,AIM
nonVPN_Chat_AIM_none_3.pcap.TCP_131-202-6-26_13111_131-202-240-87_64716_stream_0.pcap,tcp_0,tcp,0,AIM,nonVPN,Chat,AIM
nonVPN_Chat_AIM_none_3.pcap.UDP_77-72-169-130_11113_131-202-240-87_17208_stream_0.pcap,udp_0,udp,0,AIM,nonVPN,Chat,AIM
nonVPN_Chat_AIM_none_4.pcap.TCP_131-202-6-26_13000_131-202-240-242_32448_stream_0.pcap,tcp_0,tcp,0,AIM,nonVPN,Chat,AIM
nonVPN_Chat_AIM_none_4.pcap.TCP_131-202-6-26_13000_131-202-240-242_32445_stream_0.pcap,tcp_0,tcp,0,AIM,nonVPN,Chat,AIM
nonVPN_Chat_AIM_none_4.pcap.TCP_131-202-6-26_13000_131-202-240-242_32452_stream_0.pcap,tcp_0,tcp,0,AIM,nonVPN,Chat,AIM
VPN_Chat_Facebook_none_1.pcap.TCP_10-8-8-178_38613_93-184-220-29_80_stream_0.pcap,tcp_0,tcp,0,Facebook,VPN,Chat,Facebook
VPN_Chat_Facebook_none_1.pcap.TCP_10-8-8-178_38612_93-184-220-29_80_stream_0.pcap,tcp_0,tcp,0,Facebook,VPN,Chat,Facebook
VPN_Chat_Facebook_none_1.pcap.TCP_10-8-8-178_38382_88-221-14-104_443_stream_0.pcap,tcp_0,tcp,0,Facebook,VPN,Chat,Facebook
VPN_Chat_Facebook_none_1.pcap.TCP_10-8-8-178_38614_93-184-220-29_80_stream_0.pcap,tcp_0,tcp,0,Facebook,VPN,Chat,Facebook
VPN_Chat_Facebook_none_1.pcap.TCP_10-8-8-178_38630_93-184-220-29_80_stream_0.pcap,tcp_0,tcp,0,Facebook,VPN,Chat,Facebook
VPN_Chat_Facebook_none_1.pcap.TCP_10-8-8-178_38629_93-184-220-29_80_stream_0.pcap,tcp_0,tcp,0,Facebook,VPN,Chat,Facebook
VPN_Chat_Facebook_none_1.pcap.TCP_10-8-8-178_39337_23-67-255-209_443_stream_0.pcap,tcp_0,tcp,0,Facebook,VPN,Chat,Facebook
VPN_Chat_Facebook_none_1.pcap.TCP_10-8-8-178_41066_68-232-34-191_443_stream_0.pcap,tcp_0,tcp,0,Facebook,VPN,Chat,Facebook
VPN_Chat_Facebook_none_1.pcap.TCP_10-8-8-178_43065_23-63-99-210_443_stream_0.pcap,tcp_0,tcp,0,Facebook,VPN,Chat,Facebook
VPN_Chat_Facebook_none_1.pcap.TCP_10-8-8-178_43060_23-63-99-210_443_stream_0.pcap,tcp_0,tcp,0,Facebook,VPN,Chat,Facebook
VPN_Chat_Facebook_none_1.pcap.TCP_10-8-8-178_43068_23-63-99-210_443_stream_0.pcap,tcp_0,tcp,0,Facebook,VPN,Chat,Facebook
VPN_Chat_Facebook_none_1.pcap.TCP_10-8-8-178_43066_23-63-99-210_443_stream_0.pcap,tcp_0,tcp,0,Facebook,VPN,Chat,Facebook
VPN_Chat_Facebook_none_1.pcap.TCP_10-8-8-178_43063_23-63-99-210_443_stream_0.pcap,tcp_0,tcp,0,Facebook,VPN,Chat,Facebook
VPN_Chat_Facebook_none_1.pcap.TCP_10-8-8-178_46878_23-192-162-186_443_stream_0.pcap,tcp_0,tcp,0,Facebook,VPN,Chat,Facebook
VPN_Chat_Facebook_none_1.pcap.TCP_10-8-8-178_46882_23-192-162-186_443_stream_0.pcap,tcp_0,tcp,0,Facebook,VPN,Chat,Facebook
VPN_Chat_Facebook_none_1.pcap.TCP_10-8-8-178_46890_23-192-162-186_443_stream_0.pcap,tcp_0,tcp,0,Facebook,VPN,Chat,Facebook
VPN_Chat_Facebook_none_1.pcap.TCP_10-8-8-178_49841_63-245-216-134_443_stream_0.pcap,tcp_0,tcp,0,Facebook,VPN,Chat,Facebook
VPN_Chat_Facebook_none_1.pcap.TCP_10-8-8-178_49842_63-245-216-134_443_stream_0.pcap,tcp_0,tcp,0,Facebook,VPN,Chat,Facebook
VPN_Chat_Facebook_none_1.pcap.TCP_10-8-8-178_54876_63-245-217-160_443_stream_0.pcap,tcp_0,tcp,0,Facebook,VPN,Chat,Facebook
VPN_Chat_Facebook_none_1.pcap.TCP_10-8-8-178_54875_63-245-217-160_443_stream_0.pcap,tcp_0,tcp,0,Facebook,VPN,Chat,Facebook
VPN_Chat_Facebook_none_1.pcap.TCP_10-8-8-178_54877_63-245-217-160_443_stream_0.pcap,tcp_0,tcp,0,Facebook,VPN,Chat,Facebook
VPN_Chat_Facebook_none_1.pcap.TCP_10-8-8-178_54880_63-245-217-160_443_stream_0.pcap,tcp_0,tcp,0,Facebook,VPN,Chat,Facebook
VPN_Chat_Facebook_none_1.pcap.TCP_10-8-8-178_54879_63-245-217-160_443_stream_0.pcap,tcp_0,tcp,0,Facebook,VPN,Chat,Facebook
VPN_Chat_Facebook_none_1.pcap.TCP_10-8-8-178_54878_63-245-217-160_443_stream_0.pcap,tcp_0,tcp,0,Facebook,VPN,Chat,Facebook
VPN_Chat_Facebook_none_1.pcap.TCP_10-8-8-178_54881_63-245-217-160_443_stream_0.pcap,tcp_0,tcp,0,Facebook,VPN,Chat,Facebook
VPN_Chat_Facebook_none_1.pcap.TCP_10-8-8-178_54882_63-245-217-160_443_stream_0.pcap,tcp_0,tcp,0,Facebook,VPN,Chat,Facebook
VPN_Chat_Facebook_none_1.pcap.TCP_10-8-8-178_54883_63-245-217-160_443_stream_0.pcap,tcp_0,tcp,0,Facebook,VPN,Chat,Facebook
VPN_Chat_Facebook_none_1.pcap.UDP_10-8-8-178_15685_111-221-74-25_40002_stream_0.pcap,udp_0,udp,0,Facebook,VPN,Chat,Facebook
VPN_Chat_Facebook_none_1.pcap.UDP_10-8-8-178_15685_111-221-74-41_40029_stream_0.pcap,udp_0,udp,0,Facebook,VPN,Chat,Facebook
VPN_Chat_Facebook_none_1.pcap.UDP_10-8-8-178_15685_157-55-130-172_40027_stream_0.pcap,udp_0,udp,0,Facebook,VPN,Chat,Facebook
VPN_Chat_Facebook_none_1.pcap.UDP_10-8-8-178_15685_157-56-52-14_40029_stream_0.pcap,udp_0,udp,0,Facebook,VPN,Chat,Facebook
VPN_Chat_Facebook_none_1.pcap.UDP_10-8-8-178_15685_64-4-23-153_40033_stream_0.pcap,udp_0,udp,0,Facebook,VPN,Chat,Facebook
VPN_Chat_Facebook_none_1.pcap.UDP_10-8-8-178_15685_111-221-74-14_40029_stream_0.pcap,udp_0,udp,0,Facebook,VPN,Chat,Facebook
VPN_Chat_Facebook_none_1.pcap.UDP_10-8-8-178_15685_64-4-23-162_40019_stream_0.pcap,udp_0,udp,0,Facebook,VPN,Chat,Facebook
VPN_Chat_Facebook_none_2.pcap.TCP_10-8-8-130_59901_23-63-99-232_443_stream_0.pcap,tcp_0,tcp,0,Facebook,VPN,Chat,Facebook
VPN_VoIP_Facebook_audio_1.pcap.TCP_10-8-0-10_33827_173-194-123-5_443_stream_0.pcap,tcp_0,tcp,0,Facebook,VPN,VoIP,Facebook
VPN_VoIP_Facebook_audio_1.pcap.TCP_10-8-0-10_34676_173-252-79-90_3478_stream_0.pcap,tcp_0,tcp,0,Facebook,VPN,VoIP,Facebook
VPN_VoIP_Facebook_audio_1.pcap.TCP_10-8-0-10_34823_74-125-226-5_80_stream_0.pcap,tcp_0,tcp,0,Facebook,VPN,VoIP,Facebook
VPN_VoIP_Facebook_audio_1.pcap.TCP_10-8-0-10_35694_173-252-79-90_3478_stream_0.pcap,tcp_0,tcp,0,Facebook,VPN,VoIP,Facebook
VPN_VoIP_Facebook_audio_1.pcap.TCP_10-8-0-10_35769_173-252-110-27_443_stream_0.pcap,tcp_0,tcp,0,Facebook,VPN,VoIP,Facebook
VPN_VoIP_Facebook_audio_1.pcap.TCP_10-8-0-10_35773_173-252-110-27_443_stream_0.pcap,tcp_0,tcp,0,Facebook,VPN,VoIP,Facebook
VPN_VoIP_Facebook_audio_1.pcap.TCP_10-8-0-10_35770_173-252-110-27_443_stream_0.pcap,tcp_0,tcp,0,Facebook,VPN,VoIP,Facebook
VPN_VoIP_Facebook_audio_1.pcap.TCP_10-8-0-10_37035_173-252-79-94_3478_stream_0.pcap,tcp_0,tcp,0,Facebook,VPN,VoIP,Facebook
VPN_VoIP_Facebook_audio_1.pcap.TCP_10-8-0-10_39587_173-252-79-90_3478_stream_0.pcap,tcp_0,tcp,0,Facebook,VPN,VoIP,Facebook
VPN_VoIP_Facebook_audio_1.pcap.TCP_10-8-0-10_41939_74-125-226-22_80_stream_0.pcap,tcp_0,tcp,0,Facebook,VPN,VoIP,Facebook
VPN_VoIP_Facebook_audio_1.pcap.TCP_10-8-0-10_40944_173-252-79-90_3478_stream_0.pcap,tcp_0,tcp,0,Facebook,VPN,VoIP,Facebook
VPN_VoIP_Facebook_audio_1.pcap.TCP_10-8-0-10_42610_173-194-123-70_80_stream_0.pcap,tcp_0,tcp,0,Facebook,VPN,VoIP,Facebook
VPN_VoIP_Facebook_audio_1.pcap.TCP_10-8-0-10_42683_173-252-79-90_3478_stream_0.pcap,tcp_0,tcp,0,Facebook,VPN,VoIP,Facebook
VPN_VoIP_Facebook_audio_1.pcap.TCP_10-8-0-10_43428_173-252-79-94_3478_stream_0.pcap,tcp_0,tcp,0,Facebook,VPN,VoIP,Facebook
VPN_VoIP_Facebook_audio_1.pcap.TCP_10-8-0-10_45372_91-189-89-22_443_stream_0.pcap,tcp_0,tcp,0,Facebook,VPN,VoIP,Facebook
VPN_VoIP_Facebook_audio_1.pcap.TCP_10-8-0-10_45373_91-189-89-22_443_stream_0.pcap,tcp_0,tcp,0,Facebook,VPN,VoIP,Facebook
VPN_VoIP_Facebook_audio_1.pcap.TCP_10-8-0-10_46984_173-252-79-94_3478_stream_0.pcap,tcp_0,tcp,0,Facebook,VPN,VoIP,Facebook
VPN_VoIP_Facebook_audio_1.pcap.TCP_10-8-0-10_47637_173-252-79-94_3478_stream_0.pcap,tcp_0,tcp,0,Facebook,VPN,VoIP,Facebook
VPN_VoIP_Facebook_audio_1.pcap.TCP_10-8-0-10_48050_173-252-79-90_3478_stream_0.pcap,tcp_0,tcp,0,Facebook,VPN,VoIP,Facebook
VPN_VoIP_Facebook_audio_1.pcap.TCP_10-8-0-10_47136_173-252-79-90_3478_stream_0.pcap,tcp_0,tcp,0,Facebook,VPN,VoIP,Facebook
VPN_VoIP_Facebook_audio_1.pcap.TCP_10-8-0-10_49813_209-148-205-35_443_stream_0.pcap,tcp_0,tcp,0,Facebook,VPN,VoIP,Facebook
VPN_VoIP_Facebook_audio_1.pcap.TCP_10-8-0-10_49814_209-148-205-35_443_stream_0.pcap,tcp_0,tcp,0,Facebook,VPN,VoIP,Facebook
VPN_VoIP_Facebook_audio_1.pcap.TCP_10-8-0-10_50040_173-252-79-90_3478_stream_0.pcap,tcp_0,tcp,0,Facebook,VPN,VoIP,Facebook
VPN_VoIP_Facebook_audio_1.pcap.TCP_10-8-0-10_50051_173-252-79-90_3478_stream_0.pcap,tcp_0,tcp,0,Facebook,VPN,VoIP,Facebook
VPN_VoIP_Facebook_audio_1.pcap.TCP_10-8-0-10_52167_173-252-79-94_3478_stream_0.pcap,tcp_0,tcp,0,Facebook,VPN,VoIP,Facebook
VPN_VoIP_Facebook_audio_1.pcap.TCP_10-8-0-10_53280_173-252-79-90_3478_stream_0.pcap,tcp_0,tcp,0,Facebook,VPN,VoIP,Facebook
VPN_VoIP_Facebook_audio_1.pcap.TCP_10-8-0-10_54078_173-252-79-94_3478_stream_0.pcap,tcp_0,tcp,0,Facebook,VPN,VoIP,Facebook
VPN_VoIP_Facebook_audio_1.pcap.TCP_10-8-0-10_56147_173-252-79-94_3478_stream_0.pcap,tcp_0,tcp,0,Facebook,VPN,VoIP,Facebook
VPN_VoIP_Facebook_audio_1.pcap.TCP_10-8-0-10_57175_173-252-79-94_3478_stream_0.pcap,tcp_0,tcp,0,Facebook,VPN,VoIP,Facebook
VPN_VoIP_Facebook_audio_1.pcap.TCP_10-8-0-10_57413_137-116-32-77_443_stream_0.pcap,tcp_0,tcp,0,Facebook,VPN,VoIP,Facebook
VPN_VoIP_Facebook_audio_1.pcap.TCP_10-8-0-10_57414_137-116-32-77_443_stream_0.pcap,tcp_0,tcp,0,Facebook,VPN,VoIP,Facebook
VPN_VoIP_Facebook_audio_1.pcap.TCP_10-8-0-10_57436_173-252-79-90_3478_stream_0.pcap,tcp_0,tcp,0,Facebook,VPN,VoIP,Facebook
VPN_VoIP_Facebook_audio_1.pcap.TCP_10-8-0-10_58667_173-252-79-90_3478_stream_0.pcap,tcp_0,tcp,0,Facebook,VPN,VoIP,Facebook
VPN_VoIP_Facebook_audio_1.pcap.TCP_10-8-0-10_60410_173-252-79-90_3478_stream_0.pcap,tcp_0,tcp,0,Facebook,VPN,VoIP,Facebook
VPN_VoIP_Facebook_audio_1.pcap.TCP_10-8-0-10_59226_173-252-79-94_3478_stream_0.pcap,tcp_0,tcp,0,Facebook,VPN,VoIP,Facebook
VPN_VoIP_Facebook_audio_1.pcap.TCP_10-8-0-10_60625_173-252-79-90_3478_stream_0.pcap,tcp_0,tcp,0,Facebook,VPN,VoIP,Facebook
VPN_VoIP_Facebook_audio_1.pcap.UDP_10-8-0-10_34992_173-252-79-90_50015_stream_0.pcap,udp_0,udp,0,Facebook,VPN,VoIP,Facebook
VPN_VoIP_Facebook_audio_1.pcap.UDP_10-8-0-10_34992_69-171-255-36_3478_stream_0.pcap,udp_0,udp,0,Facebook,VPN,VoIP,Facebook
VPN_VoIP_Facebook_audio_1.pcap.UDP_10-8-0-10_35198_173-252-79-94_50009_stream_0.pcap,udp_0,udp,0,Facebook,VPN,VoIP,Facebook
VPN_VoIP_Facebook_audio_1.pcap.UDP_10-8-0-10_35198_69-171-255-36_3478_stream_0.pcap,udp_0,udp,0,Facebook,VPN,VoIP,Facebook
VPN_VoIP_Facebook_audio_1.pcap.UDP_10-8-0-10_35780_69-171-255-36_3478_stream_0.pcap,udp_0,udp,0,Facebook,VPN,VoIP,Facebook
VPN_VoIP_Facebook_audio_1.pcap.UDP_10-8-0-10_36050_69-171-255-36_3478_stream_0.pcap,udp_0,udp,0,Facebook,VPN,VoIP,Facebook
VPN_VoIP_Facebook_audio_1.pcap.UDP_10-8-0-10_36077_173-252-79-90_50015_stream_0.pcap,udp_0,udp,0,Facebook,VPN,VoIP,Facebook
VPN_VoIP_Facebook_audio_1.pcap.UDP_10-8-0-10_36077_69-171-255-36_3478_stream_0.pcap,udp_0,udp,0,Facebook,VPN,VoIP,Facebook
VPN_VoIP_Facebook_audio_1.pcap.UDP_10-8-0-10_37067_10-8-0-14_38031_stream_0.pcap,udp_0,udp,0,Facebook,VPN,VoIP,Facebook
VPN_VoIP_Facebook_audio_1.pcap.UDP_10-8-0-10_37067_173-252-79-90_50015_stream_0.pcap,udp_0,udp,0,Facebook,VPN,VoIP,Facebook
VPN_VoIP_Facebook_audio_1.pcap.UDP_10-8-0-10_37169_173-252-79-90_50015_stream_0.pcap,udp_0,udp,0,Facebook,VPN,VoIP,Facebook
VPN_VoIP_Facebook_audio_1.pcap.UDP_10-8-0-10_37169_69-171-255-36_3478_stream_0.pcap,udp_0,udp,0,Facebook,VPN,VoIP,Facebook
VPN_VoIP_Facebook_audio_1.pcap.UDP_10-8-0-10_37590_69-171-255-36_3478_stream_0.pcap,udp_0,udp,0,Facebook,VPN,VoIP,Facebook
VPN_VoIP_Facebook_audio_1.pcap.UDP_10-8-0-10_37781_10-8-0-14_55595_stream_0.pcap,udp_0,udp,0,Facebook,VPN,VoIP,Facebook
VPN_VoIP_Facebook_audio_1.pcap.UDP_10-8-0-10_37781_173-252-79-90_50015_stream_0.pcap,udp_0,udp,0,Facebook,VPN,VoIP,Facebook
VPN_VoIP_Facebook_audio_1.pcap.UDP_10-8-0-10_37781_69-171-255-36_3478_stream_0.pcap,udp_0,udp,0,Facebook,VPN,VoIP,Facebook
VPN_VoIP_Facebook_audio_1.pcap.UDP_10-8-0-10_38429_69-171-255-36_3478_stream_0.pcap,udp_0,udp,0,Facebook,VPN,VoIP,Facebook
VPN_VoIP_Facebook_audio_1.pcap.UDP_10-8-0-10_38441_69-171-255-36_3478_stream_0.pcap,udp_0,udp,0,Facebook,VPN,VoIP,Facebook
VPN_VoIP_Facebook_audio_1.pcap.UDP_10-8-0-10_38429_173-252-79-90_50015_stream_0.pcap,udp_0,udp,0,Facebook,VPN,VoIP,Facebook
VPN_VoIP_Facebook_audio_1.pcap.UDP_10-8-0-10_38441_173-252-79-90_50015_stream_0.pcap,udp_0,udp,0,Facebook,VPN,VoIP,Facebook
VPN_VoIP_Facebook_audio_1.pcap.UDP_10-8-0-10_39234_69-171-255-36_3478_stream_0.pcap,udp_0,udp,0,Facebook,VPN,VoIP,Facebook
VPN_VoIP_Facebook_audio_1.pcap.UDP_10-8-0-10_39234_173-252-79-94_50009_stream_0.pcap,udp_0,udp,0,Facebook,VPN,VoIP,Facebook
VPN_VoIP_Facebook_audio_1.pcap.UDP_10-8-0-10_39469_173-252-79-90_50015_stream_0.pcap,udp_0,udp,0,Facebook,VPN,VoIP,Facebook
VPN_VoIP_Facebook_audio_1.pcap.UDP_10-8-0-10_39469_69-171-255-36_3478_stream_0.pcap,udp_0,udp,0,Facebook,VPN,VoIP,Facebook
VPN_VoIP_Facebook_audio_1.pcap.UDP_10-8-0-10_40943_10-8-0-14_38871_stream_0.pcap,udp_0,udp,0,Facebook,VPN,VoIP,Facebook
VPN_VoIP_Facebook_audio_1.pcap.UDP_10-8-0-10_40943_69-171-255-36_3478_stream_0.pcap,udp_0,udp,0,Facebook,VPN,VoIP,Facebook
VPN_VoIP_Facebook_audio_1.pcap.UDP_10-8-0-10_42116_173-252-79-90_50015_stream_0.pcap,udp_0,udp,0,Facebook,VPN,VoIP,Facebook
VPN_VoIP_Facebook_audio_1.pcap.UDP_10-8-0-10_42116_69-171-255-36_3478_stream_0.pcap,udp_0,udp,0,Facebook,VPN,VoIP,Facebook
VPN_VoIP_Facebook_audio_1.pcap.UDP_10-8-0-10_43459_173-252-79-94_50009_stream_0.pcap,udp_0,udp,0,Facebook,VPN,VoIP,Facebook
VPN_VoIP_Facebook_audio_1.pcap.UDP_10-8-0-10_44625_173-252-79-94_50009_stream_0.pcap,udp_0,udp,0,Facebook,VPN,VoIP,Facebook
VPN_VoIP_Facebook_audio_1.pcap.UDP_10-8-0-10_44625_69-171-255-36_3478_stream_0.pcap,udp_0,udp,0,Facebook,VPN,VoIP,Facebook
VPN_VoIP_Facebook_audio_1.pcap.UDP_10-8-0-10_44691_173-252-79-90_50015_stream_0.pcap,udp_0,udp,0,Facebook,VPN,VoIP,Facebook
VPN_VoIP_Facebook_audio_1.pcap.UDP_10-8-0-10_44691_69-171-255-36_3478_stream_0.pcap,udp_0,udp,0,Facebook,VPN,VoIP,Facebook
VPN_VoIP_Facebook_audio_1.pcap.UDP_10-8-0-10_47421_69-171-255-36_3478_stream_0.pcap,udp_0,udp,0,Facebook,VPN,VoIP,Facebook
VPN_VoIP_Facebook_audio_1.pcap.UDP_10-8-0-10_50912_69-171-255-36_3478_stream_0.pcap,udp_0,udp,0,Facebook,VPN,VoIP,Facebook
VPN_VoIP_Facebook_audio_1.pcap.UDP_10-8-0-10_51013_69-171-255-36_3478_stream_0.pcap,udp_0,udp,0,Facebook,VPN,VoIP,Facebook
VPN_VoIP_Facebook_audio_1.pcap.UDP_10-8-0-10_51013_173-252-79-94_50009_stream_0.pcap,udp_0,udp,0,Facebook,VPN,VoIP,Facebook
VPN_VoIP_Facebook_audio_1.pcap.UDP_10-8-0-10_52524_173-252-79-94_50009_stream_0.pcap,udp_0,udp,0,Facebook,VPN,VoIP,Facebook
VPN_VoIP_Facebook_audio_1.pcap.UDP_10-8-0-10_52524_10-8-0-14_48720_stream_0.pcap,udp_0,udp,0,Facebook,VPN,VoIP,Facebook
VPN_VoIP_Facebook_audio_1.pcap.UDP_10-8-0-10_53407_69-171-255-36_3478_stream_0.pcap,udp_0,udp,0,Facebook,VPN,VoIP,Facebook
VPN_VoIP_Facebook_audio_1.pcap.UDP_10-8-0-10_53407_173-252-79-90_50015_stream_0.pcap,udp_0,udp,0,Facebook,VPN,VoIP,Facebook
VPN_VoIP_Facebook_audio_1.pcap.UDP_10-8-0-10_55060_69-171-255-36_3478_stream_0.pcap,udp_0,udp,0,Facebook,VPN,VoIP,Facebook
VPN_VoIP_Facebook_audio_1.pcap.UDP_10-8-0-10_56503_173-252-79-90_50015_stream_0.pcap,udp_0,udp,0,Facebook,VPN,VoIP,Facebook
VPN_VoIP_Facebook_audio_1.pcap.UDP_10-8-0-10_57321_173-252-79-90_50015_stream_0.pcap,udp_0,udp,0,Facebook,VPN,VoIP,Facebook
VPN_VoIP_Facebook_audio_1.pcap.UDP_10-8-0-10_57321_69-171-255-36_3478_stream_0.pcap,udp_0,udp,0,Facebook,VPN,VoIP,Facebook
VPN_VoIP_Facebook_audio_1.pcap.UDP_10-8-0-10_58427_173-252-79-94_50009_stream_0.pcap,udp_0,udp,0,Facebook,VPN,VoIP,Facebook
VPN_VoIP_Facebook_audio_1.pcap.UDP_10-8-0-10_58427_69-171-255-36_3478_stream_0.pcap,udp_0,udp,0,Facebook,VPN,VoIP,Facebook
VPN_VoIP_Facebook_audio_1.pcap.UDP_10-8-0-10_58592_69-171-255-36_3478_stream_0.pcap,udp_0,udp,0,Facebook,VPN,VoIP,Facebook
VPN_VoIP_Facebook_audio_1.pcap.UDP_10-8-0-10_59600_69-171-255-36_3478_stream_0.pcap,udp_0,udp,0,Facebook,VPN,VoIP,Facebook
VPN_VoIP_Facebook_audio_1.pcap.UDP_10-8-0-10_60023_173-252-79-90_50015_stream_0.pcap,udp_0,udp,0,Facebook,VPN,VoIP,Facebook
VPN_VoIP_Facebook_audio_1.pcap.UDP_10-8-0-10_60023_69-171-255-36_3478_stream_0.pcap,udp_0,udp,0,Facebook,VPN,VoIP,Facebook
VPN_VoIP_Facebook_audio_1.pcap.UDP_10-8-0-10_60667_173-252-79-94_50009_stream_0.pcap,udp_0,udp,0,Facebook,VPN,VoIP,Facebook
VPN_VoIP_Facebook_audio_1.pcap.UDP_10-8-0-10_60667_69-171-255-36_3478_stream_0.pcap,udp_0,udp,0,Facebook,VPN,VoIP,Facebook
nonVPN_Chat_Facebook_none_2.pcap.UDP_74-125-226-165_443_131-202-240-87_62691_stream_0.pcap,udp_0,udp,0,Facebook,nonVPN,Chat,Facebook
nonVPN_Chat_Facebook_none_3.pcap.TCP_131-202-6-26_13111_131-202-240-87_3246_stream_0.pcap,tcp_0,tcp,0,Facebook,nonVPN,Chat,Facebook
nonVPN_Chat_Facebook_none_3.pcap.UDP_74-125-226-166_443_131-202-240-87_56937_stream_0.pcap,udp_0,udp,0,Facebook,nonVPN,Chat,Facebook
nonVPN_Chat_Facebook_none_3.pcap.UDP_77-72-169-135_11113_131-202-240-87_43302_stream_0.pcap,udp_0,udp,0,Facebook,nonVPN,Chat,Facebook
nonVPN_Chat_Facebook_none_4.pcap.TCP_131-202-240-87_64880_209-148-205-17_443_stream_0.pcap,tcp_0,tcp,0,Facebook,nonVPN,Chat,Facebook
nonVPN_Chat_Facebook_none_4.pcap.TCP_131-202-240-87_64882_209-148-205-35_443_stream_0.pcap,tcp_0,tcp,0,Facebook,nonVPN,Chat,Facebook
nonVPN_Chat_Facebook_none_4.pcap.TCP_131-202-6-26_13000_131-202-240-87_64883_stream_0.pcap,tcp_0,tcp,0,Facebook,nonVPN,Chat,Facebook
nonVPN_Chat_Facebook_none_4.pcap.UDP_131-202-240-87_49242_173-194-123-96_443_stream_0.pcap,udp_0,udp,0,Facebook,nonVPN,Chat,Facebook
nonVPN_Chat_Facebook_none_4.pcap.UDP_74-125-226-166_443_131-202-240-87_49673_stream_0.pcap,udp_0,udp,0,Facebook,nonVPN,Chat,Facebook
nonVPN_Chat_Facebook_none_4.pcap.UDP_74-125-226-167_443_131-202-240-87_49322_stream_0.pcap,udp_0,udp,0,Facebook,nonVPN,Chat,Facebook
nonVPN_Chat_Facebook_none_4.pcap.UDP_77-72-169-130_11113_131-202-240-87_17208_stream_0.pcap,udp_0,udp,0,Facebook,nonVPN,Chat,Facebook
nonVPN_Chat_Facebook_none_5.pcap.TCP_131-202-6-26_13000_131-202-240-242_32608_stream_0.pcap,tcp_0,tcp,0,Facebook,nonVPN,Chat,Facebook
nonVPN_Chat_Facebook_none_5.pcap.TCP_131-202-240-242_32605_209-148-205-25_443_stream_0.pcap,tcp_0,tcp,0,Facebook,nonVPN,Chat,Facebook
nonVPN_Chat_Facebook_none_5.pcap.UDP_131-202-240-242_57796_173-194-123-1_443_stream_0.pcap,udp_0,udp,0,Facebook,nonVPN,Chat,Facebook
nonVPN_Chat_Facebook_none_5.pcap.UDP_74-125-226-161_443_131-202-240-242_64724_stream_0.pcap,udp_0,udp,0,Facebook,nonVPN,Chat,Facebook
nonVPN_VoIP_Facebook_audio_1.pcap.TCP_131-202-240-150_38715_173-252-79-80_3478_stream_0.pcap,tcp_0,tcp,0,Facebook,nonVPN,VoIP,Facebook
nonVPN_VoIP_Facebook_audio_1.pcap.TCP_131-202-240-150_39288_173-252-79-80_3478_stream_0.pcap,tcp_0,tcp,0,Facebook,nonVPN,VoIP,Facebook
nonVPN_VoIP_Facebook_audio_1.pcap.TCP_131-202-240-150_46903_173-252-79-80_3478_stream_0.pcap,tcp_0,tcp,0,Facebook,nonVPN,VoIP,Facebook
nonVPN_VoIP_Facebook_audio_1.pcap.TCP_131-202-240-150_48254_173-252-79-80_3478_stream_0.pcap,tcp_0,tcp,0,Facebook,nonVPN,VoIP,Facebook
nonVPN_VoIP_Facebook_audio_1.pcap.TCP_131-202-240-150_50736_209-148-205-35_443_stream_0.pcap,tcp_0,tcp,0,Facebook,nonVPN,VoIP,Facebook
nonVPN_VoIP_Facebook_audio_1.pcap.TCP_131-202-240-150_55732_173-252-79-80_3478_stream_0.pcap,tcp_0,tcp,0,Facebook,nonVPN,VoIP,Facebook
nonVPN_VoIP_Facebook_audio_1.pcap.TCP_131-202-240-150_50912_173-252-79-80_3478_stream_0.pcap,tcp_0,tcp,0,Facebook,nonVPN,VoIP,Facebook
nonVPN_VoIP_Facebook_audio_1.pcap.TCP_131-202-240-150_52088_173-252-79-80_3478_stream_0.pcap,tcp_0,tcp,0,Facebook,nonVPN,VoIP,Facebook
nonVPN_VoIP_Facebook_audio_1.pcap.TCP_131-202-240-150_57434_173-252-79-80_3478_stream_0.pcap,tcp_0,tcp,0,Facebook,nonVPN,VoIP,Facebook
nonVPN_VoIP_Facebook_audio_1.pcap.TCP_131-202-240-150_56772_173-252-100-27_443_stream_0.pcap,tcp_0,tcp,0,Facebook,nonVPN,VoIP,Facebook
nonVPN_VoIP_Facebook_audio_1.pcap.TCP_131-202-240-150_58462_173-252-79-80_3478_stream_0.pcap,tcp_0,tcp,0,Facebook,nonVPN,VoIP,Facebook
nonVPN_VoIP_Facebook_audio_1.pcap.TCP_131-202-240-150_52237_173-252-79-80_3478_stream_0.pcap,tcp_0,tcp,0,Facebook,nonVPN,VoIP,Facebook
nonVPN_VoIP_Facebook_audio_1.pcap.TCP_131-202-240-150_57962_173-252-79-80_3478_stream_0.pcap,tcp_0,tcp,0,Facebook,nonVPN,VoIP,Facebook
nonVPN_VoIP_Facebook_audio_1.pcap.UDP_131-202-240-150_35612_173-252-79-80_50559_stream_0.pcap,udp_0,udp,0,Facebook,nonVPN,VoIP,Facebook
nonVPN_VoIP_Facebook_audio_1.pcap.UDP_131-202-240-150_35612_173-252-79-80_50021_stream_0.pcap,udp_0,udp,0,Facebook,nonVPN,VoIP,Facebook
nonVPN_VoIP_Facebook_audio_1.pcap.UDP_131-202-240-150_35612_173-252-79-80_53437_stream_0.pcap,udp_0,udp,0,Facebook,nonVPN,VoIP,Facebook
nonVPN_VoIP_Facebook_audio_1.pcap.UDP_131-202-240-150_37736_173-252-79-80_50021_stream_0.pcap,udp_0,udp,0,Facebook,nonVPN,VoIP,Facebook
nonVPN_VoIP_Facebook_audio_1.pcap.UDP_131-202-240-150_36364_173-252-79-80_50021_stream_0.pcap,udp_0,udp,0,Facebook,nonVPN,VoIP,Facebook
nonVPN_VoIP_Facebook_audio_1.pcap.UDP_131-202-240-150_40000_173-252-79-80_50021_stream_0.pcap,udp_0,udp,0,Facebook,nonVPN,VoIP,Facebook
nonVPN_VoIP_Facebook_audio_1.pcap.UDP_131-202-240-150_41104_173-252-79-80_50021_stream_0.pcap,udp_0,udp,0,Facebook,nonVPN,VoIP,Facebook
nonVPN_VoIP_Facebook_audio_1.pcap.UDP_131-202-240-150_43871_173-252-79-80_50021_stream_0.pcap,udp_0,udp,0,Facebook,nonVPN,VoIP,Facebook
nonVPN_VoIP_Facebook_audio_1.pcap.UDP_131-202-240-150_47473_173-252-79-80_50559_stream_0.pcap,udp_0,udp,0,Facebook,nonVPN,VoIP,Facebook
nonVPN_VoIP_Facebook_audio_1.pcap.UDP_131-202-240-150_47473_173-252-79-80_50021_stream_0.pcap,udp_0,udp,0,Facebook,nonVPN,VoIP,Facebook
nonVPN_VoIP_Facebook_audio_1.pcap.UDP_131-202-240-150_47473_173-252-79-80_53437_stream_0.pcap,udp_0,udp,0,Facebook,nonVPN,VoIP,Facebook
nonVPN_VoIP_Facebook_audio_1.pcap.UDP_131-202-240-150_47473_173-252-79-80_58198_stream_0.pcap,udp_0,udp,0,Facebook,nonVPN,VoIP,Facebook
nonVPN_VoIP_Facebook_audio_1.pcap.UDP_131-202-240-150_52890_173-252-79-80_50021_stream_0.pcap,udp_0,udp,0,Facebook,nonVPN,VoIP,Facebook
nonVPN_VoIP_Facebook_audio_1.pcap.UDP_131-202-240-150_57263_173-252-79-80_50021_stream_0.pcap,udp_0,udp,0,Facebook,nonVPN,VoIP,Facebook
nonVPN_VoIP_Facebook_audio_1.pcap.UDP_131-202-240-87_63221_131-202-240-150_47473_stream_0.pcap,udp_0,udp,0,Facebook,nonVPN,VoIP,Facebook
nonVPN_VoIP_Facebook_audio_1.pcap.UDP_69-171-255-36_3478_131-202-240-150_35612_stream_0.pcap,udp_0,udp,0,Facebook,nonVPN,VoIP,Facebook
nonVPN_VoIP_Facebook_audio_1.pcap.UDP_69-171-255-36_3478_131-202-240-150_37736_stream_0.pcap,udp_0,udp,0,Facebook,nonVPN,VoIP,Facebook
nonVPN_VoIP_Facebook_audio_1.pcap.UDP_69-171-255-36_3478_131-202-240-150_41104_stream_0.pcap,udp_0,udp,0,Facebook,nonVPN,VoIP,Facebook
nonVPN_VoIP_Facebook_audio_1.pcap.UDP_69-171-255-36_3478_131-202-240-150_40000_stream_0.pcap,udp_0,udp,0,Facebook,nonVPN,VoIP,Facebook
nonVPN_VoIP_Facebook_audio_1.pcap.UDP_69-171-255-36_3478_131-202-240-150_52890_stream_0.pcap,udp_0,udp,0,Facebook,nonVPN,VoIP,Facebook
nonVPN_VoIP_Facebook_audio_1.pcap.UDP_69-171-255-36_3478_131-202-240-150_43871_stream_0.pcap,udp_0,udp,0,Facebook,nonVPN,VoIP,Facebook
nonVPN_VoIP_Facebook_audio_1.pcap.UDP_69-171-255-36_3478_131-202-240-150_47473_stream_0.pcap,udp_0,udp,0,Facebook,nonVPN,VoIP,Facebook
nonVPN_VoIP_Facebook_audio_1.pcap.UDP_69-171-255-36_3478_131-202-240-150_50758_stream_0.pcap,udp_0,udp,0,Facebook,nonVPN,VoIP,Facebook
nonVPN_VoIP_Facebook_audio_1.pcap.UDP_69-171-255-36_3478_131-202-240-150_53897_stream_0.pcap,udp_0,udp,0,Facebook,nonVPN,VoIP,Facebook
nonVPN_VoIP_Facebook_audio_1.pcap.UDP_69-171-255-36_3478_131-202-240-150_56425_stream_0.pcap,udp_0,udp,0,Facebook,nonVPN,VoIP,Facebook
nonVPN_VoIP_Facebook_audio_2.pcap.TCP_131-202-240-87_2489_173-252-79-80_3478_stream_0.pcap,tcp_0,tcp,0,Facebook,nonVPN,VoIP,Facebook
nonVPN_VoIP_Facebook_audio_2.pcap.TCP_131-202-240-87_2486_173-252-100-27_443_stream_0.pcap,tcp_0,tcp,0,Facebook,nonVPN,VoIP,Facebook
nonVPN_VoIP_Facebook_audio_2.pcap.TCP_131-202-6-26_13000_131-202-240-87_2499_stream_0.pcap,tcp_0,tcp,0,Facebook,nonVPN,VoIP,Facebook
nonVPN_VoIP_Facebook_audio_2.pcap.TCP_131-202-240-87_2494_173-252-100-27_443_stream_0.pcap,tcp_0,tcp,0,Facebook,nonVPN,VoIP,Facebook
nonVPN_VoIP_Facebook_audio_2.pcap.TCP_131-202-6-26_13000_131-202-240-87_2497_stream_0.pcap,tcp_0,tcp,0,Facebook,nonVPN,VoIP,Facebook
nonVPN_VoIP_Facebook_audio_1.pcap.UDP_131-202-240-87_63222_131-202-240-150_37736_stream_0.pcap,udp_0,udp,0,Facebook,nonVPN,VoIP,Facebook
nonVPN_VoIP_Facebook_audio_2.pcap.TCP_65-55-50-157_443_131-202-240-87_2496_stream_0.pcap,tcp_0,tcp,0,Facebook,nonVPN,VoIP,Facebook
nonVPN_VoIP_Facebook_audio_2.pcap.TCP_4-28-136-42_80_131-202-240-87_2498_stream_0.pcap,tcp_0,tcp,0,Facebook,nonVPN,VoIP,Facebook
nonVPN_VoIP_Facebook_audio_2.pcap.UDP_131-202-240-87_63221_173-252-79-80_443_stream_0.pcap,udp_0,udp,0,Facebook,nonVPN,VoIP,Facebook
nonVPN_VoIP_Facebook_audio_2.pcap.UDP_131-202-240-87_63221_173-252-79-80_3478_stream_0.pcap,udp_0,udp,0,Facebook,nonVPN,VoIP,Facebook
nonVPN_VoIP_Facebook_audio_2.pcap.UDP_131-202-240-87_63221_173-252-79-80_50001_stream_0.pcap,udp_0,udp,0,Facebook,nonVPN,VoIP,Facebook
nonVPN_VoIP_Facebook_audio_2.pcap.UDP_131-202-240-87_63221_173-252-79-80_54039_stream_0.pcap,udp_0,udp,0,Facebook,nonVPN,VoIP,Facebook
nonVPN_VoIP_Facebook_audio_2.pcap.UDP_131-202-240-87_63221_173-252-79-80_53639_stream_0.pcap,udp_0,udp,0,Facebook,nonVPN,VoIP,Facebook
nonVPN_VoIP_Facebook_audio_2.pcap.UDP_131-202-240-87_63221_173-252-79-80_58527_stream_0.pcap,udp_0,udp,0,Facebook,nonVPN,VoIP,Facebook
nonVPN_VoIP_Facebook_audio_2.pcap.UDP_131-202-240-87_63221_173-252-79-80_59293_stream_0.pcap,udp_0,udp,0,Facebook,nonVPN,VoIP,Facebook
nonVPN_VoIP_Facebook_audio_2.pcap.UDP_131-202-240-87_63222_173-252-79-80_3478_stream_0.pcap,udp_0,udp,0,Facebook,nonVPN,VoIP,Facebook
nonVPN_VoIP_Facebook_audio_2.pcap.UDP_131-202-240-87_63221_173-252-79-80_56379_stream_0.pcap,udp_0,udp,0,Facebook,nonVPN,VoIP,Facebook
nonVPN_VoIP_Facebook_audio_2.pcap.UDP_131-202-240-87_63222_173-252-79-80_50001_stream_0.pcap,udp_0,udp,0,Facebook,nonVPN,VoIP,Facebook
nonVPN_VoIP_Facebook_audio_2.pcap.UDP_131-202-240-87_63222_173-252-79-80_443_stream_0.pcap,udp_0,udp,0,Facebook,nonVPN,VoIP,Facebook
nonVPN_VoIP_Facebook_audio_2.pcap.UDP_69-171-239-36_3478_131-202-240-87_63221_stream_0.pcap,udp_0,udp,0,Facebook,nonVPN,VoIP,Facebook
nonVPN_VoIP_Facebook_audio_2.pcap.UDP_69-171-239-36_3478_131-202-240-87_63222_stream_0.pcap,udp_0,udp,0,Facebook,nonVPN,VoIP,Facebook
nonVPN_VoIP_Facebook_audio_2.pcap.UDP_131-202-240-87_63221_192-168-122-1_47473_stream_0.pcap,udp_0,udp,0,Facebook,nonVPN,VoIP,Facebook
nonVPN_VoIP_Facebook_audio_3.pcap.TCP_131-202-240-150_34017_173-252-79-88_3478_stream_0.pcap,tcp_0,tcp,0,Facebook,nonVPN,VoIP,Facebook
nonVPN_VoIP_Facebook_audio_3.pcap.TCP_131-202-240-150_37774_173-252-79-88_3478_stream_0.pcap,tcp_0,tcp,0,Facebook,nonVPN,VoIP,Facebook
nonVPN_VoIP_Facebook_audio_3.pcap.TCP_131-202-240-150_43116_173-252-79-88_3478_stream_0.pcap,tcp_0,tcp,0,Facebook,nonVPN,VoIP,Facebook
nonVPN_VoIP_Facebook_audio_3.pcap.TCP_131-202-240-150_44638_173-252-79-88_3478_stream_0.pcap,tcp_0,tcp,0,Facebook,nonVPN,VoIP,Facebook
nonVPN_VoIP_Facebook_audio_3.pcap.TCP_131-202-240-150_46967_173-252-79-88_3478_stream_0.pcap,tcp_0,tcp,0,Facebook,nonVPN,VoIP,Facebook
nonVPN_VoIP_Facebook_audio_3.pcap.TCP_131-202-240-150_45934_173-252-79-88_3478_stream_0.pcap,tcp_0,tcp,0,Facebook,nonVPN,VoIP,Facebook
nonVPN_VoIP_Facebook_audio_3.pcap.TCP_131-202-240-150_47020_173-252-79-88_3478_stream_0.pcap,tcp_0,tcp,0,Facebook,nonVPN,VoIP,Facebook
nonVPN_VoIP_Facebook_audio_1.pcap.UDP_131-202-240-87_63221_131-202-240-150_35612_stream_0.pcap,udp_0,udp,0,Facebook,nonVPN,VoIP,Facebook
nonVPN_VoIP_Facebook_audio_3.pcap.TCP_131-202-240-150_50800_209-148-205-35_443_stream_0.pcap,tcp_0,tcp,0,Facebook,nonVPN,VoIP,Facebook
nonVPN_VoIP_Facebook_audio_3.pcap.TCP_131-202-240-150_55353_173-252-79-88_3478_stream_0.pcap,tcp_0,tcp,0,Facebook,nonVPN,VoIP,Facebook
nonVPN_VoIP_Facebook_audio_2.pcap.UDP_131-202-240-87_63222_131-202-240-150_37736_stream_0.pcap,udp_0,udp,0,Facebook,nonVPN,VoIP,Facebook
nonVPN_VoIP_Facebook_audio_3.pcap.TCP_131-202-240-150_59969_173-252-79-88_3478_stream_0.pcap,tcp_0,tcp,0,Facebook,nonVPN,VoIP,Facebook
nonVPN_VoIP_Facebook_audio_3.pcap.TCP_131-202-240-150_56833_173-252-100-27_443_stream_0.pcap,tcp_0,tcp,0,Facebook,nonVPN,VoIP,Facebook
nonVPN_VoIP_Facebook_audio_3.pcap.TCP_131-202-240-150_57500_173-252-79-88_3478_stream_0.pcap,tcp_0,tcp,0,Facebook,nonVPN,VoIP,Facebook
nonVPN_VoIP_Facebook_audio_3.pcap.TCP_131-202-240-150_60694_209-148-205-16_443_stream_0.pcap,tcp_0,tcp,0,Facebook,nonVPN,VoIP,Facebook
nonVPN_VoIP_Facebook_audio_3.pcap.TCP_54-243-71-182_443_131-202-240-150_46059_stream_0.pcap,tcp_0,tcp,0,Facebook,nonVPN,VoIP,Facebook
nonVPN_VoIP_Facebook_audio_3.pcap.TCP_72-21-91-29_80_131-202-240-150_57785_stream_0.pcap,tcp_0,tcp,0,Facebook,nonVPN,VoIP,Facebook
nonVPN_VoIP_Facebook_audio_3.pcap.UDP_131-202-240-150_34904_173-252-79-88_50019_stream_0.pcap,udp_0,udp,0,Facebook,nonVPN,VoIP,Facebook
nonVPN_VoIP_Facebook_audio_3.pcap.UDP_131-202-240-150_36311_173-252-79-88_50019_stream_0.pcap,udp_0,udp,0,Facebook,nonVPN,VoIP,Facebook
nonVPN_VoIP_Facebook_audio_3.pcap.UDP_131-202-240-150_38571_173-252-79-88_50019_stream_0.pcap,udp_0,udp,0,Facebook,nonVPN,VoIP,Facebook
nonVPN_VoIP_Facebook_audio_3.pcap.UDP_131-202-240-150_38766_173-252-79-88_50019_stream_0.pcap,udp_0,udp,0,Facebook,nonVPN,VoIP,Facebook
nonVPN_VoIP_Facebook_audio_3.pcap.UDP_131-202-240-150_42829_173-252-79-88_50019_stream_0.pcap,udp_0,udp,0,Facebook,nonVPN,VoIP,Facebook
nonVPN_VoIP_Facebook_audio_3.pcap.UDP_131-202-240-150_44795_216-58-219-238_443_stream_0.pcap,udp_0,udp,0,Facebook,nonVPN,VoIP,Facebook
nonVPN_VoIP_Facebook_audio_3.pcap.UDP_131-202-240-150_48755_173-194-123-119_443_stream_0.pcap,udp_0,udp,0,Facebook,nonVPN,VoIP,Facebook
nonVPN_VoIP_Facebook_audio_3.pcap.UDP_131-202-240-150_49204_173-252-79-88_50019_stream_0.pcap,udp_0,udp,0,Facebook,nonVPN,VoIP,Facebook
nonVPN_VoIP_Facebook_audio_3.pcap.UDP_131-202-240-150_55482_173-252-79-88_50019_stream_0.pcap,udp_0,udp,0,Facebook,nonVPN,VoIP,Facebook
nonVPN_VoIP_Facebook_audio_3.pcap.UDP_131-202-240-150_57275_173-252-79-88_50019_stream_0.pcap,udp_0,udp,0,Facebook,nonVPN,VoIP,Facebook
nonVPN_VoIP_Facebook_audio_3.pcap.UDP_131-202-240-150_57312_173-252-79-88_50019_stream_0.pcap,udp_0,udp,0,Facebook,nonVPN,VoIP,Facebook
nonVPN_VoIP_Facebook_audio_3.pcap.UDP_69-171-255-36_3478_131-202-240-150_36311_stream_0.pcap,udp_0,udp,0,Facebook,nonVPN,VoIP,Facebook
nonVPN_VoIP_Facebook_audio_3.pcap.UDP_69-171-255-36_3478_131-202-240-150_38571_stream_0.pcap,udp_0,udp,0,Facebook,nonVPN,VoIP,Facebook
nonVPN_VoIP_Facebook_audio_3.pcap.UDP_69-171-255-36_3478_131-202-240-150_38112_stream_0.pcap,udp_0,udp,0,Facebook,nonVPN,VoIP,Facebook
nonVPN_VoIP_Facebook_audio_3.pcap.UDP_69-171-255-36_3478_131-202-240-150_57275_stream_0.pcap,udp_0,udp,0,Facebook,nonVPN,VoIP,Facebook
nonVPN_VoIP_Facebook_audio_3.pcap.UDP_69-171-255-36_3478_131-202-240-150_38766_stream_0.pcap,udp_0,udp,0,Facebook,nonVPN,VoIP,Facebook
nonVPN_VoIP_Facebook_audio_3.pcap.UDP_69-171-255-36_3478_131-202-240-150_39441_stream_0.pcap,udp_0,udp,0,Facebook,nonVPN,VoIP,Facebook
nonVPN_VoIP_Facebook_audio_3.pcap.UDP_69-171-255-36_3478_131-202-240-150_49204_stream_0.pcap,udp_0,udp,0,Facebook,nonVPN,VoIP,Facebook
nonVPN_VoIP_Facebook_audio_3.pcap.UDP_69-171-255-36_3478_131-202-240-150_42829_stream_0.pcap,udp_0,udp,0,Facebook,nonVPN,VoIP,Facebook
nonVPN_VoIP_Facebook_audio_3.pcap.UDP_69-171-255-36_3478_131-202-240-150_45656_stream_0.pcap,udp_0,udp,0,Facebook,nonVPN,VoIP,Facebook
nonVPN_VoIP_Facebook_audio_4.pcap.TCP_131-202-240-87_2521_173-252-79-84_3478_stream_0.pcap,tcp_0,tcp,0,Facebook,nonVPN,VoIP,Facebook
nonVPN_VoIP_Facebook_audio_4.pcap.TCP_131-202-240-87_2518_173-252-79-84_3478_stream_0.pcap,tcp_0,tcp,0,Facebook,nonVPN,VoIP,Facebook
nonVPN_VoIP_Facebook_audio_4.pcap.TCP_131-202-6-26_13111_131-202-240-87_2532_stream_0.pcap,tcp_0,tcp,0,Facebook,nonVPN,VoIP,Facebook
nonVPN_VoIP_Facebook_audio_4.pcap.TCP_131-202-240-87_2527_173-252-100-27_443_stream_0.pcap,tcp_0,tcp,0,Facebook,nonVPN,VoIP,Facebook
nonVPN_VoIP_Facebook_audio_4.pcap.TCP_131-202-240-87_2525_173-252-100-27_443_stream_0.pcap,tcp_0,tcp,0,Facebook,nonVPN,VoIP,Facebook
nonVPN_VoIP_Facebook_audio_4.pcap.UDP_131-202-240-87_50768_173-252-79-84_3478_stream_0.pcap,udp_0,udp,0,Facebook,nonVPN,VoIP,Facebook
nonVPN_VoIP_Facebook_audio_4.pcap.UDP_131-202-240-87_50768_173-252-79-84_443_stream_0.pcap,udp_0,udp,0,Facebook,nonVPN,VoIP,Facebook
nonVPN_VoIP_Facebook_audio_4.pcap.UDP_131-202-240-87_50768_173-252-79-84_50011_stream_0.pcap,udp_0,udp,0,Facebook,nonVPN,VoIP,Facebook
nonVPN_VoIP_Facebook_audio_4.pcap.UDP_131-202-240-87_50769_173-252-79-84_443_stream_0.pcap,udp_0,udp,0,Facebook,nonVPN,VoIP,Facebook
nonVPN_VoIP_Facebook_audio_4.pcap.UDP_131-202-240-87_50769_173-252-79-84_50011_stream_0.pcap,udp_0,udp,0,Facebook,nonVPN,VoIP,Facebook
nonVPN_VoIP_Facebook_audio_4.pcap.UDP_131-202-240-87_62721_216-58-219-206_443_stream_0.pcap,udp_0,udp,0,Facebook,nonVPN,VoIP,Facebook
nonVPN_VoIP_Facebook_audio_4.pcap.UDP_69-171-239-36_3478_131-202-240-87_50768_stream_0.pcap,udp_0,udp,0,Facebook,nonVPN,VoIP,Facebook
nonVPN_VoIP_Facebook_audio_5.pcap.TCP_10-0-2-15_49248_209-148-205-8_80_stream_0.pcap,tcp_0,tcp,0,Facebook,nonVPN,VoIP,Facebook
nonVPN_VoIP_Facebook_audio_5.pcap.TCP_10-0-2-15_49246_137-116-64-98_443_stream_0.pcap,tcp_0,tcp,0,Facebook,nonVPN,VoIP,Facebook
nonVPN_VoIP_Facebook_audio_5.pcap.TCP_10-0-2-15_49249_209-148-205-33_80_stream_0.pcap,tcp_0,tcp,0,Facebook,nonVPN,VoIP,Facebook
nonVPN_VoIP_Facebook_audio_5.pcap.TCP_10-0-2-15_49247_23-96-212-225_443_stream_0.pcap,tcp_0,tcp,0,Facebook,nonVPN,VoIP,Facebook
nonVPN_VoIP_Facebook_audio_5.pcap.TCP_10-0-2-15_49251_209-148-205-33_80_stream_0.pcap,tcp_0,tcp,0,Facebook,nonVPN,VoIP,Facebook
nonVPN_VoIP_Facebook_audio_5.pcap.TCP_10-0-2-15_49250_209-148-205-33_80_stream_0.pcap,tcp_0,tcp,0,Facebook,nonVPN,VoIP,Facebook
nonVPN_VoIP_Facebook_audio_5.pcap.TCP_10-0-2-15_49255_23-195-194-188_80_stream_0.pcap,tcp_0,tcp,0,Facebook,nonVPN,VoIP,Facebook
nonVPN_VoIP_Facebook_audio_3.pcap.UDP_131-202-240-87_50769_131-202-240-150_57275_stream_0.pcap,udp_0,udp,0,Facebook,nonVPN,VoIP,Facebook
nonVPN_VoIP_Facebook_audio_5.pcap.TCP_10-0-2-15_49259_209-148-205-33_80_stream_0.pcap,tcp_0,tcp,0,Facebook,nonVPN,VoIP,Facebook
nonVPN_VoIP_Facebook_audio_5.pcap.TCP_10-0-2-15_49256_168-63-104-53_443_stream_0.pcap,tcp_0,tcp,0,Facebook,nonVPN,VoIP,Facebook
nonVPN_VoIP_Facebook_audio_5.pcap.TCP_10-0-2-15_49261_207-46-7-252_80_stream_0.pcap,tcp_0,tcp,0,Facebook,nonVPN,VoIP,Facebook
nonVPN_VoIP_Facebook_audio_5.pcap.TCP_10-0-2-15_49263_93-184-215-200_80_stream_0.pcap,tcp_0,tcp,0,Facebook,nonVPN,VoIP,Facebook
nonVPN_VoIP_Facebook_audio_5.pcap.TCP_10-0-2-15_49271_168-63-104-53_443_stream_0.pcap,tcp_0,tcp,0,Facebook,nonVPN,VoIP,Facebook
nonVPN_VoIP_Facebook_audio_5.pcap.TCP_10-0-2-15_49272_209-148-205-32_80_stream_0.pcap,tcp_0,tcp,0,Facebook,nonVPN,VoIP,Facebook
nonVPN_VoIP_Facebook_audio_5.pcap.TCP_10-0-2-15_49273_209-148-205-32_80_stream_0.pcap,tcp_0,tcp,0,Facebook,nonVPN,VoIP,Facebook
nonVPN_VoIP_Facebook_audio_5.pcap.TCP_10-0-2-15_49274_209-148-205-32_80_stream_0.pcap,tcp_0,tcp,0,Facebook,nonVPN,VoIP,Facebook
nonVPN_VoIP_Facebook_audio_5.pcap.TCP_10-0-2-15_49281_209-148-205-9_80_stream_0.pcap,tcp_0,tcp,0,Facebook,nonVPN,VoIP,Facebook
nonVPN_VoIP_Facebook_audio_5.pcap.TCP_10-0-2-15_49279_209-148-205-33_80_stream_0.pcap,tcp_0,tcp,0,Facebook,nonVPN,VoIP,Facebook
nonVPN_VoIP_Facebook_audio_5.pcap.TCP_10-0-2-15_49283_23-194-223-54_80_stream_0.pcap,tcp_0,tcp,0,Facebook,nonVPN,VoIP,Facebook
nonVPN_VoIP_Facebook_audio_5.pcap.TCP_10-0-2-15_49282_209-148-205-9_80_stream_0.pcap,tcp_0,tcp,0,Facebook,nonVPN,VoIP,Facebook
nonVPN_VoIP_Facebook_audio_5.pcap.TCP_10-0-2-15_49285_209-148-205-33_80_stream_0.pcap,tcp_0,tcp,0,Facebook,nonVPN,VoIP,Facebook
nonVPN_VoIP_Facebook_audio_5.pcap.TCP_10-0-2-15_49286_209-148-205-9_80_stream_0.pcap,tcp_0,tcp,0,Facebook,nonVPN,VoIP,Facebook
nonVPN_VoIP_Facebook_audio_5.pcap.TCP_10-0-2-15_49288_137-116-32-77_443_stream_0.pcap,tcp_0,tcp,0,Facebook,nonVPN,VoIP,Facebook
nonVPN_VoIP_Facebook_audio_5.pcap.TCP_10-0-2-15_49294_168-63-240-114_443_stream_0.pcap,tcp_0,tcp,0,Facebook,nonVPN,VoIP,Facebook
nonVPN_VoIP_Facebook_audio_5.pcap.TCP_10-0-2-15_49295_209-148-205-32_80_stream_0.pcap,tcp_0,tcp,0,Facebook,nonVPN,VoIP,Facebook
nonVPN_VoIP_Facebook_audio_5.pcap.TCP_10-0-2-15_49296_209-148-205-32_80_stream_0.pcap,tcp_0,tcp,0,Facebook,nonVPN,VoIP,Facebook
nonVPN_VoIP_Facebook_audio_4.pcap.UDP_131-202-240-87_50769_131-202-240-150_57275_stream_0.pcap,udp_0,udp,0,Facebook,nonVPN,VoIP,Facebook
nonVPN_VoIP_Facebook_audio_5.pcap.TCP_10-0-2-15_49309_93-184-215-200_80_stream_0.pcap,tcp_0,tcp,0,Facebook,nonVPN,VoIP,Facebook
nonVPN_VoIP_Facebook_audio_5.pcap.TCP_10-0-2-15_49311_209-148-205-33_80_stream_0.pcap,tcp_0,tcp,0,Facebook,nonVPN,VoIP,Facebook
nonVPN_VoIP_Facebook_audio_5.pcap.TCP_10-0-2-15_49312_209-148-205-33_80_stream_0.pcap,tcp_0,tcp,0,Facebook,nonVPN,VoIP,Facebook
nonVPN_VoIP_Facebook_audio_5.pcap.TCP_10-0-2-15_49313_209-148-205-33_80_stream_0.pcap,tcp_0,tcp,0,Facebook,nonVPN,VoIP,Facebook
nonVPN_VoIP_Facebook_audio_5.pcap.TCP_10-0-2-15_49314_23-194-223-54_80_stream_0.pcap,tcp_0,tcp,0,Facebook,nonVPN,VoIP,Facebook
nonVPN_VoIP_Facebook_audio_5.pcap.TCP_10-0-2-15_49315_209-148-205-33_80_stream_0.pcap,tcp_0,tcp,0,Facebook,nonVPN,VoIP,Facebook
nonVPN_VoIP_Facebook_audio_5.pcap.TCP_10-0-2-15_49316_131-253-61-82_443_stream_0.pcap,tcp_0,tcp,0,Facebook,nonVPN,VoIP,Facebook
nonVPN_VoIP_Facebook_audio_5.pcap.TCP_10-0-2-15_49319_134-170-120-72_443_stream_0.pcap,tcp_0,tcp,0,Facebook,nonVPN,VoIP,Facebook
nonVPN_VoIP_Facebook_audio_5.pcap.TCP_10-0-2-15_49320_131-253-61-82_443_stream_0.pcap,tcp_0,tcp,0,Facebook,nonVPN,VoIP,Facebook
nonVPN_VoIP_Facebook_audio_5.pcap.TCP_10-0-2-15_49321_131-253-61-82_443_stream_0.pcap,tcp_0,tcp,0,Facebook,nonVPN,VoIP,Facebook
nonVPN_VoIP_Facebook_audio_5.pcap.UDP_10-0-2-15_50810_173-194-123-2_443_stream_0.pcap,udp_0,udp,0,Facebook,nonVPN,VoIP,Facebook
nonVPN_VoIP_Facebook_audio_5.pcap.UDP_10-0-2-15_52925_173-194-123-2_443_stream_0.pcap,udp_0,udp,0,Facebook,nonVPN,VoIP,Facebook
nonVPN_VoIP_Facebook_audio_5.pcap.UDP_10-0-2-15_53585_173-194-123-14_443_stream_0.pcap,udp_0,udp,0,Facebook,nonVPN,VoIP,Facebook
nonVPN_VoIP_Facebook_audio_5.pcap.UDP_10-0-2-15_52942_173-252-79-87_50017_stream_0.pcap,udp_0,udp,0,Facebook,nonVPN,VoIP,Facebook
nonVPN_VoIP_Facebook_audio_5.pcap.UDP_10-0-2-15_52942_173-252-79-87_3478_stream_0.pcap,udp_0,udp,0,Facebook,nonVPN,VoIP,Facebook
nonVPN_VoIP_Facebook_audio_5.pcap.UDP_10-0-2-15_62047_173-194-123-40_443_stream_0.pcap,udp_0,udp,0,Facebook,nonVPN,VoIP,Facebook
nonVPN_VoIP_Facebook_audio_5.pcap.UDP_10-0-2-15_62535_173-194-123-40_443_stream_0.pcap,udp_0,udp,0,Facebook,nonVPN,VoIP,Facebook
nonVPN_VoIP_Facebook_audio_5.pcap.UDP_10-0-2-15_52942_173-252-79-87_443_stream_0.pcap,udp_0,udp,0,Facebook,nonVPN,VoIP,Facebook
nonVPN_VoIP_Facebook_audio_3.pcap.UDP_131-202-240-87_50768_131-202-240-150_38766_stream_0.pcap,udp_0,udp,0,Facebook,nonVPN,VoIP,Facebook
nonVPN_VoIP_Facebook_audio_5.pcap.UDP_10-0-2-15_52942_131-202-240-101_39490_stream_0.pcap,udp_0,udp,0,Facebook,nonVPN,VoIP,Facebook
nonVPN_VoIP_Facebook_audio_4.pcap.UDP_131-202-240-87_50768_131-202-240-150_38766_stream_0.pcap,udp_0,udp,0,Facebook,nonVPN,VoIP,Facebook
nonVPN_VoIP_Facebook_audio_6.pcap.TCP_131-202-240-101_38624_209-148-205-35_443_stream_0.pcap,tcp_0,tcp,0,Facebook,nonVPN,VoIP,Facebook
nonVPN_VoIP_Facebook_audio_6.pcap.TCP_131-202-240-101_38625_209-148-205-35_443_stream_0.pcap,tcp_0,tcp,0,Facebook,nonVPN,VoIP,Facebook
nonVPN_VoIP_Facebook_audio_6.pcap.TCP_131-202-240-101_55797_137-116-224-167_443_stream_0.pcap,tcp_0,tcp,0,Facebook,nonVPN,VoIP,Facebook
nonVPN_VoIP_Facebook_audio_6.pcap.TCP_24-156-140-41_443_131-202-240-101_43226_stream_0.pcap,tcp_0,tcp,0,Facebook,nonVPN,VoIP,Facebook
nonVPN_VoIP_Facebook_audio_6.pcap.TCP_24-156-140-41_443_131-202-240-101_43227_stream_0.pcap,tcp_0,tcp,0,Facebook,nonVPN,VoIP,Facebook
nonVPN_VoIP_Facebook_audio_6.pcap.TCP_24-156-140-41_443_131-202-240-101_43228_stream_0.pcap,tcp_0,tcp,0,Facebook,nonVPN,VoIP,Facebook
nonVPN_VoIP_Facebook_audio_6.pcap.TCP_63-245-216-134_443_131-202-240-101_52900_stream_0.pcap,tcp_0,tcp,0,Facebook,nonVPN,VoIP,Facebook
nonVPN_VoIP_Facebook_audio_6.pcap.TCP_63-245-217-113_443_131-202-240-101_33946_stream_0.pcap,tcp_0,tcp,0,Facebook,nonVPN,VoIP,Facebook
nonVPN_VoIP_Facebook_audio_6.pcap.TCP_63-245-217-162_443_131-202-240-101_45114_stream_0.pcap,tcp_0,tcp,0,Facebook,nonVPN,VoIP,Facebook
nonVPN_VoIP_Facebook_audio_6.pcap.TCP_63-245-217-162_443_131-202-240-101_45115_stream_0.pcap,tcp_0,tcp,0,Facebook,nonVPN,VoIP,Facebook
nonVPN_VoIP_Facebook_audio_6.pcap.TCP_63-245-217-162_443_131-202-240-101_45116_stream_0.pcap,tcp_0,tcp,0,Facebook,nonVPN,VoIP,Facebook
nonVPN_VoIP_Facebook_audio_6.pcap.TCP_63-245-217-162_443_131-202-240-101_45118_stream_0.pcap,tcp_0,tcp,0,Facebook,nonVPN,VoIP,Facebook
nonVPN_VoIP_Facebook_audio_6.pcap.TCP_63-245-217-162_443_131-202-240-101_45119_stream_0.pcap,tcp_0,tcp,0,Facebook,nonVPN,VoIP,Facebook
nonVPN_VoIP_Facebook_audio_6.pcap.TCP_72-21-91-29_80_131-202-240-101_47330_stream_0.pcap,tcp_0,tcp,0,Facebook,nonVPN,VoIP,Facebook
nonVPN_VoIP_Facebook_audio_6.pcap.TCP_72-21-91-29_80_131-202-240-101_47338_stream_0.pcap,tcp_0,tcp,0,Facebook,nonVPN,VoIP,Facebook
nonVPN_VoIP_Facebook_audio_6.pcap.UDP_131-202-240-101_34183_173-252-79-83_50001_stream_0.pcap,udp_0,udp,0,Facebook,nonVPN,VoIP,Facebook
nonVPN_VoIP_Facebook_audio_6.pcap.UDP_131-202-240-101_41438_173-252-79-83_50001_stream_0.pcap,udp_0,udp,0,Facebook,nonVPN,VoIP,Facebook
nonVPN_VoIP_Facebook_audio_6.pcap.UDP_131-202-240-101_51187_173-252-79-83_50001_stream_0.pcap,udp_0,udp,0,Facebook,nonVPN,VoIP,Facebook
nonVPN_VoIP_Facebook_audio_6.pcap.UDP_131-202-240-101_53585_173-252-79-83_50001_stream_0.pcap,udp_0,udp,0,Facebook,nonVPN,VoIP,Facebook
nonVPN_VoIP_Facebook_audio_6.pcap.UDP_131-202-240-101_53946_173-252-79-83_50001_stream_0.pcap,udp_0,udp,0,Facebook,nonVPN,VoIP,Facebook
nonVPN_VoIP_Facebook_audio_6.pcap.UDP_131-202-240-101_55618_173-252-79-83_50001_stream_0.pcap,udp_0,udp,0,Facebook,nonVPN,VoIP,Facebook
nonVPN_VoIP_Facebook_audio_5.pcap.UDP_10-0-2-15_52942_131-202-240-101_55618_stream_0.pcap,udp_0,udp,0,Facebook,nonVPN,VoIP,Facebook
nonVPN_VoIP_Facebook_audio_6.pcap.UDP_131-202-240-65_46107_131-202-240-101_39490_stream_0.pcap,udp_0,udp,0,Facebook,nonVPN,VoIP,Facebook
nonVPN_VoIP_Facebook_audio_6.pcap.UDP_131-202-240-65_40836_131-202-240-101_39490_stream_0.pcap,udp_0,udp,0,Facebook,nonVPN,VoIP,Facebook
nonVPN_VoIP_Facebook_audio_6.pcap.UDP_131-202-240-65_46107_131-202-240-101_55618_stream_0.pcap,udp_0,udp,0,Facebook,nonVPN,VoIP,Facebook
nonVPN_VoIP_Facebook_audio_6.pcap.UDP_131-202-240-65_40836_131-202-240-101_55618_stream_0.pcap,udp_0,udp,0,Facebook,nonVPN,VoIP,Facebook
nonVPN_VoIP_Facebook_audio_6.pcap.UDP_66-35-46-195_15575_131-202-240-101_33434_stream_0.pcap,udp_0,udp,0,Facebook,nonVPN,VoIP,Facebook
nonVPN_VoIP_Facebook_audio_6.pcap.UDP_66-35-46-194_49185_131-202-240-101_33434_stream_0.pcap,udp_0,udp,0,Facebook,nonVPN,VoIP,Facebook
nonVPN_VoIP_Facebook_audio_6.pcap.UDP_66-35-46-193_64039_131-202-240-101_33434_stream_0.pcap,udp_0,udp,0,Facebook,nonVPN,VoIP,Facebook
nonVPN_VoIP_Facebook_audio_6.pcap.UDP_69-12-83-111_60689_131-202-240-101_9987_stream_0.pcap,udp_0,udp,0,Facebook,nonVPN,VoIP,Facebook
nonVPN_VoIP_Facebook_video_1.pcap.TCP_131-202-240-150_34298_173-252-79-93_3478_stream_0.pcap,tcp_0,tcp,0,Facebook,nonVPN,VoIP,Facebook
nonVPN_VoIP_Facebook_video_1.pcap.TCP_131-202-240-150_34403_173-252-79-93_3478_stream_0.pcap,tcp_0,tcp,0,Facebook,nonVPN,VoIP,Facebook
nonVPN_VoIP_Facebook_video_1.pcap.TCP_131-202-240-150_36512_173-252-79-93_3478_stream_0.pcap,tcp_0,tcp,0,Facebook,nonVPN,VoIP,Facebook
nonVPN_VoIP_Facebook_video_1.pcap.TCP_131-202-240-150_42029_173-252-79-93_3478_stream_0.pcap,tcp_0,tcp,0,Facebook,nonVPN,VoIP,Facebook
nonVPN_VoIP_Facebook_video_1.pcap.TCP_131-202-240-150_46828_173-252-79-93_3478_stream_0.pcap,tcp_0,tcp,0,Facebook,nonVPN,VoIP,Facebook
nonVPN_VoIP_Facebook_video_1.pcap.TCP_131-202-240-150_44932_209-148-205-26_443_stream_0.pcap,tcp_0,tcp,0,Facebook,nonVPN,VoIP,Facebook
nonVPN_VoIP_Facebook_video_1.pcap.TCP_131-202-240-150_50632_173-252-79-93_3478_stream_0.pcap,tcp_0,tcp,0,Facebook,nonVPN,VoIP,Facebook
nonVPN_VoIP_Facebook_video_1.pcap.TCP_131-202-240-150_56638_173-252-100-27_443_stream_0.pcap,tcp_0,tcp,0,Facebook,nonVPN,VoIP,Facebook
nonVPN_VoIP_Facebook_video_1.pcap.TCP_131-202-240-150_58424_173-252-79-93_3478_stream_0.pcap,tcp_0,tcp,0,Facebook,nonVPN,VoIP,Facebook
nonVPN_VoIP_Facebook_video_1.pcap.UDP_131-202-240-150_35920_173-252-79-93_50011_stream_0.pcap,udp_0,udp,0,Facebook,nonVPN,VoIP,Facebook
nonVPN_VoIP_Facebook_video_1.pcap.UDP_131-202-240-150_41772_173-252-79-93_50011_stream_0.pcap,udp_0,udp,0,Facebook,nonVPN,VoIP,Facebook
nonVPN_VoIP_Facebook_video_1.pcap.UDP_131-202-240-150_43584_173-252-79-80_59132_stream_0.pcap,udp_0,udp,0,Facebook,nonVPN,VoIP,Facebook
nonVPN_VoIP_Facebook_video_1.pcap.UDP_131-202-240-150_43584_173-252-79-93_50011_stream_0.pcap,udp_0,udp,0,Facebook,nonVPN,VoIP,Facebook
nonVPN_VoIP_Facebook_video_1.pcap.UDP_131-202-240-150_53436_173-252-79-93_50011_stream_0.pcap,udp_0,udp,0,Facebook,nonVPN,VoIP,Facebook
nonVPN_VoIP_Facebook_video_1.pcap.UDP_131-202-240-150_51780_173-252-79-93_50011_stream_0.pcap,udp_0,udp,0,Facebook,nonVPN,VoIP,Facebook
nonVPN_VoIP_Facebook_video_1.pcap.UDP_131-202-240-150_58046_173-252-79-80_59132_stream_0.pcap,udp_0,udp,0,Facebook,nonVPN,VoIP,Facebook
nonVPN_VoIP_Facebook_video_1.pcap.UDP_131-202-240-150_58046_173-252-79-80_53989_stream_0.pcap,udp_0,udp,0,Facebook,nonVPN,VoIP,Facebook
nonVPN_VoIP_Facebook_video_1.pcap.UDP_131-202-240-150_58046_173-252-79-80_51996_stream_0.pcap,udp_0,udp,0,Facebook,nonVPN,VoIP,Facebook
nonVPN_VoIP_Facebook_video_1.pcap.UDP_131-202-240-150_58046_173-252-79-93_50011_stream_0.pcap,udp_0,udp,0,Facebook,nonVPN,VoIP,Facebook
nonVPN_VoIP_Facebook_video_1.pcap.UDP_131-202-240-150_58662_173-252-79-93_50011_stream_0.pcap,udp_0,udp,0,Facebook,nonVPN,VoIP,Facebook
nonVPN_VoIP_Facebook_video_1.pcap.UDP_131-202-240-150_59375_173-252-79-93_50011_stream_0.pcap,udp_0,udp,0,Facebook,nonVPN,VoIP,Facebook
nonVPN_VoIP_Facebook_video_1.pcap.UDP_131-202-240-150_60257_173-252-79-80_51996_stream_0.pcap,udp_0,udp,0,Facebook,nonVPN,VoIP,Facebook
nonVPN_VoIP_Facebook_video_1.pcap.UDP_131-202-240-150_60257_173-252-79-93_50011_stream_0.pcap,udp_0,udp,0,Facebook,nonVPN,VoIP,Facebook
nonVPN_VoIP_Facebook_video_1.pcap.UDP_131-202-240-150_60257_173-252-79-80_53989_stream_0.pcap,udp_0,udp,0,Facebook,nonVPN,VoIP,Facebook
nonVPN_VoIP_Facebook_video_1.pcap.UDP_131-202-240-150_60257_173-252-79-80_59132_stream_0.pcap,udp_0,udp,0,Facebook,nonVPN,VoIP,Facebook
nonVPN_VoIP_Facebook_video_1.pcap.UDP_131-202-240-150_60670_173-252-79-93_50011_stream_0.pcap,udp_0,udp,0,Facebook,nonVPN,VoIP,Facebook
nonVPN_VoIP_Facebook_video_1.pcap.UDP_131-202-240-87_51706_131-202-240-150_60257_stream_0.pcap,udp_0,udp,0,Facebook,nonVPN,VoIP,Facebook
nonVPN_VoIP_Facebook_video_1.pcap.UDP_69-171-255-36_3478_131-202-240-150_35866_stream_0.pcap,udp_0,udp,0,Facebook,nonVPN,VoIP,Facebook
nonVPN_VoIP_Facebook_video_1.pcap.UDP_69-171-255-36_3478_131-202-240-150_35920_stream_0.pcap,udp_0,udp,0,Facebook,nonVPN,VoIP,Facebook
nonVPN_VoIP_Facebook_video_1.pcap.UDP_69-171-255-36_3478_131-202-240-150_41772_stream_0.pcap,udp_0,udp,0,Facebook,nonVPN,VoIP,Facebook
nonVPN_VoIP_Facebook_video_1.pcap.UDP_69-171-255-36_3478_131-202-240-150_53436_stream_0.pcap,udp_0,udp,0,Facebook,nonVPN,VoIP,Facebook
nonVPN_VoIP_Facebook_video_1.pcap.UDP_69-171-255-36_3478_131-202-240-150_43584_stream_0.pcap,udp_0,udp,0,Facebook,nonVPN,VoIP,Facebook
nonVPN_VoIP_Facebook_video_1.pcap.UDP_69-171-255-36_3478_131-202-240-150_58662_stream_0.pcap,udp_0,udp,0,Facebook,nonVPN,VoIP,Facebook
nonVPN_VoIP_Facebook_video_1.pcap.UDP_69-171-255-36_3478_131-202-240-150_57154_stream_0.pcap,udp_0,udp,0,Facebook,nonVPN,VoIP,Facebook
nonVPN_VoIP_Facebook_video_1.pcap.UDP_69-171-255-36_3478_131-202-240-150_59375_stream_0.pcap,udp_0,udp,0,Facebook,nonVPN,VoIP,Facebook
nonVPN_VoIP_Facebook_video_1.pcap.UDP_69-171-255-36_3478_131-202-240-150_60257_stream_0.pcap,udp_0,udp,0,Facebook,nonVPN,VoIP,Facebook
nonVPN_VoIP_Facebook_video_1.pcap.UDP_69-171-255-36_3478_131-202-240-150_60670_stream_0.pcap,udp_0,udp,0,Facebook,nonVPN,VoIP,Facebook
nonVPN_VoIP_Facebook_video_2.pcap.TCP_131-202-6-26_13000_131-202-240-87_2455_stream_0.pcap,tcp_0,tcp,0,Facebook,nonVPN,VoIP,Facebook
nonVPN_VoIP_Facebook_video_2.pcap.TCP_131-202-6-26_13000_131-202-240-87_2454_stream_0.pcap,tcp_0,tcp,0,Facebook,nonVPN,VoIP,Facebook
nonVPN_VoIP_Facebook_video_2.pcap.TCP_131-202-6-26_13000_131-202-240-87_2457_stream_0.pcap,tcp_0,tcp,0,Facebook,nonVPN,VoIP,Facebook
nonVPN_VoIP_Facebook_video_2.pcap.UDP_131-202-240-87_51706_173-252-79-80_443_stream_0.pcap,udp_0,udp,0,Facebook,nonVPN,VoIP,Facebook
nonVPN_VoIP_Facebook_video_2.pcap.UDP_131-202-240-87_51706_173-252-79-80_3478_stream_0.pcap,udp_0,udp,0,Facebook,nonVPN,VoIP,Facebook
nonVPN_VoIP_Facebook_video_2.pcap.UDP_131-202-240-87_51706_173-252-79-80_50029_stream_0.pcap,udp_0,udp,0,Facebook,nonVPN,VoIP,Facebook
nonVPN_VoIP_Facebook_video_2.pcap.UDP_69-171-239-36_3478_131-202-240-87_51706_stream_0.pcap,udp_0,udp,0,Facebook,nonVPN,VoIP,Facebook
nonVPN_VoIP_Facebook_video_3.pcap.TCP_131-202-240-150_36699_173-252-79-86_3478_stream_0.pcap,tcp_0,tcp,0,Facebook,nonVPN,VoIP,Facebook
nonVPN_VoIP_Facebook_video_3.pcap.TCP_131-202-240-150_41031_173-252-79-86_3478_stream_0.pcap,tcp_0,tcp,0,Facebook,nonVPN,VoIP,Facebook
nonVPN_VoIP_Facebook_video_3.pcap.TCP_131-202-240-150_44671_173-252-79-86_3478_stream_0.pcap,tcp_0,tcp,0,Facebook,nonVPN,VoIP,Facebook
nonVPN_VoIP_Facebook_video_3.pcap.TCP_131-202-240-150_37578_173-252-79-86_3478_stream_0.pcap,tcp_0,tcp,0,Facebook,nonVPN,VoIP,Facebook
nonVPN_VoIP_Facebook_video_3.pcap.TCP_131-202-240-150_45116_209-148-205-26_443_stream_0.pcap,tcp_0,tcp,0,Facebook,nonVPN,VoIP,Facebook
nonVPN_VoIP_Facebook_video_3.pcap.TCP_131-202-240-150_42685_173-252-79-86_3478_stream_0.pcap,tcp_0,tcp,0,Facebook,nonVPN,VoIP,Facebook
nonVPN_VoIP_Facebook_video_3.pcap.TCP_131-202-240-150_45349_173-252-79-86_3478_stream_0.pcap,tcp_0,tcp,0,Facebook,nonVPN,VoIP,Facebook
nonVPN_VoIP_Facebook_video_3.pcap.TCP_131-202-240-150_46623_173-252-79-86_3478_stream_0.pcap,tcp_0,tcp,0,Facebook,nonVPN,VoIP,Facebook
nonVPN_VoIP_Facebook_video_3.pcap.TCP_131-202-240-150_50794_209-148-205-35_443_stream_0.pcap,tcp_0,tcp,0,Facebook,nonVPN,VoIP,Facebook
nonVPN_VoIP_Facebook_video_3.pcap.TCP_131-202-240-150_52981_173-252-79-86_3478_stream_0.pcap,tcp_0,tcp,0,Facebook,nonVPN,VoIP,Facebook
nonVPN_VoIP_Facebook_video_3.pcap.TCP_131-202-240-150_55942_173-252-79-86_3478_stream_0.pcap,tcp_0,tcp,0,Facebook,nonVPN,VoIP,Facebook
nonVPN_VoIP_Facebook_video_3.pcap.TCP_131-202-240-150_54321_173-252-79-86_3478_stream_0.pcap,tcp_0,tcp,0,Facebook,nonVPN,VoIP,Facebook
nonVPN_VoIP_Facebook_video_3.pcap.TCP_131-202-240-150_56824_173-252-100-27_443_stream_0.pcap,tcp_0,tcp,0,Facebook,nonVPN,VoIP,Facebook
nonVPN_VoIP_Facebook_video_3.pcap.TCP_131-202-240-150_56825_173-252-100-27_443_stream_0.pcap,tcp_0,tcp,0,Facebook,nonVPN,VoIP,Facebook
nonVPN_VoIP_Facebook_video_1.pcap.UDP_131-202-240-87_51706_131-202-240-150_58046_stream_0.pcap,udp_0,udp,0,Facebook,nonVPN,VoIP,Facebook
nonVPN_VoIP_Facebook_video_3.pcap.UDP_131-202-240-150_35146_173-252-79-94_58920_stream_0.pcap,udp_0,udp,0,Facebook,nonVPN,VoIP,Facebook
nonVPN_VoIP_Facebook_video_3.pcap.UDP_131-202-240-150_35146_173-252-79-94_59890_stream_0.pcap,udp_0,udp,0,Facebook,nonVPN,VoIP,Facebook
nonVPN_VoIP_Facebook_video_3.pcap.UDP_131-202-240-150_37209_173-252-79-86_50005_stream_0.pcap,udp_0,udp,0,Facebook,nonVPN,VoIP,Facebook
nonVPN_VoIP_Facebook_video_3.pcap.UDP_131-202-240-150_39752_173-252-79-86_50005_stream_0.pcap,udp_0,udp,0,Facebook,nonVPN,VoIP,Facebook
nonVPN_VoIP_Facebook_video_3.pcap.UDP_131-202-240-150_47119_173-252-79-94_59890_stream_0.pcap,udp_0,udp,0,Facebook,nonVPN,VoIP,Facebook
nonVPN_VoIP_Facebook_video_3.pcap.UDP_131-202-240-150_50230_173-252-79-86_50005_stream_0.pcap,udp_0,udp,0,Facebook,nonVPN,VoIP,Facebook
nonVPN_VoIP_Facebook_video_3.pcap.UDP_131-202-240-150_54274_173-252-79-86_50005_stream_0.pcap,udp_0,udp,0,Facebook,nonVPN,VoIP,Facebook
nonVPN_VoIP_Facebook_video_3.pcap.UDP_131-202-240-150_55494_173-252-79-86_50005_stream_0.pcap,udp_0,udp,0,Facebook,nonVPN,VoIP,Facebook
nonVPN_VoIP_Facebook_video_3.pcap.UDP_131-202-240-150_56164_216-58-219-227_443_stream_0.pcap,udp_0,udp,0,Facebook,nonVPN,VoIP,Facebook
nonVPN_VoIP_Facebook_video_3.pcap.UDP_131-202-240-150_56450_173-252-79-86_50005_stream_0.pcap,udp_0,udp,0,Facebook,nonVPN,VoIP,Facebook
nonVPN_VoIP_Facebook_video_3.pcap.UDP_131-202-240-87_51424_131-202-240-150_47119_stream_0.pcap,udp_0,udp,0,Facebook,nonVPN,VoIP,Facebook
nonVPN_VoIP_Facebook_video_3.pcap.UDP_69-171-239-36_3478_131-202-240-150_37209_stream_0.pcap,udp_0,udp,0,Facebook,nonVPN,VoIP,Facebook
nonVPN_VoIP_Facebook_video_3.pcap.UDP_69-171-239-36_3478_131-202-240-150_35146_stream_0.pcap,udp_0,udp,0,Facebook,nonVPN,VoIP,Facebook
nonVPN_VoIP_Facebook_video_3.pcap.UDP_69-171-239-36_3478_131-202-240-150_38633_stream_0.pcap,udp_0,udp,0,Facebook,nonVPN,VoIP,Facebook
nonVPN_VoIP_Facebook_video_3.pcap.UDP_69-171-239-36_3478_131-202-240-150_41477_stream_0.pcap,udp_0,udp,0,Facebook,nonVPN,VoIP,Facebook
nonVPN_VoIP_Facebook_video_3.pcap.UDP_69-171-239-36_3478_131-202-240-150_47119_stream_0.pcap,udp_0,udp,0,Facebook,nonVPN,VoIP,Facebook
nonVPN_VoIP_Facebook_video_3.pcap.UDP_69-171-239-36_3478_131-202-240-150_50230_stream_0.pcap,udp_0,udp,0,Facebook,nonVPN,VoIP,Facebook
nonVPN_VoIP_Facebook_video_3.pcap.UDP_69-171-239-36_3478_131-202-240-150_50132_stream_0.pcap,udp_0,udp,0,Facebook,nonVPN,VoIP,Facebook
nonVPN_VoIP_Facebook_video_3.pcap.UDP_69-171-239-36_3478_131-202-240-150_55167_stream_0.pcap,udp_0,udp,0,Facebook,nonVPN,VoIP,Facebook
nonVPN_VoIP_Facebook_video_3.pcap.UDP_69-171-239-36_3478_131-202-240-150_55494_stream_0.pcap,udp_0,udp,0,Facebook,nonVPN,VoIP,Facebook
nonVPN_VoIP_Facebook_video_4.pcap.TCP_131-202-240-87_2504_173-252-100-27_443_stream_0.pcap,tcp_0,tcp,0,Facebook,nonVPN,VoIP,Facebook
nonVPN_VoIP_Facebook_video_4.pcap.TCP_131-202-240-87_2505_173-252-79-94_3478_stream_0.pcap,tcp_0,tcp,0,Facebook,nonVPN,VoIP,Facebook
nonVPN_VoIP_Facebook_video_4.pcap.TCP_131-202-240-87_2512_173-252-100-27_443_stream_0.pcap,tcp_0,tcp,0,Facebook,nonVPN,VoIP,Facebook
nonVPN_VoIP_Facebook_video_4.pcap.TCP_131-202-240-87_2508_173-252-79-94_3478_stream_0.pcap,tcp_0,tcp,0,Facebook,nonVPN,VoIP,Facebook
nonVPN_VoIP_Facebook_video_4.pcap.TCP_131-202-6-26_13000_131-202-240-87_2515_stream_0.pcap,tcp_0,tcp,0,Facebook,nonVPN,VoIP,Facebook
nonVPN_VoIP_Facebook_video_4.pcap.UDP_131-202-240-87_51424_131-202-240-150_47119_stream_0.pcap,udp_0,udp,0,Facebook,nonVPN,VoIP,Facebook
nonVPN_VoIP_Facebook_video_4.pcap.UDP_131-202-240-87_51424_173-252-79-86_51442_stream_0.pcap,udp_0,udp,0,Facebook,nonVPN,VoIP,Facebook
nonVPN_VoIP_Facebook_video_4.pcap.UDP_131-202-240-87_51424_173-252-79-86_51780_stream_0.pcap,udp_0,udp,0,Facebook,nonVPN,VoIP,Facebook
nonVPN_VoIP_Facebook_video_4.pcap.UDP_131-202-240-87_51424_173-252-79-86_53066_stream_0.pcap,udp_0,udp,0,Facebook,nonVPN,VoIP,Facebook
nonVPN_VoIP_Facebook_video_4.pcap.UDP_131-202-240-87_51424_173-252-79-86_58907_stream_0.pcap,udp_0,udp,0,Facebook,nonVPN,VoIP,Facebook
nonVPN_VoIP_Facebook_video_4.pcap.UDP_131-202-240-87_51424_173-252-79-86_58268_stream_0.pcap,udp_0,udp,0,Facebook,nonVPN,VoIP,Facebook
nonVPN_VoIP_Facebook_video_4.pcap.UDP_131-202-240-87_51424_173-252-79-94_3478_stream_0.pcap,udp_0,udp,0,Facebook,nonVPN,VoIP,Facebook
nonVPN_VoIP_Facebook_video_4.pcap.UDP_131-202-240-87_51424_173-252-79-94_443_stream_0.pcap,udp_0,udp,0,Facebook,nonVPN,VoIP,Facebook
nonVPN_VoIP_Facebook_video_4.pcap.UDP_131-202-240-87_51424_173-252-79-94_50029_stream_0.pcap,udp_0,udp,0,Facebook,nonVPN,VoIP,Facebook
nonVPN_VoIP_Facebook_video_4.pcap.UDP_131-202-240-87_51425_173-252-79-94_3478_stream_0.pcap,udp_0,udp,0,Facebook,nonVPN,VoIP,Facebook
nonVPN_VoIP_Facebook_video_4.pcap.UDP_131-202-240-87_51425_173-252-79-94_443_stream_0.pcap,udp_0,udp,0,Facebook,nonVPN,VoIP,Facebook
nonVPN_VoIP_Facebook_video_4.pcap.UDP_69-171-239-36_3478_131-202-240-87_51425_stream_0.pcap,udp_0,udp,0,Facebook,nonVPN,VoIP,Facebook
nonVPN_VoIP_Facebook_video_3.pcap.UDP_131-202-240-87_51424_131-202-240-150_35146_stream_0.pcap,udp_0,udp,0,Facebook,nonVPN,VoIP,Facebook
nonVPN_VoIP_Facebook_video_4.pcap.UDP_131-202-240-87_51424_131-202-240-150_35146_stream_0.pcap,udp_0,udp,0,Facebook,nonVPN,VoIP,Facebook
nonVPN_VoIP_Facebook_video_2.pcap.UDP_131-202-240-87_51706_131-202-240-150_43584_stream_0.pcap,udp_0,udp,0,Facebook,nonVPN,VoIP,Facebook
nonVPN_VoIP_Facebook_video_1.pcap.UDP_131-202-240-87_51706_131-202-240-150_43584_stream_0.pcap,udp_0,udp,0,Facebook,nonVPN,VoIP,Facebook
nonVPN_VoIP_Facebook_video_4.pcap.UDP_131-202-240-87_51425_131-202-240-150_38633_stream_0.pcap,udp_0,udp,0,Facebook,nonVPN,VoIP,Facebook
VPN_Chat_Hangouts_none_1.pcap.TCP_10-8-8-178_35476_216-58-210-35_80_stream_0.pcap,tcp_0,tcp,0,Hangouts,VPN,Chat,Hangouts
VPN_Chat_Hangouts_none_1.pcap.TCP_10-8-8-178_52203_173-194-67-94_80_stream_0.pcap,tcp_0,tcp,0,Hangouts,VPN,Chat,Hangouts
VPN_Chat_Hangouts_none_1.pcap.TCP_10-8-8-178_52204_173-194-67-94_80_stream_0.pcap,tcp_0,tcp,0,Hangouts,VPN,Chat,Hangouts
VPN_Chat_Hangouts_none_1.pcap.TCP_10-8-8-178_52914_91-189-89-240_80_stream_0.pcap,tcp_0,tcp,0,Hangouts,VPN,Chat,Hangouts
VPN_Chat_Hangouts_none_1.pcap.TCP_10-8-8-178_59903_216-58-210-46_80_stream_0.pcap,tcp_0,tcp,0,Hangouts,VPN,Chat,Hangouts
VPN_Chat_Hangouts_none_1.pcap.TCP_10-8-8-178_59904_216-58-210-46_80_stream_0.pcap,tcp_0,tcp,0,Hangouts,VPN,Chat,Hangouts
VPN_Chat_Hangouts_none_1.pcap.TCP_10-8-8-178_59906_216-58-210-46_80_stream_0.pcap,tcp_0,tcp,0,Hangouts,VPN,Chat,Hangouts
VPN_Chat_Hangouts_none_1.pcap.TCP_10-8-8-178_59905_216-58-210-46_80_stream_0.pcap,tcp_0,tcp,0,Hangouts,VPN,Chat,Hangouts
VPN_VoIP_Hangouts_audio_1.pcap.TCP_10-8-0-14_35987_137-116-32-77_443_stream_0.pcap,tcp_0,tcp,0,Hangouts,VPN,VoIP,Hangouts
VPN_VoIP_Hangouts_audio_1.pcap.TCP_10-8-0-14_60188_74-125-226-0_80_stream_0.pcap,tcp_0,tcp,0,Hangouts,VPN,VoIP,Hangouts
VPN_VoIP_Hangouts_audio_1.pcap.UDP_10-8-0-14_51351_173-194-207-127_19302_stream_0.pcap,udp_0,udp,0,Hangouts,VPN,VoIP,Hangouts
VPN_VoIP_Hangouts_audio_1.pcap.UDP_10-8-0-14_56645_173-194-207-127_19302_stream_0.pcap,udp_0,udp,0,Hangouts,VPN,VoIP,Hangouts
VPN_VoIP_Hangouts_audio_1.pcap.UDP_10-8-0-14_56645_173-194-76-127_19305_stream_0.pcap,udp_0,udp,0,Hangouts,VPN,VoIP,Hangouts
VPN_VoIP_Hangouts_audio_1.pcap.UDP_10-8-0-14_51351_173-194-76-127_19305_stream_0.pcap,udp_0,udp,0,Hangouts,VPN,VoIP,Hangouts
nonVPN_Chat_Hangouts_none_1.pcap.TCP_131-202-6-26_13000_131-202-240-87_65088_stream_0.pcap,tcp_0,tcp,0,Hangouts,nonVPN,Chat,Hangouts
nonVPN_Chat_Hangouts_none_1.pcap.TCP_131-202-6-26_13000_131-202-240-87_65090_stream_0.pcap,tcp_0,tcp,0,Hangouts,nonVPN,Chat,Hangouts
nonVPN_Chat_Hangouts_none_1.pcap.TCP_131-202-6-26_13000_131-202-240-87_65077_stream_0.pcap,tcp_0,tcp,0,Hangouts,nonVPN,Chat,Hangouts
nonVPN_Chat_Hangouts_none_1.pcap.TCP_131-202-6-26_13111_131-202-240-87_65094_stream_0.pcap,tcp_0,tcp,0,Hangouts,nonVPN,Chat,Hangouts
nonVPN_Chat_Hangouts_none_1.pcap.TCP_131-202-6-26_13000_131-202-240-87_65091_stream_0.pcap,tcp_0,tcp,0,Hangouts,nonVPN,Chat,Hangouts
nonVPN_Chat_Hangouts_none_1.pcap.TCP_38-124-168-119_80_131-202-240-87_65089_stream_0.pcap,tcp_0,tcp,0,Hangouts,nonVPN,Chat,Hangouts
nonVPN_Chat_Hangouts_none_1.pcap.UDP_131-202-240-87_61802_173-194-73-189_443_stream_0.pcap,udp_0,udp,0,Hangouts,nonVPN,Chat,Hangouts
nonVPN_Chat_Hangouts_none_1.pcap.UDP_74-125-226-165_443_131-202-240-87_60554_stream_0.pcap,udp_0,udp,0,Hangouts,nonVPN,Chat,Hangouts
nonVPN_Chat_Hangouts_none_1.pcap.UDP_74-125-226-165_443_131-202-240-87_63692_stream_0.pcap,udp_0,udp,0,Hangouts,nonVPN,Chat,Hangouts
nonVPN_Chat_Hangouts_none_1.pcap.UDP_74-125-226-166_443_131-202-240-87_55908_stream_0.pcap,udp_0,udp,0,Hangouts,nonVPN,Chat,Hangouts
nonVPN_Chat_Hangouts_none_1.pcap.UDP_74-125-226-166_443_131-202-240-87_63939_stream_0.pcap,udp_0,udp,0,Hangouts,nonVPN,Chat,Hangouts
nonVPN_Chat_Hangouts_none_1.pcap.UDP_74-125-226-181_443_131-202-240-87_61995_stream_0.pcap,udp_0,udp,0,Hangouts,nonVPN,Chat,Hangouts
nonVPN_Chat_Hangouts_none_1.pcap.UDP_74-125-226-181_443_131-202-240-87_55906_stream_0.pcap,udp_0,udp,0,Hangouts,nonVPN,Chat,Hangouts
nonVPN_Chat_Hangouts_none_1.pcap.UDP_74-125-226-168_443_131-202-240-87_50487_stream_0.pcap,udp_0,udp,0,Hangouts,nonVPN,Chat,Hangouts
nonVPN_Chat_Hangouts_none_1.pcap.UDP_74-125-226-182_443_131-202-240-87_56768_stream_0.pcap,udp_0,udp,0,Hangouts,nonVPN,Chat,Hangouts
nonVPN_Chat_Hangouts_none_1.pcap.UDP_74-125-226-182_443_131-202-240-87_63690_stream_0.pcap,udp_0,udp,0,Hangouts,nonVPN,Chat,Hangouts
nonVPN_Chat_Hangouts_none_1.pcap.UDP_74-125-226-182_443_131-202-240-87_63694_stream_0.pcap,udp_0,udp,0,Hangouts,nonVPN,Chat,Hangouts
nonVPN_Chat_Hangouts_none_1.pcap.UDP_74-125-228-224_443_131-202-240-87_55902_stream_0.pcap,udp_0,udp,0,Hangouts,nonVPN,Chat,Hangouts
nonVPN_Chat_Hangouts_none_1.pcap.UDP_74-125-228-245_443_131-202-240-87_50489_stream_0.pcap,udp_0,udp,0,Hangouts,nonVPN,Chat,Hangouts
nonVPN_Chat_Hangouts_none_1.pcap.UDP_77-72-169-130_11113_131-202-240-87_17208_stream_0.pcap,udp_0,udp,0,Hangouts,nonVPN,Chat,Hangouts
nonVPN_Chat_Hangouts_none_2.pcap.TCP_131-202-6-26_13000_131-202-240-242_32683_stream_0.pcap,tcp_0,tcp,0,Hangouts,nonVPN,Chat,Hangouts
nonVPN_Chat_Hangouts_none_1.pcap.UDP_74-125-226-168_443_131-202-240-87_57066_stream_0.pcap,udp_0,udp,0,Hangouts,nonVPN,Chat,Hangouts
nonVPN_Chat_Hangouts_none_2.pcap.TCP_131-202-6-26_13111_131-202-240-242_32684_stream_0.pcap,tcp_0,tcp,0,Hangouts,nonVPN,Chat,Hangouts
nonVPN_Chat_Hangouts_none_2.pcap.UDP_131-202-240-242_50816_173-194-123-100_443_stream_0.pcap,udp_0,udp,0,Hangouts,nonVPN,Chat,Hangouts
nonVPN_Chat_Hangouts_none_2.pcap.UDP_74-125-226-163_443_131-202-240-242_52929_stream_0.pcap,udp_0,udp,0,Hangouts,nonVPN,Chat,Hangouts
nonVPN_Chat_Hangouts_none_2.pcap.UDP_74-125-226-166_443_131-202-240-242_54307_stream_0.pcap,udp_0,udp,0,Hangouts,nonVPN,Chat,Hangouts
nonVPN_Chat_Hangouts_none_2.pcap.UDP_74-125-226-166_443_131-202-240-242_62320_stream_0.pcap,udp_0,udp,0,Hangouts,nonVPN,Chat,Hangouts
nonVPN_Chat_Hangouts_none_2.pcap.UDP_74-125-226-182_443_131-202-240-242_50143_stream_0.pcap,udp_0,udp,0,Hangouts,nonVPN,Chat,Hangouts
nonVPN_Chat_Hangouts_none_2.pcap.UDP_74-125-226-182_443_131-202-240-242_51488_stream_0.pcap,udp_0,udp,0,Hangouts,nonVPN,Chat,Hangouts
nonVPN_Chat_Hangouts_none_2.pcap.UDP_74-125-226-166_443_131-202-240-242_57880_stream_0.pcap,udp_0,udp,0,Hangouts,nonVPN,Chat,Hangouts
nonVPN_Chat_Hangouts_none_2.pcap.UDP_74-125-226-182_443_131-202-240-242_58496_stream_0.pcap,udp_0,udp,0,Hangouts,nonVPN,Chat,Hangouts
nonVPN_Chat_Hangouts_none_2.pcap.UDP_74-125-226-182_443_131-202-240-242_59710_stream_0.pcap,udp_0,udp,0,Hangouts,nonVPN,Chat,Hangouts
nonVPN_Chat_Hangouts_none_2.pcap.UDP_74-125-226-163_443_131-202-240-242_61684_stream_0.pcap,udp_0,udp,0,Hangouts,nonVPN,Chat,Hangouts
nonVPN_Chat_Hangouts_none_2.pcap.UDP_74-125-228-246_443_131-202-240-242_56879_stream_0.pcap,udp_0,udp,0,Hangouts,nonVPN,Chat,Hangouts
nonVPN_Chat_Hangouts_none_2.pcap.UDP_74-125-226-191_443_131-202-240-242_53189_stream_0.pcap,udp_0,udp,0,Hangouts,nonVPN,Chat,Hangouts
nonVPN_Chat_Hangouts_none_2.pcap.UDP_74-125-26-189_443_131-202-240-242_61417_stream_0.pcap,udp_0,udp,0,Hangouts,nonVPN,Chat,Hangouts
nonVPN_VoIP_Hangouts_audio_1.pcap.UDP_131-202-240-150_33306_173-194-76-127_19302_stream_0.pcap,udp_0,udp,0,Hangouts,nonVPN,VoIP,Hangouts
nonVPN_VoIP_Hangouts_audio_1.pcap.UDP_131-202-240-150_38451_173-194-76-127_19302_stream_0.pcap,udp_0,udp,0,Hangouts,nonVPN,VoIP,Hangouts
nonVPN_VoIP_Hangouts_audio_1.pcap.UDP_131-202-240-150_39577_216-58-219-227_443_stream_0.pcap,udp_0,udp,0,Hangouts,nonVPN,VoIP,Hangouts
nonVPN_VoIP_Hangouts_audio_1.pcap.UDP_131-202-240-150_42261_216-58-219-238_443_stream_0.pcap,udp_0,udp,0,Hangouts,nonVPN,VoIP,Hangouts
nonVPN_VoIP_Hangouts_audio_1.pcap.UDP_131-202-240-150_33306_173-194-76-127_19305_stream_0.pcap,udp_0,udp,0,Hangouts,nonVPN,VoIP,Hangouts
nonVPN_VoIP_Hangouts_audio_2.pcap.TCP_131-202-6-26_13000_131-202-240-87_2633_stream_0.pcap,tcp_0,tcp,0,Hangouts,nonVPN,VoIP,Hangouts
nonVPN_VoIP_Hangouts_audio_2.pcap.TCP_131-202-6-26_13000_131-202-240-87_2636_stream_0.pcap,tcp_0,tcp,0,Hangouts,nonVPN,VoIP,Hangouts
nonVPN_VoIP_Hangouts_audio_2.pcap.TCP_131-202-6-26_13000_131-202-240-87_2634_stream_0.pcap,tcp_0,tcp,0,Hangouts,nonVPN,VoIP,Hangouts
nonVPN_VoIP_Hangouts_audio_2.pcap.TCP_131-202-6-26_13111_131-202-240-87_2638_stream_0.pcap,tcp_0,tcp,0,Hangouts,nonVPN,VoIP,Hangouts
nonVPN_VoIP_Hangouts_audio_2.pcap.TCP_131-202-6-26_13111_131-202-240-87_2628_stream_0.pcap,tcp_0,tcp,0,Hangouts,nonVPN,VoIP,Hangouts
nonVPN_VoIP_Hangouts_audio_2.pcap.TCP_131-202-6-26_13111_131-202-240-87_2639_stream_0.pcap,tcp_0,tcp,0,Hangouts,nonVPN,VoIP,Hangouts
nonVPN_VoIP_Hangouts_audio_2.pcap.TCP_4-28-136-36_80_131-202-240-87_2635_stream_0.pcap,tcp_0,tcp,0,Hangouts,nonVPN,VoIP,Hangouts
nonVPN_VoIP_Hangouts_audio_2.pcap.UDP_131-202-240-87_52545_216-58-219-206_443_stream_0.pcap,udp_0,udp,0,Hangouts,nonVPN,VoIP,Hangouts
nonVPN_VoIP_Hangouts_audio_2.pcap.UDP_131-202-240-87_61030_173-194-123-71_443_stream_0.pcap,udp_0,udp,0,Hangouts,nonVPN,VoIP,Hangouts
nonVPN_VoIP_Hangouts_audio_2.pcap.UDP_131-202-240-87_59216_173-194-76-127_19305_stream_0.pcap,udp_0,udp,0,Hangouts,nonVPN,VoIP,Hangouts
nonVPN_VoIP_Hangouts_audio_3.pcap.UDP_131-202-240-150_34844_173-194-207-127_19302_stream_0.pcap,udp_0,udp,0,Hangouts,nonVPN,VoIP,Hangouts
nonVPN_VoIP_Hangouts_audio_3.pcap.UDP_131-202-240-150_34844_173-194-76-127_19305_stream_0.pcap,udp_0,udp,0,Hangouts,nonVPN,VoIP,Hangouts
nonVPN_VoIP_Hangouts_audio_3.pcap.UDP_131-202-240-150_37841_216-58-219-238_443_stream_0.pcap,udp_0,udp,0,Hangouts,nonVPN,VoIP,Hangouts
nonVPN_VoIP_Hangouts_audio_3.pcap.UDP_131-202-240-150_53018_173-194-207-127_19302_stream_0.pcap,udp_0,udp,0,Hangouts,nonVPN,VoIP,Hangouts
nonVPN_VoIP_Hangouts_audio_3.pcap.UDP_131-202-240-150_55703_216-58-219-206_443_stream_0.pcap,udp_0,udp,0,Hangouts,nonVPN,VoIP,Hangouts
nonVPN_VoIP_Hangouts_audio_3.pcap.UDP_131-202-240-150_56115_173-194-123-72_443_stream_0.pcap,udp_0,udp,0,Hangouts,nonVPN,VoIP,Hangouts
nonVPN_VoIP_Hangouts_audio_4.pcap.TCP_131-202-240-87_2695_173-194-207-127_19305_stream_0.pcap,tcp_0,tcp,0,Hangouts,nonVPN,VoIP,Hangouts
nonVPN_VoIP_Hangouts_audio_4.pcap.TCP_131-202-6-26_13000_131-202-240-87_2705_stream_0.pcap,tcp_0,tcp,0,Hangouts,nonVPN,VoIP,Hangouts
nonVPN_VoIP_Hangouts_audio_4.pcap.TCP_131-202-6-26_13000_131-202-240-87_2708_stream_0.pcap,tcp_0,tcp,0,Hangouts,nonVPN,VoIP,Hangouts
nonVPN_VoIP_Hangouts_audio_4.pcap.TCP_131-202-6-26_13000_131-202-240-87_2711_stream_0.pcap,tcp_0,tcp,0,Hangouts,nonVPN,VoIP,Hangouts
nonVPN_VoIP_Hangouts_audio_4.pcap.TCP_131-202-6-26_13000_131-202-240-87_2706_stream_0.pcap,tcp_0,tcp,0,Hangouts,nonVPN,VoIP,Hangouts
nonVPN_VoIP_Hangouts_audio_4.pcap.TCP_131-202-6-26_13111_131-202-240-87_2712_stream_0.pcap,tcp_0,tcp,0,Hangouts,nonVPN,VoIP,Hangouts
nonVPN_VoIP_Hangouts_audio_4.pcap.UDP_131-202-240-87_24714_210-195-24-172_23085_stream_0.pcap,udp_0,udp,0,Hangouts,nonVPN,VoIP,Hangouts
nonVPN_VoIP_Hangouts_audio_4.pcap.UDP_131-202-240-87_61630_216-58-219-206_443_stream_0.pcap,udp_0,udp,0,Hangouts,nonVPN,VoIP,Hangouts
nonVPN_VoIP_Hangouts_audio_5.pcap.TCP_10-0-2-15_49483_65-52-103-247_443_stream_0.pcap,tcp_0,tcp,0,Hangouts,nonVPN,VoIP,Hangouts
nonVPN_VoIP_Hangouts_audio_5.pcap.TCP_10-0-2-15_49490_209-148-205-9_80_stream_0.pcap,tcp_0,tcp,0,Hangouts,nonVPN,VoIP,Hangouts
nonVPN_VoIP_Hangouts_audio_5.pcap.TCP_10-0-2-15_49491_204-79-197-213_443_stream_0.pcap,tcp_0,tcp,0,Hangouts,nonVPN,VoIP,Hangouts
nonVPN_VoIP_Hangouts_audio_5.pcap.TCP_10-0-2-15_49492_204-79-197-213_443_stream_0.pcap,tcp_0,tcp,0,Hangouts,nonVPN,VoIP,Hangouts
nonVPN_VoIP_Hangouts_audio_5.pcap.TCP_10-0-2-15_49493_204-79-197-213_443_stream_0.pcap,tcp_0,tcp,0,Hangouts,nonVPN,VoIP,Hangouts
nonVPN_VoIP_Hangouts_audio_5.pcap.TCP_10-0-2-15_49503_93-184-215-200_80_stream_0.pcap,tcp_0,tcp,0,Hangouts,nonVPN,VoIP,Hangouts
nonVPN_VoIP_Hangouts_audio_5.pcap.TCP_10-0-2-15_49527_137-116-32-77_443_stream_0.pcap,tcp_0,tcp,0,Hangouts,nonVPN,VoIP,Hangouts
nonVPN_VoIP_Hangouts_audio_5.pcap.TCP_10-0-2-15_49533_209-148-205-9_80_stream_0.pcap,tcp_0,tcp,0,Hangouts,nonVPN,VoIP,Hangouts
nonVPN_VoIP_Hangouts_audio_5.pcap.TCP_10-0-2-15_49534_209-148-205-9_80_stream_0.pcap,tcp_0,tcp,0,Hangouts,nonVPN,VoIP,Hangouts
nonVPN_VoIP_Hangouts_audio_5.pcap.TCP_10-0-2-15_49537_23-194-223-54_80_stream_0.pcap,tcp_0,tcp,0,Hangouts,nonVPN,VoIP,Hangouts
nonVPN_VoIP_Hangouts_audio_5.pcap.TCP_10-0-2-15_49535_209-148-205-9_80_stream_0.pcap,tcp_0,tcp,0,Hangouts,nonVPN,VoIP,Hangouts
nonVPN_VoIP_Hangouts_audio_5.pcap.TCP_10-0-2-15_49547_93-184-215-200_80_stream_0.pcap,tcp_0,tcp,0,Hangouts,nonVPN,VoIP,Hangouts
nonVPN_VoIP_Hangouts_audio_5.pcap.TCP_10-0-2-15_49549_209-148-205-9_80_stream_0.pcap,tcp_0,tcp,0,Hangouts,nonVPN,VoIP,Hangouts
nonVPN_VoIP_Hangouts_audio_5.pcap.TCP_10-0-2-15_49551_23-194-223-54_80_stream_0.pcap,tcp_0,tcp,0,Hangouts,nonVPN,VoIP,Hangouts
nonVPN_VoIP_Hangouts_audio_5.pcap.TCP_10-0-2-15_49550_209-148-205-9_80_stream_0.pcap,tcp_0,tcp,0,Hangouts,nonVPN,VoIP,Hangouts
nonVPN_VoIP_Hangouts_audio_5.pcap.UDP_10-0-2-15_50107_173-194-123-9_443_stream_0.pcap,udp_0,udp,0,Hangouts,nonVPN,VoIP,Hangouts
nonVPN_VoIP_Hangouts_audio_5.pcap.UDP_10-0-2-15_58684_173-194-123-98_443_stream_0.pcap,udp_0,udp,0,Hangouts,nonVPN,VoIP,Hangouts
nonVPN_VoIP_Hangouts_audio_6.pcap.TCP_131-202-240-101_36750_137-116-32-77_443_stream_0.pcap,tcp_0,tcp,0,Hangouts,nonVPN,VoIP,Hangouts
nonVPN_VoIP_Hangouts_audio_6.pcap.TCP_131-202-240-101_55948_137-116-224-167_443_stream_0.pcap,tcp_0,tcp,0,Hangouts,nonVPN,VoIP,Hangouts
nonVPN_VoIP_Hangouts_audio_6.pcap.UDP_131-202-240-101_34079_173-194-207-127_19302_stream_0.pcap,udp_0,udp,0,Hangouts,nonVPN,VoIP,Hangouts
nonVPN_VoIP_Hangouts_audio_5.pcap.UDP_10-0-2-15_63026_173-194-207-127_19305_stream_0.pcap,udp_0,udp,0,Hangouts,nonVPN,VoIP,Hangouts
nonVPN_VoIP_Hangouts_audio_6.pcap.UDP_131-202-240-101_40701_173-194-207-127_19305_stream_0.pcap,udp_0,udp,0,Hangouts,nonVPN,VoIP,Hangouts
nonVPN_VoIP_Hangouts_audio_6.pcap.UDP_131-202-240-101_44106_131-202-240-150_40273_stream_0.pcap,udp_0,udp,0,Hangouts,nonVPN,VoIP,Hangouts
nonVPN_VoIP_Hangouts_audio_6.pcap.UDP_131-202-240-101_34079_173-194-207-127_19305_stream_0.pcap,udp_0,udp,0,Hangouts,nonVPN,VoIP,Hangouts
nonVPN_VoIP_Hangouts_audio_6.pcap.UDP_83-222-105-86_27026_131-202-240-101_27940_stream_0.pcap,udp_0,udp,0,Hangouts,nonVPN,VoIP,Hangouts
nonVPN_VoIP_Hangouts_audio_6.pcap.UDP_93-91-51-135_2106_131-202-240-101_4183_stream_0.pcap,udp_0,udp,0,Hangouts,nonVPN,VoIP,Hangouts
nonVPN_VoIP_Hangouts_video_1.pcap.TCP_131-202-6-26_13000_131-202-240-87_2614_stream_0.pcap,tcp_0,tcp,0,Hangouts,nonVPN,VoIP,Hangouts
nonVPN_VoIP_Hangouts_video_1.pcap.TCP_131-202-6-26_13000_131-202-240-87_2617_stream_0.pcap,tcp_0,tcp,0,Hangouts,nonVPN,VoIP,Hangouts
nonVPN_VoIP_Hangouts_video_2.pcap.UDP_131-202-240-150_47447_173-194-76-127_19302_stream_0.pcap,udp_0,udp,0,Hangouts,nonVPN,VoIP,Hangouts
nonVPN_VoIP_Hangouts_video_2.pcap.UDP_131-202-240-150_47447_173-194-207-127_19305_stream_0.pcap,udp_0,udp,0,Hangouts,nonVPN,VoIP,Hangouts
nonVPN_VoIP_Hangouts_video_2.pcap.UDP_131-202-240-150_50134_216-58-219-237_443_stream_0.pcap,udp_0,udp,0,Hangouts,nonVPN,VoIP,Hangouts
nonVPN_VoIP_Hangouts_video_2.pcap.UDP_131-202-240-150_57937_173-194-76-127_19302_stream_0.pcap,udp_0,udp,0,Hangouts,nonVPN,VoIP,Hangouts
nonVPN_VoIP_Hangouts_video_2.pcap.UDP_131-202-240-150_58746_216-58-219-227_443_stream_0.pcap,udp_0,udp,0,Hangouts,nonVPN,VoIP,Hangouts
nonVPN_VoIP_Hangouts_video_3.pcap.TCP_131-202-240-87_2652_173-194-76-127_19305_stream_0.pcap,tcp_0,tcp,0,Hangouts,nonVPN,VoIP,Hangouts
nonVPN_VoIP_Hangouts_video_3.pcap.TCP_131-202-6-26_13111_131-202-240-87_2663_stream_0.pcap,tcp_0,tcp,0,Hangouts,nonVPN,VoIP,Hangouts
nonVPN_VoIP_Hangouts_video_3.pcap.TCP_131-202-6-26_13000_131-202-240-87_2667_stream_0.pcap,tcp_0,tcp,0,Hangouts,nonVPN,VoIP,Hangouts
nonVPN_VoIP_Hangouts_video_3.pcap.TCP_131-202-6-26_13111_131-202-240-87_2664_stream_0.pcap,tcp_0,tcp,0,Hangouts,nonVPN,VoIP,Hangouts
nonVPN_VoIP_Hangouts_video_3.pcap.TCP_93-184-215-200_80_131-202-240-87_2662_stream_0.pcap,tcp_0,tcp,0,Hangouts,nonVPN,VoIP,Hangouts
nonVPN_VoIP_Hangouts_video_3.pcap.UDP_131-202-240-87_57485_216-58-219-206_443_stream_0.pcap,udp_0,udp,0,Hangouts,nonVPN,VoIP,Hangouts
nonVPN_VoIP_Hangouts_video_3.pcap.UDP_131-202-240-87_62922_173-194-123-72_443_stream_0.pcap,udp_0,udp,0,Hangouts,nonVPN,VoIP,Hangouts
nonVPN_VoIP_Hangouts_video_1.pcap.UDP_131-202-240-87_62527_173-194-76-127_19305_stream_0.pcap,udp_0,udp,0,Hangouts,nonVPN,VoIP,Hangouts
nonVPN_VoIP_Hangouts_video_3.pcap.UDP_131-202-240-87_53171_173-194-76-127_19305_stream_0.pcap,udp_0,udp,0,Hangouts,nonVPN,VoIP,Hangouts
nonVPN_VoIP_Hangouts_video_2.pcap.UDP_131-202-240-150_57937_173-194-207-127_19305_stream_0.pcap,udp_0,udp,0,Hangouts,nonVPN,VoIP,Hangouts
VPN_Chat_ICQ_none_1.pcap.TCP_10-8-8-178_40028_137-117-177-33_443_stream_0.pcap,tcp_0,tcp,0,ICQ,VPN,Chat,ICQ
VPN_Chat_ICQ_none_1.pcap.UDP_10-8-8-178_15685_105-97-100-100_11891_stream_0.pcap,udp_0,udp,0,ICQ,VPN,Chat,ICQ
VPN_Chat_ICQ_none_1.pcap.UDP_10-8-8-178_15685_111-221-77-153_40019_stream_0.pcap,udp_0,udp,0,ICQ,VPN,Chat,ICQ
VPN_Chat_ICQ_none_1.pcap.UDP_10-8-8-178_15685_111-221-77-153_40033_stream_0.pcap,udp_0,udp,0,ICQ,VPN,Chat,ICQ
VPN_Chat_ICQ_none_1.pcap.UDP_10-8-8-178_15685_111-221-77-171_443_stream_0.pcap,udp_0,udp,0,ICQ,VPN,Chat,ICQ
VPN_Chat_ICQ_none_1.pcap.UDP_10-8-8-178_15685_111-221-77-154_40005_stream_0.pcap,udp_0,udp,0,ICQ,VPN,Chat,ICQ
VPN_Chat_ICQ_none_1.pcap.UDP_10-8-8-178_15685_157-55-130-147_40019_stream_0.pcap,udp_0,udp,0,ICQ,VPN,Chat,ICQ
VPN_Chat_ICQ_none_1.pcap.UDP_10-8-8-178_15685_157-55-130-168_40019_stream_0.pcap,udp_0,udp,0,ICQ,VPN,Chat,ICQ
VPN_Chat_ICQ_none_1.pcap.UDP_10-8-8-178_15685_157-55-130-142_40019_stream_0.pcap,udp_0,udp,0,ICQ,VPN,Chat,ICQ
VPN_Chat_ICQ_none_1.pcap.UDP_10-8-8-178_15685_157-55-130-172_40027_stream_0.pcap,udp_0,udp,0,ICQ,VPN,Chat,ICQ
VPN_Chat_ICQ_none_1.pcap.UDP_10-8-8-178_15685_191-254-252-23_32994_stream_0.pcap,udp_0,udp,0,ICQ,VPN,Chat,ICQ
VPN_Chat_ICQ_none_1.pcap.UDP_10-8-8-178_15685_157-56-52-25_40002_stream_0.pcap,udp_0,udp,0,ICQ,VPN,Chat,ICQ
VPN_Chat_ICQ_none_1.pcap.UDP_10-8-8-178_15685_188-54-181-196_26861_stream_0.pcap,udp_0,udp,0,ICQ,VPN,Chat,ICQ
VPN_Chat_ICQ_none_1.pcap.UDP_10-8-8-178_15685_64-4-23-162_40019_stream_0.pcap,udp_0,udp,0,ICQ,VPN,Chat,ICQ
VPN_Chat_ICQ_none_1.pcap.UDP_10-8-8-178_15685_78-84-178-114_18854_stream_0.pcap,udp_0,udp,0,ICQ,VPN,Chat,ICQ
VPN_Chat_ICQ_none_1.pcap.UDP_10-8-8-178_15685_65-55-223-25_40002_stream_0.pcap,udp_0,udp,0,ICQ,VPN,Chat,ICQ
nonVPN_Chat_ICQ_none_1.pcap.UDP_77-72-169-132_11113_131-202-240-87_30315_stream_0.pcap,udp_0,udp,0,ICQ,nonVPN,Chat,ICQ
nonVPN_Chat_ICQ_none_2.pcap.TCP_131-202-240-87_62085_134-170-115-62_443_stream_0.pcap,tcp_0,tcp,0,ICQ,nonVPN,Chat,ICQ
nonVPN_Chat_ICQ_none_2.pcap.TCP_131-202-6-26_13111_131-202-240-87_62088_stream_0.pcap,tcp_0,tcp,0,ICQ,nonVPN,Chat,ICQ
nonVPN_Chat_ICQ_none_2.pcap.UDP_77-72-169-135_11113_131-202-240-87_43302_stream_0.pcap,udp_0,udp,0,ICQ,nonVPN,Chat,ICQ
nonVPN_Chat_ICQ_none_3.pcap.TCP_131-202-6-26_13000_131-202-240-87_64585_stream_0.pcap,tcp_0,tcp,0,ICQ,nonVPN,Chat,ICQ
nonVPN_Chat_ICQ_none_3.pcap.TCP_131-202-6-26_13000_131-202-240-87_64589_stream_0.pcap,tcp_0,tcp,0,ICQ,nonVPN,Chat,ICQ
nonVPN_Chat_ICQ_none_3.pcap.TCP_131-202-6-26_13000_131-202-240-87_64584_stream_0.pcap,tcp_0,tcp,0,ICQ,nonVPN,Chat,ICQ
nonVPN_Chat_ICQ_none_3.pcap.TCP_95-129-128-131_80_131-202-240-87_64587_stream_0.pcap,tcp_0,tcp,0,ICQ,nonVPN,Chat,ICQ
nonVPN_Chat_ICQ_none_3.pcap.TCP_65-55-163-222_443_131-202-240-87_64591_stream_0.pcap,tcp_0,tcp,0,ICQ,nonVPN,Chat,ICQ
nonVPN_Chat_ICQ_none_3.pcap.UDP_77-72-169-130_11113_131-202-240-87_17208_stream_0.pcap,udp_0,udp,0,ICQ,nonVPN,Chat,ICQ
nonVPN_Chat_ICQ_none_4.pcap.TCP_131-202-6-26_13000_131-202-240-242_32442_stream_0.pcap,tcp_0,tcp,0,ICQ,nonVPN,Chat,ICQ
nonVPN_Chat_ICQ_none_4.pcap.TCP_131-202-6-26_13111_131-202-240-242_32443_stream_0.pcap,tcp_0,tcp,0,ICQ,nonVPN,Chat,ICQ
VPN_Chat_Skype_none_1.pcap.TCP_10-8-8-178_34378_24-155-74-193_2485_stream_0.pcap,tcp_0,tcp,0,Skype,VPN,Chat,Skype
nonVPN_FileTransfer_Skype_file_4.pcap.UDP_131-202-240-86_49624_131-202-240-150_40273_stream_0.pcap,udp_0,udp,0,Skype,nonVPN,FileTransfer,Skype
nonVPN_Chat_Skype_none_2.pcap.TCP_65-55-2-6_443_131-202-240-87_11378_stream_0.pcap,tcp_0,tcp,0,Skype,nonVPN,Chat,Skype
nonVPN_FileTransfer_Skype_file_7.pcap.TCP_10-0-2-15_49430_65-55-252-93_443_stream_0.pcap,tcp_0,tcp,0,Skype,nonVPN,FileTransfer,Skype
nonVPN_VoIP_Skype_video_4.pcap.TCP_68-67-152-172_80_131-202-240-86_1935_stream_0.pcap,tcp_0,tcp,0,Skype,nonVPN,VoIP,Skype
nonVPN_VoIP_Skype_video_4.pcap.TCP_38-71-4-136_80_131-202-240-86_1926_stream_0.pcap,tcp_0,tcp,0,Skype,nonVPN,VoIP,Skype
VPN_Chat_Skype_none_1.pcap.UDP_10-8-8-178_15685_157-55-130-162_40014_stream_0.pcap,udp_0,udp,0,Skype,VPN,Chat,Skype
VPN_Chat_Skype_none_1.pcap.UDP_10-8-8-178_15685_157-55-130-172_40027_stream_0.pcap,udp_0,udp,0,Skype,VPN,Chat,Skype
VPN_Chat_Skype_none_1.pcap.UDP_10-8-8-178_15685_157-55-235-151_40034_stream_0.pcap,udp_0,udp,0,Skype,VPN,Chat,Skype
VPN_Chat_Skype_none_1.pcap.UDP_10-8-8-178_15685_157-55-235-169_40028_stream_0.pcap,udp_0,udp,0,Skype,VPN,Chat,Skype
nonVPN_FileTransfer_Skype_file_8.pcap.UDP_131-202-240-101_44106_157-56-52-25_40004_stream_0.pcap,udp_0,udp,0,Skype,nonVPN,FileTransfer,Skype
nonVPN_VoIP_Skype_audio_2.pcap.UDP_131-202-240-86_49624_197-18-53-236_14859_stream_0.pcap,udp_0,udp,0,Skype,nonVPN,VoIP,Skype
nonVPN_VoIP_Skype_video_2.pcap.TCP_131-202-240-86_1810_209-148-205-34_80_stream_0.pcap,tcp_0,tcp,0,Skype,nonVPN,VoIP,Skype
nonVPN_FileTransfer_Skype_file_7.pcap.UDP_10-0-2-15_54186_111-221-74-14_40029_stream_0.pcap,udp_0,udp,0,Skype,nonVPN,FileTransfer,Skype
VPN_Chat_Skype_none_1.pcap.UDP_10-8-8-178_15685_64-4-23-159_40005_stream_0.pcap,udp_0,udp,0,Skype,VPN,Chat,Skype
VPN_Chat_Skype_none_1.pcap.UDP_10-8-8-178_15685_213-199-179-159_40005_stream_0.pcap,udp_0,udp,0,Skype,VPN,Chat,Skype
VPN_Chat_Skype_none_1.pcap.UDP_10-8-8-178_15685_213-199-179-169_40008_stream_0.pcap,udp_0,udp,0,Skype,VPN,Chat,Skype
VPN_Chat_Skype_none_1.pcap.UDP_10-8-8-178_15685_64-4-23-162_40019_stream_0.pcap,udp_0,udp,0,Skype,VPN,Chat,Skype
VPN_Chat_Skype_none_1.pcap.UDP_10-8-8-178_15685_64-4-23-169_40008_stream_0.pcap,udp_0,udp,0,Skype,VPN,Chat,Skype
VPN_Chat_Skype_none_2.pcap.TCP_10-8-8-130_38182_91-190-216-125_12350_stream_0.pcap,tcp_0,tcp,0,Skype,VPN,Chat,Skype
nonVPN_VoIP_Skype_video_2.pcap.TCP_23-50-75-27_80_131-202-240-86_1692_stream_0.pcap,tcp_0,tcp,0,Skype,nonVPN,VoIP,Skype
VPN_Chat_Skype_none_2.pcap.UDP_10-8-8-130_49539_111-221-74-27_40034_stream_0.pcap,udp_0,udp,0,Skype,VPN,Chat,Skype
nonVPN_VoIP_Skype_audio_5.pcap.UDP_131-202-240-65_35509_131-202-240-101_44106_stream_0.pcap,udp_0,udp,0,Skype,nonVPN,VoIP,Skype
VPN_Chat_Skype_none_2.pcap.UDP_10-8-8-130_49539_111-221-77-153_40033_stream_0.pcap,udp_0,udp,0,Skype,VPN,Chat,Skype
VPN_Chat_Skype_none_2.pcap.UDP_10-8-8-130_49539_157-55-130-174_40022_stream_0.pcap,udp_0,udp,0,Skype,VPN,Chat,Skype
nonVPN_FileTransfer_Skype_file_7.pcap.UDP_10-0-2-15_54186_99-229-86-240_34529_stream_0.pcap,udp_0,udp,0,Skype,nonVPN,FileTransfer,Skype
VPN_Chat_Skype_none_2.pcap.UDP_10-8-8-130_49539_157-56-52-27_40034_stream_0.pcap,udp_0,udp,0,Skype,VPN,Chat,Skype
VPN_Chat_Skype_none_2.pcap.UDP_10-8-8-130_49539_157-55-56-153_40033_stream_0.pcap,udp_0,udp,0,Skype,VPN,Chat,Skype
VPN_Chat_Skype_none_2.pcap.UDP_10-8-8-130_49539_213-199-179-153_40033_stream_0.pcap,udp_0,udp,0,Skype,VPN,Chat,Skype
nonVPN_Chat_Skype_none_2.pcap.TCP_131-202-6-26_13000_131-202-240-87_11442_stream_0.pcap,tcp_0,tcp,0,Skype,nonVPN,Chat,Skype
nonVPN_VoIP_Skype_audio_2.pcap.TCP_131-202-240-86_2152_208-71-122-72_443_stream_0.pcap,tcp_0,tcp,0,Skype,nonVPN,VoIP,Skype
nonVPN_VoIP_Skype_video_2.pcap.TCP_131-202-240-86_1730_209-148-205-34_80_stream_0.pcap,tcp_0,tcp,0,Skype,nonVPN,VoIP,Skype
nonVPN_VoIP_Skype_video_4.pcap.UDP_87-165-215-104_55670_131-202-240-86_49624_stream_0.pcap,udp_0,udp,0,Skype,nonVPN,VoIP,Skype
VPN_FileTransfer_Skype_file_1.pcap.TCP_10-8-8-134_36641_24-140-134-21_45411_stream_0.pcap,tcp_0,tcp,0,Skype,VPN,FileTransfer,Skype
VPN_FileTransfer_Skype_file_1.pcap.TCP_10-8-8-134_36636_24-140-134-21_45411_stream_0.pcap,tcp_0,tcp,0,Skype,VPN,FileTransfer,Skype
VPN_VoIP_Skype_audio_1.pcap.UDP_10-8-0-6_40273_213-199-179-154_40028_stream_0.pcap,udp_0,udp,0,Skype,VPN,VoIP,Skype
VPN_FileTransfer_Skype_file_1.pcap.TCP_10-8-8-134_36654_24-140-134-21_45411_stream_0.pcap,tcp_0,tcp,0,Skype,VPN,FileTransfer,Skype
VPN_FileTransfer_Skype_file_1.pcap.TCP_10-8-8-134_36650_24-140-134-21_45411_stream_0.pcap,tcp_0,tcp,0,Skype,VPN,FileTransfer,Skype
nonVPN_VoIP_Skype_audio_2.pcap.TCP_69-172-216-111_80_131-202-240-86_2123_stream_0.pcap,tcp_0,tcp,0,Skype,nonVPN,VoIP,Skype
VPN_FileTransfer_Skype_file_1.pcap.TCP_10-8-8-134_36137_184-166-38-160_11767_stream_0.pcap,tcp_0,tcp,0,Skype,VPN,FileTransfer,Skype
VPN_FileTransfer_Skype_file_1.pcap.TCP_10-8-8-134_37993_73-25-184-121_58698_stream_0.pcap,tcp_0,tcp,0,Skype,VPN,FileTransfer,Skype
VPN_FileTransfer_Skype_file_1.pcap.TCP_10-8-8-134_38035_70-245-66-95_56106_stream_0.pcap,tcp_0,tcp,0,Skype,VPN,FileTransfer,Skype
VPN_FileTransfer_Skype_file_1.pcap.TCP_10-8-8-134_38968_158-222-191-234_55045_stream_0.pcap,tcp_0,tcp,0,Skype,VPN,FileTransfer,Skype
nonVPN_VoIP_Skype_audio_3.pcap.UDP_111-221-74-41_40029_131-202-240-150_40273_stream_0.pcap,udp_0,udp,0,Skype,nonVPN,VoIP,Skype
VPN_FileTransfer_Skype_file_1.pcap.TCP_10-8-8-134_38082_70-245-66-95_56106_stream_0.pcap,tcp_0,tcp,0,Skype,VPN,FileTransfer,Skype
VPN_FileTransfer_Skype_file_1.pcap.TCP_10-8-8-134_39086_129-98-43-99_24011_stream_0.pcap,tcp_0,tcp,0,Skype,VPN,FileTransfer,Skype
VPN_FileTransfer_Skype_file_1.pcap.TCP_10-8-8-134_39016_158-222-191-234_55045_stream_0.pcap,tcp_0,tcp,0,Skype,VPN,FileTransfer,Skype
VPN_FileTransfer_Skype_file_1.pcap.TCP_10-8-8-134_39081_129-98-43-99_24011_stream_0.pcap,tcp_0,tcp,0,Skype,VPN,FileTransfer,Skype
VPN_FileTransfer_Skype_file_1.pcap.TCP_10-8-8-134_40904_69-92-223-126_15157_stream_0.pcap,tcp_0,tcp,0,Skype,VPN,FileTransfer,Skype
nonVPN_Chat_Skype_none_1.pcap.TCP_131-202-240-242_5910_173-252-122-5_5222_stream_0.pcap,tcp_0,tcp,0,Skype,nonVPN,Chat,Skype
VPN_VoIP_Skype_audio_1.pcap.UDP_10-8-0-6_40273_213-199-179-159_40004_stream_0.pcap,udp_0,udp,0,Skype,VPN,VoIP,Skype
nonVPN_VoIP_Skype_video_2.pcap.TCP_131-202-240-86_1738_209-148-205-34_80_stream_0.pcap,tcp_0,tcp,0,Skype,nonVPN,VoIP,Skype
nonVPN_Chat_Skype_none_1.pcap.UDP_131-202-240-242_40509_157-55-130-174_40022_stream_0.pcap,udp_0,udp,0,Skype,nonVPN,Chat,Skype
VPN_FileTransfer_Skype_file_1.pcap.TCP_10-8-8-134_43163_70-20-28-143_4395_stream_0.pcap,tcp_0,tcp,0,Skype,VPN,FileTransfer,Skype
nonVPN_VoIP_Skype_audio_6.pcap.UDP_10-0-2-15_54186_65-55-223-17_40020_stream_0.pcap,udp_0,udp,0,Skype,nonVPN,VoIP,Skype
nonVPN_FileTransfer_Skype_file_7.pcap.TCP_10-0-2-15_49510_204-79-197-213_443_stream_0.pcap,tcp_0,tcp,0,Skype,nonVPN,FileTransfer,Skype
VPN_VoIP_Skype_audio_2.pcap.UDP_10-8-0-10_18420_157-55-130-175_40015_stream_0.pcap,udp_0,udp,0,Skype,VPN,VoIP,Skype
VPN_FileTransfer_Skype_file_1.pcap.TCP_10-8-8-134_45067_108-40-10-184_53583_stream_0.pcap,tcp_0,tcp,0,Skype,VPN,FileTransfer,Skype
nonVPN_FileTransfer_Skype_file_6.pcap.TCP_65-55-2-6_443_131-202-240-86_10682_stream_0.pcap,tcp_0,tcp,0,Skype,nonVPN,FileTransfer,Skype
VPN_FileTransfer_Skype_file_1.pcap.TCP_10-8-8-134_48807_108-20-79-218_33345_stream_0.pcap,tcp_0,tcp,0,Skype,VPN,FileTransfer,Skype
nonVPN_FileTransfer_Skype_file_6.pcap.TCP_68-67-152-196_80_131-202-240-86_10720_stream_0.pcap,tcp_0,tcp,0,Skype,nonVPN,FileTransfer,Skype
VPN_FileTransfer_Skype_file_1.pcap.TCP_10-8-8-134_49749_144-118-64-164_9987_stream_0.pcap,tcp_0,tcp,0,Skype,VPN,FileTransfer,Skype
VPN_FileTransfer_Skype_file_1.pcap.TCP_10-8-8-134_50946_108-237-134-2_7124_stream_0.pcap,tcp_0,tcp,0,Skype,VPN,FileTransfer,Skype
nonVPN_VoIP_Skype_video_2.pcap.TCP_131-202-240-86_1685_209-148-205-34_80_stream_0.pcap,tcp_0,tcp,0,Skype,nonVPN,VoIP,Skype
nonVPN_Chat_Skype_none_1.pcap.UDP_131-202-240-242_40509_157-55-235-142_40029_stream_0.pcap,udp_0,udp,0,Skype,nonVPN,Chat,Skype
nonVPN_FileTransfer_Skype_file_7.pcap.TCP_10-0-2-15_49503_137-116-224-167_443_stream_0.pcap,tcp_0,tcp,0,Skype,nonVPN,FileTransfer,Skype
nonVPN_VoIP_Skype_audio_2.pcap.TCP_69-25-24-24_443_131-202-240-86_2153_stream_0.pcap,tcp_0,tcp,0,Skype,nonVPN,VoIP,Skype
nonVPN_VoIP_Skype_audio_4.pcap.UDP_80-187-97-83_2655_131-202-240-86_49624_stream_0.pcap,udp_0,udp,0,Skype,nonVPN,VoIP,Skype
VPN_FileTransfer_Skype_file_1.pcap.TCP_10-8-8-134_52956_71-59-228-102_5624_stream_0.pcap,tcp_0,tcp,0,Skype,VPN,FileTransfer,Skype
VPN_VoIP_Skype_audio_1.pcap.UDP_10-8-0-6_40273_90-163-21-193_34347_stream_0.pcap,udp_0,udp,0,Skype,VPN,VoIP,Skype
nonVPN_VoIP_Skype_audio_2.pcap.UDP_71-180-155-48_36194_131-202-240-86_49624_stream_0.pcap,udp_0,udp,0,Skype,nonVPN,VoIP,Skype
nonVPN_VoIP_Skype_audio_1.pcap.UDP_131-202-240-150_54468_216-58-219-206_443_stream_0.pcap,udp_0,udp,0,Skype,nonVPN,VoIP,Skype
nonVPN_VoIP_Skype_audio_2.pcap.TCP_68-67-152-174_80_131-202-240-86_2110_stream_0.pcap,tcp_0,tcp,0,Skype,nonVPN,VoIP,Skype
nonVPN_FileTransfer_Skype_file_6.pcap.TCP_50-7-70-210_80_131-202-240-86_10722_stream_0.pcap,tcp_0,tcp,0,Skype,nonVPN,FileTransfer,Skype
VPN_FileTransfer_Skype_file_1.pcap.TCP_10-8-8-134_55199_68-190-134-49_5840_stream_0.pcap,tcp_0,tcp,0,Skype,VPN,FileTransfer,Skype
nonVPN_Chat_Skype_none_1.pcap.TCP_23-50-75-27_80_131-202-240-242_5985_stream_0.pcap,tcp_0,tcp,0,Skype,nonVPN,Chat,Skype
nonVPN_VoIP_Skype_video_2.pcap.TCP_131-202-240-86_1706_209-148-205-34_80_stream_0.pcap,tcp_0,tcp,0,Skype,nonVPN,VoIP,Skype
VPN_FileTransfer_Skype_file_1.pcap.TCP_10-8-8-134_57342_75-171-70-99_60538_stream_0.pcap,tcp_0,tcp,0,Skype,VPN,FileTransfer,Skype
nonVPN_VoIP_Skype_audio_4.pcap.TCP_131-202-240-86_49624_162-17-58-49_56533_stream_0.pcap,tcp_0,tcp,0,Skype,nonVPN,VoIP,Skype
nonVPN_VoIP_Skype_video_4.pcap.TCP_131-202-240-86_49624_212-252-19-172_10377_stream_0.pcap,tcp_0,tcp,0,Skype,nonVPN,VoIP,Skype
VPN_VoIP_Skype_audio_2.pcap.UDP_10-8-0-10_18420_157-55-130-165_443_stream_0.pcap,udp_0,udp,0,Skype,VPN,VoIP,Skype
VPN_FileTransfer_Skype_file_1.pcap.TCP_10-8-8-134_57665_71-94-76-197_47302_stream_0.pcap,tcp_0,tcp,0,Skype,VPN,FileTransfer,Skype
nonVPN_VoIP_Skype_audio_1.pcap.UDP_131-202-240-150_40273_157-55-130-176_40023_stream_0.pcap,udp_0,udp,0,Skype,nonVPN,VoIP,Skype
nonVPN_VoIP_Skype_video_3.pcap.UDP_131-202-240-150_40273_157-56-52-14_40029_stream_0.pcap,udp_0,udp,0,Skype,nonVPN,VoIP,Skype
nonVPN_VoIP_Skype_audio_2.pcap.UDP_111-221-77-160_40008_131-202-240-86_49624_stream_0.pcap,udp_0,udp,0,Skype,nonVPN,VoIP,Skype
VPN_FileTransfer_Skype_file_1.pcap.TCP_10-8-8-134_60077_70-100-90-44_14783_stream_0.pcap,tcp_0,tcp,0,Skype,VPN,FileTransfer,Skype
nonVPN_FileTransfer_Skype_file_2.pcap.UDP_131-202-240-150_36490_216-58-219-238_443_stream_0.pcap,udp_0,udp,0,Skype,nonVPN,FileTransfer,Skype
nonVPN_FileTransfer_Skype_file_8.pcap.TCP_72-39-249-200_18990_131-202-240-101_41482_stream_0.pcap,tcp_0,tcp,0,Skype,nonVPN,FileTransfer,Skype
VPN_FileTransfer_Skype_file_1.pcap.UDP_10-8-8-134_15685_101-64-63-3_18014_stream_0.pcap,udp_0,udp,0,Skype,VPN,FileTransfer,Skype
nonVPN_VoIP_Skype_video_2.pcap.TCP_131-202-240-86_1715_209-148-205-34_80_stream_0.pcap,tcp_0,tcp,0,Skype,nonVPN,VoIP,Skype
nonVPN_Chat_Skype_none_1.pcap.UDP_83-254-45-74_58178_131-202-240-242_40509_stream_0.pcap,udp_0,udp,0,Skype,nonVPN,Chat,Skype
VPN_FileTransfer_Skype_file_1.pcap.UDP_10-8-8-134_15685_103-224-116-44_5685_stream_0.pcap,udp_0,udp,0,Skype,VPN,FileTransfer,Skype
nonVPN_VoIP_Skype_video_3.pcap.UDP_131-202-240-150_40273_157-56-52-25_40004_stream_0.pcap,udp_0,udp,0,Skype,nonVPN,VoIP,Skype
nonVPN_Chat_Skype_none_2.pcap.TCP_131-202-240-87_42322_139-190-23-248_2339_stream_0.pcap,tcp_0,tcp,0,Skype,nonVPN,Chat,Skype
VPN_FileTransfer_Skype_file_1.pcap.UDP_10-8-8-134_15685_106-139-86-70_43773_stream_0.pcap,udp_0,udp,0,Skype,VPN,FileTransfer,Skype
nonVPN_FileTransfer_Skype_file_6.pcap.UDP_112-200-117-6_27001_131-202-240-86_49624_stream_0.pcap,udp_0,udp,0,Skype,nonVPN,FileTransfer,Skype
nonVPN_VoIP_Skype_video_2.pcap.TCP_54-84-139-204_80_131-202-240-86_1858_stream_0.pcap,tcp_0,tcp,0,Skype,nonVPN,VoIP,Skype
nonVPN_Chat_Skype_none_2.pcap.TCP_72-167-239-239_80_131-202-240-87_11351_stream_0.pcap,tcp_0,tcp,0,Skype,nonVPN,Chat,Skype
VPN_FileTransfer_Skype_file_1.pcap.UDP_10-8-8-134_15685_109-146-33-108_7506_stream_0.pcap,udp_0,udp,0,Skype,VPN,FileTransfer,Skype
nonVPN_FileTransfer_Skype_file_7.pcap.TCP_10-0-2-15_49514_24-53-88-18_58491_stream_0.pcap,tcp_0,tcp,0,Skype,nonVPN,FileTransfer,Skype
VPN_FileTransfer_Skype_file_1.pcap.UDP_10-8-8-134_15685_109-67-147-152_28195_stream_0.pcap,udp_0,udp,0,Skype,VPN,FileTransfer,Skype
nonVPN_VoIP_Skype_video_2.pcap.UDP_88-126-143-122_62508_131-202-240-86_49624_stream_0.pcap,udp_0,udp,0,Skype,nonVPN,VoIP,Skype
nonVPN_Chat_Skype_none_2.pcap.TCP_131-202-240-87_42322_166-171-250-171_47176_stream_0.pcap,tcp_0,tcp,0,Skype,nonVPN,Chat,Skype
VPN_FileTransfer_Skype_file_1.pcap.UDP_10-8-8-134_15685_110-3-196-159_3936_stream_0.pcap,udp_0,udp,0,Skype,VPN,FileTransfer,Skype
VPN_FileTransfer_Skype_file_1.pcap.UDP_10-8-8-134_15685_110-66-238-83_8031_stream_0.pcap,udp_0,udp,0,Skype,VPN,FileTransfer,Skype
nonVPN_VoIP_Skype_video_2.pcap.TCP_131-202-240-86_1734_209-148-205-34_80_stream_0.pcap,tcp_0,tcp,0,Skype,nonVPN,VoIP,Skype
VPN_FileTransfer_Skype_file_1.pcap.UDP_10-8-8-134_15685_111-110-21-217_36921_stream_0.pcap,udp_0,udp,0,Skype,VPN,FileTransfer,Skype
VPN_VoIP_Skype_audio_2.pcap.UDP_10-8-0-10_18420_111-221-77-169_40009_stream_0.pcap,udp_0,udp,0,Skype,VPN,VoIP,Skype
nonVPN_Chat_Skype_none_2.pcap.TCP_68-67-152-96_80_131-202-240-87_11485_stream_0.pcap,tcp_0,tcp,0,Skype,nonVPN,Chat,Skype
nonVPN_VoIP_Skype_audio_4.pcap.TCP_42-0-7-232_28040_131-202-240-86_80_stream_0.pcap,tcp_0,tcp,0,Skype,nonVPN,VoIP,Skype
VPN_FileTransfer_Skype_file_1.pcap.UDP_10-8-8-134_15685_111-221-74-25_40002_stream_0.pcap,udp_0,udp,0,Skype,VPN,FileTransfer,Skype
VPN_VoIP_Skype_audio_1.pcap.UDP_10-8-0-6_40273_213-199-179-175_40024_stream_0.pcap,udp_0,udp,0,Skype,VPN,VoIP,Skype
VPN_FileTransfer_Skype_file_1.pcap.UDP_10-8-8-134_15685_111-221-74-41_40029_stream_0.pcap,udp_0,udp,0,Skype,VPN,FileTransfer,Skype
nonVPN_Chat_Skype_none_1.pcap.TCP_104-45-158-137_443_131-202-240-242_5949_stream_0.pcap,tcp_0,tcp,0,Skype,nonVPN,Chat,Skype
VPN_VoIP_Skype_audio_2.pcap.TCP_10-8-0-10_38914_173-194-123-121_80_stream_0.pcap,tcp_0,tcp,0,Skype,VPN,VoIP,Skype
nonVPN_VoIP_Skype_video_2.pcap.TCP_131-202-240-86_1790_209-148-205-34_80_stream_0.pcap,tcp_0,tcp,0,Skype,nonVPN,VoIP,Skype
VPN_FileTransfer_Skype_file_1.pcap.UDP_10-8-8-134_15685_111-240-65-105_33037_stream_0.pcap,udp_0,udp,0,Skype,VPN,FileTransfer,Skype
nonVPN_VoIP_Skype_audio_4.pcap.TCP_23-49-84-188_443_131-202-240-86_2221_stream_0.pcap,tcp_0,tcp,0,Skype,nonVPN,VoIP,Skype
nonVPN_Chat_Skype_none_1.pcap.UDP_131-202-240-242_40509_157-55-56-153_40033_stream_0.pcap,udp_0,udp,0,Skype,nonVPN,Chat,Skype
nonVPN_FileTransfer_Skype_file_7.pcap.UDP_10-0-2-15_53737_173-194-123-9_443_stream_0.pcap,udp_0,udp,0,Skype,nonVPN,FileTransfer,Skype
nonVPN_VoIP_Skype_audio_4.pcap.TCP_23-49-84-188_443_131-202-240-86_2168_stream_0.pcap,tcp_0,tcp,0,Skype,nonVPN,VoIP,Skype
nonVPN_VoIP_Skype_audio_4.pcap.TCP_68-67-152-196_80_131-202-240-86_2205_stream_0.pcap,tcp_0,tcp,0,Skype,nonVPN,VoIP,Skype
nonVPN_VoIP_Skype_audio_6.pcap.TCP_10-0-2-15_56242_209-148-205-9_80_stream_0.pcap,tcp_0,tcp,0,Skype,nonVPN,VoIP,Skype
nonVPN_FileTransfer_Skype_file_7.pcap.UDP_10-0-2-15_54186_111-221-77-154_443_stream_0.pcap,udp_0,udp,0,Skype,nonVPN,FileTransfer,Skype
VPN_FileTransfer_Skype_file_1.pcap.UDP_10-8-8-134_15685_114-32-17-136_11951_stream_0.pcap,udp_0,udp,0,Skype,VPN,FileTransfer,Skype
nonVPN_Chat_Skype_none_2.pcap.UDP_78-1-240-216_64854_131-202-240-87_42322_stream_0.pcap,udp_0,udp,0,Skype,nonVPN,Chat,Skype
VPN_FileTransfer_Skype_file_1.pcap.UDP_10-8-8-134_15685_114-34-10-127_49127_stream_0.pcap,udp_0,udp,0,Skype,VPN,FileTransfer,Skype
VPN_FileTransfer_Skype_file_1.pcap.UDP_10-8-8-134_15685_117-29-196-160_12474_stream_0.pcap,udp_0,udp,0,Skype,VPN,FileTransfer,Skype
VPN_FileTransfer_Skype_file_1.pcap.UDP_10-8-8-134_15685_118-1-124-216_10655_stream_0.pcap,udp_0,udp,0,Skype,VPN,FileTransfer,Skype
nonVPN_VoIP_Skype_video_2.pcap.UDP_131-202-240-86_49624_213-165-187-181_64253_stream_0.pcap,udp_0,udp,0,Skype,nonVPN,VoIP,Skype
nonVPN_VoIP_Skype_audio_6.pcap.UDP_10-0-2-15_54186_69-166-165-58_41821_stream_0.pcap,udp_0,udp,0,Skype,nonVPN,VoIP,Skype
nonVPN_VoIP_Skype_video_2.pcap.TCP_131-202-240-86_1726_209-148-205-34_80_stream_0.pcap,tcp_0,tcp,0,Skype,nonVPN,VoIP,Skype
VPN_VoIP_Skype_audio_2.pcap.UDP_10-8-0-10_18420_176-62-100-74_14251_stream_0.pcap,udp_0,udp,0,Skype,VPN,VoIP,Skype
VPN_FileTransfer_Skype_file_1.pcap.UDP_10-8-8-134_15685_120-29-108-77_56818_stream_0.pcap,udp_0,udp,0,Skype,VPN,FileTransfer,Skype
nonVPN_VoIP_Skype_audio_2.pcap.TCP_69-172-216-111_80_131-202-240-86_2121_stream_0.pcap,tcp_0,tcp,0,Skype,nonVPN,VoIP,Skype
nonVPN_VoIP_Skype_video_4.pcap.TCP_131-202-240-86_49624_212-252-19-172_10351_stream_0.pcap,tcp_0,tcp,0,Skype,nonVPN,VoIP,Skype
VPN_FileTransfer_Skype_file_1.pcap.UDP_10-8-8-134_15685_121-138-121-95_2257_stream_0.pcap,udp_0,udp,0,Skype,VPN,FileTransfer,Skype
nonVPN_VoIP_Skype_video_2.pcap.TCP_68-67-152-196_80_131-202-240-86_1848_stream_0.pcap,tcp_0,tcp,0,Skype,nonVPN,VoIP,Skype
VPN_FileTransfer_Skype_file_1.pcap.UDP_10-8-8-134_15685_121-168-0-124_64003_stream_0.pcap,udp_0,udp,0,Skype,VPN,FileTransfer,Skype
nonVPN_VoIP_Skype_audio_2.pcap.UDP_131-202-240-86_49624_139-190-213-110_59530_stream_0.pcap,udp_0,udp,0,Skype,nonVPN,VoIP,Skype
nonVPN_VoIP_Skype_video_4.pcap.UDP_94-129-137-111_27055_131-202-240-86_49624_stream_0.pcap,udp_0,udp,0,Skype,nonVPN,VoIP,Skype
nonVPN_Chat_Skype_none_2.pcap.TCP_72-247-10-19_80_131-202-240-87_11311_stream_0.pcap,tcp_0,tcp,0,Skype,nonVPN,Chat,Skype
nonVPN_VoIP_Skype_audio_4.pcap.TCP_131-202-240-86_2170_173-194-123-124_80_stream_0.pcap,tcp_0,tcp,0,Skype,nonVPN,VoIP,Skype
VPN_VoIP_Skype_audio_2.pcap.TCP_10-8-0-10_34023_23-65-248-82_80_stream_0.pcap,tcp_0,tcp,0,Skype,VPN,VoIP,Skype
VPN_FileTransfer_Skype_file_1.pcap.UDP_10-8-8-134_15685_122-164-134-158_62899_stream_0.pcap,udp_0,udp,0,Skype,VPN,FileTransfer,Skype
VPN_FileTransfer_Skype_file_1.pcap.UDP_10-8-8-134_15685_122-166-241-78_50883_stream_0.pcap,udp_0,udp,0,Skype,VPN,FileTransfer,Skype
VPN_FileTransfer_Skype_file_1.pcap.UDP_10-8-8-134_15685_122-20-91-217_62210_stream_0.pcap,udp_0,udp,0,Skype,VPN,FileTransfer,Skype
nonVPN_VoIP_Skype_video_2.pcap.TCP_131-202-240-86_1807_209-148-205-34_80_stream_0.pcap,tcp_0,tcp,0,Skype,nonVPN,VoIP,Skype
VPN_VoIP_Skype_audio_2.pcap.TCP_10-8-0-10_45332_91-189-89-22_443_stream_0.pcap,tcp_0,tcp,0,Skype,VPN,VoIP,Skype
VPN_FileTransfer_Skype_file_1.pcap.UDP_10-8-8-134_15685_123-203-143-104_5919_stream_0.pcap,udp_0,udp,0,Skype,VPN,FileTransfer,Skype
VPN_FileTransfer_Skype_file_1.pcap.UDP_10-8-8-134_15685_123-214-4-99_64895_stream_0.pcap,udp_0,udp,0,Skype,VPN,FileTransfer,Skype
nonVPN_VoIP_Skype_audio_2.pcap.TCP_131-202-240-86_2140_184-26-182-161_443_stream_0.pcap,tcp_0,tcp,0,Skype,nonVPN,VoIP,Skype
nonVPN_FileTransfer_Skype_file_7.pcap.TCP_10-0-2-15_49429_104-45-158-137_443_stream_0.pcap,tcp_0,tcp,0,Skype,nonVPN,FileTransfer,Skype
nonVPN_VoIP_Skype_audio_6.pcap.TCP_10-0-2-15_56248_184-161-50-211_65137_stream_0.pcap,tcp_0,tcp,0,Skype,nonVPN,VoIP,Skype
nonVPN_FileTransfer_Skype_file_8.pcap.UDP_47-18-245-211_45049_131-202-240-101_44106_stream_0.pcap,udp_0,udp,0,Skype,nonVPN,FileTransfer,Skype
VPN_FileTransfer_Skype_file_1.pcap.UDP_10-8-8-134_15685_124-181-104-191_63556_stream_0.pcap,udp_0,udp,0,Skype,VPN,FileTransfer,Skype
nonVPN_VoIP_Skype_audio_2.pcap.UDP_131-202-240-86_49624_162-17-58-49_27603_stream_0.pcap,udp_0,udp,0,Skype,nonVPN,VoIP,Skype
VPN_FileTransfer_Skype_file_1.pcap.UDP_10-8-8-134_15685_124-80-19-157_23411_stream_0.pcap,udp_0,udp,0,Skype,VPN,FileTransfer,Skype
nonVPN_FileTransfer_Skype_file_8.pcap.UDP_94-102-41-191_3468_131-202-240-101_44106_stream_0.pcap,udp_0,udp,0,Skype,nonVPN,FileTransfer,Skype
VPN_FileTransfer_Skype_file_1.pcap.UDP_10-8-8-134_15685_125-31-86-233_20011_stream_0.pcap,udp_0,udp,0,Skype,VPN,FileTransfer,Skype
nonVPN_VoIP_Skype_video_2.pcap.TCP_131-202-240-86_1835_209-148-205-34_80_stream_0.pcap,tcp_0,tcp,0,Skype,nonVPN,VoIP,Skype
nonVPN_VoIP_Skype_audio_2.pcap.TCP_23-50-75-27_80_131-202-240-86_2125_stream_0.pcap,tcp_0,tcp,0,Skype,nonVPN,VoIP,Skype
nonVPN_VoIP_Skype_audio_2.pcap.TCP_131-202-240-86_2159_184-26-182-161_443_stream_0.pcap,tcp_0,tcp,0,Skype,nonVPN,VoIP,Skype
nonVPN_FileTransfer_Skype_file_6.pcap.UDP_108-176-27-166_53776_131-202-240-86_49624_stream_0.pcap,udp_0,udp,0,Skype,nonVPN,FileTransfer,Skype
VPN_FileTransfer_Skype_file_1.pcap.UDP_10-8-8-134_15685_126-13-65-82_29751_stream_0.pcap,udp_0,udp,0,Skype,VPN,FileTransfer,Skype
VPN_VoIP_Skype_audio_2.pcap.TCP_10-8-0-10_55376_91-190-216-125_12350_stream_0.pcap,tcp_0,tcp,0,Skype,VPN,VoIP,Skype
nonVPN_VoIP_Skype_audio_4.pcap.TCP_131-202-240-86_2193_173-252-100-27_443_stream_0.pcap,tcp_0,tcp,0,Skype,nonVPN,VoIP,Skype
nonVPN_VoIP_Skype_video_3.pcap.UDP_131-202-240-150_40273_213-199-179-159_40005_stream_0.pcap,udp_0,udp,0,Skype,nonVPN,VoIP,Skype
VPN_FileTransfer_Skype_file_1.pcap.UDP_10-8-8-134_15685_128-78-14-125_26965_stream_0.pcap,udp_0,udp,0,Skype,VPN,FileTransfer,Skype
VPN_VoIP_Skype_audio_1.pcap.UDP_10-8-0-6_40273_71-198-46-217_19699_stream_0.pcap,udp_0,udp,0,Skype,VPN,VoIP,Skype
nonVPN_FileTransfer_Skype_file_7.pcap.TCP_10-0-2-15_49491_68-67-176-20_80_stream_0.pcap,tcp_0,tcp,0,Skype,nonVPN,FileTransfer,Skype
nonVPN_FileTransfer_Skype_file_7.pcap.TCP_10-0-2-15_49486_104-45-158-137_443_stream_0.pcap,tcp_0,tcp,0,Skype,nonVPN,FileTransfer,Skype
nonVPN_VoIP_Skype_audio_2.pcap.TCP_23-32-171-32_443_131-202-240-86_2061_stream_0.pcap,tcp_0,tcp,0,Skype,nonVPN,VoIP,Skype
VPN_FileTransfer_Skype_file_1.pcap.UDP_10-8-8-134_15685_129-98-43-99_24011_stream_0.pcap,udp_0,udp,0,Skype,VPN,FileTransfer,Skype
VPN_FileTransfer_Skype_file_1.pcap.UDP_10-8-8-134_15685_136-169-222-142_34517_stream_0.pcap,udp_0,udp,0,Skype,VPN,FileTransfer,Skype
VPN_FileTransfer_Skype_file_1.pcap.UDP_10-8-8-134_15685_138-75-239-78_32716_stream_0.pcap,udp_0,udp,0,Skype,VPN,FileTransfer,Skype
nonVPN_VoIP_Skype_video_2.pcap.TCP_131-202-240-86_1768_209-148-205-34_80_stream_0.pcap,tcp_0,tcp,0,Skype,nonVPN,VoIP,Skype
nonVPN_Chat_Skype_none_1.pcap.TCP_83-254-45-74_49315_131-202-240-242_40509_stream_0.pcap,tcp_0,tcp,0,Skype,nonVPN,Chat,Skype
nonVPN_VoIP_Skype_video_3.pcap.UDP_131-202-240-150_40273_212-161-8-36_13392_stream_0.pcap,udp_0,udp,0,Skype,nonVPN,VoIP,Skype
nonVPN_Chat_Skype_none_1.pcap.TCP_131-202-240-242_5934_205-204-71-148_80_stream_0.pcap,tcp_0,tcp,0,Skype,nonVPN,Chat,Skype
nonVPN_VoIP_Skype_video_4.pcap.UDP_131-202-240-86_49624_217-118-78-81_62067_stream_0.pcap,udp_0,udp,0,Skype,nonVPN,VoIP,Skype
VPN_FileTransfer_Skype_file_1.pcap.UDP_10-8-8-134_15685_149-129-13-2_10779_stream_0.pcap,udp_0,udp,0,Skype,VPN,FileTransfer,Skype
VPN_FileTransfer_Skype_file_1.pcap.UDP_10-8-8-134_15685_151-249-130-54_17246_stream_0.pcap,udp_0,udp,0,Skype,VPN,FileTransfer,Skype
VPN_VoIP_Skype_audio_1.pcap.UDP_10-8-0-6_40273_64-4-23-152_40002_stream_0.pcap,udp_0,udp,0,Skype,VPN,VoIP,Skype
VPN_FileTransfer_Skype_file_1.pcap.UDP_10-8-8-134_15685_151-250-96-156_20023_stream_0.pcap,udp_0,udp,0,Skype,VPN,FileTransfer,Skype
VPN_VoIP_Skype_audio_1.pcap.UDP_10-8-0-6_40273_64-4-23-158_40002_stream_0.pcap,udp_0,udp,0,Skype,VPN,VoIP,Skype
nonVPN_VoIP_Skype_audio_4.pcap.UDP_86-82-240-252_20011_131-202-240-86_49624_stream_0.pcap,udp_0,udp,0,Skype,nonVPN,VoIP,Skype
nonVPN_VoIP_Skype_video_4.pcap.TCP_131-202-240-86_1938_209-148-205-27_80_stream_0.pcap,tcp_0,tcp,0,Skype,nonVPN,VoIP,Skype
VPN_FileTransfer_Skype_file_1.pcap.UDP_10-8-8-134_15685_153-211-123-153_4173_stream_0.pcap,udp_0,udp,0,Skype,VPN,FileTransfer,Skype
VPN_FileTransfer_Skype_file_1.pcap.UDP_10-8-8-134_15685_153-205-253-124_47930_stream_0.pcap,udp_0,udp,0,Skype,VPN,FileTransfer,Skype
nonVPN_VoIP_Skype_video_4.pcap.TCP_95-131-122-226_443_131-202-240-86_1955_stream_0.pcap,tcp_0,tcp,0,Skype,nonVPN,VoIP,Skype
nonVPN_FileTransfer_Skype_file_7.pcap.TCP_10-0-2-15_49506_204-79-197-213_443_stream_0.pcap,tcp_0,tcp,0,Skype,nonVPN,FileTransfer,Skype
nonVPN_FileTransfer_Skype_file_4.pcap.TCP_131-202-240-86_10531_137-116-33-169_443_stream_0.pcap,tcp_0,tcp,0,Skype,nonVPN,FileTransfer,Skype
nonVPN_FileTransfer_Skype_file_7.pcap.TCP_10-0-2-15_49517_104-41-157-213_443_stream_0.pcap,tcp_0,tcp,0,Skype,nonVPN,FileTransfer,Skype
VPN_FileTransfer_Skype_file_1.pcap.UDP_10-8-8-134_15685_157-55-235-142_40029_stream_0.pcap,udp_0,udp,0,Skype,VPN,FileTransfer,Skype
nonVPN_VoIP_Skype_video_4.pcap.UDP_114-109-84-252_11901_131-202-240-86_49624_stream_0.pcap,udp_0,udp,0,Skype,nonVPN,VoIP,Skype
VPN_FileTransfer_Skype_file_1.pcap.UDP_10-8-8-134_15685_157-55-235-169_40028_stream_0.pcap,udp_0,udp,0,Skype,VPN,FileTransfer,Skype
nonVPN_FileTransfer_Skype_file_7.pcap.TCP_10-0-2-15_49417_204-79-197-213_443_stream_0.pcap,tcp_0,tcp,0,Skype,nonVPN,FileTransfer,Skype
VPN_FileTransfer_Skype_file_1.pcap.UDP_10-8-8-134_15685_157-55-235-155_443_stream_0.pcap,udp_0,udp,0,Skype,VPN,FileTransfer,Skype
VPN_FileTransfer_Skype_file_1.pcap.UDP_10-8-8-134_15685_157-55-56-169_40008_stream_0.pcap,udp_0,udp,0,Skype,VPN,FileTransfer,Skype
nonVPN_FileTransfer_Skype_file_8.pcap.UDP_131-202-240-101_44106_157-55-235-142_40029_stream_0.pcap,udp_0,udp,0,Skype,nonVPN,FileTransfer,Skype
nonVPN_VoIP_Skype_video_2.pcap.TCP_65-55-2-6_443_131-202-240-86_1841_stream_0.pcap,tcp_0,tcp,0,Skype,nonVPN,VoIP,Skype
VPN_FileTransfer_Skype_file_1.pcap.UDP_10-8-8-134_15685_157-56-52-41_40028_stream_0.pcap,udp_0,udp,0,Skype,VPN,FileTransfer,Skype
nonVPN_VoIP_Skype_video_2.pcap.UDP_124-13-95-73_45884_131-202-240-86_49624_stream_0.pcap,udp_0,udp,0,Skype,nonVPN,VoIP,Skype
VPN_FileTransfer_Skype_file_1.pcap.UDP_10-8-8-134_15685_173-171-142-152_12469_stream_0.pcap,udp_0,udp,0,Skype,VPN,FileTransfer,Skype
nonVPN_VoIP_Skype_audio_4.pcap.TCP_131-202-240-86_2197_208-71-122-72_443_stream_0.pcap,tcp_0,tcp,0,Skype,nonVPN,VoIP,Skype
nonVPN_VoIP_Skype_video_3.pcap.UDP_131-202-240-150_40273_157-55-130-162_40014_stream_0.pcap,udp_0,udp,0,Skype,nonVPN,VoIP,Skype
nonVPN_VoIP_Skype_video_3.pcap.UDP_131-202-240-150_40273_157-55-130-142_40019_stream_0.pcap,udp_0,udp,0,Skype,nonVPN,VoIP,Skype
nonVPN_FileTransfer_Skype_file_8.pcap.UDP_131-202-240-101_44106_176-215-107-42_45192_stream_0.pcap,udp_0,udp,0,Skype,nonVPN,FileTransfer,Skype
VPN_FileTransfer_Skype_file_1.pcap.UDP_10-8-8-134_15685_174-5-2-164_45296_stream_0.pcap,udp_0,udp,0,Skype,VPN,FileTransfer,Skype
VPN_FileTransfer_Skype_file_1.pcap.UDP_10-8-8-134_15685_175-142-153-218_17995_stream_0.pcap,udp_0,udp,0,Skype,VPN,FileTransfer,Skype
VPN_FileTransfer_Skype_file_1.pcap.UDP_10-8-8-134_15685_175-206-71-235_5416_stream_0.pcap,udp_0,udp,0,Skype,VPN,FileTransfer,Skype
nonVPN_FileTransfer_Skype_file_6.pcap.UDP_119-63-142-66_8648_131-202-240-86_49624_stream_0.pcap,udp_0,udp,0,Skype,nonVPN,FileTransfer,Skype
nonVPN_VoIP_Skype_video_1.pcap.UDP_131-202-240-150_40273_157-55-130-142_40019_stream_0.pcap,udp_0,udp,0,Skype,nonVPN,VoIP,Skype
nonVPN_VoIP_Skype_video_2.pcap.TCP_131-202-240-86_1800_209-148-205-34_80_stream_0.pcap,tcp_0,tcp,0,Skype,nonVPN,VoIP,Skype
nonVPN_VoIP_Skype_video_4.pcap.TCP_23-96-89-49_443_131-202-240-86_1967_stream_0.pcap,tcp_0,tcp,0,Skype,nonVPN,VoIP,Skype
VPN_FileTransfer_Skype_file_1.pcap.UDP_10-8-8-134_15685_177-129-50-24_13889_stream_0.pcap,udp_0,udp,0,Skype,VPN,FileTransfer,Skype
VPN_FileTransfer_Skype_file_1.pcap.UDP_10-8-8-134_15685_178-46-205-224_23513_stream_0.pcap,udp_0,udp,0,Skype,VPN,FileTransfer,Skype
VPN_FileTransfer_Skype_file_1.pcap.UDP_10-8-8-134_15685_180-94-128-26_51913_stream_0.pcap,udp_0,udp,0,Skype,VPN,FileTransfer,Skype
VPN_FileTransfer_Skype_file_1.pcap.UDP_10-8-8-134_15685_180-234-91-5_8685_stream_0.pcap,udp_0,udp,0,Skype,VPN,FileTransfer,Skype
nonVPN_Chat_Skype_none_1.pcap.TCP_41-206-148-228_6132_131-202-240-242_40509_stream_0.pcap,tcp_0,tcp,0,Skype,nonVPN,Chat,Skype
VPN_FileTransfer_Skype_file_1.pcap.UDP_10-8-8-134_15685_182-69-164-214_52464_stream_0.pcap,udp_0,udp,0,Skype,VPN,FileTransfer,Skype
nonVPN_VoIP_Skype_video_2.pcap.TCP_131-202-240-86_1731_209-148-205-34_80_stream_0.pcap,tcp_0,tcp,0,Skype,nonVPN,VoIP,Skype
VPN_FileTransfer_Skype_file_1.pcap.UDP_10-8-8-134_15685_189-155-147-127_64123_stream_0.pcap,udp_0,udp,0,Skype,VPN,FileTransfer,Skype
nonVPN_FileTransfer_Skype_file_8.pcap.TCP_131-202-240-65_33355_131-202-240-101_44106_stream_0.pcap,tcp_0,tcp,0,Skype,nonVPN,FileTransfer,Skype
nonVPN_Chat_Skype_none_1.pcap.TCP_131-202-240-242_5893_209-148-205-26_80_stream_0.pcap,tcp_0,tcp,0,Skype,nonVPN,Chat,Skype
VPN_FileTransfer_Skype_file_1.pcap.UDP_10-8-8-134_15685_213-199-179-153_40033_stream_0.pcap,udp_0,udp,0,Skype,VPN,FileTransfer,Skype
VPN_FileTransfer_Skype_file_1.pcap.UDP_10-8-8-134_15685_213-199-179-159_40005_stream_0.pcap,udp_0,udp,0,Skype,VPN,FileTransfer,Skype
nonVPN_VoIP_Skype_audio_2.pcap.TCP_131-202-240-86_2086_209-148-205-19_80_stream_0.pcap,tcp_0,tcp,0,Skype,nonVPN,VoIP,Skype
nonVPN_VoIP_Skype_video_2.pcap.TCP_131-202-240-86_1694_209-148-205-34_80_stream_0.pcap,tcp_0,tcp,0,Skype,nonVPN,VoIP,Skype
nonVPN_VoIP_Skype_audio_6.pcap.UDP_10-0-2-15_54186_42-126-84-216_44771_stream_0.pcap,udp_0,udp,0,Skype,nonVPN,VoIP,Skype
nonVPN_VoIP_Skype_video_4.pcap.UDP_24-166-2-0_19414_131-202-240-86_49624_stream_0.pcap,udp_0,udp,0,Skype,nonVPN,VoIP,Skype
nonVPN_VoIP_Skype_video_3.pcap.UDP_131-202-240-150_41680_216-58-219-238_443_stream_0.pcap,udp_0,udp,0,Skype,nonVPN,VoIP,Skype
nonVPN_Chat_Skype_none_1.pcap.UDP_64-4-23-155_40021_131-202-240-242_40509_stream_0.pcap,udp_0,udp,0,Skype,nonVPN,Chat,Skype
nonVPN_VoIP_Skype_video_2.pcap.UDP_72-69-19-77_24997_131-202-240-86_49624_stream_0.pcap,udp_0,udp,0,Skype,nonVPN,VoIP,Skype
VPN_FileTransfer_Skype_file_1.pcap.UDP_10-8-8-134_15685_64-4-23-159_40005_stream_0.pcap,udp_0,udp,0,Skype,VPN,FileTransfer,Skype
nonVPN_FileTransfer_Skype_file_2.pcap.UDP_131-202-240-86_49624_131-202-240-150_40273_stream_0.pcap,udp_0,udp,0,Skype,nonVPN,FileTransfer,Skype
nonVPN_VoIP_Skype_audio_4.pcap.TCP_86-82-240-252_48582_131-202-240-86_49624_stream_0.pcap,tcp_0,tcp,0,Skype,nonVPN,VoIP,Skype
nonVPN_FileTransfer_Skype_file_6.pcap.UDP_66-87-115-9_27649_131-202-240-86_49624_stream_0.pcap,udp_0,udp,0,Skype,nonVPN,FileTransfer,Skype
nonVPN_VoIP_Skype_audio_2.pcap.TCP_131-202-240-86_2058_205-204-71-140_80_stream_0.pcap,tcp_0,tcp,0,Skype,nonVPN,VoIP,Skype
nonVPN_Chat_Skype_none_2.pcap.TCP_131-202-240-87_11384_131-253-34-162_443_stream_0.pcap,tcp_0,tcp,0,Skype,nonVPN,Chat,Skype
VPN_FileTransfer_Skype_file_1.pcap.UDP_10-8-8-134_15685_64-4-23-159_40031_stream_0.pcap,udp_0,udp,0,Skype,VPN,FileTransfer,Skype
VPN_FileTransfer_Skype_file_1.pcap.UDP_10-8-8-134_15685_67-180-224-48_35916_stream_0.pcap,udp_0,udp,0,Skype,VPN,FileTransfer,Skype
VPN_VoIP_Skype_audio_1.pcap.UDP_10-8-0-6_40273_213-199-179-194_33033_stream_0.pcap,udp_0,udp,0,Skype,VPN,VoIP,Skype
nonVPN_FileTransfer_Skype_file_8.pcap.TCP_24-53-88-18_58491_131-202-240-101_50263_stream_0.pcap,tcp_0,tcp,0,Skype,nonVPN,FileTransfer,Skype
VPN_FileTransfer_Skype_file_1.pcap.UDP_10-8-8-134_15685_68-39-103-211_65514_stream_0.pcap,udp_0,udp,0,Skype,VPN,FileTransfer,Skype
nonVPN_FileTransfer_Skype_file_8.pcap.TCP_131-202-240-65_33674_131-202-240-101_44106_stream_0.pcap,tcp_0,tcp,0,Skype,nonVPN,FileTransfer,Skype
nonVPN_VoIP_Skype_video_1.pcap.UDP_131-202-240-150_40273_157-55-235-153_40004_stream_0.pcap,udp_0,udp,0,Skype,nonVPN,VoIP,Skype
nonVPN_VoIP_Skype_audio_4.pcap.TCP_98-139-225-43_443_131-202-240-86_2194_stream_0.pcap,tcp_0,tcp,0,Skype,nonVPN,VoIP,Skype
VPN_FileTransfer_Skype_file_1.pcap.UDP_10-8-8-134_15685_69-181-136-22_57191_stream_0.pcap,udp_0,udp,0,Skype,VPN,FileTransfer,Skype
nonVPN_VoIP_Skype_video_2.pcap.TCP_131-202-240-86_1737_209-148-205-34_80_stream_0.pcap,tcp_0,tcp,0,Skype,nonVPN,VoIP,Skype
nonVPN_FileTransfer_Skype_file_7.pcap.TCP_10-0-2-15_49481_65-55-252-93_443_stream_0.pcap,tcp_0,tcp,0,Skype,nonVPN,FileTransfer,Skype
nonVPN_Chat_Skype_none_2.pcap.TCP_72-167-239-239_80_131-202-240-87_11349_stream_0.pcap,tcp_0,tcp,0,Skype,nonVPN,Chat,Skype
nonVPN_FileTransfer_Skype_file_8.pcap.UDP_131-202-240-65_58426_131-202-240-101_44106_stream_0.pcap,udp_0,udp,0,Skype,nonVPN,FileTransfer,Skype
VPN_FileTransfer_Skype_file_1.pcap.UDP_10-8-8-134_15685_71-59-228-102_5624_stream_0.pcap,udp_0,udp,0,Skype,VPN,FileTransfer,Skype
VPN_FileTransfer_Skype_file_1.pcap.UDP_10-8-8-134_15685_72-181-76-239_13517_stream_0.pcap,udp_0,udp,0,Skype,VPN,FileTransfer,Skype
VPN_FileTransfer_Skype_file_1.pcap.UDP_10-8-8-134_15685_71-94-76-197_47302_stream_0.pcap,udp_0,udp,0,Skype,VPN,FileTransfer,Skype
VPN_FileTransfer_Skype_file_1.pcap.UDP_10-8-8-134_15685_73-160-85-234_47031_stream_0.pcap,udp_0,udp,0,Skype,VPN,FileTransfer,Skype
nonVPN_VoIP_Skype_video_2.pcap.TCP_131-202-240-86_1778_209-148-205-34_80_stream_0.pcap,tcp_0,tcp,0,Skype,nonVPN,VoIP,Skype
nonVPN_VoIP_Skype_video_4.pcap.TCP_131-202-240-86_49624_212-252-19-172_10447_stream_0.pcap,tcp_0,tcp,0,Skype,nonVPN,VoIP,Skype
VPN_FileTransfer_Skype_file_1.pcap.UDP_10-8-8-134_15685_72-35-103-221_35314_stream_0.pcap,udp_0,udp,0,Skype,VPN,FileTransfer,Skype
nonVPN_VoIP_Skype_video_2.pcap.TCP_131-202-240-86_1765_209-148-205-34_80_stream_0.pcap,tcp_0,tcp,0,Skype,nonVPN,VoIP,Skype
VPN_FileTransfer_Skype_file_1.pcap.UDP_10-8-8-134_15685_73-209-160-18_49415_stream_0.pcap,udp_0,udp,0,Skype,VPN,FileTransfer,Skype
nonVPN_FileTransfer_Skype_file_2.pcap.TCP_131-202-240-150_57407_191-234-42-225_80_stream_0.pcap,tcp_0,tcp,0,Skype,nonVPN,FileTransfer,Skype
VPN_FileTransfer_Skype_file_1.pcap.UDP_10-8-8-134_15685_74-139-238-116_25355_stream_0.pcap,udp_0,udp,0,Skype,VPN,FileTransfer,Skype
nonVPN_Chat_Skype_none_1.pcap.UDP_64-4-23-158_40007_131-202-240-242_40509_stream_0.pcap,udp_0,udp,0,Skype,nonVPN,Chat,Skype
VPN_FileTransfer_Skype_file_1.pcap.UDP_10-8-8-134_15685_74-73-136-244_17773_stream_0.pcap,udp_0,udp,0,Skype,VPN,FileTransfer,Skype
VPN_VoIP_Skype_audio_1.pcap.UDP_10-8-0-6_40273_64-4-23-169_40027_stream_0.pcap,udp_0,udp,0,Skype,VPN,VoIP,Skype
VPN_FileTransfer_Skype_file_1.pcap.UDP_10-8-8-134_15685_75-108-3-177_49178_stream_0.pcap,udp_0,udp,0,Skype,VPN,FileTransfer,Skype
nonVPN_VoIP_Skype_audio_5.pcap.UDP_111-221-74-41_40029_131-202-240-101_44106_stream_0.pcap,udp_0,udp,0,Skype,nonVPN,VoIP,Skype
VPN_FileTransfer_Skype_file_1.pcap.UDP_10-8-8-134_15685_77-123-57-96_61709_stream_0.pcap,udp_0,udp,0,Skype,VPN,FileTransfer,Skype
nonVPN_VoIP_Skype_audio_1.pcap.UDP_131-202-240-150_40273_178-185-126-49_11346_stream_0.pcap,udp_0,udp,0,Skype,nonVPN,VoIP,Skype
nonVPN_VoIP_Skype_audio_2.pcap.TCP_108-83-1-127_63861_131-202-240-86_49624_stream_0.pcap,tcp_0,tcp,0,Skype,nonVPN,VoIP,Skype
VPN_FileTransfer_Skype_file_1.pcap.UDP_10-8-8-134_15685_79-97-105-16_28759_stream_0.pcap,udp_0,udp,0,Skype,VPN,FileTransfer,Skype
VPN_FileTransfer_Skype_file_1.pcap.UDP_10-8-8-134_15685_98-207-232-10_30860_stream_0.pcap,udp_0,udp,0,Skype,VPN,FileTransfer,Skype
nonVPN_VoIP_Skype_audio_4.pcap.TCP_50-7-70-210_80_131-202-240-86_2207_stream_0.pcap,tcp_0,tcp,0,Skype,nonVPN,VoIP,Skype
nonVPN_VoIP_Skype_audio_4.pcap.UDP_109-200-115-78_48201_131-202-240-86_49624_stream_0.pcap,udp_0,udp,0,Skype,nonVPN,VoIP,Skype
nonVPN_VoIP_Skype_video_2.pcap.TCP_131-202-240-86_1727_209-148-205-34_80_stream_0.pcap,tcp_0,tcp,0,Skype,nonVPN,VoIP,Skype
VPN_FileTransfer_Skype_file_1.pcap.UDP_10-8-8-134_15685_81-57-181-36_39917_stream_0.pcap,udp_0,udp,0,Skype,VPN,FileTransfer,Skype
VPN_FileTransfer_Skype_file_1.pcap.UDP_10-8-8-134_15685_98-245-157-115_32614_stream_0.pcap,udp_0,udp,0,Skype,VPN,FileTransfer,Skype
VPN_FileTransfer_Skype_file_1.pcap.UDP_10-8-8-134_15685_98-251-71-160_16311_stream_0.pcap,udp_0,udp,0,Skype,VPN,FileTransfer,Skype
VPN_FileTransfer_Skype_file_1.pcap.UDP_10-8-8-134_15685_99-29-0-18_46385_stream_0.pcap,udp_0,udp,0,Skype,VPN,FileTransfer,Skype
VPN_FileTransfer_Skype_file_1.pcap.UDP_10-8-8-134_15685_99-242-236-70_38938_stream_0.pcap,udp_0,udp,0,Skype,VPN,FileTransfer,Skype
VPN_FileTransfer_Skype_file_1.pcap.UDP_10-8-8-134_15685_99-94-171-150_24277_stream_0.pcap,udp_0,udp,0,Skype,VPN,FileTransfer,Skype
nonVPN_VoIP_Skype_video_2.pcap.TCP_131-202-240-86_1762_209-148-205-34_80_stream_0.pcap,tcp_0,tcp,0,Skype,nonVPN,VoIP,Skype
VPN_FileTransfer_Skype_file_2.pcap.TCP_10-8-8-130_34698_88-166-212-83_30735_stream_0.pcap,tcp_0,tcp,0,Skype,VPN,FileTransfer,Skype
nonVPN_VoIP_Skype_audio_2.pcap.TCP_131-202-240-86_2115_138-108-6-20_443_stream_0.pcap,tcp_0,tcp,0,Skype,nonVPN,VoIP,Skype
VPN_FileTransfer_Skype_file_2.pcap.TCP_10-8-8-130_34775_88-166-212-83_30735_stream_0.pcap,tcp_0,tcp,0,Skype,VPN,FileTransfer,Skype
VPN_FileTransfer_Skype_file_2.pcap.TCP_10-8-8-130_34777_88-166-212-83_30735_stream_0.pcap,tcp_0,tcp,0,Skype,VPN,FileTransfer,Skype
VPN_FileTransfer_Skype_file_2.pcap.TCP_10-8-8-130_34820_86-193-232-51_40406_stream_0.pcap,tcp_0,tcp,0,Skype,VPN,FileTransfer,Skype
VPN_FileTransfer_Skype_file_2.pcap.TCP_10-8-8-130_34813_86-193-232-51_40406_stream_0.pcap,tcp_0,tcp,0,Skype,VPN,FileTransfer,Skype
nonVPN_VoIP_Skype_video_2.pcap.TCP_131-202-240-86_1748_209-148-205-34_80_stream_0.pcap,tcp_0,tcp,0,Skype,nonVPN,VoIP,Skype
nonVPN_VoIP_Skype_audio_4.pcap.TCP_131-202-240-86_49624_162-17-58-49_56468_stream_0.pcap,tcp_0,tcp,0,Skype,nonVPN,VoIP,Skype
nonVPN_VoIP_Skype_video_4.pcap.TCP_131-202-240-86_49624_212-252-19-172_10385_stream_0.pcap,tcp_0,tcp,0,Skype,nonVPN,VoIP,Skype
VPN_FileTransfer_Skype_file_2.pcap.TCP_10-8-8-130_35857_23-194-214-46_443_stream_0.pcap,tcp_0,tcp,0,Skype,VPN,FileTransfer,Skype
nonVPN_VoIP_Skype_audio_4.pcap.TCP_131-202-240-86_2213_208-71-122-72_443_stream_0.pcap,tcp_0,tcp,0,Skype,nonVPN,VoIP,Skype
nonVPN_VoIP_Skype_video_4.pcap.UDP_131-202-240-86_49624_202-78-228-101_39183_stream_0.pcap,udp_0,udp,0,Skype,nonVPN,VoIP,Skype
VPN_FileTransfer_Skype_file_2.pcap.TCP_10-8-8-130_38319_86-184-231-109_1901_stream_0.pcap,tcp_0,tcp,0,Skype,VPN,FileTransfer,Skype
VPN_FileTransfer_Skype_file_2.pcap.TCP_10-8-8-130_38318_86-184-231-109_1901_stream_0.pcap,tcp_0,tcp,0,Skype,VPN,FileTransfer,Skype
nonVPN_Chat_Skype_none_1.pcap.UDP_111-221-74-14_40029_131-202-240-242_40509_stream_0.pcap,udp_0,udp,0,Skype,nonVPN,Chat,Skype
nonVPN_Chat_Skype_none_2.pcap.TCP_68-67-153-28_80_131-202-240-87_11396_stream_0.pcap,tcp_0,tcp,0,Skype,nonVPN,Chat,Skype
nonVPN_VoIP_Skype_audio_2.pcap.TCP_131-202-240-86_49624_162-17-58-49_55575_stream_0.pcap,tcp_0,tcp,0,Skype,nonVPN,VoIP,Skype
VPN_FileTransfer_Skype_file_2.pcap.TCP_10-8-8-130_38639_82-28-221-2_17920_stream_0.pcap,tcp_0,tcp,0,Skype,VPN,FileTransfer,Skype
nonVPN_VoIP_Skype_audio_2.pcap.TCP_131-202-240-86_2102_131-253-34-162_443_stream_0.pcap,tcp_0,tcp,0,Skype,nonVPN,VoIP,Skype
nonVPN_Chat_Skype_none_2.pcap.UDP_78-49-199-245_62609_131-202-240-87_42322_stream_0.pcap,udp_0,udp,0,Skype,nonVPN,Chat,Skype
nonVPN_Chat_Skype_none_1.pcap.TCP_131-202-240-242_5944_131-253-34-162_443_stream_0.pcap,tcp_0,tcp,0,Skype,nonVPN,Chat,Skype
VPN_FileTransfer_Skype_file_2.pcap.TCP_10-8-8-130_36858_108-237-134-2_7124_stream_0.pcap,tcp_0,tcp,0,Skype,VPN,FileTransfer,Skype
nonVPN_VoIP_Skype_audio_4.pcap.UDP_131-202-240-86_49624_151-236-160-79_47928_stream_0.pcap,udp_0,udp,0,Skype,nonVPN,VoIP,Skype
nonVPN_VoIP_Skype_video_4.pcap.TCP_131-202-240-86_1953_173-252-100-27_443_stream_0.pcap,tcp_0,tcp,0,Skype,nonVPN,VoIP,Skype
VPN_FileTransfer_Skype_file_2.pcap.TCP_10-8-8-130_41987_137-117-177-33_443_stream_0.pcap,tcp_0,tcp,0,Skype,VPN,FileTransfer,Skype
VPN_FileTransfer_Skype_file_2.pcap.TCP_10-8-8-130_41993_137-117-177-33_443_stream_0.pcap,tcp_0,tcp,0,Skype,VPN,FileTransfer,Skype
VPN_FileTransfer_Skype_file_2.pcap.TCP_10-8-8-130_41964_137-117-177-33_443_stream_0.pcap,tcp_0,tcp,0,Skype,VPN,FileTransfer,Skype
nonVPN_Chat_Skype_none_2.pcap.TCP_72-167-239-239_80_131-202-240-87_11347_stream_0.pcap,tcp_0,tcp,0,Skype,nonVPN,Chat,Skype
VPN_VoIP_Skype_audio_1.pcap.UDP_10-8-0-6_40273_65-55-223-15_40031_stream_0.pcap,udp_0,udp,0,Skype,VPN,VoIP,Skype
nonVPN_VoIP_Skype_audio_2.pcap.TCP_131-202-240-86_2154_173-241-242-220_443_stream_0.pcap,tcp_0,tcp,0,Skype,nonVPN,VoIP,Skype
nonVPN_VoIP_Skype_video_4.pcap.UDP_96-232-108-84_27801_131-202-240-86_49624_stream_0.pcap,udp_0,udp,0,Skype,nonVPN,VoIP,Skype
VPN_FileTransfer_Skype_file_2.pcap.TCP_10-8-8-130_44579_91-190-218-40_33033_stream_0.pcap,tcp_0,tcp,0,Skype,VPN,FileTransfer,Skype
nonVPN_FileTransfer_Skype_file_8.pcap.UDP_131-202-240-65_54186_131-202-240-101_44106_stream_0.pcap,udp_0,udp,0,Skype,nonVPN,FileTransfer,Skype
VPN_FileTransfer_Skype_file_2.pcap.TCP_10-8-8-130_47169_137-116-224-167_443_stream_0.pcap,tcp_0,tcp,0,Skype,VPN,FileTransfer,Skype
VPN_FileTransfer_Skype_file_2.pcap.TCP_10-8-8-130_47218_137-116-224-167_443_stream_0.pcap,tcp_0,tcp,0,Skype,VPN,FileTransfer,Skype
nonVPN_VoIP_Skype_audio_2.pcap.TCP_131-202-240-86_2071_178-255-83-1_80_stream_0.pcap,tcp_0,tcp,0,Skype,nonVPN,VoIP,Skype
VPN_FileTransfer_Skype_file_2.pcap.TCP_10-8-8-130_48849_82-75-235-147_17697_stream_0.pcap,tcp_0,tcp,0,Skype,VPN,FileTransfer,Skype
nonVPN_VoIP_Skype_video_2.pcap.TCP_131-202-240-86_1690_178-255-83-1_80_stream_0.pcap,tcp_0,tcp,0,Skype,nonVPN,VoIP,Skype
VPN_FileTransfer_Skype_file_2.pcap.TCP_10-8-8-130_48803_81-137-205-196_23528_stream_0.pcap,tcp_0,tcp,0,Skype,VPN,FileTransfer,Skype
nonVPN_VoIP_Skype_audio_4.pcap.TCP_54-183-74-146_443_131-202-240-86_2200_stream_0.pcap,tcp_0,tcp,0,Skype,nonVPN,VoIP,Skype
VPN_FileTransfer_Skype_file_2.pcap.TCP_10-8-8-130_49637_91-190-216-53_12350_stream_0.pcap,tcp_0,tcp,0,Skype,VPN,FileTransfer,Skype
VPN_VoIP_Skype_audio_1.pcap.UDP_10-8-0-6_40273_213-199-179-171_40004_stream_0.pcap,udp_0,udp,0,Skype,VPN,VoIP,Skype
VPN_FileTransfer_Skype_file_2.pcap.TCP_10-8-8-130_51989_157-56-192-53_443_stream_0.pcap,tcp_0,tcp,0,Skype,VPN,FileTransfer,Skype
VPN_FileTransfer_Skype_file_2.pcap.TCP_10-8-8-130_51966_157-56-192-53_443_stream_0.pcap,tcp_0,tcp,0,Skype,VPN,FileTransfer,Skype
VPN_FileTransfer_Skype_file_2.pcap.TCP_10-8-8-130_52090_23-97-219-200_80_stream_0.pcap,tcp_0,tcp,0,Skype,VPN,FileTransfer,Skype
VPN_FileTransfer_Skype_file_2.pcap.TCP_10-8-8-130_52118_64-4-23-162_40019_stream_0.pcap,tcp_0,tcp,0,Skype,VPN,FileTransfer,Skype
VPN_FileTransfer_Skype_file_2.pcap.TCP_10-8-8-130_52161_64-4-23-162_40019_stream_0.pcap,tcp_0,tcp,0,Skype,VPN,FileTransfer,Skype
nonVPN_VoIP_Skype_audio_4.pcap.UDP_130-0-31-250_12142_131-202-240-86_49624_stream_0.pcap,udp_0,udp,0,Skype,nonVPN,VoIP,Skype
VPN_FileTransfer_Skype_file_2.pcap.TCP_10-8-8-130_53923_31-16-136-91_55398_stream_0.pcap,tcp_0,tcp,0,Skype,VPN,FileTransfer,Skype
nonVPN_VoIP_Skype_video_2.pcap.TCP_68-67-152-172_80_131-202-240-86_1842_stream_0.pcap,tcp_0,tcp,0,Skype,nonVPN,VoIP,Skype
nonVPN_Chat_Skype_none_2.pcap.TCP_68-67-153-40_80_131-202-240-87_11386_stream_0.pcap,tcp_0,tcp,0,Skype,nonVPN,Chat,Skype
nonVPN_VoIP_Skype_video_4.pcap.UDP_93-143-117-15_49881_131-202-240-86_49624_stream_0.pcap,udp_0,udp,0,Skype,nonVPN,VoIP,Skype
nonVPN_VoIP_Skype_video_4.pcap.TCP_131-202-240-86_1952_131-253-34-162_443_stream_0.pcap,tcp_0,tcp,0,Skype,nonVPN,VoIP,Skype
nonVPN_VoIP_Skype_audio_4.pcap.TCP_91-190-218-17_443_131-202-240-86_2167_stream_0.pcap,tcp_0,tcp,0,Skype,nonVPN,VoIP,Skype
nonVPN_VoIP_Skype_audio_4.pcap.UDP_131-202-240-86_49624_151-237-68-251_17826_stream_0.pcap,udp_0,udp,0,Skype,nonVPN,VoIP,Skype
VPN_FileTransfer_Skype_file_2.pcap.TCP_10-8-8-130_53288_69-181-136-22_57191_stream_0.pcap,tcp_0,tcp,0,Skype,VPN,FileTransfer,Skype
nonVPN_FileTransfer_Skype_file_7.pcap.TCP_10-0-2-15_49508_204-79-197-213_443_stream_0.pcap,tcp_0,tcp,0,Skype,nonVPN,FileTransfer,Skype
VPN_FileTransfer_Skype_file_2.pcap.TCP_10-8-8-130_56596_129-98-43-99_24011_stream_0.pcap,tcp_0,tcp,0,Skype,VPN,FileTransfer,Skype
nonVPN_FileTransfer_Skype_file_7.pcap.TCP_10-0-2-15_49467_209-148-205-32_80_stream_0.pcap,tcp_0,tcp,0,Skype,nonVPN,FileTransfer,Skype
nonVPN_FileTransfer_Skype_file_6.pcap.TCP_23-49-84-188_443_131-202-240-86_10697_stream_0.pcap,tcp_0,tcp,0,Skype,nonVPN,FileTransfer,Skype
VPN_FileTransfer_Skype_file_2.pcap.TCP_10-8-8-130_59226_157-56-114-104_80_stream_0.pcap,tcp_0,tcp,0,Skype,VPN,FileTransfer,Skype
nonVPN_VoIP_Skype_audio_6.pcap.UDP_10-0-2-15_54186_157-55-235-168_40032_stream_0.pcap,udp_0,udp,0,Skype,nonVPN,VoIP,Skype
nonVPN_Chat_Skype_none_1.pcap.TCP_131-202-240-242_5965_199-166-0-200_443_stream_0.pcap,tcp_0,tcp,0,Skype,nonVPN,Chat,Skype
nonVPN_VoIP_Skype_video_2.pcap.TCP_38-71-4-136_80_131-202-240-86_1702_stream_0.pcap,tcp_0,tcp,0,Skype,nonVPN,VoIP,Skype
VPN_VoIP_Skype_audio_1.pcap.UDP_10-8-0-6_40273_65-55-223-38_40018_stream_0.pcap,udp_0,udp,0,Skype,VPN,VoIP,Skype
nonVPN_FileTransfer_Skype_file_6.pcap.TCP_131-202-240-86_10712_209-148-205-26_80_stream_0.pcap,tcp_0,tcp,0,Skype,nonVPN,FileTransfer,Skype
VPN_FileTransfer_Skype_file_2.pcap.TCP_10-8-8-130_59914_86-170-118-247_12431_stream_0.pcap,tcp_0,tcp,0,Skype,VPN,FileTransfer,Skype
nonVPN_VoIP_Skype_video_4.pcap.UDP_79-7-8-204_55652_131-202-240-86_49624_stream_0.pcap,udp_0,udp,0,Skype,nonVPN,VoIP,Skype
VPN_FileTransfer_Skype_file_2.pcap.TCP_10-8-8-130_60797_23-54-136-70_443_stream_0.pcap,tcp_0,tcp,0,Skype,VPN,FileTransfer,Skype
nonVPN_FileTransfer_Skype_file_7.pcap.TCP_10-0-2-15_49454_209-148-205-9_80_stream_0.pcap,tcp_0,tcp,0,Skype,nonVPN,FileTransfer,Skype
VPN_FileTransfer_Skype_file_2.pcap.UDP_10-8-8-130_49539_109-209-186-130_58661_stream_0.pcap,udp_0,udp,0,Skype,VPN,FileTransfer,Skype
nonVPN_FileTransfer_Skype_file_8.pcap.UDP_131-202-240-65_33127_131-202-240-101_44106_stream_0.pcap,udp_0,udp,0,Skype,nonVPN,FileTransfer,Skype
nonVPN_VoIP_Skype_audio_4.pcap.TCP_131-202-240-86_49624_162-17-58-49_56229_stream_0.pcap,tcp_0,tcp,0,Skype,nonVPN,VoIP,Skype
VPN_FileTransfer_Skype_file_2.pcap.UDP_10-8-8-130_49539_109-228-71-26_10647_stream_0.pcap,udp_0,udp,0,Skype,VPN,FileTransfer,Skype
VPN_FileTransfer_Skype_file_2.pcap.UDP_10-8-8-130_49539_111-221-74-18_443_stream_0.pcap,udp_0,udp,0,Skype,VPN,FileTransfer,Skype
VPN_VoIP_Skype_audio_1.pcap.UDP_10-8-0-6_40273_213-199-179-152_40005_stream_0.pcap,udp_0,udp,0,Skype,VPN,VoIP,Skype
nonVPN_FileTransfer_Skype_file_7.pcap.TCP_10-0-2-15_49445_68-67-176-20_80_stream_0.pcap,tcp_0,tcp,0,Skype,nonVPN,FileTransfer,Skype
VPN_FileTransfer_Skype_file_2.pcap.UDP_10-8-8-130_49539_111-221-74-31_40033_stream_0.pcap,udp_0,udp,0,Skype,VPN,FileTransfer,Skype
VPN_VoIP_Skype_audio_1.pcap.UDP_10-8-0-6_40273_213-199-179-169_40027_stream_0.pcap,udp_0,udp,0,Skype,VPN,VoIP,Skype
VPN_FileTransfer_Skype_file_2.pcap.UDP_10-8-8-130_49539_111-221-77-146_443_stream_0.pcap,udp_0,udp,0,Skype,VPN,FileTransfer,Skype
nonVPN_FileTransfer_Skype_file_7.pcap.TCP_10-0-2-15_49456_104-45-158-137_443_stream_0.pcap,tcp_0,tcp,0,Skype,nonVPN,FileTransfer,Skype
VPN_FileTransfer_Skype_file_2.pcap.UDP_10-8-8-130_49539_111-221-77-155_40021_stream_0.pcap,udp_0,udp,0,Skype,VPN,FileTransfer,Skype
nonVPN_VoIP_Skype_audio_2.pcap.TCP_131-202-240-86_2062_184-26-44-96_80_stream_0.pcap,tcp_0,tcp,0,Skype,nonVPN,VoIP,Skype
VPN_FileTransfer_Skype_file_2.pcap.UDP_10-8-8-130_49539_111-221-77-158_40007_stream_0.pcap,udp_0,udp,0,Skype,VPN,FileTransfer,Skype
VPN_FileTransfer_Skype_file_2.pcap.UDP_10-8-8-130_49539_111-221-77-169_40009_stream_0.pcap,udp_0,udp,0,Skype,VPN,FileTransfer,Skype
VPN_FileTransfer_Skype_file_2.pcap.UDP_10-8-8-130_49539_117-3-102-57_54899_stream_0.pcap,udp_0,udp,0,Skype,VPN,FileTransfer,Skype
nonVPN_Chat_Skype_none_2.pcap.TCP_50-7-70-210_80_131-202-240-87_11431_stream_0.pcap,tcp_0,tcp,0,Skype,nonVPN,Chat,Skype
VPN_FileTransfer_Skype_file_2.pcap.UDP_10-8-8-130_49539_111-221-77-159_40005_stream_0.pcap,udp_0,udp,0,Skype,VPN,FileTransfer,Skype
VPN_FileTransfer_Skype_file_2.pcap.UDP_10-8-8-130_49539_111-221-77-173_40006_stream_0.pcap,udp_0,udp,0,Skype,VPN,FileTransfer,Skype
VPN_FileTransfer_Skype_file_2.pcap.UDP_10-8-8-130_49539_128-75-64-126_53907_stream_0.pcap,udp_0,udp,0,Skype,VPN,FileTransfer,Skype
VPN_FileTransfer_Skype_file_2.pcap.UDP_10-8-8-130_49539_151-236-19-39_59520_stream_0.pcap,udp_0,udp,0,Skype,VPN,FileTransfer,Skype
VPN_FileTransfer_Skype_file_2.pcap.UDP_10-8-8-130_49539_151-236-19-39_59548_stream_0.pcap,udp_0,udp,0,Skype,VPN,FileTransfer,Skype
VPN_FileTransfer_Skype_file_2.pcap.UDP_10-8-8-130_49539_151-236-19-39_59577_stream_0.pcap,udp_0,udp,0,Skype,VPN,FileTransfer,Skype
VPN_FileTransfer_Skype_file_2.pcap.UDP_10-8-8-130_49539_151-236-19-39_59683_stream_0.pcap,udp_0,udp,0,Skype,VPN,FileTransfer,Skype
nonVPN_VoIP_Skype_video_2.pcap.TCP_131-202-240-86_1795_209-148-205-34_80_stream_0.pcap,tcp_0,tcp,0,Skype,nonVPN,VoIP,Skype
nonVPN_VoIP_Skype_video_2.pcap.TCP_24-114-70-186_38485_131-202-240-86_49624_stream_0.pcap,tcp_0,tcp,0,Skype,nonVPN,VoIP,Skype
VPN_FileTransfer_Skype_file_2.pcap.UDP_10-8-8-130_49539_157-55-130-154_40034_stream_0.pcap,udp_0,udp,0,Skype,VPN,FileTransfer,Skype
nonVPN_VoIP_Skype_video_4.pcap.UDP_92-93-64-98_46417_131-202-240-86_49624_stream_0.pcap,udp_0,udp,0,Skype,nonVPN,VoIP,Skype
nonVPN_VoIP_Skype_video_2.pcap.TCP_131-202-240-86_1780_209-148-205-34_80_stream_0.pcap,tcp_0,tcp,0,Skype,nonVPN,VoIP,Skype
nonVPN_VoIP_Skype_audio_2.pcap.TCP_131-202-240-86_2096_173-194-123-103_80_stream_0.pcap,tcp_0,tcp,0,Skype,nonVPN,VoIP,Skype
nonVPN_VoIP_Skype_audio_1.pcap.UDP_94-132-38-233_33825_131-202-240-150_40273_stream_0.pcap,udp_0,udp,0,Skype,nonVPN,VoIP,Skype
VPN_FileTransfer_Skype_file_2.pcap.UDP_10-8-8-130_49539_157-55-130-169_443_stream_0.pcap,udp_0,udp,0,Skype,VPN,FileTransfer,Skype
nonVPN_FileTransfer_Skype_file_8.pcap.UDP_96-21-158-126_1075_131-202-240-101_44106_stream_0.pcap,udp_0,udp,0,Skype,nonVPN,FileTransfer,Skype
VPN_FileTransfer_Skype_file_2.pcap.UDP_10-8-8-130_49539_157-55-130-175_443_stream_0.pcap,udp_0,udp,0,Skype,VPN,FileTransfer,Skype
nonVPN_VoIP_Skype_audio_2.pcap.TCP_71-180-155-48_50465_131-202-240-86_49624_stream_0.pcap,tcp_0,tcp,0,Skype,nonVPN,VoIP,Skype
VPN_FileTransfer_Skype_file_2.pcap.UDP_10-8-8-130_49539_157-55-235-155_40034_stream_0.pcap,udp_0,udp,0,Skype,VPN,FileTransfer,Skype
nonVPN_VoIP_Skype_video_2.pcap.TCP_131-202-240-86_1831_209-148-205-34_80_stream_0.pcap,tcp_0,tcp,0,Skype,nonVPN,VoIP,Skype
nonVPN_FileTransfer_Skype_file_7.pcap.TCP_10-0-2-15_49425_131-253-34-162_443_stream_0.pcap,tcp_0,tcp,0,Skype,nonVPN,FileTransfer,Skype
VPN_FileTransfer_Skype_file_2.pcap.UDP_10-8-8-130_49539_157-55-56-142_443_stream_0.pcap,udp_0,udp,0,Skype,VPN,FileTransfer,Skype
VPN_VoIP_Skype_audio_1.pcap.UDP_10-8-0-6_40273_64-4-23-169_40015_stream_0.pcap,udp_0,udp,0,Skype,VPN,VoIP,Skype
VPN_FileTransfer_Skype_file_2.pcap.UDP_10-8-8-130_49539_157-55-56-169_40008_stream_0.pcap,udp_0,udp,0,Skype,VPN,FileTransfer,Skype
VPN_FileTransfer_Skype_file_2.pcap.UDP_10-8-8-130_49539_157-56-52-13_40011_stream_0.pcap,udp_0,udp,0,Skype,VPN,FileTransfer,Skype
VPN_FileTransfer_Skype_file_2.pcap.UDP_10-8-8-130_49539_157-56-52-18_443_stream_0.pcap,udp_0,udp,0,Skype,VPN,FileTransfer,Skype
VPN_FileTransfer_Skype_file_2.pcap.UDP_10-8-8-130_49539_157-56-52-27_40034_stream_0.pcap,udp_0,udp,0,Skype,VPN,FileTransfer,Skype
VPN_VoIP_Skype_audio_1.pcap.UDP_10-8-0-6_40273_96-23-208-172_33778_stream_0.pcap,udp_0,udp,0,Skype,VPN,VoIP,Skype
nonVPN_VoIP_Skype_video_2.pcap.UDP_131-202-240-86_49624_206-51-99-230_6346_stream_0.pcap,udp_0,udp,0,Skype,nonVPN,VoIP,Skype
nonVPN_VoIP_Skype_video_2.pcap.TCP_131-202-240-86_1804_209-148-205-34_80_stream_0.pcap,tcp_0,tcp,0,Skype,nonVPN,VoIP,Skype
VPN_FileTransfer_Skype_file_2.pcap.UDP_10-8-8-130_49539_176-221-7-4_63980_stream_0.pcap,udp_0,udp,0,Skype,VPN,FileTransfer,Skype
VPN_VoIP_Skype_audio_1.pcap.UDP_10-8-0-6_40273_65-55-223-38_40024_stream_0.pcap,udp_0,udp,0,Skype,VPN,VoIP,Skype
VPN_FileTransfer_Skype_file_2.pcap.UDP_10-8-8-130_49539_177-156-68-101_30400_stream_0.pcap,udp_0,udp,0,Skype,VPN,FileTransfer,Skype
nonVPN_FileTransfer_Skype_file_6.pcap.TCP_23-49-84-188_443_131-202-240-86_10681_stream_0.pcap,tcp_0,tcp,0,Skype,nonVPN,FileTransfer,Skype
VPN_FileTransfer_Skype_file_2.pcap.UDP_10-8-8-130_49539_178-143-199-106_28155_stream_0.pcap,udp_0,udp,0,Skype,VPN,FileTransfer,Skype
VPN_FileTransfer_Skype_file_2.pcap.UDP_10-8-8-130_49539_178-185-103-121_47737_stream_0.pcap,udp_0,udp,0,Skype,VPN,FileTransfer,Skype
nonVPN_Chat_Skype_none_2.pcap.TCP_65-55-2-6_443_131-202-240-87_11417_stream_0.pcap,tcp_0,tcp,0,Skype,nonVPN,Chat,Skype
nonVPN_FileTransfer_Skype_file_7.pcap.TCP_10-0-2-15_49423_68-67-153-95_80_stream_0.pcap,tcp_0,tcp,0,Skype,nonVPN,FileTransfer,Skype
nonVPN_FileTransfer_Skype_file_7.pcap.TCP_10-0-2-15_49435_74-201-141-140_443_stream_0.pcap,tcp_0,tcp,0,Skype,nonVPN,FileTransfer,Skype
VPN_FileTransfer_Skype_file_2.pcap.UDP_10-8-8-130_49539_178-36-26-109_20842_stream_0.pcap,udp_0,udp,0,Skype,VPN,FileTransfer,Skype
nonVPN_VoIP_Skype_audio_1.pcap.UDP_111-221-74-25_40004_131-202-240-150_40273_stream_0.pcap,udp_0,udp,0,Skype,nonVPN,VoIP,Skype
VPN_FileTransfer_Skype_file_2.pcap.UDP_10-8-8-130_49539_178-206-104-159_58470_stream_0.pcap,udp_0,udp,0,Skype,VPN,FileTransfer,Skype
VPN_FileTransfer_Skype_file_2.pcap.UDP_10-8-8-130_49539_178-24-179-187_43347_stream_0.pcap,udp_0,udp,0,Skype,VPN,FileTransfer,Skype
VPN_FileTransfer_Skype_file_2.pcap.UDP_10-8-8-130_49539_178-201-202-60_6735_stream_0.pcap,udp_0,udp,0,Skype,VPN,FileTransfer,Skype
nonVPN_Chat_Skype_none_1.pcap.UDP_131-202-240-242_40509_213-199-179-155_40021_stream_0.pcap,udp_0,udp,0,Skype,nonVPN,Chat,Skype
nonVPN_VoIP_Skype_video_2.pcap.TCP_54-174-81-144_80_131-202-240-86_1863_stream_0.pcap,tcp_0,tcp,0,Skype,nonVPN,VoIP,Skype
VPN_VoIP_Skype_audio_1.pcap.UDP_10-8-0-6_40273_72-11-163-216_56230_stream_0.pcap,udp_0,udp,0,Skype,VPN,VoIP,Skype
VPN_FileTransfer_Skype_file_2.pcap.UDP_10-8-8-130_49539_184-162-79-221_21315_stream_0.pcap,udp_0,udp,0,Skype,VPN,FileTransfer,Skype
nonVPN_VoIP_Skype_video_2.pcap.TCP_131-202-240-86_1714_209-148-205-34_80_stream_0.pcap,tcp_0,tcp,0,Skype,nonVPN,VoIP,Skype
nonVPN_FileTransfer_Skype_file_7.pcap.TCP_10-0-2-15_49470_65-55-2-6_443_stream_0.pcap,tcp_0,tcp,0,Skype,nonVPN,FileTransfer,Skype
VPN_FileTransfer_Skype_file_2.pcap.UDP_10-8-8-130_49539_187-35-99-143_61133_stream_0.pcap,udp_0,udp,0,Skype,VPN,FileTransfer,Skype
nonVPN_VoIP_Skype_audio_2.pcap.UDP_47-62-93-148_17620_131-202-240-86_49624_stream_0.pcap,udp_0,udp,0,Skype,nonVPN,VoIP,Skype
nonVPN_VoIP_Skype_audio_4.pcap.UDP_131-202-240-86_49624_188-29-165-201_35186_stream_0.pcap,udp_0,udp,0,Skype,nonVPN,VoIP,Skype
VPN_FileTransfer_Skype_file_2.pcap.UDP_10-8-8-130_49539_188-2-128-20_20712_stream_0.pcap,udp_0,udp,0,Skype,VPN,FileTransfer,Skype
VPN_FileTransfer_Skype_file_2.pcap.UDP_10-8-8-130_49539_188-244-46-80_55602_stream_0.pcap,udp_0,udp,0,Skype,VPN,FileTransfer,Skype
VPN_FileTransfer_Skype_file_2.pcap.UDP_10-8-8-130_49539_188-242-9-223_54139_stream_0.pcap,udp_0,udp,0,Skype,VPN,FileTransfer,Skype
nonVPN_Chat_Skype_none_1.pcap.UDP_74-125-29-189_443_131-202-240-70_57497_stream_0.pcap,udp_0,udp,0,Skype,nonVPN,Chat,Skype
VPN_FileTransfer_Skype_file_2.pcap.UDP_10-8-8-130_49539_189-26-171-43_38228_stream_0.pcap,udp_0,udp,0,Skype,VPN,FileTransfer,Skype
nonVPN_Chat_Skype_none_2.pcap.TCP_91-190-218-17_443_131-202-240-87_11369_stream_0.pcap,tcp_0,tcp,0,Skype,nonVPN,Chat,Skype
VPN_FileTransfer_Skype_file_2.pcap.UDP_10-8-8-130_49539_195-144-223-67_8921_stream_0.pcap,udp_0,udp,0,Skype,VPN,FileTransfer,Skype
nonVPN_VoIP_Skype_audio_4.pcap.UDP_78-242-10-199_57404_131-202-240-86_49624_stream_0.pcap,udp_0,udp,0,Skype,nonVPN,VoIP,Skype
VPN_FileTransfer_Skype_file_2.pcap.UDP_10-8-8-130_49539_197-48-178-148_12469_stream_0.pcap,udp_0,udp,0,Skype,VPN,FileTransfer,Skype
nonVPN_VoIP_Skype_audio_4.pcap.UDP_131-202-240-86_49624_182-183-179-241_26513_stream_0.pcap,udp_0,udp,0,Skype,nonVPN,VoIP,Skype
VPN_FileTransfer_Skype_file_2.pcap.UDP_10-8-8-130_49539_201-93-68-158_52326_stream_0.pcap,udp_0,udp,0,Skype,VPN,FileTransfer,Skype
VPN_FileTransfer_Skype_file_2.pcap.UDP_10-8-8-130_49539_201-41-74-189_50307_stream_0.pcap,udp_0,udp,0,Skype,VPN,FileTransfer,Skype
VPN_FileTransfer_Skype_file_2.pcap.UDP_10-8-8-130_49539_200-114-1-139_14399_stream_0.pcap,udp_0,udp,0,Skype,VPN,FileTransfer,Skype
VPN_FileTransfer_Skype_file_2.pcap.UDP_10-8-8-130_49539_212-184-129-160_34486_stream_0.pcap,udp_0,udp,0,Skype,VPN,FileTransfer,Skype
VPN_FileTransfer_Skype_file_2.pcap.UDP_10-8-8-130_49539_212-164-136-200_48918_stream_0.pcap,udp_0,udp,0,Skype,VPN,FileTransfer,Skype
VPN_FileTransfer_Skype_file_2.pcap.UDP_10-8-8-130_49539_212-106-43-19_22948_stream_0.pcap,udp_0,udp,0,Skype,VPN,FileTransfer,Skype
VPN_FileTransfer_Skype_file_2.pcap.UDP_10-8-8-130_49539_212-28-84-207_52001_stream_0.pcap,udp_0,udp,0,Skype,VPN,FileTransfer,Skype
nonVPN_VoIP_Skype_audio_4.pcap.TCP_131-202-240-86_2216_173-241-242-220_443_stream_0.pcap,tcp_0,tcp,0,Skype,nonVPN,VoIP,Skype
VPN_FileTransfer_Skype_file_2.pcap.UDP_10-8-8-130_49539_213-102-81-77_39975_stream_0.pcap,udp_0,udp,0,Skype,VPN,FileTransfer,Skype
nonVPN_FileTransfer_Skype_file_5.pcap.UDP_109-172-77-3_60892_131-202-240-86_49624_stream_0.pcap,udp_0,udp,0,Skype,nonVPN,FileTransfer,Skype
nonVPN_FileTransfer_Skype_file_7.pcap.TCP_10-0-2-15_49507_204-79-197-213_443_stream_0.pcap,tcp_0,tcp,0,Skype,nonVPN,FileTransfer,Skype
nonVPN_Chat_Skype_none_1.pcap.UDP_64-4-23-167_40003_131-202-240-242_40509_stream_0.pcap,udp_0,udp,0,Skype,nonVPN,Chat,Skype
VPN_FileTransfer_Skype_file_2.pcap.UDP_10-8-8-130_49539_213-199-179-142_40005_stream_0.pcap,udp_0,udp,0,Skype,VPN,FileTransfer,Skype
nonVPN_VoIP_Skype_video_4.pcap.UDP_62-209-16-8_49704_131-202-240-86_49624_stream_0.pcap,udp_0,udp,0,Skype,nonVPN,VoIP,Skype
VPN_FileTransfer_Skype_file_2.pcap.UDP_10-8-8-130_49539_213-199-179-142_443_stream_0.pcap,udp_0,udp,0,Skype,VPN,FileTransfer,Skype
VPN_FileTransfer_Skype_file_2.pcap.UDP_10-8-8-130_49539_213-199-179-147_40034_stream_0.pcap,udp_0,udp,0,Skype,VPN,FileTransfer,Skype
VPN_FileTransfer_Skype_file_2.pcap.UDP_10-8-8-130_49539_213-199-179-148_40029_stream_0.pcap,udp_0,udp,0,Skype,VPN,FileTransfer,Skype
nonVPN_VoIP_Skype_video_2.pcap.TCP_68-67-152-172_80_131-202-240-86_1846_stream_0.pcap,tcp_0,tcp,0,Skype,nonVPN,VoIP,Skype
VPN_FileTransfer_Skype_file_2.pcap.UDP_10-8-8-130_49539_213-199-179-155_40021_stream_0.pcap,udp_0,udp,0,Skype,VPN,FileTransfer,Skype
nonVPN_FileTransfer_Skype_file_8.pcap.UDP_131-202-240-101_44106_157-55-56-169_40008_stream_0.pcap,udp_0,udp,0,Skype,nonVPN,FileTransfer,Skype
nonVPN_FileTransfer_Skype_file_7.pcap.UDP_10-0-2-15_57412_74-125-239-101_443_stream_0.pcap,udp_0,udp,0,Skype,nonVPN,FileTransfer,Skype
VPN_FileTransfer_Skype_file_2.pcap.UDP_10-8-8-130_49539_213-199-179-156_443_stream_0.pcap,udp_0,udp,0,Skype,VPN,FileTransfer,Skype
VPN_FileTransfer_Skype_file_2.pcap.UDP_10-8-8-130_49539_213-199-179-159_443_stream_0.pcap,udp_0,udp,0,Skype,VPN,FileTransfer,Skype
VPN_FileTransfer_Skype_file_2.pcap.UDP_10-8-8-130_49539_213-199-179-169_40019_stream_0.pcap,udp_0,udp,0,Skype,VPN,FileTransfer,Skype
VPN_FileTransfer_Skype_file_2.pcap.UDP_10-8-8-130_49539_213-199-179-171_443_stream_0.pcap,udp_0,udp,0,Skype,VPN,FileTransfer,Skype
nonVPN_Chat_Skype_none_1.pcap.UDP_131-202-240-242_40509_213-199-179-158_40007_stream_0.pcap,udp_0,udp,0,Skype,nonVPN,Chat,Skype
nonVPN_Chat_Skype_none_1.pcap.TCP_23-50-75-27_80_131-202-240-242_5979_stream_0.pcap,tcp_0,tcp,0,Skype,nonVPN,Chat,Skype
nonVPN_FileTransfer_Skype_file_4.pcap.UDP_64-234-9-152_10106_131-202-240-86_49624_stream_0.pcap,udp_0,udp,0,Skype,nonVPN,FileTransfer,Skype
VPN_FileTransfer_Skype_file_2.pcap.UDP_10-8-8-130_49539_213-199-179-169_443_stream_0.pcap,udp_0,udp,0,Skype,VPN,FileTransfer,Skype
nonVPN_VoIP_Skype_audio_2.pcap.TCP_23-49-84-188_443_131-202-240-86_2141_stream_0.pcap,tcp_0,tcp,0,Skype,nonVPN,VoIP,Skype
VPN_FileTransfer_Skype_file_2.pcap.UDP_10-8-8-130_49539_213-66-91-82_18682_stream_0.pcap,udp_0,udp,0,Skype,VPN,FileTransfer,Skype
VPN_FileTransfer_Skype_file_2.pcap.UDP_10-8-8-130_49539_217-133-62-145_23702_stream_0.pcap,udp_0,udp,0,Skype,VPN,FileTransfer,Skype
nonVPN_VoIP_Skype_video_2.pcap.TCP_131-202-240-86_1874_173-241-242-220_443_stream_0.pcap,tcp_0,tcp,0,Skype,nonVPN,VoIP,Skype
nonVPN_FileTransfer_Skype_file_6.pcap.TCP_65-55-2-6_443_131-202-240-86_10718_stream_0.pcap,tcp_0,tcp,0,Skype,nonVPN,FileTransfer,Skype
nonVPN_VoIP_Skype_video_4.pcap.TCP_131-202-240-86_49624_191-189-220-200_39067_stream_0.pcap,tcp_0,tcp,0,Skype,nonVPN,VoIP,Skype
VPN_FileTransfer_Skype_file_2.pcap.UDP_10-8-8-130_49539_220-136-59-65_47885_stream_0.pcap,udp_0,udp,0,Skype,VPN,FileTransfer,Skype
nonVPN_VoIP_Skype_video_2.pcap.TCP_54-218-30-193_80_131-202-240-86_1862_stream_0.pcap,tcp_0,tcp,0,Skype,nonVPN,VoIP,Skype
nonVPN_VoIP_Skype_video_4.pcap.UDP_128-69-116-120_34264_131-202-240-86_49624_stream_0.pcap,udp_0,udp,0,Skype,nonVPN,VoIP,Skype
VPN_FileTransfer_Skype_file_2.pcap.UDP_10-8-8-130_49539_31-53-89-88_1171_stream_0.pcap,udp_0,udp,0,Skype,VPN,FileTransfer,Skype
nonVPN_VoIP_Skype_video_4.pcap.UDP_77-130-230-123_31503_131-202-240-86_49624_stream_0.pcap,udp_0,udp,0,Skype,nonVPN,VoIP,Skype
nonVPN_FileTransfer_Skype_file_8.pcap.UDP_100-2-168-240_35566_131-202-240-101_44106_stream_0.pcap,udp_0,udp,0,Skype,nonVPN,FileTransfer,Skype
VPN_FileTransfer_Skype_file_2.pcap.UDP_10-8-8-130_49539_46-158-195-110_52376_stream_0.pcap,udp_0,udp,0,Skype,VPN,FileTransfer,Skype
VPN_FileTransfer_Skype_file_2.pcap.UDP_10-8-8-130_49539_46-172-64-91_41404_stream_0.pcap,udp_0,udp,0,Skype,VPN,FileTransfer,Skype
VPN_FileTransfer_Skype_file_2.pcap.UDP_10-8-8-130_49539_46-201-170-143_60957_stream_0.pcap,udp_0,udp,0,Skype,VPN,FileTransfer,Skype
VPN_FileTransfer_Skype_file_2.pcap.UDP_10-8-8-130_49539_46-180-198-165_6878_stream_0.pcap,udp_0,udp,0,Skype,VPN,FileTransfer,Skype
VPN_FileTransfer_Skype_file_2.pcap.UDP_10-8-8-130_49539_46-201-39-188_30990_stream_0.pcap,udp_0,udp,0,Skype,VPN,FileTransfer,Skype
VPN_VoIP_Skype_audio_1.pcap.UDP_10-8-0-6_40273_213-199-179-152_40019_stream_0.pcap,udp_0,udp,0,Skype,VPN,VoIP,Skype
VPN_FileTransfer_Skype_file_2.pcap.UDP_10-8-8-130_49539_46-32-76-184_39297_stream_0.pcap,udp_0,udp,0,Skype,VPN,FileTransfer,Skype
nonVPN_VoIP_Skype_video_4.pcap.UDP_131-202-240-86_49624_149-130-214-55_52360_stream_0.pcap,udp_0,udp,0,Skype,nonVPN,VoIP,Skype
nonVPN_FileTransfer_Skype_file_7.pcap.UDP_10-0-2-15_54186_179-184-36-92_32624_stream_0.pcap,udp_0,udp,0,Skype,nonVPN,FileTransfer,Skype
VPN_FileTransfer_Skype_file_2.pcap.UDP_10-8-8-130_49539_46-98-29-181_19033_stream_0.pcap,udp_0,udp,0,Skype,VPN,FileTransfer,Skype
VPN_FileTransfer_Skype_file_2.pcap.UDP_10-8-8-130_49539_59-184-15-189_32978_stream_0.pcap,udp_0,udp,0,Skype,VPN,FileTransfer,Skype
VPN_FileTransfer_Skype_file_2.pcap.UDP_10-8-8-130_49539_62-30-123-33_49107_stream_0.pcap,udp_0,udp,0,Skype,VPN,FileTransfer,Skype
VPN_FileTransfer_Skype_file_2.pcap.UDP_10-8-8-130_49539_62-178-30-173_24164_stream_0.pcap,udp_0,udp,0,Skype,VPN,FileTransfer,Skype
nonVPN_FileTransfer_Skype_file_8.pcap.UDP_131-202-240-101_44106_154-5-18-231_34566_stream_0.pcap,udp_0,udp,0,Skype,nonVPN,FileTransfer,Skype
VPN_FileTransfer_Skype_file_2.pcap.UDP_10-8-8-130_49539_62-198-78-46_7947_stream_0.pcap,udp_0,udp,0,Skype,VPN,FileTransfer,Skype
VPN_FileTransfer_Skype_file_2.pcap.UDP_10-8-8-130_49539_62-68-147-156_57178_stream_0.pcap,udp_0,udp,0,Skype,VPN,FileTransfer,Skype
nonVPN_VoIP_Skype_audio_3.pcap.UDP_111-221-77-159_40005_131-202-240-150_40273_stream_0.pcap,udp_0,udp,0,Skype,nonVPN,VoIP,Skype
nonVPN_FileTransfer_Skype_file_2.pcap.TCP_91-190-218-34_443_131-202-240-150_58458_stream_0.pcap,tcp_0,tcp,0,Skype,nonVPN,FileTransfer,Skype
nonVPN_FileTransfer_Skype_file_8.pcap.UDP_131-202-240-101_44106_157-55-56-157_40008_stream_0.pcap,udp_0,udp,0,Skype,nonVPN,FileTransfer,Skype
nonVPN_FileTransfer_Skype_file_6.pcap.TCP_23-49-84-188_443_131-202-240-86_10717_stream_0.pcap,tcp_0,tcp,0,Skype,nonVPN,FileTransfer,Skype
VPN_FileTransfer_Skype_file_2.pcap.UDP_10-8-8-130_49539_64-4-23-156_443_stream_0.pcap,udp_0,udp,0,Skype,VPN,FileTransfer,Skype
VPN_FileTransfer_Skype_file_2.pcap.UDP_10-8-8-130_49539_64-4-23-158_40007_stream_0.pcap,udp_0,udp,0,Skype,VPN,FileTransfer,Skype
VPN_FileTransfer_Skype_file_2.pcap.UDP_10-8-8-130_49539_64-4-23-159_40005_stream_0.pcap,udp_0,udp,0,Skype,VPN,FileTransfer,Skype
VPN_FileTransfer_Skype_file_2.pcap.UDP_10-8-8-130_49539_64-4-23-176_443_stream_0.pcap,udp_0,udp,0,Skype,VPN,FileTransfer,Skype
nonVPN_FileTransfer_Skype_file_7.pcap.TCP_10-0-2-15_49472_68-67-176-20_80_stream_0.pcap,tcp_0,tcp,0,Skype,nonVPN,FileTransfer,Skype
VPN_FileTransfer_Skype_file_2.pcap.UDP_10-8-8-130_49539_65-55-223-39_443_stream_0.pcap,udp_0,udp,0,Skype,VPN,FileTransfer,Skype
nonVPN_FileTransfer_Skype_file_8.pcap.UDP_108-185-161-24_63446_131-202-240-101_44106_stream_0.pcap,udp_0,udp,0,Skype,nonVPN,FileTransfer,Skype
VPN_FileTransfer_Skype_file_2.pcap.UDP_10-8-8-130_49539_65-55-223-34_443_stream_0.pcap,udp_0,udp,0,Skype,VPN,FileTransfer,Skype
nonVPN_VoIP_Skype_video_2.pcap.TCP_108-168-185-228_80_131-202-240-86_1859_stream_0.pcap,tcp_0,tcp,0,Skype,nonVPN,VoIP,Skype
VPN_FileTransfer_Skype_file_2.pcap.UDP_10-8-8-130_49539_67-84-44-168_61572_stream_0.pcap,udp_0,udp,0,Skype,VPN,FileTransfer,Skype
nonVPN_VoIP_Skype_video_4.pcap.UDP_24-217-29-219_11127_131-202-240-86_49624_stream_0.pcap,udp_0,udp,0,Skype,nonVPN,VoIP,Skype
nonVPN_FileTransfer_Skype_file_8.pcap.UDP_131-202-240-101_44106_157-55-235-175_40016_stream_0.pcap,udp_0,udp,0,Skype,nonVPN,FileTransfer,Skype
VPN_FileTransfer_Skype_file_2.pcap.UDP_10-8-8-130_49539_75-129-104-217_44568_stream_0.pcap,udp_0,udp,0,Skype,VPN,FileTransfer,Skype
VPN_FileTransfer_Skype_file_2.pcap.UDP_10-8-8-130_49539_75-99-233-130_16678_stream_0.pcap,udp_0,udp,0,Skype,VPN,FileTransfer,Skype
nonVPN_VoIP_Skype_audio_2.pcap.TCP_54-230-53-92_80_131-202-240-86_2077_stream_0.pcap,tcp_0,tcp,0,Skype,nonVPN,VoIP,Skype
VPN_FileTransfer_Skype_file_2.pcap.UDP_10-8-8-130_49539_77-223-44-50_59190_stream_0.pcap,udp_0,udp,0,Skype,VPN,FileTransfer,Skype
VPN_FileTransfer_Skype_file_2.pcap.UDP_10-8-8-130_49539_77-42-152-194_16102_stream_0.pcap,udp_0,udp,0,Skype,VPN,FileTransfer,Skype
VPN_VoIP_Skype_audio_1.pcap.UDP_10-8-0-6_40273_95-94-50-70_9313_stream_0.pcap,udp_0,udp,0,Skype,VPN,VoIP,Skype
VPN_FileTransfer_Skype_file_2.pcap.UDP_10-8-8-130_49539_77-46-255-8_12776_stream_0.pcap,udp_0,udp,0,Skype,VPN,FileTransfer,Skype
VPN_VoIP_Skype_audio_1.pcap.UDP_10-8-0-6_40273_64-4-23-145_40009_stream_0.pcap,udp_0,udp,0,Skype,VPN,VoIP,Skype
nonVPN_VoIP_Skype_audio_5.pcap.UDP_131-202-240-65_53548_131-202-240-101_44106_stream_0.pcap,udp_0,udp,0,Skype,nonVPN,VoIP,Skype
nonVPN_Chat_Skype_none_2.pcap.TCP_78-49-199-245_49894_131-202-240-87_42322_stream_0.pcap,tcp_0,tcp,0,Skype,nonVPN,Chat,Skype
nonVPN_VoIP_Skype_video_2.pcap.TCP_131-202-240-86_1722_209-148-205-34_80_stream_0.pcap,tcp_0,tcp,0,Skype,nonVPN,VoIP,Skype
VPN_FileTransfer_Skype_file_2.pcap.UDP_10-8-8-130_49539_78-56-120-78_62980_stream_0.pcap,udp_0,udp,0,Skype,VPN,FileTransfer,Skype
VPN_FileTransfer_Skype_file_2.pcap.UDP_10-8-8-130_49539_79-16-130-173_24697_stream_0.pcap,udp_0,udp,0,Skype,VPN,FileTransfer,Skype
VPN_FileTransfer_Skype_file_2.pcap.UDP_10-8-8-130_49539_79-179-29-230_33318_stream_0.pcap,udp_0,udp,0,Skype,VPN,FileTransfer,Skype
VPN_FileTransfer_Skype_file_2.pcap.UDP_10-8-8-130_49539_79-182-1-250_56151_stream_0.pcap,udp_0,udp,0,Skype,VPN,FileTransfer,Skype
VPN_FileTransfer_Skype_file_2.pcap.UDP_10-8-8-130_49539_79-184-32-12_14818_stream_0.pcap,udp_0,udp,0,Skype,VPN,FileTransfer,Skype
nonVPN_VoIP_Skype_video_2.pcap.TCP_131-202-240-86_1827_209-148-205-34_80_stream_0.pcap,tcp_0,tcp,0,Skype,nonVPN,VoIP,Skype
nonVPN_VoIP_Skype_video_2.pcap.TCP_131-202-240-86_1822_209-148-205-34_80_stream_0.pcap,tcp_0,tcp,0,Skype,nonVPN,VoIP,Skype
VPN_FileTransfer_Skype_file_2.pcap.UDP_10-8-8-130_49539_80-198-96-67_31674_stream_0.pcap,udp_0,udp,0,Skype,VPN,FileTransfer,Skype
nonVPN_VoIP_Skype_video_4.pcap.TCP_69-127-154-145_53199_131-202-240-86_49624_stream_0.pcap,tcp_0,tcp,0,Skype,nonVPN,VoIP,Skype
VPN_FileTransfer_Skype_file_2.pcap.UDP_10-8-8-130_49539_81-110-249-73_21424_stream_0.pcap,udp_0,udp,0,Skype,VPN,FileTransfer,Skype
VPN_FileTransfer_Skype_file_2.pcap.UDP_10-8-8-130_49539_81-136-18-150_19483_stream_0.pcap,udp_0,udp,0,Skype,VPN,FileTransfer,Skype
nonVPN_FileTransfer_Skype_file_8.pcap.UDP_72-39-249-200_18990_131-202-240-101_44106_stream_0.pcap,udp_0,udp,0,Skype,nonVPN,FileTransfer,Skype
nonVPN_FileTransfer_Skype_file_7.pcap.UDP_10-0-2-15_54186_213-199-179-176_40018_stream_0.pcap,udp_0,udp,0,Skype,nonVPN,FileTransfer,Skype
nonVPN_FileTransfer_Skype_file_7.pcap.TCP_10-0-2-15_49529_68-67-152-103_80_stream_0.pcap,tcp_0,tcp,0,Skype,nonVPN,FileTransfer,Skype
nonVPN_VoIP_Skype_audio_4.pcap.TCP_131-202-240-86_2203_184-26-182-161_443_stream_0.pcap,tcp_0,tcp,0,Skype,nonVPN,VoIP,Skype
nonVPN_FileTransfer_Skype_file_6.pcap.TCP_131-202-240-86_49624_162-17-58-49_57685_stream_0.pcap,tcp_0,tcp,0,Skype,nonVPN,FileTransfer,Skype
VPN_FileTransfer_Skype_file_2.pcap.UDP_10-8-8-130_49539_81-216-60-217_53710_stream_0.pcap,udp_0,udp,0,Skype,VPN,FileTransfer,Skype
nonVPN_VoIP_Skype_video_4.pcap.UDP_109-123-120-139_24984_131-202-240-86_49624_stream_0.pcap,udp_0,udp,0,Skype,nonVPN,VoIP,Skype
VPN_FileTransfer_Skype_file_2.pcap.UDP_10-8-8-130_49539_81-248-21-133_25063_stream_0.pcap,udp_0,udp,0,Skype,VPN,FileTransfer,Skype
nonVPN_VoIP_Skype_video_2.pcap.TCP_131-202-240-86_1709_209-148-205-34_80_stream_0.pcap,tcp_0,tcp,0,Skype,nonVPN,VoIP,Skype
VPN_FileTransfer_Skype_file_2.pcap.UDP_10-8-8-130_49539_81-62-51-49_32990_stream_0.pcap,udp_0,udp,0,Skype,VPN,FileTransfer,Skype
VPN_VoIP_Skype_audio_1.pcap.UDP_10-8-0-6_40273_213-199-179-176_40013_stream_0.pcap,udp_0,udp,0,Skype,VPN,VoIP,Skype
nonVPN_VoIP_Skype_audio_1.pcap.UDP_131-202-240-150_40273_157-55-235-142_40029_stream_0.pcap,udp_0,udp,0,Skype,nonVPN,VoIP,Skype
VPN_FileTransfer_Skype_file_2.pcap.UDP_10-8-8-130_49539_82-164-164-243_2920_stream_0.pcap,udp_0,udp,0,Skype,VPN,FileTransfer,Skype
nonVPN_VoIP_Skype_audio_4.pcap.UDP_131-202-240-86_49624_212-161-8-36_13392_stream_0.pcap,udp_0,udp,0,Skype,nonVPN,VoIP,Skype
nonVPN_VoIP_Skype_audio_2.pcap.TCP_50-151-107-253_58631_131-202-240-86_49624_stream_0.pcap,tcp_0,tcp,0,Skype,nonVPN,VoIP,Skype
nonVPN_FileTransfer_Skype_file_8.pcap.TCP_24-53-88-18_58491_131-202-240-101_50258_stream_0.pcap,tcp_0,tcp,0,Skype,nonVPN,FileTransfer,Skype
nonVPN_VoIP_Skype_video_2.pcap.TCP_131-202-240-86_1723_209-148-205-34_80_stream_0.pcap,tcp_0,tcp,0,Skype,nonVPN,VoIP,Skype
nonVPN_FileTransfer_Skype_file_8.pcap.UDP_131-202-240-101_44106_157-55-235-173_443_stream_0.pcap,udp_0,udp,0,Skype,nonVPN,FileTransfer,Skype
nonVPN_FileTransfer_Skype_file_7.pcap.TCP_10-0-2-15_49466_209-148-205-32_80_stream_0.pcap,tcp_0,tcp,0,Skype,nonVPN,FileTransfer,Skype
VPN_FileTransfer_Skype_file_2.pcap.UDP_10-8-8-130_49539_83-255-89-225_36882_stream_0.pcap,udp_0,udp,0,Skype,VPN,FileTransfer,Skype
nonVPN_VoIP_Skype_audio_4.pcap.TCP_54-183-74-146_443_131-202-240-86_2219_stream_0.pcap,tcp_0,tcp,0,Skype,nonVPN,VoIP,Skype
nonVPN_FileTransfer_Skype_file_8.pcap.UDP_64-4-23-169_40008_131-202-240-101_44106_stream_0.pcap,udp_0,udp,0,Skype,nonVPN,FileTransfer,Skype
nonVPN_FileTransfer_Skype_file_6.pcap.UDP_124-123-75-213_29267_131-202-240-86_49624_stream_0.pcap,udp_0,udp,0,Skype,nonVPN,FileTransfer,Skype
VPN_FileTransfer_Skype_file_2.pcap.UDP_10-8-8-130_49539_83-77-28-158_17733_stream_0.pcap,udp_0,udp,0,Skype,VPN,FileTransfer,Skype
nonVPN_Chat_Skype_none_2.pcap.TCP_96-16-196-150_443_131-202-240-87_11337_stream_0.pcap,tcp_0,tcp,0,Skype,nonVPN,Chat,Skype
nonVPN_FileTransfer_Skype_file_2.pcap.TCP_131-202-240-150_57408_191-234-42-225_80_stream_0.pcap,tcp_0,tcp,0,Skype,nonVPN,FileTransfer,Skype
VPN_FileTransfer_Skype_file_2.pcap.UDP_10-8-8-130_49539_85-72-240-231_34308_stream_0.pcap,udp_0,udp,0,Skype,VPN,FileTransfer,Skype
VPN_FileTransfer_Skype_file_2.pcap.UDP_10-8-8-130_49539_86-138-130-48_27863_stream_0.pcap,udp_0,udp,0,Skype,VPN,FileTransfer,Skype
VPN_FileTransfer_Skype_file_2.pcap.UDP_10-8-8-130_49539_85-75-110-162_8616_stream_0.pcap,udp_0,udp,0,Skype,VPN,FileTransfer,Skype
VPN_VoIP_Skype_audio_1.pcap.UDP_10-8-0-6_40273_213-199-179-176_40026_stream_0.pcap,udp_0,udp,0,Skype,VPN,VoIP,Skype
VPN_FileTransfer_Skype_file_2.pcap.UDP_10-8-8-130_49539_86-193-232-51_40406_stream_0.pcap,udp_0,udp,0,Skype,VPN,FileTransfer,Skype
VPN_FileTransfer_Skype_file_2.pcap.UDP_10-8-8-130_49539_86-170-118-247_12431_stream_0.pcap,udp_0,udp,0,Skype,VPN,FileTransfer,Skype
nonVPN_VoIP_Skype_audio_2.pcap.UDP_50-151-107-253_6907_131-202-240-86_49624_stream_0.pcap,udp_0,udp,0,Skype,nonVPN,VoIP,Skype
VPN_FileTransfer_Skype_file_2.pcap.UDP_10-8-8-130_49539_88-166-212-83_30735_stream_0.pcap,udp_0,udp,0,Skype,VPN,FileTransfer,Skype
nonVPN_VoIP_Skype_video_2.pcap.TCP_131-202-240-86_1873_208-71-121-72_443_stream_0.pcap,tcp_0,tcp,0,Skype,nonVPN,VoIP,Skype
nonVPN_VoIP_Skype_video_2.pcap.UDP_79-106-109-199_29958_131-202-240-86_49624_stream_0.pcap,udp_0,udp,0,Skype,nonVPN,VoIP,Skype
nonVPN_FileTransfer_Skype_file_7.pcap.UDP_10-0-2-15_54186_96-50-80-21_52458_stream_0.pcap,udp_0,udp,0,Skype,nonVPN,FileTransfer,Skype
nonVPN_VoIP_Skype_audio_6.pcap.TCP_10-0-2-15_56232_173-194-123-127_80_stream_0.pcap,tcp_0,tcp,0,Skype,nonVPN,VoIP,Skype
nonVPN_VoIP_Skype_video_2.pcap.TCP_131-202-240-86_1743_209-148-205-34_80_stream_0.pcap,tcp_0,tcp,0,Skype,nonVPN,VoIP,Skype
VPN_FileTransfer_Skype_file_2.pcap.UDP_10-8-8-130_49539_92-84-157-162_26731_stream_0.pcap,udp_0,udp,0,Skype,VPN,FileTransfer,Skype
nonVPN_VoIP_Skype_audio_2.pcap.UDP_131-202-240-86_49624_166-176-121-62_18640_stream_0.pcap,udp_0,udp,0,Skype,nonVPN,VoIP,Skype
nonVPN_VoIP_Skype_video_2.pcap.TCP_38-71-4-136_80_131-202-240-86_1864_stream_0.pcap,tcp_0,tcp,0,Skype,nonVPN,VoIP,Skype
nonVPN_VoIP_Skype_video_2.pcap.TCP_131-202-240-86_1761_209-148-205-34_80_stream_0.pcap,tcp_0,tcp,0,Skype,nonVPN,VoIP,Skype
VPN_FileTransfer_Skype_file_2.pcap.UDP_10-8-8-130_49539_95-65-208-41_1398_stream_0.pcap,udp_0,udp,0,Skype,VPN,FileTransfer,Skype
VPN_FileTransfer_Skype_file_2.pcap.UDP_10-8-8-130_49539_95-87-14-241_51167_stream_0.pcap,udp_0,udp,0,Skype,VPN,FileTransfer,Skype
VPN_FileTransfer_Skype_file_2.pcap.UDP_2-218-214-60_55984_10-8-8-130_49539_stream_0.pcap,udp_0,udp,0,Skype,VPN,FileTransfer,Skype
nonVPN_VoIP_Skype_video_4.pcap.UDP_131-202-240-86_49624_217-118-90-54_39864_stream_0.pcap,udp_0,udp,0,Skype,nonVPN,VoIP,Skype
VPN_FileTransfer_Skype_file_2.pcap.UDP_5-19-207-114_45555_10-8-8-130_49539_stream_0.pcap,udp_0,udp,0,Skype,VPN,FileTransfer,Skype
nonVPN_VoIP_Skype_audio_2.pcap.TCP_69-172-216-55_80_131-202-240-86_2119_stream_0.pcap,tcp_0,tcp,0,Skype,nonVPN,VoIP,Skype
VPN_VoIP_Skype_audio_1.pcap.TCP_10-8-0-6_39543_45-50-54-24_39032_stream_0.pcap,tcp_0,tcp,0,Skype,VPN,VoIP,Skype
nonVPN_VoIP_Skype_video_2.pcap.TCP_131-202-240-86_1773_209-148-205-34_80_stream_0.pcap,tcp_0,tcp,0,Skype,nonVPN,VoIP,Skype
VPN_VoIP_Skype_audio_1.pcap.TCP_10-8-0-6_39578_45-50-54-24_39032_stream_0.pcap,tcp_0,tcp,0,Skype,VPN,VoIP,Skype
nonVPN_VoIP_Skype_audio_4.pcap.TCP_131-202-240-86_2178_131-253-34-162_443_stream_0.pcap,tcp_0,tcp,0,Skype,nonVPN,VoIP,Skype
VPN_VoIP_Skype_audio_1.pcap.TCP_10-8-0-6_40440_137-116-224-167_443_stream_0.pcap,tcp_0,tcp,0,Skype,VPN,VoIP,Skype
VPN_VoIP_Skype_audio_2.pcap.UDP_10-8-0-10_18420_111-221-77-159_40005_stream_0.pcap,udp_0,udp,0,Skype,VPN,VoIP,Skype
nonVPN_FileTransfer_Skype_file_2.pcap.TCP_23-45-38-13_443_131-202-240-150_60447_stream_0.pcap,tcp_0,tcp,0,Skype,nonVPN,FileTransfer,Skype
nonVPN_VoIP_Skype_video_2.pcap.TCP_131-202-240-86_1787_209-148-205-34_80_stream_0.pcap,tcp_0,tcp,0,Skype,nonVPN,VoIP,Skype
VPN_VoIP_Skype_audio_1.pcap.TCP_10-8-0-6_42868_141-219-235-176_60830_stream_0.pcap,tcp_0,tcp,0,Skype,VPN,VoIP,Skype
nonVPN_VoIP_Skype_video_4.pcap.TCP_131-202-240-86_1937_209-148-205-27_80_stream_0.pcap,tcp_0,tcp,0,Skype,nonVPN,VoIP,Skype
VPN_VoIP_Skype_audio_1.pcap.TCP_10-8-0-6_42881_141-219-235-176_60830_stream_0.pcap,tcp_0,tcp,0,Skype,VPN,VoIP,Skype
VPN_VoIP_Skype_audio_1.pcap.UDP_10-8-0-6_40273_65-55-223-18_40010_stream_0.pcap,udp_0,udp,0,Skype,VPN,VoIP,Skype
nonVPN_FileTransfer_Skype_file_7.pcap.UDP_10-0-2-15_54186_157-55-130-142_40019_stream_0.pcap,udp_0,udp,0,Skype,nonVPN,FileTransfer,Skype
VPN_VoIP_Skype_audio_1.pcap.TCP_10-8-0-6_42894_141-219-235-176_60830_stream_0.pcap,tcp_0,tcp,0,Skype,VPN,VoIP,Skype
nonVPN_VoIP_Skype_video_2.pcap.TCP_131-202-240-86_1820_209-148-205-34_80_stream_0.pcap,tcp_0,tcp,0,Skype,nonVPN,VoIP,Skype
nonVPN_VoIP_Skype_video_2.pcap.TCP_131-202-240-86_1785_209-148-205-34_80_stream_0.pcap,tcp_0,tcp,0,Skype,nonVPN,VoIP,Skype
nonVPN_FileTransfer_Skype_file_8.pcap.UDP_111-221-77-155_40021_131-202-240-101_44106_stream_0.pcap,udp_0,udp,0,Skype,nonVPN,FileTransfer,Skype
VPN_VoIP_Skype_audio_1.pcap.TCP_10-8-0-6_48582_68-180-110-66_12732_stream_0.pcap,tcp_0,tcp,0,Skype,VPN,VoIP,Skype
VPN_VoIP_Skype_audio_1.pcap.TCP_10-8-0-6_48589_68-180-110-66_12732_stream_0.pcap,tcp_0,tcp,0,Skype,VPN,VoIP,Skype
nonVPN_Chat_Skype_none_2.pcap.TCP_131-202-240-87_11423_131-253-34-162_443_stream_0.pcap,tcp_0,tcp,0,Skype,nonVPN,Chat,Skype
VPN_VoIP_Skype_audio_1.pcap.TCP_10-8-0-6_48602_68-180-110-66_12732_stream_0.pcap,tcp_0,tcp,0,Skype,VPN,VoIP,Skype
VPN_VoIP_Skype_audio_1.pcap.UDP_10-8-0-6_40273_64-4-23-141_40007_stream_0.pcap,udp_0,udp,0,Skype,VPN,VoIP,Skype
nonVPN_VoIP_Skype_video_4.pcap.UDP_76-10-248-71_6419_131-202-240-86_49624_stream_0.pcap,udp_0,udp,0,Skype,nonVPN,VoIP,Skype
VPN_VoIP_Skype_audio_1.pcap.TCP_10-8-0-6_49554_178-168-63-248_35394_stream_0.pcap,tcp_0,tcp,0,Skype,VPN,VoIP,Skype
VPN_VoIP_Skype_audio_1.pcap.TCP_10-8-0-6_51282_23-233-201-201_64885_stream_0.pcap,tcp_0,tcp,0,Skype,VPN,VoIP,Skype
nonVPN_VoIP_Skype_audio_4.pcap.UDP_85-115-224-214_61518_131-202-240-86_49624_stream_0.pcap,udp_0,udp,0,Skype,nonVPN,VoIP,Skype
nonVPN_FileTransfer_Skype_file_6.pcap.TCP_131-202-240-86_10721_209-148-205-26_80_stream_0.pcap,tcp_0,tcp,0,Skype,nonVPN,FileTransfer,Skype
VPN_VoIP_Skype_audio_1.pcap.TCP_10-8-0-6_49567_178-168-63-248_35394_stream_0.pcap,tcp_0,tcp,0,Skype,VPN,VoIP,Skype
nonVPN_VoIP_Skype_audio_1.pcap.UDP_111-221-74-14_40029_131-202-240-150_40273_stream_0.pcap,udp_0,udp,0,Skype,nonVPN,VoIP,Skype
VPN_VoIP_Skype_audio_2.pcap.UDP_10-8-0-10_18420_65-55-223-14_40029_stream_0.pcap,udp_0,udp,0,Skype,VPN,VoIP,Skype
VPN_VoIP_Skype_audio_1.pcap.UDP_10-8-0-6_40273_213-199-179-160_40016_stream_0.pcap,udp_0,udp,0,Skype,VPN,VoIP,Skype
VPN_VoIP_Skype_audio_1.pcap.TCP_10-8-0-6_58255_91-190-218-125_12350_stream_0.pcap,tcp_0,tcp,0,Skype,VPN,VoIP,Skype
VPN_VoIP_Skype_audio_1.pcap.TCP_10-8-0-6_60225_68-63-177-114_20718_stream_0.pcap,tcp_0,tcp,0,Skype,VPN,VoIP,Skype
nonVPN_FileTransfer_Skype_file_7.pcap.TCP_10-0-2-15_49459_65-55-2-6_443_stream_0.pcap,tcp_0,tcp,0,Skype,nonVPN,FileTransfer,Skype
VPN_VoIP_Skype_audio_1.pcap.UDP_10-8-0-6_40273_107-15-137-56_35686_stream_0.pcap,udp_0,udp,0,Skype,VPN,VoIP,Skype
nonVPN_VoIP_Skype_video_4.pcap.TCP_65-55-2-6_443_131-202-240-86_1921_stream_0.pcap,tcp_0,tcp,0,Skype,nonVPN,VoIP,Skype
VPN_VoIP_Skype_audio_1.pcap.UDP_10-8-0-6_40273_64-4-23-160_40016_stream_0.pcap,udp_0,udp,0,Skype,VPN,VoIP,Skype
nonVPN_VoIP_Skype_audio_2.pcap.TCP_131-202-240-86_49624_206-223-168-58_48597_stream_0.pcap,tcp_0,tcp,0,Skype,nonVPN,VoIP,Skype
nonVPN_VoIP_Skype_video_2.pcap.TCP_68-67-152-196_80_131-202-240-86_1718_stream_0.pcap,tcp_0,tcp,0,Skype,nonVPN,VoIP,Skype
VPN_VoIP_Skype_audio_1.pcap.UDP_10-8-0-6_40273_111-221-74-21_40029_stream_0.pcap,udp_0,udp,0,Skype,VPN,VoIP,Skype
VPN_VoIP_Skype_audio_1.pcap.UDP_10-8-0-6_40273_111-221-74-22_40011_stream_0.pcap,udp_0,udp,0,Skype,VPN,VoIP,Skype
nonVPN_FileTransfer_Skype_file_7.pcap.TCP_10-0-2-15_49490_68-67-152-110_80_stream_0.pcap,tcp_0,tcp,0,Skype,nonVPN,FileTransfer,Skype
nonVPN_FileTransfer_Skype_file_6.pcap.TCP_131-202-240-86_10685_209-148-205-26_80_stream_0.pcap,tcp_0,tcp,0,Skype,nonVPN,FileTransfer,Skype
VPN_VoIP_Skype_audio_1.pcap.UDP_10-8-0-6_40273_111-221-74-17_40011_stream_0.pcap,udp_0,udp,0,Skype,VPN,VoIP,Skype
VPN_VoIP_Skype_audio_1.pcap.UDP_10-8-0-6_40273_111-221-74-25_40002_stream_0.pcap,udp_0,udp,0,Skype,VPN,VoIP,Skype
VPN_VoIP_Skype_audio_1.pcap.UDP_10-8-0-6_40273_111-221-74-28_40028_stream_0.pcap,udp_0,udp,0,Skype,VPN,VoIP,Skype
nonVPN_VoIP_Skype_audio_2.pcap.UDP_131-202-240-86_49624_157-55-130-157_40013_stream_0.pcap,udp_0,udp,0,Skype,nonVPN,VoIP,Skype
nonVPN_VoIP_Skype_audio_2.pcap.TCP_65-55-2-6_443_131-202-240-86_2109_stream_0.pcap,tcp_0,tcp,0,Skype,nonVPN,VoIP,Skype
VPN_VoIP_Skype_audio_1.pcap.UDP_10-8-0-6_40273_111-221-74-31_40033_stream_0.pcap,udp_0,udp,0,Skype,VPN,VoIP,Skype
nonVPN_VoIP_Skype_video_2.pcap.TCP_131-202-240-86_1821_209-148-205-34_80_stream_0.pcap,tcp_0,tcp,0,Skype,nonVPN,VoIP,Skype
nonVPN_VoIP_Skype_audio_4.pcap.UDP_62-235-155-227_46519_131-202-240-86_49624_stream_0.pcap,udp_0,udp,0,Skype,nonVPN,VoIP,Skype
nonVPN_FileTransfer_Skype_file_6.pcap.UDP_131-202-240-86_49624_193-93-229-250_17120_stream_0.pcap,udp_0,udp,0,Skype,nonVPN,FileTransfer,Skype
VPN_VoIP_Skype_audio_1.pcap.UDP_10-8-0-6_40273_65-55-223-41_40025_stream_0.pcap,udp_0,udp,0,Skype,VPN,VoIP,Skype
VPN_VoIP_Skype_audio_2.pcap.UDP_10-8-0-10_18420_213-199-179-159_40005_stream_0.pcap,udp_0,udp,0,Skype,VPN,VoIP,Skype
nonVPN_VoIP_Skype_video_4.pcap.TCP_131-202-240-86_49624_212-252-19-172_10366_stream_0.pcap,tcp_0,tcp,0,Skype,nonVPN,VoIP,Skype
VPN_VoIP_Skype_audio_1.pcap.UDP_10-8-0-6_40273_111-221-74-39_40027_stream_0.pcap,udp_0,udp,0,Skype,VPN,VoIP,Skype
nonVPN_VoIP_Skype_video_4.pcap.TCP_131-202-240-86_49624_212-252-19-172_10579_stream_0.pcap,tcp_0,tcp,0,Skype,nonVPN,VoIP,Skype
nonVPN_FileTransfer_Skype_file_7.pcap.TCP_10-0-2-15_49500_68-67-176-20_80_stream_0.pcap,tcp_0,tcp,0,Skype,nonVPN,FileTransfer,Skype
VPN_VoIP_Skype_audio_1.pcap.UDP_10-8-0-6_40273_111-221-74-45_40008_stream_0.pcap,udp_0,udp,0,Skype,VPN,VoIP,Skype
VPN_VoIP_Skype_audio_2.pcap.UDP_10-8-0-10_18420_157-55-130-154_40034_stream_0.pcap,udp_0,udp,0,Skype,VPN,VoIP,Skype
nonVPN_VoIP_Skype_audio_5.pcap.UDP_131-202-240-65_54186_131-202-240-101_44106_stream_0.pcap,udp_0,udp,0,Skype,nonVPN,VoIP,Skype
nonVPN_VoIP_Skype_video_2.pcap.TCP_131-202-240-86_1798_209-148-205-34_80_stream_0.pcap,tcp_0,tcp,0,Skype,nonVPN,VoIP,Skype
VPN_VoIP_Skype_audio_1.pcap.UDP_10-8-0-6_40273_111-221-77-141_40007_stream_0.pcap,udp_0,udp,0,Skype,VPN,VoIP,Skype
VPN_VoIP_Skype_audio_2.pcap.UDP_10-8-0-10_18420_213-199-179-176_40018_stream_0.pcap,udp_0,udp,0,Skype,VPN,VoIP,Skype
nonVPN_Chat_Skype_none_1.pcap.TCP_65-55-2-6_443_131-202-240-242_5953_stream_0.pcap,tcp_0,tcp,0,Skype,nonVPN,Chat,Skype
nonVPN_VoIP_Skype_audio_4.pcap.TCP_74-121-139-103_443_131-202-240-86_2217_stream_0.pcap,tcp_0,tcp,0,Skype,nonVPN,VoIP,Skype
VPN_VoIP_Skype_audio_1.pcap.UDP_10-8-0-6_40273_111-221-77-145_40026_stream_0.pcap,udp_0,udp,0,Skype,VPN,VoIP,Skype
VPN_VoIP_Skype_audio_1.pcap.UDP_10-8-0-6_40273_111-221-77-146_40030_stream_0.pcap,udp_0,udp,0,Skype,VPN,VoIP,Skype
nonVPN_Chat_Skype_none_1.pcap.UDP_131-202-240-242_40509_157-55-56-158_40007_stream_0.pcap,udp_0,udp,0,Skype,nonVPN,Chat,Skype
VPN_VoIP_Skype_audio_1.pcap.UDP_10-8-0-6_40273_111-221-77-149_40014_stream_0.pcap,udp_0,udp,0,Skype,VPN,VoIP,Skype
VPN_VoIP_Skype_audio_2.pcap.TCP_10-8-0-10_34024_23-65-248-82_80_stream_0.pcap,tcp_0,tcp,0,Skype,VPN,VoIP,Skype
nonVPN_FileTransfer_Skype_file_7.pcap.TCP_10-0-2-15_49464_173-252-110-27_443_stream_0.pcap,tcp_0,tcp,0,Skype,nonVPN,FileTransfer,Skype
nonVPN_VoIP_Skype_video_2.pcap.TCP_131-202-240-86_1742_209-148-205-34_80_stream_0.pcap,tcp_0,tcp,0,Skype,nonVPN,VoIP,Skype
nonVPN_VoIP_Skype_video_4.pcap.UDP_131-202-240-86_49624_193-34-172-63_61562_stream_0.pcap,udp_0,udp,0,Skype,nonVPN,VoIP,Skype
VPN_VoIP_Skype_audio_1.pcap.UDP_10-8-0-6_40273_111-221-77-150_40028_stream_0.pcap,udp_0,udp,0,Skype,VPN,VoIP,Skype
VPN_VoIP_Skype_audio_1.pcap.UDP_10-8-0-6_40273_111-221-77-156_40031_stream_0.pcap,udp_0,udp,0,Skype,VPN,VoIP,Skype
VPN_VoIP_Skype_audio_1.pcap.UDP_10-8-0-6_40273_111-221-77-154_40023_stream_0.pcap,udp_0,udp,0,Skype,VPN,VoIP,Skype
VPN_VoIP_Skype_audio_1.pcap.UDP_10-8-0-6_40273_111-221-77-151_40013_stream_0.pcap,udp_0,udp,0,Skype,VPN,VoIP,Skype
nonVPN_Chat_Skype_none_1.pcap.TCP_68-67-153-2_80_131-202-240-242_5887_stream_0.pcap,tcp_0,tcp,0,Skype,nonVPN,Chat,Skype
VPN_VoIP_Skype_audio_1.pcap.UDP_10-8-0-6_40273_111-221-77-158_443_stream_0.pcap,udp_0,udp,0,Skype,VPN,VoIP,Skype
nonVPN_VoIP_Skype_video_2.pcap.TCP_131-202-240-86_1755_209-148-205-34_80_stream_0.pcap,tcp_0,tcp,0,Skype,nonVPN,VoIP,Skype
VPN_VoIP_Skype_audio_1.pcap.UDP_10-8-0-6_40273_111-221-77-159_40015_stream_0.pcap,udp_0,udp,0,Skype,VPN,VoIP,Skype
VPN_VoIP_Skype_audio_1.pcap.UDP_10-8-0-6_40273_111-221-77-160_40010_stream_0.pcap,udp_0,udp,0,Skype,VPN,VoIP,Skype
VPN_VoIP_Skype_audio_1.pcap.UDP_10-8-0-6_40273_111-221-77-160_40001_stream_0.pcap,udp_0,udp,0,Skype,VPN,VoIP,Skype
nonVPN_VoIP_Skype_audio_1.pcap.UDP_79-132-89-5_8646_131-202-240-150_40273_stream_0.pcap,udp_0,udp,0,Skype,nonVPN,VoIP,Skype
nonVPN_VoIP_Skype_audio_2.pcap.UDP_108-180-117-3_8902_131-202-240-86_49624_stream_0.pcap,udp_0,udp,0,Skype,nonVPN,VoIP,Skype
nonVPN_VoIP_Skype_video_2.pcap.TCP_131-202-240-86_1833_209-148-205-34_80_stream_0.pcap,tcp_0,tcp,0,Skype,nonVPN,VoIP,Skype
nonVPN_VoIP_Skype_audio_3.pcap.UDP_131-202-240-150_40273_212-161-8-36_13392_stream_0.pcap,udp_0,udp,0,Skype,nonVPN,VoIP,Skype
VPN_VoIP_Skype_audio_1.pcap.UDP_10-8-0-6_40273_111-221-77-165_40022_stream_0.pcap,udp_0,udp,0,Skype,VPN,VoIP,Skype
nonVPN_FileTransfer_Skype_file_7.pcap.TCP_10-0-2-15_49509_204-79-197-213_443_stream_0.pcap,tcp_0,tcp,0,Skype,nonVPN,FileTransfer,Skype
nonVPN_VoIP_Skype_audio_3.pcap.UDP_131-202-240-150_40273_157-55-56-159_40005_stream_0.pcap,udp_0,udp,0,Skype,nonVPN,VoIP,Skype
nonVPN_VoIP_Skype_video_3.pcap.UDP_131-202-240-150_34314_216-58-219-238_443_stream_0.pcap,udp_0,udp,0,Skype,nonVPN,VoIP,Skype
VPN_VoIP_Skype_audio_1.pcap.UDP_10-8-0-6_40273_111-221-77-176_40008_stream_0.pcap,udp_0,udp,0,Skype,VPN,VoIP,Skype
nonVPN_FileTransfer_Skype_file_7.pcap.TCP_10-0-2-15_49522_68-67-152-205_80_stream_0.pcap,tcp_0,tcp,0,Skype,nonVPN,FileTransfer,Skype
VPN_VoIP_Skype_audio_1.pcap.UDP_10-8-0-6_40273_145-255-60-118_2259_stream_0.pcap,udp_0,udp,0,Skype,VPN,VoIP,Skype
VPN_VoIP_Skype_audio_1.pcap.UDP_10-8-0-6_40273_149-13-32-15_13392_stream_0.pcap,udp_0,udp,0,Skype,VPN,VoIP,Skype
VPN_VoIP_Skype_audio_1.pcap.UDP_10-8-0-6_40273_149-160-219-52_12450_stream_0.pcap,udp_0,udp,0,Skype,VPN,VoIP,Skype
nonVPN_VoIP_Skype_video_4.pcap.TCP_23-49-84-188_443_131-202-240-86_1942_stream_0.pcap,tcp_0,tcp,0,Skype,nonVPN,VoIP,Skype
VPN_VoIP_Skype_audio_1.pcap.UDP_10-8-0-6_40273_157-55-130-142_40003_stream_0.pcap,udp_0,udp,0,Skype,VPN,VoIP,Skype
VPN_VoIP_Skype_audio_1.pcap.UDP_10-8-0-6_40273_157-55-130-147_40022_stream_0.pcap,udp_0,udp,0,Skype,VPN,VoIP,Skype
VPN_VoIP_Skype_audio_1.pcap.UDP_10-8-0-6_40273_157-55-130-147_443_stream_0.pcap,udp_0,udp,0,Skype,VPN,VoIP,Skype
VPN_VoIP_Skype_audio_2.pcap.TCP_10-8-0-10_44818_82-165-251-100_80_stream_0.pcap,tcp_0,tcp,0,Skype,VPN,VoIP,Skype
VPN_VoIP_Skype_audio_1.pcap.UDP_10-8-0-6_40273_157-55-130-152_40018_stream_0.pcap,udp_0,udp,0,Skype,VPN,VoIP,Skype
VPN_VoIP_Skype_audio_1.pcap.UDP_10-8-0-6_40273_157-55-130-152_40023_stream_0.pcap,udp_0,udp,0,Skype,VPN,VoIP,Skype
VPN_VoIP_Skype_audio_1.pcap.UDP_10-8-0-6_40273_157-55-130-154_40009_stream_0.pcap,udp_0,udp,0,Skype,VPN,VoIP,Skype
VPN_VoIP_Skype_audio_1.pcap.UDP_10-8-0-6_40273_157-55-130-154_40034_stream_0.pcap,udp_0,udp,0,Skype,VPN,VoIP,Skype
nonVPN_VoIP_Skype_audio_4.pcap.TCP_23-96-89-49_443_131-202-240-86_2224_stream_0.pcap,tcp_0,tcp,0,Skype,nonVPN,VoIP,Skype
nonVPN_Chat_Skype_none_1.pcap.UDP_65-55-223-14_40029_131-202-240-242_40509_stream_0.pcap,udp_0,udp,0,Skype,nonVPN,Chat,Skype
VPN_VoIP_Skype_audio_1.pcap.UDP_10-8-0-6_40273_157-55-130-155_40007_stream_0.pcap,udp_0,udp,0,Skype,VPN,VoIP,Skype
nonVPN_VoIP_Skype_video_2.pcap.TCP_131-202-240-86_1832_209-148-205-34_80_stream_0.pcap,tcp_0,tcp,0,Skype,nonVPN,VoIP,Skype
VPN_VoIP_Skype_audio_1.pcap.UDP_10-8-0-6_40273_157-55-130-156_40007_stream_0.pcap,udp_0,udp,0,Skype,VPN,VoIP,Skype
nonVPN_FileTransfer_Skype_file_7.pcap.TCP_10-0-2-15_49525_131-253-34-162_443_stream_0.pcap,tcp_0,tcp,0,Skype,nonVPN,FileTransfer,Skype
VPN_VoIP_Skype_audio_1.pcap.UDP_10-8-0-6_40273_157-55-130-165_40012_stream_0.pcap,udp_0,udp,0,Skype,VPN,VoIP,Skype
VPN_VoIP_Skype_audio_1.pcap.UDP_10-8-0-6_40273_157-55-130-165_40031_stream_0.pcap,udp_0,udp,0,Skype,VPN,VoIP,Skype
nonVPN_VoIP_Skype_video_2.pcap.TCP_131-202-240-86_1710_178-255-83-1_80_stream_0.pcap,tcp_0,tcp,0,Skype,nonVPN,VoIP,Skype
nonVPN_FileTransfer_Skype_file_2.pcap.TCP_66-235-146-201_443_131-202-240-150_33864_stream_0.pcap,tcp_0,tcp,0,Skype,nonVPN,FileTransfer,Skype
nonVPN_FileTransfer_Skype_file_4.pcap.TCP_131-202-240-86_10530_137-116-33-169_443_stream_0.pcap,tcp_0,tcp,0,Skype,nonVPN,FileTransfer,Skype
nonVPN_VoIP_Skype_video_2.pcap.TCP_131-202-240-86_1789_209-148-205-34_80_stream_0.pcap,tcp_0,tcp,0,Skype,nonVPN,VoIP,Skype
nonVPN_Chat_Skype_none_1.pcap.TCP_65-55-2-6_443_131-202-240-242_5881_stream_0.pcap,tcp_0,tcp,0,Skype,nonVPN,Chat,Skype
VPN_VoIP_Skype_audio_1.pcap.UDP_10-8-0-6_40273_157-55-130-169_40004_stream_0.pcap,udp_0,udp,0,Skype,VPN,VoIP,Skype
VPN_VoIP_Skype_audio_1.pcap.UDP_10-8-0-6_40273_157-55-130-168_40005_stream_0.pcap,udp_0,udp,0,Skype,VPN,VoIP,Skype
nonVPN_VoIP_Skype_video_2.pcap.TCP_131-202-240-86_1786_209-148-205-34_80_stream_0.pcap,tcp_0,tcp,0,Skype,nonVPN,VoIP,Skype
nonVPN_VoIP_Skype_audio_2.pcap.TCP_131-202-240-86_80_177-184-193-162_5776_stream_0.pcap,tcp_0,tcp,0,Skype,nonVPN,VoIP,Skype
VPN_VoIP_Skype_audio_1.pcap.UDP_10-8-0-6_40273_157-55-130-172_40009_stream_0.pcap,udp_0,udp,0,Skype,VPN,VoIP,Skype
VPN_VoIP_Skype_audio_1.pcap.UDP_10-8-0-6_40273_157-55-130-172_40027_stream_0.pcap,udp_0,udp,0,Skype,VPN,VoIP,Skype
nonVPN_FileTransfer_Skype_file_7.pcap.UDP_10-0-2-15_54186_65-55-223-25_40004_stream_0.pcap,udp_0,udp,0,Skype,nonVPN,FileTransfer,Skype
nonVPN_VoIP_Skype_audio_2.pcap.TCP_131-202-240-86_2103_191-236-193-189_443_stream_0.pcap,tcp_0,tcp,0,Skype,nonVPN,VoIP,Skype
VPN_VoIP_Skype_audio_1.pcap.UDP_10-8-0-6_40273_157-55-130-174_40016_stream_0.pcap,udp_0,udp,0,Skype,VPN,VoIP,Skype
nonVPN_VoIP_Skype_video_4.pcap.TCP_131-202-240-86_1947_184-26-182-161_443_stream_0.pcap,tcp_0,tcp,0,Skype,nonVPN,VoIP,Skype
nonVPN_FileTransfer_Skype_file_6.pcap.TCP_104-45-141-128_443_131-202-240-86_10707_stream_0.pcap,tcp_0,tcp,0,Skype,nonVPN,FileTransfer,Skype
VPN_VoIP_Skype_audio_1.pcap.UDP_10-8-0-6_40273_157-55-130-176_40017_stream_0.pcap,udp_0,udp,0,Skype,VPN,VoIP,Skype
VPN_VoIP_Skype_audio_2.pcap.UDP_10-8-0-10_18420_64-4-23-159_40005_stream_0.pcap,udp_0,udp,0,Skype,VPN,VoIP,Skype
nonVPN_FileTransfer_Skype_file_7.pcap.TCP_10-0-2-15_49524_93-184-215-200_443_stream_0.pcap,tcp_0,tcp,0,Skype,nonVPN,FileTransfer,Skype
VPN_VoIP_Skype_audio_1.pcap.UDP_10-8-0-6_40273_157-55-235-144_40022_stream_0.pcap,udp_0,udp,0,Skype,VPN,VoIP,Skype
nonVPN_VoIP_Skype_audio_2.pcap.TCP_131-202-240-86_2093_184-26-182-161_443_stream_0.pcap,tcp_0,tcp,0,Skype,nonVPN,VoIP,Skype
nonVPN_VoIP_Skype_video_2.pcap.TCP_131-202-240-86_1745_209-148-205-34_80_stream_0.pcap,tcp_0,tcp,0,Skype,nonVPN,VoIP,Skype
nonVPN_Chat_Skype_none_1.pcap.TCP_68-67-152-120_80_131-202-240-242_5922_stream_0.pcap,tcp_0,tcp,0,Skype,nonVPN,Chat,Skype
nonVPN_Chat_Skype_none_2.pcap.TCP_131-202-240-87_42322_139-190-23-248_2333_stream_0.pcap,tcp_0,tcp,0,Skype,nonVPN,Chat,Skype
VPN_VoIP_Skype_audio_1.pcap.UDP_10-8-0-6_40273_157-55-235-151_40002_stream_0.pcap,udp_0,udp,0,Skype,VPN,VoIP,Skype
nonVPN_VoIP_Skype_video_2.pcap.TCP_131-202-240-86_1736_209-148-205-34_80_stream_0.pcap,tcp_0,tcp,0,Skype,nonVPN,VoIP,Skype
VPN_VoIP_Skype_audio_1.pcap.UDP_10-8-0-6_40273_157-55-235-154_40029_stream_0.pcap,udp_0,udp,0,Skype,VPN,VoIP,Skype
VPN_VoIP_Skype_audio_1.pcap.UDP_10-8-0-6_40273_157-55-235-157_40010_stream_0.pcap,udp_0,udp,0,Skype,VPN,VoIP,Skype
nonVPN_VoIP_Skype_audio_4.pcap.TCP_131-202-240-86_49624_181-158-184-69_43573_stream_0.pcap,tcp_0,tcp,0,Skype,nonVPN,VoIP,Skype
VPN_VoIP_Skype_audio_1.pcap.UDP_10-8-0-6_40273_157-55-235-162_40012_stream_0.pcap,udp_0,udp,0,Skype,VPN,VoIP,Skype
nonVPN_VoIP_Skype_audio_4.pcap.TCP_68-67-152-196_80_131-202-240-86_2187_stream_0.pcap,tcp_0,tcp,0,Skype,nonVPN,VoIP,Skype
VPN_VoIP_Skype_audio_1.pcap.UDP_10-8-0-6_40273_157-55-235-166_40018_stream_0.pcap,udp_0,udp,0,Skype,VPN,VoIP,Skype
nonVPN_VoIP_Skype_video_2.pcap.UDP_105-235-130-199_59780_131-202-240-86_49624_stream_0.pcap,udp_0,udp,0,Skype,nonVPN,VoIP,Skype
VPN_VoIP_Skype_audio_1.pcap.UDP_10-8-0-6_40273_157-55-235-166_40030_stream_0.pcap,udp_0,udp,0,Skype,VPN,VoIP,Skype
nonVPN_VoIP_Skype_video_2.pcap.TCP_70-199-110-229_2538_131-202-240-86_49624_stream_0.pcap,tcp_0,tcp,0,Skype,nonVPN,VoIP,Skype
nonVPN_VoIP_Skype_audio_2.pcap.UDP_86-97-20-195_9544_131-202-240-86_49624_stream_0.pcap,udp_0,udp,0,Skype,nonVPN,VoIP,Skype
VPN_VoIP_Skype_audio_1.pcap.UDP_10-8-0-6_40273_157-55-235-169_40028_stream_0.pcap,udp_0,udp,0,Skype,VPN,VoIP,Skype
VPN_VoIP_Skype_audio_1.pcap.UDP_10-8-0-6_40273_157-55-235-168_40003_stream_0.pcap,udp_0,udp,0,Skype,VPN,VoIP,Skype
nonVPN_VoIP_Skype_audio_6.pcap.UDP_10-0-2-15_54186_46-8-109-74_61246_stream_0.pcap,udp_0,udp,0,Skype,nonVPN,VoIP,Skype
nonVPN_FileTransfer_Skype_file_7.pcap.TCP_10-0-2-15_49418_131-202-240-101_44106_stream_0.pcap,tcp_0,tcp,0,Skype,nonVPN,FileTransfer,Skype
VPN_VoIP_Skype_audio_1.pcap.UDP_10-8-0-6_40273_213-199-179-165_40022_stream_0.pcap,udp_0,udp,0,Skype,VPN,VoIP,Skype
VPN_VoIP_Skype_audio_1.pcap.UDP_10-8-0-6_40273_157-55-56-145_40009_stream_0.pcap,udp_0,udp,0,Skype,VPN,VoIP,Skype
VPN_VoIP_Skype_audio_1.pcap.UDP_10-8-0-6_40273_213-199-179-152_40002_stream_0.pcap,udp_0,udp,0,Skype,VPN,VoIP,Skype
VPN_VoIP_Skype_audio_1.pcap.UDP_10-8-0-6_40273_157-55-56-147_40021_stream_0.pcap,udp_0,udp,0,Skype,VPN,VoIP,Skype
nonVPN_FileTransfer_Skype_file_7.pcap.TCP_10-0-2-15_49420_72-39-249-200_18990_stream_0.pcap,tcp_0,tcp,0,Skype,nonVPN,FileTransfer,Skype
nonVPN_VoIP_Skype_audio_4.pcap.TCP_131-202-240-86_2183_191-236-193-189_443_stream_0.pcap,tcp_0,tcp,0,Skype,nonVPN,VoIP,Skype
nonVPN_FileTransfer_Skype_file_6.pcap.UDP_131-202-240-86_49624_208-81-246-112_54370_stream_0.pcap,udp_0,udp,0,Skype,nonVPN,FileTransfer,Skype
VPN_VoIP_Skype_audio_1.pcap.UDP_10-8-0-6_40273_157-55-56-149_40024_stream_0.pcap,udp_0,udp,0,Skype,VPN,VoIP,Skype
nonVPN_FileTransfer_Skype_file_8.pcap.UDP_75-161-75-6_14560_131-202-240-101_44106_stream_0.pcap,udp_0,udp,0,Skype,nonVPN,FileTransfer,Skype
VPN_VoIP_Skype_audio_1.pcap.UDP_10-8-0-6_40273_157-55-56-152_40002_stream_0.pcap,udp_0,udp,0,Skype,VPN,VoIP,Skype
VPN_VoIP_Skype_audio_1.pcap.UDP_10-8-0-6_40273_157-55-56-152_40019_stream_0.pcap,udp_0,udp,0,Skype,VPN,VoIP,Skype
nonVPN_VoIP_Skype_audio_3.pcap.UDP_111-221-74-25_40004_131-202-240-150_40273_stream_0.pcap,udp_0,udp,0,Skype,nonVPN,VoIP,Skype
VPN_VoIP_Skype_audio_1.pcap.UDP_10-8-0-6_40273_157-55-56-153_40012_stream_0.pcap,udp_0,udp,0,Skype,VPN,VoIP,Skype
nonVPN_FileTransfer_Skype_file_6.pcap.UDP_131-202-240-86_49624_213-47-250-56_32797_stream_0.pcap,udp_0,udp,0,Skype,nonVPN,FileTransfer,Skype
nonVPN_VoIP_Skype_video_2.pcap.TCP_131-202-240-86_1713_209-148-205-34_80_stream_0.pcap,tcp_0,tcp,0,Skype,nonVPN,VoIP,Skype
VPN_VoIP_Skype_audio_1.pcap.UDP_10-8-0-6_40273_65-55-223-22_40017_stream_0.pcap,udp_0,udp,0,Skype,VPN,VoIP,Skype
VPN_VoIP_Skype_audio_2.pcap.UDP_10-8-0-10_18420_213-199-179-168_40016_stream_0.pcap,udp_0,udp,0,Skype,VPN,VoIP,Skype
nonVPN_VoIP_Skype_video_2.pcap.TCP_65-55-2-6_443_131-202-240-86_1696_stream_0.pcap,tcp_0,tcp,0,Skype,nonVPN,VoIP,Skype
nonVPN_VoIP_Skype_audio_4.pcap.TCP_68-67-152-174_80_131-202-240-86_2204_stream_0.pcap,tcp_0,tcp,0,Skype,nonVPN,VoIP,Skype
VPN_VoIP_Skype_audio_1.pcap.UDP_10-8-0-6_40273_157-55-56-161_40010_stream_0.pcap,udp_0,udp,0,Skype,VPN,VoIP,Skype
nonVPN_FileTransfer_Skype_file_6.pcap.UDP_109-172-59-96_3367_131-202-240-86_49624_stream_0.pcap,udp_0,udp,0,Skype,nonVPN,FileTransfer,Skype
VPN_VoIP_Skype_audio_1.pcap.UDP_10-8-0-6_40273_157-55-56-162_40015_stream_0.pcap,udp_0,udp,0,Skype,VPN,VoIP,Skype
nonVPN_VoIP_Skype_video_2.pcap.TCP_131-202-240-86_1817_209-148-205-34_80_stream_0.pcap,tcp_0,tcp,0,Skype,nonVPN,VoIP,Skype
nonVPN_VoIP_Skype_audio_1.pcap.UDP_131-202-240-150_43011_173-194-123-111_443_stream_0.pcap,udp_0,udp,0,Skype,nonVPN,VoIP,Skype
VPN_VoIP_Skype_audio_1.pcap.UDP_10-8-0-6_40273_157-55-56-169_40008_stream_0.pcap,udp_0,udp,0,Skype,VPN,VoIP,Skype
nonVPN_VoIP_Skype_video_2.pcap.TCP_98-139-225-43_80_131-202-240-86_1856_stream_0.pcap,tcp_0,tcp,0,Skype,nonVPN,VoIP,Skype
VPN_VoIP_Skype_audio_1.pcap.UDP_10-8-0-6_40273_157-55-56-171_40004_stream_0.pcap,udp_0,udp,0,Skype,VPN,VoIP,Skype
nonVPN_Chat_Skype_none_2.pcap.TCP_104-45-158-137_443_131-202-240-87_11410_stream_0.pcap,tcp_0,tcp,0,Skype,nonVPN,Chat,Skype
VPN_VoIP_Skype_audio_1.pcap.UDP_10-8-0-6_40273_65-55-223-19_40014_stream_0.pcap,udp_0,udp,0,Skype,VPN,VoIP,Skype
VPN_VoIP_Skype_audio_1.pcap.UDP_10-8-0-6_40273_157-56-52-17_40011_stream_0.pcap,udp_0,udp,0,Skype,VPN,VoIP,Skype
VPN_VoIP_Skype_audio_1.pcap.UDP_10-8-0-6_40273_157-56-52-19_40014_stream_0.pcap,udp_0,udp,0,Skype,VPN,VoIP,Skype
nonVPN_VoIP_Skype_audio_2.pcap.TCP_131-202-240-86_2126_208-71-122-72_443_stream_0.pcap,tcp_0,tcp,0,Skype,nonVPN,VoIP,Skype
nonVPN_FileTransfer_Skype_file_7.pcap.UDP_10-0-2-15_54186_157-55-235-171_443_stream_0.pcap,udp_0,udp,0,Skype,nonVPN,FileTransfer,Skype
VPN_VoIP_Skype_audio_2.pcap.TCP_10-8-0-10_44815_82-165-251-100_80_stream_0.pcap,tcp_0,tcp,0,Skype,VPN,VoIP,Skype
VPN_VoIP_Skype_audio_2.pcap.UDP_10-8-0-10_18420_65-55-223-41_40028_stream_0.pcap,udp_0,udp,0,Skype,VPN,VoIP,Skype
VPN_VoIP_Skype_audio_1.pcap.UDP_10-8-0-6_40273_157-56-52-29_40010_stream_0.pcap,udp_0,udp,0,Skype,VPN,VoIP,Skype
nonVPN_VoIP_Skype_audio_2.pcap.TCP_131-202-240-86_2057_205-204-71-140_80_stream_0.pcap,tcp_0,tcp,0,Skype,nonVPN,VoIP,Skype
VPN_VoIP_Skype_audio_1.pcap.UDP_10-8-0-6_40273_157-56-52-28_40028_stream_0.pcap,udp_0,udp,0,Skype,VPN,VoIP,Skype
nonVPN_Chat_Skype_none_2.pcap.TCP_31-13-73-1_443_131-202-240-87_11449_stream_0.pcap,tcp_0,tcp,0,Skype,nonVPN,Chat,Skype
VPN_VoIP_Skype_audio_1.pcap.UDP_10-8-0-6_40273_157-56-52-38_40018_stream_0.pcap,udp_0,udp,0,Skype,VPN,VoIP,Skype
nonVPN_FileTransfer_Skype_file_8.pcap.UDP_131-202-240-101_44106_213-199-179-159_40005_stream_0.pcap,udp_0,udp,0,Skype,nonVPN,FileTransfer,Skype
nonVPN_Chat_Skype_none_1.pcap.UDP_131-202-240-242_80_217-23-205-195_28804_stream_0.pcap,udp_0,udp,0,Skype,nonVPN,Chat,Skype
nonVPN_VoIP_Skype_audio_2.pcap.TCP_69-25-24-24_443_131-202-240-86_2130_stream_0.pcap,tcp_0,tcp,0,Skype,nonVPN,VoIP,Skype
VPN_VoIP_Skype_audio_1.pcap.UDP_10-8-0-6_40273_157-56-52-41_40025_stream_0.pcap,udp_0,udp,0,Skype,VPN,VoIP,Skype
nonVPN_Chat_Skype_none_1.pcap.TCP_131-202-240-242_40509_167-56-6-76_40386_stream_0.pcap,tcp_0,tcp,0,Skype,nonVPN,Chat,Skype
nonVPN_VoIP_Skype_video_3.pcap.UDP_111-221-74-31_40033_131-202-240-150_40273_stream_0.pcap,udp_0,udp,0,Skype,nonVPN,VoIP,Skype
VPN_VoIP_Skype_audio_1.pcap.UDP_10-8-0-6_40273_213-199-179-162_40015_stream_0.pcap,udp_0,udp,0,Skype,VPN,VoIP,Skype
VPN_VoIP_Skype_audio_1.pcap.UDP_10-8-0-6_40273_157-56-52-46_40002_stream_0.pcap,udp_0,udp,0,Skype,VPN,VoIP,Skype
VPN_VoIP_Skype_audio_1.pcap.UDP_10-8-0-6_40273_157-56-52-48_40001_stream_0.pcap,udp_0,udp,0,Skype,VPN,VoIP,Skype
VPN_VoIP_Skype_audio_1.pcap.UDP_10-8-0-6_40273_157-56-52-48_40020_stream_0.pcap,udp_0,udp,0,Skype,VPN,VoIP,Skype
VPN_VoIP_Skype_audio_1.pcap.UDP_10-8-0-6_40273_160-94-74-81_43826_stream_0.pcap,udp_0,udp,0,Skype,VPN,VoIP,Skype
nonVPN_VoIP_Skype_video_4.pcap.UDP_109-69-5-187_55417_131-202-240-86_49624_stream_0.pcap,udp_0,udp,0,Skype,nonVPN,VoIP,Skype
nonVPN_VoIP_Skype_video_4.pcap.UDP_131-202-240-86_49624_157-55-130-176_40023_stream_0.pcap,udp_0,udp,0,Skype,nonVPN,VoIP,Skype
nonVPN_FileTransfer_Skype_file_8.pcap.UDP_131-202-240-101_44106_134-117-98-110_25538_stream_0.pcap,udp_0,udp,0,Skype,nonVPN,FileTransfer,Skype
VPN_VoIP_Skype_audio_1.pcap.UDP_10-8-0-6_40273_213-199-179-145_40009_stream_0.pcap,udp_0,udp,0,Skype,VPN,VoIP,Skype
VPN_VoIP_Skype_audio_1.pcap.UDP_10-8-0-6_40273_213-199-179-143_33033_stream_0.pcap,udp_0,udp,0,Skype,VPN,VoIP,Skype
nonVPN_FileTransfer_Skype_file_7.pcap.TCP_10-0-2-15_49499_68-67-152-110_80_stream_0.pcap,tcp_0,tcp,0,Skype,nonVPN,FileTransfer,Skype
nonVPN_VoIP_Skype_video_4.pcap.UDP_131-202-240-86_49624_217-118-78-81_9874_stream_0.pcap,udp_0,udp,0,Skype,nonVPN,VoIP,Skype
VPN_VoIP_Skype_audio_1.pcap.UDP_10-8-0-6_40273_213-199-179-146_40030_stream_0.pcap,udp_0,udp,0,Skype,VPN,VoIP,Skype
nonVPN_FileTransfer_Skype_file_8.pcap.UDP_64-4-23-159_40031_131-202-240-101_44106_stream_0.pcap,udp_0,udp,0,Skype,nonVPN,FileTransfer,Skype
VPN_VoIP_Skype_audio_1.pcap.UDP_10-8-0-6_40273_213-199-179-147_40031_stream_0.pcap,udp_0,udp,0,Skype,VPN,VoIP,Skype
nonVPN_FileTransfer_Skype_file_7.pcap.TCP_10-0-2-15_49526_104-41-157-213_443_stream_0.pcap,tcp_0,tcp,0,Skype,nonVPN,FileTransfer,Skype
VPN_VoIP_Skype_audio_1.pcap.UDP_10-8-0-6_40273_213-199-179-147_40004_stream_0.pcap,udp_0,udp,0,Skype,VPN,VoIP,Skype
VPN_Email_Gmail_none_1.pcap.TCP_10-8-8-110_33072_216-58-208-46_80_stream_0.pcap,tcp_0,tcp,0,Gmail,VPN,Email,Gmail
VPN_Email_Gmail_none_1.pcap.TCP_10-8-8-110_39035_63-245-216-132_443_stream_0.pcap,tcp_0,tcp,0,Gmail,VPN,Email,Gmail
VPN_Email_Gmail_none_1.pcap.TCP_10-8-8-110_39913_93-184-220-29_80_stream_0.pcap,tcp_0,tcp,0,Gmail,VPN,Email,Gmail
VPN_Email_Gmail_none_1.pcap.TCP_10-8-8-110_39036_63-245-216-132_443_stream_0.pcap,tcp_0,tcp,0,Gmail,VPN,Email,Gmail
VPN_Email_Gmail_none_1.pcap.TCP_10-8-8-110_39914_93-184-220-29_80_stream_0.pcap,tcp_0,tcp,0,Gmail,VPN,Email,Gmail
VPN_Email_Gmail_none_1.pcap.TCP_10-8-8-110_39921_93-184-220-29_80_stream_0.pcap,tcp_0,tcp,0,Gmail,VPN,Email,Gmail
VPN_Email_Gmail_none_1.pcap.TCP_10-8-8-110_39922_93-184-220-29_80_stream_0.pcap,tcp_0,tcp,0,Gmail,VPN,Email,Gmail
VPN_Email_Gmail_none_1.pcap.TCP_10-8-8-110_46949_63-245-216-134_443_stream_0.pcap,tcp_0,tcp,0,Gmail,VPN,Email,Gmail
VPN_Email_Gmail_none_1.pcap.TCP_10-8-8-110_46950_63-245-216-134_443_stream_0.pcap,tcp_0,tcp,0,Gmail,VPN,Email,Gmail
VPN_Email_Gmail_none_1.pcap.TCP_10-8-8-110_54951_63-245-217-114_443_stream_0.pcap,tcp_0,tcp,0,Gmail,VPN,Email,Gmail
VPN_Email_Gmail_none_2.pcap.TCP_10-8-8-234_34095_216-58-210-14_80_stream_0.pcap,tcp_0,tcp,0,Gmail,VPN,Email,Gmail
VPN_Email_Gmail_none_2.pcap.TCP_10-8-8-234_38207_63-245-217-161_443_stream_0.pcap,tcp_0,tcp,0,Gmail,VPN,Email,Gmail
VPN_Email_Gmail_none_2.pcap.TCP_10-8-8-234_38620_63-245-216-134_443_stream_0.pcap,tcp_0,tcp,0,Gmail,VPN,Email,Gmail
VPN_Email_Gmail_none_2.pcap.TCP_10-8-8-234_38621_63-245-216-134_443_stream_0.pcap,tcp_0,tcp,0,Gmail,VPN,Email,Gmail
VPN_Email_Gmail_none_2.pcap.TCP_10-8-8-234_46572_63-245-216-132_443_stream_0.pcap,tcp_0,tcp,0,Gmail,VPN,Email,Gmail
VPN_Email_Gmail_none_2.pcap.TCP_10-8-8-234_56281_93-184-220-29_80_stream_0.pcap,tcp_0,tcp,0,Gmail,VPN,Email,Gmail
VPN_Email_Gmail_none_2.pcap.TCP_10-8-8-234_56280_93-184-220-29_80_stream_0.pcap,tcp_0,tcp,0,Gmail,VPN,Email,Gmail
VPN_Email_Gmail_none_2.pcap.TCP_10-8-8-234_56292_93-184-220-29_80_stream_0.pcap,tcp_0,tcp,0,Gmail,VPN,Email,Gmail
VPN_Email_Gmail_none_2.pcap.TCP_10-8-8-234_56293_93-184-220-29_80_stream_0.pcap,tcp_0,tcp,0,Gmail,VPN,Email,Gmail
VPN_Email_Gmail_none_2.pcap.TCP_10-8-8-234_57002_63-245-217-113_443_stream_0.pcap,tcp_0,tcp,0,Gmail,VPN,Email,Gmail
VPN_Email_Gmail_none_2.pcap.TCP_10-8-8-234_57001_63-245-217-113_443_stream_0.pcap,tcp_0,tcp,0,Gmail,VPN,Email,Gmail
nonVPN_Chat_Gmail_none_1.pcap.TCP_131-202-6-26_13000_131-202-240-87_23388_stream_0.pcap,tcp_0,tcp,0,Gmail,nonVPN,Chat,Gmail
nonVPN_Chat_Gmail_none_1.pcap.UDP_74-125-22-189_443_131-202-240-87_49283_stream_0.pcap,udp_0,udp,0,Gmail,nonVPN,Chat,Gmail
nonVPN_Chat_Gmail_none_1.pcap.UDP_74-125-226-164_443_131-202-240-87_60453_stream_0.pcap,udp_0,udp,0,Gmail,nonVPN,Chat,Gmail
nonVPN_Chat_Gmail_none_1.pcap.UDP_74-125-226-169_443_131-202-240-87_54601_stream_0.pcap,udp_0,udp,0,Gmail,nonVPN,Chat,Gmail
nonVPN_Chat_Gmail_none_1.pcap.UDP_74-125-226-169_443_131-202-240-87_63334_stream_0.pcap,udp_0,udp,0,Gmail,nonVPN,Chat,Gmail
nonVPN_Chat_Gmail_none_1.pcap.UDP_74-125-226-181_443_131-202-240-87_57443_stream_0.pcap,udp_0,udp,0,Gmail,nonVPN,Chat,Gmail
nonVPN_Chat_Gmail_none_1.pcap.UDP_74-125-226-169_443_131-202-240-87_63329_stream_0.pcap,udp_0,udp,0,Gmail,nonVPN,Chat,Gmail
nonVPN_Chat_Gmail_none_2.pcap.TCP_131-202-6-26_13000_131-202-240-87_19473_stream_0.pcap,tcp_0,tcp,0,Gmail,nonVPN,Chat,Gmail
nonVPN_Chat_Gmail_none_2.pcap.TCP_131-202-6-26_13000_131-202-240-87_19472_stream_0.pcap,tcp_0,tcp,0,Gmail,nonVPN,Chat,Gmail
nonVPN_Chat_Gmail_none_2.pcap.TCP_131-202-6-26_13000_131-202-240-87_19471_stream_0.pcap,tcp_0,tcp,0,Gmail,nonVPN,Chat,Gmail
nonVPN_Chat_Gmail_none_2.pcap.TCP_131-202-6-26_13111_131-202-240-87_19469_stream_0.pcap,tcp_0,tcp,0,Gmail,nonVPN,Chat,Gmail
nonVPN_Chat_Gmail_none_2.pcap.TCP_93-184-215-200_80_131-202-240-87_19468_stream_0.pcap,tcp_0,tcp,0,Gmail,nonVPN,Chat,Gmail
nonVPN_Chat_Gmail_none_2.pcap.UDP_131-202-240-87_61141_173-194-123-96_443_stream_0.pcap,udp_0,udp,0,Gmail,nonVPN,Chat,Gmail
nonVPN_Chat_Gmail_none_2.pcap.UDP_74-125-226-160_443_131-202-240-87_49249_stream_0.pcap,udp_0,udp,0,Gmail,nonVPN,Chat,Gmail
nonVPN_Chat_Gmail_none_2.pcap.UDP_74-125-22-189_443_131-202-240-87_61606_stream_0.pcap,udp_0,udp,0,Gmail,nonVPN,Chat,Gmail
nonVPN_Chat_Gmail_none_2.pcap.UDP_74-125-226-165_443_131-202-240-87_49776_stream_0.pcap,udp_0,udp,0,Gmail,nonVPN,Chat,Gmail
nonVPN_Chat_Gmail_none_2.pcap.UDP_74-125-226-168_443_131-202-240-87_61150_stream_0.pcap,udp_0,udp,0,Gmail,nonVPN,Chat,Gmail
nonVPN_Chat_Gmail_none_2.pcap.UDP_74-125-226-160_443_131-202-240-87_49253_stream_0.pcap,udp_0,udp,0,Gmail,nonVPN,Chat,Gmail
nonVPN_Chat_Gmail_none_3.pcap.UDP_131-202-240-87_64521_173-194-121-5_443_stream_0.pcap,udp_0,udp,0,Gmail,nonVPN,Chat,Gmail
nonVPN_Chat_Gmail_none_3.pcap.UDP_74-125-22-189_443_131-202-240-87_57648_stream_0.pcap,udp_0,udp,0,Gmail,nonVPN,Chat,Gmail
nonVPN_Chat_Gmail_none_3.pcap.UDP_74-125-226-164_443_131-202-240-87_56775_stream_0.pcap,udp_0,udp,0,Gmail,nonVPN,Chat,Gmail
nonVPN_Chat_Gmail_none_3.pcap.UDP_74-125-226-163_443_131-202-240-87_62699_stream_0.pcap,udp_0,udp,0,Gmail,nonVPN,Chat,Gmail
nonVPN_Chat_Gmail_none_3.pcap.UDP_74-125-226-163_443_131-202-240-87_57564_stream_0.pcap,udp_0,udp,0,Gmail,nonVPN,Chat,Gmail
nonVPN_Chat_Gmail_none_3.pcap.UDP_74-125-226-166_443_131-202-240-87_51597_stream_0.pcap,udp_0,udp,0,Gmail,nonVPN,Chat,Gmail
nonVPN_Chat_Gmail_none_3.pcap.UDP_74-125-226-182_443_131-202-240-87_49959_stream_0.pcap,udp_0,udp,0,Gmail,nonVPN,Chat,Gmail
nonVPN_Chat_Gmail_none_3.pcap.UDP_74-125-226-166_443_131-202-240-87_50011_stream_0.pcap,udp_0,udp,0,Gmail,nonVPN,Chat,Gmail
nonVPN_Chat_Gmail_none_3.pcap.UDP_74-125-226-175_443_131-202-240-87_52293_stream_0.pcap,udp_0,udp,0,Gmail,nonVPN,Chat,Gmail
nonVPN_Chat_Gmail_none_3.pcap.UDP_74-125-226-182_443_131-202-240-87_63517_stream_0.pcap,udp_0,udp,0,Gmail,nonVPN,Chat,Gmail
nonVPN_Chat_Gmail_none_3.pcap.UDP_74-125-226-182_443_131-202-240-87_55612_stream_0.pcap,udp_0,udp,0,Gmail,nonVPN,Chat,Gmail
nonVPN_Chat_Gmail_none_3.pcap.UDP_74-125-226-182_443_131-202-240-87_64684_stream_0.pcap,udp_0,udp,0,Gmail,nonVPN,Chat,Gmail
nonVPN_Chat_Gmail_none_3.pcap.UDP_77-72-169-135_11113_131-202-240-87_43302_stream_0.pcap,udp_0,udp,0,Gmail,nonVPN,Chat,Gmail
nonVPN_Chat_Gmail_none_3.pcap.UDP_74-125-226-165_443_131-202-240-87_62869_stream_0.pcap,udp_0,udp,0,Gmail,nonVPN,Chat,Gmail
nonVPN_Email_Gmail_none_1.pcap.TCP_131-202-6-26_13000_131-202-240-242_5475_stream_0.pcap,tcp_0,tcp,0,Gmail,nonVPN,Email,Gmail
nonVPN_Email_Gmail_none_1.pcap.TCP_131-202-6-26_13000_131-202-240-242_5493_stream_0.pcap,tcp_0,tcp,0,Gmail,nonVPN,Email,Gmail
nonVPN_Email_Gmail_none_1.pcap.TCP_131-202-6-26_13000_131-202-240-242_5502_stream_0.pcap,tcp_0,tcp,0,Gmail,nonVPN,Email,Gmail
nonVPN_Email_Gmail_none_1.pcap.TCP_4-28-136-42_80_131-202-240-242_5496_stream_0.pcap,tcp_0,tcp,0,Gmail,nonVPN,Email,Gmail
nonVPN_Email_Gmail_none_2.pcap.TCP_131-202-240-87_10757_216-58-219-206_80_stream_0.pcap,tcp_0,tcp,0,Gmail,nonVPN,Email,Gmail
nonVPN_Email_Gmail_none_2.pcap.TCP_131-202-6-26_13000_131-202-240-87_10817_stream_0.pcap,tcp_0,tcp,0,Gmail,nonVPN,Email,Gmail
nonVPN_Email_Gmail_none_3.pcap.TCP_10-0-2-15_38947_70-80-25-101_64982_stream_0.pcap,tcp_0,tcp,0,Gmail,nonVPN,Email,Gmail
nonVPN_Email_Gmail_none_3.pcap.TCP_10-0-2-15_39660_184-162-79-221_21315_stream_0.pcap,tcp_0,tcp,0,Gmail,nonVPN,Email,Gmail
nonVPN_Email_Gmail_none_3.pcap.TCP_10-0-2-15_39783_108-237-134-2_7124_stream_0.pcap,tcp_0,tcp,0,Gmail,nonVPN,Email,Gmail
nonVPN_Email_Gmail_none_3.pcap.TCP_10-0-2-15_39788_108-237-134-2_7124_stream_0.pcap,tcp_0,tcp,0,Gmail,nonVPN,Email,Gmail
nonVPN_Email_Gmail_none_3.pcap.TCP_10-0-2-15_45233_137-116-224-167_443_stream_0.pcap,tcp_0,tcp,0,Gmail,nonVPN,Email,Gmail
nonVPN_Email_Gmail_none_3.pcap.TCP_10-0-2-15_56936_24-140-134-21_45411_stream_0.pcap,tcp_0,tcp,0,Gmail,nonVPN,Email,Gmail
nonVPN_Email_Gmail_none_3.pcap.TCP_10-0-2-15_53913_216-58-208-46_80_stream_0.pcap,tcp_0,tcp,0,Gmail,nonVPN,Email,Gmail
nonVPN_Email_Gmail_none_3.pcap.TCP_10-0-2-15_56931_24-140-134-21_45411_stream_0.pcap,tcp_0,tcp,0,Gmail,nonVPN,Email,Gmail
nonVPN_Email_Gmail_none_3.pcap.TCP_10-0-2-15_55727_204-83-155-169_32620_stream_0.pcap,tcp_0,tcp,0,Gmail,nonVPN,Email,Gmail
nonVPN_Email_Gmail_none_3.pcap.TCP_10-0-2-15_56953_24-140-134-21_45411_stream_0.pcap,tcp_0,tcp,0,Gmail,nonVPN,Email,Gmail
nonVPN_Email_Gmail_none_3.pcap.TCP_10-0-2-15_56955_24-140-134-21_45411_stream_0.pcap,tcp_0,tcp,0,Gmail,nonVPN,Email,Gmail
nonVPN_Email_Gmail_none_3.pcap.TCP_10-0-2-15_57461_24-36-174-173_47044_stream_0.pcap,tcp_0,tcp,0,Gmail,nonVPN,Email,Gmail
nonVPN_Email_Gmail_none_3.pcap.UDP_10-0-2-15_15685_108-237-134-2_7124_stream_0.pcap,udp_0,udp,0,Gmail,nonVPN,Email,Gmail
nonVPN_Email_Gmail_none_3.pcap.UDP_10-0-2-15_15685_109-67-152-59_29566_stream_0.pcap,udp_0,udp,0,Gmail,nonVPN,Email,Gmail
nonVPN_Email_Gmail_none_3.pcap.UDP_10-0-2-15_15685_109-191-29-209_29289_stream_0.pcap,udp_0,udp,0,Gmail,nonVPN,Email,Gmail
nonVPN_Email_Gmail_none_3.pcap.UDP_10-0-2-15_15685_111-221-74-12_40021_stream_0.pcap,udp_0,udp,0,Gmail,nonVPN,Email,Gmail
nonVPN_Email_Gmail_none_3.pcap.UDP_10-0-2-15_15685_111-221-74-23_40016_stream_0.pcap,udp_0,udp,0,Gmail,nonVPN,Email,Gmail
nonVPN_Email_Gmail_none_3.pcap.UDP_10-0-2-15_15685_111-221-74-23_40001_stream_0.pcap,udp_0,udp,0,Gmail,nonVPN,Email,Gmail
nonVPN_Email_Gmail_none_3.pcap.UDP_10-0-2-15_15685_111-221-74-31_40033_stream_0.pcap,udp_0,udp,0,Gmail,nonVPN,Email,Gmail
nonVPN_Email_Gmail_none_3.pcap.UDP_10-0-2-15_15685_111-221-77-152_443_stream_0.pcap,udp_0,udp,0,Gmail,nonVPN,Email,Gmail
nonVPN_Email_Gmail_none_3.pcap.UDP_10-0-2-15_15685_111-221-74-47_443_stream_0.pcap,udp_0,udp,0,Gmail,nonVPN,Email,Gmail
nonVPN_Email_Gmail_none_3.pcap.UDP_10-0-2-15_15685_111-221-77-168_443_stream_0.pcap,udp_0,udp,0,Gmail,nonVPN,Email,Gmail
nonVPN_Email_Gmail_none_3.pcap.UDP_10-0-2-15_15685_111-221-77-160_40017_stream_0.pcap,udp_0,udp,0,Gmail,nonVPN,Email,Gmail
nonVPN_Email_Gmail_none_3.pcap.UDP_10-0-2-15_15685_111-221-77-153_40033_stream_0.pcap,udp_0,udp,0,Gmail,nonVPN,Email,Gmail
nonVPN_Email_Gmail_none_3.pcap.UDP_10-0-2-15_15685_111-221-77-169_40009_stream_0.pcap,udp_0,udp,0,Gmail,nonVPN,Email,Gmail
nonVPN_Email_Gmail_none_3.pcap.UDP_10-0-2-15_15685_131-202-240-242_62177_stream_0.pcap,udp_0,udp,0,Gmail,nonVPN,Email,Gmail
nonVPN_Email_Gmail_none_3.pcap.UDP_10-0-2-15_15685_131-202-240-242_63953_stream_0.pcap,udp_0,udp,0,Gmail,nonVPN,Email,Gmail
nonVPN_Email_Gmail_none_3.pcap.UDP_10-0-2-15_15685_131-202-240-242_65381_stream_0.pcap,udp_0,udp,0,Gmail,nonVPN,Email,Gmail
nonVPN_Email_Gmail_none_3.pcap.UDP_10-0-2-15_15685_157-55-130-142_40019_stream_0.pcap,udp_0,udp,0,Gmail,nonVPN,Email,Gmail
nonVPN_Email_Gmail_none_3.pcap.UDP_10-0-2-15_15685_157-55-130-142_443_stream_0.pcap,udp_0,udp,0,Gmail,nonVPN,Email,Gmail
nonVPN_Email_Gmail_none_3.pcap.UDP_10-0-2-15_15685_157-55-130-151_443_stream_0.pcap,udp_0,udp,0,Gmail,nonVPN,Email,Gmail
nonVPN_Email_Gmail_none_3.pcap.UDP_10-0-2-15_15685_157-55-130-147_40019_stream_0.pcap,udp_0,udp,0,Gmail,nonVPN,Email,Gmail
nonVPN_Email_Gmail_none_3.pcap.UDP_10-0-2-15_15685_157-55-130-160_443_stream_0.pcap,udp_0,udp,0,Gmail,nonVPN,Email,Gmail
nonVPN_Email_Gmail_none_3.pcap.UDP_10-0-2-15_15685_157-55-130-154_40034_stream_0.pcap,udp_0,udp,0,Gmail,nonVPN,Email,Gmail
nonVPN_Email_Gmail_none_3.pcap.UDP_10-0-2-15_15685_157-55-235-146_443_stream_0.pcap,udp_0,udp,0,Gmail,nonVPN,Email,Gmail
nonVPN_Email_Gmail_none_3.pcap.UDP_10-0-2-15_15685_157-55-235-153_40002_stream_0.pcap,udp_0,udp,0,Gmail,nonVPN,Email,Gmail
nonVPN_Email_Gmail_none_3.pcap.UDP_10-0-2-15_15685_157-55-130-168_40019_stream_0.pcap,udp_0,udp,0,Gmail,nonVPN,Email,Gmail
nonVPN_Email_Gmail_none_3.pcap.UDP_10-0-2-15_15685_157-55-235-155_40034_stream_0.pcap,udp_0,udp,0,Gmail,nonVPN,Email,Gmail
nonVPN_Email_Gmail_none_3.pcap.UDP_10-0-2-15_15685_157-55-235-142_40029_stream_0.pcap,udp_0,udp,0,Gmail,nonVPN,Email,Gmail
nonVPN_Email_Gmail_none_3.pcap.UDP_10-0-2-15_15685_157-55-56-153_40033_stream_0.pcap,udp_0,udp,0,Gmail,nonVPN,Email,Gmail
nonVPN_Email_Gmail_none_3.pcap.UDP_10-0-2-15_15685_157-55-56-159_40005_stream_0.pcap,udp_0,udp,0,Gmail,nonVPN,Email,Gmail
nonVPN_Email_Gmail_none_3.pcap.UDP_10-0-2-15_15685_157-56-52-14_40029_stream_0.pcap,udp_0,udp,0,Gmail,nonVPN,Email,Gmail
nonVPN_Email_Gmail_none_3.pcap.UDP_10-0-2-15_15685_157-56-52-27_40034_stream_0.pcap,udp_0,udp,0,Gmail,nonVPN,Email,Gmail
nonVPN_Email_Gmail_none_3.pcap.UDP_10-0-2-15_15685_176-14-234-6_58568_stream_0.pcap,udp_0,udp,0,Gmail,nonVPN,Email,Gmail
nonVPN_Email_Gmail_none_3.pcap.UDP_10-0-2-15_15685_178-151-119-122_55722_stream_0.pcap,udp_0,udp,0,Gmail,nonVPN,Email,Gmail
nonVPN_Email_Gmail_none_3.pcap.UDP_10-0-2-15_15685_157-56-52-41_40028_stream_0.pcap,udp_0,udp,0,Gmail,nonVPN,Email,Gmail
nonVPN_Email_Gmail_none_3.pcap.UDP_10-0-2-15_15685_186-109-25-153_41414_stream_0.pcap,udp_0,udp,0,Gmail,nonVPN,Email,Gmail
nonVPN_Email_Gmail_none_3.pcap.UDP_10-0-2-15_15685_213-199-179-153_40033_stream_0.pcap,udp_0,udp,0,Gmail,nonVPN,Email,Gmail
nonVPN_Email_Gmail_none_3.pcap.UDP_10-0-2-15_15685_213-199-179-169_40008_stream_0.pcap,udp_0,udp,0,Gmail,nonVPN,Email,Gmail
nonVPN_Email_Gmail_none_3.pcap.UDP_10-0-2-15_15685_213-199-179-159_40005_stream_0.pcap,udp_0,udp,0,Gmail,nonVPN,Email,Gmail
nonVPN_Email_Gmail_none_3.pcap.UDP_10-0-2-15_15685_204-83-155-169_32620_stream_0.pcap,udp_0,udp,0,Gmail,nonVPN,Email,Gmail
nonVPN_Email_Gmail_none_3.pcap.UDP_10-0-2-15_15685_178-216-103-137_48802_stream_0.pcap,udp_0,udp,0,Gmail,nonVPN,Email,Gmail
nonVPN_Email_Gmail_none_3.pcap.UDP_10-0-2-15_15685_24-140-134-21_45411_stream_0.pcap,udp_0,udp,0,Gmail,nonVPN,Email,Gmail
nonVPN_Email_Gmail_none_3.pcap.UDP_10-0-2-15_15685_24-36-174-173_47044_stream_0.pcap,udp_0,udp,0,Gmail,nonVPN,Email,Gmail
nonVPN_Email_Gmail_none_3.pcap.UDP_10-0-2-15_15685_64-4-23-159_40005_stream_0.pcap,udp_0,udp,0,Gmail,nonVPN,Email,Gmail
nonVPN_Email_Gmail_none_3.pcap.UDP_10-0-2-15_15685_64-4-23-159_40031_stream_0.pcap,udp_0,udp,0,Gmail,nonVPN,Email,Gmail
nonVPN_Email_Gmail_none_3.pcap.UDP_10-0-2-15_15685_64-4-23-162_40019_stream_0.pcap,udp_0,udp,0,Gmail,nonVPN,Email,Gmail
nonVPN_Email_Gmail_none_3.pcap.UDP_10-0-2-15_15685_65-55-223-14_40029_stream_0.pcap,udp_0,udp,0,Gmail,nonVPN,Email,Gmail
nonVPN_Email_Gmail_none_3.pcap.UDP_10-0-2-15_15685_65-55-223-25_40002_stream_0.pcap,udp_0,udp,0,Gmail,nonVPN,Email,Gmail
nonVPN_Email_Gmail_none_3.pcap.UDP_10-0-2-15_15685_65-55-223-27_40034_stream_0.pcap,udp_0,udp,0,Gmail,nonVPN,Email,Gmail
nonVPN_Email_Gmail_none_3.pcap.UDP_10-0-2-15_15685_65-55-223-41_40028_stream_0.pcap,udp_0,udp,0,Gmail,nonVPN,Email,Gmail
nonVPN_Email_Gmail_none_3.pcap.UDP_10-0-2-15_15685_84-248-183-50_56936_stream_0.pcap,udp_0,udp,0,Gmail,nonVPN,Email,Gmail
nonVPN_Email_Gmail_none_3.pcap.UDP_10-0-2-15_15685_86-139-207-111_4446_stream_0.pcap,udp_0,udp,0,Gmail,nonVPN,Email,Gmail
nonVPN_Email_Gmail_none_3.pcap.UDP_10-0-2-15_15685_88-135-93-254_33091_stream_0.pcap,udp_0,udp,0,Gmail,nonVPN,Email,Gmail
nonVPN_Email_Gmail_none_3.pcap.UDP_10-0-2-15_15685_77-85-144-115_25967_stream_0.pcap,udp_0,udp,0,Gmail,nonVPN,Email,Gmail
nonVPN_Email_Gmail_none_3.pcap.UDP_10-0-2-15_15685_89-178-255-157_51905_stream_0.pcap,udp_0,udp,0,Gmail,nonVPN,Email,Gmail
nonVPN_Email_Gmail_none_3.pcap.UDP_10-0-2-15_15685_92-98-55-194_7891_stream_0.pcap,udp_0,udp,0,Gmail,nonVPN,Email,Gmail
nonVPN_Email_Gmail_none_3.pcap.UDP_10-0-2-15_15685_86-77-120-14_7077_stream_0.pcap,udp_0,udp,0,Gmail,nonVPN,Email,Gmail
nonVPN_Email_Gmail_none_3.pcap.UDP_10-0-2-15_15685_95-30-120-142_23821_stream_0.pcap,udp_0,udp,0,Gmail,nonVPN,Email,Gmail
nonVPN_Email_Gmail_none_4.pcap.TCP_10-0-2-15_35301_67-71-163-47_30582_stream_0.pcap,tcp_0,tcp,0,Gmail,nonVPN,Email,Gmail
nonVPN_Email_Gmail_none_4.pcap.TCP_10-0-2-15_40040_137-116-32-77_443_stream_0.pcap,tcp_0,tcp,0,Gmail,nonVPN,Email,Gmail
nonVPN_Email_Gmail_none_4.pcap.TCP_10-0-2-15_42255_70-80-25-101_64982_stream_0.pcap,tcp_0,tcp,0,Gmail,nonVPN,Email,Gmail
nonVPN_Email_Gmail_none_4.pcap.TCP_10-0-2-15_48265_24-201-235-89_40085_stream_0.pcap,tcp_0,tcp,0,Gmail,nonVPN,Email,Gmail
nonVPN_Email_Gmail_none_4.pcap.TCP_10-0-2-15_45750_24-140-134-21_45411_stream_0.pcap,tcp_0,tcp,0,Gmail,nonVPN,Email,Gmail
nonVPN_Email_Gmail_none_4.pcap.TCP_10-0-2-15_48443_157-56-109-8_80_stream_0.pcap,tcp_0,tcp,0,Gmail,nonVPN,Email,Gmail
nonVPN_Email_Gmail_none_4.pcap.TCP_10-0-2-15_48319_69-51-239-202_44824_stream_0.pcap,tcp_0,tcp,0,Gmail,nonVPN,Email,Gmail
nonVPN_Email_Gmail_none_4.pcap.TCP_10-0-2-15_50197_67-70-26-33_60854_stream_0.pcap,tcp_0,tcp,0,Gmail,nonVPN,Email,Gmail
nonVPN_Email_Gmail_none_4.pcap.TCP_10-0-2-15_54963_204-83-155-169_32620_stream_0.pcap,tcp_0,tcp,0,Gmail,nonVPN,Email,Gmail
nonVPN_Email_Gmail_none_4.pcap.TCP_10-0-2-15_54955_204-83-155-169_32620_stream_0.pcap,tcp_0,tcp,0,Gmail,nonVPN,Email,Gmail
nonVPN_Email_Gmail_none_4.pcap.TCP_10-0-2-15_54967_204-83-155-169_32620_stream_0.pcap,tcp_0,tcp,0,Gmail,nonVPN,Email,Gmail
nonVPN_Email_Gmail_none_4.pcap.TCP_10-0-2-15_56467_142-1-33-2_3230_stream_0.pcap,tcp_0,tcp,0,Gmail,nonVPN,Email,Gmail
nonVPN_Email_Gmail_none_4.pcap.UDP_10-0-2-15_49539_111-221-74-29_443_stream_0.pcap,udp_0,udp,0,Gmail,nonVPN,Email,Gmail
nonVPN_Email_Gmail_none_4.pcap.UDP_10-0-2-15_49539_111-221-74-30_443_stream_0.pcap,udp_0,udp,0,Gmail,nonVPN,Email,Gmail
nonVPN_Email_Gmail_none_4.pcap.UDP_10-0-2-15_49539_111-221-77-142_443_stream_0.pcap,udp_0,udp,0,Gmail,nonVPN,Email,Gmail
nonVPN_Email_Gmail_none_4.pcap.UDP_10-0-2-15_49539_111-221-77-153_40033_stream_0.pcap,udp_0,udp,0,Gmail,nonVPN,Email,Gmail
nonVPN_Email_Gmail_none_4.pcap.UDP_10-0-2-15_49539_111-221-77-158_40010_stream_0.pcap,udp_0,udp,0,Gmail,nonVPN,Email,Gmail
nonVPN_Email_Gmail_none_4.pcap.UDP_10-0-2-15_49539_125-30-73-37_21835_stream_0.pcap,udp_0,udp,0,Gmail,nonVPN,Email,Gmail
nonVPN_Email_Gmail_none_4.pcap.UDP_10-0-2-15_49539_119-192-47-61_23081_stream_0.pcap,udp_0,udp,0,Gmail,nonVPN,Email,Gmail
nonVPN_Email_Gmail_none_4.pcap.UDP_10-0-2-15_49539_131-202-240-87_53828_stream_0.pcap,udp_0,udp,0,Gmail,nonVPN,Email,Gmail
nonVPN_Email_Gmail_none_4.pcap.UDP_10-0-2-15_49539_131-202-240-87_15685_stream_0.pcap,udp_0,udp,0,Gmail,nonVPN,Email,Gmail
nonVPN_Email_Gmail_none_4.pcap.UDP_10-0-2-15_49539_131-202-240-87_51376_stream_0.pcap,udp_0,udp,0,Gmail,nonVPN,Email,Gmail
nonVPN_Email_Gmail_none_4.pcap.UDP_10-0-2-15_49539_131-202-240-87_52869_stream_0.pcap,udp_0,udp,0,Gmail,nonVPN,Email,Gmail
nonVPN_Email_Gmail_none_4.pcap.UDP_10-0-2-15_49539_157-55-130-150_443_stream_0.pcap,udp_0,udp,0,Gmail,nonVPN,Email,Gmail
nonVPN_Email_Gmail_none_4.pcap.UDP_10-0-2-15_49539_142-1-33-2_3230_stream_0.pcap,udp_0,udp,0,Gmail,nonVPN,Email,Gmail
nonVPN_Email_Gmail_none_4.pcap.UDP_10-0-2-15_49539_157-55-130-160_40029_stream_0.pcap,udp_0,udp,0,Gmail,nonVPN,Email,Gmail
nonVPN_Email_Gmail_none_4.pcap.UDP_10-0-2-15_49539_157-55-130-160_40028_stream_0.pcap,udp_0,udp,0,Gmail,nonVPN,Email,Gmail
nonVPN_Email_Gmail_none_4.pcap.UDP_10-0-2-15_49539_157-55-130-166_443_stream_0.pcap,udp_0,udp,0,Gmail,nonVPN,Email,Gmail
nonVPN_Email_Gmail_none_4.pcap.UDP_10-0-2-15_49539_157-55-130-168_40019_stream_0.pcap,udp_0,udp,0,Gmail,nonVPN,Email,Gmail
nonVPN_Email_Gmail_none_4.pcap.UDP_10-0-2-15_49539_157-55-56-159_40005_stream_0.pcap,udp_0,udp,0,Gmail,nonVPN,Email,Gmail
nonVPN_Email_Gmail_none_4.pcap.UDP_10-0-2-15_49539_157-56-52-13_40011_stream_0.pcap,udp_0,udp,0,Gmail,nonVPN,Email,Gmail
nonVPN_Email_Gmail_none_4.pcap.UDP_10-0-2-15_49539_157-56-52-27_40034_stream_0.pcap,udp_0,udp,0,Gmail,nonVPN,Email,Gmail
nonVPN_Email_Gmail_none_4.pcap.UDP_10-0-2-15_49539_157-55-56-169_40008_stream_0.pcap,udp_0,udp,0,Gmail,nonVPN,Email,Gmail
nonVPN_Email_Gmail_none_4.pcap.UDP_10-0-2-15_49539_174-114-30-60_48193_stream_0.pcap,udp_0,udp,0,Gmail,nonVPN,Email,Gmail
nonVPN_Email_Gmail_none_4.pcap.UDP_10-0-2-15_49539_173-224-109-193_45887_stream_0.pcap,udp_0,udp,0,Gmail,nonVPN,Email,Gmail
nonVPN_Email_Gmail_none_4.pcap.UDP_10-0-2-15_49539_177-185-166-204_43683_stream_0.pcap,udp_0,udp,0,Gmail,nonVPN,Email,Gmail
nonVPN_Email_Gmail_none_4.pcap.UDP_10-0-2-15_49539_178-159-227-61_54893_stream_0.pcap,udp_0,udp,0,Gmail,nonVPN,Email,Gmail
nonVPN_Email_Gmail_none_4.pcap.UDP_10-0-2-15_49539_190-73-77-108_38804_stream_0.pcap,udp_0,udp,0,Gmail,nonVPN,Email,Gmail
nonVPN_Email_Gmail_none_4.pcap.UDP_10-0-2-15_49539_204-83-155-169_32620_stream_0.pcap,udp_0,udp,0,Gmail,nonVPN,Email,Gmail
nonVPN_Email_Gmail_none_4.pcap.UDP_10-0-2-15_49539_213-199-179-153_40033_stream_0.pcap,udp_0,udp,0,Gmail,nonVPN,Email,Gmail
nonVPN_Email_Gmail_none_4.pcap.UDP_10-0-2-15_49539_213-199-179-169_40008_stream_0.pcap,udp_0,udp,0,Gmail,nonVPN,Email,Gmail
nonVPN_Email_Gmail_none_4.pcap.UDP_10-0-2-15_49539_24-140-134-21_45411_stream_0.pcap,udp_0,udp,0,Gmail,nonVPN,Email,Gmail
nonVPN_Email_Gmail_none_4.pcap.UDP_10-0-2-15_49539_24-36-174-173_47044_stream_0.pcap,udp_0,udp,0,Gmail,nonVPN,Email,Gmail
nonVPN_Email_Gmail_none_4.pcap.UDP_10-0-2-15_49539_64-4-23-153_40033_stream_0.pcap,udp_0,udp,0,Gmail,nonVPN,Email,Gmail
nonVPN_Email_Gmail_none_4.pcap.UDP_10-0-2-15_49539_64-4-23-159_40005_stream_0.pcap,udp_0,udp,0,Gmail,nonVPN,Email,Gmail
nonVPN_Email_Gmail_none_4.pcap.UDP_10-0-2-15_49539_64-4-23-169_40008_stream_0.pcap,udp_0,udp,0,Gmail,nonVPN,Email,Gmail
nonVPN_Email_Gmail_none_4.pcap.UDP_10-0-2-15_49539_65-55-223-38_40027_stream_0.pcap,udp_0,udp,0,Gmail,nonVPN,Email,Gmail
nonVPN_Email_Gmail_none_4.pcap.UDP_10-0-2-15_49539_67-70-26-33_60854_stream_0.pcap,udp_0,udp,0,Gmail,nonVPN,Email,Gmail
nonVPN_Email_Gmail_none_4.pcap.UDP_10-0-2-15_49539_67-71-163-47_30582_stream_0.pcap,udp_0,udp,0,Gmail,nonVPN,Email,Gmail
nonVPN_Email_Gmail_none_4.pcap.UDP_10-0-2-15_49539_69-51-239-202_44824_stream_0.pcap,udp_0,udp,0,Gmail,nonVPN,Email,Gmail
nonVPN_Email_Gmail_none_4.pcap.UDP_10-0-2-15_49539_70-80-25-101_64982_stream_0.pcap,udp_0,udp,0,Gmail,nonVPN,Email,Gmail
nonVPN_Email_Gmail_none_4.pcap.UDP_10-0-2-15_49539_74-50-249-201_45012_stream_0.pcap,udp_0,udp,0,Gmail,nonVPN,Email,Gmail
nonVPN_Email_Gmail_none_4.pcap.UDP_10-0-2-15_49539_77-122-87-192_57845_stream_0.pcap,udp_0,udp,0,Gmail,nonVPN,Email,Gmail
nonVPN_Email_Gmail_none_4.pcap.UDP_10-0-2-15_49539_71-165-27-162_52687_stream_0.pcap,udp_0,udp,0,Gmail,nonVPN,Email,Gmail
nonVPN_Email_Gmail_none_4.pcap.UDP_10-0-2-15_49539_88-230-72-235_56621_stream_0.pcap,udp_0,udp,0,Gmail,nonVPN,Email,Gmail
nonVPN_Email_Gmail_none_4.pcap.UDP_10-0-2-15_49539_85-180-92-139_46819_stream_0.pcap,udp_0,udp,0,Gmail,nonVPN,Email,Gmail
nonVPN_Email_Gmail_none_4.pcap.UDP_10-0-2-15_49539_87-91-213-33_28605_stream_0.pcap,udp_0,udp,0,Gmail,nonVPN,Email,Gmail
nonVPN_Email_Gmail_none_4.pcap.UDP_10-0-2-15_49539_93-200-107-35_14521_stream_0.pcap,udp_0,udp,0,Gmail,nonVPN,Email,Gmail
nonVPN_Email_Gmail_none_4.pcap.UDP_10-0-2-15_49539_91-190-216-212_13392_stream_0.pcap,udp_0,udp,0,Gmail,nonVPN,Email,Gmail
nonVPN_Email_Gmail_none_4.pcap.UDP_10-0-2-15_49539_94-71-254-50_24402_stream_0.pcap,udp_0,udp,0,Gmail,nonVPN,Email,Gmail
nonVPN_Email_Gmail_none_4.pcap.UDP_10-0-2-15_49539_96-20-144-185_6896_stream_0.pcap,udp_0,udp,0,Gmail,nonVPN,Email,Gmail
VPN_FileTransfer_FTPS_none_1.pcap.TCP_10-8-8-138_35158_204-236-238-164_1335_stream_0.pcap,tcp_0,tcp,0,FTPS,VPN,FileTransfer,FTPS
VPN_FileTransfer_FTPS_none_1.pcap.TCP_10-8-8-138_32797_204-236-238-164_1742_stream_0.pcap,tcp_0,tcp,0,FTPS,VPN,FileTransfer,FTPS
VPN_FileTransfer_FTPS_none_1.pcap.TCP_10-8-8-138_33454_204-236-238-164_1971_stream_0.pcap,tcp_0,tcp,0,FTPS,VPN,FileTransfer,FTPS
VPN_FileTransfer_FTPS_none_1.pcap.TCP_10-8-8-138_36877_204-236-238-164_1410_stream_0.pcap,tcp_0,tcp,0,FTPS,VPN,FileTransfer,FTPS
VPN_FileTransfer_FTPS_none_1.pcap.TCP_10-8-8-138_36949_204-236-238-164_1942_stream_0.pcap,tcp_0,tcp,0,FTPS,VPN,FileTransfer,FTPS
VPN_FileTransfer_FTPS_none_1.pcap.TCP_10-8-8-138_38885_204-236-238-164_1535_stream_0.pcap,tcp_0,tcp,0,FTPS,VPN,FileTransfer,FTPS
VPN_FileTransfer_FTPS_none_1.pcap.TCP_10-8-8-138_37288_204-236-238-164_1394_stream_0.pcap,tcp_0,tcp,0,FTPS,VPN,FileTransfer,FTPS
VPN_FileTransfer_FTPS_none_1.pcap.TCP_10-8-8-138_39665_204-236-238-164_1853_stream_0.pcap,tcp_0,tcp,0,FTPS,VPN,FileTransfer,FTPS
VPN_FileTransfer_FTPS_none_1.pcap.TCP_10-8-8-138_40594_204-236-238-164_1516_stream_0.pcap,tcp_0,tcp,0,FTPS,VPN,FileTransfer,FTPS
VPN_FileTransfer_FTPS_none_1.pcap.TCP_10-8-8-138_40097_204-236-238-164_1774_stream_0.pcap,tcp_0,tcp,0,FTPS,VPN,FileTransfer,FTPS
VPN_FileTransfer_FTPS_none_1.pcap.TCP_10-8-8-138_43679_204-236-238-164_1291_stream_0.pcap,tcp_0,tcp,0,FTPS,VPN,FileTransfer,FTPS
VPN_FileTransfer_FTPS_none_1.pcap.TCP_10-8-8-138_41747_204-236-238-164_1583_stream_0.pcap,tcp_0,tcp,0,FTPS,VPN,FileTransfer,FTPS
VPN_FileTransfer_FTPS_none_1.pcap.TCP_10-8-8-138_41998_204-236-238-164_1306_stream_0.pcap,tcp_0,tcp,0,FTPS,VPN,FileTransfer,FTPS
VPN_FileTransfer_FTPS_none_1.pcap.TCP_10-8-8-138_44296_204-236-238-164_1901_stream_0.pcap,tcp_0,tcp,0,FTPS,VPN,FileTransfer,FTPS
VPN_FileTransfer_FTPS_none_1.pcap.TCP_10-8-8-138_41166_75-101-155-12_1831_stream_0.pcap,tcp_0,tcp,0,FTPS,VPN,FileTransfer,FTPS
VPN_FileTransfer_FTPS_none_1.pcap.TCP_10-8-8-138_47056_204-236-238-164_1265_stream_0.pcap,tcp_0,tcp,0,FTPS,VPN,FileTransfer,FTPS
VPN_FileTransfer_FTPS_none_1.pcap.TCP_10-8-8-138_38897_204-236-238-164_1615_stream_0.pcap,tcp_0,tcp,0,FTPS,VPN,FileTransfer,FTPS
VPN_FileTransfer_FTPS_none_1.pcap.TCP_10-8-8-138_47604_204-236-238-164_1999_stream_0.pcap,tcp_0,tcp,0,FTPS,VPN,FileTransfer,FTPS
VPN_FileTransfer_FTPS_none_1.pcap.TCP_10-8-8-138_49906_204-236-238-164_1297_stream_0.pcap,tcp_0,tcp,0,FTPS,VPN,FileTransfer,FTPS
VPN_FileTransfer_FTPS_none_1.pcap.TCP_10-8-8-138_44243_204-236-238-164_1979_stream_0.pcap,tcp_0,tcp,0,FTPS,VPN,FileTransfer,FTPS
VPN_FileTransfer_FTPS_none_1.pcap.TCP_10-8-8-138_50940_204-236-238-164_21_stream_0.pcap,tcp_0,tcp,0,FTPS,VPN,FileTransfer,FTPS
VPN_FileTransfer_FTPS_none_1.pcap.TCP_10-8-8-138_50941_204-236-238-164_21_stream_0.pcap,tcp_0,tcp,0,FTPS,VPN,FileTransfer,FTPS
VPN_FileTransfer_FTPS_none_1.pcap.TCP_10-8-8-138_50975_204-236-238-164_21_stream_0.pcap,tcp_0,tcp,0,FTPS,VPN,FileTransfer,FTPS
VPN_FileTransfer_FTPS_none_1.pcap.TCP_10-8-8-138_52025_204-236-238-164_1361_stream_0.pcap,tcp_0,tcp,0,FTPS,VPN,FileTransfer,FTPS
VPN_FileTransfer_FTPS_none_1.pcap.TCP_10-8-8-138_33796_204-236-238-164_1751_stream_0.pcap,tcp_0,tcp,0,FTPS,VPN,FileTransfer,FTPS
VPN_FileTransfer_FTPS_none_1.pcap.TCP_10-8-8-138_54414_75-101-155-12_21_stream_0.pcap,tcp_0,tcp,0,FTPS,VPN,FileTransfer,FTPS
VPN_FileTransfer_FTPS_none_1.pcap.TCP_10-8-8-138_45363_204-236-238-164_1406_stream_0.pcap,tcp_0,tcp,0,FTPS,VPN,FileTransfer,FTPS
VPN_FileTransfer_FTPS_none_1.pcap.TCP_10-8-8-138_49463_204-236-238-164_1336_stream_0.pcap,tcp_0,tcp,0,FTPS,VPN,FileTransfer,FTPS
VPN_FileTransfer_FTPS_none_1.pcap.TCP_10-8-8-138_48596_204-236-238-164_1592_stream_0.pcap,tcp_0,tcp,0,FTPS,VPN,FileTransfer,FTPS
VPN_FileTransfer_FTPS_none_1.pcap.TCP_10-8-8-138_54472_75-101-155-12_21_stream_0.pcap,tcp_0,tcp,0,FTPS,VPN,FileTransfer,FTPS
VPN_FileTransfer_FTPS_none_1.pcap.TCP_10-8-8-138_49065_204-236-238-164_1616_stream_0.pcap,tcp_0,tcp,0,FTPS,VPN,FileTransfer,FTPS
VPN_FileTransfer_FTPS_none_1.pcap.TCP_10-8-8-138_51013_204-236-238-164_1274_stream_0.pcap,tcp_0,tcp,0,FTPS,VPN,FileTransfer,FTPS
VPN_FileTransfer_FTPS_none_1.pcap.TCP_10-8-8-138_53887_204-236-238-164_1362_stream_0.pcap,tcp_0,tcp,0,FTPS,VPN,FileTransfer,FTPS
VPN_FileTransfer_FTPS_none_1.pcap.TCP_10-8-8-138_55570_75-101-155-12_1420_stream_0.pcap,tcp_0,tcp,0,FTPS,VPN,FileTransfer,FTPS
VPN_FileTransfer_FTPS_none_1.pcap.TCP_10-8-8-138_53881_204-236-238-164_1362_stream_0.pcap,tcp_0,tcp,0,FTPS,VPN,FileTransfer,FTPS
VPN_FileTransfer_FTPS_none_1.pcap.TCP_10-8-8-138_58134_204-236-238-164_1813_stream_0.pcap,tcp_0,tcp,0,FTPS,VPN,FileTransfer,FTPS
VPN_FileTransfer_FTPS_none_1.pcap.TCP_10-8-8-138_59312_23-21-114-223_443_stream_0.pcap,tcp_0,tcp,0,FTPS,VPN,FileTransfer,FTPS
VPN_FileTransfer_FTPS_none_1.pcap.TCP_10-8-8-138_57961_204-236-238-164_1602_stream_0.pcap,tcp_0,tcp,0,FTPS,VPN,FileTransfer,FTPS
VPN_FileTransfer_FTPS_none_1.pcap.TCP_10-8-8-138_59113_204-236-238-164_1768_stream_0.pcap,tcp_0,tcp,0,FTPS,VPN,FileTransfer,FTPS
VPN_FileTransfer_FTPS_none_1.pcap.TCP_10-8-8-138_59805_204-236-238-164_1878_stream_0.pcap,tcp_0,tcp,0,FTPS,VPN,FileTransfer,FTPS
VPN_FileTransfer_FTPS_none_1.pcap.UDP_10-8-8-138_36920_74-125-226-33_443_stream_0.pcap,udp_0,udp,0,FTPS,VPN,FileTransfer,FTPS
VPN_FileTransfer_FTPS_none_1.pcap.TCP_10-8-8-138_60570_204-236-238-164_1955_stream_0.pcap,tcp_0,tcp,0,FTPS,VPN,FileTransfer,FTPS
VPN_FileTransfer_FTPS_none_1.pcap.UDP_10-8-8-138_58926_74-125-226-64_443_stream_0.pcap,udp_0,udp,0,FTPS,VPN,FileTransfer,FTPS
VPN_FileTransfer_FTPS_none_1.pcap.UDP_10-8-8-138_59887_74-125-226-56_443_stream_0.pcap,udp_0,udp,0,FTPS,VPN,FileTransfer,FTPS
VPN_FileTransfer_FTPS_none_1.pcap.UDP_10-8-8-138_54373_74-125-226-35_443_stream_0.pcap,udp_0,udp,0,FTPS,VPN,FileTransfer,FTPS
VPN_FileTransfer_FTPS_none_2.pcap.TCP_10-8-8-138_33726_204-236-238-164_1900_stream_0.pcap,tcp_0,tcp,0,FTPS,VPN,FileTransfer,FTPS
VPN_FileTransfer_FTPS_none_2.pcap.TCP_10-8-8-138_38088_204-236-238-164_1784_stream_0.pcap,tcp_0,tcp,0,FTPS,VPN,FileTransfer,FTPS
VPN_FileTransfer_FTPS_none_2.pcap.TCP_10-8-8-138_37613_204-236-238-164_1321_stream_0.pcap,tcp_0,tcp,0,FTPS,VPN,FileTransfer,FTPS
VPN_FileTransfer_FTPS_none_2.pcap.TCP_10-8-8-138_39486_204-236-238-164_1401_stream_0.pcap,tcp_0,tcp,0,FTPS,VPN,FileTransfer,FTPS
VPN_FileTransfer_FTPS_none_2.pcap.TCP_10-8-8-138_42086_204-236-238-164_1731_stream_0.pcap,tcp_0,tcp,0,FTPS,VPN,FileTransfer,FTPS
VPN_FileTransfer_FTPS_none_2.pcap.TCP_10-8-8-138_41697_204-236-238-164_1679_stream_0.pcap,tcp_0,tcp,0,FTPS,VPN,FileTransfer,FTPS
VPN_FileTransfer_FTPS_none_2.pcap.TCP_10-8-8-138_39212_204-236-238-164_1371_stream_0.pcap,tcp_0,tcp,0,FTPS,VPN,FileTransfer,FTPS
VPN_FileTransfer_FTPS_none_2.pcap.TCP_10-8-8-138_43444_204-236-238-164_1442_stream_0.pcap,tcp_0,tcp,0,FTPS,VPN,FileTransfer,FTPS
VPN_FileTransfer_FTPS_none_2.pcap.TCP_10-8-8-138_37128_204-236-238-164_1985_stream_0.pcap,tcp_0,tcp,0,FTPS,VPN,FileTransfer,FTPS
VPN_FileTransfer_FTPS_none_2.pcap.TCP_10-8-8-138_40282_204-236-238-164_1972_stream_0.pcap,tcp_0,tcp,0,FTPS,VPN,FileTransfer,FTPS
VPN_FileTransfer_FTPS_none_2.pcap.TCP_10-8-8-138_44567_204-236-238-164_1886_stream_0.pcap,tcp_0,tcp,0,FTPS,VPN,FileTransfer,FTPS
VPN_FileTransfer_FTPS_none_2.pcap.TCP_10-8-8-138_43987_204-236-238-164_1654_stream_0.pcap,tcp_0,tcp,0,FTPS,VPN,FileTransfer,FTPS
VPN_FileTransfer_FTPS_none_2.pcap.TCP_10-8-8-138_51001_204-236-238-164_21_stream_0.pcap,tcp_0,tcp,0,FTPS,VPN,FileTransfer,FTPS
VPN_FileTransfer_FTPS_none_2.pcap.TCP_10-8-8-138_41005_204-236-238-164_1639_stream_0.pcap,tcp_0,tcp,0,FTPS,VPN,FileTransfer,FTPS
VPN_FileTransfer_FTPS_none_2.pcap.TCP_10-8-8-138_51000_204-236-238-164_21_stream_0.pcap,tcp_0,tcp,0,FTPS,VPN,FileTransfer,FTPS
VPN_FileTransfer_FTPS_none_2.pcap.TCP_10-8-8-138_44452_204-236-238-164_1680_stream_0.pcap,tcp_0,tcp,0,FTPS,VPN,FileTransfer,FTPS
VPN_FileTransfer_FTPS_none_2.pcap.TCP_10-8-8-138_50676_204-236-238-164_1838_stream_0.pcap,tcp_0,tcp,0,FTPS,VPN,FileTransfer,FTPS
VPN_FileTransfer_FTPS_none_2.pcap.TCP_10-8-8-138_54474_75-101-155-12_21_stream_0.pcap,tcp_0,tcp,0,FTPS,VPN,FileTransfer,FTPS
VPN_FileTransfer_FTPS_none_2.pcap.TCP_10-8-8-138_46459_204-236-238-164_1566_stream_0.pcap,tcp_0,tcp,0,FTPS,VPN,FileTransfer,FTPS
VPN_FileTransfer_FTPS_none_2.pcap.TCP_10-8-8-138_58798_204-236-238-164_1620_stream_0.pcap,tcp_0,tcp,0,FTPS,VPN,FileTransfer,FTPS
VPN_FileTransfer_FTPS_none_2.pcap.TCP_10-8-8-138_59880_204-236-238-164_1878_stream_0.pcap,tcp_0,tcp,0,FTPS,VPN,FileTransfer,FTPS
VPN_FileTransfer_FTPS_none_2.pcap.TCP_10-8-8-138_59187_204-236-238-164_1634_stream_0.pcap,tcp_0,tcp,0,FTPS,VPN,FileTransfer,FTPS
VPN_FileTransfer_FTPS_none_2.pcap.TCP_10-8-8-138_46749_204-236-238-164_1222_stream_0.pcap,tcp_0,tcp,0,FTPS,VPN,FileTransfer,FTPS
VPN_FileTransfer_FTPS_none_2.pcap.TCP_10-8-8-138_53065_204-236-238-164_1756_stream_0.pcap,tcp_0,tcp,0,FTPS,VPN,FileTransfer,FTPS
VPN_FileTransfer_FTPS_none_2.pcap.TCP_10-8-8-138_59001_204-236-238-164_1573_stream_0.pcap,tcp_0,tcp,0,FTPS,VPN,FileTransfer,FTPS
VPN_FileTransfer_FTPS_none_2.pcap.TCP_10-8-8-138_58019_204-236-238-164_1602_stream_0.pcap,tcp_0,tcp,0,FTPS,VPN,FileTransfer,FTPS
VPN_FileTransfer_FTPS_none_2.pcap.UDP_10-8-8-138_34380_74-125-226-35_443_stream_0.pcap,udp_0,udp,0,FTPS,VPN,FileTransfer,FTPS
VPN_FileTransfer_FTPS_none_2.pcap.TCP_10-8-8-138_54426_204-236-238-164_1759_stream_0.pcap,tcp_0,tcp,0,FTPS,VPN,FileTransfer,FTPS
VPN_FileTransfer_FTPS_none_2.pcap.TCP_10-8-8-138_60619_204-236-238-164_1488_stream_0.pcap,tcp_0,tcp,0,FTPS,VPN,FileTransfer,FTPS
VPN_FileTransfer_FTPS_none_2.pcap.TCP_10-8-8-138_53631_204-236-238-164_1936_stream_0.pcap,tcp_0,tcp,0,FTPS,VPN,FileTransfer,FTPS
VPN_FileTransfer_FTPS_none_1.pcap.TCP_10-8-8-138_45849_204-236-238-164_1781_stream_0.pcap,tcp_0,tcp,0,FTPS,VPN,FileTransfer,FTPS
VPN_FileTransfer_FTPS_none_2.pcap.TCP_10-8-8-138_59886_204-236-238-164_1544_stream_0.pcap,tcp_0,tcp,0,FTPS,VPN,FileTransfer,FTPS
nonVPN_FileTransfer_FTPS_none_1.pcap.TCP_131-202-240-87_4491_131-202-240-242_50598_stream_0.pcap,tcp_0,tcp,0,FTPS,nonVPN,FileTransfer,FTPS
nonVPN_FileTransfer_FTPS_none_1.pcap.TCP_131-202-240-87_4513_131-202-240-242_50616_stream_0.pcap,tcp_0,tcp,0,FTPS,nonVPN,FileTransfer,FTPS
nonVPN_FileTransfer_FTPS_none_1.pcap.TCP_131-202-240-87_4497_131-202-240-242_21_stream_0.pcap,tcp_0,tcp,0,FTPS,nonVPN,FileTransfer,FTPS
nonVPN_FileTransfer_FTPS_none_1.pcap.TCP_131-202-240-87_4514_131-202-240-242_50617_stream_0.pcap,tcp_0,tcp,0,FTPS,nonVPN,FileTransfer,FTPS
nonVPN_FileTransfer_FTPS_none_1.pcap.TCP_131-202-240-87_4508_131-202-240-242_50611_stream_0.pcap,tcp_0,tcp,0,FTPS,nonVPN,FileTransfer,FTPS
nonVPN_FileTransfer_FTPS_none_1.pcap.TCP_131-202-240-87_4505_131-202-240-242_50608_stream_0.pcap,tcp_0,tcp,0,FTPS,nonVPN,FileTransfer,FTPS
nonVPN_FileTransfer_FTPS_none_1.pcap.TCP_131-202-240-87_4504_131-202-240-242_50607_stream_0.pcap,tcp_0,tcp,0,FTPS,nonVPN,FileTransfer,FTPS
nonVPN_FileTransfer_FTPS_none_1.pcap.TCP_131-202-240-87_4501_131-202-240-242_50606_stream_0.pcap,tcp_0,tcp,0,FTPS,nonVPN,FileTransfer,FTPS
nonVPN_FileTransfer_FTPS_none_1.pcap.TCP_131-202-240-87_4507_131-202-240-242_50610_stream_0.pcap,tcp_0,tcp,0,FTPS,nonVPN,FileTransfer,FTPS
nonVPN_FileTransfer_FTPS_none_1.pcap.TCP_131-202-6-26_13000_131-202-240-87_4530_stream_0.pcap,tcp_0,tcp,0,FTPS,nonVPN,FileTransfer,FTPS
nonVPN_FileTransfer_FTPS_none_1.pcap.TCP_131-202-6-26_13000_131-202-240-87_4538_stream_0.pcap,tcp_0,tcp,0,FTPS,nonVPN,FileTransfer,FTPS
nonVPN_FileTransfer_FTPS_none_1.pcap.TCP_131-202-6-26_13000_131-202-240-87_4541_stream_0.pcap,tcp_0,tcp,0,FTPS,nonVPN,FileTransfer,FTPS
nonVPN_FileTransfer_FTPS_none_1.pcap.TCP_131-202-6-26_13111_131-202-240-87_4502_stream_0.pcap,tcp_0,tcp,0,FTPS,nonVPN,FileTransfer,FTPS
nonVPN_FileTransfer_FTPS_none_1.pcap.TCP_23-21-105-199_80_131-202-240-87_4522_stream_0.pcap,tcp_0,tcp,0,FTPS,nonVPN,FileTransfer,FTPS
nonVPN_FileTransfer_FTPS_none_1.pcap.TCP_23-195-193-145_443_131-202-240-87_4519_stream_0.pcap,tcp_0,tcp,0,FTPS,nonVPN,FileTransfer,FTPS
nonVPN_FileTransfer_FTPS_none_1.pcap.TCP_131-202-240-87_4532_131-202-240-242_50622_stream_0.pcap,tcp_0,tcp,0,FTPS,nonVPN,FileTransfer,FTPS
nonVPN_FileTransfer_FTPS_none_1.pcap.TCP_38-117-98-202_80_131-202-240-87_4533_stream_0.pcap,tcp_0,tcp,0,FTPS,nonVPN,FileTransfer,FTPS
nonVPN_FileTransfer_FTPS_none_1.pcap.TCP_131-202-240-87_4494_131-202-240-242_50601_stream_0.pcap,tcp_0,tcp,0,FTPS,nonVPN,FileTransfer,FTPS
nonVPN_FileTransfer_FTPS_none_1.pcap.TCP_131-202-240-87_4526_131-202-240-242_50620_stream_0.pcap,tcp_0,tcp,0,FTPS,nonVPN,FileTransfer,FTPS
nonVPN_FileTransfer_FTPS_none_1.pcap.TCP_131-202-240-87_4498_131-202-240-242_50603_stream_0.pcap,tcp_0,tcp,0,FTPS,nonVPN,FileTransfer,FTPS
nonVPN_FileTransfer_FTPS_none_1.pcap.UDP_77-72-169-132_11113_131-202-240-87_17845_stream_0.pcap,udp_0,udp,0,FTPS,nonVPN,FileTransfer,FTPS
nonVPN_FileTransfer_FTPS_none_2.pcap.TCP_131-202-240-87_4490_131-202-240-242_21_stream_0.pcap,tcp_0,tcp,0,FTPS,nonVPN,FileTransfer,FTPS
nonVPN_FileTransfer_FTPS_none_2.pcap.TCP_131-202-240-87_4497_131-202-240-242_21_stream_0.pcap,tcp_0,tcp,0,FTPS,nonVPN,FileTransfer,FTPS
nonVPN_FileTransfer_FTPS_none_2.pcap.TCP_131-202-240-87_4504_131-202-240-242_50607_stream_0.pcap,tcp_0,tcp,0,FTPS,nonVPN,FileTransfer,FTPS
nonVPN_FileTransfer_FTPS_none_2.pcap.TCP_131-202-240-87_4505_131-202-240-242_50608_stream_0.pcap,tcp_0,tcp,0,FTPS,nonVPN,FileTransfer,FTPS
nonVPN_FileTransfer_FTPS_none_1.pcap.TCP_131-202-240-87_4499_131-202-240-242_50604_stream_0.pcap,tcp_0,tcp,0,FTPS,nonVPN,FileTransfer,FTPS
nonVPN_FileTransfer_FTPS_none_2.pcap.TCP_131-202-240-87_4501_131-202-240-242_50606_stream_0.pcap,tcp_0,tcp,0,FTPS,nonVPN,FileTransfer,FTPS
nonVPN_FileTransfer_FTPS_none_2.pcap.TCP_131-202-240-87_4491_131-202-240-242_50598_stream_0.pcap,tcp_0,tcp,0,FTPS,nonVPN,FileTransfer,FTPS
nonVPN_FileTransfer_FTPS_none_2.pcap.TCP_131-202-240-87_4513_131-202-240-242_50616_stream_0.pcap,tcp_0,tcp,0,FTPS,nonVPN,FileTransfer,FTPS
nonVPN_FileTransfer_FTPS_none_2.pcap.TCP_131-202-240-87_4506_131-202-240-242_50609_stream_0.pcap,tcp_0,tcp,0,FTPS,nonVPN,FileTransfer,FTPS
nonVPN_FileTransfer_FTPS_none_2.pcap.TCP_131-202-240-87_4514_131-202-240-242_50617_stream_0.pcap,tcp_0,tcp,0,FTPS,nonVPN,FileTransfer,FTPS
nonVPN_FileTransfer_FTPS_none_1.pcap.TCP_131-202-240-87_4500_131-202-240-242_50605_stream_0.pcap,tcp_0,tcp,0,FTPS,nonVPN,FileTransfer,FTPS
nonVPN_FileTransfer_FTPS_none_2.pcap.TCP_131-202-240-87_4507_131-202-240-242_50610_stream_0.pcap,tcp_0,tcp,0,FTPS,nonVPN,FileTransfer,FTPS
nonVPN_FileTransfer_FTPS_none_2.pcap.TCP_131-202-240-87_4532_131-202-240-242_50622_stream_0.pcap,tcp_0,tcp,0,FTPS,nonVPN,FileTransfer,FTPS
nonVPN_FileTransfer_FTPS_none_2.pcap.TCP_131-202-6-26_13000_131-202-240-242_50624_stream_0.pcap,tcp_0,tcp,0,FTPS,nonVPN,FileTransfer,FTPS
nonVPN_FileTransfer_FTPS_none_2.pcap.TCP_131-202-240-87_4494_131-202-240-242_50601_stream_0.pcap,tcp_0,tcp,0,FTPS,nonVPN,FileTransfer,FTPS
nonVPN_FileTransfer_FTPS_none_2.pcap.TCP_131-202-240-87_4499_131-202-240-242_50604_stream_0.pcap,tcp_0,tcp,0,FTPS,nonVPN,FileTransfer,FTPS
nonVPN_FileTransfer_FTPS_none_3.pcap.TCP_131-202-240-87_6059_131-202-240-242_21_stream_0.pcap,tcp_0,tcp,0,FTPS,nonVPN,FileTransfer,FTPS
nonVPN_FileTransfer_FTPS_none_2.pcap.UDP_77-72-169-133_11113_131-202-240-242_10038_stream_0.pcap,udp_0,udp,0,FTPS,nonVPN,FileTransfer,FTPS
nonVPN_FileTransfer_FTPS_none_3.pcap.TCP_131-202-240-87_6062_131-202-240-242_52849_stream_0.pcap,tcp_0,tcp,0,FTPS,nonVPN,FileTransfer,FTPS
nonVPN_FileTransfer_FTPS_none_3.pcap.TCP_131-202-240-87_6063_131-202-240-242_52850_stream_0.pcap,tcp_0,tcp,0,FTPS,nonVPN,FileTransfer,FTPS
nonVPN_FileTransfer_FTPS_none_3.pcap.TCP_131-202-240-87_6065_131-202-240-242_52852_stream_0.pcap,tcp_0,tcp,0,FTPS,nonVPN,FileTransfer,FTPS
nonVPN_FileTransfer_FTPS_none_3.pcap.TCP_131-202-240-87_6067_131-202-240-242_52854_stream_0.pcap,tcp_0,tcp,0,FTPS,nonVPN,FileTransfer,FTPS
nonVPN_FileTransfer_FTPS_none_3.pcap.TCP_131-202-240-87_6066_131-202-240-242_52853_stream_0.pcap,tcp_0,tcp,0,FTPS,nonVPN,FileTransfer,FTPS
nonVPN_FileTransfer_FTPS_none_3.pcap.TCP_131-202-240-87_6068_131-202-240-242_52855_stream_0.pcap,tcp_0,tcp,0,FTPS,nonVPN,FileTransfer,FTPS
nonVPN_FileTransfer_FTPS_none_3.pcap.TCP_131-202-240-87_6069_131-202-240-242_52856_stream_0.pcap,tcp_0,tcp,0,FTPS,nonVPN,FileTransfer,FTPS
nonVPN_FileTransfer_FTPS_none_3.pcap.TCP_131-202-240-87_6073_131-202-240-242_52860_stream_0.pcap,tcp_0,tcp,0,FTPS,nonVPN,FileTransfer,FTPS
nonVPN_FileTransfer_FTPS_none_2.pcap.TCP_131-202-240-87_4529_131-202-240-242_50621_stream_0.pcap,tcp_0,tcp,0,FTPS,nonVPN,FileTransfer,FTPS
nonVPN_FileTransfer_FTPS_none_1.pcap.TCP_131-202-240-87_4515_131-202-240-242_50618_stream_0.pcap,tcp_0,tcp,0,FTPS,nonVPN,FileTransfer,FTPS
nonVPN_FileTransfer_FTPS_none_3.pcap.TCP_131-202-240-87_6072_131-202-240-242_52859_stream_0.pcap,tcp_0,tcp,0,FTPS,nonVPN,FileTransfer,FTPS
nonVPN_FileTransfer_FTPS_none_3.pcap.TCP_131-202-240-87_6077_131-202-240-242_52864_stream_0.pcap,tcp_0,tcp,0,FTPS,nonVPN,FileTransfer,FTPS
nonVPN_FileTransfer_FTPS_none_3.pcap.TCP_131-202-240-87_6078_131-202-240-242_52865_stream_0.pcap,tcp_0,tcp,0,FTPS,nonVPN,FileTransfer,FTPS
nonVPN_FileTransfer_FTPS_none_3.pcap.TCP_131-202-240-87_6079_131-202-240-242_52866_stream_0.pcap,tcp_0,tcp,0,FTPS,nonVPN,FileTransfer,FTPS
nonVPN_FileTransfer_FTPS_none_3.pcap.TCP_131-202-240-87_6081_131-202-240-242_52868_stream_0.pcap,tcp_0,tcp,0,FTPS,nonVPN,FileTransfer,FTPS
nonVPN_FileTransfer_FTPS_none_3.pcap.TCP_131-202-240-87_6076_131-202-240-242_52863_stream_0.pcap,tcp_0,tcp,0,FTPS,nonVPN,FileTransfer,FTPS
nonVPN_FileTransfer_FTPS_none_2.pcap.TCP_131-202-240-87_4500_131-202-240-242_50605_stream_0.pcap,tcp_0,tcp,0,FTPS,nonVPN,FileTransfer,FTPS
nonVPN_FileTransfer_FTPS_none_3.pcap.TCP_131-202-240-87_6083_131-202-240-242_52870_stream_0.pcap,tcp_0,tcp,0,FTPS,nonVPN,FileTransfer,FTPS
nonVPN_FileTransfer_FTPS_none_3.pcap.TCP_131-202-240-87_6086_131-202-240-242_21_stream_0.pcap,tcp_0,tcp,0,FTPS,nonVPN,FileTransfer,FTPS
nonVPN_FileTransfer_FTPS_none_2.pcap.TCP_131-202-240-87_4498_131-202-240-242_50603_stream_0.pcap,tcp_0,tcp,0,FTPS,nonVPN,FileTransfer,FTPS
nonVPN_FileTransfer_FTPS_none_3.pcap.TCP_131-202-240-87_6088_131-202-240-242_52874_stream_0.pcap,tcp_0,tcp,0,FTPS,nonVPN,FileTransfer,FTPS
nonVPN_FileTransfer_FTPS_none_3.pcap.TCP_131-202-240-87_6087_131-202-240-242_52873_stream_0.pcap,tcp_0,tcp,0,FTPS,nonVPN,FileTransfer,FTPS
nonVPN_FileTransfer_FTPS_none_3.pcap.TCP_131-202-240-87_6089_131-202-240-242_52875_stream_0.pcap,tcp_0,tcp,0,FTPS,nonVPN,FileTransfer,FTPS
nonVPN_FileTransfer_FTPS_none_3.pcap.TCP_131-202-240-87_6090_131-202-240-242_52876_stream_0.pcap,tcp_0,tcp,0,FTPS,nonVPN,FileTransfer,FTPS
nonVPN_FileTransfer_FTPS_none_3.pcap.TCP_131-202-240-87_6080_131-202-240-242_52867_stream_0.pcap,tcp_0,tcp,0,FTPS,nonVPN,FileTransfer,FTPS
nonVPN_FileTransfer_FTPS_none_3.pcap.TCP_131-202-240-87_6094_131-202-240-242_52880_stream_0.pcap,tcp_0,tcp,0,FTPS,nonVPN,FileTransfer,FTPS
nonVPN_FileTransfer_FTPS_none_3.pcap.TCP_131-202-240-87_6096_131-202-240-242_52882_stream_0.pcap,tcp_0,tcp,0,FTPS,nonVPN,FileTransfer,FTPS
nonVPN_FileTransfer_FTPS_none_3.pcap.TCP_131-202-240-87_6092_131-202-240-242_52878_stream_0.pcap,tcp_0,tcp,0,FTPS,nonVPN,FileTransfer,FTPS
nonVPN_FileTransfer_FTPS_none_3.pcap.TCP_131-202-240-87_6093_131-202-240-242_52879_stream_0.pcap,tcp_0,tcp,0,FTPS,nonVPN,FileTransfer,FTPS
nonVPN_FileTransfer_FTPS_none_3.pcap.TCP_131-202-240-87_6095_131-202-240-242_52881_stream_0.pcap,tcp_0,tcp,0,FTPS,nonVPN,FileTransfer,FTPS
nonVPN_FileTransfer_FTPS_none_3.pcap.TCP_131-202-240-87_6098_131-202-240-242_52884_stream_0.pcap,tcp_0,tcp,0,FTPS,nonVPN,FileTransfer,FTPS
nonVPN_FileTransfer_FTPS_none_3.pcap.TCP_131-202-240-87_6097_131-202-240-242_52883_stream_0.pcap,tcp_0,tcp,0,FTPS,nonVPN,FileTransfer,FTPS
nonVPN_FileTransfer_FTPS_none_3.pcap.TCP_131-202-240-87_6101_131-202-240-242_52887_stream_0.pcap,tcp_0,tcp,0,FTPS,nonVPN,FileTransfer,FTPS
nonVPN_FileTransfer_FTPS_none_3.pcap.TCP_131-202-240-87_6099_131-202-240-242_52885_stream_0.pcap,tcp_0,tcp,0,FTPS,nonVPN,FileTransfer,FTPS
nonVPN_FileTransfer_FTPS_none_3.pcap.TCP_131-202-240-87_6103_131-202-240-242_52889_stream_0.pcap,tcp_0,tcp,0,FTPS,nonVPN,FileTransfer,FTPS
nonVPN_FileTransfer_FTPS_none_3.pcap.TCP_131-202-240-87_6106_131-202-240-242_52893_stream_0.pcap,tcp_0,tcp,0,FTPS,nonVPN,FileTransfer,FTPS
nonVPN_FileTransfer_FTPS_none_3.pcap.TCP_131-202-240-87_6107_131-202-240-242_52894_stream_0.pcap,tcp_0,tcp,0,FTPS,nonVPN,FileTransfer,FTPS
nonVPN_FileTransfer_FTPS_none_3.pcap.TCP_131-202-240-87_6108_131-202-240-242_52895_stream_0.pcap,tcp_0,tcp,0,FTPS,nonVPN,FileTransfer,FTPS
nonVPN_FileTransfer_FTPS_none_3.pcap.TCP_131-202-240-87_6102_131-202-240-242_52888_stream_0.pcap,tcp_0,tcp,0,FTPS,nonVPN,FileTransfer,FTPS
nonVPN_FileTransfer_FTPS_none_3.pcap.TCP_131-202-240-87_6104_131-202-240-242_52891_stream_0.pcap,tcp_0,tcp,0,FTPS,nonVPN,FileTransfer,FTPS
nonVPN_FileTransfer_FTPS_none_2.pcap.TCP_131-202-240-87_4526_131-202-240-242_50620_stream_0.pcap,tcp_0,tcp,0,FTPS,nonVPN,FileTransfer,FTPS
nonVPN_FileTransfer_FTPS_none_3.pcap.TCP_131-202-240-87_6110_131-202-240-242_52897_stream_0.pcap,tcp_0,tcp,0,FTPS,nonVPN,FileTransfer,FTPS
nonVPN_FileTransfer_FTPS_none_3.pcap.TCP_131-202-240-87_6105_131-202-240-242_52892_stream_0.pcap,tcp_0,tcp,0,FTPS,nonVPN,FileTransfer,FTPS
nonVPN_FileTransfer_FTPS_none_1.pcap.TCP_131-202-240-87_4495_131-202-240-242_50602_stream_0.pcap,tcp_0,tcp,0,FTPS,nonVPN,FileTransfer,FTPS
nonVPN_FileTransfer_FTPS_none_3.pcap.TCP_131-202-240-87_6084_131-202-240-242_52871_stream_0.pcap,tcp_0,tcp,0,FTPS,nonVPN,FileTransfer,FTPS
nonVPN_FileTransfer_FTPS_none_4.pcap.TCP_131-202-240-87_6062_131-202-240-242_52849_stream_0.pcap,tcp_0,tcp,0,FTPS,nonVPN,FileTransfer,FTPS
nonVPN_FileTransfer_FTPS_none_4.pcap.TCP_131-202-240-87_6061_131-202-240-242_52848_stream_0.pcap,tcp_0,tcp,0,FTPS,nonVPN,FileTransfer,FTPS
nonVPN_FileTransfer_FTPS_none_4.pcap.TCP_131-202-240-87_6064_131-202-240-242_52851_stream_0.pcap,tcp_0,tcp,0,FTPS,nonVPN,FileTransfer,FTPS
nonVPN_FileTransfer_FTPS_none_4.pcap.TCP_131-202-240-87_6060_131-202-240-242_52847_stream_0.pcap,tcp_0,tcp,0,FTPS,nonVPN,FileTransfer,FTPS
nonVPN_FileTransfer_FTPS_none_4.pcap.TCP_131-202-240-87_6059_131-202-240-242_21_stream_0.pcap,tcp_0,tcp,0,FTPS,nonVPN,FileTransfer,FTPS
nonVPN_FileTransfer_FTPS_none_4.pcap.TCP_131-202-240-87_6063_131-202-240-242_52850_stream_0.pcap,tcp_0,tcp,0,FTPS,nonVPN,FileTransfer,FTPS
nonVPN_FileTransfer_FTPS_none_4.pcap.TCP_131-202-240-87_6065_131-202-240-242_52852_stream_0.pcap,tcp_0,tcp,0,FTPS,nonVPN,FileTransfer,FTPS
nonVPN_FileTransfer_FTPS_none_4.pcap.TCP_131-202-240-87_6071_131-202-240-242_52858_stream_0.pcap,tcp_0,tcp,0,FTPS,nonVPN,FileTransfer,FTPS
nonVPN_FileTransfer_FTPS_none_4.pcap.TCP_131-202-240-87_6067_131-202-240-242_52854_stream_0.pcap,tcp_0,tcp,0,FTPS,nonVPN,FileTransfer,FTPS
nonVPN_FileTransfer_FTPS_none_4.pcap.TCP_131-202-240-87_6069_131-202-240-242_52856_stream_0.pcap,tcp_0,tcp,0,FTPS,nonVPN,FileTransfer,FTPS
nonVPN_FileTransfer_FTPS_none_4.pcap.TCP_131-202-240-87_6066_131-202-240-242_52853_stream_0.pcap,tcp_0,tcp,0,FTPS,nonVPN,FileTransfer,FTPS
nonVPN_FileTransfer_FTPS_none_4.pcap.TCP_131-202-240-87_6074_131-202-240-242_52861_stream_0.pcap,tcp_0,tcp,0,FTPS,nonVPN,FileTransfer,FTPS
nonVPN_FileTransfer_FTPS_none_4.pcap.TCP_131-202-240-87_6076_131-202-240-242_52863_stream_0.pcap,tcp_0,tcp,0,FTPS,nonVPN,FileTransfer,FTPS
nonVPN_FileTransfer_FTPS_none_4.pcap.TCP_131-202-240-87_6070_131-202-240-242_52857_stream_0.pcap,tcp_0,tcp,0,FTPS,nonVPN,FileTransfer,FTPS
nonVPN_FileTransfer_FTPS_none_4.pcap.TCP_131-202-240-87_6075_131-202-240-242_52862_stream_0.pcap,tcp_0,tcp,0,FTPS,nonVPN,FileTransfer,FTPS
nonVPN_FileTransfer_FTPS_none_4.pcap.TCP_131-202-240-87_6079_131-202-240-242_52866_stream_0.pcap,tcp_0,tcp,0,FTPS,nonVPN,FileTransfer,FTPS
nonVPN_FileTransfer_FTPS_none_4.pcap.TCP_131-202-240-87_6077_131-202-240-242_52864_stream_0.pcap,tcp_0,tcp,0,FTPS,nonVPN,FileTransfer,FTPS
nonVPN_FileTransfer_FTPS_none_4.pcap.TCP_131-202-240-87_6073_131-202-240-242_52860_stream_0.pcap,tcp_0,tcp,0,FTPS,nonVPN,FileTransfer,FTPS
nonVPN_FileTransfer_FTPS_none_4.pcap.TCP_131-202-240-87_6078_131-202-240-242_52865_stream_0.pcap,tcp_0,tcp,0,FTPS,nonVPN,FileTransfer,FTPS
nonVPN_FileTransfer_FTPS_none_4.pcap.TCP_131-202-240-87_6068_131-202-240-242_52855_stream_0.pcap,tcp_0,tcp,0,FTPS,nonVPN,FileTransfer,FTPS
nonVPN_FileTransfer_FTPS_none_4.pcap.TCP_131-202-240-87_6081_131-202-240-242_52868_stream_0.pcap,tcp_0,tcp,0,FTPS,nonVPN,FileTransfer,FTPS
nonVPN_FileTransfer_FTPS_none_4.pcap.TCP_131-202-240-87_6089_131-202-240-242_52875_stream_0.pcap,tcp_0,tcp,0,FTPS,nonVPN,FileTransfer,FTPS
nonVPN_FileTransfer_FTPS_none_4.pcap.TCP_131-202-240-87_6088_131-202-240-242_52874_stream_0.pcap,tcp_0,tcp,0,FTPS,nonVPN,FileTransfer,FTPS
nonVPN_FileTransfer_FTPS_none_4.pcap.TCP_131-202-240-87_6086_131-202-240-242_21_stream_0.pcap,tcp_0,tcp,0,FTPS,nonVPN,FileTransfer,FTPS
nonVPN_FileTransfer_FTPS_none_4.pcap.TCP_131-202-240-87_6087_131-202-240-242_52873_stream_0.pcap,tcp_0,tcp,0,FTPS,nonVPN,FileTransfer,FTPS
nonVPN_FileTransfer_FTPS_none_4.pcap.TCP_131-202-240-87_6094_131-202-240-242_52880_stream_0.pcap,tcp_0,tcp,0,FTPS,nonVPN,FileTransfer,FTPS
nonVPN_FileTransfer_FTPS_none_4.pcap.TCP_131-202-240-87_6092_131-202-240-242_52878_stream_0.pcap,tcp_0,tcp,0,FTPS,nonVPN,FileTransfer,FTPS
nonVPN_FileTransfer_FTPS_none_4.pcap.TCP_131-202-240-87_6083_131-202-240-242_52870_stream_0.pcap,tcp_0,tcp,0,FTPS,nonVPN,FileTransfer,FTPS
nonVPN_FileTransfer_FTPS_none_4.pcap.TCP_131-202-240-87_6096_131-202-240-242_52882_stream_0.pcap,tcp_0,tcp,0,FTPS,nonVPN,FileTransfer,FTPS
nonVPN_FileTransfer_FTPS_none_4.pcap.TCP_131-202-240-87_6091_131-202-240-242_52877_stream_0.pcap,tcp_0,tcp,0,FTPS,nonVPN,FileTransfer,FTPS
nonVPN_FileTransfer_FTPS_none_4.pcap.TCP_131-202-240-87_6082_131-202-240-242_52869_stream_0.pcap,tcp_0,tcp,0,FTPS,nonVPN,FileTransfer,FTPS
nonVPN_FileTransfer_FTPS_none_4.pcap.TCP_131-202-240-87_6072_131-202-240-242_52859_stream_0.pcap,tcp_0,tcp,0,FTPS,nonVPN,FileTransfer,FTPS
nonVPN_FileTransfer_FTPS_none_4.pcap.TCP_131-202-240-87_6080_131-202-240-242_52867_stream_0.pcap,tcp_0,tcp,0,FTPS,nonVPN,FileTransfer,FTPS
nonVPN_FileTransfer_FTPS_none_4.pcap.TCP_131-202-240-87_6093_131-202-240-242_52879_stream_0.pcap,tcp_0,tcp,0,FTPS,nonVPN,FileTransfer,FTPS
nonVPN_FileTransfer_FTPS_none_4.pcap.TCP_131-202-240-87_6097_131-202-240-242_52883_stream_0.pcap,tcp_0,tcp,0,FTPS,nonVPN,FileTransfer,FTPS
nonVPN_FileTransfer_FTPS_none_4.pcap.TCP_131-202-240-87_6102_131-202-240-242_52888_stream_0.pcap,tcp_0,tcp,0,FTPS,nonVPN,FileTransfer,FTPS
nonVPN_FileTransfer_FTPS_none_4.pcap.TCP_131-202-240-87_6098_131-202-240-242_52884_stream_0.pcap,tcp_0,tcp,0,FTPS,nonVPN,FileTransfer,FTPS
nonVPN_FileTransfer_FTPS_none_4.pcap.TCP_131-202-240-87_6100_131-202-240-242_52886_stream_0.pcap,tcp_0,tcp,0,FTPS,nonVPN,FileTransfer,FTPS
nonVPN_FileTransfer_FTPS_none_4.pcap.TCP_131-202-240-87_6099_131-202-240-242_52885_stream_0.pcap,tcp_0,tcp,0,FTPS,nonVPN,FileTransfer,FTPS
nonVPN_FileTransfer_FTPS_none_4.pcap.TCP_131-202-240-87_6103_131-202-240-242_52889_stream_0.pcap,tcp_0,tcp,0,FTPS,nonVPN,FileTransfer,FTPS
nonVPN_FileTransfer_FTPS_none_4.pcap.TCP_131-202-240-87_6104_131-202-240-242_52891_stream_0.pcap,tcp_0,tcp,0,FTPS,nonVPN,FileTransfer,FTPS
nonVPN_FileTransfer_FTPS_none_4.pcap.TCP_131-202-6-26_13111_131-202-240-242_52872_stream_0.pcap,tcp_0,tcp,0,FTPS,nonVPN,FileTransfer,FTPS
nonVPN_FileTransfer_FTPS_none_4.pcap.TCP_131-202-240-87_6105_131-202-240-242_52892_stream_0.pcap,tcp_0,tcp,0,FTPS,nonVPN,FileTransfer,FTPS
nonVPN_FileTransfer_FTPS_none_4.pcap.TCP_131-202-6-26_13111_131-202-240-242_52890_stream_0.pcap,tcp_0,tcp,0,FTPS,nonVPN,FileTransfer,FTPS
nonVPN_FileTransfer_FTPS_none_4.pcap.TCP_131-202-240-87_6108_131-202-240-242_52895_stream_0.pcap,tcp_0,tcp,0,FTPS,nonVPN,FileTransfer,FTPS
nonVPN_FileTransfer_FTPS_none_4.pcap.TCP_131-202-240-87_6110_131-202-240-242_52897_stream_0.pcap,tcp_0,tcp,0,FTPS,nonVPN,FileTransfer,FTPS
nonVPN_FileTransfer_FTPS_none_4.pcap.TCP_131-202-240-87_6109_131-202-240-242_52896_stream_0.pcap,tcp_0,tcp,0,FTPS,nonVPN,FileTransfer,FTPS
nonVPN_FileTransfer_FTPS_none_4.pcap.UDP_77-72-169-132_11113_131-202-240-242_19414_stream_0.pcap,udp_0,udp,0,FTPS,nonVPN,FileTransfer,FTPS
nonVPN_FileTransfer_FTPS_none_2.pcap.TCP_131-202-240-87_4520_131-202-240-242_50619_stream_0.pcap,tcp_0,tcp,0,FTPS,nonVPN,FileTransfer,FTPS
nonVPN_FileTransfer_FTPS_none_4.pcap.TCP_131-202-240-87_6084_131-202-240-242_52871_stream_0.pcap,tcp_0,tcp,0,FTPS,nonVPN,FileTransfer,FTPS
nonVPN_FileTransfer_FTPS_none_2.pcap.TCP_131-202-240-87_4515_131-202-240-242_50618_stream_0.pcap,tcp_0,tcp,0,FTPS,nonVPN,FileTransfer,FTPS
nonVPN_FileTransfer_FTPS_none_2.pcap.TCP_131-202-240-87_4510_131-202-240-242_50613_stream_0.pcap,tcp_0,tcp,0,FTPS,nonVPN,FileTransfer,FTPS
nonVPN_FileTransfer_FTPS_none_2.pcap.TCP_131-202-240-87_4495_131-202-240-242_50602_stream_0.pcap,tcp_0,tcp,0,FTPS,nonVPN,FileTransfer,FTPS
nonVPN_FileTransfer_FTPS_none_1.pcap.TCP_131-202-240-87_4510_131-202-240-242_50613_stream_0.pcap,tcp_0,tcp,0,FTPS,nonVPN,FileTransfer,FTPS
VPN_FileTransfer_SFTP_none_1.pcap.TCP_10-8-8-138_49156_75-101-155-12_22_stream_0.pcap,tcp_0,tcp,0,SFTP,VPN,FileTransfer,SFTP
VPN_FileTransfer_SFTP_none_1.pcap.UDP_10-8-8-138_39162_74-125-226-38_443_stream_0.pcap,udp_0,udp,0,SFTP,VPN,FileTransfer,SFTP
VPN_FileTransfer_SFTP_none_1.pcap.UDP_10-8-8-138_51753_74-125-226-38_443_stream_0.pcap,udp_0,udp,0,SFTP,VPN,FileTransfer,SFTP
VPN_FileTransfer_SFTP_none_1.pcap.TCP_10-8-8-138_47126_75-101-155-12_22_stream_0.pcap,tcp_0,tcp,0,SFTP,VPN,FileTransfer,SFTP
VPN_FileTransfer_SFTP_none_2.pcap.UDP_10-8-8-138_54576_74-125-226-56_443_stream_0.pcap,udp_0,udp,0,SFTP,VPN,FileTransfer,SFTP
VPN_FileTransfer_SFTP_none_2.pcap.TCP_10-8-8-138_35968_75-101-155-12_22_stream_0.pcap,tcp_0,tcp,0,SFTP,VPN,FileTransfer,SFTP
VPN_FileTransfer_SFTP_none_1.pcap.TCP_10-8-8-138_43336_75-101-155-12_22_stream_0.pcap,tcp_0,tcp,0,SFTP,VPN,FileTransfer,SFTP
nonVPN_FileTransfer_SFTP_none_1.pcap.TCP_10-0-2-15_49928_131-202-240-150_35403_stream_0.pcap,tcp_0,tcp,0,SFTP,nonVPN,FileTransfer,SFTP
nonVPN_FileTransfer_SFTP_none_1.pcap.TCP_10-0-2-15_49927_131-202-240-150_21_stream_0.pcap,tcp_0,tcp,0,SFTP,nonVPN,FileTransfer,SFTP
nonVPN_FileTransfer_SFTP_none_1.pcap.TCP_10-0-2-15_49939_131-202-240-150_17205_stream_0.pcap,tcp_0,tcp,0,SFTP,nonVPN,FileTransfer,SFTP
nonVPN_FileTransfer_SFTP_none_1.pcap.TCP_10-0-2-15_49943_157-55-160-109_443_stream_0.pcap,tcp_0,tcp,0,SFTP,nonVPN,FileTransfer,SFTP
nonVPN_FileTransfer_SFTP_none_1.pcap.TCP_10-0-2-15_49931_131-202-240-150_33061_stream_0.pcap,tcp_0,tcp,0,SFTP,nonVPN,FileTransfer,SFTP
nonVPN_FileTransfer_SFTP_none_1.pcap.TCP_10-0-2-15_49930_131-202-240-150_28431_stream_0.pcap,tcp_0,tcp,0,SFTP,nonVPN,FileTransfer,SFTP
nonVPN_FileTransfer_SFTP_none_3.pcap.TCP_131-202-240-86_1457_131-202-240-150_22_stream_0.pcap,tcp_0,tcp,0,SFTP,nonVPN,FileTransfer,SFTP
nonVPN_FileTransfer_SFTP_none_3.pcap.TCP_131-202-240-86_1453_131-202-240-150_22_stream_0.pcap,tcp_0,tcp,0,SFTP,nonVPN,FileTransfer,SFTP
nonVPN_FileTransfer_SFTP_none_4.pcap.TCP_131-202-240-87_42130_131-202-240-242_22_stream_0.pcap,tcp_0,tcp,0,SFTP,nonVPN,FileTransfer,SFTP
nonVPN_FileTransfer_SFTP_none_4.pcap.TCP_131-202-240-87_42133_131-202-240-242_22_stream_0.pcap,tcp_0,tcp,0,SFTP,nonVPN,FileTransfer,SFTP
nonVPN_FileTransfer_SFTP_none_4.pcap.TCP_131-202-240-87_42131_131-202-240-242_22_stream_0.pcap,tcp_0,tcp,0,SFTP,nonVPN,FileTransfer,SFTP
nonVPN_FileTransfer_SFTP_none_4.pcap.TCP_131-202-240-87_42129_131-202-240-242_22_stream_0.pcap,tcp_0,tcp,0,SFTP,nonVPN,FileTransfer,SFTP
nonVPN_FileTransfer_SFTP_none_4.pcap.TCP_131-202-240-87_42135_131-202-240-242_22_stream_0.pcap,tcp_0,tcp,0,SFTP,nonVPN,FileTransfer,SFTP
nonVPN_FileTransfer_SFTP_none_4.pcap.TCP_131-202-240-87_42139_131-202-240-242_22_stream_0.pcap,tcp_0,tcp,0,SFTP,nonVPN,FileTransfer,SFTP
nonVPN_FileTransfer_SFTP_none_4.pcap.TCP_131-202-240-87_42137_131-202-240-242_22_stream_0.pcap,tcp_0,tcp,0,SFTP,nonVPN,FileTransfer,SFTP
nonVPN_FileTransfer_SFTP_none_4.pcap.TCP_131-202-240-87_42136_131-202-240-242_22_stream_0.pcap,tcp_0,tcp,0,SFTP,nonVPN,FileTransfer,SFTP
nonVPN_FileTransfer_SFTP_none_4.pcap.TCP_131-202-240-87_42134_131-202-240-242_22_stream_0.pcap,tcp_0,tcp,0,SFTP,nonVPN,FileTransfer,SFTP
nonVPN_FileTransfer_SFTP_none_4.pcap.TCP_131-202-240-87_42138_131-202-240-242_22_stream_0.pcap,tcp_0,tcp,0,SFTP,nonVPN,FileTransfer,SFTP
nonVPN_FileTransfer_SFTP_none_5.pcap.TCP_131-202-240-87_38036_131-202-240-242_22_stream_0.pcap,tcp_0,tcp,0,SFTP,nonVPN,FileTransfer,SFTP
nonVPN_FileTransfer_SFTP_none_4.pcap.TCP_131-202-240-87_42140_131-202-240-242_22_stream_0.pcap,tcp_0,tcp,0,SFTP,nonVPN,FileTransfer,SFTP
nonVPN_FileTransfer_SFTP_none_5.pcap.TCP_131-202-240-87_38034_131-202-240-242_22_stream_0.pcap,tcp_0,tcp,0,SFTP,nonVPN,FileTransfer,SFTP
nonVPN_FileTransfer_SFTP_none_5.pcap.TCP_131-202-240-87_38041_131-202-240-242_22_stream_0.pcap,tcp_0,tcp,0,SFTP,nonVPN,FileTransfer,SFTP
nonVPN_FileTransfer_SFTP_none_5.pcap.TCP_131-202-240-87_38040_131-202-240-242_22_stream_0.pcap,tcp_0,tcp,0,SFTP,nonVPN,FileTransfer,SFTP
nonVPN_FileTransfer_SFTP_none_5.pcap.TCP_131-202-240-87_38039_131-202-240-242_22_stream_0.pcap,tcp_0,tcp,0,SFTP,nonVPN,FileTransfer,SFTP
nonVPN_FileTransfer_SFTP_none_5.pcap.TCP_131-202-240-87_38043_131-202-240-242_22_stream_0.pcap,tcp_0,tcp,0,SFTP,nonVPN,FileTransfer,SFTP
nonVPN_FileTransfer_SFTP_none_5.pcap.TCP_131-202-240-87_38044_131-202-240-242_22_stream_0.pcap,tcp_0,tcp,0,SFTP,nonVPN,FileTransfer,SFTP
nonVPN_FileTransfer_SFTP_none_5.pcap.TCP_131-202-240-87_38046_131-202-240-242_22_stream_0.pcap,tcp_0,tcp,0,SFTP,nonVPN,FileTransfer,SFTP
nonVPN_FileTransfer_SFTP_none_5.pcap.TCP_131-202-240-87_38047_131-202-240-242_22_stream_0.pcap,tcp_0,tcp,0,SFTP,nonVPN,FileTransfer,SFTP
nonVPN_FileTransfer_SFTP_none_5.pcap.TCP_131-202-240-87_38048_131-202-240-242_22_stream_0.pcap,tcp_0,tcp,0,SFTP,nonVPN,FileTransfer,SFTP
nonVPN_FileTransfer_SFTP_none_5.pcap.TCP_131-202-240-87_38049_131-202-240-242_22_stream_0.pcap,tcp_0,tcp,0,SFTP,nonVPN,FileTransfer,SFTP
nonVPN_FileTransfer_SFTP_none_7.pcap.TCP_131-202-240-87_38036_131-202-240-242_22_stream_0.pcap,tcp_0,tcp,0,SFTP,nonVPN,FileTransfer,SFTP
nonVPN_FileTransfer_SFTP_none_7.pcap.TCP_131-202-240-87_38038_131-202-240-242_22_stream_0.pcap,tcp_0,tcp,0,SFTP,nonVPN,FileTransfer,SFTP
nonVPN_FileTransfer_SFTP_none_1.pcap.TCP_10-0-2-15_49936_131-202-240-150_39837_stream_0.pcap,tcp_0,tcp,0,SFTP,nonVPN,FileTransfer,SFTP
nonVPN_FileTransfer_SFTP_none_7.pcap.TCP_131-202-240-87_38046_131-202-240-242_22_stream_0.pcap,tcp_0,tcp,0,SFTP,nonVPN,FileTransfer,SFTP
nonVPN_FileTransfer_SFTP_none_7.pcap.TCP_131-202-240-87_38042_131-202-240-242_22_stream_0.pcap,tcp_0,tcp,0,SFTP,nonVPN,FileTransfer,SFTP
nonVPN_FileTransfer_SFTP_none_7.pcap.TCP_131-202-240-87_38044_131-202-240-242_22_stream_0.pcap,tcp_0,tcp,0,SFTP,nonVPN,FileTransfer,SFTP
nonVPN_FileTransfer_SFTP_none_7.pcap.TCP_131-202-240-87_38041_131-202-240-242_22_stream_0.pcap,tcp_0,tcp,0,SFTP,nonVPN,FileTransfer,SFTP
nonVPN_FileTransfer_SFTP_none_7.pcap.TCP_131-202-6-26_13111_131-202-240-87_38035_stream_0.pcap,tcp_0,tcp,0,SFTP,nonVPN,FileTransfer,SFTP
nonVPN_FileTransfer_SFTP_none_7.pcap.TCP_131-202-240-87_38049_131-202-240-242_22_stream_0.pcap,tcp_0,tcp,0,SFTP,nonVPN,FileTransfer,SFTP
nonVPN_FileTransfer_SFTP_none_7.pcap.TCP_131-202-6-26_13111_131-202-240-87_38037_stream_0.pcap,tcp_0,tcp,0,SFTP,nonVPN,FileTransfer,SFTP
nonVPN_FileTransfer_SFTP_none_7.pcap.TCP_131-202-240-87_38047_131-202-240-242_22_stream_0.pcap,tcp_0,tcp,0,SFTP,nonVPN,FileTransfer,SFTP
nonVPN_FileTransfer_SFTP_none_7.pcap.TCP_131-202-240-87_38048_131-202-240-242_22_stream_0.pcap,tcp_0,tcp,0,SFTP,nonVPN,FileTransfer,SFTP
nonVPN_FileTransfer_SFTP_none_8.pcap.TCP_131-202-240-87_42129_131-202-240-242_22_stream_0.pcap,tcp_0,tcp,0,SFTP,nonVPN,FileTransfer,SFTP
nonVPN_FileTransfer_SFTP_none_8.pcap.TCP_131-202-240-87_42130_131-202-240-242_22_stream_0.pcap,tcp_0,tcp,0,SFTP,nonVPN,FileTransfer,SFTP
nonVPN_FileTransfer_SFTP_none_8.pcap.TCP_131-202-240-87_42133_131-202-240-242_22_stream_0.pcap,tcp_0,tcp,0,SFTP,nonVPN,FileTransfer,SFTP
nonVPN_FileTransfer_SFTP_none_8.pcap.TCP_131-202-240-87_42134_131-202-240-242_22_stream_0.pcap,tcp_0,tcp,0,SFTP,nonVPN,FileTransfer,SFTP
nonVPN_FileTransfer_SFTP_none_8.pcap.TCP_131-202-240-87_42139_131-202-240-242_22_stream_0.pcap,tcp_0,tcp,0,SFTP,nonVPN,FileTransfer,SFTP
nonVPN_FileTransfer_SFTP_none_8.pcap.TCP_131-202-240-87_42135_131-202-240-242_22_stream_0.pcap,tcp_0,tcp,0,SFTP,nonVPN,FileTransfer,SFTP
nonVPN_FileTransfer_SFTP_none_8.pcap.TCP_131-202-240-87_42138_131-202-240-242_22_stream_0.pcap,tcp_0,tcp,0,SFTP,nonVPN,FileTransfer,SFTP
nonVPN_FileTransfer_SFTP_none_8.pcap.TCP_131-202-240-87_42136_131-202-240-242_22_stream_0.pcap,tcp_0,tcp,0,SFTP,nonVPN,FileTransfer,SFTP
nonVPN_FileTransfer_SFTP_none_8.pcap.TCP_131-202-240-87_42137_131-202-240-242_22_stream_0.pcap,tcp_0,tcp,0,SFTP,nonVPN,FileTransfer,SFTP
nonVPN_FileTransfer_SFTP_none_8.pcap.TCP_131-202-6-26_13111_131-202-240-242_50032_stream_0.pcap,tcp_0,tcp,0,SFTP,nonVPN,FileTransfer,SFTP
nonVPN_FileTransfer_SFTP_none_8.pcap.TCP_131-202-6-26_13111_131-202-240-242_50031_stream_0.pcap,tcp_0,tcp,0,SFTP,nonVPN,FileTransfer,SFTP
nonVPN_FileTransfer_SFTP_none_8.pcap.TCP_131-202-240-87_42140_131-202-240-242_22_stream_0.pcap,tcp_0,tcp,0,SFTP,nonVPN,FileTransfer,SFTP
nonVPN_FileTransfer_SFTP_none_8.pcap.UDP_77-72-169-130_11113_131-202-240-242_15647_stream_0.pcap,udp_0,udp,0,SFTP,nonVPN,FileTransfer,SFTP
nonVPN_FileTransfer_SFTP_none_1.pcap.TCP_10-0-2-15_49929_131-202-240-150_21209_stream_0.pcap,tcp_0,tcp,0,SFTP,nonVPN,FileTransfer,SFTP
VPN_P2P_BitTorrent_none_1.pcap.TCP_10-8-8-130_33819_207-241-227-212_80_stream_0.pcap,tcp_0,tcp,0,BitTorrent,VPN,P2P,BitTorrent
VPN_P2P_BitTorrent_none_1.pcap.TCP_10-8-8-130_33820_207-241-227-212_80_stream_0.pcap,tcp_0,tcp,0,BitTorrent,VPN,P2P,BitTorrent
VPN_P2P_BitTorrent_none_1.pcap.TCP_10-8-8-130_33817_207-241-227-212_80_stream_0.pcap,tcp_0,tcp,0,BitTorrent,VPN,P2P,BitTorrent
VPN_P2P_BitTorrent_none_1.pcap.TCP_10-8-8-130_33803_207-241-227-212_80_stream_0.pcap,tcp_0,tcp,0,BitTorrent,VPN,P2P,BitTorrent
VPN_P2P_BitTorrent_none_1.pcap.TCP_10-8-8-130_33781_207-241-227-212_80_stream_0.pcap,tcp_0,tcp,0,BitTorrent,VPN,P2P,BitTorrent
VPN_P2P_BitTorrent_none_1.pcap.TCP_10-8-8-130_33813_207-241-227-212_80_stream_0.pcap,tcp_0,tcp,0,BitTorrent,VPN,P2P,BitTorrent
VPN_P2P_BitTorrent_none_1.pcap.TCP_10-8-8-130_33833_207-241-227-212_80_stream_0.pcap,tcp_0,tcp,0,BitTorrent,VPN,P2P,BitTorrent
VPN_P2P_BitTorrent_none_1.pcap.TCP_10-8-8-130_33822_207-241-227-212_80_stream_0.pcap,tcp_0,tcp,0,BitTorrent,VPN,P2P,BitTorrent
VPN_P2P_BitTorrent_none_1.pcap.TCP_10-8-8-130_33800_207-241-227-212_80_stream_0.pcap,tcp_0,tcp,0,BitTorrent,VPN,P2P,BitTorrent
VPN_P2P_BitTorrent_none_1.pcap.TCP_10-8-8-130_33851_207-241-227-212_80_stream_0.pcap,tcp_0,tcp,0,BitTorrent,VPN,P2P,BitTorrent
VPN_P2P_BitTorrent_none_1.pcap.TCP_10-8-8-130_33843_207-241-227-212_80_stream_0.pcap,tcp_0,tcp,0,BitTorrent,VPN,P2P,BitTorrent
VPN_P2P_BitTorrent_none_1.pcap.TCP_10-8-8-130_33858_207-241-227-212_80_stream_0.pcap,tcp_0,tcp,0,BitTorrent,VPN,P2P,BitTorrent
VPN_P2P_BitTorrent_none_1.pcap.TCP_10-8-8-130_33859_207-241-227-212_80_stream_0.pcap,tcp_0,tcp,0,BitTorrent,VPN,P2P,BitTorrent
VPN_P2P_BitTorrent_none_1.pcap.TCP_10-8-8-130_33836_207-241-227-212_80_stream_0.pcap,tcp_0,tcp,0,BitTorrent,VPN,P2P,BitTorrent
VPN_P2P_BitTorrent_none_1.pcap.TCP_10-8-8-130_33844_207-241-227-212_80_stream_0.pcap,tcp_0,tcp,0,BitTorrent,VPN,P2P,BitTorrent
VPN_P2P_BitTorrent_none_1.pcap.TCP_10-8-8-130_33838_207-241-227-212_80_stream_0.pcap,tcp_0,tcp,0,BitTorrent,VPN,P2P,BitTorrent
VPN_P2P_BitTorrent_none_1.pcap.TCP_10-8-8-130_33818_207-241-227-212_80_stream_0.pcap,tcp_0,tcp,0,BitTorrent,VPN,P2P,BitTorrent
VPN_P2P_BitTorrent_none_1.pcap.TCP_10-8-8-130_33814_207-241-227-212_80_stream_0.pcap,tcp_0,tcp,0,BitTorrent,VPN,P2P,BitTorrent
VPN_P2P_BitTorrent_none_1.pcap.TCP_10-8-8-130_33782_207-241-227-212_80_stream_0.pcap,tcp_0,tcp,0,BitTorrent,VPN,P2P,BitTorrent
VPN_P2P_BitTorrent_none_1.pcap.TCP_10-8-8-130_33864_207-241-227-212_80_stream_0.pcap,tcp_0,tcp,0,BitTorrent,VPN,P2P,BitTorrent
VPN_P2P_BitTorrent_none_1.pcap.TCP_10-8-8-130_33868_207-241-227-212_80_stream_0.pcap,tcp_0,tcp,0,BitTorrent,VPN,P2P,BitTorrent
VPN_P2P_BitTorrent_none_1.pcap.TCP_10-8-8-130_33861_207-241-227-212_80_stream_0.pcap,tcp_0,tcp,0,BitTorrent,VPN,P2P,BitTorrent
VPN_P2P_BitTorrent_none_1.pcap.TCP_10-8-8-130_33875_207-241-227-212_80_stream_0.pcap,tcp_0,tcp,0,BitTorrent,VPN,P2P,BitTorrent
VPN_P2P_BitTorrent_none_1.pcap.TCP_10-8-8-130_43474_207-241-236-176_80_stream_0.pcap,tcp_0,tcp,0,BitTorrent,VPN,P2P,BitTorrent
VPN_P2P_BitTorrent_none_1.pcap.TCP_10-8-8-130_33866_207-241-227-212_80_stream_0.pcap,tcp_0,tcp,0,BitTorrent,VPN,P2P,BitTorrent
VPN_P2P_BitTorrent_none_1.pcap.TCP_10-8-8-130_43464_207-241-236-176_80_stream_0.pcap,tcp_0,tcp,0,BitTorrent,VPN,P2P,BitTorrent
VPN_P2P_BitTorrent_none_1.pcap.TCP_10-8-8-130_43476_207-241-236-176_80_stream_0.pcap,tcp_0,tcp,0,BitTorrent,VPN,P2P,BitTorrent
VPN_P2P_BitTorrent_none_1.pcap.TCP_10-8-8-130_43475_207-241-236-176_80_stream_0.pcap,tcp_0,tcp,0,BitTorrent,VPN,P2P,BitTorrent
VPN_P2P_BitTorrent_none_1.pcap.TCP_10-8-8-130_43463_207-241-236-176_80_stream_0.pcap,tcp_0,tcp,0,BitTorrent,VPN,P2P,BitTorrent
VPN_P2P_BitTorrent_none_1.pcap.TCP_10-8-8-130_43465_207-241-236-176_80_stream_0.pcap,tcp_0,tcp,0,BitTorrent,VPN,P2P,BitTorrent
VPN_P2P_BitTorrent_none_1.pcap.TCP_10-8-8-130_33880_207-241-227-212_80_stream_0.pcap,tcp_0,tcp,0,BitTorrent,VPN,P2P,BitTorrent
VPN_P2P_BitTorrent_none_1.pcap.TCP_10-8-8-130_33877_207-241-227-212_80_stream_0.pcap,tcp_0,tcp,0,BitTorrent,VPN,P2P,BitTorrent
VPN_P2P_BitTorrent_none_1.pcap.TCP_10-8-8-130_43473_207-241-236-176_80_stream_0.pcap,tcp_0,tcp,0,BitTorrent,VPN,P2P,BitTorrent
VPN_P2P_BitTorrent_none_1.pcap.TCP_10-8-8-130_33876_207-241-227-212_80_stream_0.pcap,tcp_0,tcp,0,BitTorrent,VPN,P2P,BitTorrent
VPN_P2P_BitTorrent_none_1.pcap.TCP_10-8-8-130_43483_207-241-236-176_80_stream_0.pcap,tcp_0,tcp,0,BitTorrent,VPN,P2P,BitTorrent
VPN_P2P_BitTorrent_none_1.pcap.TCP_10-8-8-130_43489_207-241-236-176_80_stream_0.pcap,tcp_0,tcp,0,BitTorrent,VPN,P2P,BitTorrent
VPN_P2P_BitTorrent_none_1.pcap.TCP_10-8-8-130_43484_207-241-236-176_80_stream_0.pcap,tcp_0,tcp,0,BitTorrent,VPN,P2P,BitTorrent
VPN_P2P_BitTorrent_none_1.pcap.TCP_10-8-8-130_43490_207-241-236-176_80_stream_0.pcap,tcp_0,tcp,0,BitTorrent,VPN,P2P,BitTorrent
VPN_P2P_BitTorrent_none_1.pcap.TCP_10-8-8-130_43493_207-241-236-176_80_stream_0.pcap,tcp_0,tcp,0,BitTorrent,VPN,P2P,BitTorrent
VPN_P2P_BitTorrent_none_1.pcap.TCP_10-8-8-130_43499_207-241-236-176_80_stream_0.pcap,tcp_0,tcp,0,BitTorrent,VPN,P2P,BitTorrent
VPN_P2P_BitTorrent_none_1.pcap.TCP_10-8-8-130_43502_207-241-236-176_80_stream_0.pcap,tcp_0,tcp,0,BitTorrent,VPN,P2P,BitTorrent
VPN_P2P_BitTorrent_none_1.pcap.TCP_10-8-8-130_43512_207-241-236-176_80_stream_0.pcap,tcp_0,tcp,0,BitTorrent,VPN,P2P,BitTorrent
VPN_P2P_BitTorrent_none_1.pcap.TCP_10-8-8-130_43518_207-241-236-176_80_stream_0.pcap,tcp_0,tcp,0,BitTorrent,VPN,P2P,BitTorrent
VPN_P2P_BitTorrent_none_1.pcap.TCP_10-8-8-130_43517_207-241-236-176_80_stream_0.pcap,tcp_0,tcp,0,BitTorrent,VPN,P2P,BitTorrent
VPN_P2P_BitTorrent_none_1.pcap.TCP_10-8-8-130_43462_207-241-236-176_80_stream_0.pcap,tcp_0,tcp,0,BitTorrent,VPN,P2P,BitTorrent
VPN_P2P_BitTorrent_none_1.pcap.TCP_10-8-8-130_43503_207-241-236-176_80_stream_0.pcap,tcp_0,tcp,0,BitTorrent,VPN,P2P,BitTorrent
VPN_P2P_BitTorrent_none_1.pcap.TCP_10-8-8-130_43494_207-241-236-176_80_stream_0.pcap,tcp_0,tcp,0,BitTorrent,VPN,P2P,BitTorrent
VPN_P2P_BitTorrent_none_1.pcap.TCP_10-8-8-130_43519_207-241-236-176_80_stream_0.pcap,tcp_0,tcp,0,BitTorrent,VPN,P2P,BitTorrent
VPN_P2P_BitTorrent_none_1.pcap.TCP_10-8-8-130_43520_207-241-236-176_80_stream_0.pcap,tcp_0,tcp,0,BitTorrent,VPN,P2P,BitTorrent
VPN_P2P_BitTorrent_none_1.pcap.TCP_10-8-8-130_43526_207-241-236-176_80_stream_0.pcap,tcp_0,tcp,0,BitTorrent,VPN,P2P,BitTorrent
VPN_P2P_BitTorrent_none_1.pcap.TCP_10-8-8-130_43528_207-241-236-176_80_stream_0.pcap,tcp_0,tcp,0,BitTorrent,VPN,P2P,BitTorrent
VPN_P2P_BitTorrent_none_1.pcap.TCP_10-8-8-130_43532_207-241-236-176_80_stream_0.pcap,tcp_0,tcp,0,BitTorrent,VPN,P2P,BitTorrent
VPN_P2P_BitTorrent_none_1.pcap.TCP_10-8-8-130_43515_207-241-236-176_80_stream_0.pcap,tcp_0,tcp,0,BitTorrent,VPN,P2P,BitTorrent
VPN_P2P_BitTorrent_none_1.pcap.TCP_10-8-8-130_43545_207-241-236-176_80_stream_0.pcap,tcp_0,tcp,0,BitTorrent,VPN,P2P,BitTorrent
VPN_P2P_BitTorrent_none_1.pcap.TCP_10-8-8-130_43534_207-241-236-176_80_stream_0.pcap,tcp_0,tcp,0,BitTorrent,VPN,P2P,BitTorrent
VPN_P2P_BitTorrent_none_1.pcap.TCP_10-8-8-130_43543_207-241-236-176_80_stream_0.pcap,tcp_0,tcp,0,BitTorrent,VPN,P2P,BitTorrent
VPN_P2P_BitTorrent_none_1.pcap.TCP_10-8-8-130_43549_207-241-236-176_80_stream_0.pcap,tcp_0,tcp,0,BitTorrent,VPN,P2P,BitTorrent
VPN_P2P_BitTorrent_none_1.pcap.TCP_10-8-8-130_43540_207-241-236-176_80_stream_0.pcap,tcp_0,tcp,0,BitTorrent,VPN,P2P,BitTorrent
VPN_P2P_BitTorrent_none_1.pcap.TCP_10-8-8-130_43556_207-241-236-176_80_stream_0.pcap,tcp_0,tcp,0,BitTorrent,VPN,P2P,BitTorrent
VPN_P2P_BitTorrent_none_1.pcap.TCP_10-8-8-130_43548_207-241-236-176_80_stream_0.pcap,tcp_0,tcp,0,BitTorrent,VPN,P2P,BitTorrent
VPN_P2P_BitTorrent_none_1.pcap.TCP_10-8-8-130_43557_207-241-236-176_80_stream_0.pcap,tcp_0,tcp,0,BitTorrent,VPN,P2P,BitTorrent
VPN_P2P_BitTorrent_none_1.pcap.TCP_10-8-8-130_43552_207-241-236-176_80_stream_0.pcap,tcp_0,tcp,0,BitTorrent,VPN,P2P,BitTorrent
VPN_P2P_BitTorrent_none_1.pcap.TCP_10-8-8-130_47682_207-241-237-128_80_stream_0.pcap,tcp_0,tcp,0,BitTorrent,VPN,P2P,BitTorrent
VPN_P2P_BitTorrent_none_1.pcap.TCP_10-8-8-130_43559_207-241-236-176_80_stream_0.pcap,tcp_0,tcp,0,BitTorrent,VPN,P2P,BitTorrent
VPN_P2P_BitTorrent_none_1.pcap.TCP_10-8-8-130_47683_207-241-237-128_80_stream_0.pcap,tcp_0,tcp,0,BitTorrent,VPN,P2P,BitTorrent
VPN_P2P_BitTorrent_none_1.pcap.TCP_10-8-8-130_47685_207-241-237-128_80_stream_0.pcap,tcp_0,tcp,0,BitTorrent,VPN,P2P,BitTorrent
VPN_P2P_BitTorrent_none_1.pcap.TCP_10-8-8-130_47684_207-241-237-128_80_stream_0.pcap,tcp_0,tcp,0,BitTorrent,VPN,P2P,BitTorrent
VPN_P2P_BitTorrent_none_1.pcap.TCP_10-8-8-130_43541_207-241-236-176_80_stream_0.pcap,tcp_0,tcp,0,BitTorrent,VPN,P2P,BitTorrent
VPN_P2P_BitTorrent_none_1.pcap.TCP_10-8-8-130_47688_207-241-237-128_80_stream_0.pcap,tcp_0,tcp,0,BitTorrent,VPN,P2P,BitTorrent
VPN_P2P_BitTorrent_none_1.pcap.TCP_10-8-8-130_47689_207-241-237-128_80_stream_0.pcap,tcp_0,tcp,0,BitTorrent,VPN,P2P,BitTorrent
VPN_P2P_BitTorrent_none_1.pcap.TCP_10-8-8-130_47710_207-241-237-128_80_stream_0.pcap,tcp_0,tcp,0,BitTorrent,VPN,P2P,BitTorrent
VPN_P2P_BitTorrent_none_1.pcap.TCP_10-8-8-130_47752_207-241-237-128_80_stream_0.pcap,tcp_0,tcp,0,BitTorrent,VPN,P2P,BitTorrent
VPN_P2P_BitTorrent_none_1.pcap.TCP_10-8-8-130_47711_207-241-237-128_80_stream_0.pcap,tcp_0,tcp,0,BitTorrent,VPN,P2P,BitTorrent
VPN_P2P_BitTorrent_none_1.pcap.TCP_10-8-8-130_47734_207-241-237-128_80_stream_0.pcap,tcp_0,tcp,0,BitTorrent,VPN,P2P,BitTorrent
VPN_P2P_BitTorrent_none_1.pcap.TCP_10-8-8-130_47733_207-241-237-128_80_stream_0.pcap,tcp_0,tcp,0,BitTorrent,VPN,P2P,BitTorrent
VPN_P2P_BitTorrent_none_1.pcap.TCP_10-8-8-130_47692_207-241-237-128_80_stream_0.pcap,tcp_0,tcp,0,BitTorrent,VPN,P2P,BitTorrent
VPN_P2P_BitTorrent_none_1.pcap.TCP_10-8-8-130_47763_207-241-237-128_80_stream_0.pcap,tcp_0,tcp,0,BitTorrent,VPN,P2P,BitTorrent
VPN_P2P_BitTorrent_none_1.pcap.TCP_10-8-8-130_47765_207-241-237-128_80_stream_0.pcap,tcp_0,tcp,0,BitTorrent,VPN,P2P,BitTorrent
VPN_P2P_BitTorrent_none_1.pcap.TCP_10-8-8-130_47774_207-241-237-128_80_stream_0.pcap,tcp_0,tcp,0,BitTorrent,VPN,P2P,BitTorrent
VPN_P2P_BitTorrent_none_1.pcap.TCP_10-8-8-130_47785_207-241-237-128_80_stream_0.pcap,tcp_0,tcp,0,BitTorrent,VPN,P2P,BitTorrent
VPN_P2P_BitTorrent_none_1.pcap.TCP_10-8-8-130_48971_207-241-226-111_6969_stream_0.pcap,tcp_0,tcp,0,BitTorrent,VPN,P2P,BitTorrent
VPN_P2P_BitTorrent_none_1.pcap.TCP_10-8-8-130_48935_207-241-226-111_6969_stream_0.pcap,tcp_0,tcp,0,BitTorrent,VPN,P2P,BitTorrent
VPN_P2P_BitTorrent_none_1.pcap.TCP_10-8-8-130_47792_207-241-237-128_80_stream_0.pcap,tcp_0,tcp,0,BitTorrent,VPN,P2P,BitTorrent
VPN_P2P_BitTorrent_none_1.pcap.TCP_10-8-8-130_47783_207-241-237-128_80_stream_0.pcap,tcp_0,tcp,0,BitTorrent,VPN,P2P,BitTorrent
VPN_P2P_BitTorrent_none_1.pcap.TCP_10-8-8-130_49088_207-241-226-111_6969_stream_0.pcap,tcp_0,tcp,0,BitTorrent,VPN,P2P,BitTorrent
VPN_P2P_BitTorrent_none_1.pcap.TCP_10-8-8-130_49114_207-241-226-111_6969_stream_0.pcap,tcp_0,tcp,0,BitTorrent,VPN,P2P,BitTorrent
VPN_P2P_BitTorrent_none_1.pcap.TCP_10-8-8-130_49039_207-241-226-111_6969_stream_0.pcap,tcp_0,tcp,0,BitTorrent,VPN,P2P,BitTorrent
VPN_P2P_BitTorrent_none_1.pcap.TCP_10-8-8-130_49065_207-241-226-111_6969_stream_0.pcap,tcp_0,tcp,0,BitTorrent,VPN,P2P,BitTorrent
VPN_P2P_BitTorrent_none_1.pcap.TCP_10-8-8-130_47786_207-241-237-128_80_stream_0.pcap,tcp_0,tcp,0,BitTorrent,VPN,P2P,BitTorrent
VPN_P2P_BitTorrent_none_1.pcap.TCP_10-8-8-130_47794_207-241-237-128_80_stream_0.pcap,tcp_0,tcp,0,BitTorrent,VPN,P2P,BitTorrent
VPN_P2P_BitTorrent_none_1.pcap.TCP_10-8-8-130_49151_207-241-226-111_6969_stream_0.pcap,tcp_0,tcp,0,BitTorrent,VPN,P2P,BitTorrent
VPN_P2P_BitTorrent_none_1.pcap.TCP_10-8-8-130_49152_207-241-226-111_6969_stream_0.pcap,tcp_0,tcp,0,BitTorrent,VPN,P2P,BitTorrent
VPN_P2P_BitTorrent_none_1.pcap.TCP_10-8-8-130_49154_207-241-226-111_6969_stream_0.pcap,tcp_0,tcp,0,BitTorrent,VPN,P2P,BitTorrent
VPN_P2P_BitTorrent_none_1.pcap.TCP_10-8-8-130_51278_207-241-224-2_443_stream_0.pcap,tcp_0,tcp,0,BitTorrent,VPN,P2P,BitTorrent
VPN_P2P_BitTorrent_none_1.pcap.TCP_10-8-8-130_51280_207-241-224-2_443_stream_0.pcap,tcp_0,tcp,0,BitTorrent,VPN,P2P,BitTorrent
VPN_P2P_BitTorrent_none_1.pcap.TCP_10-8-8-130_51279_207-241-224-2_443_stream_0.pcap,tcp_0,tcp,0,BitTorrent,VPN,P2P,BitTorrent
VPN_P2P_BitTorrent_none_1.pcap.TCP_10-8-8-130_51281_207-241-224-2_443_stream_0.pcap,tcp_0,tcp,0,BitTorrent,VPN,P2P,BitTorrent
VPN_P2P_BitTorrent_none_1.pcap.TCP_10-8-8-130_51299_207-241-224-2_443_stream_0.pcap,tcp_0,tcp,0,BitTorrent,VPN,P2P,BitTorrent
VPN_P2P_BitTorrent_none_1.pcap.TCP_10-8-8-130_51300_207-241-224-2_443_stream_0.pcap,tcp_0,tcp,0,BitTorrent,VPN,P2P,BitTorrent
VPN_P2P_BitTorrent_none_1.pcap.TCP_10-8-8-130_51298_207-241-224-2_443_stream_0.pcap,tcp_0,tcp,0,BitTorrent,VPN,P2P,BitTorrent
VPN_P2P_BitTorrent_none_1.pcap.TCP_10-8-8-130_51302_207-241-224-2_443_stream_0.pcap,tcp_0,tcp,0,BitTorrent,VPN,P2P,BitTorrent
VPN_P2P_BitTorrent_none_1.pcap.TCP_10-8-8-130_52071_207-241-227-82_80_stream_0.pcap,tcp_0,tcp,0,BitTorrent,VPN,P2P,BitTorrent
VPN_P2P_BitTorrent_none_1.pcap.TCP_10-8-8-130_52070_207-241-227-82_80_stream_0.pcap,tcp_0,tcp,0,BitTorrent,VPN,P2P,BitTorrent
VPN_P2P_BitTorrent_none_1.pcap.TCP_10-8-8-130_55782_207-241-224-2_80_stream_0.pcap,tcp_0,tcp,0,BitTorrent,VPN,P2P,BitTorrent
VPN_P2P_BitTorrent_none_1.pcap.TCP_10-8-8-130_55781_207-241-224-2_80_stream_0.pcap,tcp_0,tcp,0,BitTorrent,VPN,P2P,BitTorrent
VPN_P2P_BitTorrent_none_1.pcap.TCP_10-8-8-130_55779_207-241-224-2_80_stream_0.pcap,tcp_0,tcp,0,BitTorrent,VPN,P2P,BitTorrent
VPN_P2P_BitTorrent_none_1.pcap.TCP_10-8-8-130_55780_207-241-224-2_80_stream_0.pcap,tcp_0,tcp,0,BitTorrent,VPN,P2P,BitTorrent
VPN_P2P_BitTorrent_none_1.pcap.TCP_10-8-8-130_55783_207-241-224-2_80_stream_0.pcap,tcp_0,tcp,0,BitTorrent,VPN,P2P,BitTorrent
VPN_P2P_BitTorrent_none_1.pcap.TCP_10-8-8-130_52072_207-241-227-82_80_stream_0.pcap,tcp_0,tcp,0,BitTorrent,VPN,P2P,BitTorrent
VPN_P2P_BitTorrent_none_1.pcap.TCP_10-8-8-130_52088_207-241-227-82_80_stream_0.pcap,tcp_0,tcp,0,BitTorrent,VPN,P2P,BitTorrent
VPN_P2P_BitTorrent_none_1.pcap.TCP_10-8-8-130_52099_207-241-227-82_80_stream_0.pcap,tcp_0,tcp,0,BitTorrent,VPN,P2P,BitTorrent
VPN_P2P_BitTorrent_none_1.pcap.TCP_10-8-8-130_52096_207-241-227-82_80_stream_0.pcap,tcp_0,tcp,0,BitTorrent,VPN,P2P,BitTorrent
VPN_P2P_BitTorrent_none_1.pcap.TCP_10-8-8-130_52082_207-241-227-82_80_stream_0.pcap,tcp_0,tcp,0,BitTorrent,VPN,P2P,BitTorrent
VPN_P2P_BitTorrent_none_1.pcap.TCP_10-8-8-130_55793_207-241-224-2_80_stream_0.pcap,tcp_0,tcp,0,BitTorrent,VPN,P2P,BitTorrent
VPN_P2P_BitTorrent_none_1.pcap.TCP_10-8-8-130_55790_207-241-224-2_80_stream_0.pcap,tcp_0,tcp,0,BitTorrent,VPN,P2P,BitTorrent
VPN_P2P_BitTorrent_none_1.pcap.TCP_10-8-8-130_55821_207-241-224-2_80_stream_0.pcap,tcp_0,tcp,0,BitTorrent,VPN,P2P,BitTorrent
VPN_P2P_BitTorrent_none_1.pcap.TCP_10-8-8-130_55917_207-241-224-2_80_stream_0.pcap,tcp_0,tcp,0,BitTorrent,VPN,P2P,BitTorrent
VPN_P2P_BitTorrent_none_1.pcap.TCP_10-8-8-130_55915_207-241-224-2_80_stream_0.pcap,tcp_0,tcp,0,BitTorrent,VPN,P2P,BitTorrent
VPN_P2P_BitTorrent_none_1.pcap.TCP_10-8-8-130_52100_207-241-227-82_80_stream_0.pcap,tcp_0,tcp,0,BitTorrent,VPN,P2P,BitTorrent
VPN_P2P_BitTorrent_none_1.pcap.TCP_10-8-8-130_55938_207-241-224-2_80_stream_0.pcap,tcp_0,tcp,0,BitTorrent,VPN,P2P,BitTorrent
VPN_P2P_BitTorrent_none_1.pcap.TCP_10-8-8-130_55970_207-241-224-2_80_stream_0.pcap,tcp_0,tcp,0,BitTorrent,VPN,P2P,BitTorrent
VPN_P2P_BitTorrent_none_1.pcap.TCP_10-8-8-130_56809_207-241-239-206_6969_stream_0.pcap,tcp_0,tcp,0,BitTorrent,VPN,P2P,BitTorrent
VPN_P2P_BitTorrent_none_1.pcap.TCP_10-8-8-130_56860_207-241-239-206_6969_stream_0.pcap,tcp_0,tcp,0,BitTorrent,VPN,P2P,BitTorrent
VPN_P2P_BitTorrent_none_1.pcap.TCP_10-8-8-130_56937_207-241-239-206_6969_stream_0.pcap,tcp_0,tcp,0,BitTorrent,VPN,P2P,BitTorrent
VPN_P2P_BitTorrent_none_1.pcap.TCP_10-8-8-130_57005_207-241-239-206_6969_stream_0.pcap,tcp_0,tcp,0,BitTorrent,VPN,P2P,BitTorrent
VPN_P2P_BitTorrent_none_1.pcap.TCP_10-8-8-130_56986_207-241-239-206_6969_stream_0.pcap,tcp_0,tcp,0,BitTorrent,VPN,P2P,BitTorrent
VPN_P2P_BitTorrent_none_1.pcap.TCP_10-8-8-130_57022_207-241-239-206_6969_stream_0.pcap,tcp_0,tcp,0,BitTorrent,VPN,P2P,BitTorrent
VPN_P2P_BitTorrent_none_1.pcap.TCP_10-8-8-130_57023_207-241-239-206_6969_stream_0.pcap,tcp_0,tcp,0,BitTorrent,VPN,P2P,BitTorrent
VPN_P2P_BitTorrent_none_1.pcap.TCP_10-8-8-130_59047_207-241-227-188_80_stream_0.pcap,tcp_0,tcp,0,BitTorrent,VPN,P2P,BitTorrent
VPN_P2P_BitTorrent_none_1.pcap.TCP_10-8-8-130_59037_207-241-227-188_80_stream_0.pcap,tcp_0,tcp,0,BitTorrent,VPN,P2P,BitTorrent
VPN_P2P_BitTorrent_none_1.pcap.TCP_10-8-8-130_59050_207-241-227-188_80_stream_0.pcap,tcp_0,tcp,0,BitTorrent,VPN,P2P,BitTorrent
VPN_P2P_BitTorrent_none_1.pcap.TCP_10-8-8-130_59035_207-241-227-188_80_stream_0.pcap,tcp_0,tcp,0,BitTorrent,VPN,P2P,BitTorrent
VPN_P2P_BitTorrent_none_1.pcap.TCP_10-8-8-130_59088_207-241-227-188_80_stream_0.pcap,tcp_0,tcp,0,BitTorrent,VPN,P2P,BitTorrent
VPN_P2P_BitTorrent_none_1.pcap.TCP_10-8-8-130_59101_207-241-227-188_80_stream_0.pcap,tcp_0,tcp,0,BitTorrent,VPN,P2P,BitTorrent
VPN_P2P_BitTorrent_none_1.pcap.TCP_10-8-8-130_59089_207-241-227-188_80_stream_0.pcap,tcp_0,tcp,0,BitTorrent,VPN,P2P,BitTorrent
VPN_P2P_BitTorrent_none_1.pcap.TCP_10-8-8-130_59062_207-241-227-188_80_stream_0.pcap,tcp_0,tcp,0,BitTorrent,VPN,P2P,BitTorrent
VPN_P2P_BitTorrent_none_1.pcap.TCP_10-8-8-130_59097_207-241-227-188_80_stream_0.pcap,tcp_0,tcp,0,BitTorrent,VPN,P2P,BitTorrent
VPN_P2P_BitTorrent_none_1.pcap.TCP_10-8-8-130_59134_207-241-227-188_80_stream_0.pcap,tcp_0,tcp,0,BitTorrent,VPN,P2P,BitTorrent
VPN_P2P_BitTorrent_none_1.pcap.TCP_10-8-8-130_59125_207-241-227-188_80_stream_0.pcap,tcp_0,tcp,0,BitTorrent,VPN,P2P,BitTorrent
VPN_P2P_BitTorrent_none_1.pcap.TCP_10-8-8-130_59708_207-241-228-122_80_stream_0.pcap,tcp_0,tcp,0,BitTorrent,VPN,P2P,BitTorrent
VPN_P2P_BitTorrent_none_1.pcap.TCP_10-8-8-130_59145_207-241-227-188_80_stream_0.pcap,tcp_0,tcp,0,BitTorrent,VPN,P2P,BitTorrent
VPN_P2P_BitTorrent_none_1.pcap.TCP_10-8-8-130_59121_207-241-227-188_80_stream_0.pcap,tcp_0,tcp,0,BitTorrent,VPN,P2P,BitTorrent
VPN_P2P_BitTorrent_none_1.pcap.TCP_10-8-8-130_59048_207-241-227-188_80_stream_0.pcap,tcp_0,tcp,0,BitTorrent,VPN,P2P,BitTorrent
VPN_P2P_BitTorrent_none_1.pcap.TCP_10-8-8-130_59060_207-241-227-188_80_stream_0.pcap,tcp_0,tcp,0,BitTorrent,VPN,P2P,BitTorrent
VPN_P2P_BitTorrent_none_1.pcap.TCP_10-8-8-130_59711_207-241-228-122_80_stream_0.pcap,tcp_0,tcp,0,BitTorrent,VPN,P2P,BitTorrent
VPN_P2P_BitTorrent_none_1.pcap.TCP_10-8-8-130_59712_207-241-228-122_80_stream_0.pcap,tcp_0,tcp,0,BitTorrent,VPN,P2P,BitTorrent
VPN_P2P_BitTorrent_none_1.pcap.TCP_10-8-8-130_59139_207-241-227-188_80_stream_0.pcap,tcp_0,tcp,0,BitTorrent,VPN,P2P,BitTorrent
VPN_P2P_BitTorrent_none_1.pcap.TCP_10-8-8-130_59144_207-241-227-188_80_stream_0.pcap,tcp_0,tcp,0,BitTorrent,VPN,P2P,BitTorrent
VPN_P2P_BitTorrent_none_1.pcap.TCP_10-8-8-130_59066_207-241-227-188_80_stream_0.pcap,tcp_0,tcp,0,BitTorrent,VPN,P2P,BitTorrent
VPN_P2P_BitTorrent_none_1.pcap.TCP_10-8-8-130_59715_207-241-228-122_80_stream_0.pcap,tcp_0,tcp,0,BitTorrent,VPN,P2P,BitTorrent
VPN_P2P_BitTorrent_none_1.pcap.TCP_10-8-8-130_59727_207-241-228-122_80_stream_0.pcap,tcp_0,tcp,0,BitTorrent,VPN,P2P,BitTorrent
VPN_P2P_BitTorrent_none_1.pcap.TCP_10-8-8-130_59731_207-241-228-122_80_stream_0.pcap,tcp_0,tcp,0,BitTorrent,VPN,P2P,BitTorrent
VPN_P2P_BitTorrent_none_1.pcap.TCP_10-8-8-130_59736_207-241-228-122_80_stream_0.pcap,tcp_0,tcp,0,BitTorrent,VPN,P2P,BitTorrent
VPN_P2P_BitTorrent_none_1.pcap.TCP_10-8-8-130_59738_207-241-228-122_80_stream_0.pcap,tcp_0,tcp,0,BitTorrent,VPN,P2P,BitTorrent
VPN_P2P_BitTorrent_none_1.pcap.TCP_10-8-8-130_59739_207-241-228-122_80_stream_0.pcap,tcp_0,tcp,0,BitTorrent,VPN,P2P,BitTorrent
VPN_P2P_BitTorrent_none_1.pcap.TCP_10-8-8-130_59714_207-241-228-122_80_stream_0.pcap,tcp_0,tcp,0,BitTorrent,VPN,P2P,BitTorrent
VPN_P2P_BitTorrent_none_1.pcap.TCP_10-8-8-130_59756_207-241-228-122_80_stream_0.pcap,tcp_0,tcp,0,BitTorrent,VPN,P2P,BitTorrent
VPN_P2P_BitTorrent_none_1.pcap.UDP_10-8-8-129_5351_10-8-8-130_57405_stream_0.pcap,udp_0,udp,0,BitTorrent,VPN,P2P,BitTorrent
VPN_P2P_BitTorrent_none_1.pcap.TCP_10-8-8-130_59760_207-241-228-122_80_stream_0.pcap,tcp_0,tcp,0,BitTorrent,VPN,P2P,BitTorrent
VPN_P2P_BitTorrent_none_1.pcap.TCP_10-8-8-130_59748_207-241-228-122_80_stream_0.pcap,tcp_0,tcp,0,BitTorrent,VPN,P2P,BitTorrent
VPN_P2P_BitTorrent_none_1.pcap.TCP_10-8-8-130_59737_207-241-228-122_80_stream_0.pcap,tcp_0,tcp,0,BitTorrent,VPN,P2P,BitTorrent
VPN_P2P_BitTorrent_none_1.pcap.TCP_10-8-8-130_59743_207-241-228-122_80_stream_0.pcap,tcp_0,tcp,0,BitTorrent,VPN,P2P,BitTorrent
VPN_P2P_BitTorrent_none_1.pcap.TCP_10-8-8-130_59759_207-241-228-122_80_stream_0.pcap,tcp_0,tcp,0,BitTorrent,VPN,P2P,BitTorrent
VPN_P2P_BitTorrent_none_1.pcap.TCP_10-8-8-130_59740_207-241-228-122_80_stream_0.pcap,tcp_0,tcp,0,BitTorrent,VPN,P2P,BitTorrent
VPN_P2P_BitTorrent_none_1.pcap.TCP_10-8-8-130_59732_207-241-228-122_80_stream_0.pcap,tcp_0,tcp,0,BitTorrent,VPN,P2P,BitTorrent
VPN_P2P_BitTorrent_none_1.pcap.UDP_10-8-8-130_51413_108-0-130-54_54622_stream_0.pcap,udp_0,udp,0,BitTorrent,VPN,P2P,BitTorrent
VPN_P2P_BitTorrent_none_1.pcap.UDP_10-8-8-130_51413_109-229-245-76_40753_stream_0.pcap,udp_0,udp,0,BitTorrent,VPN,P2P,BitTorrent
VPN_P2P_BitTorrent_none_1.pcap.UDP_10-8-8-130_51413_108-61-68-143_62237_stream_0.pcap,udp_0,udp,0,BitTorrent,VPN,P2P,BitTorrent
VPN_P2P_BitTorrent_none_1.pcap.UDP_10-8-8-130_51413_110-168-232-198_48319_stream_0.pcap,udp_0,udp,0,BitTorrent,VPN,P2P,BitTorrent
VPN_P2P_BitTorrent_none_1.pcap.UDP_10-8-8-130_51413_110-76-124-85_22319_stream_0.pcap,udp_0,udp,0,BitTorrent,VPN,P2P,BitTorrent
VPN_P2P_BitTorrent_none_1.pcap.UDP_10-8-8-130_51413_114-202-9-182_42682_stream_0.pcap,udp_0,udp,0,BitTorrent,VPN,P2P,BitTorrent
VPN_P2P_BitTorrent_none_1.pcap.UDP_10-8-8-130_51413_114-46-178-223_7271_stream_0.pcap,udp_0,udp,0,BitTorrent,VPN,P2P,BitTorrent
VPN_P2P_BitTorrent_none_1.pcap.UDP_10-8-8-130_51413_115-64-226-69_7881_stream_0.pcap,udp_0,udp,0,BitTorrent,VPN,P2P,BitTorrent
VPN_P2P_BitTorrent_none_1.pcap.UDP_10-8-8-130_51413_116-122-187-233_33215_stream_0.pcap,udp_0,udp,0,BitTorrent,VPN,P2P,BitTorrent
VPN_P2P_BitTorrent_none_1.pcap.UDP_10-8-8-130_51413_116-14-171-4_6881_stream_0.pcap,udp_0,udp,0,BitTorrent,VPN,P2P,BitTorrent
VPN_P2P_BitTorrent_none_1.pcap.UDP_10-8-8-130_51413_117-203-33-115_56540_stream_0.pcap,udp_0,udp,0,BitTorrent,VPN,P2P,BitTorrent
VPN_P2P_BitTorrent_none_1.pcap.UDP_10-8-8-130_51413_119-53-46-28_6881_stream_0.pcap,udp_0,udp,0,BitTorrent,VPN,P2P,BitTorrent
VPN_P2P_BitTorrent_none_1.pcap.UDP_10-8-8-130_51413_121-143-160-25_21696_stream_0.pcap,udp_0,udp,0,BitTorrent,VPN,P2P,BitTorrent
VPN_P2P_BitTorrent_none_1.pcap.UDP_10-8-8-130_51413_121-181-186-143_12097_stream_0.pcap,udp_0,udp,0,BitTorrent,VPN,P2P,BitTorrent
VPN_P2P_BitTorrent_none_1.pcap.UDP_10-8-8-130_51413_121-190-221-170_54413_stream_0.pcap,udp_0,udp,0,BitTorrent,VPN,P2P,BitTorrent
VPN_P2P_BitTorrent_none_1.pcap.UDP_10-8-8-130_51413_122-173-123-16_6881_stream_0.pcap,udp_0,udp,0,BitTorrent,VPN,P2P,BitTorrent
VPN_P2P_BitTorrent_none_1.pcap.UDP_10-8-8-130_51413_122-149-196-85_34839_stream_0.pcap,udp_0,udp,0,BitTorrent,VPN,P2P,BitTorrent
VPN_P2P_BitTorrent_none_1.pcap.UDP_10-8-8-130_51413_128-73-85-77_40880_stream_0.pcap,udp_0,udp,0,BitTorrent,VPN,P2P,BitTorrent
VPN_P2P_BitTorrent_none_1.pcap.UDP_10-8-8-130_51413_135-23-225-201_51413_stream_0.pcap,udp_0,udp,0,BitTorrent,VPN,P2P,BitTorrent
VPN_P2P_BitTorrent_none_1.pcap.UDP_10-8-8-130_51413_142-165-133-217_49698_stream_0.pcap,udp_0,udp,0,BitTorrent,VPN,P2P,BitTorrent
VPN_P2P_BitTorrent_none_1.pcap.UDP_10-8-8-130_51413_175-154-79-92_6881_stream_0.pcap,udp_0,udp,0,BitTorrent,VPN,P2P,BitTorrent
VPN_P2P_BitTorrent_none_1.pcap.UDP_10-8-8-130_51413_176-14-246-0_35691_stream_0.pcap,udp_0,udp,0,BitTorrent,VPN,P2P,BitTorrent
VPN_P2P_BitTorrent_none_1.pcap.UDP_10-8-8-130_51413_176-63-102-150_55041_stream_0.pcap,udp_0,udp,0,BitTorrent,VPN,P2P,BitTorrent
VPN_P2P_BitTorrent_none_1.pcap.UDP_10-8-8-130_51413_177-133-138-21_50206_stream_0.pcap,udp_0,udp,0,BitTorrent,VPN,P2P,BitTorrent
VPN_P2P_BitTorrent_none_1.pcap.UDP_10-8-8-130_51413_177-32-19-111_33619_stream_0.pcap,udp_0,udp,0,BitTorrent,VPN,P2P,BitTorrent
VPN_P2P_BitTorrent_none_1.pcap.UDP_10-8-8-130_51413_177-71-76-254_40097_stream_0.pcap,udp_0,udp,0,BitTorrent,VPN,P2P,BitTorrent
VPN_P2P_BitTorrent_none_1.pcap.UDP_10-8-8-130_51413_178-121-152-91_39799_stream_0.pcap,udp_0,udp,0,BitTorrent,VPN,P2P,BitTorrent
VPN_P2P_BitTorrent_none_1.pcap.UDP_10-8-8-130_51413_178-164-137-127_28299_stream_0.pcap,udp_0,udp,0,BitTorrent,VPN,P2P,BitTorrent
VPN_P2P_BitTorrent_none_1.pcap.UDP_10-8-8-130_51413_178-124-189-62_24928_stream_0.pcap,udp_0,udp,0,BitTorrent,VPN,P2P,BitTorrent
VPN_P2P_BitTorrent_none_1.pcap.UDP_10-8-8-130_51413_181-43-85-213_44488_stream_0.pcap,udp_0,udp,0,BitTorrent,VPN,P2P,BitTorrent
VPN_P2P_BitTorrent_none_1.pcap.UDP_10-8-8-130_51413_182-211-104-136_54312_stream_0.pcap,udp_0,udp,0,BitTorrent,VPN,P2P,BitTorrent
VPN_P2P_BitTorrent_none_1.pcap.UDP_10-8-8-130_51413_185-87-145-25_49001_stream_0.pcap,udp_0,udp,0,BitTorrent,VPN,P2P,BitTorrent
VPN_P2P_BitTorrent_none_1.pcap.UDP_10-8-8-130_51413_184-99-72-237_6881_stream_0.pcap,udp_0,udp,0,BitTorrent,VPN,P2P,BitTorrent
VPN_P2P_BitTorrent_none_1.pcap.UDP_10-8-8-130_51413_186-137-116-108_34370_stream_0.pcap,udp_0,udp,0,BitTorrent,VPN,P2P,BitTorrent
VPN_P2P_BitTorrent_none_1.pcap.UDP_10-8-8-130_51413_188-163-79-127_58367_stream_0.pcap,udp_0,udp,0,BitTorrent,VPN,P2P,BitTorrent
VPN_P2P_BitTorrent_none_1.pcap.UDP_10-8-8-130_51413_188-163-83-43_36965_stream_0.pcap,udp_0,udp,0,BitTorrent,VPN,P2P,BitTorrent
VPN_P2P_BitTorrent_none_1.pcap.UDP_10-8-8-130_51413_195-154-146-149_7654_stream_0.pcap,udp_0,udp,0,BitTorrent,VPN,P2P,BitTorrent
VPN_P2P_BitTorrent_none_1.pcap.UDP_10-8-8-130_51413_189-124-16-250_64528_stream_0.pcap,udp_0,udp,0,BitTorrent,VPN,P2P,BitTorrent
VPN_P2P_BitTorrent_none_1.pcap.UDP_10-8-8-130_51413_195-240-141-169_11067_stream_0.pcap,udp_0,udp,0,BitTorrent,VPN,P2P,BitTorrent
VPN_P2P_BitTorrent_none_1.pcap.UDP_10-8-8-130_51413_198-245-61-44_9097_stream_0.pcap,udp_0,udp,0,BitTorrent,VPN,P2P,BitTorrent
VPN_P2P_BitTorrent_none_1.pcap.UDP_10-8-8-130_51413_196-219-246-209_11291_stream_0.pcap,udp_0,udp,0,BitTorrent,VPN,P2P,BitTorrent
VPN_P2P_BitTorrent_none_1.pcap.UDP_10-8-8-130_51413_212-129-33-50_6881_stream_0.pcap,udp_0,udp,0,BitTorrent,VPN,P2P,BitTorrent
VPN_P2P_BitTorrent_none_1.pcap.UDP_10-8-8-130_51413_212-85-82-244_43092_stream_0.pcap,udp_0,udp,0,BitTorrent,VPN,P2P,BitTorrent
VPN_P2P_BitTorrent_none_1.pcap.UDP_10-8-8-130_51413_24-224-192-73_53533_stream_0.pcap,udp_0,udp,0,BitTorrent,VPN,P2P,BitTorrent
VPN_P2P_BitTorrent_none_1.pcap.UDP_10-8-8-130_51413_222-160-229-8_9101_stream_0.pcap,udp_0,udp,0,BitTorrent,VPN,P2P,BitTorrent
VPN_P2P_BitTorrent_none_1.pcap.UDP_10-8-8-130_51413_36-235-251-42_6881_stream_0.pcap,udp_0,udp,0,BitTorrent,VPN,P2P,BitTorrent
VPN_P2P_BitTorrent_none_1.pcap.UDP_10-8-8-130_51413_41-83-80-131_27002_stream_0.pcap,udp_0,udp,0,BitTorrent,VPN,P2P,BitTorrent
VPN_P2P_BitTorrent_none_1.pcap.UDP_10-8-8-130_51413_45-79-106-62_6881_stream_0.pcap,udp_0,udp,0,BitTorrent,VPN,P2P,BitTorrent
VPN_P2P_BitTorrent_none_1.pcap.UDP_10-8-8-130_51413_45-36-133-141_48075_stream_0.pcap,udp_0,udp,0,BitTorrent,VPN,P2P,BitTorrent
VPN_P2P_BitTorrent_none_1.pcap.UDP_10-8-8-130_51413_46-191-176-129_6881_stream_0.pcap,udp_0,udp,0,BitTorrent,VPN,P2P,BitTorrent
VPN_P2P_BitTorrent_none_1.pcap.UDP_10-8-8-130_51413_62-210-236-115_57789_stream_0.pcap,udp_0,udp,0,BitTorrent,VPN,P2P,BitTorrent
VPN_P2P_BitTorrent_none_1.pcap.UDP_10-8-8-130_51413_46-191-187-169_51218_stream_0.pcap,udp_0,udp,0,BitTorrent,VPN,P2P,BitTorrent
VPN_P2P_BitTorrent_none_1.pcap.UDP_10-8-8-130_51413_65-92-163-247_59590_stream_0.pcap,udp_0,udp,0,BitTorrent,VPN,P2P,BitTorrent
VPN_P2P_BitTorrent_none_1.pcap.UDP_10-8-8-130_51413_68-116-5-134_16174_stream_0.pcap,udp_0,udp,0,BitTorrent,VPN,P2P,BitTorrent
VPN_P2P_BitTorrent_none_1.pcap.UDP_10-8-8-130_51413_67-215-246-10_6881_stream_0.pcap,udp_0,udp,0,BitTorrent,VPN,P2P,BitTorrent
VPN_P2P_BitTorrent_none_1.pcap.UDP_10-8-8-130_51413_67-186-207-92_50321_stream_0.pcap,udp_0,udp,0,BitTorrent,VPN,P2P,BitTorrent
VPN_P2P_BitTorrent_none_1.pcap.UDP_10-8-8-130_51413_68-116-5-134_19240_stream_0.pcap,udp_0,udp,0,BitTorrent,VPN,P2P,BitTorrent
VPN_P2P_BitTorrent_none_1.pcap.UDP_10-8-8-130_51413_62-210-93-118_7654_stream_0.pcap,udp_0,udp,0,BitTorrent,VPN,P2P,BitTorrent
VPN_P2P_BitTorrent_none_1.pcap.UDP_10-8-8-130_51413_70-127-180-169_1034_stream_0.pcap,udp_0,udp,0,BitTorrent,VPN,P2P,BitTorrent
VPN_P2P_BitTorrent_none_1.pcap.UDP_10-8-8-130_51413_68-116-5-134_29408_stream_0.pcap,udp_0,udp,0,BitTorrent,VPN,P2P,BitTorrent
VPN_P2P_BitTorrent_none_1.pcap.UDP_10-8-8-130_51413_71-244-132-186_51303_stream_0.pcap,udp_0,udp,0,BitTorrent,VPN,P2P,BitTorrent
VPN_P2P_BitTorrent_none_1.pcap.UDP_10-8-8-130_51413_72-207-233-40_58539_stream_0.pcap,udp_0,udp,0,BitTorrent,VPN,P2P,BitTorrent
VPN_P2P_BitTorrent_none_1.pcap.UDP_10-8-8-130_51413_72-185-177-174_35452_stream_0.pcap,udp_0,udp,0,BitTorrent,VPN,P2P,BitTorrent
VPN_P2P_BitTorrent_none_1.pcap.UDP_10-8-8-130_51413_74-78-243-180_15971_stream_0.pcap,udp_0,udp,0,BitTorrent,VPN,P2P,BitTorrent
VPN_P2P_BitTorrent_none_1.pcap.UDP_10-8-8-130_51413_75-42-15-92_16827_stream_0.pcap,udp_0,udp,0,BitTorrent,VPN,P2P,BitTorrent
VPN_P2P_BitTorrent_none_1.pcap.UDP_10-8-8-130_51413_77-28-9-139_49277_stream_0.pcap,udp_0,udp,0,BitTorrent,VPN,P2P,BitTorrent
VPN_P2P_BitTorrent_none_1.pcap.UDP_10-8-8-130_51413_79-111-13-217_47452_stream_0.pcap,udp_0,udp,0,BitTorrent,VPN,P2P,BitTorrent
VPN_P2P_BitTorrent_none_1.pcap.UDP_10-8-8-130_51413_79-38-157-56_53500_stream_0.pcap,udp_0,udp,0,BitTorrent,VPN,P2P,BitTorrent
VPN_P2P_BitTorrent_none_1.pcap.UDP_10-8-8-130_51413_79-176-117-151_29540_stream_0.pcap,udp_0,udp,0,BitTorrent,VPN,P2P,BitTorrent
VPN_P2P_BitTorrent_none_1.pcap.UDP_10-8-8-130_51413_80-178-206-195_6889_stream_0.pcap,udp_0,udp,0,BitTorrent,VPN,P2P,BitTorrent
VPN_P2P_BitTorrent_none_1.pcap.UDP_10-8-8-130_51413_80-197-118-21_63273_stream_0.pcap,udp_0,udp,0,BitTorrent,VPN,P2P,BitTorrent
VPN_P2P_BitTorrent_none_1.pcap.UDP_10-8-8-130_51413_80-98-143-168_33704_stream_0.pcap,udp_0,udp,0,BitTorrent,VPN,P2P,BitTorrent
VPN_P2P_BitTorrent_none_1.pcap.UDP_10-8-8-130_51413_81-226-28-195_27570_stream_0.pcap,udp_0,udp,0,BitTorrent,VPN,P2P,BitTorrent
VPN_P2P_BitTorrent_none_1.pcap.UDP_10-8-8-130_51413_81-23-187-211_10062_stream_0.pcap,udp_0,udp,0,BitTorrent,VPN,P2P,BitTorrent
VPN_P2P_BitTorrent_none_1.pcap.UDP_10-8-8-130_51413_82-44-39-1_37549_stream_0.pcap,udp_0,udp,0,BitTorrent,VPN,P2P,BitTorrent
VPN_P2P_BitTorrent_none_1.pcap.UDP_10-8-8-130_51413_84-29-113-247_9089_stream_0.pcap,udp_0,udp,0,BitTorrent,VPN,P2P,BitTorrent
VPN_P2P_BitTorrent_none_1.pcap.UDP_10-8-8-130_51413_82-221-103-244_6881_stream_0.pcap,udp_0,udp,0,BitTorrent,VPN,P2P,BitTorrent
VPN_P2P_BitTorrent_none_1.pcap.UDP_10-8-8-130_51413_86-201-229-57_6881_stream_0.pcap,udp_0,udp,0,BitTorrent,VPN,P2P,BitTorrent
VPN_P2P_BitTorrent_none_1.pcap.UDP_10-8-8-130_51413_86-104-103-4_63082_stream_0.pcap,udp_0,udp,0,BitTorrent,VPN,P2P,BitTorrent
VPN_P2P_BitTorrent_none_1.pcap.UDP_10-8-8-130_51413_85-202-28-80_48319_stream_0.pcap,udp_0,udp,0,BitTorrent,VPN,P2P,BitTorrent
VPN_P2P_BitTorrent_none_1.pcap.UDP_10-8-8-130_51413_86-74-27-109_40767_stream_0.pcap,udp_0,udp,0,BitTorrent,VPN,P2P,BitTorrent
VPN_P2P_BitTorrent_none_1.pcap.UDP_10-8-8-130_51413_87-67-124-88_50697_stream_0.pcap,udp_0,udp,0,BitTorrent,VPN,P2P,BitTorrent
VPN_P2P_BitTorrent_none_1.pcap.UDP_10-8-8-130_51413_86-60-222-35_6881_stream_0.pcap,udp_0,udp,0,BitTorrent,VPN,P2P,BitTorrent
VPN_P2P_BitTorrent_none_1.pcap.UDP_10-8-8-130_51413_85-230-176-179_51351_stream_0.pcap,udp_0,udp,0,BitTorrent,VPN,P2P,BitTorrent
VPN_P2P_BitTorrent_none_1.pcap.UDP_10-8-8-130_51413_88-88-199-128_16910_stream_0.pcap,udp_0,udp,0,BitTorrent,VPN,P2P,BitTorrent
VPN_P2P_BitTorrent_none_1.pcap.UDP_10-8-8-130_51413_91-121-183-146_48117_stream_0.pcap,udp_0,udp,0,BitTorrent,VPN,P2P,BitTorrent
VPN_P2P_BitTorrent_none_1.pcap.UDP_10-8-8-130_51413_91-121-198-25_51413_stream_0.pcap,udp_0,udp,0,BitTorrent,VPN,P2P,BitTorrent
VPN_P2P_BitTorrent_none_1.pcap.UDP_10-8-8-130_51413_91-121-59-153_6881_stream_0.pcap,udp_0,udp,0,BitTorrent,VPN,P2P,BitTorrent
VPN_P2P_BitTorrent_none_1.pcap.UDP_10-8-8-130_51413_91-181-206-57_6881_stream_0.pcap,udp_0,udp,0,BitTorrent,VPN,P2P,BitTorrent
VPN_P2P_BitTorrent_none_1.pcap.UDP_10-8-8-130_51413_93-80-87-228_40881_stream_0.pcap,udp_0,udp,0,BitTorrent,VPN,P2P,BitTorrent
VPN_P2P_BitTorrent_none_1.pcap.UDP_10-8-8-130_51413_94-28-188-85_6881_stream_0.pcap,udp_0,udp,0,BitTorrent,VPN,P2P,BitTorrent
VPN_P2P_BitTorrent_none_1.pcap.UDP_10-8-8-130_51413_95-211-168-89_6881_stream_0.pcap,udp_0,udp,0,BitTorrent,VPN,P2P,BitTorrent
VPN_P2P_BitTorrent_none_1.pcap.UDP_10-8-8-130_51413_95-211-100-159_6881_stream_0.pcap,udp_0,udp,0,BitTorrent,VPN,P2P,BitTorrent
VPN_P2P_BitTorrent_none_1.pcap.UDP_10-8-8-130_51413_95-211-174-140_6881_stream_0.pcap,udp_0,udp,0,BitTorrent,VPN,P2P,BitTorrent
VPN_P2P_BitTorrent_none_1.pcap.UDP_10-8-8-130_51413_95-58-79-92_6881_stream_0.pcap,udp_0,udp,0,BitTorrent,VPN,P2P,BitTorrent
VPN_P2P_BitTorrent_none_1.pcap.UDP_10-8-8-130_51413_95-83-188-88_39721_stream_0.pcap,udp_0,udp,0,BitTorrent,VPN,P2P,BitTorrent
VPN_P2P_BitTorrent_none_1.pcap.UDP_10-8-8-130_51413_95-83-188-88_55506_stream_0.pcap,udp_0,udp,0,BitTorrent,VPN,P2P,BitTorrent
VPN_P2P_BitTorrent_none_1.pcap.UDP_10-8-8-130_51413_96-21-228-188_51790_stream_0.pcap,udp_0,udp,0,BitTorrent,VPN,P2P,BitTorrent
VPN_P2P_BitTorrent_none_1.pcap.UDP_2-222-178-223_53589_10-8-8-130_51413_stream_0.pcap,udp_0,udp,0,BitTorrent,VPN,P2P,BitTorrent
VPN_P2P_BitTorrent_none_1.pcap.UDP_2-135-130-83_6881_10-8-8-130_51413_stream_0.pcap,udp_0,udp,0,BitTorrent,VPN,P2P,BitTorrent
VPN_P2P_BitTorrent_none_1.pcap.UDP_2-28-165-124_13887_10-8-8-130_51413_stream_0.pcap,udp_0,udp,0,BitTorrent,VPN,P2P,BitTorrent
VPN_P2P_BitTorrent_none_1.pcap.UDP_5-248-128-50_49001_10-8-8-130_51413_stream_0.pcap,udp_0,udp,0,BitTorrent,VPN,P2P,BitTorrent
VPN_P2P_BitTorrent_none_1.pcap.UDP_5-165-40-169_43477_10-8-8-130_51413_stream_0.pcap,udp_0,udp,0,BitTorrent,VPN,P2P,BitTorrent
VPN_Streaming_Netflix_none_1.pcap.TCP_10-8-8-138_35936_107-22-243-234_443_stream_0.pcap,tcp_0,tcp,0,Netflix,VPN,Streaming,Netflix
VPN_Streaming_Netflix_none_1.pcap.TCP_10-8-8-138_40633_108-160-172-204_443_stream_0.pcap,tcp_0,tcp,0,Netflix,VPN,Streaming,Netflix
VPN_Streaming_Netflix_none_1.pcap.TCP_10-8-8-138_42086_54-243-70-179_443_stream_0.pcap,tcp_0,tcp,0,Netflix,VPN,Streaming,Netflix
VPN_Streaming_Netflix_none_1.pcap.TCP_10-8-8-138_42711_173-223-153-85_80_stream_0.pcap,tcp_0,tcp,0,Netflix,VPN,Streaming,Netflix
VPN_Streaming_Netflix_none_1.pcap.TCP_10-8-8-138_43537_185-2-220-137_80_stream_0.pcap,tcp_0,tcp,0,Netflix,VPN,Streaming,Netflix
VPN_Streaming_Netflix_none_1.pcap.TCP_10-8-8-138_43534_185-2-220-137_80_stream_0.pcap,tcp_0,tcp,0,Netflix,VPN,Streaming,Netflix
VPN_Streaming_Netflix_none_1.pcap.TCP_10-8-8-138_43536_185-2-220-137_80_stream_0.pcap,tcp_0,tcp,0,Netflix,VPN,Streaming,Netflix
VPN_Streaming_Netflix_none_1.pcap.TCP_10-8-8-138_46959_23-21-207-234_443_stream_0.pcap,tcp_0,tcp,0,Netflix,VPN,Streaming,Netflix
VPN_Streaming_Netflix_none_1.pcap.TCP_10-8-8-138_46958_23-21-207-234_443_stream_0.pcap,tcp_0,tcp,0,Netflix,VPN,Streaming,Netflix
VPN_Streaming_Netflix_none_1.pcap.TCP_10-8-8-138_44660_54-243-90-245_443_stream_0.pcap,tcp_0,tcp,0,Netflix,VPN,Streaming,Netflix
VPN_Streaming_Netflix_none_1.pcap.TCP_10-8-8-138_44471_50-16-198-195_443_stream_0.pcap,tcp_0,tcp,0,Netflix,VPN,Streaming,Netflix
VPN_Streaming_Netflix_none_1.pcap.TCP_10-8-8-138_49971_107-22-243-234_80_stream_0.pcap,tcp_0,tcp,0,Netflix,VPN,Streaming,Netflix
VPN_Streaming_Netflix_none_1.pcap.TCP_10-8-8-138_49970_107-22-243-234_80_stream_0.pcap,tcp_0,tcp,0,Netflix,VPN,Streaming,Netflix
VPN_Streaming_Netflix_none_1.pcap.TCP_10-8-8-138_51761_54-243-108-61_443_stream_0.pcap,tcp_0,tcp,0,Netflix,VPN,Streaming,Netflix
VPN_Streaming_Netflix_none_1.pcap.TCP_10-8-8-138_55192_54-225-199-51_80_stream_0.pcap,tcp_0,tcp,0,Netflix,VPN,Streaming,Netflix
VPN_Streaming_Netflix_none_1.pcap.TCP_10-8-8-138_54020_209-148-205-33_80_stream_0.pcap,tcp_0,tcp,0,Netflix,VPN,Streaming,Netflix
VPN_Streaming_Netflix_none_1.pcap.TCP_10-8-8-138_55191_54-225-199-51_80_stream_0.pcap,tcp_0,tcp,0,Netflix,VPN,Streaming,Netflix
VPN_Streaming_Netflix_none_1.pcap.TCP_10-8-8-138_55467_50-19-232-176_443_stream_0.pcap,tcp_0,tcp,0,Netflix,VPN,Streaming,Netflix
VPN_Streaming_Netflix_none_1.pcap.TCP_10-8-8-138_57466_54-204-30-249_443_stream_0.pcap,tcp_0,tcp,0,Netflix,VPN,Streaming,Netflix
VPN_Streaming_Netflix_none_1.pcap.TCP_10-8-8-138_57836_209-148-205-41_80_stream_0.pcap,tcp_0,tcp,0,Netflix,VPN,Streaming,Netflix
VPN_Streaming_Netflix_none_1.pcap.TCP_10-8-8-138_57837_209-148-205-41_80_stream_0.pcap,tcp_0,tcp,0,Netflix,VPN,Streaming,Netflix
VPN_Streaming_Netflix_none_1.pcap.TCP_10-8-8-138_57839_209-148-205-41_80_stream_0.pcap,tcp_0,tcp,0,Netflix,VPN,Streaming,Netflix
VPN_Streaming_Netflix_none_1.pcap.TCP_10-8-8-138_57838_209-148-205-41_80_stream_0.pcap,tcp_0,tcp,0,Netflix,VPN,Streaming,Netflix
VPN_Streaming_Netflix_none_1.pcap.UDP_10-8-8-138_36943_74-125-226-36_443_stream_0.pcap,udp_0,udp,0,Netflix,VPN,Streaming,Netflix
VPN_Streaming_Netflix_none_1.pcap.UDP_10-8-8-138_37700_74-125-226-55_443_stream_0.pcap,udp_0,udp,0,Netflix,VPN,Streaming,Netflix
VPN_Streaming_Netflix_none_1.pcap.UDP_10-8-8-138_37957_74-125-226-65_443_stream_0.pcap,udp_0,udp,0,Netflix,VPN,Streaming,Netflix
VPN_Streaming_Netflix_none_1.pcap.UDP_10-8-8-138_39095_74-125-226-33_443_stream_0.pcap,udp_0,udp,0,Netflix,VPN,Streaming,Netflix
VPN_Streaming_Netflix_none_1.pcap.UDP_10-8-8-138_42833_216-58-219-205_443_stream_0.pcap,udp_0,udp,0,Netflix,VPN,Streaming,Netflix
VPN_Streaming_Netflix_none_1.pcap.UDP_10-8-8-138_47025_74-125-226-32_443_stream_0.pcap,udp_0,udp,0,Netflix,VPN,Streaming,Netflix
VPN_Streaming_Netflix_none_1.pcap.UDP_10-8-8-138_56126_74-125-226-56_443_stream_0.pcap,udp_0,udp,0,Netflix,VPN,Streaming,Netflix
VPN_Streaming_Netflix_none_1.pcap.UDP_10-8-8-138_55602_216-58-221-142_443_stream_0.pcap,udp_0,udp,0,Netflix,VPN,Streaming,Netflix
VPN_Streaming_Netflix_none_1.pcap.UDP_10-8-8-138_59391_74-125-226-34_443_stream_0.pcap,udp_0,udp,0,Netflix,VPN,Streaming,Netflix
VPN_Streaming_Netflix_none_1.pcap.UDP_10-8-8-138_59312_216-58-221-142_443_stream_0.pcap,udp_0,udp,0,Netflix,VPN,Streaming,Netflix
VPN_Streaming_Netflix_none_1.pcap.TCP_10-8-8-138_43533_185-2-220-137_80_stream_0.pcap,tcp_0,tcp,0,Netflix,VPN,Streaming,Netflix
nonVPN_Streaming_Netflix_none_1.pcap.TCP_107-21-242-214_443_131-202-240-150_52203_stream_0.pcap,tcp_0,tcp,0,Netflix,nonVPN,Streaming,Netflix
nonVPN_Streaming_Netflix_none_1.pcap.TCP_108-175-42-181_80_131-202-240-150_58284_stream_0.pcap,tcp_0,tcp,0,Netflix,nonVPN,Streaming,Netflix
nonVPN_Streaming_Netflix_none_1.pcap.TCP_108-175-42-181_80_131-202-240-150_58285_stream_0.pcap,tcp_0,tcp,0,Netflix,nonVPN,Streaming,Netflix
nonVPN_Streaming_Netflix_none_1.pcap.TCP_108-175-42-181_80_131-202-240-150_58286_stream_0.pcap,tcp_0,tcp,0,Netflix,nonVPN,Streaming,Netflix
nonVPN_Streaming_Netflix_none_1.pcap.TCP_131-202-240-150_39087_184-73-252-179_80_stream_0.pcap,tcp_0,tcp,0,Netflix,nonVPN,Streaming,Netflix
nonVPN_Streaming_Netflix_none_1.pcap.TCP_131-202-240-150_41087_209-148-205-33_80_stream_0.pcap,tcp_0,tcp,0,Netflix,nonVPN,Streaming,Netflix
nonVPN_Streaming_Netflix_none_1.pcap.TCP_131-202-240-150_41094_209-148-205-33_80_stream_0.pcap,tcp_0,tcp,0,Netflix,nonVPN,Streaming,Netflix
nonVPN_Streaming_Netflix_none_1.pcap.TCP_131-202-240-150_41095_209-148-205-33_80_stream_0.pcap,tcp_0,tcp,0,Netflix,nonVPN,Streaming,Netflix
nonVPN_Streaming_Netflix_none_1.pcap.TCP_131-202-240-150_41096_209-148-205-33_80_stream_0.pcap,tcp_0,tcp,0,Netflix,nonVPN,Streaming,Netflix
nonVPN_Streaming_Netflix_none_1.pcap.TCP_131-202-240-150_41097_209-148-205-33_80_stream_0.pcap,tcp_0,tcp,0,Netflix,nonVPN,Streaming,Netflix
nonVPN_Streaming_Netflix_none_1.pcap.TCP_131-202-240-150_44727_209-148-205-40_80_stream_0.pcap,tcp_0,tcp,0,Netflix,nonVPN,Streaming,Netflix
nonVPN_Streaming_Netflix_none_1.pcap.TCP_131-202-240-150_56431_209-148-205-24_80_stream_0.pcap,tcp_0,tcp,0,Netflix,nonVPN,Streaming,Netflix
nonVPN_Streaming_Netflix_none_1.pcap.TCP_131-202-240-150_56429_209-148-205-24_80_stream_0.pcap,tcp_0,tcp,0,Netflix,nonVPN,Streaming,Netflix
nonVPN_Streaming_Netflix_none_1.pcap.TCP_131-202-240-150_56430_209-148-205-24_80_stream_0.pcap,tcp_0,tcp,0,Netflix,nonVPN,Streaming,Netflix
nonVPN_Streaming_Netflix_none_1.pcap.TCP_131-202-240-150_56432_209-148-205-24_80_stream_0.pcap,tcp_0,tcp,0,Netflix,nonVPN,Streaming,Netflix
nonVPN_Streaming_Netflix_none_1.pcap.TCP_131-202-240-150_44144_209-148-205-16_80_stream_0.pcap,tcp_0,tcp,0,Netflix,nonVPN,Streaming,Netflix
nonVPN_Streaming_Netflix_none_1.pcap.TCP_131-202-240-150_56433_209-148-205-24_80_stream_0.pcap,tcp_0,tcp,0,Netflix,nonVPN,Streaming,Netflix
nonVPN_Streaming_Netflix_none_1.pcap.TCP_23-21-242-53_443_131-202-240-150_59722_stream_0.pcap,tcp_0,tcp,0,Netflix,nonVPN,Streaming,Netflix
nonVPN_Streaming_Netflix_none_1.pcap.TCP_50-16-250-33_80_131-202-240-150_49186_stream_0.pcap,tcp_0,tcp,0,Netflix,nonVPN,Streaming,Netflix
nonVPN_Streaming_Netflix_none_2.pcap.TCP_131-202-240-150_42051_184-73-217-161_443_stream_0.pcap,tcp_0,tcp,0,Netflix,nonVPN,Streaming,Netflix
nonVPN_Streaming_Netflix_none_2.pcap.TCP_131-202-240-150_42050_184-73-217-161_443_stream_0.pcap,tcp_0,tcp,0,Netflix,nonVPN,Streaming,Netflix
nonVPN_Streaming_Netflix_none_2.pcap.TCP_54-225-69-109_80_131-202-240-150_33240_stream_0.pcap,tcp_0,tcp,0,Netflix,nonVPN,Streaming,Netflix
nonVPN_Streaming_Netflix_none_3.pcap.TCP_131-202-240-150_36074_184-72-231-78_443_stream_0.pcap,tcp_0,tcp,0,Netflix,nonVPN,Streaming,Netflix
nonVPN_Streaming_Netflix_none_3.pcap.TCP_131-202-240-150_36072_184-72-231-78_443_stream_0.pcap,tcp_0,tcp,0,Netflix,nonVPN,Streaming,Netflix
nonVPN_Streaming_Netflix_none_3.pcap.TCP_23-23-240-228_443_131-202-240-150_60292_stream_0.pcap,tcp_0,tcp,0,Netflix,nonVPN,Streaming,Netflix
nonVPN_Streaming_Netflix_none_3.pcap.TCP_54-204-7-176_80_131-202-240-150_60060_stream_0.pcap,tcp_0,tcp,0,Netflix,nonVPN,Streaming,Netflix
nonVPN_Streaming_Netflix_none_3.pcap.TCP_23-23-240-228_443_131-202-240-150_60293_stream_0.pcap,tcp_0,tcp,0,Netflix,nonVPN,Streaming,Netflix
nonVPN_Streaming_Netflix_none_4.pcap.TCP_108-175-43-161_80_131-202-240-150_57193_stream_0.pcap,tcp_0,tcp,0,Netflix,nonVPN,Streaming,Netflix
nonVPN_Streaming_Netflix_none_4.pcap.TCP_108-175-43-161_80_131-202-240-150_57194_stream_0.pcap,tcp_0,tcp,0,Netflix,nonVPN,Streaming,Netflix
nonVPN_Streaming_Netflix_none_4.pcap.TCP_108-175-43-161_80_131-202-240-150_57195_stream_0.pcap,tcp_0,tcp,0,Netflix,nonVPN,Streaming,Netflix
nonVPN_Streaming_Netflix_none_4.pcap.TCP_108-175-43-161_80_131-202-240-150_57197_stream_0.pcap,tcp_0,tcp,0,Netflix,nonVPN,Streaming,Netflix
nonVPN_Streaming_Netflix_none_4.pcap.TCP_131-202-240-150_56529_209-148-205-24_80_stream_0.pcap,tcp_0,tcp,0,Netflix,nonVPN,Streaming,Netflix
nonVPN_Streaming_Netflix_none_4.pcap.TCP_131-202-240-150_43734_209-148-205-41_80_stream_0.pcap,tcp_0,tcp,0,Netflix,nonVPN,Streaming,Netflix
nonVPN_Streaming_Netflix_none_4.pcap.TCP_23-195-206-176_443_131-202-240-150_39899_stream_0.pcap,tcp_0,tcp,0,Netflix,nonVPN,Streaming,Netflix
nonVPN_Streaming_Netflix_none_4.pcap.TCP_54-225-175-202_443_131-202-240-150_43897_stream_0.pcap,tcp_0,tcp,0,Netflix,nonVPN,Streaming,Netflix
nonVPN_Streaming_Netflix_none_4.pcap.TCP_54-243-85-175_80_131-202-240-150_39381_stream_0.pcap,tcp_0,tcp,0,Netflix,nonVPN,Streaming,Netflix
nonVPN_Streaming_Netflix_none_4.pcap.TCP_54-225-175-202_443_131-202-240-150_43898_stream_0.pcap,tcp_0,tcp,0,Netflix,nonVPN,Streaming,Netflix
nonVPN_Streaming_Netflix_none_4.pcap.TCP_23-21-194-157_443_131-202-240-150_43141_stream_0.pcap,tcp_0,tcp,0,Netflix,nonVPN,Streaming,Netflix
VPN_Streaming_Spotify_none_1.pcap.TCP_10-8-8-138_33860_54-192-55-193_80_stream_0.pcap,tcp_0,tcp,0,Spotify,VPN,Streaming,Spotify
VPN_Streaming_Spotify_none_1.pcap.TCP_10-8-8-138_33876_54-230-52-100_443_stream_0.pcap,tcp_0,tcp,0,Spotify,VPN,Streaming,Spotify
VPN_Streaming_Spotify_none_1.pcap.TCP_10-8-8-138_33875_54-230-52-100_443_stream_0.pcap,tcp_0,tcp,0,Spotify,VPN,Streaming,Spotify
VPN_Streaming_Spotify_none_1.pcap.TCP_10-8-8-138_35014_207-223-241-72_80_stream_0.pcap,tcp_0,tcp,0,Spotify,VPN,Streaming,Spotify
VPN_Streaming_Spotify_none_1.pcap.TCP_10-8-8-138_38629_54-192-55-186_80_stream_0.pcap,tcp_0,tcp,0,Spotify,VPN,Streaming,Spotify
VPN_Streaming_Spotify_none_1.pcap.TCP_10-8-8-138_43152_54-240-190-108_443_stream_0.pcap,tcp_0,tcp,0,Spotify,VPN,Streaming,Spotify
VPN_Streaming_Spotify_none_1.pcap.TCP_10-8-8-138_43577_108-160-170-38_443_stream_0.pcap,tcp_0,tcp,0,Spotify,VPN,Streaming,Spotify
VPN_Streaming_Spotify_none_1.pcap.TCP_10-8-8-138_47420_23-235-40-246_80_stream_0.pcap,tcp_0,tcp,0,Spotify,VPN,Streaming,Spotify
VPN_Streaming_Spotify_none_1.pcap.TCP_10-8-8-138_48631_193-235-32-101_80_stream_0.pcap,tcp_0,tcp,0,Spotify,VPN,Streaming,Spotify
VPN_Streaming_Spotify_none_1.pcap.TCP_10-8-8-138_57111_198-41-30-199_80_stream_0.pcap,tcp_0,tcp,0,Spotify,VPN,Streaming,Spotify
VPN_Streaming_Spotify_none_1.pcap.TCP_10-8-8-138_57112_198-41-30-199_80_stream_0.pcap,tcp_0,tcp,0,Spotify,VPN,Streaming,Spotify
VPN_Streaming_Spotify_none_1.pcap.TCP_10-8-8-138_57159_108-160-172-236_443_stream_0.pcap,tcp_0,tcp,0,Spotify,VPN,Streaming,Spotify
VPN_Streaming_Spotify_none_1.pcap.UDP_10-8-8-137_57621_10-8-8-138_57621_stream_0.pcap,udp_0,udp,0,Spotify,VPN,Streaming,Spotify
VPN_Streaming_Spotify_none_1.pcap.UDP_10-8-8-138_33588_74-125-226-63_443_stream_0.pcap,udp_0,udp,0,Spotify,VPN,Streaming,Spotify
VPN_Streaming_Spotify_none_1.pcap.UDP_10-8-8-138_35247_74-125-226-46_443_stream_0.pcap,udp_0,udp,0,Spotify,VPN,Streaming,Spotify
VPN_Streaming_Spotify_none_1.pcap.UDP_10-8-8-138_37960_216-58-219-205_443_stream_0.pcap,udp_0,udp,0,Spotify,VPN,Streaming,Spotify
VPN_Streaming_Spotify_none_1.pcap.UDP_10-8-8-138_38380_74-125-226-55_443_stream_0.pcap,udp_0,udp,0,Spotify,VPN,Streaming,Spotify
VPN_Streaming_Spotify_none_1.pcap.UDP_10-8-8-138_39794_74-125-226-37_443_stream_0.pcap,udp_0,udp,0,Spotify,VPN,Streaming,Spotify
VPN_Streaming_Spotify_none_1.pcap.UDP_10-8-8-138_41951_74-125-226-47_443_stream_0.pcap,udp_0,udp,0,Spotify,VPN,Streaming,Spotify
VPN_Streaming_Spotify_none_1.pcap.UDP_10-8-8-138_41914_74-125-226-63_443_stream_0.pcap,udp_0,udp,0,Spotify,VPN,Streaming,Spotify
VPN_Streaming_Spotify_none_1.pcap.UDP_10-8-8-138_46514_74-125-226-55_443_stream_0.pcap,udp_0,udp,0,Spotify,VPN,Streaming,Spotify
VPN_Streaming_Spotify_none_1.pcap.UDP_10-8-8-138_45451_74-125-226-33_443_stream_0.pcap,udp_0,udp,0,Spotify,VPN,Streaming,Spotify
VPN_Streaming_Spotify_none_1.pcap.UDP_10-8-8-138_49132_74-125-226-35_443_stream_0.pcap,udp_0,udp,0,Spotify,VPN,Streaming,Spotify
VPN_Streaming_Spotify_none_1.pcap.UDP_10-8-8-138_50093_74-125-226-35_443_stream_0.pcap,udp_0,udp,0,Spotify,VPN,Streaming,Spotify
VPN_Streaming_Spotify_none_1.pcap.UDP_10-8-8-138_51784_74-125-226-32_443_stream_0.pcap,udp_0,udp,0,Spotify,VPN,Streaming,Spotify
VPN_Streaming_Spotify_none_1.pcap.UDP_10-8-8-138_52548_74-125-226-35_443_stream_0.pcap,udp_0,udp,0,Spotify,VPN,Streaming,Spotify
VPN_Streaming_Spotify_none_1.pcap.UDP_10-8-8-138_54454_74-125-226-56_443_stream_0.pcap,udp_0,udp,0,Spotify,VPN,Streaming,Spotify
VPN_Streaming_Spotify_none_1.pcap.UDP_10-8-8-138_55316_74-125-226-63_443_stream_0.pcap,udp_0,udp,0,Spotify,VPN,Streaming,Spotify
VPN_Streaming_Spotify_none_1.pcap.UDP_10-8-8-138_57596_74-125-226-32_443_stream_0.pcap,udp_0,udp,0,Spotify,VPN,Streaming,Spotify
VPN_Streaming_Spotify_none_1.pcap.TCP_10-8-8-138_55782_24-156-130-203_80_stream_0.pcap,tcp_0,tcp,0,Spotify,VPN,Streaming,Spotify
nonVPN_Streaming_Spotify_none_1.pcap.TCP_131-202-240-150_50989_173-194-123-33_80_stream_0.pcap,tcp_0,tcp,0,Spotify,nonVPN,Streaming,Spotify
nonVPN_Streaming_Spotify_none_1.pcap.TCP_131-202-240-150_44067_193-182-8-113_80_stream_0.pcap,tcp_0,tcp,0,Spotify,nonVPN,Streaming,Spotify
nonVPN_Streaming_Spotify_none_1.pcap.TCP_23-235-40-246_80_131-202-240-150_41706_stream_0.pcap,tcp_0,tcp,0,Spotify,nonVPN,Streaming,Spotify
nonVPN_Streaming_Spotify_none_1.pcap.TCP_24-156-140-10_443_131-202-240-150_47591_stream_0.pcap,tcp_0,tcp,0,Spotify,nonVPN,Streaming,Spotify
nonVPN_Streaming_Spotify_none_1.pcap.TCP_131-202-240-150_40594_194-68-29-19_4070_stream_0.pcap,tcp_0,tcp,0,Spotify,nonVPN,Streaming,Spotify
nonVPN_Streaming_Spotify_none_1.pcap.TCP_54-192-55-68_443_131-202-240-150_34385_stream_0.pcap,tcp_0,tcp,0,Spotify,nonVPN,Streaming,Spotify
nonVPN_Streaming_Spotify_none_1.pcap.TCP_54-230-53-71_80_131-202-240-150_53442_stream_0.pcap,tcp_0,tcp,0,Spotify,nonVPN,Streaming,Spotify
nonVPN_Streaming_Spotify_none_1.pcap.TCP_54-230-52-103_443_131-202-240-150_56181_stream_0.pcap,tcp_0,tcp,0,Spotify,nonVPN,Streaming,Spotify
nonVPN_Streaming_Spotify_none_1.pcap.TCP_54-192-55-68_443_131-202-240-150_34386_stream_0.pcap,tcp_0,tcp,0,Spotify,nonVPN,Streaming,Spotify
nonVPN_Streaming_Spotify_none_1.pcap.TCP_54-192-55-68_443_131-202-240-150_34387_stream_0.pcap,tcp_0,tcp,0,Spotify,nonVPN,Streaming,Spotify
nonVPN_Streaming_Spotify_none_1.pcap.TCP_54-230-53-88_80_131-202-240-150_46678_stream_0.pcap,tcp_0,tcp,0,Spotify,nonVPN,Streaming,Spotify
nonVPN_Streaming_Spotify_none_1.pcap.TCP_54-230-52-103_443_131-202-240-150_56180_stream_0.pcap,tcp_0,tcp,0,Spotify,nonVPN,Streaming,Spotify
nonVPN_Streaming_Spotify_none_1.pcap.UDP_122-10-84-251_37279_131-202-240-150_33434_stream_0.pcap,udp_0,udp,0,Spotify,nonVPN,Streaming,Spotify
nonVPN_Streaming_Spotify_none_1.pcap.UDP_122-10-84-252_42275_131-202-240-150_33434_stream_0.pcap,udp_0,udp,0,Spotify,nonVPN,Streaming,Spotify
nonVPN_Streaming_Spotify_none_1.pcap.UDP_122-10-84-253_6759_131-202-240-150_33434_stream_0.pcap,udp_0,udp,0,Spotify,nonVPN,Streaming,Spotify
nonVPN_Streaming_Spotify_none_1.pcap.UDP_123-254-111-5_6469_131-202-240-150_33434_stream_0.pcap,udp_0,udp,0,Spotify,nonVPN,Streaming,Spotify
nonVPN_Streaming_Spotify_none_1.pcap.UDP_122-10-84-250_21563_131-202-240-150_33434_stream_0.pcap,udp_0,udp,0,Spotify,nonVPN,Streaming,Spotify
nonVPN_Streaming_Spotify_none_1.pcap.TCP_131-202-240-150_43208_184-29-105-115_80_stream_0.pcap,tcp_0,tcp,0,Spotify,nonVPN,Streaming,Spotify
nonVPN_Streaming_Spotify_none_1.pcap.TCP_54-230-53-71_80_131-202-240-150_53451_stream_0.pcap,tcp_0,tcp,0,Spotify,nonVPN,Streaming,Spotify
nonVPN_Streaming_Spotify_none_1.pcap.UDP_123-254-111-5_6470_131-202-240-150_33434_stream_0.pcap,udp_0,udp,0,Spotify,nonVPN,Streaming,Spotify
nonVPN_Streaming_Spotify_none_2.pcap.TCP_54-192-54-208_80_131-202-240-150_56078_stream_0.pcap,tcp_0,tcp,0,Spotify,nonVPN,Streaming,Spotify
nonVPN_Streaming_Spotify_none_2.pcap.TCP_54-192-54-208_80_131-202-240-150_56076_stream_0.pcap,tcp_0,tcp,0,Spotify,nonVPN,Streaming,Spotify
nonVPN_Streaming_Spotify_none_2.pcap.TCP_54-192-54-208_80_131-202-240-150_56080_stream_0.pcap,tcp_0,tcp,0,Spotify,nonVPN,Streaming,Spotify
nonVPN_Streaming_Spotify_none_2.pcap.TCP_54-192-54-208_80_131-202-240-150_56077_stream_0.pcap,tcp_0,tcp,0,Spotify,nonVPN,Streaming,Spotify
nonVPN_Streaming_Spotify_none_2.pcap.TCP_54-192-54-208_80_131-202-240-150_56081_stream_0.pcap,tcp_0,tcp,0,Spotify,nonVPN,Streaming,Spotify
nonVPN_Streaming_Spotify_none_2.pcap.TCP_54-192-54-208_80_131-202-240-150_56079_stream_0.pcap,tcp_0,tcp,0,Spotify,nonVPN,Streaming,Spotify
nonVPN_Streaming_Spotify_none_3.pcap.TCP_23-235-40-246_80_131-202-240-150_41723_stream_0.pcap,tcp_0,tcp,0,Spotify,nonVPN,Streaming,Spotify
nonVPN_Streaming_Spotify_none_4.pcap.TCP_23-235-40-246_80_131-202-240-150_41742_stream_0.pcap,tcp_0,tcp,0,Spotify,nonVPN,Streaming,Spotify
VPN_Streaming_Vimeo_none_1.pcap.TCP_10-8-8-138_32809_108-160-163-110_443_stream_0.pcap,tcp_0,tcp,0,Vimeo,VPN,Streaming,Vimeo
VPN_Streaming_Vimeo_none_1.pcap.TCP_10-8-8-138_33646_23-235-37-217_443_stream_0.pcap,tcp_0,tcp,0,Vimeo,VPN,Streaming,Vimeo
VPN_Streaming_Vimeo_none_1.pcap.TCP_10-8-8-138_35238_104-156-81-217_443_stream_0.pcap,tcp_0,tcp,0,Vimeo,VPN,Streaming,Vimeo
VPN_Streaming_Vimeo_none_1.pcap.TCP_10-8-8-138_39890_23-235-40-143_443_stream_0.pcap,tcp_0,tcp,0,Vimeo,VPN,Streaming,Vimeo
VPN_Streaming_Vimeo_none_1.pcap.TCP_10-8-8-138_39900_23-235-40-143_443_stream_0.pcap,tcp_0,tcp,0,Vimeo,VPN,Streaming,Vimeo
VPN_Streaming_Vimeo_none_1.pcap.UDP_10-8-8-138_40427_74-125-226-41_443_stream_0.pcap,udp_0,udp,0,Vimeo,VPN,Streaming,Vimeo
VPN_Streaming_Vimeo_none_1.pcap.UDP_10-8-8-138_44795_74-125-226-40_443_stream_0.pcap,udp_0,udp,0,Vimeo,VPN,Streaming,Vimeo
VPN_Streaming_Vimeo_none_1.pcap.UDP_10-8-8-138_50886_74-125-226-40_443_stream_0.pcap,udp_0,udp,0,Vimeo,VPN,Streaming,Vimeo
VPN_Streaming_Vimeo_none_1.pcap.UDP_10-8-8-138_55005_74-125-226-41_443_stream_0.pcap,udp_0,udp,0,Vimeo,VPN,Streaming,Vimeo
VPN_Streaming_Vimeo_none_1.pcap.UDP_10-8-8-138_55586_74-125-226-72_443_stream_0.pcap,udp_0,udp,0,Vimeo,VPN,Streaming,Vimeo
VPN_Streaming_Vimeo_none_1.pcap.UDP_10-8-8-138_58312_74-125-226-63_443_stream_0.pcap,udp_0,udp,0,Vimeo,VPN,Streaming,Vimeo
VPN_Streaming_Vimeo_none_2.pcap.TCP_10-8-8-138_33974_104-156-85-217_443_stream_0.pcap,tcp_0,tcp,0,Vimeo,VPN,Streaming,Vimeo
VPN_Streaming_Vimeo_none_2.pcap.TCP_10-8-8-138_38080_23-235-46-143_443_stream_0.pcap,tcp_0,tcp,0,Vimeo,VPN,Streaming,Vimeo
VPN_Streaming_Vimeo_none_2.pcap.TCP_10-8-8-138_57923_108-160-172-236_443_stream_0.pcap,tcp_0,tcp,0,Vimeo,VPN,Streaming,Vimeo
VPN_Streaming_Vimeo_none_2.pcap.UDP_10-8-8-138_36617_216-58-219-205_443_stream_0.pcap,udp_0,udp,0,Vimeo,VPN,Streaming,Vimeo
VPN_Streaming_Vimeo_none_2.pcap.UDP_10-8-8-138_39956_74-125-226-37_443_stream_0.pcap,udp_0,udp,0,Vimeo,VPN,Streaming,Vimeo
VPN_Streaming_Vimeo_none_2.pcap.UDP_10-8-8-138_41415_74-125-226-63_443_stream_0.pcap,udp_0,udp,0,Vimeo,VPN,Streaming,Vimeo
VPN_Streaming_Vimeo_none_2.pcap.TCP_10-8-8-138_60124_209-148-205-41_443_stream_0.pcap,tcp_0,tcp,0,Vimeo,VPN,Streaming,Vimeo
VPN_Streaming_Vimeo_none_1.pcap.TCP_10-8-8-138_42010_209-148-205-35_443_stream_0.pcap,tcp_0,tcp,0,Vimeo,VPN,Streaming,Vimeo
nonVPN_Streaming_Vimeo_none_1.pcap.TCP_104-156-85-217_443_131-202-240-150_34002_stream_0.pcap,tcp_0,tcp,0,Vimeo,nonVPN,Streaming,Vimeo
nonVPN_Streaming_Vimeo_none_1.pcap.TCP_131-202-240-150_41243_199-127-194-142_443_stream_0.pcap,tcp_0,tcp,0,Vimeo,nonVPN,Streaming,Vimeo
nonVPN_Streaming_Vimeo_none_1.pcap.TCP_23-235-33-217_443_131-202-240-150_40241_stream_0.pcap,tcp_0,tcp,0,Vimeo,nonVPN,Streaming,Vimeo
nonVPN_Streaming_Vimeo_none_1.pcap.TCP_23-235-33-217_443_131-202-240-150_40254_stream_0.pcap,tcp_0,tcp,0,Vimeo,nonVPN,Streaming,Vimeo
nonVPN_Streaming_Vimeo_none_1.pcap.TCP_23-235-33-217_443_131-202-240-150_40255_stream_0.pcap,tcp_0,tcp,0,Vimeo,nonVPN,Streaming,Vimeo
nonVPN_Streaming_Vimeo_none_1.pcap.TCP_23-235-33-217_443_131-202-240-150_40243_stream_0.pcap,tcp_0,tcp,0,Vimeo,nonVPN,Streaming,Vimeo
nonVPN_Streaming_Vimeo_none_1.pcap.TCP_23-235-37-217_443_131-202-240-150_34513_stream_0.pcap,tcp_0,tcp,0,Vimeo,nonVPN,Streaming,Vimeo
nonVPN_Streaming_Vimeo_none_1.pcap.TCP_23-235-37-217_443_131-202-240-150_34514_stream_0.pcap,tcp_0,tcp,0,Vimeo,nonVPN,Streaming,Vimeo
nonVPN_Streaming_Vimeo_none_1.pcap.TCP_23-235-33-217_443_131-202-240-150_40258_stream_0.pcap,tcp_0,tcp,0,Vimeo,nonVPN,Streaming,Vimeo
nonVPN_Streaming_Vimeo_none_1.pcap.TCP_23-235-40-143_443_131-202-240-150_54273_stream_0.pcap,tcp_0,tcp,0,Vimeo,nonVPN,Streaming,Vimeo
nonVPN_Streaming_Vimeo_none_1.pcap.TCP_23-235-40-143_443_131-202-240-150_54294_stream_0.pcap,tcp_0,tcp,0,Vimeo,nonVPN,Streaming,Vimeo
nonVPN_Streaming_Vimeo_none_1.pcap.TCP_23-235-33-217_443_131-202-240-150_40259_stream_0.pcap,tcp_0,tcp,0,Vimeo,nonVPN,Streaming,Vimeo
nonVPN_Streaming_Vimeo_none_1.pcap.TCP_23-235-37-217_443_131-202-240-150_34509_stream_0.pcap,tcp_0,tcp,0,Vimeo,nonVPN,Streaming,Vimeo
nonVPN_Streaming_Vimeo_none_1.pcap.TCP_23-235-37-217_443_131-202-240-150_34511_stream_0.pcap,tcp_0,tcp,0,Vimeo,nonVPN,Streaming,Vimeo
nonVPN_Streaming_Vimeo_none_1.pcap.TCP_23-235-33-217_443_131-202-240-150_40257_stream_0.pcap,tcp_0,tcp,0,Vimeo,nonVPN,Streaming,Vimeo
nonVPN_Streaming_Vimeo_none_1.pcap.TCP_23-235-37-217_443_131-202-240-150_34510_stream_0.pcap,tcp_0,tcp,0,Vimeo,nonVPN,Streaming,Vimeo
nonVPN_Streaming_Vimeo_none_1.pcap.TCP_23-235-44-143_443_131-202-240-150_58978_stream_0.pcap,tcp_0,tcp,0,Vimeo,nonVPN,Streaming,Vimeo
nonVPN_Streaming_Vimeo_none_1.pcap.TCP_23-235-44-143_443_131-202-240-150_58971_stream_0.pcap,tcp_0,tcp,0,Vimeo,nonVPN,Streaming,Vimeo
nonVPN_Streaming_Vimeo_none_1.pcap.TCP_23-235-44-143_443_131-202-240-150_58973_stream_0.pcap,tcp_0,tcp,0,Vimeo,nonVPN,Streaming,Vimeo
nonVPN_Streaming_Vimeo_none_1.pcap.TCP_23-235-44-143_443_131-202-240-150_58975_stream_0.pcap,tcp_0,tcp,0,Vimeo,nonVPN,Streaming,Vimeo
nonVPN_Streaming_Vimeo_none_1.pcap.TCP_23-235-44-143_443_131-202-240-150_58970_stream_0.pcap,tcp_0,tcp,0,Vimeo,nonVPN,Streaming,Vimeo
nonVPN_Streaming_Vimeo_none_1.pcap.TCP_23-235-44-143_443_131-202-240-150_58977_stream_0.pcap,tcp_0,tcp,0,Vimeo,nonVPN,Streaming,Vimeo
nonVPN_Streaming_Vimeo_none_1.pcap.TCP_23-235-44-143_443_131-202-240-150_58974_stream_0.pcap,tcp_0,tcp,0,Vimeo,nonVPN,Streaming,Vimeo
nonVPN_Streaming_Vimeo_none_1.pcap.TCP_23-235-44-143_443_131-202-240-150_58969_stream_0.pcap,tcp_0,tcp,0,Vimeo,nonVPN,Streaming,Vimeo
nonVPN_Streaming_Vimeo_none_1.pcap.TCP_72-21-91-187_443_131-202-240-150_58034_stream_0.pcap,tcp_0,tcp,0,Vimeo,nonVPN,Streaming,Vimeo
nonVPN_Streaming_Vimeo_none_1.pcap.TCP_72-21-91-187_443_131-202-240-150_58033_stream_0.pcap,tcp_0,tcp,0,Vimeo,nonVPN,Streaming,Vimeo
nonVPN_Streaming_Vimeo_none_1.pcap.TCP_72-21-91-187_443_131-202-240-150_58050_stream_0.pcap,tcp_0,tcp,0,Vimeo,nonVPN,Streaming,Vimeo
nonVPN_Streaming_Vimeo_none_1.pcap.TCP_72-21-91-187_443_131-202-240-150_58052_stream_0.pcap,tcp_0,tcp,0,Vimeo,nonVPN,Streaming,Vimeo
nonVPN_Streaming_Vimeo_none_1.pcap.TCP_23-235-44-143_443_131-202-240-150_58979_stream_0.pcap,tcp_0,tcp,0,Vimeo,nonVPN,Streaming,Vimeo
nonVPN_Streaming_Vimeo_none_2.pcap.TCP_131-202-240-150_44330_162-243-234-174_443_stream_0.pcap,tcp_0,tcp,0,Vimeo,nonVPN,Streaming,Vimeo
nonVPN_Streaming_Vimeo_none_2.pcap.TCP_104-156-85-217_443_131-202-240-150_34031_stream_0.pcap,tcp_0,tcp,0,Vimeo,nonVPN,Streaming,Vimeo
nonVPN_Streaming_Vimeo_none_2.pcap.TCP_131-202-240-150_40495_199-127-194-158_443_stream_0.pcap,tcp_0,tcp,0,Vimeo,nonVPN,Streaming,Vimeo
nonVPN_Streaming_Vimeo_none_2.pcap.TCP_131-202-240-150_40497_199-127-194-158_443_stream_0.pcap,tcp_0,tcp,0,Vimeo,nonVPN,Streaming,Vimeo
nonVPN_Streaming_Vimeo_none_2.pcap.TCP_131-202-240-150_40496_199-127-194-158_443_stream_0.pcap,tcp_0,tcp,0,Vimeo,nonVPN,Streaming,Vimeo
nonVPN_Streaming_Vimeo_none_2.pcap.TCP_131-202-240-150_40498_199-127-194-158_443_stream_0.pcap,tcp_0,tcp,0,Vimeo,nonVPN,Streaming,Vimeo
nonVPN_Streaming_Vimeo_none_2.pcap.TCP_23-235-33-217_443_131-202-240-150_40323_stream_0.pcap,tcp_0,tcp,0,Vimeo,nonVPN,Streaming,Vimeo
nonVPN_Streaming_Vimeo_none_2.pcap.TCP_131-202-240-150_52325_131-253-40-59_443_stream_0.pcap,tcp_0,tcp,0,Vimeo,nonVPN,Streaming,Vimeo
nonVPN_Streaming_Vimeo_none_2.pcap.TCP_131-202-240-150_52318_131-253-40-59_443_stream_0.pcap,tcp_0,tcp,0,Vimeo,nonVPN,Streaming,Vimeo
nonVPN_Streaming_Vimeo_none_2.pcap.TCP_23-235-33-217_443_131-202-240-150_40325_stream_0.pcap,tcp_0,tcp,0,Vimeo,nonVPN,Streaming,Vimeo
nonVPN_Streaming_Vimeo_none_2.pcap.TCP_23-235-46-143_443_131-202-240-150_40740_stream_0.pcap,tcp_0,tcp,0,Vimeo,nonVPN,Streaming,Vimeo
nonVPN_Streaming_Vimeo_none_2.pcap.TCP_23-235-40-143_443_131-202-240-150_54354_stream_0.pcap,tcp_0,tcp,0,Vimeo,nonVPN,Streaming,Vimeo
nonVPN_Streaming_Vimeo_none_2.pcap.TCP_23-235-46-143_443_131-202-240-150_40741_stream_0.pcap,tcp_0,tcp,0,Vimeo,nonVPN,Streaming,Vimeo
nonVPN_Streaming_Vimeo_none_2.pcap.TCP_23-235-33-217_443_131-202-240-150_40324_stream_0.pcap,tcp_0,tcp,0,Vimeo,nonVPN,Streaming,Vimeo
nonVPN_Streaming_Vimeo_none_2.pcap.TCP_23-235-46-143_443_131-202-240-150_40742_stream_0.pcap,tcp_0,tcp,0,Vimeo,nonVPN,Streaming,Vimeo
nonVPN_Streaming_Vimeo_none_2.pcap.TCP_23-235-46-143_443_131-202-240-150_40744_stream_0.pcap,tcp_0,tcp,0,Vimeo,nonVPN,Streaming,Vimeo
nonVPN_Streaming_Vimeo_none_2.pcap.TCP_23-235-46-143_443_131-202-240-150_40748_stream_0.pcap,tcp_0,tcp,0,Vimeo,nonVPN,Streaming,Vimeo
nonVPN_Streaming_Vimeo_none_2.pcap.TCP_23-235-46-143_443_131-202-240-150_40750_stream_0.pcap,tcp_0,tcp,0,Vimeo,nonVPN,Streaming,Vimeo
nonVPN_Streaming_Vimeo_none_2.pcap.TCP_23-235-46-143_443_131-202-240-150_40747_stream_0.pcap,tcp_0,tcp,0,Vimeo,nonVPN,Streaming,Vimeo
nonVPN_Streaming_Vimeo_none_2.pcap.TCP_23-235-46-143_443_131-202-240-150_40751_stream_0.pcap,tcp_0,tcp,0,Vimeo,nonVPN,Streaming,Vimeo
nonVPN_Streaming_Vimeo_none_2.pcap.TCP_23-45-42-244_443_131-202-240-150_49479_stream_0.pcap,tcp_0,tcp,0,Vimeo,nonVPN,Streaming,Vimeo
nonVPN_Streaming_Vimeo_none_2.pcap.TCP_23-235-46-143_443_131-202-240-150_40743_stream_0.pcap,tcp_0,tcp,0,Vimeo,nonVPN,Streaming,Vimeo
nonVPN_Streaming_Vimeo_none_2.pcap.TCP_72-21-91-187_443_131-202-240-150_58110_stream_0.pcap,tcp_0,tcp,0,Vimeo,nonVPN,Streaming,Vimeo
nonVPN_Streaming_Vimeo_none_2.pcap.TCP_72-21-91-187_443_131-202-240-150_58109_stream_0.pcap,tcp_0,tcp,0,Vimeo,nonVPN,Streaming,Vimeo
nonVPN_Streaming_Vimeo_none_2.pcap.TCP_63-241-108-124_443_131-202-240-150_36707_stream_0.pcap,tcp_0,tcp,0,Vimeo,nonVPN,Streaming,Vimeo
nonVPN_Streaming_Vimeo_none_2.pcap.TCP_50-116-194-21_443_131-202-240-150_46927_stream_0.pcap,tcp_0,tcp,0,Vimeo,nonVPN,Streaming,Vimeo
nonVPN_Streaming_Vimeo_none_2.pcap.TCP_72-21-91-187_443_131-202-240-150_58108_stream_0.pcap,tcp_0,tcp,0,Vimeo,nonVPN,Streaming,Vimeo
nonVPN_Streaming_Vimeo_none_2.pcap.TCP_23-235-46-143_443_131-202-240-150_40749_stream_0.pcap,tcp_0,tcp,0,Vimeo,nonVPN,Streaming,Vimeo
nonVPN_Streaming_Vimeo_none_3.pcap.TCP_104-156-81-217_443_131-202-240-150_49550_stream_0.pcap,tcp_0,tcp,0,Vimeo,nonVPN,Streaming,Vimeo
nonVPN_Streaming_Vimeo_none_3.pcap.TCP_104-156-81-217_443_131-202-240-150_49554_stream_0.pcap,tcp_0,tcp,0,Vimeo,nonVPN,Streaming,Vimeo
nonVPN_Streaming_Vimeo_none_3.pcap.TCP_104-156-81-217_443_131-202-240-150_49555_stream_0.pcap,tcp_0,tcp,0,Vimeo,nonVPN,Streaming,Vimeo
nonVPN_Streaming_Vimeo_none_3.pcap.TCP_104-156-81-217_443_131-202-240-150_49556_stream_0.pcap,tcp_0,tcp,0,Vimeo,nonVPN,Streaming,Vimeo
nonVPN_Streaming_Vimeo_none_3.pcap.TCP_104-156-81-217_443_131-202-240-150_49584_stream_0.pcap,tcp_0,tcp,0,Vimeo,nonVPN,Streaming,Vimeo
nonVPN_Streaming_Vimeo_none_3.pcap.TCP_104-156-85-217_443_131-202-240-150_34116_stream_0.pcap,tcp_0,tcp,0,Vimeo,nonVPN,Streaming,Vimeo
nonVPN_Streaming_Vimeo_none_3.pcap.TCP_104-156-85-217_443_131-202-240-150_34125_stream_0.pcap,tcp_0,tcp,0,Vimeo,nonVPN,Streaming,Vimeo
nonVPN_Streaming_Vimeo_none_3.pcap.TCP_104-156-81-217_443_131-202-240-150_49558_stream_0.pcap,tcp_0,tcp,0,Vimeo,nonVPN,Streaming,Vimeo
nonVPN_Streaming_Vimeo_none_3.pcap.TCP_104-156-85-217_443_131-202-240-150_34130_stream_0.pcap,tcp_0,tcp,0,Vimeo,nonVPN,Streaming,Vimeo
nonVPN_Streaming_Vimeo_none_3.pcap.TCP_104-156-85-217_443_131-202-240-150_34124_stream_0.pcap,tcp_0,tcp,0,Vimeo,nonVPN,Streaming,Vimeo
nonVPN_Streaming_Vimeo_none_3.pcap.TCP_104-156-85-217_443_131-202-240-150_34126_stream_0.pcap,tcp_0,tcp,0,Vimeo,nonVPN,Streaming,Vimeo
nonVPN_Streaming_Vimeo_none_3.pcap.TCP_104-156-85-217_443_131-202-240-150_34142_stream_0.pcap,tcp_0,tcp,0,Vimeo,nonVPN,Streaming,Vimeo
nonVPN_Streaming_Vimeo_none_3.pcap.TCP_23-235-33-217_443_131-202-240-150_40395_stream_0.pcap,tcp_0,tcp,0,Vimeo,nonVPN,Streaming,Vimeo
nonVPN_Streaming_Vimeo_none_3.pcap.TCP_23-235-33-217_443_131-202-240-150_40389_stream_0.pcap,tcp_0,tcp,0,Vimeo,nonVPN,Streaming,Vimeo
nonVPN_Streaming_Vimeo_none_3.pcap.TCP_23-235-33-217_443_131-202-240-150_40387_stream_0.pcap,tcp_0,tcp,0,Vimeo,nonVPN,Streaming,Vimeo
nonVPN_Streaming_Vimeo_none_3.pcap.TCP_23-235-33-217_443_131-202-240-150_40391_stream_0.pcap,tcp_0,tcp,0,Vimeo,nonVPN,Streaming,Vimeo
nonVPN_Streaming_Vimeo_none_3.pcap.TCP_23-235-33-217_443_131-202-240-150_40405_stream_0.pcap,tcp_0,tcp,0,Vimeo,nonVPN,Streaming,Vimeo
nonVPN_Streaming_Vimeo_none_3.pcap.TCP_23-235-37-217_443_131-202-240-150_34664_stream_0.pcap,tcp_0,tcp,0,Vimeo,nonVPN,Streaming,Vimeo
nonVPN_Streaming_Vimeo_none_3.pcap.TCP_23-235-37-217_443_131-202-240-150_34661_stream_0.pcap,tcp_0,tcp,0,Vimeo,nonVPN,Streaming,Vimeo
nonVPN_Streaming_Vimeo_none_3.pcap.TCP_23-235-37-217_443_131-202-240-150_34666_stream_0.pcap,tcp_0,tcp,0,Vimeo,nonVPN,Streaming,Vimeo
nonVPN_Streaming_Vimeo_none_3.pcap.TCP_23-235-44-143_443_131-202-240-150_59138_stream_0.pcap,tcp_0,tcp,0,Vimeo,nonVPN,Streaming,Vimeo
nonVPN_Streaming_Vimeo_none_3.pcap.TCP_72-21-91-187_443_131-202-240-150_58193_stream_0.pcap,tcp_0,tcp,0,Vimeo,nonVPN,Streaming,Vimeo
nonVPN_Streaming_Vimeo_none_3.pcap.TCP_72-21-91-187_443_131-202-240-150_58192_stream_0.pcap,tcp_0,tcp,0,Vimeo,nonVPN,Streaming,Vimeo
nonVPN_Streaming_Vimeo_none_4.pcap.TCP_104-156-81-217_443_131-202-240-150_49621_stream_0.pcap,tcp_0,tcp,0,Vimeo,nonVPN,Streaming,Vimeo
nonVPN_Streaming_Vimeo_none_4.pcap.TCP_104-156-81-217_443_131-202-240-150_49615_stream_0.pcap,tcp_0,tcp,0,Vimeo,nonVPN,Streaming,Vimeo
nonVPN_Streaming_Vimeo_none_4.pcap.TCP_104-156-81-217_443_131-202-240-150_49632_stream_0.pcap,tcp_0,tcp,0,Vimeo,nonVPN,Streaming,Vimeo
nonVPN_Streaming_Vimeo_none_4.pcap.TCP_104-156-81-217_443_131-202-240-150_49658_stream_0.pcap,tcp_0,tcp,0,Vimeo,nonVPN,Streaming,Vimeo
nonVPN_Streaming_Vimeo_none_4.pcap.TCP_104-156-81-217_443_131-202-240-150_49662_stream_0.pcap,tcp_0,tcp,0,Vimeo,nonVPN,Streaming,Vimeo
nonVPN_Streaming_Vimeo_none_4.pcap.TCP_104-156-81-217_443_131-202-240-150_49661_stream_0.pcap,tcp_0,tcp,0,Vimeo,nonVPN,Streaming,Vimeo
nonVPN_Streaming_Vimeo_none_4.pcap.TCP_104-156-81-217_443_131-202-240-150_49635_stream_0.pcap,tcp_0,tcp,0,Vimeo,nonVPN,Streaming,Vimeo
nonVPN_Streaming_Vimeo_none_4.pcap.TCP_104-156-81-217_443_131-202-240-150_49660_stream_0.pcap,tcp_0,tcp,0,Vimeo,nonVPN,Streaming,Vimeo
nonVPN_Streaming_Vimeo_none_4.pcap.TCP_104-156-81-217_443_131-202-240-150_49651_stream_0.pcap,tcp_0,tcp,0,Vimeo,nonVPN,Streaming,Vimeo
nonVPN_Streaming_Vimeo_none_4.pcap.TCP_104-156-85-217_443_131-202-240-150_34228_stream_0.pcap,tcp_0,tcp,0,Vimeo,nonVPN,Streaming,Vimeo
nonVPN_Streaming_Vimeo_none_4.pcap.TCP_104-156-85-217_443_131-202-240-150_34232_stream_0.pcap,tcp_0,tcp,0,Vimeo,nonVPN,Streaming,Vimeo
nonVPN_Streaming_Vimeo_none_4.pcap.TCP_104-156-85-217_443_131-202-240-150_34230_stream_0.pcap,tcp_0,tcp,0,Vimeo,nonVPN,Streaming,Vimeo
nonVPN_Streaming_Vimeo_none_4.pcap.TCP_104-156-85-217_443_131-202-240-150_34229_stream_0.pcap,tcp_0,tcp,0,Vimeo,nonVPN,Streaming,Vimeo
nonVPN_Streaming_Vimeo_none_4.pcap.TCP_104-156-85-217_443_131-202-240-150_34239_stream_0.pcap,tcp_0,tcp,0,Vimeo,nonVPN,Streaming,Vimeo
nonVPN_Streaming_Vimeo_none_4.pcap.TCP_104-156-85-217_443_131-202-240-150_34243_stream_0.pcap,tcp_0,tcp,0,Vimeo,nonVPN,Streaming,Vimeo
nonVPN_Streaming_Vimeo_none_4.pcap.TCP_131-202-240-150_38880_192-0-80-242_443_stream_0.pcap,tcp_0,tcp,0,Vimeo,nonVPN,Streaming,Vimeo
nonVPN_Streaming_Vimeo_none_4.pcap.TCP_131-202-240-150_36725_199-127-194-209_443_stream_0.pcap,tcp_0,tcp,0,Vimeo,nonVPN,Streaming,Vimeo
nonVPN_Streaming_Vimeo_none_4.pcap.TCP_131-202-240-150_38882_192-0-80-242_443_stream_0.pcap,tcp_0,tcp,0,Vimeo,nonVPN,Streaming,Vimeo
nonVPN_Streaming_Vimeo_none_4.pcap.TCP_131-202-240-150_38879_192-0-80-242_443_stream_0.pcap,tcp_0,tcp,0,Vimeo,nonVPN,Streaming,Vimeo
nonVPN_Streaming_Vimeo_none_4.pcap.TCP_131-202-240-150_41926_192-0-77-2_443_stream_0.pcap,tcp_0,tcp,0,Vimeo,nonVPN,Streaming,Vimeo
nonVPN_Streaming_Vimeo_none_4.pcap.TCP_131-202-240-150_39782_184-25-69-181_443_stream_0.pcap,tcp_0,tcp,0,Vimeo,nonVPN,Streaming,Vimeo
nonVPN_Streaming_Vimeo_none_4.pcap.TCP_131-202-240-150_39780_184-25-69-181_443_stream_0.pcap,tcp_0,tcp,0,Vimeo,nonVPN,Streaming,Vimeo
nonVPN_Streaming_Vimeo_none_4.pcap.TCP_131-202-240-150_53192_173-194-123-123_443_stream_0.pcap,tcp_0,tcp,0,Vimeo,nonVPN,Streaming,Vimeo
nonVPN_Streaming_Vimeo_none_4.pcap.TCP_23-235-33-217_443_131-202-240-150_40474_stream_0.pcap,tcp_0,tcp,0,Vimeo,nonVPN,Streaming,Vimeo
nonVPN_Streaming_Vimeo_none_4.pcap.TCP_23-235-33-217_443_131-202-240-150_40481_stream_0.pcap,tcp_0,tcp,0,Vimeo,nonVPN,Streaming,Vimeo
nonVPN_Streaming_Vimeo_none_4.pcap.TCP_23-235-33-217_443_131-202-240-150_40475_stream_0.pcap,tcp_0,tcp,0,Vimeo,nonVPN,Streaming,Vimeo
nonVPN_Streaming_Vimeo_none_4.pcap.TCP_23-235-33-217_443_131-202-240-150_40477_stream_0.pcap,tcp_0,tcp,0,Vimeo,nonVPN,Streaming,Vimeo
nonVPN_Streaming_Vimeo_none_4.pcap.TCP_23-235-37-217_443_131-202-240-150_34761_stream_0.pcap,tcp_0,tcp,0,Vimeo,nonVPN,Streaming,Vimeo
nonVPN_Streaming_Vimeo_none_4.pcap.TCP_23-235-33-217_443_131-202-240-150_40478_stream_0.pcap,tcp_0,tcp,0,Vimeo,nonVPN,Streaming,Vimeo
nonVPN_Streaming_Vimeo_none_4.pcap.TCP_23-235-33-217_443_131-202-240-150_40479_stream_0.pcap,tcp_0,tcp,0,Vimeo,nonVPN,Streaming,Vimeo
nonVPN_Streaming_Vimeo_none_1.pcap.TCP_131-202-240-150_34177_209-148-205-41_443_stream_0.pcap,tcp_0,tcp,0,Vimeo,nonVPN,Streaming,Vimeo
nonVPN_Streaming_Vimeo_none_4.pcap.TCP_23-235-37-217_443_131-202-240-150_34767_stream_0.pcap,tcp_0,tcp,0,Vimeo,nonVPN,Streaming,Vimeo
nonVPN_Streaming_Vimeo_none_4.pcap.TCP_23-235-44-143_443_131-202-240-150_59201_stream_0.pcap,tcp_0,tcp,0,Vimeo,nonVPN,Streaming,Vimeo
nonVPN_Streaming_Vimeo_none_4.pcap.TCP_23-235-39-143_443_131-202-240-150_50136_stream_0.pcap,tcp_0,tcp,0,Vimeo,nonVPN,Streaming,Vimeo
nonVPN_Streaming_Vimeo_none_4.pcap.TCP_23-235-39-143_443_131-202-240-150_50133_stream_0.pcap,tcp_0,tcp,0,Vimeo,nonVPN,Streaming,Vimeo
nonVPN_Streaming_Vimeo_none_4.pcap.TCP_23-235-40-143_443_131-202-240-150_54532_stream_0.pcap,tcp_0,tcp,0,Vimeo,nonVPN,Streaming,Vimeo
nonVPN_Streaming_Vimeo_none_4.pcap.TCP_23-235-39-143_443_131-202-240-150_50137_stream_0.pcap,tcp_0,tcp,0,Vimeo,nonVPN,Streaming,Vimeo
nonVPN_Streaming_Vimeo_none_4.pcap.TCP_23-235-44-143_443_131-202-240-150_59199_stream_0.pcap,tcp_0,tcp,0,Vimeo,nonVPN,Streaming,Vimeo
nonVPN_Streaming_Vimeo_none_4.pcap.TCP_23-235-39-143_443_131-202-240-150_50131_stream_0.pcap,tcp_0,tcp,0,Vimeo,nonVPN,Streaming,Vimeo
nonVPN_Streaming_Vimeo_none_4.pcap.TCP_23-235-40-143_443_131-202-240-150_54531_stream_0.pcap,tcp_0,tcp,0,Vimeo,nonVPN,Streaming,Vimeo
nonVPN_Streaming_Vimeo_none_4.pcap.TCP_23-235-39-143_443_131-202-240-150_50111_stream_0.pcap,tcp_0,tcp,0,Vimeo,nonVPN,Streaming,Vimeo
nonVPN_Streaming_Vimeo_none_4.pcap.TCP_23-235-44-143_443_131-202-240-150_59200_stream_0.pcap,tcp_0,tcp,0,Vimeo,nonVPN,Streaming,Vimeo
nonVPN_Streaming_Vimeo_none_4.pcap.TCP_72-21-91-187_443_131-202-240-150_58250_stream_0.pcap,tcp_0,tcp,0,Vimeo,nonVPN,Streaming,Vimeo
nonVPN_Streaming_Vimeo_none_4.pcap.TCP_72-21-91-187_443_131-202-240-150_58292_stream_0.pcap,tcp_0,tcp,0,Vimeo,nonVPN,Streaming,Vimeo
nonVPN_Streaming_Vimeo_none_4.pcap.TCP_72-21-91-187_443_131-202-240-150_58251_stream_0.pcap,tcp_0,tcp,0,Vimeo,nonVPN,Streaming,Vimeo
nonVPN_Streaming_Vimeo_none_4.pcap.TCP_72-21-91-187_443_131-202-240-150_58293_stream_0.pcap,tcp_0,tcp,0,Vimeo,nonVPN,Streaming,Vimeo
nonVPN_Streaming_Vimeo_none_4.pcap.TCP_72-21-91-187_443_131-202-240-150_58249_stream_0.pcap,tcp_0,tcp,0,Vimeo,nonVPN,Streaming,Vimeo
VPN_Streaming_Youtube_none_1.pcap.TCP_10-8-8-138_37997_74-125-226-46_443_stream_0.pcap,tcp_0,tcp,0,Youtube,VPN,Streaming,Youtube
VPN_Streaming_Youtube_none_1.pcap.TCP_10-8-8-138_41534_74-125-226-38_443_stream_0.pcap,tcp_0,tcp,0,Youtube,VPN,Streaming,Youtube
VPN_Streaming_Youtube_none_1.pcap.TCP_10-8-8-138_38029_74-125-226-46_443_stream_0.pcap,tcp_0,tcp,0,Youtube,VPN,Streaming,Youtube
VPN_Streaming_Youtube_none_1.pcap.TCP_10-8-8-138_54222_74-125-226-37_443_stream_0.pcap,tcp_0,tcp,0,Youtube,VPN,Streaming,Youtube
VPN_Streaming_Youtube_none_1.pcap.TCP_10-8-8-138_54977_74-125-226-35_443_stream_0.pcap,tcp_0,tcp,0,Youtube,VPN,Streaming,Youtube
VPN_Streaming_Youtube_none_1.pcap.TCP_10-8-8-138_54185_74-125-226-37_443_stream_0.pcap,tcp_0,tcp,0,Youtube,VPN,Streaming,Youtube
VPN_Streaming_Youtube_none_1.pcap.TCP_10-8-8-138_54159_74-125-226-37_443_stream_0.pcap,tcp_0,tcp,0,Youtube,VPN,Streaming,Youtube
VPN_Streaming_Youtube_none_1.pcap.TCP_10-8-8-138_56558_208-117-251-116_443_stream_0.pcap,tcp_0,tcp,0,Youtube,VPN,Streaming,Youtube
VPN_Streaming_Youtube_none_1.pcap.TCP_10-8-8-138_56563_208-117-251-116_443_stream_0.pcap,tcp_0,tcp,0,Youtube,VPN,Streaming,Youtube
VPN_Streaming_Youtube_none_1.pcap.TCP_10-8-8-138_56565_208-117-251-116_443_stream_0.pcap,tcp_0,tcp,0,Youtube,VPN,Streaming,Youtube
VPN_Streaming_Youtube_none_1.pcap.TCP_10-8-8-138_56564_208-117-251-116_443_stream_0.pcap,tcp_0,tcp,0,Youtube,VPN,Streaming,Youtube
VPN_Streaming_Youtube_none_1.pcap.TCP_10-8-8-138_56557_208-117-251-116_443_stream_0.pcap,tcp_0,tcp,0,Youtube,VPN,Streaming,Youtube
VPN_Streaming_Youtube_none_1.pcap.TCP_10-8-8-138_56573_208-117-251-116_443_stream_0.pcap,tcp_0,tcp,0,Youtube,VPN,Streaming,Youtube
VPN_Streaming_Youtube_none_1.pcap.TCP_10-8-8-138_56569_208-117-251-116_443_stream_0.pcap,tcp_0,tcp,0,Youtube,VPN,Streaming,Youtube
VPN_Streaming_Youtube_none_1.pcap.TCP_10-8-8-138_56567_208-117-251-116_443_stream_0.pcap,tcp_0,tcp,0,Youtube,VPN,Streaming,Youtube
VPN_Streaming_Youtube_none_1.pcap.TCP_10-8-8-138_56566_208-117-251-116_443_stream_0.pcap,tcp_0,tcp,0,Youtube,VPN,Streaming,Youtube
VPN_Streaming_Youtube_none_1.pcap.TCP_10-8-8-138_56582_208-117-251-116_443_stream_0.pcap,tcp_0,tcp,0,Youtube,VPN,Streaming,Youtube
VPN_Streaming_Youtube_none_1.pcap.TCP_10-8-8-138_56575_208-117-251-116_443_stream_0.pcap,tcp_0,tcp,0,Youtube,VPN,Streaming,Youtube
VPN_Streaming_Youtube_none_1.pcap.TCP_10-8-8-138_56586_208-117-251-116_443_stream_0.pcap,tcp_0,tcp,0,Youtube,VPN,Streaming,Youtube
VPN_Streaming_Youtube_none_1.pcap.TCP_10-8-8-138_56585_208-117-251-116_443_stream_0.pcap,tcp_0,tcp,0,Youtube,VPN,Streaming,Youtube
VPN_Streaming_Youtube_none_1.pcap.TCP_10-8-8-138_56581_208-117-251-116_443_stream_0.pcap,tcp_0,tcp,0,Youtube,VPN,Streaming,Youtube
VPN_Streaming_Youtube_none_1.pcap.TCP_10-8-8-138_56594_208-117-251-116_443_stream_0.pcap,tcp_0,tcp,0,Youtube,VPN,Streaming,Youtube
VPN_Streaming_Youtube_none_1.pcap.TCP_10-8-8-138_56599_208-117-251-116_443_stream_0.pcap,tcp_0,tcp,0,Youtube,VPN,Streaming,Youtube
VPN_Streaming_Youtube_none_1.pcap.TCP_10-8-8-138_56596_208-117-251-116_443_stream_0.pcap,tcp_0,tcp,0,Youtube,VPN,Streaming,Youtube
VPN_Streaming_Youtube_none_1.pcap.TCP_10-8-8-138_56570_208-117-251-116_443_stream_0.pcap,tcp_0,tcp,0,Youtube,VPN,Streaming,Youtube
VPN_Streaming_Youtube_none_1.pcap.TCP_10-8-8-138_56559_208-117-251-116_443_stream_0.pcap,tcp_0,tcp,0,Youtube,VPN,Streaming,Youtube
VPN_Streaming_Youtube_none_1.pcap.TCP_10-8-8-138_56574_208-117-251-116_443_stream_0.pcap,tcp_0,tcp,0,Youtube,VPN,Streaming,Youtube
VPN_Streaming_Youtube_none_1.pcap.TCP_10-8-8-138_56601_208-117-251-116_443_stream_0.pcap,tcp_0,tcp,0,Youtube,VPN,Streaming,Youtube
VPN_Streaming_Youtube_none_1.pcap.TCP_10-8-8-138_56600_208-117-251-116_443_stream_0.pcap,tcp_0,tcp,0,Youtube,VPN,Streaming,Youtube
VPN_Streaming_Youtube_none_1.pcap.TCP_10-8-8-138_56571_208-117-251-116_443_stream_0.pcap,tcp_0,tcp,0,Youtube,VPN,Streaming,Youtube
VPN_Streaming_Youtube_none_1.pcap.TCP_10-8-8-138_56609_208-117-251-116_443_stream_0.pcap,tcp_0,tcp,0,Youtube,VPN,Streaming,Youtube
VPN_Streaming_Youtube_none_1.pcap.TCP_10-8-8-138_56611_208-117-251-116_443_stream_0.pcap,tcp_0,tcp,0,Youtube,VPN,Streaming,Youtube
VPN_Streaming_Youtube_none_1.pcap.TCP_10-8-8-138_56604_208-117-251-116_443_stream_0.pcap,tcp_0,tcp,0,Youtube,VPN,Streaming,Youtube
VPN_Streaming_Youtube_none_1.pcap.TCP_10-8-8-138_56602_208-117-251-116_443_stream_0.pcap,tcp_0,tcp,0,Youtube,VPN,Streaming,Youtube
VPN_Streaming_Youtube_none_1.pcap.TCP_10-8-8-138_56612_208-117-251-116_443_stream_0.pcap,tcp_0,tcp,0,Youtube,VPN,Streaming,Youtube
VPN_Streaming_Youtube_none_1.pcap.TCP_10-8-8-138_56576_208-117-251-116_443_stream_0.pcap,tcp_0,tcp,0,Youtube,VPN,Streaming,Youtube
VPN_Streaming_Youtube_none_1.pcap.TCP_10-8-8-138_56613_208-117-251-116_443_stream_0.pcap,tcp_0,tcp,0,Youtube,VPN,Streaming,Youtube
VPN_Streaming_Youtube_none_1.pcap.TCP_10-8-8-138_56619_208-117-251-116_443_stream_0.pcap,tcp_0,tcp,0,Youtube,VPN,Streaming,Youtube
VPN_Streaming_Youtube_none_1.pcap.TCP_10-8-8-138_56625_208-117-251-116_443_stream_0.pcap,tcp_0,tcp,0,Youtube,VPN,Streaming,Youtube
VPN_Streaming_Youtube_none_1.pcap.TCP_10-8-8-138_56577_208-117-251-116_443_stream_0.pcap,tcp_0,tcp,0,Youtube,VPN,Streaming,Youtube
VPN_Streaming_Youtube_none_1.pcap.TCP_10-8-8-138_56623_208-117-251-116_443_stream_0.pcap,tcp_0,tcp,0,Youtube,VPN,Streaming,Youtube
VPN_Streaming_Youtube_none_1.pcap.TCP_10-8-8-138_56610_208-117-251-116_443_stream_0.pcap,tcp_0,tcp,0,Youtube,VPN,Streaming,Youtube
VPN_Streaming_Youtube_none_1.pcap.TCP_10-8-8-138_56603_208-117-251-116_443_stream_0.pcap,tcp_0,tcp,0,Youtube,VPN,Streaming,Youtube
VPN_Streaming_Youtube_none_1.pcap.TCP_10-8-8-138_56605_208-117-251-116_443_stream_0.pcap,tcp_0,tcp,0,Youtube,VPN,Streaming,Youtube
VPN_Streaming_Youtube_none_1.pcap.TCP_10-8-8-138_56627_208-117-251-116_443_stream_0.pcap,tcp_0,tcp,0,Youtube,VPN,Streaming,Youtube
VPN_Streaming_Youtube_none_1.pcap.TCP_10-8-8-138_56587_208-117-251-116_443_stream_0.pcap,tcp_0,tcp,0,Youtube,VPN,Streaming,Youtube
VPN_Streaming_Youtube_none_1.pcap.TCP_10-8-8-138_56631_208-117-251-116_443_stream_0.pcap,tcp_0,tcp,0,Youtube,VPN,Streaming,Youtube
VPN_Streaming_Youtube_none_1.pcap.TCP_10-8-8-138_56635_208-117-251-116_443_stream_0.pcap,tcp_0,tcp,0,Youtube,VPN,Streaming,Youtube
VPN_Streaming_Youtube_none_1.pcap.TCP_10-8-8-138_56638_208-117-251-116_443_stream_0.pcap,tcp_0,tcp,0,Youtube,VPN,Streaming,Youtube
VPN_Streaming_Youtube_none_1.pcap.TCP_10-8-8-138_56634_208-117-251-116_443_stream_0.pcap,tcp_0,tcp,0,Youtube,VPN,Streaming,Youtube
VPN_Streaming_Youtube_none_1.pcap.TCP_10-8-8-138_56629_208-117-251-116_443_stream_0.pcap,tcp_0,tcp,0,Youtube,VPN,Streaming,Youtube
VPN_Streaming_Youtube_none_1.pcap.TCP_10-8-8-138_56630_208-117-251-116_443_stream_0.pcap,tcp_0,tcp,0,Youtube,VPN,Streaming,Youtube
VPN_Streaming_Youtube_none_1.pcap.TCP_10-8-8-138_56639_208-117-251-116_443_stream_0.pcap,tcp_0,tcp,0,Youtube,VPN,Streaming,Youtube
VPN_Streaming_Youtube_none_1.pcap.TCP_10-8-8-138_56640_208-117-251-116_443_stream_0.pcap,tcp_0,tcp,0,Youtube,VPN,Streaming,Youtube
VPN_Streaming_Youtube_none_1.pcap.TCP_10-8-8-138_56645_208-117-251-116_443_stream_0.pcap,tcp_0,tcp,0,Youtube,VPN,Streaming,Youtube
VPN_Streaming_Youtube_none_1.pcap.TCP_10-8-8-138_56644_208-117-251-116_443_stream_0.pcap,tcp_0,tcp,0,Youtube,VPN,Streaming,Youtube
VPN_Streaming_Youtube_none_1.pcap.TCP_10-8-8-138_58868_108-160-169-170_443_stream_0.pcap,tcp_0,tcp,0,Youtube,VPN,Streaming,Youtube
VPN_Streaming_Youtube_none_1.pcap.TCP_10-8-8-138_56642_208-117-251-116_443_stream_0.pcap,tcp_0,tcp,0,Youtube,VPN,Streaming,Youtube
VPN_Streaming_Youtube_none_1.pcap.TCP_10-8-8-138_56647_208-117-251-116_443_stream_0.pcap,tcp_0,tcp,0,Youtube,VPN,Streaming,Youtube
VPN_Streaming_Youtube_none_1.pcap.TCP_10-8-8-138_56646_208-117-251-116_443_stream_0.pcap,tcp_0,tcp,0,Youtube,VPN,Streaming,Youtube
VPN_Streaming_Youtube_none_1.pcap.TCP_10-8-8-138_56632_208-117-251-116_443_stream_0.pcap,tcp_0,tcp,0,Youtube,VPN,Streaming,Youtube
VPN_Streaming_Youtube_none_1.pcap.TCP_10-8-8-138_56641_208-117-251-116_443_stream_0.pcap,tcp_0,tcp,0,Youtube,VPN,Streaming,Youtube
VPN_Streaming_Youtube_none_1.pcap.TCP_10-8-8-138_56617_208-117-251-116_443_stream_0.pcap,tcp_0,tcp,0,Youtube,VPN,Streaming,Youtube
VPN_Streaming_Youtube_none_1.pcap.TCP_10-8-8-138_56633_208-117-251-116_443_stream_0.pcap,tcp_0,tcp,0,Youtube,VPN,Streaming,Youtube
VPN_Streaming_Youtube_none_1.pcap.UDP_10-8-8-138_33367_74-125-226-37_443_stream_0.pcap,udp_0,udp,0,Youtube,VPN,Streaming,Youtube
VPN_Streaming_Youtube_none_1.pcap.UDP_10-8-8-138_35657_74-125-226-47_443_stream_0.pcap,udp_0,udp,0,Youtube,VPN,Streaming,Youtube
VPN_Streaming_Youtube_none_1.pcap.UDP_10-8-8-138_35958_74-125-226-38_443_stream_0.pcap,udp_0,udp,0,Youtube,VPN,Streaming,Youtube
VPN_Streaming_Youtube_none_1.pcap.UDP_10-8-8-138_36034_74-125-226-56_443_stream_0.pcap,udp_0,udp,0,Youtube,VPN,Streaming,Youtube
VPN_Streaming_Youtube_none_1.pcap.UDP_10-8-8-138_35870_74-125-226-37_443_stream_0.pcap,udp_0,udp,0,Youtube,VPN,Streaming,Youtube
VPN_Streaming_Youtube_none_1.pcap.UDP_10-8-8-138_37934_74-125-226-39_443_stream_0.pcap,udp_0,udp,0,Youtube,VPN,Streaming,Youtube
VPN_Streaming_Youtube_none_1.pcap.UDP_10-8-8-138_36291_74-125-226-34_443_stream_0.pcap,udp_0,udp,0,Youtube,VPN,Streaming,Youtube
VPN_Streaming_Youtube_none_1.pcap.UDP_10-8-8-138_38890_74-125-226-39_443_stream_0.pcap,udp_0,udp,0,Youtube,VPN,Streaming,Youtube
VPN_Streaming_Youtube_none_1.pcap.UDP_10-8-8-138_39606_74-125-226-37_443_stream_0.pcap,udp_0,udp,0,Youtube,VPN,Streaming,Youtube
VPN_Streaming_Youtube_none_1.pcap.UDP_10-8-8-138_39793_74-125-226-33_443_stream_0.pcap,udp_0,udp,0,Youtube,VPN,Streaming,Youtube
VPN_Streaming_Youtube_none_1.pcap.UDP_10-8-8-138_40646_74-125-226-35_443_stream_0.pcap,udp_0,udp,0,Youtube,VPN,Streaming,Youtube
VPN_Streaming_Youtube_none_1.pcap.UDP_10-8-8-138_36089_74-125-226-36_443_stream_0.pcap,udp_0,udp,0,Youtube,VPN,Streaming,Youtube
VPN_Streaming_Youtube_none_1.pcap.UDP_10-8-8-138_41726_74-125-226-37_443_stream_0.pcap,udp_0,udp,0,Youtube,VPN,Streaming,Youtube
VPN_Streaming_Youtube_none_1.pcap.UDP_10-8-8-138_42040_74-125-226-35_443_stream_0.pcap,udp_0,udp,0,Youtube,VPN,Streaming,Youtube
VPN_Streaming_Youtube_none_1.pcap.UDP_10-8-8-138_42184_74-125-226-37_443_stream_0.pcap,udp_0,udp,0,Youtube,VPN,Streaming,Youtube
VPN_Streaming_Youtube_none_1.pcap.UDP_10-8-8-138_43017_74-125-226-37_443_stream_0.pcap,udp_0,udp,0,Youtube,VPN,Streaming,Youtube
VPN_Streaming_Youtube_none_1.pcap.UDP_10-8-8-138_44350_74-125-226-38_443_stream_0.pcap,udp_0,udp,0,Youtube,VPN,Streaming,Youtube
VPN_Streaming_Youtube_none_1.pcap.UDP_10-8-8-138_44993_74-125-226-34_443_stream_0.pcap,udp_0,udp,0,Youtube,VPN,Streaming,Youtube
VPN_Streaming_Youtube_none_1.pcap.UDP_10-8-8-138_46117_74-125-226-38_443_stream_0.pcap,udp_0,udp,0,Youtube,VPN,Streaming,Youtube
VPN_Streaming_Youtube_none_1.pcap.UDP_10-8-8-138_46440_74-125-226-35_443_stream_0.pcap,udp_0,udp,0,Youtube,VPN,Streaming,Youtube
VPN_Streaming_Youtube_none_1.pcap.UDP_10-8-8-138_46477_74-125-226-46_443_stream_0.pcap,udp_0,udp,0,Youtube,VPN,Streaming,Youtube
VPN_Streaming_Youtube_none_1.pcap.UDP_10-8-8-138_47471_74-125-226-38_443_stream_0.pcap,udp_0,udp,0,Youtube,VPN,Streaming,Youtube
VPN_Streaming_Youtube_none_1.pcap.UDP_10-8-8-138_47739_74-125-226-33_443_stream_0.pcap,udp_0,udp,0,Youtube,VPN,Streaming,Youtube
VPN_Streaming_Youtube_none_1.pcap.UDP_10-8-8-138_47503_74-125-226-34_443_stream_0.pcap,udp_0,udp,0,Youtube,VPN,Streaming,Youtube
VPN_Streaming_Youtube_none_1.pcap.UDP_10-8-8-138_48603_74-125-226-46_443_stream_0.pcap,udp_0,udp,0,Youtube,VPN,Streaming,Youtube
VPN_Streaming_Youtube_none_1.pcap.UDP_10-8-8-138_49154_74-125-226-46_443_stream_0.pcap,udp_0,udp,0,Youtube,VPN,Streaming,Youtube
VPN_Streaming_Youtube_none_1.pcap.UDP_10-8-8-138_50048_74-125-226-39_443_stream_0.pcap,udp_0,udp,0,Youtube,VPN,Streaming,Youtube
VPN_Streaming_Youtube_none_1.pcap.UDP_10-8-8-138_50543_74-125-226-37_443_stream_0.pcap,udp_0,udp,0,Youtube,VPN,Streaming,Youtube
VPN_Streaming_Youtube_none_1.pcap.UDP_10-8-8-138_50675_74-125-226-57_443_stream_0.pcap,udp_0,udp,0,Youtube,VPN,Streaming,Youtube
VPN_Streaming_Youtube_none_1.pcap.UDP_10-8-8-138_51424_74-125-226-37_443_stream_0.pcap,udp_0,udp,0,Youtube,VPN,Streaming,Youtube
VPN_Streaming_Youtube_none_1.pcap.UDP_10-8-8-138_51740_74-125-226-37_443_stream_0.pcap,udp_0,udp,0,Youtube,VPN,Streaming,Youtube
VPN_Streaming_Youtube_none_1.pcap.UDP_10-8-8-138_54813_74-125-226-37_443_stream_0.pcap,udp_0,udp,0,Youtube,VPN,Streaming,Youtube
VPN_Streaming_Youtube_none_1.pcap.UDP_10-8-8-138_53583_74-125-226-33_443_stream_0.pcap,udp_0,udp,0,Youtube,VPN,Streaming,Youtube
VPN_Streaming_Youtube_none_1.pcap.UDP_10-8-8-138_55343_74-125-226-32_443_stream_0.pcap,udp_0,udp,0,Youtube,VPN,Streaming,Youtube
VPN_Streaming_Youtube_none_1.pcap.UDP_10-8-8-138_52861_74-125-226-47_443_stream_0.pcap,udp_0,udp,0,Youtube,VPN,Streaming,Youtube
VPN_Streaming_Youtube_none_1.pcap.UDP_10-8-8-138_55929_74-125-226-37_443_stream_0.pcap,udp_0,udp,0,Youtube,VPN,Streaming,Youtube
VPN_Streaming_Youtube_none_1.pcap.UDP_10-8-8-138_56384_74-125-226-46_443_stream_0.pcap,udp_0,udp,0,Youtube,VPN,Streaming,Youtube
VPN_Streaming_Youtube_none_1.pcap.UDP_10-8-8-138_56017_74-125-226-46_443_stream_0.pcap,udp_0,udp,0,Youtube,VPN,Streaming,Youtube
VPN_Streaming_Youtube_none_1.pcap.UDP_10-8-8-138_56956_74-125-226-46_443_stream_0.pcap,udp_0,udp,0,Youtube,VPN,Streaming,Youtube
VPN_Streaming_Youtube_none_1.pcap.UDP_10-8-8-138_56625_74-125-226-33_443_stream_0.pcap,udp_0,udp,0,Youtube,VPN,Streaming,Youtube
VPN_Streaming_Youtube_none_1.pcap.UDP_10-8-8-138_58180_74-125-226-38_443_stream_0.pcap,udp_0,udp,0,Youtube,VPN,Streaming,Youtube
VPN_Streaming_Youtube_none_1.pcap.UDP_10-8-8-138_58205_74-125-226-46_443_stream_0.pcap,udp_0,udp,0,Youtube,VPN,Streaming,Youtube
VPN_Streaming_Youtube_none_1.pcap.UDP_10-8-8-138_58323_74-125-226-46_443_stream_0.pcap,udp_0,udp,0,Youtube,VPN,Streaming,Youtube
VPN_Streaming_Youtube_none_1.pcap.UDP_10-8-8-138_58291_74-125-226-33_443_stream_0.pcap,udp_0,udp,0,Youtube,VPN,Streaming,Youtube
VPN_Streaming_Youtube_none_1.pcap.UDP_10-8-8-138_59924_74-125-226-32_443_stream_0.pcap,udp_0,udp,0,Youtube,VPN,Streaming,Youtube
VPN_Streaming_Youtube_none_1.pcap.UDP_10-8-8-138_60371_74-125-226-32_443_stream_0.pcap,udp_0,udp,0,Youtube,VPN,Streaming,Youtube
VPN_Streaming_Youtube_none_1.pcap.UDP_10-8-8-138_59322_74-125-226-38_443_stream_0.pcap,udp_0,udp,0,Youtube,VPN,Streaming,Youtube
VPN_Streaming_Youtube_none_1.pcap.UDP_10-8-8-138_60814_74-125-226-39_443_stream_0.pcap,udp_0,udp,0,Youtube,VPN,Streaming,Youtube
nonVPN_Streaming_Youtube_none_1.pcap.TCP_131-202-240-150_47387_216-58-219-238_443_stream_0.pcap,tcp_0,tcp,0,Youtube,nonVPN,Streaming,Youtube
nonVPN_Streaming_Youtube_none_1.pcap.TCP_131-202-240-150_47406_216-58-219-238_443_stream_0.pcap,tcp_0,tcp,0,Youtube,nonVPN,Streaming,Youtube
nonVPN_Streaming_Youtube_none_1.pcap.TCP_131-202-240-150_59295_216-58-219-206_443_stream_0.pcap,tcp_0,tcp,0,Youtube,nonVPN,Streaming,Youtube
nonVPN_Streaming_Youtube_none_1.pcap.TCP_131-202-240-150_59311_216-58-219-206_443_stream_0.pcap,tcp_0,tcp,0,Youtube,nonVPN,Streaming,Youtube
nonVPN_Streaming_Youtube_none_1.pcap.TCP_63-245-217-43_443_131-202-240-150_40096_stream_0.pcap,tcp_0,tcp,0,Youtube,nonVPN,Streaming,Youtube
nonVPN_Streaming_Youtube_none_1.pcap.TCP_63-245-215-95_443_131-202-240-150_33690_stream_0.pcap,tcp_0,tcp,0,Youtube,nonVPN,Streaming,Youtube
nonVPN_Streaming_Youtube_none_1.pcap.TCP_131-202-240-150_53736_199-212-24-173_443_stream_0.pcap,tcp_0,tcp,0,Youtube,nonVPN,Streaming,Youtube
nonVPN_Streaming_Youtube_none_2.pcap.TCP_131-202-240-150_34437_216-58-219-225_443_stream_0.pcap,tcp_0,tcp,0,Youtube,nonVPN,Streaming,Youtube
nonVPN_Streaming_Youtube_none_2.pcap.TCP_131-202-240-150_49498_216-58-219-238_80_stream_0.pcap,tcp_0,tcp,0,Youtube,nonVPN,Streaming,Youtube
nonVPN_Streaming_Youtube_none_2.pcap.TCP_131-202-240-150_47632_216-58-219-238_443_stream_0.pcap,tcp_0,tcp,0,Youtube,nonVPN,Streaming,Youtube
nonVPN_Streaming_Youtube_none_2.pcap.TCP_131-202-240-150_58587_199-212-24-175_443_stream_0.pcap,tcp_0,tcp,0,Youtube,nonVPN,Streaming,Youtube
nonVPN_Streaming_Youtube_none_2.pcap.TCP_131-202-240-150_43919_199-212-24-174_443_stream_0.pcap,tcp_0,tcp,0,Youtube,nonVPN,Streaming,Youtube
nonVPN_Streaming_Youtube_none_3.pcap.TCP_131-202-240-150_53805_173-194-123-101_443_stream_0.pcap,tcp_0,tcp,0,Youtube,nonVPN,Streaming,Youtube
nonVPN_Streaming_Youtube_none_3.pcap.TCP_63-245-217-113_443_131-202-240-150_55315_stream_0.pcap,tcp_0,tcp,0,Youtube,nonVPN,Streaming,Youtube
nonVPN_Streaming_Youtube_none_3.pcap.TCP_72-21-91-29_80_131-202-240-150_58372_stream_0.pcap,tcp_0,tcp,0,Youtube,nonVPN,Streaming,Youtube
nonVPN_Streaming_Youtube_none_3.pcap.TCP_72-21-91-29_80_131-202-240-150_58373_stream_0.pcap,tcp_0,tcp,0,Youtube,nonVPN,Streaming,Youtube
nonVPN_Streaming_Youtube_none_3.pcap.TCP_131-202-240-150_58600_199-212-24-175_443_stream_0.pcap,tcp_0,tcp,0,Youtube,nonVPN,Streaming,Youtube
nonVPN_Streaming_Youtube_none_4.pcap.TCP_131-202-240-150_47990_216-58-219-238_443_stream_0.pcap,tcp_0,tcp,0,Youtube,nonVPN,Streaming,Youtube
nonVPN_Streaming_Youtube_none_4.pcap.TCP_131-202-240-150_47991_216-58-219-238_443_stream_0.pcap,tcp_0,tcp,0,Youtube,nonVPN,Streaming,Youtube
nonVPN_Streaming_Youtube_none_4.pcap.TCP_131-202-240-150_52369_173-194-123-123_443_stream_0.pcap,tcp_0,tcp,0,Youtube,nonVPN,Streaming,Youtube
nonVPN_Streaming_Youtube_none_4.pcap.TCP_131-202-240-150_44157_173-194-20-107_443_stream_0.pcap,tcp_0,tcp,0,Youtube,nonVPN,Streaming,Youtube
nonVPN_Streaming_Youtube_none_4.pcap.TCP_131-202-240-150_58936_199-212-24-175_443_stream_0.pcap,tcp_0,tcp,0,Youtube,nonVPN,Streaming,Youtube
nonVPN_Streaming_Youtube_none_4.pcap.TCP_54-247-90-74_443_131-202-240-150_49462_stream_0.pcap,tcp_0,tcp,0,Youtube,nonVPN,Streaming,Youtube
nonVPN_Streaming_Youtube_none_4.pcap.TCP_72-167-239-239_80_131-202-240-150_59366_stream_0.pcap,tcp_0,tcp,0,Youtube,nonVPN,Streaming,Youtube
nonVPN_Streaming_Youtube_none_5.pcap.TCP_131-202-240-150_48018_216-58-219-238_443_stream_0.pcap,tcp_0,tcp,0,Youtube,nonVPN,Streaming,Youtube
nonVPN_Streaming_Youtube_none_5.pcap.TCP_131-202-240-150_48016_216-58-219-238_443_stream_0.pcap,tcp_0,tcp,0,Youtube,nonVPN,Streaming,Youtube
nonVPN_Streaming_Youtube_none_5.pcap.TCP_131-202-240-150_48015_216-58-219-238_443_stream_0.pcap,tcp_0,tcp,0,Youtube,nonVPN,Streaming,Youtube
nonVPN_Streaming_Youtube_none_5.pcap.TCP_131-202-240-150_51658_173-252-100-27_443_stream_0.pcap,tcp_0,tcp,0,Youtube,nonVPN,Streaming,Youtube
nonVPN_Streaming_Youtube_none_5.pcap.TCP_131-202-240-150_54701_173-194-123-99_443_stream_0.pcap,tcp_0,tcp,0,Youtube,nonVPN,Streaming,Youtube
nonVPN_Streaming_Youtube_none_5.pcap.TCP_131-202-240-150_56880_199-212-24-172_443_stream_0.pcap,tcp_0,tcp,0,Youtube,nonVPN,Streaming,Youtube
nonVPN_Streaming_Youtube_none_5.pcap.TCP_131-202-240-150_57912_173-194-123-106_443_stream_0.pcap,tcp_0,tcp,0,Youtube,nonVPN,Streaming,Youtube
nonVPN_Streaming_Youtube_none_5.pcap.TCP_131-202-240-150_55326_173-194-123-96_443_stream_0.pcap,tcp_0,tcp,0,Youtube,nonVPN,Streaming,Youtube
nonVPN_Streaming_Youtube_none_5.pcap.TCP_72-21-91-29_80_131-202-240-150_58735_stream_0.pcap,tcp_0,tcp,0,Youtube,nonVPN,Streaming,Youtube
nonVPN_Streaming_Youtube_none_5.pcap.TCP_89-31-101-136_443_131-202-240-150_52610_stream_0.pcap,tcp_0,tcp,0,Youtube,nonVPN,Streaming,Youtube
nonVPN_Streaming_Youtube_none_5.pcap.TCP_89-31-101-136_443_131-202-240-150_52608_stream_0.pcap,tcp_0,tcp,0,Youtube,nonVPN,Streaming,Youtube
nonVPN_Streaming_Youtube_none_5.pcap.TCP_131-202-240-150_44286_199-212-24-174_443_stream_0.pcap,tcp_0,tcp,0,Youtube,nonVPN,Streaming,Youtube
nonVPN_Streaming_Youtube_none_5.pcap.UDP_68-186-124-28_2272_131-202-240-150_3159_stream_0.pcap,udp_0,udp,0,Youtube,nonVPN,Streaming,Youtube
nonVPN_Streaming_Youtube_none_6.pcap.TCP_131-202-240-150_34825_216-58-219-225_443_stream_0.pcap,tcp_0,tcp,0,Youtube,nonVPN,Streaming,Youtube
nonVPN_Streaming_Youtube_none_6.pcap.TCP_131-202-240-150_48023_216-58-219-238_443_stream_0.pcap,tcp_0,tcp,0,Youtube,nonVPN,Streaming,Youtube
nonVPN_Streaming_Youtube_none_6.pcap.TCP_131-202-240-150_58977_199-212-24-175_443_stream_0.pcap,tcp_0,tcp,0,Youtube,nonVPN,Streaming,Youtube
nonVPN_Streaming_Youtube_none_7.pcap.TCP_131-202-240-150_33431_173-194-54-173_443_stream_0.pcap,tcp_0,tcp,0,Youtube,nonVPN,Streaming,Youtube
nonVPN_Streaming_Youtube_none_7.pcap.TCP_131-202-240-150_33433_173-194-54-173_443_stream_0.pcap,tcp_0,tcp,0,Youtube,nonVPN,Streaming,Youtube
nonVPN_Streaming_Youtube_none_7.pcap.TCP_131-202-240-150_33432_173-194-54-173_443_stream_0.pcap,tcp_0,tcp,0,Youtube,nonVPN,Streaming,Youtube
nonVPN_Streaming_Youtube_none_7.pcap.TCP_131-202-240-150_48205_216-58-219-238_443_stream_0.pcap,tcp_0,tcp,0,Youtube,nonVPN,Streaming,Youtube
nonVPN_Streaming_Youtube_none_7.pcap.TCP_131-202-240-150_48229_216-58-219-238_443_stream_0.pcap,tcp_0,tcp,0,Youtube,nonVPN,Streaming,Youtube
nonVPN_Streaming_Youtube_none_7.pcap.TCP_131-202-240-150_48231_216-58-219-238_443_stream_0.pcap,tcp_0,tcp,0,Youtube,nonVPN,Streaming,Youtube
nonVPN_Streaming_Youtube_none_7.pcap.TCP_131-202-240-150_48236_216-58-219-238_443_stream_0.pcap,tcp_0,tcp,0,Youtube,nonVPN,Streaming,Youtube
nonVPN_Streaming_Youtube_none_7.pcap.TCP_131-202-240-150_54541_199-212-24-173_443_stream_0.pcap,tcp_0,tcp,0,Youtube,nonVPN,Streaming,Youtube
nonVPN_Streaming_Youtube_none_7.pcap.TCP_131-202-240-150_54542_199-212-24-173_443_stream_0.pcap,tcp_0,tcp,0,Youtube,nonVPN,Streaming,Youtube
nonVPN_Streaming_Youtube_none_7.pcap.TCP_131-202-240-150_52960_216-58-217-129_443_stream_0.pcap,tcp_0,tcp,0,Youtube,nonVPN,Streaming,Youtube
nonVPN_Streaming_Youtube_none_7.pcap.TCP_131-202-240-150_54543_199-212-24-173_443_stream_0.pcap,tcp_0,tcp,0,Youtube,nonVPN,Streaming,Youtube
nonVPN_Streaming_Youtube_none_7.pcap.TCP_131-202-240-150_54571_199-212-24-173_443_stream_0.pcap,tcp_0,tcp,0,Youtube,nonVPN,Streaming,Youtube
nonVPN_Streaming_Youtube_none_7.pcap.TCP_131-202-240-150_54572_199-212-24-173_443_stream_0.pcap,tcp_0,tcp,0,Youtube,nonVPN,Streaming,Youtube
nonVPN_Streaming_Youtube_none_7.pcap.TCP_131-202-240-150_54539_199-212-24-173_443_stream_0.pcap,tcp_0,tcp,0,Youtube,nonVPN,Streaming,Youtube
nonVPN_Streaming_Youtube_none_7.pcap.TCP_131-202-240-150_54574_199-212-24-173_443_stream_0.pcap,tcp_0,tcp,0,Youtube,nonVPN,Streaming,Youtube
nonVPN_Streaming_Youtube_none_7.pcap.TCP_131-202-240-150_54569_199-212-24-173_443_stream_0.pcap,tcp_0,tcp,0,Youtube,nonVPN,Streaming,Youtube
nonVPN_Streaming_Youtube_none_7.pcap.TCP_131-202-240-150_54565_199-212-24-173_443_stream_0.pcap,tcp_0,tcp,0,Youtube,nonVPN,Streaming,Youtube
nonVPN_Streaming_Youtube_none_7.pcap.TCP_131-202-240-150_54575_199-212-24-173_443_stream_0.pcap,tcp_0,tcp,0,Youtube,nonVPN,Streaming,Youtube
nonVPN_Streaming_Youtube_none_7.pcap.TCP_131-202-240-150_56124_173-194-61-240_443_stream_0.pcap,tcp_0,tcp,0,Youtube,nonVPN,Streaming,Youtube
nonVPN_Streaming_Youtube_none_7.pcap.TCP_131-202-240-150_59150_199-212-24-175_443_stream_0.pcap,tcp_0,tcp,0,Youtube,nonVPN,Streaming,Youtube
nonVPN_Streaming_Youtube_none_7.pcap.TCP_131-202-240-150_59153_199-212-24-175_443_stream_0.pcap,tcp_0,tcp,0,Youtube,nonVPN,Streaming,Youtube
nonVPN_Streaming_Youtube_none_7.pcap.TCP_131-202-240-150_59151_199-212-24-175_443_stream_0.pcap,tcp_0,tcp,0,Youtube,nonVPN,Streaming,Youtube
nonVPN_Streaming_Youtube_none_7.pcap.TCP_131-202-240-150_59193_199-212-24-175_443_stream_0.pcap,tcp_0,tcp,0,Youtube,nonVPN,Streaming,Youtube
nonVPN_Streaming_Youtube_none_7.pcap.TCP_131-202-240-150_59154_199-212-24-175_443_stream_0.pcap,tcp_0,tcp,0,Youtube,nonVPN,Streaming,Youtube
nonVPN_Streaming_Youtube_none_7.pcap.TCP_131-202-240-150_59194_199-212-24-175_443_stream_0.pcap,tcp_0,tcp,0,Youtube,nonVPN,Streaming,Youtube
nonVPN_Streaming_Youtube_none_7.pcap.TCP_74-201-141-150_443_131-202-240-150_35481_stream_0.pcap,tcp_0,tcp,0,Youtube,nonVPN,Streaming,Youtube
nonVPN_Streaming_Youtube_none_7.pcap.TCP_74-125-226-4_443_131-202-240-150_53274_stream_0.pcap,tcp_0,tcp,0,Youtube,nonVPN,Streaming,Youtube
nonVPN_Streaming_Youtube_none_7.pcap.TCP_131-202-240-150_54563_199-212-24-173_443_stream_0.pcap,tcp_0,tcp,0,Youtube,nonVPN,Streaming,Youtube
nonVPN_Streaming_Youtube_none_7.pcap.TCP_131-202-240-150_54540_199-212-24-173_443_stream_0.pcap,tcp_0,tcp,0,Youtube,nonVPN,Streaming,Youtube
VPN_VoIP_VoIPBuster_none_1.pcap.TCP_10-8-8-222_61108_131-202-6-26_13000_stream_0.pcap,tcp_0,tcp,0,VoIPBuster,VPN,VoIP,VoIPBuster
VPN_VoIP_VoIPBuster_none_1.pcap.TCP_10-8-8-222_61107_131-202-6-26_13000_stream_0.pcap,tcp_0,tcp,0,VoIPBuster,VPN,VoIP,VoIPBuster
VPN_VoIP_VoIPBuster_none_1.pcap.TCP_10-8-8-222_61110_161-69-12-13_80_stream_0.pcap,tcp_0,tcp,0,VoIPBuster,VPN,VoIP,VoIPBuster
VPN_VoIP_VoIPBuster_none_1.pcap.TCP_10-8-8-222_61106_131-202-6-26_13000_stream_0.pcap,tcp_0,tcp,0,VoIPBuster,VPN,VoIP,VoIPBuster
VPN_VoIP_VoIPBuster_none_1.pcap.TCP_10-8-8-222_61120_178-255-83-1_80_stream_0.pcap,tcp_0,tcp,0,VoIPBuster,VPN,VoIP,VoIPBuster
VPN_VoIP_VoIPBuster_none_1.pcap.TCP_10-8-8-222_61124_178-255-83-1_80_stream_0.pcap,tcp_0,tcp,0,VoIPBuster,VPN,VoIP,VoIPBuster
VPN_VoIP_VoIPBuster_none_1.pcap.TCP_10-8-8-222_61105_131-202-6-26_13000_stream_0.pcap,tcp_0,tcp,0,VoIPBuster,VPN,VoIP,VoIPBuster
VPN_VoIP_VoIPBuster_none_1.pcap.TCP_10-8-8-222_61114_161-69-13-21_443_stream_0.pcap,tcp_0,tcp,0,VoIPBuster,VPN,VoIP,VoIPBuster
VPN_VoIP_VoIPBuster_none_1.pcap.TCP_10-8-8-222_61136_161-69-13-21_443_stream_0.pcap,tcp_0,tcp,0,VoIPBuster,VPN,VoIP,VoIPBuster
VPN_VoIP_VoIPBuster_none_1.pcap.TCP_10-8-8-222_61138_131-202-6-26_13000_stream_0.pcap,tcp_0,tcp,0,VoIPBuster,VPN,VoIP,VoIPBuster
VPN_VoIP_VoIPBuster_none_1.pcap.TCP_10-8-8-222_61141_212-73-221-202_80_stream_0.pcap,tcp_0,tcp,0,VoIPBuster,VPN,VoIP,VoIPBuster
VPN_VoIP_VoIPBuster_none_1.pcap.TCP_10-8-8-222_61148_131-202-6-26_13000_stream_0.pcap,tcp_0,tcp,0,VoIPBuster,VPN,VoIP,VoIPBuster
VPN_VoIP_VoIPBuster_none_1.pcap.TCP_10-8-8-222_61151_131-202-6-26_13000_stream_0.pcap,tcp_0,tcp,0,VoIPBuster,VPN,VoIP,VoIPBuster
VPN_VoIP_VoIPBuster_none_1.pcap.TCP_10-8-8-222_61149_131-202-6-26_13000_stream_0.pcap,tcp_0,tcp,0,VoIPBuster,VPN,VoIP,VoIPBuster
VPN_VoIP_VoIPBuster_none_1.pcap.UDP_10-8-8-222_44886_77-72-169-162_6901_stream_0.pcap,udp_0,udp,0,VoIPBuster,VPN,VoIP,VoIPBuster
VPN_VoIP_VoIPBuster_none_1.pcap.UDP_10-8-8-222_53075_77-72-169-133_11113_stream_0.pcap,udp_0,udp,0,VoIPBuster,VPN,VoIP,VoIPBuster
VPN_VoIP_VoIPBuster_none_1.pcap.UDP_10-8-8-222_59286_77-72-169-162_6901_stream_0.pcap,udp_0,udp,0,VoIPBuster,VPN,VoIP,VoIPBuster
VPN_VoIP_VoIPBuster_none_1.pcap.UDP_10-8-8-222_64851_77-72-169-162_6901_stream_0.pcap,udp_0,udp,0,VoIPBuster,VPN,VoIP,VoIPBuster
VPN_VoIP_VoIPBuster_none_2.pcap.TCP_10-8-8-246_29908_191-232-139-4_443_stream_0.pcap,tcp_0,tcp,0,VoIPBuster,VPN,VoIP,VoIPBuster
VPN_VoIP_VoIPBuster_none_2.pcap.TCP_10-8-8-246_29902_184-27-206-8_443_stream_0.pcap,tcp_0,tcp,0,VoIPBuster,VPN,VoIP,VoIPBuster
VPN_VoIP_VoIPBuster_none_2.pcap.TCP_10-8-8-246_29910_131-202-6-26_13000_stream_0.pcap,tcp_0,tcp,0,VoIPBuster,VPN,VoIP,VoIPBuster
VPN_VoIP_VoIPBuster_none_2.pcap.TCP_10-8-8-246_29918_131-202-6-26_13000_stream_0.pcap,tcp_0,tcp,0,VoIPBuster,VPN,VoIP,VoIPBuster
VPN_VoIP_VoIPBuster_none_2.pcap.TCP_10-8-8-246_29915_131-202-6-26_13000_stream_0.pcap,tcp_0,tcp,0,VoIPBuster,VPN,VoIP,VoIPBuster
VPN_VoIP_VoIPBuster_none_2.pcap.TCP_10-8-8-246_29916_131-202-6-26_13000_stream_0.pcap,tcp_0,tcp,0,VoIPBuster,VPN,VoIP,VoIPBuster
VPN_VoIP_VoIPBuster_none_2.pcap.TCP_10-8-8-246_29913_131-202-6-26_13000_stream_0.pcap,tcp_0,tcp,0,VoIPBuster,VPN,VoIP,VoIPBuster
VPN_VoIP_VoIPBuster_none_2.pcap.TCP_10-8-8-246_29927_134-170-58-123_443_stream_0.pcap,tcp_0,tcp,0,VoIPBuster,VPN,VoIP,VoIPBuster
VPN_VoIP_VoIPBuster_none_2.pcap.TCP_10-8-8-246_29938_131-202-6-26_13000_stream_0.pcap,tcp_0,tcp,0,VoIPBuster,VPN,VoIP,VoIPBuster
VPN_VoIP_VoIPBuster_none_2.pcap.TCP_10-8-8-246_29949_131-202-6-26_13000_stream_0.pcap,tcp_0,tcp,0,VoIPBuster,VPN,VoIP,VoIPBuster
VPN_VoIP_VoIPBuster_none_2.pcap.TCP_10-8-8-246_29948_131-202-6-26_13000_stream_0.pcap,tcp_0,tcp,0,VoIPBuster,VPN,VoIP,VoIPBuster
VPN_VoIP_VoIPBuster_none_2.pcap.TCP_10-8-8-246_29941_80-239-174-47_80_stream_0.pcap,tcp_0,tcp,0,VoIPBuster,VPN,VoIP,VoIPBuster
VPN_VoIP_VoIPBuster_none_2.pcap.UDP_10-8-8-246_16505_77-72-169-160_6901_stream_0.pcap,udp_0,udp,0,VoIPBuster,VPN,VoIP,VoIPBuster
VPN_VoIP_VoIPBuster_none_2.pcap.UDP_10-8-8-246_19729_77-72-169-160_6901_stream_0.pcap,udp_0,udp,0,VoIPBuster,VPN,VoIP,VoIPBuster
VPN_VoIP_VoIPBuster_none_2.pcap.UDP_10-8-8-246_32823_77-72-169-160_6901_stream_0.pcap,udp_0,udp,0,VoIPBuster,VPN,VoIP,VoIPBuster
VPN_VoIP_VoIPBuster_none_1.pcap.UDP_10-8-8-222_53075_80-239-235-110_11666_stream_0.pcap,udp_0,udp,0,VoIPBuster,VPN,VoIP,VoIPBuster
VPN_VoIP_VoIPBuster_none_2.pcap.UDP_10-8-8-246_60245_80-239-235-110_11666_stream_0.pcap,udp_0,udp,0,VoIPBuster,VPN,VoIP,VoIPBuster
nonVPN_VoIP_VoIPBuster_none_1.pcap.TCP_131-202-6-26_13111_131-202-240-87_16908_stream_0.pcap,tcp_0,tcp,0,VoIPBuster,nonVPN,VoIP,VoIPBuster
nonVPN_VoIP_VoIPBuster_none_1.pcap.TCP_131-202-6-26_13111_131-202-240-87_16905_stream_0.pcap,tcp_0,tcp,0,VoIPBuster,nonVPN,VoIP,VoIPBuster
nonVPN_VoIP_VoIPBuster_none_1.pcap.TCP_131-202-6-26_13111_131-202-240-87_16904_stream_0.pcap,tcp_0,tcp,0,VoIPBuster,nonVPN,VoIP,VoIPBuster
nonVPN_VoIP_VoIPBuster_none_1.pcap.TCP_131-202-6-26_13111_131-202-240-87_16907_stream_0.pcap,tcp_0,tcp,0,VoIPBuster,nonVPN,VoIP,VoIPBuster
nonVPN_VoIP_VoIPBuster_none_1.pcap.TCP_131-202-6-26_13111_131-202-240-87_16937_stream_0.pcap,tcp_0,tcp,0,VoIPBuster,nonVPN,VoIP,VoIPBuster
nonVPN_VoIP_VoIPBuster_none_1.pcap.TCP_82-237-50-189_32343_131-202-240-87_16900_stream_0.pcap,tcp_0,tcp,0,VoIPBuster,nonVPN,VoIP,VoIPBuster
nonVPN_VoIP_VoIPBuster_none_1.pcap.TCP_88-179-129-216_31724_131-202-240-87_16898_stream_0.pcap,tcp_0,tcp,0,VoIPBuster,nonVPN,VoIP,VoIPBuster
nonVPN_VoIP_VoIPBuster_none_1.pcap.UDP_131-202-240-87_17599_195-219-64-228_80_stream_0.pcap,udp_0,udp,0,VoIPBuster,nonVPN,VoIP,VoIPBuster
nonVPN_VoIP_VoIPBuster_none_1.pcap.UDP_131-202-240-87_17599_180-87-10-1_80_stream_0.pcap,udp_0,udp,0,VoIPBuster,nonVPN,VoIP,VoIPBuster
nonVPN_VoIP_VoIPBuster_none_1.pcap.UDP_131-202-240-87_17599_194-221-62-228_80_stream_0.pcap,udp_0,udp,0,VoIPBuster,nonVPN,VoIP,VoIPBuster
nonVPN_VoIP_VoIPBuster_none_1.pcap.UDP_131-202-240-87_17599_208-167-230-116_80_stream_0.pcap,udp_0,udp,0,VoIPBuster,nonVPN,VoIP,VoIPBuster
nonVPN_VoIP_VoIPBuster_none_1.pcap.UDP_131-202-240-86_53753_131-202-240-87_32551_stream_0.pcap,udp_0,udp,0,VoIPBuster,nonVPN,VoIP,VoIPBuster
nonVPN_VoIP_VoIPBuster_none_1.pcap.UDP_62-41-83-228_80_131-202-240-87_17599_stream_0.pcap,udp_0,udp,0,VoIPBuster,nonVPN,VoIP,VoIPBuster
nonVPN_VoIP_VoIPBuster_none_1.pcap.UDP_64-233-171-95_443_131-202-240-87_59473_stream_0.pcap,udp_0,udp,0,VoIPBuster,nonVPN,VoIP,VoIPBuster
nonVPN_VoIP_VoIPBuster_none_1.pcap.UDP_77-72-169-132_11113_131-202-240-87_32551_stream_0.pcap,udp_0,udp,0,VoIPBuster,nonVPN,VoIP,VoIPBuster
nonVPN_VoIP_VoIPBuster_none_1.pcap.UDP_77-72-168-228_80_131-202-240-87_17599_stream_0.pcap,udp_0,udp,0,VoIPBuster,nonVPN,VoIP,VoIPBuster
nonVPN_VoIP_VoIPBuster_none_1.pcap.UDP_80-239-235-228_80_131-202-240-87_17599_stream_0.pcap,udp_0,udp,0,VoIPBuster,nonVPN,VoIP,VoIPBuster
nonVPN_VoIP_VoIPBuster_none_2.pcap.TCP_131-202-240-87_17089_185-2-179-149_31974_stream_0.pcap,tcp_0,tcp,0,VoIPBuster,nonVPN,VoIP,VoIPBuster
nonVPN_VoIP_VoIPBuster_none_2.pcap.TCP_131-202-240-87_17096_185-2-179-149_31974_stream_0.pcap,tcp_0,tcp,0,VoIPBuster,nonVPN,VoIP,VoIPBuster
nonVPN_VoIP_VoIPBuster_none_2.pcap.TCP_131-202-240-87_17092_185-2-179-149_31974_stream_0.pcap,tcp_0,tcp,0,VoIPBuster,nonVPN,VoIP,VoIPBuster
nonVPN_VoIP_VoIPBuster_none_2.pcap.TCP_131-202-240-87_17099_131-202-240-235_49157_stream_0.pcap,tcp_0,tcp,0,VoIPBuster,nonVPN,VoIP,VoIPBuster
nonVPN_VoIP_VoIPBuster_none_2.pcap.TCP_131-202-240-87_17097_131-202-240-183_32469_stream_0.pcap,tcp_0,tcp,0,VoIPBuster,nonVPN,VoIP,VoIPBuster
nonVPN_VoIP_VoIPBuster_none_2.pcap.TCP_131-202-240-87_17098_131-202-240-235_49157_stream_0.pcap,tcp_0,tcp,0,VoIPBuster,nonVPN,VoIP,VoIPBuster
nonVPN_VoIP_VoIPBuster_none_2.pcap.TCP_131-202-240-87_17100_131-202-240-183_32469_stream_0.pcap,tcp_0,tcp,0,VoIPBuster,nonVPN,VoIP,VoIPBuster
nonVPN_VoIP_VoIPBuster_none_2.pcap.TCP_131-202-240-87_17103_131-202-240-235_49157_stream_0.pcap,tcp_0,tcp,0,VoIPBuster,nonVPN,VoIP,VoIPBuster
nonVPN_VoIP_VoIPBuster_none_2.pcap.TCP_131-202-240-87_17104_131-202-240-183_32469_stream_0.pcap,tcp_0,tcp,0,VoIPBuster,nonVPN,VoIP,VoIPBuster
nonVPN_VoIP_VoIPBuster_none_2.pcap.TCP_131-202-240-87_17106_131-202-240-235_49157_stream_0.pcap,tcp_0,tcp,0,VoIPBuster,nonVPN,VoIP,VoIPBuster
nonVPN_VoIP_VoIPBuster_none_2.pcap.TCP_131-202-240-87_17101_131-202-240-183_32469_stream_0.pcap,tcp_0,tcp,0,VoIPBuster,nonVPN,VoIP,VoIPBuster
nonVPN_VoIP_VoIPBuster_none_2.pcap.TCP_131-202-6-26_13000_131-202-240-87_17088_stream_0.pcap,tcp_0,tcp,0,VoIPBuster,nonVPN,VoIP,VoIPBuster
nonVPN_VoIP_VoIPBuster_none_2.pcap.UDP_131-202-240-87_17609_180-87-10-2_80_stream_0.pcap,udp_0,udp,0,VoIPBuster,nonVPN,VoIP,VoIPBuster
nonVPN_VoIP_VoIPBuster_none_2.pcap.UDP_131-202-240-87_17609_208-167-230-116_80_stream_0.pcap,udp_0,udp,0,VoIPBuster,nonVPN,VoIP,VoIPBuster
nonVPN_VoIP_VoIPBuster_none_2.pcap.UDP_131-202-240-87_17609_195-219-64-228_80_stream_0.pcap,udp_0,udp,0,VoIPBuster,nonVPN,VoIP,VoIPBuster
nonVPN_VoIP_VoIPBuster_none_2.pcap.UDP_131-202-240-87_49377_131-202-240-183_56568_stream_0.pcap,udp_0,udp,0,VoIPBuster,nonVPN,VoIP,VoIPBuster
nonVPN_VoIP_VoIPBuster_none_2.pcap.UDP_131-202-240-87_49377_131-202-240-183_56588_stream_0.pcap,udp_0,udp,0,VoIPBuster,nonVPN,VoIP,VoIPBuster
nonVPN_VoIP_VoIPBuster_none_2.pcap.UDP_131-202-240-87_49377_131-202-240-183_56584_stream_0.pcap,udp_0,udp,0,VoIPBuster,nonVPN,VoIP,VoIPBuster
nonVPN_VoIP_VoIPBuster_none_2.pcap.UDP_131-202-240-87_49377_131-202-240-183_63656_stream_0.pcap,udp_0,udp,0,VoIPBuster,nonVPN,VoIP,VoIPBuster
nonVPN_VoIP_VoIPBuster_none_2.pcap.UDP_131-202-240-87_49377_131-202-240-235_56009_stream_0.pcap,udp_0,udp,0,VoIPBuster,nonVPN,VoIP,VoIPBuster
nonVPN_VoIP_VoIPBuster_none_2.pcap.UDP_131-202-240-87_49377_131-202-240-235_56010_stream_0.pcap,udp_0,udp,0,VoIPBuster,nonVPN,VoIP,VoIPBuster
nonVPN_VoIP_VoIPBuster_none_2.pcap.UDP_131-202-240-87_49377_131-202-240-183_56564_stream_0.pcap,udp_0,udp,0,VoIPBuster,nonVPN,VoIP,VoIPBuster
nonVPN_VoIP_VoIPBuster_none_2.pcap.UDP_131-202-240-87_42322_142-167-252-206_63463_stream_0.pcap,udp_0,udp,0,VoIPBuster,nonVPN,VoIP,VoIPBuster
nonVPN_VoIP_VoIPBuster_none_2.pcap.UDP_131-202-240-87_49377_131-202-240-183_63663_stream_0.pcap,udp_0,udp,0,VoIPBuster,nonVPN,VoIP,VoIPBuster
nonVPN_VoIP_VoIPBuster_none_2.pcap.UDP_131-202-240-87_49377_131-202-240-183_56572_stream_0.pcap,udp_0,udp,0,VoIPBuster,nonVPN,VoIP,VoIPBuster
nonVPN_VoIP_VoIPBuster_none_2.pcap.UDP_131-202-240-87_49377_131-202-240-183_63683_stream_0.pcap,udp_0,udp,0,VoIPBuster,nonVPN,VoIP,VoIPBuster
nonVPN_VoIP_VoIPBuster_none_2.pcap.UDP_131-202-240-87_49377_131-202-240-183_56560_stream_0.pcap,udp_0,udp,0,VoIPBuster,nonVPN,VoIP,VoIPBuster
nonVPN_VoIP_VoIPBuster_none_2.pcap.UDP_131-202-240-87_49377_131-202-240-235_58538_stream_0.pcap,udp_0,udp,0,VoIPBuster,nonVPN,VoIP,VoIPBuster
nonVPN_VoIP_VoIPBuster_none_2.pcap.UDP_131-202-240-87_49377_131-202-240-235_58540_stream_0.pcap,udp_0,udp,0,VoIPBuster,nonVPN,VoIP,VoIPBuster
nonVPN_VoIP_VoIPBuster_none_2.pcap.UDP_131-202-240-86_53753_131-202-240-87_32551_stream_0.pcap,udp_0,udp,0,VoIPBuster,nonVPN,VoIP,VoIPBuster
nonVPN_VoIP_VoIPBuster_none_2.pcap.UDP_62-41-83-228_80_131-202-240-87_17609_stream_0.pcap,udp_0,udp,0,VoIPBuster,nonVPN,VoIP,VoIPBuster
nonVPN_VoIP_VoIPBuster_none_2.pcap.UDP_77-72-169-132_11113_131-202-240-87_32551_stream_0.pcap,udp_0,udp,0,VoIPBuster,nonVPN,VoIP,VoIPBuster
nonVPN_VoIP_VoIPBuster_none_3.pcap.TCP_131-202-240-87_17193_185-2-179-149_31974_stream_0.pcap,tcp_0,tcp,0,VoIPBuster,nonVPN,VoIP,VoIPBuster
nonVPN_VoIP_VoIPBuster_none_3.pcap.TCP_131-202-240-87_17195_185-2-179-149_31974_stream_0.pcap,tcp_0,tcp,0,VoIPBuster,nonVPN,VoIP,VoIPBuster
nonVPN_VoIP_VoIPBuster_none_3.pcap.UDP_131-202-240-87_17617_180-87-10-2_80_stream_0.pcap,udp_0,udp,0,VoIPBuster,nonVPN,VoIP,VoIPBuster
nonVPN_VoIP_VoIPBuster_none_3.pcap.UDP_131-202-240-87_17617_195-219-64-228_80_stream_0.pcap,udp_0,udp,0,VoIPBuster,nonVPN,VoIP,VoIPBuster
nonVPN_VoIP_VoIPBuster_none_3.pcap.UDP_131-202-240-86_53753_131-202-240-87_32551_stream_0.pcap,udp_0,udp,0,VoIPBuster,nonVPN,VoIP,VoIPBuster
nonVPN_VoIP_VoIPBuster_none_3.pcap.UDP_77-72-169-132_11113_131-202-240-87_32551_stream_0.pcap,udp_0,udp,0,VoIPBuster,nonVPN,VoIP,VoIPBuster
nonVPN_VoIP_VoIPBuster_none_3.pcap.UDP_77-72-168-228_80_131-202-240-87_17617_stream_0.pcap,udp_0,udp,0,VoIPBuster,nonVPN,VoIP,VoIPBuster
nonVPN_VoIP_VoIPBuster_none_4.pcap.TCP_131-202-6-26_13000_131-202-240-87_42339_stream_0.pcap,tcp_0,tcp,0,VoIPBuster,nonVPN,VoIP,VoIPBuster
nonVPN_VoIP_VoIPBuster_none_4.pcap.TCP_131-202-6-26_13000_131-202-240-87_42340_stream_0.pcap,tcp_0,tcp,0,VoIPBuster,nonVPN,VoIP,VoIPBuster
nonVPN_VoIP_VoIPBuster_none_4.pcap.TCP_131-202-6-26_13000_131-202-240-87_42342_stream_0.pcap,tcp_0,tcp,0,VoIPBuster,nonVPN,VoIP,VoIPBuster
nonVPN_VoIP_VoIPBuster_none_4.pcap.TCP_131-202-6-26_13000_131-202-240-87_42345_stream_0.pcap,tcp_0,tcp,0,VoIPBuster,nonVPN,VoIP,VoIPBuster
nonVPN_VoIP_VoIPBuster_none_4.pcap.TCP_131-202-6-26_13000_131-202-240-87_42346_stream_0.pcap,tcp_0,tcp,0,VoIPBuster,nonVPN,VoIP,VoIPBuster
nonVPN_VoIP_VoIPBuster_none_4.pcap.TCP_131-202-6-26_13111_131-202-240-87_42348_stream_0.pcap,tcp_0,tcp,0,VoIPBuster,nonVPN,VoIP,VoIPBuster
nonVPN_VoIP_VoIPBuster_none_4.pcap.TCP_38-117-98-253_80_131-202-240-87_42344_stream_0.pcap,tcp_0,tcp,0,VoIPBuster,nonVPN,VoIP,VoIPBuster
nonVPN_VoIP_VoIPBuster_none_4.pcap.TCP_65-55-163-222_443_131-202-240-87_42337_stream_0.pcap,tcp_0,tcp,0,VoIPBuster,nonVPN,VoIP,VoIPBuster
nonVPN_VoIP_VoIPBuster_none_4.pcap.UDP_131-202-240-87_13921_180-87-10-1_80_stream_0.pcap,udp_0,udp,0,VoIPBuster,nonVPN,VoIP,VoIPBuster
nonVPN_VoIP_VoIPBuster_none_4.pcap.UDP_131-202-240-87_13921_195-219-64-228_80_stream_0.pcap,udp_0,udp,0,VoIPBuster,nonVPN,VoIP,VoIPBuster
nonVPN_VoIP_VoIPBuster_none_4.pcap.UDP_131-202-240-87_13921_208-167-230-116_80_stream_0.pcap,udp_0,udp,0,VoIPBuster,nonVPN,VoIP,VoIPBuster
nonVPN_VoIP_VoIPBuster_none_4.pcap.UDP_131-202-240-87_13929_180-87-10-2_80_stream_0.pcap,udp_0,udp,0,VoIPBuster,nonVPN,VoIP,VoIPBuster
nonVPN_VoIP_VoIPBuster_none_4.pcap.UDP_131-202-240-87_13929_195-219-64-228_80_stream_0.pcap,udp_0,udp,0,VoIPBuster,nonVPN,VoIP,VoIPBuster
nonVPN_VoIP_VoIPBuster_none_4.pcap.UDP_131-202-240-87_13929_208-167-230-116_80_stream_0.pcap,udp_0,udp,0,VoIPBuster,nonVPN,VoIP,VoIPBuster
nonVPN_VoIP_VoIPBuster_none_4.pcap.UDP_131-202-240-87_13949_180-87-10-1_80_stream_0.pcap,udp_0,udp,0,VoIPBuster,nonVPN,VoIP,VoIPBuster
nonVPN_VoIP_VoIPBuster_none_4.pcap.UDP_131-202-240-87_13949_194-221-62-228_80_stream_0.pcap,udp_0,udp,0,VoIPBuster,nonVPN,VoIP,VoIPBuster
nonVPN_VoIP_VoIPBuster_none_4.pcap.UDP_131-202-240-87_13949_208-167-230-116_80_stream_0.pcap,udp_0,udp,0,VoIPBuster,nonVPN,VoIP,VoIPBuster
nonVPN_VoIP_VoIPBuster_none_4.pcap.UDP_62-41-83-228_80_131-202-240-87_13921_stream_0.pcap,udp_0,udp,0,VoIPBuster,nonVPN,VoIP,VoIPBuster
nonVPN_VoIP_VoIPBuster_none_4.pcap.UDP_62-41-83-228_80_131-202-240-87_13929_stream_0.pcap,udp_0,udp,0,VoIPBuster,nonVPN,VoIP,VoIPBuster
nonVPN_VoIP_VoIPBuster_none_4.pcap.UDP_62-41-83-228_80_131-202-240-87_13949_stream_0.pcap,udp_0,udp,0,VoIPBuster,nonVPN,VoIP,VoIPBuster
nonVPN_VoIP_VoIPBuster_none_4.pcap.UDP_77-72-168-228_80_131-202-240-87_13921_stream_0.pcap,udp_0,udp,0,VoIPBuster,nonVPN,VoIP,VoIPBuster
nonVPN_VoIP_VoIPBuster_none_4.pcap.UDP_77-72-168-228_80_131-202-240-87_13929_stream_0.pcap,udp_0,udp,0,VoIPBuster,nonVPN,VoIP,VoIPBuster
nonVPN_VoIP_VoIPBuster_none_4.pcap.UDP_77-72-168-228_80_131-202-240-87_13949_stream_0.pcap,udp_0,udp,0,VoIPBuster,nonVPN,VoIP,VoIPBuster
nonVPN_VoIP_VoIPBuster_none_4.pcap.UDP_77-72-169-130_11113_131-202-240-87_17208_stream_0.pcap,udp_0,udp,0,VoIPBuster,nonVPN,VoIP,VoIPBuster
nonVPN_VoIP_VoIPBuster_none_4.pcap.UDP_80-239-235-228_80_131-202-240-87_13949_stream_0.pcap,udp_0,udp,0,VoIPBuster,nonVPN,VoIP,VoIPBuster
nonVPN_VoIP_VoIPBuster_none_4.pcap.UDP_80-239-235-228_80_131-202-240-87_13921_stream_0.pcap,udp_0,udp,0,VoIPBuster,nonVPN,VoIP,VoIPBuster
nonVPN_VoIP_VoIPBuster_none_4.pcap.UDP_80-239-235-228_80_131-202-240-87_13929_stream_0.pcap,udp_0,udp,0,VoIPBuster,nonVPN,VoIP,VoIPBuster
nonVPN_VoIP_VoIPBuster_none_5.pcap.TCP_131-202-240-242_31700_157-56-96-123_443_stream_0.pcap,tcp_0,tcp,0,VoIPBuster,nonVPN,VoIP,VoIPBuster
nonVPN_VoIP_VoIPBuster_none_5.pcap.TCP_131-202-6-26_13000_131-202-240-242_31667_stream_0.pcap,tcp_0,tcp,0,VoIPBuster,nonVPN,VoIP,VoIPBuster
nonVPN_VoIP_VoIPBuster_none_5.pcap.TCP_131-202-6-26_13000_131-202-240-242_31668_stream_0.pcap,tcp_0,tcp,0,VoIPBuster,nonVPN,VoIP,VoIPBuster
nonVPN_VoIP_VoIPBuster_none_5.pcap.TCP_131-202-6-26_13000_131-202-240-242_31690_stream_0.pcap,tcp_0,tcp,0,VoIPBuster,nonVPN,VoIP,VoIPBuster
nonVPN_VoIP_VoIPBuster_none_5.pcap.TCP_131-202-6-26_13000_131-202-240-242_31692_stream_0.pcap,tcp_0,tcp,0,VoIPBuster,nonVPN,VoIP,VoIPBuster
nonVPN_VoIP_VoIPBuster_none_5.pcap.TCP_131-202-6-26_13000_131-202-240-242_31694_stream_0.pcap,tcp_0,tcp,0,VoIPBuster,nonVPN,VoIP,VoIPBuster
nonVPN_VoIP_VoIPBuster_none_5.pcap.TCP_131-202-6-26_13000_131-202-240-242_31698_stream_0.pcap,tcp_0,tcp,0,VoIPBuster,nonVPN,VoIP,VoIPBuster
nonVPN_VoIP_VoIPBuster_none_5.pcap.TCP_131-202-6-26_13000_131-202-240-242_31697_stream_0.pcap,tcp_0,tcp,0,VoIPBuster,nonVPN,VoIP,VoIPBuster
nonVPN_VoIP_VoIPBuster_none_5.pcap.TCP_131-202-6-26_13111_131-202-240-242_31689_stream_0.pcap,tcp_0,tcp,0,VoIPBuster,nonVPN,VoIP,VoIPBuster
nonVPN_VoIP_VoIPBuster_none_5.pcap.TCP_131-202-6-26_13111_131-202-240-242_31688_stream_0.pcap,tcp_0,tcp,0,VoIPBuster,nonVPN,VoIP,VoIPBuster
nonVPN_VoIP_VoIPBuster_none_5.pcap.TCP_131-202-6-26_13111_131-202-240-242_31693_stream_0.pcap,tcp_0,tcp,0,VoIPBuster,nonVPN,VoIP,VoIPBuster
nonVPN_VoIP_VoIPBuster_none_5.pcap.UDP_131-202-240-242_15983_194-221-62-228_80_stream_0.pcap,udp_0,udp,0,VoIPBuster,nonVPN,VoIP,VoIPBuster
nonVPN_VoIP_VoIPBuster_none_5.pcap.UDP_131-202-240-242_15983_208-167-230-116_80_stream_0.pcap,udp_0,udp,0,VoIPBuster,nonVPN,VoIP,VoIPBuster
nonVPN_VoIP_VoIPBuster_none_5.pcap.UDP_131-202-240-242_15983_180-87-10-2_80_stream_0.pcap,udp_0,udp,0,VoIPBuster,nonVPN,VoIP,VoIPBuster
nonVPN_VoIP_VoIPBuster_none_5.pcap.UDP_131-202-240-242_15983_195-219-64-229_80_stream_0.pcap,udp_0,udp,0,VoIPBuster,nonVPN,VoIP,VoIPBuster
nonVPN_VoIP_VoIPBuster_none_5.pcap.UDP_77-72-168-228_80_131-202-240-242_15983_stream_0.pcap,udp_0,udp,0,VoIPBuster,nonVPN,VoIP,VoIPBuster
nonVPN_VoIP_VoIPBuster_none_5.pcap.UDP_62-41-83-228_80_131-202-240-242_15983_stream_0.pcap,udp_0,udp,0,VoIPBuster,nonVPN,VoIP,VoIPBuster
nonVPN_VoIP_VoIPBuster_none_5.pcap.UDP_80-239-235-228_80_131-202-240-242_15983_stream_0.pcap,udp_0,udp,0,VoIPBuster,nonVPN,VoIP,VoIPBuster
nonVPN_VoIP_VoIPBuster_none_5.pcap.UDP_91-121-83-36_44368_131-202-240-242_161_stream_0.pcap,udp_0,udp,0,VoIPBuster,nonVPN,VoIP,VoIPBuster
nonVPN_VoIP_VoIPBuster_none_5.pcap.UDP_131-202-240-87_17208_131-202-240-242_62838_stream_0.pcap,udp_0,udp,0,VoIPBuster,nonVPN,VoIP,VoIPBuster
nonVPN_FileTransfer_SCP_none_1.pcap.TCP_131-202-240-101_41562_131-202-240-113_22_stream_0.pcap,tcp_0,tcp,0,SCP,nonVPN,FileTransfer,SCP
nonVPN_FileTransfer_SCP_none_1.pcap.TCP_131-202-240-101_41799_131-202-240-113_22_stream_0.pcap,tcp_0,tcp,0,SCP,nonVPN,FileTransfer,SCP
nonVPN_FileTransfer_SCP_none_1.pcap.TCP_131-202-240-101_41629_131-202-240-113_22_stream_0.pcap,tcp_0,tcp,0,SCP,nonVPN,FileTransfer,SCP
nonVPN_FileTransfer_SCP_none_1.pcap.TCP_131-202-240-101_41664_131-202-240-113_22_stream_0.pcap,tcp_0,tcp,0,SCP,nonVPN,FileTransfer,SCP
nonVPN_FileTransfer_SCP_none_1.pcap.TCP_131-202-240-101_41764_131-202-240-113_22_stream_0.pcap,tcp_0,tcp,0,SCP,nonVPN,FileTransfer,SCP
nonVPN_FileTransfer_SCP_none_1.pcap.TCP_131-202-240-101_41876_131-202-240-113_22_stream_0.pcap,tcp_0,tcp,0,SCP,nonVPN,FileTransfer,SCP
nonVPN_FileTransfer_SCP_none_1.pcap.TCP_131-202-240-101_41497_131-202-240-113_22_stream_0.pcap,tcp_0,tcp,0,SCP,nonVPN,FileTransfer,SCP
nonVPN_FileTransfer_SCP_none_1.pcap.TCP_131-202-240-101_41530_131-202-240-113_22_stream_0.pcap,tcp_0,tcp,0,SCP,nonVPN,FileTransfer,SCP
nonVPN_FileTransfer_SCP_none_1.pcap.TCP_131-202-240-101_42133_131-202-240-113_22_stream_0.pcap,tcp_0,tcp,0,SCP,nonVPN,FileTransfer,SCP
nonVPN_FileTransfer_SCP_none_1.pcap.TCP_131-202-240-101_42063_131-202-240-113_22_stream_0.pcap,tcp_0,tcp,0,SCP,nonVPN,FileTransfer,SCP
nonVPN_FileTransfer_SCP_none_1.pcap.TCP_131-202-240-101_41760_131-202-240-113_22_stream_0.pcap,tcp_0,tcp,0,SCP,nonVPN,FileTransfer,SCP
nonVPN_FileTransfer_SCP_none_1.pcap.TCP_131-202-240-101_41595_131-202-240-113_22_stream_0.pcap,tcp_0,tcp,0,SCP,nonVPN,FileTransfer,SCP
nonVPN_FileTransfer_SCP_none_1.pcap.TCP_131-202-240-101_41796_131-202-240-113_22_stream_0.pcap,tcp_0,tcp,0,SCP,nonVPN,FileTransfer,SCP
nonVPN_FileTransfer_SCP_none_1.pcap.TCP_131-202-240-101_42097_131-202-240-113_22_stream_0.pcap,tcp_0,tcp,0,SCP,nonVPN,FileTransfer,SCP
nonVPN_FileTransfer_SCP_none_1.pcap.TCP_131-202-240-101_41917_131-202-240-113_22_stream_0.pcap,tcp_0,tcp,0,SCP,nonVPN,FileTransfer,SCP
nonVPN_FileTransfer_SCP_none_1.pcap.TCP_131-202-240-101_41979_131-202-240-113_22_stream_0.pcap,tcp_0,tcp,0,SCP,nonVPN,FileTransfer,SCP
nonVPN_FileTransfer_SCP_none_1.pcap.TCP_131-202-240-101_42060_131-202-240-113_22_stream_0.pcap,tcp_0,tcp,0,SCP,nonVPN,FileTransfer,SCP
nonVPN_FileTransfer_SCP_none_1.pcap.TCP_131-202-240-101_42100_131-202-240-113_22_stream_0.pcap,tcp_0,tcp,0,SCP,nonVPN,FileTransfer,SCP
nonVPN_FileTransfer_SCP_none_1.pcap.TCP_131-202-240-101_42136_131-202-240-113_22_stream_0.pcap,tcp_0,tcp,0,SCP,nonVPN,FileTransfer,SCP
nonVPN_FileTransfer_SCP_none_1.pcap.TCP_131-202-240-101_42244_131-202-240-113_22_stream_0.pcap,tcp_0,tcp,0,SCP,nonVPN,FileTransfer,SCP
nonVPN_FileTransfer_SCP_none_1.pcap.TCP_131-202-240-101_42175_131-202-240-113_22_stream_0.pcap,tcp_0,tcp,0,SCP,nonVPN,FileTransfer,SCP
nonVPN_FileTransfer_SCP_none_1.pcap.TCP_131-202-240-101_42323_131-202-240-113_22_stream_0.pcap,tcp_0,tcp,0,SCP,nonVPN,FileTransfer,SCP
nonVPN_FileTransfer_SCP_none_1.pcap.TCP_131-202-240-101_42328_131-202-240-113_22_stream_0.pcap,tcp_0,tcp,0,SCP,nonVPN,FileTransfer,SCP
nonVPN_FileTransfer_SCP_none_1.pcap.TCP_131-202-240-101_42204_131-202-240-113_22_stream_0.pcap,tcp_0,tcp,0,SCP,nonVPN,FileTransfer,SCP
nonVPN_FileTransfer_SCP_none_1.pcap.TCP_131-202-240-101_42347_131-202-240-113_22_stream_0.pcap,tcp_0,tcp,0,SCP,nonVPN,FileTransfer,SCP
nonVPN_FileTransfer_SCP_none_1.pcap.TCP_131-202-240-101_42259_131-202-240-113_22_stream_0.pcap,tcp_0,tcp,0,SCP,nonVPN,FileTransfer,SCP
nonVPN_FileTransfer_SCP_none_1.pcap.TCP_131-202-240-101_42547_131-202-240-113_22_stream_0.pcap,tcp_0,tcp,0,SCP,nonVPN,FileTransfer,SCP
nonVPN_FileTransfer_SCP_none_10.pcap.TCP_131-202-240-72_22_131-202-240-150_44480_stream_0.pcap,tcp_0,tcp,0,SCP,nonVPN,FileTransfer,SCP
nonVPN_FileTransfer_SCP_none_2.pcap.TCP_131-202-240-72_51953_131-202-240-150_22_stream_0.pcap,tcp_0,tcp,0,SCP,nonVPN,FileTransfer,SCP
nonVPN_FileTransfer_SCP_none_3.pcap.TCP_131-202-240-72_51955_131-202-240-150_22_stream_0.pcap,tcp_0,tcp,0,SCP,nonVPN,FileTransfer,SCP
nonVPN_FileTransfer_SCP_none_5.pcap.TCP_131-202-240-72_22_131-202-240-150_44486_stream_0.pcap,tcp_0,tcp,0,SCP,nonVPN,FileTransfer,SCP
nonVPN_FileTransfer_SCP_none_12.pcap.TCP_131-202-240-72_22_131-202-240-150_44483_stream_0.pcap,tcp_0,tcp,0,SCP,nonVPN,FileTransfer,SCP
nonVPN_FileTransfer_SCP_none_7.pcap.TCP_131-202-240-72_22_131-202-240-150_44489_stream_0.pcap,tcp_0,tcp,0,SCP,nonVPN,FileTransfer,SCP
nonVPN_FileTransfer_SCP_none_6.pcap.TCP_131-202-240-72_22_131-202-240-150_44488_stream_0.pcap,tcp_0,tcp,0,SCP,nonVPN,FileTransfer,SCP
nonVPN_FileTransfer_SCP_none_8.pcap.TCP_131-202-240-72_22_131-202-240-150_44475_stream_0.pcap,tcp_0,tcp,0,SCP,nonVPN,FileTransfer,SCP
nonVPN_FileTransfer_SCP_none_9.pcap.TCP_131-202-240-72_22_131-202-240-150_44476_stream_0.pcap,tcp_0,tcp,0,SCP,nonVPN,FileTransfer,SCP
