directory,original_name,new_name,original_path,new_path
Friday-02-03-2018,capDESKTOP-AN3U28N-172.31.64.17.pcap,Friday-02-03-2018_1.pcap,01_pcap/Friday-02-03-2018/capDESKTOP-AN3U28N-172.31.64.17.pcap,01_pcap/Friday-02-03-2018/Friday-02-03-2018_1.pcap
Friday-02-03-2018,capDESKTOP-AN3U28N-172.31.64.26.pcap,Friday-02-03-2018_2.pcap,01_pcap/Friday-02-03-2018/capDESKTOP-AN3U28N-172.31.64.26.pcap,01_pcap/Friday-02-03-2018/Friday-02-03-2018_2.pcap
Friday-02-03-2018,capDESKTOP-AN3U28N-172.31.64.35.pcap,Friday-02-03-2018_3.pcap,01_pcap/Friday-02-03-2018/capDESKTOP-AN3U28N-172.31.64.35.pcap,01_pcap/Friday-02-03-2018/Friday-02-03-2018_3.pcap
Friday-02-03-2018,capDESKTOP-AN3U28N-172.31.64.38.pcap,Friday-02-03-2018_4.pcap,01_pcap/Friday-02-03-2018/capDESKTOP-AN3U28N-172.31.64.38.pcap,01_pcap/Friday-02-03-2018/Friday-02-03-2018_4.pcap
Friday-02-03-2018,capDESKTOP-AN3U28N-172.31.64.46.pcap,Friday-02-03-2018_5.pcap,01_pcap/Friday-02-03-2018/capDESKTOP-AN3U28N-172.31.64.46.pcap,01_pcap/Friday-02-03-2018/Friday-02-03-2018_5.pcap
Friday-02-03-2018,capDESKTOP-AN3U28N-172.31.64.54.pcap,Friday-02-03-2018_6.pcap,01_pcap/Friday-02-03-2018/capDESKTOP-AN3U28N-172.31.64.54.pcap,01_pcap/Friday-02-03-2018/Friday-02-03-2018_6.pcap
Friday-02-03-2018,capDESKTOP-AN3U28N-172.31.64.63.pcap,Friday-02-03-2018_7.pcap,01_pcap/Friday-02-03-2018/capDESKTOP-AN3U28N-172.31.64.63.pcap,01_pcap/Friday-02-03-2018/Friday-02-03-2018_7.pcap
Friday-02-03-2018,capDESKTOP-AN3U28N-172.31.64.65.pcap,Friday-02-03-2018_8.pcap,01_pcap/Friday-02-03-2018/capDESKTOP-AN3U28N-172.31.64.65.pcap,01_pcap/Friday-02-03-2018/Friday-02-03-2018_8.pcap
Friday-02-03-2018,capDESKTOP-AN3U28N-172.31.64.67.pcap,Friday-02-03-2018_9.pcap,01_pcap/Friday-02-03-2018/capDESKTOP-AN3U28N-172.31.64.67.pcap,01_pcap/Friday-02-03-2018/Friday-02-03-2018_9.pcap
Friday-02-03-2018,capDESKTOP-AN3U28N-172.31.64.71.pcap,Friday-02-03-2018_10.pcap,01_pcap/Friday-02-03-2018/capDESKTOP-AN3U28N-172.31.64.71.pcap,01_pcap/Friday-02-03-2018/Friday-02-03-2018_10.pcap
Friday-02-03-2018,capDESKTOP-AN3U28N-172.31.64.75.pcap,Friday-02-03-2018_11.pcap,01_pcap/Friday-02-03-2018/capDESKTOP-AN3U28N-172.31.64.75.pcap,01_pcap/Friday-02-03-2018/Friday-02-03-2018_11.pcap
Friday-02-03-2018,capDESKTOP-AN3U28N-172.31.64.76.pcap,Friday-02-03-2018_12.pcap,01_pcap/Friday-02-03-2018/capDESKTOP-AN3U28N-172.31.64.76.pcap,01_pcap/Friday-02-03-2018/Friday-02-03-2018_12.pcap
Friday-02-03-2018,capDESKTOP-AN3U28N-172.31.64.84.pcap,Friday-02-03-2018_13.pcap,01_pcap/Friday-02-03-2018/capDESKTOP-AN3U28N-172.31.64.84.pcap,01_pcap/Friday-02-03-2018/Friday-02-03-2018_13.pcap
Friday-02-03-2018,capDESKTOP-AN3U28N-172.31.64.95.pcap,Friday-02-03-2018_14.pcap,01_pcap/Friday-02-03-2018/capDESKTOP-AN3U28N-172.31.64.95.pcap,01_pcap/Friday-02-03-2018/Friday-02-03-2018_14.pcap
Friday-02-03-2018,capDESKTOP-AN3U28N-172.31.64.99.pcap,Friday-02-03-2018_15.pcap,01_pcap/Friday-02-03-2018/capDESKTOP-AN3U28N-172.31.64.99.pcap,01_pcap/Friday-02-03-2018/Friday-02-03-2018_15.pcap
Friday-02-03-2018,capDESKTOP-AN3U28N-172.31.64.111.pcap,Friday-02-03-2018_16.pcap,01_pcap/Friday-02-03-2018/capDESKTOP-AN3U28N-172.31.64.111.pcap,01_pcap/Friday-02-03-2018/Friday-02-03-2018_16.pcap
Friday-02-03-2018,capDESKTOP-AN3U28N-172.31.64.115.pcap,Friday-02-03-2018_17.pcap,01_pcap/Friday-02-03-2018/capDESKTOP-AN3U28N-172.31.64.115.pcap,01_pcap/Friday-02-03-2018/Friday-02-03-2018_17.pcap
Friday-02-03-2018,capDESKTOP-AN3U28N-172.31.64.118.pcap,Friday-02-03-2018_18.pcap,01_pcap/Friday-02-03-2018/capDESKTOP-AN3U28N-172.31.64.118.pcap,01_pcap/Friday-02-03-2018/Friday-02-03-2018_18.pcap
Friday-02-03-2018,capDESKTOP-AN3U28N-172.31.64.122.pcap,Friday-02-03-2018_19.pcap,01_pcap/Friday-02-03-2018/capDESKTOP-AN3U28N-172.31.64.122.pcap,01_pcap/Friday-02-03-2018/Friday-02-03-2018_19.pcap
Friday-02-03-2018,capDESKTOP-AN3U28N-172.31.64.125.pcap,Friday-02-03-2018_20.pcap,01_pcap/Friday-02-03-2018/capDESKTOP-AN3U28N-172.31.64.125.pcap,01_pcap/Friday-02-03-2018/Friday-02-03-2018_20.pcap
Friday-02-03-2018,capDESKTOP-AN3U28N-172.31.64.126.pcap,Friday-02-03-2018_21.pcap,01_pcap/Friday-02-03-2018/capDESKTOP-AN3U28N-172.31.64.126.pcap,01_pcap/Friday-02-03-2018/Friday-02-03-2018_21.pcap
Friday-02-03-2018,capDESKTOP-AN3U28N-172.31.65.10.pcap,Friday-02-03-2018_22.pcap,01_pcap/Friday-02-03-2018/capDESKTOP-AN3U28N-172.31.65.10.pcap,01_pcap/Friday-02-03-2018/Friday-02-03-2018_22.pcap
Friday-02-03-2018,capDESKTOP-AN3U28N-172.31.65.14.pcap,Friday-02-03-2018_23.pcap,01_pcap/Friday-02-03-2018/capDESKTOP-AN3U28N-172.31.65.14.pcap,01_pcap/Friday-02-03-2018/Friday-02-03-2018_23.pcap
Friday-02-03-2018,capDESKTOP-AN3U28N-172.31.65.28.pcap,Friday-02-03-2018_24.pcap,01_pcap/Friday-02-03-2018/capDESKTOP-AN3U28N-172.31.65.28.pcap,01_pcap/Friday-02-03-2018/Friday-02-03-2018_24.pcap
Friday-02-03-2018,capDESKTOP-AN3U28N-172.31.65.29.pcap,Friday-02-03-2018_25.pcap,01_pcap/Friday-02-03-2018/capDESKTOP-AN3U28N-172.31.65.29.pcap,01_pcap/Friday-02-03-2018/Friday-02-03-2018_25.pcap
Friday-02-03-2018,capDESKTOP-AN3U28N-172.31.65.34.pcap,Friday-02-03-2018_26.pcap,01_pcap/Friday-02-03-2018/capDESKTOP-AN3U28N-172.31.65.34.pcap,01_pcap/Friday-02-03-2018/Friday-02-03-2018_26.pcap
Friday-02-03-2018,capDESKTOP-AN3U28N-172.31.65.40.pcap,Friday-02-03-2018_27.pcap,01_pcap/Friday-02-03-2018/capDESKTOP-AN3U28N-172.31.65.40.pcap,01_pcap/Friday-02-03-2018/Friday-02-03-2018_27.pcap
Friday-02-03-2018,capDESKTOP-AN3U28N-172.31.65.50.pcap,Friday-02-03-2018_28.pcap,01_pcap/Friday-02-03-2018/capDESKTOP-AN3U28N-172.31.65.50.pcap,01_pcap/Friday-02-03-2018/Friday-02-03-2018_28.pcap
Friday-02-03-2018,capDESKTOP-AN3U28N-172.31.65.56.pcap,Friday-02-03-2018_29.pcap,01_pcap/Friday-02-03-2018/capDESKTOP-AN3U28N-172.31.65.56.pcap,01_pcap/Friday-02-03-2018/Friday-02-03-2018_29.pcap
Friday-02-03-2018,capDESKTOP-AN3U28N-172.31.65.66.pcap,Friday-02-03-2018_30.pcap,01_pcap/Friday-02-03-2018/capDESKTOP-AN3U28N-172.31.65.66.pcap,01_pcap/Friday-02-03-2018/Friday-02-03-2018_30.pcap
Friday-02-03-2018,capDESKTOP-AN3U28N-172.31.65.76.pcap,Friday-02-03-2018_31.pcap,01_pcap/Friday-02-03-2018/capDESKTOP-AN3U28N-172.31.65.76.pcap,01_pcap/Friday-02-03-2018/Friday-02-03-2018_31.pcap
Friday-02-03-2018,capDESKTOP-AN3U28N-172.31.65.81.pcap,Friday-02-03-2018_32.pcap,01_pcap/Friday-02-03-2018/capDESKTOP-AN3U28N-172.31.65.81.pcap,01_pcap/Friday-02-03-2018/Friday-02-03-2018_32.pcap
Friday-02-03-2018,capDESKTOP-AN3U28N-172.31.65.86.pcap,Friday-02-03-2018_33.pcap,01_pcap/Friday-02-03-2018/capDESKTOP-AN3U28N-172.31.65.86.pcap,01_pcap/Friday-02-03-2018/Friday-02-03-2018_33.pcap
Friday-02-03-2018,capDESKTOP-AN3U28N-172.31.65.88.pcap,Friday-02-03-2018_34.pcap,01_pcap/Friday-02-03-2018/capDESKTOP-AN3U28N-172.31.65.88.pcap,01_pcap/Friday-02-03-2018/Friday-02-03-2018_34.pcap
Friday-02-03-2018,capDESKTOP-AN3U28N-172.31.65.113.pcap,Friday-02-03-2018_35.pcap,01_pcap/Friday-02-03-2018/capDESKTOP-AN3U28N-172.31.65.113.pcap,01_pcap/Friday-02-03-2018/Friday-02-03-2018_35.pcap
Friday-02-03-2018,capDESKTOP-AN3U28N-172.31.65.123.pcap,Friday-02-03-2018_36.pcap,01_pcap/Friday-02-03-2018/capDESKTOP-AN3U28N-172.31.65.123.pcap,01_pcap/Friday-02-03-2018/Friday-02-03-2018_36.pcap
Friday-02-03-2018,capDESKTOP-AN3U28N-172.31.65.124.pcap,Friday-02-03-2018_37.pcap,01_pcap/Friday-02-03-2018/capDESKTOP-AN3U28N-172.31.65.124.pcap,01_pcap/Friday-02-03-2018/Friday-02-03-2018_37.pcap
Friday-02-03-2018,capDESKTOP-AN3U28N-172.31.65.126.pcap,Friday-02-03-2018_38.pcap,01_pcap/Friday-02-03-2018/capDESKTOP-AN3U28N-172.31.65.126.pcap,01_pcap/Friday-02-03-2018/Friday-02-03-2018_38.pcap
Friday-02-03-2018,capDESKTOP-AN3U28N-172.31.66.22.pcap,Friday-02-03-2018_39.pcap,01_pcap/Friday-02-03-2018/capDESKTOP-AN3U28N-172.31.66.22.pcap,01_pcap/Friday-02-03-2018/Friday-02-03-2018_39.pcap
Friday-02-03-2018,capDESKTOP-AN3U28N-172.31.66.41.pcap,Friday-02-03-2018_40.pcap,01_pcap/Friday-02-03-2018/capDESKTOP-AN3U28N-172.31.66.41.pcap,01_pcap/Friday-02-03-2018/Friday-02-03-2018_40.pcap
Friday-02-03-2018,capDESKTOP-AN3U28N-172.31.66.42.pcap,Friday-02-03-2018_41.pcap,01_pcap/Friday-02-03-2018/capDESKTOP-AN3U28N-172.31.66.42.pcap,01_pcap/Friday-02-03-2018/Friday-02-03-2018_41.pcap
Friday-02-03-2018,capDESKTOP-AN3U28N-172.31.66.43.pcap,Friday-02-03-2018_42.pcap,01_pcap/Friday-02-03-2018/capDESKTOP-AN3U28N-172.31.66.43.pcap,01_pcap/Friday-02-03-2018/Friday-02-03-2018_42.pcap
Friday-02-03-2018,capDESKTOP-AN3U28N-172.31.66.49.pcap,Friday-02-03-2018_43.pcap,01_pcap/Friday-02-03-2018/capDESKTOP-AN3U28N-172.31.66.49.pcap,01_pcap/Friday-02-03-2018/Friday-02-03-2018_43.pcap
Friday-02-03-2018,capDESKTOP-AN3U28N-172.31.66.54.pcap,Friday-02-03-2018_44.pcap,01_pcap/Friday-02-03-2018/capDESKTOP-AN3U28N-172.31.66.54.pcap,01_pcap/Friday-02-03-2018/Friday-02-03-2018_44.pcap
Friday-02-03-2018,capDESKTOP-AN3U28N-172.31.66.62.pcap,Friday-02-03-2018_45.pcap,01_pcap/Friday-02-03-2018/capDESKTOP-AN3U28N-172.31.66.62.pcap,01_pcap/Friday-02-03-2018/Friday-02-03-2018_45.pcap
Friday-02-03-2018,capDESKTOP-AN3U28N-172.31.66.63.pcap,Friday-02-03-2018_46.pcap,01_pcap/Friday-02-03-2018/capDESKTOP-AN3U28N-172.31.66.63.pcap,01_pcap/Friday-02-03-2018/Friday-02-03-2018_46.pcap
Friday-02-03-2018,capDESKTOP-AN3U28N-172.31.66.72.pcap,Friday-02-03-2018_47.pcap,01_pcap/Friday-02-03-2018/capDESKTOP-AN3U28N-172.31.66.72.pcap,01_pcap/Friday-02-03-2018/Friday-02-03-2018_47.pcap
Friday-02-03-2018,capDESKTOP-AN3U28N-172.31.66.76.pcap,Friday-02-03-2018_48.pcap,01_pcap/Friday-02-03-2018/capDESKTOP-AN3U28N-172.31.66.76.pcap,01_pcap/Friday-02-03-2018/Friday-02-03-2018_48.pcap
Friday-02-03-2018,capDESKTOP-AN3U28N-172.31.66.82.pcap,Friday-02-03-2018_49.pcap,01_pcap/Friday-02-03-2018/capDESKTOP-AN3U28N-172.31.66.82.pcap,01_pcap/Friday-02-03-2018/Friday-02-03-2018_49.pcap
Friday-02-03-2018,capDESKTOP-AN3U28N-172.31.66.85.pcap,Friday-02-03-2018_50.pcap,01_pcap/Friday-02-03-2018/capDESKTOP-AN3U28N-172.31.66.85.pcap,01_pcap/Friday-02-03-2018/Friday-02-03-2018_50.pcap
Friday-02-03-2018,capDESKTOP-AN3U28N-172.31.66.89.pcap,Friday-02-03-2018_51.pcap,01_pcap/Friday-02-03-2018/capDESKTOP-AN3U28N-172.31.66.89.pcap,01_pcap/Friday-02-03-2018/Friday-02-03-2018_51.pcap
Friday-02-03-2018,capDESKTOP-AN3U28N-172.31.66.100.pcap,Friday-02-03-2018_52.pcap,01_pcap/Friday-02-03-2018/capDESKTOP-AN3U28N-172.31.66.100.pcap,01_pcap/Friday-02-03-2018/Friday-02-03-2018_52.pcap
Friday-02-03-2018,capDESKTOP-AN3U28N-172.31.66.101.pcap,Friday-02-03-2018_53.pcap,01_pcap/Friday-02-03-2018/capDESKTOP-AN3U28N-172.31.66.101.pcap,01_pcap/Friday-02-03-2018/Friday-02-03-2018_53.pcap
Friday-02-03-2018,capDESKTOP-AN3U28N-172.31.66.112.pcap,Friday-02-03-2018_54.pcap,01_pcap/Friday-02-03-2018/capDESKTOP-AN3U28N-172.31.66.112.pcap,01_pcap/Friday-02-03-2018/Friday-02-03-2018_54.pcap
Friday-02-03-2018,capDESKTOP-AN3U28N-172.31.66.114.pcap,Friday-02-03-2018_55.pcap,01_pcap/Friday-02-03-2018/capDESKTOP-AN3U28N-172.31.66.114.pcap,01_pcap/Friday-02-03-2018/Friday-02-03-2018_55.pcap
Friday-02-03-2018,capDESKTOP-AN3U28N-172.31.66.115.pcap,Friday-02-03-2018_56.pcap,01_pcap/Friday-02-03-2018/capDESKTOP-AN3U28N-172.31.66.115.pcap,01_pcap/Friday-02-03-2018/Friday-02-03-2018_56.pcap
Friday-02-03-2018,capDESKTOP-AN3U28N-172.31.66.120.pcap,Friday-02-03-2018_57.pcap,01_pcap/Friday-02-03-2018/capDESKTOP-AN3U28N-172.31.66.120.pcap,01_pcap/Friday-02-03-2018/Friday-02-03-2018_57.pcap
Friday-02-03-2018,capDESKTOP-AN3U28N-172.31.66.123.pcap,Friday-02-03-2018_58.pcap,01_pcap/Friday-02-03-2018/capDESKTOP-AN3U28N-172.31.66.123.pcap,01_pcap/Friday-02-03-2018/Friday-02-03-2018_58.pcap
Friday-02-03-2018,capDESKTOP-AN3U28N-172.31.67.10.pcap,Friday-02-03-2018_59.pcap,01_pcap/Friday-02-03-2018/capDESKTOP-AN3U28N-172.31.67.10.pcap,01_pcap/Friday-02-03-2018/Friday-02-03-2018_59.pcap
Friday-02-03-2018,capDESKTOP-AN3U28N-172.31.67.13.pcap,Friday-02-03-2018_60.pcap,01_pcap/Friday-02-03-2018/capDESKTOP-AN3U28N-172.31.67.13.pcap,01_pcap/Friday-02-03-2018/Friday-02-03-2018_60.pcap
Friday-02-03-2018,capDESKTOP-AN3U28N-172.31.67.15.pcap,Friday-02-03-2018_61.pcap,01_pcap/Friday-02-03-2018/capDESKTOP-AN3U28N-172.31.67.15.pcap,01_pcap/Friday-02-03-2018/Friday-02-03-2018_61.pcap
Friday-02-03-2018,capDESKTOP-AN3U28N-172.31.67.21.pcap,Friday-02-03-2018_62.pcap,01_pcap/Friday-02-03-2018/capDESKTOP-AN3U28N-172.31.67.21.pcap,01_pcap/Friday-02-03-2018/Friday-02-03-2018_62.pcap
Friday-02-03-2018,capDESKTOP-AN3U28N-172.31.67.28.pcap,Friday-02-03-2018_63.pcap,01_pcap/Friday-02-03-2018/capDESKTOP-AN3U28N-172.31.67.28.pcap,01_pcap/Friday-02-03-2018/Friday-02-03-2018_63.pcap
Friday-02-03-2018,capDESKTOP-AN3U28N-172.31.67.32.pcap,Friday-02-03-2018_64.pcap,01_pcap/Friday-02-03-2018/capDESKTOP-AN3U28N-172.31.67.32.pcap,01_pcap/Friday-02-03-2018/Friday-02-03-2018_64.pcap
Friday-02-03-2018,capDESKTOP-AN3U28N-172.31.67.41.pcap,Friday-02-03-2018_65.pcap,01_pcap/Friday-02-03-2018/capDESKTOP-AN3U28N-172.31.67.41.pcap,01_pcap/Friday-02-03-2018/Friday-02-03-2018_65.pcap
Friday-02-03-2018,capDESKTOP-AN3U28N-172.31.67.50.pcap,Friday-02-03-2018_66.pcap,01_pcap/Friday-02-03-2018/capDESKTOP-AN3U28N-172.31.67.50.pcap,01_pcap/Friday-02-03-2018/Friday-02-03-2018_66.pcap
Friday-02-03-2018,capDESKTOP-AN3U28N-172.31.67.54.pcap,Friday-02-03-2018_67.pcap,01_pcap/Friday-02-03-2018/capDESKTOP-AN3U28N-172.31.67.54.pcap,01_pcap/Friday-02-03-2018/Friday-02-03-2018_67.pcap
Friday-02-03-2018,capDESKTOP-AN3U28N-172.31.67.63.pcap,Friday-02-03-2018_68.pcap,01_pcap/Friday-02-03-2018/capDESKTOP-AN3U28N-172.31.67.63.pcap,01_pcap/Friday-02-03-2018/Friday-02-03-2018_68.pcap
Friday-02-03-2018,capDESKTOP-AN3U28N-172.31.67.80.pcap,Friday-02-03-2018_69.pcap,01_pcap/Friday-02-03-2018/capDESKTOP-AN3U28N-172.31.67.80.pcap,01_pcap/Friday-02-03-2018/Friday-02-03-2018_69.pcap
Friday-02-03-2018,capDESKTOP-AN3U28N-172.31.67.81.pcap,Friday-02-03-2018_70.pcap,01_pcap/Friday-02-03-2018/capDESKTOP-AN3U28N-172.31.67.81.pcap,01_pcap/Friday-02-03-2018/Friday-02-03-2018_70.pcap
Friday-02-03-2018,capDESKTOP-AN3U28N-172.31.67.82.pcap,Friday-02-03-2018_71.pcap,01_pcap/Friday-02-03-2018/capDESKTOP-AN3U28N-172.31.67.82.pcap,01_pcap/Friday-02-03-2018/Friday-02-03-2018_71.pcap
Friday-02-03-2018,capDESKTOP-AN3U28N-172.31.67.86.pcap,Friday-02-03-2018_72.pcap,01_pcap/Friday-02-03-2018/capDESKTOP-AN3U28N-172.31.67.86.pcap,01_pcap/Friday-02-03-2018/Friday-02-03-2018_72.pcap
Friday-02-03-2018,capDESKTOP-AN3U28N-172.31.67.94.pcap,Friday-02-03-2018_73.pcap,01_pcap/Friday-02-03-2018/capDESKTOP-AN3U28N-172.31.67.94.pcap,01_pcap/Friday-02-03-2018/Friday-02-03-2018_73.pcap
Friday-02-03-2018,capDESKTOP-AN3U28N-172.31.67.101.pcap,Friday-02-03-2018_74.pcap,01_pcap/Friday-02-03-2018/capDESKTOP-AN3U28N-172.31.67.101.pcap,01_pcap/Friday-02-03-2018/Friday-02-03-2018_74.pcap
Friday-02-03-2018,capDESKTOP-AN3U28N-172.31.67.116.pcap,Friday-02-03-2018_75.pcap,01_pcap/Friday-02-03-2018/capDESKTOP-AN3U28N-172.31.67.116.pcap,01_pcap/Friday-02-03-2018/Friday-02-03-2018_75.pcap
Friday-02-03-2018,capDESKTOP-AN3U28N-172.31.67.119.pcap,Friday-02-03-2018_76.pcap,01_pcap/Friday-02-03-2018/capDESKTOP-AN3U28N-172.31.67.119.pcap,01_pcap/Friday-02-03-2018/Friday-02-03-2018_76.pcap
Friday-02-03-2018,capDESKTOP-AN3U28N-172.31.67.125.pcap,Friday-02-03-2018_77.pcap,01_pcap/Friday-02-03-2018/capDESKTOP-AN3U28N-172.31.67.125.pcap,01_pcap/Friday-02-03-2018/Friday-02-03-2018_77.pcap
Friday-02-03-2018,capEC2AMAZ-O4EL3NG-172.31.64.4.pcap,Friday-02-03-2018_78.pcap,01_pcap/Friday-02-03-2018/capEC2AMAZ-O4EL3NG-172.31.64.4.pcap,01_pcap/Friday-02-03-2018/Friday-02-03-2018_78.pcap
Friday-02-03-2018,capEC2AMAZ-O4EL3NG-172.31.64.7.pcap,Friday-02-03-2018_79.pcap,01_pcap/Friday-02-03-2018/capEC2AMAZ-O4EL3NG-172.31.64.7.pcap,01_pcap/Friday-02-03-2018/Friday-02-03-2018_79.pcap
Friday-02-03-2018,capEC2AMAZ-O4EL3NG-172.31.64.8.pcap,Friday-02-03-2018_80.pcap,01_pcap/Friday-02-03-2018/capEC2AMAZ-O4EL3NG-172.31.64.8.pcap,01_pcap/Friday-02-03-2018/Friday-02-03-2018_80.pcap
Friday-02-03-2018,capEC2AMAZ-O4EL3NG-172.31.64.13.pcap,Friday-02-03-2018_81.pcap,01_pcap/Friday-02-03-2018/capEC2AMAZ-O4EL3NG-172.31.64.13.pcap,01_pcap/Friday-02-03-2018/Friday-02-03-2018_81.pcap
Friday-02-03-2018,capEC2AMAZ-O4EL3NG-172.31.64.16.pcap,Friday-02-03-2018_82.pcap,01_pcap/Friday-02-03-2018/capEC2AMAZ-O4EL3NG-172.31.64.16.pcap,01_pcap/Friday-02-03-2018/Friday-02-03-2018_82.pcap
Friday-02-03-2018,capEC2AMAZ-O4EL3NG-172.31.64.19.pcap,Friday-02-03-2018_83.pcap,01_pcap/Friday-02-03-2018/capEC2AMAZ-O4EL3NG-172.31.64.19.pcap,01_pcap/Friday-02-03-2018/Friday-02-03-2018_83.pcap
Friday-02-03-2018,capEC2AMAZ-O4EL3NG-172.31.64.27.pcap,Friday-02-03-2018_84.pcap,01_pcap/Friday-02-03-2018/capEC2AMAZ-O4EL3NG-172.31.64.27.pcap,01_pcap/Friday-02-03-2018/Friday-02-03-2018_84.pcap
Friday-02-03-2018,capEC2AMAZ-O4EL3NG-172.31.64.28.pcap,Friday-02-03-2018_85.pcap,01_pcap/Friday-02-03-2018/capEC2AMAZ-O4EL3NG-172.31.64.28.pcap,01_pcap/Friday-02-03-2018/Friday-02-03-2018_85.pcap
Friday-02-03-2018,capEC2AMAZ-O4EL3NG-172.31.64.29.pcap,Friday-02-03-2018_86.pcap,01_pcap/Friday-02-03-2018/capEC2AMAZ-O4EL3NG-172.31.64.29.pcap,01_pcap/Friday-02-03-2018/Friday-02-03-2018_86.pcap
Friday-02-03-2018,capEC2AMAZ-O4EL3NG-172.31.64.42.pcap,Friday-02-03-2018_87.pcap,01_pcap/Friday-02-03-2018/capEC2AMAZ-O4EL3NG-172.31.64.42.pcap,01_pcap/Friday-02-03-2018/Friday-02-03-2018_87.pcap
Friday-02-03-2018,capEC2AMAZ-O4EL3NG-172.31.64.44.pcap,Friday-02-03-2018_88.pcap,01_pcap/Friday-02-03-2018/capEC2AMAZ-O4EL3NG-172.31.64.44.pcap,01_pcap/Friday-02-03-2018/Friday-02-03-2018_88.pcap
Friday-02-03-2018,capEC2AMAZ-O4EL3NG-172.31.64.45.pcap,Friday-02-03-2018_89.pcap,01_pcap/Friday-02-03-2018/capEC2AMAZ-O4EL3NG-172.31.64.45.pcap,01_pcap/Friday-02-03-2018/Friday-02-03-2018_89.pcap
Friday-02-03-2018,capEC2AMAZ-O4EL3NG-172.31.64.49.pcap,Friday-02-03-2018_90.pcap,01_pcap/Friday-02-03-2018/capEC2AMAZ-O4EL3NG-172.31.64.49.pcap,01_pcap/Friday-02-03-2018/Friday-02-03-2018_90.pcap
Friday-02-03-2018,capEC2AMAZ-O4EL3NG-172.31.64.51.pcap,Friday-02-03-2018_91.pcap,01_pcap/Friday-02-03-2018/capEC2AMAZ-O4EL3NG-172.31.64.51.pcap,01_pcap/Friday-02-03-2018/Friday-02-03-2018_91.pcap
Friday-02-03-2018,capEC2AMAZ-O4EL3NG-172.31.64.58.pcap,Friday-02-03-2018_92.pcap,01_pcap/Friday-02-03-2018/capEC2AMAZ-O4EL3NG-172.31.64.58.pcap,01_pcap/Friday-02-03-2018/Friday-02-03-2018_92.pcap
Friday-02-03-2018,capEC2AMAZ-O4EL3NG-172.31.64.60.pcap,Friday-02-03-2018_93.pcap,01_pcap/Friday-02-03-2018/capEC2AMAZ-O4EL3NG-172.31.64.60.pcap,01_pcap/Friday-02-03-2018/Friday-02-03-2018_93.pcap
Friday-02-03-2018,capEC2AMAZ-O4EL3NG-172.31.64.68.pcap,Friday-02-03-2018_94.pcap,01_pcap/Friday-02-03-2018/capEC2AMAZ-O4EL3NG-172.31.64.68.pcap,01_pcap/Friday-02-03-2018/Friday-02-03-2018_94.pcap
Friday-02-03-2018,capEC2AMAZ-O4EL3NG-172.31.64.69.pcap,Friday-02-03-2018_95.pcap,01_pcap/Friday-02-03-2018/capEC2AMAZ-O4EL3NG-172.31.64.69.pcap,01_pcap/Friday-02-03-2018/Friday-02-03-2018_95.pcap
Friday-02-03-2018,capEC2AMAZ-O4EL3NG-172.31.64.70.pcap,Friday-02-03-2018_96.pcap,01_pcap/Friday-02-03-2018/capEC2AMAZ-O4EL3NG-172.31.64.70.pcap,01_pcap/Friday-02-03-2018/Friday-02-03-2018_96.pcap
Friday-02-03-2018,capEC2AMAZ-O4EL3NG-172.31.64.72.pcap,Friday-02-03-2018_97.pcap,01_pcap/Friday-02-03-2018/capEC2AMAZ-O4EL3NG-172.31.64.72.pcap,01_pcap/Friday-02-03-2018/Friday-02-03-2018_97.pcap
Friday-02-03-2018,capEC2AMAZ-O4EL3NG-172.31.64.73.pcap,Friday-02-03-2018_98.pcap,01_pcap/Friday-02-03-2018/capEC2AMAZ-O4EL3NG-172.31.64.73.pcap,01_pcap/Friday-02-03-2018/Friday-02-03-2018_98.pcap
Friday-02-03-2018,capEC2AMAZ-O4EL3NG-172.31.64.77.pcap,Friday-02-03-2018_99.pcap,01_pcap/Friday-02-03-2018/capEC2AMAZ-O4EL3NG-172.31.64.77.pcap,01_pcap/Friday-02-03-2018/Friday-02-03-2018_99.pcap
Friday-02-03-2018,capEC2AMAZ-O4EL3NG-172.31.64.79.pcap,Friday-02-03-2018_100.pcap,01_pcap/Friday-02-03-2018/capEC2AMAZ-O4EL3NG-172.31.64.79.pcap,01_pcap/Friday-02-03-2018/Friday-02-03-2018_100.pcap
Friday-02-03-2018,capEC2AMAZ-O4EL3NG-172.31.64.81.pcap,Friday-02-03-2018_101.pcap,01_pcap/Friday-02-03-2018/capEC2AMAZ-O4EL3NG-172.31.64.81.pcap,01_pcap/Friday-02-03-2018/Friday-02-03-2018_101.pcap
Friday-02-03-2018,capEC2AMAZ-O4EL3NG-172.31.64.83.pcap,Friday-02-03-2018_102.pcap,01_pcap/Friday-02-03-2018/capEC2AMAZ-O4EL3NG-172.31.64.83.pcap,01_pcap/Friday-02-03-2018/Friday-02-03-2018_102.pcap
Friday-02-03-2018,capEC2AMAZ-O4EL3NG-172.31.64.85.pcap,Friday-02-03-2018_103.pcap,01_pcap/Friday-02-03-2018/capEC2AMAZ-O4EL3NG-172.31.64.85.pcap,01_pcap/Friday-02-03-2018/Friday-02-03-2018_103.pcap
Friday-02-03-2018,capEC2AMAZ-O4EL3NG-172.31.64.87.pcap,Friday-02-03-2018_104.pcap,01_pcap/Friday-02-03-2018/capEC2AMAZ-O4EL3NG-172.31.64.87.pcap,01_pcap/Friday-02-03-2018/Friday-02-03-2018_104.pcap
Friday-02-03-2018,capEC2AMAZ-O4EL3NG-172.31.64.92.pcap,Friday-02-03-2018_105.pcap,01_pcap/Friday-02-03-2018/capEC2AMAZ-O4EL3NG-172.31.64.92.pcap,01_pcap/Friday-02-03-2018/Friday-02-03-2018_105.pcap
Friday-02-03-2018,capEC2AMAZ-O4EL3NG-172.31.64.96.pcap,Friday-02-03-2018_106.pcap,01_pcap/Friday-02-03-2018/capEC2AMAZ-O4EL3NG-172.31.64.96.pcap,01_pcap/Friday-02-03-2018/Friday-02-03-2018_106.pcap
Friday-02-03-2018,capEC2AMAZ-O4EL3NG-172.31.64.100.pcap,Friday-02-03-2018_107.pcap,01_pcap/Friday-02-03-2018/capEC2AMAZ-O4EL3NG-172.31.64.100.pcap,01_pcap/Friday-02-03-2018/Friday-02-03-2018_107.pcap
Friday-02-03-2018,capEC2AMAZ-O4EL3NG-172.31.64.101.pcap,Friday-02-03-2018_108.pcap,01_pcap/Friday-02-03-2018/capEC2AMAZ-O4EL3NG-172.31.64.101.pcap,01_pcap/Friday-02-03-2018/Friday-02-03-2018_108.pcap
Friday-02-03-2018,capEC2AMAZ-O4EL3NG-172.31.64.103.pcap,Friday-02-03-2018_109.pcap,01_pcap/Friday-02-03-2018/capEC2AMAZ-O4EL3NG-172.31.64.103.pcap,01_pcap/Friday-02-03-2018/Friday-02-03-2018_109.pcap
Friday-02-03-2018,capEC2AMAZ-O4EL3NG-172.31.64.104.pcap,Friday-02-03-2018_110.pcap,01_pcap/Friday-02-03-2018/capEC2AMAZ-O4EL3NG-172.31.64.104.pcap,01_pcap/Friday-02-03-2018/Friday-02-03-2018_110.pcap
Friday-02-03-2018,capEC2AMAZ-O4EL3NG-172.31.64.107.pcap,Friday-02-03-2018_111.pcap,01_pcap/Friday-02-03-2018/capEC2AMAZ-O4EL3NG-172.31.64.107.pcap,01_pcap/Friday-02-03-2018/Friday-02-03-2018_111.pcap
Friday-02-03-2018,capEC2AMAZ-O4EL3NG-172.31.64.108.pcap,Friday-02-03-2018_112.pcap,01_pcap/Friday-02-03-2018/capEC2AMAZ-O4EL3NG-172.31.64.108.pcap,01_pcap/Friday-02-03-2018/Friday-02-03-2018_112.pcap
Friday-02-03-2018,capEC2AMAZ-O4EL3NG-172.31.64.109.pcap,Friday-02-03-2018_113.pcap,01_pcap/Friday-02-03-2018/capEC2AMAZ-O4EL3NG-172.31.64.109.pcap,01_pcap/Friday-02-03-2018/Friday-02-03-2018_113.pcap
Friday-02-03-2018,capEC2AMAZ-O4EL3NG-172.31.64.110.pcap,Friday-02-03-2018_114.pcap,01_pcap/Friday-02-03-2018/capEC2AMAZ-O4EL3NG-172.31.64.110.pcap,01_pcap/Friday-02-03-2018/Friday-02-03-2018_114.pcap
Friday-02-03-2018,capEC2AMAZ-O4EL3NG-172.31.64.119.pcap,Friday-02-03-2018_115.pcap,01_pcap/Friday-02-03-2018/capEC2AMAZ-O4EL3NG-172.31.64.119.pcap,01_pcap/Friday-02-03-2018/Friday-02-03-2018_115.pcap
Friday-02-03-2018,capEC2AMAZ-O4EL3NG-172.31.64.123.pcap,Friday-02-03-2018_116.pcap,01_pcap/Friday-02-03-2018/capEC2AMAZ-O4EL3NG-172.31.64.123.pcap,01_pcap/Friday-02-03-2018/Friday-02-03-2018_116.pcap
Friday-02-03-2018,capEC2AMAZ-O4EL3NG-172.31.64.124.pcap,Friday-02-03-2018_117.pcap,01_pcap/Friday-02-03-2018/capEC2AMAZ-O4EL3NG-172.31.64.124.pcap,01_pcap/Friday-02-03-2018/Friday-02-03-2018_117.pcap
Friday-02-03-2018,capEC2AMAZ-O4EL3NG-172.31.65.5.pcap,Friday-02-03-2018_118.pcap,01_pcap/Friday-02-03-2018/capEC2AMAZ-O4EL3NG-172.31.65.5.pcap,01_pcap/Friday-02-03-2018/Friday-02-03-2018_118.pcap
Friday-02-03-2018,capEC2AMAZ-O4EL3NG-172.31.65.8.pcap,Friday-02-03-2018_119.pcap,01_pcap/Friday-02-03-2018/capEC2AMAZ-O4EL3NG-172.31.65.8.pcap,01_pcap/Friday-02-03-2018/Friday-02-03-2018_119.pcap
Friday-02-03-2018,capEC2AMAZ-O4EL3NG-172.31.65.18.pcap,Friday-02-03-2018_120.pcap,01_pcap/Friday-02-03-2018/capEC2AMAZ-O4EL3NG-172.31.65.18.pcap,01_pcap/Friday-02-03-2018/Friday-02-03-2018_120.pcap
Friday-02-03-2018,capEC2AMAZ-O4EL3NG-172.31.65.27.pcap,Friday-02-03-2018_121.pcap,01_pcap/Friday-02-03-2018/capEC2AMAZ-O4EL3NG-172.31.65.27.pcap,01_pcap/Friday-02-03-2018/Friday-02-03-2018_121.pcap
Friday-02-03-2018,capEC2AMAZ-O4EL3NG-172.31.65.30.pcap,Friday-02-03-2018_122.pcap,01_pcap/Friday-02-03-2018/capEC2AMAZ-O4EL3NG-172.31.65.30.pcap,01_pcap/Friday-02-03-2018/Friday-02-03-2018_122.pcap
Friday-02-03-2018,capEC2AMAZ-O4EL3NG-172.31.65.32.pcap,Friday-02-03-2018_123.pcap,01_pcap/Friday-02-03-2018/capEC2AMAZ-O4EL3NG-172.31.65.32.pcap,01_pcap/Friday-02-03-2018/Friday-02-03-2018_123.pcap
Friday-02-03-2018,capEC2AMAZ-O4EL3NG-172.31.65.33.pcap,Friday-02-03-2018_124.pcap,01_pcap/Friday-02-03-2018/capEC2AMAZ-O4EL3NG-172.31.65.33.pcap,01_pcap/Friday-02-03-2018/Friday-02-03-2018_124.pcap
Friday-02-03-2018,capEC2AMAZ-O4EL3NG-172.31.65.36.pcap,Friday-02-03-2018_125.pcap,01_pcap/Friday-02-03-2018/capEC2AMAZ-O4EL3NG-172.31.65.36.pcap,01_pcap/Friday-02-03-2018/Friday-02-03-2018_125.pcap
Friday-02-03-2018,capEC2AMAZ-O4EL3NG-172.31.65.37.pcap,Friday-02-03-2018_126.pcap,01_pcap/Friday-02-03-2018/capEC2AMAZ-O4EL3NG-172.31.65.37.pcap,01_pcap/Friday-02-03-2018/Friday-02-03-2018_126.pcap
Friday-02-03-2018,capEC2AMAZ-O4EL3NG-172.31.65.39.pcap,Friday-02-03-2018_127.pcap,01_pcap/Friday-02-03-2018/capEC2AMAZ-O4EL3NG-172.31.65.39.pcap,01_pcap/Friday-02-03-2018/Friday-02-03-2018_127.pcap
Friday-02-03-2018,capEC2AMAZ-O4EL3NG-172.31.65.41.pcap,Friday-02-03-2018_128.pcap,01_pcap/Friday-02-03-2018/capEC2AMAZ-O4EL3NG-172.31.65.41.pcap,01_pcap/Friday-02-03-2018/Friday-02-03-2018_128.pcap
Friday-02-03-2018,capEC2AMAZ-O4EL3NG-172.31.65.43.pcap,Friday-02-03-2018_129.pcap,01_pcap/Friday-02-03-2018/capEC2AMAZ-O4EL3NG-172.31.65.43.pcap,01_pcap/Friday-02-03-2018/Friday-02-03-2018_129.pcap
Friday-02-03-2018,capEC2AMAZ-O4EL3NG-172.31.65.44.pcap,Friday-02-03-2018_130.pcap,01_pcap/Friday-02-03-2018/capEC2AMAZ-O4EL3NG-172.31.65.44.pcap,01_pcap/Friday-02-03-2018/Friday-02-03-2018_130.pcap
Friday-02-03-2018,capEC2AMAZ-O4EL3NG-172.31.65.45.pcap,Friday-02-03-2018_131.pcap,01_pcap/Friday-02-03-2018/capEC2AMAZ-O4EL3NG-172.31.65.45.pcap,01_pcap/Friday-02-03-2018/Friday-02-03-2018_131.pcap
Friday-02-03-2018,capEC2AMAZ-O4EL3NG-172.31.65.59.pcap,Friday-02-03-2018_132.pcap,01_pcap/Friday-02-03-2018/capEC2AMAZ-O4EL3NG-172.31.65.59.pcap,01_pcap/Friday-02-03-2018/Friday-02-03-2018_132.pcap
Friday-02-03-2018,capEC2AMAZ-O4EL3NG-172.31.65.64.pcap,Friday-02-03-2018_133.pcap,01_pcap/Friday-02-03-2018/capEC2AMAZ-O4EL3NG-172.31.65.64.pcap,01_pcap/Friday-02-03-2018/Friday-02-03-2018_133.pcap
Friday-02-03-2018,capEC2AMAZ-O4EL3NG-172.31.65.65.pcap,Friday-02-03-2018_134.pcap,01_pcap/Friday-02-03-2018/capEC2AMAZ-O4EL3NG-172.31.65.65.pcap,01_pcap/Friday-02-03-2018/Friday-02-03-2018_134.pcap
Friday-02-03-2018,capEC2AMAZ-O4EL3NG-172.31.65.71.pcap,Friday-02-03-2018_135.pcap,01_pcap/Friday-02-03-2018/capEC2AMAZ-O4EL3NG-172.31.65.71.pcap,01_pcap/Friday-02-03-2018/Friday-02-03-2018_135.pcap
Friday-02-03-2018,capEC2AMAZ-O4EL3NG-172.31.65.72.pcap,Friday-02-03-2018_136.pcap,01_pcap/Friday-02-03-2018/capEC2AMAZ-O4EL3NG-172.31.65.72.pcap,01_pcap/Friday-02-03-2018/Friday-02-03-2018_136.pcap
Friday-02-03-2018,capEC2AMAZ-O4EL3NG-172.31.65.75.pcap,Friday-02-03-2018_137.pcap,01_pcap/Friday-02-03-2018/capEC2AMAZ-O4EL3NG-172.31.65.75.pcap,01_pcap/Friday-02-03-2018/Friday-02-03-2018_137.pcap
Friday-02-03-2018,capEC2AMAZ-O4EL3NG-172.31.65.82.pcap,Friday-02-03-2018_138.pcap,01_pcap/Friday-02-03-2018/capEC2AMAZ-O4EL3NG-172.31.65.82.pcap,01_pcap/Friday-02-03-2018/Friday-02-03-2018_138.pcap
Friday-02-03-2018,capEC2AMAZ-O4EL3NG-172.31.65.84.pcap,Friday-02-03-2018_139.pcap,01_pcap/Friday-02-03-2018/capEC2AMAZ-O4EL3NG-172.31.65.84.pcap,01_pcap/Friday-02-03-2018/Friday-02-03-2018_139.pcap
Friday-02-03-2018,capEC2AMAZ-O4EL3NG-172.31.65.85.pcap,Friday-02-03-2018_140.pcap,01_pcap/Friday-02-03-2018/capEC2AMAZ-O4EL3NG-172.31.65.85.pcap,01_pcap/Friday-02-03-2018/Friday-02-03-2018_140.pcap
Friday-02-03-2018,capEC2AMAZ-O4EL3NG-172.31.65.91.pcap,Friday-02-03-2018_141.pcap,01_pcap/Friday-02-03-2018/capEC2AMAZ-O4EL3NG-172.31.65.91.pcap,01_pcap/Friday-02-03-2018/Friday-02-03-2018_141.pcap
Friday-02-03-2018,capEC2AMAZ-O4EL3NG-172.31.65.93.pcap,Friday-02-03-2018_142.pcap,01_pcap/Friday-02-03-2018/capEC2AMAZ-O4EL3NG-172.31.65.93.pcap,01_pcap/Friday-02-03-2018/Friday-02-03-2018_142.pcap
Friday-02-03-2018,capEC2AMAZ-O4EL3NG-172.31.65.96.pcap,Friday-02-03-2018_143.pcap,01_pcap/Friday-02-03-2018/capEC2AMAZ-O4EL3NG-172.31.65.96.pcap,01_pcap/Friday-02-03-2018/Friday-02-03-2018_143.pcap
Friday-02-03-2018,capEC2AMAZ-O4EL3NG-172.31.65.98.pcap,Friday-02-03-2018_144.pcap,01_pcap/Friday-02-03-2018/capEC2AMAZ-O4EL3NG-172.31.65.98.pcap,01_pcap/Friday-02-03-2018/Friday-02-03-2018_144.pcap
Friday-02-03-2018,capEC2AMAZ-O4EL3NG-172.31.65.107.pcap,Friday-02-03-2018_145.pcap,01_pcap/Friday-02-03-2018/capEC2AMAZ-O4EL3NG-172.31.65.107.pcap,01_pcap/Friday-02-03-2018/Friday-02-03-2018_145.pcap
Friday-02-03-2018,capEC2AMAZ-O4EL3NG-172.31.65.109.pcap,Friday-02-03-2018_146.pcap,01_pcap/Friday-02-03-2018/capEC2AMAZ-O4EL3NG-172.31.65.109.pcap,01_pcap/Friday-02-03-2018/Friday-02-03-2018_146.pcap
Friday-02-03-2018,capEC2AMAZ-O4EL3NG-172.31.65.112.pcap,Friday-02-03-2018_147.pcap,01_pcap/Friday-02-03-2018/capEC2AMAZ-O4EL3NG-172.31.65.112.pcap,01_pcap/Friday-02-03-2018/Friday-02-03-2018_147.pcap
Friday-02-03-2018,capEC2AMAZ-O4EL3NG-172.31.65.118.pcap,Friday-02-03-2018_148.pcap,01_pcap/Friday-02-03-2018/capEC2AMAZ-O4EL3NG-172.31.65.118.pcap,01_pcap/Friday-02-03-2018/Friday-02-03-2018_148.pcap
Friday-02-03-2018,capEC2AMAZ-O4EL3NG-172.31.65.119.pcap,Friday-02-03-2018_149.pcap,01_pcap/Friday-02-03-2018/capEC2AMAZ-O4EL3NG-172.31.65.119.pcap,01_pcap/Friday-02-03-2018/Friday-02-03-2018_149.pcap
Friday-02-03-2018,capEC2AMAZ-O4EL3NG-172.31.65.121.pcap,Friday-02-03-2018_150.pcap,01_pcap/Friday-02-03-2018/capEC2AMAZ-O4EL3NG-172.31.65.121.pcap,01_pcap/Friday-02-03-2018/Friday-02-03-2018_150.pcap
Friday-02-03-2018,capEC2AMAZ-O4EL3NG-172.31.65.122.pcap,Friday-02-03-2018_151.pcap,01_pcap/Friday-02-03-2018/capEC2AMAZ-O4EL3NG-172.31.65.122.pcap,01_pcap/Friday-02-03-2018/Friday-02-03-2018_151.pcap
Friday-02-03-2018,capEC2AMAZ-O4EL3NG-172.31.66.5.pcap,Friday-02-03-2018_152.pcap,01_pcap/Friday-02-03-2018/capEC2AMAZ-O4EL3NG-172.31.66.5.pcap,01_pcap/Friday-02-03-2018/Friday-02-03-2018_152.pcap
Friday-02-03-2018,capEC2AMAZ-O4EL3NG-172.31.66.7.pcap,Friday-02-03-2018_153.pcap,01_pcap/Friday-02-03-2018/capEC2AMAZ-O4EL3NG-172.31.66.7.pcap,01_pcap/Friday-02-03-2018/Friday-02-03-2018_153.pcap
Friday-02-03-2018,capEC2AMAZ-O4EL3NG-172.31.66.8.pcap,Friday-02-03-2018_154.pcap,01_pcap/Friday-02-03-2018/capEC2AMAZ-O4EL3NG-172.31.66.8.pcap,01_pcap/Friday-02-03-2018/Friday-02-03-2018_154.pcap
Friday-02-03-2018,capEC2AMAZ-O4EL3NG-172.31.66.11.pcap,Friday-02-03-2018_155.pcap,01_pcap/Friday-02-03-2018/capEC2AMAZ-O4EL3NG-172.31.66.11.pcap,01_pcap/Friday-02-03-2018/Friday-02-03-2018_155.pcap
Friday-02-03-2018,capEC2AMAZ-O4EL3NG-172.31.66.12.pcap,Friday-02-03-2018_156.pcap,01_pcap/Friday-02-03-2018/capEC2AMAZ-O4EL3NG-172.31.66.12.pcap,01_pcap/Friday-02-03-2018/Friday-02-03-2018_156.pcap
Friday-02-03-2018,capEC2AMAZ-O4EL3NG-172.31.66.13.pcap,Friday-02-03-2018_157.pcap,01_pcap/Friday-02-03-2018/capEC2AMAZ-O4EL3NG-172.31.66.13.pcap,01_pcap/Friday-02-03-2018/Friday-02-03-2018_157.pcap
Friday-02-03-2018,capEC2AMAZ-O4EL3NG-172.31.66.14.pcap,Friday-02-03-2018_158.pcap,01_pcap/Friday-02-03-2018/capEC2AMAZ-O4EL3NG-172.31.66.14.pcap,01_pcap/Friday-02-03-2018/Friday-02-03-2018_158.pcap
Friday-02-03-2018,capEC2AMAZ-O4EL3NG-172.31.66.16.pcap,Friday-02-03-2018_159.pcap,01_pcap/Friday-02-03-2018/capEC2AMAZ-O4EL3NG-172.31.66.16.pcap,01_pcap/Friday-02-03-2018/Friday-02-03-2018_159.pcap
Friday-02-03-2018,capEC2AMAZ-O4EL3NG-172.31.66.17.pcap,Friday-02-03-2018_160.pcap,01_pcap/Friday-02-03-2018/capEC2AMAZ-O4EL3NG-172.31.66.17.pcap,01_pcap/Friday-02-03-2018/Friday-02-03-2018_160.pcap
Friday-02-03-2018,capEC2AMAZ-O4EL3NG-172.31.66.20.pcap,Friday-02-03-2018_161.pcap,01_pcap/Friday-02-03-2018/capEC2AMAZ-O4EL3NG-172.31.66.20.pcap,01_pcap/Friday-02-03-2018/Friday-02-03-2018_161.pcap
Friday-02-03-2018,capEC2AMAZ-O4EL3NG-172.31.66.25.pcap,Friday-02-03-2018_162.pcap,01_pcap/Friday-02-03-2018/capEC2AMAZ-O4EL3NG-172.31.66.25.pcap,01_pcap/Friday-02-03-2018/Friday-02-03-2018_162.pcap
Friday-02-03-2018,capEC2AMAZ-O4EL3NG-172.31.66.26.pcap,Friday-02-03-2018_163.pcap,01_pcap/Friday-02-03-2018/capEC2AMAZ-O4EL3NG-172.31.66.26.pcap,01_pcap/Friday-02-03-2018/Friday-02-03-2018_163.pcap
Friday-02-03-2018,capEC2AMAZ-O4EL3NG-172.31.66.28.pcap,Friday-02-03-2018_164.pcap,01_pcap/Friday-02-03-2018/capEC2AMAZ-O4EL3NG-172.31.66.28.pcap,01_pcap/Friday-02-03-2018/Friday-02-03-2018_164.pcap
Friday-02-03-2018,capEC2AMAZ-O4EL3NG-172.31.66.29.pcap,Friday-02-03-2018_165.pcap,01_pcap/Friday-02-03-2018/capEC2AMAZ-O4EL3NG-172.31.66.29.pcap,01_pcap/Friday-02-03-2018/Friday-02-03-2018_165.pcap
Friday-02-03-2018,capEC2AMAZ-O4EL3NG-172.31.66.34.pcap,Friday-02-03-2018_166.pcap,01_pcap/Friday-02-03-2018/capEC2AMAZ-O4EL3NG-172.31.66.34.pcap,01_pcap/Friday-02-03-2018/Friday-02-03-2018_166.pcap
Friday-02-03-2018,capEC2AMAZ-O4EL3NG-172.31.66.35.pcap,Friday-02-03-2018_167.pcap,01_pcap/Friday-02-03-2018/capEC2AMAZ-O4EL3NG-172.31.66.35.pcap,01_pcap/Friday-02-03-2018/Friday-02-03-2018_167.pcap
Friday-02-03-2018,capEC2AMAZ-O4EL3NG-172.31.66.37.pcap,Friday-02-03-2018_168.pcap,01_pcap/Friday-02-03-2018/capEC2AMAZ-O4EL3NG-172.31.66.37.pcap,01_pcap/Friday-02-03-2018/Friday-02-03-2018_168.pcap
Friday-02-03-2018,capEC2AMAZ-O4EL3NG-172.31.66.38.pcap,Friday-02-03-2018_169.pcap,01_pcap/Friday-02-03-2018/capEC2AMAZ-O4EL3NG-172.31.66.38.pcap,01_pcap/Friday-02-03-2018/Friday-02-03-2018_169.pcap
Friday-02-03-2018,capEC2AMAZ-O4EL3NG-172.31.66.40.pcap,Friday-02-03-2018_170.pcap,01_pcap/Friday-02-03-2018/capEC2AMAZ-O4EL3NG-172.31.66.40.pcap,01_pcap/Friday-02-03-2018/Friday-02-03-2018_170.pcap
Friday-02-03-2018,capEC2AMAZ-O4EL3NG-172.31.66.44.pcap,Friday-02-03-2018_171.pcap,01_pcap/Friday-02-03-2018/capEC2AMAZ-O4EL3NG-172.31.66.44.pcap,01_pcap/Friday-02-03-2018/Friday-02-03-2018_171.pcap
Friday-02-03-2018,capEC2AMAZ-O4EL3NG-172.31.66.48.pcap,Friday-02-03-2018_172.pcap,01_pcap/Friday-02-03-2018/capEC2AMAZ-O4EL3NG-172.31.66.48.pcap,01_pcap/Friday-02-03-2018/Friday-02-03-2018_172.pcap
Friday-02-03-2018,capEC2AMAZ-O4EL3NG-172.31.66.51.pcap,Friday-02-03-2018_173.pcap,01_pcap/Friday-02-03-2018/capEC2AMAZ-O4EL3NG-172.31.66.51.pcap,01_pcap/Friday-02-03-2018/Friday-02-03-2018_173.pcap
Friday-02-03-2018,capEC2AMAZ-O4EL3NG-172.31.66.53.pcap,Friday-02-03-2018_174.pcap,01_pcap/Friday-02-03-2018/capEC2AMAZ-O4EL3NG-172.31.66.53.pcap,01_pcap/Friday-02-03-2018/Friday-02-03-2018_174.pcap
Friday-02-03-2018,capEC2AMAZ-O4EL3NG-172.31.66.55.pcap,Friday-02-03-2018_175.pcap,01_pcap/Friday-02-03-2018/capEC2AMAZ-O4EL3NG-172.31.66.55.pcap,01_pcap/Friday-02-03-2018/Friday-02-03-2018_175.pcap
Friday-02-03-2018,capEC2AMAZ-O4EL3NG-172.31.66.56.pcap,Friday-02-03-2018_176.pcap,01_pcap/Friday-02-03-2018/capEC2AMAZ-O4EL3NG-172.31.66.56.pcap,01_pcap/Friday-02-03-2018/Friday-02-03-2018_176.pcap
Friday-02-03-2018,capEC2AMAZ-O4EL3NG-172.31.66.57.pcap,Friday-02-03-2018_177.pcap,01_pcap/Friday-02-03-2018/capEC2AMAZ-O4EL3NG-172.31.66.57.pcap,01_pcap/Friday-02-03-2018/Friday-02-03-2018_177.pcap
Friday-02-03-2018,capEC2AMAZ-O4EL3NG-172.31.66.60.pcap,Friday-02-03-2018_178.pcap,01_pcap/Friday-02-03-2018/capEC2AMAZ-O4EL3NG-172.31.66.60.pcap,01_pcap/Friday-02-03-2018/Friday-02-03-2018_178.pcap
Friday-02-03-2018,capEC2AMAZ-O4EL3NG-172.31.66.61.pcap,Friday-02-03-2018_179.pcap,01_pcap/Friday-02-03-2018/capEC2AMAZ-O4EL3NG-172.31.66.61.pcap,01_pcap/Friday-02-03-2018/Friday-02-03-2018_179.pcap
Friday-02-03-2018,capEC2AMAZ-O4EL3NG-172.31.66.64.pcap,Friday-02-03-2018_180.pcap,01_pcap/Friday-02-03-2018/capEC2AMAZ-O4EL3NG-172.31.66.64.pcap,01_pcap/Friday-02-03-2018/Friday-02-03-2018_180.pcap
Friday-02-03-2018,capEC2AMAZ-O4EL3NG-172.31.66.65.pcap,Friday-02-03-2018_181.pcap,01_pcap/Friday-02-03-2018/capEC2AMAZ-O4EL3NG-172.31.66.65.pcap,01_pcap/Friday-02-03-2018/Friday-02-03-2018_181.pcap
Friday-02-03-2018,capEC2AMAZ-O4EL3NG-172.31.66.66.pcap,Friday-02-03-2018_182.pcap,01_pcap/Friday-02-03-2018/capEC2AMAZ-O4EL3NG-172.31.66.66.pcap,01_pcap/Friday-02-03-2018/Friday-02-03-2018_182.pcap
Friday-02-03-2018,capEC2AMAZ-O4EL3NG-172.31.66.68.pcap,Friday-02-03-2018_183.pcap,01_pcap/Friday-02-03-2018/capEC2AMAZ-O4EL3NG-172.31.66.68.pcap,01_pcap/Friday-02-03-2018/Friday-02-03-2018_183.pcap
Friday-02-03-2018,capEC2AMAZ-O4EL3NG-172.31.66.70.pcap,Friday-02-03-2018_184.pcap,01_pcap/Friday-02-03-2018/capEC2AMAZ-O4EL3NG-172.31.66.70.pcap,01_pcap/Friday-02-03-2018/Friday-02-03-2018_184.pcap
Friday-02-03-2018,capEC2AMAZ-O4EL3NG-172.31.66.73.pcap,Friday-02-03-2018_185.pcap,01_pcap/Friday-02-03-2018/capEC2AMAZ-O4EL3NG-172.31.66.73.pcap,01_pcap/Friday-02-03-2018/Friday-02-03-2018_185.pcap
Friday-02-03-2018,capEC2AMAZ-O4EL3NG-172.31.66.74.pcap,Friday-02-03-2018_186.pcap,01_pcap/Friday-02-03-2018/capEC2AMAZ-O4EL3NG-172.31.66.74.pcap,01_pcap/Friday-02-03-2018/Friday-02-03-2018_186.pcap
Friday-02-03-2018,capEC2AMAZ-O4EL3NG-172.31.66.75.pcap,Friday-02-03-2018_187.pcap,01_pcap/Friday-02-03-2018/capEC2AMAZ-O4EL3NG-172.31.66.75.pcap,01_pcap/Friday-02-03-2018/Friday-02-03-2018_187.pcap
Friday-02-03-2018,capEC2AMAZ-O4EL3NG-172.31.66.77.pcap,Friday-02-03-2018_188.pcap,01_pcap/Friday-02-03-2018/capEC2AMAZ-O4EL3NG-172.31.66.77.pcap,01_pcap/Friday-02-03-2018/Friday-02-03-2018_188.pcap
Friday-02-03-2018,capEC2AMAZ-O4EL3NG-172.31.66.78.pcap,Friday-02-03-2018_189.pcap,01_pcap/Friday-02-03-2018/capEC2AMAZ-O4EL3NG-172.31.66.78.pcap,01_pcap/Friday-02-03-2018/Friday-02-03-2018_189.pcap
Friday-02-03-2018,capEC2AMAZ-O4EL3NG-172.31.66.80.pcap,Friday-02-03-2018_190.pcap,01_pcap/Friday-02-03-2018/capEC2AMAZ-O4EL3NG-172.31.66.80.pcap,01_pcap/Friday-02-03-2018/Friday-02-03-2018_190.pcap
Friday-02-03-2018,capEC2AMAZ-O4EL3NG-172.31.66.81.pcap,Friday-02-03-2018_191.pcap,01_pcap/Friday-02-03-2018/capEC2AMAZ-O4EL3NG-172.31.66.81.pcap,01_pcap/Friday-02-03-2018/Friday-02-03-2018_191.pcap
Friday-02-03-2018,capEC2AMAZ-O4EL3NG-172.31.66.84.pcap,Friday-02-03-2018_192.pcap,01_pcap/Friday-02-03-2018/capEC2AMAZ-O4EL3NG-172.31.66.84.pcap,01_pcap/Friday-02-03-2018/Friday-02-03-2018_192.pcap
Friday-02-03-2018,capEC2AMAZ-O4EL3NG-172.31.66.86.pcap,Friday-02-03-2018_193.pcap,01_pcap/Friday-02-03-2018/capEC2AMAZ-O4EL3NG-172.31.66.86.pcap,01_pcap/Friday-02-03-2018/Friday-02-03-2018_193.pcap
Friday-02-03-2018,capEC2AMAZ-O4EL3NG-172.31.66.87.pcap,Friday-02-03-2018_194.pcap,01_pcap/Friday-02-03-2018/capEC2AMAZ-O4EL3NG-172.31.66.87.pcap,01_pcap/Friday-02-03-2018/Friday-02-03-2018_194.pcap
Friday-02-03-2018,capEC2AMAZ-O4EL3NG-172.31.66.91.pcap,Friday-02-03-2018_195.pcap,01_pcap/Friday-02-03-2018/capEC2AMAZ-O4EL3NG-172.31.66.91.pcap,01_pcap/Friday-02-03-2018/Friday-02-03-2018_195.pcap
Friday-02-03-2018,capEC2AMAZ-O4EL3NG-172.31.66.94.pcap,Friday-02-03-2018_196.pcap,01_pcap/Friday-02-03-2018/capEC2AMAZ-O4EL3NG-172.31.66.94.pcap,01_pcap/Friday-02-03-2018/Friday-02-03-2018_196.pcap
Friday-02-03-2018,capEC2AMAZ-O4EL3NG-172.31.66.95.pcap,Friday-02-03-2018_197.pcap,01_pcap/Friday-02-03-2018/capEC2AMAZ-O4EL3NG-172.31.66.95.pcap,01_pcap/Friday-02-03-2018/Friday-02-03-2018_197.pcap
Friday-02-03-2018,capEC2AMAZ-O4EL3NG-172.31.66.97.pcap,Friday-02-03-2018_198.pcap,01_pcap/Friday-02-03-2018/capEC2AMAZ-O4EL3NG-172.31.66.97.pcap,01_pcap/Friday-02-03-2018/Friday-02-03-2018_198.pcap
Friday-02-03-2018,capEC2AMAZ-O4EL3NG-172.31.66.98.pcap,Friday-02-03-2018_199.pcap,01_pcap/Friday-02-03-2018/capEC2AMAZ-O4EL3NG-172.31.66.98.pcap,01_pcap/Friday-02-03-2018/Friday-02-03-2018_199.pcap
Friday-02-03-2018,capEC2AMAZ-O4EL3NG-172.31.66.105.pcap,Friday-02-03-2018_200.pcap,01_pcap/Friday-02-03-2018/capEC2AMAZ-O4EL3NG-172.31.66.105.pcap,01_pcap/Friday-02-03-2018/Friday-02-03-2018_200.pcap
Friday-02-03-2018,capEC2AMAZ-O4EL3NG-172.31.66.107.pcap,Friday-02-03-2018_201.pcap,01_pcap/Friday-02-03-2018/capEC2AMAZ-O4EL3NG-172.31.66.107.pcap,01_pcap/Friday-02-03-2018/Friday-02-03-2018_201.pcap
Friday-02-03-2018,capEC2AMAZ-O4EL3NG-172.31.66.108.pcap,Friday-02-03-2018_202.pcap,01_pcap/Friday-02-03-2018/capEC2AMAZ-O4EL3NG-172.31.66.108.pcap,01_pcap/Friday-02-03-2018/Friday-02-03-2018_202.pcap
Friday-02-03-2018,capEC2AMAZ-O4EL3NG-172.31.66.109.pcap,Friday-02-03-2018_203.pcap,01_pcap/Friday-02-03-2018/capEC2AMAZ-O4EL3NG-172.31.66.109.pcap,01_pcap/Friday-02-03-2018/Friday-02-03-2018_203.pcap
Friday-02-03-2018,capEC2AMAZ-O4EL3NG-172.31.66.113.pcap,Friday-02-03-2018_204.pcap,01_pcap/Friday-02-03-2018/capEC2AMAZ-O4EL3NG-172.31.66.113.pcap,01_pcap/Friday-02-03-2018/Friday-02-03-2018_204.pcap
Friday-02-03-2018,capEC2AMAZ-O4EL3NG-172.31.66.116.pcap,Friday-02-03-2018_205.pcap,01_pcap/Friday-02-03-2018/capEC2AMAZ-O4EL3NG-172.31.66.116.pcap,01_pcap/Friday-02-03-2018/Friday-02-03-2018_205.pcap
Friday-02-03-2018,capEC2AMAZ-O4EL3NG-172.31.66.119.pcap,Friday-02-03-2018_206.pcap,01_pcap/Friday-02-03-2018/capEC2AMAZ-O4EL3NG-172.31.66.119.pcap,01_pcap/Friday-02-03-2018/Friday-02-03-2018_206.pcap
Friday-02-03-2018,capEC2AMAZ-O4EL3NG-172.31.66.122.pcap,Friday-02-03-2018_207.pcap,01_pcap/Friday-02-03-2018/capEC2AMAZ-O4EL3NG-172.31.66.122.pcap,01_pcap/Friday-02-03-2018/Friday-02-03-2018_207.pcap
Friday-02-03-2018,capEC2AMAZ-O4EL3NG-172.31.66.124.pcap,Friday-02-03-2018_208.pcap,01_pcap/Friday-02-03-2018/capEC2AMAZ-O4EL3NG-172.31.66.124.pcap,01_pcap/Friday-02-03-2018/Friday-02-03-2018_208.pcap
Friday-02-03-2018,capEC2AMAZ-O4EL3NG-172.31.67.6.pcap,Friday-02-03-2018_209.pcap,01_pcap/Friday-02-03-2018/capEC2AMAZ-O4EL3NG-172.31.67.6.pcap,01_pcap/Friday-02-03-2018/Friday-02-03-2018_209.pcap
Friday-02-03-2018,capEC2AMAZ-O4EL3NG-172.31.67.7.pcap,Friday-02-03-2018_210.pcap,01_pcap/Friday-02-03-2018/capEC2AMAZ-O4EL3NG-172.31.67.7.pcap,01_pcap/Friday-02-03-2018/Friday-02-03-2018_210.pcap
Friday-02-03-2018,capEC2AMAZ-O4EL3NG-172.31.67.12.pcap,Friday-02-03-2018_211.pcap,01_pcap/Friday-02-03-2018/capEC2AMAZ-O4EL3NG-172.31.67.12.pcap,01_pcap/Friday-02-03-2018/Friday-02-03-2018_211.pcap
Friday-02-03-2018,capEC2AMAZ-O4EL3NG-172.31.67.16.pcap,Friday-02-03-2018_212.pcap,01_pcap/Friday-02-03-2018/capEC2AMAZ-O4EL3NG-172.31.67.16.pcap,01_pcap/Friday-02-03-2018/Friday-02-03-2018_212.pcap
Friday-02-03-2018,capEC2AMAZ-O4EL3NG-172.31.67.17.pcap,Friday-02-03-2018_213.pcap,01_pcap/Friday-02-03-2018/capEC2AMAZ-O4EL3NG-172.31.67.17.pcap,01_pcap/Friday-02-03-2018/Friday-02-03-2018_213.pcap
Friday-02-03-2018,capEC2AMAZ-O4EL3NG-172.31.67.18.pcap,Friday-02-03-2018_214.pcap,01_pcap/Friday-02-03-2018/capEC2AMAZ-O4EL3NG-172.31.67.18.pcap,01_pcap/Friday-02-03-2018/Friday-02-03-2018_214.pcap
Friday-02-03-2018,capEC2AMAZ-O4EL3NG-172.31.67.20.pcap,Friday-02-03-2018_215.pcap,01_pcap/Friday-02-03-2018/capEC2AMAZ-O4EL3NG-172.31.67.20.pcap,01_pcap/Friday-02-03-2018/Friday-02-03-2018_215.pcap
Friday-02-03-2018,capEC2AMAZ-O4EL3NG-172.31.67.29.pcap,Friday-02-03-2018_216.pcap,01_pcap/Friday-02-03-2018/capEC2AMAZ-O4EL3NG-172.31.67.29.pcap,01_pcap/Friday-02-03-2018/Friday-02-03-2018_216.pcap
Friday-02-03-2018,capEC2AMAZ-O4EL3NG-172.31.67.31.pcap,Friday-02-03-2018_217.pcap,01_pcap/Friday-02-03-2018/capEC2AMAZ-O4EL3NG-172.31.67.31.pcap,01_pcap/Friday-02-03-2018/Friday-02-03-2018_217.pcap
Friday-02-03-2018,capEC2AMAZ-O4EL3NG-172.31.67.37.pcap,Friday-02-03-2018_218.pcap,01_pcap/Friday-02-03-2018/capEC2AMAZ-O4EL3NG-172.31.67.37.pcap,01_pcap/Friday-02-03-2018/Friday-02-03-2018_218.pcap
Friday-02-03-2018,capEC2AMAZ-O4EL3NG-172.31.67.38.pcap,Friday-02-03-2018_219.pcap,01_pcap/Friday-02-03-2018/capEC2AMAZ-O4EL3NG-172.31.67.38.pcap,01_pcap/Friday-02-03-2018/Friday-02-03-2018_219.pcap
Friday-02-03-2018,capEC2AMAZ-O4EL3NG-172.31.67.42.pcap,Friday-02-03-2018_220.pcap,01_pcap/Friday-02-03-2018/capEC2AMAZ-O4EL3NG-172.31.67.42.pcap,01_pcap/Friday-02-03-2018/Friday-02-03-2018_220.pcap
Friday-02-03-2018,capEC2AMAZ-O4EL3NG-172.31.67.45.pcap,Friday-02-03-2018_221.pcap,01_pcap/Friday-02-03-2018/capEC2AMAZ-O4EL3NG-172.31.67.45.pcap,01_pcap/Friday-02-03-2018/Friday-02-03-2018_221.pcap
Friday-02-03-2018,capEC2AMAZ-O4EL3NG-172.31.67.47.pcap,Friday-02-03-2018_222.pcap,01_pcap/Friday-02-03-2018/capEC2AMAZ-O4EL3NG-172.31.67.47.pcap,01_pcap/Friday-02-03-2018/Friday-02-03-2018_222.pcap
Friday-02-03-2018,capEC2AMAZ-O4EL3NG-172.31.67.48.pcap,Friday-02-03-2018_223.pcap,01_pcap/Friday-02-03-2018/capEC2AMAZ-O4EL3NG-172.31.67.48.pcap,01_pcap/Friday-02-03-2018/Friday-02-03-2018_223.pcap
Friday-02-03-2018,capEC2AMAZ-O4EL3NG-172.31.67.52.pcap,Friday-02-03-2018_224.pcap,01_pcap/Friday-02-03-2018/capEC2AMAZ-O4EL3NG-172.31.67.52.pcap,01_pcap/Friday-02-03-2018/Friday-02-03-2018_224.pcap
Friday-02-03-2018,capEC2AMAZ-O4EL3NG-172.31.67.53.pcap,Friday-02-03-2018_225.pcap,01_pcap/Friday-02-03-2018/capEC2AMAZ-O4EL3NG-172.31.67.53.pcap,01_pcap/Friday-02-03-2018/Friday-02-03-2018_225.pcap
Friday-02-03-2018,capEC2AMAZ-O4EL3NG-172.31.67.57.pcap,Friday-02-03-2018_226.pcap,01_pcap/Friday-02-03-2018/capEC2AMAZ-O4EL3NG-172.31.67.57.pcap,01_pcap/Friday-02-03-2018/Friday-02-03-2018_226.pcap
Friday-02-03-2018,capEC2AMAZ-O4EL3NG-172.31.67.58.pcap,Friday-02-03-2018_227.pcap,01_pcap/Friday-02-03-2018/capEC2AMAZ-O4EL3NG-172.31.67.58.pcap,01_pcap/Friday-02-03-2018/Friday-02-03-2018_227.pcap
Friday-02-03-2018,capEC2AMAZ-O4EL3NG-172.31.67.60.pcap,Friday-02-03-2018_228.pcap,01_pcap/Friday-02-03-2018/capEC2AMAZ-O4EL3NG-172.31.67.60.pcap,01_pcap/Friday-02-03-2018/Friday-02-03-2018_228.pcap
Friday-02-03-2018,capEC2AMAZ-O4EL3NG-172.31.67.61.pcap,Friday-02-03-2018_229.pcap,01_pcap/Friday-02-03-2018/capEC2AMAZ-O4EL3NG-172.31.67.61.pcap,01_pcap/Friday-02-03-2018/Friday-02-03-2018_229.pcap
Friday-02-03-2018,capEC2AMAZ-O4EL3NG-172.31.67.64.pcap,Friday-02-03-2018_230.pcap,01_pcap/Friday-02-03-2018/capEC2AMAZ-O4EL3NG-172.31.67.64.pcap,01_pcap/Friday-02-03-2018/Friday-02-03-2018_230.pcap
Friday-02-03-2018,capEC2AMAZ-O4EL3NG-172.31.67.66.pcap,Friday-02-03-2018_231.pcap,01_pcap/Friday-02-03-2018/capEC2AMAZ-O4EL3NG-172.31.67.66.pcap,01_pcap/Friday-02-03-2018/Friday-02-03-2018_231.pcap
Friday-02-03-2018,capEC2AMAZ-O4EL3NG-172.31.67.67.pcap,Friday-02-03-2018_232.pcap,01_pcap/Friday-02-03-2018/capEC2AMAZ-O4EL3NG-172.31.67.67.pcap,01_pcap/Friday-02-03-2018/Friday-02-03-2018_232.pcap
Friday-02-03-2018,capEC2AMAZ-O4EL3NG-172.31.67.73.pcap,Friday-02-03-2018_233.pcap,01_pcap/Friday-02-03-2018/capEC2AMAZ-O4EL3NG-172.31.67.73.pcap,01_pcap/Friday-02-03-2018/Friday-02-03-2018_233.pcap
Friday-02-03-2018,capEC2AMAZ-O4EL3NG-172.31.67.75.pcap,Friday-02-03-2018_234.pcap,01_pcap/Friday-02-03-2018/capEC2AMAZ-O4EL3NG-172.31.67.75.pcap,01_pcap/Friday-02-03-2018/Friday-02-03-2018_234.pcap
Friday-02-03-2018,capEC2AMAZ-O4EL3NG-172.31.67.77.pcap,Friday-02-03-2018_235.pcap,01_pcap/Friday-02-03-2018/capEC2AMAZ-O4EL3NG-172.31.67.77.pcap,01_pcap/Friday-02-03-2018/Friday-02-03-2018_235.pcap
Friday-02-03-2018,capEC2AMAZ-O4EL3NG-172.31.67.91.pcap,Friday-02-03-2018_236.pcap,01_pcap/Friday-02-03-2018/capEC2AMAZ-O4EL3NG-172.31.67.91.pcap,01_pcap/Friday-02-03-2018/Friday-02-03-2018_236.pcap
Friday-02-03-2018,capEC2AMAZ-O4EL3NG-172.31.67.92.pcap,Friday-02-03-2018_237.pcap,01_pcap/Friday-02-03-2018/capEC2AMAZ-O4EL3NG-172.31.67.92.pcap,01_pcap/Friday-02-03-2018/Friday-02-03-2018_237.pcap
Friday-02-03-2018,capEC2AMAZ-O4EL3NG-172.31.67.96.pcap,Friday-02-03-2018_238.pcap,01_pcap/Friday-02-03-2018/capEC2AMAZ-O4EL3NG-172.31.67.96.pcap,01_pcap/Friday-02-03-2018/Friday-02-03-2018_238.pcap
Friday-02-03-2018,capEC2AMAZ-O4EL3NG-172.31.67.99.pcap,Friday-02-03-2018_239.pcap,01_pcap/Friday-02-03-2018/capEC2AMAZ-O4EL3NG-172.31.67.99.pcap,01_pcap/Friday-02-03-2018/Friday-02-03-2018_239.pcap
Friday-02-03-2018,capEC2AMAZ-O4EL3NG-172.31.67.100.pcap,Friday-02-03-2018_240.pcap,01_pcap/Friday-02-03-2018/capEC2AMAZ-O4EL3NG-172.31.67.100.pcap,01_pcap/Friday-02-03-2018/Friday-02-03-2018_240.pcap
Friday-02-03-2018,capEC2AMAZ-O4EL3NG-172.31.67.112.pcap,Friday-02-03-2018_241.pcap,01_pcap/Friday-02-03-2018/capEC2AMAZ-O4EL3NG-172.31.67.112.pcap,01_pcap/Friday-02-03-2018/Friday-02-03-2018_241.pcap
Friday-02-03-2018,capEC2AMAZ-O4EL3NG-172.31.67.113.pcap,Friday-02-03-2018_242.pcap,01_pcap/Friday-02-03-2018/capEC2AMAZ-O4EL3NG-172.31.67.113.pcap,01_pcap/Friday-02-03-2018/Friday-02-03-2018_242.pcap
Friday-02-03-2018,capEC2AMAZ-O4EL3NG-172.31.67.115.pcap,Friday-02-03-2018_243.pcap,01_pcap/Friday-02-03-2018/capEC2AMAZ-O4EL3NG-172.31.67.115.pcap,01_pcap/Friday-02-03-2018/Friday-02-03-2018_243.pcap
Friday-02-03-2018,capEC2AMAZ-O4EL3NG-172.31.67.117.pcap,Friday-02-03-2018_244.pcap,01_pcap/Friday-02-03-2018/capEC2AMAZ-O4EL3NG-172.31.67.117.pcap,01_pcap/Friday-02-03-2018/Friday-02-03-2018_244.pcap
Friday-02-03-2018,capEC2AMAZ-O4EL3NG-172.31.67.120.pcap,Friday-02-03-2018_245.pcap,01_pcap/Friday-02-03-2018/capEC2AMAZ-O4EL3NG-172.31.67.120.pcap,01_pcap/Friday-02-03-2018/Friday-02-03-2018_245.pcap
Friday-02-03-2018,capEC2AMAZ-O4EL3NG-172.31.67.122.pcap,Friday-02-03-2018_246.pcap,01_pcap/Friday-02-03-2018/capEC2AMAZ-O4EL3NG-172.31.67.122.pcap,01_pcap/Friday-02-03-2018/Friday-02-03-2018_246.pcap
Friday-02-03-2018,capEC2AMAZ-O4EL3NG-172.31.67.126.pcap,Friday-02-03-2018_247.pcap,01_pcap/Friday-02-03-2018/capEC2AMAZ-O4EL3NG-172.31.67.126.pcap,01_pcap/Friday-02-03-2018/Friday-02-03-2018_247.pcap
Friday-02-03-2018,capEC2AMAZ-O4EL3NG-172.31.68.4.pcap,Friday-02-03-2018_248.pcap,01_pcap/Friday-02-03-2018/capEC2AMAZ-O4EL3NG-172.31.68.4.pcap,01_pcap/Friday-02-03-2018/Friday-02-03-2018_248.pcap
Friday-02-03-2018,capEC2AMAZ-O4EL3NG-172.31.68.5.pcap,Friday-02-03-2018_249.pcap,01_pcap/Friday-02-03-2018/capEC2AMAZ-O4EL3NG-172.31.68.5.pcap,01_pcap/Friday-02-03-2018/Friday-02-03-2018_249.pcap
Friday-02-03-2018,capEC2AMAZ-O4EL3NG-172.31.68.6.pcap,Friday-02-03-2018_250.pcap,01_pcap/Friday-02-03-2018/capEC2AMAZ-O4EL3NG-172.31.68.6.pcap,01_pcap/Friday-02-03-2018/Friday-02-03-2018_250.pcap
Friday-02-03-2018,capEC2AMAZ-O4EL3NG-172.31.68.8.pcap,Friday-02-03-2018_251.pcap,01_pcap/Friday-02-03-2018/capEC2AMAZ-O4EL3NG-172.31.68.8.pcap,01_pcap/Friday-02-03-2018/Friday-02-03-2018_251.pcap
Friday-02-03-2018,capEC2AMAZ-O4EL3NG-172.31.68.9.pcap,Friday-02-03-2018_252.pcap,01_pcap/Friday-02-03-2018/capEC2AMAZ-O4EL3NG-172.31.68.9.pcap,01_pcap/Friday-02-03-2018/Friday-02-03-2018_252.pcap
Friday-02-03-2018,capEC2AMAZ-O4EL3NG-172.31.68.10.pcap,Friday-02-03-2018_253.pcap,01_pcap/Friday-02-03-2018/capEC2AMAZ-O4EL3NG-172.31.68.10.pcap,01_pcap/Friday-02-03-2018/Friday-02-03-2018_253.pcap
Friday-02-03-2018,capEC2AMAZ-O4EL3NG-172.31.68.12.pcap,Friday-02-03-2018_254.pcap,01_pcap/Friday-02-03-2018/capEC2AMAZ-O4EL3NG-172.31.68.12.pcap,01_pcap/Friday-02-03-2018/Friday-02-03-2018_254.pcap
Friday-02-03-2018,capEC2AMAZ-O4EL3NG-172.31.68.13.pcap,Friday-02-03-2018_255.pcap,01_pcap/Friday-02-03-2018/capEC2AMAZ-O4EL3NG-172.31.68.13.pcap,01_pcap/Friday-02-03-2018/Friday-02-03-2018_255.pcap
Friday-02-03-2018,capEC2AMAZ-O4EL3NG-172.31.68.14.pcap,Friday-02-03-2018_256.pcap,01_pcap/Friday-02-03-2018/capEC2AMAZ-O4EL3NG-172.31.68.14.pcap,01_pcap/Friday-02-03-2018/Friday-02-03-2018_256.pcap
Friday-02-03-2018,capEC2AMAZ-O4EL3NG-172.31.68.15.pcap,Friday-02-03-2018_257.pcap,01_pcap/Friday-02-03-2018/capEC2AMAZ-O4EL3NG-172.31.68.15.pcap,01_pcap/Friday-02-03-2018/Friday-02-03-2018_257.pcap
Friday-02-03-2018,capEC2AMAZ-O4EL3NG-172.31.68.18.pcap,Friday-02-03-2018_258.pcap,01_pcap/Friday-02-03-2018/capEC2AMAZ-O4EL3NG-172.31.68.18.pcap,01_pcap/Friday-02-03-2018/Friday-02-03-2018_258.pcap
Friday-02-03-2018,capEC2AMAZ-O4EL3NG-172.31.68.19.pcap,Friday-02-03-2018_259.pcap,01_pcap/Friday-02-03-2018/capEC2AMAZ-O4EL3NG-172.31.68.19.pcap,01_pcap/Friday-02-03-2018/Friday-02-03-2018_259.pcap
Friday-02-03-2018,capEC2AMAZ-O4EL3NG-172.31.68.20.pcap,Friday-02-03-2018_260.pcap,01_pcap/Friday-02-03-2018/capEC2AMAZ-O4EL3NG-172.31.68.20.pcap,01_pcap/Friday-02-03-2018/Friday-02-03-2018_260.pcap
Friday-02-03-2018,capEC2AMAZ-O4EL3NG-172.31.68.21.pcap,Friday-02-03-2018_261.pcap,01_pcap/Friday-02-03-2018/capEC2AMAZ-O4EL3NG-172.31.68.21.pcap,01_pcap/Friday-02-03-2018/Friday-02-03-2018_261.pcap
Friday-02-03-2018,capEC2AMAZ-O4EL3NG-172.31.68.23.pcap,Friday-02-03-2018_262.pcap,01_pcap/Friday-02-03-2018/capEC2AMAZ-O4EL3NG-172.31.68.23.pcap,01_pcap/Friday-02-03-2018/Friday-02-03-2018_262.pcap
Friday-02-03-2018,capEC2AMAZ-O4EL3NG-172.31.68.25.pcap,Friday-02-03-2018_263.pcap,01_pcap/Friday-02-03-2018/capEC2AMAZ-O4EL3NG-172.31.68.25.pcap,01_pcap/Friday-02-03-2018/Friday-02-03-2018_263.pcap
Friday-02-03-2018,capEC2AMAZ-O4EL3NG-172.31.68.26.pcap,Friday-02-03-2018_264.pcap,01_pcap/Friday-02-03-2018/capEC2AMAZ-O4EL3NG-172.31.68.26.pcap,01_pcap/Friday-02-03-2018/Friday-02-03-2018_264.pcap
Friday-02-03-2018,capEC2AMAZ-O4EL3NG-172.31.68.28.pcap,Friday-02-03-2018_265.pcap,01_pcap/Friday-02-03-2018/capEC2AMAZ-O4EL3NG-172.31.68.28.pcap,01_pcap/Friday-02-03-2018/Friday-02-03-2018_265.pcap
Friday-02-03-2018,capEC2AMAZ-O4EL3NG-172.31.68.30.pcap,Friday-02-03-2018_266.pcap,01_pcap/Friday-02-03-2018/capEC2AMAZ-O4EL3NG-172.31.68.30.pcap,01_pcap/Friday-02-03-2018/Friday-02-03-2018_266.pcap
Friday-02-03-2018,capEC2AMAZ-O4EL3NG-172.31.69 - Copy.24.pcap,Friday-02-03-2018_267.pcap,01_pcap/Friday-02-03-2018/capEC2AMAZ-O4EL3NG-172.31.69 - Copy.24.pcap,01_pcap/Friday-02-03-2018/Friday-02-03-2018_267.pcap
Friday-02-03-2018,capEC2AMAZ-O4EL3NG-172.31.69.5.pcap,Friday-02-03-2018_268.pcap,01_pcap/Friday-02-03-2018/capEC2AMAZ-O4EL3NG-172.31.69.5.pcap,01_pcap/Friday-02-03-2018/Friday-02-03-2018_268.pcap
Friday-02-03-2018,capEC2AMAZ-O4EL3NG-172.31.69.6.pcap,Friday-02-03-2018_269.pcap,01_pcap/Friday-02-03-2018/capEC2AMAZ-O4EL3NG-172.31.69.6.pcap,01_pcap/Friday-02-03-2018/Friday-02-03-2018_269.pcap
Friday-02-03-2018,capEC2AMAZ-O4EL3NG-172.31.69.8.pcap,Friday-02-03-2018_270.pcap,01_pcap/Friday-02-03-2018/capEC2AMAZ-O4EL3NG-172.31.69.8.pcap,01_pcap/Friday-02-03-2018/Friday-02-03-2018_270.pcap
Friday-02-03-2018,capEC2AMAZ-O4EL3NG-172.31.69.9.pcap,Friday-02-03-2018_271.pcap,01_pcap/Friday-02-03-2018/capEC2AMAZ-O4EL3NG-172.31.69.9.pcap,01_pcap/Friday-02-03-2018/Friday-02-03-2018_271.pcap
Friday-02-03-2018,capEC2AMAZ-O4EL3NG-172.31.69.10.pcap,Friday-02-03-2018_272.pcap,01_pcap/Friday-02-03-2018/capEC2AMAZ-O4EL3NG-172.31.69.10.pcap,01_pcap/Friday-02-03-2018/Friday-02-03-2018_272.pcap
Friday-02-03-2018,capEC2AMAZ-O4EL3NG-172.31.69.12.pcap,Friday-02-03-2018_273.pcap,01_pcap/Friday-02-03-2018/capEC2AMAZ-O4EL3NG-172.31.69.12.pcap,01_pcap/Friday-02-03-2018/Friday-02-03-2018_273.pcap
Friday-02-03-2018,capEC2AMAZ-O4EL3NG-172.31.69.13.pcap,Friday-02-03-2018_274.pcap,01_pcap/Friday-02-03-2018/capEC2AMAZ-O4EL3NG-172.31.69.13.pcap,01_pcap/Friday-02-03-2018/Friday-02-03-2018_274.pcap
Friday-02-03-2018,capEC2AMAZ-O4EL3NG-172.31.69.14.pcap,Friday-02-03-2018_275.pcap,01_pcap/Friday-02-03-2018/capEC2AMAZ-O4EL3NG-172.31.69.14.pcap,01_pcap/Friday-02-03-2018/Friday-02-03-2018_275.pcap
Friday-02-03-2018,capEC2AMAZ-O4EL3NG-172.31.69.16.pcap,Friday-02-03-2018_276.pcap,01_pcap/Friday-02-03-2018/capEC2AMAZ-O4EL3NG-172.31.69.16.pcap,01_pcap/Friday-02-03-2018/Friday-02-03-2018_276.pcap
Friday-02-03-2018,capEC2AMAZ-O4EL3NG-172.31.69.17.pcap,Friday-02-03-2018_277.pcap,01_pcap/Friday-02-03-2018/capEC2AMAZ-O4EL3NG-172.31.69.17.pcap,01_pcap/Friday-02-03-2018/Friday-02-03-2018_277.pcap
Friday-02-03-2018,capEC2AMAZ-O4EL3NG-172.31.69.20.pcap,Friday-02-03-2018_278.pcap,01_pcap/Friday-02-03-2018/capEC2AMAZ-O4EL3NG-172.31.69.20.pcap,01_pcap/Friday-02-03-2018/Friday-02-03-2018_278.pcap
Friday-02-03-2018,capEC2AMAZ-O4EL3NG-172.31.69.23.pcap,Friday-02-03-2018_279.pcap,01_pcap/Friday-02-03-2018/capEC2AMAZ-O4EL3NG-172.31.69.23.pcap,01_pcap/Friday-02-03-2018/Friday-02-03-2018_279.pcap
Friday-02-03-2018,capEC2AMAZ-O4EL3NG-172.31.69.24 - Shortcut.lnk.pcap,Friday-02-03-2018_280.pcap,01_pcap/Friday-02-03-2018/capEC2AMAZ-O4EL3NG-172.31.69.24 - Shortcut.lnk.pcap,01_pcap/Friday-02-03-2018/Friday-02-03-2018_280.pcap
Friday-02-03-2018,capEC2AMAZ-O4EL3NG-172.31.69.26.pcap,Friday-02-03-2018_281.pcap,01_pcap/Friday-02-03-2018/capEC2AMAZ-O4EL3NG-172.31.69.26.pcap,01_pcap/Friday-02-03-2018/Friday-02-03-2018_281.pcap
Friday-02-03-2018,capEC2AMAZ-O4EL3NG-172.31.69.26a.pcap,Friday-02-03-2018_282.pcap,01_pcap/Friday-02-03-2018/capEC2AMAZ-O4EL3NG-172.31.69.26a.pcap,01_pcap/Friday-02-03-2018/Friday-02-03-2018_282.pcap
Friday-02-03-2018,capEC2AMAZ-O4EL3NG-172.31.69.29.pcap,Friday-02-03-2018_283.pcap,01_pcap/Friday-02-03-2018/capEC2AMAZ-O4EL3NG-172.31.69.29.pcap,01_pcap/Friday-02-03-2018/Friday-02-03-2018_283.pcap
Friday-02-03-2018,capEC2AMAZ-O4EL3NG-172.31.69.30.pcap,Friday-02-03-2018_284.pcap,01_pcap/Friday-02-03-2018/capEC2AMAZ-O4EL3NG-172.31.69.30.pcap,01_pcap/Friday-02-03-2018/Friday-02-03-2018_284.pcap
Friday-02-03-2018,capPC1-172.31.64.15.pcap,Friday-02-03-2018_285.pcap,01_pcap/Friday-02-03-2018/capPC1-172.31.64.15.pcap,01_pcap/Friday-02-03-2018/Friday-02-03-2018_285.pcap
Friday-02-03-2018,capPC1-172.31.64.18.pcap,Friday-02-03-2018_286.pcap,01_pcap/Friday-02-03-2018/capPC1-172.31.64.18.pcap,01_pcap/Friday-02-03-2018/Friday-02-03-2018_286.pcap
Friday-02-03-2018,capPC1-172.31.64.21.pcap,Friday-02-03-2018_287.pcap,01_pcap/Friday-02-03-2018/capPC1-172.31.64.21.pcap,01_pcap/Friday-02-03-2018/Friday-02-03-2018_287.pcap
Friday-02-03-2018,capPC1-172.31.64.23.pcap,Friday-02-03-2018_288.pcap,01_pcap/Friday-02-03-2018/capPC1-172.31.64.23.pcap,01_pcap/Friday-02-03-2018/Friday-02-03-2018_288.pcap
Friday-02-03-2018,capPC1-172.31.64.31.pcap,Friday-02-03-2018_289.pcap,01_pcap/Friday-02-03-2018/capPC1-172.31.64.31.pcap,01_pcap/Friday-02-03-2018/Friday-02-03-2018_289.pcap
Friday-02-03-2018,capPC1-172.31.64.32.pcap,Friday-02-03-2018_290.pcap,01_pcap/Friday-02-03-2018/capPC1-172.31.64.32.pcap,01_pcap/Friday-02-03-2018/Friday-02-03-2018_290.pcap
Friday-02-03-2018,capPC1-172.31.64.33.pcap,Friday-02-03-2018_291.pcap,01_pcap/Friday-02-03-2018/capPC1-172.31.64.33.pcap,01_pcap/Friday-02-03-2018/Friday-02-03-2018_291.pcap
Friday-02-03-2018,capPC1-172.31.64.34.pcap,Friday-02-03-2018_292.pcap,01_pcap/Friday-02-03-2018/capPC1-172.31.64.34.pcap,01_pcap/Friday-02-03-2018/Friday-02-03-2018_292.pcap
Friday-02-03-2018,capPC1-172.31.64.37.pcap,Friday-02-03-2018_293.pcap,01_pcap/Friday-02-03-2018/capPC1-172.31.64.37.pcap,01_pcap/Friday-02-03-2018/Friday-02-03-2018_293.pcap
Friday-02-03-2018,capPC1-172.31.64.40.pcap,Friday-02-03-2018_294.pcap,01_pcap/Friday-02-03-2018/capPC1-172.31.64.40.pcap,01_pcap/Friday-02-03-2018/Friday-02-03-2018_294.pcap
Friday-02-03-2018,capPC1-172.31.64.41.pcap,Friday-02-03-2018_295.pcap,01_pcap/Friday-02-03-2018/capPC1-172.31.64.41.pcap,01_pcap/Friday-02-03-2018/Friday-02-03-2018_295.pcap
Friday-02-03-2018,capPC1-172.31.64.48.pcap,Friday-02-03-2018_296.pcap,01_pcap/Friday-02-03-2018/capPC1-172.31.64.48.pcap,01_pcap/Friday-02-03-2018/Friday-02-03-2018_296.pcap
Friday-02-03-2018,capPC1-172.31.64.52.pcap,Friday-02-03-2018_297.pcap,01_pcap/Friday-02-03-2018/capPC1-172.31.64.52.pcap,01_pcap/Friday-02-03-2018/Friday-02-03-2018_297.pcap
Friday-02-03-2018,capPC1-172.31.64.64.pcap,Friday-02-03-2018_298.pcap,01_pcap/Friday-02-03-2018/capPC1-172.31.64.64.pcap,01_pcap/Friday-02-03-2018/Friday-02-03-2018_298.pcap
Friday-02-03-2018,capPC1-172.31.64.97.pcap,Friday-02-03-2018_299.pcap,01_pcap/Friday-02-03-2018/capPC1-172.31.64.97.pcap,01_pcap/Friday-02-03-2018/Friday-02-03-2018_299.pcap
Friday-02-03-2018,capPC1-172.31.64.106.pcap,Friday-02-03-2018_300.pcap,01_pcap/Friday-02-03-2018/capPC1-172.31.64.106.pcap,01_pcap/Friday-02-03-2018/Friday-02-03-2018_300.pcap
Friday-02-03-2018,capPC1-172.31.64.113.pcap,Friday-02-03-2018_301.pcap,01_pcap/Friday-02-03-2018/capPC1-172.31.64.113.pcap,01_pcap/Friday-02-03-2018/Friday-02-03-2018_301.pcap
Friday-02-03-2018,capPC1-172.31.64.114.pcap,Friday-02-03-2018_302.pcap,01_pcap/Friday-02-03-2018/capPC1-172.31.64.114.pcap,01_pcap/Friday-02-03-2018/Friday-02-03-2018_302.pcap
Friday-02-03-2018,capPC1-172.31.64.116.pcap,Friday-02-03-2018_303.pcap,01_pcap/Friday-02-03-2018/capPC1-172.31.64.116.pcap,01_pcap/Friday-02-03-2018/Friday-02-03-2018_303.pcap
Friday-02-03-2018,capPC1-172.31.64.121.pcap,Friday-02-03-2018_304.pcap,01_pcap/Friday-02-03-2018/capPC1-172.31.64.121.pcap,01_pcap/Friday-02-03-2018/Friday-02-03-2018_304.pcap
Friday-02-03-2018,capPC1-172.31.65.6.pcap,Friday-02-03-2018_305.pcap,01_pcap/Friday-02-03-2018/capPC1-172.31.65.6.pcap,01_pcap/Friday-02-03-2018/Friday-02-03-2018_305.pcap
Friday-02-03-2018,capPC1-172.31.65.13.pcap,Friday-02-03-2018_306.pcap,01_pcap/Friday-02-03-2018/capPC1-172.31.65.13.pcap,01_pcap/Friday-02-03-2018/Friday-02-03-2018_306.pcap
Friday-02-03-2018,capPC1-172.31.65.16.pcap,Friday-02-03-2018_307.pcap,01_pcap/Friday-02-03-2018/capPC1-172.31.65.16.pcap,01_pcap/Friday-02-03-2018/Friday-02-03-2018_307.pcap
Friday-02-03-2018,capPC1-172.31.65.20.pcap,Friday-02-03-2018_308.pcap,01_pcap/Friday-02-03-2018/capPC1-172.31.65.20.pcap,01_pcap/Friday-02-03-2018/Friday-02-03-2018_308.pcap
Friday-02-03-2018,capPC1-172.31.65.25.pcap,Friday-02-03-2018_309.pcap,01_pcap/Friday-02-03-2018/capPC1-172.31.65.25.pcap,01_pcap/Friday-02-03-2018/Friday-02-03-2018_309.pcap
Friday-02-03-2018,capPC1-172.31.65.49.pcap,Friday-02-03-2018_310.pcap,01_pcap/Friday-02-03-2018/capPC1-172.31.65.49.pcap,01_pcap/Friday-02-03-2018/Friday-02-03-2018_310.pcap
Friday-02-03-2018,capPC1-172.31.65.61.pcap,Friday-02-03-2018_311.pcap,01_pcap/Friday-02-03-2018/capPC1-172.31.65.61.pcap,01_pcap/Friday-02-03-2018/Friday-02-03-2018_311.pcap
Friday-02-03-2018,capPC1-172.31.65.67.pcap,Friday-02-03-2018_312.pcap,01_pcap/Friday-02-03-2018/capPC1-172.31.65.67.pcap,01_pcap/Friday-02-03-2018/Friday-02-03-2018_312.pcap
Friday-02-03-2018,capPC1-172.31.65.68.pcap,Friday-02-03-2018_313.pcap,01_pcap/Friday-02-03-2018/capPC1-172.31.65.68.pcap,01_pcap/Friday-02-03-2018/Friday-02-03-2018_313.pcap
Friday-02-03-2018,capPC1-172.31.65.77.pcap,Friday-02-03-2018_314.pcap,01_pcap/Friday-02-03-2018/capPC1-172.31.65.77.pcap,01_pcap/Friday-02-03-2018/Friday-02-03-2018_314.pcap
Friday-02-03-2018,capPC1-172.31.65.79.pcap,Friday-02-03-2018_315.pcap,01_pcap/Friday-02-03-2018/capPC1-172.31.65.79.pcap,01_pcap/Friday-02-03-2018/Friday-02-03-2018_315.pcap
Friday-02-03-2018,capPC1-172.31.65.80.pcap,Friday-02-03-2018_316.pcap,01_pcap/Friday-02-03-2018/capPC1-172.31.65.80.pcap,01_pcap/Friday-02-03-2018/Friday-02-03-2018_316.pcap
Friday-02-03-2018,capPC1-172.31.65.83.pcap,Friday-02-03-2018_317.pcap,01_pcap/Friday-02-03-2018/capPC1-172.31.65.83.pcap,01_pcap/Friday-02-03-2018/Friday-02-03-2018_317.pcap
Friday-02-03-2018,capPC1-172.31.65.100.pcap,Friday-02-03-2018_318.pcap,01_pcap/Friday-02-03-2018/capPC1-172.31.65.100.pcap,01_pcap/Friday-02-03-2018/Friday-02-03-2018_318.pcap
Friday-02-03-2018,capPC1-172.31.65.117.pcap,Friday-02-03-2018_319.pcap,01_pcap/Friday-02-03-2018/capPC1-172.31.65.117.pcap,01_pcap/Friday-02-03-2018/Friday-02-03-2018_319.pcap
Friday-02-03-2018,capPC1-172.31.66.9.pcap,Friday-02-03-2018_320.pcap,01_pcap/Friday-02-03-2018/capPC1-172.31.66.9.pcap,01_pcap/Friday-02-03-2018/Friday-02-03-2018_320.pcap
Friday-02-03-2018,capPC1-172.31.66.10.pcap,Friday-02-03-2018_321.pcap,01_pcap/Friday-02-03-2018/capPC1-172.31.66.10.pcap,01_pcap/Friday-02-03-2018/Friday-02-03-2018_321.pcap
Friday-02-03-2018,capPC1-172.31.66.15.pcap,Friday-02-03-2018_322.pcap,01_pcap/Friday-02-03-2018/capPC1-172.31.66.15.pcap,01_pcap/Friday-02-03-2018/Friday-02-03-2018_322.pcap
Friday-02-03-2018,capPC1-172.31.66.19.pcap,Friday-02-03-2018_323.pcap,01_pcap/Friday-02-03-2018/capPC1-172.31.66.19.pcap,01_pcap/Friday-02-03-2018/Friday-02-03-2018_323.pcap
Friday-02-03-2018,capPC1-172.31.66.24.pcap,Friday-02-03-2018_324.pcap,01_pcap/Friday-02-03-2018/capPC1-172.31.66.24.pcap,01_pcap/Friday-02-03-2018/Friday-02-03-2018_324.pcap
Friday-02-03-2018,capPC1-172.31.66.46.pcap,Friday-02-03-2018_325.pcap,01_pcap/Friday-02-03-2018/capPC1-172.31.66.46.pcap,01_pcap/Friday-02-03-2018/Friday-02-03-2018_325.pcap
Friday-02-03-2018,capPC1-172.31.66.58.pcap,Friday-02-03-2018_326.pcap,01_pcap/Friday-02-03-2018/capPC1-172.31.66.58.pcap,01_pcap/Friday-02-03-2018/Friday-02-03-2018_326.pcap
Friday-02-03-2018,capPC1-172.31.66.69.pcap,Friday-02-03-2018_327.pcap,01_pcap/Friday-02-03-2018/capPC1-172.31.66.69.pcap,01_pcap/Friday-02-03-2018/Friday-02-03-2018_327.pcap
Friday-02-03-2018,capPC1-172.31.66.79.pcap,Friday-02-03-2018_328.pcap,01_pcap/Friday-02-03-2018/capPC1-172.31.66.79.pcap,01_pcap/Friday-02-03-2018/Friday-02-03-2018_328.pcap
Friday-02-03-2018,capPC1-172.31.66.83.pcap,Friday-02-03-2018_329.pcap,01_pcap/Friday-02-03-2018/capPC1-172.31.66.83.pcap,01_pcap/Friday-02-03-2018/Friday-02-03-2018_329.pcap
Friday-02-03-2018,capPC1-172.31.66.90.pcap,Friday-02-03-2018_330.pcap,01_pcap/Friday-02-03-2018/capPC1-172.31.66.90.pcap,01_pcap/Friday-02-03-2018/Friday-02-03-2018_330.pcap
Friday-02-03-2018,capPC1-172.31.66.92.pcap,Friday-02-03-2018_331.pcap,01_pcap/Friday-02-03-2018/capPC1-172.31.66.92.pcap,01_pcap/Friday-02-03-2018/Friday-02-03-2018_331.pcap
Friday-02-03-2018,capPC1-172.31.66.96.pcap,Friday-02-03-2018_332.pcap,01_pcap/Friday-02-03-2018/capPC1-172.31.66.96.pcap,01_pcap/Friday-02-03-2018/Friday-02-03-2018_332.pcap
Friday-02-03-2018,capPC1-172.31.66.99.pcap,Friday-02-03-2018_333.pcap,01_pcap/Friday-02-03-2018/capPC1-172.31.66.99.pcap,01_pcap/Friday-02-03-2018/Friday-02-03-2018_333.pcap
Friday-02-03-2018,capPC1-172.31.66.102.pcap,Friday-02-03-2018_334.pcap,01_pcap/Friday-02-03-2018/capPC1-172.31.66.102.pcap,01_pcap/Friday-02-03-2018/Friday-02-03-2018_334.pcap
Friday-02-03-2018,capPC1-172.31.66.103.pcap,Friday-02-03-2018_335.pcap,01_pcap/Friday-02-03-2018/capPC1-172.31.66.103.pcap,01_pcap/Friday-02-03-2018/Friday-02-03-2018_335.pcap
Friday-02-03-2018,capPC1-172.31.66.110.pcap,Friday-02-03-2018_336.pcap,01_pcap/Friday-02-03-2018/capPC1-172.31.66.110.pcap,01_pcap/Friday-02-03-2018/Friday-02-03-2018_336.pcap
Friday-02-03-2018,capPC1-172.31.66.111.pcap,Friday-02-03-2018_337.pcap,01_pcap/Friday-02-03-2018/capPC1-172.31.66.111.pcap,01_pcap/Friday-02-03-2018/Friday-02-03-2018_337.pcap
Friday-02-03-2018,capPC1-172.31.66.118.pcap,Friday-02-03-2018_338.pcap,01_pcap/Friday-02-03-2018/capPC1-172.31.66.118.pcap,01_pcap/Friday-02-03-2018/Friday-02-03-2018_338.pcap
Friday-02-03-2018,capPC1-172.31.66.121.pcap,Friday-02-03-2018_339.pcap,01_pcap/Friday-02-03-2018/capPC1-172.31.66.121.pcap,01_pcap/Friday-02-03-2018/Friday-02-03-2018_339.pcap
Friday-02-03-2018,capPC1-172.31.67.9.pcap,Friday-02-03-2018_340.pcap,01_pcap/Friday-02-03-2018/capPC1-172.31.67.9.pcap,01_pcap/Friday-02-03-2018/Friday-02-03-2018_340.pcap
Friday-02-03-2018,capPC1-172.31.67.14.pcap,Friday-02-03-2018_341.pcap,01_pcap/Friday-02-03-2018/capPC1-172.31.67.14.pcap,01_pcap/Friday-02-03-2018/Friday-02-03-2018_341.pcap
Friday-02-03-2018,capPC1-172.31.67.23.pcap,Friday-02-03-2018_342.pcap,01_pcap/Friday-02-03-2018/capPC1-172.31.67.23.pcap,01_pcap/Friday-02-03-2018/Friday-02-03-2018_342.pcap
Friday-02-03-2018,capPC1-172.31.67.27.pcap,Friday-02-03-2018_343.pcap,01_pcap/Friday-02-03-2018/capPC1-172.31.67.27.pcap,01_pcap/Friday-02-03-2018/Friday-02-03-2018_343.pcap
Friday-02-03-2018,capPC1-172.31.67.33.pcap,Friday-02-03-2018_344.pcap,01_pcap/Friday-02-03-2018/capPC1-172.31.67.33.pcap,01_pcap/Friday-02-03-2018/Friday-02-03-2018_344.pcap
Friday-02-03-2018,capPC1-172.31.67.35.pcap,Friday-02-03-2018_345.pcap,01_pcap/Friday-02-03-2018/capPC1-172.31.67.35.pcap,01_pcap/Friday-02-03-2018/Friday-02-03-2018_345.pcap
Friday-02-03-2018,capPC1-172.31.67.56.pcap,Friday-02-03-2018_346.pcap,01_pcap/Friday-02-03-2018/capPC1-172.31.67.56.pcap,01_pcap/Friday-02-03-2018/Friday-02-03-2018_346.pcap
Friday-02-03-2018,capPC1-172.31.67.59.pcap,Friday-02-03-2018_347.pcap,01_pcap/Friday-02-03-2018/capPC1-172.31.67.59.pcap,01_pcap/Friday-02-03-2018/Friday-02-03-2018_347.pcap
Friday-02-03-2018,capPC1-172.31.67.76.pcap,Friday-02-03-2018_348.pcap,01_pcap/Friday-02-03-2018/capPC1-172.31.67.76.pcap,01_pcap/Friday-02-03-2018/Friday-02-03-2018_348.pcap
Friday-02-03-2018,capPC1-172.31.67.78.pcap,Friday-02-03-2018_349.pcap,01_pcap/Friday-02-03-2018/capPC1-172.31.67.78.pcap,01_pcap/Friday-02-03-2018/Friday-02-03-2018_349.pcap
Friday-02-03-2018,capPC1-172.31.67.97.pcap,Friday-02-03-2018_350.pcap,01_pcap/Friday-02-03-2018/capPC1-172.31.67.97.pcap,01_pcap/Friday-02-03-2018/Friday-02-03-2018_350.pcap
Friday-02-03-2018,capPC1-172.31.67.102.pcap,Friday-02-03-2018_351.pcap,01_pcap/Friday-02-03-2018/capPC1-172.31.67.102.pcap,01_pcap/Friday-02-03-2018/Friday-02-03-2018_351.pcap
Friday-02-03-2018,capPC1-172.31.67.104.pcap,Friday-02-03-2018_352.pcap,01_pcap/Friday-02-03-2018/capPC1-172.31.67.104.pcap,01_pcap/Friday-02-03-2018/Friday-02-03-2018_352.pcap
Friday-02-03-2018,capPC1-172.31.67.107.pcap,Friday-02-03-2018_353.pcap,01_pcap/Friday-02-03-2018/capPC1-172.31.67.107.pcap,01_pcap/Friday-02-03-2018/Friday-02-03-2018_353.pcap
Friday-02-03-2018,capPC1-172.31.67.108.pcap,Friday-02-03-2018_354.pcap,01_pcap/Friday-02-03-2018/capPC1-172.31.67.108.pcap,01_pcap/Friday-02-03-2018/Friday-02-03-2018_354.pcap
Friday-02-03-2018,capPC1-172.31.67.111.pcap,Friday-02-03-2018_355.pcap,01_pcap/Friday-02-03-2018/capPC1-172.31.67.111.pcap,01_pcap/Friday-02-03-2018/Friday-02-03-2018_355.pcap
Friday-02-03-2018,capPC1-172.31.67.118.pcap,Friday-02-03-2018_356.pcap,01_pcap/Friday-02-03-2018/capPC1-172.31.67.118.pcap,01_pcap/Friday-02-03-2018/Friday-02-03-2018_356.pcap
Friday-02-03-2018,capPC1-172.31.67.121.pcap,Friday-02-03-2018_357.pcap,01_pcap/Friday-02-03-2018/capPC1-172.31.67.121.pcap,01_pcap/Friday-02-03-2018/Friday-02-03-2018_357.pcap
Friday-02-03-2018,capPC1-172.31.67.123.pcap,Friday-02-03-2018_358.pcap,01_pcap/Friday-02-03-2018/capPC1-172.31.67.123.pcap,01_pcap/Friday-02-03-2018/Friday-02-03-2018_358.pcap
Friday-02-03-2018,capPC1-172.31.67.124.pcap,Friday-02-03-2018_359.pcap,01_pcap/Friday-02-03-2018/capPC1-172.31.67.124.pcap,01_pcap/Friday-02-03-2018/Friday-02-03-2018_359.pcap
Friday-02-03-2018,capWIN-J6GMIG1DQE5-172.31.64.12.pcap,Friday-02-03-2018_360.pcap,01_pcap/Friday-02-03-2018/capWIN-J6GMIG1DQE5-172.31.64.12.pcap,01_pcap/Friday-02-03-2018/Friday-02-03-2018_360.pcap
Friday-02-03-2018,capWIN-J6GMIG1DQE5-172.31.64.14.pcap,Friday-02-03-2018_361.pcap,01_pcap/Friday-02-03-2018/capWIN-J6GMIG1DQE5-172.31.64.14.pcap,01_pcap/Friday-02-03-2018/Friday-02-03-2018_361.pcap
Friday-02-03-2018,capWIN-J6GMIG1DQE5-172.31.64.20.pcap,Friday-02-03-2018_362.pcap,01_pcap/Friday-02-03-2018/capWIN-J6GMIG1DQE5-172.31.64.20.pcap,01_pcap/Friday-02-03-2018/Friday-02-03-2018_362.pcap
Friday-02-03-2018,capWIN-J6GMIG1DQE5-172.31.64.24.pcap,Friday-02-03-2018_363.pcap,01_pcap/Friday-02-03-2018/capWIN-J6GMIG1DQE5-172.31.64.24.pcap,01_pcap/Friday-02-03-2018/Friday-02-03-2018_363.pcap
Friday-02-03-2018,capWIN-J6GMIG1DQE5-172.31.64.36.pcap,Friday-02-03-2018_364.pcap,01_pcap/Friday-02-03-2018/capWIN-J6GMIG1DQE5-172.31.64.36.pcap,01_pcap/Friday-02-03-2018/Friday-02-03-2018_364.pcap
Friday-02-03-2018,capWIN-J6GMIG1DQE5-172.31.64.39.pcap,Friday-02-03-2018_365.pcap,01_pcap/Friday-02-03-2018/capWIN-J6GMIG1DQE5-172.31.64.39.pcap,01_pcap/Friday-02-03-2018/Friday-02-03-2018_365.pcap
Friday-02-03-2018,capWIN-J6GMIG1DQE5-172.31.64.47.pcap,Friday-02-03-2018_366.pcap,01_pcap/Friday-02-03-2018/capWIN-J6GMIG1DQE5-172.31.64.47.pcap,01_pcap/Friday-02-03-2018/Friday-02-03-2018_366.pcap
Friday-02-03-2018,capWIN-J6GMIG1DQE5-172.31.64.57.pcap,Friday-02-03-2018_367.pcap,01_pcap/Friday-02-03-2018/capWIN-J6GMIG1DQE5-172.31.64.57.pcap,01_pcap/Friday-02-03-2018/Friday-02-03-2018_367.pcap
Friday-02-03-2018,capWIN-J6GMIG1DQE5-172.31.64.61.pcap,Friday-02-03-2018_368.pcap,01_pcap/Friday-02-03-2018/capWIN-J6GMIG1DQE5-172.31.64.61.pcap,01_pcap/Friday-02-03-2018/Friday-02-03-2018_368.pcap
Friday-02-03-2018,capWIN-J6GMIG1DQE5-172.31.64.74.pcap,Friday-02-03-2018_369.pcap,01_pcap/Friday-02-03-2018/capWIN-J6GMIG1DQE5-172.31.64.74.pcap,01_pcap/Friday-02-03-2018/Friday-02-03-2018_369.pcap
Friday-02-03-2018,capWIN-J6GMIG1DQE5-172.31.64.78.pcap,Friday-02-03-2018_370.pcap,01_pcap/Friday-02-03-2018/capWIN-J6GMIG1DQE5-172.31.64.78.pcap,01_pcap/Friday-02-03-2018/Friday-02-03-2018_370.pcap
Friday-02-03-2018,capWIN-J6GMIG1DQE5-172.31.64.80.pcap,Friday-02-03-2018_371.pcap,01_pcap/Friday-02-03-2018/capWIN-J6GMIG1DQE5-172.31.64.80.pcap,01_pcap/Friday-02-03-2018/Friday-02-03-2018_371.pcap
Friday-02-03-2018,capWIN-J6GMIG1DQE5-172.31.64.86.pcap,Friday-02-03-2018_372.pcap,01_pcap/Friday-02-03-2018/capWIN-J6GMIG1DQE5-172.31.64.86.pcap,01_pcap/Friday-02-03-2018/Friday-02-03-2018_372.pcap
Friday-02-03-2018,capWIN-J6GMIG1DQE5-172.31.64.88.pcap,Friday-02-03-2018_373.pcap,01_pcap/Friday-02-03-2018/capWIN-J6GMIG1DQE5-172.31.64.88.pcap,01_pcap/Friday-02-03-2018/Friday-02-03-2018_373.pcap
Friday-02-03-2018,capWIN-J6GMIG1DQE5-172.31.64.89.pcap,Friday-02-03-2018_374.pcap,01_pcap/Friday-02-03-2018/capWIN-J6GMIG1DQE5-172.31.64.89.pcap,01_pcap/Friday-02-03-2018/Friday-02-03-2018_374.pcap
Friday-02-03-2018,capWIN-J6GMIG1DQE5-172.31.64.91.pcap,Friday-02-03-2018_375.pcap,01_pcap/Friday-02-03-2018/capWIN-J6GMIG1DQE5-172.31.64.91.pcap,01_pcap/Friday-02-03-2018/Friday-02-03-2018_375.pcap
Friday-02-03-2018,capWIN-J6GMIG1DQE5-172.31.64.93.pcap,Friday-02-03-2018_376.pcap,01_pcap/Friday-02-03-2018/capWIN-J6GMIG1DQE5-172.31.64.93.pcap,01_pcap/Friday-02-03-2018/Friday-02-03-2018_376.pcap
Friday-02-03-2018,capWIN-J6GMIG1DQE5-172.31.64.98.pcap,Friday-02-03-2018_377.pcap,01_pcap/Friday-02-03-2018/capWIN-J6GMIG1DQE5-172.31.64.98.pcap,01_pcap/Friday-02-03-2018/Friday-02-03-2018_377.pcap
Friday-02-03-2018,capWIN-J6GMIG1DQE5-172.31.64.112.pcap,Friday-02-03-2018_378.pcap,01_pcap/Friday-02-03-2018/capWIN-J6GMIG1DQE5-172.31.64.112.pcap,01_pcap/Friday-02-03-2018/Friday-02-03-2018_378.pcap
Friday-02-03-2018,capWIN-J6GMIG1DQE5-172.31.64.117.pcap,Friday-02-03-2018_379.pcap,01_pcap/Friday-02-03-2018/capWIN-J6GMIG1DQE5-172.31.64.117.pcap,01_pcap/Friday-02-03-2018/Friday-02-03-2018_379.pcap
Friday-02-03-2018,capWIN-J6GMIG1DQE5-172.31.64.120.pcap,Friday-02-03-2018_380.pcap,01_pcap/Friday-02-03-2018/capWIN-J6GMIG1DQE5-172.31.64.120.pcap,01_pcap/Friday-02-03-2018/Friday-02-03-2018_380.pcap
Friday-02-03-2018,capWIN-J6GMIG1DQE5-172.31.65.9.pcap,Friday-02-03-2018_381.pcap,01_pcap/Friday-02-03-2018/capWIN-J6GMIG1DQE5-172.31.65.9.pcap,01_pcap/Friday-02-03-2018/Friday-02-03-2018_381.pcap
Friday-02-03-2018,capWIN-J6GMIG1DQE5-172.31.65.11.pcap,Friday-02-03-2018_382.pcap,01_pcap/Friday-02-03-2018/capWIN-J6GMIG1DQE5-172.31.65.11.pcap,01_pcap/Friday-02-03-2018/Friday-02-03-2018_382.pcap
Friday-02-03-2018,capWIN-J6GMIG1DQE5-172.31.65.17.pcap,Friday-02-03-2018_383.pcap,01_pcap/Friday-02-03-2018/capWIN-J6GMIG1DQE5-172.31.65.17.pcap,01_pcap/Friday-02-03-2018/Friday-02-03-2018_383.pcap
Friday-02-03-2018,capWIN-J6GMIG1DQE5-172.31.65.19.pcap,Friday-02-03-2018_384.pcap,01_pcap/Friday-02-03-2018/capWIN-J6GMIG1DQE5-172.31.65.19.pcap,01_pcap/Friday-02-03-2018/Friday-02-03-2018_384.pcap
Friday-02-03-2018,capWIN-J6GMIG1DQE5-172.31.65.21.pcap,Friday-02-03-2018_385.pcap,01_pcap/Friday-02-03-2018/capWIN-J6GMIG1DQE5-172.31.65.21.pcap,01_pcap/Friday-02-03-2018/Friday-02-03-2018_385.pcap
Friday-02-03-2018,capWIN-J6GMIG1DQE5-172.31.65.23.pcap,Friday-02-03-2018_386.pcap,01_pcap/Friday-02-03-2018/capWIN-J6GMIG1DQE5-172.31.65.23.pcap,01_pcap/Friday-02-03-2018/Friday-02-03-2018_386.pcap
Friday-02-03-2018,capWIN-J6GMIG1DQE5-172.31.65.24.pcap,Friday-02-03-2018_387.pcap,01_pcap/Friday-02-03-2018/capWIN-J6GMIG1DQE5-172.31.65.24.pcap,01_pcap/Friday-02-03-2018/Friday-02-03-2018_387.pcap
Friday-02-03-2018,capWIN-J6GMIG1DQE5-172.31.65.35.pcap,Friday-02-03-2018_388.pcap,01_pcap/Friday-02-03-2018/capWIN-J6GMIG1DQE5-172.31.65.35.pcap,01_pcap/Friday-02-03-2018/Friday-02-03-2018_388.pcap
Friday-02-03-2018,capWIN-J6GMIG1DQE5-172.31.65.38.pcap,Friday-02-03-2018_389.pcap,01_pcap/Friday-02-03-2018/capWIN-J6GMIG1DQE5-172.31.65.38.pcap,01_pcap/Friday-02-03-2018/Friday-02-03-2018_389.pcap
Friday-02-03-2018,capWIN-J6GMIG1DQE5-172.31.65.42.pcap,Friday-02-03-2018_390.pcap,01_pcap/Friday-02-03-2018/capWIN-J6GMIG1DQE5-172.31.65.42.pcap,01_pcap/Friday-02-03-2018/Friday-02-03-2018_390.pcap
Friday-02-03-2018,capWIN-J6GMIG1DQE5-172.31.65.46.pcap,Friday-02-03-2018_391.pcap,01_pcap/Friday-02-03-2018/capWIN-J6GMIG1DQE5-172.31.65.46.pcap,01_pcap/Friday-02-03-2018/Friday-02-03-2018_391.pcap
Friday-02-03-2018,capWIN-J6GMIG1DQE5-172.31.65.47.pcap,Friday-02-03-2018_392.pcap,01_pcap/Friday-02-03-2018/capWIN-J6GMIG1DQE5-172.31.65.47.pcap,01_pcap/Friday-02-03-2018/Friday-02-03-2018_392.pcap
Friday-02-03-2018,capWIN-J6GMIG1DQE5-172.31.65.48.pcap,Friday-02-03-2018_393.pcap,01_pcap/Friday-02-03-2018/capWIN-J6GMIG1DQE5-172.31.65.48.pcap,01_pcap/Friday-02-03-2018/Friday-02-03-2018_393.pcap
Friday-02-03-2018,capWIN-J6GMIG1DQE5-172.31.65.51.pcap,Friday-02-03-2018_394.pcap,01_pcap/Friday-02-03-2018/capWIN-J6GMIG1DQE5-172.31.65.51.pcap,01_pcap/Friday-02-03-2018/Friday-02-03-2018_394.pcap
Friday-02-03-2018,capWIN-J6GMIG1DQE5-172.31.65.52.pcap,Friday-02-03-2018_395.pcap,01_pcap/Friday-02-03-2018/capWIN-J6GMIG1DQE5-172.31.65.52.pcap,01_pcap/Friday-02-03-2018/Friday-02-03-2018_395.pcap
Friday-02-03-2018,capWIN-J6GMIG1DQE5-172.31.65.55.pcap,Friday-02-03-2018_396.pcap,01_pcap/Friday-02-03-2018/capWIN-J6GMIG1DQE5-172.31.65.55.pcap,01_pcap/Friday-02-03-2018/Friday-02-03-2018_396.pcap
Friday-02-03-2018,capWIN-J6GMIG1DQE5-172.31.65.57.pcap,Friday-02-03-2018_397.pcap,01_pcap/Friday-02-03-2018/capWIN-J6GMIG1DQE5-172.31.65.57.pcap,01_pcap/Friday-02-03-2018/Friday-02-03-2018_397.pcap
Friday-02-03-2018,capWIN-J6GMIG1DQE5-172.31.65.58.pcap,Friday-02-03-2018_398.pcap,01_pcap/Friday-02-03-2018/capWIN-J6GMIG1DQE5-172.31.65.58.pcap,01_pcap/Friday-02-03-2018/Friday-02-03-2018_398.pcap
Friday-02-03-2018,capWIN-J6GMIG1DQE5-172.31.65.69.pcap,Friday-02-03-2018_399.pcap,01_pcap/Friday-02-03-2018/capWIN-J6GMIG1DQE5-172.31.65.69.pcap,01_pcap/Friday-02-03-2018/Friday-02-03-2018_399.pcap
Friday-02-03-2018,capWIN-J6GMIG1DQE5-172.31.65.70.pcap,Friday-02-03-2018_400.pcap,01_pcap/Friday-02-03-2018/capWIN-J6GMIG1DQE5-172.31.65.70.pcap,01_pcap/Friday-02-03-2018/Friday-02-03-2018_400.pcap
Friday-02-03-2018,capWIN-J6GMIG1DQE5-172.31.65.73.pcap,Friday-02-03-2018_401.pcap,01_pcap/Friday-02-03-2018/capWIN-J6GMIG1DQE5-172.31.65.73.pcap,01_pcap/Friday-02-03-2018/Friday-02-03-2018_401.pcap
Friday-02-03-2018,capWIN-J6GMIG1DQE5-172.31.65.78.pcap,Friday-02-03-2018_402.pcap,01_pcap/Friday-02-03-2018/capWIN-J6GMIG1DQE5-172.31.65.78.pcap,01_pcap/Friday-02-03-2018/Friday-02-03-2018_402.pcap
Friday-02-03-2018,capWIN-J6GMIG1DQE5-172.31.65.87.pcap,Friday-02-03-2018_403.pcap,01_pcap/Friday-02-03-2018/capWIN-J6GMIG1DQE5-172.31.65.87.pcap,01_pcap/Friday-02-03-2018/Friday-02-03-2018_403.pcap
Friday-02-03-2018,capWIN-J6GMIG1DQE5-172.31.65.89.pcap,Friday-02-03-2018_404.pcap,01_pcap/Friday-02-03-2018/capWIN-J6GMIG1DQE5-172.31.65.89.pcap,01_pcap/Friday-02-03-2018/Friday-02-03-2018_404.pcap
Friday-02-03-2018,capWIN-J6GMIG1DQE5-172.31.65.90.pcap,Friday-02-03-2018_405.pcap,01_pcap/Friday-02-03-2018/capWIN-J6GMIG1DQE5-172.31.65.90.pcap,01_pcap/Friday-02-03-2018/Friday-02-03-2018_405.pcap
Friday-02-03-2018,capWIN-J6GMIG1DQE5-172.31.65.99.pcap,Friday-02-03-2018_406.pcap,01_pcap/Friday-02-03-2018/capWIN-J6GMIG1DQE5-172.31.65.99.pcap,01_pcap/Friday-02-03-2018/Friday-02-03-2018_406.pcap
Friday-02-03-2018,capWIN-J6GMIG1DQE5-172.31.65.103.pcap,Friday-02-03-2018_407.pcap,01_pcap/Friday-02-03-2018/capWIN-J6GMIG1DQE5-172.31.65.103.pcap,01_pcap/Friday-02-03-2018/Friday-02-03-2018_407.pcap
Friday-02-03-2018,capWIN-J6GMIG1DQE5-172.31.65.104.pcap,Friday-02-03-2018_408.pcap,01_pcap/Friday-02-03-2018/capWIN-J6GMIG1DQE5-172.31.65.104.pcap,01_pcap/Friday-02-03-2018/Friday-02-03-2018_408.pcap
Friday-02-03-2018,capWIN-J6GMIG1DQE5-172.31.65.105.pcap,Friday-02-03-2018_409.pcap,01_pcap/Friday-02-03-2018/capWIN-J6GMIG1DQE5-172.31.65.105.pcap,01_pcap/Friday-02-03-2018/Friday-02-03-2018_409.pcap
Friday-02-03-2018,capWIN-J6GMIG1DQE5-172.31.65.108.pcap,Friday-02-03-2018_410.pcap,01_pcap/Friday-02-03-2018/capWIN-J6GMIG1DQE5-172.31.65.108.pcap,01_pcap/Friday-02-03-2018/Friday-02-03-2018_410.pcap
Friday-02-03-2018,capWIN-J6GMIG1DQE5-172.31.65.114.pcap,Friday-02-03-2018_411.pcap,01_pcap/Friday-02-03-2018/capWIN-J6GMIG1DQE5-172.31.65.114.pcap,01_pcap/Friday-02-03-2018/Friday-02-03-2018_411.pcap
Friday-02-03-2018,capWIN-J6GMIG1DQE5-172.31.65.115.pcap,Friday-02-03-2018_412.pcap,01_pcap/Friday-02-03-2018/capWIN-J6GMIG1DQE5-172.31.65.115.pcap,01_pcap/Friday-02-03-2018/Friday-02-03-2018_412.pcap
Friday-02-03-2018,capWIN-J6GMIG1DQE5-172.31.65.116.pcap,Friday-02-03-2018_413.pcap,01_pcap/Friday-02-03-2018/capWIN-J6GMIG1DQE5-172.31.65.116.pcap,01_pcap/Friday-02-03-2018/Friday-02-03-2018_413.pcap
Friday-02-03-2018,capWIN-J6GMIG1DQE5-172.31.65.125.pcap,Friday-02-03-2018_414.pcap,01_pcap/Friday-02-03-2018/capWIN-J6GMIG1DQE5-172.31.65.125.pcap,01_pcap/Friday-02-03-2018/Friday-02-03-2018_414.pcap
Friday-02-03-2018,capWIN-J6GMIG1DQE5-172.31.67.4.pcap,Friday-02-03-2018_415.pcap,01_pcap/Friday-02-03-2018/capWIN-J6GMIG1DQE5-172.31.67.4.pcap,01_pcap/Friday-02-03-2018/Friday-02-03-2018_415.pcap
Friday-02-03-2018,capWIN-J6GMIG1DQE5-172.31.67.8.pcap,Friday-02-03-2018_416.pcap,01_pcap/Friday-02-03-2018/capWIN-J6GMIG1DQE5-172.31.67.8.pcap,01_pcap/Friday-02-03-2018/Friday-02-03-2018_416.pcap
Friday-02-03-2018,capWIN-J6GMIG1DQE5-172.31.67.19.pcap,Friday-02-03-2018_417.pcap,01_pcap/Friday-02-03-2018/capWIN-J6GMIG1DQE5-172.31.67.19.pcap,01_pcap/Friday-02-03-2018/Friday-02-03-2018_417.pcap
Friday-02-03-2018,capWIN-J6GMIG1DQE5-172.31.67.22.pcap,Friday-02-03-2018_418.pcap,01_pcap/Friday-02-03-2018/capWIN-J6GMIG1DQE5-172.31.67.22.pcap,01_pcap/Friday-02-03-2018/Friday-02-03-2018_418.pcap
Friday-02-03-2018,capWIN-J6GMIG1DQE5-172.31.67.26.pcap,Friday-02-03-2018_419.pcap,01_pcap/Friday-02-03-2018/capWIN-J6GMIG1DQE5-172.31.67.26.pcap,01_pcap/Friday-02-03-2018/Friday-02-03-2018_419.pcap
Friday-02-03-2018,capWIN-J6GMIG1DQE5-172.31.67.30.pcap,Friday-02-03-2018_420.pcap,01_pcap/Friday-02-03-2018/capWIN-J6GMIG1DQE5-172.31.67.30.pcap,01_pcap/Friday-02-03-2018/Friday-02-03-2018_420.pcap
Friday-02-03-2018,capWIN-J6GMIG1DQE5-172.31.67.34.pcap,Friday-02-03-2018_421.pcap,01_pcap/Friday-02-03-2018/capWIN-J6GMIG1DQE5-172.31.67.34.pcap,01_pcap/Friday-02-03-2018/Friday-02-03-2018_421.pcap
Friday-02-03-2018,capWIN-J6GMIG1DQE5-172.31.67.40.pcap,Friday-02-03-2018_422.pcap,01_pcap/Friday-02-03-2018/capWIN-J6GMIG1DQE5-172.31.67.40.pcap,01_pcap/Friday-02-03-2018/Friday-02-03-2018_422.pcap
Friday-02-03-2018,capWIN-J6GMIG1DQE5-172.31.67.62.pcap,Friday-02-03-2018_423.pcap,01_pcap/Friday-02-03-2018/capWIN-J6GMIG1DQE5-172.31.67.62.pcap,01_pcap/Friday-02-03-2018/Friday-02-03-2018_423.pcap
Friday-02-03-2018,capWIN-J6GMIG1DQE5-172.31.67.70.pcap,Friday-02-03-2018_424.pcap,01_pcap/Friday-02-03-2018/capWIN-J6GMIG1DQE5-172.31.67.70.pcap,01_pcap/Friday-02-03-2018/Friday-02-03-2018_424.pcap
Friday-02-03-2018,capWIN-J6GMIG1DQE5-172.31.67.71.pcap,Friday-02-03-2018_425.pcap,01_pcap/Friday-02-03-2018/capWIN-J6GMIG1DQE5-172.31.67.71.pcap,01_pcap/Friday-02-03-2018/Friday-02-03-2018_425.pcap
Friday-02-03-2018,capWIN-J6GMIG1DQE5-172.31.67.72.pcap,Friday-02-03-2018_426.pcap,01_pcap/Friday-02-03-2018/capWIN-J6GMIG1DQE5-172.31.67.72.pcap,01_pcap/Friday-02-03-2018/Friday-02-03-2018_426.pcap
Friday-02-03-2018,capWIN-J6GMIG1DQE5-172.31.67.83.pcap,Friday-02-03-2018_427.pcap,01_pcap/Friday-02-03-2018/capWIN-J6GMIG1DQE5-172.31.67.83.pcap,01_pcap/Friday-02-03-2018/Friday-02-03-2018_427.pcap
Friday-02-03-2018,capWIN-J6GMIG1DQE5-172.31.67.89.pcap,Friday-02-03-2018_428.pcap,01_pcap/Friday-02-03-2018/capWIN-J6GMIG1DQE5-172.31.67.89.pcap,01_pcap/Friday-02-03-2018/Friday-02-03-2018_428.pcap
Friday-02-03-2018,capWIN-J6GMIG1DQE5-172.31.67.93.pcap,Friday-02-03-2018_429.pcap,01_pcap/Friday-02-03-2018/capWIN-J6GMIG1DQE5-172.31.67.93.pcap,01_pcap/Friday-02-03-2018/Friday-02-03-2018_429.pcap
Friday-02-03-2018,capWIN-J6GMIG1DQE5-172.31.67.95.pcap,Friday-02-03-2018_430.pcap,01_pcap/Friday-02-03-2018/capWIN-J6GMIG1DQE5-172.31.67.95.pcap,01_pcap/Friday-02-03-2018/Friday-02-03-2018_430.pcap
Friday-02-03-2018,capWIN-J6GMIG1DQE5-172.31.67.98.pcap,Friday-02-03-2018_431.pcap,01_pcap/Friday-02-03-2018/capWIN-J6GMIG1DQE5-172.31.67.98.pcap,01_pcap/Friday-02-03-2018/Friday-02-03-2018_431.pcap
Friday-02-03-2018,capWIN-J6GMIG1DQE5-172.31.67.105.pcap,Friday-02-03-2018_432.pcap,01_pcap/Friday-02-03-2018/capWIN-J6GMIG1DQE5-172.31.67.105.pcap,01_pcap/Friday-02-03-2018/Friday-02-03-2018_432.pcap
Friday-02-03-2018,capWIN-J6GMIG1DQE5-172.31.67.109.pcap,Friday-02-03-2018_433.pcap,01_pcap/Friday-02-03-2018/capWIN-J6GMIG1DQE5-172.31.67.109.pcap,01_pcap/Friday-02-03-2018/Friday-02-03-2018_433.pcap
Friday-02-03-2018,capWIN-J6GMIG1DQE5-172.31.67.114.pcap,Friday-02-03-2018_434.pcap,01_pcap/Friday-02-03-2018/capWIN-J6GMIG1DQE5-172.31.67.114.pcap,01_pcap/Friday-02-03-2018/Friday-02-03-2018_434.pcap
Friday-02-03-2018,capWIN-J6GMIG1DQE5-.pcap,Friday-02-03-2018_435.pcap,01_pcap/Friday-02-03-2018/capWIN-J6GMIG1DQE5-.pcap,01_pcap/Friday-02-03-2018/Friday-02-03-2018_435.pcap
Friday-02-03-2018,UCAP172.31.69.7.pcap,Friday-02-03-2018_436.pcap,01_pcap/Friday-02-03-2018/UCAP172.31.69.7.pcap,01_pcap/Friday-02-03-2018/Friday-02-03-2018_436.pcap
Friday-02-03-2018,UCAP172.31.69.15.pcap,Friday-02-03-2018_437.pcap,01_pcap/Friday-02-03-2018/UCAP172.31.69.15.pcap,01_pcap/Friday-02-03-2018/Friday-02-03-2018_437.pcap
Friday-02-03-2018,UCAP172.31.69.18.pcap,Friday-02-03-2018_438.pcap,01_pcap/Friday-02-03-2018/UCAP172.31.69.18.pcap,01_pcap/Friday-02-03-2018/Friday-02-03-2018_438.pcap
Friday-02-03-2018,UCAP172.31.69.21.pcap,Friday-02-03-2018_439.pcap,01_pcap/Friday-02-03-2018/UCAP172.31.69.21.pcap,01_pcap/Friday-02-03-2018/Friday-02-03-2018_439.pcap
Friday-02-03-2018,UCAP172.31.69.22.pcap,Friday-02-03-2018_440.pcap,01_pcap/Friday-02-03-2018/UCAP172.31.69.22.pcap,01_pcap/Friday-02-03-2018/Friday-02-03-2018_440.pcap
Friday-02-03-2018,UCAP172.31.69.25.pcap,Friday-02-03-2018_441.pcap,01_pcap/Friday-02-03-2018/UCAP172.31.69.25.pcap,01_pcap/Friday-02-03-2018/Friday-02-03-2018_441.pcap
Friday-02-03-2018,UCAP172.31.69.27.pcap,Friday-02-03-2018_442.pcap,01_pcap/Friday-02-03-2018/UCAP172.31.69.27.pcap,01_pcap/Friday-02-03-2018/Friday-02-03-2018_442.pcap
Friday-02-03-2018,UCAP172.31.69.28.pcap,Friday-02-03-2018_443.pcap,01_pcap/Friday-02-03-2018/UCAP172.31.69.28.pcap,01_pcap/Friday-02-03-2018/Friday-02-03-2018_443.pcap
Friday-16-02-2018,capDESKTOP-AN3U28N-172.31.64.17.pcap,Friday-16-02-2018_1.pcap,01_pcap/Friday-16-02-2018/capDESKTOP-AN3U28N-172.31.64.17.pcap,01_pcap/Friday-16-02-2018/Friday-16-02-2018_1.pcap
Friday-16-02-2018,capDESKTOP-AN3U28N-172.31.64.26.pcap,Friday-16-02-2018_2.pcap,01_pcap/Friday-16-02-2018/capDESKTOP-AN3U28N-172.31.64.26.pcap,01_pcap/Friday-16-02-2018/Friday-16-02-2018_2.pcap
Friday-16-02-2018,capDESKTOP-AN3U28N-172.31.64.35.pcap,Friday-16-02-2018_3.pcap,01_pcap/Friday-16-02-2018/capDESKTOP-AN3U28N-172.31.64.35.pcap,01_pcap/Friday-16-02-2018/Friday-16-02-2018_3.pcap
Friday-16-02-2018,capDESKTOP-AN3U28N-172.31.64.38.pcap,Friday-16-02-2018_4.pcap,01_pcap/Friday-16-02-2018/capDESKTOP-AN3U28N-172.31.64.38.pcap,01_pcap/Friday-16-02-2018/Friday-16-02-2018_4.pcap
Friday-16-02-2018,capDESKTOP-AN3U28N-172.31.64.46.pcap,Friday-16-02-2018_5.pcap,01_pcap/Friday-16-02-2018/capDESKTOP-AN3U28N-172.31.64.46.pcap,01_pcap/Friday-16-02-2018/Friday-16-02-2018_5.pcap
Friday-16-02-2018,capDESKTOP-AN3U28N-172.31.64.54.pcap,Friday-16-02-2018_6.pcap,01_pcap/Friday-16-02-2018/capDESKTOP-AN3U28N-172.31.64.54.pcap,01_pcap/Friday-16-02-2018/Friday-16-02-2018_6.pcap
Friday-16-02-2018,capDESKTOP-AN3U28N-172.31.64.63.pcap,Friday-16-02-2018_7.pcap,01_pcap/Friday-16-02-2018/capDESKTOP-AN3U28N-172.31.64.63.pcap,01_pcap/Friday-16-02-2018/Friday-16-02-2018_7.pcap
Friday-16-02-2018,capDESKTOP-AN3U28N-172.31.64.65.pcap,Friday-16-02-2018_8.pcap,01_pcap/Friday-16-02-2018/capDESKTOP-AN3U28N-172.31.64.65.pcap,01_pcap/Friday-16-02-2018/Friday-16-02-2018_8.pcap
Friday-16-02-2018,capDESKTOP-AN3U28N-172.31.64.67.pcap,Friday-16-02-2018_9.pcap,01_pcap/Friday-16-02-2018/capDESKTOP-AN3U28N-172.31.64.67.pcap,01_pcap/Friday-16-02-2018/Friday-16-02-2018_9.pcap
Friday-16-02-2018,capDESKTOP-AN3U28N-172.31.64.71.pcap,Friday-16-02-2018_10.pcap,01_pcap/Friday-16-02-2018/capDESKTOP-AN3U28N-172.31.64.71.pcap,01_pcap/Friday-16-02-2018/Friday-16-02-2018_10.pcap
Friday-16-02-2018,capDESKTOP-AN3U28N-172.31.64.75.pcap,Friday-16-02-2018_11.pcap,01_pcap/Friday-16-02-2018/capDESKTOP-AN3U28N-172.31.64.75.pcap,01_pcap/Friday-16-02-2018/Friday-16-02-2018_11.pcap
Friday-16-02-2018,capDESKTOP-AN3U28N-172.31.64.76.pcap,Friday-16-02-2018_12.pcap,01_pcap/Friday-16-02-2018/capDESKTOP-AN3U28N-172.31.64.76.pcap,01_pcap/Friday-16-02-2018/Friday-16-02-2018_12.pcap
Friday-16-02-2018,capDESKTOP-AN3U28N-172.31.64.95.pcap,Friday-16-02-2018_13.pcap,01_pcap/Friday-16-02-2018/capDESKTOP-AN3U28N-172.31.64.95.pcap,01_pcap/Friday-16-02-2018/Friday-16-02-2018_13.pcap
Friday-16-02-2018,capDESKTOP-AN3U28N-172.31.64.99.pcap,Friday-16-02-2018_14.pcap,01_pcap/Friday-16-02-2018/capDESKTOP-AN3U28N-172.31.64.99.pcap,01_pcap/Friday-16-02-2018/Friday-16-02-2018_14.pcap
Friday-16-02-2018,capDESKTOP-AN3U28N-172.31.64.111.pcap,Friday-16-02-2018_15.pcap,01_pcap/Friday-16-02-2018/capDESKTOP-AN3U28N-172.31.64.111.pcap,01_pcap/Friday-16-02-2018/Friday-16-02-2018_15.pcap
Friday-16-02-2018,capDESKTOP-AN3U28N-172.31.64.115.pcap,Friday-16-02-2018_16.pcap,01_pcap/Friday-16-02-2018/capDESKTOP-AN3U28N-172.31.64.115.pcap,01_pcap/Friday-16-02-2018/Friday-16-02-2018_16.pcap
Friday-16-02-2018,capDESKTOP-AN3U28N-172.31.64.118.pcap,Friday-16-02-2018_17.pcap,01_pcap/Friday-16-02-2018/capDESKTOP-AN3U28N-172.31.64.118.pcap,01_pcap/Friday-16-02-2018/Friday-16-02-2018_17.pcap
Friday-16-02-2018,capDESKTOP-AN3U28N-172.31.64.122.pcap,Friday-16-02-2018_18.pcap,01_pcap/Friday-16-02-2018/capDESKTOP-AN3U28N-172.31.64.122.pcap,01_pcap/Friday-16-02-2018/Friday-16-02-2018_18.pcap
Friday-16-02-2018,capDESKTOP-AN3U28N-172.31.64.125.pcap,Friday-16-02-2018_19.pcap,01_pcap/Friday-16-02-2018/capDESKTOP-AN3U28N-172.31.64.125.pcap,01_pcap/Friday-16-02-2018/Friday-16-02-2018_19.pcap
Friday-16-02-2018,capDESKTOP-AN3U28N-172.31.64.126.pcap,Friday-16-02-2018_20.pcap,01_pcap/Friday-16-02-2018/capDESKTOP-AN3U28N-172.31.64.126.pcap,01_pcap/Friday-16-02-2018/Friday-16-02-2018_20.pcap
Friday-16-02-2018,capDESKTOP-AN3U28N-172.31.65.10.pcap,Friday-16-02-2018_21.pcap,01_pcap/Friday-16-02-2018/capDESKTOP-AN3U28N-172.31.65.10.pcap,01_pcap/Friday-16-02-2018/Friday-16-02-2018_21.pcap
Friday-16-02-2018,capDESKTOP-AN3U28N-172.31.65.14.pcap,Friday-16-02-2018_22.pcap,01_pcap/Friday-16-02-2018/capDESKTOP-AN3U28N-172.31.65.14.pcap,01_pcap/Friday-16-02-2018/Friday-16-02-2018_22.pcap
Friday-16-02-2018,capDESKTOP-AN3U28N-172.31.65.28.pcap,Friday-16-02-2018_23.pcap,01_pcap/Friday-16-02-2018/capDESKTOP-AN3U28N-172.31.65.28.pcap,01_pcap/Friday-16-02-2018/Friday-16-02-2018_23.pcap
Friday-16-02-2018,capDESKTOP-AN3U28N-172.31.65.29.pcap,Friday-16-02-2018_24.pcap,01_pcap/Friday-16-02-2018/capDESKTOP-AN3U28N-172.31.65.29.pcap,01_pcap/Friday-16-02-2018/Friday-16-02-2018_24.pcap
Friday-16-02-2018,capDESKTOP-AN3U28N-172.31.65.34.pcap,Friday-16-02-2018_25.pcap,01_pcap/Friday-16-02-2018/capDESKTOP-AN3U28N-172.31.65.34.pcap,01_pcap/Friday-16-02-2018/Friday-16-02-2018_25.pcap
Friday-16-02-2018,capDESKTOP-AN3U28N-172.31.65.40.pcap,Friday-16-02-2018_26.pcap,01_pcap/Friday-16-02-2018/capDESKTOP-AN3U28N-172.31.65.40.pcap,01_pcap/Friday-16-02-2018/Friday-16-02-2018_26.pcap
Friday-16-02-2018,capDESKTOP-AN3U28N-172.31.65.50.pcap,Friday-16-02-2018_27.pcap,01_pcap/Friday-16-02-2018/capDESKTOP-AN3U28N-172.31.65.50.pcap,01_pcap/Friday-16-02-2018/Friday-16-02-2018_27.pcap
Friday-16-02-2018,capDESKTOP-AN3U28N-172.31.65.56.pcap,Friday-16-02-2018_28.pcap,01_pcap/Friday-16-02-2018/capDESKTOP-AN3U28N-172.31.65.56.pcap,01_pcap/Friday-16-02-2018/Friday-16-02-2018_28.pcap
Friday-16-02-2018,capDESKTOP-AN3U28N-172.31.65.66.pcap,Friday-16-02-2018_29.pcap,01_pcap/Friday-16-02-2018/capDESKTOP-AN3U28N-172.31.65.66.pcap,01_pcap/Friday-16-02-2018/Friday-16-02-2018_29.pcap
Friday-16-02-2018,capDESKTOP-AN3U28N-172.31.65.76.pcap,Friday-16-02-2018_30.pcap,01_pcap/Friday-16-02-2018/capDESKTOP-AN3U28N-172.31.65.76.pcap,01_pcap/Friday-16-02-2018/Friday-16-02-2018_30.pcap
Friday-16-02-2018,capDESKTOP-AN3U28N-172.31.65.81.pcap,Friday-16-02-2018_31.pcap,01_pcap/Friday-16-02-2018/capDESKTOP-AN3U28N-172.31.65.81.pcap,01_pcap/Friday-16-02-2018/Friday-16-02-2018_31.pcap
Friday-16-02-2018,capDESKTOP-AN3U28N-172.31.65.86.pcap,Friday-16-02-2018_32.pcap,01_pcap/Friday-16-02-2018/capDESKTOP-AN3U28N-172.31.65.86.pcap,01_pcap/Friday-16-02-2018/Friday-16-02-2018_32.pcap
Friday-16-02-2018,capDESKTOP-AN3U28N-172.31.65.88.pcap,Friday-16-02-2018_33.pcap,01_pcap/Friday-16-02-2018/capDESKTOP-AN3U28N-172.31.65.88.pcap,01_pcap/Friday-16-02-2018/Friday-16-02-2018_33.pcap
Friday-16-02-2018,capDESKTOP-AN3U28N-172.31.65.113.pcap,Friday-16-02-2018_34.pcap,01_pcap/Friday-16-02-2018/capDESKTOP-AN3U28N-172.31.65.113.pcap,01_pcap/Friday-16-02-2018/Friday-16-02-2018_34.pcap
Friday-16-02-2018,capDESKTOP-AN3U28N-172.31.65.123.pcap,Friday-16-02-2018_35.pcap,01_pcap/Friday-16-02-2018/capDESKTOP-AN3U28N-172.31.65.123.pcap,01_pcap/Friday-16-02-2018/Friday-16-02-2018_35.pcap
Friday-16-02-2018,capDESKTOP-AN3U28N-172.31.65.124.pcap,Friday-16-02-2018_36.pcap,01_pcap/Friday-16-02-2018/capDESKTOP-AN3U28N-172.31.65.124.pcap,01_pcap/Friday-16-02-2018/Friday-16-02-2018_36.pcap
Friday-16-02-2018,capDESKTOP-AN3U28N-172.31.65.126.pcap,Friday-16-02-2018_37.pcap,01_pcap/Friday-16-02-2018/capDESKTOP-AN3U28N-172.31.65.126.pcap,01_pcap/Friday-16-02-2018/Friday-16-02-2018_37.pcap
Friday-16-02-2018,capDESKTOP-AN3U28N-172.31.66.22.pcap,Friday-16-02-2018_38.pcap,01_pcap/Friday-16-02-2018/capDESKTOP-AN3U28N-172.31.66.22.pcap,01_pcap/Friday-16-02-2018/Friday-16-02-2018_38.pcap
Friday-16-02-2018,capDESKTOP-AN3U28N-172.31.66.41.pcap,Friday-16-02-2018_39.pcap,01_pcap/Friday-16-02-2018/capDESKTOP-AN3U28N-172.31.66.41.pcap,01_pcap/Friday-16-02-2018/Friday-16-02-2018_39.pcap
Friday-16-02-2018,capDESKTOP-AN3U28N-172.31.66.42.pcap,Friday-16-02-2018_40.pcap,01_pcap/Friday-16-02-2018/capDESKTOP-AN3U28N-172.31.66.42.pcap,01_pcap/Friday-16-02-2018/Friday-16-02-2018_40.pcap
Friday-16-02-2018,capDESKTOP-AN3U28N-172.31.66.43.pcap,Friday-16-02-2018_41.pcap,01_pcap/Friday-16-02-2018/capDESKTOP-AN3U28N-172.31.66.43.pcap,01_pcap/Friday-16-02-2018/Friday-16-02-2018_41.pcap
Friday-16-02-2018,capDESKTOP-AN3U28N-172.31.66.49.pcap,Friday-16-02-2018_42.pcap,01_pcap/Friday-16-02-2018/capDESKTOP-AN3U28N-172.31.66.49.pcap,01_pcap/Friday-16-02-2018/Friday-16-02-2018_42.pcap
Friday-16-02-2018,capDESKTOP-AN3U28N-172.31.66.54.pcap,Friday-16-02-2018_43.pcap,01_pcap/Friday-16-02-2018/capDESKTOP-AN3U28N-172.31.66.54.pcap,01_pcap/Friday-16-02-2018/Friday-16-02-2018_43.pcap
Friday-16-02-2018,capDESKTOP-AN3U28N-172.31.66.62.pcap,Friday-16-02-2018_44.pcap,01_pcap/Friday-16-02-2018/capDESKTOP-AN3U28N-172.31.66.62.pcap,01_pcap/Friday-16-02-2018/Friday-16-02-2018_44.pcap
Friday-16-02-2018,capDESKTOP-AN3U28N-172.31.66.63.pcap,Friday-16-02-2018_45.pcap,01_pcap/Friday-16-02-2018/capDESKTOP-AN3U28N-172.31.66.63.pcap,01_pcap/Friday-16-02-2018/Friday-16-02-2018_45.pcap
Friday-16-02-2018,capDESKTOP-AN3U28N-172.31.66.72.pcap,Friday-16-02-2018_46.pcap,01_pcap/Friday-16-02-2018/capDESKTOP-AN3U28N-172.31.66.72.pcap,01_pcap/Friday-16-02-2018/Friday-16-02-2018_46.pcap
Friday-16-02-2018,capDESKTOP-AN3U28N-172.31.66.76.pcap,Friday-16-02-2018_47.pcap,01_pcap/Friday-16-02-2018/capDESKTOP-AN3U28N-172.31.66.76.pcap,01_pcap/Friday-16-02-2018/Friday-16-02-2018_47.pcap
Friday-16-02-2018,capDESKTOP-AN3U28N-172.31.66.82.pcap,Friday-16-02-2018_48.pcap,01_pcap/Friday-16-02-2018/capDESKTOP-AN3U28N-172.31.66.82.pcap,01_pcap/Friday-16-02-2018/Friday-16-02-2018_48.pcap
Friday-16-02-2018,capDESKTOP-AN3U28N-172.31.66.85.pcap,Friday-16-02-2018_49.pcap,01_pcap/Friday-16-02-2018/capDESKTOP-AN3U28N-172.31.66.85.pcap,01_pcap/Friday-16-02-2018/Friday-16-02-2018_49.pcap
Friday-16-02-2018,capDESKTOP-AN3U28N-172.31.66.89.pcap,Friday-16-02-2018_50.pcap,01_pcap/Friday-16-02-2018/capDESKTOP-AN3U28N-172.31.66.89.pcap,01_pcap/Friday-16-02-2018/Friday-16-02-2018_50.pcap
Friday-16-02-2018,capDESKTOP-AN3U28N-172.31.66.100.pcap,Friday-16-02-2018_51.pcap,01_pcap/Friday-16-02-2018/capDESKTOP-AN3U28N-172.31.66.100.pcap,01_pcap/Friday-16-02-2018/Friday-16-02-2018_51.pcap
Friday-16-02-2018,capDESKTOP-AN3U28N-172.31.66.101.pcap,Friday-16-02-2018_52.pcap,01_pcap/Friday-16-02-2018/capDESKTOP-AN3U28N-172.31.66.101.pcap,01_pcap/Friday-16-02-2018/Friday-16-02-2018_52.pcap
Friday-16-02-2018,capDESKTOP-AN3U28N-172.31.66.112.pcap,Friday-16-02-2018_53.pcap,01_pcap/Friday-16-02-2018/capDESKTOP-AN3U28N-172.31.66.112.pcap,01_pcap/Friday-16-02-2018/Friday-16-02-2018_53.pcap
Friday-16-02-2018,capDESKTOP-AN3U28N-172.31.66.114.pcap,Friday-16-02-2018_54.pcap,01_pcap/Friday-16-02-2018/capDESKTOP-AN3U28N-172.31.66.114.pcap,01_pcap/Friday-16-02-2018/Friday-16-02-2018_54.pcap
Friday-16-02-2018,capDESKTOP-AN3U28N-172.31.66.115.pcap,Friday-16-02-2018_55.pcap,01_pcap/Friday-16-02-2018/capDESKTOP-AN3U28N-172.31.66.115.pcap,01_pcap/Friday-16-02-2018/Friday-16-02-2018_55.pcap
Friday-16-02-2018,capDESKTOP-AN3U28N-172.31.66.120.pcap,Friday-16-02-2018_56.pcap,01_pcap/Friday-16-02-2018/capDESKTOP-AN3U28N-172.31.66.120.pcap,01_pcap/Friday-16-02-2018/Friday-16-02-2018_56.pcap
Friday-16-02-2018,capDESKTOP-AN3U28N-172.31.66.123.pcap,Friday-16-02-2018_57.pcap,01_pcap/Friday-16-02-2018/capDESKTOP-AN3U28N-172.31.66.123.pcap,01_pcap/Friday-16-02-2018/Friday-16-02-2018_57.pcap
Friday-16-02-2018,capDESKTOP-AN3U28N-172.31.67.13.pcap,Friday-16-02-2018_58.pcap,01_pcap/Friday-16-02-2018/capDESKTOP-AN3U28N-172.31.67.13.pcap,01_pcap/Friday-16-02-2018/Friday-16-02-2018_58.pcap
Friday-16-02-2018,capDESKTOP-AN3U28N-172.31.67.15.pcap,Friday-16-02-2018_59.pcap,01_pcap/Friday-16-02-2018/capDESKTOP-AN3U28N-172.31.67.15.pcap,01_pcap/Friday-16-02-2018/Friday-16-02-2018_59.pcap
Friday-16-02-2018,capDESKTOP-AN3U28N-172.31.67.21.pcap,Friday-16-02-2018_60.pcap,01_pcap/Friday-16-02-2018/capDESKTOP-AN3U28N-172.31.67.21.pcap,01_pcap/Friday-16-02-2018/Friday-16-02-2018_60.pcap
Friday-16-02-2018,capDESKTOP-AN3U28N-172.31.67.28.pcap,Friday-16-02-2018_61.pcap,01_pcap/Friday-16-02-2018/capDESKTOP-AN3U28N-172.31.67.28.pcap,01_pcap/Friday-16-02-2018/Friday-16-02-2018_61.pcap
Friday-16-02-2018,capDESKTOP-AN3U28N-172.31.67.32.pcap,Friday-16-02-2018_62.pcap,01_pcap/Friday-16-02-2018/capDESKTOP-AN3U28N-172.31.67.32.pcap,01_pcap/Friday-16-02-2018/Friday-16-02-2018_62.pcap
Friday-16-02-2018,capDESKTOP-AN3U28N-172.31.67.41.pcap,Friday-16-02-2018_63.pcap,01_pcap/Friday-16-02-2018/capDESKTOP-AN3U28N-172.31.67.41.pcap,01_pcap/Friday-16-02-2018/Friday-16-02-2018_63.pcap
Friday-16-02-2018,capDESKTOP-AN3U28N-172.31.67.46.pcap,Friday-16-02-2018_64.pcap,01_pcap/Friday-16-02-2018/capDESKTOP-AN3U28N-172.31.67.46.pcap,01_pcap/Friday-16-02-2018/Friday-16-02-2018_64.pcap
Friday-16-02-2018,capDESKTOP-AN3U28N-172.31.67.50.pcap,Friday-16-02-2018_65.pcap,01_pcap/Friday-16-02-2018/capDESKTOP-AN3U28N-172.31.67.50.pcap,01_pcap/Friday-16-02-2018/Friday-16-02-2018_65.pcap
Friday-16-02-2018,capDESKTOP-AN3U28N-172.31.67.54.pcap,Friday-16-02-2018_66.pcap,01_pcap/Friday-16-02-2018/capDESKTOP-AN3U28N-172.31.67.54.pcap,01_pcap/Friday-16-02-2018/Friday-16-02-2018_66.pcap
Friday-16-02-2018,capDESKTOP-AN3U28N-172.31.67.63.pcap,Friday-16-02-2018_67.pcap,01_pcap/Friday-16-02-2018/capDESKTOP-AN3U28N-172.31.67.63.pcap,01_pcap/Friday-16-02-2018/Friday-16-02-2018_67.pcap
Friday-16-02-2018,capDESKTOP-AN3U28N-172.31.67.80.pcap,Friday-16-02-2018_68.pcap,01_pcap/Friday-16-02-2018/capDESKTOP-AN3U28N-172.31.67.80.pcap,01_pcap/Friday-16-02-2018/Friday-16-02-2018_68.pcap
Friday-16-02-2018,capDESKTOP-AN3U28N-172.31.67.81.pcap,Friday-16-02-2018_69.pcap,01_pcap/Friday-16-02-2018/capDESKTOP-AN3U28N-172.31.67.81.pcap,01_pcap/Friday-16-02-2018/Friday-16-02-2018_69.pcap
Friday-16-02-2018,capDESKTOP-AN3U28N-172.31.67.82.pcap,Friday-16-02-2018_70.pcap,01_pcap/Friday-16-02-2018/capDESKTOP-AN3U28N-172.31.67.82.pcap,01_pcap/Friday-16-02-2018/Friday-16-02-2018_70.pcap
Friday-16-02-2018,capDESKTOP-AN3U28N-172.31.67.86.pcap,Friday-16-02-2018_71.pcap,01_pcap/Friday-16-02-2018/capDESKTOP-AN3U28N-172.31.67.86.pcap,01_pcap/Friday-16-02-2018/Friday-16-02-2018_71.pcap
Friday-16-02-2018,capDESKTOP-AN3U28N-172.31.67.94.pcap,Friday-16-02-2018_72.pcap,01_pcap/Friday-16-02-2018/capDESKTOP-AN3U28N-172.31.67.94.pcap,01_pcap/Friday-16-02-2018/Friday-16-02-2018_72.pcap
Friday-16-02-2018,capDESKTOP-AN3U28N-172.31.67.101.pcap,Friday-16-02-2018_73.pcap,01_pcap/Friday-16-02-2018/capDESKTOP-AN3U28N-172.31.67.101.pcap,01_pcap/Friday-16-02-2018/Friday-16-02-2018_73.pcap
Friday-16-02-2018,capDESKTOP-AN3U28N-172.31.67.116.pcap,Friday-16-02-2018_74.pcap,01_pcap/Friday-16-02-2018/capDESKTOP-AN3U28N-172.31.67.116.pcap,01_pcap/Friday-16-02-2018/Friday-16-02-2018_74.pcap
Friday-16-02-2018,capDESKTOP-AN3U28N-172.31.67.119.pcap,Friday-16-02-2018_75.pcap,01_pcap/Friday-16-02-2018/capDESKTOP-AN3U28N-172.31.67.119.pcap,01_pcap/Friday-16-02-2018/Friday-16-02-2018_75.pcap
Friday-16-02-2018,capDESKTOP-AN3U28N-172.31.67.125.pcap,Friday-16-02-2018_76.pcap,01_pcap/Friday-16-02-2018/capDESKTOP-AN3U28N-172.31.67.125.pcap,01_pcap/Friday-16-02-2018/Friday-16-02-2018_76.pcap
Friday-16-02-2018,capEC2AMAZ-O4EL3NG-172.31.64.4.pcap,Friday-16-02-2018_77.pcap,01_pcap/Friday-16-02-2018/capEC2AMAZ-O4EL3NG-172.31.64.4.pcap,01_pcap/Friday-16-02-2018/Friday-16-02-2018_77.pcap
Friday-16-02-2018,capEC2AMAZ-O4EL3NG-172.31.64.7.pcap,Friday-16-02-2018_78.pcap,01_pcap/Friday-16-02-2018/capEC2AMAZ-O4EL3NG-172.31.64.7.pcap,01_pcap/Friday-16-02-2018/Friday-16-02-2018_78.pcap
Friday-16-02-2018,capEC2AMAZ-O4EL3NG-172.31.64.8.pcap,Friday-16-02-2018_79.pcap,01_pcap/Friday-16-02-2018/capEC2AMAZ-O4EL3NG-172.31.64.8.pcap,01_pcap/Friday-16-02-2018/Friday-16-02-2018_79.pcap
Friday-16-02-2018,capEC2AMAZ-O4EL3NG-172.31.64.11.pcap,Friday-16-02-2018_80.pcap,01_pcap/Friday-16-02-2018/capEC2AMAZ-O4EL3NG-172.31.64.11.pcap,01_pcap/Friday-16-02-2018/Friday-16-02-2018_80.pcap
Friday-16-02-2018,capEC2AMAZ-O4EL3NG-172.31.64.13.pcap,Friday-16-02-2018_81.pcap,01_pcap/Friday-16-02-2018/capEC2AMAZ-O4EL3NG-172.31.64.13.pcap,01_pcap/Friday-16-02-2018/Friday-16-02-2018_81.pcap
Friday-16-02-2018,capEC2AMAZ-O4EL3NG-172.31.64.16.pcap,Friday-16-02-2018_82.pcap,01_pcap/Friday-16-02-2018/capEC2AMAZ-O4EL3NG-172.31.64.16.pcap,01_pcap/Friday-16-02-2018/Friday-16-02-2018_82.pcap
Friday-16-02-2018,capEC2AMAZ-O4EL3NG-172.31.64.19.pcap,Friday-16-02-2018_83.pcap,01_pcap/Friday-16-02-2018/capEC2AMAZ-O4EL3NG-172.31.64.19.pcap,01_pcap/Friday-16-02-2018/Friday-16-02-2018_83.pcap
Friday-16-02-2018,capEC2AMAZ-O4EL3NG-172.31.64.27.pcap,Friday-16-02-2018_84.pcap,01_pcap/Friday-16-02-2018/capEC2AMAZ-O4EL3NG-172.31.64.27.pcap,01_pcap/Friday-16-02-2018/Friday-16-02-2018_84.pcap
Friday-16-02-2018,capEC2AMAZ-O4EL3NG-172.31.64.28.pcap,Friday-16-02-2018_85.pcap,01_pcap/Friday-16-02-2018/capEC2AMAZ-O4EL3NG-172.31.64.28.pcap,01_pcap/Friday-16-02-2018/Friday-16-02-2018_85.pcap
Friday-16-02-2018,capEC2AMAZ-O4EL3NG-172.31.64.29.pcap,Friday-16-02-2018_86.pcap,01_pcap/Friday-16-02-2018/capEC2AMAZ-O4EL3NG-172.31.64.29.pcap,01_pcap/Friday-16-02-2018/Friday-16-02-2018_86.pcap
Friday-16-02-2018,capEC2AMAZ-O4EL3NG-172.31.64.42.pcap,Friday-16-02-2018_87.pcap,01_pcap/Friday-16-02-2018/capEC2AMAZ-O4EL3NG-172.31.64.42.pcap,01_pcap/Friday-16-02-2018/Friday-16-02-2018_87.pcap
Friday-16-02-2018,capEC2AMAZ-O4EL3NG-172.31.64.44.pcap,Friday-16-02-2018_88.pcap,01_pcap/Friday-16-02-2018/capEC2AMAZ-O4EL3NG-172.31.64.44.pcap,01_pcap/Friday-16-02-2018/Friday-16-02-2018_88.pcap
Friday-16-02-2018,capEC2AMAZ-O4EL3NG-172.31.64.45.pcap,Friday-16-02-2018_89.pcap,01_pcap/Friday-16-02-2018/capEC2AMAZ-O4EL3NG-172.31.64.45.pcap,01_pcap/Friday-16-02-2018/Friday-16-02-2018_89.pcap
Friday-16-02-2018,capEC2AMAZ-O4EL3NG-172.31.64.49.pcap,Friday-16-02-2018_90.pcap,01_pcap/Friday-16-02-2018/capEC2AMAZ-O4EL3NG-172.31.64.49.pcap,01_pcap/Friday-16-02-2018/Friday-16-02-2018_90.pcap
Friday-16-02-2018,capEC2AMAZ-O4EL3NG-172.31.64.51.pcap,Friday-16-02-2018_91.pcap,01_pcap/Friday-16-02-2018/capEC2AMAZ-O4EL3NG-172.31.64.51.pcap,01_pcap/Friday-16-02-2018/Friday-16-02-2018_91.pcap
Friday-16-02-2018,capEC2AMAZ-O4EL3NG-172.31.64.58.pcap,Friday-16-02-2018_92.pcap,01_pcap/Friday-16-02-2018/capEC2AMAZ-O4EL3NG-172.31.64.58.pcap,01_pcap/Friday-16-02-2018/Friday-16-02-2018_92.pcap
Friday-16-02-2018,capEC2AMAZ-O4EL3NG-172.31.64.60.pcap,Friday-16-02-2018_93.pcap,01_pcap/Friday-16-02-2018/capEC2AMAZ-O4EL3NG-172.31.64.60.pcap,01_pcap/Friday-16-02-2018/Friday-16-02-2018_93.pcap
Friday-16-02-2018,capEC2AMAZ-O4EL3NG-172.31.64.68.pcap,Friday-16-02-2018_94.pcap,01_pcap/Friday-16-02-2018/capEC2AMAZ-O4EL3NG-172.31.64.68.pcap,01_pcap/Friday-16-02-2018/Friday-16-02-2018_94.pcap
Friday-16-02-2018,capEC2AMAZ-O4EL3NG-172.31.64.69.pcap,Friday-16-02-2018_95.pcap,01_pcap/Friday-16-02-2018/capEC2AMAZ-O4EL3NG-172.31.64.69.pcap,01_pcap/Friday-16-02-2018/Friday-16-02-2018_95.pcap
Friday-16-02-2018,capEC2AMAZ-O4EL3NG-172.31.64.70.pcap,Friday-16-02-2018_96.pcap,01_pcap/Friday-16-02-2018/capEC2AMAZ-O4EL3NG-172.31.64.70.pcap,01_pcap/Friday-16-02-2018/Friday-16-02-2018_96.pcap
Friday-16-02-2018,capEC2AMAZ-O4EL3NG-172.31.64.72.pcap,Friday-16-02-2018_97.pcap,01_pcap/Friday-16-02-2018/capEC2AMAZ-O4EL3NG-172.31.64.72.pcap,01_pcap/Friday-16-02-2018/Friday-16-02-2018_97.pcap
Friday-16-02-2018,capEC2AMAZ-O4EL3NG-172.31.64.73.pcap,Friday-16-02-2018_98.pcap,01_pcap/Friday-16-02-2018/capEC2AMAZ-O4EL3NG-172.31.64.73.pcap,01_pcap/Friday-16-02-2018/Friday-16-02-2018_98.pcap
Friday-16-02-2018,capEC2AMAZ-O4EL3NG-172.31.64.77.pcap,Friday-16-02-2018_99.pcap,01_pcap/Friday-16-02-2018/capEC2AMAZ-O4EL3NG-172.31.64.77.pcap,01_pcap/Friday-16-02-2018/Friday-16-02-2018_99.pcap
Friday-16-02-2018,capEC2AMAZ-O4EL3NG-172.31.64.79.pcap,Friday-16-02-2018_100.pcap,01_pcap/Friday-16-02-2018/capEC2AMAZ-O4EL3NG-172.31.64.79.pcap,01_pcap/Friday-16-02-2018/Friday-16-02-2018_100.pcap
Friday-16-02-2018,capEC2AMAZ-O4EL3NG-172.31.64.81.pcap,Friday-16-02-2018_101.pcap,01_pcap/Friday-16-02-2018/capEC2AMAZ-O4EL3NG-172.31.64.81.pcap,01_pcap/Friday-16-02-2018/Friday-16-02-2018_101.pcap
Friday-16-02-2018,capEC2AMAZ-O4EL3NG-172.31.64.83.pcap,Friday-16-02-2018_102.pcap,01_pcap/Friday-16-02-2018/capEC2AMAZ-O4EL3NG-172.31.64.83.pcap,01_pcap/Friday-16-02-2018/Friday-16-02-2018_102.pcap
Friday-16-02-2018,capEC2AMAZ-O4EL3NG-172.31.64.85.pcap,Friday-16-02-2018_103.pcap,01_pcap/Friday-16-02-2018/capEC2AMAZ-O4EL3NG-172.31.64.85.pcap,01_pcap/Friday-16-02-2018/Friday-16-02-2018_103.pcap
Friday-16-02-2018,capEC2AMAZ-O4EL3NG-172.31.64.87.pcap,Friday-16-02-2018_104.pcap,01_pcap/Friday-16-02-2018/capEC2AMAZ-O4EL3NG-172.31.64.87.pcap,01_pcap/Friday-16-02-2018/Friday-16-02-2018_104.pcap
Friday-16-02-2018,capEC2AMAZ-O4EL3NG-172.31.64.92.pcap,Friday-16-02-2018_105.pcap,01_pcap/Friday-16-02-2018/capEC2AMAZ-O4EL3NG-172.31.64.92.pcap,01_pcap/Friday-16-02-2018/Friday-16-02-2018_105.pcap
Friday-16-02-2018,capEC2AMAZ-O4EL3NG-172.31.64.96.pcap,Friday-16-02-2018_106.pcap,01_pcap/Friday-16-02-2018/capEC2AMAZ-O4EL3NG-172.31.64.96.pcap,01_pcap/Friday-16-02-2018/Friday-16-02-2018_106.pcap
Friday-16-02-2018,capEC2AMAZ-O4EL3NG-172.31.64.100.pcap,Friday-16-02-2018_107.pcap,01_pcap/Friday-16-02-2018/capEC2AMAZ-O4EL3NG-172.31.64.100.pcap,01_pcap/Friday-16-02-2018/Friday-16-02-2018_107.pcap
Friday-16-02-2018,capEC2AMAZ-O4EL3NG-172.31.64.101.pcap,Friday-16-02-2018_108.pcap,01_pcap/Friday-16-02-2018/capEC2AMAZ-O4EL3NG-172.31.64.101.pcap,01_pcap/Friday-16-02-2018/Friday-16-02-2018_108.pcap
Friday-16-02-2018,capEC2AMAZ-O4EL3NG-172.31.64.103.pcap,Friday-16-02-2018_109.pcap,01_pcap/Friday-16-02-2018/capEC2AMAZ-O4EL3NG-172.31.64.103.pcap,01_pcap/Friday-16-02-2018/Friday-16-02-2018_109.pcap
Friday-16-02-2018,capEC2AMAZ-O4EL3NG-172.31.64.104.pcap,Friday-16-02-2018_110.pcap,01_pcap/Friday-16-02-2018/capEC2AMAZ-O4EL3NG-172.31.64.104.pcap,01_pcap/Friday-16-02-2018/Friday-16-02-2018_110.pcap
Friday-16-02-2018,capEC2AMAZ-O4EL3NG-172.31.64.107.pcap,Friday-16-02-2018_111.pcap,01_pcap/Friday-16-02-2018/capEC2AMAZ-O4EL3NG-172.31.64.107.pcap,01_pcap/Friday-16-02-2018/Friday-16-02-2018_111.pcap
Friday-16-02-2018,capEC2AMAZ-O4EL3NG-172.31.64.108.pcap,Friday-16-02-2018_112.pcap,01_pcap/Friday-16-02-2018/capEC2AMAZ-O4EL3NG-172.31.64.108.pcap,01_pcap/Friday-16-02-2018/Friday-16-02-2018_112.pcap
Friday-16-02-2018,capEC2AMAZ-O4EL3NG-172.31.64.109.pcap,Friday-16-02-2018_113.pcap,01_pcap/Friday-16-02-2018/capEC2AMAZ-O4EL3NG-172.31.64.109.pcap,01_pcap/Friday-16-02-2018/Friday-16-02-2018_113.pcap
Friday-16-02-2018,capEC2AMAZ-O4EL3NG-172.31.64.110.pcap,Friday-16-02-2018_114.pcap,01_pcap/Friday-16-02-2018/capEC2AMAZ-O4EL3NG-172.31.64.110.pcap,01_pcap/Friday-16-02-2018/Friday-16-02-2018_114.pcap
Friday-16-02-2018,capEC2AMAZ-O4EL3NG-172.31.64.119.pcap,Friday-16-02-2018_115.pcap,01_pcap/Friday-16-02-2018/capEC2AMAZ-O4EL3NG-172.31.64.119.pcap,01_pcap/Friday-16-02-2018/Friday-16-02-2018_115.pcap
Friday-16-02-2018,capEC2AMAZ-O4EL3NG-172.31.64.123.pcap,Friday-16-02-2018_116.pcap,01_pcap/Friday-16-02-2018/capEC2AMAZ-O4EL3NG-172.31.64.123.pcap,01_pcap/Friday-16-02-2018/Friday-16-02-2018_116.pcap
Friday-16-02-2018,capEC2AMAZ-O4EL3NG-172.31.64.124.pcap,Friday-16-02-2018_117.pcap,01_pcap/Friday-16-02-2018/capEC2AMAZ-O4EL3NG-172.31.64.124.pcap,01_pcap/Friday-16-02-2018/Friday-16-02-2018_117.pcap
Friday-16-02-2018,capEC2AMAZ-O4EL3NG-172.31.65.5.pcap,Friday-16-02-2018_118.pcap,01_pcap/Friday-16-02-2018/capEC2AMAZ-O4EL3NG-172.31.65.5.pcap,01_pcap/Friday-16-02-2018/Friday-16-02-2018_118.pcap
Friday-16-02-2018,capEC2AMAZ-O4EL3NG-172.31.65.8.pcap,Friday-16-02-2018_119.pcap,01_pcap/Friday-16-02-2018/capEC2AMAZ-O4EL3NG-172.31.65.8.pcap,01_pcap/Friday-16-02-2018/Friday-16-02-2018_119.pcap
Friday-16-02-2018,capEC2AMAZ-O4EL3NG-172.31.65.18.pcap,Friday-16-02-2018_120.pcap,01_pcap/Friday-16-02-2018/capEC2AMAZ-O4EL3NG-172.31.65.18.pcap,01_pcap/Friday-16-02-2018/Friday-16-02-2018_120.pcap
Friday-16-02-2018,capEC2AMAZ-O4EL3NG-172.31.65.27.pcap,Friday-16-02-2018_121.pcap,01_pcap/Friday-16-02-2018/capEC2AMAZ-O4EL3NG-172.31.65.27.pcap,01_pcap/Friday-16-02-2018/Friday-16-02-2018_121.pcap
Friday-16-02-2018,capEC2AMAZ-O4EL3NG-172.31.65.30.pcap,Friday-16-02-2018_122.pcap,01_pcap/Friday-16-02-2018/capEC2AMAZ-O4EL3NG-172.31.65.30.pcap,01_pcap/Friday-16-02-2018/Friday-16-02-2018_122.pcap
Friday-16-02-2018,capEC2AMAZ-O4EL3NG-172.31.65.32.pcap,Friday-16-02-2018_123.pcap,01_pcap/Friday-16-02-2018/capEC2AMAZ-O4EL3NG-172.31.65.32.pcap,01_pcap/Friday-16-02-2018/Friday-16-02-2018_123.pcap
Friday-16-02-2018,capEC2AMAZ-O4EL3NG-172.31.65.33.pcap,Friday-16-02-2018_124.pcap,01_pcap/Friday-16-02-2018/capEC2AMAZ-O4EL3NG-172.31.65.33.pcap,01_pcap/Friday-16-02-2018/Friday-16-02-2018_124.pcap
Friday-16-02-2018,capEC2AMAZ-O4EL3NG-172.31.65.36.pcap,Friday-16-02-2018_125.pcap,01_pcap/Friday-16-02-2018/capEC2AMAZ-O4EL3NG-172.31.65.36.pcap,01_pcap/Friday-16-02-2018/Friday-16-02-2018_125.pcap
Friday-16-02-2018,capEC2AMAZ-O4EL3NG-172.31.65.37.pcap,Friday-16-02-2018_126.pcap,01_pcap/Friday-16-02-2018/capEC2AMAZ-O4EL3NG-172.31.65.37.pcap,01_pcap/Friday-16-02-2018/Friday-16-02-2018_126.pcap
Friday-16-02-2018,capEC2AMAZ-O4EL3NG-172.31.65.39.pcap,Friday-16-02-2018_127.pcap,01_pcap/Friday-16-02-2018/capEC2AMAZ-O4EL3NG-172.31.65.39.pcap,01_pcap/Friday-16-02-2018/Friday-16-02-2018_127.pcap
Friday-16-02-2018,capEC2AMAZ-O4EL3NG-172.31.65.41.pcap,Friday-16-02-2018_128.pcap,01_pcap/Friday-16-02-2018/capEC2AMAZ-O4EL3NG-172.31.65.41.pcap,01_pcap/Friday-16-02-2018/Friday-16-02-2018_128.pcap
Friday-16-02-2018,capEC2AMAZ-O4EL3NG-172.31.65.43.pcap,Friday-16-02-2018_129.pcap,01_pcap/Friday-16-02-2018/capEC2AMAZ-O4EL3NG-172.31.65.43.pcap,01_pcap/Friday-16-02-2018/Friday-16-02-2018_129.pcap
Friday-16-02-2018,capEC2AMAZ-O4EL3NG-172.31.65.44.pcap,Friday-16-02-2018_130.pcap,01_pcap/Friday-16-02-2018/capEC2AMAZ-O4EL3NG-172.31.65.44.pcap,01_pcap/Friday-16-02-2018/Friday-16-02-2018_130.pcap
Friday-16-02-2018,capEC2AMAZ-O4EL3NG-172.31.65.45.pcap,Friday-16-02-2018_131.pcap,01_pcap/Friday-16-02-2018/capEC2AMAZ-O4EL3NG-172.31.65.45.pcap,01_pcap/Friday-16-02-2018/Friday-16-02-2018_131.pcap
Friday-16-02-2018,capEC2AMAZ-O4EL3NG-172.31.65.59.pcap,Friday-16-02-2018_132.pcap,01_pcap/Friday-16-02-2018/capEC2AMAZ-O4EL3NG-172.31.65.59.pcap,01_pcap/Friday-16-02-2018/Friday-16-02-2018_132.pcap
Friday-16-02-2018,capEC2AMAZ-O4EL3NG-172.31.65.64.pcap,Friday-16-02-2018_133.pcap,01_pcap/Friday-16-02-2018/capEC2AMAZ-O4EL3NG-172.31.65.64.pcap,01_pcap/Friday-16-02-2018/Friday-16-02-2018_133.pcap
Friday-16-02-2018,capEC2AMAZ-O4EL3NG-172.31.65.65.pcap,Friday-16-02-2018_134.pcap,01_pcap/Friday-16-02-2018/capEC2AMAZ-O4EL3NG-172.31.65.65.pcap,01_pcap/Friday-16-02-2018/Friday-16-02-2018_134.pcap
Friday-16-02-2018,capEC2AMAZ-O4EL3NG-172.31.65.71.pcap,Friday-16-02-2018_135.pcap,01_pcap/Friday-16-02-2018/capEC2AMAZ-O4EL3NG-172.31.65.71.pcap,01_pcap/Friday-16-02-2018/Friday-16-02-2018_135.pcap
Friday-16-02-2018,capEC2AMAZ-O4EL3NG-172.31.65.72.pcap,Friday-16-02-2018_136.pcap,01_pcap/Friday-16-02-2018/capEC2AMAZ-O4EL3NG-172.31.65.72.pcap,01_pcap/Friday-16-02-2018/Friday-16-02-2018_136.pcap
Friday-16-02-2018,capEC2AMAZ-O4EL3NG-172.31.65.82.pcap,Friday-16-02-2018_137.pcap,01_pcap/Friday-16-02-2018/capEC2AMAZ-O4EL3NG-172.31.65.82.pcap,01_pcap/Friday-16-02-2018/Friday-16-02-2018_137.pcap
Friday-16-02-2018,capEC2AMAZ-O4EL3NG-172.31.65.84.pcap,Friday-16-02-2018_138.pcap,01_pcap/Friday-16-02-2018/capEC2AMAZ-O4EL3NG-172.31.65.84.pcap,01_pcap/Friday-16-02-2018/Friday-16-02-2018_138.pcap
Friday-16-02-2018,capEC2AMAZ-O4EL3NG-172.31.65.85.pcap,Friday-16-02-2018_139.pcap,01_pcap/Friday-16-02-2018/capEC2AMAZ-O4EL3NG-172.31.65.85.pcap,01_pcap/Friday-16-02-2018/Friday-16-02-2018_139.pcap
Friday-16-02-2018,capEC2AMAZ-O4EL3NG-172.31.65.91.pcap,Friday-16-02-2018_140.pcap,01_pcap/Friday-16-02-2018/capEC2AMAZ-O4EL3NG-172.31.65.91.pcap,01_pcap/Friday-16-02-2018/Friday-16-02-2018_140.pcap
Friday-16-02-2018,capEC2AMAZ-O4EL3NG-172.31.65.93.pcap,Friday-16-02-2018_141.pcap,01_pcap/Friday-16-02-2018/capEC2AMAZ-O4EL3NG-172.31.65.93.pcap,01_pcap/Friday-16-02-2018/Friday-16-02-2018_141.pcap
Friday-16-02-2018,capEC2AMAZ-O4EL3NG-172.31.65.96.pcap,Friday-16-02-2018_142.pcap,01_pcap/Friday-16-02-2018/capEC2AMAZ-O4EL3NG-172.31.65.96.pcap,01_pcap/Friday-16-02-2018/Friday-16-02-2018_142.pcap
Friday-16-02-2018,capEC2AMAZ-O4EL3NG-172.31.65.98.pcap,Friday-16-02-2018_143.pcap,01_pcap/Friday-16-02-2018/capEC2AMAZ-O4EL3NG-172.31.65.98.pcap,01_pcap/Friday-16-02-2018/Friday-16-02-2018_143.pcap
Friday-16-02-2018,capEC2AMAZ-O4EL3NG-172.31.65.107.pcap,Friday-16-02-2018_144.pcap,01_pcap/Friday-16-02-2018/capEC2AMAZ-O4EL3NG-172.31.65.107.pcap,01_pcap/Friday-16-02-2018/Friday-16-02-2018_144.pcap
Friday-16-02-2018,capEC2AMAZ-O4EL3NG-172.31.65.109.pcap,Friday-16-02-2018_145.pcap,01_pcap/Friday-16-02-2018/capEC2AMAZ-O4EL3NG-172.31.65.109.pcap,01_pcap/Friday-16-02-2018/Friday-16-02-2018_145.pcap
Friday-16-02-2018,capEC2AMAZ-O4EL3NG-172.31.65.112.pcap,Friday-16-02-2018_146.pcap,01_pcap/Friday-16-02-2018/capEC2AMAZ-O4EL3NG-172.31.65.112.pcap,01_pcap/Friday-16-02-2018/Friday-16-02-2018_146.pcap
Friday-16-02-2018,capEC2AMAZ-O4EL3NG-172.31.65.118.pcap,Friday-16-02-2018_147.pcap,01_pcap/Friday-16-02-2018/capEC2AMAZ-O4EL3NG-172.31.65.118.pcap,01_pcap/Friday-16-02-2018/Friday-16-02-2018_147.pcap
Friday-16-02-2018,capEC2AMAZ-O4EL3NG-172.31.65.119.pcap,Friday-16-02-2018_148.pcap,01_pcap/Friday-16-02-2018/capEC2AMAZ-O4EL3NG-172.31.65.119.pcap,01_pcap/Friday-16-02-2018/Friday-16-02-2018_148.pcap
Friday-16-02-2018,capEC2AMAZ-O4EL3NG-172.31.65.121.pcap,Friday-16-02-2018_149.pcap,01_pcap/Friday-16-02-2018/capEC2AMAZ-O4EL3NG-172.31.65.121.pcap,01_pcap/Friday-16-02-2018/Friday-16-02-2018_149.pcap
Friday-16-02-2018,capEC2AMAZ-O4EL3NG-172.31.65.122.pcap,Friday-16-02-2018_150.pcap,01_pcap/Friday-16-02-2018/capEC2AMAZ-O4EL3NG-172.31.65.122.pcap,01_pcap/Friday-16-02-2018/Friday-16-02-2018_150.pcap
Friday-16-02-2018,capEC2AMAZ-O4EL3NG-172.31.66.5.pcap,Friday-16-02-2018_151.pcap,01_pcap/Friday-16-02-2018/capEC2AMAZ-O4EL3NG-172.31.66.5.pcap,01_pcap/Friday-16-02-2018/Friday-16-02-2018_151.pcap
Friday-16-02-2018,capEC2AMAZ-O4EL3NG-172.31.66.7.pcap,Friday-16-02-2018_152.pcap,01_pcap/Friday-16-02-2018/capEC2AMAZ-O4EL3NG-172.31.66.7.pcap,01_pcap/Friday-16-02-2018/Friday-16-02-2018_152.pcap
Friday-16-02-2018,capEC2AMAZ-O4EL3NG-172.31.66.8.pcap,Friday-16-02-2018_153.pcap,01_pcap/Friday-16-02-2018/capEC2AMAZ-O4EL3NG-172.31.66.8.pcap,01_pcap/Friday-16-02-2018/Friday-16-02-2018_153.pcap
Friday-16-02-2018,capEC2AMAZ-O4EL3NG-172.31.66.11.pcap,Friday-16-02-2018_154.pcap,01_pcap/Friday-16-02-2018/capEC2AMAZ-O4EL3NG-172.31.66.11.pcap,01_pcap/Friday-16-02-2018/Friday-16-02-2018_154.pcap
Friday-16-02-2018,capEC2AMAZ-O4EL3NG-172.31.66.12.pcap,Friday-16-02-2018_155.pcap,01_pcap/Friday-16-02-2018/capEC2AMAZ-O4EL3NG-172.31.66.12.pcap,01_pcap/Friday-16-02-2018/Friday-16-02-2018_155.pcap
Friday-16-02-2018,capEC2AMAZ-O4EL3NG-172.31.66.13.pcap,Friday-16-02-2018_156.pcap,01_pcap/Friday-16-02-2018/capEC2AMAZ-O4EL3NG-172.31.66.13.pcap,01_pcap/Friday-16-02-2018/Friday-16-02-2018_156.pcap
Friday-16-02-2018,capEC2AMAZ-O4EL3NG-172.31.66.14.pcap,Friday-16-02-2018_157.pcap,01_pcap/Friday-16-02-2018/capEC2AMAZ-O4EL3NG-172.31.66.14.pcap,01_pcap/Friday-16-02-2018/Friday-16-02-2018_157.pcap
Friday-16-02-2018,capEC2AMAZ-O4EL3NG-172.31.66.16.pcap,Friday-16-02-2018_158.pcap,01_pcap/Friday-16-02-2018/capEC2AMAZ-O4EL3NG-172.31.66.16.pcap,01_pcap/Friday-16-02-2018/Friday-16-02-2018_158.pcap
Friday-16-02-2018,capEC2AMAZ-O4EL3NG-172.31.66.17.pcap,Friday-16-02-2018_159.pcap,01_pcap/Friday-16-02-2018/capEC2AMAZ-O4EL3NG-172.31.66.17.pcap,01_pcap/Friday-16-02-2018/Friday-16-02-2018_159.pcap
Friday-16-02-2018,capEC2AMAZ-O4EL3NG-172.31.66.20.pcap,Friday-16-02-2018_160.pcap,01_pcap/Friday-16-02-2018/capEC2AMAZ-O4EL3NG-172.31.66.20.pcap,01_pcap/Friday-16-02-2018/Friday-16-02-2018_160.pcap
Friday-16-02-2018,capEC2AMAZ-O4EL3NG-172.31.66.21.pcap,Friday-16-02-2018_161.pcap,01_pcap/Friday-16-02-2018/capEC2AMAZ-O4EL3NG-172.31.66.21.pcap,01_pcap/Friday-16-02-2018/Friday-16-02-2018_161.pcap
Friday-16-02-2018,capEC2AMAZ-O4EL3NG-172.31.66.25.pcap,Friday-16-02-2018_162.pcap,01_pcap/Friday-16-02-2018/capEC2AMAZ-O4EL3NG-172.31.66.25.pcap,01_pcap/Friday-16-02-2018/Friday-16-02-2018_162.pcap
Friday-16-02-2018,capEC2AMAZ-O4EL3NG-172.31.66.26.pcap,Friday-16-02-2018_163.pcap,01_pcap/Friday-16-02-2018/capEC2AMAZ-O4EL3NG-172.31.66.26.pcap,01_pcap/Friday-16-02-2018/Friday-16-02-2018_163.pcap
Friday-16-02-2018,capEC2AMAZ-O4EL3NG-172.31.66.28.pcap,Friday-16-02-2018_164.pcap,01_pcap/Friday-16-02-2018/capEC2AMAZ-O4EL3NG-172.31.66.28.pcap,01_pcap/Friday-16-02-2018/Friday-16-02-2018_164.pcap
Friday-16-02-2018,capEC2AMAZ-O4EL3NG-172.31.66.29.pcap,Friday-16-02-2018_165.pcap,01_pcap/Friday-16-02-2018/capEC2AMAZ-O4EL3NG-172.31.66.29.pcap,01_pcap/Friday-16-02-2018/Friday-16-02-2018_165.pcap
Friday-16-02-2018,capEC2AMAZ-O4EL3NG-172.31.66.34.pcap,Friday-16-02-2018_166.pcap,01_pcap/Friday-16-02-2018/capEC2AMAZ-O4EL3NG-172.31.66.34.pcap,01_pcap/Friday-16-02-2018/Friday-16-02-2018_166.pcap
Friday-16-02-2018,capEC2AMAZ-O4EL3NG-172.31.66.35.pcap,Friday-16-02-2018_167.pcap,01_pcap/Friday-16-02-2018/capEC2AMAZ-O4EL3NG-172.31.66.35.pcap,01_pcap/Friday-16-02-2018/Friday-16-02-2018_167.pcap
Friday-16-02-2018,capEC2AMAZ-O4EL3NG-172.31.66.37.pcap,Friday-16-02-2018_168.pcap,01_pcap/Friday-16-02-2018/capEC2AMAZ-O4EL3NG-172.31.66.37.pcap,01_pcap/Friday-16-02-2018/Friday-16-02-2018_168.pcap
Friday-16-02-2018,capEC2AMAZ-O4EL3NG-172.31.66.38.pcap,Friday-16-02-2018_169.pcap,01_pcap/Friday-16-02-2018/capEC2AMAZ-O4EL3NG-172.31.66.38.pcap,01_pcap/Friday-16-02-2018/Friday-16-02-2018_169.pcap
Friday-16-02-2018,capEC2AMAZ-O4EL3NG-172.31.66.40.pcap,Friday-16-02-2018_170.pcap,01_pcap/Friday-16-02-2018/capEC2AMAZ-O4EL3NG-172.31.66.40.pcap,01_pcap/Friday-16-02-2018/Friday-16-02-2018_170.pcap
Friday-16-02-2018,capEC2AMAZ-O4EL3NG-172.31.66.44.pcap,Friday-16-02-2018_171.pcap,01_pcap/Friday-16-02-2018/capEC2AMAZ-O4EL3NG-172.31.66.44.pcap,01_pcap/Friday-16-02-2018/Friday-16-02-2018_171.pcap
Friday-16-02-2018,capEC2AMAZ-O4EL3NG-172.31.66.48.pcap,Friday-16-02-2018_172.pcap,01_pcap/Friday-16-02-2018/capEC2AMAZ-O4EL3NG-172.31.66.48.pcap,01_pcap/Friday-16-02-2018/Friday-16-02-2018_172.pcap
Friday-16-02-2018,capEC2AMAZ-O4EL3NG-172.31.66.50.pcap,Friday-16-02-2018_173.pcap,01_pcap/Friday-16-02-2018/capEC2AMAZ-O4EL3NG-172.31.66.50.pcap,01_pcap/Friday-16-02-2018/Friday-16-02-2018_173.pcap
Friday-16-02-2018,capEC2AMAZ-O4EL3NG-172.31.66.51.pcap,Friday-16-02-2018_174.pcap,01_pcap/Friday-16-02-2018/capEC2AMAZ-O4EL3NG-172.31.66.51.pcap,01_pcap/Friday-16-02-2018/Friday-16-02-2018_174.pcap
Friday-16-02-2018,capEC2AMAZ-O4EL3NG-172.31.66.55.pcap,Friday-16-02-2018_175.pcap,01_pcap/Friday-16-02-2018/capEC2AMAZ-O4EL3NG-172.31.66.55.pcap,01_pcap/Friday-16-02-2018/Friday-16-02-2018_175.pcap
Friday-16-02-2018,capEC2AMAZ-O4EL3NG-172.31.66.56.pcap,Friday-16-02-2018_176.pcap,01_pcap/Friday-16-02-2018/capEC2AMAZ-O4EL3NG-172.31.66.56.pcap,01_pcap/Friday-16-02-2018/Friday-16-02-2018_176.pcap
Friday-16-02-2018,capEC2AMAZ-O4EL3NG-172.31.66.57.pcap,Friday-16-02-2018_177.pcap,01_pcap/Friday-16-02-2018/capEC2AMAZ-O4EL3NG-172.31.66.57.pcap,01_pcap/Friday-16-02-2018/Friday-16-02-2018_177.pcap
Friday-16-02-2018,capEC2AMAZ-O4EL3NG-172.31.66.60.pcap,Friday-16-02-2018_178.pcap,01_pcap/Friday-16-02-2018/capEC2AMAZ-O4EL3NG-172.31.66.60.pcap,01_pcap/Friday-16-02-2018/Friday-16-02-2018_178.pcap
Friday-16-02-2018,capEC2AMAZ-O4EL3NG-172.31.66.61.pcap,Friday-16-02-2018_179.pcap,01_pcap/Friday-16-02-2018/capEC2AMAZ-O4EL3NG-172.31.66.61.pcap,01_pcap/Friday-16-02-2018/Friday-16-02-2018_179.pcap
Friday-16-02-2018,capEC2AMAZ-O4EL3NG-172.31.66.64.pcap,Friday-16-02-2018_180.pcap,01_pcap/Friday-16-02-2018/capEC2AMAZ-O4EL3NG-172.31.66.64.pcap,01_pcap/Friday-16-02-2018/Friday-16-02-2018_180.pcap
Friday-16-02-2018,capEC2AMAZ-O4EL3NG-172.31.66.65.pcap,Friday-16-02-2018_181.pcap,01_pcap/Friday-16-02-2018/capEC2AMAZ-O4EL3NG-172.31.66.65.pcap,01_pcap/Friday-16-02-2018/Friday-16-02-2018_181.pcap
Friday-16-02-2018,capEC2AMAZ-O4EL3NG-172.31.66.66.pcap,Friday-16-02-2018_182.pcap,01_pcap/Friday-16-02-2018/capEC2AMAZ-O4EL3NG-172.31.66.66.pcap,01_pcap/Friday-16-02-2018/Friday-16-02-2018_182.pcap
Friday-16-02-2018,capEC2AMAZ-O4EL3NG-172.31.66.68.pcap,Friday-16-02-2018_183.pcap,01_pcap/Friday-16-02-2018/capEC2AMAZ-O4EL3NG-172.31.66.68.pcap,01_pcap/Friday-16-02-2018/Friday-16-02-2018_183.pcap
Friday-16-02-2018,capEC2AMAZ-O4EL3NG-172.31.66.70.pcap,Friday-16-02-2018_184.pcap,01_pcap/Friday-16-02-2018/capEC2AMAZ-O4EL3NG-172.31.66.70.pcap,01_pcap/Friday-16-02-2018/Friday-16-02-2018_184.pcap
Friday-16-02-2018,capEC2AMAZ-O4EL3NG-172.31.66.71.pcap,Friday-16-02-2018_185.pcap,01_pcap/Friday-16-02-2018/capEC2AMAZ-O4EL3NG-172.31.66.71.pcap,01_pcap/Friday-16-02-2018/Friday-16-02-2018_185.pcap
Friday-16-02-2018,capEC2AMAZ-O4EL3NG-172.31.66.73.pcap,Friday-16-02-2018_186.pcap,01_pcap/Friday-16-02-2018/capEC2AMAZ-O4EL3NG-172.31.66.73.pcap,01_pcap/Friday-16-02-2018/Friday-16-02-2018_186.pcap
Friday-16-02-2018,capEC2AMAZ-O4EL3NG-172.31.66.74.pcap,Friday-16-02-2018_187.pcap,01_pcap/Friday-16-02-2018/capEC2AMAZ-O4EL3NG-172.31.66.74.pcap,01_pcap/Friday-16-02-2018/Friday-16-02-2018_187.pcap
Friday-16-02-2018,capEC2AMAZ-O4EL3NG-172.31.66.75.pcap,Friday-16-02-2018_188.pcap,01_pcap/Friday-16-02-2018/capEC2AMAZ-O4EL3NG-172.31.66.75.pcap,01_pcap/Friday-16-02-2018/Friday-16-02-2018_188.pcap
Friday-16-02-2018,capEC2AMAZ-O4EL3NG-172.31.66.77.pcap,Friday-16-02-2018_189.pcap,01_pcap/Friday-16-02-2018/capEC2AMAZ-O4EL3NG-172.31.66.77.pcap,01_pcap/Friday-16-02-2018/Friday-16-02-2018_189.pcap
Friday-16-02-2018,capEC2AMAZ-O4EL3NG-172.31.66.78.pcap,Friday-16-02-2018_190.pcap,01_pcap/Friday-16-02-2018/capEC2AMAZ-O4EL3NG-172.31.66.78.pcap,01_pcap/Friday-16-02-2018/Friday-16-02-2018_190.pcap
Friday-16-02-2018,capEC2AMAZ-O4EL3NG-172.31.66.80.pcap,Friday-16-02-2018_191.pcap,01_pcap/Friday-16-02-2018/capEC2AMAZ-O4EL3NG-172.31.66.80.pcap,01_pcap/Friday-16-02-2018/Friday-16-02-2018_191.pcap
Friday-16-02-2018,capEC2AMAZ-O4EL3NG-172.31.66.81.pcap,Friday-16-02-2018_192.pcap,01_pcap/Friday-16-02-2018/capEC2AMAZ-O4EL3NG-172.31.66.81.pcap,01_pcap/Friday-16-02-2018/Friday-16-02-2018_192.pcap
Friday-16-02-2018,capEC2AMAZ-O4EL3NG-172.31.66.84.pcap,Friday-16-02-2018_193.pcap,01_pcap/Friday-16-02-2018/capEC2AMAZ-O4EL3NG-172.31.66.84.pcap,01_pcap/Friday-16-02-2018/Friday-16-02-2018_193.pcap
Friday-16-02-2018,capEC2AMAZ-O4EL3NG-172.31.66.86.pcap,Friday-16-02-2018_194.pcap,01_pcap/Friday-16-02-2018/capEC2AMAZ-O4EL3NG-172.31.66.86.pcap,01_pcap/Friday-16-02-2018/Friday-16-02-2018_194.pcap
Friday-16-02-2018,capEC2AMAZ-O4EL3NG-172.31.66.87.pcap,Friday-16-02-2018_195.pcap,01_pcap/Friday-16-02-2018/capEC2AMAZ-O4EL3NG-172.31.66.87.pcap,01_pcap/Friday-16-02-2018/Friday-16-02-2018_195.pcap
Friday-16-02-2018,capEC2AMAZ-O4EL3NG-172.31.66.91.pcap,Friday-16-02-2018_196.pcap,01_pcap/Friday-16-02-2018/capEC2AMAZ-O4EL3NG-172.31.66.91.pcap,01_pcap/Friday-16-02-2018/Friday-16-02-2018_196.pcap
Friday-16-02-2018,capEC2AMAZ-O4EL3NG-172.31.66.94.pcap,Friday-16-02-2018_197.pcap,01_pcap/Friday-16-02-2018/capEC2AMAZ-O4EL3NG-172.31.66.94.pcap,01_pcap/Friday-16-02-2018/Friday-16-02-2018_197.pcap
Friday-16-02-2018,capEC2AMAZ-O4EL3NG-172.31.66.95.pcap,Friday-16-02-2018_198.pcap,01_pcap/Friday-16-02-2018/capEC2AMAZ-O4EL3NG-172.31.66.95.pcap,01_pcap/Friday-16-02-2018/Friday-16-02-2018_198.pcap
Friday-16-02-2018,capEC2AMAZ-O4EL3NG-172.31.66.97.pcap,Friday-16-02-2018_199.pcap,01_pcap/Friday-16-02-2018/capEC2AMAZ-O4EL3NG-172.31.66.97.pcap,01_pcap/Friday-16-02-2018/Friday-16-02-2018_199.pcap
Friday-16-02-2018,capEC2AMAZ-O4EL3NG-172.31.66.98.pcap,Friday-16-02-2018_200.pcap,01_pcap/Friday-16-02-2018/capEC2AMAZ-O4EL3NG-172.31.66.98.pcap,01_pcap/Friday-16-02-2018/Friday-16-02-2018_200.pcap
Friday-16-02-2018,capEC2AMAZ-O4EL3NG-172.31.66.105.pcap,Friday-16-02-2018_201.pcap,01_pcap/Friday-16-02-2018/capEC2AMAZ-O4EL3NG-172.31.66.105.pcap,01_pcap/Friday-16-02-2018/Friday-16-02-2018_201.pcap
Friday-16-02-2018,capEC2AMAZ-O4EL3NG-172.31.66.107.pcap,Friday-16-02-2018_202.pcap,01_pcap/Friday-16-02-2018/capEC2AMAZ-O4EL3NG-172.31.66.107.pcap,01_pcap/Friday-16-02-2018/Friday-16-02-2018_202.pcap
Friday-16-02-2018,capEC2AMAZ-O4EL3NG-172.31.66.108.pcap,Friday-16-02-2018_203.pcap,01_pcap/Friday-16-02-2018/capEC2AMAZ-O4EL3NG-172.31.66.108.pcap,01_pcap/Friday-16-02-2018/Friday-16-02-2018_203.pcap
Friday-16-02-2018,capEC2AMAZ-O4EL3NG-172.31.66.109.pcap,Friday-16-02-2018_204.pcap,01_pcap/Friday-16-02-2018/capEC2AMAZ-O4EL3NG-172.31.66.109.pcap,01_pcap/Friday-16-02-2018/Friday-16-02-2018_204.pcap
Friday-16-02-2018,capEC2AMAZ-O4EL3NG-172.31.66.116.pcap,Friday-16-02-2018_205.pcap,01_pcap/Friday-16-02-2018/capEC2AMAZ-O4EL3NG-172.31.66.116.pcap,01_pcap/Friday-16-02-2018/Friday-16-02-2018_205.pcap
Friday-16-02-2018,capEC2AMAZ-O4EL3NG-172.31.66.119.pcap,Friday-16-02-2018_206.pcap,01_pcap/Friday-16-02-2018/capEC2AMAZ-O4EL3NG-172.31.66.119.pcap,01_pcap/Friday-16-02-2018/Friday-16-02-2018_206.pcap
Friday-16-02-2018,capEC2AMAZ-O4EL3NG-172.31.66.122.pcap,Friday-16-02-2018_207.pcap,01_pcap/Friday-16-02-2018/capEC2AMAZ-O4EL3NG-172.31.66.122.pcap,01_pcap/Friday-16-02-2018/Friday-16-02-2018_207.pcap
Friday-16-02-2018,capEC2AMAZ-O4EL3NG-172.31.66.124.pcap,Friday-16-02-2018_208.pcap,01_pcap/Friday-16-02-2018/capEC2AMAZ-O4EL3NG-172.31.66.124.pcap,01_pcap/Friday-16-02-2018/Friday-16-02-2018_208.pcap
Friday-16-02-2018,capEC2AMAZ-O4EL3NG-172.31.67.6.pcap,Friday-16-02-2018_209.pcap,01_pcap/Friday-16-02-2018/capEC2AMAZ-O4EL3NG-172.31.67.6.pcap,01_pcap/Friday-16-02-2018/Friday-16-02-2018_209.pcap
Friday-16-02-2018,capEC2AMAZ-O4EL3NG-172.31.67.7.pcap,Friday-16-02-2018_210.pcap,01_pcap/Friday-16-02-2018/capEC2AMAZ-O4EL3NG-172.31.67.7.pcap,01_pcap/Friday-16-02-2018/Friday-16-02-2018_210.pcap
Friday-16-02-2018,capEC2AMAZ-O4EL3NG-172.31.67.12.pcap,Friday-16-02-2018_211.pcap,01_pcap/Friday-16-02-2018/capEC2AMAZ-O4EL3NG-172.31.67.12.pcap,01_pcap/Friday-16-02-2018/Friday-16-02-2018_211.pcap
Friday-16-02-2018,capEC2AMAZ-O4EL3NG-172.31.67.16.pcap,Friday-16-02-2018_212.pcap,01_pcap/Friday-16-02-2018/capEC2AMAZ-O4EL3NG-172.31.67.16.pcap,01_pcap/Friday-16-02-2018/Friday-16-02-2018_212.pcap
Friday-16-02-2018,capEC2AMAZ-O4EL3NG-172.31.67.17.pcap,Friday-16-02-2018_213.pcap,01_pcap/Friday-16-02-2018/capEC2AMAZ-O4EL3NG-172.31.67.17.pcap,01_pcap/Friday-16-02-2018/Friday-16-02-2018_213.pcap
Friday-16-02-2018,capEC2AMAZ-O4EL3NG-172.31.67.18.pcap,Friday-16-02-2018_214.pcap,01_pcap/Friday-16-02-2018/capEC2AMAZ-O4EL3NG-172.31.67.18.pcap,01_pcap/Friday-16-02-2018/Friday-16-02-2018_214.pcap
Friday-16-02-2018,capEC2AMAZ-O4EL3NG-172.31.67.20.pcap,Friday-16-02-2018_215.pcap,01_pcap/Friday-16-02-2018/capEC2AMAZ-O4EL3NG-172.31.67.20.pcap,01_pcap/Friday-16-02-2018/Friday-16-02-2018_215.pcap
Friday-16-02-2018,capEC2AMAZ-O4EL3NG-172.31.67.24.pcap,Friday-16-02-2018_216.pcap,01_pcap/Friday-16-02-2018/capEC2AMAZ-O4EL3NG-172.31.67.24.pcap,01_pcap/Friday-16-02-2018/Friday-16-02-2018_216.pcap
Friday-16-02-2018,capEC2AMAZ-O4EL3NG-172.31.67.29.pcap,Friday-16-02-2018_217.pcap,01_pcap/Friday-16-02-2018/capEC2AMAZ-O4EL3NG-172.31.67.29.pcap,01_pcap/Friday-16-02-2018/Friday-16-02-2018_217.pcap
Friday-16-02-2018,capEC2AMAZ-O4EL3NG-172.31.67.31.pcap,Friday-16-02-2018_218.pcap,01_pcap/Friday-16-02-2018/capEC2AMAZ-O4EL3NG-172.31.67.31.pcap,01_pcap/Friday-16-02-2018/Friday-16-02-2018_218.pcap
Friday-16-02-2018,capEC2AMAZ-O4EL3NG-172.31.67.37.pcap,Friday-16-02-2018_219.pcap,01_pcap/Friday-16-02-2018/capEC2AMAZ-O4EL3NG-172.31.67.37.pcap,01_pcap/Friday-16-02-2018/Friday-16-02-2018_219.pcap
Friday-16-02-2018,capEC2AMAZ-O4EL3NG-172.31.67.38.pcap,Friday-16-02-2018_220.pcap,01_pcap/Friday-16-02-2018/capEC2AMAZ-O4EL3NG-172.31.67.38.pcap,01_pcap/Friday-16-02-2018/Friday-16-02-2018_220.pcap
Friday-16-02-2018,capEC2AMAZ-O4EL3NG-172.31.67.42.pcap,Friday-16-02-2018_221.pcap,01_pcap/Friday-16-02-2018/capEC2AMAZ-O4EL3NG-172.31.67.42.pcap,01_pcap/Friday-16-02-2018/Friday-16-02-2018_221.pcap
Friday-16-02-2018,capEC2AMAZ-O4EL3NG-172.31.67.45.pcap,Friday-16-02-2018_222.pcap,01_pcap/Friday-16-02-2018/capEC2AMAZ-O4EL3NG-172.31.67.45.pcap,01_pcap/Friday-16-02-2018/Friday-16-02-2018_222.pcap
Friday-16-02-2018,capEC2AMAZ-O4EL3NG-172.31.67.47.pcap,Friday-16-02-2018_223.pcap,01_pcap/Friday-16-02-2018/capEC2AMAZ-O4EL3NG-172.31.67.47.pcap,01_pcap/Friday-16-02-2018/Friday-16-02-2018_223.pcap
Friday-16-02-2018,capEC2AMAZ-O4EL3NG-172.31.67.48.pcap,Friday-16-02-2018_224.pcap,01_pcap/Friday-16-02-2018/capEC2AMAZ-O4EL3NG-172.31.67.48.pcap,01_pcap/Friday-16-02-2018/Friday-16-02-2018_224.pcap
Friday-16-02-2018,capEC2AMAZ-O4EL3NG-172.31.67.52.pcap,Friday-16-02-2018_225.pcap,01_pcap/Friday-16-02-2018/capEC2AMAZ-O4EL3NG-172.31.67.52.pcap,01_pcap/Friday-16-02-2018/Friday-16-02-2018_225.pcap
Friday-16-02-2018,capEC2AMAZ-O4EL3NG-172.31.67.53.pcap,Friday-16-02-2018_226.pcap,01_pcap/Friday-16-02-2018/capEC2AMAZ-O4EL3NG-172.31.67.53.pcap,01_pcap/Friday-16-02-2018/Friday-16-02-2018_226.pcap
Friday-16-02-2018,capEC2AMAZ-O4EL3NG-172.31.67.57.pcap,Friday-16-02-2018_227.pcap,01_pcap/Friday-16-02-2018/capEC2AMAZ-O4EL3NG-172.31.67.57.pcap,01_pcap/Friday-16-02-2018/Friday-16-02-2018_227.pcap
Friday-16-02-2018,capEC2AMAZ-O4EL3NG-172.31.67.58.pcap,Friday-16-02-2018_228.pcap,01_pcap/Friday-16-02-2018/capEC2AMAZ-O4EL3NG-172.31.67.58.pcap,01_pcap/Friday-16-02-2018/Friday-16-02-2018_228.pcap
Friday-16-02-2018,capEC2AMAZ-O4EL3NG-172.31.67.60.pcap,Friday-16-02-2018_229.pcap,01_pcap/Friday-16-02-2018/capEC2AMAZ-O4EL3NG-172.31.67.60.pcap,01_pcap/Friday-16-02-2018/Friday-16-02-2018_229.pcap
Friday-16-02-2018,capEC2AMAZ-O4EL3NG-172.31.67.61.pcap,Friday-16-02-2018_230.pcap,01_pcap/Friday-16-02-2018/capEC2AMAZ-O4EL3NG-172.31.67.61.pcap,01_pcap/Friday-16-02-2018/Friday-16-02-2018_230.pcap
Friday-16-02-2018,capEC2AMAZ-O4EL3NG-172.31.67.64.pcap,Friday-16-02-2018_231.pcap,01_pcap/Friday-16-02-2018/capEC2AMAZ-O4EL3NG-172.31.67.64.pcap,01_pcap/Friday-16-02-2018/Friday-16-02-2018_231.pcap
Friday-16-02-2018,capEC2AMAZ-O4EL3NG-172.31.67.66.pcap,Friday-16-02-2018_232.pcap,01_pcap/Friday-16-02-2018/capEC2AMAZ-O4EL3NG-172.31.67.66.pcap,01_pcap/Friday-16-02-2018/Friday-16-02-2018_232.pcap
Friday-16-02-2018,capEC2AMAZ-O4EL3NG-172.31.67.67.pcap,Friday-16-02-2018_233.pcap,01_pcap/Friday-16-02-2018/capEC2AMAZ-O4EL3NG-172.31.67.67.pcap,01_pcap/Friday-16-02-2018/Friday-16-02-2018_233.pcap
Friday-16-02-2018,capEC2AMAZ-O4EL3NG-172.31.67.73.pcap,Friday-16-02-2018_234.pcap,01_pcap/Friday-16-02-2018/capEC2AMAZ-O4EL3NG-172.31.67.73.pcap,01_pcap/Friday-16-02-2018/Friday-16-02-2018_234.pcap
Friday-16-02-2018,capEC2AMAZ-O4EL3NG-172.31.67.75.pcap,Friday-16-02-2018_235.pcap,01_pcap/Friday-16-02-2018/capEC2AMAZ-O4EL3NG-172.31.67.75.pcap,01_pcap/Friday-16-02-2018/Friday-16-02-2018_235.pcap
Friday-16-02-2018,capEC2AMAZ-O4EL3NG-172.31.67.77.pcap,Friday-16-02-2018_236.pcap,01_pcap/Friday-16-02-2018/capEC2AMAZ-O4EL3NG-172.31.67.77.pcap,01_pcap/Friday-16-02-2018/Friday-16-02-2018_236.pcap
Friday-16-02-2018,capEC2AMAZ-O4EL3NG-172.31.67.91.pcap,Friday-16-02-2018_237.pcap,01_pcap/Friday-16-02-2018/capEC2AMAZ-O4EL3NG-172.31.67.91.pcap,01_pcap/Friday-16-02-2018/Friday-16-02-2018_237.pcap
Friday-16-02-2018,capEC2AMAZ-O4EL3NG-172.31.67.92.pcap,Friday-16-02-2018_238.pcap,01_pcap/Friday-16-02-2018/capEC2AMAZ-O4EL3NG-172.31.67.92.pcap,01_pcap/Friday-16-02-2018/Friday-16-02-2018_238.pcap
Friday-16-02-2018,capEC2AMAZ-O4EL3NG-172.31.67.96.pcap,Friday-16-02-2018_239.pcap,01_pcap/Friday-16-02-2018/capEC2AMAZ-O4EL3NG-172.31.67.96.pcap,01_pcap/Friday-16-02-2018/Friday-16-02-2018_239.pcap
Friday-16-02-2018,capEC2AMAZ-O4EL3NG-172.31.67.99.pcap,Friday-16-02-2018_240.pcap,01_pcap/Friday-16-02-2018/capEC2AMAZ-O4EL3NG-172.31.67.99.pcap,01_pcap/Friday-16-02-2018/Friday-16-02-2018_240.pcap
Friday-16-02-2018,capEC2AMAZ-O4EL3NG-172.31.67.100.pcap,Friday-16-02-2018_241.pcap,01_pcap/Friday-16-02-2018/capEC2AMAZ-O4EL3NG-172.31.67.100.pcap,01_pcap/Friday-16-02-2018/Friday-16-02-2018_241.pcap
Friday-16-02-2018,capEC2AMAZ-O4EL3NG-172.31.67.115.pcap,Friday-16-02-2018_242.pcap,01_pcap/Friday-16-02-2018/capEC2AMAZ-O4EL3NG-172.31.67.115.pcap,01_pcap/Friday-16-02-2018/Friday-16-02-2018_242.pcap
Friday-16-02-2018,capEC2AMAZ-O4EL3NG-172.31.67.117.pcap,Friday-16-02-2018_243.pcap,01_pcap/Friday-16-02-2018/capEC2AMAZ-O4EL3NG-172.31.67.117.pcap,01_pcap/Friday-16-02-2018/Friday-16-02-2018_243.pcap
Friday-16-02-2018,capEC2AMAZ-O4EL3NG-172.31.67.120.pcap,Friday-16-02-2018_244.pcap,01_pcap/Friday-16-02-2018/capEC2AMAZ-O4EL3NG-172.31.67.120.pcap,01_pcap/Friday-16-02-2018/Friday-16-02-2018_244.pcap
Friday-16-02-2018,capEC2AMAZ-O4EL3NG-172.31.67.126.pcap,Friday-16-02-2018_245.pcap,01_pcap/Friday-16-02-2018/capEC2AMAZ-O4EL3NG-172.31.67.126.pcap,01_pcap/Friday-16-02-2018/Friday-16-02-2018_245.pcap
Friday-16-02-2018,capEC2AMAZ-O4EL3NG-172.31.68.4.pcap,Friday-16-02-2018_246.pcap,01_pcap/Friday-16-02-2018/capEC2AMAZ-O4EL3NG-172.31.68.4.pcap,01_pcap/Friday-16-02-2018/Friday-16-02-2018_246.pcap
Friday-16-02-2018,capEC2AMAZ-O4EL3NG-172.31.68.5.pcap,Friday-16-02-2018_247.pcap,01_pcap/Friday-16-02-2018/capEC2AMAZ-O4EL3NG-172.31.68.5.pcap,01_pcap/Friday-16-02-2018/Friday-16-02-2018_247.pcap
Friday-16-02-2018,capEC2AMAZ-O4EL3NG-172.31.68.6.pcap,Friday-16-02-2018_248.pcap,01_pcap/Friday-16-02-2018/capEC2AMAZ-O4EL3NG-172.31.68.6.pcap,01_pcap/Friday-16-02-2018/Friday-16-02-2018_248.pcap
Friday-16-02-2018,capEC2AMAZ-O4EL3NG-172.31.68.8.pcap,Friday-16-02-2018_249.pcap,01_pcap/Friday-16-02-2018/capEC2AMAZ-O4EL3NG-172.31.68.8.pcap,01_pcap/Friday-16-02-2018/Friday-16-02-2018_249.pcap
Friday-16-02-2018,capEC2AMAZ-O4EL3NG-172.31.68.9.pcap,Friday-16-02-2018_250.pcap,01_pcap/Friday-16-02-2018/capEC2AMAZ-O4EL3NG-172.31.68.9.pcap,01_pcap/Friday-16-02-2018/Friday-16-02-2018_250.pcap
Friday-16-02-2018,capEC2AMAZ-O4EL3NG-172.31.68.10.pcap,Friday-16-02-2018_251.pcap,01_pcap/Friday-16-02-2018/capEC2AMAZ-O4EL3NG-172.31.68.10.pcap,01_pcap/Friday-16-02-2018/Friday-16-02-2018_251.pcap
Friday-16-02-2018,capEC2AMAZ-O4EL3NG-172.31.68.11.pcap,Friday-16-02-2018_252.pcap,01_pcap/Friday-16-02-2018/capEC2AMAZ-O4EL3NG-172.31.68.11.pcap,01_pcap/Friday-16-02-2018/Friday-16-02-2018_252.pcap
Friday-16-02-2018,capEC2AMAZ-O4EL3NG-172.31.68.12.pcap,Friday-16-02-2018_253.pcap,01_pcap/Friday-16-02-2018/capEC2AMAZ-O4EL3NG-172.31.68.12.pcap,01_pcap/Friday-16-02-2018/Friday-16-02-2018_253.pcap
Friday-16-02-2018,capEC2AMAZ-O4EL3NG-172.31.68.13.pcap,Friday-16-02-2018_254.pcap,01_pcap/Friday-16-02-2018/capEC2AMAZ-O4EL3NG-172.31.68.13.pcap,01_pcap/Friday-16-02-2018/Friday-16-02-2018_254.pcap
Friday-16-02-2018,capEC2AMAZ-O4EL3NG-172.31.68.14.pcap,Friday-16-02-2018_255.pcap,01_pcap/Friday-16-02-2018/capEC2AMAZ-O4EL3NG-172.31.68.14.pcap,01_pcap/Friday-16-02-2018/Friday-16-02-2018_255.pcap
Friday-16-02-2018,capEC2AMAZ-O4EL3NG-172.31.68.15.pcap,Friday-16-02-2018_256.pcap,01_pcap/Friday-16-02-2018/capEC2AMAZ-O4EL3NG-172.31.68.15.pcap,01_pcap/Friday-16-02-2018/Friday-16-02-2018_256.pcap
Friday-16-02-2018,capEC2AMAZ-O4EL3NG-172.31.68.18.pcap,Friday-16-02-2018_257.pcap,01_pcap/Friday-16-02-2018/capEC2AMAZ-O4EL3NG-172.31.68.18.pcap,01_pcap/Friday-16-02-2018/Friday-16-02-2018_257.pcap
Friday-16-02-2018,capEC2AMAZ-O4EL3NG-172.31.68.19.pcap,Friday-16-02-2018_258.pcap,01_pcap/Friday-16-02-2018/capEC2AMAZ-O4EL3NG-172.31.68.19.pcap,01_pcap/Friday-16-02-2018/Friday-16-02-2018_258.pcap
Friday-16-02-2018,capEC2AMAZ-O4EL3NG-172.31.68.20.pcap,Friday-16-02-2018_259.pcap,01_pcap/Friday-16-02-2018/capEC2AMAZ-O4EL3NG-172.31.68.20.pcap,01_pcap/Friday-16-02-2018/Friday-16-02-2018_259.pcap
Friday-16-02-2018,capEC2AMAZ-O4EL3NG-172.31.68.21.pcap,Friday-16-02-2018_260.pcap,01_pcap/Friday-16-02-2018/capEC2AMAZ-O4EL3NG-172.31.68.21.pcap,01_pcap/Friday-16-02-2018/Friday-16-02-2018_260.pcap
Friday-16-02-2018,capEC2AMAZ-O4EL3NG-172.31.68.23.pcap,Friday-16-02-2018_261.pcap,01_pcap/Friday-16-02-2018/capEC2AMAZ-O4EL3NG-172.31.68.23.pcap,01_pcap/Friday-16-02-2018/Friday-16-02-2018_261.pcap
Friday-16-02-2018,capEC2AMAZ-O4EL3NG-172.31.68.25.pcap,Friday-16-02-2018_262.pcap,01_pcap/Friday-16-02-2018/capEC2AMAZ-O4EL3NG-172.31.68.25.pcap,01_pcap/Friday-16-02-2018/Friday-16-02-2018_262.pcap
Friday-16-02-2018,capEC2AMAZ-O4EL3NG-172.31.68.26.pcap,Friday-16-02-2018_263.pcap,01_pcap/Friday-16-02-2018/capEC2AMAZ-O4EL3NG-172.31.68.26.pcap,01_pcap/Friday-16-02-2018/Friday-16-02-2018_263.pcap
Friday-16-02-2018,capEC2AMAZ-O4EL3NG-172.31.68.28.pcap,Friday-16-02-2018_264.pcap,01_pcap/Friday-16-02-2018/capEC2AMAZ-O4EL3NG-172.31.68.28.pcap,01_pcap/Friday-16-02-2018/Friday-16-02-2018_264.pcap
Friday-16-02-2018,capEC2AMAZ-O4EL3NG-172.31.68.30.pcap,Friday-16-02-2018_265.pcap,01_pcap/Friday-16-02-2018/capEC2AMAZ-O4EL3NG-172.31.68.30.pcap,01_pcap/Friday-16-02-2018/Friday-16-02-2018_265.pcap
Friday-16-02-2018,capEC2AMAZ-O4EL3NG-172.31.69.4.pcap,Friday-16-02-2018_266.pcap,01_pcap/Friday-16-02-2018/capEC2AMAZ-O4EL3NG-172.31.69.4.pcap,01_pcap/Friday-16-02-2018/Friday-16-02-2018_266.pcap
Friday-16-02-2018,capEC2AMAZ-O4EL3NG-172.31.69.5.pcap,Friday-16-02-2018_267.pcap,01_pcap/Friday-16-02-2018/capEC2AMAZ-O4EL3NG-172.31.69.5.pcap,01_pcap/Friday-16-02-2018/Friday-16-02-2018_267.pcap
Friday-16-02-2018,capEC2AMAZ-O4EL3NG-172.31.69.6.pcap,Friday-16-02-2018_268.pcap,01_pcap/Friday-16-02-2018/capEC2AMAZ-O4EL3NG-172.31.69.6.pcap,01_pcap/Friday-16-02-2018/Friday-16-02-2018_268.pcap
Friday-16-02-2018,capEC2AMAZ-O4EL3NG-172.31.69.8.pcap,Friday-16-02-2018_269.pcap,01_pcap/Friday-16-02-2018/capEC2AMAZ-O4EL3NG-172.31.69.8.pcap,01_pcap/Friday-16-02-2018/Friday-16-02-2018_269.pcap
Friday-16-02-2018,capEC2AMAZ-O4EL3NG-172.31.69.9.pcap,Friday-16-02-2018_270.pcap,01_pcap/Friday-16-02-2018/capEC2AMAZ-O4EL3NG-172.31.69.9.pcap,01_pcap/Friday-16-02-2018/Friday-16-02-2018_270.pcap
Friday-16-02-2018,capEC2AMAZ-O4EL3NG-172.31.69.10.pcap,Friday-16-02-2018_271.pcap,01_pcap/Friday-16-02-2018/capEC2AMAZ-O4EL3NG-172.31.69.10.pcap,01_pcap/Friday-16-02-2018/Friday-16-02-2018_271.pcap
Friday-16-02-2018,capEC2AMAZ-O4EL3NG-172.31.69.11.pcap,Friday-16-02-2018_272.pcap,01_pcap/Friday-16-02-2018/capEC2AMAZ-O4EL3NG-172.31.69.11.pcap,01_pcap/Friday-16-02-2018/Friday-16-02-2018_272.pcap
Friday-16-02-2018,capEC2AMAZ-O4EL3NG-172.31.69.12.pcap,Friday-16-02-2018_273.pcap,01_pcap/Friday-16-02-2018/capEC2AMAZ-O4EL3NG-172.31.69.12.pcap,01_pcap/Friday-16-02-2018/Friday-16-02-2018_273.pcap
Friday-16-02-2018,capEC2AMAZ-O4EL3NG-172.31.69.13.pcap,Friday-16-02-2018_274.pcap,01_pcap/Friday-16-02-2018/capEC2AMAZ-O4EL3NG-172.31.69.13.pcap,01_pcap/Friday-16-02-2018/Friday-16-02-2018_274.pcap
Friday-16-02-2018,capEC2AMAZ-O4EL3NG-172.31.69.14.pcap,Friday-16-02-2018_275.pcap,01_pcap/Friday-16-02-2018/capEC2AMAZ-O4EL3NG-172.31.69.14.pcap,01_pcap/Friday-16-02-2018/Friday-16-02-2018_275.pcap
Friday-16-02-2018,capEC2AMAZ-O4EL3NG-172.31.69.16.pcap,Friday-16-02-2018_276.pcap,01_pcap/Friday-16-02-2018/capEC2AMAZ-O4EL3NG-172.31.69.16.pcap,01_pcap/Friday-16-02-2018/Friday-16-02-2018_276.pcap
Friday-16-02-2018,capEC2AMAZ-O4EL3NG-172.31.69.17.pcap,Friday-16-02-2018_277.pcap,01_pcap/Friday-16-02-2018/capEC2AMAZ-O4EL3NG-172.31.69.17.pcap,01_pcap/Friday-16-02-2018/Friday-16-02-2018_277.pcap
Friday-16-02-2018,capEC2AMAZ-O4EL3NG-172.31.69.19.pcap,Friday-16-02-2018_278.pcap,01_pcap/Friday-16-02-2018/capEC2AMAZ-O4EL3NG-172.31.69.19.pcap,01_pcap/Friday-16-02-2018/Friday-16-02-2018_278.pcap
Friday-16-02-2018,capEC2AMAZ-O4EL3NG-172.31.69.20.pcap,Friday-16-02-2018_279.pcap,01_pcap/Friday-16-02-2018/capEC2AMAZ-O4EL3NG-172.31.69.20.pcap,01_pcap/Friday-16-02-2018/Friday-16-02-2018_279.pcap
Friday-16-02-2018,capEC2AMAZ-O4EL3NG-172.31.69.23.pcap,Friday-16-02-2018_280.pcap,01_pcap/Friday-16-02-2018/capEC2AMAZ-O4EL3NG-172.31.69.23.pcap,01_pcap/Friday-16-02-2018/Friday-16-02-2018_280.pcap
Friday-16-02-2018,capEC2AMAZ-O4EL3NG-172.31.69.24.pcap,Friday-16-02-2018_281.pcap,01_pcap/Friday-16-02-2018/capEC2AMAZ-O4EL3NG-172.31.69.24.pcap,01_pcap/Friday-16-02-2018/Friday-16-02-2018_281.pcap
Friday-16-02-2018,capEC2AMAZ-O4EL3NG-172.31.69.26.pcap,Friday-16-02-2018_282.pcap,01_pcap/Friday-16-02-2018/capEC2AMAZ-O4EL3NG-172.31.69.26.pcap,01_pcap/Friday-16-02-2018/Friday-16-02-2018_282.pcap
Friday-16-02-2018,capEC2AMAZ-O4EL3NG-172.31.69.28.pcap,Friday-16-02-2018_283.pcap,01_pcap/Friday-16-02-2018/capEC2AMAZ-O4EL3NG-172.31.69.28.pcap,01_pcap/Friday-16-02-2018/Friday-16-02-2018_283.pcap
Friday-16-02-2018,capEC2AMAZ-O4EL3NG-172.31.69.29.pcap,Friday-16-02-2018_284.pcap,01_pcap/Friday-16-02-2018/capEC2AMAZ-O4EL3NG-172.31.69.29.pcap,01_pcap/Friday-16-02-2018/Friday-16-02-2018_284.pcap
Friday-16-02-2018,capEC2AMAZ-O4EL3NG-172.31.69.30.pcap,Friday-16-02-2018_285.pcap,01_pcap/Friday-16-02-2018/capEC2AMAZ-O4EL3NG-172.31.69.30.pcap,01_pcap/Friday-16-02-2018/Friday-16-02-2018_285.pcap
Friday-16-02-2018,capPC1-172.31.64.15.pcap,Friday-16-02-2018_286.pcap,01_pcap/Friday-16-02-2018/capPC1-172.31.64.15.pcap,01_pcap/Friday-16-02-2018/Friday-16-02-2018_286.pcap
Friday-16-02-2018,capPC1-172.31.64.18.pcap,Friday-16-02-2018_287.pcap,01_pcap/Friday-16-02-2018/capPC1-172.31.64.18.pcap,01_pcap/Friday-16-02-2018/Friday-16-02-2018_287.pcap
Friday-16-02-2018,capPC1-172.31.64.21.pcap,Friday-16-02-2018_288.pcap,01_pcap/Friday-16-02-2018/capPC1-172.31.64.21.pcap,01_pcap/Friday-16-02-2018/Friday-16-02-2018_288.pcap
Friday-16-02-2018,capPC1-172.31.64.23.pcap,Friday-16-02-2018_289.pcap,01_pcap/Friday-16-02-2018/capPC1-172.31.64.23.pcap,01_pcap/Friday-16-02-2018/Friday-16-02-2018_289.pcap
Friday-16-02-2018,capPC1-172.31.64.31.pcap,Friday-16-02-2018_290.pcap,01_pcap/Friday-16-02-2018/capPC1-172.31.64.31.pcap,01_pcap/Friday-16-02-2018/Friday-16-02-2018_290.pcap
Friday-16-02-2018,capPC1-172.31.64.32.pcap,Friday-16-02-2018_291.pcap,01_pcap/Friday-16-02-2018/capPC1-172.31.64.32.pcap,01_pcap/Friday-16-02-2018/Friday-16-02-2018_291.pcap
Friday-16-02-2018,capPC1-172.31.64.33.pcap,Friday-16-02-2018_292.pcap,01_pcap/Friday-16-02-2018/capPC1-172.31.64.33.pcap,01_pcap/Friday-16-02-2018/Friday-16-02-2018_292.pcap
Friday-16-02-2018,capPC1-172.31.64.34.pcap,Friday-16-02-2018_293.pcap,01_pcap/Friday-16-02-2018/capPC1-172.31.64.34.pcap,01_pcap/Friday-16-02-2018/Friday-16-02-2018_293.pcap
Friday-16-02-2018,capPC1-172.31.64.37.pcap,Friday-16-02-2018_294.pcap,01_pcap/Friday-16-02-2018/capPC1-172.31.64.37.pcap,01_pcap/Friday-16-02-2018/Friday-16-02-2018_294.pcap
Friday-16-02-2018,capPC1-172.31.64.40.pcap,Friday-16-02-2018_295.pcap,01_pcap/Friday-16-02-2018/capPC1-172.31.64.40.pcap,01_pcap/Friday-16-02-2018/Friday-16-02-2018_295.pcap
Friday-16-02-2018,capPC1-172.31.64.41.pcap,Friday-16-02-2018_296.pcap,01_pcap/Friday-16-02-2018/capPC1-172.31.64.41.pcap,01_pcap/Friday-16-02-2018/Friday-16-02-2018_296.pcap
Friday-16-02-2018,capPC1-172.31.64.48.pcap,Friday-16-02-2018_297.pcap,01_pcap/Friday-16-02-2018/capPC1-172.31.64.48.pcap,01_pcap/Friday-16-02-2018/Friday-16-02-2018_297.pcap
Friday-16-02-2018,capPC1-172.31.64.52.pcap,Friday-16-02-2018_298.pcap,01_pcap/Friday-16-02-2018/capPC1-172.31.64.52.pcap,01_pcap/Friday-16-02-2018/Friday-16-02-2018_298.pcap
Friday-16-02-2018,capPC1-172.31.64.64.pcap,Friday-16-02-2018_299.pcap,01_pcap/Friday-16-02-2018/capPC1-172.31.64.64.pcap,01_pcap/Friday-16-02-2018/Friday-16-02-2018_299.pcap
Friday-16-02-2018,capPC1-172.31.64.94.pcap,Friday-16-02-2018_300.pcap,01_pcap/Friday-16-02-2018/capPC1-172.31.64.94.pcap,01_pcap/Friday-16-02-2018/Friday-16-02-2018_300.pcap
Friday-16-02-2018,capPC1-172.31.64.97.pcap,Friday-16-02-2018_301.pcap,01_pcap/Friday-16-02-2018/capPC1-172.31.64.97.pcap,01_pcap/Friday-16-02-2018/Friday-16-02-2018_301.pcap
Friday-16-02-2018,capPC1-172.31.64.106.pcap,Friday-16-02-2018_302.pcap,01_pcap/Friday-16-02-2018/capPC1-172.31.64.106.pcap,01_pcap/Friday-16-02-2018/Friday-16-02-2018_302.pcap
Friday-16-02-2018,capPC1-172.31.64.113.pcap,Friday-16-02-2018_303.pcap,01_pcap/Friday-16-02-2018/capPC1-172.31.64.113.pcap,01_pcap/Friday-16-02-2018/Friday-16-02-2018_303.pcap
Friday-16-02-2018,capPC1-172.31.64.114.pcap,Friday-16-02-2018_304.pcap,01_pcap/Friday-16-02-2018/capPC1-172.31.64.114.pcap,01_pcap/Friday-16-02-2018/Friday-16-02-2018_304.pcap
Friday-16-02-2018,capPC1-172.31.64.116.pcap,Friday-16-02-2018_305.pcap,01_pcap/Friday-16-02-2018/capPC1-172.31.64.116.pcap,01_pcap/Friday-16-02-2018/Friday-16-02-2018_305.pcap
Friday-16-02-2018,capPC1-172.31.64.121.pcap,Friday-16-02-2018_306.pcap,01_pcap/Friday-16-02-2018/capPC1-172.31.64.121.pcap,01_pcap/Friday-16-02-2018/Friday-16-02-2018_306.pcap
Friday-16-02-2018,capPC1-172.31.65.6.pcap,Friday-16-02-2018_307.pcap,01_pcap/Friday-16-02-2018/capPC1-172.31.65.6.pcap,01_pcap/Friday-16-02-2018/Friday-16-02-2018_307.pcap
Friday-16-02-2018,capPC1-172.31.65.13.pcap,Friday-16-02-2018_308.pcap,01_pcap/Friday-16-02-2018/capPC1-172.31.65.13.pcap,01_pcap/Friday-16-02-2018/Friday-16-02-2018_308.pcap
Friday-16-02-2018,capPC1-172.31.65.16.pcap,Friday-16-02-2018_309.pcap,01_pcap/Friday-16-02-2018/capPC1-172.31.65.16.pcap,01_pcap/Friday-16-02-2018/Friday-16-02-2018_309.pcap
Friday-16-02-2018,capPC1-172.31.65.20.pcap,Friday-16-02-2018_310.pcap,01_pcap/Friday-16-02-2018/capPC1-172.31.65.20.pcap,01_pcap/Friday-16-02-2018/Friday-16-02-2018_310.pcap
Friday-16-02-2018,capPC1-172.31.65.25.pcap,Friday-16-02-2018_311.pcap,01_pcap/Friday-16-02-2018/capPC1-172.31.65.25.pcap,01_pcap/Friday-16-02-2018/Friday-16-02-2018_311.pcap
Friday-16-02-2018,capPC1-172.31.65.49.pcap,Friday-16-02-2018_312.pcap,01_pcap/Friday-16-02-2018/capPC1-172.31.65.49.pcap,01_pcap/Friday-16-02-2018/Friday-16-02-2018_312.pcap
Friday-16-02-2018,capPC1-172.31.65.61.pcap,Friday-16-02-2018_313.pcap,01_pcap/Friday-16-02-2018/capPC1-172.31.65.61.pcap,01_pcap/Friday-16-02-2018/Friday-16-02-2018_313.pcap
Friday-16-02-2018,capPC1-172.31.65.67.pcap,Friday-16-02-2018_314.pcap,01_pcap/Friday-16-02-2018/capPC1-172.31.65.67.pcap,01_pcap/Friday-16-02-2018/Friday-16-02-2018_314.pcap
Friday-16-02-2018,capPC1-172.31.65.68.pcap,Friday-16-02-2018_315.pcap,01_pcap/Friday-16-02-2018/capPC1-172.31.65.68.pcap,01_pcap/Friday-16-02-2018/Friday-16-02-2018_315.pcap
Friday-16-02-2018,capPC1-172.31.65.77.pcap,Friday-16-02-2018_316.pcap,01_pcap/Friday-16-02-2018/capPC1-172.31.65.77.pcap,01_pcap/Friday-16-02-2018/Friday-16-02-2018_316.pcap
Friday-16-02-2018,capPC1-172.31.65.79.pcap,Friday-16-02-2018_317.pcap,01_pcap/Friday-16-02-2018/capPC1-172.31.65.79.pcap,01_pcap/Friday-16-02-2018/Friday-16-02-2018_317.pcap
Friday-16-02-2018,capPC1-172.31.65.80.pcap,Friday-16-02-2018_318.pcap,01_pcap/Friday-16-02-2018/capPC1-172.31.65.80.pcap,01_pcap/Friday-16-02-2018/Friday-16-02-2018_318.pcap
Friday-16-02-2018,capPC1-172.31.65.83.pcap,Friday-16-02-2018_319.pcap,01_pcap/Friday-16-02-2018/capPC1-172.31.65.83.pcap,01_pcap/Friday-16-02-2018/Friday-16-02-2018_319.pcap
Friday-16-02-2018,capPC1-172.31.65.100.pcap,Friday-16-02-2018_320.pcap,01_pcap/Friday-16-02-2018/capPC1-172.31.65.100.pcap,01_pcap/Friday-16-02-2018/Friday-16-02-2018_320.pcap
Friday-16-02-2018,capPC1-172.31.65.117.pcap,Friday-16-02-2018_321.pcap,01_pcap/Friday-16-02-2018/capPC1-172.31.65.117.pcap,01_pcap/Friday-16-02-2018/Friday-16-02-2018_321.pcap
Friday-16-02-2018,capPC1-172.31.66.9.pcap,Friday-16-02-2018_322.pcap,01_pcap/Friday-16-02-2018/capPC1-172.31.66.9.pcap,01_pcap/Friday-16-02-2018/Friday-16-02-2018_322.pcap
Friday-16-02-2018,capPC1-172.31.66.10.pcap,Friday-16-02-2018_323.pcap,01_pcap/Friday-16-02-2018/capPC1-172.31.66.10.pcap,01_pcap/Friday-16-02-2018/Friday-16-02-2018_323.pcap
Friday-16-02-2018,capPC1-172.31.66.15.pcap,Friday-16-02-2018_324.pcap,01_pcap/Friday-16-02-2018/capPC1-172.31.66.15.pcap,01_pcap/Friday-16-02-2018/Friday-16-02-2018_324.pcap
Friday-16-02-2018,capPC1-172.31.66.19.pcap,Friday-16-02-2018_325.pcap,01_pcap/Friday-16-02-2018/capPC1-172.31.66.19.pcap,01_pcap/Friday-16-02-2018/Friday-16-02-2018_325.pcap
Friday-16-02-2018,capPC1-172.31.66.24.pcap,Friday-16-02-2018_326.pcap,01_pcap/Friday-16-02-2018/capPC1-172.31.66.24.pcap,01_pcap/Friday-16-02-2018/Friday-16-02-2018_326.pcap
Friday-16-02-2018,capPC1-172.31.66.46.pcap,Friday-16-02-2018_327.pcap,01_pcap/Friday-16-02-2018/capPC1-172.31.66.46.pcap,01_pcap/Friday-16-02-2018/Friday-16-02-2018_327.pcap
Friday-16-02-2018,capPC1-172.31.66.58.pcap,Friday-16-02-2018_328.pcap,01_pcap/Friday-16-02-2018/capPC1-172.31.66.58.pcap,01_pcap/Friday-16-02-2018/Friday-16-02-2018_328.pcap
Friday-16-02-2018,capPC1-172.31.66.69.pcap,Friday-16-02-2018_329.pcap,01_pcap/Friday-16-02-2018/capPC1-172.31.66.69.pcap,01_pcap/Friday-16-02-2018/Friday-16-02-2018_329.pcap
Friday-16-02-2018,capPC1-172.31.66.79.pcap,Friday-16-02-2018_330.pcap,01_pcap/Friday-16-02-2018/capPC1-172.31.66.79.pcap,01_pcap/Friday-16-02-2018/Friday-16-02-2018_330.pcap
Friday-16-02-2018,capPC1-172.31.66.83.pcap,Friday-16-02-2018_331.pcap,01_pcap/Friday-16-02-2018/capPC1-172.31.66.83.pcap,01_pcap/Friday-16-02-2018/Friday-16-02-2018_331.pcap
Friday-16-02-2018,capPC1-172.31.66.90.pcap,Friday-16-02-2018_332.pcap,01_pcap/Friday-16-02-2018/capPC1-172.31.66.90.pcap,01_pcap/Friday-16-02-2018/Friday-16-02-2018_332.pcap
Friday-16-02-2018,capPC1-172.31.66.92.pcap,Friday-16-02-2018_333.pcap,01_pcap/Friday-16-02-2018/capPC1-172.31.66.92.pcap,01_pcap/Friday-16-02-2018/Friday-16-02-2018_333.pcap
Friday-16-02-2018,capPC1-172.31.66.96.pcap,Friday-16-02-2018_334.pcap,01_pcap/Friday-16-02-2018/capPC1-172.31.66.96.pcap,01_pcap/Friday-16-02-2018/Friday-16-02-2018_334.pcap
Friday-16-02-2018,capPC1-172.31.66.99.pcap,Friday-16-02-2018_335.pcap,01_pcap/Friday-16-02-2018/capPC1-172.31.66.99.pcap,01_pcap/Friday-16-02-2018/Friday-16-02-2018_335.pcap
Friday-16-02-2018,capPC1-172.31.66.102.pcap,Friday-16-02-2018_336.pcap,01_pcap/Friday-16-02-2018/capPC1-172.31.66.102.pcap,01_pcap/Friday-16-02-2018/Friday-16-02-2018_336.pcap
Friday-16-02-2018,capPC1-172.31.66.103.pcap,Friday-16-02-2018_337.pcap,01_pcap/Friday-16-02-2018/capPC1-172.31.66.103.pcap,01_pcap/Friday-16-02-2018/Friday-16-02-2018_337.pcap
Friday-16-02-2018,capPC1-172.31.66.110.pcap,Friday-16-02-2018_338.pcap,01_pcap/Friday-16-02-2018/capPC1-172.31.66.110.pcap,01_pcap/Friday-16-02-2018/Friday-16-02-2018_338.pcap
Friday-16-02-2018,capPC1-172.31.66.111.pcap,Friday-16-02-2018_339.pcap,01_pcap/Friday-16-02-2018/capPC1-172.31.66.111.pcap,01_pcap/Friday-16-02-2018/Friday-16-02-2018_339.pcap
Friday-16-02-2018,capPC1-172.31.66.118.pcap,Friday-16-02-2018_340.pcap,01_pcap/Friday-16-02-2018/capPC1-172.31.66.118.pcap,01_pcap/Friday-16-02-2018/Friday-16-02-2018_340.pcap
Friday-16-02-2018,capPC1-172.31.66.121.pcap,Friday-16-02-2018_341.pcap,01_pcap/Friday-16-02-2018/capPC1-172.31.66.121.pcap,01_pcap/Friday-16-02-2018/Friday-16-02-2018_341.pcap
Friday-16-02-2018,capPC1-172.31.67.9.pcap,Friday-16-02-2018_342.pcap,01_pcap/Friday-16-02-2018/capPC1-172.31.67.9.pcap,01_pcap/Friday-16-02-2018/Friday-16-02-2018_342.pcap
Friday-16-02-2018,capPC1-172.31.67.14.pcap,Friday-16-02-2018_343.pcap,01_pcap/Friday-16-02-2018/capPC1-172.31.67.14.pcap,01_pcap/Friday-16-02-2018/Friday-16-02-2018_343.pcap
Friday-16-02-2018,capPC1-172.31.67.23.pcap,Friday-16-02-2018_344.pcap,01_pcap/Friday-16-02-2018/capPC1-172.31.67.23.pcap,01_pcap/Friday-16-02-2018/Friday-16-02-2018_344.pcap
Friday-16-02-2018,capPC1-172.31.67.27.pcap,Friday-16-02-2018_345.pcap,01_pcap/Friday-16-02-2018/capPC1-172.31.67.27.pcap,01_pcap/Friday-16-02-2018/Friday-16-02-2018_345.pcap
Friday-16-02-2018,capPC1-172.31.67.33.pcap,Friday-16-02-2018_346.pcap,01_pcap/Friday-16-02-2018/capPC1-172.31.67.33.pcap,01_pcap/Friday-16-02-2018/Friday-16-02-2018_346.pcap
Friday-16-02-2018,capPC1-172.31.67.35.pcap,Friday-16-02-2018_347.pcap,01_pcap/Friday-16-02-2018/capPC1-172.31.67.35.pcap,01_pcap/Friday-16-02-2018/Friday-16-02-2018_347.pcap
Friday-16-02-2018,capPC1-172.31.67.56.pcap,Friday-16-02-2018_348.pcap,01_pcap/Friday-16-02-2018/capPC1-172.31.67.56.pcap,01_pcap/Friday-16-02-2018/Friday-16-02-2018_348.pcap
Friday-16-02-2018,capPC1-172.31.67.59.pcap,Friday-16-02-2018_349.pcap,01_pcap/Friday-16-02-2018/capPC1-172.31.67.59.pcap,01_pcap/Friday-16-02-2018/Friday-16-02-2018_349.pcap
Friday-16-02-2018,capPC1-172.31.67.76.pcap,Friday-16-02-2018_350.pcap,01_pcap/Friday-16-02-2018/capPC1-172.31.67.76.pcap,01_pcap/Friday-16-02-2018/Friday-16-02-2018_350.pcap
Friday-16-02-2018,capPC1-172.31.67.78.pcap,Friday-16-02-2018_351.pcap,01_pcap/Friday-16-02-2018/capPC1-172.31.67.78.pcap,01_pcap/Friday-16-02-2018/Friday-16-02-2018_351.pcap
Friday-16-02-2018,capPC1-172.31.67.97.pcap,Friday-16-02-2018_352.pcap,01_pcap/Friday-16-02-2018/capPC1-172.31.67.97.pcap,01_pcap/Friday-16-02-2018/Friday-16-02-2018_352.pcap
Friday-16-02-2018,capPC1-172.31.67.102.pcap,Friday-16-02-2018_353.pcap,01_pcap/Friday-16-02-2018/capPC1-172.31.67.102.pcap,01_pcap/Friday-16-02-2018/Friday-16-02-2018_353.pcap
Friday-16-02-2018,capPC1-172.31.67.104.pcap,Friday-16-02-2018_354.pcap,01_pcap/Friday-16-02-2018/capPC1-172.31.67.104.pcap,01_pcap/Friday-16-02-2018/Friday-16-02-2018_354.pcap
Friday-16-02-2018,capPC1-172.31.67.107.pcap,Friday-16-02-2018_355.pcap,01_pcap/Friday-16-02-2018/capPC1-172.31.67.107.pcap,01_pcap/Friday-16-02-2018/Friday-16-02-2018_355.pcap
Friday-16-02-2018,capPC1-172.31.67.108.pcap,Friday-16-02-2018_356.pcap,01_pcap/Friday-16-02-2018/capPC1-172.31.67.108.pcap,01_pcap/Friday-16-02-2018/Friday-16-02-2018_356.pcap
Friday-16-02-2018,capPC1-172.31.67.111.pcap,Friday-16-02-2018_357.pcap,01_pcap/Friday-16-02-2018/capPC1-172.31.67.111.pcap,01_pcap/Friday-16-02-2018/Friday-16-02-2018_357.pcap
Friday-16-02-2018,capPC1-172.31.67.118.pcap,Friday-16-02-2018_358.pcap,01_pcap/Friday-16-02-2018/capPC1-172.31.67.118.pcap,01_pcap/Friday-16-02-2018/Friday-16-02-2018_358.pcap
Friday-16-02-2018,capPC1-172.31.67.121.pcap,Friday-16-02-2018_359.pcap,01_pcap/Friday-16-02-2018/capPC1-172.31.67.121.pcap,01_pcap/Friday-16-02-2018/Friday-16-02-2018_359.pcap
Friday-16-02-2018,capPC1-172.31.67.123.pcap,Friday-16-02-2018_360.pcap,01_pcap/Friday-16-02-2018/capPC1-172.31.67.123.pcap,01_pcap/Friday-16-02-2018/Friday-16-02-2018_360.pcap
Friday-16-02-2018,capPC1-172.31.67.124.pcap,Friday-16-02-2018_361.pcap,01_pcap/Friday-16-02-2018/capPC1-172.31.67.124.pcap,01_pcap/Friday-16-02-2018/Friday-16-02-2018_361.pcap
Friday-16-02-2018,capWIN-J6GMIG1DQE5-172.31.64.12.pcap,Friday-16-02-2018_362.pcap,01_pcap/Friday-16-02-2018/capWIN-J6GMIG1DQE5-172.31.64.12.pcap,01_pcap/Friday-16-02-2018/Friday-16-02-2018_362.pcap
Friday-16-02-2018,capWIN-J6GMIG1DQE5-172.31.64.14.pcap,Friday-16-02-2018_363.pcap,01_pcap/Friday-16-02-2018/capWIN-J6GMIG1DQE5-172.31.64.14.pcap,01_pcap/Friday-16-02-2018/Friday-16-02-2018_363.pcap
Friday-16-02-2018,capWIN-J6GMIG1DQE5-172.31.64.20.pcap,Friday-16-02-2018_364.pcap,01_pcap/Friday-16-02-2018/capWIN-J6GMIG1DQE5-172.31.64.20.pcap,01_pcap/Friday-16-02-2018/Friday-16-02-2018_364.pcap
Friday-16-02-2018,capWIN-J6GMIG1DQE5-172.31.64.24.pcap,Friday-16-02-2018_365.pcap,01_pcap/Friday-16-02-2018/capWIN-J6GMIG1DQE5-172.31.64.24.pcap,01_pcap/Friday-16-02-2018/Friday-16-02-2018_365.pcap
Friday-16-02-2018,capWIN-J6GMIG1DQE5-172.31.64.36.pcap,Friday-16-02-2018_366.pcap,01_pcap/Friday-16-02-2018/capWIN-J6GMIG1DQE5-172.31.64.36.pcap,01_pcap/Friday-16-02-2018/Friday-16-02-2018_366.pcap
Friday-16-02-2018,capWIN-J6GMIG1DQE5-172.31.64.39.pcap,Friday-16-02-2018_367.pcap,01_pcap/Friday-16-02-2018/capWIN-J6GMIG1DQE5-172.31.64.39.pcap,01_pcap/Friday-16-02-2018/Friday-16-02-2018_367.pcap
Friday-16-02-2018,capWIN-J6GMIG1DQE5-172.31.64.47.pcap,Friday-16-02-2018_368.pcap,01_pcap/Friday-16-02-2018/capWIN-J6GMIG1DQE5-172.31.64.47.pcap,01_pcap/Friday-16-02-2018/Friday-16-02-2018_368.pcap
Friday-16-02-2018,capWIN-J6GMIG1DQE5-172.31.64.57.pcap,Friday-16-02-2018_369.pcap,01_pcap/Friday-16-02-2018/capWIN-J6GMIG1DQE5-172.31.64.57.pcap,01_pcap/Friday-16-02-2018/Friday-16-02-2018_369.pcap
Friday-16-02-2018,capWIN-J6GMIG1DQE5-172.31.64.61.pcap,Friday-16-02-2018_370.pcap,01_pcap/Friday-16-02-2018/capWIN-J6GMIG1DQE5-172.31.64.61.pcap,01_pcap/Friday-16-02-2018/Friday-16-02-2018_370.pcap
Friday-16-02-2018,capWIN-J6GMIG1DQE5-172.31.64.74.pcap,Friday-16-02-2018_371.pcap,01_pcap/Friday-16-02-2018/capWIN-J6GMIG1DQE5-172.31.64.74.pcap,01_pcap/Friday-16-02-2018/Friday-16-02-2018_371.pcap
Friday-16-02-2018,capWIN-J6GMIG1DQE5-172.31.64.78.pcap,Friday-16-02-2018_372.pcap,01_pcap/Friday-16-02-2018/capWIN-J6GMIG1DQE5-172.31.64.78.pcap,01_pcap/Friday-16-02-2018/Friday-16-02-2018_372.pcap
Friday-16-02-2018,capWIN-J6GMIG1DQE5-172.31.64.80.pcap,Friday-16-02-2018_373.pcap,01_pcap/Friday-16-02-2018/capWIN-J6GMIG1DQE5-172.31.64.80.pcap,01_pcap/Friday-16-02-2018/Friday-16-02-2018_373.pcap
Friday-16-02-2018,capWIN-J6GMIG1DQE5-172.31.64.86.pcap,Friday-16-02-2018_374.pcap,01_pcap/Friday-16-02-2018/capWIN-J6GMIG1DQE5-172.31.64.86.pcap,01_pcap/Friday-16-02-2018/Friday-16-02-2018_374.pcap
Friday-16-02-2018,capWIN-J6GMIG1DQE5-172.31.64.88.pcap,Friday-16-02-2018_375.pcap,01_pcap/Friday-16-02-2018/capWIN-J6GMIG1DQE5-172.31.64.88.pcap,01_pcap/Friday-16-02-2018/Friday-16-02-2018_375.pcap
Friday-16-02-2018,capWIN-J6GMIG1DQE5-172.31.64.89.pcap,Friday-16-02-2018_376.pcap,01_pcap/Friday-16-02-2018/capWIN-J6GMIG1DQE5-172.31.64.89.pcap,01_pcap/Friday-16-02-2018/Friday-16-02-2018_376.pcap
Friday-16-02-2018,capWIN-J6GMIG1DQE5-172.31.64.91.pcap,Friday-16-02-2018_377.pcap,01_pcap/Friday-16-02-2018/capWIN-J6GMIG1DQE5-172.31.64.91.pcap,01_pcap/Friday-16-02-2018/Friday-16-02-2018_377.pcap
Friday-16-02-2018,capWIN-J6GMIG1DQE5-172.31.64.93.pcap,Friday-16-02-2018_378.pcap,01_pcap/Friday-16-02-2018/capWIN-J6GMIG1DQE5-172.31.64.93.pcap,01_pcap/Friday-16-02-2018/Friday-16-02-2018_378.pcap
Friday-16-02-2018,capWIN-J6GMIG1DQE5-172.31.64.98.pcap,Friday-16-02-2018_379.pcap,01_pcap/Friday-16-02-2018/capWIN-J6GMIG1DQE5-172.31.64.98.pcap,01_pcap/Friday-16-02-2018/Friday-16-02-2018_379.pcap
Friday-16-02-2018,capWIN-J6GMIG1DQE5-172.31.64.112.pcap,Friday-16-02-2018_380.pcap,01_pcap/Friday-16-02-2018/capWIN-J6GMIG1DQE5-172.31.64.112.pcap,01_pcap/Friday-16-02-2018/Friday-16-02-2018_380.pcap
Friday-16-02-2018,capWIN-J6GMIG1DQE5-172.31.64.117.pcap,Friday-16-02-2018_381.pcap,01_pcap/Friday-16-02-2018/capWIN-J6GMIG1DQE5-172.31.64.117.pcap,01_pcap/Friday-16-02-2018/Friday-16-02-2018_381.pcap
Friday-16-02-2018,capWIN-J6GMIG1DQE5-172.31.64.120.pcap,Friday-16-02-2018_382.pcap,01_pcap/Friday-16-02-2018/capWIN-J6GMIG1DQE5-172.31.64.120.pcap,01_pcap/Friday-16-02-2018/Friday-16-02-2018_382.pcap
Friday-16-02-2018,capWIN-J6GMIG1DQE5-172.31.65.9.pcap,Friday-16-02-2018_383.pcap,01_pcap/Friday-16-02-2018/capWIN-J6GMIG1DQE5-172.31.65.9.pcap,01_pcap/Friday-16-02-2018/Friday-16-02-2018_383.pcap
Friday-16-02-2018,capWIN-J6GMIG1DQE5-172.31.65.11.pcap,Friday-16-02-2018_384.pcap,01_pcap/Friday-16-02-2018/capWIN-J6GMIG1DQE5-172.31.65.11.pcap,01_pcap/Friday-16-02-2018/Friday-16-02-2018_384.pcap
Friday-16-02-2018,capWIN-J6GMIG1DQE5-172.31.65.17.pcap,Friday-16-02-2018_385.pcap,01_pcap/Friday-16-02-2018/capWIN-J6GMIG1DQE5-172.31.65.17.pcap,01_pcap/Friday-16-02-2018/Friday-16-02-2018_385.pcap
Friday-16-02-2018,capWIN-J6GMIG1DQE5-172.31.65.19.pcap,Friday-16-02-2018_386.pcap,01_pcap/Friday-16-02-2018/capWIN-J6GMIG1DQE5-172.31.65.19.pcap,01_pcap/Friday-16-02-2018/Friday-16-02-2018_386.pcap
Friday-16-02-2018,capWIN-J6GMIG1DQE5-172.31.65.21.pcap,Friday-16-02-2018_387.pcap,01_pcap/Friday-16-02-2018/capWIN-J6GMIG1DQE5-172.31.65.21.pcap,01_pcap/Friday-16-02-2018/Friday-16-02-2018_387.pcap
Friday-16-02-2018,capWIN-J6GMIG1DQE5-172.31.65.23.pcap,Friday-16-02-2018_388.pcap,01_pcap/Friday-16-02-2018/capWIN-J6GMIG1DQE5-172.31.65.23.pcap,01_pcap/Friday-16-02-2018/Friday-16-02-2018_388.pcap
Friday-16-02-2018,capWIN-J6GMIG1DQE5-172.31.65.24.pcap,Friday-16-02-2018_389.pcap,01_pcap/Friday-16-02-2018/capWIN-J6GMIG1DQE5-172.31.65.24.pcap,01_pcap/Friday-16-02-2018/Friday-16-02-2018_389.pcap
Friday-16-02-2018,capWIN-J6GMIG1DQE5-172.31.65.35.pcap,Friday-16-02-2018_390.pcap,01_pcap/Friday-16-02-2018/capWIN-J6GMIG1DQE5-172.31.65.35.pcap,01_pcap/Friday-16-02-2018/Friday-16-02-2018_390.pcap
Friday-16-02-2018,capWIN-J6GMIG1DQE5-172.31.65.38.pcap,Friday-16-02-2018_391.pcap,01_pcap/Friday-16-02-2018/capWIN-J6GMIG1DQE5-172.31.65.38.pcap,01_pcap/Friday-16-02-2018/Friday-16-02-2018_391.pcap
Friday-16-02-2018,capWIN-J6GMIG1DQE5-172.31.65.42.pcap,Friday-16-02-2018_392.pcap,01_pcap/Friday-16-02-2018/capWIN-J6GMIG1DQE5-172.31.65.42.pcap,01_pcap/Friday-16-02-2018/Friday-16-02-2018_392.pcap
Friday-16-02-2018,capWIN-J6GMIG1DQE5-172.31.65.46.pcap,Friday-16-02-2018_393.pcap,01_pcap/Friday-16-02-2018/capWIN-J6GMIG1DQE5-172.31.65.46.pcap,01_pcap/Friday-16-02-2018/Friday-16-02-2018_393.pcap
Friday-16-02-2018,capWIN-J6GMIG1DQE5-172.31.65.47.pcap,Friday-16-02-2018_394.pcap,01_pcap/Friday-16-02-2018/capWIN-J6GMIG1DQE5-172.31.65.47.pcap,01_pcap/Friday-16-02-2018/Friday-16-02-2018_394.pcap
Friday-16-02-2018,capWIN-J6GMIG1DQE5-172.31.65.48.pcap,Friday-16-02-2018_395.pcap,01_pcap/Friday-16-02-2018/capWIN-J6GMIG1DQE5-172.31.65.48.pcap,01_pcap/Friday-16-02-2018/Friday-16-02-2018_395.pcap
Friday-16-02-2018,capWIN-J6GMIG1DQE5-172.31.65.51.pcap,Friday-16-02-2018_396.pcap,01_pcap/Friday-16-02-2018/capWIN-J6GMIG1DQE5-172.31.65.51.pcap,01_pcap/Friday-16-02-2018/Friday-16-02-2018_396.pcap
Friday-16-02-2018,capWIN-J6GMIG1DQE5-172.31.65.52.pcap,Friday-16-02-2018_397.pcap,01_pcap/Friday-16-02-2018/capWIN-J6GMIG1DQE5-172.31.65.52.pcap,01_pcap/Friday-16-02-2018/Friday-16-02-2018_397.pcap
Friday-16-02-2018,capWIN-J6GMIG1DQE5-172.31.65.55.pcap,Friday-16-02-2018_398.pcap,01_pcap/Friday-16-02-2018/capWIN-J6GMIG1DQE5-172.31.65.55.pcap,01_pcap/Friday-16-02-2018/Friday-16-02-2018_398.pcap
Friday-16-02-2018,capWIN-J6GMIG1DQE5-172.31.65.57.pcap,Friday-16-02-2018_399.pcap,01_pcap/Friday-16-02-2018/capWIN-J6GMIG1DQE5-172.31.65.57.pcap,01_pcap/Friday-16-02-2018/Friday-16-02-2018_399.pcap
Friday-16-02-2018,capWIN-J6GMIG1DQE5-172.31.65.58.pcap,Friday-16-02-2018_400.pcap,01_pcap/Friday-16-02-2018/capWIN-J6GMIG1DQE5-172.31.65.58.pcap,01_pcap/Friday-16-02-2018/Friday-16-02-2018_400.pcap
Friday-16-02-2018,capWIN-J6GMIG1DQE5-172.31.65.69.pcap,Friday-16-02-2018_401.pcap,01_pcap/Friday-16-02-2018/capWIN-J6GMIG1DQE5-172.31.65.69.pcap,01_pcap/Friday-16-02-2018/Friday-16-02-2018_401.pcap
Friday-16-02-2018,capWIN-J6GMIG1DQE5-172.31.65.70.pcap,Friday-16-02-2018_402.pcap,01_pcap/Friday-16-02-2018/capWIN-J6GMIG1DQE5-172.31.65.70.pcap,01_pcap/Friday-16-02-2018/Friday-16-02-2018_402.pcap
Friday-16-02-2018,capWIN-J6GMIG1DQE5-172.31.65.73.pcap,Friday-16-02-2018_403.pcap,01_pcap/Friday-16-02-2018/capWIN-J6GMIG1DQE5-172.31.65.73.pcap,01_pcap/Friday-16-02-2018/Friday-16-02-2018_403.pcap
Friday-16-02-2018,capWIN-J6GMIG1DQE5-172.31.65.78.pcap,Friday-16-02-2018_404.pcap,01_pcap/Friday-16-02-2018/capWIN-J6GMIG1DQE5-172.31.65.78.pcap,01_pcap/Friday-16-02-2018/Friday-16-02-2018_404.pcap
Friday-16-02-2018,capWIN-J6GMIG1DQE5-172.31.65.87.pcap,Friday-16-02-2018_405.pcap,01_pcap/Friday-16-02-2018/capWIN-J6GMIG1DQE5-172.31.65.87.pcap,01_pcap/Friday-16-02-2018/Friday-16-02-2018_405.pcap
Friday-16-02-2018,capWIN-J6GMIG1DQE5-172.31.65.89.pcap,Friday-16-02-2018_406.pcap,01_pcap/Friday-16-02-2018/capWIN-J6GMIG1DQE5-172.31.65.89.pcap,01_pcap/Friday-16-02-2018/Friday-16-02-2018_406.pcap
Friday-16-02-2018,capWIN-J6GMIG1DQE5-172.31.65.90.pcap,Friday-16-02-2018_407.pcap,01_pcap/Friday-16-02-2018/capWIN-J6GMIG1DQE5-172.31.65.90.pcap,01_pcap/Friday-16-02-2018/Friday-16-02-2018_407.pcap
Friday-16-02-2018,capWIN-J6GMIG1DQE5-172.31.65.99.pcap,Friday-16-02-2018_408.pcap,01_pcap/Friday-16-02-2018/capWIN-J6GMIG1DQE5-172.31.65.99.pcap,01_pcap/Friday-16-02-2018/Friday-16-02-2018_408.pcap
Friday-16-02-2018,capWIN-J6GMIG1DQE5-172.31.65.103.pcap,Friday-16-02-2018_409.pcap,01_pcap/Friday-16-02-2018/capWIN-J6GMIG1DQE5-172.31.65.103.pcap,01_pcap/Friday-16-02-2018/Friday-16-02-2018_409.pcap
Friday-16-02-2018,capWIN-J6GMIG1DQE5-172.31.65.104.pcap,Friday-16-02-2018_410.pcap,01_pcap/Friday-16-02-2018/capWIN-J6GMIG1DQE5-172.31.65.104.pcap,01_pcap/Friday-16-02-2018/Friday-16-02-2018_410.pcap
Friday-16-02-2018,capWIN-J6GMIG1DQE5-172.31.65.105.pcap,Friday-16-02-2018_411.pcap,01_pcap/Friday-16-02-2018/capWIN-J6GMIG1DQE5-172.31.65.105.pcap,01_pcap/Friday-16-02-2018/Friday-16-02-2018_411.pcap
Friday-16-02-2018,capWIN-J6GMIG1DQE5-172.31.65.108.pcap,Friday-16-02-2018_412.pcap,01_pcap/Friday-16-02-2018/capWIN-J6GMIG1DQE5-172.31.65.108.pcap,01_pcap/Friday-16-02-2018/Friday-16-02-2018_412.pcap
Friday-16-02-2018,capWIN-J6GMIG1DQE5-172.31.65.114.pcap,Friday-16-02-2018_413.pcap,01_pcap/Friday-16-02-2018/capWIN-J6GMIG1DQE5-172.31.65.114.pcap,01_pcap/Friday-16-02-2018/Friday-16-02-2018_413.pcap
Friday-16-02-2018,capWIN-J6GMIG1DQE5-172.31.65.115.pcap,Friday-16-02-2018_414.pcap,01_pcap/Friday-16-02-2018/capWIN-J6GMIG1DQE5-172.31.65.115.pcap,01_pcap/Friday-16-02-2018/Friday-16-02-2018_414.pcap
Friday-16-02-2018,capWIN-J6GMIG1DQE5-172.31.65.116.pcap,Friday-16-02-2018_415.pcap,01_pcap/Friday-16-02-2018/capWIN-J6GMIG1DQE5-172.31.65.116.pcap,01_pcap/Friday-16-02-2018/Friday-16-02-2018_415.pcap
Friday-16-02-2018,capWIN-J6GMIG1DQE5-172.31.65.125.pcap,Friday-16-02-2018_416.pcap,01_pcap/Friday-16-02-2018/capWIN-J6GMIG1DQE5-172.31.65.125.pcap,01_pcap/Friday-16-02-2018/Friday-16-02-2018_416.pcap
Friday-16-02-2018,capWIN-J6GMIG1DQE5-172.31.67.4.pcap,Friday-16-02-2018_417.pcap,01_pcap/Friday-16-02-2018/capWIN-J6GMIG1DQE5-172.31.67.4.pcap,01_pcap/Friday-16-02-2018/Friday-16-02-2018_417.pcap
Friday-16-02-2018,capWIN-J6GMIG1DQE5-172.31.67.8.pcap,Friday-16-02-2018_418.pcap,01_pcap/Friday-16-02-2018/capWIN-J6GMIG1DQE5-172.31.67.8.pcap,01_pcap/Friday-16-02-2018/Friday-16-02-2018_418.pcap
Friday-16-02-2018,capWIN-J6GMIG1DQE5-172.31.67.19.pcap,Friday-16-02-2018_419.pcap,01_pcap/Friday-16-02-2018/capWIN-J6GMIG1DQE5-172.31.67.19.pcap,01_pcap/Friday-16-02-2018/Friday-16-02-2018_419.pcap
Friday-16-02-2018,capWIN-J6GMIG1DQE5-172.31.67.22.pcap,Friday-16-02-2018_420.pcap,01_pcap/Friday-16-02-2018/capWIN-J6GMIG1DQE5-172.31.67.22.pcap,01_pcap/Friday-16-02-2018/Friday-16-02-2018_420.pcap
Friday-16-02-2018,capWIN-J6GMIG1DQE5-172.31.67.26.pcap,Friday-16-02-2018_421.pcap,01_pcap/Friday-16-02-2018/capWIN-J6GMIG1DQE5-172.31.67.26.pcap,01_pcap/Friday-16-02-2018/Friday-16-02-2018_421.pcap
Friday-16-02-2018,capWIN-J6GMIG1DQE5-172.31.67.30.pcap,Friday-16-02-2018_422.pcap,01_pcap/Friday-16-02-2018/capWIN-J6GMIG1DQE5-172.31.67.30.pcap,01_pcap/Friday-16-02-2018/Friday-16-02-2018_422.pcap
Friday-16-02-2018,capWIN-J6GMIG1DQE5-172.31.67.34.pcap,Friday-16-02-2018_423.pcap,01_pcap/Friday-16-02-2018/capWIN-J6GMIG1DQE5-172.31.67.34.pcap,01_pcap/Friday-16-02-2018/Friday-16-02-2018_423.pcap
Friday-16-02-2018,capWIN-J6GMIG1DQE5-172.31.67.40.pcap,Friday-16-02-2018_424.pcap,01_pcap/Friday-16-02-2018/capWIN-J6GMIG1DQE5-172.31.67.40.pcap,01_pcap/Friday-16-02-2018/Friday-16-02-2018_424.pcap
Friday-16-02-2018,capWIN-J6GMIG1DQE5-172.31.67.62.pcap,Friday-16-02-2018_425.pcap,01_pcap/Friday-16-02-2018/capWIN-J6GMIG1DQE5-172.31.67.62.pcap,01_pcap/Friday-16-02-2018/Friday-16-02-2018_425.pcap
Friday-16-02-2018,capWIN-J6GMIG1DQE5-172.31.67.70.pcap,Friday-16-02-2018_426.pcap,01_pcap/Friday-16-02-2018/capWIN-J6GMIG1DQE5-172.31.67.70.pcap,01_pcap/Friday-16-02-2018/Friday-16-02-2018_426.pcap
Friday-16-02-2018,capWIN-J6GMIG1DQE5-172.31.67.71.pcap,Friday-16-02-2018_427.pcap,01_pcap/Friday-16-02-2018/capWIN-J6GMIG1DQE5-172.31.67.71.pcap,01_pcap/Friday-16-02-2018/Friday-16-02-2018_427.pcap
Friday-16-02-2018,capWIN-J6GMIG1DQE5-172.31.67.72.pcap,Friday-16-02-2018_428.pcap,01_pcap/Friday-16-02-2018/capWIN-J6GMIG1DQE5-172.31.67.72.pcap,01_pcap/Friday-16-02-2018/Friday-16-02-2018_428.pcap
Friday-16-02-2018,capWIN-J6GMIG1DQE5-172.31.67.83.pcap,Friday-16-02-2018_429.pcap,01_pcap/Friday-16-02-2018/capWIN-J6GMIG1DQE5-172.31.67.83.pcap,01_pcap/Friday-16-02-2018/Friday-16-02-2018_429.pcap
Friday-16-02-2018,capWIN-J6GMIG1DQE5-172.31.67.89.pcap,Friday-16-02-2018_430.pcap,01_pcap/Friday-16-02-2018/capWIN-J6GMIG1DQE5-172.31.67.89.pcap,01_pcap/Friday-16-02-2018/Friday-16-02-2018_430.pcap
Friday-16-02-2018,capWIN-J6GMIG1DQE5-172.31.67.93.pcap,Friday-16-02-2018_431.pcap,01_pcap/Friday-16-02-2018/capWIN-J6GMIG1DQE5-172.31.67.93.pcap,01_pcap/Friday-16-02-2018/Friday-16-02-2018_431.pcap
Friday-16-02-2018,capWIN-J6GMIG1DQE5-172.31.67.95.pcap,Friday-16-02-2018_432.pcap,01_pcap/Friday-16-02-2018/capWIN-J6GMIG1DQE5-172.31.67.95.pcap,01_pcap/Friday-16-02-2018/Friday-16-02-2018_432.pcap
Friday-16-02-2018,capWIN-J6GMIG1DQE5-172.31.67.98.pcap,Friday-16-02-2018_433.pcap,01_pcap/Friday-16-02-2018/capWIN-J6GMIG1DQE5-172.31.67.98.pcap,01_pcap/Friday-16-02-2018/Friday-16-02-2018_433.pcap
Friday-16-02-2018,capWIN-J6GMIG1DQE5-172.31.67.105.pcap,Friday-16-02-2018_434.pcap,01_pcap/Friday-16-02-2018/capWIN-J6GMIG1DQE5-172.31.67.105.pcap,01_pcap/Friday-16-02-2018/Friday-16-02-2018_434.pcap
Friday-16-02-2018,capWIN-J6GMIG1DQE5-172.31.67.109.pcap,Friday-16-02-2018_435.pcap,01_pcap/Friday-16-02-2018/capWIN-J6GMIG1DQE5-172.31.67.109.pcap,01_pcap/Friday-16-02-2018/Friday-16-02-2018_435.pcap
Friday-16-02-2018,capWIN-J6GMIG1DQE5-172.31.67.114.pcap,Friday-16-02-2018_436.pcap,01_pcap/Friday-16-02-2018/capWIN-J6GMIG1DQE5-172.31.67.114.pcap,01_pcap/Friday-16-02-2018/Friday-16-02-2018_436.pcap
Friday-16-02-2018,UCAP172.31.69.7.pcap,Friday-16-02-2018_437.pcap,01_pcap/Friday-16-02-2018/UCAP172.31.69.7.pcap,01_pcap/Friday-16-02-2018/Friday-16-02-2018_437.pcap
Friday-16-02-2018,UCAP172.31.69.15.pcap,Friday-16-02-2018_438.pcap,01_pcap/Friday-16-02-2018/UCAP172.31.69.15.pcap,01_pcap/Friday-16-02-2018/Friday-16-02-2018_438.pcap
Friday-16-02-2018,UCAP172.31.69.18.pcap,Friday-16-02-2018_439.pcap,01_pcap/Friday-16-02-2018/UCAP172.31.69.18.pcap,01_pcap/Friday-16-02-2018/Friday-16-02-2018_439.pcap
Friday-16-02-2018,UCAP172.31.69.21.pcap,Friday-16-02-2018_440.pcap,01_pcap/Friday-16-02-2018/UCAP172.31.69.21.pcap,01_pcap/Friday-16-02-2018/Friday-16-02-2018_440.pcap
Friday-16-02-2018,UCAP172.31.69.22.pcap,Friday-16-02-2018_441.pcap,01_pcap/Friday-16-02-2018/UCAP172.31.69.22.pcap,01_pcap/Friday-16-02-2018/Friday-16-02-2018_441.pcap
Friday-16-02-2018,UCAP172.31.69.25-part1.pcap,Friday-16-02-2018_442.pcap,01_pcap/Friday-16-02-2018/UCAP172.31.69.25-part1.pcap,01_pcap/Friday-16-02-2018/Friday-16-02-2018_442.pcap
Friday-16-02-2018,UCAP172.31.69.25-part2.pcap,Friday-16-02-2018_443.pcap,01_pcap/Friday-16-02-2018/UCAP172.31.69.25-part2.pcap,01_pcap/Friday-16-02-2018/Friday-16-02-2018_443.pcap
Friday-16-02-2018,UCAP172.31.69.27.pcap,Friday-16-02-2018_444.pcap,01_pcap/Friday-16-02-2018/UCAP172.31.69.27.pcap,01_pcap/Friday-16-02-2018/Friday-16-02-2018_444.pcap
Friday-23-02-2018,capDESKTOP-AN3U28N-172.31.64.17.pcap,Friday-23-02-2018_1.pcap,01_pcap/Friday-23-02-2018/capDESKTOP-AN3U28N-172.31.64.17.pcap,01_pcap/Friday-23-02-2018/Friday-23-02-2018_1.pcap
Friday-23-02-2018,capDESKTOP-AN3U28N-172.31.64.26.pcap,Friday-23-02-2018_2.pcap,01_pcap/Friday-23-02-2018/capDESKTOP-AN3U28N-172.31.64.26.pcap,01_pcap/Friday-23-02-2018/Friday-23-02-2018_2.pcap
Friday-23-02-2018,capDESKTOP-AN3U28N-172.31.64.35.pcap,Friday-23-02-2018_3.pcap,01_pcap/Friday-23-02-2018/capDESKTOP-AN3U28N-172.31.64.35.pcap,01_pcap/Friday-23-02-2018/Friday-23-02-2018_3.pcap
Friday-23-02-2018,capDESKTOP-AN3U28N-172.31.64.38.pcap,Friday-23-02-2018_4.pcap,01_pcap/Friday-23-02-2018/capDESKTOP-AN3U28N-172.31.64.38.pcap,01_pcap/Friday-23-02-2018/Friday-23-02-2018_4.pcap
Friday-23-02-2018,capDESKTOP-AN3U28N-172.31.64.46.pcap,Friday-23-02-2018_5.pcap,01_pcap/Friday-23-02-2018/capDESKTOP-AN3U28N-172.31.64.46.pcap,01_pcap/Friday-23-02-2018/Friday-23-02-2018_5.pcap
Friday-23-02-2018,capDESKTOP-AN3U28N-172.31.64.54.pcap,Friday-23-02-2018_6.pcap,01_pcap/Friday-23-02-2018/capDESKTOP-AN3U28N-172.31.64.54.pcap,01_pcap/Friday-23-02-2018/Friday-23-02-2018_6.pcap
Friday-23-02-2018,capDESKTOP-AN3U28N-172.31.64.63.pcap,Friday-23-02-2018_7.pcap,01_pcap/Friday-23-02-2018/capDESKTOP-AN3U28N-172.31.64.63.pcap,01_pcap/Friday-23-02-2018/Friday-23-02-2018_7.pcap
Friday-23-02-2018,capDESKTOP-AN3U28N-172.31.64.65.pcap,Friday-23-02-2018_8.pcap,01_pcap/Friday-23-02-2018/capDESKTOP-AN3U28N-172.31.64.65.pcap,01_pcap/Friday-23-02-2018/Friday-23-02-2018_8.pcap
Friday-23-02-2018,capDESKTOP-AN3U28N-172.31.64.67.pcap,Friday-23-02-2018_9.pcap,01_pcap/Friday-23-02-2018/capDESKTOP-AN3U28N-172.31.64.67.pcap,01_pcap/Friday-23-02-2018/Friday-23-02-2018_9.pcap
Friday-23-02-2018,capDESKTOP-AN3U28N-172.31.64.71.pcap,Friday-23-02-2018_10.pcap,01_pcap/Friday-23-02-2018/capDESKTOP-AN3U28N-172.31.64.71.pcap,01_pcap/Friday-23-02-2018/Friday-23-02-2018_10.pcap
Friday-23-02-2018,capDESKTOP-AN3U28N-172.31.64.75.pcap,Friday-23-02-2018_11.pcap,01_pcap/Friday-23-02-2018/capDESKTOP-AN3U28N-172.31.64.75.pcap,01_pcap/Friday-23-02-2018/Friday-23-02-2018_11.pcap
Friday-23-02-2018,capDESKTOP-AN3U28N-172.31.64.76.pcap,Friday-23-02-2018_12.pcap,01_pcap/Friday-23-02-2018/capDESKTOP-AN3U28N-172.31.64.76.pcap,01_pcap/Friday-23-02-2018/Friday-23-02-2018_12.pcap
Friday-23-02-2018,capDESKTOP-AN3U28N-172.31.64.84.pcap,Friday-23-02-2018_13.pcap,01_pcap/Friday-23-02-2018/capDESKTOP-AN3U28N-172.31.64.84.pcap,01_pcap/Friday-23-02-2018/Friday-23-02-2018_13.pcap
Friday-23-02-2018,capDESKTOP-AN3U28N-172.31.64.95.pcap,Friday-23-02-2018_14.pcap,01_pcap/Friday-23-02-2018/capDESKTOP-AN3U28N-172.31.64.95.pcap,01_pcap/Friday-23-02-2018/Friday-23-02-2018_14.pcap
Friday-23-02-2018,capDESKTOP-AN3U28N-172.31.64.99.pcap,Friday-23-02-2018_15.pcap,01_pcap/Friday-23-02-2018/capDESKTOP-AN3U28N-172.31.64.99.pcap,01_pcap/Friday-23-02-2018/Friday-23-02-2018_15.pcap
Friday-23-02-2018,capDESKTOP-AN3U28N-172.31.64.111.pcap,Friday-23-02-2018_16.pcap,01_pcap/Friday-23-02-2018/capDESKTOP-AN3U28N-172.31.64.111.pcap,01_pcap/Friday-23-02-2018/Friday-23-02-2018_16.pcap
Friday-23-02-2018,capDESKTOP-AN3U28N-172.31.64.115.pcap,Friday-23-02-2018_17.pcap,01_pcap/Friday-23-02-2018/capDESKTOP-AN3U28N-172.31.64.115.pcap,01_pcap/Friday-23-02-2018/Friday-23-02-2018_17.pcap
Friday-23-02-2018,capDESKTOP-AN3U28N-172.31.64.118.pcap,Friday-23-02-2018_18.pcap,01_pcap/Friday-23-02-2018/capDESKTOP-AN3U28N-172.31.64.118.pcap,01_pcap/Friday-23-02-2018/Friday-23-02-2018_18.pcap
Friday-23-02-2018,capDESKTOP-AN3U28N-172.31.64.122.pcap,Friday-23-02-2018_19.pcap,01_pcap/Friday-23-02-2018/capDESKTOP-AN3U28N-172.31.64.122.pcap,01_pcap/Friday-23-02-2018/Friday-23-02-2018_19.pcap
Friday-23-02-2018,capDESKTOP-AN3U28N-172.31.64.125.pcap,Friday-23-02-2018_20.pcap,01_pcap/Friday-23-02-2018/capDESKTOP-AN3U28N-172.31.64.125.pcap,01_pcap/Friday-23-02-2018/Friday-23-02-2018_20.pcap
Friday-23-02-2018,capDESKTOP-AN3U28N-172.31.64.126.pcap,Friday-23-02-2018_21.pcap,01_pcap/Friday-23-02-2018/capDESKTOP-AN3U28N-172.31.64.126.pcap,01_pcap/Friday-23-02-2018/Friday-23-02-2018_21.pcap
Friday-23-02-2018,capDESKTOP-AN3U28N-172.31.65.10.pcap,Friday-23-02-2018_22.pcap,01_pcap/Friday-23-02-2018/capDESKTOP-AN3U28N-172.31.65.10.pcap,01_pcap/Friday-23-02-2018/Friday-23-02-2018_22.pcap
Friday-23-02-2018,capDESKTOP-AN3U28N-172.31.65.14.pcap,Friday-23-02-2018_23.pcap,01_pcap/Friday-23-02-2018/capDESKTOP-AN3U28N-172.31.65.14.pcap,01_pcap/Friday-23-02-2018/Friday-23-02-2018_23.pcap
Friday-23-02-2018,capDESKTOP-AN3U28N-172.31.65.28.pcap,Friday-23-02-2018_24.pcap,01_pcap/Friday-23-02-2018/capDESKTOP-AN3U28N-172.31.65.28.pcap,01_pcap/Friday-23-02-2018/Friday-23-02-2018_24.pcap
Friday-23-02-2018,capDESKTOP-AN3U28N-172.31.65.29.pcap,Friday-23-02-2018_25.pcap,01_pcap/Friday-23-02-2018/capDESKTOP-AN3U28N-172.31.65.29.pcap,01_pcap/Friday-23-02-2018/Friday-23-02-2018_25.pcap
Friday-23-02-2018,capDESKTOP-AN3U28N-172.31.65.34.pcap,Friday-23-02-2018_26.pcap,01_pcap/Friday-23-02-2018/capDESKTOP-AN3U28N-172.31.65.34.pcap,01_pcap/Friday-23-02-2018/Friday-23-02-2018_26.pcap
Friday-23-02-2018,capDESKTOP-AN3U28N-172.31.65.40.pcap,Friday-23-02-2018_27.pcap,01_pcap/Friday-23-02-2018/capDESKTOP-AN3U28N-172.31.65.40.pcap,01_pcap/Friday-23-02-2018/Friday-23-02-2018_27.pcap
Friday-23-02-2018,capDESKTOP-AN3U28N-172.31.65.50.pcap,Friday-23-02-2018_28.pcap,01_pcap/Friday-23-02-2018/capDESKTOP-AN3U28N-172.31.65.50.pcap,01_pcap/Friday-23-02-2018/Friday-23-02-2018_28.pcap
Friday-23-02-2018,capDESKTOP-AN3U28N-172.31.65.56.pcap,Friday-23-02-2018_29.pcap,01_pcap/Friday-23-02-2018/capDESKTOP-AN3U28N-172.31.65.56.pcap,01_pcap/Friday-23-02-2018/Friday-23-02-2018_29.pcap
Friday-23-02-2018,capDESKTOP-AN3U28N-172.31.65.66.pcap,Friday-23-02-2018_30.pcap,01_pcap/Friday-23-02-2018/capDESKTOP-AN3U28N-172.31.65.66.pcap,01_pcap/Friday-23-02-2018/Friday-23-02-2018_30.pcap
Friday-23-02-2018,capDESKTOP-AN3U28N-172.31.65.76.pcap,Friday-23-02-2018_31.pcap,01_pcap/Friday-23-02-2018/capDESKTOP-AN3U28N-172.31.65.76.pcap,01_pcap/Friday-23-02-2018/Friday-23-02-2018_31.pcap
Friday-23-02-2018,capDESKTOP-AN3U28N-172.31.65.81.pcap,Friday-23-02-2018_32.pcap,01_pcap/Friday-23-02-2018/capDESKTOP-AN3U28N-172.31.65.81.pcap,01_pcap/Friday-23-02-2018/Friday-23-02-2018_32.pcap
Friday-23-02-2018,capDESKTOP-AN3U28N-172.31.65.86.pcap,Friday-23-02-2018_33.pcap,01_pcap/Friday-23-02-2018/capDESKTOP-AN3U28N-172.31.65.86.pcap,01_pcap/Friday-23-02-2018/Friday-23-02-2018_33.pcap
Friday-23-02-2018,capDESKTOP-AN3U28N-172.31.65.88.pcap,Friday-23-02-2018_34.pcap,01_pcap/Friday-23-02-2018/capDESKTOP-AN3U28N-172.31.65.88.pcap,01_pcap/Friday-23-02-2018/Friday-23-02-2018_34.pcap
Friday-23-02-2018,capDESKTOP-AN3U28N-172.31.65.113.pcap,Friday-23-02-2018_35.pcap,01_pcap/Friday-23-02-2018/capDESKTOP-AN3U28N-172.31.65.113.pcap,01_pcap/Friday-23-02-2018/Friday-23-02-2018_35.pcap
Friday-23-02-2018,capDESKTOP-AN3U28N-172.31.65.123.pcap,Friday-23-02-2018_36.pcap,01_pcap/Friday-23-02-2018/capDESKTOP-AN3U28N-172.31.65.123.pcap,01_pcap/Friday-23-02-2018/Friday-23-02-2018_36.pcap
Friday-23-02-2018,capDESKTOP-AN3U28N-172.31.65.124.pcap,Friday-23-02-2018_37.pcap,01_pcap/Friday-23-02-2018/capDESKTOP-AN3U28N-172.31.65.124.pcap,01_pcap/Friday-23-02-2018/Friday-23-02-2018_37.pcap
Friday-23-02-2018,capDESKTOP-AN3U28N-172.31.65.126.pcap,Friday-23-02-2018_38.pcap,01_pcap/Friday-23-02-2018/capDESKTOP-AN3U28N-172.31.65.126.pcap,01_pcap/Friday-23-02-2018/Friday-23-02-2018_38.pcap
Friday-23-02-2018,capDESKTOP-AN3U28N-172.31.66.22.pcap,Friday-23-02-2018_39.pcap,01_pcap/Friday-23-02-2018/capDESKTOP-AN3U28N-172.31.66.22.pcap,01_pcap/Friday-23-02-2018/Friday-23-02-2018_39.pcap
Friday-23-02-2018,capDESKTOP-AN3U28N-172.31.66.41.pcap,Friday-23-02-2018_40.pcap,01_pcap/Friday-23-02-2018/capDESKTOP-AN3U28N-172.31.66.41.pcap,01_pcap/Friday-23-02-2018/Friday-23-02-2018_40.pcap
Friday-23-02-2018,capDESKTOP-AN3U28N-172.31.66.42.pcap,Friday-23-02-2018_41.pcap,01_pcap/Friday-23-02-2018/capDESKTOP-AN3U28N-172.31.66.42.pcap,01_pcap/Friday-23-02-2018/Friday-23-02-2018_41.pcap
Friday-23-02-2018,capDESKTOP-AN3U28N-172.31.66.43.pcap,Friday-23-02-2018_42.pcap,01_pcap/Friday-23-02-2018/capDESKTOP-AN3U28N-172.31.66.43.pcap,01_pcap/Friday-23-02-2018/Friday-23-02-2018_42.pcap
Friday-23-02-2018,capDESKTOP-AN3U28N-172.31.66.49.pcap,Friday-23-02-2018_43.pcap,01_pcap/Friday-23-02-2018/capDESKTOP-AN3U28N-172.31.66.49.pcap,01_pcap/Friday-23-02-2018/Friday-23-02-2018_43.pcap
Friday-23-02-2018,capDESKTOP-AN3U28N-172.31.66.54.pcap,Friday-23-02-2018_44.pcap,01_pcap/Friday-23-02-2018/capDESKTOP-AN3U28N-172.31.66.54.pcap,01_pcap/Friday-23-02-2018/Friday-23-02-2018_44.pcap
Friday-23-02-2018,capDESKTOP-AN3U28N-172.31.66.62.pcap,Friday-23-02-2018_45.pcap,01_pcap/Friday-23-02-2018/capDESKTOP-AN3U28N-172.31.66.62.pcap,01_pcap/Friday-23-02-2018/Friday-23-02-2018_45.pcap
Friday-23-02-2018,capDESKTOP-AN3U28N-172.31.66.63.pcap,Friday-23-02-2018_46.pcap,01_pcap/Friday-23-02-2018/capDESKTOP-AN3U28N-172.31.66.63.pcap,01_pcap/Friday-23-02-2018/Friday-23-02-2018_46.pcap
Friday-23-02-2018,capDESKTOP-AN3U28N-172.31.66.72.pcap,Friday-23-02-2018_47.pcap,01_pcap/Friday-23-02-2018/capDESKTOP-AN3U28N-172.31.66.72.pcap,01_pcap/Friday-23-02-2018/Friday-23-02-2018_47.pcap
Friday-23-02-2018,capDESKTOP-AN3U28N-172.31.66.76.pcap,Friday-23-02-2018_48.pcap,01_pcap/Friday-23-02-2018/capDESKTOP-AN3U28N-172.31.66.76.pcap,01_pcap/Friday-23-02-2018/Friday-23-02-2018_48.pcap
Friday-23-02-2018,capDESKTOP-AN3U28N-172.31.66.82.pcap,Friday-23-02-2018_49.pcap,01_pcap/Friday-23-02-2018/capDESKTOP-AN3U28N-172.31.66.82.pcap,01_pcap/Friday-23-02-2018/Friday-23-02-2018_49.pcap
Friday-23-02-2018,capDESKTOP-AN3U28N-172.31.66.85.pcap,Friday-23-02-2018_50.pcap,01_pcap/Friday-23-02-2018/capDESKTOP-AN3U28N-172.31.66.85.pcap,01_pcap/Friday-23-02-2018/Friday-23-02-2018_50.pcap
Friday-23-02-2018,capDESKTOP-AN3U28N-172.31.66.89.pcap,Friday-23-02-2018_51.pcap,01_pcap/Friday-23-02-2018/capDESKTOP-AN3U28N-172.31.66.89.pcap,01_pcap/Friday-23-02-2018/Friday-23-02-2018_51.pcap
Friday-23-02-2018,capDESKTOP-AN3U28N-172.31.66.100.pcap,Friday-23-02-2018_52.pcap,01_pcap/Friday-23-02-2018/capDESKTOP-AN3U28N-172.31.66.100.pcap,01_pcap/Friday-23-02-2018/Friday-23-02-2018_52.pcap
Friday-23-02-2018,capDESKTOP-AN3U28N-172.31.66.112.pcap,Friday-23-02-2018_53.pcap,01_pcap/Friday-23-02-2018/capDESKTOP-AN3U28N-172.31.66.112.pcap,01_pcap/Friday-23-02-2018/Friday-23-02-2018_53.pcap
Friday-23-02-2018,capDESKTOP-AN3U28N-172.31.66.114.pcap,Friday-23-02-2018_54.pcap,01_pcap/Friday-23-02-2018/capDESKTOP-AN3U28N-172.31.66.114.pcap,01_pcap/Friday-23-02-2018/Friday-23-02-2018_54.pcap
Friday-23-02-2018,capDESKTOP-AN3U28N-172.31.66.115.pcap,Friday-23-02-2018_55.pcap,01_pcap/Friday-23-02-2018/capDESKTOP-AN3U28N-172.31.66.115.pcap,01_pcap/Friday-23-02-2018/Friday-23-02-2018_55.pcap
Friday-23-02-2018,capDESKTOP-AN3U28N-172.31.66.120.pcap,Friday-23-02-2018_56.pcap,01_pcap/Friday-23-02-2018/capDESKTOP-AN3U28N-172.31.66.120.pcap,01_pcap/Friday-23-02-2018/Friday-23-02-2018_56.pcap
Friday-23-02-2018,capDESKTOP-AN3U28N-172.31.66.123.pcap,Friday-23-02-2018_57.pcap,01_pcap/Friday-23-02-2018/capDESKTOP-AN3U28N-172.31.66.123.pcap,01_pcap/Friday-23-02-2018/Friday-23-02-2018_57.pcap
Friday-23-02-2018,capDESKTOP-AN3U28N-172.31.67.10.pcap,Friday-23-02-2018_58.pcap,01_pcap/Friday-23-02-2018/capDESKTOP-AN3U28N-172.31.67.10.pcap,01_pcap/Friday-23-02-2018/Friday-23-02-2018_58.pcap
Friday-23-02-2018,capDESKTOP-AN3U28N-172.31.67.13.pcap,Friday-23-02-2018_59.pcap,01_pcap/Friday-23-02-2018/capDESKTOP-AN3U28N-172.31.67.13.pcap,01_pcap/Friday-23-02-2018/Friday-23-02-2018_59.pcap
Friday-23-02-2018,capDESKTOP-AN3U28N-172.31.67.15.pcap,Friday-23-02-2018_60.pcap,01_pcap/Friday-23-02-2018/capDESKTOP-AN3U28N-172.31.67.15.pcap,01_pcap/Friday-23-02-2018/Friday-23-02-2018_60.pcap
Friday-23-02-2018,capDESKTOP-AN3U28N-172.31.67.21.pcap,Friday-23-02-2018_61.pcap,01_pcap/Friday-23-02-2018/capDESKTOP-AN3U28N-172.31.67.21.pcap,01_pcap/Friday-23-02-2018/Friday-23-02-2018_61.pcap
Friday-23-02-2018,capDESKTOP-AN3U28N-172.31.67.28.pcap,Friday-23-02-2018_62.pcap,01_pcap/Friday-23-02-2018/capDESKTOP-AN3U28N-172.31.67.28.pcap,01_pcap/Friday-23-02-2018/Friday-23-02-2018_62.pcap
Friday-23-02-2018,capDESKTOP-AN3U28N-172.31.67.32.pcap,Friday-23-02-2018_63.pcap,01_pcap/Friday-23-02-2018/capDESKTOP-AN3U28N-172.31.67.32.pcap,01_pcap/Friday-23-02-2018/Friday-23-02-2018_63.pcap
Friday-23-02-2018,capDESKTOP-AN3U28N-172.31.67.41.pcap,Friday-23-02-2018_64.pcap,01_pcap/Friday-23-02-2018/capDESKTOP-AN3U28N-172.31.67.41.pcap,01_pcap/Friday-23-02-2018/Friday-23-02-2018_64.pcap
Friday-23-02-2018,capDESKTOP-AN3U28N-172.31.67.50.pcap,Friday-23-02-2018_65.pcap,01_pcap/Friday-23-02-2018/capDESKTOP-AN3U28N-172.31.67.50.pcap,01_pcap/Friday-23-02-2018/Friday-23-02-2018_65.pcap
Friday-23-02-2018,capDESKTOP-AN3U28N-172.31.67.54.pcap,Friday-23-02-2018_66.pcap,01_pcap/Friday-23-02-2018/capDESKTOP-AN3U28N-172.31.67.54.pcap,01_pcap/Friday-23-02-2018/Friday-23-02-2018_66.pcap
Friday-23-02-2018,capDESKTOP-AN3U28N-172.31.67.63.pcap,Friday-23-02-2018_67.pcap,01_pcap/Friday-23-02-2018/capDESKTOP-AN3U28N-172.31.67.63.pcap,01_pcap/Friday-23-02-2018/Friday-23-02-2018_67.pcap
Friday-23-02-2018,capDESKTOP-AN3U28N-172.31.67.80.pcap,Friday-23-02-2018_68.pcap,01_pcap/Friday-23-02-2018/capDESKTOP-AN3U28N-172.31.67.80.pcap,01_pcap/Friday-23-02-2018/Friday-23-02-2018_68.pcap
Friday-23-02-2018,capDESKTOP-AN3U28N-172.31.67.81.pcap,Friday-23-02-2018_69.pcap,01_pcap/Friday-23-02-2018/capDESKTOP-AN3U28N-172.31.67.81.pcap,01_pcap/Friday-23-02-2018/Friday-23-02-2018_69.pcap
Friday-23-02-2018,capDESKTOP-AN3U28N-172.31.67.82.pcap,Friday-23-02-2018_70.pcap,01_pcap/Friday-23-02-2018/capDESKTOP-AN3U28N-172.31.67.82.pcap,01_pcap/Friday-23-02-2018/Friday-23-02-2018_70.pcap
Friday-23-02-2018,capDESKTOP-AN3U28N-172.31.67.86.pcap,Friday-23-02-2018_71.pcap,01_pcap/Friday-23-02-2018/capDESKTOP-AN3U28N-172.31.67.86.pcap,01_pcap/Friday-23-02-2018/Friday-23-02-2018_71.pcap
Friday-23-02-2018,capDESKTOP-AN3U28N-172.31.67.94.pcap,Friday-23-02-2018_72.pcap,01_pcap/Friday-23-02-2018/capDESKTOP-AN3U28N-172.31.67.94.pcap,01_pcap/Friday-23-02-2018/Friday-23-02-2018_72.pcap
Friday-23-02-2018,capDESKTOP-AN3U28N-172.31.67.101.pcap,Friday-23-02-2018_73.pcap,01_pcap/Friday-23-02-2018/capDESKTOP-AN3U28N-172.31.67.101.pcap,01_pcap/Friday-23-02-2018/Friday-23-02-2018_73.pcap
Friday-23-02-2018,capDESKTOP-AN3U28N-172.31.67.116.pcap,Friday-23-02-2018_74.pcap,01_pcap/Friday-23-02-2018/capDESKTOP-AN3U28N-172.31.67.116.pcap,01_pcap/Friday-23-02-2018/Friday-23-02-2018_74.pcap
Friday-23-02-2018,capDESKTOP-AN3U28N-172.31.67.119.pcap,Friday-23-02-2018_75.pcap,01_pcap/Friday-23-02-2018/capDESKTOP-AN3U28N-172.31.67.119.pcap,01_pcap/Friday-23-02-2018/Friday-23-02-2018_75.pcap
Friday-23-02-2018,capDESKTOP-AN3U28N-172.31.67.125.pcap,Friday-23-02-2018_76.pcap,01_pcap/Friday-23-02-2018/capDESKTOP-AN3U28N-172.31.67.125.pcap,01_pcap/Friday-23-02-2018/Friday-23-02-2018_76.pcap
Friday-23-02-2018,capEC2AMAZ-O4EL3NG-172.31.64.4.pcap,Friday-23-02-2018_77.pcap,01_pcap/Friday-23-02-2018/capEC2AMAZ-O4EL3NG-172.31.64.4.pcap,01_pcap/Friday-23-02-2018/Friday-23-02-2018_77.pcap
Friday-23-02-2018,capEC2AMAZ-O4EL3NG-172.31.64.7.pcap,Friday-23-02-2018_78.pcap,01_pcap/Friday-23-02-2018/capEC2AMAZ-O4EL3NG-172.31.64.7.pcap,01_pcap/Friday-23-02-2018/Friday-23-02-2018_78.pcap
Friday-23-02-2018,capEC2AMAZ-O4EL3NG-172.31.64.8.pcap,Friday-23-02-2018_79.pcap,01_pcap/Friday-23-02-2018/capEC2AMAZ-O4EL3NG-172.31.64.8.pcap,01_pcap/Friday-23-02-2018/Friday-23-02-2018_79.pcap
Friday-23-02-2018,capEC2AMAZ-O4EL3NG-172.31.64.11.pcap,Friday-23-02-2018_80.pcap,01_pcap/Friday-23-02-2018/capEC2AMAZ-O4EL3NG-172.31.64.11.pcap,01_pcap/Friday-23-02-2018/Friday-23-02-2018_80.pcap
Friday-23-02-2018,capEC2AMAZ-O4EL3NG-172.31.64.13.pcap,Friday-23-02-2018_81.pcap,01_pcap/Friday-23-02-2018/capEC2AMAZ-O4EL3NG-172.31.64.13.pcap,01_pcap/Friday-23-02-2018/Friday-23-02-2018_81.pcap
Friday-23-02-2018,capEC2AMAZ-O4EL3NG-172.31.64.16.pcap,Friday-23-02-2018_82.pcap,01_pcap/Friday-23-02-2018/capEC2AMAZ-O4EL3NG-172.31.64.16.pcap,01_pcap/Friday-23-02-2018/Friday-23-02-2018_82.pcap
Friday-23-02-2018,capEC2AMAZ-O4EL3NG-172.31.64.19.pcap,Friday-23-02-2018_83.pcap,01_pcap/Friday-23-02-2018/capEC2AMAZ-O4EL3NG-172.31.64.19.pcap,01_pcap/Friday-23-02-2018/Friday-23-02-2018_83.pcap
Friday-23-02-2018,capEC2AMAZ-O4EL3NG-172.31.64.27.pcap,Friday-23-02-2018_84.pcap,01_pcap/Friday-23-02-2018/capEC2AMAZ-O4EL3NG-172.31.64.27.pcap,01_pcap/Friday-23-02-2018/Friday-23-02-2018_84.pcap
Friday-23-02-2018,capEC2AMAZ-O4EL3NG-172.31.64.28.pcap,Friday-23-02-2018_85.pcap,01_pcap/Friday-23-02-2018/capEC2AMAZ-O4EL3NG-172.31.64.28.pcap,01_pcap/Friday-23-02-2018/Friday-23-02-2018_85.pcap
Friday-23-02-2018,capEC2AMAZ-O4EL3NG-172.31.64.29.pcap,Friday-23-02-2018_86.pcap,01_pcap/Friday-23-02-2018/capEC2AMAZ-O4EL3NG-172.31.64.29.pcap,01_pcap/Friday-23-02-2018/Friday-23-02-2018_86.pcap
Friday-23-02-2018,capEC2AMAZ-O4EL3NG-172.31.64.42.pcap,Friday-23-02-2018_87.pcap,01_pcap/Friday-23-02-2018/capEC2AMAZ-O4EL3NG-172.31.64.42.pcap,01_pcap/Friday-23-02-2018/Friday-23-02-2018_87.pcap
Friday-23-02-2018,capEC2AMAZ-O4EL3NG-172.31.64.44.pcap,Friday-23-02-2018_88.pcap,01_pcap/Friday-23-02-2018/capEC2AMAZ-O4EL3NG-172.31.64.44.pcap,01_pcap/Friday-23-02-2018/Friday-23-02-2018_88.pcap
Friday-23-02-2018,capEC2AMAZ-O4EL3NG-172.31.64.45.pcap,Friday-23-02-2018_89.pcap,01_pcap/Friday-23-02-2018/capEC2AMAZ-O4EL3NG-172.31.64.45.pcap,01_pcap/Friday-23-02-2018/Friday-23-02-2018_89.pcap
Friday-23-02-2018,capEC2AMAZ-O4EL3NG-172.31.64.49.pcap,Friday-23-02-2018_90.pcap,01_pcap/Friday-23-02-2018/capEC2AMAZ-O4EL3NG-172.31.64.49.pcap,01_pcap/Friday-23-02-2018/Friday-23-02-2018_90.pcap
Friday-23-02-2018,capEC2AMAZ-O4EL3NG-172.31.64.51.pcap,Friday-23-02-2018_91.pcap,01_pcap/Friday-23-02-2018/capEC2AMAZ-O4EL3NG-172.31.64.51.pcap,01_pcap/Friday-23-02-2018/Friday-23-02-2018_91.pcap
Friday-23-02-2018,capEC2AMAZ-O4EL3NG-172.31.64.58.pcap,Friday-23-02-2018_92.pcap,01_pcap/Friday-23-02-2018/capEC2AMAZ-O4EL3NG-172.31.64.58.pcap,01_pcap/Friday-23-02-2018/Friday-23-02-2018_92.pcap
Friday-23-02-2018,capEC2AMAZ-O4EL3NG-172.31.64.60.pcap,Friday-23-02-2018_93.pcap,01_pcap/Friday-23-02-2018/capEC2AMAZ-O4EL3NG-172.31.64.60.pcap,01_pcap/Friday-23-02-2018/Friday-23-02-2018_93.pcap
Friday-23-02-2018,capEC2AMAZ-O4EL3NG-172.31.64.68.pcap,Friday-23-02-2018_94.pcap,01_pcap/Friday-23-02-2018/capEC2AMAZ-O4EL3NG-172.31.64.68.pcap,01_pcap/Friday-23-02-2018/Friday-23-02-2018_94.pcap
Friday-23-02-2018,capEC2AMAZ-O4EL3NG-172.31.64.69.pcap,Friday-23-02-2018_95.pcap,01_pcap/Friday-23-02-2018/capEC2AMAZ-O4EL3NG-172.31.64.69.pcap,01_pcap/Friday-23-02-2018/Friday-23-02-2018_95.pcap
Friday-23-02-2018,capEC2AMAZ-O4EL3NG-172.31.64.70.pcap,Friday-23-02-2018_96.pcap,01_pcap/Friday-23-02-2018/capEC2AMAZ-O4EL3NG-172.31.64.70.pcap,01_pcap/Friday-23-02-2018/Friday-23-02-2018_96.pcap
Friday-23-02-2018,capEC2AMAZ-O4EL3NG-172.31.64.72.pcap,Friday-23-02-2018_97.pcap,01_pcap/Friday-23-02-2018/capEC2AMAZ-O4EL3NG-172.31.64.72.pcap,01_pcap/Friday-23-02-2018/Friday-23-02-2018_97.pcap
Friday-23-02-2018,capEC2AMAZ-O4EL3NG-172.31.64.73.pcap,Friday-23-02-2018_98.pcap,01_pcap/Friday-23-02-2018/capEC2AMAZ-O4EL3NG-172.31.64.73.pcap,01_pcap/Friday-23-02-2018/Friday-23-02-2018_98.pcap
Friday-23-02-2018,capEC2AMAZ-O4EL3NG-172.31.64.77.pcap,Friday-23-02-2018_99.pcap,01_pcap/Friday-23-02-2018/capEC2AMAZ-O4EL3NG-172.31.64.77.pcap,01_pcap/Friday-23-02-2018/Friday-23-02-2018_99.pcap
Friday-23-02-2018,capEC2AMAZ-O4EL3NG-172.31.64.79.pcap,Friday-23-02-2018_100.pcap,01_pcap/Friday-23-02-2018/capEC2AMAZ-O4EL3NG-172.31.64.79.pcap,01_pcap/Friday-23-02-2018/Friday-23-02-2018_100.pcap
Friday-23-02-2018,capEC2AMAZ-O4EL3NG-172.31.64.81.pcap,Friday-23-02-2018_101.pcap,01_pcap/Friday-23-02-2018/capEC2AMAZ-O4EL3NG-172.31.64.81.pcap,01_pcap/Friday-23-02-2018/Friday-23-02-2018_101.pcap
Friday-23-02-2018,capEC2AMAZ-O4EL3NG-172.31.64.83.pcap,Friday-23-02-2018_102.pcap,01_pcap/Friday-23-02-2018/capEC2AMAZ-O4EL3NG-172.31.64.83.pcap,01_pcap/Friday-23-02-2018/Friday-23-02-2018_102.pcap
Friday-23-02-2018,capEC2AMAZ-O4EL3NG-172.31.64.85.pcap,Friday-23-02-2018_103.pcap,01_pcap/Friday-23-02-2018/capEC2AMAZ-O4EL3NG-172.31.64.85.pcap,01_pcap/Friday-23-02-2018/Friday-23-02-2018_103.pcap
Friday-23-02-2018,capEC2AMAZ-O4EL3NG-172.31.64.87.pcap,Friday-23-02-2018_104.pcap,01_pcap/Friday-23-02-2018/capEC2AMAZ-O4EL3NG-172.31.64.87.pcap,01_pcap/Friday-23-02-2018/Friday-23-02-2018_104.pcap
Friday-23-02-2018,capEC2AMAZ-O4EL3NG-172.31.64.92.pcap,Friday-23-02-2018_105.pcap,01_pcap/Friday-23-02-2018/capEC2AMAZ-O4EL3NG-172.31.64.92.pcap,01_pcap/Friday-23-02-2018/Friday-23-02-2018_105.pcap
Friday-23-02-2018,capEC2AMAZ-O4EL3NG-172.31.64.96.pcap,Friday-23-02-2018_106.pcap,01_pcap/Friday-23-02-2018/capEC2AMAZ-O4EL3NG-172.31.64.96.pcap,01_pcap/Friday-23-02-2018/Friday-23-02-2018_106.pcap
Friday-23-02-2018,capEC2AMAZ-O4EL3NG-172.31.64.100.pcap,Friday-23-02-2018_107.pcap,01_pcap/Friday-23-02-2018/capEC2AMAZ-O4EL3NG-172.31.64.100.pcap,01_pcap/Friday-23-02-2018/Friday-23-02-2018_107.pcap
Friday-23-02-2018,capEC2AMAZ-O4EL3NG-172.31.64.101.pcap,Friday-23-02-2018_108.pcap,01_pcap/Friday-23-02-2018/capEC2AMAZ-O4EL3NG-172.31.64.101.pcap,01_pcap/Friday-23-02-2018/Friday-23-02-2018_108.pcap
Friday-23-02-2018,capEC2AMAZ-O4EL3NG-172.31.64.103.pcap,Friday-23-02-2018_109.pcap,01_pcap/Friday-23-02-2018/capEC2AMAZ-O4EL3NG-172.31.64.103.pcap,01_pcap/Friday-23-02-2018/Friday-23-02-2018_109.pcap
Friday-23-02-2018,capEC2AMAZ-O4EL3NG-172.31.64.104.pcap,Friday-23-02-2018_110.pcap,01_pcap/Friday-23-02-2018/capEC2AMAZ-O4EL3NG-172.31.64.104.pcap,01_pcap/Friday-23-02-2018/Friday-23-02-2018_110.pcap
Friday-23-02-2018,capEC2AMAZ-O4EL3NG-172.31.64.107.pcap,Friday-23-02-2018_111.pcap,01_pcap/Friday-23-02-2018/capEC2AMAZ-O4EL3NG-172.31.64.107.pcap,01_pcap/Friday-23-02-2018/Friday-23-02-2018_111.pcap
Friday-23-02-2018,capEC2AMAZ-O4EL3NG-172.31.64.108.pcap,Friday-23-02-2018_112.pcap,01_pcap/Friday-23-02-2018/capEC2AMAZ-O4EL3NG-172.31.64.108.pcap,01_pcap/Friday-23-02-2018/Friday-23-02-2018_112.pcap
Friday-23-02-2018,capEC2AMAZ-O4EL3NG-172.31.64.109.pcap,Friday-23-02-2018_113.pcap,01_pcap/Friday-23-02-2018/capEC2AMAZ-O4EL3NG-172.31.64.109.pcap,01_pcap/Friday-23-02-2018/Friday-23-02-2018_113.pcap
Friday-23-02-2018,capEC2AMAZ-O4EL3NG-172.31.64.110.pcap,Friday-23-02-2018_114.pcap,01_pcap/Friday-23-02-2018/capEC2AMAZ-O4EL3NG-172.31.64.110.pcap,01_pcap/Friday-23-02-2018/Friday-23-02-2018_114.pcap
Friday-23-02-2018,capEC2AMAZ-O4EL3NG-172.31.64.119.pcap,Friday-23-02-2018_115.pcap,01_pcap/Friday-23-02-2018/capEC2AMAZ-O4EL3NG-172.31.64.119.pcap,01_pcap/Friday-23-02-2018/Friday-23-02-2018_115.pcap
Friday-23-02-2018,capEC2AMAZ-O4EL3NG-172.31.64.123.pcap,Friday-23-02-2018_116.pcap,01_pcap/Friday-23-02-2018/capEC2AMAZ-O4EL3NG-172.31.64.123.pcap,01_pcap/Friday-23-02-2018/Friday-23-02-2018_116.pcap
Friday-23-02-2018,capEC2AMAZ-O4EL3NG-172.31.64.124.pcap,Friday-23-02-2018_117.pcap,01_pcap/Friday-23-02-2018/capEC2AMAZ-O4EL3NG-172.31.64.124.pcap,01_pcap/Friday-23-02-2018/Friday-23-02-2018_117.pcap
Friday-23-02-2018,capEC2AMAZ-O4EL3NG-172.31.65.5.pcap,Friday-23-02-2018_118.pcap,01_pcap/Friday-23-02-2018/capEC2AMAZ-O4EL3NG-172.31.65.5.pcap,01_pcap/Friday-23-02-2018/Friday-23-02-2018_118.pcap
Friday-23-02-2018,capEC2AMAZ-O4EL3NG-172.31.65.8.pcap,Friday-23-02-2018_119.pcap,01_pcap/Friday-23-02-2018/capEC2AMAZ-O4EL3NG-172.31.65.8.pcap,01_pcap/Friday-23-02-2018/Friday-23-02-2018_119.pcap
Friday-23-02-2018,capEC2AMAZ-O4EL3NG-172.31.65.18.pcap,Friday-23-02-2018_120.pcap,01_pcap/Friday-23-02-2018/capEC2AMAZ-O4EL3NG-172.31.65.18.pcap,01_pcap/Friday-23-02-2018/Friday-23-02-2018_120.pcap
Friday-23-02-2018,capEC2AMAZ-O4EL3NG-172.31.65.27.pcap,Friday-23-02-2018_121.pcap,01_pcap/Friday-23-02-2018/capEC2AMAZ-O4EL3NG-172.31.65.27.pcap,01_pcap/Friday-23-02-2018/Friday-23-02-2018_121.pcap
Friday-23-02-2018,capEC2AMAZ-O4EL3NG-172.31.65.30.pcap,Friday-23-02-2018_122.pcap,01_pcap/Friday-23-02-2018/capEC2AMAZ-O4EL3NG-172.31.65.30.pcap,01_pcap/Friday-23-02-2018/Friday-23-02-2018_122.pcap
Friday-23-02-2018,capEC2AMAZ-O4EL3NG-172.31.65.32.pcap,Friday-23-02-2018_123.pcap,01_pcap/Friday-23-02-2018/capEC2AMAZ-O4EL3NG-172.31.65.32.pcap,01_pcap/Friday-23-02-2018/Friday-23-02-2018_123.pcap
Friday-23-02-2018,capEC2AMAZ-O4EL3NG-172.31.65.33.pcap,Friday-23-02-2018_124.pcap,01_pcap/Friday-23-02-2018/capEC2AMAZ-O4EL3NG-172.31.65.33.pcap,01_pcap/Friday-23-02-2018/Friday-23-02-2018_124.pcap
Friday-23-02-2018,capEC2AMAZ-O4EL3NG-172.31.65.36.pcap,Friday-23-02-2018_125.pcap,01_pcap/Friday-23-02-2018/capEC2AMAZ-O4EL3NG-172.31.65.36.pcap,01_pcap/Friday-23-02-2018/Friday-23-02-2018_125.pcap
Friday-23-02-2018,capEC2AMAZ-O4EL3NG-172.31.65.37.pcap,Friday-23-02-2018_126.pcap,01_pcap/Friday-23-02-2018/capEC2AMAZ-O4EL3NG-172.31.65.37.pcap,01_pcap/Friday-23-02-2018/Friday-23-02-2018_126.pcap
Friday-23-02-2018,capEC2AMAZ-O4EL3NG-172.31.65.39.pcap,Friday-23-02-2018_127.pcap,01_pcap/Friday-23-02-2018/capEC2AMAZ-O4EL3NG-172.31.65.39.pcap,01_pcap/Friday-23-02-2018/Friday-23-02-2018_127.pcap
Friday-23-02-2018,capEC2AMAZ-O4EL3NG-172.31.65.41.pcap,Friday-23-02-2018_128.pcap,01_pcap/Friday-23-02-2018/capEC2AMAZ-O4EL3NG-172.31.65.41.pcap,01_pcap/Friday-23-02-2018/Friday-23-02-2018_128.pcap
Friday-23-02-2018,capEC2AMAZ-O4EL3NG-172.31.65.43.pcap,Friday-23-02-2018_129.pcap,01_pcap/Friday-23-02-2018/capEC2AMAZ-O4EL3NG-172.31.65.43.pcap,01_pcap/Friday-23-02-2018/Friday-23-02-2018_129.pcap
Friday-23-02-2018,capEC2AMAZ-O4EL3NG-172.31.65.44.pcap,Friday-23-02-2018_130.pcap,01_pcap/Friday-23-02-2018/capEC2AMAZ-O4EL3NG-172.31.65.44.pcap,01_pcap/Friday-23-02-2018/Friday-23-02-2018_130.pcap
Friday-23-02-2018,capEC2AMAZ-O4EL3NG-172.31.65.45.pcap,Friday-23-02-2018_131.pcap,01_pcap/Friday-23-02-2018/capEC2AMAZ-O4EL3NG-172.31.65.45.pcap,01_pcap/Friday-23-02-2018/Friday-23-02-2018_131.pcap
Friday-23-02-2018,capEC2AMAZ-O4EL3NG-172.31.65.59.pcap,Friday-23-02-2018_132.pcap,01_pcap/Friday-23-02-2018/capEC2AMAZ-O4EL3NG-172.31.65.59.pcap,01_pcap/Friday-23-02-2018/Friday-23-02-2018_132.pcap
Friday-23-02-2018,capEC2AMAZ-O4EL3NG-172.31.65.64.pcap,Friday-23-02-2018_133.pcap,01_pcap/Friday-23-02-2018/capEC2AMAZ-O4EL3NG-172.31.65.64.pcap,01_pcap/Friday-23-02-2018/Friday-23-02-2018_133.pcap
Friday-23-02-2018,capEC2AMAZ-O4EL3NG-172.31.65.65.pcap,Friday-23-02-2018_134.pcap,01_pcap/Friday-23-02-2018/capEC2AMAZ-O4EL3NG-172.31.65.65.pcap,01_pcap/Friday-23-02-2018/Friday-23-02-2018_134.pcap
Friday-23-02-2018,capEC2AMAZ-O4EL3NG-172.31.65.71.pcap,Friday-23-02-2018_135.pcap,01_pcap/Friday-23-02-2018/capEC2AMAZ-O4EL3NG-172.31.65.71.pcap,01_pcap/Friday-23-02-2018/Friday-23-02-2018_135.pcap
Friday-23-02-2018,capEC2AMAZ-O4EL3NG-172.31.65.72.pcap,Friday-23-02-2018_136.pcap,01_pcap/Friday-23-02-2018/capEC2AMAZ-O4EL3NG-172.31.65.72.pcap,01_pcap/Friday-23-02-2018/Friday-23-02-2018_136.pcap
Friday-23-02-2018,capEC2AMAZ-O4EL3NG-172.31.65.75.pcap,Friday-23-02-2018_137.pcap,01_pcap/Friday-23-02-2018/capEC2AMAZ-O4EL3NG-172.31.65.75.pcap,01_pcap/Friday-23-02-2018/Friday-23-02-2018_137.pcap
Friday-23-02-2018,capEC2AMAZ-O4EL3NG-172.31.65.82.pcap,Friday-23-02-2018_138.pcap,01_pcap/Friday-23-02-2018/capEC2AMAZ-O4EL3NG-172.31.65.82.pcap,01_pcap/Friday-23-02-2018/Friday-23-02-2018_138.pcap
Friday-23-02-2018,capEC2AMAZ-O4EL3NG-172.31.65.84.pcap,Friday-23-02-2018_139.pcap,01_pcap/Friday-23-02-2018/capEC2AMAZ-O4EL3NG-172.31.65.84.pcap,01_pcap/Friday-23-02-2018/Friday-23-02-2018_139.pcap
Friday-23-02-2018,capEC2AMAZ-O4EL3NG-172.31.65.85.pcap,Friday-23-02-2018_140.pcap,01_pcap/Friday-23-02-2018/capEC2AMAZ-O4EL3NG-172.31.65.85.pcap,01_pcap/Friday-23-02-2018/Friday-23-02-2018_140.pcap
Friday-23-02-2018,capEC2AMAZ-O4EL3NG-172.31.65.91.pcap,Friday-23-02-2018_141.pcap,01_pcap/Friday-23-02-2018/capEC2AMAZ-O4EL3NG-172.31.65.91.pcap,01_pcap/Friday-23-02-2018/Friday-23-02-2018_141.pcap
Friday-23-02-2018,capEC2AMAZ-O4EL3NG-172.31.65.93.pcap,Friday-23-02-2018_142.pcap,01_pcap/Friday-23-02-2018/capEC2AMAZ-O4EL3NG-172.31.65.93.pcap,01_pcap/Friday-23-02-2018/Friday-23-02-2018_142.pcap
Friday-23-02-2018,capEC2AMAZ-O4EL3NG-172.31.65.96.pcap,Friday-23-02-2018_143.pcap,01_pcap/Friday-23-02-2018/capEC2AMAZ-O4EL3NG-172.31.65.96.pcap,01_pcap/Friday-23-02-2018/Friday-23-02-2018_143.pcap
Friday-23-02-2018,capEC2AMAZ-O4EL3NG-172.31.65.98.pcap,Friday-23-02-2018_144.pcap,01_pcap/Friday-23-02-2018/capEC2AMAZ-O4EL3NG-172.31.65.98.pcap,01_pcap/Friday-23-02-2018/Friday-23-02-2018_144.pcap
Friday-23-02-2018,capEC2AMAZ-O4EL3NG-172.31.65.107.pcap,Friday-23-02-2018_145.pcap,01_pcap/Friday-23-02-2018/capEC2AMAZ-O4EL3NG-172.31.65.107.pcap,01_pcap/Friday-23-02-2018/Friday-23-02-2018_145.pcap
Friday-23-02-2018,capEC2AMAZ-O4EL3NG-172.31.65.109.pcap,Friday-23-02-2018_146.pcap,01_pcap/Friday-23-02-2018/capEC2AMAZ-O4EL3NG-172.31.65.109.pcap,01_pcap/Friday-23-02-2018/Friday-23-02-2018_146.pcap
Friday-23-02-2018,capEC2AMAZ-O4EL3NG-172.31.65.112.pcap,Friday-23-02-2018_147.pcap,01_pcap/Friday-23-02-2018/capEC2AMAZ-O4EL3NG-172.31.65.112.pcap,01_pcap/Friday-23-02-2018/Friday-23-02-2018_147.pcap
Friday-23-02-2018,capEC2AMAZ-O4EL3NG-172.31.65.118.pcap,Friday-23-02-2018_148.pcap,01_pcap/Friday-23-02-2018/capEC2AMAZ-O4EL3NG-172.31.65.118.pcap,01_pcap/Friday-23-02-2018/Friday-23-02-2018_148.pcap
Friday-23-02-2018,capEC2AMAZ-O4EL3NG-172.31.65.119.pcap,Friday-23-02-2018_149.pcap,01_pcap/Friday-23-02-2018/capEC2AMAZ-O4EL3NG-172.31.65.119.pcap,01_pcap/Friday-23-02-2018/Friday-23-02-2018_149.pcap
Friday-23-02-2018,capEC2AMAZ-O4EL3NG-172.31.65.121.pcap,Friday-23-02-2018_150.pcap,01_pcap/Friday-23-02-2018/capEC2AMAZ-O4EL3NG-172.31.65.121.pcap,01_pcap/Friday-23-02-2018/Friday-23-02-2018_150.pcap
Friday-23-02-2018,capEC2AMAZ-O4EL3NG-172.31.65.122.pcap,Friday-23-02-2018_151.pcap,01_pcap/Friday-23-02-2018/capEC2AMAZ-O4EL3NG-172.31.65.122.pcap,01_pcap/Friday-23-02-2018/Friday-23-02-2018_151.pcap
Friday-23-02-2018,capEC2AMAZ-O4EL3NG-172.31.66.5.pcap,Friday-23-02-2018_152.pcap,01_pcap/Friday-23-02-2018/capEC2AMAZ-O4EL3NG-172.31.66.5.pcap,01_pcap/Friday-23-02-2018/Friday-23-02-2018_152.pcap
Friday-23-02-2018,capEC2AMAZ-O4EL3NG-172.31.66.7.pcap,Friday-23-02-2018_153.pcap,01_pcap/Friday-23-02-2018/capEC2AMAZ-O4EL3NG-172.31.66.7.pcap,01_pcap/Friday-23-02-2018/Friday-23-02-2018_153.pcap
Friday-23-02-2018,capEC2AMAZ-O4EL3NG-172.31.66.8.pcap,Friday-23-02-2018_154.pcap,01_pcap/Friday-23-02-2018/capEC2AMAZ-O4EL3NG-172.31.66.8.pcap,01_pcap/Friday-23-02-2018/Friday-23-02-2018_154.pcap
Friday-23-02-2018,capEC2AMAZ-O4EL3NG-172.31.66.11.pcap,Friday-23-02-2018_155.pcap,01_pcap/Friday-23-02-2018/capEC2AMAZ-O4EL3NG-172.31.66.11.pcap,01_pcap/Friday-23-02-2018/Friday-23-02-2018_155.pcap
Friday-23-02-2018,capEC2AMAZ-O4EL3NG-172.31.66.12.pcap,Friday-23-02-2018_156.pcap,01_pcap/Friday-23-02-2018/capEC2AMAZ-O4EL3NG-172.31.66.12.pcap,01_pcap/Friday-23-02-2018/Friday-23-02-2018_156.pcap
Friday-23-02-2018,capEC2AMAZ-O4EL3NG-172.31.66.13.pcap,Friday-23-02-2018_157.pcap,01_pcap/Friday-23-02-2018/capEC2AMAZ-O4EL3NG-172.31.66.13.pcap,01_pcap/Friday-23-02-2018/Friday-23-02-2018_157.pcap
Friday-23-02-2018,capEC2AMAZ-O4EL3NG-172.31.66.14.pcap,Friday-23-02-2018_158.pcap,01_pcap/Friday-23-02-2018/capEC2AMAZ-O4EL3NG-172.31.66.14.pcap,01_pcap/Friday-23-02-2018/Friday-23-02-2018_158.pcap
Friday-23-02-2018,capEC2AMAZ-O4EL3NG-172.31.66.16.pcap,Friday-23-02-2018_159.pcap,01_pcap/Friday-23-02-2018/capEC2AMAZ-O4EL3NG-172.31.66.16.pcap,01_pcap/Friday-23-02-2018/Friday-23-02-2018_159.pcap
Friday-23-02-2018,capEC2AMAZ-O4EL3NG-172.31.66.17.pcap,Friday-23-02-2018_160.pcap,01_pcap/Friday-23-02-2018/capEC2AMAZ-O4EL3NG-172.31.66.17.pcap,01_pcap/Friday-23-02-2018/Friday-23-02-2018_160.pcap
Friday-23-02-2018,capEC2AMAZ-O4EL3NG-172.31.66.20.pcap,Friday-23-02-2018_161.pcap,01_pcap/Friday-23-02-2018/capEC2AMAZ-O4EL3NG-172.31.66.20.pcap,01_pcap/Friday-23-02-2018/Friday-23-02-2018_161.pcap
Friday-23-02-2018,capEC2AMAZ-O4EL3NG-172.31.66.25.pcap,Friday-23-02-2018_162.pcap,01_pcap/Friday-23-02-2018/capEC2AMAZ-O4EL3NG-172.31.66.25.pcap,01_pcap/Friday-23-02-2018/Friday-23-02-2018_162.pcap
Friday-23-02-2018,capEC2AMAZ-O4EL3NG-172.31.66.26.pcap,Friday-23-02-2018_163.pcap,01_pcap/Friday-23-02-2018/capEC2AMAZ-O4EL3NG-172.31.66.26.pcap,01_pcap/Friday-23-02-2018/Friday-23-02-2018_163.pcap
Friday-23-02-2018,capEC2AMAZ-O4EL3NG-172.31.66.28.pcap,Friday-23-02-2018_164.pcap,01_pcap/Friday-23-02-2018/capEC2AMAZ-O4EL3NG-172.31.66.28.pcap,01_pcap/Friday-23-02-2018/Friday-23-02-2018_164.pcap
Friday-23-02-2018,capEC2AMAZ-O4EL3NG-172.31.66.29.pcap,Friday-23-02-2018_165.pcap,01_pcap/Friday-23-02-2018/capEC2AMAZ-O4EL3NG-172.31.66.29.pcap,01_pcap/Friday-23-02-2018/Friday-23-02-2018_165.pcap
Friday-23-02-2018,capEC2AMAZ-O4EL3NG-172.31.66.34.pcap,Friday-23-02-2018_166.pcap,01_pcap/Friday-23-02-2018/capEC2AMAZ-O4EL3NG-172.31.66.34.pcap,01_pcap/Friday-23-02-2018/Friday-23-02-2018_166.pcap
Friday-23-02-2018,capEC2AMAZ-O4EL3NG-172.31.66.35.pcap,Friday-23-02-2018_167.pcap,01_pcap/Friday-23-02-2018/capEC2AMAZ-O4EL3NG-172.31.66.35.pcap,01_pcap/Friday-23-02-2018/Friday-23-02-2018_167.pcap
Friday-23-02-2018,capEC2AMAZ-O4EL3NG-172.31.66.37.pcap,Friday-23-02-2018_168.pcap,01_pcap/Friday-23-02-2018/capEC2AMAZ-O4EL3NG-172.31.66.37.pcap,01_pcap/Friday-23-02-2018/Friday-23-02-2018_168.pcap
Friday-23-02-2018,capEC2AMAZ-O4EL3NG-172.31.66.38.pcap,Friday-23-02-2018_169.pcap,01_pcap/Friday-23-02-2018/capEC2AMAZ-O4EL3NG-172.31.66.38.pcap,01_pcap/Friday-23-02-2018/Friday-23-02-2018_169.pcap
Friday-23-02-2018,capEC2AMAZ-O4EL3NG-172.31.66.40.pcap,Friday-23-02-2018_170.pcap,01_pcap/Friday-23-02-2018/capEC2AMAZ-O4EL3NG-172.31.66.40.pcap,01_pcap/Friday-23-02-2018/Friday-23-02-2018_170.pcap
Friday-23-02-2018,capEC2AMAZ-O4EL3NG-172.31.66.44.pcap,Friday-23-02-2018_171.pcap,01_pcap/Friday-23-02-2018/capEC2AMAZ-O4EL3NG-172.31.66.44.pcap,01_pcap/Friday-23-02-2018/Friday-23-02-2018_171.pcap
Friday-23-02-2018,capEC2AMAZ-O4EL3NG-172.31.66.48.pcap,Friday-23-02-2018_172.pcap,01_pcap/Friday-23-02-2018/capEC2AMAZ-O4EL3NG-172.31.66.48.pcap,01_pcap/Friday-23-02-2018/Friday-23-02-2018_172.pcap
Friday-23-02-2018,capEC2AMAZ-O4EL3NG-172.31.66.51.pcap,Friday-23-02-2018_173.pcap,01_pcap/Friday-23-02-2018/capEC2AMAZ-O4EL3NG-172.31.66.51.pcap,01_pcap/Friday-23-02-2018/Friday-23-02-2018_173.pcap
Friday-23-02-2018,capEC2AMAZ-O4EL3NG-172.31.66.53.pcap,Friday-23-02-2018_174.pcap,01_pcap/Friday-23-02-2018/capEC2AMAZ-O4EL3NG-172.31.66.53.pcap,01_pcap/Friday-23-02-2018/Friday-23-02-2018_174.pcap
Friday-23-02-2018,capEC2AMAZ-O4EL3NG-172.31.66.55.pcap,Friday-23-02-2018_175.pcap,01_pcap/Friday-23-02-2018/capEC2AMAZ-O4EL3NG-172.31.66.55.pcap,01_pcap/Friday-23-02-2018/Friday-23-02-2018_175.pcap
Friday-23-02-2018,capEC2AMAZ-O4EL3NG-172.31.66.56.pcap,Friday-23-02-2018_176.pcap,01_pcap/Friday-23-02-2018/capEC2AMAZ-O4EL3NG-172.31.66.56.pcap,01_pcap/Friday-23-02-2018/Friday-23-02-2018_176.pcap
Friday-23-02-2018,capEC2AMAZ-O4EL3NG-172.31.66.57.pcap,Friday-23-02-2018_177.pcap,01_pcap/Friday-23-02-2018/capEC2AMAZ-O4EL3NG-172.31.66.57.pcap,01_pcap/Friday-23-02-2018/Friday-23-02-2018_177.pcap
Friday-23-02-2018,capEC2AMAZ-O4EL3NG-172.31.66.60.pcap,Friday-23-02-2018_178.pcap,01_pcap/Friday-23-02-2018/capEC2AMAZ-O4EL3NG-172.31.66.60.pcap,01_pcap/Friday-23-02-2018/Friday-23-02-2018_178.pcap
Friday-23-02-2018,capEC2AMAZ-O4EL3NG-172.31.66.61.pcap,Friday-23-02-2018_179.pcap,01_pcap/Friday-23-02-2018/capEC2AMAZ-O4EL3NG-172.31.66.61.pcap,01_pcap/Friday-23-02-2018/Friday-23-02-2018_179.pcap
Friday-23-02-2018,capEC2AMAZ-O4EL3NG-172.31.66.64.pcap,Friday-23-02-2018_180.pcap,01_pcap/Friday-23-02-2018/capEC2AMAZ-O4EL3NG-172.31.66.64.pcap,01_pcap/Friday-23-02-2018/Friday-23-02-2018_180.pcap
Friday-23-02-2018,capEC2AMAZ-O4EL3NG-172.31.66.65.pcap,Friday-23-02-2018_181.pcap,01_pcap/Friday-23-02-2018/capEC2AMAZ-O4EL3NG-172.31.66.65.pcap,01_pcap/Friday-23-02-2018/Friday-23-02-2018_181.pcap
Friday-23-02-2018,capEC2AMAZ-O4EL3NG-172.31.66.66.pcap,Friday-23-02-2018_182.pcap,01_pcap/Friday-23-02-2018/capEC2AMAZ-O4EL3NG-172.31.66.66.pcap,01_pcap/Friday-23-02-2018/Friday-23-02-2018_182.pcap
Friday-23-02-2018,capEC2AMAZ-O4EL3NG-172.31.66.68.pcap,Friday-23-02-2018_183.pcap,01_pcap/Friday-23-02-2018/capEC2AMAZ-O4EL3NG-172.31.66.68.pcap,01_pcap/Friday-23-02-2018/Friday-23-02-2018_183.pcap
Friday-23-02-2018,capEC2AMAZ-O4EL3NG-172.31.66.70.pcap,Friday-23-02-2018_184.pcap,01_pcap/Friday-23-02-2018/capEC2AMAZ-O4EL3NG-172.31.66.70.pcap,01_pcap/Friday-23-02-2018/Friday-23-02-2018_184.pcap
Friday-23-02-2018,capEC2AMAZ-O4EL3NG-172.31.66.71.pcap,Friday-23-02-2018_185.pcap,01_pcap/Friday-23-02-2018/capEC2AMAZ-O4EL3NG-172.31.66.71.pcap,01_pcap/Friday-23-02-2018/Friday-23-02-2018_185.pcap
Friday-23-02-2018,capEC2AMAZ-O4EL3NG-172.31.66.73.pcap,Friday-23-02-2018_186.pcap,01_pcap/Friday-23-02-2018/capEC2AMAZ-O4EL3NG-172.31.66.73.pcap,01_pcap/Friday-23-02-2018/Friday-23-02-2018_186.pcap
Friday-23-02-2018,capEC2AMAZ-O4EL3NG-172.31.66.74.pcap,Friday-23-02-2018_187.pcap,01_pcap/Friday-23-02-2018/capEC2AMAZ-O4EL3NG-172.31.66.74.pcap,01_pcap/Friday-23-02-2018/Friday-23-02-2018_187.pcap
Friday-23-02-2018,capEC2AMAZ-O4EL3NG-172.31.66.75.pcap,Friday-23-02-2018_188.pcap,01_pcap/Friday-23-02-2018/capEC2AMAZ-O4EL3NG-172.31.66.75.pcap,01_pcap/Friday-23-02-2018/Friday-23-02-2018_188.pcap
Friday-23-02-2018,capEC2AMAZ-O4EL3NG-172.31.66.77.pcap,Friday-23-02-2018_189.pcap,01_pcap/Friday-23-02-2018/capEC2AMAZ-O4EL3NG-172.31.66.77.pcap,01_pcap/Friday-23-02-2018/Friday-23-02-2018_189.pcap
Friday-23-02-2018,capEC2AMAZ-O4EL3NG-172.31.66.78.pcap,Friday-23-02-2018_190.pcap,01_pcap/Friday-23-02-2018/capEC2AMAZ-O4EL3NG-172.31.66.78.pcap,01_pcap/Friday-23-02-2018/Friday-23-02-2018_190.pcap
Friday-23-02-2018,capEC2AMAZ-O4EL3NG-172.31.66.80.pcap,Friday-23-02-2018_191.pcap,01_pcap/Friday-23-02-2018/capEC2AMAZ-O4EL3NG-172.31.66.80.pcap,01_pcap/Friday-23-02-2018/Friday-23-02-2018_191.pcap
Friday-23-02-2018,capEC2AMAZ-O4EL3NG-172.31.66.81.pcap,Friday-23-02-2018_192.pcap,01_pcap/Friday-23-02-2018/capEC2AMAZ-O4EL3NG-172.31.66.81.pcap,01_pcap/Friday-23-02-2018/Friday-23-02-2018_192.pcap
Friday-23-02-2018,capEC2AMAZ-O4EL3NG-172.31.66.84.pcap,Friday-23-02-2018_193.pcap,01_pcap/Friday-23-02-2018/capEC2AMAZ-O4EL3NG-172.31.66.84.pcap,01_pcap/Friday-23-02-2018/Friday-23-02-2018_193.pcap
Friday-23-02-2018,capEC2AMAZ-O4EL3NG-172.31.66.86.pcap,Friday-23-02-2018_194.pcap,01_pcap/Friday-23-02-2018/capEC2AMAZ-O4EL3NG-172.31.66.86.pcap,01_pcap/Friday-23-02-2018/Friday-23-02-2018_194.pcap
Friday-23-02-2018,capEC2AMAZ-O4EL3NG-172.31.66.87.pcap,Friday-23-02-2018_195.pcap,01_pcap/Friday-23-02-2018/capEC2AMAZ-O4EL3NG-172.31.66.87.pcap,01_pcap/Friday-23-02-2018/Friday-23-02-2018_195.pcap
Friday-23-02-2018,capEC2AMAZ-O4EL3NG-172.31.66.91.pcap,Friday-23-02-2018_196.pcap,01_pcap/Friday-23-02-2018/capEC2AMAZ-O4EL3NG-172.31.66.91.pcap,01_pcap/Friday-23-02-2018/Friday-23-02-2018_196.pcap
Friday-23-02-2018,capEC2AMAZ-O4EL3NG-172.31.66.94.pcap,Friday-23-02-2018_197.pcap,01_pcap/Friday-23-02-2018/capEC2AMAZ-O4EL3NG-172.31.66.94.pcap,01_pcap/Friday-23-02-2018/Friday-23-02-2018_197.pcap
Friday-23-02-2018,capEC2AMAZ-O4EL3NG-172.31.66.95.pcap,Friday-23-02-2018_198.pcap,01_pcap/Friday-23-02-2018/capEC2AMAZ-O4EL3NG-172.31.66.95.pcap,01_pcap/Friday-23-02-2018/Friday-23-02-2018_198.pcap
Friday-23-02-2018,capEC2AMAZ-O4EL3NG-172.31.66.97.pcap,Friday-23-02-2018_199.pcap,01_pcap/Friday-23-02-2018/capEC2AMAZ-O4EL3NG-172.31.66.97.pcap,01_pcap/Friday-23-02-2018/Friday-23-02-2018_199.pcap
Friday-23-02-2018,capEC2AMAZ-O4EL3NG-172.31.66.98.pcap,Friday-23-02-2018_200.pcap,01_pcap/Friday-23-02-2018/capEC2AMAZ-O4EL3NG-172.31.66.98.pcap,01_pcap/Friday-23-02-2018/Friday-23-02-2018_200.pcap
Friday-23-02-2018,capEC2AMAZ-O4EL3NG-172.31.66.105.pcap,Friday-23-02-2018_201.pcap,01_pcap/Friday-23-02-2018/capEC2AMAZ-O4EL3NG-172.31.66.105.pcap,01_pcap/Friday-23-02-2018/Friday-23-02-2018_201.pcap
Friday-23-02-2018,capEC2AMAZ-O4EL3NG-172.31.66.107.pcap,Friday-23-02-2018_202.pcap,01_pcap/Friday-23-02-2018/capEC2AMAZ-O4EL3NG-172.31.66.107.pcap,01_pcap/Friday-23-02-2018/Friday-23-02-2018_202.pcap
Friday-23-02-2018,capEC2AMAZ-O4EL3NG-172.31.66.108.pcap,Friday-23-02-2018_203.pcap,01_pcap/Friday-23-02-2018/capEC2AMAZ-O4EL3NG-172.31.66.108.pcap,01_pcap/Friday-23-02-2018/Friday-23-02-2018_203.pcap
Friday-23-02-2018,capEC2AMAZ-O4EL3NG-172.31.66.109.pcap,Friday-23-02-2018_204.pcap,01_pcap/Friday-23-02-2018/capEC2AMAZ-O4EL3NG-172.31.66.109.pcap,01_pcap/Friday-23-02-2018/Friday-23-02-2018_204.pcap
Friday-23-02-2018,capEC2AMAZ-O4EL3NG-172.31.66.113.pcap,Friday-23-02-2018_205.pcap,01_pcap/Friday-23-02-2018/capEC2AMAZ-O4EL3NG-172.31.66.113.pcap,01_pcap/Friday-23-02-2018/Friday-23-02-2018_205.pcap
Friday-23-02-2018,capEC2AMAZ-O4EL3NG-172.31.66.116.pcap,Friday-23-02-2018_206.pcap,01_pcap/Friday-23-02-2018/capEC2AMAZ-O4EL3NG-172.31.66.116.pcap,01_pcap/Friday-23-02-2018/Friday-23-02-2018_206.pcap
Friday-23-02-2018,capEC2AMAZ-O4EL3NG-172.31.66.119.pcap,Friday-23-02-2018_207.pcap,01_pcap/Friday-23-02-2018/capEC2AMAZ-O4EL3NG-172.31.66.119.pcap,01_pcap/Friday-23-02-2018/Friday-23-02-2018_207.pcap
Friday-23-02-2018,capEC2AMAZ-O4EL3NG-172.31.66.122.pcap,Friday-23-02-2018_208.pcap,01_pcap/Friday-23-02-2018/capEC2AMAZ-O4EL3NG-172.31.66.122.pcap,01_pcap/Friday-23-02-2018/Friday-23-02-2018_208.pcap
Friday-23-02-2018,capEC2AMAZ-O4EL3NG-172.31.66.124.pcap,Friday-23-02-2018_209.pcap,01_pcap/Friday-23-02-2018/capEC2AMAZ-O4EL3NG-172.31.66.124.pcap,01_pcap/Friday-23-02-2018/Friday-23-02-2018_209.pcap
Friday-23-02-2018,capEC2AMAZ-O4EL3NG-172.31.67.6.pcap,Friday-23-02-2018_210.pcap,01_pcap/Friday-23-02-2018/capEC2AMAZ-O4EL3NG-172.31.67.6.pcap,01_pcap/Friday-23-02-2018/Friday-23-02-2018_210.pcap
Friday-23-02-2018,capEC2AMAZ-O4EL3NG-172.31.67.7.pcap,Friday-23-02-2018_211.pcap,01_pcap/Friday-23-02-2018/capEC2AMAZ-O4EL3NG-172.31.67.7.pcap,01_pcap/Friday-23-02-2018/Friday-23-02-2018_211.pcap
Friday-23-02-2018,capEC2AMAZ-O4EL3NG-172.31.67.12.pcap,Friday-23-02-2018_212.pcap,01_pcap/Friday-23-02-2018/capEC2AMAZ-O4EL3NG-172.31.67.12.pcap,01_pcap/Friday-23-02-2018/Friday-23-02-2018_212.pcap
Friday-23-02-2018,capEC2AMAZ-O4EL3NG-172.31.67.16.pcap,Friday-23-02-2018_213.pcap,01_pcap/Friday-23-02-2018/capEC2AMAZ-O4EL3NG-172.31.67.16.pcap,01_pcap/Friday-23-02-2018/Friday-23-02-2018_213.pcap
Friday-23-02-2018,capEC2AMAZ-O4EL3NG-172.31.67.17.pcap,Friday-23-02-2018_214.pcap,01_pcap/Friday-23-02-2018/capEC2AMAZ-O4EL3NG-172.31.67.17.pcap,01_pcap/Friday-23-02-2018/Friday-23-02-2018_214.pcap
Friday-23-02-2018,capEC2AMAZ-O4EL3NG-172.31.67.18.pcap,Friday-23-02-2018_215.pcap,01_pcap/Friday-23-02-2018/capEC2AMAZ-O4EL3NG-172.31.67.18.pcap,01_pcap/Friday-23-02-2018/Friday-23-02-2018_215.pcap
Friday-23-02-2018,capEC2AMAZ-O4EL3NG-172.31.67.20.pcap,Friday-23-02-2018_216.pcap,01_pcap/Friday-23-02-2018/capEC2AMAZ-O4EL3NG-172.31.67.20.pcap,01_pcap/Friday-23-02-2018/Friday-23-02-2018_216.pcap
Friday-23-02-2018,capEC2AMAZ-O4EL3NG-172.31.67.24.pcap,Friday-23-02-2018_217.pcap,01_pcap/Friday-23-02-2018/capEC2AMAZ-O4EL3NG-172.31.67.24.pcap,01_pcap/Friday-23-02-2018/Friday-23-02-2018_217.pcap
Friday-23-02-2018,capEC2AMAZ-O4EL3NG-172.31.67.29.pcap,Friday-23-02-2018_218.pcap,01_pcap/Friday-23-02-2018/capEC2AMAZ-O4EL3NG-172.31.67.29.pcap,01_pcap/Friday-23-02-2018/Friday-23-02-2018_218.pcap
Friday-23-02-2018,capEC2AMAZ-O4EL3NG-172.31.67.31.pcap,Friday-23-02-2018_219.pcap,01_pcap/Friday-23-02-2018/capEC2AMAZ-O4EL3NG-172.31.67.31.pcap,01_pcap/Friday-23-02-2018/Friday-23-02-2018_219.pcap
Friday-23-02-2018,capEC2AMAZ-O4EL3NG-172.31.67.37.pcap,Friday-23-02-2018_220.pcap,01_pcap/Friday-23-02-2018/capEC2AMAZ-O4EL3NG-172.31.67.37.pcap,01_pcap/Friday-23-02-2018/Friday-23-02-2018_220.pcap
Friday-23-02-2018,capEC2AMAZ-O4EL3NG-172.31.67.38.pcap,Friday-23-02-2018_221.pcap,01_pcap/Friday-23-02-2018/capEC2AMAZ-O4EL3NG-172.31.67.38.pcap,01_pcap/Friday-23-02-2018/Friday-23-02-2018_221.pcap
Friday-23-02-2018,capEC2AMAZ-O4EL3NG-172.31.67.42.pcap,Friday-23-02-2018_222.pcap,01_pcap/Friday-23-02-2018/capEC2AMAZ-O4EL3NG-172.31.67.42.pcap,01_pcap/Friday-23-02-2018/Friday-23-02-2018_222.pcap
Friday-23-02-2018,capEC2AMAZ-O4EL3NG-172.31.67.45.pcap,Friday-23-02-2018_223.pcap,01_pcap/Friday-23-02-2018/capEC2AMAZ-O4EL3NG-172.31.67.45.pcap,01_pcap/Friday-23-02-2018/Friday-23-02-2018_223.pcap
Friday-23-02-2018,capEC2AMAZ-O4EL3NG-172.31.67.47.pcap,Friday-23-02-2018_224.pcap,01_pcap/Friday-23-02-2018/capEC2AMAZ-O4EL3NG-172.31.67.47.pcap,01_pcap/Friday-23-02-2018/Friday-23-02-2018_224.pcap
Friday-23-02-2018,capEC2AMAZ-O4EL3NG-172.31.67.48.pcap,Friday-23-02-2018_225.pcap,01_pcap/Friday-23-02-2018/capEC2AMAZ-O4EL3NG-172.31.67.48.pcap,01_pcap/Friday-23-02-2018/Friday-23-02-2018_225.pcap
Friday-23-02-2018,capEC2AMAZ-O4EL3NG-172.31.67.52.pcap,Friday-23-02-2018_226.pcap,01_pcap/Friday-23-02-2018/capEC2AMAZ-O4EL3NG-172.31.67.52.pcap,01_pcap/Friday-23-02-2018/Friday-23-02-2018_226.pcap
Friday-23-02-2018,capEC2AMAZ-O4EL3NG-172.31.67.53.pcap,Friday-23-02-2018_227.pcap,01_pcap/Friday-23-02-2018/capEC2AMAZ-O4EL3NG-172.31.67.53.pcap,01_pcap/Friday-23-02-2018/Friday-23-02-2018_227.pcap
Friday-23-02-2018,capEC2AMAZ-O4EL3NG-172.31.67.57.pcap,Friday-23-02-2018_228.pcap,01_pcap/Friday-23-02-2018/capEC2AMAZ-O4EL3NG-172.31.67.57.pcap,01_pcap/Friday-23-02-2018/Friday-23-02-2018_228.pcap
Friday-23-02-2018,capEC2AMAZ-O4EL3NG-172.31.67.58.pcap,Friday-23-02-2018_229.pcap,01_pcap/Friday-23-02-2018/capEC2AMAZ-O4EL3NG-172.31.67.58.pcap,01_pcap/Friday-23-02-2018/Friday-23-02-2018_229.pcap
Friday-23-02-2018,capEC2AMAZ-O4EL3NG-172.31.67.60.pcap,Friday-23-02-2018_230.pcap,01_pcap/Friday-23-02-2018/capEC2AMAZ-O4EL3NG-172.31.67.60.pcap,01_pcap/Friday-23-02-2018/Friday-23-02-2018_230.pcap
Friday-23-02-2018,capEC2AMAZ-O4EL3NG-172.31.67.61.pcap,Friday-23-02-2018_231.pcap,01_pcap/Friday-23-02-2018/capEC2AMAZ-O4EL3NG-172.31.67.61.pcap,01_pcap/Friday-23-02-2018/Friday-23-02-2018_231.pcap
Friday-23-02-2018,capEC2AMAZ-O4EL3NG-172.31.67.64.pcap,Friday-23-02-2018_232.pcap,01_pcap/Friday-23-02-2018/capEC2AMAZ-O4EL3NG-172.31.67.64.pcap,01_pcap/Friday-23-02-2018/Friday-23-02-2018_232.pcap
Friday-23-02-2018,capEC2AMAZ-O4EL3NG-172.31.67.66.pcap,Friday-23-02-2018_233.pcap,01_pcap/Friday-23-02-2018/capEC2AMAZ-O4EL3NG-172.31.67.66.pcap,01_pcap/Friday-23-02-2018/Friday-23-02-2018_233.pcap
Friday-23-02-2018,capEC2AMAZ-O4EL3NG-172.31.67.67.pcap,Friday-23-02-2018_234.pcap,01_pcap/Friday-23-02-2018/capEC2AMAZ-O4EL3NG-172.31.67.67.pcap,01_pcap/Friday-23-02-2018/Friday-23-02-2018_234.pcap
Friday-23-02-2018,capEC2AMAZ-O4EL3NG-172.31.67.73.pcap,Friday-23-02-2018_235.pcap,01_pcap/Friday-23-02-2018/capEC2AMAZ-O4EL3NG-172.31.67.73.pcap,01_pcap/Friday-23-02-2018/Friday-23-02-2018_235.pcap
Friday-23-02-2018,capEC2AMAZ-O4EL3NG-172.31.67.75.pcap,Friday-23-02-2018_236.pcap,01_pcap/Friday-23-02-2018/capEC2AMAZ-O4EL3NG-172.31.67.75.pcap,01_pcap/Friday-23-02-2018/Friday-23-02-2018_236.pcap
Friday-23-02-2018,capEC2AMAZ-O4EL3NG-172.31.67.77.pcap,Friday-23-02-2018_237.pcap,01_pcap/Friday-23-02-2018/capEC2AMAZ-O4EL3NG-172.31.67.77.pcap,01_pcap/Friday-23-02-2018/Friday-23-02-2018_237.pcap
Friday-23-02-2018,capEC2AMAZ-O4EL3NG-172.31.67.91.pcap,Friday-23-02-2018_238.pcap,01_pcap/Friday-23-02-2018/capEC2AMAZ-O4EL3NG-172.31.67.91.pcap,01_pcap/Friday-23-02-2018/Friday-23-02-2018_238.pcap
Friday-23-02-2018,capEC2AMAZ-O4EL3NG-172.31.67.92.pcap,Friday-23-02-2018_239.pcap,01_pcap/Friday-23-02-2018/capEC2AMAZ-O4EL3NG-172.31.67.92.pcap,01_pcap/Friday-23-02-2018/Friday-23-02-2018_239.pcap
Friday-23-02-2018,capEC2AMAZ-O4EL3NG-172.31.67.96.pcap,Friday-23-02-2018_240.pcap,01_pcap/Friday-23-02-2018/capEC2AMAZ-O4EL3NG-172.31.67.96.pcap,01_pcap/Friday-23-02-2018/Friday-23-02-2018_240.pcap
Friday-23-02-2018,capEC2AMAZ-O4EL3NG-172.31.67.99.pcap,Friday-23-02-2018_241.pcap,01_pcap/Friday-23-02-2018/capEC2AMAZ-O4EL3NG-172.31.67.99.pcap,01_pcap/Friday-23-02-2018/Friday-23-02-2018_241.pcap
Friday-23-02-2018,capEC2AMAZ-O4EL3NG-172.31.67.100.pcap,Friday-23-02-2018_242.pcap,01_pcap/Friday-23-02-2018/capEC2AMAZ-O4EL3NG-172.31.67.100.pcap,01_pcap/Friday-23-02-2018/Friday-23-02-2018_242.pcap
Friday-23-02-2018,capEC2AMAZ-O4EL3NG-172.31.67.112.pcap,Friday-23-02-2018_243.pcap,01_pcap/Friday-23-02-2018/capEC2AMAZ-O4EL3NG-172.31.67.112.pcap,01_pcap/Friday-23-02-2018/Friday-23-02-2018_243.pcap
Friday-23-02-2018,capEC2AMAZ-O4EL3NG-172.31.67.113.pcap,Friday-23-02-2018_244.pcap,01_pcap/Friday-23-02-2018/capEC2AMAZ-O4EL3NG-172.31.67.113.pcap,01_pcap/Friday-23-02-2018/Friday-23-02-2018_244.pcap
Friday-23-02-2018,capEC2AMAZ-O4EL3NG-172.31.67.115.pcap,Friday-23-02-2018_245.pcap,01_pcap/Friday-23-02-2018/capEC2AMAZ-O4EL3NG-172.31.67.115.pcap,01_pcap/Friday-23-02-2018/Friday-23-02-2018_245.pcap
Friday-23-02-2018,capEC2AMAZ-O4EL3NG-172.31.67.117.pcap,Friday-23-02-2018_246.pcap,01_pcap/Friday-23-02-2018/capEC2AMAZ-O4EL3NG-172.31.67.117.pcap,01_pcap/Friday-23-02-2018/Friday-23-02-2018_246.pcap
Friday-23-02-2018,capEC2AMAZ-O4EL3NG-172.31.67.120.pcap,Friday-23-02-2018_247.pcap,01_pcap/Friday-23-02-2018/capEC2AMAZ-O4EL3NG-172.31.67.120.pcap,01_pcap/Friday-23-02-2018/Friday-23-02-2018_247.pcap
Friday-23-02-2018,capEC2AMAZ-O4EL3NG-172.31.67.122.pcap,Friday-23-02-2018_248.pcap,01_pcap/Friday-23-02-2018/capEC2AMAZ-O4EL3NG-172.31.67.122.pcap,01_pcap/Friday-23-02-2018/Friday-23-02-2018_248.pcap
Friday-23-02-2018,capEC2AMAZ-O4EL3NG-172.31.67.126.pcap,Friday-23-02-2018_249.pcap,01_pcap/Friday-23-02-2018/capEC2AMAZ-O4EL3NG-172.31.67.126.pcap,01_pcap/Friday-23-02-2018/Friday-23-02-2018_249.pcap
Friday-23-02-2018,capEC2AMAZ-O4EL3NG-172.31.68.4.pcap,Friday-23-02-2018_250.pcap,01_pcap/Friday-23-02-2018/capEC2AMAZ-O4EL3NG-172.31.68.4.pcap,01_pcap/Friday-23-02-2018/Friday-23-02-2018_250.pcap
Friday-23-02-2018,capEC2AMAZ-O4EL3NG-172.31.68.5.pcap,Friday-23-02-2018_251.pcap,01_pcap/Friday-23-02-2018/capEC2AMAZ-O4EL3NG-172.31.68.5.pcap,01_pcap/Friday-23-02-2018/Friday-23-02-2018_251.pcap
Friday-23-02-2018,capEC2AMAZ-O4EL3NG-172.31.68.6.pcap,Friday-23-02-2018_252.pcap,01_pcap/Friday-23-02-2018/capEC2AMAZ-O4EL3NG-172.31.68.6.pcap,01_pcap/Friday-23-02-2018/Friday-23-02-2018_252.pcap
Friday-23-02-2018,capEC2AMAZ-O4EL3NG-172.31.68.8.pcap,Friday-23-02-2018_253.pcap,01_pcap/Friday-23-02-2018/capEC2AMAZ-O4EL3NG-172.31.68.8.pcap,01_pcap/Friday-23-02-2018/Friday-23-02-2018_253.pcap
Friday-23-02-2018,capEC2AMAZ-O4EL3NG-172.31.68.9.pcap,Friday-23-02-2018_254.pcap,01_pcap/Friday-23-02-2018/capEC2AMAZ-O4EL3NG-172.31.68.9.pcap,01_pcap/Friday-23-02-2018/Friday-23-02-2018_254.pcap
Friday-23-02-2018,capEC2AMAZ-O4EL3NG-172.31.68.10.pcap,Friday-23-02-2018_255.pcap,01_pcap/Friday-23-02-2018/capEC2AMAZ-O4EL3NG-172.31.68.10.pcap,01_pcap/Friday-23-02-2018/Friday-23-02-2018_255.pcap
Friday-23-02-2018,capEC2AMAZ-O4EL3NG-172.31.68.11.pcap,Friday-23-02-2018_256.pcap,01_pcap/Friday-23-02-2018/capEC2AMAZ-O4EL3NG-172.31.68.11.pcap,01_pcap/Friday-23-02-2018/Friday-23-02-2018_256.pcap
Friday-23-02-2018,capEC2AMAZ-O4EL3NG-172.31.68.12.pcap,Friday-23-02-2018_257.pcap,01_pcap/Friday-23-02-2018/capEC2AMAZ-O4EL3NG-172.31.68.12.pcap,01_pcap/Friday-23-02-2018/Friday-23-02-2018_257.pcap
Friday-23-02-2018,capEC2AMAZ-O4EL3NG-172.31.68.13.pcap,Friday-23-02-2018_258.pcap,01_pcap/Friday-23-02-2018/capEC2AMAZ-O4EL3NG-172.31.68.13.pcap,01_pcap/Friday-23-02-2018/Friday-23-02-2018_258.pcap
Friday-23-02-2018,capEC2AMAZ-O4EL3NG-172.31.68.14.pcap,Friday-23-02-2018_259.pcap,01_pcap/Friday-23-02-2018/capEC2AMAZ-O4EL3NG-172.31.68.14.pcap,01_pcap/Friday-23-02-2018/Friday-23-02-2018_259.pcap
Friday-23-02-2018,capEC2AMAZ-O4EL3NG-172.31.68.15.pcap,Friday-23-02-2018_260.pcap,01_pcap/Friday-23-02-2018/capEC2AMAZ-O4EL3NG-172.31.68.15.pcap,01_pcap/Friday-23-02-2018/Friday-23-02-2018_260.pcap
Friday-23-02-2018,capEC2AMAZ-O4EL3NG-172.31.68.18.pcap,Friday-23-02-2018_261.pcap,01_pcap/Friday-23-02-2018/capEC2AMAZ-O4EL3NG-172.31.68.18.pcap,01_pcap/Friday-23-02-2018/Friday-23-02-2018_261.pcap
Friday-23-02-2018,capEC2AMAZ-O4EL3NG-172.31.68.19.pcap,Friday-23-02-2018_262.pcap,01_pcap/Friday-23-02-2018/capEC2AMAZ-O4EL3NG-172.31.68.19.pcap,01_pcap/Friday-23-02-2018/Friday-23-02-2018_262.pcap
Friday-23-02-2018,capEC2AMAZ-O4EL3NG-172.31.68.20.pcap,Friday-23-02-2018_263.pcap,01_pcap/Friday-23-02-2018/capEC2AMAZ-O4EL3NG-172.31.68.20.pcap,01_pcap/Friday-23-02-2018/Friday-23-02-2018_263.pcap
Friday-23-02-2018,capEC2AMAZ-O4EL3NG-172.31.68.21.pcap,Friday-23-02-2018_264.pcap,01_pcap/Friday-23-02-2018/capEC2AMAZ-O4EL3NG-172.31.68.21.pcap,01_pcap/Friday-23-02-2018/Friday-23-02-2018_264.pcap
Friday-23-02-2018,capEC2AMAZ-O4EL3NG-172.31.68.23.pcap,Friday-23-02-2018_265.pcap,01_pcap/Friday-23-02-2018/capEC2AMAZ-O4EL3NG-172.31.68.23.pcap,01_pcap/Friday-23-02-2018/Friday-23-02-2018_265.pcap
Friday-23-02-2018,capEC2AMAZ-O4EL3NG-172.31.68.25.pcap,Friday-23-02-2018_266.pcap,01_pcap/Friday-23-02-2018/capEC2AMAZ-O4EL3NG-172.31.68.25.pcap,01_pcap/Friday-23-02-2018/Friday-23-02-2018_266.pcap
Friday-23-02-2018,capEC2AMAZ-O4EL3NG-172.31.68.26.pcap,Friday-23-02-2018_267.pcap,01_pcap/Friday-23-02-2018/capEC2AMAZ-O4EL3NG-172.31.68.26.pcap,01_pcap/Friday-23-02-2018/Friday-23-02-2018_267.pcap
Friday-23-02-2018,capEC2AMAZ-O4EL3NG-172.31.68.28.pcap,Friday-23-02-2018_268.pcap,01_pcap/Friday-23-02-2018/capEC2AMAZ-O4EL3NG-172.31.68.28.pcap,01_pcap/Friday-23-02-2018/Friday-23-02-2018_268.pcap
Friday-23-02-2018,capEC2AMAZ-O4EL3NG-172.31.68.30.pcap,Friday-23-02-2018_269.pcap,01_pcap/Friday-23-02-2018/capEC2AMAZ-O4EL3NG-172.31.68.30.pcap,01_pcap/Friday-23-02-2018/Friday-23-02-2018_269.pcap
Friday-23-02-2018,capEC2AMAZ-O4EL3NG-172.31.69.4.pcap,Friday-23-02-2018_270.pcap,01_pcap/Friday-23-02-2018/capEC2AMAZ-O4EL3NG-172.31.69.4.pcap,01_pcap/Friday-23-02-2018/Friday-23-02-2018_270.pcap
Friday-23-02-2018,capEC2AMAZ-O4EL3NG-172.31.69.5.pcap,Friday-23-02-2018_271.pcap,01_pcap/Friday-23-02-2018/capEC2AMAZ-O4EL3NG-172.31.69.5.pcap,01_pcap/Friday-23-02-2018/Friday-23-02-2018_271.pcap
Friday-23-02-2018,capEC2AMAZ-O4EL3NG-172.31.69.6.pcap,Friday-23-02-2018_272.pcap,01_pcap/Friday-23-02-2018/capEC2AMAZ-O4EL3NG-172.31.69.6.pcap,01_pcap/Friday-23-02-2018/Friday-23-02-2018_272.pcap
Friday-23-02-2018,capEC2AMAZ-O4EL3NG-172.31.69.8.pcap,Friday-23-02-2018_273.pcap,01_pcap/Friday-23-02-2018/capEC2AMAZ-O4EL3NG-172.31.69.8.pcap,01_pcap/Friday-23-02-2018/Friday-23-02-2018_273.pcap
Friday-23-02-2018,capEC2AMAZ-O4EL3NG-172.31.69.9.pcap,Friday-23-02-2018_274.pcap,01_pcap/Friday-23-02-2018/capEC2AMAZ-O4EL3NG-172.31.69.9.pcap,01_pcap/Friday-23-02-2018/Friday-23-02-2018_274.pcap
Friday-23-02-2018,capEC2AMAZ-O4EL3NG-172.31.69.10.pcap,Friday-23-02-2018_275.pcap,01_pcap/Friday-23-02-2018/capEC2AMAZ-O4EL3NG-172.31.69.10.pcap,01_pcap/Friday-23-02-2018/Friday-23-02-2018_275.pcap
Friday-23-02-2018,capEC2AMAZ-O4EL3NG-172.31.69.12.pcap,Friday-23-02-2018_276.pcap,01_pcap/Friday-23-02-2018/capEC2AMAZ-O4EL3NG-172.31.69.12.pcap,01_pcap/Friday-23-02-2018/Friday-23-02-2018_276.pcap
Friday-23-02-2018,capEC2AMAZ-O4EL3NG-172.31.69.13.pcap,Friday-23-02-2018_277.pcap,01_pcap/Friday-23-02-2018/capEC2AMAZ-O4EL3NG-172.31.69.13.pcap,01_pcap/Friday-23-02-2018/Friday-23-02-2018_277.pcap
Friday-23-02-2018,capEC2AMAZ-O4EL3NG-172.31.69.14.pcap,Friday-23-02-2018_278.pcap,01_pcap/Friday-23-02-2018/capEC2AMAZ-O4EL3NG-172.31.69.14.pcap,01_pcap/Friday-23-02-2018/Friday-23-02-2018_278.pcap
Friday-23-02-2018,capEC2AMAZ-O4EL3NG-172.31.69.16.pcap,Friday-23-02-2018_279.pcap,01_pcap/Friday-23-02-2018/capEC2AMAZ-O4EL3NG-172.31.69.16.pcap,01_pcap/Friday-23-02-2018/Friday-23-02-2018_279.pcap
Friday-23-02-2018,capEC2AMAZ-O4EL3NG-172.31.69.17.pcap,Friday-23-02-2018_280.pcap,01_pcap/Friday-23-02-2018/capEC2AMAZ-O4EL3NG-172.31.69.17.pcap,01_pcap/Friday-23-02-2018/Friday-23-02-2018_280.pcap
Friday-23-02-2018,capEC2AMAZ-O4EL3NG-172.31.69.19.pcap,Friday-23-02-2018_281.pcap,01_pcap/Friday-23-02-2018/capEC2AMAZ-O4EL3NG-172.31.69.19.pcap,01_pcap/Friday-23-02-2018/Friday-23-02-2018_281.pcap
Friday-23-02-2018,capEC2AMAZ-O4EL3NG-172.31.69.20.pcap,Friday-23-02-2018_282.pcap,01_pcap/Friday-23-02-2018/capEC2AMAZ-O4EL3NG-172.31.69.20.pcap,01_pcap/Friday-23-02-2018/Friday-23-02-2018_282.pcap
Friday-23-02-2018,capEC2AMAZ-O4EL3NG-172.31.69.23.pcap,Friday-23-02-2018_283.pcap,01_pcap/Friday-23-02-2018/capEC2AMAZ-O4EL3NG-172.31.69.23.pcap,01_pcap/Friday-23-02-2018/Friday-23-02-2018_283.pcap
Friday-23-02-2018,capEC2AMAZ-O4EL3NG-172.31.69.24.pcap,Friday-23-02-2018_284.pcap,01_pcap/Friday-23-02-2018/capEC2AMAZ-O4EL3NG-172.31.69.24.pcap,01_pcap/Friday-23-02-2018/Friday-23-02-2018_284.pcap
Friday-23-02-2018,capEC2AMAZ-O4EL3NG-172.31.69.26.pcap,Friday-23-02-2018_285.pcap,01_pcap/Friday-23-02-2018/capEC2AMAZ-O4EL3NG-172.31.69.26.pcap,01_pcap/Friday-23-02-2018/Friday-23-02-2018_285.pcap
Friday-23-02-2018,capEC2AMAZ-O4EL3NG-172.31.69.29.pcap,Friday-23-02-2018_286.pcap,01_pcap/Friday-23-02-2018/capEC2AMAZ-O4EL3NG-172.31.69.29.pcap,01_pcap/Friday-23-02-2018/Friday-23-02-2018_286.pcap
Friday-23-02-2018,capEC2AMAZ-O4EL3NG-172.31.69.30.pcap,Friday-23-02-2018_287.pcap,01_pcap/Friday-23-02-2018/capEC2AMAZ-O4EL3NG-172.31.69.30.pcap,01_pcap/Friday-23-02-2018/Friday-23-02-2018_287.pcap
Friday-23-02-2018,capPC1-172.31.64.15.pcap,Friday-23-02-2018_288.pcap,01_pcap/Friday-23-02-2018/capPC1-172.31.64.15.pcap,01_pcap/Friday-23-02-2018/Friday-23-02-2018_288.pcap
Friday-23-02-2018,capPC1-172.31.64.18.pcap,Friday-23-02-2018_289.pcap,01_pcap/Friday-23-02-2018/capPC1-172.31.64.18.pcap,01_pcap/Friday-23-02-2018/Friday-23-02-2018_289.pcap
Friday-23-02-2018,capPC1-172.31.64.21.pcap,Friday-23-02-2018_290.pcap,01_pcap/Friday-23-02-2018/capPC1-172.31.64.21.pcap,01_pcap/Friday-23-02-2018/Friday-23-02-2018_290.pcap
Friday-23-02-2018,capPC1-172.31.64.23.pcap,Friday-23-02-2018_291.pcap,01_pcap/Friday-23-02-2018/capPC1-172.31.64.23.pcap,01_pcap/Friday-23-02-2018/Friday-23-02-2018_291.pcap
Friday-23-02-2018,capPC1-172.31.64.31.pcap,Friday-23-02-2018_292.pcap,01_pcap/Friday-23-02-2018/capPC1-172.31.64.31.pcap,01_pcap/Friday-23-02-2018/Friday-23-02-2018_292.pcap
Friday-23-02-2018,capPC1-172.31.64.32.pcap,Friday-23-02-2018_293.pcap,01_pcap/Friday-23-02-2018/capPC1-172.31.64.32.pcap,01_pcap/Friday-23-02-2018/Friday-23-02-2018_293.pcap
Friday-23-02-2018,capPC1-172.31.64.33.pcap,Friday-23-02-2018_294.pcap,01_pcap/Friday-23-02-2018/capPC1-172.31.64.33.pcap,01_pcap/Friday-23-02-2018/Friday-23-02-2018_294.pcap
Friday-23-02-2018,capPC1-172.31.64.34.pcap,Friday-23-02-2018_295.pcap,01_pcap/Friday-23-02-2018/capPC1-172.31.64.34.pcap,01_pcap/Friday-23-02-2018/Friday-23-02-2018_295.pcap
Friday-23-02-2018,capPC1-172.31.64.37.pcap,Friday-23-02-2018_296.pcap,01_pcap/Friday-23-02-2018/capPC1-172.31.64.37.pcap,01_pcap/Friday-23-02-2018/Friday-23-02-2018_296.pcap
Friday-23-02-2018,capPC1-172.31.64.40.pcap,Friday-23-02-2018_297.pcap,01_pcap/Friday-23-02-2018/capPC1-172.31.64.40.pcap,01_pcap/Friday-23-02-2018/Friday-23-02-2018_297.pcap
Friday-23-02-2018,capPC1-172.31.64.41.pcap,Friday-23-02-2018_298.pcap,01_pcap/Friday-23-02-2018/capPC1-172.31.64.41.pcap,01_pcap/Friday-23-02-2018/Friday-23-02-2018_298.pcap
Friday-23-02-2018,capPC1-172.31.64.48.pcap,Friday-23-02-2018_299.pcap,01_pcap/Friday-23-02-2018/capPC1-172.31.64.48.pcap,01_pcap/Friday-23-02-2018/Friday-23-02-2018_299.pcap
Friday-23-02-2018,capPC1-172.31.64.52.pcap,Friday-23-02-2018_300.pcap,01_pcap/Friday-23-02-2018/capPC1-172.31.64.52.pcap,01_pcap/Friday-23-02-2018/Friday-23-02-2018_300.pcap
Friday-23-02-2018,capPC1-172.31.64.64.pcap,Friday-23-02-2018_301.pcap,01_pcap/Friday-23-02-2018/capPC1-172.31.64.64.pcap,01_pcap/Friday-23-02-2018/Friday-23-02-2018_301.pcap
Friday-23-02-2018,capPC1-172.31.64.94.pcap,Friday-23-02-2018_302.pcap,01_pcap/Friday-23-02-2018/capPC1-172.31.64.94.pcap,01_pcap/Friday-23-02-2018/Friday-23-02-2018_302.pcap
Friday-23-02-2018,capPC1-172.31.64.97.pcap,Friday-23-02-2018_303.pcap,01_pcap/Friday-23-02-2018/capPC1-172.31.64.97.pcap,01_pcap/Friday-23-02-2018/Friday-23-02-2018_303.pcap
Friday-23-02-2018,capPC1-172.31.64.106.pcap,Friday-23-02-2018_304.pcap,01_pcap/Friday-23-02-2018/capPC1-172.31.64.106.pcap,01_pcap/Friday-23-02-2018/Friday-23-02-2018_304.pcap
Friday-23-02-2018,capPC1-172.31.64.113.pcap,Friday-23-02-2018_305.pcap,01_pcap/Friday-23-02-2018/capPC1-172.31.64.113.pcap,01_pcap/Friday-23-02-2018/Friday-23-02-2018_305.pcap
Friday-23-02-2018,capPC1-172.31.64.114.pcap,Friday-23-02-2018_306.pcap,01_pcap/Friday-23-02-2018/capPC1-172.31.64.114.pcap,01_pcap/Friday-23-02-2018/Friday-23-02-2018_306.pcap
Friday-23-02-2018,capPC1-172.31.64.116.pcap,Friday-23-02-2018_307.pcap,01_pcap/Friday-23-02-2018/capPC1-172.31.64.116.pcap,01_pcap/Friday-23-02-2018/Friday-23-02-2018_307.pcap
Friday-23-02-2018,capPC1-172.31.64.121.pcap,Friday-23-02-2018_308.pcap,01_pcap/Friday-23-02-2018/capPC1-172.31.64.121.pcap,01_pcap/Friday-23-02-2018/Friday-23-02-2018_308.pcap
Friday-23-02-2018,capPC1-172.31.65.6.pcap,Friday-23-02-2018_309.pcap,01_pcap/Friday-23-02-2018/capPC1-172.31.65.6.pcap,01_pcap/Friday-23-02-2018/Friday-23-02-2018_309.pcap
Friday-23-02-2018,capPC1-172.31.65.13.pcap,Friday-23-02-2018_310.pcap,01_pcap/Friday-23-02-2018/capPC1-172.31.65.13.pcap,01_pcap/Friday-23-02-2018/Friday-23-02-2018_310.pcap
Friday-23-02-2018,capPC1-172.31.65.16.pcap,Friday-23-02-2018_311.pcap,01_pcap/Friday-23-02-2018/capPC1-172.31.65.16.pcap,01_pcap/Friday-23-02-2018/Friday-23-02-2018_311.pcap
Friday-23-02-2018,capPC1-172.31.65.20.pcap,Friday-23-02-2018_312.pcap,01_pcap/Friday-23-02-2018/capPC1-172.31.65.20.pcap,01_pcap/Friday-23-02-2018/Friday-23-02-2018_312.pcap
Friday-23-02-2018,capPC1-172.31.65.25.pcap,Friday-23-02-2018_313.pcap,01_pcap/Friday-23-02-2018/capPC1-172.31.65.25.pcap,01_pcap/Friday-23-02-2018/Friday-23-02-2018_313.pcap
Friday-23-02-2018,capPC1-172.31.65.49.pcap,Friday-23-02-2018_314.pcap,01_pcap/Friday-23-02-2018/capPC1-172.31.65.49.pcap,01_pcap/Friday-23-02-2018/Friday-23-02-2018_314.pcap
Friday-23-02-2018,capPC1-172.31.65.61.pcap,Friday-23-02-2018_315.pcap,01_pcap/Friday-23-02-2018/capPC1-172.31.65.61.pcap,01_pcap/Friday-23-02-2018/Friday-23-02-2018_315.pcap
Friday-23-02-2018,capPC1-172.31.65.67.pcap,Friday-23-02-2018_316.pcap,01_pcap/Friday-23-02-2018/capPC1-172.31.65.67.pcap,01_pcap/Friday-23-02-2018/Friday-23-02-2018_316.pcap
Friday-23-02-2018,capPC1-172.31.65.68.pcap,Friday-23-02-2018_317.pcap,01_pcap/Friday-23-02-2018/capPC1-172.31.65.68.pcap,01_pcap/Friday-23-02-2018/Friday-23-02-2018_317.pcap
Friday-23-02-2018,capPC1-172.31.65.77.pcap,Friday-23-02-2018_318.pcap,01_pcap/Friday-23-02-2018/capPC1-172.31.65.77.pcap,01_pcap/Friday-23-02-2018/Friday-23-02-2018_318.pcap
Friday-23-02-2018,capPC1-172.31.65.79.pcap,Friday-23-02-2018_319.pcap,01_pcap/Friday-23-02-2018/capPC1-172.31.65.79.pcap,01_pcap/Friday-23-02-2018/Friday-23-02-2018_319.pcap
Friday-23-02-2018,capPC1-172.31.65.80.pcap,Friday-23-02-2018_320.pcap,01_pcap/Friday-23-02-2018/capPC1-172.31.65.80.pcap,01_pcap/Friday-23-02-2018/Friday-23-02-2018_320.pcap
Friday-23-02-2018,capPC1-172.31.65.83.pcap,Friday-23-02-2018_321.pcap,01_pcap/Friday-23-02-2018/capPC1-172.31.65.83.pcap,01_pcap/Friday-23-02-2018/Friday-23-02-2018_321.pcap
Friday-23-02-2018,capPC1-172.31.65.100.pcap,Friday-23-02-2018_322.pcap,01_pcap/Friday-23-02-2018/capPC1-172.31.65.100.pcap,01_pcap/Friday-23-02-2018/Friday-23-02-2018_322.pcap
Friday-23-02-2018,capPC1-172.31.65.117.pcap,Friday-23-02-2018_323.pcap,01_pcap/Friday-23-02-2018/capPC1-172.31.65.117.pcap,01_pcap/Friday-23-02-2018/Friday-23-02-2018_323.pcap
Friday-23-02-2018,capPC1-172.31.66.9.pcap,Friday-23-02-2018_324.pcap,01_pcap/Friday-23-02-2018/capPC1-172.31.66.9.pcap,01_pcap/Friday-23-02-2018/Friday-23-02-2018_324.pcap
Friday-23-02-2018,capPC1-172.31.66.10.pcap,Friday-23-02-2018_325.pcap,01_pcap/Friday-23-02-2018/capPC1-172.31.66.10.pcap,01_pcap/Friday-23-02-2018/Friday-23-02-2018_325.pcap
Friday-23-02-2018,capPC1-172.31.66.15.pcap,Friday-23-02-2018_326.pcap,01_pcap/Friday-23-02-2018/capPC1-172.31.66.15.pcap,01_pcap/Friday-23-02-2018/Friday-23-02-2018_326.pcap
Friday-23-02-2018,capPC1-172.31.66.19.pcap,Friday-23-02-2018_327.pcap,01_pcap/Friday-23-02-2018/capPC1-172.31.66.19.pcap,01_pcap/Friday-23-02-2018/Friday-23-02-2018_327.pcap
Friday-23-02-2018,capPC1-172.31.66.24.pcap,Friday-23-02-2018_328.pcap,01_pcap/Friday-23-02-2018/capPC1-172.31.66.24.pcap,01_pcap/Friday-23-02-2018/Friday-23-02-2018_328.pcap
Friday-23-02-2018,capPC1-172.31.66.46.pcap,Friday-23-02-2018_329.pcap,01_pcap/Friday-23-02-2018/capPC1-172.31.66.46.pcap,01_pcap/Friday-23-02-2018/Friday-23-02-2018_329.pcap
Friday-23-02-2018,capPC1-172.31.66.58.pcap,Friday-23-02-2018_330.pcap,01_pcap/Friday-23-02-2018/capPC1-172.31.66.58.pcap,01_pcap/Friday-23-02-2018/Friday-23-02-2018_330.pcap
Friday-23-02-2018,capPC1-172.31.66.69.pcap,Friday-23-02-2018_331.pcap,01_pcap/Friday-23-02-2018/capPC1-172.31.66.69.pcap,01_pcap/Friday-23-02-2018/Friday-23-02-2018_331.pcap
Friday-23-02-2018,capPC1-172.31.66.79.pcap,Friday-23-02-2018_332.pcap,01_pcap/Friday-23-02-2018/capPC1-172.31.66.79.pcap,01_pcap/Friday-23-02-2018/Friday-23-02-2018_332.pcap
Friday-23-02-2018,capPC1-172.31.66.83.pcap,Friday-23-02-2018_333.pcap,01_pcap/Friday-23-02-2018/capPC1-172.31.66.83.pcap,01_pcap/Friday-23-02-2018/Friday-23-02-2018_333.pcap
Friday-23-02-2018,capPC1-172.31.66.90.pcap,Friday-23-02-2018_334.pcap,01_pcap/Friday-23-02-2018/capPC1-172.31.66.90.pcap,01_pcap/Friday-23-02-2018/Friday-23-02-2018_334.pcap
Friday-23-02-2018,capPC1-172.31.66.92.pcap,Friday-23-02-2018_335.pcap,01_pcap/Friday-23-02-2018/capPC1-172.31.66.92.pcap,01_pcap/Friday-23-02-2018/Friday-23-02-2018_335.pcap
Friday-23-02-2018,capPC1-172.31.66.96.pcap,Friday-23-02-2018_336.pcap,01_pcap/Friday-23-02-2018/capPC1-172.31.66.96.pcap,01_pcap/Friday-23-02-2018/Friday-23-02-2018_336.pcap
Friday-23-02-2018,capPC1-172.31.66.99.pcap,Friday-23-02-2018_337.pcap,01_pcap/Friday-23-02-2018/capPC1-172.31.66.99.pcap,01_pcap/Friday-23-02-2018/Friday-23-02-2018_337.pcap
Friday-23-02-2018,capPC1-172.31.66.102.pcap,Friday-23-02-2018_338.pcap,01_pcap/Friday-23-02-2018/capPC1-172.31.66.102.pcap,01_pcap/Friday-23-02-2018/Friday-23-02-2018_338.pcap
Friday-23-02-2018,capPC1-172.31.66.103.pcap,Friday-23-02-2018_339.pcap,01_pcap/Friday-23-02-2018/capPC1-172.31.66.103.pcap,01_pcap/Friday-23-02-2018/Friday-23-02-2018_339.pcap
Friday-23-02-2018,capPC1-172.31.66.110.pcap,Friday-23-02-2018_340.pcap,01_pcap/Friday-23-02-2018/capPC1-172.31.66.110.pcap,01_pcap/Friday-23-02-2018/Friday-23-02-2018_340.pcap
Friday-23-02-2018,capPC1-172.31.66.111.pcap,Friday-23-02-2018_341.pcap,01_pcap/Friday-23-02-2018/capPC1-172.31.66.111.pcap,01_pcap/Friday-23-02-2018/Friday-23-02-2018_341.pcap
Friday-23-02-2018,capPC1-172.31.66.118.pcap,Friday-23-02-2018_342.pcap,01_pcap/Friday-23-02-2018/capPC1-172.31.66.118.pcap,01_pcap/Friday-23-02-2018/Friday-23-02-2018_342.pcap
Friday-23-02-2018,capPC1-172.31.66.121.pcap,Friday-23-02-2018_343.pcap,01_pcap/Friday-23-02-2018/capPC1-172.31.66.121.pcap,01_pcap/Friday-23-02-2018/Friday-23-02-2018_343.pcap
Friday-23-02-2018,capPC1-172.31.67.9.pcap,Friday-23-02-2018_344.pcap,01_pcap/Friday-23-02-2018/capPC1-172.31.67.9.pcap,01_pcap/Friday-23-02-2018/Friday-23-02-2018_344.pcap
Friday-23-02-2018,capPC1-172.31.67.14.pcap,Friday-23-02-2018_345.pcap,01_pcap/Friday-23-02-2018/capPC1-172.31.67.14.pcap,01_pcap/Friday-23-02-2018/Friday-23-02-2018_345.pcap
Friday-23-02-2018,capPC1-172.31.67.23.pcap,Friday-23-02-2018_346.pcap,01_pcap/Friday-23-02-2018/capPC1-172.31.67.23.pcap,01_pcap/Friday-23-02-2018/Friday-23-02-2018_346.pcap
Friday-23-02-2018,capPC1-172.31.67.27.pcap,Friday-23-02-2018_347.pcap,01_pcap/Friday-23-02-2018/capPC1-172.31.67.27.pcap,01_pcap/Friday-23-02-2018/Friday-23-02-2018_347.pcap
Friday-23-02-2018,capPC1-172.31.67.33.pcap,Friday-23-02-2018_348.pcap,01_pcap/Friday-23-02-2018/capPC1-172.31.67.33.pcap,01_pcap/Friday-23-02-2018/Friday-23-02-2018_348.pcap
Friday-23-02-2018,capPC1-172.31.67.35.pcap,Friday-23-02-2018_349.pcap,01_pcap/Friday-23-02-2018/capPC1-172.31.67.35.pcap,01_pcap/Friday-23-02-2018/Friday-23-02-2018_349.pcap
Friday-23-02-2018,capPC1-172.31.67.56.pcap,Friday-23-02-2018_350.pcap,01_pcap/Friday-23-02-2018/capPC1-172.31.67.56.pcap,01_pcap/Friday-23-02-2018/Friday-23-02-2018_350.pcap
Friday-23-02-2018,capPC1-172.31.67.59.pcap,Friday-23-02-2018_351.pcap,01_pcap/Friday-23-02-2018/capPC1-172.31.67.59.pcap,01_pcap/Friday-23-02-2018/Friday-23-02-2018_351.pcap
Friday-23-02-2018,capPC1-172.31.67.76.pcap,Friday-23-02-2018_352.pcap,01_pcap/Friday-23-02-2018/capPC1-172.31.67.76.pcap,01_pcap/Friday-23-02-2018/Friday-23-02-2018_352.pcap
Friday-23-02-2018,capPC1-172.31.67.78.pcap,Friday-23-02-2018_353.pcap,01_pcap/Friday-23-02-2018/capPC1-172.31.67.78.pcap,01_pcap/Friday-23-02-2018/Friday-23-02-2018_353.pcap
Friday-23-02-2018,capPC1-172.31.67.97.pcap,Friday-23-02-2018_354.pcap,01_pcap/Friday-23-02-2018/capPC1-172.31.67.97.pcap,01_pcap/Friday-23-02-2018/Friday-23-02-2018_354.pcap
Friday-23-02-2018,capPC1-172.31.67.102.pcap,Friday-23-02-2018_355.pcap,01_pcap/Friday-23-02-2018/capPC1-172.31.67.102.pcap,01_pcap/Friday-23-02-2018/Friday-23-02-2018_355.pcap
Friday-23-02-2018,capPC1-172.31.67.104.pcap,Friday-23-02-2018_356.pcap,01_pcap/Friday-23-02-2018/capPC1-172.31.67.104.pcap,01_pcap/Friday-23-02-2018/Friday-23-02-2018_356.pcap
Friday-23-02-2018,capPC1-172.31.67.107.pcap,Friday-23-02-2018_357.pcap,01_pcap/Friday-23-02-2018/capPC1-172.31.67.107.pcap,01_pcap/Friday-23-02-2018/Friday-23-02-2018_357.pcap
Friday-23-02-2018,capPC1-172.31.67.108.pcap,Friday-23-02-2018_358.pcap,01_pcap/Friday-23-02-2018/capPC1-172.31.67.108.pcap,01_pcap/Friday-23-02-2018/Friday-23-02-2018_358.pcap
Friday-23-02-2018,capPC1-172.31.67.111.pcap,Friday-23-02-2018_359.pcap,01_pcap/Friday-23-02-2018/capPC1-172.31.67.111.pcap,01_pcap/Friday-23-02-2018/Friday-23-02-2018_359.pcap
Friday-23-02-2018,capPC1-172.31.67.118.pcap,Friday-23-02-2018_360.pcap,01_pcap/Friday-23-02-2018/capPC1-172.31.67.118.pcap,01_pcap/Friday-23-02-2018/Friday-23-02-2018_360.pcap
Friday-23-02-2018,capPC1-172.31.67.121.pcap,Friday-23-02-2018_361.pcap,01_pcap/Friday-23-02-2018/capPC1-172.31.67.121.pcap,01_pcap/Friday-23-02-2018/Friday-23-02-2018_361.pcap
Friday-23-02-2018,capPC1-172.31.67.123.pcap,Friday-23-02-2018_362.pcap,01_pcap/Friday-23-02-2018/capPC1-172.31.67.123.pcap,01_pcap/Friday-23-02-2018/Friday-23-02-2018_362.pcap
Friday-23-02-2018,capPC1-172.31.67.124.pcap,Friday-23-02-2018_363.pcap,01_pcap/Friday-23-02-2018/capPC1-172.31.67.124.pcap,01_pcap/Friday-23-02-2018/Friday-23-02-2018_363.pcap
Friday-23-02-2018,capWIN-J6GMIG1DQE5-172.31.64.12.pcap,Friday-23-02-2018_364.pcap,01_pcap/Friday-23-02-2018/capWIN-J6GMIG1DQE5-172.31.64.12.pcap,01_pcap/Friday-23-02-2018/Friday-23-02-2018_364.pcap
Friday-23-02-2018,capWIN-J6GMIG1DQE5-172.31.64.14.pcap,Friday-23-02-2018_365.pcap,01_pcap/Friday-23-02-2018/capWIN-J6GMIG1DQE5-172.31.64.14.pcap,01_pcap/Friday-23-02-2018/Friday-23-02-2018_365.pcap
Friday-23-02-2018,capWIN-J6GMIG1DQE5-172.31.64.20.pcap,Friday-23-02-2018_366.pcap,01_pcap/Friday-23-02-2018/capWIN-J6GMIG1DQE5-172.31.64.20.pcap,01_pcap/Friday-23-02-2018/Friday-23-02-2018_366.pcap
Friday-23-02-2018,capWIN-J6GMIG1DQE5-172.31.64.24.pcap,Friday-23-02-2018_367.pcap,01_pcap/Friday-23-02-2018/capWIN-J6GMIG1DQE5-172.31.64.24.pcap,01_pcap/Friday-23-02-2018/Friday-23-02-2018_367.pcap
Friday-23-02-2018,capWIN-J6GMIG1DQE5-172.31.64.36.pcap,Friday-23-02-2018_368.pcap,01_pcap/Friday-23-02-2018/capWIN-J6GMIG1DQE5-172.31.64.36.pcap,01_pcap/Friday-23-02-2018/Friday-23-02-2018_368.pcap
Friday-23-02-2018,capWIN-J6GMIG1DQE5-172.31.64.39.pcap,Friday-23-02-2018_369.pcap,01_pcap/Friday-23-02-2018/capWIN-J6GMIG1DQE5-172.31.64.39.pcap,01_pcap/Friday-23-02-2018/Friday-23-02-2018_369.pcap
Friday-23-02-2018,capWIN-J6GMIG1DQE5-172.31.64.47.pcap,Friday-23-02-2018_370.pcap,01_pcap/Friday-23-02-2018/capWIN-J6GMIG1DQE5-172.31.64.47.pcap,01_pcap/Friday-23-02-2018/Friday-23-02-2018_370.pcap
Friday-23-02-2018,capWIN-J6GMIG1DQE5-172.31.64.57.pcap,Friday-23-02-2018_371.pcap,01_pcap/Friday-23-02-2018/capWIN-J6GMIG1DQE5-172.31.64.57.pcap,01_pcap/Friday-23-02-2018/Friday-23-02-2018_371.pcap
Friday-23-02-2018,capWIN-J6GMIG1DQE5-172.31.64.61.pcap,Friday-23-02-2018_372.pcap,01_pcap/Friday-23-02-2018/capWIN-J6GMIG1DQE5-172.31.64.61.pcap,01_pcap/Friday-23-02-2018/Friday-23-02-2018_372.pcap
Friday-23-02-2018,capWIN-J6GMIG1DQE5-172.31.64.74.pcap,Friday-23-02-2018_373.pcap,01_pcap/Friday-23-02-2018/capWIN-J6GMIG1DQE5-172.31.64.74.pcap,01_pcap/Friday-23-02-2018/Friday-23-02-2018_373.pcap
Friday-23-02-2018,capWIN-J6GMIG1DQE5-172.31.64.78.pcap,Friday-23-02-2018_374.pcap,01_pcap/Friday-23-02-2018/capWIN-J6GMIG1DQE5-172.31.64.78.pcap,01_pcap/Friday-23-02-2018/Friday-23-02-2018_374.pcap
Friday-23-02-2018,capWIN-J6GMIG1DQE5-172.31.64.80.pcap,Friday-23-02-2018_375.pcap,01_pcap/Friday-23-02-2018/capWIN-J6GMIG1DQE5-172.31.64.80.pcap,01_pcap/Friday-23-02-2018/Friday-23-02-2018_375.pcap
Friday-23-02-2018,capWIN-J6GMIG1DQE5-172.31.64.86.pcap,Friday-23-02-2018_376.pcap,01_pcap/Friday-23-02-2018/capWIN-J6GMIG1DQE5-172.31.64.86.pcap,01_pcap/Friday-23-02-2018/Friday-23-02-2018_376.pcap
Friday-23-02-2018,capWIN-J6GMIG1DQE5-172.31.64.88.pcap,Friday-23-02-2018_377.pcap,01_pcap/Friday-23-02-2018/capWIN-J6GMIG1DQE5-172.31.64.88.pcap,01_pcap/Friday-23-02-2018/Friday-23-02-2018_377.pcap
Friday-23-02-2018,capWIN-J6GMIG1DQE5-172.31.64.89.pcap,Friday-23-02-2018_378.pcap,01_pcap/Friday-23-02-2018/capWIN-J6GMIG1DQE5-172.31.64.89.pcap,01_pcap/Friday-23-02-2018/Friday-23-02-2018_378.pcap
Friday-23-02-2018,capWIN-J6GMIG1DQE5-172.31.64.91.pcap,Friday-23-02-2018_379.pcap,01_pcap/Friday-23-02-2018/capWIN-J6GMIG1DQE5-172.31.64.91.pcap,01_pcap/Friday-23-02-2018/Friday-23-02-2018_379.pcap
Friday-23-02-2018,capWIN-J6GMIG1DQE5-172.31.64.93.pcap,Friday-23-02-2018_380.pcap,01_pcap/Friday-23-02-2018/capWIN-J6GMIG1DQE5-172.31.64.93.pcap,01_pcap/Friday-23-02-2018/Friday-23-02-2018_380.pcap
Friday-23-02-2018,capWIN-J6GMIG1DQE5-172.31.64.98.pcap,Friday-23-02-2018_381.pcap,01_pcap/Friday-23-02-2018/capWIN-J6GMIG1DQE5-172.31.64.98.pcap,01_pcap/Friday-23-02-2018/Friday-23-02-2018_381.pcap
Friday-23-02-2018,capWIN-J6GMIG1DQE5-172.31.64.112.pcap,Friday-23-02-2018_382.pcap,01_pcap/Friday-23-02-2018/capWIN-J6GMIG1DQE5-172.31.64.112.pcap,01_pcap/Friday-23-02-2018/Friday-23-02-2018_382.pcap
Friday-23-02-2018,capWIN-J6GMIG1DQE5-172.31.64.117.pcap,Friday-23-02-2018_383.pcap,01_pcap/Friday-23-02-2018/capWIN-J6GMIG1DQE5-172.31.64.117.pcap,01_pcap/Friday-23-02-2018/Friday-23-02-2018_383.pcap
Friday-23-02-2018,capWIN-J6GMIG1DQE5-172.31.64.120.pcap,Friday-23-02-2018_384.pcap,01_pcap/Friday-23-02-2018/capWIN-J6GMIG1DQE5-172.31.64.120.pcap,01_pcap/Friday-23-02-2018/Friday-23-02-2018_384.pcap
Friday-23-02-2018,capWIN-J6GMIG1DQE5-172.31.65.9.pcap,Friday-23-02-2018_385.pcap,01_pcap/Friday-23-02-2018/capWIN-J6GMIG1DQE5-172.31.65.9.pcap,01_pcap/Friday-23-02-2018/Friday-23-02-2018_385.pcap
Friday-23-02-2018,capWIN-J6GMIG1DQE5-172.31.65.11.pcap,Friday-23-02-2018_386.pcap,01_pcap/Friday-23-02-2018/capWIN-J6GMIG1DQE5-172.31.65.11.pcap,01_pcap/Friday-23-02-2018/Friday-23-02-2018_386.pcap
Friday-23-02-2018,capWIN-J6GMIG1DQE5-172.31.65.17.pcap,Friday-23-02-2018_387.pcap,01_pcap/Friday-23-02-2018/capWIN-J6GMIG1DQE5-172.31.65.17.pcap,01_pcap/Friday-23-02-2018/Friday-23-02-2018_387.pcap
Friday-23-02-2018,capWIN-J6GMIG1DQE5-172.31.65.19.pcap,Friday-23-02-2018_388.pcap,01_pcap/Friday-23-02-2018/capWIN-J6GMIG1DQE5-172.31.65.19.pcap,01_pcap/Friday-23-02-2018/Friday-23-02-2018_388.pcap
Friday-23-02-2018,capWIN-J6GMIG1DQE5-172.31.65.21.pcap,Friday-23-02-2018_389.pcap,01_pcap/Friday-23-02-2018/capWIN-J6GMIG1DQE5-172.31.65.21.pcap,01_pcap/Friday-23-02-2018/Friday-23-02-2018_389.pcap
Friday-23-02-2018,capWIN-J6GMIG1DQE5-172.31.65.23.pcap,Friday-23-02-2018_390.pcap,01_pcap/Friday-23-02-2018/capWIN-J6GMIG1DQE5-172.31.65.23.pcap,01_pcap/Friday-23-02-2018/Friday-23-02-2018_390.pcap
Friday-23-02-2018,capWIN-J6GMIG1DQE5-172.31.65.24.pcap,Friday-23-02-2018_391.pcap,01_pcap/Friday-23-02-2018/capWIN-J6GMIG1DQE5-172.31.65.24.pcap,01_pcap/Friday-23-02-2018/Friday-23-02-2018_391.pcap
Friday-23-02-2018,capWIN-J6GMIG1DQE5-172.31.65.35.pcap,Friday-23-02-2018_392.pcap,01_pcap/Friday-23-02-2018/capWIN-J6GMIG1DQE5-172.31.65.35.pcap,01_pcap/Friday-23-02-2018/Friday-23-02-2018_392.pcap
Friday-23-02-2018,capWIN-J6GMIG1DQE5-172.31.65.38.pcap,Friday-23-02-2018_393.pcap,01_pcap/Friday-23-02-2018/capWIN-J6GMIG1DQE5-172.31.65.38.pcap,01_pcap/Friday-23-02-2018/Friday-23-02-2018_393.pcap
Friday-23-02-2018,capWIN-J6GMIG1DQE5-172.31.65.42.pcap,Friday-23-02-2018_394.pcap,01_pcap/Friday-23-02-2018/capWIN-J6GMIG1DQE5-172.31.65.42.pcap,01_pcap/Friday-23-02-2018/Friday-23-02-2018_394.pcap
Friday-23-02-2018,capWIN-J6GMIG1DQE5-172.31.65.46.pcap,Friday-23-02-2018_395.pcap,01_pcap/Friday-23-02-2018/capWIN-J6GMIG1DQE5-172.31.65.46.pcap,01_pcap/Friday-23-02-2018/Friday-23-02-2018_395.pcap
Friday-23-02-2018,capWIN-J6GMIG1DQE5-172.31.65.47.pcap,Friday-23-02-2018_396.pcap,01_pcap/Friday-23-02-2018/capWIN-J6GMIG1DQE5-172.31.65.47.pcap,01_pcap/Friday-23-02-2018/Friday-23-02-2018_396.pcap
Friday-23-02-2018,capWIN-J6GMIG1DQE5-172.31.65.48.pcap,Friday-23-02-2018_397.pcap,01_pcap/Friday-23-02-2018/capWIN-J6GMIG1DQE5-172.31.65.48.pcap,01_pcap/Friday-23-02-2018/Friday-23-02-2018_397.pcap
Friday-23-02-2018,capWIN-J6GMIG1DQE5-172.31.65.51.pcap,Friday-23-02-2018_398.pcap,01_pcap/Friday-23-02-2018/capWIN-J6GMIG1DQE5-172.31.65.51.pcap,01_pcap/Friday-23-02-2018/Friday-23-02-2018_398.pcap
Friday-23-02-2018,capWIN-J6GMIG1DQE5-172.31.65.52.pcap,Friday-23-02-2018_399.pcap,01_pcap/Friday-23-02-2018/capWIN-J6GMIG1DQE5-172.31.65.52.pcap,01_pcap/Friday-23-02-2018/Friday-23-02-2018_399.pcap
Friday-23-02-2018,capWIN-J6GMIG1DQE5-172.31.65.55.pcap,Friday-23-02-2018_400.pcap,01_pcap/Friday-23-02-2018/capWIN-J6GMIG1DQE5-172.31.65.55.pcap,01_pcap/Friday-23-02-2018/Friday-23-02-2018_400.pcap
Friday-23-02-2018,capWIN-J6GMIG1DQE5-172.31.65.57.pcap,Friday-23-02-2018_401.pcap,01_pcap/Friday-23-02-2018/capWIN-J6GMIG1DQE5-172.31.65.57.pcap,01_pcap/Friday-23-02-2018/Friday-23-02-2018_401.pcap
Friday-23-02-2018,capWIN-J6GMIG1DQE5-172.31.65.58.pcap,Friday-23-02-2018_402.pcap,01_pcap/Friday-23-02-2018/capWIN-J6GMIG1DQE5-172.31.65.58.pcap,01_pcap/Friday-23-02-2018/Friday-23-02-2018_402.pcap
Friday-23-02-2018,capWIN-J6GMIG1DQE5-172.31.65.69.pcap,Friday-23-02-2018_403.pcap,01_pcap/Friday-23-02-2018/capWIN-J6GMIG1DQE5-172.31.65.69.pcap,01_pcap/Friday-23-02-2018/Friday-23-02-2018_403.pcap
Friday-23-02-2018,capWIN-J6GMIG1DQE5-172.31.65.70.pcap,Friday-23-02-2018_404.pcap,01_pcap/Friday-23-02-2018/capWIN-J6GMIG1DQE5-172.31.65.70.pcap,01_pcap/Friday-23-02-2018/Friday-23-02-2018_404.pcap
Friday-23-02-2018,capWIN-J6GMIG1DQE5-172.31.65.73.pcap,Friday-23-02-2018_405.pcap,01_pcap/Friday-23-02-2018/capWIN-J6GMIG1DQE5-172.31.65.73.pcap,01_pcap/Friday-23-02-2018/Friday-23-02-2018_405.pcap
Friday-23-02-2018,capWIN-J6GMIG1DQE5-172.31.65.78.pcap,Friday-23-02-2018_406.pcap,01_pcap/Friday-23-02-2018/capWIN-J6GMIG1DQE5-172.31.65.78.pcap,01_pcap/Friday-23-02-2018/Friday-23-02-2018_406.pcap
Friday-23-02-2018,capWIN-J6GMIG1DQE5-172.31.65.87.pcap,Friday-23-02-2018_407.pcap,01_pcap/Friday-23-02-2018/capWIN-J6GMIG1DQE5-172.31.65.87.pcap,01_pcap/Friday-23-02-2018/Friday-23-02-2018_407.pcap
Friday-23-02-2018,capWIN-J6GMIG1DQE5-172.31.65.89.pcap,Friday-23-02-2018_408.pcap,01_pcap/Friday-23-02-2018/capWIN-J6GMIG1DQE5-172.31.65.89.pcap,01_pcap/Friday-23-02-2018/Friday-23-02-2018_408.pcap
Friday-23-02-2018,capWIN-J6GMIG1DQE5-172.31.65.90.pcap,Friday-23-02-2018_409.pcap,01_pcap/Friday-23-02-2018/capWIN-J6GMIG1DQE5-172.31.65.90.pcap,01_pcap/Friday-23-02-2018/Friday-23-02-2018_409.pcap
Friday-23-02-2018,capWIN-J6GMIG1DQE5-172.31.65.99.pcap,Friday-23-02-2018_410.pcap,01_pcap/Friday-23-02-2018/capWIN-J6GMIG1DQE5-172.31.65.99.pcap,01_pcap/Friday-23-02-2018/Friday-23-02-2018_410.pcap
Friday-23-02-2018,capWIN-J6GMIG1DQE5-172.31.65.103.pcap,Friday-23-02-2018_411.pcap,01_pcap/Friday-23-02-2018/capWIN-J6GMIG1DQE5-172.31.65.103.pcap,01_pcap/Friday-23-02-2018/Friday-23-02-2018_411.pcap
Friday-23-02-2018,capWIN-J6GMIG1DQE5-172.31.65.104.pcap,Friday-23-02-2018_412.pcap,01_pcap/Friday-23-02-2018/capWIN-J6GMIG1DQE5-172.31.65.104.pcap,01_pcap/Friday-23-02-2018/Friday-23-02-2018_412.pcap
Friday-23-02-2018,capWIN-J6GMIG1DQE5-172.31.65.105.pcap,Friday-23-02-2018_413.pcap,01_pcap/Friday-23-02-2018/capWIN-J6GMIG1DQE5-172.31.65.105.pcap,01_pcap/Friday-23-02-2018/Friday-23-02-2018_413.pcap
Friday-23-02-2018,capWIN-J6GMIG1DQE5-172.31.65.108.pcap,Friday-23-02-2018_414.pcap,01_pcap/Friday-23-02-2018/capWIN-J6GMIG1DQE5-172.31.65.108.pcap,01_pcap/Friday-23-02-2018/Friday-23-02-2018_414.pcap
Friday-23-02-2018,capWIN-J6GMIG1DQE5-172.31.65.114.pcap,Friday-23-02-2018_415.pcap,01_pcap/Friday-23-02-2018/capWIN-J6GMIG1DQE5-172.31.65.114.pcap,01_pcap/Friday-23-02-2018/Friday-23-02-2018_415.pcap
Friday-23-02-2018,capWIN-J6GMIG1DQE5-172.31.65.115.pcap,Friday-23-02-2018_416.pcap,01_pcap/Friday-23-02-2018/capWIN-J6GMIG1DQE5-172.31.65.115.pcap,01_pcap/Friday-23-02-2018/Friday-23-02-2018_416.pcap
Friday-23-02-2018,capWIN-J6GMIG1DQE5-172.31.65.116.pcap,Friday-23-02-2018_417.pcap,01_pcap/Friday-23-02-2018/capWIN-J6GMIG1DQE5-172.31.65.116.pcap,01_pcap/Friday-23-02-2018/Friday-23-02-2018_417.pcap
Friday-23-02-2018,capWIN-J6GMIG1DQE5-172.31.65.125.pcap,Friday-23-02-2018_418.pcap,01_pcap/Friday-23-02-2018/capWIN-J6GMIG1DQE5-172.31.65.125.pcap,01_pcap/Friday-23-02-2018/Friday-23-02-2018_418.pcap
Friday-23-02-2018,capWIN-J6GMIG1DQE5-172.31.67.4.pcap,Friday-23-02-2018_419.pcap,01_pcap/Friday-23-02-2018/capWIN-J6GMIG1DQE5-172.31.67.4.pcap,01_pcap/Friday-23-02-2018/Friday-23-02-2018_419.pcap
Friday-23-02-2018,capWIN-J6GMIG1DQE5-172.31.67.8.pcap,Friday-23-02-2018_420.pcap,01_pcap/Friday-23-02-2018/capWIN-J6GMIG1DQE5-172.31.67.8.pcap,01_pcap/Friday-23-02-2018/Friday-23-02-2018_420.pcap
Friday-23-02-2018,capWIN-J6GMIG1DQE5-172.31.67.19.pcap,Friday-23-02-2018_421.pcap,01_pcap/Friday-23-02-2018/capWIN-J6GMIG1DQE5-172.31.67.19.pcap,01_pcap/Friday-23-02-2018/Friday-23-02-2018_421.pcap
Friday-23-02-2018,capWIN-J6GMIG1DQE5-172.31.67.22.pcap,Friday-23-02-2018_422.pcap,01_pcap/Friday-23-02-2018/capWIN-J6GMIG1DQE5-172.31.67.22.pcap,01_pcap/Friday-23-02-2018/Friday-23-02-2018_422.pcap
Friday-23-02-2018,capWIN-J6GMIG1DQE5-172.31.67.26.pcap,Friday-23-02-2018_423.pcap,01_pcap/Friday-23-02-2018/capWIN-J6GMIG1DQE5-172.31.67.26.pcap,01_pcap/Friday-23-02-2018/Friday-23-02-2018_423.pcap
Friday-23-02-2018,capWIN-J6GMIG1DQE5-172.31.67.30.pcap,Friday-23-02-2018_424.pcap,01_pcap/Friday-23-02-2018/capWIN-J6GMIG1DQE5-172.31.67.30.pcap,01_pcap/Friday-23-02-2018/Friday-23-02-2018_424.pcap
Friday-23-02-2018,capWIN-J6GMIG1DQE5-172.31.67.34.pcap,Friday-23-02-2018_425.pcap,01_pcap/Friday-23-02-2018/capWIN-J6GMIG1DQE5-172.31.67.34.pcap,01_pcap/Friday-23-02-2018/Friday-23-02-2018_425.pcap
Friday-23-02-2018,capWIN-J6GMIG1DQE5-172.31.67.40.pcap,Friday-23-02-2018_426.pcap,01_pcap/Friday-23-02-2018/capWIN-J6GMIG1DQE5-172.31.67.40.pcap,01_pcap/Friday-23-02-2018/Friday-23-02-2018_426.pcap
Friday-23-02-2018,capWIN-J6GMIG1DQE5-172.31.67.62.pcap,Friday-23-02-2018_427.pcap,01_pcap/Friday-23-02-2018/capWIN-J6GMIG1DQE5-172.31.67.62.pcap,01_pcap/Friday-23-02-2018/Friday-23-02-2018_427.pcap
Friday-23-02-2018,capWIN-J6GMIG1DQE5-172.31.67.70.pcap,Friday-23-02-2018_428.pcap,01_pcap/Friday-23-02-2018/capWIN-J6GMIG1DQE5-172.31.67.70.pcap,01_pcap/Friday-23-02-2018/Friday-23-02-2018_428.pcap
Friday-23-02-2018,capWIN-J6GMIG1DQE5-172.31.67.71.pcap,Friday-23-02-2018_429.pcap,01_pcap/Friday-23-02-2018/capWIN-J6GMIG1DQE5-172.31.67.71.pcap,01_pcap/Friday-23-02-2018/Friday-23-02-2018_429.pcap
Friday-23-02-2018,capWIN-J6GMIG1DQE5-172.31.67.72.pcap,Friday-23-02-2018_430.pcap,01_pcap/Friday-23-02-2018/capWIN-J6GMIG1DQE5-172.31.67.72.pcap,01_pcap/Friday-23-02-2018/Friday-23-02-2018_430.pcap
Friday-23-02-2018,capWIN-J6GMIG1DQE5-172.31.67.83.pcap,Friday-23-02-2018_431.pcap,01_pcap/Friday-23-02-2018/capWIN-J6GMIG1DQE5-172.31.67.83.pcap,01_pcap/Friday-23-02-2018/Friday-23-02-2018_431.pcap
Friday-23-02-2018,capWIN-J6GMIG1DQE5-172.31.67.89.pcap,Friday-23-02-2018_432.pcap,01_pcap/Friday-23-02-2018/capWIN-J6GMIG1DQE5-172.31.67.89.pcap,01_pcap/Friday-23-02-2018/Friday-23-02-2018_432.pcap
Friday-23-02-2018,capWIN-J6GMIG1DQE5-172.31.67.93.pcap,Friday-23-02-2018_433.pcap,01_pcap/Friday-23-02-2018/capWIN-J6GMIG1DQE5-172.31.67.93.pcap,01_pcap/Friday-23-02-2018/Friday-23-02-2018_433.pcap
Friday-23-02-2018,capWIN-J6GMIG1DQE5-172.31.67.95.pcap,Friday-23-02-2018_434.pcap,01_pcap/Friday-23-02-2018/capWIN-J6GMIG1DQE5-172.31.67.95.pcap,01_pcap/Friday-23-02-2018/Friday-23-02-2018_434.pcap
Friday-23-02-2018,capWIN-J6GMIG1DQE5-172.31.67.98.pcap,Friday-23-02-2018_435.pcap,01_pcap/Friday-23-02-2018/capWIN-J6GMIG1DQE5-172.31.67.98.pcap,01_pcap/Friday-23-02-2018/Friday-23-02-2018_435.pcap
Friday-23-02-2018,capWIN-J6GMIG1DQE5-172.31.67.105.pcap,Friday-23-02-2018_436.pcap,01_pcap/Friday-23-02-2018/capWIN-J6GMIG1DQE5-172.31.67.105.pcap,01_pcap/Friday-23-02-2018/Friday-23-02-2018_436.pcap
Friday-23-02-2018,capWIN-J6GMIG1DQE5-172.31.67.109.pcap,Friday-23-02-2018_437.pcap,01_pcap/Friday-23-02-2018/capWIN-J6GMIG1DQE5-172.31.67.109.pcap,01_pcap/Friday-23-02-2018/Friday-23-02-2018_437.pcap
Friday-23-02-2018,capWIN-J6GMIG1DQE5-172.31.67.114.pcap,Friday-23-02-2018_438.pcap,01_pcap/Friday-23-02-2018/capWIN-J6GMIG1DQE5-172.31.67.114.pcap,01_pcap/Friday-23-02-2018/Friday-23-02-2018_438.pcap
Friday-23-02-2018,UCAP172.31.69.7.pcap,Friday-23-02-2018_439.pcap,01_pcap/Friday-23-02-2018/UCAP172.31.69.7.pcap,01_pcap/Friday-23-02-2018/Friday-23-02-2018_439.pcap
Friday-23-02-2018,UCAP172.31.69.15.pcap,Friday-23-02-2018_440.pcap,01_pcap/Friday-23-02-2018/UCAP172.31.69.15.pcap,01_pcap/Friday-23-02-2018/Friday-23-02-2018_440.pcap
Friday-23-02-2018,UCAP172.31.69.18.pcap,Friday-23-02-2018_441.pcap,01_pcap/Friday-23-02-2018/UCAP172.31.69.18.pcap,01_pcap/Friday-23-02-2018/Friday-23-02-2018_441.pcap
Friday-23-02-2018,UCAP172.31.69.21.pcap,Friday-23-02-2018_442.pcap,01_pcap/Friday-23-02-2018/UCAP172.31.69.21.pcap,01_pcap/Friday-23-02-2018/Friday-23-02-2018_442.pcap
Friday-23-02-2018,UCAP172.31.69.22.pcap,Friday-23-02-2018_443.pcap,01_pcap/Friday-23-02-2018/UCAP172.31.69.22.pcap,01_pcap/Friday-23-02-2018/Friday-23-02-2018_443.pcap
Friday-23-02-2018,UCAP172.31.69.25.pcap,Friday-23-02-2018_444.pcap,01_pcap/Friday-23-02-2018/UCAP172.31.69.25.pcap,01_pcap/Friday-23-02-2018/Friday-23-02-2018_444.pcap
Friday-23-02-2018,UCAP172.31.69.27.pcap,Friday-23-02-2018_445.pcap,01_pcap/Friday-23-02-2018/UCAP172.31.69.27.pcap,01_pcap/Friday-23-02-2018/Friday-23-02-2018_445.pcap
Friday-23-02-2018,UCAP172.31.69.28.pcap,Friday-23-02-2018_446.pcap,01_pcap/Friday-23-02-2018/UCAP172.31.69.28.pcap,01_pcap/Friday-23-02-2018/Friday-23-02-2018_446.pcap
Thursday-01-03-2018,capDESKTOP-AN3U28N-172.31.64.17.pcap,Thursday-01-03-2018_1.pcap,01_pcap/Thursday-01-03-2018/capDESKTOP-AN3U28N-172.31.64.17.pcap,01_pcap/Thursday-01-03-2018/Thursday-01-03-2018_1.pcap
Thursday-01-03-2018,capDESKTOP-AN3U28N-172.31.64.26.pcap,Thursday-01-03-2018_2.pcap,01_pcap/Thursday-01-03-2018/capDESKTOP-AN3U28N-172.31.64.26.pcap,01_pcap/Thursday-01-03-2018/Thursday-01-03-2018_2.pcap
Thursday-01-03-2018,capDESKTOP-AN3U28N-172.31.64.35.pcap,Thursday-01-03-2018_3.pcap,01_pcap/Thursday-01-03-2018/capDESKTOP-AN3U28N-172.31.64.35.pcap,01_pcap/Thursday-01-03-2018/Thursday-01-03-2018_3.pcap
Thursday-01-03-2018,capDESKTOP-AN3U28N-172.31.64.38.pcap,Thursday-01-03-2018_4.pcap,01_pcap/Thursday-01-03-2018/capDESKTOP-AN3U28N-172.31.64.38.pcap,01_pcap/Thursday-01-03-2018/Thursday-01-03-2018_4.pcap
Thursday-01-03-2018,capDESKTOP-AN3U28N-172.31.64.46.pcap,Thursday-01-03-2018_5.pcap,01_pcap/Thursday-01-03-2018/capDESKTOP-AN3U28N-172.31.64.46.pcap,01_pcap/Thursday-01-03-2018/Thursday-01-03-2018_5.pcap
Thursday-01-03-2018,capDESKTOP-AN3U28N-172.31.64.54.pcap,Thursday-01-03-2018_6.pcap,01_pcap/Thursday-01-03-2018/capDESKTOP-AN3U28N-172.31.64.54.pcap,01_pcap/Thursday-01-03-2018/Thursday-01-03-2018_6.pcap
Thursday-01-03-2018,capDESKTOP-AN3U28N-172.31.64.63.pcap,Thursday-01-03-2018_7.pcap,01_pcap/Thursday-01-03-2018/capDESKTOP-AN3U28N-172.31.64.63.pcap,01_pcap/Thursday-01-03-2018/Thursday-01-03-2018_7.pcap
Thursday-01-03-2018,capDESKTOP-AN3U28N-172.31.64.65.pcap,Thursday-01-03-2018_8.pcap,01_pcap/Thursday-01-03-2018/capDESKTOP-AN3U28N-172.31.64.65.pcap,01_pcap/Thursday-01-03-2018/Thursday-01-03-2018_8.pcap
Thursday-01-03-2018,capDESKTOP-AN3U28N-172.31.64.67.pcap,Thursday-01-03-2018_9.pcap,01_pcap/Thursday-01-03-2018/capDESKTOP-AN3U28N-172.31.64.67.pcap,01_pcap/Thursday-01-03-2018/Thursday-01-03-2018_9.pcap
Thursday-01-03-2018,capDESKTOP-AN3U28N-172.31.64.71.pcap,Thursday-01-03-2018_10.pcap,01_pcap/Thursday-01-03-2018/capDESKTOP-AN3U28N-172.31.64.71.pcap,01_pcap/Thursday-01-03-2018/Thursday-01-03-2018_10.pcap
Thursday-01-03-2018,capDESKTOP-AN3U28N-172.31.64.75.pcap,Thursday-01-03-2018_11.pcap,01_pcap/Thursday-01-03-2018/capDESKTOP-AN3U28N-172.31.64.75.pcap,01_pcap/Thursday-01-03-2018/Thursday-01-03-2018_11.pcap
Thursday-01-03-2018,capDESKTOP-AN3U28N-172.31.64.76.pcap,Thursday-01-03-2018_12.pcap,01_pcap/Thursday-01-03-2018/capDESKTOP-AN3U28N-172.31.64.76.pcap,01_pcap/Thursday-01-03-2018/Thursday-01-03-2018_12.pcap
Thursday-01-03-2018,capDESKTOP-AN3U28N-172.31.64.84.pcap,Thursday-01-03-2018_13.pcap,01_pcap/Thursday-01-03-2018/capDESKTOP-AN3U28N-172.31.64.84.pcap,01_pcap/Thursday-01-03-2018/Thursday-01-03-2018_13.pcap
Thursday-01-03-2018,capDESKTOP-AN3U28N-172.31.64.95.pcap,Thursday-01-03-2018_14.pcap,01_pcap/Thursday-01-03-2018/capDESKTOP-AN3U28N-172.31.64.95.pcap,01_pcap/Thursday-01-03-2018/Thursday-01-03-2018_14.pcap
Thursday-01-03-2018,capDESKTOP-AN3U28N-172.31.64.99.pcap,Thursday-01-03-2018_15.pcap,01_pcap/Thursday-01-03-2018/capDESKTOP-AN3U28N-172.31.64.99.pcap,01_pcap/Thursday-01-03-2018/Thursday-01-03-2018_15.pcap
Thursday-01-03-2018,capDESKTOP-AN3U28N-172.31.64.111.pcap,Thursday-01-03-2018_16.pcap,01_pcap/Thursday-01-03-2018/capDESKTOP-AN3U28N-172.31.64.111.pcap,01_pcap/Thursday-01-03-2018/Thursday-01-03-2018_16.pcap
Thursday-01-03-2018,capDESKTOP-AN3U28N-172.31.64.115.pcap,Thursday-01-03-2018_17.pcap,01_pcap/Thursday-01-03-2018/capDESKTOP-AN3U28N-172.31.64.115.pcap,01_pcap/Thursday-01-03-2018/Thursday-01-03-2018_17.pcap
Thursday-01-03-2018,capDESKTOP-AN3U28N-172.31.64.118.pcap,Thursday-01-03-2018_18.pcap,01_pcap/Thursday-01-03-2018/capDESKTOP-AN3U28N-172.31.64.118.pcap,01_pcap/Thursday-01-03-2018/Thursday-01-03-2018_18.pcap
Thursday-01-03-2018,capDESKTOP-AN3U28N-172.31.64.122.pcap,Thursday-01-03-2018_19.pcap,01_pcap/Thursday-01-03-2018/capDESKTOP-AN3U28N-172.31.64.122.pcap,01_pcap/Thursday-01-03-2018/Thursday-01-03-2018_19.pcap
Thursday-01-03-2018,capDESKTOP-AN3U28N-172.31.64.125.pcap,Thursday-01-03-2018_20.pcap,01_pcap/Thursday-01-03-2018/capDESKTOP-AN3U28N-172.31.64.125.pcap,01_pcap/Thursday-01-03-2018/Thursday-01-03-2018_20.pcap
Thursday-01-03-2018,capDESKTOP-AN3U28N-172.31.64.126.pcap,Thursday-01-03-2018_21.pcap,01_pcap/Thursday-01-03-2018/capDESKTOP-AN3U28N-172.31.64.126.pcap,01_pcap/Thursday-01-03-2018/Thursday-01-03-2018_21.pcap
Thursday-01-03-2018,capDESKTOP-AN3U28N-172.31.65.10.pcap,Thursday-01-03-2018_22.pcap,01_pcap/Thursday-01-03-2018/capDESKTOP-AN3U28N-172.31.65.10.pcap,01_pcap/Thursday-01-03-2018/Thursday-01-03-2018_22.pcap
Thursday-01-03-2018,capDESKTOP-AN3U28N-172.31.65.14.pcap,Thursday-01-03-2018_23.pcap,01_pcap/Thursday-01-03-2018/capDESKTOP-AN3U28N-172.31.65.14.pcap,01_pcap/Thursday-01-03-2018/Thursday-01-03-2018_23.pcap
Thursday-01-03-2018,capDESKTOP-AN3U28N-172.31.65.28.pcap,Thursday-01-03-2018_24.pcap,01_pcap/Thursday-01-03-2018/capDESKTOP-AN3U28N-172.31.65.28.pcap,01_pcap/Thursday-01-03-2018/Thursday-01-03-2018_24.pcap
Thursday-01-03-2018,capDESKTOP-AN3U28N-172.31.65.29.pcap,Thursday-01-03-2018_25.pcap,01_pcap/Thursday-01-03-2018/capDESKTOP-AN3U28N-172.31.65.29.pcap,01_pcap/Thursday-01-03-2018/Thursday-01-03-2018_25.pcap
Thursday-01-03-2018,capDESKTOP-AN3U28N-172.31.65.34.pcap,Thursday-01-03-2018_26.pcap,01_pcap/Thursday-01-03-2018/capDESKTOP-AN3U28N-172.31.65.34.pcap,01_pcap/Thursday-01-03-2018/Thursday-01-03-2018_26.pcap
Thursday-01-03-2018,capDESKTOP-AN3U28N-172.31.65.40.pcap,Thursday-01-03-2018_27.pcap,01_pcap/Thursday-01-03-2018/capDESKTOP-AN3U28N-172.31.65.40.pcap,01_pcap/Thursday-01-03-2018/Thursday-01-03-2018_27.pcap
Thursday-01-03-2018,capDESKTOP-AN3U28N-172.31.65.50.pcap,Thursday-01-03-2018_28.pcap,01_pcap/Thursday-01-03-2018/capDESKTOP-AN3U28N-172.31.65.50.pcap,01_pcap/Thursday-01-03-2018/Thursday-01-03-2018_28.pcap
Thursday-01-03-2018,capDESKTOP-AN3U28N-172.31.65.56.pcap,Thursday-01-03-2018_29.pcap,01_pcap/Thursday-01-03-2018/capDESKTOP-AN3U28N-172.31.65.56.pcap,01_pcap/Thursday-01-03-2018/Thursday-01-03-2018_29.pcap
Thursday-01-03-2018,capDESKTOP-AN3U28N-172.31.65.66.pcap,Thursday-01-03-2018_30.pcap,01_pcap/Thursday-01-03-2018/capDESKTOP-AN3U28N-172.31.65.66.pcap,01_pcap/Thursday-01-03-2018/Thursday-01-03-2018_30.pcap
Thursday-01-03-2018,capDESKTOP-AN3U28N-172.31.65.76.pcap,Thursday-01-03-2018_31.pcap,01_pcap/Thursday-01-03-2018/capDESKTOP-AN3U28N-172.31.65.76.pcap,01_pcap/Thursday-01-03-2018/Thursday-01-03-2018_31.pcap
Thursday-01-03-2018,capDESKTOP-AN3U28N-172.31.65.81.pcap,Thursday-01-03-2018_32.pcap,01_pcap/Thursday-01-03-2018/capDESKTOP-AN3U28N-172.31.65.81.pcap,01_pcap/Thursday-01-03-2018/Thursday-01-03-2018_32.pcap
Thursday-01-03-2018,capDESKTOP-AN3U28N-172.31.65.86.pcap,Thursday-01-03-2018_33.pcap,01_pcap/Thursday-01-03-2018/capDESKTOP-AN3U28N-172.31.65.86.pcap,01_pcap/Thursday-01-03-2018/Thursday-01-03-2018_33.pcap
Thursday-01-03-2018,capDESKTOP-AN3U28N-172.31.65.88.pcap,Thursday-01-03-2018_34.pcap,01_pcap/Thursday-01-03-2018/capDESKTOP-AN3U28N-172.31.65.88.pcap,01_pcap/Thursday-01-03-2018/Thursday-01-03-2018_34.pcap
Thursday-01-03-2018,capDESKTOP-AN3U28N-172.31.65.113.pcap,Thursday-01-03-2018_35.pcap,01_pcap/Thursday-01-03-2018/capDESKTOP-AN3U28N-172.31.65.113.pcap,01_pcap/Thursday-01-03-2018/Thursday-01-03-2018_35.pcap
Thursday-01-03-2018,capDESKTOP-AN3U28N-172.31.65.123.pcap,Thursday-01-03-2018_36.pcap,01_pcap/Thursday-01-03-2018/capDESKTOP-AN3U28N-172.31.65.123.pcap,01_pcap/Thursday-01-03-2018/Thursday-01-03-2018_36.pcap
Thursday-01-03-2018,capDESKTOP-AN3U28N-172.31.65.124.pcap,Thursday-01-03-2018_37.pcap,01_pcap/Thursday-01-03-2018/capDESKTOP-AN3U28N-172.31.65.124.pcap,01_pcap/Thursday-01-03-2018/Thursday-01-03-2018_37.pcap
Thursday-01-03-2018,capDESKTOP-AN3U28N-172.31.65.126.pcap,Thursday-01-03-2018_38.pcap,01_pcap/Thursday-01-03-2018/capDESKTOP-AN3U28N-172.31.65.126.pcap,01_pcap/Thursday-01-03-2018/Thursday-01-03-2018_38.pcap
Thursday-01-03-2018,capDESKTOP-AN3U28N-172.31.66.22.pcap,Thursday-01-03-2018_39.pcap,01_pcap/Thursday-01-03-2018/capDESKTOP-AN3U28N-172.31.66.22.pcap,01_pcap/Thursday-01-03-2018/Thursday-01-03-2018_39.pcap
Thursday-01-03-2018,capDESKTOP-AN3U28N-172.31.66.41.pcap,Thursday-01-03-2018_40.pcap,01_pcap/Thursday-01-03-2018/capDESKTOP-AN3U28N-172.31.66.41.pcap,01_pcap/Thursday-01-03-2018/Thursday-01-03-2018_40.pcap
Thursday-01-03-2018,capDESKTOP-AN3U28N-172.31.66.42.pcap,Thursday-01-03-2018_41.pcap,01_pcap/Thursday-01-03-2018/capDESKTOP-AN3U28N-172.31.66.42.pcap,01_pcap/Thursday-01-03-2018/Thursday-01-03-2018_41.pcap
Thursday-01-03-2018,capDESKTOP-AN3U28N-172.31.66.43.pcap,Thursday-01-03-2018_42.pcap,01_pcap/Thursday-01-03-2018/capDESKTOP-AN3U28N-172.31.66.43.pcap,01_pcap/Thursday-01-03-2018/Thursday-01-03-2018_42.pcap
Thursday-01-03-2018,capDESKTOP-AN3U28N-172.31.66.49.pcap,Thursday-01-03-2018_43.pcap,01_pcap/Thursday-01-03-2018/capDESKTOP-AN3U28N-172.31.66.49.pcap,01_pcap/Thursday-01-03-2018/Thursday-01-03-2018_43.pcap
Thursday-01-03-2018,capDESKTOP-AN3U28N-172.31.66.54.pcap,Thursday-01-03-2018_44.pcap,01_pcap/Thursday-01-03-2018/capDESKTOP-AN3U28N-172.31.66.54.pcap,01_pcap/Thursday-01-03-2018/Thursday-01-03-2018_44.pcap
Thursday-01-03-2018,capDESKTOP-AN3U28N-172.31.66.62.pcap,Thursday-01-03-2018_45.pcap,01_pcap/Thursday-01-03-2018/capDESKTOP-AN3U28N-172.31.66.62.pcap,01_pcap/Thursday-01-03-2018/Thursday-01-03-2018_45.pcap
Thursday-01-03-2018,capDESKTOP-AN3U28N-172.31.66.63.pcap,Thursday-01-03-2018_46.pcap,01_pcap/Thursday-01-03-2018/capDESKTOP-AN3U28N-172.31.66.63.pcap,01_pcap/Thursday-01-03-2018/Thursday-01-03-2018_46.pcap
Thursday-01-03-2018,capDESKTOP-AN3U28N-172.31.66.72.pcap,Thursday-01-03-2018_47.pcap,01_pcap/Thursday-01-03-2018/capDESKTOP-AN3U28N-172.31.66.72.pcap,01_pcap/Thursday-01-03-2018/Thursday-01-03-2018_47.pcap
Thursday-01-03-2018,capDESKTOP-AN3U28N-172.31.66.76.pcap,Thursday-01-03-2018_48.pcap,01_pcap/Thursday-01-03-2018/capDESKTOP-AN3U28N-172.31.66.76.pcap,01_pcap/Thursday-01-03-2018/Thursday-01-03-2018_48.pcap
Thursday-01-03-2018,capDESKTOP-AN3U28N-172.31.66.82.pcap,Thursday-01-03-2018_49.pcap,01_pcap/Thursday-01-03-2018/capDESKTOP-AN3U28N-172.31.66.82.pcap,01_pcap/Thursday-01-03-2018/Thursday-01-03-2018_49.pcap
Thursday-01-03-2018,capDESKTOP-AN3U28N-172.31.66.85.pcap,Thursday-01-03-2018_50.pcap,01_pcap/Thursday-01-03-2018/capDESKTOP-AN3U28N-172.31.66.85.pcap,01_pcap/Thursday-01-03-2018/Thursday-01-03-2018_50.pcap
Thursday-01-03-2018,capDESKTOP-AN3U28N-172.31.66.89.pcap,Thursday-01-03-2018_51.pcap,01_pcap/Thursday-01-03-2018/capDESKTOP-AN3U28N-172.31.66.89.pcap,01_pcap/Thursday-01-03-2018/Thursday-01-03-2018_51.pcap
Thursday-01-03-2018,capDESKTOP-AN3U28N-172.31.66.100.pcap,Thursday-01-03-2018_52.pcap,01_pcap/Thursday-01-03-2018/capDESKTOP-AN3U28N-172.31.66.100.pcap,01_pcap/Thursday-01-03-2018/Thursday-01-03-2018_52.pcap
Thursday-01-03-2018,capDESKTOP-AN3U28N-172.31.66.101.pcap,Thursday-01-03-2018_53.pcap,01_pcap/Thursday-01-03-2018/capDESKTOP-AN3U28N-172.31.66.101.pcap,01_pcap/Thursday-01-03-2018/Thursday-01-03-2018_53.pcap
Thursday-01-03-2018,capDESKTOP-AN3U28N-172.31.66.112.pcap,Thursday-01-03-2018_54.pcap,01_pcap/Thursday-01-03-2018/capDESKTOP-AN3U28N-172.31.66.112.pcap,01_pcap/Thursday-01-03-2018/Thursday-01-03-2018_54.pcap
Thursday-01-03-2018,capDESKTOP-AN3U28N-172.31.66.114.pcap,Thursday-01-03-2018_55.pcap,01_pcap/Thursday-01-03-2018/capDESKTOP-AN3U28N-172.31.66.114.pcap,01_pcap/Thursday-01-03-2018/Thursday-01-03-2018_55.pcap
Thursday-01-03-2018,capDESKTOP-AN3U28N-172.31.66.115.pcap,Thursday-01-03-2018_56.pcap,01_pcap/Thursday-01-03-2018/capDESKTOP-AN3U28N-172.31.66.115.pcap,01_pcap/Thursday-01-03-2018/Thursday-01-03-2018_56.pcap
Thursday-01-03-2018,capDESKTOP-AN3U28N-172.31.66.120.pcap,Thursday-01-03-2018_57.pcap,01_pcap/Thursday-01-03-2018/capDESKTOP-AN3U28N-172.31.66.120.pcap,01_pcap/Thursday-01-03-2018/Thursday-01-03-2018_57.pcap
Thursday-01-03-2018,capDESKTOP-AN3U28N-172.31.66.123.pcap,Thursday-01-03-2018_58.pcap,01_pcap/Thursday-01-03-2018/capDESKTOP-AN3U28N-172.31.66.123.pcap,01_pcap/Thursday-01-03-2018/Thursday-01-03-2018_58.pcap
Thursday-01-03-2018,capDESKTOP-AN3U28N-172.31.67.10.pcap,Thursday-01-03-2018_59.pcap,01_pcap/Thursday-01-03-2018/capDESKTOP-AN3U28N-172.31.67.10.pcap,01_pcap/Thursday-01-03-2018/Thursday-01-03-2018_59.pcap
Thursday-01-03-2018,capDESKTOP-AN3U28N-172.31.67.13.pcap,Thursday-01-03-2018_60.pcap,01_pcap/Thursday-01-03-2018/capDESKTOP-AN3U28N-172.31.67.13.pcap,01_pcap/Thursday-01-03-2018/Thursday-01-03-2018_60.pcap
Thursday-01-03-2018,capDESKTOP-AN3U28N-172.31.67.15.pcap,Thursday-01-03-2018_61.pcap,01_pcap/Thursday-01-03-2018/capDESKTOP-AN3U28N-172.31.67.15.pcap,01_pcap/Thursday-01-03-2018/Thursday-01-03-2018_61.pcap
Thursday-01-03-2018,capDESKTOP-AN3U28N-172.31.67.21.pcap,Thursday-01-03-2018_62.pcap,01_pcap/Thursday-01-03-2018/capDESKTOP-AN3U28N-172.31.67.21.pcap,01_pcap/Thursday-01-03-2018/Thursday-01-03-2018_62.pcap
Thursday-01-03-2018,capDESKTOP-AN3U28N-172.31.67.28.pcap,Thursday-01-03-2018_63.pcap,01_pcap/Thursday-01-03-2018/capDESKTOP-AN3U28N-172.31.67.28.pcap,01_pcap/Thursday-01-03-2018/Thursday-01-03-2018_63.pcap
Thursday-01-03-2018,capDESKTOP-AN3U28N-172.31.67.32.pcap,Thursday-01-03-2018_64.pcap,01_pcap/Thursday-01-03-2018/capDESKTOP-AN3U28N-172.31.67.32.pcap,01_pcap/Thursday-01-03-2018/Thursday-01-03-2018_64.pcap
Thursday-01-03-2018,capDESKTOP-AN3U28N-172.31.67.41.pcap,Thursday-01-03-2018_65.pcap,01_pcap/Thursday-01-03-2018/capDESKTOP-AN3U28N-172.31.67.41.pcap,01_pcap/Thursday-01-03-2018/Thursday-01-03-2018_65.pcap
Thursday-01-03-2018,capDESKTOP-AN3U28N-172.31.67.50.pcap,Thursday-01-03-2018_66.pcap,01_pcap/Thursday-01-03-2018/capDESKTOP-AN3U28N-172.31.67.50.pcap,01_pcap/Thursday-01-03-2018/Thursday-01-03-2018_66.pcap
Thursday-01-03-2018,capDESKTOP-AN3U28N-172.31.67.54.pcap,Thursday-01-03-2018_67.pcap,01_pcap/Thursday-01-03-2018/capDESKTOP-AN3U28N-172.31.67.54.pcap,01_pcap/Thursday-01-03-2018/Thursday-01-03-2018_67.pcap
Thursday-01-03-2018,capDESKTOP-AN3U28N-172.31.67.63.pcap,Thursday-01-03-2018_68.pcap,01_pcap/Thursday-01-03-2018/capDESKTOP-AN3U28N-172.31.67.63.pcap,01_pcap/Thursday-01-03-2018/Thursday-01-03-2018_68.pcap
Thursday-01-03-2018,capDESKTOP-AN3U28N-172.31.67.80.pcap,Thursday-01-03-2018_69.pcap,01_pcap/Thursday-01-03-2018/capDESKTOP-AN3U28N-172.31.67.80.pcap,01_pcap/Thursday-01-03-2018/Thursday-01-03-2018_69.pcap
Thursday-01-03-2018,capDESKTOP-AN3U28N-172.31.67.81.pcap,Thursday-01-03-2018_70.pcap,01_pcap/Thursday-01-03-2018/capDESKTOP-AN3U28N-172.31.67.81.pcap,01_pcap/Thursday-01-03-2018/Thursday-01-03-2018_70.pcap
Thursday-01-03-2018,capDESKTOP-AN3U28N-172.31.67.82.pcap,Thursday-01-03-2018_71.pcap,01_pcap/Thursday-01-03-2018/capDESKTOP-AN3U28N-172.31.67.82.pcap,01_pcap/Thursday-01-03-2018/Thursday-01-03-2018_71.pcap
Thursday-01-03-2018,capDESKTOP-AN3U28N-172.31.67.86.pcap,Thursday-01-03-2018_72.pcap,01_pcap/Thursday-01-03-2018/capDESKTOP-AN3U28N-172.31.67.86.pcap,01_pcap/Thursday-01-03-2018/Thursday-01-03-2018_72.pcap
Thursday-01-03-2018,capDESKTOP-AN3U28N-172.31.67.94.pcap,Thursday-01-03-2018_73.pcap,01_pcap/Thursday-01-03-2018/capDESKTOP-AN3U28N-172.31.67.94.pcap,01_pcap/Thursday-01-03-2018/Thursday-01-03-2018_73.pcap
Thursday-01-03-2018,capDESKTOP-AN3U28N-172.31.67.101.pcap,Thursday-01-03-2018_74.pcap,01_pcap/Thursday-01-03-2018/capDESKTOP-AN3U28N-172.31.67.101.pcap,01_pcap/Thursday-01-03-2018/Thursday-01-03-2018_74.pcap
Thursday-01-03-2018,capDESKTOP-AN3U28N-172.31.67.116.pcap,Thursday-01-03-2018_75.pcap,01_pcap/Thursday-01-03-2018/capDESKTOP-AN3U28N-172.31.67.116.pcap,01_pcap/Thursday-01-03-2018/Thursday-01-03-2018_75.pcap
Thursday-01-03-2018,capDESKTOP-AN3U28N-172.31.67.119.pcap,Thursday-01-03-2018_76.pcap,01_pcap/Thursday-01-03-2018/capDESKTOP-AN3U28N-172.31.67.119.pcap,01_pcap/Thursday-01-03-2018/Thursday-01-03-2018_76.pcap
Thursday-01-03-2018,capDESKTOP-AN3U28N-172.31.67.125.pcap,Thursday-01-03-2018_77.pcap,01_pcap/Thursday-01-03-2018/capDESKTOP-AN3U28N-172.31.67.125.pcap,01_pcap/Thursday-01-03-2018/Thursday-01-03-2018_77.pcap
Thursday-01-03-2018,capEC2AMAZ-O4EL3NG-172.31.64.4.pcap,Thursday-01-03-2018_78.pcap,01_pcap/Thursday-01-03-2018/capEC2AMAZ-O4EL3NG-172.31.64.4.pcap,01_pcap/Thursday-01-03-2018/Thursday-01-03-2018_78.pcap
Thursday-01-03-2018,capEC2AMAZ-O4EL3NG-172.31.64.7.pcap,Thursday-01-03-2018_79.pcap,01_pcap/Thursday-01-03-2018/capEC2AMAZ-O4EL3NG-172.31.64.7.pcap,01_pcap/Thursday-01-03-2018/Thursday-01-03-2018_79.pcap
Thursday-01-03-2018,capEC2AMAZ-O4EL3NG-172.31.64.8.pcap,Thursday-01-03-2018_80.pcap,01_pcap/Thursday-01-03-2018/capEC2AMAZ-O4EL3NG-172.31.64.8.pcap,01_pcap/Thursday-01-03-2018/Thursday-01-03-2018_80.pcap
Thursday-01-03-2018,capEC2AMAZ-O4EL3NG-172.31.64.13.pcap,Thursday-01-03-2018_81.pcap,01_pcap/Thursday-01-03-2018/capEC2AMAZ-O4EL3NG-172.31.64.13.pcap,01_pcap/Thursday-01-03-2018/Thursday-01-03-2018_81.pcap
Thursday-01-03-2018,capEC2AMAZ-O4EL3NG-172.31.64.16.pcap,Thursday-01-03-2018_82.pcap,01_pcap/Thursday-01-03-2018/capEC2AMAZ-O4EL3NG-172.31.64.16.pcap,01_pcap/Thursday-01-03-2018/Thursday-01-03-2018_82.pcap
Thursday-01-03-2018,capEC2AMAZ-O4EL3NG-172.31.64.19.pcap,Thursday-01-03-2018_83.pcap,01_pcap/Thursday-01-03-2018/capEC2AMAZ-O4EL3NG-172.31.64.19.pcap,01_pcap/Thursday-01-03-2018/Thursday-01-03-2018_83.pcap
Thursday-01-03-2018,capEC2AMAZ-O4EL3NG-172.31.64.27.pcap,Thursday-01-03-2018_84.pcap,01_pcap/Thursday-01-03-2018/capEC2AMAZ-O4EL3NG-172.31.64.27.pcap,01_pcap/Thursday-01-03-2018/Thursday-01-03-2018_84.pcap
Thursday-01-03-2018,capEC2AMAZ-O4EL3NG-172.31.64.28.pcap,Thursday-01-03-2018_85.pcap,01_pcap/Thursday-01-03-2018/capEC2AMAZ-O4EL3NG-172.31.64.28.pcap,01_pcap/Thursday-01-03-2018/Thursday-01-03-2018_85.pcap
Thursday-01-03-2018,capEC2AMAZ-O4EL3NG-172.31.64.29.pcap,Thursday-01-03-2018_86.pcap,01_pcap/Thursday-01-03-2018/capEC2AMAZ-O4EL3NG-172.31.64.29.pcap,01_pcap/Thursday-01-03-2018/Thursday-01-03-2018_86.pcap
Thursday-01-03-2018,capEC2AMAZ-O4EL3NG-172.31.64.42.pcap,Thursday-01-03-2018_87.pcap,01_pcap/Thursday-01-03-2018/capEC2AMAZ-O4EL3NG-172.31.64.42.pcap,01_pcap/Thursday-01-03-2018/Thursday-01-03-2018_87.pcap
Thursday-01-03-2018,capEC2AMAZ-O4EL3NG-172.31.64.44.pcap,Thursday-01-03-2018_88.pcap,01_pcap/Thursday-01-03-2018/capEC2AMAZ-O4EL3NG-172.31.64.44.pcap,01_pcap/Thursday-01-03-2018/Thursday-01-03-2018_88.pcap
Thursday-01-03-2018,capEC2AMAZ-O4EL3NG-172.31.64.45.pcap,Thursday-01-03-2018_89.pcap,01_pcap/Thursday-01-03-2018/capEC2AMAZ-O4EL3NG-172.31.64.45.pcap,01_pcap/Thursday-01-03-2018/Thursday-01-03-2018_89.pcap
Thursday-01-03-2018,capEC2AMAZ-O4EL3NG-172.31.64.49.pcap,Thursday-01-03-2018_90.pcap,01_pcap/Thursday-01-03-2018/capEC2AMAZ-O4EL3NG-172.31.64.49.pcap,01_pcap/Thursday-01-03-2018/Thursday-01-03-2018_90.pcap
Thursday-01-03-2018,capEC2AMAZ-O4EL3NG-172.31.64.51.pcap,Thursday-01-03-2018_91.pcap,01_pcap/Thursday-01-03-2018/capEC2AMAZ-O4EL3NG-172.31.64.51.pcap,01_pcap/Thursday-01-03-2018/Thursday-01-03-2018_91.pcap
Thursday-01-03-2018,capEC2AMAZ-O4EL3NG-172.31.64.58.pcap,Thursday-01-03-2018_92.pcap,01_pcap/Thursday-01-03-2018/capEC2AMAZ-O4EL3NG-172.31.64.58.pcap,01_pcap/Thursday-01-03-2018/Thursday-01-03-2018_92.pcap
Thursday-01-03-2018,capEC2AMAZ-O4EL3NG-172.31.64.60.pcap,Thursday-01-03-2018_93.pcap,01_pcap/Thursday-01-03-2018/capEC2AMAZ-O4EL3NG-172.31.64.60.pcap,01_pcap/Thursday-01-03-2018/Thursday-01-03-2018_93.pcap
Thursday-01-03-2018,capEC2AMAZ-O4EL3NG-172.31.64.68.pcap,Thursday-01-03-2018_94.pcap,01_pcap/Thursday-01-03-2018/capEC2AMAZ-O4EL3NG-172.31.64.68.pcap,01_pcap/Thursday-01-03-2018/Thursday-01-03-2018_94.pcap
Thursday-01-03-2018,capEC2AMAZ-O4EL3NG-172.31.64.69.pcap,Thursday-01-03-2018_95.pcap,01_pcap/Thursday-01-03-2018/capEC2AMAZ-O4EL3NG-172.31.64.69.pcap,01_pcap/Thursday-01-03-2018/Thursday-01-03-2018_95.pcap
Thursday-01-03-2018,capEC2AMAZ-O4EL3NG-172.31.64.70.pcap,Thursday-01-03-2018_96.pcap,01_pcap/Thursday-01-03-2018/capEC2AMAZ-O4EL3NG-172.31.64.70.pcap,01_pcap/Thursday-01-03-2018/Thursday-01-03-2018_96.pcap
Thursday-01-03-2018,capEC2AMAZ-O4EL3NG-172.31.64.72.pcap,Thursday-01-03-2018_97.pcap,01_pcap/Thursday-01-03-2018/capEC2AMAZ-O4EL3NG-172.31.64.72.pcap,01_pcap/Thursday-01-03-2018/Thursday-01-03-2018_97.pcap
Thursday-01-03-2018,capEC2AMAZ-O4EL3NG-172.31.64.73.pcap,Thursday-01-03-2018_98.pcap,01_pcap/Thursday-01-03-2018/capEC2AMAZ-O4EL3NG-172.31.64.73.pcap,01_pcap/Thursday-01-03-2018/Thursday-01-03-2018_98.pcap
Thursday-01-03-2018,capEC2AMAZ-O4EL3NG-172.31.64.77.pcap,Thursday-01-03-2018_99.pcap,01_pcap/Thursday-01-03-2018/capEC2AMAZ-O4EL3NG-172.31.64.77.pcap,01_pcap/Thursday-01-03-2018/Thursday-01-03-2018_99.pcap
Thursday-01-03-2018,capEC2AMAZ-O4EL3NG-172.31.64.79.pcap,Thursday-01-03-2018_100.pcap,01_pcap/Thursday-01-03-2018/capEC2AMAZ-O4EL3NG-172.31.64.79.pcap,01_pcap/Thursday-01-03-2018/Thursday-01-03-2018_100.pcap
Thursday-01-03-2018,capEC2AMAZ-O4EL3NG-172.31.64.81.pcap,Thursday-01-03-2018_101.pcap,01_pcap/Thursday-01-03-2018/capEC2AMAZ-O4EL3NG-172.31.64.81.pcap,01_pcap/Thursday-01-03-2018/Thursday-01-03-2018_101.pcap
Thursday-01-03-2018,capEC2AMAZ-O4EL3NG-172.31.64.83.pcap,Thursday-01-03-2018_102.pcap,01_pcap/Thursday-01-03-2018/capEC2AMAZ-O4EL3NG-172.31.64.83.pcap,01_pcap/Thursday-01-03-2018/Thursday-01-03-2018_102.pcap
Thursday-01-03-2018,capEC2AMAZ-O4EL3NG-172.31.64.85.pcap,Thursday-01-03-2018_103.pcap,01_pcap/Thursday-01-03-2018/capEC2AMAZ-O4EL3NG-172.31.64.85.pcap,01_pcap/Thursday-01-03-2018/Thursday-01-03-2018_103.pcap
Thursday-01-03-2018,capEC2AMAZ-O4EL3NG-172.31.64.87.pcap,Thursday-01-03-2018_104.pcap,01_pcap/Thursday-01-03-2018/capEC2AMAZ-O4EL3NG-172.31.64.87.pcap,01_pcap/Thursday-01-03-2018/Thursday-01-03-2018_104.pcap
Thursday-01-03-2018,capEC2AMAZ-O4EL3NG-172.31.64.92.pcap,Thursday-01-03-2018_105.pcap,01_pcap/Thursday-01-03-2018/capEC2AMAZ-O4EL3NG-172.31.64.92.pcap,01_pcap/Thursday-01-03-2018/Thursday-01-03-2018_105.pcap
Thursday-01-03-2018,capEC2AMAZ-O4EL3NG-172.31.64.96.pcap,Thursday-01-03-2018_106.pcap,01_pcap/Thursday-01-03-2018/capEC2AMAZ-O4EL3NG-172.31.64.96.pcap,01_pcap/Thursday-01-03-2018/Thursday-01-03-2018_106.pcap
Thursday-01-03-2018,capEC2AMAZ-O4EL3NG-172.31.64.100.pcap,Thursday-01-03-2018_107.pcap,01_pcap/Thursday-01-03-2018/capEC2AMAZ-O4EL3NG-172.31.64.100.pcap,01_pcap/Thursday-01-03-2018/Thursday-01-03-2018_107.pcap
Thursday-01-03-2018,capEC2AMAZ-O4EL3NG-172.31.64.101.pcap,Thursday-01-03-2018_108.pcap,01_pcap/Thursday-01-03-2018/capEC2AMAZ-O4EL3NG-172.31.64.101.pcap,01_pcap/Thursday-01-03-2018/Thursday-01-03-2018_108.pcap
Thursday-01-03-2018,capEC2AMAZ-O4EL3NG-172.31.64.103.pcap,Thursday-01-03-2018_109.pcap,01_pcap/Thursday-01-03-2018/capEC2AMAZ-O4EL3NG-172.31.64.103.pcap,01_pcap/Thursday-01-03-2018/Thursday-01-03-2018_109.pcap
Thursday-01-03-2018,capEC2AMAZ-O4EL3NG-172.31.64.104.pcap,Thursday-01-03-2018_110.pcap,01_pcap/Thursday-01-03-2018/capEC2AMAZ-O4EL3NG-172.31.64.104.pcap,01_pcap/Thursday-01-03-2018/Thursday-01-03-2018_110.pcap
Thursday-01-03-2018,capEC2AMAZ-O4EL3NG-172.31.64.107.pcap,Thursday-01-03-2018_111.pcap,01_pcap/Thursday-01-03-2018/capEC2AMAZ-O4EL3NG-172.31.64.107.pcap,01_pcap/Thursday-01-03-2018/Thursday-01-03-2018_111.pcap
Thursday-01-03-2018,capEC2AMAZ-O4EL3NG-172.31.64.108.pcap,Thursday-01-03-2018_112.pcap,01_pcap/Thursday-01-03-2018/capEC2AMAZ-O4EL3NG-172.31.64.108.pcap,01_pcap/Thursday-01-03-2018/Thursday-01-03-2018_112.pcap
Thursday-01-03-2018,capEC2AMAZ-O4EL3NG-172.31.64.109.pcap,Thursday-01-03-2018_113.pcap,01_pcap/Thursday-01-03-2018/capEC2AMAZ-O4EL3NG-172.31.64.109.pcap,01_pcap/Thursday-01-03-2018/Thursday-01-03-2018_113.pcap
Thursday-01-03-2018,capEC2AMAZ-O4EL3NG-172.31.64.110.pcap,Thursday-01-03-2018_114.pcap,01_pcap/Thursday-01-03-2018/capEC2AMAZ-O4EL3NG-172.31.64.110.pcap,01_pcap/Thursday-01-03-2018/Thursday-01-03-2018_114.pcap
Thursday-01-03-2018,capEC2AMAZ-O4EL3NG-172.31.64.119.pcap,Thursday-01-03-2018_115.pcap,01_pcap/Thursday-01-03-2018/capEC2AMAZ-O4EL3NG-172.31.64.119.pcap,01_pcap/Thursday-01-03-2018/Thursday-01-03-2018_115.pcap
Thursday-01-03-2018,capEC2AMAZ-O4EL3NG-172.31.64.123.pcap,Thursday-01-03-2018_116.pcap,01_pcap/Thursday-01-03-2018/capEC2AMAZ-O4EL3NG-172.31.64.123.pcap,01_pcap/Thursday-01-03-2018/Thursday-01-03-2018_116.pcap
Thursday-01-03-2018,capEC2AMAZ-O4EL3NG-172.31.64.124.pcap,Thursday-01-03-2018_117.pcap,01_pcap/Thursday-01-03-2018/capEC2AMAZ-O4EL3NG-172.31.64.124.pcap,01_pcap/Thursday-01-03-2018/Thursday-01-03-2018_117.pcap
Thursday-01-03-2018,capEC2AMAZ-O4EL3NG-172.31.65.5.pcap,Thursday-01-03-2018_118.pcap,01_pcap/Thursday-01-03-2018/capEC2AMAZ-O4EL3NG-172.31.65.5.pcap,01_pcap/Thursday-01-03-2018/Thursday-01-03-2018_118.pcap
Thursday-01-03-2018,capEC2AMAZ-O4EL3NG-172.31.65.8.pcap,Thursday-01-03-2018_119.pcap,01_pcap/Thursday-01-03-2018/capEC2AMAZ-O4EL3NG-172.31.65.8.pcap,01_pcap/Thursday-01-03-2018/Thursday-01-03-2018_119.pcap
Thursday-01-03-2018,capEC2AMAZ-O4EL3NG-172.31.65.18.pcap,Thursday-01-03-2018_120.pcap,01_pcap/Thursday-01-03-2018/capEC2AMAZ-O4EL3NG-172.31.65.18.pcap,01_pcap/Thursday-01-03-2018/Thursday-01-03-2018_120.pcap
Thursday-01-03-2018,capEC2AMAZ-O4EL3NG-172.31.65.27.pcap,Thursday-01-03-2018_121.pcap,01_pcap/Thursday-01-03-2018/capEC2AMAZ-O4EL3NG-172.31.65.27.pcap,01_pcap/Thursday-01-03-2018/Thursday-01-03-2018_121.pcap
Thursday-01-03-2018,capEC2AMAZ-O4EL3NG-172.31.65.30.pcap,Thursday-01-03-2018_122.pcap,01_pcap/Thursday-01-03-2018/capEC2AMAZ-O4EL3NG-172.31.65.30.pcap,01_pcap/Thursday-01-03-2018/Thursday-01-03-2018_122.pcap
Thursday-01-03-2018,capEC2AMAZ-O4EL3NG-172.31.65.32.pcap,Thursday-01-03-2018_123.pcap,01_pcap/Thursday-01-03-2018/capEC2AMAZ-O4EL3NG-172.31.65.32.pcap,01_pcap/Thursday-01-03-2018/Thursday-01-03-2018_123.pcap
Thursday-01-03-2018,capEC2AMAZ-O4EL3NG-172.31.65.33.pcap,Thursday-01-03-2018_124.pcap,01_pcap/Thursday-01-03-2018/capEC2AMAZ-O4EL3NG-172.31.65.33.pcap,01_pcap/Thursday-01-03-2018/Thursday-01-03-2018_124.pcap
Thursday-01-03-2018,capEC2AMAZ-O4EL3NG-172.31.65.36.pcap,Thursday-01-03-2018_125.pcap,01_pcap/Thursday-01-03-2018/capEC2AMAZ-O4EL3NG-172.31.65.36.pcap,01_pcap/Thursday-01-03-2018/Thursday-01-03-2018_125.pcap
Thursday-01-03-2018,capEC2AMAZ-O4EL3NG-172.31.65.37.pcap,Thursday-01-03-2018_126.pcap,01_pcap/Thursday-01-03-2018/capEC2AMAZ-O4EL3NG-172.31.65.37.pcap,01_pcap/Thursday-01-03-2018/Thursday-01-03-2018_126.pcap
Thursday-01-03-2018,capEC2AMAZ-O4EL3NG-172.31.65.39.pcap,Thursday-01-03-2018_127.pcap,01_pcap/Thursday-01-03-2018/capEC2AMAZ-O4EL3NG-172.31.65.39.pcap,01_pcap/Thursday-01-03-2018/Thursday-01-03-2018_127.pcap
Thursday-01-03-2018,capEC2AMAZ-O4EL3NG-172.31.65.41.pcap,Thursday-01-03-2018_128.pcap,01_pcap/Thursday-01-03-2018/capEC2AMAZ-O4EL3NG-172.31.65.41.pcap,01_pcap/Thursday-01-03-2018/Thursday-01-03-2018_128.pcap
Thursday-01-03-2018,capEC2AMAZ-O4EL3NG-172.31.65.43.pcap,Thursday-01-03-2018_129.pcap,01_pcap/Thursday-01-03-2018/capEC2AMAZ-O4EL3NG-172.31.65.43.pcap,01_pcap/Thursday-01-03-2018/Thursday-01-03-2018_129.pcap
Thursday-01-03-2018,capEC2AMAZ-O4EL3NG-172.31.65.44.pcap,Thursday-01-03-2018_130.pcap,01_pcap/Thursday-01-03-2018/capEC2AMAZ-O4EL3NG-172.31.65.44.pcap,01_pcap/Thursday-01-03-2018/Thursday-01-03-2018_130.pcap
Thursday-01-03-2018,capEC2AMAZ-O4EL3NG-172.31.65.45.pcap,Thursday-01-03-2018_131.pcap,01_pcap/Thursday-01-03-2018/capEC2AMAZ-O4EL3NG-172.31.65.45.pcap,01_pcap/Thursday-01-03-2018/Thursday-01-03-2018_131.pcap
Thursday-01-03-2018,capEC2AMAZ-O4EL3NG-172.31.65.59.pcap,Thursday-01-03-2018_132.pcap,01_pcap/Thursday-01-03-2018/capEC2AMAZ-O4EL3NG-172.31.65.59.pcap,01_pcap/Thursday-01-03-2018/Thursday-01-03-2018_132.pcap
Thursday-01-03-2018,capEC2AMAZ-O4EL3NG-172.31.65.64.pcap,Thursday-01-03-2018_133.pcap,01_pcap/Thursday-01-03-2018/capEC2AMAZ-O4EL3NG-172.31.65.64.pcap,01_pcap/Thursday-01-03-2018/Thursday-01-03-2018_133.pcap
Thursday-01-03-2018,capEC2AMAZ-O4EL3NG-172.31.65.65.pcap,Thursday-01-03-2018_134.pcap,01_pcap/Thursday-01-03-2018/capEC2AMAZ-O4EL3NG-172.31.65.65.pcap,01_pcap/Thursday-01-03-2018/Thursday-01-03-2018_134.pcap
Thursday-01-03-2018,capEC2AMAZ-O4EL3NG-172.31.65.71.pcap,Thursday-01-03-2018_135.pcap,01_pcap/Thursday-01-03-2018/capEC2AMAZ-O4EL3NG-172.31.65.71.pcap,01_pcap/Thursday-01-03-2018/Thursday-01-03-2018_135.pcap
Thursday-01-03-2018,capEC2AMAZ-O4EL3NG-172.31.65.72.pcap,Thursday-01-03-2018_136.pcap,01_pcap/Thursday-01-03-2018/capEC2AMAZ-O4EL3NG-172.31.65.72.pcap,01_pcap/Thursday-01-03-2018/Thursday-01-03-2018_136.pcap
Thursday-01-03-2018,capEC2AMAZ-O4EL3NG-172.31.65.75.pcap,Thursday-01-03-2018_137.pcap,01_pcap/Thursday-01-03-2018/capEC2AMAZ-O4EL3NG-172.31.65.75.pcap,01_pcap/Thursday-01-03-2018/Thursday-01-03-2018_137.pcap
Thursday-01-03-2018,capEC2AMAZ-O4EL3NG-172.31.65.82.pcap,Thursday-01-03-2018_138.pcap,01_pcap/Thursday-01-03-2018/capEC2AMAZ-O4EL3NG-172.31.65.82.pcap,01_pcap/Thursday-01-03-2018/Thursday-01-03-2018_138.pcap
Thursday-01-03-2018,capEC2AMAZ-O4EL3NG-172.31.65.84.pcap,Thursday-01-03-2018_139.pcap,01_pcap/Thursday-01-03-2018/capEC2AMAZ-O4EL3NG-172.31.65.84.pcap,01_pcap/Thursday-01-03-2018/Thursday-01-03-2018_139.pcap
Thursday-01-03-2018,capEC2AMAZ-O4EL3NG-172.31.65.85.pcap,Thursday-01-03-2018_140.pcap,01_pcap/Thursday-01-03-2018/capEC2AMAZ-O4EL3NG-172.31.65.85.pcap,01_pcap/Thursday-01-03-2018/Thursday-01-03-2018_140.pcap
Thursday-01-03-2018,capEC2AMAZ-O4EL3NG-172.31.65.91.pcap,Thursday-01-03-2018_141.pcap,01_pcap/Thursday-01-03-2018/capEC2AMAZ-O4EL3NG-172.31.65.91.pcap,01_pcap/Thursday-01-03-2018/Thursday-01-03-2018_141.pcap
Thursday-01-03-2018,capEC2AMAZ-O4EL3NG-172.31.65.93.pcap,Thursday-01-03-2018_142.pcap,01_pcap/Thursday-01-03-2018/capEC2AMAZ-O4EL3NG-172.31.65.93.pcap,01_pcap/Thursday-01-03-2018/Thursday-01-03-2018_142.pcap
Thursday-01-03-2018,capEC2AMAZ-O4EL3NG-172.31.65.96.pcap,Thursday-01-03-2018_143.pcap,01_pcap/Thursday-01-03-2018/capEC2AMAZ-O4EL3NG-172.31.65.96.pcap,01_pcap/Thursday-01-03-2018/Thursday-01-03-2018_143.pcap
Thursday-01-03-2018,capEC2AMAZ-O4EL3NG-172.31.65.98.pcap,Thursday-01-03-2018_144.pcap,01_pcap/Thursday-01-03-2018/capEC2AMAZ-O4EL3NG-172.31.65.98.pcap,01_pcap/Thursday-01-03-2018/Thursday-01-03-2018_144.pcap
Thursday-01-03-2018,capEC2AMAZ-O4EL3NG-172.31.65.107.pcap,Thursday-01-03-2018_145.pcap,01_pcap/Thursday-01-03-2018/capEC2AMAZ-O4EL3NG-172.31.65.107.pcap,01_pcap/Thursday-01-03-2018/Thursday-01-03-2018_145.pcap
Thursday-01-03-2018,capEC2AMAZ-O4EL3NG-172.31.65.109.pcap,Thursday-01-03-2018_146.pcap,01_pcap/Thursday-01-03-2018/capEC2AMAZ-O4EL3NG-172.31.65.109.pcap,01_pcap/Thursday-01-03-2018/Thursday-01-03-2018_146.pcap
Thursday-01-03-2018,capEC2AMAZ-O4EL3NG-172.31.65.112.pcap,Thursday-01-03-2018_147.pcap,01_pcap/Thursday-01-03-2018/capEC2AMAZ-O4EL3NG-172.31.65.112.pcap,01_pcap/Thursday-01-03-2018/Thursday-01-03-2018_147.pcap
Thursday-01-03-2018,capEC2AMAZ-O4EL3NG-172.31.65.118.pcap,Thursday-01-03-2018_148.pcap,01_pcap/Thursday-01-03-2018/capEC2AMAZ-O4EL3NG-172.31.65.118.pcap,01_pcap/Thursday-01-03-2018/Thursday-01-03-2018_148.pcap
Thursday-01-03-2018,capEC2AMAZ-O4EL3NG-172.31.65.119.pcap,Thursday-01-03-2018_149.pcap,01_pcap/Thursday-01-03-2018/capEC2AMAZ-O4EL3NG-172.31.65.119.pcap,01_pcap/Thursday-01-03-2018/Thursday-01-03-2018_149.pcap
Thursday-01-03-2018,capEC2AMAZ-O4EL3NG-172.31.65.121.pcap,Thursday-01-03-2018_150.pcap,01_pcap/Thursday-01-03-2018/capEC2AMAZ-O4EL3NG-172.31.65.121.pcap,01_pcap/Thursday-01-03-2018/Thursday-01-03-2018_150.pcap
Thursday-01-03-2018,capEC2AMAZ-O4EL3NG-172.31.65.122.pcap,Thursday-01-03-2018_151.pcap,01_pcap/Thursday-01-03-2018/capEC2AMAZ-O4EL3NG-172.31.65.122.pcap,01_pcap/Thursday-01-03-2018/Thursday-01-03-2018_151.pcap
Thursday-01-03-2018,capEC2AMAZ-O4EL3NG-172.31.66.5.pcap,Thursday-01-03-2018_152.pcap,01_pcap/Thursday-01-03-2018/capEC2AMAZ-O4EL3NG-172.31.66.5.pcap,01_pcap/Thursday-01-03-2018/Thursday-01-03-2018_152.pcap
Thursday-01-03-2018,capEC2AMAZ-O4EL3NG-172.31.66.7.pcap,Thursday-01-03-2018_153.pcap,01_pcap/Thursday-01-03-2018/capEC2AMAZ-O4EL3NG-172.31.66.7.pcap,01_pcap/Thursday-01-03-2018/Thursday-01-03-2018_153.pcap
Thursday-01-03-2018,capEC2AMAZ-O4EL3NG-172.31.66.8.pcap,Thursday-01-03-2018_154.pcap,01_pcap/Thursday-01-03-2018/capEC2AMAZ-O4EL3NG-172.31.66.8.pcap,01_pcap/Thursday-01-03-2018/Thursday-01-03-2018_154.pcap
Thursday-01-03-2018,capEC2AMAZ-O4EL3NG-172.31.66.11.pcap,Thursday-01-03-2018_155.pcap,01_pcap/Thursday-01-03-2018/capEC2AMAZ-O4EL3NG-172.31.66.11.pcap,01_pcap/Thursday-01-03-2018/Thursday-01-03-2018_155.pcap
Thursday-01-03-2018,capEC2AMAZ-O4EL3NG-172.31.66.12.pcap,Thursday-01-03-2018_156.pcap,01_pcap/Thursday-01-03-2018/capEC2AMAZ-O4EL3NG-172.31.66.12.pcap,01_pcap/Thursday-01-03-2018/Thursday-01-03-2018_156.pcap
Thursday-01-03-2018,capEC2AMAZ-O4EL3NG-172.31.66.13.pcap,Thursday-01-03-2018_157.pcap,01_pcap/Thursday-01-03-2018/capEC2AMAZ-O4EL3NG-172.31.66.13.pcap,01_pcap/Thursday-01-03-2018/Thursday-01-03-2018_157.pcap
Thursday-01-03-2018,capEC2AMAZ-O4EL3NG-172.31.66.14.pcap,Thursday-01-03-2018_158.pcap,01_pcap/Thursday-01-03-2018/capEC2AMAZ-O4EL3NG-172.31.66.14.pcap,01_pcap/Thursday-01-03-2018/Thursday-01-03-2018_158.pcap
Thursday-01-03-2018,capEC2AMAZ-O4EL3NG-172.31.66.16.pcap,Thursday-01-03-2018_159.pcap,01_pcap/Thursday-01-03-2018/capEC2AMAZ-O4EL3NG-172.31.66.16.pcap,01_pcap/Thursday-01-03-2018/Thursday-01-03-2018_159.pcap
Thursday-01-03-2018,capEC2AMAZ-O4EL3NG-172.31.66.17.pcap,Thursday-01-03-2018_160.pcap,01_pcap/Thursday-01-03-2018/capEC2AMAZ-O4EL3NG-172.31.66.17.pcap,01_pcap/Thursday-01-03-2018/Thursday-01-03-2018_160.pcap
Thursday-01-03-2018,capEC2AMAZ-O4EL3NG-172.31.66.20.pcap,Thursday-01-03-2018_161.pcap,01_pcap/Thursday-01-03-2018/capEC2AMAZ-O4EL3NG-172.31.66.20.pcap,01_pcap/Thursday-01-03-2018/Thursday-01-03-2018_161.pcap
Thursday-01-03-2018,capEC2AMAZ-O4EL3NG-172.31.66.25.pcap,Thursday-01-03-2018_162.pcap,01_pcap/Thursday-01-03-2018/capEC2AMAZ-O4EL3NG-172.31.66.25.pcap,01_pcap/Thursday-01-03-2018/Thursday-01-03-2018_162.pcap
Thursday-01-03-2018,capEC2AMAZ-O4EL3NG-172.31.66.26.pcap,Thursday-01-03-2018_163.pcap,01_pcap/Thursday-01-03-2018/capEC2AMAZ-O4EL3NG-172.31.66.26.pcap,01_pcap/Thursday-01-03-2018/Thursday-01-03-2018_163.pcap
Thursday-01-03-2018,capEC2AMAZ-O4EL3NG-172.31.66.28.pcap,Thursday-01-03-2018_164.pcap,01_pcap/Thursday-01-03-2018/capEC2AMAZ-O4EL3NG-172.31.66.28.pcap,01_pcap/Thursday-01-03-2018/Thursday-01-03-2018_164.pcap
Thursday-01-03-2018,capEC2AMAZ-O4EL3NG-172.31.66.29.pcap,Thursday-01-03-2018_165.pcap,01_pcap/Thursday-01-03-2018/capEC2AMAZ-O4EL3NG-172.31.66.29.pcap,01_pcap/Thursday-01-03-2018/Thursday-01-03-2018_165.pcap
Thursday-01-03-2018,capEC2AMAZ-O4EL3NG-172.31.66.34.pcap,Thursday-01-03-2018_166.pcap,01_pcap/Thursday-01-03-2018/capEC2AMAZ-O4EL3NG-172.31.66.34.pcap,01_pcap/Thursday-01-03-2018/Thursday-01-03-2018_166.pcap
Thursday-01-03-2018,capEC2AMAZ-O4EL3NG-172.31.66.35.pcap,Thursday-01-03-2018_167.pcap,01_pcap/Thursday-01-03-2018/capEC2AMAZ-O4EL3NG-172.31.66.35.pcap,01_pcap/Thursday-01-03-2018/Thursday-01-03-2018_167.pcap
Thursday-01-03-2018,capEC2AMAZ-O4EL3NG-172.31.66.37.pcap,Thursday-01-03-2018_168.pcap,01_pcap/Thursday-01-03-2018/capEC2AMAZ-O4EL3NG-172.31.66.37.pcap,01_pcap/Thursday-01-03-2018/Thursday-01-03-2018_168.pcap
Thursday-01-03-2018,capEC2AMAZ-O4EL3NG-172.31.66.38.pcap,Thursday-01-03-2018_169.pcap,01_pcap/Thursday-01-03-2018/capEC2AMAZ-O4EL3NG-172.31.66.38.pcap,01_pcap/Thursday-01-03-2018/Thursday-01-03-2018_169.pcap
Thursday-01-03-2018,capEC2AMAZ-O4EL3NG-172.31.66.40.pcap,Thursday-01-03-2018_170.pcap,01_pcap/Thursday-01-03-2018/capEC2AMAZ-O4EL3NG-172.31.66.40.pcap,01_pcap/Thursday-01-03-2018/Thursday-01-03-2018_170.pcap
Thursday-01-03-2018,capEC2AMAZ-O4EL3NG-172.31.66.44.pcap,Thursday-01-03-2018_171.pcap,01_pcap/Thursday-01-03-2018/capEC2AMAZ-O4EL3NG-172.31.66.44.pcap,01_pcap/Thursday-01-03-2018/Thursday-01-03-2018_171.pcap
Thursday-01-03-2018,capEC2AMAZ-O4EL3NG-172.31.66.48.pcap,Thursday-01-03-2018_172.pcap,01_pcap/Thursday-01-03-2018/capEC2AMAZ-O4EL3NG-172.31.66.48.pcap,01_pcap/Thursday-01-03-2018/Thursday-01-03-2018_172.pcap
Thursday-01-03-2018,capEC2AMAZ-O4EL3NG-172.31.66.51.pcap,Thursday-01-03-2018_173.pcap,01_pcap/Thursday-01-03-2018/capEC2AMAZ-O4EL3NG-172.31.66.51.pcap,01_pcap/Thursday-01-03-2018/Thursday-01-03-2018_173.pcap
Thursday-01-03-2018,capEC2AMAZ-O4EL3NG-172.31.66.53.pcap,Thursday-01-03-2018_174.pcap,01_pcap/Thursday-01-03-2018/capEC2AMAZ-O4EL3NG-172.31.66.53.pcap,01_pcap/Thursday-01-03-2018/Thursday-01-03-2018_174.pcap
Thursday-01-03-2018,capEC2AMAZ-O4EL3NG-172.31.66.55.pcap,Thursday-01-03-2018_175.pcap,01_pcap/Thursday-01-03-2018/capEC2AMAZ-O4EL3NG-172.31.66.55.pcap,01_pcap/Thursday-01-03-2018/Thursday-01-03-2018_175.pcap
Thursday-01-03-2018,capEC2AMAZ-O4EL3NG-172.31.66.56.pcap,Thursday-01-03-2018_176.pcap,01_pcap/Thursday-01-03-2018/capEC2AMAZ-O4EL3NG-172.31.66.56.pcap,01_pcap/Thursday-01-03-2018/Thursday-01-03-2018_176.pcap
Thursday-01-03-2018,capEC2AMAZ-O4EL3NG-172.31.66.57.pcap,Thursday-01-03-2018_177.pcap,01_pcap/Thursday-01-03-2018/capEC2AMAZ-O4EL3NG-172.31.66.57.pcap,01_pcap/Thursday-01-03-2018/Thursday-01-03-2018_177.pcap
Thursday-01-03-2018,capEC2AMAZ-O4EL3NG-172.31.66.60.pcap,Thursday-01-03-2018_178.pcap,01_pcap/Thursday-01-03-2018/capEC2AMAZ-O4EL3NG-172.31.66.60.pcap,01_pcap/Thursday-01-03-2018/Thursday-01-03-2018_178.pcap
Thursday-01-03-2018,capEC2AMAZ-O4EL3NG-172.31.66.61.pcap,Thursday-01-03-2018_179.pcap,01_pcap/Thursday-01-03-2018/capEC2AMAZ-O4EL3NG-172.31.66.61.pcap,01_pcap/Thursday-01-03-2018/Thursday-01-03-2018_179.pcap
Thursday-01-03-2018,capEC2AMAZ-O4EL3NG-172.31.66.64.pcap,Thursday-01-03-2018_180.pcap,01_pcap/Thursday-01-03-2018/capEC2AMAZ-O4EL3NG-172.31.66.64.pcap,01_pcap/Thursday-01-03-2018/Thursday-01-03-2018_180.pcap
Thursday-01-03-2018,capEC2AMAZ-O4EL3NG-172.31.66.65.pcap,Thursday-01-03-2018_181.pcap,01_pcap/Thursday-01-03-2018/capEC2AMAZ-O4EL3NG-172.31.66.65.pcap,01_pcap/Thursday-01-03-2018/Thursday-01-03-2018_181.pcap
Thursday-01-03-2018,capEC2AMAZ-O4EL3NG-172.31.66.66.pcap,Thursday-01-03-2018_182.pcap,01_pcap/Thursday-01-03-2018/capEC2AMAZ-O4EL3NG-172.31.66.66.pcap,01_pcap/Thursday-01-03-2018/Thursday-01-03-2018_182.pcap
Thursday-01-03-2018,capEC2AMAZ-O4EL3NG-172.31.66.68.pcap,Thursday-01-03-2018_183.pcap,01_pcap/Thursday-01-03-2018/capEC2AMAZ-O4EL3NG-172.31.66.68.pcap,01_pcap/Thursday-01-03-2018/Thursday-01-03-2018_183.pcap
Thursday-01-03-2018,capEC2AMAZ-O4EL3NG-172.31.66.70.pcap,Thursday-01-03-2018_184.pcap,01_pcap/Thursday-01-03-2018/capEC2AMAZ-O4EL3NG-172.31.66.70.pcap,01_pcap/Thursday-01-03-2018/Thursday-01-03-2018_184.pcap
Thursday-01-03-2018,capEC2AMAZ-O4EL3NG-172.31.66.73.pcap,Thursday-01-03-2018_185.pcap,01_pcap/Thursday-01-03-2018/capEC2AMAZ-O4EL3NG-172.31.66.73.pcap,01_pcap/Thursday-01-03-2018/Thursday-01-03-2018_185.pcap
Thursday-01-03-2018,capEC2AMAZ-O4EL3NG-172.31.66.74.pcap,Thursday-01-03-2018_186.pcap,01_pcap/Thursday-01-03-2018/capEC2AMAZ-O4EL3NG-172.31.66.74.pcap,01_pcap/Thursday-01-03-2018/Thursday-01-03-2018_186.pcap
Thursday-01-03-2018,capEC2AMAZ-O4EL3NG-172.31.66.75.pcap,Thursday-01-03-2018_187.pcap,01_pcap/Thursday-01-03-2018/capEC2AMAZ-O4EL3NG-172.31.66.75.pcap,01_pcap/Thursday-01-03-2018/Thursday-01-03-2018_187.pcap
Thursday-01-03-2018,capEC2AMAZ-O4EL3NG-172.31.66.77.pcap,Thursday-01-03-2018_188.pcap,01_pcap/Thursday-01-03-2018/capEC2AMAZ-O4EL3NG-172.31.66.77.pcap,01_pcap/Thursday-01-03-2018/Thursday-01-03-2018_188.pcap
Thursday-01-03-2018,capEC2AMAZ-O4EL3NG-172.31.66.78.pcap,Thursday-01-03-2018_189.pcap,01_pcap/Thursday-01-03-2018/capEC2AMAZ-O4EL3NG-172.31.66.78.pcap,01_pcap/Thursday-01-03-2018/Thursday-01-03-2018_189.pcap
Thursday-01-03-2018,capEC2AMAZ-O4EL3NG-172.31.66.80.pcap,Thursday-01-03-2018_190.pcap,01_pcap/Thursday-01-03-2018/capEC2AMAZ-O4EL3NG-172.31.66.80.pcap,01_pcap/Thursday-01-03-2018/Thursday-01-03-2018_190.pcap
Thursday-01-03-2018,capEC2AMAZ-O4EL3NG-172.31.66.81.pcap,Thursday-01-03-2018_191.pcap,01_pcap/Thursday-01-03-2018/capEC2AMAZ-O4EL3NG-172.31.66.81.pcap,01_pcap/Thursday-01-03-2018/Thursday-01-03-2018_191.pcap
Thursday-01-03-2018,capEC2AMAZ-O4EL3NG-172.31.66.84.pcap,Thursday-01-03-2018_192.pcap,01_pcap/Thursday-01-03-2018/capEC2AMAZ-O4EL3NG-172.31.66.84.pcap,01_pcap/Thursday-01-03-2018/Thursday-01-03-2018_192.pcap
Thursday-01-03-2018,capEC2AMAZ-O4EL3NG-172.31.66.86.pcap,Thursday-01-03-2018_193.pcap,01_pcap/Thursday-01-03-2018/capEC2AMAZ-O4EL3NG-172.31.66.86.pcap,01_pcap/Thursday-01-03-2018/Thursday-01-03-2018_193.pcap
Thursday-01-03-2018,capEC2AMAZ-O4EL3NG-172.31.66.87.pcap,Thursday-01-03-2018_194.pcap,01_pcap/Thursday-01-03-2018/capEC2AMAZ-O4EL3NG-172.31.66.87.pcap,01_pcap/Thursday-01-03-2018/Thursday-01-03-2018_194.pcap
Thursday-01-03-2018,capEC2AMAZ-O4EL3NG-172.31.66.91.pcap,Thursday-01-03-2018_195.pcap,01_pcap/Thursday-01-03-2018/capEC2AMAZ-O4EL3NG-172.31.66.91.pcap,01_pcap/Thursday-01-03-2018/Thursday-01-03-2018_195.pcap
Thursday-01-03-2018,capEC2AMAZ-O4EL3NG-172.31.66.94.pcap,Thursday-01-03-2018_196.pcap,01_pcap/Thursday-01-03-2018/capEC2AMAZ-O4EL3NG-172.31.66.94.pcap,01_pcap/Thursday-01-03-2018/Thursday-01-03-2018_196.pcap
Thursday-01-03-2018,capEC2AMAZ-O4EL3NG-172.31.66.95.pcap,Thursday-01-03-2018_197.pcap,01_pcap/Thursday-01-03-2018/capEC2AMAZ-O4EL3NG-172.31.66.95.pcap,01_pcap/Thursday-01-03-2018/Thursday-01-03-2018_197.pcap
Thursday-01-03-2018,capEC2AMAZ-O4EL3NG-172.31.66.97.pcap,Thursday-01-03-2018_198.pcap,01_pcap/Thursday-01-03-2018/capEC2AMAZ-O4EL3NG-172.31.66.97.pcap,01_pcap/Thursday-01-03-2018/Thursday-01-03-2018_198.pcap
Thursday-01-03-2018,capEC2AMAZ-O4EL3NG-172.31.66.98.pcap,Thursday-01-03-2018_199.pcap,01_pcap/Thursday-01-03-2018/capEC2AMAZ-O4EL3NG-172.31.66.98.pcap,01_pcap/Thursday-01-03-2018/Thursday-01-03-2018_199.pcap
Thursday-01-03-2018,capEC2AMAZ-O4EL3NG-172.31.66.105.pcap,Thursday-01-03-2018_200.pcap,01_pcap/Thursday-01-03-2018/capEC2AMAZ-O4EL3NG-172.31.66.105.pcap,01_pcap/Thursday-01-03-2018/Thursday-01-03-2018_200.pcap
Thursday-01-03-2018,capEC2AMAZ-O4EL3NG-172.31.66.107.pcap,Thursday-01-03-2018_201.pcap,01_pcap/Thursday-01-03-2018/capEC2AMAZ-O4EL3NG-172.31.66.107.pcap,01_pcap/Thursday-01-03-2018/Thursday-01-03-2018_201.pcap
Thursday-01-03-2018,capEC2AMAZ-O4EL3NG-172.31.66.108.pcap,Thursday-01-03-2018_202.pcap,01_pcap/Thursday-01-03-2018/capEC2AMAZ-O4EL3NG-172.31.66.108.pcap,01_pcap/Thursday-01-03-2018/Thursday-01-03-2018_202.pcap
Thursday-01-03-2018,capEC2AMAZ-O4EL3NG-172.31.66.109.pcap,Thursday-01-03-2018_203.pcap,01_pcap/Thursday-01-03-2018/capEC2AMAZ-O4EL3NG-172.31.66.109.pcap,01_pcap/Thursday-01-03-2018/Thursday-01-03-2018_203.pcap
Thursday-01-03-2018,capEC2AMAZ-O4EL3NG-172.31.66.113.pcap,Thursday-01-03-2018_204.pcap,01_pcap/Thursday-01-03-2018/capEC2AMAZ-O4EL3NG-172.31.66.113.pcap,01_pcap/Thursday-01-03-2018/Thursday-01-03-2018_204.pcap
Thursday-01-03-2018,capEC2AMAZ-O4EL3NG-172.31.66.116.pcap,Thursday-01-03-2018_205.pcap,01_pcap/Thursday-01-03-2018/capEC2AMAZ-O4EL3NG-172.31.66.116.pcap,01_pcap/Thursday-01-03-2018/Thursday-01-03-2018_205.pcap
Thursday-01-03-2018,capEC2AMAZ-O4EL3NG-172.31.66.119.pcap,Thursday-01-03-2018_206.pcap,01_pcap/Thursday-01-03-2018/capEC2AMAZ-O4EL3NG-172.31.66.119.pcap,01_pcap/Thursday-01-03-2018/Thursday-01-03-2018_206.pcap
Thursday-01-03-2018,capEC2AMAZ-O4EL3NG-172.31.66.122.pcap,Thursday-01-03-2018_207.pcap,01_pcap/Thursday-01-03-2018/capEC2AMAZ-O4EL3NG-172.31.66.122.pcap,01_pcap/Thursday-01-03-2018/Thursday-01-03-2018_207.pcap
Thursday-01-03-2018,capEC2AMAZ-O4EL3NG-172.31.66.124.pcap,Thursday-01-03-2018_208.pcap,01_pcap/Thursday-01-03-2018/capEC2AMAZ-O4EL3NG-172.31.66.124.pcap,01_pcap/Thursday-01-03-2018/Thursday-01-03-2018_208.pcap
Thursday-01-03-2018,capEC2AMAZ-O4EL3NG-172.31.67.6.pcap,Thursday-01-03-2018_209.pcap,01_pcap/Thursday-01-03-2018/capEC2AMAZ-O4EL3NG-172.31.67.6.pcap,01_pcap/Thursday-01-03-2018/Thursday-01-03-2018_209.pcap
Thursday-01-03-2018,capEC2AMAZ-O4EL3NG-172.31.67.7.pcap,Thursday-01-03-2018_210.pcap,01_pcap/Thursday-01-03-2018/capEC2AMAZ-O4EL3NG-172.31.67.7.pcap,01_pcap/Thursday-01-03-2018/Thursday-01-03-2018_210.pcap
Thursday-01-03-2018,capEC2AMAZ-O4EL3NG-172.31.67.12.pcap,Thursday-01-03-2018_211.pcap,01_pcap/Thursday-01-03-2018/capEC2AMAZ-O4EL3NG-172.31.67.12.pcap,01_pcap/Thursday-01-03-2018/Thursday-01-03-2018_211.pcap
Thursday-01-03-2018,capEC2AMAZ-O4EL3NG-172.31.67.16.pcap,Thursday-01-03-2018_212.pcap,01_pcap/Thursday-01-03-2018/capEC2AMAZ-O4EL3NG-172.31.67.16.pcap,01_pcap/Thursday-01-03-2018/Thursday-01-03-2018_212.pcap
Thursday-01-03-2018,capEC2AMAZ-O4EL3NG-172.31.67.17.pcap,Thursday-01-03-2018_213.pcap,01_pcap/Thursday-01-03-2018/capEC2AMAZ-O4EL3NG-172.31.67.17.pcap,01_pcap/Thursday-01-03-2018/Thursday-01-03-2018_213.pcap
Thursday-01-03-2018,capEC2AMAZ-O4EL3NG-172.31.67.18.pcap,Thursday-01-03-2018_214.pcap,01_pcap/Thursday-01-03-2018/capEC2AMAZ-O4EL3NG-172.31.67.18.pcap,01_pcap/Thursday-01-03-2018/Thursday-01-03-2018_214.pcap
Thursday-01-03-2018,capEC2AMAZ-O4EL3NG-172.31.67.20.pcap,Thursday-01-03-2018_215.pcap,01_pcap/Thursday-01-03-2018/capEC2AMAZ-O4EL3NG-172.31.67.20.pcap,01_pcap/Thursday-01-03-2018/Thursday-01-03-2018_215.pcap
Thursday-01-03-2018,capEC2AMAZ-O4EL3NG-172.31.67.29.pcap,Thursday-01-03-2018_216.pcap,01_pcap/Thursday-01-03-2018/capEC2AMAZ-O4EL3NG-172.31.67.29.pcap,01_pcap/Thursday-01-03-2018/Thursday-01-03-2018_216.pcap
Thursday-01-03-2018,capEC2AMAZ-O4EL3NG-172.31.67.31.pcap,Thursday-01-03-2018_217.pcap,01_pcap/Thursday-01-03-2018/capEC2AMAZ-O4EL3NG-172.31.67.31.pcap,01_pcap/Thursday-01-03-2018/Thursday-01-03-2018_217.pcap
Thursday-01-03-2018,capEC2AMAZ-O4EL3NG-172.31.67.37.pcap,Thursday-01-03-2018_218.pcap,01_pcap/Thursday-01-03-2018/capEC2AMAZ-O4EL3NG-172.31.67.37.pcap,01_pcap/Thursday-01-03-2018/Thursday-01-03-2018_218.pcap
Thursday-01-03-2018,capEC2AMAZ-O4EL3NG-172.31.67.38.pcap,Thursday-01-03-2018_219.pcap,01_pcap/Thursday-01-03-2018/capEC2AMAZ-O4EL3NG-172.31.67.38.pcap,01_pcap/Thursday-01-03-2018/Thursday-01-03-2018_219.pcap
Thursday-01-03-2018,capEC2AMAZ-O4EL3NG-172.31.67.42.pcap,Thursday-01-03-2018_220.pcap,01_pcap/Thursday-01-03-2018/capEC2AMAZ-O4EL3NG-172.31.67.42.pcap,01_pcap/Thursday-01-03-2018/Thursday-01-03-2018_220.pcap
Thursday-01-03-2018,capEC2AMAZ-O4EL3NG-172.31.67.45.pcap,Thursday-01-03-2018_221.pcap,01_pcap/Thursday-01-03-2018/capEC2AMAZ-O4EL3NG-172.31.67.45.pcap,01_pcap/Thursday-01-03-2018/Thursday-01-03-2018_221.pcap
Thursday-01-03-2018,capEC2AMAZ-O4EL3NG-172.31.67.47.pcap,Thursday-01-03-2018_222.pcap,01_pcap/Thursday-01-03-2018/capEC2AMAZ-O4EL3NG-172.31.67.47.pcap,01_pcap/Thursday-01-03-2018/Thursday-01-03-2018_222.pcap
Thursday-01-03-2018,capEC2AMAZ-O4EL3NG-172.31.67.48.pcap,Thursday-01-03-2018_223.pcap,01_pcap/Thursday-01-03-2018/capEC2AMAZ-O4EL3NG-172.31.67.48.pcap,01_pcap/Thursday-01-03-2018/Thursday-01-03-2018_223.pcap
Thursday-01-03-2018,capEC2AMAZ-O4EL3NG-172.31.67.52.pcap,Thursday-01-03-2018_224.pcap,01_pcap/Thursday-01-03-2018/capEC2AMAZ-O4EL3NG-172.31.67.52.pcap,01_pcap/Thursday-01-03-2018/Thursday-01-03-2018_224.pcap
Thursday-01-03-2018,capEC2AMAZ-O4EL3NG-172.31.67.53.pcap,Thursday-01-03-2018_225.pcap,01_pcap/Thursday-01-03-2018/capEC2AMAZ-O4EL3NG-172.31.67.53.pcap,01_pcap/Thursday-01-03-2018/Thursday-01-03-2018_225.pcap
Thursday-01-03-2018,capEC2AMAZ-O4EL3NG-172.31.67.57.pcap,Thursday-01-03-2018_226.pcap,01_pcap/Thursday-01-03-2018/capEC2AMAZ-O4EL3NG-172.31.67.57.pcap,01_pcap/Thursday-01-03-2018/Thursday-01-03-2018_226.pcap
Thursday-01-03-2018,capEC2AMAZ-O4EL3NG-172.31.67.58.pcap,Thursday-01-03-2018_227.pcap,01_pcap/Thursday-01-03-2018/capEC2AMAZ-O4EL3NG-172.31.67.58.pcap,01_pcap/Thursday-01-03-2018/Thursday-01-03-2018_227.pcap
Thursday-01-03-2018,capEC2AMAZ-O4EL3NG-172.31.67.60.pcap,Thursday-01-03-2018_228.pcap,01_pcap/Thursday-01-03-2018/capEC2AMAZ-O4EL3NG-172.31.67.60.pcap,01_pcap/Thursday-01-03-2018/Thursday-01-03-2018_228.pcap
Thursday-01-03-2018,capEC2AMAZ-O4EL3NG-172.31.67.61.pcap,Thursday-01-03-2018_229.pcap,01_pcap/Thursday-01-03-2018/capEC2AMAZ-O4EL3NG-172.31.67.61.pcap,01_pcap/Thursday-01-03-2018/Thursday-01-03-2018_229.pcap
Thursday-01-03-2018,capEC2AMAZ-O4EL3NG-172.31.67.64.pcap,Thursday-01-03-2018_230.pcap,01_pcap/Thursday-01-03-2018/capEC2AMAZ-O4EL3NG-172.31.67.64.pcap,01_pcap/Thursday-01-03-2018/Thursday-01-03-2018_230.pcap
Thursday-01-03-2018,capEC2AMAZ-O4EL3NG-172.31.67.66.pcap,Thursday-01-03-2018_231.pcap,01_pcap/Thursday-01-03-2018/capEC2AMAZ-O4EL3NG-172.31.67.66.pcap,01_pcap/Thursday-01-03-2018/Thursday-01-03-2018_231.pcap
Thursday-01-03-2018,capEC2AMAZ-O4EL3NG-172.31.67.67.pcap,Thursday-01-03-2018_232.pcap,01_pcap/Thursday-01-03-2018/capEC2AMAZ-O4EL3NG-172.31.67.67.pcap,01_pcap/Thursday-01-03-2018/Thursday-01-03-2018_232.pcap
Thursday-01-03-2018,capEC2AMAZ-O4EL3NG-172.31.67.73.pcap,Thursday-01-03-2018_233.pcap,01_pcap/Thursday-01-03-2018/capEC2AMAZ-O4EL3NG-172.31.67.73.pcap,01_pcap/Thursday-01-03-2018/Thursday-01-03-2018_233.pcap
Thursday-01-03-2018,capEC2AMAZ-O4EL3NG-172.31.67.75.pcap,Thursday-01-03-2018_234.pcap,01_pcap/Thursday-01-03-2018/capEC2AMAZ-O4EL3NG-172.31.67.75.pcap,01_pcap/Thursday-01-03-2018/Thursday-01-03-2018_234.pcap
Thursday-01-03-2018,capEC2AMAZ-O4EL3NG-172.31.67.77.pcap,Thursday-01-03-2018_235.pcap,01_pcap/Thursday-01-03-2018/capEC2AMAZ-O4EL3NG-172.31.67.77.pcap,01_pcap/Thursday-01-03-2018/Thursday-01-03-2018_235.pcap
Thursday-01-03-2018,capEC2AMAZ-O4EL3NG-172.31.67.91.pcap,Thursday-01-03-2018_236.pcap,01_pcap/Thursday-01-03-2018/capEC2AMAZ-O4EL3NG-172.31.67.91.pcap,01_pcap/Thursday-01-03-2018/Thursday-01-03-2018_236.pcap
Thursday-01-03-2018,capEC2AMAZ-O4EL3NG-172.31.67.92.pcap,Thursday-01-03-2018_237.pcap,01_pcap/Thursday-01-03-2018/capEC2AMAZ-O4EL3NG-172.31.67.92.pcap,01_pcap/Thursday-01-03-2018/Thursday-01-03-2018_237.pcap
Thursday-01-03-2018,capEC2AMAZ-O4EL3NG-172.31.67.96.pcap,Thursday-01-03-2018_238.pcap,01_pcap/Thursday-01-03-2018/capEC2AMAZ-O4EL3NG-172.31.67.96.pcap,01_pcap/Thursday-01-03-2018/Thursday-01-03-2018_238.pcap
Thursday-01-03-2018,capEC2AMAZ-O4EL3NG-172.31.67.99.pcap,Thursday-01-03-2018_239.pcap,01_pcap/Thursday-01-03-2018/capEC2AMAZ-O4EL3NG-172.31.67.99.pcap,01_pcap/Thursday-01-03-2018/Thursday-01-03-2018_239.pcap
Thursday-01-03-2018,capEC2AMAZ-O4EL3NG-172.31.67.100.pcap,Thursday-01-03-2018_240.pcap,01_pcap/Thursday-01-03-2018/capEC2AMAZ-O4EL3NG-172.31.67.100.pcap,01_pcap/Thursday-01-03-2018/Thursday-01-03-2018_240.pcap
Thursday-01-03-2018,capEC2AMAZ-O4EL3NG-172.31.67.112.pcap,Thursday-01-03-2018_241.pcap,01_pcap/Thursday-01-03-2018/capEC2AMAZ-O4EL3NG-172.31.67.112.pcap,01_pcap/Thursday-01-03-2018/Thursday-01-03-2018_241.pcap
Thursday-01-03-2018,capEC2AMAZ-O4EL3NG-172.31.67.113.pcap,Thursday-01-03-2018_242.pcap,01_pcap/Thursday-01-03-2018/capEC2AMAZ-O4EL3NG-172.31.67.113.pcap,01_pcap/Thursday-01-03-2018/Thursday-01-03-2018_242.pcap
Thursday-01-03-2018,capEC2AMAZ-O4EL3NG-172.31.67.115.pcap,Thursday-01-03-2018_243.pcap,01_pcap/Thursday-01-03-2018/capEC2AMAZ-O4EL3NG-172.31.67.115.pcap,01_pcap/Thursday-01-03-2018/Thursday-01-03-2018_243.pcap
Thursday-01-03-2018,capEC2AMAZ-O4EL3NG-172.31.67.117.pcap,Thursday-01-03-2018_244.pcap,01_pcap/Thursday-01-03-2018/capEC2AMAZ-O4EL3NG-172.31.67.117.pcap,01_pcap/Thursday-01-03-2018/Thursday-01-03-2018_244.pcap
Thursday-01-03-2018,capEC2AMAZ-O4EL3NG-172.31.67.120.pcap,Thursday-01-03-2018_245.pcap,01_pcap/Thursday-01-03-2018/capEC2AMAZ-O4EL3NG-172.31.67.120.pcap,01_pcap/Thursday-01-03-2018/Thursday-01-03-2018_245.pcap
Thursday-01-03-2018,capEC2AMAZ-O4EL3NG-172.31.67.122.pcap,Thursday-01-03-2018_246.pcap,01_pcap/Thursday-01-03-2018/capEC2AMAZ-O4EL3NG-172.31.67.122.pcap,01_pcap/Thursday-01-03-2018/Thursday-01-03-2018_246.pcap
Thursday-01-03-2018,capEC2AMAZ-O4EL3NG-172.31.67.126.pcap,Thursday-01-03-2018_247.pcap,01_pcap/Thursday-01-03-2018/capEC2AMAZ-O4EL3NG-172.31.67.126.pcap,01_pcap/Thursday-01-03-2018/Thursday-01-03-2018_247.pcap
Thursday-01-03-2018,capEC2AMAZ-O4EL3NG-172.31.68.4.pcap,Thursday-01-03-2018_248.pcap,01_pcap/Thursday-01-03-2018/capEC2AMAZ-O4EL3NG-172.31.68.4.pcap,01_pcap/Thursday-01-03-2018/Thursday-01-03-2018_248.pcap
Thursday-01-03-2018,capEC2AMAZ-O4EL3NG-172.31.68.5.pcap,Thursday-01-03-2018_249.pcap,01_pcap/Thursday-01-03-2018/capEC2AMAZ-O4EL3NG-172.31.68.5.pcap,01_pcap/Thursday-01-03-2018/Thursday-01-03-2018_249.pcap
Thursday-01-03-2018,capEC2AMAZ-O4EL3NG-172.31.68.6.pcap,Thursday-01-03-2018_250.pcap,01_pcap/Thursday-01-03-2018/capEC2AMAZ-O4EL3NG-172.31.68.6.pcap,01_pcap/Thursday-01-03-2018/Thursday-01-03-2018_250.pcap
Thursday-01-03-2018,capEC2AMAZ-O4EL3NG-172.31.68.8.pcap,Thursday-01-03-2018_251.pcap,01_pcap/Thursday-01-03-2018/capEC2AMAZ-O4EL3NG-172.31.68.8.pcap,01_pcap/Thursday-01-03-2018/Thursday-01-03-2018_251.pcap
Thursday-01-03-2018,capEC2AMAZ-O4EL3NG-172.31.68.9.pcap,Thursday-01-03-2018_252.pcap,01_pcap/Thursday-01-03-2018/capEC2AMAZ-O4EL3NG-172.31.68.9.pcap,01_pcap/Thursday-01-03-2018/Thursday-01-03-2018_252.pcap
Thursday-01-03-2018,capEC2AMAZ-O4EL3NG-172.31.68.10.pcap,Thursday-01-03-2018_253.pcap,01_pcap/Thursday-01-03-2018/capEC2AMAZ-O4EL3NG-172.31.68.10.pcap,01_pcap/Thursday-01-03-2018/Thursday-01-03-2018_253.pcap
Thursday-01-03-2018,capEC2AMAZ-O4EL3NG-172.31.68.12.pcap,Thursday-01-03-2018_254.pcap,01_pcap/Thursday-01-03-2018/capEC2AMAZ-O4EL3NG-172.31.68.12.pcap,01_pcap/Thursday-01-03-2018/Thursday-01-03-2018_254.pcap
Thursday-01-03-2018,capEC2AMAZ-O4EL3NG-172.31.68.13.pcap,Thursday-01-03-2018_255.pcap,01_pcap/Thursday-01-03-2018/capEC2AMAZ-O4EL3NG-172.31.68.13.pcap,01_pcap/Thursday-01-03-2018/Thursday-01-03-2018_255.pcap
Thursday-01-03-2018,capEC2AMAZ-O4EL3NG-172.31.68.14.pcap,Thursday-01-03-2018_256.pcap,01_pcap/Thursday-01-03-2018/capEC2AMAZ-O4EL3NG-172.31.68.14.pcap,01_pcap/Thursday-01-03-2018/Thursday-01-03-2018_256.pcap
Thursday-01-03-2018,capEC2AMAZ-O4EL3NG-172.31.68.15.pcap,Thursday-01-03-2018_257.pcap,01_pcap/Thursday-01-03-2018/capEC2AMAZ-O4EL3NG-172.31.68.15.pcap,01_pcap/Thursday-01-03-2018/Thursday-01-03-2018_257.pcap
Thursday-01-03-2018,capEC2AMAZ-O4EL3NG-172.31.68.18.pcap,Thursday-01-03-2018_258.pcap,01_pcap/Thursday-01-03-2018/capEC2AMAZ-O4EL3NG-172.31.68.18.pcap,01_pcap/Thursday-01-03-2018/Thursday-01-03-2018_258.pcap
Thursday-01-03-2018,capEC2AMAZ-O4EL3NG-172.31.68.19.pcap,Thursday-01-03-2018_259.pcap,01_pcap/Thursday-01-03-2018/capEC2AMAZ-O4EL3NG-172.31.68.19.pcap,01_pcap/Thursday-01-03-2018/Thursday-01-03-2018_259.pcap
Thursday-01-03-2018,capEC2AMAZ-O4EL3NG-172.31.68.20.pcap,Thursday-01-03-2018_260.pcap,01_pcap/Thursday-01-03-2018/capEC2AMAZ-O4EL3NG-172.31.68.20.pcap,01_pcap/Thursday-01-03-2018/Thursday-01-03-2018_260.pcap
Thursday-01-03-2018,capEC2AMAZ-O4EL3NG-172.31.68.21.pcap,Thursday-01-03-2018_261.pcap,01_pcap/Thursday-01-03-2018/capEC2AMAZ-O4EL3NG-172.31.68.21.pcap,01_pcap/Thursday-01-03-2018/Thursday-01-03-2018_261.pcap
Thursday-01-03-2018,capEC2AMAZ-O4EL3NG-172.31.68.23.pcap,Thursday-01-03-2018_262.pcap,01_pcap/Thursday-01-03-2018/capEC2AMAZ-O4EL3NG-172.31.68.23.pcap,01_pcap/Thursday-01-03-2018/Thursday-01-03-2018_262.pcap
Thursday-01-03-2018,capEC2AMAZ-O4EL3NG-172.31.68.25.pcap,Thursday-01-03-2018_263.pcap,01_pcap/Thursday-01-03-2018/capEC2AMAZ-O4EL3NG-172.31.68.25.pcap,01_pcap/Thursday-01-03-2018/Thursday-01-03-2018_263.pcap
Thursday-01-03-2018,capEC2AMAZ-O4EL3NG-172.31.68.26.pcap,Thursday-01-03-2018_264.pcap,01_pcap/Thursday-01-03-2018/capEC2AMAZ-O4EL3NG-172.31.68.26.pcap,01_pcap/Thursday-01-03-2018/Thursday-01-03-2018_264.pcap
Thursday-01-03-2018,capEC2AMAZ-O4EL3NG-172.31.68.28.pcap,Thursday-01-03-2018_265.pcap,01_pcap/Thursday-01-03-2018/capEC2AMAZ-O4EL3NG-172.31.68.28.pcap,01_pcap/Thursday-01-03-2018/Thursday-01-03-2018_265.pcap
Thursday-01-03-2018,capEC2AMAZ-O4EL3NG-172.31.68.30.pcap,Thursday-01-03-2018_266.pcap,01_pcap/Thursday-01-03-2018/capEC2AMAZ-O4EL3NG-172.31.68.30.pcap,01_pcap/Thursday-01-03-2018/Thursday-01-03-2018_266.pcap
Thursday-01-03-2018,capEC2AMAZ-O4EL3NG-172.31.69.5.pcap,Thursday-01-03-2018_267.pcap,01_pcap/Thursday-01-03-2018/capEC2AMAZ-O4EL3NG-172.31.69.5.pcap,01_pcap/Thursday-01-03-2018/Thursday-01-03-2018_267.pcap
Thursday-01-03-2018,capEC2AMAZ-O4EL3NG-172.31.69.6.pcap,Thursday-01-03-2018_268.pcap,01_pcap/Thursday-01-03-2018/capEC2AMAZ-O4EL3NG-172.31.69.6.pcap,01_pcap/Thursday-01-03-2018/Thursday-01-03-2018_268.pcap
Thursday-01-03-2018,capEC2AMAZ-O4EL3NG-172.31.69.8.pcap,Thursday-01-03-2018_269.pcap,01_pcap/Thursday-01-03-2018/capEC2AMAZ-O4EL3NG-172.31.69.8.pcap,01_pcap/Thursday-01-03-2018/Thursday-01-03-2018_269.pcap
Thursday-01-03-2018,capEC2AMAZ-O4EL3NG-172.31.69.9.pcap,Thursday-01-03-2018_270.pcap,01_pcap/Thursday-01-03-2018/capEC2AMAZ-O4EL3NG-172.31.69.9.pcap,01_pcap/Thursday-01-03-2018/Thursday-01-03-2018_270.pcap
Thursday-01-03-2018,capEC2AMAZ-O4EL3NG-172.31.69.10.pcap,Thursday-01-03-2018_271.pcap,01_pcap/Thursday-01-03-2018/capEC2AMAZ-O4EL3NG-172.31.69.10.pcap,01_pcap/Thursday-01-03-2018/Thursday-01-03-2018_271.pcap
Thursday-01-03-2018,capEC2AMAZ-O4EL3NG-172.31.69.12.pcap,Thursday-01-03-2018_272.pcap,01_pcap/Thursday-01-03-2018/capEC2AMAZ-O4EL3NG-172.31.69.12.pcap,01_pcap/Thursday-01-03-2018/Thursday-01-03-2018_272.pcap
Thursday-01-03-2018,capEC2AMAZ-O4EL3NG-172.31.69.13 part1.pcap,Thursday-01-03-2018_273.pcap,01_pcap/Thursday-01-03-2018/capEC2AMAZ-O4EL3NG-172.31.69.13 part1.pcap,01_pcap/Thursday-01-03-2018/Thursday-01-03-2018_273.pcap
Thursday-01-03-2018,capEC2AMAZ-O4EL3NG-172.31.69.13 part2.pcap,Thursday-01-03-2018_274.pcap,01_pcap/Thursday-01-03-2018/capEC2AMAZ-O4EL3NG-172.31.69.13 part2.pcap,01_pcap/Thursday-01-03-2018/Thursday-01-03-2018_274.pcap
Thursday-01-03-2018,capEC2AMAZ-O4EL3NG-172.31.69.13 part3.pcap,Thursday-01-03-2018_275.pcap,01_pcap/Thursday-01-03-2018/capEC2AMAZ-O4EL3NG-172.31.69.13 part3.pcap,01_pcap/Thursday-01-03-2018/Thursday-01-03-2018_275.pcap
Thursday-01-03-2018,capEC2AMAZ-O4EL3NG-172.31.69.14.pcap,Thursday-01-03-2018_276.pcap,01_pcap/Thursday-01-03-2018/capEC2AMAZ-O4EL3NG-172.31.69.14.pcap,01_pcap/Thursday-01-03-2018/Thursday-01-03-2018_276.pcap
Thursday-01-03-2018,capEC2AMAZ-O4EL3NG-172.31.69.16.pcap,Thursday-01-03-2018_277.pcap,01_pcap/Thursday-01-03-2018/capEC2AMAZ-O4EL3NG-172.31.69.16.pcap,01_pcap/Thursday-01-03-2018/Thursday-01-03-2018_277.pcap
Thursday-01-03-2018,capEC2AMAZ-O4EL3NG-172.31.69.17.pcap,Thursday-01-03-2018_278.pcap,01_pcap/Thursday-01-03-2018/capEC2AMAZ-O4EL3NG-172.31.69.17.pcap,01_pcap/Thursday-01-03-2018/Thursday-01-03-2018_278.pcap
Thursday-01-03-2018,capEC2AMAZ-O4EL3NG-172.31.69.20.pcap,Thursday-01-03-2018_279.pcap,01_pcap/Thursday-01-03-2018/capEC2AMAZ-O4EL3NG-172.31.69.20.pcap,01_pcap/Thursday-01-03-2018/Thursday-01-03-2018_279.pcap
Thursday-01-03-2018,capEC2AMAZ-O4EL3NG-172.31.69.23.pcap,Thursday-01-03-2018_280.pcap,01_pcap/Thursday-01-03-2018/capEC2AMAZ-O4EL3NG-172.31.69.23.pcap,01_pcap/Thursday-01-03-2018/Thursday-01-03-2018_280.pcap
Thursday-01-03-2018,capEC2AMAZ-O4EL3NG-172.31.69.24.pcap,Thursday-01-03-2018_281.pcap,01_pcap/Thursday-01-03-2018/capEC2AMAZ-O4EL3NG-172.31.69.24.pcap,01_pcap/Thursday-01-03-2018/Thursday-01-03-2018_281.pcap
Thursday-01-03-2018,capEC2AMAZ-O4EL3NG-172.31.69.26.pcap,Thursday-01-03-2018_282.pcap,01_pcap/Thursday-01-03-2018/capEC2AMAZ-O4EL3NG-172.31.69.26.pcap,01_pcap/Thursday-01-03-2018/Thursday-01-03-2018_282.pcap
Thursday-01-03-2018,capEC2AMAZ-O4EL3NG-172.31.69.29.pcap,Thursday-01-03-2018_283.pcap,01_pcap/Thursday-01-03-2018/capEC2AMAZ-O4EL3NG-172.31.69.29.pcap,01_pcap/Thursday-01-03-2018/Thursday-01-03-2018_283.pcap
Thursday-01-03-2018,capEC2AMAZ-O4EL3NG-172.31.69.30.pcap,Thursday-01-03-2018_284.pcap,01_pcap/Thursday-01-03-2018/capEC2AMAZ-O4EL3NG-172.31.69.30.pcap,01_pcap/Thursday-01-03-2018/Thursday-01-03-2018_284.pcap
Thursday-01-03-2018,capPC1-172.31.64.15.pcap,Thursday-01-03-2018_285.pcap,01_pcap/Thursday-01-03-2018/capPC1-172.31.64.15.pcap,01_pcap/Thursday-01-03-2018/Thursday-01-03-2018_285.pcap
Thursday-01-03-2018,capPC1-172.31.64.18.pcap,Thursday-01-03-2018_286.pcap,01_pcap/Thursday-01-03-2018/capPC1-172.31.64.18.pcap,01_pcap/Thursday-01-03-2018/Thursday-01-03-2018_286.pcap
Thursday-01-03-2018,capPC1-172.31.64.21.pcap,Thursday-01-03-2018_287.pcap,01_pcap/Thursday-01-03-2018/capPC1-172.31.64.21.pcap,01_pcap/Thursday-01-03-2018/Thursday-01-03-2018_287.pcap
Thursday-01-03-2018,capPC1-172.31.64.23.pcap,Thursday-01-03-2018_288.pcap,01_pcap/Thursday-01-03-2018/capPC1-172.31.64.23.pcap,01_pcap/Thursday-01-03-2018/Thursday-01-03-2018_288.pcap
Thursday-01-03-2018,capPC1-172.31.64.31.pcap,Thursday-01-03-2018_289.pcap,01_pcap/Thursday-01-03-2018/capPC1-172.31.64.31.pcap,01_pcap/Thursday-01-03-2018/Thursday-01-03-2018_289.pcap
Thursday-01-03-2018,capPC1-172.31.64.32.pcap,Thursday-01-03-2018_290.pcap,01_pcap/Thursday-01-03-2018/capPC1-172.31.64.32.pcap,01_pcap/Thursday-01-03-2018/Thursday-01-03-2018_290.pcap
Thursday-01-03-2018,capPC1-172.31.64.33.pcap,Thursday-01-03-2018_291.pcap,01_pcap/Thursday-01-03-2018/capPC1-172.31.64.33.pcap,01_pcap/Thursday-01-03-2018/Thursday-01-03-2018_291.pcap
Thursday-01-03-2018,capPC1-172.31.64.34.pcap,Thursday-01-03-2018_292.pcap,01_pcap/Thursday-01-03-2018/capPC1-172.31.64.34.pcap,01_pcap/Thursday-01-03-2018/Thursday-01-03-2018_292.pcap
Thursday-01-03-2018,capPC1-172.31.64.37.pcap,Thursday-01-03-2018_293.pcap,01_pcap/Thursday-01-03-2018/capPC1-172.31.64.37.pcap,01_pcap/Thursday-01-03-2018/Thursday-01-03-2018_293.pcap
Thursday-01-03-2018,capPC1-172.31.64.40.pcap,Thursday-01-03-2018_294.pcap,01_pcap/Thursday-01-03-2018/capPC1-172.31.64.40.pcap,01_pcap/Thursday-01-03-2018/Thursday-01-03-2018_294.pcap
Thursday-01-03-2018,capPC1-172.31.64.41.pcap,Thursday-01-03-2018_295.pcap,01_pcap/Thursday-01-03-2018/capPC1-172.31.64.41.pcap,01_pcap/Thursday-01-03-2018/Thursday-01-03-2018_295.pcap
Thursday-01-03-2018,capPC1-172.31.64.48.pcap,Thursday-01-03-2018_296.pcap,01_pcap/Thursday-01-03-2018/capPC1-172.31.64.48.pcap,01_pcap/Thursday-01-03-2018/Thursday-01-03-2018_296.pcap
Thursday-01-03-2018,capPC1-172.31.64.52.pcap,Thursday-01-03-2018_297.pcap,01_pcap/Thursday-01-03-2018/capPC1-172.31.64.52.pcap,01_pcap/Thursday-01-03-2018/Thursday-01-03-2018_297.pcap
Thursday-01-03-2018,capPC1-172.31.64.64.pcap,Thursday-01-03-2018_298.pcap,01_pcap/Thursday-01-03-2018/capPC1-172.31.64.64.pcap,01_pcap/Thursday-01-03-2018/Thursday-01-03-2018_298.pcap
Thursday-01-03-2018,capPC1-172.31.64.97.pcap,Thursday-01-03-2018_299.pcap,01_pcap/Thursday-01-03-2018/capPC1-172.31.64.97.pcap,01_pcap/Thursday-01-03-2018/Thursday-01-03-2018_299.pcap
Thursday-01-03-2018,capPC1-172.31.64.106.pcap,Thursday-01-03-2018_300.pcap,01_pcap/Thursday-01-03-2018/capPC1-172.31.64.106.pcap,01_pcap/Thursday-01-03-2018/Thursday-01-03-2018_300.pcap
Thursday-01-03-2018,capPC1-172.31.64.113.pcap,Thursday-01-03-2018_301.pcap,01_pcap/Thursday-01-03-2018/capPC1-172.31.64.113.pcap,01_pcap/Thursday-01-03-2018/Thursday-01-03-2018_301.pcap
Thursday-01-03-2018,capPC1-172.31.64.114.pcap,Thursday-01-03-2018_302.pcap,01_pcap/Thursday-01-03-2018/capPC1-172.31.64.114.pcap,01_pcap/Thursday-01-03-2018/Thursday-01-03-2018_302.pcap
Thursday-01-03-2018,capPC1-172.31.64.116.pcap,Thursday-01-03-2018_303.pcap,01_pcap/Thursday-01-03-2018/capPC1-172.31.64.116.pcap,01_pcap/Thursday-01-03-2018/Thursday-01-03-2018_303.pcap
Thursday-01-03-2018,capPC1-172.31.64.121.pcap,Thursday-01-03-2018_304.pcap,01_pcap/Thursday-01-03-2018/capPC1-172.31.64.121.pcap,01_pcap/Thursday-01-03-2018/Thursday-01-03-2018_304.pcap
Thursday-01-03-2018,capPC1-172.31.65.6.pcap,Thursday-01-03-2018_305.pcap,01_pcap/Thursday-01-03-2018/capPC1-172.31.65.6.pcap,01_pcap/Thursday-01-03-2018/Thursday-01-03-2018_305.pcap
Thursday-01-03-2018,capPC1-172.31.65.13.pcap,Thursday-01-03-2018_306.pcap,01_pcap/Thursday-01-03-2018/capPC1-172.31.65.13.pcap,01_pcap/Thursday-01-03-2018/Thursday-01-03-2018_306.pcap
Thursday-01-03-2018,capPC1-172.31.65.16.pcap,Thursday-01-03-2018_307.pcap,01_pcap/Thursday-01-03-2018/capPC1-172.31.65.16.pcap,01_pcap/Thursday-01-03-2018/Thursday-01-03-2018_307.pcap
Thursday-01-03-2018,capPC1-172.31.65.20.pcap,Thursday-01-03-2018_308.pcap,01_pcap/Thursday-01-03-2018/capPC1-172.31.65.20.pcap,01_pcap/Thursday-01-03-2018/Thursday-01-03-2018_308.pcap
Thursday-01-03-2018,capPC1-172.31.65.25.pcap,Thursday-01-03-2018_309.pcap,01_pcap/Thursday-01-03-2018/capPC1-172.31.65.25.pcap,01_pcap/Thursday-01-03-2018/Thursday-01-03-2018_309.pcap
Thursday-01-03-2018,capPC1-172.31.65.49.pcap,Thursday-01-03-2018_310.pcap,01_pcap/Thursday-01-03-2018/capPC1-172.31.65.49.pcap,01_pcap/Thursday-01-03-2018/Thursday-01-03-2018_310.pcap
Thursday-01-03-2018,capPC1-172.31.65.61.pcap,Thursday-01-03-2018_311.pcap,01_pcap/Thursday-01-03-2018/capPC1-172.31.65.61.pcap,01_pcap/Thursday-01-03-2018/Thursday-01-03-2018_311.pcap
Thursday-01-03-2018,capPC1-172.31.65.67.pcap,Thursday-01-03-2018_312.pcap,01_pcap/Thursday-01-03-2018/capPC1-172.31.65.67.pcap,01_pcap/Thursday-01-03-2018/Thursday-01-03-2018_312.pcap
Thursday-01-03-2018,capPC1-172.31.65.68.pcap,Thursday-01-03-2018_313.pcap,01_pcap/Thursday-01-03-2018/capPC1-172.31.65.68.pcap,01_pcap/Thursday-01-03-2018/Thursday-01-03-2018_313.pcap
Thursday-01-03-2018,capPC1-172.31.65.77.pcap,Thursday-01-03-2018_314.pcap,01_pcap/Thursday-01-03-2018/capPC1-172.31.65.77.pcap,01_pcap/Thursday-01-03-2018/Thursday-01-03-2018_314.pcap
Thursday-01-03-2018,capPC1-172.31.65.79.pcap,Thursday-01-03-2018_315.pcap,01_pcap/Thursday-01-03-2018/capPC1-172.31.65.79.pcap,01_pcap/Thursday-01-03-2018/Thursday-01-03-2018_315.pcap
Thursday-01-03-2018,capPC1-172.31.65.80.pcap,Thursday-01-03-2018_316.pcap,01_pcap/Thursday-01-03-2018/capPC1-172.31.65.80.pcap,01_pcap/Thursday-01-03-2018/Thursday-01-03-2018_316.pcap
Thursday-01-03-2018,capPC1-172.31.65.83.pcap,Thursday-01-03-2018_317.pcap,01_pcap/Thursday-01-03-2018/capPC1-172.31.65.83.pcap,01_pcap/Thursday-01-03-2018/Thursday-01-03-2018_317.pcap
Thursday-01-03-2018,capPC1-172.31.65.100.pcap,Thursday-01-03-2018_318.pcap,01_pcap/Thursday-01-03-2018/capPC1-172.31.65.100.pcap,01_pcap/Thursday-01-03-2018/Thursday-01-03-2018_318.pcap
Thursday-01-03-2018,capPC1-172.31.65.117.pcap,Thursday-01-03-2018_319.pcap,01_pcap/Thursday-01-03-2018/capPC1-172.31.65.117.pcap,01_pcap/Thursday-01-03-2018/Thursday-01-03-2018_319.pcap
Thursday-01-03-2018,capPC1-172.31.66.9.pcap,Thursday-01-03-2018_320.pcap,01_pcap/Thursday-01-03-2018/capPC1-172.31.66.9.pcap,01_pcap/Thursday-01-03-2018/Thursday-01-03-2018_320.pcap
Thursday-01-03-2018,capPC1-172.31.66.10.pcap,Thursday-01-03-2018_321.pcap,01_pcap/Thursday-01-03-2018/capPC1-172.31.66.10.pcap,01_pcap/Thursday-01-03-2018/Thursday-01-03-2018_321.pcap
Thursday-01-03-2018,capPC1-172.31.66.15.pcap,Thursday-01-03-2018_322.pcap,01_pcap/Thursday-01-03-2018/capPC1-172.31.66.15.pcap,01_pcap/Thursday-01-03-2018/Thursday-01-03-2018_322.pcap
Thursday-01-03-2018,capPC1-172.31.66.19.pcap,Thursday-01-03-2018_323.pcap,01_pcap/Thursday-01-03-2018/capPC1-172.31.66.19.pcap,01_pcap/Thursday-01-03-2018/Thursday-01-03-2018_323.pcap
Thursday-01-03-2018,capPC1-172.31.66.24.pcap,Thursday-01-03-2018_324.pcap,01_pcap/Thursday-01-03-2018/capPC1-172.31.66.24.pcap,01_pcap/Thursday-01-03-2018/Thursday-01-03-2018_324.pcap
Thursday-01-03-2018,capPC1-172.31.66.46.pcap,Thursday-01-03-2018_325.pcap,01_pcap/Thursday-01-03-2018/capPC1-172.31.66.46.pcap,01_pcap/Thursday-01-03-2018/Thursday-01-03-2018_325.pcap
Thursday-01-03-2018,capPC1-172.31.66.58.pcap,Thursday-01-03-2018_326.pcap,01_pcap/Thursday-01-03-2018/capPC1-172.31.66.58.pcap,01_pcap/Thursday-01-03-2018/Thursday-01-03-2018_326.pcap
Thursday-01-03-2018,capPC1-172.31.66.69.pcap,Thursday-01-03-2018_327.pcap,01_pcap/Thursday-01-03-2018/capPC1-172.31.66.69.pcap,01_pcap/Thursday-01-03-2018/Thursday-01-03-2018_327.pcap
Thursday-01-03-2018,capPC1-172.31.66.79.pcap,Thursday-01-03-2018_328.pcap,01_pcap/Thursday-01-03-2018/capPC1-172.31.66.79.pcap,01_pcap/Thursday-01-03-2018/Thursday-01-03-2018_328.pcap
Thursday-01-03-2018,capPC1-172.31.66.83.pcap,Thursday-01-03-2018_329.pcap,01_pcap/Thursday-01-03-2018/capPC1-172.31.66.83.pcap,01_pcap/Thursday-01-03-2018/Thursday-01-03-2018_329.pcap
Thursday-01-03-2018,capPC1-172.31.66.90.pcap,Thursday-01-03-2018_330.pcap,01_pcap/Thursday-01-03-2018/capPC1-172.31.66.90.pcap,01_pcap/Thursday-01-03-2018/Thursday-01-03-2018_330.pcap
Thursday-01-03-2018,capPC1-172.31.66.92.pcap,Thursday-01-03-2018_331.pcap,01_pcap/Thursday-01-03-2018/capPC1-172.31.66.92.pcap,01_pcap/Thursday-01-03-2018/Thursday-01-03-2018_331.pcap
Thursday-01-03-2018,capPC1-172.31.66.96.pcap,Thursday-01-03-2018_332.pcap,01_pcap/Thursday-01-03-2018/capPC1-172.31.66.96.pcap,01_pcap/Thursday-01-03-2018/Thursday-01-03-2018_332.pcap
Thursday-01-03-2018,capPC1-172.31.66.99.pcap,Thursday-01-03-2018_333.pcap,01_pcap/Thursday-01-03-2018/capPC1-172.31.66.99.pcap,01_pcap/Thursday-01-03-2018/Thursday-01-03-2018_333.pcap
Thursday-01-03-2018,capPC1-172.31.66.102.pcap,Thursday-01-03-2018_334.pcap,01_pcap/Thursday-01-03-2018/capPC1-172.31.66.102.pcap,01_pcap/Thursday-01-03-2018/Thursday-01-03-2018_334.pcap
Thursday-01-03-2018,capPC1-172.31.66.103.pcap,Thursday-01-03-2018_335.pcap,01_pcap/Thursday-01-03-2018/capPC1-172.31.66.103.pcap,01_pcap/Thursday-01-03-2018/Thursday-01-03-2018_335.pcap
Thursday-01-03-2018,capPC1-172.31.66.110.pcap,Thursday-01-03-2018_336.pcap,01_pcap/Thursday-01-03-2018/capPC1-172.31.66.110.pcap,01_pcap/Thursday-01-03-2018/Thursday-01-03-2018_336.pcap
Thursday-01-03-2018,capPC1-172.31.66.111.pcap,Thursday-01-03-2018_337.pcap,01_pcap/Thursday-01-03-2018/capPC1-172.31.66.111.pcap,01_pcap/Thursday-01-03-2018/Thursday-01-03-2018_337.pcap
Thursday-01-03-2018,capPC1-172.31.66.118.pcap,Thursday-01-03-2018_338.pcap,01_pcap/Thursday-01-03-2018/capPC1-172.31.66.118.pcap,01_pcap/Thursday-01-03-2018/Thursday-01-03-2018_338.pcap
Thursday-01-03-2018,capPC1-172.31.66.121.pcap,Thursday-01-03-2018_339.pcap,01_pcap/Thursday-01-03-2018/capPC1-172.31.66.121.pcap,01_pcap/Thursday-01-03-2018/Thursday-01-03-2018_339.pcap
Thursday-01-03-2018,capPC1-172.31.67.9.pcap,Thursday-01-03-2018_340.pcap,01_pcap/Thursday-01-03-2018/capPC1-172.31.67.9.pcap,01_pcap/Thursday-01-03-2018/Thursday-01-03-2018_340.pcap
Thursday-01-03-2018,capPC1-172.31.67.14.pcap,Thursday-01-03-2018_341.pcap,01_pcap/Thursday-01-03-2018/capPC1-172.31.67.14.pcap,01_pcap/Thursday-01-03-2018/Thursday-01-03-2018_341.pcap
Thursday-01-03-2018,capPC1-172.31.67.23.pcap,Thursday-01-03-2018_342.pcap,01_pcap/Thursday-01-03-2018/capPC1-172.31.67.23.pcap,01_pcap/Thursday-01-03-2018/Thursday-01-03-2018_342.pcap
Thursday-01-03-2018,capPC1-172.31.67.27.pcap,Thursday-01-03-2018_343.pcap,01_pcap/Thursday-01-03-2018/capPC1-172.31.67.27.pcap,01_pcap/Thursday-01-03-2018/Thursday-01-03-2018_343.pcap
Thursday-01-03-2018,capPC1-172.31.67.33.pcap,Thursday-01-03-2018_344.pcap,01_pcap/Thursday-01-03-2018/capPC1-172.31.67.33.pcap,01_pcap/Thursday-01-03-2018/Thursday-01-03-2018_344.pcap
Thursday-01-03-2018,capPC1-172.31.67.35.pcap,Thursday-01-03-2018_345.pcap,01_pcap/Thursday-01-03-2018/capPC1-172.31.67.35.pcap,01_pcap/Thursday-01-03-2018/Thursday-01-03-2018_345.pcap
Thursday-01-03-2018,capPC1-172.31.67.56.pcap,Thursday-01-03-2018_346.pcap,01_pcap/Thursday-01-03-2018/capPC1-172.31.67.56.pcap,01_pcap/Thursday-01-03-2018/Thursday-01-03-2018_346.pcap
Thursday-01-03-2018,capPC1-172.31.67.59.pcap,Thursday-01-03-2018_347.pcap,01_pcap/Thursday-01-03-2018/capPC1-172.31.67.59.pcap,01_pcap/Thursday-01-03-2018/Thursday-01-03-2018_347.pcap
Thursday-01-03-2018,capPC1-172.31.67.76.pcap,Thursday-01-03-2018_348.pcap,01_pcap/Thursday-01-03-2018/capPC1-172.31.67.76.pcap,01_pcap/Thursday-01-03-2018/Thursday-01-03-2018_348.pcap
Thursday-01-03-2018,capPC1-172.31.67.78.pcap,Thursday-01-03-2018_349.pcap,01_pcap/Thursday-01-03-2018/capPC1-172.31.67.78.pcap,01_pcap/Thursday-01-03-2018/Thursday-01-03-2018_349.pcap
Thursday-01-03-2018,capPC1-172.31.67.97.pcap,Thursday-01-03-2018_350.pcap,01_pcap/Thursday-01-03-2018/capPC1-172.31.67.97.pcap,01_pcap/Thursday-01-03-2018/Thursday-01-03-2018_350.pcap
Thursday-01-03-2018,capPC1-172.31.67.102.pcap,Thursday-01-03-2018_351.pcap,01_pcap/Thursday-01-03-2018/capPC1-172.31.67.102.pcap,01_pcap/Thursday-01-03-2018/Thursday-01-03-2018_351.pcap
Thursday-01-03-2018,capPC1-172.31.67.104.pcap,Thursday-01-03-2018_352.pcap,01_pcap/Thursday-01-03-2018/capPC1-172.31.67.104.pcap,01_pcap/Thursday-01-03-2018/Thursday-01-03-2018_352.pcap
Thursday-01-03-2018,capPC1-172.31.67.107.pcap,Thursday-01-03-2018_353.pcap,01_pcap/Thursday-01-03-2018/capPC1-172.31.67.107.pcap,01_pcap/Thursday-01-03-2018/Thursday-01-03-2018_353.pcap
Thursday-01-03-2018,capPC1-172.31.67.108.pcap,Thursday-01-03-2018_354.pcap,01_pcap/Thursday-01-03-2018/capPC1-172.31.67.108.pcap,01_pcap/Thursday-01-03-2018/Thursday-01-03-2018_354.pcap
Thursday-01-03-2018,capPC1-172.31.67.111.pcap,Thursday-01-03-2018_355.pcap,01_pcap/Thursday-01-03-2018/capPC1-172.31.67.111.pcap,01_pcap/Thursday-01-03-2018/Thursday-01-03-2018_355.pcap
Thursday-01-03-2018,capPC1-172.31.67.118.pcap,Thursday-01-03-2018_356.pcap,01_pcap/Thursday-01-03-2018/capPC1-172.31.67.118.pcap,01_pcap/Thursday-01-03-2018/Thursday-01-03-2018_356.pcap
Thursday-01-03-2018,capPC1-172.31.67.121.pcap,Thursday-01-03-2018_357.pcap,01_pcap/Thursday-01-03-2018/capPC1-172.31.67.121.pcap,01_pcap/Thursday-01-03-2018/Thursday-01-03-2018_357.pcap
Thursday-01-03-2018,capPC1-172.31.67.123.pcap,Thursday-01-03-2018_358.pcap,01_pcap/Thursday-01-03-2018/capPC1-172.31.67.123.pcap,01_pcap/Thursday-01-03-2018/Thursday-01-03-2018_358.pcap
Thursday-01-03-2018,capPC1-172.31.67.124.pcap,Thursday-01-03-2018_359.pcap,01_pcap/Thursday-01-03-2018/capPC1-172.31.67.124.pcap,01_pcap/Thursday-01-03-2018/Thursday-01-03-2018_359.pcap
Thursday-01-03-2018,capWIN-J6GMIG1DQE5-172.31.64.12.pcap,Thursday-01-03-2018_360.pcap,01_pcap/Thursday-01-03-2018/capWIN-J6GMIG1DQE5-172.31.64.12.pcap,01_pcap/Thursday-01-03-2018/Thursday-01-03-2018_360.pcap
Thursday-01-03-2018,capWIN-J6GMIG1DQE5-172.31.64.14.pcap,Thursday-01-03-2018_361.pcap,01_pcap/Thursday-01-03-2018/capWIN-J6GMIG1DQE5-172.31.64.14.pcap,01_pcap/Thursday-01-03-2018/Thursday-01-03-2018_361.pcap
Thursday-01-03-2018,capWIN-J6GMIG1DQE5-172.31.64.20.pcap,Thursday-01-03-2018_362.pcap,01_pcap/Thursday-01-03-2018/capWIN-J6GMIG1DQE5-172.31.64.20.pcap,01_pcap/Thursday-01-03-2018/Thursday-01-03-2018_362.pcap
Thursday-01-03-2018,capWIN-J6GMIG1DQE5-172.31.64.24.pcap,Thursday-01-03-2018_363.pcap,01_pcap/Thursday-01-03-2018/capWIN-J6GMIG1DQE5-172.31.64.24.pcap,01_pcap/Thursday-01-03-2018/Thursday-01-03-2018_363.pcap
Thursday-01-03-2018,capWIN-J6GMIG1DQE5-172.31.64.36.pcap,Thursday-01-03-2018_364.pcap,01_pcap/Thursday-01-03-2018/capWIN-J6GMIG1DQE5-172.31.64.36.pcap,01_pcap/Thursday-01-03-2018/Thursday-01-03-2018_364.pcap
Thursday-01-03-2018,capWIN-J6GMIG1DQE5-172.31.64.39.pcap,Thursday-01-03-2018_365.pcap,01_pcap/Thursday-01-03-2018/capWIN-J6GMIG1DQE5-172.31.64.39.pcap,01_pcap/Thursday-01-03-2018/Thursday-01-03-2018_365.pcap
Thursday-01-03-2018,capWIN-J6GMIG1DQE5-172.31.64.47.pcap,Thursday-01-03-2018_366.pcap,01_pcap/Thursday-01-03-2018/capWIN-J6GMIG1DQE5-172.31.64.47.pcap,01_pcap/Thursday-01-03-2018/Thursday-01-03-2018_366.pcap
Thursday-01-03-2018,capWIN-J6GMIG1DQE5-172.31.64.57.pcap,Thursday-01-03-2018_367.pcap,01_pcap/Thursday-01-03-2018/capWIN-J6GMIG1DQE5-172.31.64.57.pcap,01_pcap/Thursday-01-03-2018/Thursday-01-03-2018_367.pcap
Thursday-01-03-2018,capWIN-J6GMIG1DQE5-172.31.64.61.pcap,Thursday-01-03-2018_368.pcap,01_pcap/Thursday-01-03-2018/capWIN-J6GMIG1DQE5-172.31.64.61.pcap,01_pcap/Thursday-01-03-2018/Thursday-01-03-2018_368.pcap
Thursday-01-03-2018,capWIN-J6GMIG1DQE5-172.31.64.74.pcap,Thursday-01-03-2018_369.pcap,01_pcap/Thursday-01-03-2018/capWIN-J6GMIG1DQE5-172.31.64.74.pcap,01_pcap/Thursday-01-03-2018/Thursday-01-03-2018_369.pcap
Thursday-01-03-2018,capWIN-J6GMIG1DQE5-172.31.64.78.pcap,Thursday-01-03-2018_370.pcap,01_pcap/Thursday-01-03-2018/capWIN-J6GMIG1DQE5-172.31.64.78.pcap,01_pcap/Thursday-01-03-2018/Thursday-01-03-2018_370.pcap
Thursday-01-03-2018,capWIN-J6GMIG1DQE5-172.31.64.80.pcap,Thursday-01-03-2018_371.pcap,01_pcap/Thursday-01-03-2018/capWIN-J6GMIG1DQE5-172.31.64.80.pcap,01_pcap/Thursday-01-03-2018/Thursday-01-03-2018_371.pcap
Thursday-01-03-2018,capWIN-J6GMIG1DQE5-172.31.64.86.pcap,Thursday-01-03-2018_372.pcap,01_pcap/Thursday-01-03-2018/capWIN-J6GMIG1DQE5-172.31.64.86.pcap,01_pcap/Thursday-01-03-2018/Thursday-01-03-2018_372.pcap
Thursday-01-03-2018,capWIN-J6GMIG1DQE5-172.31.64.88.pcap,Thursday-01-03-2018_373.pcap,01_pcap/Thursday-01-03-2018/capWIN-J6GMIG1DQE5-172.31.64.88.pcap,01_pcap/Thursday-01-03-2018/Thursday-01-03-2018_373.pcap
Thursday-01-03-2018,capWIN-J6GMIG1DQE5-172.31.64.89.pcap,Thursday-01-03-2018_374.pcap,01_pcap/Thursday-01-03-2018/capWIN-J6GMIG1DQE5-172.31.64.89.pcap,01_pcap/Thursday-01-03-2018/Thursday-01-03-2018_374.pcap
Thursday-01-03-2018,capWIN-J6GMIG1DQE5-172.31.64.91.pcap,Thursday-01-03-2018_375.pcap,01_pcap/Thursday-01-03-2018/capWIN-J6GMIG1DQE5-172.31.64.91.pcap,01_pcap/Thursday-01-03-2018/Thursday-01-03-2018_375.pcap
Thursday-01-03-2018,capWIN-J6GMIG1DQE5-172.31.64.93.pcap,Thursday-01-03-2018_376.pcap,01_pcap/Thursday-01-03-2018/capWIN-J6GMIG1DQE5-172.31.64.93.pcap,01_pcap/Thursday-01-03-2018/Thursday-01-03-2018_376.pcap
Thursday-01-03-2018,capWIN-J6GMIG1DQE5-172.31.64.98.pcap,Thursday-01-03-2018_377.pcap,01_pcap/Thursday-01-03-2018/capWIN-J6GMIG1DQE5-172.31.64.98.pcap,01_pcap/Thursday-01-03-2018/Thursday-01-03-2018_377.pcap
Thursday-01-03-2018,capWIN-J6GMIG1DQE5-172.31.64.112.pcap,Thursday-01-03-2018_378.pcap,01_pcap/Thursday-01-03-2018/capWIN-J6GMIG1DQE5-172.31.64.112.pcap,01_pcap/Thursday-01-03-2018/Thursday-01-03-2018_378.pcap
Thursday-01-03-2018,capWIN-J6GMIG1DQE5-172.31.64.117.pcap,Thursday-01-03-2018_379.pcap,01_pcap/Thursday-01-03-2018/capWIN-J6GMIG1DQE5-172.31.64.117.pcap,01_pcap/Thursday-01-03-2018/Thursday-01-03-2018_379.pcap
Thursday-01-03-2018,capWIN-J6GMIG1DQE5-172.31.64.120.pcap,Thursday-01-03-2018_380.pcap,01_pcap/Thursday-01-03-2018/capWIN-J6GMIG1DQE5-172.31.64.120.pcap,01_pcap/Thursday-01-03-2018/Thursday-01-03-2018_380.pcap
Thursday-01-03-2018,capWIN-J6GMIG1DQE5-172.31.65.9.pcap,Thursday-01-03-2018_381.pcap,01_pcap/Thursday-01-03-2018/capWIN-J6GMIG1DQE5-172.31.65.9.pcap,01_pcap/Thursday-01-03-2018/Thursday-01-03-2018_381.pcap
Thursday-01-03-2018,capWIN-J6GMIG1DQE5-172.31.65.11.pcap,Thursday-01-03-2018_382.pcap,01_pcap/Thursday-01-03-2018/capWIN-J6GMIG1DQE5-172.31.65.11.pcap,01_pcap/Thursday-01-03-2018/Thursday-01-03-2018_382.pcap
Thursday-01-03-2018,capWIN-J6GMIG1DQE5-172.31.65.17.pcap,Thursday-01-03-2018_383.pcap,01_pcap/Thursday-01-03-2018/capWIN-J6GMIG1DQE5-172.31.65.17.pcap,01_pcap/Thursday-01-03-2018/Thursday-01-03-2018_383.pcap
Thursday-01-03-2018,capWIN-J6GMIG1DQE5-172.31.65.19.pcap,Thursday-01-03-2018_384.pcap,01_pcap/Thursday-01-03-2018/capWIN-J6GMIG1DQE5-172.31.65.19.pcap,01_pcap/Thursday-01-03-2018/Thursday-01-03-2018_384.pcap
Thursday-01-03-2018,capWIN-J6GMIG1DQE5-172.31.65.21.pcap,Thursday-01-03-2018_385.pcap,01_pcap/Thursday-01-03-2018/capWIN-J6GMIG1DQE5-172.31.65.21.pcap,01_pcap/Thursday-01-03-2018/Thursday-01-03-2018_385.pcap
Thursday-01-03-2018,capWIN-J6GMIG1DQE5-172.31.65.23.pcap,Thursday-01-03-2018_386.pcap,01_pcap/Thursday-01-03-2018/capWIN-J6GMIG1DQE5-172.31.65.23.pcap,01_pcap/Thursday-01-03-2018/Thursday-01-03-2018_386.pcap
Thursday-01-03-2018,capWIN-J6GMIG1DQE5-172.31.65.24.pcap,Thursday-01-03-2018_387.pcap,01_pcap/Thursday-01-03-2018/capWIN-J6GMIG1DQE5-172.31.65.24.pcap,01_pcap/Thursday-01-03-2018/Thursday-01-03-2018_387.pcap
Thursday-01-03-2018,capWIN-J6GMIG1DQE5-172.31.65.35.pcap,Thursday-01-03-2018_388.pcap,01_pcap/Thursday-01-03-2018/capWIN-J6GMIG1DQE5-172.31.65.35.pcap,01_pcap/Thursday-01-03-2018/Thursday-01-03-2018_388.pcap
Thursday-01-03-2018,capWIN-J6GMIG1DQE5-172.31.65.38.pcap,Thursday-01-03-2018_389.pcap,01_pcap/Thursday-01-03-2018/capWIN-J6GMIG1DQE5-172.31.65.38.pcap,01_pcap/Thursday-01-03-2018/Thursday-01-03-2018_389.pcap
Thursday-01-03-2018,capWIN-J6GMIG1DQE5-172.31.65.42.pcap,Thursday-01-03-2018_390.pcap,01_pcap/Thursday-01-03-2018/capWIN-J6GMIG1DQE5-172.31.65.42.pcap,01_pcap/Thursday-01-03-2018/Thursday-01-03-2018_390.pcap
Thursday-01-03-2018,capWIN-J6GMIG1DQE5-172.31.65.46.pcap,Thursday-01-03-2018_391.pcap,01_pcap/Thursday-01-03-2018/capWIN-J6GMIG1DQE5-172.31.65.46.pcap,01_pcap/Thursday-01-03-2018/Thursday-01-03-2018_391.pcap
Thursday-01-03-2018,capWIN-J6GMIG1DQE5-172.31.65.47.pcap,Thursday-01-03-2018_392.pcap,01_pcap/Thursday-01-03-2018/capWIN-J6GMIG1DQE5-172.31.65.47.pcap,01_pcap/Thursday-01-03-2018/Thursday-01-03-2018_392.pcap
Thursday-01-03-2018,capWIN-J6GMIG1DQE5-172.31.65.48.pcap,Thursday-01-03-2018_393.pcap,01_pcap/Thursday-01-03-2018/capWIN-J6GMIG1DQE5-172.31.65.48.pcap,01_pcap/Thursday-01-03-2018/Thursday-01-03-2018_393.pcap
Thursday-01-03-2018,capWIN-J6GMIG1DQE5-172.31.65.51.pcap,Thursday-01-03-2018_394.pcap,01_pcap/Thursday-01-03-2018/capWIN-J6GMIG1DQE5-172.31.65.51.pcap,01_pcap/Thursday-01-03-2018/Thursday-01-03-2018_394.pcap
Thursday-01-03-2018,capWIN-J6GMIG1DQE5-172.31.65.52.pcap,Thursday-01-03-2018_395.pcap,01_pcap/Thursday-01-03-2018/capWIN-J6GMIG1DQE5-172.31.65.52.pcap,01_pcap/Thursday-01-03-2018/Thursday-01-03-2018_395.pcap
Thursday-01-03-2018,capWIN-J6GMIG1DQE5-172.31.65.55.pcap,Thursday-01-03-2018_396.pcap,01_pcap/Thursday-01-03-2018/capWIN-J6GMIG1DQE5-172.31.65.55.pcap,01_pcap/Thursday-01-03-2018/Thursday-01-03-2018_396.pcap
Thursday-01-03-2018,capWIN-J6GMIG1DQE5-172.31.65.57.pcap,Thursday-01-03-2018_397.pcap,01_pcap/Thursday-01-03-2018/capWIN-J6GMIG1DQE5-172.31.65.57.pcap,01_pcap/Thursday-01-03-2018/Thursday-01-03-2018_397.pcap
Thursday-01-03-2018,capWIN-J6GMIG1DQE5-172.31.65.58.pcap,Thursday-01-03-2018_398.pcap,01_pcap/Thursday-01-03-2018/capWIN-J6GMIG1DQE5-172.31.65.58.pcap,01_pcap/Thursday-01-03-2018/Thursday-01-03-2018_398.pcap
Thursday-01-03-2018,capWIN-J6GMIG1DQE5-172.31.65.69.pcap,Thursday-01-03-2018_399.pcap,01_pcap/Thursday-01-03-2018/capWIN-J6GMIG1DQE5-172.31.65.69.pcap,01_pcap/Thursday-01-03-2018/Thursday-01-03-2018_399.pcap
Thursday-01-03-2018,capWIN-J6GMIG1DQE5-172.31.65.70.pcap,Thursday-01-03-2018_400.pcap,01_pcap/Thursday-01-03-2018/capWIN-J6GMIG1DQE5-172.31.65.70.pcap,01_pcap/Thursday-01-03-2018/Thursday-01-03-2018_400.pcap
Thursday-01-03-2018,capWIN-J6GMIG1DQE5-172.31.65.73.pcap,Thursday-01-03-2018_401.pcap,01_pcap/Thursday-01-03-2018/capWIN-J6GMIG1DQE5-172.31.65.73.pcap,01_pcap/Thursday-01-03-2018/Thursday-01-03-2018_401.pcap
Thursday-01-03-2018,capWIN-J6GMIG1DQE5-172.31.65.78.pcap,Thursday-01-03-2018_402.pcap,01_pcap/Thursday-01-03-2018/capWIN-J6GMIG1DQE5-172.31.65.78.pcap,01_pcap/Thursday-01-03-2018/Thursday-01-03-2018_402.pcap
Thursday-01-03-2018,capWIN-J6GMIG1DQE5-172.31.65.87.pcap,Thursday-01-03-2018_403.pcap,01_pcap/Thursday-01-03-2018/capWIN-J6GMIG1DQE5-172.31.65.87.pcap,01_pcap/Thursday-01-03-2018/Thursday-01-03-2018_403.pcap
Thursday-01-03-2018,capWIN-J6GMIG1DQE5-172.31.65.89.pcap,Thursday-01-03-2018_404.pcap,01_pcap/Thursday-01-03-2018/capWIN-J6GMIG1DQE5-172.31.65.89.pcap,01_pcap/Thursday-01-03-2018/Thursday-01-03-2018_404.pcap
Thursday-01-03-2018,capWIN-J6GMIG1DQE5-172.31.65.90.pcap,Thursday-01-03-2018_405.pcap,01_pcap/Thursday-01-03-2018/capWIN-J6GMIG1DQE5-172.31.65.90.pcap,01_pcap/Thursday-01-03-2018/Thursday-01-03-2018_405.pcap
Thursday-01-03-2018,capWIN-J6GMIG1DQE5-172.31.65.99.pcap,Thursday-01-03-2018_406.pcap,01_pcap/Thursday-01-03-2018/capWIN-J6GMIG1DQE5-172.31.65.99.pcap,01_pcap/Thursday-01-03-2018/Thursday-01-03-2018_406.pcap
Thursday-01-03-2018,capWIN-J6GMIG1DQE5-172.31.65.103.pcap,Thursday-01-03-2018_407.pcap,01_pcap/Thursday-01-03-2018/capWIN-J6GMIG1DQE5-172.31.65.103.pcap,01_pcap/Thursday-01-03-2018/Thursday-01-03-2018_407.pcap
Thursday-01-03-2018,capWIN-J6GMIG1DQE5-172.31.65.104.pcap,Thursday-01-03-2018_408.pcap,01_pcap/Thursday-01-03-2018/capWIN-J6GMIG1DQE5-172.31.65.104.pcap,01_pcap/Thursday-01-03-2018/Thursday-01-03-2018_408.pcap
Thursday-01-03-2018,capWIN-J6GMIG1DQE5-172.31.65.105.pcap,Thursday-01-03-2018_409.pcap,01_pcap/Thursday-01-03-2018/capWIN-J6GMIG1DQE5-172.31.65.105.pcap,01_pcap/Thursday-01-03-2018/Thursday-01-03-2018_409.pcap
Thursday-01-03-2018,capWIN-J6GMIG1DQE5-172.31.65.108.pcap,Thursday-01-03-2018_410.pcap,01_pcap/Thursday-01-03-2018/capWIN-J6GMIG1DQE5-172.31.65.108.pcap,01_pcap/Thursday-01-03-2018/Thursday-01-03-2018_410.pcap
Thursday-01-03-2018,capWIN-J6GMIG1DQE5-172.31.65.114.pcap,Thursday-01-03-2018_411.pcap,01_pcap/Thursday-01-03-2018/capWIN-J6GMIG1DQE5-172.31.65.114.pcap,01_pcap/Thursday-01-03-2018/Thursday-01-03-2018_411.pcap
Thursday-01-03-2018,capWIN-J6GMIG1DQE5-172.31.65.115.pcap,Thursday-01-03-2018_412.pcap,01_pcap/Thursday-01-03-2018/capWIN-J6GMIG1DQE5-172.31.65.115.pcap,01_pcap/Thursday-01-03-2018/Thursday-01-03-2018_412.pcap
Thursday-01-03-2018,capWIN-J6GMIG1DQE5-172.31.65.116.pcap,Thursday-01-03-2018_413.pcap,01_pcap/Thursday-01-03-2018/capWIN-J6GMIG1DQE5-172.31.65.116.pcap,01_pcap/Thursday-01-03-2018/Thursday-01-03-2018_413.pcap
Thursday-01-03-2018,capWIN-J6GMIG1DQE5-172.31.65.125.pcap,Thursday-01-03-2018_414.pcap,01_pcap/Thursday-01-03-2018/capWIN-J6GMIG1DQE5-172.31.65.125.pcap,01_pcap/Thursday-01-03-2018/Thursday-01-03-2018_414.pcap
Thursday-01-03-2018,capWIN-J6GMIG1DQE5-172.31.67.4.pcap,Thursday-01-03-2018_415.pcap,01_pcap/Thursday-01-03-2018/capWIN-J6GMIG1DQE5-172.31.67.4.pcap,01_pcap/Thursday-01-03-2018/Thursday-01-03-2018_415.pcap
Thursday-01-03-2018,capWIN-J6GMIG1DQE5-172.31.67.8.pcap,Thursday-01-03-2018_416.pcap,01_pcap/Thursday-01-03-2018/capWIN-J6GMIG1DQE5-172.31.67.8.pcap,01_pcap/Thursday-01-03-2018/Thursday-01-03-2018_416.pcap
Thursday-01-03-2018,capWIN-J6GMIG1DQE5-172.31.67.19.pcap,Thursday-01-03-2018_417.pcap,01_pcap/Thursday-01-03-2018/capWIN-J6GMIG1DQE5-172.31.67.19.pcap,01_pcap/Thursday-01-03-2018/Thursday-01-03-2018_417.pcap
Thursday-01-03-2018,capWIN-J6GMIG1DQE5-172.31.67.22.pcap,Thursday-01-03-2018_418.pcap,01_pcap/Thursday-01-03-2018/capWIN-J6GMIG1DQE5-172.31.67.22.pcap,01_pcap/Thursday-01-03-2018/Thursday-01-03-2018_418.pcap
Thursday-01-03-2018,capWIN-J6GMIG1DQE5-172.31.67.26.pcap,Thursday-01-03-2018_419.pcap,01_pcap/Thursday-01-03-2018/capWIN-J6GMIG1DQE5-172.31.67.26.pcap,01_pcap/Thursday-01-03-2018/Thursday-01-03-2018_419.pcap
Thursday-01-03-2018,capWIN-J6GMIG1DQE5-172.31.67.30.pcap,Thursday-01-03-2018_420.pcap,01_pcap/Thursday-01-03-2018/capWIN-J6GMIG1DQE5-172.31.67.30.pcap,01_pcap/Thursday-01-03-2018/Thursday-01-03-2018_420.pcap
Thursday-01-03-2018,capWIN-J6GMIG1DQE5-172.31.67.34.pcap,Thursday-01-03-2018_421.pcap,01_pcap/Thursday-01-03-2018/capWIN-J6GMIG1DQE5-172.31.67.34.pcap,01_pcap/Thursday-01-03-2018/Thursday-01-03-2018_421.pcap
Thursday-01-03-2018,capWIN-J6GMIG1DQE5-172.31.67.40.pcap,Thursday-01-03-2018_422.pcap,01_pcap/Thursday-01-03-2018/capWIN-J6GMIG1DQE5-172.31.67.40.pcap,01_pcap/Thursday-01-03-2018/Thursday-01-03-2018_422.pcap
Thursday-01-03-2018,capWIN-J6GMIG1DQE5-172.31.67.62.pcap,Thursday-01-03-2018_423.pcap,01_pcap/Thursday-01-03-2018/capWIN-J6GMIG1DQE5-172.31.67.62.pcap,01_pcap/Thursday-01-03-2018/Thursday-01-03-2018_423.pcap
Thursday-01-03-2018,capWIN-J6GMIG1DQE5-172.31.67.70.pcap,Thursday-01-03-2018_424.pcap,01_pcap/Thursday-01-03-2018/capWIN-J6GMIG1DQE5-172.31.67.70.pcap,01_pcap/Thursday-01-03-2018/Thursday-01-03-2018_424.pcap
Thursday-01-03-2018,capWIN-J6GMIG1DQE5-172.31.67.71.pcap,Thursday-01-03-2018_425.pcap,01_pcap/Thursday-01-03-2018/capWIN-J6GMIG1DQE5-172.31.67.71.pcap,01_pcap/Thursday-01-03-2018/Thursday-01-03-2018_425.pcap
Thursday-01-03-2018,capWIN-J6GMIG1DQE5-172.31.67.72.pcap,Thursday-01-03-2018_426.pcap,01_pcap/Thursday-01-03-2018/capWIN-J6GMIG1DQE5-172.31.67.72.pcap,01_pcap/Thursday-01-03-2018/Thursday-01-03-2018_426.pcap
Thursday-01-03-2018,capWIN-J6GMIG1DQE5-172.31.67.83.pcap,Thursday-01-03-2018_427.pcap,01_pcap/Thursday-01-03-2018/capWIN-J6GMIG1DQE5-172.31.67.83.pcap,01_pcap/Thursday-01-03-2018/Thursday-01-03-2018_427.pcap
Thursday-01-03-2018,capWIN-J6GMIG1DQE5-172.31.67.89.pcap,Thursday-01-03-2018_428.pcap,01_pcap/Thursday-01-03-2018/capWIN-J6GMIG1DQE5-172.31.67.89.pcap,01_pcap/Thursday-01-03-2018/Thursday-01-03-2018_428.pcap
Thursday-01-03-2018,capWIN-J6GMIG1DQE5-172.31.67.93.pcap,Thursday-01-03-2018_429.pcap,01_pcap/Thursday-01-03-2018/capWIN-J6GMIG1DQE5-172.31.67.93.pcap,01_pcap/Thursday-01-03-2018/Thursday-01-03-2018_429.pcap
Thursday-01-03-2018,capWIN-J6GMIG1DQE5-172.31.67.95.pcap,Thursday-01-03-2018_430.pcap,01_pcap/Thursday-01-03-2018/capWIN-J6GMIG1DQE5-172.31.67.95.pcap,01_pcap/Thursday-01-03-2018/Thursday-01-03-2018_430.pcap
Thursday-01-03-2018,capWIN-J6GMIG1DQE5-172.31.67.98.pcap,Thursday-01-03-2018_431.pcap,01_pcap/Thursday-01-03-2018/capWIN-J6GMIG1DQE5-172.31.67.98.pcap,01_pcap/Thursday-01-03-2018/Thursday-01-03-2018_431.pcap
Thursday-01-03-2018,capWIN-J6GMIG1DQE5-172.31.67.105.pcap,Thursday-01-03-2018_432.pcap,01_pcap/Thursday-01-03-2018/capWIN-J6GMIG1DQE5-172.31.67.105.pcap,01_pcap/Thursday-01-03-2018/Thursday-01-03-2018_432.pcap
Thursday-01-03-2018,capWIN-J6GMIG1DQE5-172.31.67.109.pcap,Thursday-01-03-2018_433.pcap,01_pcap/Thursday-01-03-2018/capWIN-J6GMIG1DQE5-172.31.67.109.pcap,01_pcap/Thursday-01-03-2018/Thursday-01-03-2018_433.pcap
Thursday-01-03-2018,capWIN-J6GMIG1DQE5-172.31.67.114.pcap,Thursday-01-03-2018_434.pcap,01_pcap/Thursday-01-03-2018/capWIN-J6GMIG1DQE5-172.31.67.114.pcap,01_pcap/Thursday-01-03-2018/Thursday-01-03-2018_434.pcap
Thursday-01-03-2018,capWIN-J6GMIG1DQE5-.pcap,Thursday-01-03-2018_435.pcap,01_pcap/Thursday-01-03-2018/capWIN-J6GMIG1DQE5-.pcap,01_pcap/Thursday-01-03-2018/Thursday-01-03-2018_435.pcap
Thursday-01-03-2018,UCAP172.31.69.7.pcap,Thursday-01-03-2018_436.pcap,01_pcap/Thursday-01-03-2018/UCAP172.31.69.7.pcap,01_pcap/Thursday-01-03-2018/Thursday-01-03-2018_436.pcap
Thursday-01-03-2018,UCAP172.31.69.15.pcap,Thursday-01-03-2018_437.pcap,01_pcap/Thursday-01-03-2018/UCAP172.31.69.15.pcap,01_pcap/Thursday-01-03-2018/Thursday-01-03-2018_437.pcap
Thursday-01-03-2018,UCAP172.31.69.18.pcap,Thursday-01-03-2018_438.pcap,01_pcap/Thursday-01-03-2018/UCAP172.31.69.18.pcap,01_pcap/Thursday-01-03-2018/Thursday-01-03-2018_438.pcap
Thursday-01-03-2018,UCAP172.31.69.21.pcap,Thursday-01-03-2018_439.pcap,01_pcap/Thursday-01-03-2018/UCAP172.31.69.21.pcap,01_pcap/Thursday-01-03-2018/Thursday-01-03-2018_439.pcap
Thursday-01-03-2018,UCAP172.31.69.22.pcap,Thursday-01-03-2018_440.pcap,01_pcap/Thursday-01-03-2018/UCAP172.31.69.22.pcap,01_pcap/Thursday-01-03-2018/Thursday-01-03-2018_440.pcap
Thursday-01-03-2018,UCAP172.31.69.25.pcap,Thursday-01-03-2018_441.pcap,01_pcap/Thursday-01-03-2018/UCAP172.31.69.25.pcap,01_pcap/Thursday-01-03-2018/Thursday-01-03-2018_441.pcap
Thursday-01-03-2018,UCAP172.31.69.27.pcap,Thursday-01-03-2018_442.pcap,01_pcap/Thursday-01-03-2018/UCAP172.31.69.27.pcap,01_pcap/Thursday-01-03-2018/Thursday-01-03-2018_442.pcap
Thursday-01-03-2018,UCAP172.31.69.28.pcap,Thursday-01-03-2018_443.pcap,01_pcap/Thursday-01-03-2018/UCAP172.31.69.28.pcap,01_pcap/Thursday-01-03-2018/Thursday-01-03-2018_443.pcap
Thursday-15-02-2018,capDESKTOP-AN3U28N-172.31.64.17.pcap,Thursday-15-02-2018_1.pcap,01_pcap/Thursday-15-02-2018/capDESKTOP-AN3U28N-172.31.64.17.pcap,01_pcap/Thursday-15-02-2018/Thursday-15-02-2018_1.pcap
Thursday-15-02-2018,capDESKTOP-AN3U28N-172.31.64.26.pcap,Thursday-15-02-2018_2.pcap,01_pcap/Thursday-15-02-2018/capDESKTOP-AN3U28N-172.31.64.26.pcap,01_pcap/Thursday-15-02-2018/Thursday-15-02-2018_2.pcap
Thursday-15-02-2018,capDESKTOP-AN3U28N-172.31.64.35.pcap,Thursday-15-02-2018_3.pcap,01_pcap/Thursday-15-02-2018/capDESKTOP-AN3U28N-172.31.64.35.pcap,01_pcap/Thursday-15-02-2018/Thursday-15-02-2018_3.pcap
Thursday-15-02-2018,capDESKTOP-AN3U28N-172.31.64.38.pcap,Thursday-15-02-2018_4.pcap,01_pcap/Thursday-15-02-2018/capDESKTOP-AN3U28N-172.31.64.38.pcap,01_pcap/Thursday-15-02-2018/Thursday-15-02-2018_4.pcap
Thursday-15-02-2018,capDESKTOP-AN3U28N-172.31.64.46.pcap,Thursday-15-02-2018_5.pcap,01_pcap/Thursday-15-02-2018/capDESKTOP-AN3U28N-172.31.64.46.pcap,01_pcap/Thursday-15-02-2018/Thursday-15-02-2018_5.pcap
Thursday-15-02-2018,capDESKTOP-AN3U28N-172.31.64.54.pcap,Thursday-15-02-2018_6.pcap,01_pcap/Thursday-15-02-2018/capDESKTOP-AN3U28N-172.31.64.54.pcap,01_pcap/Thursday-15-02-2018/Thursday-15-02-2018_6.pcap
Thursday-15-02-2018,capDESKTOP-AN3U28N-172.31.64.63.pcap,Thursday-15-02-2018_7.pcap,01_pcap/Thursday-15-02-2018/capDESKTOP-AN3U28N-172.31.64.63.pcap,01_pcap/Thursday-15-02-2018/Thursday-15-02-2018_7.pcap
Thursday-15-02-2018,capDESKTOP-AN3U28N-172.31.64.65.pcap,Thursday-15-02-2018_8.pcap,01_pcap/Thursday-15-02-2018/capDESKTOP-AN3U28N-172.31.64.65.pcap,01_pcap/Thursday-15-02-2018/Thursday-15-02-2018_8.pcap
Thursday-15-02-2018,capDESKTOP-AN3U28N-172.31.64.67.pcap,Thursday-15-02-2018_9.pcap,01_pcap/Thursday-15-02-2018/capDESKTOP-AN3U28N-172.31.64.67.pcap,01_pcap/Thursday-15-02-2018/Thursday-15-02-2018_9.pcap
Thursday-15-02-2018,capDESKTOP-AN3U28N-172.31.64.71.pcap,Thursday-15-02-2018_10.pcap,01_pcap/Thursday-15-02-2018/capDESKTOP-AN3U28N-172.31.64.71.pcap,01_pcap/Thursday-15-02-2018/Thursday-15-02-2018_10.pcap
Thursday-15-02-2018,capDESKTOP-AN3U28N-172.31.64.75.pcap,Thursday-15-02-2018_11.pcap,01_pcap/Thursday-15-02-2018/capDESKTOP-AN3U28N-172.31.64.75.pcap,01_pcap/Thursday-15-02-2018/Thursday-15-02-2018_11.pcap
Thursday-15-02-2018,capDESKTOP-AN3U28N-172.31.64.76.pcap,Thursday-15-02-2018_12.pcap,01_pcap/Thursday-15-02-2018/capDESKTOP-AN3U28N-172.31.64.76.pcap,01_pcap/Thursday-15-02-2018/Thursday-15-02-2018_12.pcap
Thursday-15-02-2018,capDESKTOP-AN3U28N-172.31.64.84.pcap,Thursday-15-02-2018_13.pcap,01_pcap/Thursday-15-02-2018/capDESKTOP-AN3U28N-172.31.64.84.pcap,01_pcap/Thursday-15-02-2018/Thursday-15-02-2018_13.pcap
Thursday-15-02-2018,capDESKTOP-AN3U28N-172.31.64.95.pcap,Thursday-15-02-2018_14.pcap,01_pcap/Thursday-15-02-2018/capDESKTOP-AN3U28N-172.31.64.95.pcap,01_pcap/Thursday-15-02-2018/Thursday-15-02-2018_14.pcap
Thursday-15-02-2018,capDESKTOP-AN3U28N-172.31.64.99.pcap,Thursday-15-02-2018_15.pcap,01_pcap/Thursday-15-02-2018/capDESKTOP-AN3U28N-172.31.64.99.pcap,01_pcap/Thursday-15-02-2018/Thursday-15-02-2018_15.pcap
Thursday-15-02-2018,capDESKTOP-AN3U28N-172.31.64.111.pcap,Thursday-15-02-2018_16.pcap,01_pcap/Thursday-15-02-2018/capDESKTOP-AN3U28N-172.31.64.111.pcap,01_pcap/Thursday-15-02-2018/Thursday-15-02-2018_16.pcap
Thursday-15-02-2018,capDESKTOP-AN3U28N-172.31.64.115.pcap,Thursday-15-02-2018_17.pcap,01_pcap/Thursday-15-02-2018/capDESKTOP-AN3U28N-172.31.64.115.pcap,01_pcap/Thursday-15-02-2018/Thursday-15-02-2018_17.pcap
Thursday-15-02-2018,capDESKTOP-AN3U28N-172.31.64.118.pcap,Thursday-15-02-2018_18.pcap,01_pcap/Thursday-15-02-2018/capDESKTOP-AN3U28N-172.31.64.118.pcap,01_pcap/Thursday-15-02-2018/Thursday-15-02-2018_18.pcap
Thursday-15-02-2018,capDESKTOP-AN3U28N-172.31.64.122.pcap,Thursday-15-02-2018_19.pcap,01_pcap/Thursday-15-02-2018/capDESKTOP-AN3U28N-172.31.64.122.pcap,01_pcap/Thursday-15-02-2018/Thursday-15-02-2018_19.pcap
Thursday-15-02-2018,capDESKTOP-AN3U28N-172.31.64.125.pcap,Thursday-15-02-2018_20.pcap,01_pcap/Thursday-15-02-2018/capDESKTOP-AN3U28N-172.31.64.125.pcap,01_pcap/Thursday-15-02-2018/Thursday-15-02-2018_20.pcap
Thursday-15-02-2018,capDESKTOP-AN3U28N-172.31.64.126.pcap,Thursday-15-02-2018_21.pcap,01_pcap/Thursday-15-02-2018/capDESKTOP-AN3U28N-172.31.64.126.pcap,01_pcap/Thursday-15-02-2018/Thursday-15-02-2018_21.pcap
Thursday-15-02-2018,capDESKTOP-AN3U28N-172.31.65.10.pcap,Thursday-15-02-2018_22.pcap,01_pcap/Thursday-15-02-2018/capDESKTOP-AN3U28N-172.31.65.10.pcap,01_pcap/Thursday-15-02-2018/Thursday-15-02-2018_22.pcap
Thursday-15-02-2018,capDESKTOP-AN3U28N-172.31.65.14.pcap,Thursday-15-02-2018_23.pcap,01_pcap/Thursday-15-02-2018/capDESKTOP-AN3U28N-172.31.65.14.pcap,01_pcap/Thursday-15-02-2018/Thursday-15-02-2018_23.pcap
Thursday-15-02-2018,capDESKTOP-AN3U28N-172.31.65.28.pcap,Thursday-15-02-2018_24.pcap,01_pcap/Thursday-15-02-2018/capDESKTOP-AN3U28N-172.31.65.28.pcap,01_pcap/Thursday-15-02-2018/Thursday-15-02-2018_24.pcap
Thursday-15-02-2018,capDESKTOP-AN3U28N-172.31.65.29.pcap,Thursday-15-02-2018_25.pcap,01_pcap/Thursday-15-02-2018/capDESKTOP-AN3U28N-172.31.65.29.pcap,01_pcap/Thursday-15-02-2018/Thursday-15-02-2018_25.pcap
Thursday-15-02-2018,capDESKTOP-AN3U28N-172.31.65.34.pcap,Thursday-15-02-2018_26.pcap,01_pcap/Thursday-15-02-2018/capDESKTOP-AN3U28N-172.31.65.34.pcap,01_pcap/Thursday-15-02-2018/Thursday-15-02-2018_26.pcap
Thursday-15-02-2018,capDESKTOP-AN3U28N-172.31.65.40.pcap,Thursday-15-02-2018_27.pcap,01_pcap/Thursday-15-02-2018/capDESKTOP-AN3U28N-172.31.65.40.pcap,01_pcap/Thursday-15-02-2018/Thursday-15-02-2018_27.pcap
Thursday-15-02-2018,capDESKTOP-AN3U28N-172.31.65.50.pcap,Thursday-15-02-2018_28.pcap,01_pcap/Thursday-15-02-2018/capDESKTOP-AN3U28N-172.31.65.50.pcap,01_pcap/Thursday-15-02-2018/Thursday-15-02-2018_28.pcap
Thursday-15-02-2018,capDESKTOP-AN3U28N-172.31.65.56.pcap,Thursday-15-02-2018_29.pcap,01_pcap/Thursday-15-02-2018/capDESKTOP-AN3U28N-172.31.65.56.pcap,01_pcap/Thursday-15-02-2018/Thursday-15-02-2018_29.pcap
Thursday-15-02-2018,capDESKTOP-AN3U28N-172.31.65.66.pcap,Thursday-15-02-2018_30.pcap,01_pcap/Thursday-15-02-2018/capDESKTOP-AN3U28N-172.31.65.66.pcap,01_pcap/Thursday-15-02-2018/Thursday-15-02-2018_30.pcap
Thursday-15-02-2018,capDESKTOP-AN3U28N-172.31.65.76.pcap,Thursday-15-02-2018_31.pcap,01_pcap/Thursday-15-02-2018/capDESKTOP-AN3U28N-172.31.65.76.pcap,01_pcap/Thursday-15-02-2018/Thursday-15-02-2018_31.pcap
Thursday-15-02-2018,capDESKTOP-AN3U28N-172.31.65.81.pcap,Thursday-15-02-2018_32.pcap,01_pcap/Thursday-15-02-2018/capDESKTOP-AN3U28N-172.31.65.81.pcap,01_pcap/Thursday-15-02-2018/Thursday-15-02-2018_32.pcap
Thursday-15-02-2018,capDESKTOP-AN3U28N-172.31.65.86.pcap,Thursday-15-02-2018_33.pcap,01_pcap/Thursday-15-02-2018/capDESKTOP-AN3U28N-172.31.65.86.pcap,01_pcap/Thursday-15-02-2018/Thursday-15-02-2018_33.pcap
Thursday-15-02-2018,capDESKTOP-AN3U28N-172.31.65.88.pcap,Thursday-15-02-2018_34.pcap,01_pcap/Thursday-15-02-2018/capDESKTOP-AN3U28N-172.31.65.88.pcap,01_pcap/Thursday-15-02-2018/Thursday-15-02-2018_34.pcap
Thursday-15-02-2018,capDESKTOP-AN3U28N-172.31.65.113.pcap,Thursday-15-02-2018_35.pcap,01_pcap/Thursday-15-02-2018/capDESKTOP-AN3U28N-172.31.65.113.pcap,01_pcap/Thursday-15-02-2018/Thursday-15-02-2018_35.pcap
Thursday-15-02-2018,capDESKTOP-AN3U28N-172.31.65.123.pcap,Thursday-15-02-2018_36.pcap,01_pcap/Thursday-15-02-2018/capDESKTOP-AN3U28N-172.31.65.123.pcap,01_pcap/Thursday-15-02-2018/Thursday-15-02-2018_36.pcap
Thursday-15-02-2018,capDESKTOP-AN3U28N-172.31.65.124.pcap,Thursday-15-02-2018_37.pcap,01_pcap/Thursday-15-02-2018/capDESKTOP-AN3U28N-172.31.65.124.pcap,01_pcap/Thursday-15-02-2018/Thursday-15-02-2018_37.pcap
Thursday-15-02-2018,capDESKTOP-AN3U28N-172.31.65.126.pcap,Thursday-15-02-2018_38.pcap,01_pcap/Thursday-15-02-2018/capDESKTOP-AN3U28N-172.31.65.126.pcap,01_pcap/Thursday-15-02-2018/Thursday-15-02-2018_38.pcap
Thursday-15-02-2018,capDESKTOP-AN3U28N-172.31.66.22.pcap,Thursday-15-02-2018_39.pcap,01_pcap/Thursday-15-02-2018/capDESKTOP-AN3U28N-172.31.66.22.pcap,01_pcap/Thursday-15-02-2018/Thursday-15-02-2018_39.pcap
Thursday-15-02-2018,capDESKTOP-AN3U28N-172.31.66.41.pcap,Thursday-15-02-2018_40.pcap,01_pcap/Thursday-15-02-2018/capDESKTOP-AN3U28N-172.31.66.41.pcap,01_pcap/Thursday-15-02-2018/Thursday-15-02-2018_40.pcap
Thursday-15-02-2018,capDESKTOP-AN3U28N-172.31.66.42.pcap,Thursday-15-02-2018_41.pcap,01_pcap/Thursday-15-02-2018/capDESKTOP-AN3U28N-172.31.66.42.pcap,01_pcap/Thursday-15-02-2018/Thursday-15-02-2018_41.pcap
Thursday-15-02-2018,capDESKTOP-AN3U28N-172.31.66.43.pcap,Thursday-15-02-2018_42.pcap,01_pcap/Thursday-15-02-2018/capDESKTOP-AN3U28N-172.31.66.43.pcap,01_pcap/Thursday-15-02-2018/Thursday-15-02-2018_42.pcap
Thursday-15-02-2018,capDESKTOP-AN3U28N-172.31.66.49.pcap,Thursday-15-02-2018_43.pcap,01_pcap/Thursday-15-02-2018/capDESKTOP-AN3U28N-172.31.66.49.pcap,01_pcap/Thursday-15-02-2018/Thursday-15-02-2018_43.pcap
Thursday-15-02-2018,capDESKTOP-AN3U28N-172.31.66.54.pcap,Thursday-15-02-2018_44.pcap,01_pcap/Thursday-15-02-2018/capDESKTOP-AN3U28N-172.31.66.54.pcap,01_pcap/Thursday-15-02-2018/Thursday-15-02-2018_44.pcap
Thursday-15-02-2018,capDESKTOP-AN3U28N-172.31.66.62.pcap,Thursday-15-02-2018_45.pcap,01_pcap/Thursday-15-02-2018/capDESKTOP-AN3U28N-172.31.66.62.pcap,01_pcap/Thursday-15-02-2018/Thursday-15-02-2018_45.pcap
Thursday-15-02-2018,capDESKTOP-AN3U28N-172.31.66.63.pcap,Thursday-15-02-2018_46.pcap,01_pcap/Thursday-15-02-2018/capDESKTOP-AN3U28N-172.31.66.63.pcap,01_pcap/Thursday-15-02-2018/Thursday-15-02-2018_46.pcap
Thursday-15-02-2018,capDESKTOP-AN3U28N-172.31.66.72.pcap,Thursday-15-02-2018_47.pcap,01_pcap/Thursday-15-02-2018/capDESKTOP-AN3U28N-172.31.66.72.pcap,01_pcap/Thursday-15-02-2018/Thursday-15-02-2018_47.pcap
Thursday-15-02-2018,capDESKTOP-AN3U28N-172.31.66.76.pcap,Thursday-15-02-2018_48.pcap,01_pcap/Thursday-15-02-2018/capDESKTOP-AN3U28N-172.31.66.76.pcap,01_pcap/Thursday-15-02-2018/Thursday-15-02-2018_48.pcap
Thursday-15-02-2018,capDESKTOP-AN3U28N-172.31.66.82.pcap,Thursday-15-02-2018_49.pcap,01_pcap/Thursday-15-02-2018/capDESKTOP-AN3U28N-172.31.66.82.pcap,01_pcap/Thursday-15-02-2018/Thursday-15-02-2018_49.pcap
Thursday-15-02-2018,capDESKTOP-AN3U28N-172.31.66.85.pcap,Thursday-15-02-2018_50.pcap,01_pcap/Thursday-15-02-2018/capDESKTOP-AN3U28N-172.31.66.85.pcap,01_pcap/Thursday-15-02-2018/Thursday-15-02-2018_50.pcap
Thursday-15-02-2018,capDESKTOP-AN3U28N-172.31.66.89.pcap,Thursday-15-02-2018_51.pcap,01_pcap/Thursday-15-02-2018/capDESKTOP-AN3U28N-172.31.66.89.pcap,01_pcap/Thursday-15-02-2018/Thursday-15-02-2018_51.pcap
Thursday-15-02-2018,capDESKTOP-AN3U28N-172.31.66.100.pcap,Thursday-15-02-2018_52.pcap,01_pcap/Thursday-15-02-2018/capDESKTOP-AN3U28N-172.31.66.100.pcap,01_pcap/Thursday-15-02-2018/Thursday-15-02-2018_52.pcap
Thursday-15-02-2018,capDESKTOP-AN3U28N-172.31.66.101.pcap,Thursday-15-02-2018_53.pcap,01_pcap/Thursday-15-02-2018/capDESKTOP-AN3U28N-172.31.66.101.pcap,01_pcap/Thursday-15-02-2018/Thursday-15-02-2018_53.pcap
Thursday-15-02-2018,capDESKTOP-AN3U28N-172.31.66.112.pcap,Thursday-15-02-2018_54.pcap,01_pcap/Thursday-15-02-2018/capDESKTOP-AN3U28N-172.31.66.112.pcap,01_pcap/Thursday-15-02-2018/Thursday-15-02-2018_54.pcap
Thursday-15-02-2018,capDESKTOP-AN3U28N-172.31.66.114.pcap,Thursday-15-02-2018_55.pcap,01_pcap/Thursday-15-02-2018/capDESKTOP-AN3U28N-172.31.66.114.pcap,01_pcap/Thursday-15-02-2018/Thursday-15-02-2018_55.pcap
Thursday-15-02-2018,capDESKTOP-AN3U28N-172.31.66.115.pcap,Thursday-15-02-2018_56.pcap,01_pcap/Thursday-15-02-2018/capDESKTOP-AN3U28N-172.31.66.115.pcap,01_pcap/Thursday-15-02-2018/Thursday-15-02-2018_56.pcap
Thursday-15-02-2018,capDESKTOP-AN3U28N-172.31.66.120.pcap,Thursday-15-02-2018_57.pcap,01_pcap/Thursday-15-02-2018/capDESKTOP-AN3U28N-172.31.66.120.pcap,01_pcap/Thursday-15-02-2018/Thursday-15-02-2018_57.pcap
Thursday-15-02-2018,capDESKTOP-AN3U28N-172.31.66.123.pcap,Thursday-15-02-2018_58.pcap,01_pcap/Thursday-15-02-2018/capDESKTOP-AN3U28N-172.31.66.123.pcap,01_pcap/Thursday-15-02-2018/Thursday-15-02-2018_58.pcap
Thursday-15-02-2018,capDESKTOP-AN3U28N-172.31.67.10.pcap,Thursday-15-02-2018_59.pcap,01_pcap/Thursday-15-02-2018/capDESKTOP-AN3U28N-172.31.67.10.pcap,01_pcap/Thursday-15-02-2018/Thursday-15-02-2018_59.pcap
Thursday-15-02-2018,capDESKTOP-AN3U28N-172.31.67.13.pcap,Thursday-15-02-2018_60.pcap,01_pcap/Thursday-15-02-2018/capDESKTOP-AN3U28N-172.31.67.13.pcap,01_pcap/Thursday-15-02-2018/Thursday-15-02-2018_60.pcap
Thursday-15-02-2018,capDESKTOP-AN3U28N-172.31.67.15.pcap,Thursday-15-02-2018_61.pcap,01_pcap/Thursday-15-02-2018/capDESKTOP-AN3U28N-172.31.67.15.pcap,01_pcap/Thursday-15-02-2018/Thursday-15-02-2018_61.pcap
Thursday-15-02-2018,capDESKTOP-AN3U28N-172.31.67.21.pcap,Thursday-15-02-2018_62.pcap,01_pcap/Thursday-15-02-2018/capDESKTOP-AN3U28N-172.31.67.21.pcap,01_pcap/Thursday-15-02-2018/Thursday-15-02-2018_62.pcap
Thursday-15-02-2018,capDESKTOP-AN3U28N-172.31.67.28.pcap,Thursday-15-02-2018_63.pcap,01_pcap/Thursday-15-02-2018/capDESKTOP-AN3U28N-172.31.67.28.pcap,01_pcap/Thursday-15-02-2018/Thursday-15-02-2018_63.pcap
Thursday-15-02-2018,capDESKTOP-AN3U28N-172.31.67.32.pcap,Thursday-15-02-2018_64.pcap,01_pcap/Thursday-15-02-2018/capDESKTOP-AN3U28N-172.31.67.32.pcap,01_pcap/Thursday-15-02-2018/Thursday-15-02-2018_64.pcap
Thursday-15-02-2018,capDESKTOP-AN3U28N-172.31.67.41.pcap,Thursday-15-02-2018_65.pcap,01_pcap/Thursday-15-02-2018/capDESKTOP-AN3U28N-172.31.67.41.pcap,01_pcap/Thursday-15-02-2018/Thursday-15-02-2018_65.pcap
Thursday-15-02-2018,capDESKTOP-AN3U28N-172.31.67.46.pcap,Thursday-15-02-2018_66.pcap,01_pcap/Thursday-15-02-2018/capDESKTOP-AN3U28N-172.31.67.46.pcap,01_pcap/Thursday-15-02-2018/Thursday-15-02-2018_66.pcap
Thursday-15-02-2018,capDESKTOP-AN3U28N-172.31.67.50.pcap,Thursday-15-02-2018_67.pcap,01_pcap/Thursday-15-02-2018/capDESKTOP-AN3U28N-172.31.67.50.pcap,01_pcap/Thursday-15-02-2018/Thursday-15-02-2018_67.pcap
Thursday-15-02-2018,capDESKTOP-AN3U28N-172.31.67.54.pcap,Thursday-15-02-2018_68.pcap,01_pcap/Thursday-15-02-2018/capDESKTOP-AN3U28N-172.31.67.54.pcap,01_pcap/Thursday-15-02-2018/Thursday-15-02-2018_68.pcap
Thursday-15-02-2018,capDESKTOP-AN3U28N-172.31.67.80.pcap,Thursday-15-02-2018_69.pcap,01_pcap/Thursday-15-02-2018/capDESKTOP-AN3U28N-172.31.67.80.pcap,01_pcap/Thursday-15-02-2018/Thursday-15-02-2018_69.pcap
Thursday-15-02-2018,capDESKTOP-AN3U28N-172.31.67.81.pcap,Thursday-15-02-2018_70.pcap,01_pcap/Thursday-15-02-2018/capDESKTOP-AN3U28N-172.31.67.81.pcap,01_pcap/Thursday-15-02-2018/Thursday-15-02-2018_70.pcap
Thursday-15-02-2018,capDESKTOP-AN3U28N-172.31.67.82.pcap,Thursday-15-02-2018_71.pcap,01_pcap/Thursday-15-02-2018/capDESKTOP-AN3U28N-172.31.67.82.pcap,01_pcap/Thursday-15-02-2018/Thursday-15-02-2018_71.pcap
Thursday-15-02-2018,capDESKTOP-AN3U28N-172.31.67.86.pcap,Thursday-15-02-2018_72.pcap,01_pcap/Thursday-15-02-2018/capDESKTOP-AN3U28N-172.31.67.86.pcap,01_pcap/Thursday-15-02-2018/Thursday-15-02-2018_72.pcap
Thursday-15-02-2018,capDESKTOP-AN3U28N-172.31.67.94.pcap,Thursday-15-02-2018_73.pcap,01_pcap/Thursday-15-02-2018/capDESKTOP-AN3U28N-172.31.67.94.pcap,01_pcap/Thursday-15-02-2018/Thursday-15-02-2018_73.pcap
Thursday-15-02-2018,capDESKTOP-AN3U28N-172.31.67.101.pcap,Thursday-15-02-2018_74.pcap,01_pcap/Thursday-15-02-2018/capDESKTOP-AN3U28N-172.31.67.101.pcap,01_pcap/Thursday-15-02-2018/Thursday-15-02-2018_74.pcap
Thursday-15-02-2018,capDESKTOP-AN3U28N-172.31.67.116.pcap,Thursday-15-02-2018_75.pcap,01_pcap/Thursday-15-02-2018/capDESKTOP-AN3U28N-172.31.67.116.pcap,01_pcap/Thursday-15-02-2018/Thursday-15-02-2018_75.pcap
Thursday-15-02-2018,capDESKTOP-AN3U28N-172.31.67.119.pcap,Thursday-15-02-2018_76.pcap,01_pcap/Thursday-15-02-2018/capDESKTOP-AN3U28N-172.31.67.119.pcap,01_pcap/Thursday-15-02-2018/Thursday-15-02-2018_76.pcap
Thursday-15-02-2018,capDESKTOP-AN3U28N-172.31.67.125.pcap,Thursday-15-02-2018_77.pcap,01_pcap/Thursday-15-02-2018/capDESKTOP-AN3U28N-172.31.67.125.pcap,01_pcap/Thursday-15-02-2018/Thursday-15-02-2018_77.pcap
Thursday-15-02-2018,capEC2AMAZ-O4EL3NG-172.31.64.4.pcap,Thursday-15-02-2018_78.pcap,01_pcap/Thursday-15-02-2018/capEC2AMAZ-O4EL3NG-172.31.64.4.pcap,01_pcap/Thursday-15-02-2018/Thursday-15-02-2018_78.pcap
Thursday-15-02-2018,capEC2AMAZ-O4EL3NG-172.31.64.7.pcap,Thursday-15-02-2018_79.pcap,01_pcap/Thursday-15-02-2018/capEC2AMAZ-O4EL3NG-172.31.64.7.pcap,01_pcap/Thursday-15-02-2018/Thursday-15-02-2018_79.pcap
Thursday-15-02-2018,capEC2AMAZ-O4EL3NG-172.31.64.8.pcap,Thursday-15-02-2018_80.pcap,01_pcap/Thursday-15-02-2018/capEC2AMAZ-O4EL3NG-172.31.64.8.pcap,01_pcap/Thursday-15-02-2018/Thursday-15-02-2018_80.pcap
Thursday-15-02-2018,capEC2AMAZ-O4EL3NG-172.31.64.11.pcap,Thursday-15-02-2018_81.pcap,01_pcap/Thursday-15-02-2018/capEC2AMAZ-O4EL3NG-172.31.64.11.pcap,01_pcap/Thursday-15-02-2018/Thursday-15-02-2018_81.pcap
Thursday-15-02-2018,capEC2AMAZ-O4EL3NG-172.31.64.13.pcap,Thursday-15-02-2018_82.pcap,01_pcap/Thursday-15-02-2018/capEC2AMAZ-O4EL3NG-172.31.64.13.pcap,01_pcap/Thursday-15-02-2018/Thursday-15-02-2018_82.pcap
Thursday-15-02-2018,capEC2AMAZ-O4EL3NG-172.31.64.16.pcap,Thursday-15-02-2018_83.pcap,01_pcap/Thursday-15-02-2018/capEC2AMAZ-O4EL3NG-172.31.64.16.pcap,01_pcap/Thursday-15-02-2018/Thursday-15-02-2018_83.pcap
Thursday-15-02-2018,capEC2AMAZ-O4EL3NG-172.31.64.19.pcap,Thursday-15-02-2018_84.pcap,01_pcap/Thursday-15-02-2018/capEC2AMAZ-O4EL3NG-172.31.64.19.pcap,01_pcap/Thursday-15-02-2018/Thursday-15-02-2018_84.pcap
Thursday-15-02-2018,capEC2AMAZ-O4EL3NG-172.31.64.27.pcap,Thursday-15-02-2018_85.pcap,01_pcap/Thursday-15-02-2018/capEC2AMAZ-O4EL3NG-172.31.64.27.pcap,01_pcap/Thursday-15-02-2018/Thursday-15-02-2018_85.pcap
Thursday-15-02-2018,capEC2AMAZ-O4EL3NG-172.31.64.28.pcap,Thursday-15-02-2018_86.pcap,01_pcap/Thursday-15-02-2018/capEC2AMAZ-O4EL3NG-172.31.64.28.pcap,01_pcap/Thursday-15-02-2018/Thursday-15-02-2018_86.pcap
Thursday-15-02-2018,capEC2AMAZ-O4EL3NG-172.31.64.29.pcap,Thursday-15-02-2018_87.pcap,01_pcap/Thursday-15-02-2018/capEC2AMAZ-O4EL3NG-172.31.64.29.pcap,01_pcap/Thursday-15-02-2018/Thursday-15-02-2018_87.pcap
Thursday-15-02-2018,capEC2AMAZ-O4EL3NG-172.31.64.42.pcap,Thursday-15-02-2018_88.pcap,01_pcap/Thursday-15-02-2018/capEC2AMAZ-O4EL3NG-172.31.64.42.pcap,01_pcap/Thursday-15-02-2018/Thursday-15-02-2018_88.pcap
Thursday-15-02-2018,capEC2AMAZ-O4EL3NG-172.31.64.44.pcap,Thursday-15-02-2018_89.pcap,01_pcap/Thursday-15-02-2018/capEC2AMAZ-O4EL3NG-172.31.64.44.pcap,01_pcap/Thursday-15-02-2018/Thursday-15-02-2018_89.pcap
Thursday-15-02-2018,capEC2AMAZ-O4EL3NG-172.31.64.45.pcap,Thursday-15-02-2018_90.pcap,01_pcap/Thursday-15-02-2018/capEC2AMAZ-O4EL3NG-172.31.64.45.pcap,01_pcap/Thursday-15-02-2018/Thursday-15-02-2018_90.pcap
Thursday-15-02-2018,capEC2AMAZ-O4EL3NG-172.31.64.49.pcap,Thursday-15-02-2018_91.pcap,01_pcap/Thursday-15-02-2018/capEC2AMAZ-O4EL3NG-172.31.64.49.pcap,01_pcap/Thursday-15-02-2018/Thursday-15-02-2018_91.pcap
Thursday-15-02-2018,capEC2AMAZ-O4EL3NG-172.31.64.51.pcap,Thursday-15-02-2018_92.pcap,01_pcap/Thursday-15-02-2018/capEC2AMAZ-O4EL3NG-172.31.64.51.pcap,01_pcap/Thursday-15-02-2018/Thursday-15-02-2018_92.pcap
Thursday-15-02-2018,capEC2AMAZ-O4EL3NG-172.31.64.58.pcap,Thursday-15-02-2018_93.pcap,01_pcap/Thursday-15-02-2018/capEC2AMAZ-O4EL3NG-172.31.64.58.pcap,01_pcap/Thursday-15-02-2018/Thursday-15-02-2018_93.pcap
Thursday-15-02-2018,capEC2AMAZ-O4EL3NG-172.31.64.60.pcap,Thursday-15-02-2018_94.pcap,01_pcap/Thursday-15-02-2018/capEC2AMAZ-O4EL3NG-172.31.64.60.pcap,01_pcap/Thursday-15-02-2018/Thursday-15-02-2018_94.pcap
Thursday-15-02-2018,capEC2AMAZ-O4EL3NG-172.31.64.68.pcap,Thursday-15-02-2018_95.pcap,01_pcap/Thursday-15-02-2018/capEC2AMAZ-O4EL3NG-172.31.64.68.pcap,01_pcap/Thursday-15-02-2018/Thursday-15-02-2018_95.pcap
Thursday-15-02-2018,capEC2AMAZ-O4EL3NG-172.31.64.69.pcap,Thursday-15-02-2018_96.pcap,01_pcap/Thursday-15-02-2018/capEC2AMAZ-O4EL3NG-172.31.64.69.pcap,01_pcap/Thursday-15-02-2018/Thursday-15-02-2018_96.pcap
Thursday-15-02-2018,capEC2AMAZ-O4EL3NG-172.31.64.70.pcap,Thursday-15-02-2018_97.pcap,01_pcap/Thursday-15-02-2018/capEC2AMAZ-O4EL3NG-172.31.64.70.pcap,01_pcap/Thursday-15-02-2018/Thursday-15-02-2018_97.pcap
Thursday-15-02-2018,capEC2AMAZ-O4EL3NG-172.31.64.72.pcap,Thursday-15-02-2018_98.pcap,01_pcap/Thursday-15-02-2018/capEC2AMAZ-O4EL3NG-172.31.64.72.pcap,01_pcap/Thursday-15-02-2018/Thursday-15-02-2018_98.pcap
Thursday-15-02-2018,capEC2AMAZ-O4EL3NG-172.31.64.73.pcap,Thursday-15-02-2018_99.pcap,01_pcap/Thursday-15-02-2018/capEC2AMAZ-O4EL3NG-172.31.64.73.pcap,01_pcap/Thursday-15-02-2018/Thursday-15-02-2018_99.pcap
Thursday-15-02-2018,capEC2AMAZ-O4EL3NG-172.31.64.77.pcap,Thursday-15-02-2018_100.pcap,01_pcap/Thursday-15-02-2018/capEC2AMAZ-O4EL3NG-172.31.64.77.pcap,01_pcap/Thursday-15-02-2018/Thursday-15-02-2018_100.pcap
Thursday-15-02-2018,capEC2AMAZ-O4EL3NG-172.31.64.79.pcap,Thursday-15-02-2018_101.pcap,01_pcap/Thursday-15-02-2018/capEC2AMAZ-O4EL3NG-172.31.64.79.pcap,01_pcap/Thursday-15-02-2018/Thursday-15-02-2018_101.pcap
Thursday-15-02-2018,capEC2AMAZ-O4EL3NG-172.31.64.81.pcap,Thursday-15-02-2018_102.pcap,01_pcap/Thursday-15-02-2018/capEC2AMAZ-O4EL3NG-172.31.64.81.pcap,01_pcap/Thursday-15-02-2018/Thursday-15-02-2018_102.pcap
Thursday-15-02-2018,capEC2AMAZ-O4EL3NG-172.31.64.83.pcap,Thursday-15-02-2018_103.pcap,01_pcap/Thursday-15-02-2018/capEC2AMAZ-O4EL3NG-172.31.64.83.pcap,01_pcap/Thursday-15-02-2018/Thursday-15-02-2018_103.pcap
Thursday-15-02-2018,capEC2AMAZ-O4EL3NG-172.31.64.85.pcap,Thursday-15-02-2018_104.pcap,01_pcap/Thursday-15-02-2018/capEC2AMAZ-O4EL3NG-172.31.64.85.pcap,01_pcap/Thursday-15-02-2018/Thursday-15-02-2018_104.pcap
Thursday-15-02-2018,capEC2AMAZ-O4EL3NG-172.31.64.87.pcap,Thursday-15-02-2018_105.pcap,01_pcap/Thursday-15-02-2018/capEC2AMAZ-O4EL3NG-172.31.64.87.pcap,01_pcap/Thursday-15-02-2018/Thursday-15-02-2018_105.pcap
Thursday-15-02-2018,capEC2AMAZ-O4EL3NG-172.31.64.92.pcap,Thursday-15-02-2018_106.pcap,01_pcap/Thursday-15-02-2018/capEC2AMAZ-O4EL3NG-172.31.64.92.pcap,01_pcap/Thursday-15-02-2018/Thursday-15-02-2018_106.pcap
Thursday-15-02-2018,capEC2AMAZ-O4EL3NG-172.31.64.96.pcap,Thursday-15-02-2018_107.pcap,01_pcap/Thursday-15-02-2018/capEC2AMAZ-O4EL3NG-172.31.64.96.pcap,01_pcap/Thursday-15-02-2018/Thursday-15-02-2018_107.pcap
Thursday-15-02-2018,capEC2AMAZ-O4EL3NG-172.31.64.100.pcap,Thursday-15-02-2018_108.pcap,01_pcap/Thursday-15-02-2018/capEC2AMAZ-O4EL3NG-172.31.64.100.pcap,01_pcap/Thursday-15-02-2018/Thursday-15-02-2018_108.pcap
Thursday-15-02-2018,capEC2AMAZ-O4EL3NG-172.31.64.101.pcap,Thursday-15-02-2018_109.pcap,01_pcap/Thursday-15-02-2018/capEC2AMAZ-O4EL3NG-172.31.64.101.pcap,01_pcap/Thursday-15-02-2018/Thursday-15-02-2018_109.pcap
Thursday-15-02-2018,capEC2AMAZ-O4EL3NG-172.31.64.103.pcap,Thursday-15-02-2018_110.pcap,01_pcap/Thursday-15-02-2018/capEC2AMAZ-O4EL3NG-172.31.64.103.pcap,01_pcap/Thursday-15-02-2018/Thursday-15-02-2018_110.pcap
Thursday-15-02-2018,capEC2AMAZ-O4EL3NG-172.31.64.104.pcap,Thursday-15-02-2018_111.pcap,01_pcap/Thursday-15-02-2018/capEC2AMAZ-O4EL3NG-172.31.64.104.pcap,01_pcap/Thursday-15-02-2018/Thursday-15-02-2018_111.pcap
Thursday-15-02-2018,capEC2AMAZ-O4EL3NG-172.31.64.107.pcap,Thursday-15-02-2018_112.pcap,01_pcap/Thursday-15-02-2018/capEC2AMAZ-O4EL3NG-172.31.64.107.pcap,01_pcap/Thursday-15-02-2018/Thursday-15-02-2018_112.pcap
Thursday-15-02-2018,capEC2AMAZ-O4EL3NG-172.31.64.108.pcap,Thursday-15-02-2018_113.pcap,01_pcap/Thursday-15-02-2018/capEC2AMAZ-O4EL3NG-172.31.64.108.pcap,01_pcap/Thursday-15-02-2018/Thursday-15-02-2018_113.pcap
Thursday-15-02-2018,capEC2AMAZ-O4EL3NG-172.31.64.109.pcap,Thursday-15-02-2018_114.pcap,01_pcap/Thursday-15-02-2018/capEC2AMAZ-O4EL3NG-172.31.64.109.pcap,01_pcap/Thursday-15-02-2018/Thursday-15-02-2018_114.pcap
Thursday-15-02-2018,capEC2AMAZ-O4EL3NG-172.31.64.110.pcap,Thursday-15-02-2018_115.pcap,01_pcap/Thursday-15-02-2018/capEC2AMAZ-O4EL3NG-172.31.64.110.pcap,01_pcap/Thursday-15-02-2018/Thursday-15-02-2018_115.pcap
Thursday-15-02-2018,capEC2AMAZ-O4EL3NG-172.31.64.119.pcap,Thursday-15-02-2018_116.pcap,01_pcap/Thursday-15-02-2018/capEC2AMAZ-O4EL3NG-172.31.64.119.pcap,01_pcap/Thursday-15-02-2018/Thursday-15-02-2018_116.pcap
Thursday-15-02-2018,capEC2AMAZ-O4EL3NG-172.31.64.123.pcap,Thursday-15-02-2018_117.pcap,01_pcap/Thursday-15-02-2018/capEC2AMAZ-O4EL3NG-172.31.64.123.pcap,01_pcap/Thursday-15-02-2018/Thursday-15-02-2018_117.pcap
Thursday-15-02-2018,capEC2AMAZ-O4EL3NG-172.31.64.124.pcap,Thursday-15-02-2018_118.pcap,01_pcap/Thursday-15-02-2018/capEC2AMAZ-O4EL3NG-172.31.64.124.pcap,01_pcap/Thursday-15-02-2018/Thursday-15-02-2018_118.pcap
Thursday-15-02-2018,capEC2AMAZ-O4EL3NG-172.31.65.5.pcap,Thursday-15-02-2018_119.pcap,01_pcap/Thursday-15-02-2018/capEC2AMAZ-O4EL3NG-172.31.65.5.pcap,01_pcap/Thursday-15-02-2018/Thursday-15-02-2018_119.pcap
Thursday-15-02-2018,capEC2AMAZ-O4EL3NG-172.31.65.8.pcap,Thursday-15-02-2018_120.pcap,01_pcap/Thursday-15-02-2018/capEC2AMAZ-O4EL3NG-172.31.65.8.pcap,01_pcap/Thursday-15-02-2018/Thursday-15-02-2018_120.pcap
Thursday-15-02-2018,capEC2AMAZ-O4EL3NG-172.31.65.18.pcap,Thursday-15-02-2018_121.pcap,01_pcap/Thursday-15-02-2018/capEC2AMAZ-O4EL3NG-172.31.65.18.pcap,01_pcap/Thursday-15-02-2018/Thursday-15-02-2018_121.pcap
Thursday-15-02-2018,capEC2AMAZ-O4EL3NG-172.31.65.27.pcap,Thursday-15-02-2018_122.pcap,01_pcap/Thursday-15-02-2018/capEC2AMAZ-O4EL3NG-172.31.65.27.pcap,01_pcap/Thursday-15-02-2018/Thursday-15-02-2018_122.pcap
Thursday-15-02-2018,capEC2AMAZ-O4EL3NG-172.31.65.30.pcap,Thursday-15-02-2018_123.pcap,01_pcap/Thursday-15-02-2018/capEC2AMAZ-O4EL3NG-172.31.65.30.pcap,01_pcap/Thursday-15-02-2018/Thursday-15-02-2018_123.pcap
Thursday-15-02-2018,capEC2AMAZ-O4EL3NG-172.31.65.32.pcap,Thursday-15-02-2018_124.pcap,01_pcap/Thursday-15-02-2018/capEC2AMAZ-O4EL3NG-172.31.65.32.pcap,01_pcap/Thursday-15-02-2018/Thursday-15-02-2018_124.pcap
Thursday-15-02-2018,capEC2AMAZ-O4EL3NG-172.31.65.33.pcap,Thursday-15-02-2018_125.pcap,01_pcap/Thursday-15-02-2018/capEC2AMAZ-O4EL3NG-172.31.65.33.pcap,01_pcap/Thursday-15-02-2018/Thursday-15-02-2018_125.pcap
Thursday-15-02-2018,capEC2AMAZ-O4EL3NG-172.31.65.36.pcap,Thursday-15-02-2018_126.pcap,01_pcap/Thursday-15-02-2018/capEC2AMAZ-O4EL3NG-172.31.65.36.pcap,01_pcap/Thursday-15-02-2018/Thursday-15-02-2018_126.pcap
Thursday-15-02-2018,capEC2AMAZ-O4EL3NG-172.31.65.37.pcap,Thursday-15-02-2018_127.pcap,01_pcap/Thursday-15-02-2018/capEC2AMAZ-O4EL3NG-172.31.65.37.pcap,01_pcap/Thursday-15-02-2018/Thursday-15-02-2018_127.pcap
Thursday-15-02-2018,capEC2AMAZ-O4EL3NG-172.31.65.39.pcap,Thursday-15-02-2018_128.pcap,01_pcap/Thursday-15-02-2018/capEC2AMAZ-O4EL3NG-172.31.65.39.pcap,01_pcap/Thursday-15-02-2018/Thursday-15-02-2018_128.pcap
Thursday-15-02-2018,capEC2AMAZ-O4EL3NG-172.31.65.41.pcap,Thursday-15-02-2018_129.pcap,01_pcap/Thursday-15-02-2018/capEC2AMAZ-O4EL3NG-172.31.65.41.pcap,01_pcap/Thursday-15-02-2018/Thursday-15-02-2018_129.pcap
Thursday-15-02-2018,capEC2AMAZ-O4EL3NG-172.31.65.43.pcap,Thursday-15-02-2018_130.pcap,01_pcap/Thursday-15-02-2018/capEC2AMAZ-O4EL3NG-172.31.65.43.pcap,01_pcap/Thursday-15-02-2018/Thursday-15-02-2018_130.pcap
Thursday-15-02-2018,capEC2AMAZ-O4EL3NG-172.31.65.44.pcap,Thursday-15-02-2018_131.pcap,01_pcap/Thursday-15-02-2018/capEC2AMAZ-O4EL3NG-172.31.65.44.pcap,01_pcap/Thursday-15-02-2018/Thursday-15-02-2018_131.pcap
Thursday-15-02-2018,capEC2AMAZ-O4EL3NG-172.31.65.45.pcap,Thursday-15-02-2018_132.pcap,01_pcap/Thursday-15-02-2018/capEC2AMAZ-O4EL3NG-172.31.65.45.pcap,01_pcap/Thursday-15-02-2018/Thursday-15-02-2018_132.pcap
Thursday-15-02-2018,capEC2AMAZ-O4EL3NG-172.31.65.59.pcap,Thursday-15-02-2018_133.pcap,01_pcap/Thursday-15-02-2018/capEC2AMAZ-O4EL3NG-172.31.65.59.pcap,01_pcap/Thursday-15-02-2018/Thursday-15-02-2018_133.pcap
Thursday-15-02-2018,capEC2AMAZ-O4EL3NG-172.31.65.64.pcap,Thursday-15-02-2018_134.pcap,01_pcap/Thursday-15-02-2018/capEC2AMAZ-O4EL3NG-172.31.65.64.pcap,01_pcap/Thursday-15-02-2018/Thursday-15-02-2018_134.pcap
Thursday-15-02-2018,capEC2AMAZ-O4EL3NG-172.31.65.65.pcap,Thursday-15-02-2018_135.pcap,01_pcap/Thursday-15-02-2018/capEC2AMAZ-O4EL3NG-172.31.65.65.pcap,01_pcap/Thursday-15-02-2018/Thursday-15-02-2018_135.pcap
Thursday-15-02-2018,capEC2AMAZ-O4EL3NG-172.31.65.71.pcap,Thursday-15-02-2018_136.pcap,01_pcap/Thursday-15-02-2018/capEC2AMAZ-O4EL3NG-172.31.65.71.pcap,01_pcap/Thursday-15-02-2018/Thursday-15-02-2018_136.pcap
Thursday-15-02-2018,capEC2AMAZ-O4EL3NG-172.31.65.72.pcap,Thursday-15-02-2018_137.pcap,01_pcap/Thursday-15-02-2018/capEC2AMAZ-O4EL3NG-172.31.65.72.pcap,01_pcap/Thursday-15-02-2018/Thursday-15-02-2018_137.pcap
Thursday-15-02-2018,capEC2AMAZ-O4EL3NG-172.31.65.75.pcap,Thursday-15-02-2018_138.pcap,01_pcap/Thursday-15-02-2018/capEC2AMAZ-O4EL3NG-172.31.65.75.pcap,01_pcap/Thursday-15-02-2018/Thursday-15-02-2018_138.pcap
Thursday-15-02-2018,capEC2AMAZ-O4EL3NG-172.31.65.82.pcap,Thursday-15-02-2018_139.pcap,01_pcap/Thursday-15-02-2018/capEC2AMAZ-O4EL3NG-172.31.65.82.pcap,01_pcap/Thursday-15-02-2018/Thursday-15-02-2018_139.pcap
Thursday-15-02-2018,capEC2AMAZ-O4EL3NG-172.31.65.84.pcap,Thursday-15-02-2018_140.pcap,01_pcap/Thursday-15-02-2018/capEC2AMAZ-O4EL3NG-172.31.65.84.pcap,01_pcap/Thursday-15-02-2018/Thursday-15-02-2018_140.pcap
Thursday-15-02-2018,capEC2AMAZ-O4EL3NG-172.31.65.85.pcap,Thursday-15-02-2018_141.pcap,01_pcap/Thursday-15-02-2018/capEC2AMAZ-O4EL3NG-172.31.65.85.pcap,01_pcap/Thursday-15-02-2018/Thursday-15-02-2018_141.pcap
Thursday-15-02-2018,capEC2AMAZ-O4EL3NG-172.31.65.91.pcap,Thursday-15-02-2018_142.pcap,01_pcap/Thursday-15-02-2018/capEC2AMAZ-O4EL3NG-172.31.65.91.pcap,01_pcap/Thursday-15-02-2018/Thursday-15-02-2018_142.pcap
Thursday-15-02-2018,capEC2AMAZ-O4EL3NG-172.31.65.93.pcap,Thursday-15-02-2018_143.pcap,01_pcap/Thursday-15-02-2018/capEC2AMAZ-O4EL3NG-172.31.65.93.pcap,01_pcap/Thursday-15-02-2018/Thursday-15-02-2018_143.pcap
Thursday-15-02-2018,capEC2AMAZ-O4EL3NG-172.31.65.96.pcap,Thursday-15-02-2018_144.pcap,01_pcap/Thursday-15-02-2018/capEC2AMAZ-O4EL3NG-172.31.65.96.pcap,01_pcap/Thursday-15-02-2018/Thursday-15-02-2018_144.pcap
Thursday-15-02-2018,capEC2AMAZ-O4EL3NG-172.31.65.98.pcap,Thursday-15-02-2018_145.pcap,01_pcap/Thursday-15-02-2018/capEC2AMAZ-O4EL3NG-172.31.65.98.pcap,01_pcap/Thursday-15-02-2018/Thursday-15-02-2018_145.pcap
Thursday-15-02-2018,capEC2AMAZ-O4EL3NG-172.31.65.107.pcap,Thursday-15-02-2018_146.pcap,01_pcap/Thursday-15-02-2018/capEC2AMAZ-O4EL3NG-172.31.65.107.pcap,01_pcap/Thursday-15-02-2018/Thursday-15-02-2018_146.pcap
Thursday-15-02-2018,capEC2AMAZ-O4EL3NG-172.31.65.109.pcap,Thursday-15-02-2018_147.pcap,01_pcap/Thursday-15-02-2018/capEC2AMAZ-O4EL3NG-172.31.65.109.pcap,01_pcap/Thursday-15-02-2018/Thursday-15-02-2018_147.pcap
Thursday-15-02-2018,capEC2AMAZ-O4EL3NG-172.31.65.112.pcap,Thursday-15-02-2018_148.pcap,01_pcap/Thursday-15-02-2018/capEC2AMAZ-O4EL3NG-172.31.65.112.pcap,01_pcap/Thursday-15-02-2018/Thursday-15-02-2018_148.pcap
Thursday-15-02-2018,capEC2AMAZ-O4EL3NG-172.31.65.118.pcap,Thursday-15-02-2018_149.pcap,01_pcap/Thursday-15-02-2018/capEC2AMAZ-O4EL3NG-172.31.65.118.pcap,01_pcap/Thursday-15-02-2018/Thursday-15-02-2018_149.pcap
Thursday-15-02-2018,capEC2AMAZ-O4EL3NG-172.31.65.119.pcap,Thursday-15-02-2018_150.pcap,01_pcap/Thursday-15-02-2018/capEC2AMAZ-O4EL3NG-172.31.65.119.pcap,01_pcap/Thursday-15-02-2018/Thursday-15-02-2018_150.pcap
Thursday-15-02-2018,capEC2AMAZ-O4EL3NG-172.31.65.121.pcap,Thursday-15-02-2018_151.pcap,01_pcap/Thursday-15-02-2018/capEC2AMAZ-O4EL3NG-172.31.65.121.pcap,01_pcap/Thursday-15-02-2018/Thursday-15-02-2018_151.pcap
Thursday-15-02-2018,capEC2AMAZ-O4EL3NG-172.31.65.122.pcap,Thursday-15-02-2018_152.pcap,01_pcap/Thursday-15-02-2018/capEC2AMAZ-O4EL3NG-172.31.65.122.pcap,01_pcap/Thursday-15-02-2018/Thursday-15-02-2018_152.pcap
Thursday-15-02-2018,capEC2AMAZ-O4EL3NG-172.31.66.5.pcap,Thursday-15-02-2018_153.pcap,01_pcap/Thursday-15-02-2018/capEC2AMAZ-O4EL3NG-172.31.66.5.pcap,01_pcap/Thursday-15-02-2018/Thursday-15-02-2018_153.pcap
Thursday-15-02-2018,capEC2AMAZ-O4EL3NG-172.31.66.7.pcap,Thursday-15-02-2018_154.pcap,01_pcap/Thursday-15-02-2018/capEC2AMAZ-O4EL3NG-172.31.66.7.pcap,01_pcap/Thursday-15-02-2018/Thursday-15-02-2018_154.pcap
Thursday-15-02-2018,capEC2AMAZ-O4EL3NG-172.31.66.8.pcap,Thursday-15-02-2018_155.pcap,01_pcap/Thursday-15-02-2018/capEC2AMAZ-O4EL3NG-172.31.66.8.pcap,01_pcap/Thursday-15-02-2018/Thursday-15-02-2018_155.pcap
Thursday-15-02-2018,capEC2AMAZ-O4EL3NG-172.31.66.11.pcap,Thursday-15-02-2018_156.pcap,01_pcap/Thursday-15-02-2018/capEC2AMAZ-O4EL3NG-172.31.66.11.pcap,01_pcap/Thursday-15-02-2018/Thursday-15-02-2018_156.pcap
Thursday-15-02-2018,capEC2AMAZ-O4EL3NG-172.31.66.12.pcap,Thursday-15-02-2018_157.pcap,01_pcap/Thursday-15-02-2018/capEC2AMAZ-O4EL3NG-172.31.66.12.pcap,01_pcap/Thursday-15-02-2018/Thursday-15-02-2018_157.pcap
Thursday-15-02-2018,capEC2AMAZ-O4EL3NG-172.31.66.13.pcap,Thursday-15-02-2018_158.pcap,01_pcap/Thursday-15-02-2018/capEC2AMAZ-O4EL3NG-172.31.66.13.pcap,01_pcap/Thursday-15-02-2018/Thursday-15-02-2018_158.pcap
Thursday-15-02-2018,capEC2AMAZ-O4EL3NG-172.31.66.14.pcap,Thursday-15-02-2018_159.pcap,01_pcap/Thursday-15-02-2018/capEC2AMAZ-O4EL3NG-172.31.66.14.pcap,01_pcap/Thursday-15-02-2018/Thursday-15-02-2018_159.pcap
Thursday-15-02-2018,capEC2AMAZ-O4EL3NG-172.31.66.16.pcap,Thursday-15-02-2018_160.pcap,01_pcap/Thursday-15-02-2018/capEC2AMAZ-O4EL3NG-172.31.66.16.pcap,01_pcap/Thursday-15-02-2018/Thursday-15-02-2018_160.pcap
Thursday-15-02-2018,capEC2AMAZ-O4EL3NG-172.31.66.17.pcap,Thursday-15-02-2018_161.pcap,01_pcap/Thursday-15-02-2018/capEC2AMAZ-O4EL3NG-172.31.66.17.pcap,01_pcap/Thursday-15-02-2018/Thursday-15-02-2018_161.pcap
Thursday-15-02-2018,capEC2AMAZ-O4EL3NG-172.31.66.20.pcap,Thursday-15-02-2018_162.pcap,01_pcap/Thursday-15-02-2018/capEC2AMAZ-O4EL3NG-172.31.66.20.pcap,01_pcap/Thursday-15-02-2018/Thursday-15-02-2018_162.pcap
Thursday-15-02-2018,capEC2AMAZ-O4EL3NG-172.31.66.21.pcap,Thursday-15-02-2018_163.pcap,01_pcap/Thursday-15-02-2018/capEC2AMAZ-O4EL3NG-172.31.66.21.pcap,01_pcap/Thursday-15-02-2018/Thursday-15-02-2018_163.pcap
Thursday-15-02-2018,capEC2AMAZ-O4EL3NG-172.31.66.25.pcap,Thursday-15-02-2018_164.pcap,01_pcap/Thursday-15-02-2018/capEC2AMAZ-O4EL3NG-172.31.66.25.pcap,01_pcap/Thursday-15-02-2018/Thursday-15-02-2018_164.pcap
Thursday-15-02-2018,capEC2AMAZ-O4EL3NG-172.31.66.26.pcap,Thursday-15-02-2018_165.pcap,01_pcap/Thursday-15-02-2018/capEC2AMAZ-O4EL3NG-172.31.66.26.pcap,01_pcap/Thursday-15-02-2018/Thursday-15-02-2018_165.pcap
Thursday-15-02-2018,capEC2AMAZ-O4EL3NG-172.31.66.28.pcap,Thursday-15-02-2018_166.pcap,01_pcap/Thursday-15-02-2018/capEC2AMAZ-O4EL3NG-172.31.66.28.pcap,01_pcap/Thursday-15-02-2018/Thursday-15-02-2018_166.pcap
Thursday-15-02-2018,capEC2AMAZ-O4EL3NG-172.31.66.29.pcap,Thursday-15-02-2018_167.pcap,01_pcap/Thursday-15-02-2018/capEC2AMAZ-O4EL3NG-172.31.66.29.pcap,01_pcap/Thursday-15-02-2018/Thursday-15-02-2018_167.pcap
Thursday-15-02-2018,capEC2AMAZ-O4EL3NG-172.31.66.34.pcap,Thursday-15-02-2018_168.pcap,01_pcap/Thursday-15-02-2018/capEC2AMAZ-O4EL3NG-172.31.66.34.pcap,01_pcap/Thursday-15-02-2018/Thursday-15-02-2018_168.pcap
Thursday-15-02-2018,capEC2AMAZ-O4EL3NG-172.31.66.35.pcap,Thursday-15-02-2018_169.pcap,01_pcap/Thursday-15-02-2018/capEC2AMAZ-O4EL3NG-172.31.66.35.pcap,01_pcap/Thursday-15-02-2018/Thursday-15-02-2018_169.pcap
Thursday-15-02-2018,capEC2AMAZ-O4EL3NG-172.31.66.37.pcap,Thursday-15-02-2018_170.pcap,01_pcap/Thursday-15-02-2018/capEC2AMAZ-O4EL3NG-172.31.66.37.pcap,01_pcap/Thursday-15-02-2018/Thursday-15-02-2018_170.pcap
Thursday-15-02-2018,capEC2AMAZ-O4EL3NG-172.31.66.38.pcap,Thursday-15-02-2018_171.pcap,01_pcap/Thursday-15-02-2018/capEC2AMAZ-O4EL3NG-172.31.66.38.pcap,01_pcap/Thursday-15-02-2018/Thursday-15-02-2018_171.pcap
Thursday-15-02-2018,capEC2AMAZ-O4EL3NG-172.31.66.40.pcap,Thursday-15-02-2018_172.pcap,01_pcap/Thursday-15-02-2018/capEC2AMAZ-O4EL3NG-172.31.66.40.pcap,01_pcap/Thursday-15-02-2018/Thursday-15-02-2018_172.pcap
Thursday-15-02-2018,capEC2AMAZ-O4EL3NG-172.31.66.44.pcap,Thursday-15-02-2018_173.pcap,01_pcap/Thursday-15-02-2018/capEC2AMAZ-O4EL3NG-172.31.66.44.pcap,01_pcap/Thursday-15-02-2018/Thursday-15-02-2018_173.pcap
Thursday-15-02-2018,capEC2AMAZ-O4EL3NG-172.31.66.48.pcap,Thursday-15-02-2018_174.pcap,01_pcap/Thursday-15-02-2018/capEC2AMAZ-O4EL3NG-172.31.66.48.pcap,01_pcap/Thursday-15-02-2018/Thursday-15-02-2018_174.pcap
Thursday-15-02-2018,capEC2AMAZ-O4EL3NG-172.31.66.50.pcap,Thursday-15-02-2018_175.pcap,01_pcap/Thursday-15-02-2018/capEC2AMAZ-O4EL3NG-172.31.66.50.pcap,01_pcap/Thursday-15-02-2018/Thursday-15-02-2018_175.pcap
Thursday-15-02-2018,capEC2AMAZ-O4EL3NG-172.31.66.51.pcap,Thursday-15-02-2018_176.pcap,01_pcap/Thursday-15-02-2018/capEC2AMAZ-O4EL3NG-172.31.66.51.pcap,01_pcap/Thursday-15-02-2018/Thursday-15-02-2018_176.pcap
Thursday-15-02-2018,capEC2AMAZ-O4EL3NG-172.31.66.53.pcap,Thursday-15-02-2018_177.pcap,01_pcap/Thursday-15-02-2018/capEC2AMAZ-O4EL3NG-172.31.66.53.pcap,01_pcap/Thursday-15-02-2018/Thursday-15-02-2018_177.pcap
Thursday-15-02-2018,capEC2AMAZ-O4EL3NG-172.31.66.55.pcap,Thursday-15-02-2018_178.pcap,01_pcap/Thursday-15-02-2018/capEC2AMAZ-O4EL3NG-172.31.66.55.pcap,01_pcap/Thursday-15-02-2018/Thursday-15-02-2018_178.pcap
Thursday-15-02-2018,capEC2AMAZ-O4EL3NG-172.31.66.56.pcap,Thursday-15-02-2018_179.pcap,01_pcap/Thursday-15-02-2018/capEC2AMAZ-O4EL3NG-172.31.66.56.pcap,01_pcap/Thursday-15-02-2018/Thursday-15-02-2018_179.pcap
Thursday-15-02-2018,capEC2AMAZ-O4EL3NG-172.31.66.57.pcap,Thursday-15-02-2018_180.pcap,01_pcap/Thursday-15-02-2018/capEC2AMAZ-O4EL3NG-172.31.66.57.pcap,01_pcap/Thursday-15-02-2018/Thursday-15-02-2018_180.pcap
Thursday-15-02-2018,capEC2AMAZ-O4EL3NG-172.31.66.60.pcap,Thursday-15-02-2018_181.pcap,01_pcap/Thursday-15-02-2018/capEC2AMAZ-O4EL3NG-172.31.66.60.pcap,01_pcap/Thursday-15-02-2018/Thursday-15-02-2018_181.pcap
Thursday-15-02-2018,capEC2AMAZ-O4EL3NG-172.31.66.61.pcap,Thursday-15-02-2018_182.pcap,01_pcap/Thursday-15-02-2018/capEC2AMAZ-O4EL3NG-172.31.66.61.pcap,01_pcap/Thursday-15-02-2018/Thursday-15-02-2018_182.pcap
Thursday-15-02-2018,capEC2AMAZ-O4EL3NG-172.31.66.64.pcap,Thursday-15-02-2018_183.pcap,01_pcap/Thursday-15-02-2018/capEC2AMAZ-O4EL3NG-172.31.66.64.pcap,01_pcap/Thursday-15-02-2018/Thursday-15-02-2018_183.pcap
Thursday-15-02-2018,capEC2AMAZ-O4EL3NG-172.31.66.65.pcap,Thursday-15-02-2018_184.pcap,01_pcap/Thursday-15-02-2018/capEC2AMAZ-O4EL3NG-172.31.66.65.pcap,01_pcap/Thursday-15-02-2018/Thursday-15-02-2018_184.pcap
Thursday-15-02-2018,capEC2AMAZ-O4EL3NG-172.31.66.66.pcap,Thursday-15-02-2018_185.pcap,01_pcap/Thursday-15-02-2018/capEC2AMAZ-O4EL3NG-172.31.66.66.pcap,01_pcap/Thursday-15-02-2018/Thursday-15-02-2018_185.pcap
Thursday-15-02-2018,capEC2AMAZ-O4EL3NG-172.31.66.68.pcap,Thursday-15-02-2018_186.pcap,01_pcap/Thursday-15-02-2018/capEC2AMAZ-O4EL3NG-172.31.66.68.pcap,01_pcap/Thursday-15-02-2018/Thursday-15-02-2018_186.pcap
Thursday-15-02-2018,capEC2AMAZ-O4EL3NG-172.31.66.70.pcap,Thursday-15-02-2018_187.pcap,01_pcap/Thursday-15-02-2018/capEC2AMAZ-O4EL3NG-172.31.66.70.pcap,01_pcap/Thursday-15-02-2018/Thursday-15-02-2018_187.pcap
Thursday-15-02-2018,capEC2AMAZ-O4EL3NG-172.31.66.71.pcap,Thursday-15-02-2018_188.pcap,01_pcap/Thursday-15-02-2018/capEC2AMAZ-O4EL3NG-172.31.66.71.pcap,01_pcap/Thursday-15-02-2018/Thursday-15-02-2018_188.pcap
Thursday-15-02-2018,capEC2AMAZ-O4EL3NG-172.31.66.73.pcap,Thursday-15-02-2018_189.pcap,01_pcap/Thursday-15-02-2018/capEC2AMAZ-O4EL3NG-172.31.66.73.pcap,01_pcap/Thursday-15-02-2018/Thursday-15-02-2018_189.pcap
Thursday-15-02-2018,capEC2AMAZ-O4EL3NG-172.31.66.74.pcap,Thursday-15-02-2018_190.pcap,01_pcap/Thursday-15-02-2018/capEC2AMAZ-O4EL3NG-172.31.66.74.pcap,01_pcap/Thursday-15-02-2018/Thursday-15-02-2018_190.pcap
Thursday-15-02-2018,capEC2AMAZ-O4EL3NG-172.31.66.75.pcap,Thursday-15-02-2018_191.pcap,01_pcap/Thursday-15-02-2018/capEC2AMAZ-O4EL3NG-172.31.66.75.pcap,01_pcap/Thursday-15-02-2018/Thursday-15-02-2018_191.pcap
Thursday-15-02-2018,capEC2AMAZ-O4EL3NG-172.31.66.77.pcap,Thursday-15-02-2018_192.pcap,01_pcap/Thursday-15-02-2018/capEC2AMAZ-O4EL3NG-172.31.66.77.pcap,01_pcap/Thursday-15-02-2018/Thursday-15-02-2018_192.pcap
Thursday-15-02-2018,capEC2AMAZ-O4EL3NG-172.31.66.78.pcap,Thursday-15-02-2018_193.pcap,01_pcap/Thursday-15-02-2018/capEC2AMAZ-O4EL3NG-172.31.66.78.pcap,01_pcap/Thursday-15-02-2018/Thursday-15-02-2018_193.pcap
Thursday-15-02-2018,capEC2AMAZ-O4EL3NG-172.31.66.80.pcap,Thursday-15-02-2018_194.pcap,01_pcap/Thursday-15-02-2018/capEC2AMAZ-O4EL3NG-172.31.66.80.pcap,01_pcap/Thursday-15-02-2018/Thursday-15-02-2018_194.pcap
Thursday-15-02-2018,capEC2AMAZ-O4EL3NG-172.31.66.81.pcap,Thursday-15-02-2018_195.pcap,01_pcap/Thursday-15-02-2018/capEC2AMAZ-O4EL3NG-172.31.66.81.pcap,01_pcap/Thursday-15-02-2018/Thursday-15-02-2018_195.pcap
Thursday-15-02-2018,capEC2AMAZ-O4EL3NG-172.31.66.84.pcap,Thursday-15-02-2018_196.pcap,01_pcap/Thursday-15-02-2018/capEC2AMAZ-O4EL3NG-172.31.66.84.pcap,01_pcap/Thursday-15-02-2018/Thursday-15-02-2018_196.pcap
Thursday-15-02-2018,capEC2AMAZ-O4EL3NG-172.31.66.86.pcap,Thursday-15-02-2018_197.pcap,01_pcap/Thursday-15-02-2018/capEC2AMAZ-O4EL3NG-172.31.66.86.pcap,01_pcap/Thursday-15-02-2018/Thursday-15-02-2018_197.pcap
Thursday-15-02-2018,capEC2AMAZ-O4EL3NG-172.31.66.87.pcap,Thursday-15-02-2018_198.pcap,01_pcap/Thursday-15-02-2018/capEC2AMAZ-O4EL3NG-172.31.66.87.pcap,01_pcap/Thursday-15-02-2018/Thursday-15-02-2018_198.pcap
Thursday-15-02-2018,capEC2AMAZ-O4EL3NG-172.31.66.91.pcap,Thursday-15-02-2018_199.pcap,01_pcap/Thursday-15-02-2018/capEC2AMAZ-O4EL3NG-172.31.66.91.pcap,01_pcap/Thursday-15-02-2018/Thursday-15-02-2018_199.pcap
Thursday-15-02-2018,capEC2AMAZ-O4EL3NG-172.31.66.94.pcap,Thursday-15-02-2018_200.pcap,01_pcap/Thursday-15-02-2018/capEC2AMAZ-O4EL3NG-172.31.66.94.pcap,01_pcap/Thursday-15-02-2018/Thursday-15-02-2018_200.pcap
Thursday-15-02-2018,capEC2AMAZ-O4EL3NG-172.31.66.95.pcap,Thursday-15-02-2018_201.pcap,01_pcap/Thursday-15-02-2018/capEC2AMAZ-O4EL3NG-172.31.66.95.pcap,01_pcap/Thursday-15-02-2018/Thursday-15-02-2018_201.pcap
Thursday-15-02-2018,capEC2AMAZ-O4EL3NG-172.31.66.97.pcap,Thursday-15-02-2018_202.pcap,01_pcap/Thursday-15-02-2018/capEC2AMAZ-O4EL3NG-172.31.66.97.pcap,01_pcap/Thursday-15-02-2018/Thursday-15-02-2018_202.pcap
Thursday-15-02-2018,capEC2AMAZ-O4EL3NG-172.31.66.98.pcap,Thursday-15-02-2018_203.pcap,01_pcap/Thursday-15-02-2018/capEC2AMAZ-O4EL3NG-172.31.66.98.pcap,01_pcap/Thursday-15-02-2018/Thursday-15-02-2018_203.pcap
Thursday-15-02-2018,capEC2AMAZ-O4EL3NG-172.31.66.105.pcap,Thursday-15-02-2018_204.pcap,01_pcap/Thursday-15-02-2018/capEC2AMAZ-O4EL3NG-172.31.66.105.pcap,01_pcap/Thursday-15-02-2018/Thursday-15-02-2018_204.pcap
Thursday-15-02-2018,capEC2AMAZ-O4EL3NG-172.31.66.107.pcap,Thursday-15-02-2018_205.pcap,01_pcap/Thursday-15-02-2018/capEC2AMAZ-O4EL3NG-172.31.66.107.pcap,01_pcap/Thursday-15-02-2018/Thursday-15-02-2018_205.pcap
Thursday-15-02-2018,capEC2AMAZ-O4EL3NG-172.31.66.108.pcap,Thursday-15-02-2018_206.pcap,01_pcap/Thursday-15-02-2018/capEC2AMAZ-O4EL3NG-172.31.66.108.pcap,01_pcap/Thursday-15-02-2018/Thursday-15-02-2018_206.pcap
Thursday-15-02-2018,capEC2AMAZ-O4EL3NG-172.31.66.109.pcap,Thursday-15-02-2018_207.pcap,01_pcap/Thursday-15-02-2018/capEC2AMAZ-O4EL3NG-172.31.66.109.pcap,01_pcap/Thursday-15-02-2018/Thursday-15-02-2018_207.pcap
Thursday-15-02-2018,capEC2AMAZ-O4EL3NG-172.31.66.113.pcap,Thursday-15-02-2018_208.pcap,01_pcap/Thursday-15-02-2018/capEC2AMAZ-O4EL3NG-172.31.66.113.pcap,01_pcap/Thursday-15-02-2018/Thursday-15-02-2018_208.pcap
Thursday-15-02-2018,capEC2AMAZ-O4EL3NG-172.31.66.116.pcap,Thursday-15-02-2018_209.pcap,01_pcap/Thursday-15-02-2018/capEC2AMAZ-O4EL3NG-172.31.66.116.pcap,01_pcap/Thursday-15-02-2018/Thursday-15-02-2018_209.pcap
Thursday-15-02-2018,capEC2AMAZ-O4EL3NG-172.31.66.119.pcap,Thursday-15-02-2018_210.pcap,01_pcap/Thursday-15-02-2018/capEC2AMAZ-O4EL3NG-172.31.66.119.pcap,01_pcap/Thursday-15-02-2018/Thursday-15-02-2018_210.pcap
Thursday-15-02-2018,capEC2AMAZ-O4EL3NG-172.31.66.122.pcap,Thursday-15-02-2018_211.pcap,01_pcap/Thursday-15-02-2018/capEC2AMAZ-O4EL3NG-172.31.66.122.pcap,01_pcap/Thursday-15-02-2018/Thursday-15-02-2018_211.pcap
Thursday-15-02-2018,capEC2AMAZ-O4EL3NG-172.31.66.124.pcap,Thursday-15-02-2018_212.pcap,01_pcap/Thursday-15-02-2018/capEC2AMAZ-O4EL3NG-172.31.66.124.pcap,01_pcap/Thursday-15-02-2018/Thursday-15-02-2018_212.pcap
Thursday-15-02-2018,capEC2AMAZ-O4EL3NG-172.31.67.6.pcap,Thursday-15-02-2018_213.pcap,01_pcap/Thursday-15-02-2018/capEC2AMAZ-O4EL3NG-172.31.67.6.pcap,01_pcap/Thursday-15-02-2018/Thursday-15-02-2018_213.pcap
Thursday-15-02-2018,capEC2AMAZ-O4EL3NG-172.31.67.7.pcap,Thursday-15-02-2018_214.pcap,01_pcap/Thursday-15-02-2018/capEC2AMAZ-O4EL3NG-172.31.67.7.pcap,01_pcap/Thursday-15-02-2018/Thursday-15-02-2018_214.pcap
Thursday-15-02-2018,capEC2AMAZ-O4EL3NG-172.31.67.12.pcap,Thursday-15-02-2018_215.pcap,01_pcap/Thursday-15-02-2018/capEC2AMAZ-O4EL3NG-172.31.67.12.pcap,01_pcap/Thursday-15-02-2018/Thursday-15-02-2018_215.pcap
Thursday-15-02-2018,capEC2AMAZ-O4EL3NG-172.31.67.16.pcap,Thursday-15-02-2018_216.pcap,01_pcap/Thursday-15-02-2018/capEC2AMAZ-O4EL3NG-172.31.67.16.pcap,01_pcap/Thursday-15-02-2018/Thursday-15-02-2018_216.pcap
Thursday-15-02-2018,capEC2AMAZ-O4EL3NG-172.31.67.17.pcap,Thursday-15-02-2018_217.pcap,01_pcap/Thursday-15-02-2018/capEC2AMAZ-O4EL3NG-172.31.67.17.pcap,01_pcap/Thursday-15-02-2018/Thursday-15-02-2018_217.pcap
Thursday-15-02-2018,capEC2AMAZ-O4EL3NG-172.31.67.18.pcap,Thursday-15-02-2018_218.pcap,01_pcap/Thursday-15-02-2018/capEC2AMAZ-O4EL3NG-172.31.67.18.pcap,01_pcap/Thursday-15-02-2018/Thursday-15-02-2018_218.pcap
Thursday-15-02-2018,capEC2AMAZ-O4EL3NG-172.31.67.20.pcap,Thursday-15-02-2018_219.pcap,01_pcap/Thursday-15-02-2018/capEC2AMAZ-O4EL3NG-172.31.67.20.pcap,01_pcap/Thursday-15-02-2018/Thursday-15-02-2018_219.pcap
Thursday-15-02-2018,capEC2AMAZ-O4EL3NG-172.31.67.24.pcap,Thursday-15-02-2018_220.pcap,01_pcap/Thursday-15-02-2018/capEC2AMAZ-O4EL3NG-172.31.67.24.pcap,01_pcap/Thursday-15-02-2018/Thursday-15-02-2018_220.pcap
Thursday-15-02-2018,capEC2AMAZ-O4EL3NG-172.31.67.29.pcap,Thursday-15-02-2018_221.pcap,01_pcap/Thursday-15-02-2018/capEC2AMAZ-O4EL3NG-172.31.67.29.pcap,01_pcap/Thursday-15-02-2018/Thursday-15-02-2018_221.pcap
Thursday-15-02-2018,capEC2AMAZ-O4EL3NG-172.31.67.31.pcap,Thursday-15-02-2018_222.pcap,01_pcap/Thursday-15-02-2018/capEC2AMAZ-O4EL3NG-172.31.67.31.pcap,01_pcap/Thursday-15-02-2018/Thursday-15-02-2018_222.pcap
Thursday-15-02-2018,capEC2AMAZ-O4EL3NG-172.31.67.37.pcap,Thursday-15-02-2018_223.pcap,01_pcap/Thursday-15-02-2018/capEC2AMAZ-O4EL3NG-172.31.67.37.pcap,01_pcap/Thursday-15-02-2018/Thursday-15-02-2018_223.pcap
Thursday-15-02-2018,capEC2AMAZ-O4EL3NG-172.31.67.38.pcap,Thursday-15-02-2018_224.pcap,01_pcap/Thursday-15-02-2018/capEC2AMAZ-O4EL3NG-172.31.67.38.pcap,01_pcap/Thursday-15-02-2018/Thursday-15-02-2018_224.pcap
Thursday-15-02-2018,capEC2AMAZ-O4EL3NG-172.31.67.42.pcap,Thursday-15-02-2018_225.pcap,01_pcap/Thursday-15-02-2018/capEC2AMAZ-O4EL3NG-172.31.67.42.pcap,01_pcap/Thursday-15-02-2018/Thursday-15-02-2018_225.pcap
Thursday-15-02-2018,capEC2AMAZ-O4EL3NG-172.31.67.45.pcap,Thursday-15-02-2018_226.pcap,01_pcap/Thursday-15-02-2018/capEC2AMAZ-O4EL3NG-172.31.67.45.pcap,01_pcap/Thursday-15-02-2018/Thursday-15-02-2018_226.pcap
Thursday-15-02-2018,capEC2AMAZ-O4EL3NG-172.31.67.47.pcap,Thursday-15-02-2018_227.pcap,01_pcap/Thursday-15-02-2018/capEC2AMAZ-O4EL3NG-172.31.67.47.pcap,01_pcap/Thursday-15-02-2018/Thursday-15-02-2018_227.pcap
Thursday-15-02-2018,capEC2AMAZ-O4EL3NG-172.31.67.48.pcap,Thursday-15-02-2018_228.pcap,01_pcap/Thursday-15-02-2018/capEC2AMAZ-O4EL3NG-172.31.67.48.pcap,01_pcap/Thursday-15-02-2018/Thursday-15-02-2018_228.pcap
Thursday-15-02-2018,capEC2AMAZ-O4EL3NG-172.31.67.52.pcap,Thursday-15-02-2018_229.pcap,01_pcap/Thursday-15-02-2018/capEC2AMAZ-O4EL3NG-172.31.67.52.pcap,01_pcap/Thursday-15-02-2018/Thursday-15-02-2018_229.pcap
Thursday-15-02-2018,capEC2AMAZ-O4EL3NG-172.31.67.53.pcap,Thursday-15-02-2018_230.pcap,01_pcap/Thursday-15-02-2018/capEC2AMAZ-O4EL3NG-172.31.67.53.pcap,01_pcap/Thursday-15-02-2018/Thursday-15-02-2018_230.pcap
Thursday-15-02-2018,capEC2AMAZ-O4EL3NG-172.31.67.57.pcap,Thursday-15-02-2018_231.pcap,01_pcap/Thursday-15-02-2018/capEC2AMAZ-O4EL3NG-172.31.67.57.pcap,01_pcap/Thursday-15-02-2018/Thursday-15-02-2018_231.pcap
Thursday-15-02-2018,capEC2AMAZ-O4EL3NG-172.31.67.58.pcap,Thursday-15-02-2018_232.pcap,01_pcap/Thursday-15-02-2018/capEC2AMAZ-O4EL3NG-172.31.67.58.pcap,01_pcap/Thursday-15-02-2018/Thursday-15-02-2018_232.pcap
Thursday-15-02-2018,capEC2AMAZ-O4EL3NG-172.31.67.60.pcap,Thursday-15-02-2018_233.pcap,01_pcap/Thursday-15-02-2018/capEC2AMAZ-O4EL3NG-172.31.67.60.pcap,01_pcap/Thursday-15-02-2018/Thursday-15-02-2018_233.pcap
Thursday-15-02-2018,capEC2AMAZ-O4EL3NG-172.31.67.61.pcap,Thursday-15-02-2018_234.pcap,01_pcap/Thursday-15-02-2018/capEC2AMAZ-O4EL3NG-172.31.67.61.pcap,01_pcap/Thursday-15-02-2018/Thursday-15-02-2018_234.pcap
Thursday-15-02-2018,capEC2AMAZ-O4EL3NG-172.31.67.64.pcap,Thursday-15-02-2018_235.pcap,01_pcap/Thursday-15-02-2018/capEC2AMAZ-O4EL3NG-172.31.67.64.pcap,01_pcap/Thursday-15-02-2018/Thursday-15-02-2018_235.pcap
Thursday-15-02-2018,capEC2AMAZ-O4EL3NG-172.31.67.66.pcap,Thursday-15-02-2018_236.pcap,01_pcap/Thursday-15-02-2018/capEC2AMAZ-O4EL3NG-172.31.67.66.pcap,01_pcap/Thursday-15-02-2018/Thursday-15-02-2018_236.pcap
Thursday-15-02-2018,capEC2AMAZ-O4EL3NG-172.31.67.67.pcap,Thursday-15-02-2018_237.pcap,01_pcap/Thursday-15-02-2018/capEC2AMAZ-O4EL3NG-172.31.67.67.pcap,01_pcap/Thursday-15-02-2018/Thursday-15-02-2018_237.pcap
Thursday-15-02-2018,capEC2AMAZ-O4EL3NG-172.31.67.73.pcap,Thursday-15-02-2018_238.pcap,01_pcap/Thursday-15-02-2018/capEC2AMAZ-O4EL3NG-172.31.67.73.pcap,01_pcap/Thursday-15-02-2018/Thursday-15-02-2018_238.pcap
Thursday-15-02-2018,capEC2AMAZ-O4EL3NG-172.31.67.75.pcap,Thursday-15-02-2018_239.pcap,01_pcap/Thursday-15-02-2018/capEC2AMAZ-O4EL3NG-172.31.67.75.pcap,01_pcap/Thursday-15-02-2018/Thursday-15-02-2018_239.pcap
Thursday-15-02-2018,capEC2AMAZ-O4EL3NG-172.31.67.77.pcap,Thursday-15-02-2018_240.pcap,01_pcap/Thursday-15-02-2018/capEC2AMAZ-O4EL3NG-172.31.67.77.pcap,01_pcap/Thursday-15-02-2018/Thursday-15-02-2018_240.pcap
Thursday-15-02-2018,capEC2AMAZ-O4EL3NG-172.31.67.91.pcap,Thursday-15-02-2018_241.pcap,01_pcap/Thursday-15-02-2018/capEC2AMAZ-O4EL3NG-172.31.67.91.pcap,01_pcap/Thursday-15-02-2018/Thursday-15-02-2018_241.pcap
Thursday-15-02-2018,capEC2AMAZ-O4EL3NG-172.31.67.92.pcap,Thursday-15-02-2018_242.pcap,01_pcap/Thursday-15-02-2018/capEC2AMAZ-O4EL3NG-172.31.67.92.pcap,01_pcap/Thursday-15-02-2018/Thursday-15-02-2018_242.pcap
Thursday-15-02-2018,capEC2AMAZ-O4EL3NG-172.31.67.96.pcap,Thursday-15-02-2018_243.pcap,01_pcap/Thursday-15-02-2018/capEC2AMAZ-O4EL3NG-172.31.67.96.pcap,01_pcap/Thursday-15-02-2018/Thursday-15-02-2018_243.pcap
Thursday-15-02-2018,capEC2AMAZ-O4EL3NG-172.31.67.99.pcap,Thursday-15-02-2018_244.pcap,01_pcap/Thursday-15-02-2018/capEC2AMAZ-O4EL3NG-172.31.67.99.pcap,01_pcap/Thursday-15-02-2018/Thursday-15-02-2018_244.pcap
Thursday-15-02-2018,capEC2AMAZ-O4EL3NG-172.31.67.100.pcap,Thursday-15-02-2018_245.pcap,01_pcap/Thursday-15-02-2018/capEC2AMAZ-O4EL3NG-172.31.67.100.pcap,01_pcap/Thursday-15-02-2018/Thursday-15-02-2018_245.pcap
Thursday-15-02-2018,capEC2AMAZ-O4EL3NG-172.31.67.112.pcap,Thursday-15-02-2018_246.pcap,01_pcap/Thursday-15-02-2018/capEC2AMAZ-O4EL3NG-172.31.67.112.pcap,01_pcap/Thursday-15-02-2018/Thursday-15-02-2018_246.pcap
Thursday-15-02-2018,capEC2AMAZ-O4EL3NG-172.31.67.113.pcap,Thursday-15-02-2018_247.pcap,01_pcap/Thursday-15-02-2018/capEC2AMAZ-O4EL3NG-172.31.67.113.pcap,01_pcap/Thursday-15-02-2018/Thursday-15-02-2018_247.pcap
Thursday-15-02-2018,capEC2AMAZ-O4EL3NG-172.31.67.115.pcap,Thursday-15-02-2018_248.pcap,01_pcap/Thursday-15-02-2018/capEC2AMAZ-O4EL3NG-172.31.67.115.pcap,01_pcap/Thursday-15-02-2018/Thursday-15-02-2018_248.pcap
Thursday-15-02-2018,capEC2AMAZ-O4EL3NG-172.31.67.117.pcap,Thursday-15-02-2018_249.pcap,01_pcap/Thursday-15-02-2018/capEC2AMAZ-O4EL3NG-172.31.67.117.pcap,01_pcap/Thursday-15-02-2018/Thursday-15-02-2018_249.pcap
Thursday-15-02-2018,capEC2AMAZ-O4EL3NG-172.31.67.120.pcap,Thursday-15-02-2018_250.pcap,01_pcap/Thursday-15-02-2018/capEC2AMAZ-O4EL3NG-172.31.67.120.pcap,01_pcap/Thursday-15-02-2018/Thursday-15-02-2018_250.pcap
Thursday-15-02-2018,capEC2AMAZ-O4EL3NG-172.31.67.122.pcap,Thursday-15-02-2018_251.pcap,01_pcap/Thursday-15-02-2018/capEC2AMAZ-O4EL3NG-172.31.67.122.pcap,01_pcap/Thursday-15-02-2018/Thursday-15-02-2018_251.pcap
Thursday-15-02-2018,capEC2AMAZ-O4EL3NG-172.31.67.126.pcap,Thursday-15-02-2018_252.pcap,01_pcap/Thursday-15-02-2018/capEC2AMAZ-O4EL3NG-172.31.67.126.pcap,01_pcap/Thursday-15-02-2018/Thursday-15-02-2018_252.pcap
Thursday-15-02-2018,capEC2AMAZ-O4EL3NG-172.31.68.4.pcap,Thursday-15-02-2018_253.pcap,01_pcap/Thursday-15-02-2018/capEC2AMAZ-O4EL3NG-172.31.68.4.pcap,01_pcap/Thursday-15-02-2018/Thursday-15-02-2018_253.pcap
Thursday-15-02-2018,capEC2AMAZ-O4EL3NG-172.31.68.5.pcap,Thursday-15-02-2018_254.pcap,01_pcap/Thursday-15-02-2018/capEC2AMAZ-O4EL3NG-172.31.68.5.pcap,01_pcap/Thursday-15-02-2018/Thursday-15-02-2018_254.pcap
Thursday-15-02-2018,capEC2AMAZ-O4EL3NG-172.31.68.6.pcap,Thursday-15-02-2018_255.pcap,01_pcap/Thursday-15-02-2018/capEC2AMAZ-O4EL3NG-172.31.68.6.pcap,01_pcap/Thursday-15-02-2018/Thursday-15-02-2018_255.pcap
Thursday-15-02-2018,capEC2AMAZ-O4EL3NG-172.31.68.8.pcap,Thursday-15-02-2018_256.pcap,01_pcap/Thursday-15-02-2018/capEC2AMAZ-O4EL3NG-172.31.68.8.pcap,01_pcap/Thursday-15-02-2018/Thursday-15-02-2018_256.pcap
Thursday-15-02-2018,capEC2AMAZ-O4EL3NG-172.31.68.9.pcap,Thursday-15-02-2018_257.pcap,01_pcap/Thursday-15-02-2018/capEC2AMAZ-O4EL3NG-172.31.68.9.pcap,01_pcap/Thursday-15-02-2018/Thursday-15-02-2018_257.pcap
Thursday-15-02-2018,capEC2AMAZ-O4EL3NG-172.31.68.10.pcap,Thursday-15-02-2018_258.pcap,01_pcap/Thursday-15-02-2018/capEC2AMAZ-O4EL3NG-172.31.68.10.pcap,01_pcap/Thursday-15-02-2018/Thursday-15-02-2018_258.pcap
Thursday-15-02-2018,capEC2AMAZ-O4EL3NG-172.31.68.11.pcap,Thursday-15-02-2018_259.pcap,01_pcap/Thursday-15-02-2018/capEC2AMAZ-O4EL3NG-172.31.68.11.pcap,01_pcap/Thursday-15-02-2018/Thursday-15-02-2018_259.pcap
Thursday-15-02-2018,capEC2AMAZ-O4EL3NG-172.31.68.12.pcap,Thursday-15-02-2018_260.pcap,01_pcap/Thursday-15-02-2018/capEC2AMAZ-O4EL3NG-172.31.68.12.pcap,01_pcap/Thursday-15-02-2018/Thursday-15-02-2018_260.pcap
Thursday-15-02-2018,capEC2AMAZ-O4EL3NG-172.31.68.13.pcap,Thursday-15-02-2018_261.pcap,01_pcap/Thursday-15-02-2018/capEC2AMAZ-O4EL3NG-172.31.68.13.pcap,01_pcap/Thursday-15-02-2018/Thursday-15-02-2018_261.pcap
Thursday-15-02-2018,capEC2AMAZ-O4EL3NG-172.31.68.14.pcap,Thursday-15-02-2018_262.pcap,01_pcap/Thursday-15-02-2018/capEC2AMAZ-O4EL3NG-172.31.68.14.pcap,01_pcap/Thursday-15-02-2018/Thursday-15-02-2018_262.pcap
Thursday-15-02-2018,capEC2AMAZ-O4EL3NG-172.31.68.15.pcap,Thursday-15-02-2018_263.pcap,01_pcap/Thursday-15-02-2018/capEC2AMAZ-O4EL3NG-172.31.68.15.pcap,01_pcap/Thursday-15-02-2018/Thursday-15-02-2018_263.pcap
Thursday-15-02-2018,capEC2AMAZ-O4EL3NG-172.31.68.18.pcap,Thursday-15-02-2018_264.pcap,01_pcap/Thursday-15-02-2018/capEC2AMAZ-O4EL3NG-172.31.68.18.pcap,01_pcap/Thursday-15-02-2018/Thursday-15-02-2018_264.pcap
Thursday-15-02-2018,capEC2AMAZ-O4EL3NG-172.31.68.19.pcap,Thursday-15-02-2018_265.pcap,01_pcap/Thursday-15-02-2018/capEC2AMAZ-O4EL3NG-172.31.68.19.pcap,01_pcap/Thursday-15-02-2018/Thursday-15-02-2018_265.pcap
Thursday-15-02-2018,capEC2AMAZ-O4EL3NG-172.31.68.20.pcap,Thursday-15-02-2018_266.pcap,01_pcap/Thursday-15-02-2018/capEC2AMAZ-O4EL3NG-172.31.68.20.pcap,01_pcap/Thursday-15-02-2018/Thursday-15-02-2018_266.pcap
Thursday-15-02-2018,capEC2AMAZ-O4EL3NG-172.31.68.21.pcap,Thursday-15-02-2018_267.pcap,01_pcap/Thursday-15-02-2018/capEC2AMAZ-O4EL3NG-172.31.68.21.pcap,01_pcap/Thursday-15-02-2018/Thursday-15-02-2018_267.pcap
Thursday-15-02-2018,capEC2AMAZ-O4EL3NG-172.31.68.23.pcap,Thursday-15-02-2018_268.pcap,01_pcap/Thursday-15-02-2018/capEC2AMAZ-O4EL3NG-172.31.68.23.pcap,01_pcap/Thursday-15-02-2018/Thursday-15-02-2018_268.pcap
Thursday-15-02-2018,capEC2AMAZ-O4EL3NG-172.31.68.25.pcap,Thursday-15-02-2018_269.pcap,01_pcap/Thursday-15-02-2018/capEC2AMAZ-O4EL3NG-172.31.68.25.pcap,01_pcap/Thursday-15-02-2018/Thursday-15-02-2018_269.pcap
Thursday-15-02-2018,capEC2AMAZ-O4EL3NG-172.31.68.26.pcap,Thursday-15-02-2018_270.pcap,01_pcap/Thursday-15-02-2018/capEC2AMAZ-O4EL3NG-172.31.68.26.pcap,01_pcap/Thursday-15-02-2018/Thursday-15-02-2018_270.pcap
Thursday-15-02-2018,capEC2AMAZ-O4EL3NG-172.31.68.28.pcap,Thursday-15-02-2018_271.pcap,01_pcap/Thursday-15-02-2018/capEC2AMAZ-O4EL3NG-172.31.68.28.pcap,01_pcap/Thursday-15-02-2018/Thursday-15-02-2018_271.pcap
Thursday-15-02-2018,capEC2AMAZ-O4EL3NG-172.31.68.30.pcap,Thursday-15-02-2018_272.pcap,01_pcap/Thursday-15-02-2018/capEC2AMAZ-O4EL3NG-172.31.68.30.pcap,01_pcap/Thursday-15-02-2018/Thursday-15-02-2018_272.pcap
Thursday-15-02-2018,capEC2AMAZ-O4EL3NG-172.31.69.4.pcap,Thursday-15-02-2018_273.pcap,01_pcap/Thursday-15-02-2018/capEC2AMAZ-O4EL3NG-172.31.69.4.pcap,01_pcap/Thursday-15-02-2018/Thursday-15-02-2018_273.pcap
Thursday-15-02-2018,capEC2AMAZ-O4EL3NG-172.31.69.5.pcap,Thursday-15-02-2018_274.pcap,01_pcap/Thursday-15-02-2018/capEC2AMAZ-O4EL3NG-172.31.69.5.pcap,01_pcap/Thursday-15-02-2018/Thursday-15-02-2018_274.pcap
Thursday-15-02-2018,capEC2AMAZ-O4EL3NG-172.31.69.6.pcap,Thursday-15-02-2018_275.pcap,01_pcap/Thursday-15-02-2018/capEC2AMAZ-O4EL3NG-172.31.69.6.pcap,01_pcap/Thursday-15-02-2018/Thursday-15-02-2018_275.pcap
Thursday-15-02-2018,capEC2AMAZ-O4EL3NG-172.31.69.8.pcap,Thursday-15-02-2018_276.pcap,01_pcap/Thursday-15-02-2018/capEC2AMAZ-O4EL3NG-172.31.69.8.pcap,01_pcap/Thursday-15-02-2018/Thursday-15-02-2018_276.pcap
Thursday-15-02-2018,capEC2AMAZ-O4EL3NG-172.31.69.9.pcap,Thursday-15-02-2018_277.pcap,01_pcap/Thursday-15-02-2018/capEC2AMAZ-O4EL3NG-172.31.69.9.pcap,01_pcap/Thursday-15-02-2018/Thursday-15-02-2018_277.pcap
Thursday-15-02-2018,capEC2AMAZ-O4EL3NG-172.31.69.10.pcap,Thursday-15-02-2018_278.pcap,01_pcap/Thursday-15-02-2018/capEC2AMAZ-O4EL3NG-172.31.69.10.pcap,01_pcap/Thursday-15-02-2018/Thursday-15-02-2018_278.pcap
Thursday-15-02-2018,capEC2AMAZ-O4EL3NG-172.31.69.11.pcap,Thursday-15-02-2018_279.pcap,01_pcap/Thursday-15-02-2018/capEC2AMAZ-O4EL3NG-172.31.69.11.pcap,01_pcap/Thursday-15-02-2018/Thursday-15-02-2018_279.pcap
Thursday-15-02-2018,capEC2AMAZ-O4EL3NG-172.31.69.12.pcap,Thursday-15-02-2018_280.pcap,01_pcap/Thursday-15-02-2018/capEC2AMAZ-O4EL3NG-172.31.69.12.pcap,01_pcap/Thursday-15-02-2018/Thursday-15-02-2018_280.pcap
Thursday-15-02-2018,capEC2AMAZ-O4EL3NG-172.31.69.13.pcap,Thursday-15-02-2018_281.pcap,01_pcap/Thursday-15-02-2018/capEC2AMAZ-O4EL3NG-172.31.69.13.pcap,01_pcap/Thursday-15-02-2018/Thursday-15-02-2018_281.pcap
Thursday-15-02-2018,capEC2AMAZ-O4EL3NG-172.31.69.14.pcap,Thursday-15-02-2018_282.pcap,01_pcap/Thursday-15-02-2018/capEC2AMAZ-O4EL3NG-172.31.69.14.pcap,01_pcap/Thursday-15-02-2018/Thursday-15-02-2018_282.pcap
Thursday-15-02-2018,capEC2AMAZ-O4EL3NG-172.31.69.16.pcap,Thursday-15-02-2018_283.pcap,01_pcap/Thursday-15-02-2018/capEC2AMAZ-O4EL3NG-172.31.69.16.pcap,01_pcap/Thursday-15-02-2018/Thursday-15-02-2018_283.pcap
Thursday-15-02-2018,capEC2AMAZ-O4EL3NG-172.31.69.17.pcap,Thursday-15-02-2018_284.pcap,01_pcap/Thursday-15-02-2018/capEC2AMAZ-O4EL3NG-172.31.69.17.pcap,01_pcap/Thursday-15-02-2018/Thursday-15-02-2018_284.pcap
Thursday-15-02-2018,capEC2AMAZ-O4EL3NG-172.31.69.19.pcap,Thursday-15-02-2018_285.pcap,01_pcap/Thursday-15-02-2018/capEC2AMAZ-O4EL3NG-172.31.69.19.pcap,01_pcap/Thursday-15-02-2018/Thursday-15-02-2018_285.pcap
Thursday-15-02-2018,capEC2AMAZ-O4EL3NG-172.31.69.20.pcap,Thursday-15-02-2018_286.pcap,01_pcap/Thursday-15-02-2018/capEC2AMAZ-O4EL3NG-172.31.69.20.pcap,01_pcap/Thursday-15-02-2018/Thursday-15-02-2018_286.pcap
Thursday-15-02-2018,capEC2AMAZ-O4EL3NG-172.31.69.23.pcap,Thursday-15-02-2018_287.pcap,01_pcap/Thursday-15-02-2018/capEC2AMAZ-O4EL3NG-172.31.69.23.pcap,01_pcap/Thursday-15-02-2018/Thursday-15-02-2018_287.pcap
Thursday-15-02-2018,capEC2AMAZ-O4EL3NG-172.31.69.24.pcap,Thursday-15-02-2018_288.pcap,01_pcap/Thursday-15-02-2018/capEC2AMAZ-O4EL3NG-172.31.69.24.pcap,01_pcap/Thursday-15-02-2018/Thursday-15-02-2018_288.pcap
Thursday-15-02-2018,capEC2AMAZ-O4EL3NG-172.31.69.26.pcap,Thursday-15-02-2018_289.pcap,01_pcap/Thursday-15-02-2018/capEC2AMAZ-O4EL3NG-172.31.69.26.pcap,01_pcap/Thursday-15-02-2018/Thursday-15-02-2018_289.pcap
Thursday-15-02-2018,capEC2AMAZ-O4EL3NG-172.31.69.28.pcap,Thursday-15-02-2018_290.pcap,01_pcap/Thursday-15-02-2018/capEC2AMAZ-O4EL3NG-172.31.69.28.pcap,01_pcap/Thursday-15-02-2018/Thursday-15-02-2018_290.pcap
Thursday-15-02-2018,capEC2AMAZ-O4EL3NG-172.31.69.29.pcap,Thursday-15-02-2018_291.pcap,01_pcap/Thursday-15-02-2018/capEC2AMAZ-O4EL3NG-172.31.69.29.pcap,01_pcap/Thursday-15-02-2018/Thursday-15-02-2018_291.pcap
Thursday-15-02-2018,capEC2AMAZ-O4EL3NG-172.31.69.30.pcap,Thursday-15-02-2018_292.pcap,01_pcap/Thursday-15-02-2018/capEC2AMAZ-O4EL3NG-172.31.69.30.pcap,01_pcap/Thursday-15-02-2018/Thursday-15-02-2018_292.pcap
Thursday-15-02-2018,capPC1-172.31.64.15.pcap,Thursday-15-02-2018_293.pcap,01_pcap/Thursday-15-02-2018/capPC1-172.31.64.15.pcap,01_pcap/Thursday-15-02-2018/Thursday-15-02-2018_293.pcap
Thursday-15-02-2018,capPC1-172.31.64.18.pcap,Thursday-15-02-2018_294.pcap,01_pcap/Thursday-15-02-2018/capPC1-172.31.64.18.pcap,01_pcap/Thursday-15-02-2018/Thursday-15-02-2018_294.pcap
Thursday-15-02-2018,capPC1-172.31.64.21.pcap,Thursday-15-02-2018_295.pcap,01_pcap/Thursday-15-02-2018/capPC1-172.31.64.21.pcap,01_pcap/Thursday-15-02-2018/Thursday-15-02-2018_295.pcap
Thursday-15-02-2018,capPC1-172.31.64.23.pcap,Thursday-15-02-2018_296.pcap,01_pcap/Thursday-15-02-2018/capPC1-172.31.64.23.pcap,01_pcap/Thursday-15-02-2018/Thursday-15-02-2018_296.pcap
Thursday-15-02-2018,capPC1-172.31.64.31.pcap,Thursday-15-02-2018_297.pcap,01_pcap/Thursday-15-02-2018/capPC1-172.31.64.31.pcap,01_pcap/Thursday-15-02-2018/Thursday-15-02-2018_297.pcap
Thursday-15-02-2018,capPC1-172.31.64.32.pcap,Thursday-15-02-2018_298.pcap,01_pcap/Thursday-15-02-2018/capPC1-172.31.64.32.pcap,01_pcap/Thursday-15-02-2018/Thursday-15-02-2018_298.pcap
Thursday-15-02-2018,capPC1-172.31.64.33.pcap,Thursday-15-02-2018_299.pcap,01_pcap/Thursday-15-02-2018/capPC1-172.31.64.33.pcap,01_pcap/Thursday-15-02-2018/Thursday-15-02-2018_299.pcap
Thursday-15-02-2018,capPC1-172.31.64.34.pcap,Thursday-15-02-2018_300.pcap,01_pcap/Thursday-15-02-2018/capPC1-172.31.64.34.pcap,01_pcap/Thursday-15-02-2018/Thursday-15-02-2018_300.pcap
Thursday-15-02-2018,capPC1-172.31.64.37.pcap,Thursday-15-02-2018_301.pcap,01_pcap/Thursday-15-02-2018/capPC1-172.31.64.37.pcap,01_pcap/Thursday-15-02-2018/Thursday-15-02-2018_301.pcap
Thursday-15-02-2018,capPC1-172.31.64.40.pcap,Thursday-15-02-2018_302.pcap,01_pcap/Thursday-15-02-2018/capPC1-172.31.64.40.pcap,01_pcap/Thursday-15-02-2018/Thursday-15-02-2018_302.pcap
Thursday-15-02-2018,capPC1-172.31.64.41.pcap,Thursday-15-02-2018_303.pcap,01_pcap/Thursday-15-02-2018/capPC1-172.31.64.41.pcap,01_pcap/Thursday-15-02-2018/Thursday-15-02-2018_303.pcap
Thursday-15-02-2018,capPC1-172.31.64.48.pcap,Thursday-15-02-2018_304.pcap,01_pcap/Thursday-15-02-2018/capPC1-172.31.64.48.pcap,01_pcap/Thursday-15-02-2018/Thursday-15-02-2018_304.pcap
Thursday-15-02-2018,capPC1-172.31.64.52.pcap,Thursday-15-02-2018_305.pcap,01_pcap/Thursday-15-02-2018/capPC1-172.31.64.52.pcap,01_pcap/Thursday-15-02-2018/Thursday-15-02-2018_305.pcap
Thursday-15-02-2018,capPC1-172.31.64.64.pcap,Thursday-15-02-2018_306.pcap,01_pcap/Thursday-15-02-2018/capPC1-172.31.64.64.pcap,01_pcap/Thursday-15-02-2018/Thursday-15-02-2018_306.pcap
Thursday-15-02-2018,capPC1-172.31.64.94.pcap,Thursday-15-02-2018_307.pcap,01_pcap/Thursday-15-02-2018/capPC1-172.31.64.94.pcap,01_pcap/Thursday-15-02-2018/Thursday-15-02-2018_307.pcap
Thursday-15-02-2018,capPC1-172.31.64.97.pcap,Thursday-15-02-2018_308.pcap,01_pcap/Thursday-15-02-2018/capPC1-172.31.64.97.pcap,01_pcap/Thursday-15-02-2018/Thursday-15-02-2018_308.pcap
Thursday-15-02-2018,capPC1-172.31.64.106.pcap,Thursday-15-02-2018_309.pcap,01_pcap/Thursday-15-02-2018/capPC1-172.31.64.106.pcap,01_pcap/Thursday-15-02-2018/Thursday-15-02-2018_309.pcap
Thursday-15-02-2018,capPC1-172.31.64.113.pcap,Thursday-15-02-2018_310.pcap,01_pcap/Thursday-15-02-2018/capPC1-172.31.64.113.pcap,01_pcap/Thursday-15-02-2018/Thursday-15-02-2018_310.pcap
Thursday-15-02-2018,capPC1-172.31.64.114.pcap,Thursday-15-02-2018_311.pcap,01_pcap/Thursday-15-02-2018/capPC1-172.31.64.114.pcap,01_pcap/Thursday-15-02-2018/Thursday-15-02-2018_311.pcap
Thursday-15-02-2018,capPC1-172.31.64.116.pcap,Thursday-15-02-2018_312.pcap,01_pcap/Thursday-15-02-2018/capPC1-172.31.64.116.pcap,01_pcap/Thursday-15-02-2018/Thursday-15-02-2018_312.pcap
Thursday-15-02-2018,capPC1-172.31.64.121.pcap,Thursday-15-02-2018_313.pcap,01_pcap/Thursday-15-02-2018/capPC1-172.31.64.121.pcap,01_pcap/Thursday-15-02-2018/Thursday-15-02-2018_313.pcap
Thursday-15-02-2018,capPC1-172.31.65.6.pcap,Thursday-15-02-2018_314.pcap,01_pcap/Thursday-15-02-2018/capPC1-172.31.65.6.pcap,01_pcap/Thursday-15-02-2018/Thursday-15-02-2018_314.pcap
Thursday-15-02-2018,capPC1-172.31.65.13.pcap,Thursday-15-02-2018_315.pcap,01_pcap/Thursday-15-02-2018/capPC1-172.31.65.13.pcap,01_pcap/Thursday-15-02-2018/Thursday-15-02-2018_315.pcap
Thursday-15-02-2018,capPC1-172.31.65.16.pcap,Thursday-15-02-2018_316.pcap,01_pcap/Thursday-15-02-2018/capPC1-172.31.65.16.pcap,01_pcap/Thursday-15-02-2018/Thursday-15-02-2018_316.pcap
Thursday-15-02-2018,capPC1-172.31.65.20.pcap,Thursday-15-02-2018_317.pcap,01_pcap/Thursday-15-02-2018/capPC1-172.31.65.20.pcap,01_pcap/Thursday-15-02-2018/Thursday-15-02-2018_317.pcap
Thursday-15-02-2018,capPC1-172.31.65.25.pcap,Thursday-15-02-2018_318.pcap,01_pcap/Thursday-15-02-2018/capPC1-172.31.65.25.pcap,01_pcap/Thursday-15-02-2018/Thursday-15-02-2018_318.pcap
Thursday-15-02-2018,capPC1-172.31.65.49.pcap,Thursday-15-02-2018_319.pcap,01_pcap/Thursday-15-02-2018/capPC1-172.31.65.49.pcap,01_pcap/Thursday-15-02-2018/Thursday-15-02-2018_319.pcap
Thursday-15-02-2018,capPC1-172.31.65.61.pcap,Thursday-15-02-2018_320.pcap,01_pcap/Thursday-15-02-2018/capPC1-172.31.65.61.pcap,01_pcap/Thursday-15-02-2018/Thursday-15-02-2018_320.pcap
Thursday-15-02-2018,capPC1-172.31.65.67.pcap,Thursday-15-02-2018_321.pcap,01_pcap/Thursday-15-02-2018/capPC1-172.31.65.67.pcap,01_pcap/Thursday-15-02-2018/Thursday-15-02-2018_321.pcap
Thursday-15-02-2018,capPC1-172.31.65.68.pcap,Thursday-15-02-2018_322.pcap,01_pcap/Thursday-15-02-2018/capPC1-172.31.65.68.pcap,01_pcap/Thursday-15-02-2018/Thursday-15-02-2018_322.pcap
Thursday-15-02-2018,capPC1-172.31.65.77.pcap,Thursday-15-02-2018_323.pcap,01_pcap/Thursday-15-02-2018/capPC1-172.31.65.77.pcap,01_pcap/Thursday-15-02-2018/Thursday-15-02-2018_323.pcap
Thursday-15-02-2018,capPC1-172.31.65.79.pcap,Thursday-15-02-2018_324.pcap,01_pcap/Thursday-15-02-2018/capPC1-172.31.65.79.pcap,01_pcap/Thursday-15-02-2018/Thursday-15-02-2018_324.pcap
Thursday-15-02-2018,capPC1-172.31.65.80.pcap,Thursday-15-02-2018_325.pcap,01_pcap/Thursday-15-02-2018/capPC1-172.31.65.80.pcap,01_pcap/Thursday-15-02-2018/Thursday-15-02-2018_325.pcap
Thursday-15-02-2018,capPC1-172.31.65.83.pcap,Thursday-15-02-2018_326.pcap,01_pcap/Thursday-15-02-2018/capPC1-172.31.65.83.pcap,01_pcap/Thursday-15-02-2018/Thursday-15-02-2018_326.pcap
Thursday-15-02-2018,capPC1-172.31.65.100.pcap,Thursday-15-02-2018_327.pcap,01_pcap/Thursday-15-02-2018/capPC1-172.31.65.100.pcap,01_pcap/Thursday-15-02-2018/Thursday-15-02-2018_327.pcap
Thursday-15-02-2018,capPC1-172.31.65.117.pcap,Thursday-15-02-2018_328.pcap,01_pcap/Thursday-15-02-2018/capPC1-172.31.65.117.pcap,01_pcap/Thursday-15-02-2018/Thursday-15-02-2018_328.pcap
Thursday-15-02-2018,capPC1-172.31.66.9.pcap,Thursday-15-02-2018_329.pcap,01_pcap/Thursday-15-02-2018/capPC1-172.31.66.9.pcap,01_pcap/Thursday-15-02-2018/Thursday-15-02-2018_329.pcap
Thursday-15-02-2018,capPC1-172.31.66.10.pcap,Thursday-15-02-2018_330.pcap,01_pcap/Thursday-15-02-2018/capPC1-172.31.66.10.pcap,01_pcap/Thursday-15-02-2018/Thursday-15-02-2018_330.pcap
Thursday-15-02-2018,capPC1-172.31.66.15.pcap,Thursday-15-02-2018_331.pcap,01_pcap/Thursday-15-02-2018/capPC1-172.31.66.15.pcap,01_pcap/Thursday-15-02-2018/Thursday-15-02-2018_331.pcap
Thursday-15-02-2018,capPC1-172.31.66.19.pcap,Thursday-15-02-2018_332.pcap,01_pcap/Thursday-15-02-2018/capPC1-172.31.66.19.pcap,01_pcap/Thursday-15-02-2018/Thursday-15-02-2018_332.pcap
Thursday-15-02-2018,capPC1-172.31.66.24.pcap,Thursday-15-02-2018_333.pcap,01_pcap/Thursday-15-02-2018/capPC1-172.31.66.24.pcap,01_pcap/Thursday-15-02-2018/Thursday-15-02-2018_333.pcap
Thursday-15-02-2018,capPC1-172.31.66.46.pcap,Thursday-15-02-2018_334.pcap,01_pcap/Thursday-15-02-2018/capPC1-172.31.66.46.pcap,01_pcap/Thursday-15-02-2018/Thursday-15-02-2018_334.pcap
Thursday-15-02-2018,capPC1-172.31.66.58.pcap,Thursday-15-02-2018_335.pcap,01_pcap/Thursday-15-02-2018/capPC1-172.31.66.58.pcap,01_pcap/Thursday-15-02-2018/Thursday-15-02-2018_335.pcap
Thursday-15-02-2018,capPC1-172.31.66.69.pcap,Thursday-15-02-2018_336.pcap,01_pcap/Thursday-15-02-2018/capPC1-172.31.66.69.pcap,01_pcap/Thursday-15-02-2018/Thursday-15-02-2018_336.pcap
Thursday-15-02-2018,capPC1-172.31.66.79.pcap,Thursday-15-02-2018_337.pcap,01_pcap/Thursday-15-02-2018/capPC1-172.31.66.79.pcap,01_pcap/Thursday-15-02-2018/Thursday-15-02-2018_337.pcap
Thursday-15-02-2018,capPC1-172.31.66.83.pcap,Thursday-15-02-2018_338.pcap,01_pcap/Thursday-15-02-2018/capPC1-172.31.66.83.pcap,01_pcap/Thursday-15-02-2018/Thursday-15-02-2018_338.pcap
Thursday-15-02-2018,capPC1-172.31.66.90.pcap,Thursday-15-02-2018_339.pcap,01_pcap/Thursday-15-02-2018/capPC1-172.31.66.90.pcap,01_pcap/Thursday-15-02-2018/Thursday-15-02-2018_339.pcap
Thursday-15-02-2018,capPC1-172.31.66.92.pcap,Thursday-15-02-2018_340.pcap,01_pcap/Thursday-15-02-2018/capPC1-172.31.66.92.pcap,01_pcap/Thursday-15-02-2018/Thursday-15-02-2018_340.pcap
Thursday-15-02-2018,capPC1-172.31.66.96.pcap,Thursday-15-02-2018_341.pcap,01_pcap/Thursday-15-02-2018/capPC1-172.31.66.96.pcap,01_pcap/Thursday-15-02-2018/Thursday-15-02-2018_341.pcap
Thursday-15-02-2018,capPC1-172.31.66.99.pcap,Thursday-15-02-2018_342.pcap,01_pcap/Thursday-15-02-2018/capPC1-172.31.66.99.pcap,01_pcap/Thursday-15-02-2018/Thursday-15-02-2018_342.pcap
Thursday-15-02-2018,capPC1-172.31.66.102.pcap,Thursday-15-02-2018_343.pcap,01_pcap/Thursday-15-02-2018/capPC1-172.31.66.102.pcap,01_pcap/Thursday-15-02-2018/Thursday-15-02-2018_343.pcap
Thursday-15-02-2018,capPC1-172.31.66.103.pcap,Thursday-15-02-2018_344.pcap,01_pcap/Thursday-15-02-2018/capPC1-172.31.66.103.pcap,01_pcap/Thursday-15-02-2018/Thursday-15-02-2018_344.pcap
Thursday-15-02-2018,capPC1-172.31.66.110.pcap,Thursday-15-02-2018_345.pcap,01_pcap/Thursday-15-02-2018/capPC1-172.31.66.110.pcap,01_pcap/Thursday-15-02-2018/Thursday-15-02-2018_345.pcap
Thursday-15-02-2018,capPC1-172.31.66.111.pcap,Thursday-15-02-2018_346.pcap,01_pcap/Thursday-15-02-2018/capPC1-172.31.66.111.pcap,01_pcap/Thursday-15-02-2018/Thursday-15-02-2018_346.pcap
Thursday-15-02-2018,capPC1-172.31.66.118.pcap,Thursday-15-02-2018_347.pcap,01_pcap/Thursday-15-02-2018/capPC1-172.31.66.118.pcap,01_pcap/Thursday-15-02-2018/Thursday-15-02-2018_347.pcap
Thursday-15-02-2018,capPC1-172.31.66.121.pcap,Thursday-15-02-2018_348.pcap,01_pcap/Thursday-15-02-2018/capPC1-172.31.66.121.pcap,01_pcap/Thursday-15-02-2018/Thursday-15-02-2018_348.pcap
Thursday-15-02-2018,capPC1-172.31.67.9.pcap,Thursday-15-02-2018_349.pcap,01_pcap/Thursday-15-02-2018/capPC1-172.31.67.9.pcap,01_pcap/Thursday-15-02-2018/Thursday-15-02-2018_349.pcap
Thursday-15-02-2018,capPC1-172.31.67.14.pcap,Thursday-15-02-2018_350.pcap,01_pcap/Thursday-15-02-2018/capPC1-172.31.67.14.pcap,01_pcap/Thursday-15-02-2018/Thursday-15-02-2018_350.pcap
Thursday-15-02-2018,capPC1-172.31.67.23.pcap,Thursday-15-02-2018_351.pcap,01_pcap/Thursday-15-02-2018/capPC1-172.31.67.23.pcap,01_pcap/Thursday-15-02-2018/Thursday-15-02-2018_351.pcap
Thursday-15-02-2018,capPC1-172.31.67.27.pcap,Thursday-15-02-2018_352.pcap,01_pcap/Thursday-15-02-2018/capPC1-172.31.67.27.pcap,01_pcap/Thursday-15-02-2018/Thursday-15-02-2018_352.pcap
Thursday-15-02-2018,capPC1-172.31.67.33.pcap,Thursday-15-02-2018_353.pcap,01_pcap/Thursday-15-02-2018/capPC1-172.31.67.33.pcap,01_pcap/Thursday-15-02-2018/Thursday-15-02-2018_353.pcap
Thursday-15-02-2018,capPC1-172.31.67.35.pcap,Thursday-15-02-2018_354.pcap,01_pcap/Thursday-15-02-2018/capPC1-172.31.67.35.pcap,01_pcap/Thursday-15-02-2018/Thursday-15-02-2018_354.pcap
Thursday-15-02-2018,capPC1-172.31.67.56.pcap,Thursday-15-02-2018_355.pcap,01_pcap/Thursday-15-02-2018/capPC1-172.31.67.56.pcap,01_pcap/Thursday-15-02-2018/Thursday-15-02-2018_355.pcap
Thursday-15-02-2018,capPC1-172.31.67.59.pcap,Thursday-15-02-2018_356.pcap,01_pcap/Thursday-15-02-2018/capPC1-172.31.67.59.pcap,01_pcap/Thursday-15-02-2018/Thursday-15-02-2018_356.pcap
Thursday-15-02-2018,capPC1-172.31.67.76.pcap,Thursday-15-02-2018_357.pcap,01_pcap/Thursday-15-02-2018/capPC1-172.31.67.76.pcap,01_pcap/Thursday-15-02-2018/Thursday-15-02-2018_357.pcap
Thursday-15-02-2018,capPC1-172.31.67.78.pcap,Thursday-15-02-2018_358.pcap,01_pcap/Thursday-15-02-2018/capPC1-172.31.67.78.pcap,01_pcap/Thursday-15-02-2018/Thursday-15-02-2018_358.pcap
Thursday-15-02-2018,capPC1-172.31.67.97.pcap,Thursday-15-02-2018_359.pcap,01_pcap/Thursday-15-02-2018/capPC1-172.31.67.97.pcap,01_pcap/Thursday-15-02-2018/Thursday-15-02-2018_359.pcap
Thursday-15-02-2018,capPC1-172.31.67.102.pcap,Thursday-15-02-2018_360.pcap,01_pcap/Thursday-15-02-2018/capPC1-172.31.67.102.pcap,01_pcap/Thursday-15-02-2018/Thursday-15-02-2018_360.pcap
Thursday-15-02-2018,capPC1-172.31.67.104.pcap,Thursday-15-02-2018_361.pcap,01_pcap/Thursday-15-02-2018/capPC1-172.31.67.104.pcap,01_pcap/Thursday-15-02-2018/Thursday-15-02-2018_361.pcap
Thursday-15-02-2018,capPC1-172.31.67.107.pcap,Thursday-15-02-2018_362.pcap,01_pcap/Thursday-15-02-2018/capPC1-172.31.67.107.pcap,01_pcap/Thursday-15-02-2018/Thursday-15-02-2018_362.pcap
Thursday-15-02-2018,capPC1-172.31.67.108.pcap,Thursday-15-02-2018_363.pcap,01_pcap/Thursday-15-02-2018/capPC1-172.31.67.108.pcap,01_pcap/Thursday-15-02-2018/Thursday-15-02-2018_363.pcap
Thursday-15-02-2018,capPC1-172.31.67.111.pcap,Thursday-15-02-2018_364.pcap,01_pcap/Thursday-15-02-2018/capPC1-172.31.67.111.pcap,01_pcap/Thursday-15-02-2018/Thursday-15-02-2018_364.pcap
Thursday-15-02-2018,capPC1-172.31.67.118.pcap,Thursday-15-02-2018_365.pcap,01_pcap/Thursday-15-02-2018/capPC1-172.31.67.118.pcap,01_pcap/Thursday-15-02-2018/Thursday-15-02-2018_365.pcap
Thursday-15-02-2018,capPC1-172.31.67.121.pcap,Thursday-15-02-2018_366.pcap,01_pcap/Thursday-15-02-2018/capPC1-172.31.67.121.pcap,01_pcap/Thursday-15-02-2018/Thursday-15-02-2018_366.pcap
Thursday-15-02-2018,capPC1-172.31.67.123.pcap,Thursday-15-02-2018_367.pcap,01_pcap/Thursday-15-02-2018/capPC1-172.31.67.123.pcap,01_pcap/Thursday-15-02-2018/Thursday-15-02-2018_367.pcap
Thursday-15-02-2018,capPC1-172.31.67.124.pcap,Thursday-15-02-2018_368.pcap,01_pcap/Thursday-15-02-2018/capPC1-172.31.67.124.pcap,01_pcap/Thursday-15-02-2018/Thursday-15-02-2018_368.pcap
Thursday-15-02-2018,capWIN-J6GMIG1DQE5-172.31.64.12.pcap,Thursday-15-02-2018_369.pcap,01_pcap/Thursday-15-02-2018/capWIN-J6GMIG1DQE5-172.31.64.12.pcap,01_pcap/Thursday-15-02-2018/Thursday-15-02-2018_369.pcap
Thursday-15-02-2018,capWIN-J6GMIG1DQE5-172.31.64.14.pcap,Thursday-15-02-2018_370.pcap,01_pcap/Thursday-15-02-2018/capWIN-J6GMIG1DQE5-172.31.64.14.pcap,01_pcap/Thursday-15-02-2018/Thursday-15-02-2018_370.pcap
Thursday-15-02-2018,capWIN-J6GMIG1DQE5-172.31.64.20.pcap,Thursday-15-02-2018_371.pcap,01_pcap/Thursday-15-02-2018/capWIN-J6GMIG1DQE5-172.31.64.20.pcap,01_pcap/Thursday-15-02-2018/Thursday-15-02-2018_371.pcap
Thursday-15-02-2018,capWIN-J6GMIG1DQE5-172.31.64.24.pcap,Thursday-15-02-2018_372.pcap,01_pcap/Thursday-15-02-2018/capWIN-J6GMIG1DQE5-172.31.64.24.pcap,01_pcap/Thursday-15-02-2018/Thursday-15-02-2018_372.pcap
Thursday-15-02-2018,capWIN-J6GMIG1DQE5-172.31.64.36.pcap,Thursday-15-02-2018_373.pcap,01_pcap/Thursday-15-02-2018/capWIN-J6GMIG1DQE5-172.31.64.36.pcap,01_pcap/Thursday-15-02-2018/Thursday-15-02-2018_373.pcap
Thursday-15-02-2018,capWIN-J6GMIG1DQE5-172.31.64.39.pcap,Thursday-15-02-2018_374.pcap,01_pcap/Thursday-15-02-2018/capWIN-J6GMIG1DQE5-172.31.64.39.pcap,01_pcap/Thursday-15-02-2018/Thursday-15-02-2018_374.pcap
Thursday-15-02-2018,capWIN-J6GMIG1DQE5-172.31.64.47.pcap,Thursday-15-02-2018_375.pcap,01_pcap/Thursday-15-02-2018/capWIN-J6GMIG1DQE5-172.31.64.47.pcap,01_pcap/Thursday-15-02-2018/Thursday-15-02-2018_375.pcap
Thursday-15-02-2018,capWIN-J6GMIG1DQE5-172.31.64.57.pcap,Thursday-15-02-2018_376.pcap,01_pcap/Thursday-15-02-2018/capWIN-J6GMIG1DQE5-172.31.64.57.pcap,01_pcap/Thursday-15-02-2018/Thursday-15-02-2018_376.pcap
Thursday-15-02-2018,capWIN-J6GMIG1DQE5-172.31.64.61.pcap,Thursday-15-02-2018_377.pcap,01_pcap/Thursday-15-02-2018/capWIN-J6GMIG1DQE5-172.31.64.61.pcap,01_pcap/Thursday-15-02-2018/Thursday-15-02-2018_377.pcap
Thursday-15-02-2018,capWIN-J6GMIG1DQE5-172.31.64.74.pcap,Thursday-15-02-2018_378.pcap,01_pcap/Thursday-15-02-2018/capWIN-J6GMIG1DQE5-172.31.64.74.pcap,01_pcap/Thursday-15-02-2018/Thursday-15-02-2018_378.pcap
Thursday-15-02-2018,capWIN-J6GMIG1DQE5-172.31.64.78.pcap,Thursday-15-02-2018_379.pcap,01_pcap/Thursday-15-02-2018/capWIN-J6GMIG1DQE5-172.31.64.78.pcap,01_pcap/Thursday-15-02-2018/Thursday-15-02-2018_379.pcap
Thursday-15-02-2018,capWIN-J6GMIG1DQE5-172.31.64.80.pcap,Thursday-15-02-2018_380.pcap,01_pcap/Thursday-15-02-2018/capWIN-J6GMIG1DQE5-172.31.64.80.pcap,01_pcap/Thursday-15-02-2018/Thursday-15-02-2018_380.pcap
Thursday-15-02-2018,capWIN-J6GMIG1DQE5-172.31.64.86.pcap,Thursday-15-02-2018_381.pcap,01_pcap/Thursday-15-02-2018/capWIN-J6GMIG1DQE5-172.31.64.86.pcap,01_pcap/Thursday-15-02-2018/Thursday-15-02-2018_381.pcap
Thursday-15-02-2018,capWIN-J6GMIG1DQE5-172.31.64.88.pcap,Thursday-15-02-2018_382.pcap,01_pcap/Thursday-15-02-2018/capWIN-J6GMIG1DQE5-172.31.64.88.pcap,01_pcap/Thursday-15-02-2018/Thursday-15-02-2018_382.pcap
Thursday-15-02-2018,capWIN-J6GMIG1DQE5-172.31.64.89.pcap,Thursday-15-02-2018_383.pcap,01_pcap/Thursday-15-02-2018/capWIN-J6GMIG1DQE5-172.31.64.89.pcap,01_pcap/Thursday-15-02-2018/Thursday-15-02-2018_383.pcap
Thursday-15-02-2018,capWIN-J6GMIG1DQE5-172.31.64.91.pcap,Thursday-15-02-2018_384.pcap,01_pcap/Thursday-15-02-2018/capWIN-J6GMIG1DQE5-172.31.64.91.pcap,01_pcap/Thursday-15-02-2018/Thursday-15-02-2018_384.pcap
Thursday-15-02-2018,capWIN-J6GMIG1DQE5-172.31.64.93.pcap,Thursday-15-02-2018_385.pcap,01_pcap/Thursday-15-02-2018/capWIN-J6GMIG1DQE5-172.31.64.93.pcap,01_pcap/Thursday-15-02-2018/Thursday-15-02-2018_385.pcap
Thursday-15-02-2018,capWIN-J6GMIG1DQE5-172.31.64.98.pcap,Thursday-15-02-2018_386.pcap,01_pcap/Thursday-15-02-2018/capWIN-J6GMIG1DQE5-172.31.64.98.pcap,01_pcap/Thursday-15-02-2018/Thursday-15-02-2018_386.pcap
Thursday-15-02-2018,capWIN-J6GMIG1DQE5-172.31.64.112.pcap,Thursday-15-02-2018_387.pcap,01_pcap/Thursday-15-02-2018/capWIN-J6GMIG1DQE5-172.31.64.112.pcap,01_pcap/Thursday-15-02-2018/Thursday-15-02-2018_387.pcap
Thursday-15-02-2018,capWIN-J6GMIG1DQE5-172.31.64.117.pcap,Thursday-15-02-2018_388.pcap,01_pcap/Thursday-15-02-2018/capWIN-J6GMIG1DQE5-172.31.64.117.pcap,01_pcap/Thursday-15-02-2018/Thursday-15-02-2018_388.pcap
Thursday-15-02-2018,capWIN-J6GMIG1DQE5-172.31.64.120.pcap,Thursday-15-02-2018_389.pcap,01_pcap/Thursday-15-02-2018/capWIN-J6GMIG1DQE5-172.31.64.120.pcap,01_pcap/Thursday-15-02-2018/Thursday-15-02-2018_389.pcap
Thursday-15-02-2018,capWIN-J6GMIG1DQE5-172.31.65.9.pcap,Thursday-15-02-2018_390.pcap,01_pcap/Thursday-15-02-2018/capWIN-J6GMIG1DQE5-172.31.65.9.pcap,01_pcap/Thursday-15-02-2018/Thursday-15-02-2018_390.pcap
Thursday-15-02-2018,capWIN-J6GMIG1DQE5-172.31.65.11.pcap,Thursday-15-02-2018_391.pcap,01_pcap/Thursday-15-02-2018/capWIN-J6GMIG1DQE5-172.31.65.11.pcap,01_pcap/Thursday-15-02-2018/Thursday-15-02-2018_391.pcap
Thursday-15-02-2018,capWIN-J6GMIG1DQE5-172.31.65.17.pcap,Thursday-15-02-2018_392.pcap,01_pcap/Thursday-15-02-2018/capWIN-J6GMIG1DQE5-172.31.65.17.pcap,01_pcap/Thursday-15-02-2018/Thursday-15-02-2018_392.pcap
Thursday-15-02-2018,capWIN-J6GMIG1DQE5-172.31.65.19.pcap,Thursday-15-02-2018_393.pcap,01_pcap/Thursday-15-02-2018/capWIN-J6GMIG1DQE5-172.31.65.19.pcap,01_pcap/Thursday-15-02-2018/Thursday-15-02-2018_393.pcap
Thursday-15-02-2018,capWIN-J6GMIG1DQE5-172.31.65.21.pcap,Thursday-15-02-2018_394.pcap,01_pcap/Thursday-15-02-2018/capWIN-J6GMIG1DQE5-172.31.65.21.pcap,01_pcap/Thursday-15-02-2018/Thursday-15-02-2018_394.pcap
Thursday-15-02-2018,capWIN-J6GMIG1DQE5-172.31.65.23.pcap,Thursday-15-02-2018_395.pcap,01_pcap/Thursday-15-02-2018/capWIN-J6GMIG1DQE5-172.31.65.23.pcap,01_pcap/Thursday-15-02-2018/Thursday-15-02-2018_395.pcap
Thursday-15-02-2018,capWIN-J6GMIG1DQE5-172.31.65.24.pcap,Thursday-15-02-2018_396.pcap,01_pcap/Thursday-15-02-2018/capWIN-J6GMIG1DQE5-172.31.65.24.pcap,01_pcap/Thursday-15-02-2018/Thursday-15-02-2018_396.pcap
Thursday-15-02-2018,capWIN-J6GMIG1DQE5-172.31.65.35.pcap,Thursday-15-02-2018_397.pcap,01_pcap/Thursday-15-02-2018/capWIN-J6GMIG1DQE5-172.31.65.35.pcap,01_pcap/Thursday-15-02-2018/Thursday-15-02-2018_397.pcap
Thursday-15-02-2018,capWIN-J6GMIG1DQE5-172.31.65.38.pcap,Thursday-15-02-2018_398.pcap,01_pcap/Thursday-15-02-2018/capWIN-J6GMIG1DQE5-172.31.65.38.pcap,01_pcap/Thursday-15-02-2018/Thursday-15-02-2018_398.pcap
Thursday-15-02-2018,capWIN-J6GMIG1DQE5-172.31.65.42.pcap,Thursday-15-02-2018_399.pcap,01_pcap/Thursday-15-02-2018/capWIN-J6GMIG1DQE5-172.31.65.42.pcap,01_pcap/Thursday-15-02-2018/Thursday-15-02-2018_399.pcap
Thursday-15-02-2018,capWIN-J6GMIG1DQE5-172.31.65.46.pcap,Thursday-15-02-2018_400.pcap,01_pcap/Thursday-15-02-2018/capWIN-J6GMIG1DQE5-172.31.65.46.pcap,01_pcap/Thursday-15-02-2018/Thursday-15-02-2018_400.pcap
Thursday-15-02-2018,capWIN-J6GMIG1DQE5-172.31.65.47.pcap,Thursday-15-02-2018_401.pcap,01_pcap/Thursday-15-02-2018/capWIN-J6GMIG1DQE5-172.31.65.47.pcap,01_pcap/Thursday-15-02-2018/Thursday-15-02-2018_401.pcap
Thursday-15-02-2018,capWIN-J6GMIG1DQE5-172.31.65.48.pcap,Thursday-15-02-2018_402.pcap,01_pcap/Thursday-15-02-2018/capWIN-J6GMIG1DQE5-172.31.65.48.pcap,01_pcap/Thursday-15-02-2018/Thursday-15-02-2018_402.pcap
Thursday-15-02-2018,capWIN-J6GMIG1DQE5-172.31.65.51.pcap,Thursday-15-02-2018_403.pcap,01_pcap/Thursday-15-02-2018/capWIN-J6GMIG1DQE5-172.31.65.51.pcap,01_pcap/Thursday-15-02-2018/Thursday-15-02-2018_403.pcap
Thursday-15-02-2018,capWIN-J6GMIG1DQE5-172.31.65.52.pcap,Thursday-15-02-2018_404.pcap,01_pcap/Thursday-15-02-2018/capWIN-J6GMIG1DQE5-172.31.65.52.pcap,01_pcap/Thursday-15-02-2018/Thursday-15-02-2018_404.pcap
Thursday-15-02-2018,capWIN-J6GMIG1DQE5-172.31.65.55.pcap,Thursday-15-02-2018_405.pcap,01_pcap/Thursday-15-02-2018/capWIN-J6GMIG1DQE5-172.31.65.55.pcap,01_pcap/Thursday-15-02-2018/Thursday-15-02-2018_405.pcap
Thursday-15-02-2018,capWIN-J6GMIG1DQE5-172.31.65.57.pcap,Thursday-15-02-2018_406.pcap,01_pcap/Thursday-15-02-2018/capWIN-J6GMIG1DQE5-172.31.65.57.pcap,01_pcap/Thursday-15-02-2018/Thursday-15-02-2018_406.pcap
Thursday-15-02-2018,capWIN-J6GMIG1DQE5-172.31.65.58.pcap,Thursday-15-02-2018_407.pcap,01_pcap/Thursday-15-02-2018/capWIN-J6GMIG1DQE5-172.31.65.58.pcap,01_pcap/Thursday-15-02-2018/Thursday-15-02-2018_407.pcap
Thursday-15-02-2018,capWIN-J6GMIG1DQE5-172.31.65.69.pcap,Thursday-15-02-2018_408.pcap,01_pcap/Thursday-15-02-2018/capWIN-J6GMIG1DQE5-172.31.65.69.pcap,01_pcap/Thursday-15-02-2018/Thursday-15-02-2018_408.pcap
Thursday-15-02-2018,capWIN-J6GMIG1DQE5-172.31.65.70.pcap,Thursday-15-02-2018_409.pcap,01_pcap/Thursday-15-02-2018/capWIN-J6GMIG1DQE5-172.31.65.70.pcap,01_pcap/Thursday-15-02-2018/Thursday-15-02-2018_409.pcap
Thursday-15-02-2018,capWIN-J6GMIG1DQE5-172.31.65.73.pcap,Thursday-15-02-2018_410.pcap,01_pcap/Thursday-15-02-2018/capWIN-J6GMIG1DQE5-172.31.65.73.pcap,01_pcap/Thursday-15-02-2018/Thursday-15-02-2018_410.pcap
Thursday-15-02-2018,capWIN-J6GMIG1DQE5-172.31.65.78.pcap,Thursday-15-02-2018_411.pcap,01_pcap/Thursday-15-02-2018/capWIN-J6GMIG1DQE5-172.31.65.78.pcap,01_pcap/Thursday-15-02-2018/Thursday-15-02-2018_411.pcap
Thursday-15-02-2018,capWIN-J6GMIG1DQE5-172.31.65.87.pcap,Thursday-15-02-2018_412.pcap,01_pcap/Thursday-15-02-2018/capWIN-J6GMIG1DQE5-172.31.65.87.pcap,01_pcap/Thursday-15-02-2018/Thursday-15-02-2018_412.pcap
Thursday-15-02-2018,capWIN-J6GMIG1DQE5-172.31.65.89.pcap,Thursday-15-02-2018_413.pcap,01_pcap/Thursday-15-02-2018/capWIN-J6GMIG1DQE5-172.31.65.89.pcap,01_pcap/Thursday-15-02-2018/Thursday-15-02-2018_413.pcap
Thursday-15-02-2018,capWIN-J6GMIG1DQE5-172.31.65.90.pcap,Thursday-15-02-2018_414.pcap,01_pcap/Thursday-15-02-2018/capWIN-J6GMIG1DQE5-172.31.65.90.pcap,01_pcap/Thursday-15-02-2018/Thursday-15-02-2018_414.pcap
Thursday-15-02-2018,capWIN-J6GMIG1DQE5-172.31.65.99.pcap,Thursday-15-02-2018_415.pcap,01_pcap/Thursday-15-02-2018/capWIN-J6GMIG1DQE5-172.31.65.99.pcap,01_pcap/Thursday-15-02-2018/Thursday-15-02-2018_415.pcap
Thursday-15-02-2018,capWIN-J6GMIG1DQE5-172.31.65.103.pcap,Thursday-15-02-2018_416.pcap,01_pcap/Thursday-15-02-2018/capWIN-J6GMIG1DQE5-172.31.65.103.pcap,01_pcap/Thursday-15-02-2018/Thursday-15-02-2018_416.pcap
Thursday-15-02-2018,capWIN-J6GMIG1DQE5-172.31.65.104.pcap,Thursday-15-02-2018_417.pcap,01_pcap/Thursday-15-02-2018/capWIN-J6GMIG1DQE5-172.31.65.104.pcap,01_pcap/Thursday-15-02-2018/Thursday-15-02-2018_417.pcap
Thursday-15-02-2018,capWIN-J6GMIG1DQE5-172.31.65.105.pcap,Thursday-15-02-2018_418.pcap,01_pcap/Thursday-15-02-2018/capWIN-J6GMIG1DQE5-172.31.65.105.pcap,01_pcap/Thursday-15-02-2018/Thursday-15-02-2018_418.pcap
Thursday-15-02-2018,capWIN-J6GMIG1DQE5-172.31.65.108.pcap,Thursday-15-02-2018_419.pcap,01_pcap/Thursday-15-02-2018/capWIN-J6GMIG1DQE5-172.31.65.108.pcap,01_pcap/Thursday-15-02-2018/Thursday-15-02-2018_419.pcap
Thursday-15-02-2018,capWIN-J6GMIG1DQE5-172.31.65.114.pcap,Thursday-15-02-2018_420.pcap,01_pcap/Thursday-15-02-2018/capWIN-J6GMIG1DQE5-172.31.65.114.pcap,01_pcap/Thursday-15-02-2018/Thursday-15-02-2018_420.pcap
Thursday-15-02-2018,capWIN-J6GMIG1DQE5-172.31.65.115.pcap,Thursday-15-02-2018_421.pcap,01_pcap/Thursday-15-02-2018/capWIN-J6GMIG1DQE5-172.31.65.115.pcap,01_pcap/Thursday-15-02-2018/Thursday-15-02-2018_421.pcap
Thursday-15-02-2018,capWIN-J6GMIG1DQE5-172.31.65.116.pcap,Thursday-15-02-2018_422.pcap,01_pcap/Thursday-15-02-2018/capWIN-J6GMIG1DQE5-172.31.65.116.pcap,01_pcap/Thursday-15-02-2018/Thursday-15-02-2018_422.pcap
Thursday-15-02-2018,capWIN-J6GMIG1DQE5-172.31.65.125.pcap,Thursday-15-02-2018_423.pcap,01_pcap/Thursday-15-02-2018/capWIN-J6GMIG1DQE5-172.31.65.125.pcap,01_pcap/Thursday-15-02-2018/Thursday-15-02-2018_423.pcap
Thursday-15-02-2018,capWIN-J6GMIG1DQE5-172.31.67.4.pcap,Thursday-15-02-2018_424.pcap,01_pcap/Thursday-15-02-2018/capWIN-J6GMIG1DQE5-172.31.67.4.pcap,01_pcap/Thursday-15-02-2018/Thursday-15-02-2018_424.pcap
Thursday-15-02-2018,capWIN-J6GMIG1DQE5-172.31.67.8.pcap,Thursday-15-02-2018_425.pcap,01_pcap/Thursday-15-02-2018/capWIN-J6GMIG1DQE5-172.31.67.8.pcap,01_pcap/Thursday-15-02-2018/Thursday-15-02-2018_425.pcap
Thursday-15-02-2018,capWIN-J6GMIG1DQE5-172.31.67.19.pcap,Thursday-15-02-2018_426.pcap,01_pcap/Thursday-15-02-2018/capWIN-J6GMIG1DQE5-172.31.67.19.pcap,01_pcap/Thursday-15-02-2018/Thursday-15-02-2018_426.pcap
Thursday-15-02-2018,capWIN-J6GMIG1DQE5-172.31.67.22.pcap,Thursday-15-02-2018_427.pcap,01_pcap/Thursday-15-02-2018/capWIN-J6GMIG1DQE5-172.31.67.22.pcap,01_pcap/Thursday-15-02-2018/Thursday-15-02-2018_427.pcap
Thursday-15-02-2018,capWIN-J6GMIG1DQE5-172.31.67.26.pcap,Thursday-15-02-2018_428.pcap,01_pcap/Thursday-15-02-2018/capWIN-J6GMIG1DQE5-172.31.67.26.pcap,01_pcap/Thursday-15-02-2018/Thursday-15-02-2018_428.pcap
Thursday-15-02-2018,capWIN-J6GMIG1DQE5-172.31.67.30.pcap,Thursday-15-02-2018_429.pcap,01_pcap/Thursday-15-02-2018/capWIN-J6GMIG1DQE5-172.31.67.30.pcap,01_pcap/Thursday-15-02-2018/Thursday-15-02-2018_429.pcap
Thursday-15-02-2018,capWIN-J6GMIG1DQE5-172.31.67.34.pcap,Thursday-15-02-2018_430.pcap,01_pcap/Thursday-15-02-2018/capWIN-J6GMIG1DQE5-172.31.67.34.pcap,01_pcap/Thursday-15-02-2018/Thursday-15-02-2018_430.pcap
Thursday-15-02-2018,capWIN-J6GMIG1DQE5-172.31.67.40.pcap,Thursday-15-02-2018_431.pcap,01_pcap/Thursday-15-02-2018/capWIN-J6GMIG1DQE5-172.31.67.40.pcap,01_pcap/Thursday-15-02-2018/Thursday-15-02-2018_431.pcap
Thursday-15-02-2018,capWIN-J6GMIG1DQE5-172.31.67.62.pcap,Thursday-15-02-2018_432.pcap,01_pcap/Thursday-15-02-2018/capWIN-J6GMIG1DQE5-172.31.67.62.pcap,01_pcap/Thursday-15-02-2018/Thursday-15-02-2018_432.pcap
Thursday-15-02-2018,capWIN-J6GMIG1DQE5-172.31.67.70.pcap,Thursday-15-02-2018_433.pcap,01_pcap/Thursday-15-02-2018/capWIN-J6GMIG1DQE5-172.31.67.70.pcap,01_pcap/Thursday-15-02-2018/Thursday-15-02-2018_433.pcap
Thursday-15-02-2018,capWIN-J6GMIG1DQE5-172.31.67.71.pcap,Thursday-15-02-2018_434.pcap,01_pcap/Thursday-15-02-2018/capWIN-J6GMIG1DQE5-172.31.67.71.pcap,01_pcap/Thursday-15-02-2018/Thursday-15-02-2018_434.pcap
Thursday-15-02-2018,capWIN-J6GMIG1DQE5-172.31.67.72.pcap,Thursday-15-02-2018_435.pcap,01_pcap/Thursday-15-02-2018/capWIN-J6GMIG1DQE5-172.31.67.72.pcap,01_pcap/Thursday-15-02-2018/Thursday-15-02-2018_435.pcap
Thursday-15-02-2018,capWIN-J6GMIG1DQE5-172.31.67.83.pcap,Thursday-15-02-2018_436.pcap,01_pcap/Thursday-15-02-2018/capWIN-J6GMIG1DQE5-172.31.67.83.pcap,01_pcap/Thursday-15-02-2018/Thursday-15-02-2018_436.pcap
Thursday-15-02-2018,capWIN-J6GMIG1DQE5-172.31.67.89.pcap,Thursday-15-02-2018_437.pcap,01_pcap/Thursday-15-02-2018/capWIN-J6GMIG1DQE5-172.31.67.89.pcap,01_pcap/Thursday-15-02-2018/Thursday-15-02-2018_437.pcap
Thursday-15-02-2018,capWIN-J6GMIG1DQE5-172.31.67.93.pcap,Thursday-15-02-2018_438.pcap,01_pcap/Thursday-15-02-2018/capWIN-J6GMIG1DQE5-172.31.67.93.pcap,01_pcap/Thursday-15-02-2018/Thursday-15-02-2018_438.pcap
Thursday-15-02-2018,capWIN-J6GMIG1DQE5-172.31.67.95.pcap,Thursday-15-02-2018_439.pcap,01_pcap/Thursday-15-02-2018/capWIN-J6GMIG1DQE5-172.31.67.95.pcap,01_pcap/Thursday-15-02-2018/Thursday-15-02-2018_439.pcap
Thursday-15-02-2018,capWIN-J6GMIG1DQE5-172.31.67.98.pcap,Thursday-15-02-2018_440.pcap,01_pcap/Thursday-15-02-2018/capWIN-J6GMIG1DQE5-172.31.67.98.pcap,01_pcap/Thursday-15-02-2018/Thursday-15-02-2018_440.pcap
Thursday-15-02-2018,capWIN-J6GMIG1DQE5-172.31.67.105.pcap,Thursday-15-02-2018_441.pcap,01_pcap/Thursday-15-02-2018/capWIN-J6GMIG1DQE5-172.31.67.105.pcap,01_pcap/Thursday-15-02-2018/Thursday-15-02-2018_441.pcap
Thursday-15-02-2018,capWIN-J6GMIG1DQE5-172.31.67.109.pcap,Thursday-15-02-2018_442.pcap,01_pcap/Thursday-15-02-2018/capWIN-J6GMIG1DQE5-172.31.67.109.pcap,01_pcap/Thursday-15-02-2018/Thursday-15-02-2018_442.pcap
Thursday-15-02-2018,capWIN-J6GMIG1DQE5-172.31.67.114.pcap,Thursday-15-02-2018_443.pcap,01_pcap/Thursday-15-02-2018/capWIN-J6GMIG1DQE5-172.31.67.114.pcap,01_pcap/Thursday-15-02-2018/Thursday-15-02-2018_443.pcap
Thursday-15-02-2018,UCAP172.31.69.7.pcap,Thursday-15-02-2018_444.pcap,01_pcap/Thursday-15-02-2018/UCAP172.31.69.7.pcap,01_pcap/Thursday-15-02-2018/Thursday-15-02-2018_444.pcap
Thursday-15-02-2018,UCAP172.31.69.15.pcap,Thursday-15-02-2018_445.pcap,01_pcap/Thursday-15-02-2018/UCAP172.31.69.15.pcap,01_pcap/Thursday-15-02-2018/Thursday-15-02-2018_445.pcap
Thursday-15-02-2018,UCAP172.31.69.18.pcap,Thursday-15-02-2018_446.pcap,01_pcap/Thursday-15-02-2018/UCAP172.31.69.18.pcap,01_pcap/Thursday-15-02-2018/Thursday-15-02-2018_446.pcap
Thursday-15-02-2018,UCAP172.31.69.21.pcap,Thursday-15-02-2018_447.pcap,01_pcap/Thursday-15-02-2018/UCAP172.31.69.21.pcap,01_pcap/Thursday-15-02-2018/Thursday-15-02-2018_447.pcap
Thursday-15-02-2018,UCAP172.31.69.22.pcap,Thursday-15-02-2018_448.pcap,01_pcap/Thursday-15-02-2018/UCAP172.31.69.22.pcap,01_pcap/Thursday-15-02-2018/Thursday-15-02-2018_448.pcap
Thursday-15-02-2018,UCAP172.31.69.25.pcap,Thursday-15-02-2018_449.pcap,01_pcap/Thursday-15-02-2018/UCAP172.31.69.25.pcap,01_pcap/Thursday-15-02-2018/Thursday-15-02-2018_449.pcap
Thursday-15-02-2018,UCAP172.31.69.27.pcap,Thursday-15-02-2018_450.pcap,01_pcap/Thursday-15-02-2018/UCAP172.31.69.27.pcap,01_pcap/Thursday-15-02-2018/Thursday-15-02-2018_450.pcap
Thursday-22-02-2018,capDESKTOP-AN3U28N-172.31.64.17.pcap,Thursday-22-02-2018_1.pcap,01_pcap/Thursday-22-02-2018/capDESKTOP-AN3U28N-172.31.64.17.pcap,01_pcap/Thursday-22-02-2018/Thursday-22-02-2018_1.pcap
Thursday-22-02-2018,capDESKTOP-AN3U28N-172.31.64.26.pcap,Thursday-22-02-2018_2.pcap,01_pcap/Thursday-22-02-2018/capDESKTOP-AN3U28N-172.31.64.26.pcap,01_pcap/Thursday-22-02-2018/Thursday-22-02-2018_2.pcap
Thursday-22-02-2018,capDESKTOP-AN3U28N-172.31.64.35.pcap,Thursday-22-02-2018_3.pcap,01_pcap/Thursday-22-02-2018/capDESKTOP-AN3U28N-172.31.64.35.pcap,01_pcap/Thursday-22-02-2018/Thursday-22-02-2018_3.pcap
Thursday-22-02-2018,capDESKTOP-AN3U28N-172.31.64.38.pcap,Thursday-22-02-2018_4.pcap,01_pcap/Thursday-22-02-2018/capDESKTOP-AN3U28N-172.31.64.38.pcap,01_pcap/Thursday-22-02-2018/Thursday-22-02-2018_4.pcap
Thursday-22-02-2018,capDESKTOP-AN3U28N-172.31.64.46.pcap,Thursday-22-02-2018_5.pcap,01_pcap/Thursday-22-02-2018/capDESKTOP-AN3U28N-172.31.64.46.pcap,01_pcap/Thursday-22-02-2018/Thursday-22-02-2018_5.pcap
Thursday-22-02-2018,capDESKTOP-AN3U28N-172.31.64.54.pcap,Thursday-22-02-2018_6.pcap,01_pcap/Thursday-22-02-2018/capDESKTOP-AN3U28N-172.31.64.54.pcap,01_pcap/Thursday-22-02-2018/Thursday-22-02-2018_6.pcap
Thursday-22-02-2018,capDESKTOP-AN3U28N-172.31.64.63.pcap,Thursday-22-02-2018_7.pcap,01_pcap/Thursday-22-02-2018/capDESKTOP-AN3U28N-172.31.64.63.pcap,01_pcap/Thursday-22-02-2018/Thursday-22-02-2018_7.pcap
Thursday-22-02-2018,capDESKTOP-AN3U28N-172.31.64.65.pcap,Thursday-22-02-2018_8.pcap,01_pcap/Thursday-22-02-2018/capDESKTOP-AN3U28N-172.31.64.65.pcap,01_pcap/Thursday-22-02-2018/Thursday-22-02-2018_8.pcap
Thursday-22-02-2018,capDESKTOP-AN3U28N-172.31.64.67.pcap,Thursday-22-02-2018_9.pcap,01_pcap/Thursday-22-02-2018/capDESKTOP-AN3U28N-172.31.64.67.pcap,01_pcap/Thursday-22-02-2018/Thursday-22-02-2018_9.pcap
Thursday-22-02-2018,capDESKTOP-AN3U28N-172.31.64.71.pcap,Thursday-22-02-2018_10.pcap,01_pcap/Thursday-22-02-2018/capDESKTOP-AN3U28N-172.31.64.71.pcap,01_pcap/Thursday-22-02-2018/Thursday-22-02-2018_10.pcap
Thursday-22-02-2018,capDESKTOP-AN3U28N-172.31.64.75.pcap,Thursday-22-02-2018_11.pcap,01_pcap/Thursday-22-02-2018/capDESKTOP-AN3U28N-172.31.64.75.pcap,01_pcap/Thursday-22-02-2018/Thursday-22-02-2018_11.pcap
Thursday-22-02-2018,capDESKTOP-AN3U28N-172.31.64.76.pcap,Thursday-22-02-2018_12.pcap,01_pcap/Thursday-22-02-2018/capDESKTOP-AN3U28N-172.31.64.76.pcap,01_pcap/Thursday-22-02-2018/Thursday-22-02-2018_12.pcap
Thursday-22-02-2018,capDESKTOP-AN3U28N-172.31.64.84.pcap,Thursday-22-02-2018_13.pcap,01_pcap/Thursday-22-02-2018/capDESKTOP-AN3U28N-172.31.64.84.pcap,01_pcap/Thursday-22-02-2018/Thursday-22-02-2018_13.pcap
Thursday-22-02-2018,capDESKTOP-AN3U28N-172.31.64.95.pcap,Thursday-22-02-2018_14.pcap,01_pcap/Thursday-22-02-2018/capDESKTOP-AN3U28N-172.31.64.95.pcap,01_pcap/Thursday-22-02-2018/Thursday-22-02-2018_14.pcap
Thursday-22-02-2018,capDESKTOP-AN3U28N-172.31.64.99.pcap,Thursday-22-02-2018_15.pcap,01_pcap/Thursday-22-02-2018/capDESKTOP-AN3U28N-172.31.64.99.pcap,01_pcap/Thursday-22-02-2018/Thursday-22-02-2018_15.pcap
Thursday-22-02-2018,capDESKTOP-AN3U28N-172.31.64.111.pcap,Thursday-22-02-2018_16.pcap,01_pcap/Thursday-22-02-2018/capDESKTOP-AN3U28N-172.31.64.111.pcap,01_pcap/Thursday-22-02-2018/Thursday-22-02-2018_16.pcap
Thursday-22-02-2018,capDESKTOP-AN3U28N-172.31.64.115.pcap,Thursday-22-02-2018_17.pcap,01_pcap/Thursday-22-02-2018/capDESKTOP-AN3U28N-172.31.64.115.pcap,01_pcap/Thursday-22-02-2018/Thursday-22-02-2018_17.pcap
Thursday-22-02-2018,capDESKTOP-AN3U28N-172.31.64.118.pcap,Thursday-22-02-2018_18.pcap,01_pcap/Thursday-22-02-2018/capDESKTOP-AN3U28N-172.31.64.118.pcap,01_pcap/Thursday-22-02-2018/Thursday-22-02-2018_18.pcap
Thursday-22-02-2018,capDESKTOP-AN3U28N-172.31.64.122.pcap,Thursday-22-02-2018_19.pcap,01_pcap/Thursday-22-02-2018/capDESKTOP-AN3U28N-172.31.64.122.pcap,01_pcap/Thursday-22-02-2018/Thursday-22-02-2018_19.pcap
Thursday-22-02-2018,capDESKTOP-AN3U28N-172.31.64.125.pcap,Thursday-22-02-2018_20.pcap,01_pcap/Thursday-22-02-2018/capDESKTOP-AN3U28N-172.31.64.125.pcap,01_pcap/Thursday-22-02-2018/Thursday-22-02-2018_20.pcap
Thursday-22-02-2018,capDESKTOP-AN3U28N-172.31.64.126.pcap,Thursday-22-02-2018_21.pcap,01_pcap/Thursday-22-02-2018/capDESKTOP-AN3U28N-172.31.64.126.pcap,01_pcap/Thursday-22-02-2018/Thursday-22-02-2018_21.pcap
Thursday-22-02-2018,capDESKTOP-AN3U28N-172.31.65.10.pcap,Thursday-22-02-2018_22.pcap,01_pcap/Thursday-22-02-2018/capDESKTOP-AN3U28N-172.31.65.10.pcap,01_pcap/Thursday-22-02-2018/Thursday-22-02-2018_22.pcap
Thursday-22-02-2018,capDESKTOP-AN3U28N-172.31.65.14.pcap,Thursday-22-02-2018_23.pcap,01_pcap/Thursday-22-02-2018/capDESKTOP-AN3U28N-172.31.65.14.pcap,01_pcap/Thursday-22-02-2018/Thursday-22-02-2018_23.pcap
Thursday-22-02-2018,capDESKTOP-AN3U28N-172.31.65.28.pcap,Thursday-22-02-2018_24.pcap,01_pcap/Thursday-22-02-2018/capDESKTOP-AN3U28N-172.31.65.28.pcap,01_pcap/Thursday-22-02-2018/Thursday-22-02-2018_24.pcap
Thursday-22-02-2018,capDESKTOP-AN3U28N-172.31.65.29.pcap,Thursday-22-02-2018_25.pcap,01_pcap/Thursday-22-02-2018/capDESKTOP-AN3U28N-172.31.65.29.pcap,01_pcap/Thursday-22-02-2018/Thursday-22-02-2018_25.pcap
Thursday-22-02-2018,capDESKTOP-AN3U28N-172.31.65.34.pcap,Thursday-22-02-2018_26.pcap,01_pcap/Thursday-22-02-2018/capDESKTOP-AN3U28N-172.31.65.34.pcap,01_pcap/Thursday-22-02-2018/Thursday-22-02-2018_26.pcap
Thursday-22-02-2018,capDESKTOP-AN3U28N-172.31.65.40.pcap,Thursday-22-02-2018_27.pcap,01_pcap/Thursday-22-02-2018/capDESKTOP-AN3U28N-172.31.65.40.pcap,01_pcap/Thursday-22-02-2018/Thursday-22-02-2018_27.pcap
Thursday-22-02-2018,capDESKTOP-AN3U28N-172.31.65.50.pcap,Thursday-22-02-2018_28.pcap,01_pcap/Thursday-22-02-2018/capDESKTOP-AN3U28N-172.31.65.50.pcap,01_pcap/Thursday-22-02-2018/Thursday-22-02-2018_28.pcap
Thursday-22-02-2018,capDESKTOP-AN3U28N-172.31.65.56.pcap,Thursday-22-02-2018_29.pcap,01_pcap/Thursday-22-02-2018/capDESKTOP-AN3U28N-172.31.65.56.pcap,01_pcap/Thursday-22-02-2018/Thursday-22-02-2018_29.pcap
Thursday-22-02-2018,capDESKTOP-AN3U28N-172.31.65.66.pcap,Thursday-22-02-2018_30.pcap,01_pcap/Thursday-22-02-2018/capDESKTOP-AN3U28N-172.31.65.66.pcap,01_pcap/Thursday-22-02-2018/Thursday-22-02-2018_30.pcap
Thursday-22-02-2018,capDESKTOP-AN3U28N-172.31.65.76.pcap,Thursday-22-02-2018_31.pcap,01_pcap/Thursday-22-02-2018/capDESKTOP-AN3U28N-172.31.65.76.pcap,01_pcap/Thursday-22-02-2018/Thursday-22-02-2018_31.pcap
Thursday-22-02-2018,capDESKTOP-AN3U28N-172.31.65.81.pcap,Thursday-22-02-2018_32.pcap,01_pcap/Thursday-22-02-2018/capDESKTOP-AN3U28N-172.31.65.81.pcap,01_pcap/Thursday-22-02-2018/Thursday-22-02-2018_32.pcap
Thursday-22-02-2018,capDESKTOP-AN3U28N-172.31.65.86.pcap,Thursday-22-02-2018_33.pcap,01_pcap/Thursday-22-02-2018/capDESKTOP-AN3U28N-172.31.65.86.pcap,01_pcap/Thursday-22-02-2018/Thursday-22-02-2018_33.pcap
Thursday-22-02-2018,capDESKTOP-AN3U28N-172.31.65.88.pcap,Thursday-22-02-2018_34.pcap,01_pcap/Thursday-22-02-2018/capDESKTOP-AN3U28N-172.31.65.88.pcap,01_pcap/Thursday-22-02-2018/Thursday-22-02-2018_34.pcap
Thursday-22-02-2018,capDESKTOP-AN3U28N-172.31.65.113.pcap,Thursday-22-02-2018_35.pcap,01_pcap/Thursday-22-02-2018/capDESKTOP-AN3U28N-172.31.65.113.pcap,01_pcap/Thursday-22-02-2018/Thursday-22-02-2018_35.pcap
Thursday-22-02-2018,capDESKTOP-AN3U28N-172.31.65.123.pcap,Thursday-22-02-2018_36.pcap,01_pcap/Thursday-22-02-2018/capDESKTOP-AN3U28N-172.31.65.123.pcap,01_pcap/Thursday-22-02-2018/Thursday-22-02-2018_36.pcap
Thursday-22-02-2018,capDESKTOP-AN3U28N-172.31.65.126.pcap,Thursday-22-02-2018_37.pcap,01_pcap/Thursday-22-02-2018/capDESKTOP-AN3U28N-172.31.65.126.pcap,01_pcap/Thursday-22-02-2018/Thursday-22-02-2018_37.pcap
Thursday-22-02-2018,capDESKTOP-AN3U28N-172.31.66.22.pcap,Thursday-22-02-2018_38.pcap,01_pcap/Thursday-22-02-2018/capDESKTOP-AN3U28N-172.31.66.22.pcap,01_pcap/Thursday-22-02-2018/Thursday-22-02-2018_38.pcap
Thursday-22-02-2018,capDESKTOP-AN3U28N-172.31.66.41.pcap,Thursday-22-02-2018_39.pcap,01_pcap/Thursday-22-02-2018/capDESKTOP-AN3U28N-172.31.66.41.pcap,01_pcap/Thursday-22-02-2018/Thursday-22-02-2018_39.pcap
Thursday-22-02-2018,capDESKTOP-AN3U28N-172.31.66.42.pcap,Thursday-22-02-2018_40.pcap,01_pcap/Thursday-22-02-2018/capDESKTOP-AN3U28N-172.31.66.42.pcap,01_pcap/Thursday-22-02-2018/Thursday-22-02-2018_40.pcap
Thursday-22-02-2018,capDESKTOP-AN3U28N-172.31.66.43.pcap,Thursday-22-02-2018_41.pcap,01_pcap/Thursday-22-02-2018/capDESKTOP-AN3U28N-172.31.66.43.pcap,01_pcap/Thursday-22-02-2018/Thursday-22-02-2018_41.pcap
Thursday-22-02-2018,capDESKTOP-AN3U28N-172.31.66.49.pcap,Thursday-22-02-2018_42.pcap,01_pcap/Thursday-22-02-2018/capDESKTOP-AN3U28N-172.31.66.49.pcap,01_pcap/Thursday-22-02-2018/Thursday-22-02-2018_42.pcap
Thursday-22-02-2018,capDESKTOP-AN3U28N-172.31.66.54.pcap,Thursday-22-02-2018_43.pcap,01_pcap/Thursday-22-02-2018/capDESKTOP-AN3U28N-172.31.66.54.pcap,01_pcap/Thursday-22-02-2018/Thursday-22-02-2018_43.pcap
Thursday-22-02-2018,capDESKTOP-AN3U28N-172.31.66.62.pcap,Thursday-22-02-2018_44.pcap,01_pcap/Thursday-22-02-2018/capDESKTOP-AN3U28N-172.31.66.62.pcap,01_pcap/Thursday-22-02-2018/Thursday-22-02-2018_44.pcap
Thursday-22-02-2018,capDESKTOP-AN3U28N-172.31.66.63.pcap,Thursday-22-02-2018_45.pcap,01_pcap/Thursday-22-02-2018/capDESKTOP-AN3U28N-172.31.66.63.pcap,01_pcap/Thursday-22-02-2018/Thursday-22-02-2018_45.pcap
Thursday-22-02-2018,capDESKTOP-AN3U28N-172.31.66.72.pcap,Thursday-22-02-2018_46.pcap,01_pcap/Thursday-22-02-2018/capDESKTOP-AN3U28N-172.31.66.72.pcap,01_pcap/Thursday-22-02-2018/Thursday-22-02-2018_46.pcap
Thursday-22-02-2018,capDESKTOP-AN3U28N-172.31.66.76.pcap,Thursday-22-02-2018_47.pcap,01_pcap/Thursday-22-02-2018/capDESKTOP-AN3U28N-172.31.66.76.pcap,01_pcap/Thursday-22-02-2018/Thursday-22-02-2018_47.pcap
Thursday-22-02-2018,capDESKTOP-AN3U28N-172.31.66.82.pcap,Thursday-22-02-2018_48.pcap,01_pcap/Thursday-22-02-2018/capDESKTOP-AN3U28N-172.31.66.82.pcap,01_pcap/Thursday-22-02-2018/Thursday-22-02-2018_48.pcap
Thursday-22-02-2018,capDESKTOP-AN3U28N-172.31.66.85.pcap,Thursday-22-02-2018_49.pcap,01_pcap/Thursday-22-02-2018/capDESKTOP-AN3U28N-172.31.66.85.pcap,01_pcap/Thursday-22-02-2018/Thursday-22-02-2018_49.pcap
Thursday-22-02-2018,capDESKTOP-AN3U28N-172.31.66.89.pcap,Thursday-22-02-2018_50.pcap,01_pcap/Thursday-22-02-2018/capDESKTOP-AN3U28N-172.31.66.89.pcap,01_pcap/Thursday-22-02-2018/Thursday-22-02-2018_50.pcap
Thursday-22-02-2018,capDESKTOP-AN3U28N-172.31.66.100.pcap,Thursday-22-02-2018_51.pcap,01_pcap/Thursday-22-02-2018/capDESKTOP-AN3U28N-172.31.66.100.pcap,01_pcap/Thursday-22-02-2018/Thursday-22-02-2018_51.pcap
Thursday-22-02-2018,capDESKTOP-AN3U28N-172.31.66.101.pcap,Thursday-22-02-2018_52.pcap,01_pcap/Thursday-22-02-2018/capDESKTOP-AN3U28N-172.31.66.101.pcap,01_pcap/Thursday-22-02-2018/Thursday-22-02-2018_52.pcap
Thursday-22-02-2018,capDESKTOP-AN3U28N-172.31.66.112.pcap,Thursday-22-02-2018_53.pcap,01_pcap/Thursday-22-02-2018/capDESKTOP-AN3U28N-172.31.66.112.pcap,01_pcap/Thursday-22-02-2018/Thursday-22-02-2018_53.pcap
Thursday-22-02-2018,capDESKTOP-AN3U28N-172.31.66.114.pcap,Thursday-22-02-2018_54.pcap,01_pcap/Thursday-22-02-2018/capDESKTOP-AN3U28N-172.31.66.114.pcap,01_pcap/Thursday-22-02-2018/Thursday-22-02-2018_54.pcap
Thursday-22-02-2018,capDESKTOP-AN3U28N-172.31.66.115.pcap,Thursday-22-02-2018_55.pcap,01_pcap/Thursday-22-02-2018/capDESKTOP-AN3U28N-172.31.66.115.pcap,01_pcap/Thursday-22-02-2018/Thursday-22-02-2018_55.pcap
Thursday-22-02-2018,capDESKTOP-AN3U28N-172.31.66.120.pcap,Thursday-22-02-2018_56.pcap,01_pcap/Thursday-22-02-2018/capDESKTOP-AN3U28N-172.31.66.120.pcap,01_pcap/Thursday-22-02-2018/Thursday-22-02-2018_56.pcap
Thursday-22-02-2018,capDESKTOP-AN3U28N-172.31.66.123.pcap,Thursday-22-02-2018_57.pcap,01_pcap/Thursday-22-02-2018/capDESKTOP-AN3U28N-172.31.66.123.pcap,01_pcap/Thursday-22-02-2018/Thursday-22-02-2018_57.pcap
Thursday-22-02-2018,capDESKTOP-AN3U28N-172.31.67.10.pcap,Thursday-22-02-2018_58.pcap,01_pcap/Thursday-22-02-2018/capDESKTOP-AN3U28N-172.31.67.10.pcap,01_pcap/Thursday-22-02-2018/Thursday-22-02-2018_58.pcap
Thursday-22-02-2018,capDESKTOP-AN3U28N-172.31.67.13.pcap,Thursday-22-02-2018_59.pcap,01_pcap/Thursday-22-02-2018/capDESKTOP-AN3U28N-172.31.67.13.pcap,01_pcap/Thursday-22-02-2018/Thursday-22-02-2018_59.pcap
Thursday-22-02-2018,capDESKTOP-AN3U28N-172.31.67.15.pcap,Thursday-22-02-2018_60.pcap,01_pcap/Thursday-22-02-2018/capDESKTOP-AN3U28N-172.31.67.15.pcap,01_pcap/Thursday-22-02-2018/Thursday-22-02-2018_60.pcap
Thursday-22-02-2018,capDESKTOP-AN3U28N-172.31.67.21.pcap,Thursday-22-02-2018_61.pcap,01_pcap/Thursday-22-02-2018/capDESKTOP-AN3U28N-172.31.67.21.pcap,01_pcap/Thursday-22-02-2018/Thursday-22-02-2018_61.pcap
Thursday-22-02-2018,capDESKTOP-AN3U28N-172.31.67.28.pcap,Thursday-22-02-2018_62.pcap,01_pcap/Thursday-22-02-2018/capDESKTOP-AN3U28N-172.31.67.28.pcap,01_pcap/Thursday-22-02-2018/Thursday-22-02-2018_62.pcap
Thursday-22-02-2018,capDESKTOP-AN3U28N-172.31.67.32.pcap,Thursday-22-02-2018_63.pcap,01_pcap/Thursday-22-02-2018/capDESKTOP-AN3U28N-172.31.67.32.pcap,01_pcap/Thursday-22-02-2018/Thursday-22-02-2018_63.pcap
Thursday-22-02-2018,capDESKTOP-AN3U28N-172.31.67.41.pcap,Thursday-22-02-2018_64.pcap,01_pcap/Thursday-22-02-2018/capDESKTOP-AN3U28N-172.31.67.41.pcap,01_pcap/Thursday-22-02-2018/Thursday-22-02-2018_64.pcap
Thursday-22-02-2018,capDESKTOP-AN3U28N-172.31.67.50.pcap,Thursday-22-02-2018_65.pcap,01_pcap/Thursday-22-02-2018/capDESKTOP-AN3U28N-172.31.67.50.pcap,01_pcap/Thursday-22-02-2018/Thursday-22-02-2018_65.pcap
Thursday-22-02-2018,capDESKTOP-AN3U28N-172.31.67.54.pcap,Thursday-22-02-2018_66.pcap,01_pcap/Thursday-22-02-2018/capDESKTOP-AN3U28N-172.31.67.54.pcap,01_pcap/Thursday-22-02-2018/Thursday-22-02-2018_66.pcap
Thursday-22-02-2018,capDESKTOP-AN3U28N-172.31.67.63.pcap,Thursday-22-02-2018_67.pcap,01_pcap/Thursday-22-02-2018/capDESKTOP-AN3U28N-172.31.67.63.pcap,01_pcap/Thursday-22-02-2018/Thursday-22-02-2018_67.pcap
Thursday-22-02-2018,capDESKTOP-AN3U28N-172.31.67.80.pcap,Thursday-22-02-2018_68.pcap,01_pcap/Thursday-22-02-2018/capDESKTOP-AN3U28N-172.31.67.80.pcap,01_pcap/Thursday-22-02-2018/Thursday-22-02-2018_68.pcap
Thursday-22-02-2018,capDESKTOP-AN3U28N-172.31.67.81.pcap,Thursday-22-02-2018_69.pcap,01_pcap/Thursday-22-02-2018/capDESKTOP-AN3U28N-172.31.67.81.pcap,01_pcap/Thursday-22-02-2018/Thursday-22-02-2018_69.pcap
Thursday-22-02-2018,capDESKTOP-AN3U28N-172.31.67.82.pcap,Thursday-22-02-2018_70.pcap,01_pcap/Thursday-22-02-2018/capDESKTOP-AN3U28N-172.31.67.82.pcap,01_pcap/Thursday-22-02-2018/Thursday-22-02-2018_70.pcap
Thursday-22-02-2018,capDESKTOP-AN3U28N-172.31.67.86.pcap,Thursday-22-02-2018_71.pcap,01_pcap/Thursday-22-02-2018/capDESKTOP-AN3U28N-172.31.67.86.pcap,01_pcap/Thursday-22-02-2018/Thursday-22-02-2018_71.pcap
Thursday-22-02-2018,capDESKTOP-AN3U28N-172.31.67.94.pcap,Thursday-22-02-2018_72.pcap,01_pcap/Thursday-22-02-2018/capDESKTOP-AN3U28N-172.31.67.94.pcap,01_pcap/Thursday-22-02-2018/Thursday-22-02-2018_72.pcap
Thursday-22-02-2018,capDESKTOP-AN3U28N-172.31.67.101.pcap,Thursday-22-02-2018_73.pcap,01_pcap/Thursday-22-02-2018/capDESKTOP-AN3U28N-172.31.67.101.pcap,01_pcap/Thursday-22-02-2018/Thursday-22-02-2018_73.pcap
Thursday-22-02-2018,capDESKTOP-AN3U28N-172.31.67.116.pcap,Thursday-22-02-2018_74.pcap,01_pcap/Thursday-22-02-2018/capDESKTOP-AN3U28N-172.31.67.116.pcap,01_pcap/Thursday-22-02-2018/Thursday-22-02-2018_74.pcap
Thursday-22-02-2018,capDESKTOP-AN3U28N-172.31.67.119.pcap,Thursday-22-02-2018_75.pcap,01_pcap/Thursday-22-02-2018/capDESKTOP-AN3U28N-172.31.67.119.pcap,01_pcap/Thursday-22-02-2018/Thursday-22-02-2018_75.pcap
Thursday-22-02-2018,capDESKTOP-AN3U28N-172.31.67.125.pcap,Thursday-22-02-2018_76.pcap,01_pcap/Thursday-22-02-2018/capDESKTOP-AN3U28N-172.31.67.125.pcap,01_pcap/Thursday-22-02-2018/Thursday-22-02-2018_76.pcap
Thursday-22-02-2018,capEC2AMAZ-O4EL3NG-172.31.64.4.pcap,Thursday-22-02-2018_77.pcap,01_pcap/Thursday-22-02-2018/capEC2AMAZ-O4EL3NG-172.31.64.4.pcap,01_pcap/Thursday-22-02-2018/Thursday-22-02-2018_77.pcap
Thursday-22-02-2018,capEC2AMAZ-O4EL3NG-172.31.64.7.pcap,Thursday-22-02-2018_78.pcap,01_pcap/Thursday-22-02-2018/capEC2AMAZ-O4EL3NG-172.31.64.7.pcap,01_pcap/Thursday-22-02-2018/Thursday-22-02-2018_78.pcap
Thursday-22-02-2018,capEC2AMAZ-O4EL3NG-172.31.64.8.pcap,Thursday-22-02-2018_79.pcap,01_pcap/Thursday-22-02-2018/capEC2AMAZ-O4EL3NG-172.31.64.8.pcap,01_pcap/Thursday-22-02-2018/Thursday-22-02-2018_79.pcap
Thursday-22-02-2018,capEC2AMAZ-O4EL3NG-172.31.64.11.pcap,Thursday-22-02-2018_80.pcap,01_pcap/Thursday-22-02-2018/capEC2AMAZ-O4EL3NG-172.31.64.11.pcap,01_pcap/Thursday-22-02-2018/Thursday-22-02-2018_80.pcap
Thursday-22-02-2018,capEC2AMAZ-O4EL3NG-172.31.64.13.pcap,Thursday-22-02-2018_81.pcap,01_pcap/Thursday-22-02-2018/capEC2AMAZ-O4EL3NG-172.31.64.13.pcap,01_pcap/Thursday-22-02-2018/Thursday-22-02-2018_81.pcap
Thursday-22-02-2018,capEC2AMAZ-O4EL3NG-172.31.64.16.pcap,Thursday-22-02-2018_82.pcap,01_pcap/Thursday-22-02-2018/capEC2AMAZ-O4EL3NG-172.31.64.16.pcap,01_pcap/Thursday-22-02-2018/Thursday-22-02-2018_82.pcap
Thursday-22-02-2018,capEC2AMAZ-O4EL3NG-172.31.64.19.pcap,Thursday-22-02-2018_83.pcap,01_pcap/Thursday-22-02-2018/capEC2AMAZ-O4EL3NG-172.31.64.19.pcap,01_pcap/Thursday-22-02-2018/Thursday-22-02-2018_83.pcap
Thursday-22-02-2018,capEC2AMAZ-O4EL3NG-172.31.64.27.pcap,Thursday-22-02-2018_84.pcap,01_pcap/Thursday-22-02-2018/capEC2AMAZ-O4EL3NG-172.31.64.27.pcap,01_pcap/Thursday-22-02-2018/Thursday-22-02-2018_84.pcap
Thursday-22-02-2018,capEC2AMAZ-O4EL3NG-172.31.64.28.pcap,Thursday-22-02-2018_85.pcap,01_pcap/Thursday-22-02-2018/capEC2AMAZ-O4EL3NG-172.31.64.28.pcap,01_pcap/Thursday-22-02-2018/Thursday-22-02-2018_85.pcap
Thursday-22-02-2018,capEC2AMAZ-O4EL3NG-172.31.64.29.pcap,Thursday-22-02-2018_86.pcap,01_pcap/Thursday-22-02-2018/capEC2AMAZ-O4EL3NG-172.31.64.29.pcap,01_pcap/Thursday-22-02-2018/Thursday-22-02-2018_86.pcap
Thursday-22-02-2018,capEC2AMAZ-O4EL3NG-172.31.64.42.pcap,Thursday-22-02-2018_87.pcap,01_pcap/Thursday-22-02-2018/capEC2AMAZ-O4EL3NG-172.31.64.42.pcap,01_pcap/Thursday-22-02-2018/Thursday-22-02-2018_87.pcap
Thursday-22-02-2018,capEC2AMAZ-O4EL3NG-172.31.64.44.pcap,Thursday-22-02-2018_88.pcap,01_pcap/Thursday-22-02-2018/capEC2AMAZ-O4EL3NG-172.31.64.44.pcap,01_pcap/Thursday-22-02-2018/Thursday-22-02-2018_88.pcap
Thursday-22-02-2018,capEC2AMAZ-O4EL3NG-172.31.64.45.pcap,Thursday-22-02-2018_89.pcap,01_pcap/Thursday-22-02-2018/capEC2AMAZ-O4EL3NG-172.31.64.45.pcap,01_pcap/Thursday-22-02-2018/Thursday-22-02-2018_89.pcap
Thursday-22-02-2018,capEC2AMAZ-O4EL3NG-172.31.64.49.pcap,Thursday-22-02-2018_90.pcap,01_pcap/Thursday-22-02-2018/capEC2AMAZ-O4EL3NG-172.31.64.49.pcap,01_pcap/Thursday-22-02-2018/Thursday-22-02-2018_90.pcap
Thursday-22-02-2018,capEC2AMAZ-O4EL3NG-172.31.64.51.pcap,Thursday-22-02-2018_91.pcap,01_pcap/Thursday-22-02-2018/capEC2AMAZ-O4EL3NG-172.31.64.51.pcap,01_pcap/Thursday-22-02-2018/Thursday-22-02-2018_91.pcap
Thursday-22-02-2018,capEC2AMAZ-O4EL3NG-172.31.64.58.pcap,Thursday-22-02-2018_92.pcap,01_pcap/Thursday-22-02-2018/capEC2AMAZ-O4EL3NG-172.31.64.58.pcap,01_pcap/Thursday-22-02-2018/Thursday-22-02-2018_92.pcap
Thursday-22-02-2018,capEC2AMAZ-O4EL3NG-172.31.64.60.pcap,Thursday-22-02-2018_93.pcap,01_pcap/Thursday-22-02-2018/capEC2AMAZ-O4EL3NG-172.31.64.60.pcap,01_pcap/Thursday-22-02-2018/Thursday-22-02-2018_93.pcap
Thursday-22-02-2018,capEC2AMAZ-O4EL3NG-172.31.64.68.pcap,Thursday-22-02-2018_94.pcap,01_pcap/Thursday-22-02-2018/capEC2AMAZ-O4EL3NG-172.31.64.68.pcap,01_pcap/Thursday-22-02-2018/Thursday-22-02-2018_94.pcap
Thursday-22-02-2018,capEC2AMAZ-O4EL3NG-172.31.64.69.pcap,Thursday-22-02-2018_95.pcap,01_pcap/Thursday-22-02-2018/capEC2AMAZ-O4EL3NG-172.31.64.69.pcap,01_pcap/Thursday-22-02-2018/Thursday-22-02-2018_95.pcap
Thursday-22-02-2018,capEC2AMAZ-O4EL3NG-172.31.64.70.pcap,Thursday-22-02-2018_96.pcap,01_pcap/Thursday-22-02-2018/capEC2AMAZ-O4EL3NG-172.31.64.70.pcap,01_pcap/Thursday-22-02-2018/Thursday-22-02-2018_96.pcap
Thursday-22-02-2018,capEC2AMAZ-O4EL3NG-172.31.64.72.pcap,Thursday-22-02-2018_97.pcap,01_pcap/Thursday-22-02-2018/capEC2AMAZ-O4EL3NG-172.31.64.72.pcap,01_pcap/Thursday-22-02-2018/Thursday-22-02-2018_97.pcap
Thursday-22-02-2018,capEC2AMAZ-O4EL3NG-172.31.64.73.pcap,Thursday-22-02-2018_98.pcap,01_pcap/Thursday-22-02-2018/capEC2AMAZ-O4EL3NG-172.31.64.73.pcap,01_pcap/Thursday-22-02-2018/Thursday-22-02-2018_98.pcap
Thursday-22-02-2018,capEC2AMAZ-O4EL3NG-172.31.64.77.pcap,Thursday-22-02-2018_99.pcap,01_pcap/Thursday-22-02-2018/capEC2AMAZ-O4EL3NG-172.31.64.77.pcap,01_pcap/Thursday-22-02-2018/Thursday-22-02-2018_99.pcap
Thursday-22-02-2018,capEC2AMAZ-O4EL3NG-172.31.64.79.pcap,Thursday-22-02-2018_100.pcap,01_pcap/Thursday-22-02-2018/capEC2AMAZ-O4EL3NG-172.31.64.79.pcap,01_pcap/Thursday-22-02-2018/Thursday-22-02-2018_100.pcap
Thursday-22-02-2018,capEC2AMAZ-O4EL3NG-172.31.64.81.pcap,Thursday-22-02-2018_101.pcap,01_pcap/Thursday-22-02-2018/capEC2AMAZ-O4EL3NG-172.31.64.81.pcap,01_pcap/Thursday-22-02-2018/Thursday-22-02-2018_101.pcap
Thursday-22-02-2018,capEC2AMAZ-O4EL3NG-172.31.64.83.pcap,Thursday-22-02-2018_102.pcap,01_pcap/Thursday-22-02-2018/capEC2AMAZ-O4EL3NG-172.31.64.83.pcap,01_pcap/Thursday-22-02-2018/Thursday-22-02-2018_102.pcap
Thursday-22-02-2018,capEC2AMAZ-O4EL3NG-172.31.64.85.pcap,Thursday-22-02-2018_103.pcap,01_pcap/Thursday-22-02-2018/capEC2AMAZ-O4EL3NG-172.31.64.85.pcap,01_pcap/Thursday-22-02-2018/Thursday-22-02-2018_103.pcap
Thursday-22-02-2018,capEC2AMAZ-O4EL3NG-172.31.64.87.pcap,Thursday-22-02-2018_104.pcap,01_pcap/Thursday-22-02-2018/capEC2AMAZ-O4EL3NG-172.31.64.87.pcap,01_pcap/Thursday-22-02-2018/Thursday-22-02-2018_104.pcap
Thursday-22-02-2018,capEC2AMAZ-O4EL3NG-172.31.64.92.pcap,Thursday-22-02-2018_105.pcap,01_pcap/Thursday-22-02-2018/capEC2AMAZ-O4EL3NG-172.31.64.92.pcap,01_pcap/Thursday-22-02-2018/Thursday-22-02-2018_105.pcap
Thursday-22-02-2018,capEC2AMAZ-O4EL3NG-172.31.64.96.pcap,Thursday-22-02-2018_106.pcap,01_pcap/Thursday-22-02-2018/capEC2AMAZ-O4EL3NG-172.31.64.96.pcap,01_pcap/Thursday-22-02-2018/Thursday-22-02-2018_106.pcap
Thursday-22-02-2018,capEC2AMAZ-O4EL3NG-172.31.64.100.pcap,Thursday-22-02-2018_107.pcap,01_pcap/Thursday-22-02-2018/capEC2AMAZ-O4EL3NG-172.31.64.100.pcap,01_pcap/Thursday-22-02-2018/Thursday-22-02-2018_107.pcap
Thursday-22-02-2018,capEC2AMAZ-O4EL3NG-172.31.64.101.pcap,Thursday-22-02-2018_108.pcap,01_pcap/Thursday-22-02-2018/capEC2AMAZ-O4EL3NG-172.31.64.101.pcap,01_pcap/Thursday-22-02-2018/Thursday-22-02-2018_108.pcap
Thursday-22-02-2018,capEC2AMAZ-O4EL3NG-172.31.64.103.pcap,Thursday-22-02-2018_109.pcap,01_pcap/Thursday-22-02-2018/capEC2AMAZ-O4EL3NG-172.31.64.103.pcap,01_pcap/Thursday-22-02-2018/Thursday-22-02-2018_109.pcap
Thursday-22-02-2018,capEC2AMAZ-O4EL3NG-172.31.64.104.pcap,Thursday-22-02-2018_110.pcap,01_pcap/Thursday-22-02-2018/capEC2AMAZ-O4EL3NG-172.31.64.104.pcap,01_pcap/Thursday-22-02-2018/Thursday-22-02-2018_110.pcap
Thursday-22-02-2018,capEC2AMAZ-O4EL3NG-172.31.64.107.pcap,Thursday-22-02-2018_111.pcap,01_pcap/Thursday-22-02-2018/capEC2AMAZ-O4EL3NG-172.31.64.107.pcap,01_pcap/Thursday-22-02-2018/Thursday-22-02-2018_111.pcap
Thursday-22-02-2018,capEC2AMAZ-O4EL3NG-172.31.64.108.pcap,Thursday-22-02-2018_112.pcap,01_pcap/Thursday-22-02-2018/capEC2AMAZ-O4EL3NG-172.31.64.108.pcap,01_pcap/Thursday-22-02-2018/Thursday-22-02-2018_112.pcap
Thursday-22-02-2018,capEC2AMAZ-O4EL3NG-172.31.64.109.pcap,Thursday-22-02-2018_113.pcap,01_pcap/Thursday-22-02-2018/capEC2AMAZ-O4EL3NG-172.31.64.109.pcap,01_pcap/Thursday-22-02-2018/Thursday-22-02-2018_113.pcap
Thursday-22-02-2018,capEC2AMAZ-O4EL3NG-172.31.64.110.pcap,Thursday-22-02-2018_114.pcap,01_pcap/Thursday-22-02-2018/capEC2AMAZ-O4EL3NG-172.31.64.110.pcap,01_pcap/Thursday-22-02-2018/Thursday-22-02-2018_114.pcap
Thursday-22-02-2018,capEC2AMAZ-O4EL3NG-172.31.64.119.pcap,Thursday-22-02-2018_115.pcap,01_pcap/Thursday-22-02-2018/capEC2AMAZ-O4EL3NG-172.31.64.119.pcap,01_pcap/Thursday-22-02-2018/Thursday-22-02-2018_115.pcap
Thursday-22-02-2018,capEC2AMAZ-O4EL3NG-172.31.64.123.pcap,Thursday-22-02-2018_116.pcap,01_pcap/Thursday-22-02-2018/capEC2AMAZ-O4EL3NG-172.31.64.123.pcap,01_pcap/Thursday-22-02-2018/Thursday-22-02-2018_116.pcap
Thursday-22-02-2018,capEC2AMAZ-O4EL3NG-172.31.64.124.pcap,Thursday-22-02-2018_117.pcap,01_pcap/Thursday-22-02-2018/capEC2AMAZ-O4EL3NG-172.31.64.124.pcap,01_pcap/Thursday-22-02-2018/Thursday-22-02-2018_117.pcap
Thursday-22-02-2018,capEC2AMAZ-O4EL3NG-172.31.65.5.pcap,Thursday-22-02-2018_118.pcap,01_pcap/Thursday-22-02-2018/capEC2AMAZ-O4EL3NG-172.31.65.5.pcap,01_pcap/Thursday-22-02-2018/Thursday-22-02-2018_118.pcap
Thursday-22-02-2018,capEC2AMAZ-O4EL3NG-172.31.65.8.pcap,Thursday-22-02-2018_119.pcap,01_pcap/Thursday-22-02-2018/capEC2AMAZ-O4EL3NG-172.31.65.8.pcap,01_pcap/Thursday-22-02-2018/Thursday-22-02-2018_119.pcap
Thursday-22-02-2018,capEC2AMAZ-O4EL3NG-172.31.65.18.pcap,Thursday-22-02-2018_120.pcap,01_pcap/Thursday-22-02-2018/capEC2AMAZ-O4EL3NG-172.31.65.18.pcap,01_pcap/Thursday-22-02-2018/Thursday-22-02-2018_120.pcap
Thursday-22-02-2018,capEC2AMAZ-O4EL3NG-172.31.65.27.pcap,Thursday-22-02-2018_121.pcap,01_pcap/Thursday-22-02-2018/capEC2AMAZ-O4EL3NG-172.31.65.27.pcap,01_pcap/Thursday-22-02-2018/Thursday-22-02-2018_121.pcap
Thursday-22-02-2018,capEC2AMAZ-O4EL3NG-172.31.65.30.pcap,Thursday-22-02-2018_122.pcap,01_pcap/Thursday-22-02-2018/capEC2AMAZ-O4EL3NG-172.31.65.30.pcap,01_pcap/Thursday-22-02-2018/Thursday-22-02-2018_122.pcap
Thursday-22-02-2018,capEC2AMAZ-O4EL3NG-172.31.65.32.pcap,Thursday-22-02-2018_123.pcap,01_pcap/Thursday-22-02-2018/capEC2AMAZ-O4EL3NG-172.31.65.32.pcap,01_pcap/Thursday-22-02-2018/Thursday-22-02-2018_123.pcap
Thursday-22-02-2018,capEC2AMAZ-O4EL3NG-172.31.65.33.pcap,Thursday-22-02-2018_124.pcap,01_pcap/Thursday-22-02-2018/capEC2AMAZ-O4EL3NG-172.31.65.33.pcap,01_pcap/Thursday-22-02-2018/Thursday-22-02-2018_124.pcap
Thursday-22-02-2018,capEC2AMAZ-O4EL3NG-172.31.65.36.pcap,Thursday-22-02-2018_125.pcap,01_pcap/Thursday-22-02-2018/capEC2AMAZ-O4EL3NG-172.31.65.36.pcap,01_pcap/Thursday-22-02-2018/Thursday-22-02-2018_125.pcap
Thursday-22-02-2018,capEC2AMAZ-O4EL3NG-172.31.65.37.pcap,Thursday-22-02-2018_126.pcap,01_pcap/Thursday-22-02-2018/capEC2AMAZ-O4EL3NG-172.31.65.37.pcap,01_pcap/Thursday-22-02-2018/Thursday-22-02-2018_126.pcap
Thursday-22-02-2018,capEC2AMAZ-O4EL3NG-172.31.65.39.pcap,Thursday-22-02-2018_127.pcap,01_pcap/Thursday-22-02-2018/capEC2AMAZ-O4EL3NG-172.31.65.39.pcap,01_pcap/Thursday-22-02-2018/Thursday-22-02-2018_127.pcap
Thursday-22-02-2018,capEC2AMAZ-O4EL3NG-172.31.65.41.pcap,Thursday-22-02-2018_128.pcap,01_pcap/Thursday-22-02-2018/capEC2AMAZ-O4EL3NG-172.31.65.41.pcap,01_pcap/Thursday-22-02-2018/Thursday-22-02-2018_128.pcap
Thursday-22-02-2018,capEC2AMAZ-O4EL3NG-172.31.65.43.pcap,Thursday-22-02-2018_129.pcap,01_pcap/Thursday-22-02-2018/capEC2AMAZ-O4EL3NG-172.31.65.43.pcap,01_pcap/Thursday-22-02-2018/Thursday-22-02-2018_129.pcap
Thursday-22-02-2018,capEC2AMAZ-O4EL3NG-172.31.65.44.pcap,Thursday-22-02-2018_130.pcap,01_pcap/Thursday-22-02-2018/capEC2AMAZ-O4EL3NG-172.31.65.44.pcap,01_pcap/Thursday-22-02-2018/Thursday-22-02-2018_130.pcap
Thursday-22-02-2018,capEC2AMAZ-O4EL3NG-172.31.65.45.pcap,Thursday-22-02-2018_131.pcap,01_pcap/Thursday-22-02-2018/capEC2AMAZ-O4EL3NG-172.31.65.45.pcap,01_pcap/Thursday-22-02-2018/Thursday-22-02-2018_131.pcap
Thursday-22-02-2018,capEC2AMAZ-O4EL3NG-172.31.65.59.pcap,Thursday-22-02-2018_132.pcap,01_pcap/Thursday-22-02-2018/capEC2AMAZ-O4EL3NG-172.31.65.59.pcap,01_pcap/Thursday-22-02-2018/Thursday-22-02-2018_132.pcap
Thursday-22-02-2018,capEC2AMAZ-O4EL3NG-172.31.65.64.pcap,Thursday-22-02-2018_133.pcap,01_pcap/Thursday-22-02-2018/capEC2AMAZ-O4EL3NG-172.31.65.64.pcap,01_pcap/Thursday-22-02-2018/Thursday-22-02-2018_133.pcap
Thursday-22-02-2018,capEC2AMAZ-O4EL3NG-172.31.65.65.pcap,Thursday-22-02-2018_134.pcap,01_pcap/Thursday-22-02-2018/capEC2AMAZ-O4EL3NG-172.31.65.65.pcap,01_pcap/Thursday-22-02-2018/Thursday-22-02-2018_134.pcap
Thursday-22-02-2018,capEC2AMAZ-O4EL3NG-172.31.65.71.pcap,Thursday-22-02-2018_135.pcap,01_pcap/Thursday-22-02-2018/capEC2AMAZ-O4EL3NG-172.31.65.71.pcap,01_pcap/Thursday-22-02-2018/Thursday-22-02-2018_135.pcap
Thursday-22-02-2018,capEC2AMAZ-O4EL3NG-172.31.65.72.pcap,Thursday-22-02-2018_136.pcap,01_pcap/Thursday-22-02-2018/capEC2AMAZ-O4EL3NG-172.31.65.72.pcap,01_pcap/Thursday-22-02-2018/Thursday-22-02-2018_136.pcap
Thursday-22-02-2018,capEC2AMAZ-O4EL3NG-172.31.65.75.pcap,Thursday-22-02-2018_137.pcap,01_pcap/Thursday-22-02-2018/capEC2AMAZ-O4EL3NG-172.31.65.75.pcap,01_pcap/Thursday-22-02-2018/Thursday-22-02-2018_137.pcap
Thursday-22-02-2018,capEC2AMAZ-O4EL3NG-172.31.65.82.pcap,Thursday-22-02-2018_138.pcap,01_pcap/Thursday-22-02-2018/capEC2AMAZ-O4EL3NG-172.31.65.82.pcap,01_pcap/Thursday-22-02-2018/Thursday-22-02-2018_138.pcap
Thursday-22-02-2018,capEC2AMAZ-O4EL3NG-172.31.65.84.pcap,Thursday-22-02-2018_139.pcap,01_pcap/Thursday-22-02-2018/capEC2AMAZ-O4EL3NG-172.31.65.84.pcap,01_pcap/Thursday-22-02-2018/Thursday-22-02-2018_139.pcap
Thursday-22-02-2018,capEC2AMAZ-O4EL3NG-172.31.65.85.pcap,Thursday-22-02-2018_140.pcap,01_pcap/Thursday-22-02-2018/capEC2AMAZ-O4EL3NG-172.31.65.85.pcap,01_pcap/Thursday-22-02-2018/Thursday-22-02-2018_140.pcap
Thursday-22-02-2018,capEC2AMAZ-O4EL3NG-172.31.65.91.pcap,Thursday-22-02-2018_141.pcap,01_pcap/Thursday-22-02-2018/capEC2AMAZ-O4EL3NG-172.31.65.91.pcap,01_pcap/Thursday-22-02-2018/Thursday-22-02-2018_141.pcap
Thursday-22-02-2018,capEC2AMAZ-O4EL3NG-172.31.65.93.pcap,Thursday-22-02-2018_142.pcap,01_pcap/Thursday-22-02-2018/capEC2AMAZ-O4EL3NG-172.31.65.93.pcap,01_pcap/Thursday-22-02-2018/Thursday-22-02-2018_142.pcap
Thursday-22-02-2018,capEC2AMAZ-O4EL3NG-172.31.65.96.pcap,Thursday-22-02-2018_143.pcap,01_pcap/Thursday-22-02-2018/capEC2AMAZ-O4EL3NG-172.31.65.96.pcap,01_pcap/Thursday-22-02-2018/Thursday-22-02-2018_143.pcap
Thursday-22-02-2018,capEC2AMAZ-O4EL3NG-172.31.65.98.pcap,Thursday-22-02-2018_144.pcap,01_pcap/Thursday-22-02-2018/capEC2AMAZ-O4EL3NG-172.31.65.98.pcap,01_pcap/Thursday-22-02-2018/Thursday-22-02-2018_144.pcap
Thursday-22-02-2018,capEC2AMAZ-O4EL3NG-172.31.65.107.pcap,Thursday-22-02-2018_145.pcap,01_pcap/Thursday-22-02-2018/capEC2AMAZ-O4EL3NG-172.31.65.107.pcap,01_pcap/Thursday-22-02-2018/Thursday-22-02-2018_145.pcap
Thursday-22-02-2018,capEC2AMAZ-O4EL3NG-172.31.65.109.pcap,Thursday-22-02-2018_146.pcap,01_pcap/Thursday-22-02-2018/capEC2AMAZ-O4EL3NG-172.31.65.109.pcap,01_pcap/Thursday-22-02-2018/Thursday-22-02-2018_146.pcap
Thursday-22-02-2018,capEC2AMAZ-O4EL3NG-172.31.65.112.pcap,Thursday-22-02-2018_147.pcap,01_pcap/Thursday-22-02-2018/capEC2AMAZ-O4EL3NG-172.31.65.112.pcap,01_pcap/Thursday-22-02-2018/Thursday-22-02-2018_147.pcap
Thursday-22-02-2018,capEC2AMAZ-O4EL3NG-172.31.65.118.pcap,Thursday-22-02-2018_148.pcap,01_pcap/Thursday-22-02-2018/capEC2AMAZ-O4EL3NG-172.31.65.118.pcap,01_pcap/Thursday-22-02-2018/Thursday-22-02-2018_148.pcap
Thursday-22-02-2018,capEC2AMAZ-O4EL3NG-172.31.65.119.pcap,Thursday-22-02-2018_149.pcap,01_pcap/Thursday-22-02-2018/capEC2AMAZ-O4EL3NG-172.31.65.119.pcap,01_pcap/Thursday-22-02-2018/Thursday-22-02-2018_149.pcap
Thursday-22-02-2018,capEC2AMAZ-O4EL3NG-172.31.65.121.pcap,Thursday-22-02-2018_150.pcap,01_pcap/Thursday-22-02-2018/capEC2AMAZ-O4EL3NG-172.31.65.121.pcap,01_pcap/Thursday-22-02-2018/Thursday-22-02-2018_150.pcap
Thursday-22-02-2018,capEC2AMAZ-O4EL3NG-172.31.65.122.pcap,Thursday-22-02-2018_151.pcap,01_pcap/Thursday-22-02-2018/capEC2AMAZ-O4EL3NG-172.31.65.122.pcap,01_pcap/Thursday-22-02-2018/Thursday-22-02-2018_151.pcap
Thursday-22-02-2018,capEC2AMAZ-O4EL3NG-172.31.66.5.pcap,Thursday-22-02-2018_152.pcap,01_pcap/Thursday-22-02-2018/capEC2AMAZ-O4EL3NG-172.31.66.5.pcap,01_pcap/Thursday-22-02-2018/Thursday-22-02-2018_152.pcap
Thursday-22-02-2018,capEC2AMAZ-O4EL3NG-172.31.66.7.pcap,Thursday-22-02-2018_153.pcap,01_pcap/Thursday-22-02-2018/capEC2AMAZ-O4EL3NG-172.31.66.7.pcap,01_pcap/Thursday-22-02-2018/Thursday-22-02-2018_153.pcap
Thursday-22-02-2018,capEC2AMAZ-O4EL3NG-172.31.66.8.pcap,Thursday-22-02-2018_154.pcap,01_pcap/Thursday-22-02-2018/capEC2AMAZ-O4EL3NG-172.31.66.8.pcap,01_pcap/Thursday-22-02-2018/Thursday-22-02-2018_154.pcap
Thursday-22-02-2018,capEC2AMAZ-O4EL3NG-172.31.66.11.pcap,Thursday-22-02-2018_155.pcap,01_pcap/Thursday-22-02-2018/capEC2AMAZ-O4EL3NG-172.31.66.11.pcap,01_pcap/Thursday-22-02-2018/Thursday-22-02-2018_155.pcap
Thursday-22-02-2018,capEC2AMAZ-O4EL3NG-172.31.66.12.pcap,Thursday-22-02-2018_156.pcap,01_pcap/Thursday-22-02-2018/capEC2AMAZ-O4EL3NG-172.31.66.12.pcap,01_pcap/Thursday-22-02-2018/Thursday-22-02-2018_156.pcap
Thursday-22-02-2018,capEC2AMAZ-O4EL3NG-172.31.66.13.pcap,Thursday-22-02-2018_157.pcap,01_pcap/Thursday-22-02-2018/capEC2AMAZ-O4EL3NG-172.31.66.13.pcap,01_pcap/Thursday-22-02-2018/Thursday-22-02-2018_157.pcap
Thursday-22-02-2018,capEC2AMAZ-O4EL3NG-172.31.66.14.pcap,Thursday-22-02-2018_158.pcap,01_pcap/Thursday-22-02-2018/capEC2AMAZ-O4EL3NG-172.31.66.14.pcap,01_pcap/Thursday-22-02-2018/Thursday-22-02-2018_158.pcap
Thursday-22-02-2018,capEC2AMAZ-O4EL3NG-172.31.66.16.pcap,Thursday-22-02-2018_159.pcap,01_pcap/Thursday-22-02-2018/capEC2AMAZ-O4EL3NG-172.31.66.16.pcap,01_pcap/Thursday-22-02-2018/Thursday-22-02-2018_159.pcap
Thursday-22-02-2018,capEC2AMAZ-O4EL3NG-172.31.66.17.pcap,Thursday-22-02-2018_160.pcap,01_pcap/Thursday-22-02-2018/capEC2AMAZ-O4EL3NG-172.31.66.17.pcap,01_pcap/Thursday-22-02-2018/Thursday-22-02-2018_160.pcap
Thursday-22-02-2018,capEC2AMAZ-O4EL3NG-172.31.66.20.pcap,Thursday-22-02-2018_161.pcap,01_pcap/Thursday-22-02-2018/capEC2AMAZ-O4EL3NG-172.31.66.20.pcap,01_pcap/Thursday-22-02-2018/Thursday-22-02-2018_161.pcap
Thursday-22-02-2018,capEC2AMAZ-O4EL3NG-172.31.66.25.pcap,Thursday-22-02-2018_162.pcap,01_pcap/Thursday-22-02-2018/capEC2AMAZ-O4EL3NG-172.31.66.25.pcap,01_pcap/Thursday-22-02-2018/Thursday-22-02-2018_162.pcap
Thursday-22-02-2018,capEC2AMAZ-O4EL3NG-172.31.66.26.pcap,Thursday-22-02-2018_163.pcap,01_pcap/Thursday-22-02-2018/capEC2AMAZ-O4EL3NG-172.31.66.26.pcap,01_pcap/Thursday-22-02-2018/Thursday-22-02-2018_163.pcap
Thursday-22-02-2018,capEC2AMAZ-O4EL3NG-172.31.66.28.pcap,Thursday-22-02-2018_164.pcap,01_pcap/Thursday-22-02-2018/capEC2AMAZ-O4EL3NG-172.31.66.28.pcap,01_pcap/Thursday-22-02-2018/Thursday-22-02-2018_164.pcap
Thursday-22-02-2018,capEC2AMAZ-O4EL3NG-172.31.66.29.pcap,Thursday-22-02-2018_165.pcap,01_pcap/Thursday-22-02-2018/capEC2AMAZ-O4EL3NG-172.31.66.29.pcap,01_pcap/Thursday-22-02-2018/Thursday-22-02-2018_165.pcap
Thursday-22-02-2018,capEC2AMAZ-O4EL3NG-172.31.66.34.pcap,Thursday-22-02-2018_166.pcap,01_pcap/Thursday-22-02-2018/capEC2AMAZ-O4EL3NG-172.31.66.34.pcap,01_pcap/Thursday-22-02-2018/Thursday-22-02-2018_166.pcap
Thursday-22-02-2018,capEC2AMAZ-O4EL3NG-172.31.66.35.pcap,Thursday-22-02-2018_167.pcap,01_pcap/Thursday-22-02-2018/capEC2AMAZ-O4EL3NG-172.31.66.35.pcap,01_pcap/Thursday-22-02-2018/Thursday-22-02-2018_167.pcap
Thursday-22-02-2018,capEC2AMAZ-O4EL3NG-172.31.66.37.pcap,Thursday-22-02-2018_168.pcap,01_pcap/Thursday-22-02-2018/capEC2AMAZ-O4EL3NG-172.31.66.37.pcap,01_pcap/Thursday-22-02-2018/Thursday-22-02-2018_168.pcap
Thursday-22-02-2018,capEC2AMAZ-O4EL3NG-172.31.66.38.pcap,Thursday-22-02-2018_169.pcap,01_pcap/Thursday-22-02-2018/capEC2AMAZ-O4EL3NG-172.31.66.38.pcap,01_pcap/Thursday-22-02-2018/Thursday-22-02-2018_169.pcap
Thursday-22-02-2018,capEC2AMAZ-O4EL3NG-172.31.66.40.pcap,Thursday-22-02-2018_170.pcap,01_pcap/Thursday-22-02-2018/capEC2AMAZ-O4EL3NG-172.31.66.40.pcap,01_pcap/Thursday-22-02-2018/Thursday-22-02-2018_170.pcap
Thursday-22-02-2018,capEC2AMAZ-O4EL3NG-172.31.66.44.pcap,Thursday-22-02-2018_171.pcap,01_pcap/Thursday-22-02-2018/capEC2AMAZ-O4EL3NG-172.31.66.44.pcap,01_pcap/Thursday-22-02-2018/Thursday-22-02-2018_171.pcap
Thursday-22-02-2018,capEC2AMAZ-O4EL3NG-172.31.66.48.pcap,Thursday-22-02-2018_172.pcap,01_pcap/Thursday-22-02-2018/capEC2AMAZ-O4EL3NG-172.31.66.48.pcap,01_pcap/Thursday-22-02-2018/Thursday-22-02-2018_172.pcap
Thursday-22-02-2018,capEC2AMAZ-O4EL3NG-172.31.66.50.pcap,Thursday-22-02-2018_173.pcap,01_pcap/Thursday-22-02-2018/capEC2AMAZ-O4EL3NG-172.31.66.50.pcap,01_pcap/Thursday-22-02-2018/Thursday-22-02-2018_173.pcap
Thursday-22-02-2018,capEC2AMAZ-O4EL3NG-172.31.66.51.pcap,Thursday-22-02-2018_174.pcap,01_pcap/Thursday-22-02-2018/capEC2AMAZ-O4EL3NG-172.31.66.51.pcap,01_pcap/Thursday-22-02-2018/Thursday-22-02-2018_174.pcap
Thursday-22-02-2018,capEC2AMAZ-O4EL3NG-172.31.66.53.pcap,Thursday-22-02-2018_175.pcap,01_pcap/Thursday-22-02-2018/capEC2AMAZ-O4EL3NG-172.31.66.53.pcap,01_pcap/Thursday-22-02-2018/Thursday-22-02-2018_175.pcap
Thursday-22-02-2018,capEC2AMAZ-O4EL3NG-172.31.66.55.pcap,Thursday-22-02-2018_176.pcap,01_pcap/Thursday-22-02-2018/capEC2AMAZ-O4EL3NG-172.31.66.55.pcap,01_pcap/Thursday-22-02-2018/Thursday-22-02-2018_176.pcap
Thursday-22-02-2018,capEC2AMAZ-O4EL3NG-172.31.66.56.pcap,Thursday-22-02-2018_177.pcap,01_pcap/Thursday-22-02-2018/capEC2AMAZ-O4EL3NG-172.31.66.56.pcap,01_pcap/Thursday-22-02-2018/Thursday-22-02-2018_177.pcap
Thursday-22-02-2018,capEC2AMAZ-O4EL3NG-172.31.66.57.pcap,Thursday-22-02-2018_178.pcap,01_pcap/Thursday-22-02-2018/capEC2AMAZ-O4EL3NG-172.31.66.57.pcap,01_pcap/Thursday-22-02-2018/Thursday-22-02-2018_178.pcap
Thursday-22-02-2018,capEC2AMAZ-O4EL3NG-172.31.66.60.pcap,Thursday-22-02-2018_179.pcap,01_pcap/Thursday-22-02-2018/capEC2AMAZ-O4EL3NG-172.31.66.60.pcap,01_pcap/Thursday-22-02-2018/Thursday-22-02-2018_179.pcap
Thursday-22-02-2018,capEC2AMAZ-O4EL3NG-172.31.66.61.pcap,Thursday-22-02-2018_180.pcap,01_pcap/Thursday-22-02-2018/capEC2AMAZ-O4EL3NG-172.31.66.61.pcap,01_pcap/Thursday-22-02-2018/Thursday-22-02-2018_180.pcap
Thursday-22-02-2018,capEC2AMAZ-O4EL3NG-172.31.66.64.pcap,Thursday-22-02-2018_181.pcap,01_pcap/Thursday-22-02-2018/capEC2AMAZ-O4EL3NG-172.31.66.64.pcap,01_pcap/Thursday-22-02-2018/Thursday-22-02-2018_181.pcap
Thursday-22-02-2018,capEC2AMAZ-O4EL3NG-172.31.66.65.pcap,Thursday-22-02-2018_182.pcap,01_pcap/Thursday-22-02-2018/capEC2AMAZ-O4EL3NG-172.31.66.65.pcap,01_pcap/Thursday-22-02-2018/Thursday-22-02-2018_182.pcap
Thursday-22-02-2018,capEC2AMAZ-O4EL3NG-172.31.66.66.pcap,Thursday-22-02-2018_183.pcap,01_pcap/Thursday-22-02-2018/capEC2AMAZ-O4EL3NG-172.31.66.66.pcap,01_pcap/Thursday-22-02-2018/Thursday-22-02-2018_183.pcap
Thursday-22-02-2018,capEC2AMAZ-O4EL3NG-172.31.66.68.pcap,Thursday-22-02-2018_184.pcap,01_pcap/Thursday-22-02-2018/capEC2AMAZ-O4EL3NG-172.31.66.68.pcap,01_pcap/Thursday-22-02-2018/Thursday-22-02-2018_184.pcap
Thursday-22-02-2018,capEC2AMAZ-O4EL3NG-172.31.66.70.pcap,Thursday-22-02-2018_185.pcap,01_pcap/Thursday-22-02-2018/capEC2AMAZ-O4EL3NG-172.31.66.70.pcap,01_pcap/Thursday-22-02-2018/Thursday-22-02-2018_185.pcap
Thursday-22-02-2018,capEC2AMAZ-O4EL3NG-172.31.66.71.pcap,Thursday-22-02-2018_186.pcap,01_pcap/Thursday-22-02-2018/capEC2AMAZ-O4EL3NG-172.31.66.71.pcap,01_pcap/Thursday-22-02-2018/Thursday-22-02-2018_186.pcap
Thursday-22-02-2018,capEC2AMAZ-O4EL3NG-172.31.66.73.pcap,Thursday-22-02-2018_187.pcap,01_pcap/Thursday-22-02-2018/capEC2AMAZ-O4EL3NG-172.31.66.73.pcap,01_pcap/Thursday-22-02-2018/Thursday-22-02-2018_187.pcap
Thursday-22-02-2018,capEC2AMAZ-O4EL3NG-172.31.66.74.pcap,Thursday-22-02-2018_188.pcap,01_pcap/Thursday-22-02-2018/capEC2AMAZ-O4EL3NG-172.31.66.74.pcap,01_pcap/Thursday-22-02-2018/Thursday-22-02-2018_188.pcap
Thursday-22-02-2018,capEC2AMAZ-O4EL3NG-172.31.66.75.pcap,Thursday-22-02-2018_189.pcap,01_pcap/Thursday-22-02-2018/capEC2AMAZ-O4EL3NG-172.31.66.75.pcap,01_pcap/Thursday-22-02-2018/Thursday-22-02-2018_189.pcap
Thursday-22-02-2018,capEC2AMAZ-O4EL3NG-172.31.66.77.pcap,Thursday-22-02-2018_190.pcap,01_pcap/Thursday-22-02-2018/capEC2AMAZ-O4EL3NG-172.31.66.77.pcap,01_pcap/Thursday-22-02-2018/Thursday-22-02-2018_190.pcap
Thursday-22-02-2018,capEC2AMAZ-O4EL3NG-172.31.66.78.pcap,Thursday-22-02-2018_191.pcap,01_pcap/Thursday-22-02-2018/capEC2AMAZ-O4EL3NG-172.31.66.78.pcap,01_pcap/Thursday-22-02-2018/Thursday-22-02-2018_191.pcap
Thursday-22-02-2018,capEC2AMAZ-O4EL3NG-172.31.66.80.pcap,Thursday-22-02-2018_192.pcap,01_pcap/Thursday-22-02-2018/capEC2AMAZ-O4EL3NG-172.31.66.80.pcap,01_pcap/Thursday-22-02-2018/Thursday-22-02-2018_192.pcap
Thursday-22-02-2018,capEC2AMAZ-O4EL3NG-172.31.66.81.pcap,Thursday-22-02-2018_193.pcap,01_pcap/Thursday-22-02-2018/capEC2AMAZ-O4EL3NG-172.31.66.81.pcap,01_pcap/Thursday-22-02-2018/Thursday-22-02-2018_193.pcap
Thursday-22-02-2018,capEC2AMAZ-O4EL3NG-172.31.66.84.pcap,Thursday-22-02-2018_194.pcap,01_pcap/Thursday-22-02-2018/capEC2AMAZ-O4EL3NG-172.31.66.84.pcap,01_pcap/Thursday-22-02-2018/Thursday-22-02-2018_194.pcap
Thursday-22-02-2018,capEC2AMAZ-O4EL3NG-172.31.66.86.pcap,Thursday-22-02-2018_195.pcap,01_pcap/Thursday-22-02-2018/capEC2AMAZ-O4EL3NG-172.31.66.86.pcap,01_pcap/Thursday-22-02-2018/Thursday-22-02-2018_195.pcap
Thursday-22-02-2018,capEC2AMAZ-O4EL3NG-172.31.66.87.pcap,Thursday-22-02-2018_196.pcap,01_pcap/Thursday-22-02-2018/capEC2AMAZ-O4EL3NG-172.31.66.87.pcap,01_pcap/Thursday-22-02-2018/Thursday-22-02-2018_196.pcap
Thursday-22-02-2018,capEC2AMAZ-O4EL3NG-172.31.66.91.pcap,Thursday-22-02-2018_197.pcap,01_pcap/Thursday-22-02-2018/capEC2AMAZ-O4EL3NG-172.31.66.91.pcap,01_pcap/Thursday-22-02-2018/Thursday-22-02-2018_197.pcap
Thursday-22-02-2018,capEC2AMAZ-O4EL3NG-172.31.66.94.pcap,Thursday-22-02-2018_198.pcap,01_pcap/Thursday-22-02-2018/capEC2AMAZ-O4EL3NG-172.31.66.94.pcap,01_pcap/Thursday-22-02-2018/Thursday-22-02-2018_198.pcap
Thursday-22-02-2018,capEC2AMAZ-O4EL3NG-172.31.66.95.pcap,Thursday-22-02-2018_199.pcap,01_pcap/Thursday-22-02-2018/capEC2AMAZ-O4EL3NG-172.31.66.95.pcap,01_pcap/Thursday-22-02-2018/Thursday-22-02-2018_199.pcap
Thursday-22-02-2018,capEC2AMAZ-O4EL3NG-172.31.66.97.pcap,Thursday-22-02-2018_200.pcap,01_pcap/Thursday-22-02-2018/capEC2AMAZ-O4EL3NG-172.31.66.97.pcap,01_pcap/Thursday-22-02-2018/Thursday-22-02-2018_200.pcap
Thursday-22-02-2018,capEC2AMAZ-O4EL3NG-172.31.66.98.pcap,Thursday-22-02-2018_201.pcap,01_pcap/Thursday-22-02-2018/capEC2AMAZ-O4EL3NG-172.31.66.98.pcap,01_pcap/Thursday-22-02-2018/Thursday-22-02-2018_201.pcap
Thursday-22-02-2018,capEC2AMAZ-O4EL3NG-172.31.66.105.pcap,Thursday-22-02-2018_202.pcap,01_pcap/Thursday-22-02-2018/capEC2AMAZ-O4EL3NG-172.31.66.105.pcap,01_pcap/Thursday-22-02-2018/Thursday-22-02-2018_202.pcap
Thursday-22-02-2018,capEC2AMAZ-O4EL3NG-172.31.66.107.pcap,Thursday-22-02-2018_203.pcap,01_pcap/Thursday-22-02-2018/capEC2AMAZ-O4EL3NG-172.31.66.107.pcap,01_pcap/Thursday-22-02-2018/Thursday-22-02-2018_203.pcap
Thursday-22-02-2018,capEC2AMAZ-O4EL3NG-172.31.66.108.pcap,Thursday-22-02-2018_204.pcap,01_pcap/Thursday-22-02-2018/capEC2AMAZ-O4EL3NG-172.31.66.108.pcap,01_pcap/Thursday-22-02-2018/Thursday-22-02-2018_204.pcap
Thursday-22-02-2018,capEC2AMAZ-O4EL3NG-172.31.66.109.pcap,Thursday-22-02-2018_205.pcap,01_pcap/Thursday-22-02-2018/capEC2AMAZ-O4EL3NG-172.31.66.109.pcap,01_pcap/Thursday-22-02-2018/Thursday-22-02-2018_205.pcap
Thursday-22-02-2018,capEC2AMAZ-O4EL3NG-172.31.66.113.pcap,Thursday-22-02-2018_206.pcap,01_pcap/Thursday-22-02-2018/capEC2AMAZ-O4EL3NG-172.31.66.113.pcap,01_pcap/Thursday-22-02-2018/Thursday-22-02-2018_206.pcap
Thursday-22-02-2018,capEC2AMAZ-O4EL3NG-172.31.66.116.pcap,Thursday-22-02-2018_207.pcap,01_pcap/Thursday-22-02-2018/capEC2AMAZ-O4EL3NG-172.31.66.116.pcap,01_pcap/Thursday-22-02-2018/Thursday-22-02-2018_207.pcap
Thursday-22-02-2018,capEC2AMAZ-O4EL3NG-172.31.66.119.pcap,Thursday-22-02-2018_208.pcap,01_pcap/Thursday-22-02-2018/capEC2AMAZ-O4EL3NG-172.31.66.119.pcap,01_pcap/Thursday-22-02-2018/Thursday-22-02-2018_208.pcap
Thursday-22-02-2018,capEC2AMAZ-O4EL3NG-172.31.66.122.pcap,Thursday-22-02-2018_209.pcap,01_pcap/Thursday-22-02-2018/capEC2AMAZ-O4EL3NG-172.31.66.122.pcap,01_pcap/Thursday-22-02-2018/Thursday-22-02-2018_209.pcap
Thursday-22-02-2018,capEC2AMAZ-O4EL3NG-172.31.66.124.pcap,Thursday-22-02-2018_210.pcap,01_pcap/Thursday-22-02-2018/capEC2AMAZ-O4EL3NG-172.31.66.124.pcap,01_pcap/Thursday-22-02-2018/Thursday-22-02-2018_210.pcap
Thursday-22-02-2018,capEC2AMAZ-O4EL3NG-172.31.67.6.pcap,Thursday-22-02-2018_211.pcap,01_pcap/Thursday-22-02-2018/capEC2AMAZ-O4EL3NG-172.31.67.6.pcap,01_pcap/Thursday-22-02-2018/Thursday-22-02-2018_211.pcap
Thursday-22-02-2018,capEC2AMAZ-O4EL3NG-172.31.67.7.pcap,Thursday-22-02-2018_212.pcap,01_pcap/Thursday-22-02-2018/capEC2AMAZ-O4EL3NG-172.31.67.7.pcap,01_pcap/Thursday-22-02-2018/Thursday-22-02-2018_212.pcap
Thursday-22-02-2018,capEC2AMAZ-O4EL3NG-172.31.67.12.pcap,Thursday-22-02-2018_213.pcap,01_pcap/Thursday-22-02-2018/capEC2AMAZ-O4EL3NG-172.31.67.12.pcap,01_pcap/Thursday-22-02-2018/Thursday-22-02-2018_213.pcap
Thursday-22-02-2018,capEC2AMAZ-O4EL3NG-172.31.67.16.pcap,Thursday-22-02-2018_214.pcap,01_pcap/Thursday-22-02-2018/capEC2AMAZ-O4EL3NG-172.31.67.16.pcap,01_pcap/Thursday-22-02-2018/Thursday-22-02-2018_214.pcap
Thursday-22-02-2018,capEC2AMAZ-O4EL3NG-172.31.67.17.pcap,Thursday-22-02-2018_215.pcap,01_pcap/Thursday-22-02-2018/capEC2AMAZ-O4EL3NG-172.31.67.17.pcap,01_pcap/Thursday-22-02-2018/Thursday-22-02-2018_215.pcap
Thursday-22-02-2018,capEC2AMAZ-O4EL3NG-172.31.67.18.pcap,Thursday-22-02-2018_216.pcap,01_pcap/Thursday-22-02-2018/capEC2AMAZ-O4EL3NG-172.31.67.18.pcap,01_pcap/Thursday-22-02-2018/Thursday-22-02-2018_216.pcap
Thursday-22-02-2018,capEC2AMAZ-O4EL3NG-172.31.67.20.pcap,Thursday-22-02-2018_217.pcap,01_pcap/Thursday-22-02-2018/capEC2AMAZ-O4EL3NG-172.31.67.20.pcap,01_pcap/Thursday-22-02-2018/Thursday-22-02-2018_217.pcap
Thursday-22-02-2018,capEC2AMAZ-O4EL3NG-172.31.67.24.pcap,Thursday-22-02-2018_218.pcap,01_pcap/Thursday-22-02-2018/capEC2AMAZ-O4EL3NG-172.31.67.24.pcap,01_pcap/Thursday-22-02-2018/Thursday-22-02-2018_218.pcap
Thursday-22-02-2018,capEC2AMAZ-O4EL3NG-172.31.67.29.pcap,Thursday-22-02-2018_219.pcap,01_pcap/Thursday-22-02-2018/capEC2AMAZ-O4EL3NG-172.31.67.29.pcap,01_pcap/Thursday-22-02-2018/Thursday-22-02-2018_219.pcap
Thursday-22-02-2018,capEC2AMAZ-O4EL3NG-172.31.67.31.pcap,Thursday-22-02-2018_220.pcap,01_pcap/Thursday-22-02-2018/capEC2AMAZ-O4EL3NG-172.31.67.31.pcap,01_pcap/Thursday-22-02-2018/Thursday-22-02-2018_220.pcap
Thursday-22-02-2018,capEC2AMAZ-O4EL3NG-172.31.67.37.pcap,Thursday-22-02-2018_221.pcap,01_pcap/Thursday-22-02-2018/capEC2AMAZ-O4EL3NG-172.31.67.37.pcap,01_pcap/Thursday-22-02-2018/Thursday-22-02-2018_221.pcap
Thursday-22-02-2018,capEC2AMAZ-O4EL3NG-172.31.67.38.pcap,Thursday-22-02-2018_222.pcap,01_pcap/Thursday-22-02-2018/capEC2AMAZ-O4EL3NG-172.31.67.38.pcap,01_pcap/Thursday-22-02-2018/Thursday-22-02-2018_222.pcap
Thursday-22-02-2018,capEC2AMAZ-O4EL3NG-172.31.67.42.pcap,Thursday-22-02-2018_223.pcap,01_pcap/Thursday-22-02-2018/capEC2AMAZ-O4EL3NG-172.31.67.42.pcap,01_pcap/Thursday-22-02-2018/Thursday-22-02-2018_223.pcap
Thursday-22-02-2018,capEC2AMAZ-O4EL3NG-172.31.67.45.pcap,Thursday-22-02-2018_224.pcap,01_pcap/Thursday-22-02-2018/capEC2AMAZ-O4EL3NG-172.31.67.45.pcap,01_pcap/Thursday-22-02-2018/Thursday-22-02-2018_224.pcap
Thursday-22-02-2018,capEC2AMAZ-O4EL3NG-172.31.67.47.pcap,Thursday-22-02-2018_225.pcap,01_pcap/Thursday-22-02-2018/capEC2AMAZ-O4EL3NG-172.31.67.47.pcap,01_pcap/Thursday-22-02-2018/Thursday-22-02-2018_225.pcap
Thursday-22-02-2018,capEC2AMAZ-O4EL3NG-172.31.67.48.pcap,Thursday-22-02-2018_226.pcap,01_pcap/Thursday-22-02-2018/capEC2AMAZ-O4EL3NG-172.31.67.48.pcap,01_pcap/Thursday-22-02-2018/Thursday-22-02-2018_226.pcap
Thursday-22-02-2018,capEC2AMAZ-O4EL3NG-172.31.67.52.pcap,Thursday-22-02-2018_227.pcap,01_pcap/Thursday-22-02-2018/capEC2AMAZ-O4EL3NG-172.31.67.52.pcap,01_pcap/Thursday-22-02-2018/Thursday-22-02-2018_227.pcap
Thursday-22-02-2018,capEC2AMAZ-O4EL3NG-172.31.67.53.pcap,Thursday-22-02-2018_228.pcap,01_pcap/Thursday-22-02-2018/capEC2AMAZ-O4EL3NG-172.31.67.53.pcap,01_pcap/Thursday-22-02-2018/Thursday-22-02-2018_228.pcap
Thursday-22-02-2018,capEC2AMAZ-O4EL3NG-172.31.67.57.pcap,Thursday-22-02-2018_229.pcap,01_pcap/Thursday-22-02-2018/capEC2AMAZ-O4EL3NG-172.31.67.57.pcap,01_pcap/Thursday-22-02-2018/Thursday-22-02-2018_229.pcap
Thursday-22-02-2018,capEC2AMAZ-O4EL3NG-172.31.67.58.pcap,Thursday-22-02-2018_230.pcap,01_pcap/Thursday-22-02-2018/capEC2AMAZ-O4EL3NG-172.31.67.58.pcap,01_pcap/Thursday-22-02-2018/Thursday-22-02-2018_230.pcap
Thursday-22-02-2018,capEC2AMAZ-O4EL3NG-172.31.67.60.pcap,Thursday-22-02-2018_231.pcap,01_pcap/Thursday-22-02-2018/capEC2AMAZ-O4EL3NG-172.31.67.60.pcap,01_pcap/Thursday-22-02-2018/Thursday-22-02-2018_231.pcap
Thursday-22-02-2018,capEC2AMAZ-O4EL3NG-172.31.67.61.pcap,Thursday-22-02-2018_232.pcap,01_pcap/Thursday-22-02-2018/capEC2AMAZ-O4EL3NG-172.31.67.61.pcap,01_pcap/Thursday-22-02-2018/Thursday-22-02-2018_232.pcap
Thursday-22-02-2018,capEC2AMAZ-O4EL3NG-172.31.67.64.pcap,Thursday-22-02-2018_233.pcap,01_pcap/Thursday-22-02-2018/capEC2AMAZ-O4EL3NG-172.31.67.64.pcap,01_pcap/Thursday-22-02-2018/Thursday-22-02-2018_233.pcap
Thursday-22-02-2018,capEC2AMAZ-O4EL3NG-172.31.67.66.pcap,Thursday-22-02-2018_234.pcap,01_pcap/Thursday-22-02-2018/capEC2AMAZ-O4EL3NG-172.31.67.66.pcap,01_pcap/Thursday-22-02-2018/Thursday-22-02-2018_234.pcap
Thursday-22-02-2018,capEC2AMAZ-O4EL3NG-172.31.67.67.pcap,Thursday-22-02-2018_235.pcap,01_pcap/Thursday-22-02-2018/capEC2AMAZ-O4EL3NG-172.31.67.67.pcap,01_pcap/Thursday-22-02-2018/Thursday-22-02-2018_235.pcap
Thursday-22-02-2018,capEC2AMAZ-O4EL3NG-172.31.67.73.pcap,Thursday-22-02-2018_236.pcap,01_pcap/Thursday-22-02-2018/capEC2AMAZ-O4EL3NG-172.31.67.73.pcap,01_pcap/Thursday-22-02-2018/Thursday-22-02-2018_236.pcap
Thursday-22-02-2018,capEC2AMAZ-O4EL3NG-172.31.67.75.pcap,Thursday-22-02-2018_237.pcap,01_pcap/Thursday-22-02-2018/capEC2AMAZ-O4EL3NG-172.31.67.75.pcap,01_pcap/Thursday-22-02-2018/Thursday-22-02-2018_237.pcap
Thursday-22-02-2018,capEC2AMAZ-O4EL3NG-172.31.67.77.pcap,Thursday-22-02-2018_238.pcap,01_pcap/Thursday-22-02-2018/capEC2AMAZ-O4EL3NG-172.31.67.77.pcap,01_pcap/Thursday-22-02-2018/Thursday-22-02-2018_238.pcap
Thursday-22-02-2018,capEC2AMAZ-O4EL3NG-172.31.67.91.pcap,Thursday-22-02-2018_239.pcap,01_pcap/Thursday-22-02-2018/capEC2AMAZ-O4EL3NG-172.31.67.91.pcap,01_pcap/Thursday-22-02-2018/Thursday-22-02-2018_239.pcap
Thursday-22-02-2018,capEC2AMAZ-O4EL3NG-172.31.67.92.pcap,Thursday-22-02-2018_240.pcap,01_pcap/Thursday-22-02-2018/capEC2AMAZ-O4EL3NG-172.31.67.92.pcap,01_pcap/Thursday-22-02-2018/Thursday-22-02-2018_240.pcap
Thursday-22-02-2018,capEC2AMAZ-O4EL3NG-172.31.67.96.pcap,Thursday-22-02-2018_241.pcap,01_pcap/Thursday-22-02-2018/capEC2AMAZ-O4EL3NG-172.31.67.96.pcap,01_pcap/Thursday-22-02-2018/Thursday-22-02-2018_241.pcap
Thursday-22-02-2018,capEC2AMAZ-O4EL3NG-172.31.67.99.pcap,Thursday-22-02-2018_242.pcap,01_pcap/Thursday-22-02-2018/capEC2AMAZ-O4EL3NG-172.31.67.99.pcap,01_pcap/Thursday-22-02-2018/Thursday-22-02-2018_242.pcap
Thursday-22-02-2018,capEC2AMAZ-O4EL3NG-172.31.67.100.pcap,Thursday-22-02-2018_243.pcap,01_pcap/Thursday-22-02-2018/capEC2AMAZ-O4EL3NG-172.31.67.100.pcap,01_pcap/Thursday-22-02-2018/Thursday-22-02-2018_243.pcap
Thursday-22-02-2018,capEC2AMAZ-O4EL3NG-172.31.67.112.pcap,Thursday-22-02-2018_244.pcap,01_pcap/Thursday-22-02-2018/capEC2AMAZ-O4EL3NG-172.31.67.112.pcap,01_pcap/Thursday-22-02-2018/Thursday-22-02-2018_244.pcap
Thursday-22-02-2018,capEC2AMAZ-O4EL3NG-172.31.67.113.pcap,Thursday-22-02-2018_245.pcap,01_pcap/Thursday-22-02-2018/capEC2AMAZ-O4EL3NG-172.31.67.113.pcap,01_pcap/Thursday-22-02-2018/Thursday-22-02-2018_245.pcap
Thursday-22-02-2018,capEC2AMAZ-O4EL3NG-172.31.67.115.pcap,Thursday-22-02-2018_246.pcap,01_pcap/Thursday-22-02-2018/capEC2AMAZ-O4EL3NG-172.31.67.115.pcap,01_pcap/Thursday-22-02-2018/Thursday-22-02-2018_246.pcap
Thursday-22-02-2018,capEC2AMAZ-O4EL3NG-172.31.67.117.pcap,Thursday-22-02-2018_247.pcap,01_pcap/Thursday-22-02-2018/capEC2AMAZ-O4EL3NG-172.31.67.117.pcap,01_pcap/Thursday-22-02-2018/Thursday-22-02-2018_247.pcap
Thursday-22-02-2018,capEC2AMAZ-O4EL3NG-172.31.67.120.pcap,Thursday-22-02-2018_248.pcap,01_pcap/Thursday-22-02-2018/capEC2AMAZ-O4EL3NG-172.31.67.120.pcap,01_pcap/Thursday-22-02-2018/Thursday-22-02-2018_248.pcap
Thursday-22-02-2018,capEC2AMAZ-O4EL3NG-172.31.67.122.pcap,Thursday-22-02-2018_249.pcap,01_pcap/Thursday-22-02-2018/capEC2AMAZ-O4EL3NG-172.31.67.122.pcap,01_pcap/Thursday-22-02-2018/Thursday-22-02-2018_249.pcap
Thursday-22-02-2018,capEC2AMAZ-O4EL3NG-172.31.67.126.pcap,Thursday-22-02-2018_250.pcap,01_pcap/Thursday-22-02-2018/capEC2AMAZ-O4EL3NG-172.31.67.126.pcap,01_pcap/Thursday-22-02-2018/Thursday-22-02-2018_250.pcap
Thursday-22-02-2018,capEC2AMAZ-O4EL3NG-172.31.68.4.pcap,Thursday-22-02-2018_251.pcap,01_pcap/Thursday-22-02-2018/capEC2AMAZ-O4EL3NG-172.31.68.4.pcap,01_pcap/Thursday-22-02-2018/Thursday-22-02-2018_251.pcap
Thursday-22-02-2018,capEC2AMAZ-O4EL3NG-172.31.68.5.pcap,Thursday-22-02-2018_252.pcap,01_pcap/Thursday-22-02-2018/capEC2AMAZ-O4EL3NG-172.31.68.5.pcap,01_pcap/Thursday-22-02-2018/Thursday-22-02-2018_252.pcap
Thursday-22-02-2018,capEC2AMAZ-O4EL3NG-172.31.68.6.pcap,Thursday-22-02-2018_253.pcap,01_pcap/Thursday-22-02-2018/capEC2AMAZ-O4EL3NG-172.31.68.6.pcap,01_pcap/Thursday-22-02-2018/Thursday-22-02-2018_253.pcap
Thursday-22-02-2018,capEC2AMAZ-O4EL3NG-172.31.68.8.pcap,Thursday-22-02-2018_254.pcap,01_pcap/Thursday-22-02-2018/capEC2AMAZ-O4EL3NG-172.31.68.8.pcap,01_pcap/Thursday-22-02-2018/Thursday-22-02-2018_254.pcap
Thursday-22-02-2018,capEC2AMAZ-O4EL3NG-172.31.68.9.pcap,Thursday-22-02-2018_255.pcap,01_pcap/Thursday-22-02-2018/capEC2AMAZ-O4EL3NG-172.31.68.9.pcap,01_pcap/Thursday-22-02-2018/Thursday-22-02-2018_255.pcap
Thursday-22-02-2018,capEC2AMAZ-O4EL3NG-172.31.68.10.pcap,Thursday-22-02-2018_256.pcap,01_pcap/Thursday-22-02-2018/capEC2AMAZ-O4EL3NG-172.31.68.10.pcap,01_pcap/Thursday-22-02-2018/Thursday-22-02-2018_256.pcap
Thursday-22-02-2018,capEC2AMAZ-O4EL3NG-172.31.68.11.pcap,Thursday-22-02-2018_257.pcap,01_pcap/Thursday-22-02-2018/capEC2AMAZ-O4EL3NG-172.31.68.11.pcap,01_pcap/Thursday-22-02-2018/Thursday-22-02-2018_257.pcap
Thursday-22-02-2018,capEC2AMAZ-O4EL3NG-172.31.68.12.pcap,Thursday-22-02-2018_258.pcap,01_pcap/Thursday-22-02-2018/capEC2AMAZ-O4EL3NG-172.31.68.12.pcap,01_pcap/Thursday-22-02-2018/Thursday-22-02-2018_258.pcap
Thursday-22-02-2018,capEC2AMAZ-O4EL3NG-172.31.68.13.pcap,Thursday-22-02-2018_259.pcap,01_pcap/Thursday-22-02-2018/capEC2AMAZ-O4EL3NG-172.31.68.13.pcap,01_pcap/Thursday-22-02-2018/Thursday-22-02-2018_259.pcap
Thursday-22-02-2018,capEC2AMAZ-O4EL3NG-172.31.68.14.pcap,Thursday-22-02-2018_260.pcap,01_pcap/Thursday-22-02-2018/capEC2AMAZ-O4EL3NG-172.31.68.14.pcap,01_pcap/Thursday-22-02-2018/Thursday-22-02-2018_260.pcap
Thursday-22-02-2018,capEC2AMAZ-O4EL3NG-172.31.68.15.pcap,Thursday-22-02-2018_261.pcap,01_pcap/Thursday-22-02-2018/capEC2AMAZ-O4EL3NG-172.31.68.15.pcap,01_pcap/Thursday-22-02-2018/Thursday-22-02-2018_261.pcap
Thursday-22-02-2018,capEC2AMAZ-O4EL3NG-172.31.68.18.pcap,Thursday-22-02-2018_262.pcap,01_pcap/Thursday-22-02-2018/capEC2AMAZ-O4EL3NG-172.31.68.18.pcap,01_pcap/Thursday-22-02-2018/Thursday-22-02-2018_262.pcap
Thursday-22-02-2018,capEC2AMAZ-O4EL3NG-172.31.68.19.pcap,Thursday-22-02-2018_263.pcap,01_pcap/Thursday-22-02-2018/capEC2AMAZ-O4EL3NG-172.31.68.19.pcap,01_pcap/Thursday-22-02-2018/Thursday-22-02-2018_263.pcap
Thursday-22-02-2018,capEC2AMAZ-O4EL3NG-172.31.68.20.pcap,Thursday-22-02-2018_264.pcap,01_pcap/Thursday-22-02-2018/capEC2AMAZ-O4EL3NG-172.31.68.20.pcap,01_pcap/Thursday-22-02-2018/Thursday-22-02-2018_264.pcap
Thursday-22-02-2018,capEC2AMAZ-O4EL3NG-172.31.68.21.pcap,Thursday-22-02-2018_265.pcap,01_pcap/Thursday-22-02-2018/capEC2AMAZ-O4EL3NG-172.31.68.21.pcap,01_pcap/Thursday-22-02-2018/Thursday-22-02-2018_265.pcap
Thursday-22-02-2018,capEC2AMAZ-O4EL3NG-172.31.68.23.pcap,Thursday-22-02-2018_266.pcap,01_pcap/Thursday-22-02-2018/capEC2AMAZ-O4EL3NG-172.31.68.23.pcap,01_pcap/Thursday-22-02-2018/Thursday-22-02-2018_266.pcap
Thursday-22-02-2018,capEC2AMAZ-O4EL3NG-172.31.68.25.pcap,Thursday-22-02-2018_267.pcap,01_pcap/Thursday-22-02-2018/capEC2AMAZ-O4EL3NG-172.31.68.25.pcap,01_pcap/Thursday-22-02-2018/Thursday-22-02-2018_267.pcap
Thursday-22-02-2018,capEC2AMAZ-O4EL3NG-172.31.68.26.pcap,Thursday-22-02-2018_268.pcap,01_pcap/Thursday-22-02-2018/capEC2AMAZ-O4EL3NG-172.31.68.26.pcap,01_pcap/Thursday-22-02-2018/Thursday-22-02-2018_268.pcap
Thursday-22-02-2018,capEC2AMAZ-O4EL3NG-172.31.68.28.pcap,Thursday-22-02-2018_269.pcap,01_pcap/Thursday-22-02-2018/capEC2AMAZ-O4EL3NG-172.31.68.28.pcap,01_pcap/Thursday-22-02-2018/Thursday-22-02-2018_269.pcap
Thursday-22-02-2018,capEC2AMAZ-O4EL3NG-172.31.68.30.pcap,Thursday-22-02-2018_270.pcap,01_pcap/Thursday-22-02-2018/capEC2AMAZ-O4EL3NG-172.31.68.30.pcap,01_pcap/Thursday-22-02-2018/Thursday-22-02-2018_270.pcap
Thursday-22-02-2018,capEC2AMAZ-O4EL3NG-172.31.69.4.pcap,Thursday-22-02-2018_271.pcap,01_pcap/Thursday-22-02-2018/capEC2AMAZ-O4EL3NG-172.31.69.4.pcap,01_pcap/Thursday-22-02-2018/Thursday-22-02-2018_271.pcap
Thursday-22-02-2018,capEC2AMAZ-O4EL3NG-172.31.69.5.pcap,Thursday-22-02-2018_272.pcap,01_pcap/Thursday-22-02-2018/capEC2AMAZ-O4EL3NG-172.31.69.5.pcap,01_pcap/Thursday-22-02-2018/Thursday-22-02-2018_272.pcap
Thursday-22-02-2018,capEC2AMAZ-O4EL3NG-172.31.69.6.pcap,Thursday-22-02-2018_273.pcap,01_pcap/Thursday-22-02-2018/capEC2AMAZ-O4EL3NG-172.31.69.6.pcap,01_pcap/Thursday-22-02-2018/Thursday-22-02-2018_273.pcap
Thursday-22-02-2018,capEC2AMAZ-O4EL3NG-172.31.69.8.pcap,Thursday-22-02-2018_274.pcap,01_pcap/Thursday-22-02-2018/capEC2AMAZ-O4EL3NG-172.31.69.8.pcap,01_pcap/Thursday-22-02-2018/Thursday-22-02-2018_274.pcap
Thursday-22-02-2018,capEC2AMAZ-O4EL3NG-172.31.69.9.pcap,Thursday-22-02-2018_275.pcap,01_pcap/Thursday-22-02-2018/capEC2AMAZ-O4EL3NG-172.31.69.9.pcap,01_pcap/Thursday-22-02-2018/Thursday-22-02-2018_275.pcap
Thursday-22-02-2018,capEC2AMAZ-O4EL3NG-172.31.69.10.pcap,Thursday-22-02-2018_276.pcap,01_pcap/Thursday-22-02-2018/capEC2AMAZ-O4EL3NG-172.31.69.10.pcap,01_pcap/Thursday-22-02-2018/Thursday-22-02-2018_276.pcap
Thursday-22-02-2018,capEC2AMAZ-O4EL3NG-172.31.69.11.pcap,Thursday-22-02-2018_277.pcap,01_pcap/Thursday-22-02-2018/capEC2AMAZ-O4EL3NG-172.31.69.11.pcap,01_pcap/Thursday-22-02-2018/Thursday-22-02-2018_277.pcap
Thursday-22-02-2018,capEC2AMAZ-O4EL3NG-172.31.69.12.pcap,Thursday-22-02-2018_278.pcap,01_pcap/Thursday-22-02-2018/capEC2AMAZ-O4EL3NG-172.31.69.12.pcap,01_pcap/Thursday-22-02-2018/Thursday-22-02-2018_278.pcap
Thursday-22-02-2018,capEC2AMAZ-O4EL3NG-172.31.69.13.pcap,Thursday-22-02-2018_279.pcap,01_pcap/Thursday-22-02-2018/capEC2AMAZ-O4EL3NG-172.31.69.13.pcap,01_pcap/Thursday-22-02-2018/Thursday-22-02-2018_279.pcap
Thursday-22-02-2018,capEC2AMAZ-O4EL3NG-172.31.69.14.pcap,Thursday-22-02-2018_280.pcap,01_pcap/Thursday-22-02-2018/capEC2AMAZ-O4EL3NG-172.31.69.14.pcap,01_pcap/Thursday-22-02-2018/Thursday-22-02-2018_280.pcap
Thursday-22-02-2018,capEC2AMAZ-O4EL3NG-172.31.69.16.pcap,Thursday-22-02-2018_281.pcap,01_pcap/Thursday-22-02-2018/capEC2AMAZ-O4EL3NG-172.31.69.16.pcap,01_pcap/Thursday-22-02-2018/Thursday-22-02-2018_281.pcap
Thursday-22-02-2018,capEC2AMAZ-O4EL3NG-172.31.69.17.pcap,Thursday-22-02-2018_282.pcap,01_pcap/Thursday-22-02-2018/capEC2AMAZ-O4EL3NG-172.31.69.17.pcap,01_pcap/Thursday-22-02-2018/Thursday-22-02-2018_282.pcap
Thursday-22-02-2018,capEC2AMAZ-O4EL3NG-172.31.69.19.pcap,Thursday-22-02-2018_283.pcap,01_pcap/Thursday-22-02-2018/capEC2AMAZ-O4EL3NG-172.31.69.19.pcap,01_pcap/Thursday-22-02-2018/Thursday-22-02-2018_283.pcap
Thursday-22-02-2018,capEC2AMAZ-O4EL3NG-172.31.69.20.pcap,Thursday-22-02-2018_284.pcap,01_pcap/Thursday-22-02-2018/capEC2AMAZ-O4EL3NG-172.31.69.20.pcap,01_pcap/Thursday-22-02-2018/Thursday-22-02-2018_284.pcap
Thursday-22-02-2018,capEC2AMAZ-O4EL3NG-172.31.69.23.pcap,Thursday-22-02-2018_285.pcap,01_pcap/Thursday-22-02-2018/capEC2AMAZ-O4EL3NG-172.31.69.23.pcap,01_pcap/Thursday-22-02-2018/Thursday-22-02-2018_285.pcap
Thursday-22-02-2018,capEC2AMAZ-O4EL3NG-172.31.69.24.pcap,Thursday-22-02-2018_286.pcap,01_pcap/Thursday-22-02-2018/capEC2AMAZ-O4EL3NG-172.31.69.24.pcap,01_pcap/Thursday-22-02-2018/Thursday-22-02-2018_286.pcap
Thursday-22-02-2018,capEC2AMAZ-O4EL3NG-172.31.69.26.pcap,Thursday-22-02-2018_287.pcap,01_pcap/Thursday-22-02-2018/capEC2AMAZ-O4EL3NG-172.31.69.26.pcap,01_pcap/Thursday-22-02-2018/Thursday-22-02-2018_287.pcap
Thursday-22-02-2018,capEC2AMAZ-O4EL3NG-172.31.69.29.pcap,Thursday-22-02-2018_288.pcap,01_pcap/Thursday-22-02-2018/capEC2AMAZ-O4EL3NG-172.31.69.29.pcap,01_pcap/Thursday-22-02-2018/Thursday-22-02-2018_288.pcap
Thursday-22-02-2018,capEC2AMAZ-O4EL3NG-172.31.69.30.pcap,Thursday-22-02-2018_289.pcap,01_pcap/Thursday-22-02-2018/capEC2AMAZ-O4EL3NG-172.31.69.30.pcap,01_pcap/Thursday-22-02-2018/Thursday-22-02-2018_289.pcap
Thursday-22-02-2018,capPC1-172.31.64.15.pcap,Thursday-22-02-2018_290.pcap,01_pcap/Thursday-22-02-2018/capPC1-172.31.64.15.pcap,01_pcap/Thursday-22-02-2018/Thursday-22-02-2018_290.pcap
Thursday-22-02-2018,capPC1-172.31.64.18.pcap,Thursday-22-02-2018_291.pcap,01_pcap/Thursday-22-02-2018/capPC1-172.31.64.18.pcap,01_pcap/Thursday-22-02-2018/Thursday-22-02-2018_291.pcap
Thursday-22-02-2018,capPC1-172.31.64.21.pcap,Thursday-22-02-2018_292.pcap,01_pcap/Thursday-22-02-2018/capPC1-172.31.64.21.pcap,01_pcap/Thursday-22-02-2018/Thursday-22-02-2018_292.pcap
Thursday-22-02-2018,capPC1-172.31.64.23.pcap,Thursday-22-02-2018_293.pcap,01_pcap/Thursday-22-02-2018/capPC1-172.31.64.23.pcap,01_pcap/Thursday-22-02-2018/Thursday-22-02-2018_293.pcap
Thursday-22-02-2018,capPC1-172.31.64.31.pcap,Thursday-22-02-2018_294.pcap,01_pcap/Thursday-22-02-2018/capPC1-172.31.64.31.pcap,01_pcap/Thursday-22-02-2018/Thursday-22-02-2018_294.pcap
Thursday-22-02-2018,capPC1-172.31.64.32.pcap,Thursday-22-02-2018_295.pcap,01_pcap/Thursday-22-02-2018/capPC1-172.31.64.32.pcap,01_pcap/Thursday-22-02-2018/Thursday-22-02-2018_295.pcap
Thursday-22-02-2018,capPC1-172.31.64.33.pcap,Thursday-22-02-2018_296.pcap,01_pcap/Thursday-22-02-2018/capPC1-172.31.64.33.pcap,01_pcap/Thursday-22-02-2018/Thursday-22-02-2018_296.pcap
Thursday-22-02-2018,capPC1-172.31.64.34.pcap,Thursday-22-02-2018_297.pcap,01_pcap/Thursday-22-02-2018/capPC1-172.31.64.34.pcap,01_pcap/Thursday-22-02-2018/Thursday-22-02-2018_297.pcap
Thursday-22-02-2018,capPC1-172.31.64.37.pcap,Thursday-22-02-2018_298.pcap,01_pcap/Thursday-22-02-2018/capPC1-172.31.64.37.pcap,01_pcap/Thursday-22-02-2018/Thursday-22-02-2018_298.pcap
Thursday-22-02-2018,capPC1-172.31.64.40.pcap,Thursday-22-02-2018_299.pcap,01_pcap/Thursday-22-02-2018/capPC1-172.31.64.40.pcap,01_pcap/Thursday-22-02-2018/Thursday-22-02-2018_299.pcap
Thursday-22-02-2018,capPC1-172.31.64.41.pcap,Thursday-22-02-2018_300.pcap,01_pcap/Thursday-22-02-2018/capPC1-172.31.64.41.pcap,01_pcap/Thursday-22-02-2018/Thursday-22-02-2018_300.pcap
Thursday-22-02-2018,capPC1-172.31.64.48.pcap,Thursday-22-02-2018_301.pcap,01_pcap/Thursday-22-02-2018/capPC1-172.31.64.48.pcap,01_pcap/Thursday-22-02-2018/Thursday-22-02-2018_301.pcap
Thursday-22-02-2018,capPC1-172.31.64.52.pcap,Thursday-22-02-2018_302.pcap,01_pcap/Thursday-22-02-2018/capPC1-172.31.64.52.pcap,01_pcap/Thursday-22-02-2018/Thursday-22-02-2018_302.pcap
Thursday-22-02-2018,capPC1-172.31.64.64.pcap,Thursday-22-02-2018_303.pcap,01_pcap/Thursday-22-02-2018/capPC1-172.31.64.64.pcap,01_pcap/Thursday-22-02-2018/Thursday-22-02-2018_303.pcap
Thursday-22-02-2018,capPC1-172.31.64.94.pcap,Thursday-22-02-2018_304.pcap,01_pcap/Thursday-22-02-2018/capPC1-172.31.64.94.pcap,01_pcap/Thursday-22-02-2018/Thursday-22-02-2018_304.pcap
Thursday-22-02-2018,capPC1-172.31.64.97.pcap,Thursday-22-02-2018_305.pcap,01_pcap/Thursday-22-02-2018/capPC1-172.31.64.97.pcap,01_pcap/Thursday-22-02-2018/Thursday-22-02-2018_305.pcap
Thursday-22-02-2018,capPC1-172.31.64.106.pcap,Thursday-22-02-2018_306.pcap,01_pcap/Thursday-22-02-2018/capPC1-172.31.64.106.pcap,01_pcap/Thursday-22-02-2018/Thursday-22-02-2018_306.pcap
Thursday-22-02-2018,capPC1-172.31.64.113.pcap,Thursday-22-02-2018_307.pcap,01_pcap/Thursday-22-02-2018/capPC1-172.31.64.113.pcap,01_pcap/Thursday-22-02-2018/Thursday-22-02-2018_307.pcap
Thursday-22-02-2018,capPC1-172.31.64.114.pcap,Thursday-22-02-2018_308.pcap,01_pcap/Thursday-22-02-2018/capPC1-172.31.64.114.pcap,01_pcap/Thursday-22-02-2018/Thursday-22-02-2018_308.pcap
Thursday-22-02-2018,capPC1-172.31.64.116.pcap,Thursday-22-02-2018_309.pcap,01_pcap/Thursday-22-02-2018/capPC1-172.31.64.116.pcap,01_pcap/Thursday-22-02-2018/Thursday-22-02-2018_309.pcap
Thursday-22-02-2018,capPC1-172.31.64.121.pcap,Thursday-22-02-2018_310.pcap,01_pcap/Thursday-22-02-2018/capPC1-172.31.64.121.pcap,01_pcap/Thursday-22-02-2018/Thursday-22-02-2018_310.pcap
Thursday-22-02-2018,capPC1-172.31.65.6.pcap,Thursday-22-02-2018_311.pcap,01_pcap/Thursday-22-02-2018/capPC1-172.31.65.6.pcap,01_pcap/Thursday-22-02-2018/Thursday-22-02-2018_311.pcap
Thursday-22-02-2018,capPC1-172.31.65.13.pcap,Thursday-22-02-2018_312.pcap,01_pcap/Thursday-22-02-2018/capPC1-172.31.65.13.pcap,01_pcap/Thursday-22-02-2018/Thursday-22-02-2018_312.pcap
Thursday-22-02-2018,capPC1-172.31.65.16.pcap,Thursday-22-02-2018_313.pcap,01_pcap/Thursday-22-02-2018/capPC1-172.31.65.16.pcap,01_pcap/Thursday-22-02-2018/Thursday-22-02-2018_313.pcap
Thursday-22-02-2018,capPC1-172.31.65.20.pcap,Thursday-22-02-2018_314.pcap,01_pcap/Thursday-22-02-2018/capPC1-172.31.65.20.pcap,01_pcap/Thursday-22-02-2018/Thursday-22-02-2018_314.pcap
Thursday-22-02-2018,capPC1-172.31.65.25.pcap,Thursday-22-02-2018_315.pcap,01_pcap/Thursday-22-02-2018/capPC1-172.31.65.25.pcap,01_pcap/Thursday-22-02-2018/Thursday-22-02-2018_315.pcap
Thursday-22-02-2018,capPC1-172.31.65.49.pcap,Thursday-22-02-2018_316.pcap,01_pcap/Thursday-22-02-2018/capPC1-172.31.65.49.pcap,01_pcap/Thursday-22-02-2018/Thursday-22-02-2018_316.pcap
Thursday-22-02-2018,capPC1-172.31.65.61.pcap,Thursday-22-02-2018_317.pcap,01_pcap/Thursday-22-02-2018/capPC1-172.31.65.61.pcap,01_pcap/Thursday-22-02-2018/Thursday-22-02-2018_317.pcap
Thursday-22-02-2018,capPC1-172.31.65.67.pcap,Thursday-22-02-2018_318.pcap,01_pcap/Thursday-22-02-2018/capPC1-172.31.65.67.pcap,01_pcap/Thursday-22-02-2018/Thursday-22-02-2018_318.pcap
Thursday-22-02-2018,capPC1-172.31.65.68.pcap,Thursday-22-02-2018_319.pcap,01_pcap/Thursday-22-02-2018/capPC1-172.31.65.68.pcap,01_pcap/Thursday-22-02-2018/Thursday-22-02-2018_319.pcap
Thursday-22-02-2018,capPC1-172.31.65.77.pcap,Thursday-22-02-2018_320.pcap,01_pcap/Thursday-22-02-2018/capPC1-172.31.65.77.pcap,01_pcap/Thursday-22-02-2018/Thursday-22-02-2018_320.pcap
Thursday-22-02-2018,capPC1-172.31.65.79.pcap,Thursday-22-02-2018_321.pcap,01_pcap/Thursday-22-02-2018/capPC1-172.31.65.79.pcap,01_pcap/Thursday-22-02-2018/Thursday-22-02-2018_321.pcap
Thursday-22-02-2018,capPC1-172.31.65.80.pcap,Thursday-22-02-2018_322.pcap,01_pcap/Thursday-22-02-2018/capPC1-172.31.65.80.pcap,01_pcap/Thursday-22-02-2018/Thursday-22-02-2018_322.pcap
Thursday-22-02-2018,capPC1-172.31.65.83.pcap,Thursday-22-02-2018_323.pcap,01_pcap/Thursday-22-02-2018/capPC1-172.31.65.83.pcap,01_pcap/Thursday-22-02-2018/Thursday-22-02-2018_323.pcap
Thursday-22-02-2018,capPC1-172.31.65.100.pcap,Thursday-22-02-2018_324.pcap,01_pcap/Thursday-22-02-2018/capPC1-172.31.65.100.pcap,01_pcap/Thursday-22-02-2018/Thursday-22-02-2018_324.pcap
Thursday-22-02-2018,capPC1-172.31.65.117.pcap,Thursday-22-02-2018_325.pcap,01_pcap/Thursday-22-02-2018/capPC1-172.31.65.117.pcap,01_pcap/Thursday-22-02-2018/Thursday-22-02-2018_325.pcap
Thursday-22-02-2018,capPC1-172.31.66.9.pcap,Thursday-22-02-2018_326.pcap,01_pcap/Thursday-22-02-2018/capPC1-172.31.66.9.pcap,01_pcap/Thursday-22-02-2018/Thursday-22-02-2018_326.pcap
Thursday-22-02-2018,capPC1-172.31.66.10.pcap,Thursday-22-02-2018_327.pcap,01_pcap/Thursday-22-02-2018/capPC1-172.31.66.10.pcap,01_pcap/Thursday-22-02-2018/Thursday-22-02-2018_327.pcap
Thursday-22-02-2018,capPC1-172.31.66.15.pcap,Thursday-22-02-2018_328.pcap,01_pcap/Thursday-22-02-2018/capPC1-172.31.66.15.pcap,01_pcap/Thursday-22-02-2018/Thursday-22-02-2018_328.pcap
Thursday-22-02-2018,capPC1-172.31.66.19.pcap,Thursday-22-02-2018_329.pcap,01_pcap/Thursday-22-02-2018/capPC1-172.31.66.19.pcap,01_pcap/Thursday-22-02-2018/Thursday-22-02-2018_329.pcap
Thursday-22-02-2018,capPC1-172.31.66.24.pcap,Thursday-22-02-2018_330.pcap,01_pcap/Thursday-22-02-2018/capPC1-172.31.66.24.pcap,01_pcap/Thursday-22-02-2018/Thursday-22-02-2018_330.pcap
Thursday-22-02-2018,capPC1-172.31.66.46.pcap,Thursday-22-02-2018_331.pcap,01_pcap/Thursday-22-02-2018/capPC1-172.31.66.46.pcap,01_pcap/Thursday-22-02-2018/Thursday-22-02-2018_331.pcap
Thursday-22-02-2018,capPC1-172.31.66.58.pcap,Thursday-22-02-2018_332.pcap,01_pcap/Thursday-22-02-2018/capPC1-172.31.66.58.pcap,01_pcap/Thursday-22-02-2018/Thursday-22-02-2018_332.pcap
Thursday-22-02-2018,capPC1-172.31.66.69.pcap,Thursday-22-02-2018_333.pcap,01_pcap/Thursday-22-02-2018/capPC1-172.31.66.69.pcap,01_pcap/Thursday-22-02-2018/Thursday-22-02-2018_333.pcap
Thursday-22-02-2018,capPC1-172.31.66.79.pcap,Thursday-22-02-2018_334.pcap,01_pcap/Thursday-22-02-2018/capPC1-172.31.66.79.pcap,01_pcap/Thursday-22-02-2018/Thursday-22-02-2018_334.pcap
Thursday-22-02-2018,capPC1-172.31.66.83.pcap,Thursday-22-02-2018_335.pcap,01_pcap/Thursday-22-02-2018/capPC1-172.31.66.83.pcap,01_pcap/Thursday-22-02-2018/Thursday-22-02-2018_335.pcap
Thursday-22-02-2018,capPC1-172.31.66.90.pcap,Thursday-22-02-2018_336.pcap,01_pcap/Thursday-22-02-2018/capPC1-172.31.66.90.pcap,01_pcap/Thursday-22-02-2018/Thursday-22-02-2018_336.pcap
Thursday-22-02-2018,capPC1-172.31.66.92.pcap,Thursday-22-02-2018_337.pcap,01_pcap/Thursday-22-02-2018/capPC1-172.31.66.92.pcap,01_pcap/Thursday-22-02-2018/Thursday-22-02-2018_337.pcap
Thursday-22-02-2018,capPC1-172.31.66.96.pcap,Thursday-22-02-2018_338.pcap,01_pcap/Thursday-22-02-2018/capPC1-172.31.66.96.pcap,01_pcap/Thursday-22-02-2018/Thursday-22-02-2018_338.pcap
Thursday-22-02-2018,capPC1-172.31.66.99.pcap,Thursday-22-02-2018_339.pcap,01_pcap/Thursday-22-02-2018/capPC1-172.31.66.99.pcap,01_pcap/Thursday-22-02-2018/Thursday-22-02-2018_339.pcap
Thursday-22-02-2018,capPC1-172.31.66.102.pcap,Thursday-22-02-2018_340.pcap,01_pcap/Thursday-22-02-2018/capPC1-172.31.66.102.pcap,01_pcap/Thursday-22-02-2018/Thursday-22-02-2018_340.pcap
Thursday-22-02-2018,capPC1-172.31.66.103.pcap,Thursday-22-02-2018_341.pcap,01_pcap/Thursday-22-02-2018/capPC1-172.31.66.103.pcap,01_pcap/Thursday-22-02-2018/Thursday-22-02-2018_341.pcap
Thursday-22-02-2018,capPC1-172.31.66.110.pcap,Thursday-22-02-2018_342.pcap,01_pcap/Thursday-22-02-2018/capPC1-172.31.66.110.pcap,01_pcap/Thursday-22-02-2018/Thursday-22-02-2018_342.pcap
Thursday-22-02-2018,capPC1-172.31.66.111.pcap,Thursday-22-02-2018_343.pcap,01_pcap/Thursday-22-02-2018/capPC1-172.31.66.111.pcap,01_pcap/Thursday-22-02-2018/Thursday-22-02-2018_343.pcap
Thursday-22-02-2018,capPC1-172.31.66.118.pcap,Thursday-22-02-2018_344.pcap,01_pcap/Thursday-22-02-2018/capPC1-172.31.66.118.pcap,01_pcap/Thursday-22-02-2018/Thursday-22-02-2018_344.pcap
Thursday-22-02-2018,capPC1-172.31.66.121.pcap,Thursday-22-02-2018_345.pcap,01_pcap/Thursday-22-02-2018/capPC1-172.31.66.121.pcap,01_pcap/Thursday-22-02-2018/Thursday-22-02-2018_345.pcap
Thursday-22-02-2018,capPC1-172.31.67.9.pcap,Thursday-22-02-2018_346.pcap,01_pcap/Thursday-22-02-2018/capPC1-172.31.67.9.pcap,01_pcap/Thursday-22-02-2018/Thursday-22-02-2018_346.pcap
Thursday-22-02-2018,capPC1-172.31.67.14.pcap,Thursday-22-02-2018_347.pcap,01_pcap/Thursday-22-02-2018/capPC1-172.31.67.14.pcap,01_pcap/Thursday-22-02-2018/Thursday-22-02-2018_347.pcap
Thursday-22-02-2018,capPC1-172.31.67.23.pcap,Thursday-22-02-2018_348.pcap,01_pcap/Thursday-22-02-2018/capPC1-172.31.67.23.pcap,01_pcap/Thursday-22-02-2018/Thursday-22-02-2018_348.pcap
Thursday-22-02-2018,capPC1-172.31.67.27.pcap,Thursday-22-02-2018_349.pcap,01_pcap/Thursday-22-02-2018/capPC1-172.31.67.27.pcap,01_pcap/Thursday-22-02-2018/Thursday-22-02-2018_349.pcap
Thursday-22-02-2018,capPC1-172.31.67.33.pcap,Thursday-22-02-2018_350.pcap,01_pcap/Thursday-22-02-2018/capPC1-172.31.67.33.pcap,01_pcap/Thursday-22-02-2018/Thursday-22-02-2018_350.pcap
Thursday-22-02-2018,capPC1-172.31.67.35.pcap,Thursday-22-02-2018_351.pcap,01_pcap/Thursday-22-02-2018/capPC1-172.31.67.35.pcap,01_pcap/Thursday-22-02-2018/Thursday-22-02-2018_351.pcap
Thursday-22-02-2018,capPC1-172.31.67.56.pcap,Thursday-22-02-2018_352.pcap,01_pcap/Thursday-22-02-2018/capPC1-172.31.67.56.pcap,01_pcap/Thursday-22-02-2018/Thursday-22-02-2018_352.pcap
Thursday-22-02-2018,capPC1-172.31.67.59.pcap,Thursday-22-02-2018_353.pcap,01_pcap/Thursday-22-02-2018/capPC1-172.31.67.59.pcap,01_pcap/Thursday-22-02-2018/Thursday-22-02-2018_353.pcap
Thursday-22-02-2018,capPC1-172.31.67.76.pcap,Thursday-22-02-2018_354.pcap,01_pcap/Thursday-22-02-2018/capPC1-172.31.67.76.pcap,01_pcap/Thursday-22-02-2018/Thursday-22-02-2018_354.pcap
Thursday-22-02-2018,capPC1-172.31.67.78.pcap,Thursday-22-02-2018_355.pcap,01_pcap/Thursday-22-02-2018/capPC1-172.31.67.78.pcap,01_pcap/Thursday-22-02-2018/Thursday-22-02-2018_355.pcap
Thursday-22-02-2018,capPC1-172.31.67.97.pcap,Thursday-22-02-2018_356.pcap,01_pcap/Thursday-22-02-2018/capPC1-172.31.67.97.pcap,01_pcap/Thursday-22-02-2018/Thursday-22-02-2018_356.pcap
Thursday-22-02-2018,capPC1-172.31.67.102.pcap,Thursday-22-02-2018_357.pcap,01_pcap/Thursday-22-02-2018/capPC1-172.31.67.102.pcap,01_pcap/Thursday-22-02-2018/Thursday-22-02-2018_357.pcap
Thursday-22-02-2018,capPC1-172.31.67.104.pcap,Thursday-22-02-2018_358.pcap,01_pcap/Thursday-22-02-2018/capPC1-172.31.67.104.pcap,01_pcap/Thursday-22-02-2018/Thursday-22-02-2018_358.pcap
Thursday-22-02-2018,capPC1-172.31.67.107.pcap,Thursday-22-02-2018_359.pcap,01_pcap/Thursday-22-02-2018/capPC1-172.31.67.107.pcap,01_pcap/Thursday-22-02-2018/Thursday-22-02-2018_359.pcap
Thursday-22-02-2018,capPC1-172.31.67.108.pcap,Thursday-22-02-2018_360.pcap,01_pcap/Thursday-22-02-2018/capPC1-172.31.67.108.pcap,01_pcap/Thursday-22-02-2018/Thursday-22-02-2018_360.pcap
Thursday-22-02-2018,capPC1-172.31.67.111.pcap,Thursday-22-02-2018_361.pcap,01_pcap/Thursday-22-02-2018/capPC1-172.31.67.111.pcap,01_pcap/Thursday-22-02-2018/Thursday-22-02-2018_361.pcap
Thursday-22-02-2018,capPC1-172.31.67.118.pcap,Thursday-22-02-2018_362.pcap,01_pcap/Thursday-22-02-2018/capPC1-172.31.67.118.pcap,01_pcap/Thursday-22-02-2018/Thursday-22-02-2018_362.pcap
Thursday-22-02-2018,capPC1-172.31.67.121.pcap,Thursday-22-02-2018_363.pcap,01_pcap/Thursday-22-02-2018/capPC1-172.31.67.121.pcap,01_pcap/Thursday-22-02-2018/Thursday-22-02-2018_363.pcap
Thursday-22-02-2018,capPC1-172.31.67.123.pcap,Thursday-22-02-2018_364.pcap,01_pcap/Thursday-22-02-2018/capPC1-172.31.67.123.pcap,01_pcap/Thursday-22-02-2018/Thursday-22-02-2018_364.pcap
Thursday-22-02-2018,capPC1-172.31.67.124.pcap,Thursday-22-02-2018_365.pcap,01_pcap/Thursday-22-02-2018/capPC1-172.31.67.124.pcap,01_pcap/Thursday-22-02-2018/Thursday-22-02-2018_365.pcap
Thursday-22-02-2018,capWIN-J6GMIG1DQE5-172.31.64.12.pcap,Thursday-22-02-2018_366.pcap,01_pcap/Thursday-22-02-2018/capWIN-J6GMIG1DQE5-172.31.64.12.pcap,01_pcap/Thursday-22-02-2018/Thursday-22-02-2018_366.pcap
Thursday-22-02-2018,capWIN-J6GMIG1DQE5-172.31.64.14.pcap,Thursday-22-02-2018_367.pcap,01_pcap/Thursday-22-02-2018/capWIN-J6GMIG1DQE5-172.31.64.14.pcap,01_pcap/Thursday-22-02-2018/Thursday-22-02-2018_367.pcap
Thursday-22-02-2018,capWIN-J6GMIG1DQE5-172.31.64.20.pcap,Thursday-22-02-2018_368.pcap,01_pcap/Thursday-22-02-2018/capWIN-J6GMIG1DQE5-172.31.64.20.pcap,01_pcap/Thursday-22-02-2018/Thursday-22-02-2018_368.pcap
Thursday-22-02-2018,capWIN-J6GMIG1DQE5-172.31.64.24.pcap,Thursday-22-02-2018_369.pcap,01_pcap/Thursday-22-02-2018/capWIN-J6GMIG1DQE5-172.31.64.24.pcap,01_pcap/Thursday-22-02-2018/Thursday-22-02-2018_369.pcap
Thursday-22-02-2018,capWIN-J6GMIG1DQE5-172.31.64.36.pcap,Thursday-22-02-2018_370.pcap,01_pcap/Thursday-22-02-2018/capWIN-J6GMIG1DQE5-172.31.64.36.pcap,01_pcap/Thursday-22-02-2018/Thursday-22-02-2018_370.pcap
Thursday-22-02-2018,capWIN-J6GMIG1DQE5-172.31.64.39.pcap,Thursday-22-02-2018_371.pcap,01_pcap/Thursday-22-02-2018/capWIN-J6GMIG1DQE5-172.31.64.39.pcap,01_pcap/Thursday-22-02-2018/Thursday-22-02-2018_371.pcap
Thursday-22-02-2018,capWIN-J6GMIG1DQE5-172.31.64.47.pcap,Thursday-22-02-2018_372.pcap,01_pcap/Thursday-22-02-2018/capWIN-J6GMIG1DQE5-172.31.64.47.pcap,01_pcap/Thursday-22-02-2018/Thursday-22-02-2018_372.pcap
Thursday-22-02-2018,capWIN-J6GMIG1DQE5-172.31.64.57.pcap,Thursday-22-02-2018_373.pcap,01_pcap/Thursday-22-02-2018/capWIN-J6GMIG1DQE5-172.31.64.57.pcap,01_pcap/Thursday-22-02-2018/Thursday-22-02-2018_373.pcap
Thursday-22-02-2018,capWIN-J6GMIG1DQE5-172.31.64.61.pcap,Thursday-22-02-2018_374.pcap,01_pcap/Thursday-22-02-2018/capWIN-J6GMIG1DQE5-172.31.64.61.pcap,01_pcap/Thursday-22-02-2018/Thursday-22-02-2018_374.pcap
Thursday-22-02-2018,capWIN-J6GMIG1DQE5-172.31.64.74.pcap,Thursday-22-02-2018_375.pcap,01_pcap/Thursday-22-02-2018/capWIN-J6GMIG1DQE5-172.31.64.74.pcap,01_pcap/Thursday-22-02-2018/Thursday-22-02-2018_375.pcap
Thursday-22-02-2018,capWIN-J6GMIG1DQE5-172.31.64.78.pcap,Thursday-22-02-2018_376.pcap,01_pcap/Thursday-22-02-2018/capWIN-J6GMIG1DQE5-172.31.64.78.pcap,01_pcap/Thursday-22-02-2018/Thursday-22-02-2018_376.pcap
Thursday-22-02-2018,capWIN-J6GMIG1DQE5-172.31.64.80.pcap,Thursday-22-02-2018_377.pcap,01_pcap/Thursday-22-02-2018/capWIN-J6GMIG1DQE5-172.31.64.80.pcap,01_pcap/Thursday-22-02-2018/Thursday-22-02-2018_377.pcap
Thursday-22-02-2018,capWIN-J6GMIG1DQE5-172.31.64.86.pcap,Thursday-22-02-2018_378.pcap,01_pcap/Thursday-22-02-2018/capWIN-J6GMIG1DQE5-172.31.64.86.pcap,01_pcap/Thursday-22-02-2018/Thursday-22-02-2018_378.pcap
Thursday-22-02-2018,capWIN-J6GMIG1DQE5-172.31.64.88.pcap,Thursday-22-02-2018_379.pcap,01_pcap/Thursday-22-02-2018/capWIN-J6GMIG1DQE5-172.31.64.88.pcap,01_pcap/Thursday-22-02-2018/Thursday-22-02-2018_379.pcap
Thursday-22-02-2018,capWIN-J6GMIG1DQE5-172.31.64.89.pcap,Thursday-22-02-2018_380.pcap,01_pcap/Thursday-22-02-2018/capWIN-J6GMIG1DQE5-172.31.64.89.pcap,01_pcap/Thursday-22-02-2018/Thursday-22-02-2018_380.pcap
Thursday-22-02-2018,capWIN-J6GMIG1DQE5-172.31.64.91.pcap,Thursday-22-02-2018_381.pcap,01_pcap/Thursday-22-02-2018/capWIN-J6GMIG1DQE5-172.31.64.91.pcap,01_pcap/Thursday-22-02-2018/Thursday-22-02-2018_381.pcap
Thursday-22-02-2018,capWIN-J6GMIG1DQE5-172.31.64.93.pcap,Thursday-22-02-2018_382.pcap,01_pcap/Thursday-22-02-2018/capWIN-J6GMIG1DQE5-172.31.64.93.pcap,01_pcap/Thursday-22-02-2018/Thursday-22-02-2018_382.pcap
Thursday-22-02-2018,capWIN-J6GMIG1DQE5-172.31.64.98.pcap,Thursday-22-02-2018_383.pcap,01_pcap/Thursday-22-02-2018/capWIN-J6GMIG1DQE5-172.31.64.98.pcap,01_pcap/Thursday-22-02-2018/Thursday-22-02-2018_383.pcap
Thursday-22-02-2018,capWIN-J6GMIG1DQE5-172.31.64.112.pcap,Thursday-22-02-2018_384.pcap,01_pcap/Thursday-22-02-2018/capWIN-J6GMIG1DQE5-172.31.64.112.pcap,01_pcap/Thursday-22-02-2018/Thursday-22-02-2018_384.pcap
Thursday-22-02-2018,capWIN-J6GMIG1DQE5-172.31.64.117.pcap,Thursday-22-02-2018_385.pcap,01_pcap/Thursday-22-02-2018/capWIN-J6GMIG1DQE5-172.31.64.117.pcap,01_pcap/Thursday-22-02-2018/Thursday-22-02-2018_385.pcap
Thursday-22-02-2018,capWIN-J6GMIG1DQE5-172.31.64.120.pcap,Thursday-22-02-2018_386.pcap,01_pcap/Thursday-22-02-2018/capWIN-J6GMIG1DQE5-172.31.64.120.pcap,01_pcap/Thursday-22-02-2018/Thursday-22-02-2018_386.pcap
Thursday-22-02-2018,capWIN-J6GMIG1DQE5-172.31.65.9.pcap,Thursday-22-02-2018_387.pcap,01_pcap/Thursday-22-02-2018/capWIN-J6GMIG1DQE5-172.31.65.9.pcap,01_pcap/Thursday-22-02-2018/Thursday-22-02-2018_387.pcap
Thursday-22-02-2018,capWIN-J6GMIG1DQE5-172.31.65.11.pcap,Thursday-22-02-2018_388.pcap,01_pcap/Thursday-22-02-2018/capWIN-J6GMIG1DQE5-172.31.65.11.pcap,01_pcap/Thursday-22-02-2018/Thursday-22-02-2018_388.pcap
Thursday-22-02-2018,capWIN-J6GMIG1DQE5-172.31.65.17.pcap,Thursday-22-02-2018_389.pcap,01_pcap/Thursday-22-02-2018/capWIN-J6GMIG1DQE5-172.31.65.17.pcap,01_pcap/Thursday-22-02-2018/Thursday-22-02-2018_389.pcap
Thursday-22-02-2018,capWIN-J6GMIG1DQE5-172.31.65.19.pcap,Thursday-22-02-2018_390.pcap,01_pcap/Thursday-22-02-2018/capWIN-J6GMIG1DQE5-172.31.65.19.pcap,01_pcap/Thursday-22-02-2018/Thursday-22-02-2018_390.pcap
Thursday-22-02-2018,capWIN-J6GMIG1DQE5-172.31.65.21.pcap,Thursday-22-02-2018_391.pcap,01_pcap/Thursday-22-02-2018/capWIN-J6GMIG1DQE5-172.31.65.21.pcap,01_pcap/Thursday-22-02-2018/Thursday-22-02-2018_391.pcap
Thursday-22-02-2018,capWIN-J6GMIG1DQE5-172.31.65.23.pcap,Thursday-22-02-2018_392.pcap,01_pcap/Thursday-22-02-2018/capWIN-J6GMIG1DQE5-172.31.65.23.pcap,01_pcap/Thursday-22-02-2018/Thursday-22-02-2018_392.pcap
Thursday-22-02-2018,capWIN-J6GMIG1DQE5-172.31.65.24.pcap,Thursday-22-02-2018_393.pcap,01_pcap/Thursday-22-02-2018/capWIN-J6GMIG1DQE5-172.31.65.24.pcap,01_pcap/Thursday-22-02-2018/Thursday-22-02-2018_393.pcap
Thursday-22-02-2018,capWIN-J6GMIG1DQE5-172.31.65.35.pcap,Thursday-22-02-2018_394.pcap,01_pcap/Thursday-22-02-2018/capWIN-J6GMIG1DQE5-172.31.65.35.pcap,01_pcap/Thursday-22-02-2018/Thursday-22-02-2018_394.pcap
Thursday-22-02-2018,capWIN-J6GMIG1DQE5-172.31.65.38.pcap,Thursday-22-02-2018_395.pcap,01_pcap/Thursday-22-02-2018/capWIN-J6GMIG1DQE5-172.31.65.38.pcap,01_pcap/Thursday-22-02-2018/Thursday-22-02-2018_395.pcap
Thursday-22-02-2018,capWIN-J6GMIG1DQE5-172.31.65.42.pcap,Thursday-22-02-2018_396.pcap,01_pcap/Thursday-22-02-2018/capWIN-J6GMIG1DQE5-172.31.65.42.pcap,01_pcap/Thursday-22-02-2018/Thursday-22-02-2018_396.pcap
Thursday-22-02-2018,capWIN-J6GMIG1DQE5-172.31.65.46.pcap,Thursday-22-02-2018_397.pcap,01_pcap/Thursday-22-02-2018/capWIN-J6GMIG1DQE5-172.31.65.46.pcap,01_pcap/Thursday-22-02-2018/Thursday-22-02-2018_397.pcap
Thursday-22-02-2018,capWIN-J6GMIG1DQE5-172.31.65.47.pcap,Thursday-22-02-2018_398.pcap,01_pcap/Thursday-22-02-2018/capWIN-J6GMIG1DQE5-172.31.65.47.pcap,01_pcap/Thursday-22-02-2018/Thursday-22-02-2018_398.pcap
Thursday-22-02-2018,capWIN-J6GMIG1DQE5-172.31.65.48.pcap,Thursday-22-02-2018_399.pcap,01_pcap/Thursday-22-02-2018/capWIN-J6GMIG1DQE5-172.31.65.48.pcap,01_pcap/Thursday-22-02-2018/Thursday-22-02-2018_399.pcap
Thursday-22-02-2018,capWIN-J6GMIG1DQE5-172.31.65.51.pcap,Thursday-22-02-2018_400.pcap,01_pcap/Thursday-22-02-2018/capWIN-J6GMIG1DQE5-172.31.65.51.pcap,01_pcap/Thursday-22-02-2018/Thursday-22-02-2018_400.pcap
Thursday-22-02-2018,capWIN-J6GMIG1DQE5-172.31.65.52.pcap,Thursday-22-02-2018_401.pcap,01_pcap/Thursday-22-02-2018/capWIN-J6GMIG1DQE5-172.31.65.52.pcap,01_pcap/Thursday-22-02-2018/Thursday-22-02-2018_401.pcap
Thursday-22-02-2018,capWIN-J6GMIG1DQE5-172.31.65.55.pcap,Thursday-22-02-2018_402.pcap,01_pcap/Thursday-22-02-2018/capWIN-J6GMIG1DQE5-172.31.65.55.pcap,01_pcap/Thursday-22-02-2018/Thursday-22-02-2018_402.pcap
Thursday-22-02-2018,capWIN-J6GMIG1DQE5-172.31.65.57.pcap,Thursday-22-02-2018_403.pcap,01_pcap/Thursday-22-02-2018/capWIN-J6GMIG1DQE5-172.31.65.57.pcap,01_pcap/Thursday-22-02-2018/Thursday-22-02-2018_403.pcap
Thursday-22-02-2018,capWIN-J6GMIG1DQE5-172.31.65.58.pcap,Thursday-22-02-2018_404.pcap,01_pcap/Thursday-22-02-2018/capWIN-J6GMIG1DQE5-172.31.65.58.pcap,01_pcap/Thursday-22-02-2018/Thursday-22-02-2018_404.pcap
Thursday-22-02-2018,capWIN-J6GMIG1DQE5-172.31.65.69.pcap,Thursday-22-02-2018_405.pcap,01_pcap/Thursday-22-02-2018/capWIN-J6GMIG1DQE5-172.31.65.69.pcap,01_pcap/Thursday-22-02-2018/Thursday-22-02-2018_405.pcap
Thursday-22-02-2018,capWIN-J6GMIG1DQE5-172.31.65.70.pcap,Thursday-22-02-2018_406.pcap,01_pcap/Thursday-22-02-2018/capWIN-J6GMIG1DQE5-172.31.65.70.pcap,01_pcap/Thursday-22-02-2018/Thursday-22-02-2018_406.pcap
Thursday-22-02-2018,capWIN-J6GMIG1DQE5-172.31.65.73.pcap,Thursday-22-02-2018_407.pcap,01_pcap/Thursday-22-02-2018/capWIN-J6GMIG1DQE5-172.31.65.73.pcap,01_pcap/Thursday-22-02-2018/Thursday-22-02-2018_407.pcap
Thursday-22-02-2018,capWIN-J6GMIG1DQE5-172.31.65.78.pcap,Thursday-22-02-2018_408.pcap,01_pcap/Thursday-22-02-2018/capWIN-J6GMIG1DQE5-172.31.65.78.pcap,01_pcap/Thursday-22-02-2018/Thursday-22-02-2018_408.pcap
Thursday-22-02-2018,capWIN-J6GMIG1DQE5-172.31.65.87.pcap,Thursday-22-02-2018_409.pcap,01_pcap/Thursday-22-02-2018/capWIN-J6GMIG1DQE5-172.31.65.87.pcap,01_pcap/Thursday-22-02-2018/Thursday-22-02-2018_409.pcap
Thursday-22-02-2018,capWIN-J6GMIG1DQE5-172.31.65.89.pcap,Thursday-22-02-2018_410.pcap,01_pcap/Thursday-22-02-2018/capWIN-J6GMIG1DQE5-172.31.65.89.pcap,01_pcap/Thursday-22-02-2018/Thursday-22-02-2018_410.pcap
Thursday-22-02-2018,capWIN-J6GMIG1DQE5-172.31.65.90.pcap,Thursday-22-02-2018_411.pcap,01_pcap/Thursday-22-02-2018/capWIN-J6GMIG1DQE5-172.31.65.90.pcap,01_pcap/Thursday-22-02-2018/Thursday-22-02-2018_411.pcap
Thursday-22-02-2018,capWIN-J6GMIG1DQE5-172.31.65.99.pcap,Thursday-22-02-2018_412.pcap,01_pcap/Thursday-22-02-2018/capWIN-J6GMIG1DQE5-172.31.65.99.pcap,01_pcap/Thursday-22-02-2018/Thursday-22-02-2018_412.pcap
Thursday-22-02-2018,capWIN-J6GMIG1DQE5-172.31.65.103.pcap,Thursday-22-02-2018_413.pcap,01_pcap/Thursday-22-02-2018/capWIN-J6GMIG1DQE5-172.31.65.103.pcap,01_pcap/Thursday-22-02-2018/Thursday-22-02-2018_413.pcap
Thursday-22-02-2018,capWIN-J6GMIG1DQE5-172.31.65.104.pcap,Thursday-22-02-2018_414.pcap,01_pcap/Thursday-22-02-2018/capWIN-J6GMIG1DQE5-172.31.65.104.pcap,01_pcap/Thursday-22-02-2018/Thursday-22-02-2018_414.pcap
Thursday-22-02-2018,capWIN-J6GMIG1DQE5-172.31.65.105.pcap,Thursday-22-02-2018_415.pcap,01_pcap/Thursday-22-02-2018/capWIN-J6GMIG1DQE5-172.31.65.105.pcap,01_pcap/Thursday-22-02-2018/Thursday-22-02-2018_415.pcap
Thursday-22-02-2018,capWIN-J6GMIG1DQE5-172.31.65.108.pcap,Thursday-22-02-2018_416.pcap,01_pcap/Thursday-22-02-2018/capWIN-J6GMIG1DQE5-172.31.65.108.pcap,01_pcap/Thursday-22-02-2018/Thursday-22-02-2018_416.pcap
Thursday-22-02-2018,capWIN-J6GMIG1DQE5-172.31.65.114.pcap,Thursday-22-02-2018_417.pcap,01_pcap/Thursday-22-02-2018/capWIN-J6GMIG1DQE5-172.31.65.114.pcap,01_pcap/Thursday-22-02-2018/Thursday-22-02-2018_417.pcap
Thursday-22-02-2018,capWIN-J6GMIG1DQE5-172.31.65.115.pcap,Thursday-22-02-2018_418.pcap,01_pcap/Thursday-22-02-2018/capWIN-J6GMIG1DQE5-172.31.65.115.pcap,01_pcap/Thursday-22-02-2018/Thursday-22-02-2018_418.pcap
Thursday-22-02-2018,capWIN-J6GMIG1DQE5-172.31.65.116.pcap,Thursday-22-02-2018_419.pcap,01_pcap/Thursday-22-02-2018/capWIN-J6GMIG1DQE5-172.31.65.116.pcap,01_pcap/Thursday-22-02-2018/Thursday-22-02-2018_419.pcap
Thursday-22-02-2018,capWIN-J6GMIG1DQE5-172.31.65.125.pcap,Thursday-22-02-2018_420.pcap,01_pcap/Thursday-22-02-2018/capWIN-J6GMIG1DQE5-172.31.65.125.pcap,01_pcap/Thursday-22-02-2018/Thursday-22-02-2018_420.pcap
Thursday-22-02-2018,capWIN-J6GMIG1DQE5-172.31.67.4.pcap,Thursday-22-02-2018_421.pcap,01_pcap/Thursday-22-02-2018/capWIN-J6GMIG1DQE5-172.31.67.4.pcap,01_pcap/Thursday-22-02-2018/Thursday-22-02-2018_421.pcap
Thursday-22-02-2018,capWIN-J6GMIG1DQE5-172.31.67.8.pcap,Thursday-22-02-2018_422.pcap,01_pcap/Thursday-22-02-2018/capWIN-J6GMIG1DQE5-172.31.67.8.pcap,01_pcap/Thursday-22-02-2018/Thursday-22-02-2018_422.pcap
Thursday-22-02-2018,capWIN-J6GMIG1DQE5-172.31.67.19.pcap,Thursday-22-02-2018_423.pcap,01_pcap/Thursday-22-02-2018/capWIN-J6GMIG1DQE5-172.31.67.19.pcap,01_pcap/Thursday-22-02-2018/Thursday-22-02-2018_423.pcap
Thursday-22-02-2018,capWIN-J6GMIG1DQE5-172.31.67.22.pcap,Thursday-22-02-2018_424.pcap,01_pcap/Thursday-22-02-2018/capWIN-J6GMIG1DQE5-172.31.67.22.pcap,01_pcap/Thursday-22-02-2018/Thursday-22-02-2018_424.pcap
Thursday-22-02-2018,capWIN-J6GMIG1DQE5-172.31.67.26.pcap,Thursday-22-02-2018_425.pcap,01_pcap/Thursday-22-02-2018/capWIN-J6GMIG1DQE5-172.31.67.26.pcap,01_pcap/Thursday-22-02-2018/Thursday-22-02-2018_425.pcap
Thursday-22-02-2018,capWIN-J6GMIG1DQE5-172.31.67.30.pcap,Thursday-22-02-2018_426.pcap,01_pcap/Thursday-22-02-2018/capWIN-J6GMIG1DQE5-172.31.67.30.pcap,01_pcap/Thursday-22-02-2018/Thursday-22-02-2018_426.pcap
Thursday-22-02-2018,capWIN-J6GMIG1DQE5-172.31.67.34.pcap,Thursday-22-02-2018_427.pcap,01_pcap/Thursday-22-02-2018/capWIN-J6GMIG1DQE5-172.31.67.34.pcap,01_pcap/Thursday-22-02-2018/Thursday-22-02-2018_427.pcap
Thursday-22-02-2018,capWIN-J6GMIG1DQE5-172.31.67.40.pcap,Thursday-22-02-2018_428.pcap,01_pcap/Thursday-22-02-2018/capWIN-J6GMIG1DQE5-172.31.67.40.pcap,01_pcap/Thursday-22-02-2018/Thursday-22-02-2018_428.pcap
Thursday-22-02-2018,capWIN-J6GMIG1DQE5-172.31.67.62.pcap,Thursday-22-02-2018_429.pcap,01_pcap/Thursday-22-02-2018/capWIN-J6GMIG1DQE5-172.31.67.62.pcap,01_pcap/Thursday-22-02-2018/Thursday-22-02-2018_429.pcap
Thursday-22-02-2018,capWIN-J6GMIG1DQE5-172.31.67.70.pcap,Thursday-22-02-2018_430.pcap,01_pcap/Thursday-22-02-2018/capWIN-J6GMIG1DQE5-172.31.67.70.pcap,01_pcap/Thursday-22-02-2018/Thursday-22-02-2018_430.pcap
Thursday-22-02-2018,capWIN-J6GMIG1DQE5-172.31.67.71.pcap,Thursday-22-02-2018_431.pcap,01_pcap/Thursday-22-02-2018/capWIN-J6GMIG1DQE5-172.31.67.71.pcap,01_pcap/Thursday-22-02-2018/Thursday-22-02-2018_431.pcap
Thursday-22-02-2018,capWIN-J6GMIG1DQE5-172.31.67.72.pcap,Thursday-22-02-2018_432.pcap,01_pcap/Thursday-22-02-2018/capWIN-J6GMIG1DQE5-172.31.67.72.pcap,01_pcap/Thursday-22-02-2018/Thursday-22-02-2018_432.pcap
Thursday-22-02-2018,capWIN-J6GMIG1DQE5-172.31.67.83.pcap,Thursday-22-02-2018_433.pcap,01_pcap/Thursday-22-02-2018/capWIN-J6GMIG1DQE5-172.31.67.83.pcap,01_pcap/Thursday-22-02-2018/Thursday-22-02-2018_433.pcap
Thursday-22-02-2018,capWIN-J6GMIG1DQE5-172.31.67.89.pcap,Thursday-22-02-2018_434.pcap,01_pcap/Thursday-22-02-2018/capWIN-J6GMIG1DQE5-172.31.67.89.pcap,01_pcap/Thursday-22-02-2018/Thursday-22-02-2018_434.pcap
Thursday-22-02-2018,capWIN-J6GMIG1DQE5-172.31.67.93.pcap,Thursday-22-02-2018_435.pcap,01_pcap/Thursday-22-02-2018/capWIN-J6GMIG1DQE5-172.31.67.93.pcap,01_pcap/Thursday-22-02-2018/Thursday-22-02-2018_435.pcap
Thursday-22-02-2018,capWIN-J6GMIG1DQE5-172.31.67.95.pcap,Thursday-22-02-2018_436.pcap,01_pcap/Thursday-22-02-2018/capWIN-J6GMIG1DQE5-172.31.67.95.pcap,01_pcap/Thursday-22-02-2018/Thursday-22-02-2018_436.pcap
Thursday-22-02-2018,capWIN-J6GMIG1DQE5-172.31.67.98.pcap,Thursday-22-02-2018_437.pcap,01_pcap/Thursday-22-02-2018/capWIN-J6GMIG1DQE5-172.31.67.98.pcap,01_pcap/Thursday-22-02-2018/Thursday-22-02-2018_437.pcap
Thursday-22-02-2018,capWIN-J6GMIG1DQE5-172.31.67.105.pcap,Thursday-22-02-2018_438.pcap,01_pcap/Thursday-22-02-2018/capWIN-J6GMIG1DQE5-172.31.67.105.pcap,01_pcap/Thursday-22-02-2018/Thursday-22-02-2018_438.pcap
Thursday-22-02-2018,capWIN-J6GMIG1DQE5-172.31.67.109.pcap,Thursday-22-02-2018_439.pcap,01_pcap/Thursday-22-02-2018/capWIN-J6GMIG1DQE5-172.31.67.109.pcap,01_pcap/Thursday-22-02-2018/Thursday-22-02-2018_439.pcap
Thursday-22-02-2018,capWIN-J6GMIG1DQE5-172.31.67.114.pcap,Thursday-22-02-2018_440.pcap,01_pcap/Thursday-22-02-2018/capWIN-J6GMIG1DQE5-172.31.67.114.pcap,01_pcap/Thursday-22-02-2018/Thursday-22-02-2018_440.pcap
Thursday-22-02-2018,UCAP172.31.69.7.pcap,Thursday-22-02-2018_441.pcap,01_pcap/Thursday-22-02-2018/UCAP172.31.69.7.pcap,01_pcap/Thursday-22-02-2018/Thursday-22-02-2018_441.pcap
Thursday-22-02-2018,UCAP172.31.69.15.pcap,Thursday-22-02-2018_442.pcap,01_pcap/Thursday-22-02-2018/UCAP172.31.69.15.pcap,01_pcap/Thursday-22-02-2018/Thursday-22-02-2018_442.pcap
Thursday-22-02-2018,UCAP172.31.69.18.pcap,Thursday-22-02-2018_443.pcap,01_pcap/Thursday-22-02-2018/UCAP172.31.69.18.pcap,01_pcap/Thursday-22-02-2018/Thursday-22-02-2018_443.pcap
Thursday-22-02-2018,UCAP172.31.69.21.pcap,Thursday-22-02-2018_444.pcap,01_pcap/Thursday-22-02-2018/UCAP172.31.69.21.pcap,01_pcap/Thursday-22-02-2018/Thursday-22-02-2018_444.pcap
Thursday-22-02-2018,UCAP172.31.69.22.pcap,Thursday-22-02-2018_445.pcap,01_pcap/Thursday-22-02-2018/UCAP172.31.69.22.pcap,01_pcap/Thursday-22-02-2018/Thursday-22-02-2018_445.pcap
Thursday-22-02-2018,UCAP172.31.69.25.pcap,Thursday-22-02-2018_446.pcap,01_pcap/Thursday-22-02-2018/UCAP172.31.69.25.pcap,01_pcap/Thursday-22-02-2018/Thursday-22-02-2018_446.pcap
Thursday-22-02-2018,UCAP172.31.69.28.pcap,Thursday-22-02-2018_447.pcap,01_pcap/Thursday-22-02-2018/UCAP172.31.69.28.pcap,01_pcap/Thursday-22-02-2018/Thursday-22-02-2018_447.pcap
Wednesday-14-02-2018,capDESKTOP-AN3U28N-172.31.64.17.pcap,Wednesday-14-02-2018_1.pcap,01_pcap/Wednesday-14-02-2018/capDESKTOP-AN3U28N-172.31.64.17.pcap,01_pcap/Wednesday-14-02-2018/Wednesday-14-02-2018_1.pcap
Wednesday-14-02-2018,capDESKTOP-AN3U28N-172.31.64.26.pcap,Wednesday-14-02-2018_2.pcap,01_pcap/Wednesday-14-02-2018/capDESKTOP-AN3U28N-172.31.64.26.pcap,01_pcap/Wednesday-14-02-2018/Wednesday-14-02-2018_2.pcap
Wednesday-14-02-2018,capDESKTOP-AN3U28N-172.31.64.35.pcap,Wednesday-14-02-2018_3.pcap,01_pcap/Wednesday-14-02-2018/capDESKTOP-AN3U28N-172.31.64.35.pcap,01_pcap/Wednesday-14-02-2018/Wednesday-14-02-2018_3.pcap
Wednesday-14-02-2018,capDESKTOP-AN3U28N-172.31.64.38.pcap,Wednesday-14-02-2018_4.pcap,01_pcap/Wednesday-14-02-2018/capDESKTOP-AN3U28N-172.31.64.38.pcap,01_pcap/Wednesday-14-02-2018/Wednesday-14-02-2018_4.pcap
Wednesday-14-02-2018,capDESKTOP-AN3U28N-172.31.64.46.pcap,Wednesday-14-02-2018_5.pcap,01_pcap/Wednesday-14-02-2018/capDESKTOP-AN3U28N-172.31.64.46.pcap,01_pcap/Wednesday-14-02-2018/Wednesday-14-02-2018_5.pcap
Wednesday-14-02-2018,capDESKTOP-AN3U28N-172.31.64.54.pcap,Wednesday-14-02-2018_6.pcap,01_pcap/Wednesday-14-02-2018/capDESKTOP-AN3U28N-172.31.64.54.pcap,01_pcap/Wednesday-14-02-2018/Wednesday-14-02-2018_6.pcap
Wednesday-14-02-2018,capDESKTOP-AN3U28N-172.31.64.63.pcap,Wednesday-14-02-2018_7.pcap,01_pcap/Wednesday-14-02-2018/capDESKTOP-AN3U28N-172.31.64.63.pcap,01_pcap/Wednesday-14-02-2018/Wednesday-14-02-2018_7.pcap
Wednesday-14-02-2018,capDESKTOP-AN3U28N-172.31.64.65.pcap,Wednesday-14-02-2018_8.pcap,01_pcap/Wednesday-14-02-2018/capDESKTOP-AN3U28N-172.31.64.65.pcap,01_pcap/Wednesday-14-02-2018/Wednesday-14-02-2018_8.pcap
Wednesday-14-02-2018,capDESKTOP-AN3U28N-172.31.64.67.pcap,Wednesday-14-02-2018_9.pcap,01_pcap/Wednesday-14-02-2018/capDESKTOP-AN3U28N-172.31.64.67.pcap,01_pcap/Wednesday-14-02-2018/Wednesday-14-02-2018_9.pcap
Wednesday-14-02-2018,capDESKTOP-AN3U28N-172.31.64.71.pcap,Wednesday-14-02-2018_10.pcap,01_pcap/Wednesday-14-02-2018/capDESKTOP-AN3U28N-172.31.64.71.pcap,01_pcap/Wednesday-14-02-2018/Wednesday-14-02-2018_10.pcap
Wednesday-14-02-2018,capDESKTOP-AN3U28N-172.31.64.75.pcap,Wednesday-14-02-2018_11.pcap,01_pcap/Wednesday-14-02-2018/capDESKTOP-AN3U28N-172.31.64.75.pcap,01_pcap/Wednesday-14-02-2018/Wednesday-14-02-2018_11.pcap
Wednesday-14-02-2018,capDESKTOP-AN3U28N-172.31.64.76.pcap,Wednesday-14-02-2018_12.pcap,01_pcap/Wednesday-14-02-2018/capDESKTOP-AN3U28N-172.31.64.76.pcap,01_pcap/Wednesday-14-02-2018/Wednesday-14-02-2018_12.pcap
Wednesday-14-02-2018,capDESKTOP-AN3U28N-172.31.64.84.pcap,Wednesday-14-02-2018_13.pcap,01_pcap/Wednesday-14-02-2018/capDESKTOP-AN3U28N-172.31.64.84.pcap,01_pcap/Wednesday-14-02-2018/Wednesday-14-02-2018_13.pcap
Wednesday-14-02-2018,capDESKTOP-AN3U28N-172.31.64.95.pcap,Wednesday-14-02-2018_14.pcap,01_pcap/Wednesday-14-02-2018/capDESKTOP-AN3U28N-172.31.64.95.pcap,01_pcap/Wednesday-14-02-2018/Wednesday-14-02-2018_14.pcap
Wednesday-14-02-2018,capDESKTOP-AN3U28N-172.31.64.99.pcap,Wednesday-14-02-2018_15.pcap,01_pcap/Wednesday-14-02-2018/capDESKTOP-AN3U28N-172.31.64.99.pcap,01_pcap/Wednesday-14-02-2018/Wednesday-14-02-2018_15.pcap
Wednesday-14-02-2018,capDESKTOP-AN3U28N-172.31.64.111.pcap,Wednesday-14-02-2018_16.pcap,01_pcap/Wednesday-14-02-2018/capDESKTOP-AN3U28N-172.31.64.111.pcap,01_pcap/Wednesday-14-02-2018/Wednesday-14-02-2018_16.pcap
Wednesday-14-02-2018,capDESKTOP-AN3U28N-172.31.64.115.pcap,Wednesday-14-02-2018_17.pcap,01_pcap/Wednesday-14-02-2018/capDESKTOP-AN3U28N-172.31.64.115.pcap,01_pcap/Wednesday-14-02-2018/Wednesday-14-02-2018_17.pcap
Wednesday-14-02-2018,capDESKTOP-AN3U28N-172.31.64.118.pcap,Wednesday-14-02-2018_18.pcap,01_pcap/Wednesday-14-02-2018/capDESKTOP-AN3U28N-172.31.64.118.pcap,01_pcap/Wednesday-14-02-2018/Wednesday-14-02-2018_18.pcap
Wednesday-14-02-2018,capDESKTOP-AN3U28N-172.31.64.122.pcap,Wednesday-14-02-2018_19.pcap,01_pcap/Wednesday-14-02-2018/capDESKTOP-AN3U28N-172.31.64.122.pcap,01_pcap/Wednesday-14-02-2018/Wednesday-14-02-2018_19.pcap
Wednesday-14-02-2018,capDESKTOP-AN3U28N-172.31.64.125.pcap,Wednesday-14-02-2018_20.pcap,01_pcap/Wednesday-14-02-2018/capDESKTOP-AN3U28N-172.31.64.125.pcap,01_pcap/Wednesday-14-02-2018/Wednesday-14-02-2018_20.pcap
Wednesday-14-02-2018,capDESKTOP-AN3U28N-172.31.64.126.pcap,Wednesday-14-02-2018_21.pcap,01_pcap/Wednesday-14-02-2018/capDESKTOP-AN3U28N-172.31.64.126.pcap,01_pcap/Wednesday-14-02-2018/Wednesday-14-02-2018_21.pcap
Wednesday-14-02-2018,capDESKTOP-AN3U28N-172.31.65.10.pcap,Wednesday-14-02-2018_22.pcap,01_pcap/Wednesday-14-02-2018/capDESKTOP-AN3U28N-172.31.65.10.pcap,01_pcap/Wednesday-14-02-2018/Wednesday-14-02-2018_22.pcap
Wednesday-14-02-2018,capDESKTOP-AN3U28N-172.31.65.14.pcap,Wednesday-14-02-2018_23.pcap,01_pcap/Wednesday-14-02-2018/capDESKTOP-AN3U28N-172.31.65.14.pcap,01_pcap/Wednesday-14-02-2018/Wednesday-14-02-2018_23.pcap
Wednesday-14-02-2018,capDESKTOP-AN3U28N-172.31.65.28.pcap,Wednesday-14-02-2018_24.pcap,01_pcap/Wednesday-14-02-2018/capDESKTOP-AN3U28N-172.31.65.28.pcap,01_pcap/Wednesday-14-02-2018/Wednesday-14-02-2018_24.pcap
Wednesday-14-02-2018,capDESKTOP-AN3U28N-172.31.65.29.pcap,Wednesday-14-02-2018_25.pcap,01_pcap/Wednesday-14-02-2018/capDESKTOP-AN3U28N-172.31.65.29.pcap,01_pcap/Wednesday-14-02-2018/Wednesday-14-02-2018_25.pcap
Wednesday-14-02-2018,capDESKTOP-AN3U28N-172.31.65.34.pcap,Wednesday-14-02-2018_26.pcap,01_pcap/Wednesday-14-02-2018/capDESKTOP-AN3U28N-172.31.65.34.pcap,01_pcap/Wednesday-14-02-2018/Wednesday-14-02-2018_26.pcap
Wednesday-14-02-2018,capDESKTOP-AN3U28N-172.31.65.40.pcap,Wednesday-14-02-2018_27.pcap,01_pcap/Wednesday-14-02-2018/capDESKTOP-AN3U28N-172.31.65.40.pcap,01_pcap/Wednesday-14-02-2018/Wednesday-14-02-2018_27.pcap
Wednesday-14-02-2018,capDESKTOP-AN3U28N-172.31.65.50.pcap,Wednesday-14-02-2018_28.pcap,01_pcap/Wednesday-14-02-2018/capDESKTOP-AN3U28N-172.31.65.50.pcap,01_pcap/Wednesday-14-02-2018/Wednesday-14-02-2018_28.pcap
Wednesday-14-02-2018,capDESKTOP-AN3U28N-172.31.65.56.pcap,Wednesday-14-02-2018_29.pcap,01_pcap/Wednesday-14-02-2018/capDESKTOP-AN3U28N-172.31.65.56.pcap,01_pcap/Wednesday-14-02-2018/Wednesday-14-02-2018_29.pcap
Wednesday-14-02-2018,capDESKTOP-AN3U28N-172.31.65.66.pcap,Wednesday-14-02-2018_30.pcap,01_pcap/Wednesday-14-02-2018/capDESKTOP-AN3U28N-172.31.65.66.pcap,01_pcap/Wednesday-14-02-2018/Wednesday-14-02-2018_30.pcap
Wednesday-14-02-2018,capDESKTOP-AN3U28N-172.31.65.76.pcap,Wednesday-14-02-2018_31.pcap,01_pcap/Wednesday-14-02-2018/capDESKTOP-AN3U28N-172.31.65.76.pcap,01_pcap/Wednesday-14-02-2018/Wednesday-14-02-2018_31.pcap
Wednesday-14-02-2018,capDESKTOP-AN3U28N-172.31.65.81.pcap,Wednesday-14-02-2018_32.pcap,01_pcap/Wednesday-14-02-2018/capDESKTOP-AN3U28N-172.31.65.81.pcap,01_pcap/Wednesday-14-02-2018/Wednesday-14-02-2018_32.pcap
Wednesday-14-02-2018,capDESKTOP-AN3U28N-172.31.65.86.pcap,Wednesday-14-02-2018_33.pcap,01_pcap/Wednesday-14-02-2018/capDESKTOP-AN3U28N-172.31.65.86.pcap,01_pcap/Wednesday-14-02-2018/Wednesday-14-02-2018_33.pcap
Wednesday-14-02-2018,capDESKTOP-AN3U28N-172.31.65.88.pcap,Wednesday-14-02-2018_34.pcap,01_pcap/Wednesday-14-02-2018/capDESKTOP-AN3U28N-172.31.65.88.pcap,01_pcap/Wednesday-14-02-2018/Wednesday-14-02-2018_34.pcap
Wednesday-14-02-2018,capDESKTOP-AN3U28N-172.31.65.113.pcap,Wednesday-14-02-2018_35.pcap,01_pcap/Wednesday-14-02-2018/capDESKTOP-AN3U28N-172.31.65.113.pcap,01_pcap/Wednesday-14-02-2018/Wednesday-14-02-2018_35.pcap
Wednesday-14-02-2018,capDESKTOP-AN3U28N-172.31.65.123.pcap,Wednesday-14-02-2018_36.pcap,01_pcap/Wednesday-14-02-2018/capDESKTOP-AN3U28N-172.31.65.123.pcap,01_pcap/Wednesday-14-02-2018/Wednesday-14-02-2018_36.pcap
Wednesday-14-02-2018,capDESKTOP-AN3U28N-172.31.65.124.pcap,Wednesday-14-02-2018_37.pcap,01_pcap/Wednesday-14-02-2018/capDESKTOP-AN3U28N-172.31.65.124.pcap,01_pcap/Wednesday-14-02-2018/Wednesday-14-02-2018_37.pcap
Wednesday-14-02-2018,capDESKTOP-AN3U28N-172.31.65.126.pcap,Wednesday-14-02-2018_38.pcap,01_pcap/Wednesday-14-02-2018/capDESKTOP-AN3U28N-172.31.65.126.pcap,01_pcap/Wednesday-14-02-2018/Wednesday-14-02-2018_38.pcap
Wednesday-14-02-2018,capDESKTOP-AN3U28N-172.31.66.22.pcap,Wednesday-14-02-2018_39.pcap,01_pcap/Wednesday-14-02-2018/capDESKTOP-AN3U28N-172.31.66.22.pcap,01_pcap/Wednesday-14-02-2018/Wednesday-14-02-2018_39.pcap
Wednesday-14-02-2018,capDESKTOP-AN3U28N-172.31.66.41.pcap,Wednesday-14-02-2018_40.pcap,01_pcap/Wednesday-14-02-2018/capDESKTOP-AN3U28N-172.31.66.41.pcap,01_pcap/Wednesday-14-02-2018/Wednesday-14-02-2018_40.pcap
Wednesday-14-02-2018,capDESKTOP-AN3U28N-172.31.66.42.pcap,Wednesday-14-02-2018_41.pcap,01_pcap/Wednesday-14-02-2018/capDESKTOP-AN3U28N-172.31.66.42.pcap,01_pcap/Wednesday-14-02-2018/Wednesday-14-02-2018_41.pcap
Wednesday-14-02-2018,capDESKTOP-AN3U28N-172.31.66.43.pcap,Wednesday-14-02-2018_42.pcap,01_pcap/Wednesday-14-02-2018/capDESKTOP-AN3U28N-172.31.66.43.pcap,01_pcap/Wednesday-14-02-2018/Wednesday-14-02-2018_42.pcap
Wednesday-14-02-2018,capDESKTOP-AN3U28N-172.31.66.49.pcap,Wednesday-14-02-2018_43.pcap,01_pcap/Wednesday-14-02-2018/capDESKTOP-AN3U28N-172.31.66.49.pcap,01_pcap/Wednesday-14-02-2018/Wednesday-14-02-2018_43.pcap
Wednesday-14-02-2018,capDESKTOP-AN3U28N-172.31.66.54.pcap,Wednesday-14-02-2018_44.pcap,01_pcap/Wednesday-14-02-2018/capDESKTOP-AN3U28N-172.31.66.54.pcap,01_pcap/Wednesday-14-02-2018/Wednesday-14-02-2018_44.pcap
Wednesday-14-02-2018,capDESKTOP-AN3U28N-172.31.66.62.pcap,Wednesday-14-02-2018_45.pcap,01_pcap/Wednesday-14-02-2018/capDESKTOP-AN3U28N-172.31.66.62.pcap,01_pcap/Wednesday-14-02-2018/Wednesday-14-02-2018_45.pcap
Wednesday-14-02-2018,capDESKTOP-AN3U28N-172.31.66.63.pcap,Wednesday-14-02-2018_46.pcap,01_pcap/Wednesday-14-02-2018/capDESKTOP-AN3U28N-172.31.66.63.pcap,01_pcap/Wednesday-14-02-2018/Wednesday-14-02-2018_46.pcap
Wednesday-14-02-2018,capDESKTOP-AN3U28N-172.31.66.72.pcap,Wednesday-14-02-2018_47.pcap,01_pcap/Wednesday-14-02-2018/capDESKTOP-AN3U28N-172.31.66.72.pcap,01_pcap/Wednesday-14-02-2018/Wednesday-14-02-2018_47.pcap
Wednesday-14-02-2018,capDESKTOP-AN3U28N-172.31.66.76.pcap,Wednesday-14-02-2018_48.pcap,01_pcap/Wednesday-14-02-2018/capDESKTOP-AN3U28N-172.31.66.76.pcap,01_pcap/Wednesday-14-02-2018/Wednesday-14-02-2018_48.pcap
Wednesday-14-02-2018,capDESKTOP-AN3U28N-172.31.66.82.pcap,Wednesday-14-02-2018_49.pcap,01_pcap/Wednesday-14-02-2018/capDESKTOP-AN3U28N-172.31.66.82.pcap,01_pcap/Wednesday-14-02-2018/Wednesday-14-02-2018_49.pcap
Wednesday-14-02-2018,capDESKTOP-AN3U28N-172.31.66.85.pcap,Wednesday-14-02-2018_50.pcap,01_pcap/Wednesday-14-02-2018/capDESKTOP-AN3U28N-172.31.66.85.pcap,01_pcap/Wednesday-14-02-2018/Wednesday-14-02-2018_50.pcap
Wednesday-14-02-2018,capDESKTOP-AN3U28N-172.31.66.89.pcap,Wednesday-14-02-2018_51.pcap,01_pcap/Wednesday-14-02-2018/capDESKTOP-AN3U28N-172.31.66.89.pcap,01_pcap/Wednesday-14-02-2018/Wednesday-14-02-2018_51.pcap
Wednesday-14-02-2018,capDESKTOP-AN3U28N-172.31.66.100.pcap,Wednesday-14-02-2018_52.pcap,01_pcap/Wednesday-14-02-2018/capDESKTOP-AN3U28N-172.31.66.100.pcap,01_pcap/Wednesday-14-02-2018/Wednesday-14-02-2018_52.pcap
Wednesday-14-02-2018,capDESKTOP-AN3U28N-172.31.66.101.pcap,Wednesday-14-02-2018_53.pcap,01_pcap/Wednesday-14-02-2018/capDESKTOP-AN3U28N-172.31.66.101.pcap,01_pcap/Wednesday-14-02-2018/Wednesday-14-02-2018_53.pcap
Wednesday-14-02-2018,capDESKTOP-AN3U28N-172.31.66.112.pcap,Wednesday-14-02-2018_54.pcap,01_pcap/Wednesday-14-02-2018/capDESKTOP-AN3U28N-172.31.66.112.pcap,01_pcap/Wednesday-14-02-2018/Wednesday-14-02-2018_54.pcap
Wednesday-14-02-2018,capDESKTOP-AN3U28N-172.31.66.114.pcap,Wednesday-14-02-2018_55.pcap,01_pcap/Wednesday-14-02-2018/capDESKTOP-AN3U28N-172.31.66.114.pcap,01_pcap/Wednesday-14-02-2018/Wednesday-14-02-2018_55.pcap
Wednesday-14-02-2018,capDESKTOP-AN3U28N-172.31.66.115.pcap,Wednesday-14-02-2018_56.pcap,01_pcap/Wednesday-14-02-2018/capDESKTOP-AN3U28N-172.31.66.115.pcap,01_pcap/Wednesday-14-02-2018/Wednesday-14-02-2018_56.pcap
Wednesday-14-02-2018,capDESKTOP-AN3U28N-172.31.66.120.pcap,Wednesday-14-02-2018_57.pcap,01_pcap/Wednesday-14-02-2018/capDESKTOP-AN3U28N-172.31.66.120.pcap,01_pcap/Wednesday-14-02-2018/Wednesday-14-02-2018_57.pcap
Wednesday-14-02-2018,capDESKTOP-AN3U28N-172.31.66.123.pcap,Wednesday-14-02-2018_58.pcap,01_pcap/Wednesday-14-02-2018/capDESKTOP-AN3U28N-172.31.66.123.pcap,01_pcap/Wednesday-14-02-2018/Wednesday-14-02-2018_58.pcap
Wednesday-14-02-2018,capDESKTOP-AN3U28N-172.31.67.10.pcap,Wednesday-14-02-2018_59.pcap,01_pcap/Wednesday-14-02-2018/capDESKTOP-AN3U28N-172.31.67.10.pcap,01_pcap/Wednesday-14-02-2018/Wednesday-14-02-2018_59.pcap
Wednesday-14-02-2018,capDESKTOP-AN3U28N-172.31.67.13.pcap,Wednesday-14-02-2018_60.pcap,01_pcap/Wednesday-14-02-2018/capDESKTOP-AN3U28N-172.31.67.13.pcap,01_pcap/Wednesday-14-02-2018/Wednesday-14-02-2018_60.pcap
Wednesday-14-02-2018,capDESKTOP-AN3U28N-172.31.67.15.pcap,Wednesday-14-02-2018_61.pcap,01_pcap/Wednesday-14-02-2018/capDESKTOP-AN3U28N-172.31.67.15.pcap,01_pcap/Wednesday-14-02-2018/Wednesday-14-02-2018_61.pcap
Wednesday-14-02-2018,capDESKTOP-AN3U28N-172.31.67.21.pcap,Wednesday-14-02-2018_62.pcap,01_pcap/Wednesday-14-02-2018/capDESKTOP-AN3U28N-172.31.67.21.pcap,01_pcap/Wednesday-14-02-2018/Wednesday-14-02-2018_62.pcap
Wednesday-14-02-2018,capDESKTOP-AN3U28N-172.31.67.28.pcap,Wednesday-14-02-2018_63.pcap,01_pcap/Wednesday-14-02-2018/capDESKTOP-AN3U28N-172.31.67.28.pcap,01_pcap/Wednesday-14-02-2018/Wednesday-14-02-2018_63.pcap
Wednesday-14-02-2018,capDESKTOP-AN3U28N-172.31.67.41.pcap,Wednesday-14-02-2018_64.pcap,01_pcap/Wednesday-14-02-2018/capDESKTOP-AN3U28N-172.31.67.41.pcap,01_pcap/Wednesday-14-02-2018/Wednesday-14-02-2018_64.pcap
Wednesday-14-02-2018,capDESKTOP-AN3U28N-172.31.67.46.pcap,Wednesday-14-02-2018_65.pcap,01_pcap/Wednesday-14-02-2018/capDESKTOP-AN3U28N-172.31.67.46.pcap,01_pcap/Wednesday-14-02-2018/Wednesday-14-02-2018_65.pcap
Wednesday-14-02-2018,capDESKTOP-AN3U28N-172.31.67.50.pcap,Wednesday-14-02-2018_66.pcap,01_pcap/Wednesday-14-02-2018/capDESKTOP-AN3U28N-172.31.67.50.pcap,01_pcap/Wednesday-14-02-2018/Wednesday-14-02-2018_66.pcap
Wednesday-14-02-2018,capDESKTOP-AN3U28N-172.31.67.54.pcap,Wednesday-14-02-2018_67.pcap,01_pcap/Wednesday-14-02-2018/capDESKTOP-AN3U28N-172.31.67.54.pcap,01_pcap/Wednesday-14-02-2018/Wednesday-14-02-2018_67.pcap
Wednesday-14-02-2018,capDESKTOP-AN3U28N-172.31.67.63.pcap,Wednesday-14-02-2018_68.pcap,01_pcap/Wednesday-14-02-2018/capDESKTOP-AN3U28N-172.31.67.63.pcap,01_pcap/Wednesday-14-02-2018/Wednesday-14-02-2018_68.pcap
Wednesday-14-02-2018,capDESKTOP-AN3U28N-172.31.67.80.pcap,Wednesday-14-02-2018_69.pcap,01_pcap/Wednesday-14-02-2018/capDESKTOP-AN3U28N-172.31.67.80.pcap,01_pcap/Wednesday-14-02-2018/Wednesday-14-02-2018_69.pcap
Wednesday-14-02-2018,capDESKTOP-AN3U28N-172.31.67.81.pcap,Wednesday-14-02-2018_70.pcap,01_pcap/Wednesday-14-02-2018/capDESKTOP-AN3U28N-172.31.67.81.pcap,01_pcap/Wednesday-14-02-2018/Wednesday-14-02-2018_70.pcap
Wednesday-14-02-2018,capDESKTOP-AN3U28N-172.31.67.82.pcap,Wednesday-14-02-2018_71.pcap,01_pcap/Wednesday-14-02-2018/capDESKTOP-AN3U28N-172.31.67.82.pcap,01_pcap/Wednesday-14-02-2018/Wednesday-14-02-2018_71.pcap
Wednesday-14-02-2018,capDESKTOP-AN3U28N-172.31.67.86.pcap,Wednesday-14-02-2018_72.pcap,01_pcap/Wednesday-14-02-2018/capDESKTOP-AN3U28N-172.31.67.86.pcap,01_pcap/Wednesday-14-02-2018/Wednesday-14-02-2018_72.pcap
Wednesday-14-02-2018,capDESKTOP-AN3U28N-172.31.67.94.pcap,Wednesday-14-02-2018_73.pcap,01_pcap/Wednesday-14-02-2018/capDESKTOP-AN3U28N-172.31.67.94.pcap,01_pcap/Wednesday-14-02-2018/Wednesday-14-02-2018_73.pcap
Wednesday-14-02-2018,capDESKTOP-AN3U28N-172.31.67.101.pcap,Wednesday-14-02-2018_74.pcap,01_pcap/Wednesday-14-02-2018/capDESKTOP-AN3U28N-172.31.67.101.pcap,01_pcap/Wednesday-14-02-2018/Wednesday-14-02-2018_74.pcap
Wednesday-14-02-2018,capDESKTOP-AN3U28N-172.31.67.116.pcap,Wednesday-14-02-2018_75.pcap,01_pcap/Wednesday-14-02-2018/capDESKTOP-AN3U28N-172.31.67.116.pcap,01_pcap/Wednesday-14-02-2018/Wednesday-14-02-2018_75.pcap
Wednesday-14-02-2018,capDESKTOP-AN3U28N-172.31.67.119.pcap,Wednesday-14-02-2018_76.pcap,01_pcap/Wednesday-14-02-2018/capDESKTOP-AN3U28N-172.31.67.119.pcap,01_pcap/Wednesday-14-02-2018/Wednesday-14-02-2018_76.pcap
Wednesday-14-02-2018,capDESKTOP-AN3U28N-172.31.67.125.pcap,Wednesday-14-02-2018_77.pcap,01_pcap/Wednesday-14-02-2018/capDESKTOP-AN3U28N-172.31.67.125.pcap,01_pcap/Wednesday-14-02-2018/Wednesday-14-02-2018_77.pcap
Wednesday-14-02-2018,capEC2AMAZ-O4EL3NG-172.31.64.4.pcap,Wednesday-14-02-2018_78.pcap,01_pcap/Wednesday-14-02-2018/capEC2AMAZ-O4EL3NG-172.31.64.4.pcap,01_pcap/Wednesday-14-02-2018/Wednesday-14-02-2018_78.pcap
Wednesday-14-02-2018,capEC2AMAZ-O4EL3NG-172.31.64.7.pcap,Wednesday-14-02-2018_79.pcap,01_pcap/Wednesday-14-02-2018/capEC2AMAZ-O4EL3NG-172.31.64.7.pcap,01_pcap/Wednesday-14-02-2018/Wednesday-14-02-2018_79.pcap
Wednesday-14-02-2018,capEC2AMAZ-O4EL3NG-172.31.64.8.pcap,Wednesday-14-02-2018_80.pcap,01_pcap/Wednesday-14-02-2018/capEC2AMAZ-O4EL3NG-172.31.64.8.pcap,01_pcap/Wednesday-14-02-2018/Wednesday-14-02-2018_80.pcap
Wednesday-14-02-2018,capEC2AMAZ-O4EL3NG-172.31.64.11.pcap,Wednesday-14-02-2018_81.pcap,01_pcap/Wednesday-14-02-2018/capEC2AMAZ-O4EL3NG-172.31.64.11.pcap,01_pcap/Wednesday-14-02-2018/Wednesday-14-02-2018_81.pcap
Wednesday-14-02-2018,capEC2AMAZ-O4EL3NG-172.31.64.13.pcap,Wednesday-14-02-2018_82.pcap,01_pcap/Wednesday-14-02-2018/capEC2AMAZ-O4EL3NG-172.31.64.13.pcap,01_pcap/Wednesday-14-02-2018/Wednesday-14-02-2018_82.pcap
Wednesday-14-02-2018,capEC2AMAZ-O4EL3NG-172.31.64.16.pcap,Wednesday-14-02-2018_83.pcap,01_pcap/Wednesday-14-02-2018/capEC2AMAZ-O4EL3NG-172.31.64.16.pcap,01_pcap/Wednesday-14-02-2018/Wednesday-14-02-2018_83.pcap
Wednesday-14-02-2018,capEC2AMAZ-O4EL3NG-172.31.64.19.pcap,Wednesday-14-02-2018_84.pcap,01_pcap/Wednesday-14-02-2018/capEC2AMAZ-O4EL3NG-172.31.64.19.pcap,01_pcap/Wednesday-14-02-2018/Wednesday-14-02-2018_84.pcap
Wednesday-14-02-2018,capEC2AMAZ-O4EL3NG-172.31.64.27.pcap,Wednesday-14-02-2018_85.pcap,01_pcap/Wednesday-14-02-2018/capEC2AMAZ-O4EL3NG-172.31.64.27.pcap,01_pcap/Wednesday-14-02-2018/Wednesday-14-02-2018_85.pcap
Wednesday-14-02-2018,capEC2AMAZ-O4EL3NG-172.31.64.28.pcap,Wednesday-14-02-2018_86.pcap,01_pcap/Wednesday-14-02-2018/capEC2AMAZ-O4EL3NG-172.31.64.28.pcap,01_pcap/Wednesday-14-02-2018/Wednesday-14-02-2018_86.pcap
Wednesday-14-02-2018,capEC2AMAZ-O4EL3NG-172.31.64.29.pcap,Wednesday-14-02-2018_87.pcap,01_pcap/Wednesday-14-02-2018/capEC2AMAZ-O4EL3NG-172.31.64.29.pcap,01_pcap/Wednesday-14-02-2018/Wednesday-14-02-2018_87.pcap
Wednesday-14-02-2018,capEC2AMAZ-O4EL3NG-172.31.64.42.pcap,Wednesday-14-02-2018_88.pcap,01_pcap/Wednesday-14-02-2018/capEC2AMAZ-O4EL3NG-172.31.64.42.pcap,01_pcap/Wednesday-14-02-2018/Wednesday-14-02-2018_88.pcap
Wednesday-14-02-2018,capEC2AMAZ-O4EL3NG-172.31.64.44.pcap,Wednesday-14-02-2018_89.pcap,01_pcap/Wednesday-14-02-2018/capEC2AMAZ-O4EL3NG-172.31.64.44.pcap,01_pcap/Wednesday-14-02-2018/Wednesday-14-02-2018_89.pcap
Wednesday-14-02-2018,capEC2AMAZ-O4EL3NG-172.31.64.45.pcap,Wednesday-14-02-2018_90.pcap,01_pcap/Wednesday-14-02-2018/capEC2AMAZ-O4EL3NG-172.31.64.45.pcap,01_pcap/Wednesday-14-02-2018/Wednesday-14-02-2018_90.pcap
Wednesday-14-02-2018,capEC2AMAZ-O4EL3NG-172.31.64.49.pcap,Wednesday-14-02-2018_91.pcap,01_pcap/Wednesday-14-02-2018/capEC2AMAZ-O4EL3NG-172.31.64.49.pcap,01_pcap/Wednesday-14-02-2018/Wednesday-14-02-2018_91.pcap
Wednesday-14-02-2018,capEC2AMAZ-O4EL3NG-172.31.64.51.pcap,Wednesday-14-02-2018_92.pcap,01_pcap/Wednesday-14-02-2018/capEC2AMAZ-O4EL3NG-172.31.64.51.pcap,01_pcap/Wednesday-14-02-2018/Wednesday-14-02-2018_92.pcap
Wednesday-14-02-2018,capEC2AMAZ-O4EL3NG-172.31.64.58.pcap,Wednesday-14-02-2018_93.pcap,01_pcap/Wednesday-14-02-2018/capEC2AMAZ-O4EL3NG-172.31.64.58.pcap,01_pcap/Wednesday-14-02-2018/Wednesday-14-02-2018_93.pcap
Wednesday-14-02-2018,capEC2AMAZ-O4EL3NG-172.31.64.60.pcap,Wednesday-14-02-2018_94.pcap,01_pcap/Wednesday-14-02-2018/capEC2AMAZ-O4EL3NG-172.31.64.60.pcap,01_pcap/Wednesday-14-02-2018/Wednesday-14-02-2018_94.pcap
Wednesday-14-02-2018,capEC2AMAZ-O4EL3NG-172.31.64.68.pcap,Wednesday-14-02-2018_95.pcap,01_pcap/Wednesday-14-02-2018/capEC2AMAZ-O4EL3NG-172.31.64.68.pcap,01_pcap/Wednesday-14-02-2018/Wednesday-14-02-2018_95.pcap
Wednesday-14-02-2018,capEC2AMAZ-O4EL3NG-172.31.64.69.pcap,Wednesday-14-02-2018_96.pcap,01_pcap/Wednesday-14-02-2018/capEC2AMAZ-O4EL3NG-172.31.64.69.pcap,01_pcap/Wednesday-14-02-2018/Wednesday-14-02-2018_96.pcap
Wednesday-14-02-2018,capEC2AMAZ-O4EL3NG-172.31.64.70.pcap,Wednesday-14-02-2018_97.pcap,01_pcap/Wednesday-14-02-2018/capEC2AMAZ-O4EL3NG-172.31.64.70.pcap,01_pcap/Wednesday-14-02-2018/Wednesday-14-02-2018_97.pcap
Wednesday-14-02-2018,capEC2AMAZ-O4EL3NG-172.31.64.72.pcap,Wednesday-14-02-2018_98.pcap,01_pcap/Wednesday-14-02-2018/capEC2AMAZ-O4EL3NG-172.31.64.72.pcap,01_pcap/Wednesday-14-02-2018/Wednesday-14-02-2018_98.pcap
Wednesday-14-02-2018,capEC2AMAZ-O4EL3NG-172.31.64.73.pcap,Wednesday-14-02-2018_99.pcap,01_pcap/Wednesday-14-02-2018/capEC2AMAZ-O4EL3NG-172.31.64.73.pcap,01_pcap/Wednesday-14-02-2018/Wednesday-14-02-2018_99.pcap
Wednesday-14-02-2018,capEC2AMAZ-O4EL3NG-172.31.64.77.pcap,Wednesday-14-02-2018_100.pcap,01_pcap/Wednesday-14-02-2018/capEC2AMAZ-O4EL3NG-172.31.64.77.pcap,01_pcap/Wednesday-14-02-2018/Wednesday-14-02-2018_100.pcap
Wednesday-14-02-2018,capEC2AMAZ-O4EL3NG-172.31.64.79.pcap,Wednesday-14-02-2018_101.pcap,01_pcap/Wednesday-14-02-2018/capEC2AMAZ-O4EL3NG-172.31.64.79.pcap,01_pcap/Wednesday-14-02-2018/Wednesday-14-02-2018_101.pcap
Wednesday-14-02-2018,capEC2AMAZ-O4EL3NG-172.31.64.81.pcap,Wednesday-14-02-2018_102.pcap,01_pcap/Wednesday-14-02-2018/capEC2AMAZ-O4EL3NG-172.31.64.81.pcap,01_pcap/Wednesday-14-02-2018/Wednesday-14-02-2018_102.pcap
Wednesday-14-02-2018,capEC2AMAZ-O4EL3NG-172.31.64.83.pcap,Wednesday-14-02-2018_103.pcap,01_pcap/Wednesday-14-02-2018/capEC2AMAZ-O4EL3NG-172.31.64.83.pcap,01_pcap/Wednesday-14-02-2018/Wednesday-14-02-2018_103.pcap
Wednesday-14-02-2018,capEC2AMAZ-O4EL3NG-172.31.64.85.pcap,Wednesday-14-02-2018_104.pcap,01_pcap/Wednesday-14-02-2018/capEC2AMAZ-O4EL3NG-172.31.64.85.pcap,01_pcap/Wednesday-14-02-2018/Wednesday-14-02-2018_104.pcap
Wednesday-14-02-2018,capEC2AMAZ-O4EL3NG-172.31.64.87.pcap,Wednesday-14-02-2018_105.pcap,01_pcap/Wednesday-14-02-2018/capEC2AMAZ-O4EL3NG-172.31.64.87.pcap,01_pcap/Wednesday-14-02-2018/Wednesday-14-02-2018_105.pcap
Wednesday-14-02-2018,capEC2AMAZ-O4EL3NG-172.31.64.92.pcap,Wednesday-14-02-2018_106.pcap,01_pcap/Wednesday-14-02-2018/capEC2AMAZ-O4EL3NG-172.31.64.92.pcap,01_pcap/Wednesday-14-02-2018/Wednesday-14-02-2018_106.pcap
Wednesday-14-02-2018,capEC2AMAZ-O4EL3NG-172.31.64.96.pcap,Wednesday-14-02-2018_107.pcap,01_pcap/Wednesday-14-02-2018/capEC2AMAZ-O4EL3NG-172.31.64.96.pcap,01_pcap/Wednesday-14-02-2018/Wednesday-14-02-2018_107.pcap
Wednesday-14-02-2018,capEC2AMAZ-O4EL3NG-172.31.64.100.pcap,Wednesday-14-02-2018_108.pcap,01_pcap/Wednesday-14-02-2018/capEC2AMAZ-O4EL3NG-172.31.64.100.pcap,01_pcap/Wednesday-14-02-2018/Wednesday-14-02-2018_108.pcap
Wednesday-14-02-2018,capEC2AMAZ-O4EL3NG-172.31.64.101.pcap,Wednesday-14-02-2018_109.pcap,01_pcap/Wednesday-14-02-2018/capEC2AMAZ-O4EL3NG-172.31.64.101.pcap,01_pcap/Wednesday-14-02-2018/Wednesday-14-02-2018_109.pcap
Wednesday-14-02-2018,capEC2AMAZ-O4EL3NG-172.31.64.103.pcap,Wednesday-14-02-2018_110.pcap,01_pcap/Wednesday-14-02-2018/capEC2AMAZ-O4EL3NG-172.31.64.103.pcap,01_pcap/Wednesday-14-02-2018/Wednesday-14-02-2018_110.pcap
Wednesday-14-02-2018,capEC2AMAZ-O4EL3NG-172.31.64.104.pcap,Wednesday-14-02-2018_111.pcap,01_pcap/Wednesday-14-02-2018/capEC2AMAZ-O4EL3NG-172.31.64.104.pcap,01_pcap/Wednesday-14-02-2018/Wednesday-14-02-2018_111.pcap
Wednesday-14-02-2018,capEC2AMAZ-O4EL3NG-172.31.64.107.pcap,Wednesday-14-02-2018_112.pcap,01_pcap/Wednesday-14-02-2018/capEC2AMAZ-O4EL3NG-172.31.64.107.pcap,01_pcap/Wednesday-14-02-2018/Wednesday-14-02-2018_112.pcap
Wednesday-14-02-2018,capEC2AMAZ-O4EL3NG-172.31.64.108.pcap,Wednesday-14-02-2018_113.pcap,01_pcap/Wednesday-14-02-2018/capEC2AMAZ-O4EL3NG-172.31.64.108.pcap,01_pcap/Wednesday-14-02-2018/Wednesday-14-02-2018_113.pcap
Wednesday-14-02-2018,capEC2AMAZ-O4EL3NG-172.31.64.109.pcap,Wednesday-14-02-2018_114.pcap,01_pcap/Wednesday-14-02-2018/capEC2AMAZ-O4EL3NG-172.31.64.109.pcap,01_pcap/Wednesday-14-02-2018/Wednesday-14-02-2018_114.pcap
Wednesday-14-02-2018,capEC2AMAZ-O4EL3NG-172.31.64.110.pcap,Wednesday-14-02-2018_115.pcap,01_pcap/Wednesday-14-02-2018/capEC2AMAZ-O4EL3NG-172.31.64.110.pcap,01_pcap/Wednesday-14-02-2018/Wednesday-14-02-2018_115.pcap
Wednesday-14-02-2018,capEC2AMAZ-O4EL3NG-172.31.64.119.pcap,Wednesday-14-02-2018_116.pcap,01_pcap/Wednesday-14-02-2018/capEC2AMAZ-O4EL3NG-172.31.64.119.pcap,01_pcap/Wednesday-14-02-2018/Wednesday-14-02-2018_116.pcap
Wednesday-14-02-2018,capEC2AMAZ-O4EL3NG-172.31.64.123.pcap,Wednesday-14-02-2018_117.pcap,01_pcap/Wednesday-14-02-2018/capEC2AMAZ-O4EL3NG-172.31.64.123.pcap,01_pcap/Wednesday-14-02-2018/Wednesday-14-02-2018_117.pcap
Wednesday-14-02-2018,capEC2AMAZ-O4EL3NG-172.31.64.124.pcap,Wednesday-14-02-2018_118.pcap,01_pcap/Wednesday-14-02-2018/capEC2AMAZ-O4EL3NG-172.31.64.124.pcap,01_pcap/Wednesday-14-02-2018/Wednesday-14-02-2018_118.pcap
Wednesday-14-02-2018,capEC2AMAZ-O4EL3NG-172.31.65.5.pcap,Wednesday-14-02-2018_119.pcap,01_pcap/Wednesday-14-02-2018/capEC2AMAZ-O4EL3NG-172.31.65.5.pcap,01_pcap/Wednesday-14-02-2018/Wednesday-14-02-2018_119.pcap
Wednesday-14-02-2018,capEC2AMAZ-O4EL3NG-172.31.65.8.pcap,Wednesday-14-02-2018_120.pcap,01_pcap/Wednesday-14-02-2018/capEC2AMAZ-O4EL3NG-172.31.65.8.pcap,01_pcap/Wednesday-14-02-2018/Wednesday-14-02-2018_120.pcap
Wednesday-14-02-2018,capEC2AMAZ-O4EL3NG-172.31.65.18.pcap,Wednesday-14-02-2018_121.pcap,01_pcap/Wednesday-14-02-2018/capEC2AMAZ-O4EL3NG-172.31.65.18.pcap,01_pcap/Wednesday-14-02-2018/Wednesday-14-02-2018_121.pcap
Wednesday-14-02-2018,capEC2AMAZ-O4EL3NG-172.31.65.27.pcap,Wednesday-14-02-2018_122.pcap,01_pcap/Wednesday-14-02-2018/capEC2AMAZ-O4EL3NG-172.31.65.27.pcap,01_pcap/Wednesday-14-02-2018/Wednesday-14-02-2018_122.pcap
Wednesday-14-02-2018,capEC2AMAZ-O4EL3NG-172.31.65.30.pcap,Wednesday-14-02-2018_123.pcap,01_pcap/Wednesday-14-02-2018/capEC2AMAZ-O4EL3NG-172.31.65.30.pcap,01_pcap/Wednesday-14-02-2018/Wednesday-14-02-2018_123.pcap
Wednesday-14-02-2018,capEC2AMAZ-O4EL3NG-172.31.65.32.pcap,Wednesday-14-02-2018_124.pcap,01_pcap/Wednesday-14-02-2018/capEC2AMAZ-O4EL3NG-172.31.65.32.pcap,01_pcap/Wednesday-14-02-2018/Wednesday-14-02-2018_124.pcap
Wednesday-14-02-2018,capEC2AMAZ-O4EL3NG-172.31.65.33.pcap,Wednesday-14-02-2018_125.pcap,01_pcap/Wednesday-14-02-2018/capEC2AMAZ-O4EL3NG-172.31.65.33.pcap,01_pcap/Wednesday-14-02-2018/Wednesday-14-02-2018_125.pcap
Wednesday-14-02-2018,capEC2AMAZ-O4EL3NG-172.31.65.36.pcap,Wednesday-14-02-2018_126.pcap,01_pcap/Wednesday-14-02-2018/capEC2AMAZ-O4EL3NG-172.31.65.36.pcap,01_pcap/Wednesday-14-02-2018/Wednesday-14-02-2018_126.pcap
Wednesday-14-02-2018,capEC2AMAZ-O4EL3NG-172.31.65.37.pcap,Wednesday-14-02-2018_127.pcap,01_pcap/Wednesday-14-02-2018/capEC2AMAZ-O4EL3NG-172.31.65.37.pcap,01_pcap/Wednesday-14-02-2018/Wednesday-14-02-2018_127.pcap
Wednesday-14-02-2018,capEC2AMAZ-O4EL3NG-172.31.65.39.pcap,Wednesday-14-02-2018_128.pcap,01_pcap/Wednesday-14-02-2018/capEC2AMAZ-O4EL3NG-172.31.65.39.pcap,01_pcap/Wednesday-14-02-2018/Wednesday-14-02-2018_128.pcap
Wednesday-14-02-2018,capEC2AMAZ-O4EL3NG-172.31.65.41.pcap,Wednesday-14-02-2018_129.pcap,01_pcap/Wednesday-14-02-2018/capEC2AMAZ-O4EL3NG-172.31.65.41.pcap,01_pcap/Wednesday-14-02-2018/Wednesday-14-02-2018_129.pcap
Wednesday-14-02-2018,capEC2AMAZ-O4EL3NG-172.31.65.43.pcap,Wednesday-14-02-2018_130.pcap,01_pcap/Wednesday-14-02-2018/capEC2AMAZ-O4EL3NG-172.31.65.43.pcap,01_pcap/Wednesday-14-02-2018/Wednesday-14-02-2018_130.pcap
Wednesday-14-02-2018,capEC2AMAZ-O4EL3NG-172.31.65.44.pcap,Wednesday-14-02-2018_131.pcap,01_pcap/Wednesday-14-02-2018/capEC2AMAZ-O4EL3NG-172.31.65.44.pcap,01_pcap/Wednesday-14-02-2018/Wednesday-14-02-2018_131.pcap
Wednesday-14-02-2018,capEC2AMAZ-O4EL3NG-172.31.65.45.pcap,Wednesday-14-02-2018_132.pcap,01_pcap/Wednesday-14-02-2018/capEC2AMAZ-O4EL3NG-172.31.65.45.pcap,01_pcap/Wednesday-14-02-2018/Wednesday-14-02-2018_132.pcap
Wednesday-14-02-2018,capEC2AMAZ-O4EL3NG-172.31.65.59.pcap,Wednesday-14-02-2018_133.pcap,01_pcap/Wednesday-14-02-2018/capEC2AMAZ-O4EL3NG-172.31.65.59.pcap,01_pcap/Wednesday-14-02-2018/Wednesday-14-02-2018_133.pcap
Wednesday-14-02-2018,capEC2AMAZ-O4EL3NG-172.31.65.64.pcap,Wednesday-14-02-2018_134.pcap,01_pcap/Wednesday-14-02-2018/capEC2AMAZ-O4EL3NG-172.31.65.64.pcap,01_pcap/Wednesday-14-02-2018/Wednesday-14-02-2018_134.pcap
Wednesday-14-02-2018,capEC2AMAZ-O4EL3NG-172.31.65.65.pcap,Wednesday-14-02-2018_135.pcap,01_pcap/Wednesday-14-02-2018/capEC2AMAZ-O4EL3NG-172.31.65.65.pcap,01_pcap/Wednesday-14-02-2018/Wednesday-14-02-2018_135.pcap
Wednesday-14-02-2018,capEC2AMAZ-O4EL3NG-172.31.65.71.pcap,Wednesday-14-02-2018_136.pcap,01_pcap/Wednesday-14-02-2018/capEC2AMAZ-O4EL3NG-172.31.65.71.pcap,01_pcap/Wednesday-14-02-2018/Wednesday-14-02-2018_136.pcap
Wednesday-14-02-2018,capEC2AMAZ-O4EL3NG-172.31.65.72.pcap,Wednesday-14-02-2018_137.pcap,01_pcap/Wednesday-14-02-2018/capEC2AMAZ-O4EL3NG-172.31.65.72.pcap,01_pcap/Wednesday-14-02-2018/Wednesday-14-02-2018_137.pcap
Wednesday-14-02-2018,capEC2AMAZ-O4EL3NG-172.31.65.75.pcap,Wednesday-14-02-2018_138.pcap,01_pcap/Wednesday-14-02-2018/capEC2AMAZ-O4EL3NG-172.31.65.75.pcap,01_pcap/Wednesday-14-02-2018/Wednesday-14-02-2018_138.pcap
Wednesday-14-02-2018,capEC2AMAZ-O4EL3NG-172.31.65.82.pcap,Wednesday-14-02-2018_139.pcap,01_pcap/Wednesday-14-02-2018/capEC2AMAZ-O4EL3NG-172.31.65.82.pcap,01_pcap/Wednesday-14-02-2018/Wednesday-14-02-2018_139.pcap
Wednesday-14-02-2018,capEC2AMAZ-O4EL3NG-172.31.65.84.pcap,Wednesday-14-02-2018_140.pcap,01_pcap/Wednesday-14-02-2018/capEC2AMAZ-O4EL3NG-172.31.65.84.pcap,01_pcap/Wednesday-14-02-2018/Wednesday-14-02-2018_140.pcap
Wednesday-14-02-2018,capEC2AMAZ-O4EL3NG-172.31.65.85.pcap,Wednesday-14-02-2018_141.pcap,01_pcap/Wednesday-14-02-2018/capEC2AMAZ-O4EL3NG-172.31.65.85.pcap,01_pcap/Wednesday-14-02-2018/Wednesday-14-02-2018_141.pcap
Wednesday-14-02-2018,capEC2AMAZ-O4EL3NG-172.31.65.91.pcap,Wednesday-14-02-2018_142.pcap,01_pcap/Wednesday-14-02-2018/capEC2AMAZ-O4EL3NG-172.31.65.91.pcap,01_pcap/Wednesday-14-02-2018/Wednesday-14-02-2018_142.pcap
Wednesday-14-02-2018,capEC2AMAZ-O4EL3NG-172.31.65.93.pcap,Wednesday-14-02-2018_143.pcap,01_pcap/Wednesday-14-02-2018/capEC2AMAZ-O4EL3NG-172.31.65.93.pcap,01_pcap/Wednesday-14-02-2018/Wednesday-14-02-2018_143.pcap
Wednesday-14-02-2018,capEC2AMAZ-O4EL3NG-172.31.65.96.pcap,Wednesday-14-02-2018_144.pcap,01_pcap/Wednesday-14-02-2018/capEC2AMAZ-O4EL3NG-172.31.65.96.pcap,01_pcap/Wednesday-14-02-2018/Wednesday-14-02-2018_144.pcap
Wednesday-14-02-2018,capEC2AMAZ-O4EL3NG-172.31.65.98.pcap,Wednesday-14-02-2018_145.pcap,01_pcap/Wednesday-14-02-2018/capEC2AMAZ-O4EL3NG-172.31.65.98.pcap,01_pcap/Wednesday-14-02-2018/Wednesday-14-02-2018_145.pcap
Wednesday-14-02-2018,capEC2AMAZ-O4EL3NG-172.31.65.107.pcap,Wednesday-14-02-2018_146.pcap,01_pcap/Wednesday-14-02-2018/capEC2AMAZ-O4EL3NG-172.31.65.107.pcap,01_pcap/Wednesday-14-02-2018/Wednesday-14-02-2018_146.pcap
Wednesday-14-02-2018,capEC2AMAZ-O4EL3NG-172.31.65.109.pcap,Wednesday-14-02-2018_147.pcap,01_pcap/Wednesday-14-02-2018/capEC2AMAZ-O4EL3NG-172.31.65.109.pcap,01_pcap/Wednesday-14-02-2018/Wednesday-14-02-2018_147.pcap
Wednesday-14-02-2018,capEC2AMAZ-O4EL3NG-172.31.65.112.pcap,Wednesday-14-02-2018_148.pcap,01_pcap/Wednesday-14-02-2018/capEC2AMAZ-O4EL3NG-172.31.65.112.pcap,01_pcap/Wednesday-14-02-2018/Wednesday-14-02-2018_148.pcap
Wednesday-14-02-2018,capEC2AMAZ-O4EL3NG-172.31.65.118.pcap,Wednesday-14-02-2018_149.pcap,01_pcap/Wednesday-14-02-2018/capEC2AMAZ-O4EL3NG-172.31.65.118.pcap,01_pcap/Wednesday-14-02-2018/Wednesday-14-02-2018_149.pcap
Wednesday-14-02-2018,capEC2AMAZ-O4EL3NG-172.31.65.119.pcap,Wednesday-14-02-2018_150.pcap,01_pcap/Wednesday-14-02-2018/capEC2AMAZ-O4EL3NG-172.31.65.119.pcap,01_pcap/Wednesday-14-02-2018/Wednesday-14-02-2018_150.pcap
Wednesday-14-02-2018,capEC2AMAZ-O4EL3NG-172.31.65.121.pcap,Wednesday-14-02-2018_151.pcap,01_pcap/Wednesday-14-02-2018/capEC2AMAZ-O4EL3NG-172.31.65.121.pcap,01_pcap/Wednesday-14-02-2018/Wednesday-14-02-2018_151.pcap
Wednesday-14-02-2018,capEC2AMAZ-O4EL3NG-172.31.65.122.pcap,Wednesday-14-02-2018_152.pcap,01_pcap/Wednesday-14-02-2018/capEC2AMAZ-O4EL3NG-172.31.65.122.pcap,01_pcap/Wednesday-14-02-2018/Wednesday-14-02-2018_152.pcap
Wednesday-14-02-2018,capEC2AMAZ-O4EL3NG-172.31.66.5.pcap,Wednesday-14-02-2018_153.pcap,01_pcap/Wednesday-14-02-2018/capEC2AMAZ-O4EL3NG-172.31.66.5.pcap,01_pcap/Wednesday-14-02-2018/Wednesday-14-02-2018_153.pcap
Wednesday-14-02-2018,capEC2AMAZ-O4EL3NG-172.31.66.7.pcap,Wednesday-14-02-2018_154.pcap,01_pcap/Wednesday-14-02-2018/capEC2AMAZ-O4EL3NG-172.31.66.7.pcap,01_pcap/Wednesday-14-02-2018/Wednesday-14-02-2018_154.pcap
Wednesday-14-02-2018,capEC2AMAZ-O4EL3NG-172.31.66.8.pcap,Wednesday-14-02-2018_155.pcap,01_pcap/Wednesday-14-02-2018/capEC2AMAZ-O4EL3NG-172.31.66.8.pcap,01_pcap/Wednesday-14-02-2018/Wednesday-14-02-2018_155.pcap
Wednesday-14-02-2018,capEC2AMAZ-O4EL3NG-172.31.66.11.pcap,Wednesday-14-02-2018_156.pcap,01_pcap/Wednesday-14-02-2018/capEC2AMAZ-O4EL3NG-172.31.66.11.pcap,01_pcap/Wednesday-14-02-2018/Wednesday-14-02-2018_156.pcap
Wednesday-14-02-2018,capEC2AMAZ-O4EL3NG-172.31.66.12.pcap,Wednesday-14-02-2018_157.pcap,01_pcap/Wednesday-14-02-2018/capEC2AMAZ-O4EL3NG-172.31.66.12.pcap,01_pcap/Wednesday-14-02-2018/Wednesday-14-02-2018_157.pcap
Wednesday-14-02-2018,capEC2AMAZ-O4EL3NG-172.31.66.13.pcap,Wednesday-14-02-2018_158.pcap,01_pcap/Wednesday-14-02-2018/capEC2AMAZ-O4EL3NG-172.31.66.13.pcap,01_pcap/Wednesday-14-02-2018/Wednesday-14-02-2018_158.pcap
Wednesday-14-02-2018,capEC2AMAZ-O4EL3NG-172.31.66.14.pcap,Wednesday-14-02-2018_159.pcap,01_pcap/Wednesday-14-02-2018/capEC2AMAZ-O4EL3NG-172.31.66.14.pcap,01_pcap/Wednesday-14-02-2018/Wednesday-14-02-2018_159.pcap
Wednesday-14-02-2018,capEC2AMAZ-O4EL3NG-172.31.66.16.pcap,Wednesday-14-02-2018_160.pcap,01_pcap/Wednesday-14-02-2018/capEC2AMAZ-O4EL3NG-172.31.66.16.pcap,01_pcap/Wednesday-14-02-2018/Wednesday-14-02-2018_160.pcap
Wednesday-14-02-2018,capEC2AMAZ-O4EL3NG-172.31.66.17.pcap,Wednesday-14-02-2018_161.pcap,01_pcap/Wednesday-14-02-2018/capEC2AMAZ-O4EL3NG-172.31.66.17.pcap,01_pcap/Wednesday-14-02-2018/Wednesday-14-02-2018_161.pcap
Wednesday-14-02-2018,capEC2AMAZ-O4EL3NG-172.31.66.20.pcap,Wednesday-14-02-2018_162.pcap,01_pcap/Wednesday-14-02-2018/capEC2AMAZ-O4EL3NG-172.31.66.20.pcap,01_pcap/Wednesday-14-02-2018/Wednesday-14-02-2018_162.pcap
Wednesday-14-02-2018,capEC2AMAZ-O4EL3NG-172.31.66.21.pcap,Wednesday-14-02-2018_163.pcap,01_pcap/Wednesday-14-02-2018/capEC2AMAZ-O4EL3NG-172.31.66.21.pcap,01_pcap/Wednesday-14-02-2018/Wednesday-14-02-2018_163.pcap
Wednesday-14-02-2018,capEC2AMAZ-O4EL3NG-172.31.66.25.pcap,Wednesday-14-02-2018_164.pcap,01_pcap/Wednesday-14-02-2018/capEC2AMAZ-O4EL3NG-172.31.66.25.pcap,01_pcap/Wednesday-14-02-2018/Wednesday-14-02-2018_164.pcap
Wednesday-14-02-2018,capEC2AMAZ-O4EL3NG-172.31.66.26.pcap,Wednesday-14-02-2018_165.pcap,01_pcap/Wednesday-14-02-2018/capEC2AMAZ-O4EL3NG-172.31.66.26.pcap,01_pcap/Wednesday-14-02-2018/Wednesday-14-02-2018_165.pcap
Wednesday-14-02-2018,capEC2AMAZ-O4EL3NG-172.31.66.28.pcap,Wednesday-14-02-2018_166.pcap,01_pcap/Wednesday-14-02-2018/capEC2AMAZ-O4EL3NG-172.31.66.28.pcap,01_pcap/Wednesday-14-02-2018/Wednesday-14-02-2018_166.pcap
Wednesday-14-02-2018,capEC2AMAZ-O4EL3NG-172.31.66.29.pcap,Wednesday-14-02-2018_167.pcap,01_pcap/Wednesday-14-02-2018/capEC2AMAZ-O4EL3NG-172.31.66.29.pcap,01_pcap/Wednesday-14-02-2018/Wednesday-14-02-2018_167.pcap
Wednesday-14-02-2018,capEC2AMAZ-O4EL3NG-172.31.66.34.pcap,Wednesday-14-02-2018_168.pcap,01_pcap/Wednesday-14-02-2018/capEC2AMAZ-O4EL3NG-172.31.66.34.pcap,01_pcap/Wednesday-14-02-2018/Wednesday-14-02-2018_168.pcap
Wednesday-14-02-2018,capEC2AMAZ-O4EL3NG-172.31.66.35.pcap,Wednesday-14-02-2018_169.pcap,01_pcap/Wednesday-14-02-2018/capEC2AMAZ-O4EL3NG-172.31.66.35.pcap,01_pcap/Wednesday-14-02-2018/Wednesday-14-02-2018_169.pcap
Wednesday-14-02-2018,capEC2AMAZ-O4EL3NG-172.31.66.37.pcap,Wednesday-14-02-2018_170.pcap,01_pcap/Wednesday-14-02-2018/capEC2AMAZ-O4EL3NG-172.31.66.37.pcap,01_pcap/Wednesday-14-02-2018/Wednesday-14-02-2018_170.pcap
Wednesday-14-02-2018,capEC2AMAZ-O4EL3NG-172.31.66.38.pcap,Wednesday-14-02-2018_171.pcap,01_pcap/Wednesday-14-02-2018/capEC2AMAZ-O4EL3NG-172.31.66.38.pcap,01_pcap/Wednesday-14-02-2018/Wednesday-14-02-2018_171.pcap
Wednesday-14-02-2018,capEC2AMAZ-O4EL3NG-172.31.66.40.pcap,Wednesday-14-02-2018_172.pcap,01_pcap/Wednesday-14-02-2018/capEC2AMAZ-O4EL3NG-172.31.66.40.pcap,01_pcap/Wednesday-14-02-2018/Wednesday-14-02-2018_172.pcap
Wednesday-14-02-2018,capEC2AMAZ-O4EL3NG-172.31.66.44.pcap,Wednesday-14-02-2018_173.pcap,01_pcap/Wednesday-14-02-2018/capEC2AMAZ-O4EL3NG-172.31.66.44.pcap,01_pcap/Wednesday-14-02-2018/Wednesday-14-02-2018_173.pcap
Wednesday-14-02-2018,capEC2AMAZ-O4EL3NG-172.31.66.48.pcap,Wednesday-14-02-2018_174.pcap,01_pcap/Wednesday-14-02-2018/capEC2AMAZ-O4EL3NG-172.31.66.48.pcap,01_pcap/Wednesday-14-02-2018/Wednesday-14-02-2018_174.pcap
Wednesday-14-02-2018,capEC2AMAZ-O4EL3NG-172.31.66.50.pcap,Wednesday-14-02-2018_175.pcap,01_pcap/Wednesday-14-02-2018/capEC2AMAZ-O4EL3NG-172.31.66.50.pcap,01_pcap/Wednesday-14-02-2018/Wednesday-14-02-2018_175.pcap
Wednesday-14-02-2018,capEC2AMAZ-O4EL3NG-172.31.66.51.pcap,Wednesday-14-02-2018_176.pcap,01_pcap/Wednesday-14-02-2018/capEC2AMAZ-O4EL3NG-172.31.66.51.pcap,01_pcap/Wednesday-14-02-2018/Wednesday-14-02-2018_176.pcap
Wednesday-14-02-2018,capEC2AMAZ-O4EL3NG-172.31.66.53.pcap,Wednesday-14-02-2018_177.pcap,01_pcap/Wednesday-14-02-2018/capEC2AMAZ-O4EL3NG-172.31.66.53.pcap,01_pcap/Wednesday-14-02-2018/Wednesday-14-02-2018_177.pcap
Wednesday-14-02-2018,capEC2AMAZ-O4EL3NG-172.31.66.55.pcap,Wednesday-14-02-2018_178.pcap,01_pcap/Wednesday-14-02-2018/capEC2AMAZ-O4EL3NG-172.31.66.55.pcap,01_pcap/Wednesday-14-02-2018/Wednesday-14-02-2018_178.pcap
Wednesday-14-02-2018,capEC2AMAZ-O4EL3NG-172.31.66.56.pcap,Wednesday-14-02-2018_179.pcap,01_pcap/Wednesday-14-02-2018/capEC2AMAZ-O4EL3NG-172.31.66.56.pcap,01_pcap/Wednesday-14-02-2018/Wednesday-14-02-2018_179.pcap
Wednesday-14-02-2018,capEC2AMAZ-O4EL3NG-172.31.66.57.pcap,Wednesday-14-02-2018_180.pcap,01_pcap/Wednesday-14-02-2018/capEC2AMAZ-O4EL3NG-172.31.66.57.pcap,01_pcap/Wednesday-14-02-2018/Wednesday-14-02-2018_180.pcap
Wednesday-14-02-2018,capEC2AMAZ-O4EL3NG-172.31.66.60.pcap,Wednesday-14-02-2018_181.pcap,01_pcap/Wednesday-14-02-2018/capEC2AMAZ-O4EL3NG-172.31.66.60.pcap,01_pcap/Wednesday-14-02-2018/Wednesday-14-02-2018_181.pcap
Wednesday-14-02-2018,capEC2AMAZ-O4EL3NG-172.31.66.61.pcap,Wednesday-14-02-2018_182.pcap,01_pcap/Wednesday-14-02-2018/capEC2AMAZ-O4EL3NG-172.31.66.61.pcap,01_pcap/Wednesday-14-02-2018/Wednesday-14-02-2018_182.pcap
Wednesday-14-02-2018,capEC2AMAZ-O4EL3NG-172.31.66.64.pcap,Wednesday-14-02-2018_183.pcap,01_pcap/Wednesday-14-02-2018/capEC2AMAZ-O4EL3NG-172.31.66.64.pcap,01_pcap/Wednesday-14-02-2018/Wednesday-14-02-2018_183.pcap
Wednesday-14-02-2018,capEC2AMAZ-O4EL3NG-172.31.66.65.pcap,Wednesday-14-02-2018_184.pcap,01_pcap/Wednesday-14-02-2018/capEC2AMAZ-O4EL3NG-172.31.66.65.pcap,01_pcap/Wednesday-14-02-2018/Wednesday-14-02-2018_184.pcap
Wednesday-14-02-2018,capEC2AMAZ-O4EL3NG-172.31.66.66.pcap,Wednesday-14-02-2018_185.pcap,01_pcap/Wednesday-14-02-2018/capEC2AMAZ-O4EL3NG-172.31.66.66.pcap,01_pcap/Wednesday-14-02-2018/Wednesday-14-02-2018_185.pcap
Wednesday-14-02-2018,capEC2AMAZ-O4EL3NG-172.31.66.68.pcap,Wednesday-14-02-2018_186.pcap,01_pcap/Wednesday-14-02-2018/capEC2AMAZ-O4EL3NG-172.31.66.68.pcap,01_pcap/Wednesday-14-02-2018/Wednesday-14-02-2018_186.pcap
Wednesday-14-02-2018,capEC2AMAZ-O4EL3NG-172.31.66.70.pcap,Wednesday-14-02-2018_187.pcap,01_pcap/Wednesday-14-02-2018/capEC2AMAZ-O4EL3NG-172.31.66.70.pcap,01_pcap/Wednesday-14-02-2018/Wednesday-14-02-2018_187.pcap
Wednesday-14-02-2018,capEC2AMAZ-O4EL3NG-172.31.66.71.pcap,Wednesday-14-02-2018_188.pcap,01_pcap/Wednesday-14-02-2018/capEC2AMAZ-O4EL3NG-172.31.66.71.pcap,01_pcap/Wednesday-14-02-2018/Wednesday-14-02-2018_188.pcap
Wednesday-14-02-2018,capEC2AMAZ-O4EL3NG-172.31.66.73.pcap,Wednesday-14-02-2018_189.pcap,01_pcap/Wednesday-14-02-2018/capEC2AMAZ-O4EL3NG-172.31.66.73.pcap,01_pcap/Wednesday-14-02-2018/Wednesday-14-02-2018_189.pcap
Wednesday-14-02-2018,capEC2AMAZ-O4EL3NG-172.31.66.74.pcap,Wednesday-14-02-2018_190.pcap,01_pcap/Wednesday-14-02-2018/capEC2AMAZ-O4EL3NG-172.31.66.74.pcap,01_pcap/Wednesday-14-02-2018/Wednesday-14-02-2018_190.pcap
Wednesday-14-02-2018,capEC2AMAZ-O4EL3NG-172.31.66.75.pcap,Wednesday-14-02-2018_191.pcap,01_pcap/Wednesday-14-02-2018/capEC2AMAZ-O4EL3NG-172.31.66.75.pcap,01_pcap/Wednesday-14-02-2018/Wednesday-14-02-2018_191.pcap
Wednesday-14-02-2018,capEC2AMAZ-O4EL3NG-172.31.66.77.pcap,Wednesday-14-02-2018_192.pcap,01_pcap/Wednesday-14-02-2018/capEC2AMAZ-O4EL3NG-172.31.66.77.pcap,01_pcap/Wednesday-14-02-2018/Wednesday-14-02-2018_192.pcap
Wednesday-14-02-2018,capEC2AMAZ-O4EL3NG-172.31.66.78.pcap,Wednesday-14-02-2018_193.pcap,01_pcap/Wednesday-14-02-2018/capEC2AMAZ-O4EL3NG-172.31.66.78.pcap,01_pcap/Wednesday-14-02-2018/Wednesday-14-02-2018_193.pcap
Wednesday-14-02-2018,capEC2AMAZ-O4EL3NG-172.31.66.80.pcap,Wednesday-14-02-2018_194.pcap,01_pcap/Wednesday-14-02-2018/capEC2AMAZ-O4EL3NG-172.31.66.80.pcap,01_pcap/Wednesday-14-02-2018/Wednesday-14-02-2018_194.pcap
Wednesday-14-02-2018,capEC2AMAZ-O4EL3NG-172.31.66.81.pcap,Wednesday-14-02-2018_195.pcap,01_pcap/Wednesday-14-02-2018/capEC2AMAZ-O4EL3NG-172.31.66.81.pcap,01_pcap/Wednesday-14-02-2018/Wednesday-14-02-2018_195.pcap
Wednesday-14-02-2018,capEC2AMAZ-O4EL3NG-172.31.66.84.pcap,Wednesday-14-02-2018_196.pcap,01_pcap/Wednesday-14-02-2018/capEC2AMAZ-O4EL3NG-172.31.66.84.pcap,01_pcap/Wednesday-14-02-2018/Wednesday-14-02-2018_196.pcap
Wednesday-14-02-2018,capEC2AMAZ-O4EL3NG-172.31.66.86.pcap,Wednesday-14-02-2018_197.pcap,01_pcap/Wednesday-14-02-2018/capEC2AMAZ-O4EL3NG-172.31.66.86.pcap,01_pcap/Wednesday-14-02-2018/Wednesday-14-02-2018_197.pcap
Wednesday-14-02-2018,capEC2AMAZ-O4EL3NG-172.31.66.87.pcap,Wednesday-14-02-2018_198.pcap,01_pcap/Wednesday-14-02-2018/capEC2AMAZ-O4EL3NG-172.31.66.87.pcap,01_pcap/Wednesday-14-02-2018/Wednesday-14-02-2018_198.pcap
Wednesday-14-02-2018,capEC2AMAZ-O4EL3NG-172.31.66.91.pcap,Wednesday-14-02-2018_199.pcap,01_pcap/Wednesday-14-02-2018/capEC2AMAZ-O4EL3NG-172.31.66.91.pcap,01_pcap/Wednesday-14-02-2018/Wednesday-14-02-2018_199.pcap
Wednesday-14-02-2018,capEC2AMAZ-O4EL3NG-172.31.66.94.pcap,Wednesday-14-02-2018_200.pcap,01_pcap/Wednesday-14-02-2018/capEC2AMAZ-O4EL3NG-172.31.66.94.pcap,01_pcap/Wednesday-14-02-2018/Wednesday-14-02-2018_200.pcap
Wednesday-14-02-2018,capEC2AMAZ-O4EL3NG-172.31.66.95.pcap,Wednesday-14-02-2018_201.pcap,01_pcap/Wednesday-14-02-2018/capEC2AMAZ-O4EL3NG-172.31.66.95.pcap,01_pcap/Wednesday-14-02-2018/Wednesday-14-02-2018_201.pcap
Wednesday-14-02-2018,capEC2AMAZ-O4EL3NG-172.31.66.97.pcap,Wednesday-14-02-2018_202.pcap,01_pcap/Wednesday-14-02-2018/capEC2AMAZ-O4EL3NG-172.31.66.97.pcap,01_pcap/Wednesday-14-02-2018/Wednesday-14-02-2018_202.pcap
Wednesday-14-02-2018,capEC2AMAZ-O4EL3NG-172.31.66.98.pcap,Wednesday-14-02-2018_203.pcap,01_pcap/Wednesday-14-02-2018/capEC2AMAZ-O4EL3NG-172.31.66.98.pcap,01_pcap/Wednesday-14-02-2018/Wednesday-14-02-2018_203.pcap
Wednesday-14-02-2018,capEC2AMAZ-O4EL3NG-172.31.66.105.pcap,Wednesday-14-02-2018_204.pcap,01_pcap/Wednesday-14-02-2018/capEC2AMAZ-O4EL3NG-172.31.66.105.pcap,01_pcap/Wednesday-14-02-2018/Wednesday-14-02-2018_204.pcap
Wednesday-14-02-2018,capEC2AMAZ-O4EL3NG-172.31.66.107.pcap,Wednesday-14-02-2018_205.pcap,01_pcap/Wednesday-14-02-2018/capEC2AMAZ-O4EL3NG-172.31.66.107.pcap,01_pcap/Wednesday-14-02-2018/Wednesday-14-02-2018_205.pcap
Wednesday-14-02-2018,capEC2AMAZ-O4EL3NG-172.31.66.108.pcap,Wednesday-14-02-2018_206.pcap,01_pcap/Wednesday-14-02-2018/capEC2AMAZ-O4EL3NG-172.31.66.108.pcap,01_pcap/Wednesday-14-02-2018/Wednesday-14-02-2018_206.pcap
Wednesday-14-02-2018,capEC2AMAZ-O4EL3NG-172.31.66.109.pcap,Wednesday-14-02-2018_207.pcap,01_pcap/Wednesday-14-02-2018/capEC2AMAZ-O4EL3NG-172.31.66.109.pcap,01_pcap/Wednesday-14-02-2018/Wednesday-14-02-2018_207.pcap
Wednesday-14-02-2018,capEC2AMAZ-O4EL3NG-172.31.66.113.pcap,Wednesday-14-02-2018_208.pcap,01_pcap/Wednesday-14-02-2018/capEC2AMAZ-O4EL3NG-172.31.66.113.pcap,01_pcap/Wednesday-14-02-2018/Wednesday-14-02-2018_208.pcap
Wednesday-14-02-2018,capEC2AMAZ-O4EL3NG-172.31.66.116.pcap,Wednesday-14-02-2018_209.pcap,01_pcap/Wednesday-14-02-2018/capEC2AMAZ-O4EL3NG-172.31.66.116.pcap,01_pcap/Wednesday-14-02-2018/Wednesday-14-02-2018_209.pcap
Wednesday-14-02-2018,capEC2AMAZ-O4EL3NG-172.31.66.119.pcap,Wednesday-14-02-2018_210.pcap,01_pcap/Wednesday-14-02-2018/capEC2AMAZ-O4EL3NG-172.31.66.119.pcap,01_pcap/Wednesday-14-02-2018/Wednesday-14-02-2018_210.pcap
Wednesday-14-02-2018,capEC2AMAZ-O4EL3NG-172.31.66.122.pcap,Wednesday-14-02-2018_211.pcap,01_pcap/Wednesday-14-02-2018/capEC2AMAZ-O4EL3NG-172.31.66.122.pcap,01_pcap/Wednesday-14-02-2018/Wednesday-14-02-2018_211.pcap
Wednesday-14-02-2018,capEC2AMAZ-O4EL3NG-172.31.66.124.pcap,Wednesday-14-02-2018_212.pcap,01_pcap/Wednesday-14-02-2018/capEC2AMAZ-O4EL3NG-172.31.66.124.pcap,01_pcap/Wednesday-14-02-2018/Wednesday-14-02-2018_212.pcap
Wednesday-14-02-2018,capEC2AMAZ-O4EL3NG-172.31.67.6.pcap,Wednesday-14-02-2018_213.pcap,01_pcap/Wednesday-14-02-2018/capEC2AMAZ-O4EL3NG-172.31.67.6.pcap,01_pcap/Wednesday-14-02-2018/Wednesday-14-02-2018_213.pcap
Wednesday-14-02-2018,capEC2AMAZ-O4EL3NG-172.31.67.7.pcap,Wednesday-14-02-2018_214.pcap,01_pcap/Wednesday-14-02-2018/capEC2AMAZ-O4EL3NG-172.31.67.7.pcap,01_pcap/Wednesday-14-02-2018/Wednesday-14-02-2018_214.pcap
Wednesday-14-02-2018,capEC2AMAZ-O4EL3NG-172.31.67.12.pcap,Wednesday-14-02-2018_215.pcap,01_pcap/Wednesday-14-02-2018/capEC2AMAZ-O4EL3NG-172.31.67.12.pcap,01_pcap/Wednesday-14-02-2018/Wednesday-14-02-2018_215.pcap
Wednesday-14-02-2018,capEC2AMAZ-O4EL3NG-172.31.67.16.pcap,Wednesday-14-02-2018_216.pcap,01_pcap/Wednesday-14-02-2018/capEC2AMAZ-O4EL3NG-172.31.67.16.pcap,01_pcap/Wednesday-14-02-2018/Wednesday-14-02-2018_216.pcap
Wednesday-14-02-2018,capEC2AMAZ-O4EL3NG-172.31.67.17.pcap,Wednesday-14-02-2018_217.pcap,01_pcap/Wednesday-14-02-2018/capEC2AMAZ-O4EL3NG-172.31.67.17.pcap,01_pcap/Wednesday-14-02-2018/Wednesday-14-02-2018_217.pcap
Wednesday-14-02-2018,capEC2AMAZ-O4EL3NG-172.31.67.18.pcap,Wednesday-14-02-2018_218.pcap,01_pcap/Wednesday-14-02-2018/capEC2AMAZ-O4EL3NG-172.31.67.18.pcap,01_pcap/Wednesday-14-02-2018/Wednesday-14-02-2018_218.pcap
Wednesday-14-02-2018,capEC2AMAZ-O4EL3NG-172.31.67.20.pcap,Wednesday-14-02-2018_219.pcap,01_pcap/Wednesday-14-02-2018/capEC2AMAZ-O4EL3NG-172.31.67.20.pcap,01_pcap/Wednesday-14-02-2018/Wednesday-14-02-2018_219.pcap
Wednesday-14-02-2018,capEC2AMAZ-O4EL3NG-172.31.67.24.pcap,Wednesday-14-02-2018_220.pcap,01_pcap/Wednesday-14-02-2018/capEC2AMAZ-O4EL3NG-172.31.67.24.pcap,01_pcap/Wednesday-14-02-2018/Wednesday-14-02-2018_220.pcap
Wednesday-14-02-2018,capEC2AMAZ-O4EL3NG-172.31.67.29.pcap,Wednesday-14-02-2018_221.pcap,01_pcap/Wednesday-14-02-2018/capEC2AMAZ-O4EL3NG-172.31.67.29.pcap,01_pcap/Wednesday-14-02-2018/Wednesday-14-02-2018_221.pcap
Wednesday-14-02-2018,capEC2AMAZ-O4EL3NG-172.31.67.31.pcap,Wednesday-14-02-2018_222.pcap,01_pcap/Wednesday-14-02-2018/capEC2AMAZ-O4EL3NG-172.31.67.31.pcap,01_pcap/Wednesday-14-02-2018/Wednesday-14-02-2018_222.pcap
Wednesday-14-02-2018,capEC2AMAZ-O4EL3NG-172.31.67.37.pcap,Wednesday-14-02-2018_223.pcap,01_pcap/Wednesday-14-02-2018/capEC2AMAZ-O4EL3NG-172.31.67.37.pcap,01_pcap/Wednesday-14-02-2018/Wednesday-14-02-2018_223.pcap
Wednesday-14-02-2018,capEC2AMAZ-O4EL3NG-172.31.67.38.pcap,Wednesday-14-02-2018_224.pcap,01_pcap/Wednesday-14-02-2018/capEC2AMAZ-O4EL3NG-172.31.67.38.pcap,01_pcap/Wednesday-14-02-2018/Wednesday-14-02-2018_224.pcap
Wednesday-14-02-2018,capEC2AMAZ-O4EL3NG-172.31.67.42.pcap,Wednesday-14-02-2018_225.pcap,01_pcap/Wednesday-14-02-2018/capEC2AMAZ-O4EL3NG-172.31.67.42.pcap,01_pcap/Wednesday-14-02-2018/Wednesday-14-02-2018_225.pcap
Wednesday-14-02-2018,capEC2AMAZ-O4EL3NG-172.31.67.45.pcap,Wednesday-14-02-2018_226.pcap,01_pcap/Wednesday-14-02-2018/capEC2AMAZ-O4EL3NG-172.31.67.45.pcap,01_pcap/Wednesday-14-02-2018/Wednesday-14-02-2018_226.pcap
Wednesday-14-02-2018,capEC2AMAZ-O4EL3NG-172.31.67.47.pcap,Wednesday-14-02-2018_227.pcap,01_pcap/Wednesday-14-02-2018/capEC2AMAZ-O4EL3NG-172.31.67.47.pcap,01_pcap/Wednesday-14-02-2018/Wednesday-14-02-2018_227.pcap
Wednesday-14-02-2018,capEC2AMAZ-O4EL3NG-172.31.67.48.pcap,Wednesday-14-02-2018_228.pcap,01_pcap/Wednesday-14-02-2018/capEC2AMAZ-O4EL3NG-172.31.67.48.pcap,01_pcap/Wednesday-14-02-2018/Wednesday-14-02-2018_228.pcap
Wednesday-14-02-2018,capEC2AMAZ-O4EL3NG-172.31.67.52.pcap,Wednesday-14-02-2018_229.pcap,01_pcap/Wednesday-14-02-2018/capEC2AMAZ-O4EL3NG-172.31.67.52.pcap,01_pcap/Wednesday-14-02-2018/Wednesday-14-02-2018_229.pcap
Wednesday-14-02-2018,capEC2AMAZ-O4EL3NG-172.31.67.53.pcap,Wednesday-14-02-2018_230.pcap,01_pcap/Wednesday-14-02-2018/capEC2AMAZ-O4EL3NG-172.31.67.53.pcap,01_pcap/Wednesday-14-02-2018/Wednesday-14-02-2018_230.pcap
Wednesday-14-02-2018,capEC2AMAZ-O4EL3NG-172.31.67.57.pcap,Wednesday-14-02-2018_231.pcap,01_pcap/Wednesday-14-02-2018/capEC2AMAZ-O4EL3NG-172.31.67.57.pcap,01_pcap/Wednesday-14-02-2018/Wednesday-14-02-2018_231.pcap
Wednesday-14-02-2018,capEC2AMAZ-O4EL3NG-172.31.67.58.pcap,Wednesday-14-02-2018_232.pcap,01_pcap/Wednesday-14-02-2018/capEC2AMAZ-O4EL3NG-172.31.67.58.pcap,01_pcap/Wednesday-14-02-2018/Wednesday-14-02-2018_232.pcap
Wednesday-14-02-2018,capEC2AMAZ-O4EL3NG-172.31.67.60.pcap,Wednesday-14-02-2018_233.pcap,01_pcap/Wednesday-14-02-2018/capEC2AMAZ-O4EL3NG-172.31.67.60.pcap,01_pcap/Wednesday-14-02-2018/Wednesday-14-02-2018_233.pcap
Wednesday-14-02-2018,capEC2AMAZ-O4EL3NG-172.31.67.61.pcap,Wednesday-14-02-2018_234.pcap,01_pcap/Wednesday-14-02-2018/capEC2AMAZ-O4EL3NG-172.31.67.61.pcap,01_pcap/Wednesday-14-02-2018/Wednesday-14-02-2018_234.pcap
Wednesday-14-02-2018,capEC2AMAZ-O4EL3NG-172.31.67.64.pcap,Wednesday-14-02-2018_235.pcap,01_pcap/Wednesday-14-02-2018/capEC2AMAZ-O4EL3NG-172.31.67.64.pcap,01_pcap/Wednesday-14-02-2018/Wednesday-14-02-2018_235.pcap
Wednesday-14-02-2018,capEC2AMAZ-O4EL3NG-172.31.67.66.pcap,Wednesday-14-02-2018_236.pcap,01_pcap/Wednesday-14-02-2018/capEC2AMAZ-O4EL3NG-172.31.67.66.pcap,01_pcap/Wednesday-14-02-2018/Wednesday-14-02-2018_236.pcap
Wednesday-14-02-2018,capEC2AMAZ-O4EL3NG-172.31.67.67.pcap,Wednesday-14-02-2018_237.pcap,01_pcap/Wednesday-14-02-2018/capEC2AMAZ-O4EL3NG-172.31.67.67.pcap,01_pcap/Wednesday-14-02-2018/Wednesday-14-02-2018_237.pcap
Wednesday-14-02-2018,capEC2AMAZ-O4EL3NG-172.31.67.73.pcap,Wednesday-14-02-2018_238.pcap,01_pcap/Wednesday-14-02-2018/capEC2AMAZ-O4EL3NG-172.31.67.73.pcap,01_pcap/Wednesday-14-02-2018/Wednesday-14-02-2018_238.pcap
Wednesday-14-02-2018,capEC2AMAZ-O4EL3NG-172.31.67.75.pcap,Wednesday-14-02-2018_239.pcap,01_pcap/Wednesday-14-02-2018/capEC2AMAZ-O4EL3NG-172.31.67.75.pcap,01_pcap/Wednesday-14-02-2018/Wednesday-14-02-2018_239.pcap
Wednesday-14-02-2018,capEC2AMAZ-O4EL3NG-172.31.67.77.pcap,Wednesday-14-02-2018_240.pcap,01_pcap/Wednesday-14-02-2018/capEC2AMAZ-O4EL3NG-172.31.67.77.pcap,01_pcap/Wednesday-14-02-2018/Wednesday-14-02-2018_240.pcap
Wednesday-14-02-2018,capEC2AMAZ-O4EL3NG-172.31.67.91.pcap,Wednesday-14-02-2018_241.pcap,01_pcap/Wednesday-14-02-2018/capEC2AMAZ-O4EL3NG-172.31.67.91.pcap,01_pcap/Wednesday-14-02-2018/Wednesday-14-02-2018_241.pcap
Wednesday-14-02-2018,capEC2AMAZ-O4EL3NG-172.31.67.92.pcap,Wednesday-14-02-2018_242.pcap,01_pcap/Wednesday-14-02-2018/capEC2AMAZ-O4EL3NG-172.31.67.92.pcap,01_pcap/Wednesday-14-02-2018/Wednesday-14-02-2018_242.pcap
Wednesday-14-02-2018,capEC2AMAZ-O4EL3NG-172.31.67.96.pcap,Wednesday-14-02-2018_243.pcap,01_pcap/Wednesday-14-02-2018/capEC2AMAZ-O4EL3NG-172.31.67.96.pcap,01_pcap/Wednesday-14-02-2018/Wednesday-14-02-2018_243.pcap
Wednesday-14-02-2018,capEC2AMAZ-O4EL3NG-172.31.67.99.pcap,Wednesday-14-02-2018_244.pcap,01_pcap/Wednesday-14-02-2018/capEC2AMAZ-O4EL3NG-172.31.67.99.pcap,01_pcap/Wednesday-14-02-2018/Wednesday-14-02-2018_244.pcap
Wednesday-14-02-2018,capEC2AMAZ-O4EL3NG-172.31.67.100.pcap,Wednesday-14-02-2018_245.pcap,01_pcap/Wednesday-14-02-2018/capEC2AMAZ-O4EL3NG-172.31.67.100.pcap,01_pcap/Wednesday-14-02-2018/Wednesday-14-02-2018_245.pcap
Wednesday-14-02-2018,capEC2AMAZ-O4EL3NG-172.31.67.112.pcap,Wednesday-14-02-2018_246.pcap,01_pcap/Wednesday-14-02-2018/capEC2AMAZ-O4EL3NG-172.31.67.112.pcap,01_pcap/Wednesday-14-02-2018/Wednesday-14-02-2018_246.pcap
Wednesday-14-02-2018,capEC2AMAZ-O4EL3NG-172.31.67.113.pcap,Wednesday-14-02-2018_247.pcap,01_pcap/Wednesday-14-02-2018/capEC2AMAZ-O4EL3NG-172.31.67.113.pcap,01_pcap/Wednesday-14-02-2018/Wednesday-14-02-2018_247.pcap
Wednesday-14-02-2018,capEC2AMAZ-O4EL3NG-172.31.67.115.pcap,Wednesday-14-02-2018_248.pcap,01_pcap/Wednesday-14-02-2018/capEC2AMAZ-O4EL3NG-172.31.67.115.pcap,01_pcap/Wednesday-14-02-2018/Wednesday-14-02-2018_248.pcap
Wednesday-14-02-2018,capEC2AMAZ-O4EL3NG-172.31.67.117.pcap,Wednesday-14-02-2018_249.pcap,01_pcap/Wednesday-14-02-2018/capEC2AMAZ-O4EL3NG-172.31.67.117.pcap,01_pcap/Wednesday-14-02-2018/Wednesday-14-02-2018_249.pcap
Wednesday-14-02-2018,capEC2AMAZ-O4EL3NG-172.31.67.120.pcap,Wednesday-14-02-2018_250.pcap,01_pcap/Wednesday-14-02-2018/capEC2AMAZ-O4EL3NG-172.31.67.120.pcap,01_pcap/Wednesday-14-02-2018/Wednesday-14-02-2018_250.pcap
Wednesday-14-02-2018,capEC2AMAZ-O4EL3NG-172.31.67.122.pcap,Wednesday-14-02-2018_251.pcap,01_pcap/Wednesday-14-02-2018/capEC2AMAZ-O4EL3NG-172.31.67.122.pcap,01_pcap/Wednesday-14-02-2018/Wednesday-14-02-2018_251.pcap
Wednesday-14-02-2018,capEC2AMAZ-O4EL3NG-172.31.67.126.pcap,Wednesday-14-02-2018_252.pcap,01_pcap/Wednesday-14-02-2018/capEC2AMAZ-O4EL3NG-172.31.67.126.pcap,01_pcap/Wednesday-14-02-2018/Wednesday-14-02-2018_252.pcap
Wednesday-14-02-2018,capEC2AMAZ-O4EL3NG-172.31.68.4.pcap,Wednesday-14-02-2018_253.pcap,01_pcap/Wednesday-14-02-2018/capEC2AMAZ-O4EL3NG-172.31.68.4.pcap,01_pcap/Wednesday-14-02-2018/Wednesday-14-02-2018_253.pcap
Wednesday-14-02-2018,capEC2AMAZ-O4EL3NG-172.31.68.5.pcap,Wednesday-14-02-2018_254.pcap,01_pcap/Wednesday-14-02-2018/capEC2AMAZ-O4EL3NG-172.31.68.5.pcap,01_pcap/Wednesday-14-02-2018/Wednesday-14-02-2018_254.pcap
Wednesday-14-02-2018,capEC2AMAZ-O4EL3NG-172.31.68.6.pcap,Wednesday-14-02-2018_255.pcap,01_pcap/Wednesday-14-02-2018/capEC2AMAZ-O4EL3NG-172.31.68.6.pcap,01_pcap/Wednesday-14-02-2018/Wednesday-14-02-2018_255.pcap
Wednesday-14-02-2018,capEC2AMAZ-O4EL3NG-172.31.68.8.pcap,Wednesday-14-02-2018_256.pcap,01_pcap/Wednesday-14-02-2018/capEC2AMAZ-O4EL3NG-172.31.68.8.pcap,01_pcap/Wednesday-14-02-2018/Wednesday-14-02-2018_256.pcap
Wednesday-14-02-2018,capEC2AMAZ-O4EL3NG-172.31.68.9.pcap,Wednesday-14-02-2018_257.pcap,01_pcap/Wednesday-14-02-2018/capEC2AMAZ-O4EL3NG-172.31.68.9.pcap,01_pcap/Wednesday-14-02-2018/Wednesday-14-02-2018_257.pcap
Wednesday-14-02-2018,capEC2AMAZ-O4EL3NG-172.31.68.10.pcap,Wednesday-14-02-2018_258.pcap,01_pcap/Wednesday-14-02-2018/capEC2AMAZ-O4EL3NG-172.31.68.10.pcap,01_pcap/Wednesday-14-02-2018/Wednesday-14-02-2018_258.pcap
Wednesday-14-02-2018,capEC2AMAZ-O4EL3NG-172.31.68.11.pcap,Wednesday-14-02-2018_259.pcap,01_pcap/Wednesday-14-02-2018/capEC2AMAZ-O4EL3NG-172.31.68.11.pcap,01_pcap/Wednesday-14-02-2018/Wednesday-14-02-2018_259.pcap
Wednesday-14-02-2018,capEC2AMAZ-O4EL3NG-172.31.68.12.pcap,Wednesday-14-02-2018_260.pcap,01_pcap/Wednesday-14-02-2018/capEC2AMAZ-O4EL3NG-172.31.68.12.pcap,01_pcap/Wednesday-14-02-2018/Wednesday-14-02-2018_260.pcap
Wednesday-14-02-2018,capEC2AMAZ-O4EL3NG-172.31.68.13.pcap,Wednesday-14-02-2018_261.pcap,01_pcap/Wednesday-14-02-2018/capEC2AMAZ-O4EL3NG-172.31.68.13.pcap,01_pcap/Wednesday-14-02-2018/Wednesday-14-02-2018_261.pcap
Wednesday-14-02-2018,capEC2AMAZ-O4EL3NG-172.31.68.14.pcap,Wednesday-14-02-2018_262.pcap,01_pcap/Wednesday-14-02-2018/capEC2AMAZ-O4EL3NG-172.31.68.14.pcap,01_pcap/Wednesday-14-02-2018/Wednesday-14-02-2018_262.pcap
Wednesday-14-02-2018,capEC2AMAZ-O4EL3NG-172.31.68.15.pcap,Wednesday-14-02-2018_263.pcap,01_pcap/Wednesday-14-02-2018/capEC2AMAZ-O4EL3NG-172.31.68.15.pcap,01_pcap/Wednesday-14-02-2018/Wednesday-14-02-2018_263.pcap
Wednesday-14-02-2018,capEC2AMAZ-O4EL3NG-172.31.68.18.pcap,Wednesday-14-02-2018_264.pcap,01_pcap/Wednesday-14-02-2018/capEC2AMAZ-O4EL3NG-172.31.68.18.pcap,01_pcap/Wednesday-14-02-2018/Wednesday-14-02-2018_264.pcap
Wednesday-14-02-2018,capEC2AMAZ-O4EL3NG-172.31.68.19.pcap,Wednesday-14-02-2018_265.pcap,01_pcap/Wednesday-14-02-2018/capEC2AMAZ-O4EL3NG-172.31.68.19.pcap,01_pcap/Wednesday-14-02-2018/Wednesday-14-02-2018_265.pcap
Wednesday-14-02-2018,capEC2AMAZ-O4EL3NG-172.31.68.20.pcap,Wednesday-14-02-2018_266.pcap,01_pcap/Wednesday-14-02-2018/capEC2AMAZ-O4EL3NG-172.31.68.20.pcap,01_pcap/Wednesday-14-02-2018/Wednesday-14-02-2018_266.pcap
Wednesday-14-02-2018,capEC2AMAZ-O4EL3NG-172.31.68.21.pcap,Wednesday-14-02-2018_267.pcap,01_pcap/Wednesday-14-02-2018/capEC2AMAZ-O4EL3NG-172.31.68.21.pcap,01_pcap/Wednesday-14-02-2018/Wednesday-14-02-2018_267.pcap
Wednesday-14-02-2018,capEC2AMAZ-O4EL3NG-172.31.68.23.pcap,Wednesday-14-02-2018_268.pcap,01_pcap/Wednesday-14-02-2018/capEC2AMAZ-O4EL3NG-172.31.68.23.pcap,01_pcap/Wednesday-14-02-2018/Wednesday-14-02-2018_268.pcap
Wednesday-14-02-2018,capEC2AMAZ-O4EL3NG-172.31.68.25.pcap,Wednesday-14-02-2018_269.pcap,01_pcap/Wednesday-14-02-2018/capEC2AMAZ-O4EL3NG-172.31.68.25.pcap,01_pcap/Wednesday-14-02-2018/Wednesday-14-02-2018_269.pcap
Wednesday-14-02-2018,capEC2AMAZ-O4EL3NG-172.31.68.26.pcap,Wednesday-14-02-2018_270.pcap,01_pcap/Wednesday-14-02-2018/capEC2AMAZ-O4EL3NG-172.31.68.26.pcap,01_pcap/Wednesday-14-02-2018/Wednesday-14-02-2018_270.pcap
Wednesday-14-02-2018,capEC2AMAZ-O4EL3NG-172.31.68.28.pcap,Wednesday-14-02-2018_271.pcap,01_pcap/Wednesday-14-02-2018/capEC2AMAZ-O4EL3NG-172.31.68.28.pcap,01_pcap/Wednesday-14-02-2018/Wednesday-14-02-2018_271.pcap
Wednesday-14-02-2018,capEC2AMAZ-O4EL3NG-172.31.68.30.pcap,Wednesday-14-02-2018_272.pcap,01_pcap/Wednesday-14-02-2018/capEC2AMAZ-O4EL3NG-172.31.68.30.pcap,01_pcap/Wednesday-14-02-2018/Wednesday-14-02-2018_272.pcap
Wednesday-14-02-2018,capEC2AMAZ-O4EL3NG-172.31.69.4.pcap,Wednesday-14-02-2018_273.pcap,01_pcap/Wednesday-14-02-2018/capEC2AMAZ-O4EL3NG-172.31.69.4.pcap,01_pcap/Wednesday-14-02-2018/Wednesday-14-02-2018_273.pcap
Wednesday-14-02-2018,capEC2AMAZ-O4EL3NG-172.31.69.5.pcap,Wednesday-14-02-2018_274.pcap,01_pcap/Wednesday-14-02-2018/capEC2AMAZ-O4EL3NG-172.31.69.5.pcap,01_pcap/Wednesday-14-02-2018/Wednesday-14-02-2018_274.pcap
Wednesday-14-02-2018,capEC2AMAZ-O4EL3NG-172.31.69.6.pcap,Wednesday-14-02-2018_275.pcap,01_pcap/Wednesday-14-02-2018/capEC2AMAZ-O4EL3NG-172.31.69.6.pcap,01_pcap/Wednesday-14-02-2018/Wednesday-14-02-2018_275.pcap
Wednesday-14-02-2018,capEC2AMAZ-O4EL3NG-172.31.69.8.pcap,Wednesday-14-02-2018_276.pcap,01_pcap/Wednesday-14-02-2018/capEC2AMAZ-O4EL3NG-172.31.69.8.pcap,01_pcap/Wednesday-14-02-2018/Wednesday-14-02-2018_276.pcap
Wednesday-14-02-2018,capEC2AMAZ-O4EL3NG-172.31.69.9.pcap,Wednesday-14-02-2018_277.pcap,01_pcap/Wednesday-14-02-2018/capEC2AMAZ-O4EL3NG-172.31.69.9.pcap,01_pcap/Wednesday-14-02-2018/Wednesday-14-02-2018_277.pcap
Wednesday-14-02-2018,capEC2AMAZ-O4EL3NG-172.31.69.10.pcap,Wednesday-14-02-2018_278.pcap,01_pcap/Wednesday-14-02-2018/capEC2AMAZ-O4EL3NG-172.31.69.10.pcap,01_pcap/Wednesday-14-02-2018/Wednesday-14-02-2018_278.pcap
Wednesday-14-02-2018,capEC2AMAZ-O4EL3NG-172.31.69.11.pcap,Wednesday-14-02-2018_279.pcap,01_pcap/Wednesday-14-02-2018/capEC2AMAZ-O4EL3NG-172.31.69.11.pcap,01_pcap/Wednesday-14-02-2018/Wednesday-14-02-2018_279.pcap
Wednesday-14-02-2018,capEC2AMAZ-O4EL3NG-172.31.69.12.pcap,Wednesday-14-02-2018_280.pcap,01_pcap/Wednesday-14-02-2018/capEC2AMAZ-O4EL3NG-172.31.69.12.pcap,01_pcap/Wednesday-14-02-2018/Wednesday-14-02-2018_280.pcap
Wednesday-14-02-2018,capEC2AMAZ-O4EL3NG-172.31.69.13.pcap,Wednesday-14-02-2018_281.pcap,01_pcap/Wednesday-14-02-2018/capEC2AMAZ-O4EL3NG-172.31.69.13.pcap,01_pcap/Wednesday-14-02-2018/Wednesday-14-02-2018_281.pcap
Wednesday-14-02-2018,capEC2AMAZ-O4EL3NG-172.31.69.14.pcap,Wednesday-14-02-2018_282.pcap,01_pcap/Wednesday-14-02-2018/capEC2AMAZ-O4EL3NG-172.31.69.14.pcap,01_pcap/Wednesday-14-02-2018/Wednesday-14-02-2018_282.pcap
Wednesday-14-02-2018,capEC2AMAZ-O4EL3NG-172.31.69.16.pcap,Wednesday-14-02-2018_283.pcap,01_pcap/Wednesday-14-02-2018/capEC2AMAZ-O4EL3NG-172.31.69.16.pcap,01_pcap/Wednesday-14-02-2018/Wednesday-14-02-2018_283.pcap
Wednesday-14-02-2018,capEC2AMAZ-O4EL3NG-172.31.69.17.pcap,Wednesday-14-02-2018_284.pcap,01_pcap/Wednesday-14-02-2018/capEC2AMAZ-O4EL3NG-172.31.69.17.pcap,01_pcap/Wednesday-14-02-2018/Wednesday-14-02-2018_284.pcap
Wednesday-14-02-2018,capEC2AMAZ-O4EL3NG-172.31.69.19.pcap,Wednesday-14-02-2018_285.pcap,01_pcap/Wednesday-14-02-2018/capEC2AMAZ-O4EL3NG-172.31.69.19.pcap,01_pcap/Wednesday-14-02-2018/Wednesday-14-02-2018_285.pcap
Wednesday-14-02-2018,capEC2AMAZ-O4EL3NG-172.31.69.20.pcap,Wednesday-14-02-2018_286.pcap,01_pcap/Wednesday-14-02-2018/capEC2AMAZ-O4EL3NG-172.31.69.20.pcap,01_pcap/Wednesday-14-02-2018/Wednesday-14-02-2018_286.pcap
Wednesday-14-02-2018,capEC2AMAZ-O4EL3NG-172.31.69.23.pcap,Wednesday-14-02-2018_287.pcap,01_pcap/Wednesday-14-02-2018/capEC2AMAZ-O4EL3NG-172.31.69.23.pcap,01_pcap/Wednesday-14-02-2018/Wednesday-14-02-2018_287.pcap
Wednesday-14-02-2018,capEC2AMAZ-O4EL3NG-172.31.69.24.pcap,Wednesday-14-02-2018_288.pcap,01_pcap/Wednesday-14-02-2018/capEC2AMAZ-O4EL3NG-172.31.69.24.pcap,01_pcap/Wednesday-14-02-2018/Wednesday-14-02-2018_288.pcap
Wednesday-14-02-2018,capEC2AMAZ-O4EL3NG-172.31.69.26.pcap,Wednesday-14-02-2018_289.pcap,01_pcap/Wednesday-14-02-2018/capEC2AMAZ-O4EL3NG-172.31.69.26.pcap,01_pcap/Wednesday-14-02-2018/Wednesday-14-02-2018_289.pcap
Wednesday-14-02-2018,capEC2AMAZ-O4EL3NG-172.31.69.28.pcap,Wednesday-14-02-2018_290.pcap,01_pcap/Wednesday-14-02-2018/capEC2AMAZ-O4EL3NG-172.31.69.28.pcap,01_pcap/Wednesday-14-02-2018/Wednesday-14-02-2018_290.pcap
Wednesday-14-02-2018,capEC2AMAZ-O4EL3NG-172.31.69.29.pcap,Wednesday-14-02-2018_291.pcap,01_pcap/Wednesday-14-02-2018/capEC2AMAZ-O4EL3NG-172.31.69.29.pcap,01_pcap/Wednesday-14-02-2018/Wednesday-14-02-2018_291.pcap
Wednesday-14-02-2018,capEC2AMAZ-O4EL3NG-172.31.69.30.pcap,Wednesday-14-02-2018_292.pcap,01_pcap/Wednesday-14-02-2018/capEC2AMAZ-O4EL3NG-172.31.69.30.pcap,01_pcap/Wednesday-14-02-2018/Wednesday-14-02-2018_292.pcap
Wednesday-14-02-2018,capPC1-172.31.64.15.pcap,Wednesday-14-02-2018_293.pcap,01_pcap/Wednesday-14-02-2018/capPC1-172.31.64.15.pcap,01_pcap/Wednesday-14-02-2018/Wednesday-14-02-2018_293.pcap
Wednesday-14-02-2018,capPC1-172.31.64.18.pcap,Wednesday-14-02-2018_294.pcap,01_pcap/Wednesday-14-02-2018/capPC1-172.31.64.18.pcap,01_pcap/Wednesday-14-02-2018/Wednesday-14-02-2018_294.pcap
Wednesday-14-02-2018,capPC1-172.31.64.21.pcap,Wednesday-14-02-2018_295.pcap,01_pcap/Wednesday-14-02-2018/capPC1-172.31.64.21.pcap,01_pcap/Wednesday-14-02-2018/Wednesday-14-02-2018_295.pcap
Wednesday-14-02-2018,capPC1-172.31.64.23.pcap,Wednesday-14-02-2018_296.pcap,01_pcap/Wednesday-14-02-2018/capPC1-172.31.64.23.pcap,01_pcap/Wednesday-14-02-2018/Wednesday-14-02-2018_296.pcap
Wednesday-14-02-2018,capPC1-172.31.64.31.pcap,Wednesday-14-02-2018_297.pcap,01_pcap/Wednesday-14-02-2018/capPC1-172.31.64.31.pcap,01_pcap/Wednesday-14-02-2018/Wednesday-14-02-2018_297.pcap
Wednesday-14-02-2018,capPC1-172.31.64.32.pcap,Wednesday-14-02-2018_298.pcap,01_pcap/Wednesday-14-02-2018/capPC1-172.31.64.32.pcap,01_pcap/Wednesday-14-02-2018/Wednesday-14-02-2018_298.pcap
Wednesday-14-02-2018,capPC1-172.31.64.33.pcap,Wednesday-14-02-2018_299.pcap,01_pcap/Wednesday-14-02-2018/capPC1-172.31.64.33.pcap,01_pcap/Wednesday-14-02-2018/Wednesday-14-02-2018_299.pcap
Wednesday-14-02-2018,capPC1-172.31.64.34.pcap,Wednesday-14-02-2018_300.pcap,01_pcap/Wednesday-14-02-2018/capPC1-172.31.64.34.pcap,01_pcap/Wednesday-14-02-2018/Wednesday-14-02-2018_300.pcap
Wednesday-14-02-2018,capPC1-172.31.64.37.pcap,Wednesday-14-02-2018_301.pcap,01_pcap/Wednesday-14-02-2018/capPC1-172.31.64.37.pcap,01_pcap/Wednesday-14-02-2018/Wednesday-14-02-2018_301.pcap
Wednesday-14-02-2018,capPC1-172.31.64.40.pcap,Wednesday-14-02-2018_302.pcap,01_pcap/Wednesday-14-02-2018/capPC1-172.31.64.40.pcap,01_pcap/Wednesday-14-02-2018/Wednesday-14-02-2018_302.pcap
Wednesday-14-02-2018,capPC1-172.31.64.41.pcap,Wednesday-14-02-2018_303.pcap,01_pcap/Wednesday-14-02-2018/capPC1-172.31.64.41.pcap,01_pcap/Wednesday-14-02-2018/Wednesday-14-02-2018_303.pcap
Wednesday-14-02-2018,capPC1-172.31.64.48.pcap,Wednesday-14-02-2018_304.pcap,01_pcap/Wednesday-14-02-2018/capPC1-172.31.64.48.pcap,01_pcap/Wednesday-14-02-2018/Wednesday-14-02-2018_304.pcap
Wednesday-14-02-2018,capPC1-172.31.64.52.pcap,Wednesday-14-02-2018_305.pcap,01_pcap/Wednesday-14-02-2018/capPC1-172.31.64.52.pcap,01_pcap/Wednesday-14-02-2018/Wednesday-14-02-2018_305.pcap
Wednesday-14-02-2018,capPC1-172.31.64.64.pcap,Wednesday-14-02-2018_306.pcap,01_pcap/Wednesday-14-02-2018/capPC1-172.31.64.64.pcap,01_pcap/Wednesday-14-02-2018/Wednesday-14-02-2018_306.pcap
Wednesday-14-02-2018,capPC1-172.31.64.94.pcap,Wednesday-14-02-2018_307.pcap,01_pcap/Wednesday-14-02-2018/capPC1-172.31.64.94.pcap,01_pcap/Wednesday-14-02-2018/Wednesday-14-02-2018_307.pcap
Wednesday-14-02-2018,capPC1-172.31.64.97.pcap,Wednesday-14-02-2018_308.pcap,01_pcap/Wednesday-14-02-2018/capPC1-172.31.64.97.pcap,01_pcap/Wednesday-14-02-2018/Wednesday-14-02-2018_308.pcap
Wednesday-14-02-2018,capPC1-172.31.64.106.pcap,Wednesday-14-02-2018_309.pcap,01_pcap/Wednesday-14-02-2018/capPC1-172.31.64.106.pcap,01_pcap/Wednesday-14-02-2018/Wednesday-14-02-2018_309.pcap
Wednesday-14-02-2018,capPC1-172.31.64.113.pcap,Wednesday-14-02-2018_310.pcap,01_pcap/Wednesday-14-02-2018/capPC1-172.31.64.113.pcap,01_pcap/Wednesday-14-02-2018/Wednesday-14-02-2018_310.pcap
Wednesday-14-02-2018,capPC1-172.31.64.114.pcap,Wednesday-14-02-2018_311.pcap,01_pcap/Wednesday-14-02-2018/capPC1-172.31.64.114.pcap,01_pcap/Wednesday-14-02-2018/Wednesday-14-02-2018_311.pcap
Wednesday-14-02-2018,capPC1-172.31.64.116.pcap,Wednesday-14-02-2018_312.pcap,01_pcap/Wednesday-14-02-2018/capPC1-172.31.64.116.pcap,01_pcap/Wednesday-14-02-2018/Wednesday-14-02-2018_312.pcap
Wednesday-14-02-2018,capPC1-172.31.64.121.pcap,Wednesday-14-02-2018_313.pcap,01_pcap/Wednesday-14-02-2018/capPC1-172.31.64.121.pcap,01_pcap/Wednesday-14-02-2018/Wednesday-14-02-2018_313.pcap
Wednesday-14-02-2018,capPC1-172.31.65.6.pcap,Wednesday-14-02-2018_314.pcap,01_pcap/Wednesday-14-02-2018/capPC1-172.31.65.6.pcap,01_pcap/Wednesday-14-02-2018/Wednesday-14-02-2018_314.pcap
Wednesday-14-02-2018,capPC1-172.31.65.13.pcap,Wednesday-14-02-2018_315.pcap,01_pcap/Wednesday-14-02-2018/capPC1-172.31.65.13.pcap,01_pcap/Wednesday-14-02-2018/Wednesday-14-02-2018_315.pcap
Wednesday-14-02-2018,capPC1-172.31.65.16.pcap,Wednesday-14-02-2018_316.pcap,01_pcap/Wednesday-14-02-2018/capPC1-172.31.65.16.pcap,01_pcap/Wednesday-14-02-2018/Wednesday-14-02-2018_316.pcap
Wednesday-14-02-2018,capPC1-172.31.65.20.pcap,Wednesday-14-02-2018_317.pcap,01_pcap/Wednesday-14-02-2018/capPC1-172.31.65.20.pcap,01_pcap/Wednesday-14-02-2018/Wednesday-14-02-2018_317.pcap
Wednesday-14-02-2018,capPC1-172.31.65.25.pcap,Wednesday-14-02-2018_318.pcap,01_pcap/Wednesday-14-02-2018/capPC1-172.31.65.25.pcap,01_pcap/Wednesday-14-02-2018/Wednesday-14-02-2018_318.pcap
Wednesday-14-02-2018,capPC1-172.31.65.49.pcap,Wednesday-14-02-2018_319.pcap,01_pcap/Wednesday-14-02-2018/capPC1-172.31.65.49.pcap,01_pcap/Wednesday-14-02-2018/Wednesday-14-02-2018_319.pcap
Wednesday-14-02-2018,capPC1-172.31.65.61.pcap,Wednesday-14-02-2018_320.pcap,01_pcap/Wednesday-14-02-2018/capPC1-172.31.65.61.pcap,01_pcap/Wednesday-14-02-2018/Wednesday-14-02-2018_320.pcap
Wednesday-14-02-2018,capPC1-172.31.65.67.pcap,Wednesday-14-02-2018_321.pcap,01_pcap/Wednesday-14-02-2018/capPC1-172.31.65.67.pcap,01_pcap/Wednesday-14-02-2018/Wednesday-14-02-2018_321.pcap
Wednesday-14-02-2018,capPC1-172.31.65.68.pcap,Wednesday-14-02-2018_322.pcap,01_pcap/Wednesday-14-02-2018/capPC1-172.31.65.68.pcap,01_pcap/Wednesday-14-02-2018/Wednesday-14-02-2018_322.pcap
Wednesday-14-02-2018,capPC1-172.31.65.77.pcap,Wednesday-14-02-2018_323.pcap,01_pcap/Wednesday-14-02-2018/capPC1-172.31.65.77.pcap,01_pcap/Wednesday-14-02-2018/Wednesday-14-02-2018_323.pcap
Wednesday-14-02-2018,capPC1-172.31.65.79.pcap,Wednesday-14-02-2018_324.pcap,01_pcap/Wednesday-14-02-2018/capPC1-172.31.65.79.pcap,01_pcap/Wednesday-14-02-2018/Wednesday-14-02-2018_324.pcap
Wednesday-14-02-2018,capPC1-172.31.65.80.pcap,Wednesday-14-02-2018_325.pcap,01_pcap/Wednesday-14-02-2018/capPC1-172.31.65.80.pcap,01_pcap/Wednesday-14-02-2018/Wednesday-14-02-2018_325.pcap
Wednesday-14-02-2018,capPC1-172.31.65.83.pcap,Wednesday-14-02-2018_326.pcap,01_pcap/Wednesday-14-02-2018/capPC1-172.31.65.83.pcap,01_pcap/Wednesday-14-02-2018/Wednesday-14-02-2018_326.pcap
Wednesday-14-02-2018,capPC1-172.31.65.100.pcap,Wednesday-14-02-2018_327.pcap,01_pcap/Wednesday-14-02-2018/capPC1-172.31.65.100.pcap,01_pcap/Wednesday-14-02-2018/Wednesday-14-02-2018_327.pcap
Wednesday-14-02-2018,capPC1-172.31.65.117.pcap,Wednesday-14-02-2018_328.pcap,01_pcap/Wednesday-14-02-2018/capPC1-172.31.65.117.pcap,01_pcap/Wednesday-14-02-2018/Wednesday-14-02-2018_328.pcap
Wednesday-14-02-2018,capPC1-172.31.66.9.pcap,Wednesday-14-02-2018_329.pcap,01_pcap/Wednesday-14-02-2018/capPC1-172.31.66.9.pcap,01_pcap/Wednesday-14-02-2018/Wednesday-14-02-2018_329.pcap
Wednesday-14-02-2018,capPC1-172.31.66.10.pcap,Wednesday-14-02-2018_330.pcap,01_pcap/Wednesday-14-02-2018/capPC1-172.31.66.10.pcap,01_pcap/Wednesday-14-02-2018/Wednesday-14-02-2018_330.pcap
Wednesday-14-02-2018,capPC1-172.31.66.15.pcap,Wednesday-14-02-2018_331.pcap,01_pcap/Wednesday-14-02-2018/capPC1-172.31.66.15.pcap,01_pcap/Wednesday-14-02-2018/Wednesday-14-02-2018_331.pcap
Wednesday-14-02-2018,capPC1-172.31.66.19.pcap,Wednesday-14-02-2018_332.pcap,01_pcap/Wednesday-14-02-2018/capPC1-172.31.66.19.pcap,01_pcap/Wednesday-14-02-2018/Wednesday-14-02-2018_332.pcap
Wednesday-14-02-2018,capPC1-172.31.66.24.pcap,Wednesday-14-02-2018_333.pcap,01_pcap/Wednesday-14-02-2018/capPC1-172.31.66.24.pcap,01_pcap/Wednesday-14-02-2018/Wednesday-14-02-2018_333.pcap
Wednesday-14-02-2018,capPC1-172.31.66.46.pcap,Wednesday-14-02-2018_334.pcap,01_pcap/Wednesday-14-02-2018/capPC1-172.31.66.46.pcap,01_pcap/Wednesday-14-02-2018/Wednesday-14-02-2018_334.pcap
Wednesday-14-02-2018,capPC1-172.31.66.58.pcap,Wednesday-14-02-2018_335.pcap,01_pcap/Wednesday-14-02-2018/capPC1-172.31.66.58.pcap,01_pcap/Wednesday-14-02-2018/Wednesday-14-02-2018_335.pcap
Wednesday-14-02-2018,capPC1-172.31.66.69.pcap,Wednesday-14-02-2018_336.pcap,01_pcap/Wednesday-14-02-2018/capPC1-172.31.66.69.pcap,01_pcap/Wednesday-14-02-2018/Wednesday-14-02-2018_336.pcap
Wednesday-14-02-2018,capPC1-172.31.66.79.pcap,Wednesday-14-02-2018_337.pcap,01_pcap/Wednesday-14-02-2018/capPC1-172.31.66.79.pcap,01_pcap/Wednesday-14-02-2018/Wednesday-14-02-2018_337.pcap
Wednesday-14-02-2018,capPC1-172.31.66.83.pcap,Wednesday-14-02-2018_338.pcap,01_pcap/Wednesday-14-02-2018/capPC1-172.31.66.83.pcap,01_pcap/Wednesday-14-02-2018/Wednesday-14-02-2018_338.pcap
Wednesday-14-02-2018,capPC1-172.31.66.90.pcap,Wednesday-14-02-2018_339.pcap,01_pcap/Wednesday-14-02-2018/capPC1-172.31.66.90.pcap,01_pcap/Wednesday-14-02-2018/Wednesday-14-02-2018_339.pcap
Wednesday-14-02-2018,capPC1-172.31.66.92.pcap,Wednesday-14-02-2018_340.pcap,01_pcap/Wednesday-14-02-2018/capPC1-172.31.66.92.pcap,01_pcap/Wednesday-14-02-2018/Wednesday-14-02-2018_340.pcap
Wednesday-14-02-2018,capPC1-172.31.66.96.pcap,Wednesday-14-02-2018_341.pcap,01_pcap/Wednesday-14-02-2018/capPC1-172.31.66.96.pcap,01_pcap/Wednesday-14-02-2018/Wednesday-14-02-2018_341.pcap
Wednesday-14-02-2018,capPC1-172.31.66.99.pcap,Wednesday-14-02-2018_342.pcap,01_pcap/Wednesday-14-02-2018/capPC1-172.31.66.99.pcap,01_pcap/Wednesday-14-02-2018/Wednesday-14-02-2018_342.pcap
Wednesday-14-02-2018,capPC1-172.31.66.102.pcap,Wednesday-14-02-2018_343.pcap,01_pcap/Wednesday-14-02-2018/capPC1-172.31.66.102.pcap,01_pcap/Wednesday-14-02-2018/Wednesday-14-02-2018_343.pcap
Wednesday-14-02-2018,capPC1-172.31.66.103.pcap,Wednesday-14-02-2018_344.pcap,01_pcap/Wednesday-14-02-2018/capPC1-172.31.66.103.pcap,01_pcap/Wednesday-14-02-2018/Wednesday-14-02-2018_344.pcap
Wednesday-14-02-2018,capPC1-172.31.66.110.pcap,Wednesday-14-02-2018_345.pcap,01_pcap/Wednesday-14-02-2018/capPC1-172.31.66.110.pcap,01_pcap/Wednesday-14-02-2018/Wednesday-14-02-2018_345.pcap
Wednesday-14-02-2018,capPC1-172.31.66.111.pcap,Wednesday-14-02-2018_346.pcap,01_pcap/Wednesday-14-02-2018/capPC1-172.31.66.111.pcap,01_pcap/Wednesday-14-02-2018/Wednesday-14-02-2018_346.pcap
Wednesday-14-02-2018,capPC1-172.31.66.118.pcap,Wednesday-14-02-2018_347.pcap,01_pcap/Wednesday-14-02-2018/capPC1-172.31.66.118.pcap,01_pcap/Wednesday-14-02-2018/Wednesday-14-02-2018_347.pcap
Wednesday-14-02-2018,capPC1-172.31.66.121.pcap,Wednesday-14-02-2018_348.pcap,01_pcap/Wednesday-14-02-2018/capPC1-172.31.66.121.pcap,01_pcap/Wednesday-14-02-2018/Wednesday-14-02-2018_348.pcap
Wednesday-14-02-2018,capPC1-172.31.67.9.pcap,Wednesday-14-02-2018_349.pcap,01_pcap/Wednesday-14-02-2018/capPC1-172.31.67.9.pcap,01_pcap/Wednesday-14-02-2018/Wednesday-14-02-2018_349.pcap
Wednesday-14-02-2018,capPC1-172.31.67.14.pcap,Wednesday-14-02-2018_350.pcap,01_pcap/Wednesday-14-02-2018/capPC1-172.31.67.14.pcap,01_pcap/Wednesday-14-02-2018/Wednesday-14-02-2018_350.pcap
Wednesday-14-02-2018,capPC1-172.31.67.23.pcap,Wednesday-14-02-2018_351.pcap,01_pcap/Wednesday-14-02-2018/capPC1-172.31.67.23.pcap,01_pcap/Wednesday-14-02-2018/Wednesday-14-02-2018_351.pcap
Wednesday-14-02-2018,capPC1-172.31.67.27.pcap,Wednesday-14-02-2018_352.pcap,01_pcap/Wednesday-14-02-2018/capPC1-172.31.67.27.pcap,01_pcap/Wednesday-14-02-2018/Wednesday-14-02-2018_352.pcap
Wednesday-14-02-2018,capPC1-172.31.67.33.pcap,Wednesday-14-02-2018_353.pcap,01_pcap/Wednesday-14-02-2018/capPC1-172.31.67.33.pcap,01_pcap/Wednesday-14-02-2018/Wednesday-14-02-2018_353.pcap
Wednesday-14-02-2018,capPC1-172.31.67.35.pcap,Wednesday-14-02-2018_354.pcap,01_pcap/Wednesday-14-02-2018/capPC1-172.31.67.35.pcap,01_pcap/Wednesday-14-02-2018/Wednesday-14-02-2018_354.pcap
Wednesday-14-02-2018,capPC1-172.31.67.56.pcap,Wednesday-14-02-2018_355.pcap,01_pcap/Wednesday-14-02-2018/capPC1-172.31.67.56.pcap,01_pcap/Wednesday-14-02-2018/Wednesday-14-02-2018_355.pcap
Wednesday-14-02-2018,capPC1-172.31.67.59.pcap,Wednesday-14-02-2018_356.pcap,01_pcap/Wednesday-14-02-2018/capPC1-172.31.67.59.pcap,01_pcap/Wednesday-14-02-2018/Wednesday-14-02-2018_356.pcap
Wednesday-14-02-2018,capPC1-172.31.67.76.pcap,Wednesday-14-02-2018_357.pcap,01_pcap/Wednesday-14-02-2018/capPC1-172.31.67.76.pcap,01_pcap/Wednesday-14-02-2018/Wednesday-14-02-2018_357.pcap
Wednesday-14-02-2018,capPC1-172.31.67.78.pcap,Wednesday-14-02-2018_358.pcap,01_pcap/Wednesday-14-02-2018/capPC1-172.31.67.78.pcap,01_pcap/Wednesday-14-02-2018/Wednesday-14-02-2018_358.pcap
Wednesday-14-02-2018,capPC1-172.31.67.97.pcap,Wednesday-14-02-2018_359.pcap,01_pcap/Wednesday-14-02-2018/capPC1-172.31.67.97.pcap,01_pcap/Wednesday-14-02-2018/Wednesday-14-02-2018_359.pcap
Wednesday-14-02-2018,capPC1-172.31.67.102.pcap,Wednesday-14-02-2018_360.pcap,01_pcap/Wednesday-14-02-2018/capPC1-172.31.67.102.pcap,01_pcap/Wednesday-14-02-2018/Wednesday-14-02-2018_360.pcap
Wednesday-14-02-2018,capPC1-172.31.67.104.pcap,Wednesday-14-02-2018_361.pcap,01_pcap/Wednesday-14-02-2018/capPC1-172.31.67.104.pcap,01_pcap/Wednesday-14-02-2018/Wednesday-14-02-2018_361.pcap
Wednesday-14-02-2018,capPC1-172.31.67.107.pcap,Wednesday-14-02-2018_362.pcap,01_pcap/Wednesday-14-02-2018/capPC1-172.31.67.107.pcap,01_pcap/Wednesday-14-02-2018/Wednesday-14-02-2018_362.pcap
Wednesday-14-02-2018,capPC1-172.31.67.108.pcap,Wednesday-14-02-2018_363.pcap,01_pcap/Wednesday-14-02-2018/capPC1-172.31.67.108.pcap,01_pcap/Wednesday-14-02-2018/Wednesday-14-02-2018_363.pcap
Wednesday-14-02-2018,capPC1-172.31.67.111.pcap,Wednesday-14-02-2018_364.pcap,01_pcap/Wednesday-14-02-2018/capPC1-172.31.67.111.pcap,01_pcap/Wednesday-14-02-2018/Wednesday-14-02-2018_364.pcap
Wednesday-14-02-2018,capPC1-172.31.67.118.pcap,Wednesday-14-02-2018_365.pcap,01_pcap/Wednesday-14-02-2018/capPC1-172.31.67.118.pcap,01_pcap/Wednesday-14-02-2018/Wednesday-14-02-2018_365.pcap
Wednesday-14-02-2018,capPC1-172.31.67.121.pcap,Wednesday-14-02-2018_366.pcap,01_pcap/Wednesday-14-02-2018/capPC1-172.31.67.121.pcap,01_pcap/Wednesday-14-02-2018/Wednesday-14-02-2018_366.pcap
Wednesday-14-02-2018,capPC1-172.31.67.123.pcap,Wednesday-14-02-2018_367.pcap,01_pcap/Wednesday-14-02-2018/capPC1-172.31.67.123.pcap,01_pcap/Wednesday-14-02-2018/Wednesday-14-02-2018_367.pcap
Wednesday-14-02-2018,capPC1-172.31.67.124.pcap,Wednesday-14-02-2018_368.pcap,01_pcap/Wednesday-14-02-2018/capPC1-172.31.67.124.pcap,01_pcap/Wednesday-14-02-2018/Wednesday-14-02-2018_368.pcap
Wednesday-14-02-2018,capWIN-J6GMIG1DQE5-172.31.64.12.pcap,Wednesday-14-02-2018_369.pcap,01_pcap/Wednesday-14-02-2018/capWIN-J6GMIG1DQE5-172.31.64.12.pcap,01_pcap/Wednesday-14-02-2018/Wednesday-14-02-2018_369.pcap
Wednesday-14-02-2018,capWIN-J6GMIG1DQE5-172.31.64.14.pcap,Wednesday-14-02-2018_370.pcap,01_pcap/Wednesday-14-02-2018/capWIN-J6GMIG1DQE5-172.31.64.14.pcap,01_pcap/Wednesday-14-02-2018/Wednesday-14-02-2018_370.pcap
Wednesday-14-02-2018,capWIN-J6GMIG1DQE5-172.31.64.20.pcap,Wednesday-14-02-2018_371.pcap,01_pcap/Wednesday-14-02-2018/capWIN-J6GMIG1DQE5-172.31.64.20.pcap,01_pcap/Wednesday-14-02-2018/Wednesday-14-02-2018_371.pcap
Wednesday-14-02-2018,capWIN-J6GMIG1DQE5-172.31.64.24.pcap,Wednesday-14-02-2018_372.pcap,01_pcap/Wednesday-14-02-2018/capWIN-J6GMIG1DQE5-172.31.64.24.pcap,01_pcap/Wednesday-14-02-2018/Wednesday-14-02-2018_372.pcap
Wednesday-14-02-2018,capWIN-J6GMIG1DQE5-172.31.64.36.pcap,Wednesday-14-02-2018_373.pcap,01_pcap/Wednesday-14-02-2018/capWIN-J6GMIG1DQE5-172.31.64.36.pcap,01_pcap/Wednesday-14-02-2018/Wednesday-14-02-2018_373.pcap
Wednesday-14-02-2018,capWIN-J6GMIG1DQE5-172.31.64.39.pcap,Wednesday-14-02-2018_374.pcap,01_pcap/Wednesday-14-02-2018/capWIN-J6GMIG1DQE5-172.31.64.39.pcap,01_pcap/Wednesday-14-02-2018/Wednesday-14-02-2018_374.pcap
Wednesday-14-02-2018,capWIN-J6GMIG1DQE5-172.31.64.47.pcap,Wednesday-14-02-2018_375.pcap,01_pcap/Wednesday-14-02-2018/capWIN-J6GMIG1DQE5-172.31.64.47.pcap,01_pcap/Wednesday-14-02-2018/Wednesday-14-02-2018_375.pcap
Wednesday-14-02-2018,capWIN-J6GMIG1DQE5-172.31.64.57.pcap,Wednesday-14-02-2018_376.pcap,01_pcap/Wednesday-14-02-2018/capWIN-J6GMIG1DQE5-172.31.64.57.pcap,01_pcap/Wednesday-14-02-2018/Wednesday-14-02-2018_376.pcap
Wednesday-14-02-2018,capWIN-J6GMIG1DQE5-172.31.64.61.pcap,Wednesday-14-02-2018_377.pcap,01_pcap/Wednesday-14-02-2018/capWIN-J6GMIG1DQE5-172.31.64.61.pcap,01_pcap/Wednesday-14-02-2018/Wednesday-14-02-2018_377.pcap
Wednesday-14-02-2018,capWIN-J6GMIG1DQE5-172.31.64.74.pcap,Wednesday-14-02-2018_378.pcap,01_pcap/Wednesday-14-02-2018/capWIN-J6GMIG1DQE5-172.31.64.74.pcap,01_pcap/Wednesday-14-02-2018/Wednesday-14-02-2018_378.pcap
Wednesday-14-02-2018,capWIN-J6GMIG1DQE5-172.31.64.78.pcap,Wednesday-14-02-2018_379.pcap,01_pcap/Wednesday-14-02-2018/capWIN-J6GMIG1DQE5-172.31.64.78.pcap,01_pcap/Wednesday-14-02-2018/Wednesday-14-02-2018_379.pcap
Wednesday-14-02-2018,capWIN-J6GMIG1DQE5-172.31.64.80.pcap,Wednesday-14-02-2018_380.pcap,01_pcap/Wednesday-14-02-2018/capWIN-J6GMIG1DQE5-172.31.64.80.pcap,01_pcap/Wednesday-14-02-2018/Wednesday-14-02-2018_380.pcap
Wednesday-14-02-2018,capWIN-J6GMIG1DQE5-172.31.64.86.pcap,Wednesday-14-02-2018_381.pcap,01_pcap/Wednesday-14-02-2018/capWIN-J6GMIG1DQE5-172.31.64.86.pcap,01_pcap/Wednesday-14-02-2018/Wednesday-14-02-2018_381.pcap
Wednesday-14-02-2018,capWIN-J6GMIG1DQE5-172.31.64.88.pcap,Wednesday-14-02-2018_382.pcap,01_pcap/Wednesday-14-02-2018/capWIN-J6GMIG1DQE5-172.31.64.88.pcap,01_pcap/Wednesday-14-02-2018/Wednesday-14-02-2018_382.pcap
Wednesday-14-02-2018,capWIN-J6GMIG1DQE5-172.31.64.89.pcap,Wednesday-14-02-2018_383.pcap,01_pcap/Wednesday-14-02-2018/capWIN-J6GMIG1DQE5-172.31.64.89.pcap,01_pcap/Wednesday-14-02-2018/Wednesday-14-02-2018_383.pcap
Wednesday-14-02-2018,capWIN-J6GMIG1DQE5-172.31.64.91.pcap,Wednesday-14-02-2018_384.pcap,01_pcap/Wednesday-14-02-2018/capWIN-J6GMIG1DQE5-172.31.64.91.pcap,01_pcap/Wednesday-14-02-2018/Wednesday-14-02-2018_384.pcap
Wednesday-14-02-2018,capWIN-J6GMIG1DQE5-172.31.64.93.pcap,Wednesday-14-02-2018_385.pcap,01_pcap/Wednesday-14-02-2018/capWIN-J6GMIG1DQE5-172.31.64.93.pcap,01_pcap/Wednesday-14-02-2018/Wednesday-14-02-2018_385.pcap
Wednesday-14-02-2018,capWIN-J6GMIG1DQE5-172.31.64.98.pcap,Wednesday-14-02-2018_386.pcap,01_pcap/Wednesday-14-02-2018/capWIN-J6GMIG1DQE5-172.31.64.98.pcap,01_pcap/Wednesday-14-02-2018/Wednesday-14-02-2018_386.pcap
Wednesday-14-02-2018,capWIN-J6GMIG1DQE5-172.31.64.112.pcap,Wednesday-14-02-2018_387.pcap,01_pcap/Wednesday-14-02-2018/capWIN-J6GMIG1DQE5-172.31.64.112.pcap,01_pcap/Wednesday-14-02-2018/Wednesday-14-02-2018_387.pcap
Wednesday-14-02-2018,capWIN-J6GMIG1DQE5-172.31.64.117.pcap,Wednesday-14-02-2018_388.pcap,01_pcap/Wednesday-14-02-2018/capWIN-J6GMIG1DQE5-172.31.64.117.pcap,01_pcap/Wednesday-14-02-2018/Wednesday-14-02-2018_388.pcap
Wednesday-14-02-2018,capWIN-J6GMIG1DQE5-172.31.64.120.pcap,Wednesday-14-02-2018_389.pcap,01_pcap/Wednesday-14-02-2018/capWIN-J6GMIG1DQE5-172.31.64.120.pcap,01_pcap/Wednesday-14-02-2018/Wednesday-14-02-2018_389.pcap
Wednesday-14-02-2018,capWIN-J6GMIG1DQE5-172.31.65.9.pcap,Wednesday-14-02-2018_390.pcap,01_pcap/Wednesday-14-02-2018/capWIN-J6GMIG1DQE5-172.31.65.9.pcap,01_pcap/Wednesday-14-02-2018/Wednesday-14-02-2018_390.pcap
Wednesday-14-02-2018,capWIN-J6GMIG1DQE5-172.31.65.11.pcap,Wednesday-14-02-2018_391.pcap,01_pcap/Wednesday-14-02-2018/capWIN-J6GMIG1DQE5-172.31.65.11.pcap,01_pcap/Wednesday-14-02-2018/Wednesday-14-02-2018_391.pcap
Wednesday-14-02-2018,capWIN-J6GMIG1DQE5-172.31.65.17.pcap,Wednesday-14-02-2018_392.pcap,01_pcap/Wednesday-14-02-2018/capWIN-J6GMIG1DQE5-172.31.65.17.pcap,01_pcap/Wednesday-14-02-2018/Wednesday-14-02-2018_392.pcap
Wednesday-14-02-2018,capWIN-J6GMIG1DQE5-172.31.65.19.pcap,Wednesday-14-02-2018_393.pcap,01_pcap/Wednesday-14-02-2018/capWIN-J6GMIG1DQE5-172.31.65.19.pcap,01_pcap/Wednesday-14-02-2018/Wednesday-14-02-2018_393.pcap
Wednesday-14-02-2018,capWIN-J6GMIG1DQE5-172.31.65.21.pcap,Wednesday-14-02-2018_394.pcap,01_pcap/Wednesday-14-02-2018/capWIN-J6GMIG1DQE5-172.31.65.21.pcap,01_pcap/Wednesday-14-02-2018/Wednesday-14-02-2018_394.pcap
Wednesday-14-02-2018,capWIN-J6GMIG1DQE5-172.31.65.23.pcap,Wednesday-14-02-2018_395.pcap,01_pcap/Wednesday-14-02-2018/capWIN-J6GMIG1DQE5-172.31.65.23.pcap,01_pcap/Wednesday-14-02-2018/Wednesday-14-02-2018_395.pcap
Wednesday-14-02-2018,capWIN-J6GMIG1DQE5-172.31.65.24.pcap,Wednesday-14-02-2018_396.pcap,01_pcap/Wednesday-14-02-2018/capWIN-J6GMIG1DQE5-172.31.65.24.pcap,01_pcap/Wednesday-14-02-2018/Wednesday-14-02-2018_396.pcap
Wednesday-14-02-2018,capWIN-J6GMIG1DQE5-172.31.65.35.pcap,Wednesday-14-02-2018_397.pcap,01_pcap/Wednesday-14-02-2018/capWIN-J6GMIG1DQE5-172.31.65.35.pcap,01_pcap/Wednesday-14-02-2018/Wednesday-14-02-2018_397.pcap
Wednesday-14-02-2018,capWIN-J6GMIG1DQE5-172.31.65.38.pcap,Wednesday-14-02-2018_398.pcap,01_pcap/Wednesday-14-02-2018/capWIN-J6GMIG1DQE5-172.31.65.38.pcap,01_pcap/Wednesday-14-02-2018/Wednesday-14-02-2018_398.pcap
Wednesday-14-02-2018,capWIN-J6GMIG1DQE5-172.31.65.42.pcap,Wednesday-14-02-2018_399.pcap,01_pcap/Wednesday-14-02-2018/capWIN-J6GMIG1DQE5-172.31.65.42.pcap,01_pcap/Wednesday-14-02-2018/Wednesday-14-02-2018_399.pcap
Wednesday-14-02-2018,capWIN-J6GMIG1DQE5-172.31.65.46.pcap,Wednesday-14-02-2018_400.pcap,01_pcap/Wednesday-14-02-2018/capWIN-J6GMIG1DQE5-172.31.65.46.pcap,01_pcap/Wednesday-14-02-2018/Wednesday-14-02-2018_400.pcap
Wednesday-14-02-2018,capWIN-J6GMIG1DQE5-172.31.65.47.pcap,Wednesday-14-02-2018_401.pcap,01_pcap/Wednesday-14-02-2018/capWIN-J6GMIG1DQE5-172.31.65.47.pcap,01_pcap/Wednesday-14-02-2018/Wednesday-14-02-2018_401.pcap
Wednesday-14-02-2018,capWIN-J6GMIG1DQE5-172.31.65.48.pcap,Wednesday-14-02-2018_402.pcap,01_pcap/Wednesday-14-02-2018/capWIN-J6GMIG1DQE5-172.31.65.48.pcap,01_pcap/Wednesday-14-02-2018/Wednesday-14-02-2018_402.pcap
Wednesday-14-02-2018,capWIN-J6GMIG1DQE5-172.31.65.51.pcap,Wednesday-14-02-2018_403.pcap,01_pcap/Wednesday-14-02-2018/capWIN-J6GMIG1DQE5-172.31.65.51.pcap,01_pcap/Wednesday-14-02-2018/Wednesday-14-02-2018_403.pcap
Wednesday-14-02-2018,capWIN-J6GMIG1DQE5-172.31.65.52.pcap,Wednesday-14-02-2018_404.pcap,01_pcap/Wednesday-14-02-2018/capWIN-J6GMIG1DQE5-172.31.65.52.pcap,01_pcap/Wednesday-14-02-2018/Wednesday-14-02-2018_404.pcap
Wednesday-14-02-2018,capWIN-J6GMIG1DQE5-172.31.65.55.pcap,Wednesday-14-02-2018_405.pcap,01_pcap/Wednesday-14-02-2018/capWIN-J6GMIG1DQE5-172.31.65.55.pcap,01_pcap/Wednesday-14-02-2018/Wednesday-14-02-2018_405.pcap
Wednesday-14-02-2018,capWIN-J6GMIG1DQE5-172.31.65.57.pcap,Wednesday-14-02-2018_406.pcap,01_pcap/Wednesday-14-02-2018/capWIN-J6GMIG1DQE5-172.31.65.57.pcap,01_pcap/Wednesday-14-02-2018/Wednesday-14-02-2018_406.pcap
Wednesday-14-02-2018,capWIN-J6GMIG1DQE5-172.31.65.58.pcap,Wednesday-14-02-2018_407.pcap,01_pcap/Wednesday-14-02-2018/capWIN-J6GMIG1DQE5-172.31.65.58.pcap,01_pcap/Wednesday-14-02-2018/Wednesday-14-02-2018_407.pcap
Wednesday-14-02-2018,capWIN-J6GMIG1DQE5-172.31.65.69.pcap,Wednesday-14-02-2018_408.pcap,01_pcap/Wednesday-14-02-2018/capWIN-J6GMIG1DQE5-172.31.65.69.pcap,01_pcap/Wednesday-14-02-2018/Wednesday-14-02-2018_408.pcap
Wednesday-14-02-2018,capWIN-J6GMIG1DQE5-172.31.65.70.pcap,Wednesday-14-02-2018_409.pcap,01_pcap/Wednesday-14-02-2018/capWIN-J6GMIG1DQE5-172.31.65.70.pcap,01_pcap/Wednesday-14-02-2018/Wednesday-14-02-2018_409.pcap
Wednesday-14-02-2018,capWIN-J6GMIG1DQE5-172.31.65.73.pcap,Wednesday-14-02-2018_410.pcap,01_pcap/Wednesday-14-02-2018/capWIN-J6GMIG1DQE5-172.31.65.73.pcap,01_pcap/Wednesday-14-02-2018/Wednesday-14-02-2018_410.pcap
Wednesday-14-02-2018,capWIN-J6GMIG1DQE5-172.31.65.78.pcap,Wednesday-14-02-2018_411.pcap,01_pcap/Wednesday-14-02-2018/capWIN-J6GMIG1DQE5-172.31.65.78.pcap,01_pcap/Wednesday-14-02-2018/Wednesday-14-02-2018_411.pcap
Wednesday-14-02-2018,capWIN-J6GMIG1DQE5-172.31.65.87.pcap,Wednesday-14-02-2018_412.pcap,01_pcap/Wednesday-14-02-2018/capWIN-J6GMIG1DQE5-172.31.65.87.pcap,01_pcap/Wednesday-14-02-2018/Wednesday-14-02-2018_412.pcap
Wednesday-14-02-2018,capWIN-J6GMIG1DQE5-172.31.65.89.pcap,Wednesday-14-02-2018_413.pcap,01_pcap/Wednesday-14-02-2018/capWIN-J6GMIG1DQE5-172.31.65.89.pcap,01_pcap/Wednesday-14-02-2018/Wednesday-14-02-2018_413.pcap
Wednesday-14-02-2018,capWIN-J6GMIG1DQE5-172.31.65.90.pcap,Wednesday-14-02-2018_414.pcap,01_pcap/Wednesday-14-02-2018/capWIN-J6GMIG1DQE5-172.31.65.90.pcap,01_pcap/Wednesday-14-02-2018/Wednesday-14-02-2018_414.pcap
Wednesday-14-02-2018,capWIN-J6GMIG1DQE5-172.31.65.99.pcap,Wednesday-14-02-2018_415.pcap,01_pcap/Wednesday-14-02-2018/capWIN-J6GMIG1DQE5-172.31.65.99.pcap,01_pcap/Wednesday-14-02-2018/Wednesday-14-02-2018_415.pcap
Wednesday-14-02-2018,capWIN-J6GMIG1DQE5-172.31.65.103.pcap,Wednesday-14-02-2018_416.pcap,01_pcap/Wednesday-14-02-2018/capWIN-J6GMIG1DQE5-172.31.65.103.pcap,01_pcap/Wednesday-14-02-2018/Wednesday-14-02-2018_416.pcap
Wednesday-14-02-2018,capWIN-J6GMIG1DQE5-172.31.65.104.pcap,Wednesday-14-02-2018_417.pcap,01_pcap/Wednesday-14-02-2018/capWIN-J6GMIG1DQE5-172.31.65.104.pcap,01_pcap/Wednesday-14-02-2018/Wednesday-14-02-2018_417.pcap
Wednesday-14-02-2018,capWIN-J6GMIG1DQE5-172.31.65.105.pcap,Wednesday-14-02-2018_418.pcap,01_pcap/Wednesday-14-02-2018/capWIN-J6GMIG1DQE5-172.31.65.105.pcap,01_pcap/Wednesday-14-02-2018/Wednesday-14-02-2018_418.pcap
Wednesday-14-02-2018,capWIN-J6GMIG1DQE5-172.31.65.108.pcap,Wednesday-14-02-2018_419.pcap,01_pcap/Wednesday-14-02-2018/capWIN-J6GMIG1DQE5-172.31.65.108.pcap,01_pcap/Wednesday-14-02-2018/Wednesday-14-02-2018_419.pcap
Wednesday-14-02-2018,capWIN-J6GMIG1DQE5-172.31.65.114.pcap,Wednesday-14-02-2018_420.pcap,01_pcap/Wednesday-14-02-2018/capWIN-J6GMIG1DQE5-172.31.65.114.pcap,01_pcap/Wednesday-14-02-2018/Wednesday-14-02-2018_420.pcap
Wednesday-14-02-2018,capWIN-J6GMIG1DQE5-172.31.65.115.pcap,Wednesday-14-02-2018_421.pcap,01_pcap/Wednesday-14-02-2018/capWIN-J6GMIG1DQE5-172.31.65.115.pcap,01_pcap/Wednesday-14-02-2018/Wednesday-14-02-2018_421.pcap
Wednesday-14-02-2018,capWIN-J6GMIG1DQE5-172.31.65.116.pcap,Wednesday-14-02-2018_422.pcap,01_pcap/Wednesday-14-02-2018/capWIN-J6GMIG1DQE5-172.31.65.116.pcap,01_pcap/Wednesday-14-02-2018/Wednesday-14-02-2018_422.pcap
Wednesday-14-02-2018,capWIN-J6GMIG1DQE5-172.31.65.125.pcap,Wednesday-14-02-2018_423.pcap,01_pcap/Wednesday-14-02-2018/capWIN-J6GMIG1DQE5-172.31.65.125.pcap,01_pcap/Wednesday-14-02-2018/Wednesday-14-02-2018_423.pcap
Wednesday-14-02-2018,capWIN-J6GMIG1DQE5-172.31.67.4.pcap,Wednesday-14-02-2018_424.pcap,01_pcap/Wednesday-14-02-2018/capWIN-J6GMIG1DQE5-172.31.67.4.pcap,01_pcap/Wednesday-14-02-2018/Wednesday-14-02-2018_424.pcap
Wednesday-14-02-2018,capWIN-J6GMIG1DQE5-172.31.67.8.pcap,Wednesday-14-02-2018_425.pcap,01_pcap/Wednesday-14-02-2018/capWIN-J6GMIG1DQE5-172.31.67.8.pcap,01_pcap/Wednesday-14-02-2018/Wednesday-14-02-2018_425.pcap
Wednesday-14-02-2018,capWIN-J6GMIG1DQE5-172.31.67.19.pcap,Wednesday-14-02-2018_426.pcap,01_pcap/Wednesday-14-02-2018/capWIN-J6GMIG1DQE5-172.31.67.19.pcap,01_pcap/Wednesday-14-02-2018/Wednesday-14-02-2018_426.pcap
Wednesday-14-02-2018,capWIN-J6GMIG1DQE5-172.31.67.22.pcap,Wednesday-14-02-2018_427.pcap,01_pcap/Wednesday-14-02-2018/capWIN-J6GMIG1DQE5-172.31.67.22.pcap,01_pcap/Wednesday-14-02-2018/Wednesday-14-02-2018_427.pcap
Wednesday-14-02-2018,capWIN-J6GMIG1DQE5-172.31.67.26.pcap,Wednesday-14-02-2018_428.pcap,01_pcap/Wednesday-14-02-2018/capWIN-J6GMIG1DQE5-172.31.67.26.pcap,01_pcap/Wednesday-14-02-2018/Wednesday-14-02-2018_428.pcap
Wednesday-14-02-2018,capWIN-J6GMIG1DQE5-172.31.67.30.pcap,Wednesday-14-02-2018_429.pcap,01_pcap/Wednesday-14-02-2018/capWIN-J6GMIG1DQE5-172.31.67.30.pcap,01_pcap/Wednesday-14-02-2018/Wednesday-14-02-2018_429.pcap
Wednesday-14-02-2018,capWIN-J6GMIG1DQE5-172.31.67.34.pcap,Wednesday-14-02-2018_430.pcap,01_pcap/Wednesday-14-02-2018/capWIN-J6GMIG1DQE5-172.31.67.34.pcap,01_pcap/Wednesday-14-02-2018/Wednesday-14-02-2018_430.pcap
Wednesday-14-02-2018,capWIN-J6GMIG1DQE5-172.31.67.40.pcap,Wednesday-14-02-2018_431.pcap,01_pcap/Wednesday-14-02-2018/capWIN-J6GMIG1DQE5-172.31.67.40.pcap,01_pcap/Wednesday-14-02-2018/Wednesday-14-02-2018_431.pcap
Wednesday-14-02-2018,capWIN-J6GMIG1DQE5-172.31.67.62.pcap,Wednesday-14-02-2018_432.pcap,01_pcap/Wednesday-14-02-2018/capWIN-J6GMIG1DQE5-172.31.67.62.pcap,01_pcap/Wednesday-14-02-2018/Wednesday-14-02-2018_432.pcap
Wednesday-14-02-2018,capWIN-J6GMIG1DQE5-172.31.67.70.pcap,Wednesday-14-02-2018_433.pcap,01_pcap/Wednesday-14-02-2018/capWIN-J6GMIG1DQE5-172.31.67.70.pcap,01_pcap/Wednesday-14-02-2018/Wednesday-14-02-2018_433.pcap
Wednesday-14-02-2018,capWIN-J6GMIG1DQE5-172.31.67.71.pcap,Wednesday-14-02-2018_434.pcap,01_pcap/Wednesday-14-02-2018/capWIN-J6GMIG1DQE5-172.31.67.71.pcap,01_pcap/Wednesday-14-02-2018/Wednesday-14-02-2018_434.pcap
Wednesday-14-02-2018,capWIN-J6GMIG1DQE5-172.31.67.72.pcap,Wednesday-14-02-2018_435.pcap,01_pcap/Wednesday-14-02-2018/capWIN-J6GMIG1DQE5-172.31.67.72.pcap,01_pcap/Wednesday-14-02-2018/Wednesday-14-02-2018_435.pcap
Wednesday-14-02-2018,capWIN-J6GMIG1DQE5-172.31.67.83.pcap,Wednesday-14-02-2018_436.pcap,01_pcap/Wednesday-14-02-2018/capWIN-J6GMIG1DQE5-172.31.67.83.pcap,01_pcap/Wednesday-14-02-2018/Wednesday-14-02-2018_436.pcap
Wednesday-14-02-2018,capWIN-J6GMIG1DQE5-172.31.67.89.pcap,Wednesday-14-02-2018_437.pcap,01_pcap/Wednesday-14-02-2018/capWIN-J6GMIG1DQE5-172.31.67.89.pcap,01_pcap/Wednesday-14-02-2018/Wednesday-14-02-2018_437.pcap
Wednesday-14-02-2018,capWIN-J6GMIG1DQE5-172.31.67.93.pcap,Wednesday-14-02-2018_438.pcap,01_pcap/Wednesday-14-02-2018/capWIN-J6GMIG1DQE5-172.31.67.93.pcap,01_pcap/Wednesday-14-02-2018/Wednesday-14-02-2018_438.pcap
Wednesday-14-02-2018,capWIN-J6GMIG1DQE5-172.31.67.95.pcap,Wednesday-14-02-2018_439.pcap,01_pcap/Wednesday-14-02-2018/capWIN-J6GMIG1DQE5-172.31.67.95.pcap,01_pcap/Wednesday-14-02-2018/Wednesday-14-02-2018_439.pcap
Wednesday-14-02-2018,capWIN-J6GMIG1DQE5-172.31.67.98.pcap,Wednesday-14-02-2018_440.pcap,01_pcap/Wednesday-14-02-2018/capWIN-J6GMIG1DQE5-172.31.67.98.pcap,01_pcap/Wednesday-14-02-2018/Wednesday-14-02-2018_440.pcap
Wednesday-14-02-2018,capWIN-J6GMIG1DQE5-172.31.67.105.pcap,Wednesday-14-02-2018_441.pcap,01_pcap/Wednesday-14-02-2018/capWIN-J6GMIG1DQE5-172.31.67.105.pcap,01_pcap/Wednesday-14-02-2018/Wednesday-14-02-2018_441.pcap
Wednesday-14-02-2018,capWIN-J6GMIG1DQE5-172.31.67.109.pcap,Wednesday-14-02-2018_442.pcap,01_pcap/Wednesday-14-02-2018/capWIN-J6GMIG1DQE5-172.31.67.109.pcap,01_pcap/Wednesday-14-02-2018/Wednesday-14-02-2018_442.pcap
Wednesday-14-02-2018,capWIN-J6GMIG1DQE5-172.31.67.114.pcap,Wednesday-14-02-2018_443.pcap,01_pcap/Wednesday-14-02-2018/capWIN-J6GMIG1DQE5-172.31.67.114.pcap,01_pcap/Wednesday-14-02-2018/Wednesday-14-02-2018_443.pcap
Wednesday-14-02-2018,UCAP172.31.69.7.pcap,Wednesday-14-02-2018_444.pcap,01_pcap/Wednesday-14-02-2018/UCAP172.31.69.7.pcap,01_pcap/Wednesday-14-02-2018/Wednesday-14-02-2018_444.pcap
Wednesday-14-02-2018,UCAP172.31.69.18.pcap,Wednesday-14-02-2018_445.pcap,01_pcap/Wednesday-14-02-2018/UCAP172.31.69.18.pcap,01_pcap/Wednesday-14-02-2018/Wednesday-14-02-2018_445.pcap
Wednesday-14-02-2018,UCAP172.31.69.21.pcap,Wednesday-14-02-2018_446.pcap,01_pcap/Wednesday-14-02-2018/UCAP172.31.69.21.pcap,01_pcap/Wednesday-14-02-2018/Wednesday-14-02-2018_446.pcap
Wednesday-14-02-2018,UCAP172.31.69.22.pcap,Wednesday-14-02-2018_447.pcap,01_pcap/Wednesday-14-02-2018/UCAP172.31.69.22.pcap,01_pcap/Wednesday-14-02-2018/Wednesday-14-02-2018_447.pcap
Wednesday-14-02-2018,UCAP172.31.69.25.pcap,Wednesday-14-02-2018_448.pcap,01_pcap/Wednesday-14-02-2018/UCAP172.31.69.25.pcap,01_pcap/Wednesday-14-02-2018/Wednesday-14-02-2018_448.pcap
Wednesday-14-02-2018,UCAP172.31.69.27.pcap,Wednesday-14-02-2018_449.pcap,01_pcap/Wednesday-14-02-2018/UCAP172.31.69.27.pcap,01_pcap/Wednesday-14-02-2018/Wednesday-14-02-2018_449.pcap
Wednesday-21-02-2018,capDESKTOP-AN3U28N-172.31.64.17.pcap,Wednesday-21-02-2018_1.pcap,01_pcap/Wednesday-21-02-2018/capDESKTOP-AN3U28N-172.31.64.17.pcap,01_pcap/Wednesday-21-02-2018/Wednesday-21-02-2018_1.pcap
Wednesday-21-02-2018,capDESKTOP-AN3U28N-172.31.64.26.pcap,Wednesday-21-02-2018_2.pcap,01_pcap/Wednesday-21-02-2018/capDESKTOP-AN3U28N-172.31.64.26.pcap,01_pcap/Wednesday-21-02-2018/Wednesday-21-02-2018_2.pcap
Wednesday-21-02-2018,capDESKTOP-AN3U28N-172.31.64.35.pcap,Wednesday-21-02-2018_3.pcap,01_pcap/Wednesday-21-02-2018/capDESKTOP-AN3U28N-172.31.64.35.pcap,01_pcap/Wednesday-21-02-2018/Wednesday-21-02-2018_3.pcap
Wednesday-21-02-2018,capDESKTOP-AN3U28N-172.31.64.38.pcap,Wednesday-21-02-2018_4.pcap,01_pcap/Wednesday-21-02-2018/capDESKTOP-AN3U28N-172.31.64.38.pcap,01_pcap/Wednesday-21-02-2018/Wednesday-21-02-2018_4.pcap
Wednesday-21-02-2018,capDESKTOP-AN3U28N-172.31.64.46.pcap,Wednesday-21-02-2018_5.pcap,01_pcap/Wednesday-21-02-2018/capDESKTOP-AN3U28N-172.31.64.46.pcap,01_pcap/Wednesday-21-02-2018/Wednesday-21-02-2018_5.pcap
Wednesday-21-02-2018,capDESKTOP-AN3U28N-172.31.64.54.pcap,Wednesday-21-02-2018_6.pcap,01_pcap/Wednesday-21-02-2018/capDESKTOP-AN3U28N-172.31.64.54.pcap,01_pcap/Wednesday-21-02-2018/Wednesday-21-02-2018_6.pcap
Wednesday-21-02-2018,capDESKTOP-AN3U28N-172.31.64.63.pcap,Wednesday-21-02-2018_7.pcap,01_pcap/Wednesday-21-02-2018/capDESKTOP-AN3U28N-172.31.64.63.pcap,01_pcap/Wednesday-21-02-2018/Wednesday-21-02-2018_7.pcap
Wednesday-21-02-2018,capDESKTOP-AN3U28N-172.31.64.65.pcap,Wednesday-21-02-2018_8.pcap,01_pcap/Wednesday-21-02-2018/capDESKTOP-AN3U28N-172.31.64.65.pcap,01_pcap/Wednesday-21-02-2018/Wednesday-21-02-2018_8.pcap
Wednesday-21-02-2018,capDESKTOP-AN3U28N-172.31.64.67.pcap,Wednesday-21-02-2018_9.pcap,01_pcap/Wednesday-21-02-2018/capDESKTOP-AN3U28N-172.31.64.67.pcap,01_pcap/Wednesday-21-02-2018/Wednesday-21-02-2018_9.pcap
Wednesday-21-02-2018,capDESKTOP-AN3U28N-172.31.64.71.pcap,Wednesday-21-02-2018_10.pcap,01_pcap/Wednesday-21-02-2018/capDESKTOP-AN3U28N-172.31.64.71.pcap,01_pcap/Wednesday-21-02-2018/Wednesday-21-02-2018_10.pcap
Wednesday-21-02-2018,capDESKTOP-AN3U28N-172.31.64.75.pcap,Wednesday-21-02-2018_11.pcap,01_pcap/Wednesday-21-02-2018/capDESKTOP-AN3U28N-172.31.64.75.pcap,01_pcap/Wednesday-21-02-2018/Wednesday-21-02-2018_11.pcap
Wednesday-21-02-2018,capDESKTOP-AN3U28N-172.31.64.76.pcap,Wednesday-21-02-2018_12.pcap,01_pcap/Wednesday-21-02-2018/capDESKTOP-AN3U28N-172.31.64.76.pcap,01_pcap/Wednesday-21-02-2018/Wednesday-21-02-2018_12.pcap
Wednesday-21-02-2018,capDESKTOP-AN3U28N-172.31.64.84.pcap,Wednesday-21-02-2018_13.pcap,01_pcap/Wednesday-21-02-2018/capDESKTOP-AN3U28N-172.31.64.84.pcap,01_pcap/Wednesday-21-02-2018/Wednesday-21-02-2018_13.pcap
Wednesday-21-02-2018,capDESKTOP-AN3U28N-172.31.64.99.pcap,Wednesday-21-02-2018_14.pcap,01_pcap/Wednesday-21-02-2018/capDESKTOP-AN3U28N-172.31.64.99.pcap,01_pcap/Wednesday-21-02-2018/Wednesday-21-02-2018_14.pcap
Wednesday-21-02-2018,capDESKTOP-AN3U28N-172.31.64.111.pcap,Wednesday-21-02-2018_15.pcap,01_pcap/Wednesday-21-02-2018/capDESKTOP-AN3U28N-172.31.64.111.pcap,01_pcap/Wednesday-21-02-2018/Wednesday-21-02-2018_15.pcap
Wednesday-21-02-2018,capDESKTOP-AN3U28N-172.31.64.115.pcap,Wednesday-21-02-2018_16.pcap,01_pcap/Wednesday-21-02-2018/capDESKTOP-AN3U28N-172.31.64.115.pcap,01_pcap/Wednesday-21-02-2018/Wednesday-21-02-2018_16.pcap
Wednesday-21-02-2018,capDESKTOP-AN3U28N-172.31.64.118.pcap,Wednesday-21-02-2018_17.pcap,01_pcap/Wednesday-21-02-2018/capDESKTOP-AN3U28N-172.31.64.118.pcap,01_pcap/Wednesday-21-02-2018/Wednesday-21-02-2018_17.pcap
Wednesday-21-02-2018,capDESKTOP-AN3U28N-172.31.64.122.pcap,Wednesday-21-02-2018_18.pcap,01_pcap/Wednesday-21-02-2018/capDESKTOP-AN3U28N-172.31.64.122.pcap,01_pcap/Wednesday-21-02-2018/Wednesday-21-02-2018_18.pcap
Wednesday-21-02-2018,capDESKTOP-AN3U28N-172.31.64.125.pcap,Wednesday-21-02-2018_19.pcap,01_pcap/Wednesday-21-02-2018/capDESKTOP-AN3U28N-172.31.64.125.pcap,01_pcap/Wednesday-21-02-2018/Wednesday-21-02-2018_19.pcap
Wednesday-21-02-2018,capDESKTOP-AN3U28N-172.31.64.126.pcap,Wednesday-21-02-2018_20.pcap,01_pcap/Wednesday-21-02-2018/capDESKTOP-AN3U28N-172.31.64.126.pcap,01_pcap/Wednesday-21-02-2018/Wednesday-21-02-2018_20.pcap
Wednesday-21-02-2018,capDESKTOP-AN3U28N-172.31.65.10.pcap,Wednesday-21-02-2018_21.pcap,01_pcap/Wednesday-21-02-2018/capDESKTOP-AN3U28N-172.31.65.10.pcap,01_pcap/Wednesday-21-02-2018/Wednesday-21-02-2018_21.pcap
Wednesday-21-02-2018,capDESKTOP-AN3U28N-172.31.65.14.pcap,Wednesday-21-02-2018_22.pcap,01_pcap/Wednesday-21-02-2018/capDESKTOP-AN3U28N-172.31.65.14.pcap,01_pcap/Wednesday-21-02-2018/Wednesday-21-02-2018_22.pcap
Wednesday-21-02-2018,capDESKTOP-AN3U28N-172.31.65.28.pcap,Wednesday-21-02-2018_23.pcap,01_pcap/Wednesday-21-02-2018/capDESKTOP-AN3U28N-172.31.65.28.pcap,01_pcap/Wednesday-21-02-2018/Wednesday-21-02-2018_23.pcap
Wednesday-21-02-2018,capDESKTOP-AN3U28N-172.31.65.29.pcap,Wednesday-21-02-2018_24.pcap,01_pcap/Wednesday-21-02-2018/capDESKTOP-AN3U28N-172.31.65.29.pcap,01_pcap/Wednesday-21-02-2018/Wednesday-21-02-2018_24.pcap
Wednesday-21-02-2018,capDESKTOP-AN3U28N-172.31.65.34.pcap,Wednesday-21-02-2018_25.pcap,01_pcap/Wednesday-21-02-2018/capDESKTOP-AN3U28N-172.31.65.34.pcap,01_pcap/Wednesday-21-02-2018/Wednesday-21-02-2018_25.pcap
Wednesday-21-02-2018,capDESKTOP-AN3U28N-172.31.65.40.pcap,Wednesday-21-02-2018_26.pcap,01_pcap/Wednesday-21-02-2018/capDESKTOP-AN3U28N-172.31.65.40.pcap,01_pcap/Wednesday-21-02-2018/Wednesday-21-02-2018_26.pcap
Wednesday-21-02-2018,capDESKTOP-AN3U28N-172.31.65.50.pcap,Wednesday-21-02-2018_27.pcap,01_pcap/Wednesday-21-02-2018/capDESKTOP-AN3U28N-172.31.65.50.pcap,01_pcap/Wednesday-21-02-2018/Wednesday-21-02-2018_27.pcap
Wednesday-21-02-2018,capDESKTOP-AN3U28N-172.31.65.56.pcap,Wednesday-21-02-2018_28.pcap,01_pcap/Wednesday-21-02-2018/capDESKTOP-AN3U28N-172.31.65.56.pcap,01_pcap/Wednesday-21-02-2018/Wednesday-21-02-2018_28.pcap
Wednesday-21-02-2018,capDESKTOP-AN3U28N-172.31.65.66.pcap,Wednesday-21-02-2018_29.pcap,01_pcap/Wednesday-21-02-2018/capDESKTOP-AN3U28N-172.31.65.66.pcap,01_pcap/Wednesday-21-02-2018/Wednesday-21-02-2018_29.pcap
Wednesday-21-02-2018,capDESKTOP-AN3U28N-172.31.65.76.pcap,Wednesday-21-02-2018_30.pcap,01_pcap/Wednesday-21-02-2018/capDESKTOP-AN3U28N-172.31.65.76.pcap,01_pcap/Wednesday-21-02-2018/Wednesday-21-02-2018_30.pcap
Wednesday-21-02-2018,capDESKTOP-AN3U28N-172.31.65.81.pcap,Wednesday-21-02-2018_31.pcap,01_pcap/Wednesday-21-02-2018/capDESKTOP-AN3U28N-172.31.65.81.pcap,01_pcap/Wednesday-21-02-2018/Wednesday-21-02-2018_31.pcap
Wednesday-21-02-2018,capDESKTOP-AN3U28N-172.31.65.86.pcap,Wednesday-21-02-2018_32.pcap,01_pcap/Wednesday-21-02-2018/capDESKTOP-AN3U28N-172.31.65.86.pcap,01_pcap/Wednesday-21-02-2018/Wednesday-21-02-2018_32.pcap
Wednesday-21-02-2018,capDESKTOP-AN3U28N-172.31.65.88.pcap,Wednesday-21-02-2018_33.pcap,01_pcap/Wednesday-21-02-2018/capDESKTOP-AN3U28N-172.31.65.88.pcap,01_pcap/Wednesday-21-02-2018/Wednesday-21-02-2018_33.pcap
Wednesday-21-02-2018,capDESKTOP-AN3U28N-172.31.65.113.pcap,Wednesday-21-02-2018_34.pcap,01_pcap/Wednesday-21-02-2018/capDESKTOP-AN3U28N-172.31.65.113.pcap,01_pcap/Wednesday-21-02-2018/Wednesday-21-02-2018_34.pcap
Wednesday-21-02-2018,capDESKTOP-AN3U28N-172.31.65.123.pcap,Wednesday-21-02-2018_35.pcap,01_pcap/Wednesday-21-02-2018/capDESKTOP-AN3U28N-172.31.65.123.pcap,01_pcap/Wednesday-21-02-2018/Wednesday-21-02-2018_35.pcap
Wednesday-21-02-2018,capDESKTOP-AN3U28N-172.31.65.124.pcap,Wednesday-21-02-2018_36.pcap,01_pcap/Wednesday-21-02-2018/capDESKTOP-AN3U28N-172.31.65.124.pcap,01_pcap/Wednesday-21-02-2018/Wednesday-21-02-2018_36.pcap
Wednesday-21-02-2018,capDESKTOP-AN3U28N-172.31.65.126.pcap,Wednesday-21-02-2018_37.pcap,01_pcap/Wednesday-21-02-2018/capDESKTOP-AN3U28N-172.31.65.126.pcap,01_pcap/Wednesday-21-02-2018/Wednesday-21-02-2018_37.pcap
Wednesday-21-02-2018,capDESKTOP-AN3U28N-172.31.66.22.pcap,Wednesday-21-02-2018_38.pcap,01_pcap/Wednesday-21-02-2018/capDESKTOP-AN3U28N-172.31.66.22.pcap,01_pcap/Wednesday-21-02-2018/Wednesday-21-02-2018_38.pcap
Wednesday-21-02-2018,capDESKTOP-AN3U28N-172.31.66.41.pcap,Wednesday-21-02-2018_39.pcap,01_pcap/Wednesday-21-02-2018/capDESKTOP-AN3U28N-172.31.66.41.pcap,01_pcap/Wednesday-21-02-2018/Wednesday-21-02-2018_39.pcap
Wednesday-21-02-2018,capDESKTOP-AN3U28N-172.31.66.42.pcap,Wednesday-21-02-2018_40.pcap,01_pcap/Wednesday-21-02-2018/capDESKTOP-AN3U28N-172.31.66.42.pcap,01_pcap/Wednesday-21-02-2018/Wednesday-21-02-2018_40.pcap
Wednesday-21-02-2018,capDESKTOP-AN3U28N-172.31.66.43.pcap,Wednesday-21-02-2018_41.pcap,01_pcap/Wednesday-21-02-2018/capDESKTOP-AN3U28N-172.31.66.43.pcap,01_pcap/Wednesday-21-02-2018/Wednesday-21-02-2018_41.pcap
Wednesday-21-02-2018,capDESKTOP-AN3U28N-172.31.66.49.pcap,Wednesday-21-02-2018_42.pcap,01_pcap/Wednesday-21-02-2018/capDESKTOP-AN3U28N-172.31.66.49.pcap,01_pcap/Wednesday-21-02-2018/Wednesday-21-02-2018_42.pcap
Wednesday-21-02-2018,capDESKTOP-AN3U28N-172.31.66.54.pcap,Wednesday-21-02-2018_43.pcap,01_pcap/Wednesday-21-02-2018/capDESKTOP-AN3U28N-172.31.66.54.pcap,01_pcap/Wednesday-21-02-2018/Wednesday-21-02-2018_43.pcap
Wednesday-21-02-2018,capDESKTOP-AN3U28N-172.31.66.62.pcap,Wednesday-21-02-2018_44.pcap,01_pcap/Wednesday-21-02-2018/capDESKTOP-AN3U28N-172.31.66.62.pcap,01_pcap/Wednesday-21-02-2018/Wednesday-21-02-2018_44.pcap
Wednesday-21-02-2018,capDESKTOP-AN3U28N-172.31.66.63.pcap,Wednesday-21-02-2018_45.pcap,01_pcap/Wednesday-21-02-2018/capDESKTOP-AN3U28N-172.31.66.63.pcap,01_pcap/Wednesday-21-02-2018/Wednesday-21-02-2018_45.pcap
Wednesday-21-02-2018,capDESKTOP-AN3U28N-172.31.66.72.pcap,Wednesday-21-02-2018_46.pcap,01_pcap/Wednesday-21-02-2018/capDESKTOP-AN3U28N-172.31.66.72.pcap,01_pcap/Wednesday-21-02-2018/Wednesday-21-02-2018_46.pcap
Wednesday-21-02-2018,capDESKTOP-AN3U28N-172.31.66.76.pcap,Wednesday-21-02-2018_47.pcap,01_pcap/Wednesday-21-02-2018/capDESKTOP-AN3U28N-172.31.66.76.pcap,01_pcap/Wednesday-21-02-2018/Wednesday-21-02-2018_47.pcap
Wednesday-21-02-2018,capDESKTOP-AN3U28N-172.31.66.82.pcap,Wednesday-21-02-2018_48.pcap,01_pcap/Wednesday-21-02-2018/capDESKTOP-AN3U28N-172.31.66.82.pcap,01_pcap/Wednesday-21-02-2018/Wednesday-21-02-2018_48.pcap
Wednesday-21-02-2018,capDESKTOP-AN3U28N-172.31.66.85.pcap,Wednesday-21-02-2018_49.pcap,01_pcap/Wednesday-21-02-2018/capDESKTOP-AN3U28N-172.31.66.85.pcap,01_pcap/Wednesday-21-02-2018/Wednesday-21-02-2018_49.pcap
Wednesday-21-02-2018,capDESKTOP-AN3U28N-172.31.66.89.pcap,Wednesday-21-02-2018_50.pcap,01_pcap/Wednesday-21-02-2018/capDESKTOP-AN3U28N-172.31.66.89.pcap,01_pcap/Wednesday-21-02-2018/Wednesday-21-02-2018_50.pcap
Wednesday-21-02-2018,capDESKTOP-AN3U28N-172.31.66.100.pcap,Wednesday-21-02-2018_51.pcap,01_pcap/Wednesday-21-02-2018/capDESKTOP-AN3U28N-172.31.66.100.pcap,01_pcap/Wednesday-21-02-2018/Wednesday-21-02-2018_51.pcap
Wednesday-21-02-2018,capDESKTOP-AN3U28N-172.31.66.101.pcap,Wednesday-21-02-2018_52.pcap,01_pcap/Wednesday-21-02-2018/capDESKTOP-AN3U28N-172.31.66.101.pcap,01_pcap/Wednesday-21-02-2018/Wednesday-21-02-2018_52.pcap
Wednesday-21-02-2018,capDESKTOP-AN3U28N-172.31.66.112.pcap,Wednesday-21-02-2018_53.pcap,01_pcap/Wednesday-21-02-2018/capDESKTOP-AN3U28N-172.31.66.112.pcap,01_pcap/Wednesday-21-02-2018/Wednesday-21-02-2018_53.pcap
Wednesday-21-02-2018,capDESKTOP-AN3U28N-172.31.66.114.pcap,Wednesday-21-02-2018_54.pcap,01_pcap/Wednesday-21-02-2018/capDESKTOP-AN3U28N-172.31.66.114.pcap,01_pcap/Wednesday-21-02-2018/Wednesday-21-02-2018_54.pcap
Wednesday-21-02-2018,capDESKTOP-AN3U28N-172.31.66.115.pcap,Wednesday-21-02-2018_55.pcap,01_pcap/Wednesday-21-02-2018/capDESKTOP-AN3U28N-172.31.66.115.pcap,01_pcap/Wednesday-21-02-2018/Wednesday-21-02-2018_55.pcap
Wednesday-21-02-2018,capDESKTOP-AN3U28N-172.31.66.120.pcap,Wednesday-21-02-2018_56.pcap,01_pcap/Wednesday-21-02-2018/capDESKTOP-AN3U28N-172.31.66.120.pcap,01_pcap/Wednesday-21-02-2018/Wednesday-21-02-2018_56.pcap
Wednesday-21-02-2018,capDESKTOP-AN3U28N-172.31.66.123.pcap,Wednesday-21-02-2018_57.pcap,01_pcap/Wednesday-21-02-2018/capDESKTOP-AN3U28N-172.31.66.123.pcap,01_pcap/Wednesday-21-02-2018/Wednesday-21-02-2018_57.pcap
Wednesday-21-02-2018,capDESKTOP-AN3U28N-172.31.67.10.pcap,Wednesday-21-02-2018_58.pcap,01_pcap/Wednesday-21-02-2018/capDESKTOP-AN3U28N-172.31.67.10.pcap,01_pcap/Wednesday-21-02-2018/Wednesday-21-02-2018_58.pcap
Wednesday-21-02-2018,capDESKTOP-AN3U28N-172.31.67.13.pcap,Wednesday-21-02-2018_59.pcap,01_pcap/Wednesday-21-02-2018/capDESKTOP-AN3U28N-172.31.67.13.pcap,01_pcap/Wednesday-21-02-2018/Wednesday-21-02-2018_59.pcap
Wednesday-21-02-2018,capDESKTOP-AN3U28N-172.31.67.15.pcap,Wednesday-21-02-2018_60.pcap,01_pcap/Wednesday-21-02-2018/capDESKTOP-AN3U28N-172.31.67.15.pcap,01_pcap/Wednesday-21-02-2018/Wednesday-21-02-2018_60.pcap
Wednesday-21-02-2018,capDESKTOP-AN3U28N-172.31.67.21.pcap,Wednesday-21-02-2018_61.pcap,01_pcap/Wednesday-21-02-2018/capDESKTOP-AN3U28N-172.31.67.21.pcap,01_pcap/Wednesday-21-02-2018/Wednesday-21-02-2018_61.pcap
Wednesday-21-02-2018,capDESKTOP-AN3U28N-172.31.67.28.pcap,Wednesday-21-02-2018_62.pcap,01_pcap/Wednesday-21-02-2018/capDESKTOP-AN3U28N-172.31.67.28.pcap,01_pcap/Wednesday-21-02-2018/Wednesday-21-02-2018_62.pcap
Wednesday-21-02-2018,capDESKTOP-AN3U28N-172.31.67.32.pcap,Wednesday-21-02-2018_63.pcap,01_pcap/Wednesday-21-02-2018/capDESKTOP-AN3U28N-172.31.67.32.pcap,01_pcap/Wednesday-21-02-2018/Wednesday-21-02-2018_63.pcap
Wednesday-21-02-2018,capDESKTOP-AN3U28N-172.31.67.41.pcap,Wednesday-21-02-2018_64.pcap,01_pcap/Wednesday-21-02-2018/capDESKTOP-AN3U28N-172.31.67.41.pcap,01_pcap/Wednesday-21-02-2018/Wednesday-21-02-2018_64.pcap
Wednesday-21-02-2018,capDESKTOP-AN3U28N-172.31.67.50.pcap,Wednesday-21-02-2018_65.pcap,01_pcap/Wednesday-21-02-2018/capDESKTOP-AN3U28N-172.31.67.50.pcap,01_pcap/Wednesday-21-02-2018/Wednesday-21-02-2018_65.pcap
Wednesday-21-02-2018,capDESKTOP-AN3U28N-172.31.67.54.pcap,Wednesday-21-02-2018_66.pcap,01_pcap/Wednesday-21-02-2018/capDESKTOP-AN3U28N-172.31.67.54.pcap,01_pcap/Wednesday-21-02-2018/Wednesday-21-02-2018_66.pcap
Wednesday-21-02-2018,capDESKTOP-AN3U28N-172.31.67.63.pcap,Wednesday-21-02-2018_67.pcap,01_pcap/Wednesday-21-02-2018/capDESKTOP-AN3U28N-172.31.67.63.pcap,01_pcap/Wednesday-21-02-2018/Wednesday-21-02-2018_67.pcap
Wednesday-21-02-2018,capDESKTOP-AN3U28N-172.31.67.80.pcap,Wednesday-21-02-2018_68.pcap,01_pcap/Wednesday-21-02-2018/capDESKTOP-AN3U28N-172.31.67.80.pcap,01_pcap/Wednesday-21-02-2018/Wednesday-21-02-2018_68.pcap
Wednesday-21-02-2018,capDESKTOP-AN3U28N-172.31.67.81.pcap,Wednesday-21-02-2018_69.pcap,01_pcap/Wednesday-21-02-2018/capDESKTOP-AN3U28N-172.31.67.81.pcap,01_pcap/Wednesday-21-02-2018/Wednesday-21-02-2018_69.pcap
Wednesday-21-02-2018,capDESKTOP-AN3U28N-172.31.67.82.pcap,Wednesday-21-02-2018_70.pcap,01_pcap/Wednesday-21-02-2018/capDESKTOP-AN3U28N-172.31.67.82.pcap,01_pcap/Wednesday-21-02-2018/Wednesday-21-02-2018_70.pcap
Wednesday-21-02-2018,capDESKTOP-AN3U28N-172.31.67.86.pcap,Wednesday-21-02-2018_71.pcap,01_pcap/Wednesday-21-02-2018/capDESKTOP-AN3U28N-172.31.67.86.pcap,01_pcap/Wednesday-21-02-2018/Wednesday-21-02-2018_71.pcap
Wednesday-21-02-2018,capDESKTOP-AN3U28N-172.31.67.101.pcap,Wednesday-21-02-2018_72.pcap,01_pcap/Wednesday-21-02-2018/capDESKTOP-AN3U28N-172.31.67.101.pcap,01_pcap/Wednesday-21-02-2018/Wednesday-21-02-2018_72.pcap
Wednesday-21-02-2018,capDESKTOP-AN3U28N-172.31.67.116.pcap,Wednesday-21-02-2018_73.pcap,01_pcap/Wednesday-21-02-2018/capDESKTOP-AN3U28N-172.31.67.116.pcap,01_pcap/Wednesday-21-02-2018/Wednesday-21-02-2018_73.pcap
Wednesday-21-02-2018,capDESKTOP-AN3U28N-172.31.67.119.pcap,Wednesday-21-02-2018_74.pcap,01_pcap/Wednesday-21-02-2018/capDESKTOP-AN3U28N-172.31.67.119.pcap,01_pcap/Wednesday-21-02-2018/Wednesday-21-02-2018_74.pcap
Wednesday-21-02-2018,capDESKTOP-AN3U28N-172.31.67.125.pcap,Wednesday-21-02-2018_75.pcap,01_pcap/Wednesday-21-02-2018/capDESKTOP-AN3U28N-172.31.67.125.pcap,01_pcap/Wednesday-21-02-2018/Wednesday-21-02-2018_75.pcap
Wednesday-21-02-2018,capEC2AMAZ-O4EL3NG-172.31.64.4.pcap,Wednesday-21-02-2018_76.pcap,01_pcap/Wednesday-21-02-2018/capEC2AMAZ-O4EL3NG-172.31.64.4.pcap,01_pcap/Wednesday-21-02-2018/Wednesday-21-02-2018_76.pcap
Wednesday-21-02-2018,capEC2AMAZ-O4EL3NG-172.31.64.7.pcap,Wednesday-21-02-2018_77.pcap,01_pcap/Wednesday-21-02-2018/capEC2AMAZ-O4EL3NG-172.31.64.7.pcap,01_pcap/Wednesday-21-02-2018/Wednesday-21-02-2018_77.pcap
Wednesday-21-02-2018,capEC2AMAZ-O4EL3NG-172.31.64.8.pcap,Wednesday-21-02-2018_78.pcap,01_pcap/Wednesday-21-02-2018/capEC2AMAZ-O4EL3NG-172.31.64.8.pcap,01_pcap/Wednesday-21-02-2018/Wednesday-21-02-2018_78.pcap
Wednesday-21-02-2018,capEC2AMAZ-O4EL3NG-172.31.64.11.pcap,Wednesday-21-02-2018_79.pcap,01_pcap/Wednesday-21-02-2018/capEC2AMAZ-O4EL3NG-172.31.64.11.pcap,01_pcap/Wednesday-21-02-2018/Wednesday-21-02-2018_79.pcap
Wednesday-21-02-2018,capEC2AMAZ-O4EL3NG-172.31.64.13.pcap,Wednesday-21-02-2018_80.pcap,01_pcap/Wednesday-21-02-2018/capEC2AMAZ-O4EL3NG-172.31.64.13.pcap,01_pcap/Wednesday-21-02-2018/Wednesday-21-02-2018_80.pcap
Wednesday-21-02-2018,capEC2AMAZ-O4EL3NG-172.31.64.16.pcap,Wednesday-21-02-2018_81.pcap,01_pcap/Wednesday-21-02-2018/capEC2AMAZ-O4EL3NG-172.31.64.16.pcap,01_pcap/Wednesday-21-02-2018/Wednesday-21-02-2018_81.pcap
Wednesday-21-02-2018,capEC2AMAZ-O4EL3NG-172.31.64.19.pcap,Wednesday-21-02-2018_82.pcap,01_pcap/Wednesday-21-02-2018/capEC2AMAZ-O4EL3NG-172.31.64.19.pcap,01_pcap/Wednesday-21-02-2018/Wednesday-21-02-2018_82.pcap
Wednesday-21-02-2018,capEC2AMAZ-O4EL3NG-172.31.64.27.pcap,Wednesday-21-02-2018_83.pcap,01_pcap/Wednesday-21-02-2018/capEC2AMAZ-O4EL3NG-172.31.64.27.pcap,01_pcap/Wednesday-21-02-2018/Wednesday-21-02-2018_83.pcap
Wednesday-21-02-2018,capEC2AMAZ-O4EL3NG-172.31.64.28.pcap,Wednesday-21-02-2018_84.pcap,01_pcap/Wednesday-21-02-2018/capEC2AMAZ-O4EL3NG-172.31.64.28.pcap,01_pcap/Wednesday-21-02-2018/Wednesday-21-02-2018_84.pcap
Wednesday-21-02-2018,capEC2AMAZ-O4EL3NG-172.31.64.29.pcap,Wednesday-21-02-2018_85.pcap,01_pcap/Wednesday-21-02-2018/capEC2AMAZ-O4EL3NG-172.31.64.29.pcap,01_pcap/Wednesday-21-02-2018/Wednesday-21-02-2018_85.pcap
Wednesday-21-02-2018,capEC2AMAZ-O4EL3NG-172.31.64.42.pcap,Wednesday-21-02-2018_86.pcap,01_pcap/Wednesday-21-02-2018/capEC2AMAZ-O4EL3NG-172.31.64.42.pcap,01_pcap/Wednesday-21-02-2018/Wednesday-21-02-2018_86.pcap
Wednesday-21-02-2018,capEC2AMAZ-O4EL3NG-172.31.64.44.pcap,Wednesday-21-02-2018_87.pcap,01_pcap/Wednesday-21-02-2018/capEC2AMAZ-O4EL3NG-172.31.64.44.pcap,01_pcap/Wednesday-21-02-2018/Wednesday-21-02-2018_87.pcap
Wednesday-21-02-2018,capEC2AMAZ-O4EL3NG-172.31.64.45.pcap,Wednesday-21-02-2018_88.pcap,01_pcap/Wednesday-21-02-2018/capEC2AMAZ-O4EL3NG-172.31.64.45.pcap,01_pcap/Wednesday-21-02-2018/Wednesday-21-02-2018_88.pcap
Wednesday-21-02-2018,capEC2AMAZ-O4EL3NG-172.31.64.49.pcap,Wednesday-21-02-2018_89.pcap,01_pcap/Wednesday-21-02-2018/capEC2AMAZ-O4EL3NG-172.31.64.49.pcap,01_pcap/Wednesday-21-02-2018/Wednesday-21-02-2018_89.pcap
Wednesday-21-02-2018,capEC2AMAZ-O4EL3NG-172.31.64.51.pcap,Wednesday-21-02-2018_90.pcap,01_pcap/Wednesday-21-02-2018/capEC2AMAZ-O4EL3NG-172.31.64.51.pcap,01_pcap/Wednesday-21-02-2018/Wednesday-21-02-2018_90.pcap
Wednesday-21-02-2018,capEC2AMAZ-O4EL3NG-172.31.64.58.pcap,Wednesday-21-02-2018_91.pcap,01_pcap/Wednesday-21-02-2018/capEC2AMAZ-O4EL3NG-172.31.64.58.pcap,01_pcap/Wednesday-21-02-2018/Wednesday-21-02-2018_91.pcap
Wednesday-21-02-2018,capEC2AMAZ-O4EL3NG-172.31.64.60.pcap,Wednesday-21-02-2018_92.pcap,01_pcap/Wednesday-21-02-2018/capEC2AMAZ-O4EL3NG-172.31.64.60.pcap,01_pcap/Wednesday-21-02-2018/Wednesday-21-02-2018_92.pcap
Wednesday-21-02-2018,capEC2AMAZ-O4EL3NG-172.31.64.68.pcap,Wednesday-21-02-2018_93.pcap,01_pcap/Wednesday-21-02-2018/capEC2AMAZ-O4EL3NG-172.31.64.68.pcap,01_pcap/Wednesday-21-02-2018/Wednesday-21-02-2018_93.pcap
Wednesday-21-02-2018,capEC2AMAZ-O4EL3NG-172.31.64.69.pcap,Wednesday-21-02-2018_94.pcap,01_pcap/Wednesday-21-02-2018/capEC2AMAZ-O4EL3NG-172.31.64.69.pcap,01_pcap/Wednesday-21-02-2018/Wednesday-21-02-2018_94.pcap
Wednesday-21-02-2018,capEC2AMAZ-O4EL3NG-172.31.64.70.pcap,Wednesday-21-02-2018_95.pcap,01_pcap/Wednesday-21-02-2018/capEC2AMAZ-O4EL3NG-172.31.64.70.pcap,01_pcap/Wednesday-21-02-2018/Wednesday-21-02-2018_95.pcap
Wednesday-21-02-2018,capEC2AMAZ-O4EL3NG-172.31.64.72.pcap,Wednesday-21-02-2018_96.pcap,01_pcap/Wednesday-21-02-2018/capEC2AMAZ-O4EL3NG-172.31.64.72.pcap,01_pcap/Wednesday-21-02-2018/Wednesday-21-02-2018_96.pcap
Wednesday-21-02-2018,capEC2AMAZ-O4EL3NG-172.31.64.73.pcap,Wednesday-21-02-2018_97.pcap,01_pcap/Wednesday-21-02-2018/capEC2AMAZ-O4EL3NG-172.31.64.73.pcap,01_pcap/Wednesday-21-02-2018/Wednesday-21-02-2018_97.pcap
Wednesday-21-02-2018,capEC2AMAZ-O4EL3NG-172.31.64.77.pcap,Wednesday-21-02-2018_98.pcap,01_pcap/Wednesday-21-02-2018/capEC2AMAZ-O4EL3NG-172.31.64.77.pcap,01_pcap/Wednesday-21-02-2018/Wednesday-21-02-2018_98.pcap
Wednesday-21-02-2018,capEC2AMAZ-O4EL3NG-172.31.64.79.pcap,Wednesday-21-02-2018_99.pcap,01_pcap/Wednesday-21-02-2018/capEC2AMAZ-O4EL3NG-172.31.64.79.pcap,01_pcap/Wednesday-21-02-2018/Wednesday-21-02-2018_99.pcap
Wednesday-21-02-2018,capEC2AMAZ-O4EL3NG-172.31.64.81.pcap,Wednesday-21-02-2018_100.pcap,01_pcap/Wednesday-21-02-2018/capEC2AMAZ-O4EL3NG-172.31.64.81.pcap,01_pcap/Wednesday-21-02-2018/Wednesday-21-02-2018_100.pcap
Wednesday-21-02-2018,capEC2AMAZ-O4EL3NG-172.31.64.83.pcap,Wednesday-21-02-2018_101.pcap,01_pcap/Wednesday-21-02-2018/capEC2AMAZ-O4EL3NG-172.31.64.83.pcap,01_pcap/Wednesday-21-02-2018/Wednesday-21-02-2018_101.pcap
Wednesday-21-02-2018,capEC2AMAZ-O4EL3NG-172.31.64.85.pcap,Wednesday-21-02-2018_102.pcap,01_pcap/Wednesday-21-02-2018/capEC2AMAZ-O4EL3NG-172.31.64.85.pcap,01_pcap/Wednesday-21-02-2018/Wednesday-21-02-2018_102.pcap
Wednesday-21-02-2018,capEC2AMAZ-O4EL3NG-172.31.64.87.pcap,Wednesday-21-02-2018_103.pcap,01_pcap/Wednesday-21-02-2018/capEC2AMAZ-O4EL3NG-172.31.64.87.pcap,01_pcap/Wednesday-21-02-2018/Wednesday-21-02-2018_103.pcap
Wednesday-21-02-2018,capEC2AMAZ-O4EL3NG-172.31.64.92.pcap,Wednesday-21-02-2018_104.pcap,01_pcap/Wednesday-21-02-2018/capEC2AMAZ-O4EL3NG-172.31.64.92.pcap,01_pcap/Wednesday-21-02-2018/Wednesday-21-02-2018_104.pcap
Wednesday-21-02-2018,capEC2AMAZ-O4EL3NG-172.31.64.96.pcap,Wednesday-21-02-2018_105.pcap,01_pcap/Wednesday-21-02-2018/capEC2AMAZ-O4EL3NG-172.31.64.96.pcap,01_pcap/Wednesday-21-02-2018/Wednesday-21-02-2018_105.pcap
Wednesday-21-02-2018,capEC2AMAZ-O4EL3NG-172.31.64.100.pcap,Wednesday-21-02-2018_106.pcap,01_pcap/Wednesday-21-02-2018/capEC2AMAZ-O4EL3NG-172.31.64.100.pcap,01_pcap/Wednesday-21-02-2018/Wednesday-21-02-2018_106.pcap
Wednesday-21-02-2018,capEC2AMAZ-O4EL3NG-172.31.64.101.pcap,Wednesday-21-02-2018_107.pcap,01_pcap/Wednesday-21-02-2018/capEC2AMAZ-O4EL3NG-172.31.64.101.pcap,01_pcap/Wednesday-21-02-2018/Wednesday-21-02-2018_107.pcap
Wednesday-21-02-2018,capEC2AMAZ-O4EL3NG-172.31.64.103.pcap,Wednesday-21-02-2018_108.pcap,01_pcap/Wednesday-21-02-2018/capEC2AMAZ-O4EL3NG-172.31.64.103.pcap,01_pcap/Wednesday-21-02-2018/Wednesday-21-02-2018_108.pcap
Wednesday-21-02-2018,capEC2AMAZ-O4EL3NG-172.31.64.104.pcap,Wednesday-21-02-2018_109.pcap,01_pcap/Wednesday-21-02-2018/capEC2AMAZ-O4EL3NG-172.31.64.104.pcap,01_pcap/Wednesday-21-02-2018/Wednesday-21-02-2018_109.pcap
Wednesday-21-02-2018,capEC2AMAZ-O4EL3NG-172.31.64.107.pcap,Wednesday-21-02-2018_110.pcap,01_pcap/Wednesday-21-02-2018/capEC2AMAZ-O4EL3NG-172.31.64.107.pcap,01_pcap/Wednesday-21-02-2018/Wednesday-21-02-2018_110.pcap
Wednesday-21-02-2018,capEC2AMAZ-O4EL3NG-172.31.64.108.pcap,Wednesday-21-02-2018_111.pcap,01_pcap/Wednesday-21-02-2018/capEC2AMAZ-O4EL3NG-172.31.64.108.pcap,01_pcap/Wednesday-21-02-2018/Wednesday-21-02-2018_111.pcap
Wednesday-21-02-2018,capEC2AMAZ-O4EL3NG-172.31.64.109.pcap,Wednesday-21-02-2018_112.pcap,01_pcap/Wednesday-21-02-2018/capEC2AMAZ-O4EL3NG-172.31.64.109.pcap,01_pcap/Wednesday-21-02-2018/Wednesday-21-02-2018_112.pcap
Wednesday-21-02-2018,capEC2AMAZ-O4EL3NG-172.31.64.110.pcap,Wednesday-21-02-2018_113.pcap,01_pcap/Wednesday-21-02-2018/capEC2AMAZ-O4EL3NG-172.31.64.110.pcap,01_pcap/Wednesday-21-02-2018/Wednesday-21-02-2018_113.pcap
Wednesday-21-02-2018,capEC2AMAZ-O4EL3NG-172.31.64.119.pcap,Wednesday-21-02-2018_114.pcap,01_pcap/Wednesday-21-02-2018/capEC2AMAZ-O4EL3NG-172.31.64.119.pcap,01_pcap/Wednesday-21-02-2018/Wednesday-21-02-2018_114.pcap
Wednesday-21-02-2018,capEC2AMAZ-O4EL3NG-172.31.64.123.pcap,Wednesday-21-02-2018_115.pcap,01_pcap/Wednesday-21-02-2018/capEC2AMAZ-O4EL3NG-172.31.64.123.pcap,01_pcap/Wednesday-21-02-2018/Wednesday-21-02-2018_115.pcap
Wednesday-21-02-2018,capEC2AMAZ-O4EL3NG-172.31.64.124.pcap,Wednesday-21-02-2018_116.pcap,01_pcap/Wednesday-21-02-2018/capEC2AMAZ-O4EL3NG-172.31.64.124.pcap,01_pcap/Wednesday-21-02-2018/Wednesday-21-02-2018_116.pcap
Wednesday-21-02-2018,capEC2AMAZ-O4EL3NG-172.31.65.5.pcap,Wednesday-21-02-2018_117.pcap,01_pcap/Wednesday-21-02-2018/capEC2AMAZ-O4EL3NG-172.31.65.5.pcap,01_pcap/Wednesday-21-02-2018/Wednesday-21-02-2018_117.pcap
Wednesday-21-02-2018,capEC2AMAZ-O4EL3NG-172.31.65.8.pcap,Wednesday-21-02-2018_118.pcap,01_pcap/Wednesday-21-02-2018/capEC2AMAZ-O4EL3NG-172.31.65.8.pcap,01_pcap/Wednesday-21-02-2018/Wednesday-21-02-2018_118.pcap
Wednesday-21-02-2018,capEC2AMAZ-O4EL3NG-172.31.65.18.pcap,Wednesday-21-02-2018_119.pcap,01_pcap/Wednesday-21-02-2018/capEC2AMAZ-O4EL3NG-172.31.65.18.pcap,01_pcap/Wednesday-21-02-2018/Wednesday-21-02-2018_119.pcap
Wednesday-21-02-2018,capEC2AMAZ-O4EL3NG-172.31.65.27.pcap,Wednesday-21-02-2018_120.pcap,01_pcap/Wednesday-21-02-2018/capEC2AMAZ-O4EL3NG-172.31.65.27.pcap,01_pcap/Wednesday-21-02-2018/Wednesday-21-02-2018_120.pcap
Wednesday-21-02-2018,capEC2AMAZ-O4EL3NG-172.31.65.30.pcap,Wednesday-21-02-2018_121.pcap,01_pcap/Wednesday-21-02-2018/capEC2AMAZ-O4EL3NG-172.31.65.30.pcap,01_pcap/Wednesday-21-02-2018/Wednesday-21-02-2018_121.pcap
Wednesday-21-02-2018,capEC2AMAZ-O4EL3NG-172.31.65.32.pcap,Wednesday-21-02-2018_122.pcap,01_pcap/Wednesday-21-02-2018/capEC2AMAZ-O4EL3NG-172.31.65.32.pcap,01_pcap/Wednesday-21-02-2018/Wednesday-21-02-2018_122.pcap
Wednesday-21-02-2018,capEC2AMAZ-O4EL3NG-172.31.65.33.pcap,Wednesday-21-02-2018_123.pcap,01_pcap/Wednesday-21-02-2018/capEC2AMAZ-O4EL3NG-172.31.65.33.pcap,01_pcap/Wednesday-21-02-2018/Wednesday-21-02-2018_123.pcap
Wednesday-21-02-2018,capEC2AMAZ-O4EL3NG-172.31.65.36.pcap,Wednesday-21-02-2018_124.pcap,01_pcap/Wednesday-21-02-2018/capEC2AMAZ-O4EL3NG-172.31.65.36.pcap,01_pcap/Wednesday-21-02-2018/Wednesday-21-02-2018_124.pcap
Wednesday-21-02-2018,capEC2AMAZ-O4EL3NG-172.31.65.37.pcap,Wednesday-21-02-2018_125.pcap,01_pcap/Wednesday-21-02-2018/capEC2AMAZ-O4EL3NG-172.31.65.37.pcap,01_pcap/Wednesday-21-02-2018/Wednesday-21-02-2018_125.pcap
Wednesday-21-02-2018,capEC2AMAZ-O4EL3NG-172.31.65.39.pcap,Wednesday-21-02-2018_126.pcap,01_pcap/Wednesday-21-02-2018/capEC2AMAZ-O4EL3NG-172.31.65.39.pcap,01_pcap/Wednesday-21-02-2018/Wednesday-21-02-2018_126.pcap
Wednesday-21-02-2018,capEC2AMAZ-O4EL3NG-172.31.65.41.pcap,Wednesday-21-02-2018_127.pcap,01_pcap/Wednesday-21-02-2018/capEC2AMAZ-O4EL3NG-172.31.65.41.pcap,01_pcap/Wednesday-21-02-2018/Wednesday-21-02-2018_127.pcap
Wednesday-21-02-2018,capEC2AMAZ-O4EL3NG-172.31.65.43.pcap,Wednesday-21-02-2018_128.pcap,01_pcap/Wednesday-21-02-2018/capEC2AMAZ-O4EL3NG-172.31.65.43.pcap,01_pcap/Wednesday-21-02-2018/Wednesday-21-02-2018_128.pcap
Wednesday-21-02-2018,capEC2AMAZ-O4EL3NG-172.31.65.44.pcap,Wednesday-21-02-2018_129.pcap,01_pcap/Wednesday-21-02-2018/capEC2AMAZ-O4EL3NG-172.31.65.44.pcap,01_pcap/Wednesday-21-02-2018/Wednesday-21-02-2018_129.pcap
Wednesday-21-02-2018,capEC2AMAZ-O4EL3NG-172.31.65.45.pcap,Wednesday-21-02-2018_130.pcap,01_pcap/Wednesday-21-02-2018/capEC2AMAZ-O4EL3NG-172.31.65.45.pcap,01_pcap/Wednesday-21-02-2018/Wednesday-21-02-2018_130.pcap
Wednesday-21-02-2018,capEC2AMAZ-O4EL3NG-172.31.65.59.pcap,Wednesday-21-02-2018_131.pcap,01_pcap/Wednesday-21-02-2018/capEC2AMAZ-O4EL3NG-172.31.65.59.pcap,01_pcap/Wednesday-21-02-2018/Wednesday-21-02-2018_131.pcap
Wednesday-21-02-2018,capEC2AMAZ-O4EL3NG-172.31.65.64.pcap,Wednesday-21-02-2018_132.pcap,01_pcap/Wednesday-21-02-2018/capEC2AMAZ-O4EL3NG-172.31.65.64.pcap,01_pcap/Wednesday-21-02-2018/Wednesday-21-02-2018_132.pcap
Wednesday-21-02-2018,capEC2AMAZ-O4EL3NG-172.31.65.65.pcap,Wednesday-21-02-2018_133.pcap,01_pcap/Wednesday-21-02-2018/capEC2AMAZ-O4EL3NG-172.31.65.65.pcap,01_pcap/Wednesday-21-02-2018/Wednesday-21-02-2018_133.pcap
Wednesday-21-02-2018,capEC2AMAZ-O4EL3NG-172.31.65.71.pcap,Wednesday-21-02-2018_134.pcap,01_pcap/Wednesday-21-02-2018/capEC2AMAZ-O4EL3NG-172.31.65.71.pcap,01_pcap/Wednesday-21-02-2018/Wednesday-21-02-2018_134.pcap
Wednesday-21-02-2018,capEC2AMAZ-O4EL3NG-172.31.65.72.pcap,Wednesday-21-02-2018_135.pcap,01_pcap/Wednesday-21-02-2018/capEC2AMAZ-O4EL3NG-172.31.65.72.pcap,01_pcap/Wednesday-21-02-2018/Wednesday-21-02-2018_135.pcap
Wednesday-21-02-2018,capEC2AMAZ-O4EL3NG-172.31.65.75.pcap,Wednesday-21-02-2018_136.pcap,01_pcap/Wednesday-21-02-2018/capEC2AMAZ-O4EL3NG-172.31.65.75.pcap,01_pcap/Wednesday-21-02-2018/Wednesday-21-02-2018_136.pcap
Wednesday-21-02-2018,capEC2AMAZ-O4EL3NG-172.31.65.82.pcap,Wednesday-21-02-2018_137.pcap,01_pcap/Wednesday-21-02-2018/capEC2AMAZ-O4EL3NG-172.31.65.82.pcap,01_pcap/Wednesday-21-02-2018/Wednesday-21-02-2018_137.pcap
Wednesday-21-02-2018,capEC2AMAZ-O4EL3NG-172.31.65.84.pcap,Wednesday-21-02-2018_138.pcap,01_pcap/Wednesday-21-02-2018/capEC2AMAZ-O4EL3NG-172.31.65.84.pcap,01_pcap/Wednesday-21-02-2018/Wednesday-21-02-2018_138.pcap
Wednesday-21-02-2018,capEC2AMAZ-O4EL3NG-172.31.65.85.pcap,Wednesday-21-02-2018_139.pcap,01_pcap/Wednesday-21-02-2018/capEC2AMAZ-O4EL3NG-172.31.65.85.pcap,01_pcap/Wednesday-21-02-2018/Wednesday-21-02-2018_139.pcap
Wednesday-21-02-2018,capEC2AMAZ-O4EL3NG-172.31.65.91.pcap,Wednesday-21-02-2018_140.pcap,01_pcap/Wednesday-21-02-2018/capEC2AMAZ-O4EL3NG-172.31.65.91.pcap,01_pcap/Wednesday-21-02-2018/Wednesday-21-02-2018_140.pcap
Wednesday-21-02-2018,capEC2AMAZ-O4EL3NG-172.31.65.93.pcap,Wednesday-21-02-2018_141.pcap,01_pcap/Wednesday-21-02-2018/capEC2AMAZ-O4EL3NG-172.31.65.93.pcap,01_pcap/Wednesday-21-02-2018/Wednesday-21-02-2018_141.pcap
Wednesday-21-02-2018,capEC2AMAZ-O4EL3NG-172.31.65.96.pcap,Wednesday-21-02-2018_142.pcap,01_pcap/Wednesday-21-02-2018/capEC2AMAZ-O4EL3NG-172.31.65.96.pcap,01_pcap/Wednesday-21-02-2018/Wednesday-21-02-2018_142.pcap
Wednesday-21-02-2018,capEC2AMAZ-O4EL3NG-172.31.65.98.pcap,Wednesday-21-02-2018_143.pcap,01_pcap/Wednesday-21-02-2018/capEC2AMAZ-O4EL3NG-172.31.65.98.pcap,01_pcap/Wednesday-21-02-2018/Wednesday-21-02-2018_143.pcap
Wednesday-21-02-2018,capEC2AMAZ-O4EL3NG-172.31.65.107.pcap,Wednesday-21-02-2018_144.pcap,01_pcap/Wednesday-21-02-2018/capEC2AMAZ-O4EL3NG-172.31.65.107.pcap,01_pcap/Wednesday-21-02-2018/Wednesday-21-02-2018_144.pcap
Wednesday-21-02-2018,capEC2AMAZ-O4EL3NG-172.31.65.109.pcap,Wednesday-21-02-2018_145.pcap,01_pcap/Wednesday-21-02-2018/capEC2AMAZ-O4EL3NG-172.31.65.109.pcap,01_pcap/Wednesday-21-02-2018/Wednesday-21-02-2018_145.pcap
Wednesday-21-02-2018,capEC2AMAZ-O4EL3NG-172.31.65.112.pcap,Wednesday-21-02-2018_146.pcap,01_pcap/Wednesday-21-02-2018/capEC2AMAZ-O4EL3NG-172.31.65.112.pcap,01_pcap/Wednesday-21-02-2018/Wednesday-21-02-2018_146.pcap
Wednesday-21-02-2018,capEC2AMAZ-O4EL3NG-172.31.65.118.pcap,Wednesday-21-02-2018_147.pcap,01_pcap/Wednesday-21-02-2018/capEC2AMAZ-O4EL3NG-172.31.65.118.pcap,01_pcap/Wednesday-21-02-2018/Wednesday-21-02-2018_147.pcap
Wednesday-21-02-2018,capEC2AMAZ-O4EL3NG-172.31.65.119.pcap,Wednesday-21-02-2018_148.pcap,01_pcap/Wednesday-21-02-2018/capEC2AMAZ-O4EL3NG-172.31.65.119.pcap,01_pcap/Wednesday-21-02-2018/Wednesday-21-02-2018_148.pcap
Wednesday-21-02-2018,capEC2AMAZ-O4EL3NG-172.31.65.121.pcap,Wednesday-21-02-2018_149.pcap,01_pcap/Wednesday-21-02-2018/capEC2AMAZ-O4EL3NG-172.31.65.121.pcap,01_pcap/Wednesday-21-02-2018/Wednesday-21-02-2018_149.pcap
Wednesday-21-02-2018,capEC2AMAZ-O4EL3NG-172.31.65.122.pcap,Wednesday-21-02-2018_150.pcap,01_pcap/Wednesday-21-02-2018/capEC2AMAZ-O4EL3NG-172.31.65.122.pcap,01_pcap/Wednesday-21-02-2018/Wednesday-21-02-2018_150.pcap
Wednesday-21-02-2018,capEC2AMAZ-O4EL3NG-172.31.66.5.pcap,Wednesday-21-02-2018_151.pcap,01_pcap/Wednesday-21-02-2018/capEC2AMAZ-O4EL3NG-172.31.66.5.pcap,01_pcap/Wednesday-21-02-2018/Wednesday-21-02-2018_151.pcap
Wednesday-21-02-2018,capEC2AMAZ-O4EL3NG-172.31.66.7.pcap,Wednesday-21-02-2018_152.pcap,01_pcap/Wednesday-21-02-2018/capEC2AMAZ-O4EL3NG-172.31.66.7.pcap,01_pcap/Wednesday-21-02-2018/Wednesday-21-02-2018_152.pcap
Wednesday-21-02-2018,capEC2AMAZ-O4EL3NG-172.31.66.8.pcap,Wednesday-21-02-2018_153.pcap,01_pcap/Wednesday-21-02-2018/capEC2AMAZ-O4EL3NG-172.31.66.8.pcap,01_pcap/Wednesday-21-02-2018/Wednesday-21-02-2018_153.pcap
Wednesday-21-02-2018,capEC2AMAZ-O4EL3NG-172.31.66.11.pcap,Wednesday-21-02-2018_154.pcap,01_pcap/Wednesday-21-02-2018/capEC2AMAZ-O4EL3NG-172.31.66.11.pcap,01_pcap/Wednesday-21-02-2018/Wednesday-21-02-2018_154.pcap
Wednesday-21-02-2018,capEC2AMAZ-O4EL3NG-172.31.66.12.pcap,Wednesday-21-02-2018_155.pcap,01_pcap/Wednesday-21-02-2018/capEC2AMAZ-O4EL3NG-172.31.66.12.pcap,01_pcap/Wednesday-21-02-2018/Wednesday-21-02-2018_155.pcap
Wednesday-21-02-2018,capEC2AMAZ-O4EL3NG-172.31.66.13.pcap,Wednesday-21-02-2018_156.pcap,01_pcap/Wednesday-21-02-2018/capEC2AMAZ-O4EL3NG-172.31.66.13.pcap,01_pcap/Wednesday-21-02-2018/Wednesday-21-02-2018_156.pcap
Wednesday-21-02-2018,capEC2AMAZ-O4EL3NG-172.31.66.14.pcap,Wednesday-21-02-2018_157.pcap,01_pcap/Wednesday-21-02-2018/capEC2AMAZ-O4EL3NG-172.31.66.14.pcap,01_pcap/Wednesday-21-02-2018/Wednesday-21-02-2018_157.pcap
Wednesday-21-02-2018,capEC2AMAZ-O4EL3NG-172.31.66.16.pcap,Wednesday-21-02-2018_158.pcap,01_pcap/Wednesday-21-02-2018/capEC2AMAZ-O4EL3NG-172.31.66.16.pcap,01_pcap/Wednesday-21-02-2018/Wednesday-21-02-2018_158.pcap
Wednesday-21-02-2018,capEC2AMAZ-O4EL3NG-172.31.66.17.pcap,Wednesday-21-02-2018_159.pcap,01_pcap/Wednesday-21-02-2018/capEC2AMAZ-O4EL3NG-172.31.66.17.pcap,01_pcap/Wednesday-21-02-2018/Wednesday-21-02-2018_159.pcap
Wednesday-21-02-2018,capEC2AMAZ-O4EL3NG-172.31.66.20.pcap,Wednesday-21-02-2018_160.pcap,01_pcap/Wednesday-21-02-2018/capEC2AMAZ-O4EL3NG-172.31.66.20.pcap,01_pcap/Wednesday-21-02-2018/Wednesday-21-02-2018_160.pcap
Wednesday-21-02-2018,capEC2AMAZ-O4EL3NG-172.31.66.21.pcap,Wednesday-21-02-2018_161.pcap,01_pcap/Wednesday-21-02-2018/capEC2AMAZ-O4EL3NG-172.31.66.21.pcap,01_pcap/Wednesday-21-02-2018/Wednesday-21-02-2018_161.pcap
Wednesday-21-02-2018,capEC2AMAZ-O4EL3NG-172.31.66.25.pcap,Wednesday-21-02-2018_162.pcap,01_pcap/Wednesday-21-02-2018/capEC2AMAZ-O4EL3NG-172.31.66.25.pcap,01_pcap/Wednesday-21-02-2018/Wednesday-21-02-2018_162.pcap
Wednesday-21-02-2018,capEC2AMAZ-O4EL3NG-172.31.66.26.pcap,Wednesday-21-02-2018_163.pcap,01_pcap/Wednesday-21-02-2018/capEC2AMAZ-O4EL3NG-172.31.66.26.pcap,01_pcap/Wednesday-21-02-2018/Wednesday-21-02-2018_163.pcap
Wednesday-21-02-2018,capEC2AMAZ-O4EL3NG-172.31.66.28.pcap,Wednesday-21-02-2018_164.pcap,01_pcap/Wednesday-21-02-2018/capEC2AMAZ-O4EL3NG-172.31.66.28.pcap,01_pcap/Wednesday-21-02-2018/Wednesday-21-02-2018_164.pcap
Wednesday-21-02-2018,capEC2AMAZ-O4EL3NG-172.31.66.29.pcap,Wednesday-21-02-2018_165.pcap,01_pcap/Wednesday-21-02-2018/capEC2AMAZ-O4EL3NG-172.31.66.29.pcap,01_pcap/Wednesday-21-02-2018/Wednesday-21-02-2018_165.pcap
Wednesday-21-02-2018,capEC2AMAZ-O4EL3NG-172.31.66.34.pcap,Wednesday-21-02-2018_166.pcap,01_pcap/Wednesday-21-02-2018/capEC2AMAZ-O4EL3NG-172.31.66.34.pcap,01_pcap/Wednesday-21-02-2018/Wednesday-21-02-2018_166.pcap
Wednesday-21-02-2018,capEC2AMAZ-O4EL3NG-172.31.66.35.pcap,Wednesday-21-02-2018_167.pcap,01_pcap/Wednesday-21-02-2018/capEC2AMAZ-O4EL3NG-172.31.66.35.pcap,01_pcap/Wednesday-21-02-2018/Wednesday-21-02-2018_167.pcap
Wednesday-21-02-2018,capEC2AMAZ-O4EL3NG-172.31.66.37.pcap,Wednesday-21-02-2018_168.pcap,01_pcap/Wednesday-21-02-2018/capEC2AMAZ-O4EL3NG-172.31.66.37.pcap,01_pcap/Wednesday-21-02-2018/Wednesday-21-02-2018_168.pcap
Wednesday-21-02-2018,capEC2AMAZ-O4EL3NG-172.31.66.38.pcap,Wednesday-21-02-2018_169.pcap,01_pcap/Wednesday-21-02-2018/capEC2AMAZ-O4EL3NG-172.31.66.38.pcap,01_pcap/Wednesday-21-02-2018/Wednesday-21-02-2018_169.pcap
Wednesday-21-02-2018,capEC2AMAZ-O4EL3NG-172.31.66.40.pcap,Wednesday-21-02-2018_170.pcap,01_pcap/Wednesday-21-02-2018/capEC2AMAZ-O4EL3NG-172.31.66.40.pcap,01_pcap/Wednesday-21-02-2018/Wednesday-21-02-2018_170.pcap
Wednesday-21-02-2018,capEC2AMAZ-O4EL3NG-172.31.66.44.pcap,Wednesday-21-02-2018_171.pcap,01_pcap/Wednesday-21-02-2018/capEC2AMAZ-O4EL3NG-172.31.66.44.pcap,01_pcap/Wednesday-21-02-2018/Wednesday-21-02-2018_171.pcap
Wednesday-21-02-2018,capEC2AMAZ-O4EL3NG-172.31.66.48.pcap,Wednesday-21-02-2018_172.pcap,01_pcap/Wednesday-21-02-2018/capEC2AMAZ-O4EL3NG-172.31.66.48.pcap,01_pcap/Wednesday-21-02-2018/Wednesday-21-02-2018_172.pcap
Wednesday-21-02-2018,capEC2AMAZ-O4EL3NG-172.31.66.50.pcap,Wednesday-21-02-2018_173.pcap,01_pcap/Wednesday-21-02-2018/capEC2AMAZ-O4EL3NG-172.31.66.50.pcap,01_pcap/Wednesday-21-02-2018/Wednesday-21-02-2018_173.pcap
Wednesday-21-02-2018,capEC2AMAZ-O4EL3NG-172.31.66.51.pcap,Wednesday-21-02-2018_174.pcap,01_pcap/Wednesday-21-02-2018/capEC2AMAZ-O4EL3NG-172.31.66.51.pcap,01_pcap/Wednesday-21-02-2018/Wednesday-21-02-2018_174.pcap
Wednesday-21-02-2018,capEC2AMAZ-O4EL3NG-172.31.66.53.pcap,Wednesday-21-02-2018_175.pcap,01_pcap/Wednesday-21-02-2018/capEC2AMAZ-O4EL3NG-172.31.66.53.pcap,01_pcap/Wednesday-21-02-2018/Wednesday-21-02-2018_175.pcap
Wednesday-21-02-2018,capEC2AMAZ-O4EL3NG-172.31.66.55.pcap,Wednesday-21-02-2018_176.pcap,01_pcap/Wednesday-21-02-2018/capEC2AMAZ-O4EL3NG-172.31.66.55.pcap,01_pcap/Wednesday-21-02-2018/Wednesday-21-02-2018_176.pcap
Wednesday-21-02-2018,capEC2AMAZ-O4EL3NG-172.31.66.56.pcap,Wednesday-21-02-2018_177.pcap,01_pcap/Wednesday-21-02-2018/capEC2AMAZ-O4EL3NG-172.31.66.56.pcap,01_pcap/Wednesday-21-02-2018/Wednesday-21-02-2018_177.pcap
Wednesday-21-02-2018,capEC2AMAZ-O4EL3NG-172.31.66.57.pcap,Wednesday-21-02-2018_178.pcap,01_pcap/Wednesday-21-02-2018/capEC2AMAZ-O4EL3NG-172.31.66.57.pcap,01_pcap/Wednesday-21-02-2018/Wednesday-21-02-2018_178.pcap
Wednesday-21-02-2018,capEC2AMAZ-O4EL3NG-172.31.66.60.pcap,Wednesday-21-02-2018_179.pcap,01_pcap/Wednesday-21-02-2018/capEC2AMAZ-O4EL3NG-172.31.66.60.pcap,01_pcap/Wednesday-21-02-2018/Wednesday-21-02-2018_179.pcap
Wednesday-21-02-2018,capEC2AMAZ-O4EL3NG-172.31.66.61.pcap,Wednesday-21-02-2018_180.pcap,01_pcap/Wednesday-21-02-2018/capEC2AMAZ-O4EL3NG-172.31.66.61.pcap,01_pcap/Wednesday-21-02-2018/Wednesday-21-02-2018_180.pcap
Wednesday-21-02-2018,capEC2AMAZ-O4EL3NG-172.31.66.64.pcap,Wednesday-21-02-2018_181.pcap,01_pcap/Wednesday-21-02-2018/capEC2AMAZ-O4EL3NG-172.31.66.64.pcap,01_pcap/Wednesday-21-02-2018/Wednesday-21-02-2018_181.pcap
Wednesday-21-02-2018,capEC2AMAZ-O4EL3NG-172.31.66.65.pcap,Wednesday-21-02-2018_182.pcap,01_pcap/Wednesday-21-02-2018/capEC2AMAZ-O4EL3NG-172.31.66.65.pcap,01_pcap/Wednesday-21-02-2018/Wednesday-21-02-2018_182.pcap
Wednesday-21-02-2018,capEC2AMAZ-O4EL3NG-172.31.66.66.pcap,Wednesday-21-02-2018_183.pcap,01_pcap/Wednesday-21-02-2018/capEC2AMAZ-O4EL3NG-172.31.66.66.pcap,01_pcap/Wednesday-21-02-2018/Wednesday-21-02-2018_183.pcap
Wednesday-21-02-2018,capEC2AMAZ-O4EL3NG-172.31.66.68.pcap,Wednesday-21-02-2018_184.pcap,01_pcap/Wednesday-21-02-2018/capEC2AMAZ-O4EL3NG-172.31.66.68.pcap,01_pcap/Wednesday-21-02-2018/Wednesday-21-02-2018_184.pcap
Wednesday-21-02-2018,capEC2AMAZ-O4EL3NG-172.31.66.70.pcap,Wednesday-21-02-2018_185.pcap,01_pcap/Wednesday-21-02-2018/capEC2AMAZ-O4EL3NG-172.31.66.70.pcap,01_pcap/Wednesday-21-02-2018/Wednesday-21-02-2018_185.pcap
Wednesday-21-02-2018,capEC2AMAZ-O4EL3NG-172.31.66.71.pcap,Wednesday-21-02-2018_186.pcap,01_pcap/Wednesday-21-02-2018/capEC2AMAZ-O4EL3NG-172.31.66.71.pcap,01_pcap/Wednesday-21-02-2018/Wednesday-21-02-2018_186.pcap
Wednesday-21-02-2018,capEC2AMAZ-O4EL3NG-172.31.66.73.pcap,Wednesday-21-02-2018_187.pcap,01_pcap/Wednesday-21-02-2018/capEC2AMAZ-O4EL3NG-172.31.66.73.pcap,01_pcap/Wednesday-21-02-2018/Wednesday-21-02-2018_187.pcap
Wednesday-21-02-2018,capEC2AMAZ-O4EL3NG-172.31.66.74.pcap,Wednesday-21-02-2018_188.pcap,01_pcap/Wednesday-21-02-2018/capEC2AMAZ-O4EL3NG-172.31.66.74.pcap,01_pcap/Wednesday-21-02-2018/Wednesday-21-02-2018_188.pcap
Wednesday-21-02-2018,capEC2AMAZ-O4EL3NG-172.31.66.75.pcap,Wednesday-21-02-2018_189.pcap,01_pcap/Wednesday-21-02-2018/capEC2AMAZ-O4EL3NG-172.31.66.75.pcap,01_pcap/Wednesday-21-02-2018/Wednesday-21-02-2018_189.pcap
Wednesday-21-02-2018,capEC2AMAZ-O4EL3NG-172.31.66.77.pcap,Wednesday-21-02-2018_190.pcap,01_pcap/Wednesday-21-02-2018/capEC2AMAZ-O4EL3NG-172.31.66.77.pcap,01_pcap/Wednesday-21-02-2018/Wednesday-21-02-2018_190.pcap
Wednesday-21-02-2018,capEC2AMAZ-O4EL3NG-172.31.66.78.pcap,Wednesday-21-02-2018_191.pcap,01_pcap/Wednesday-21-02-2018/capEC2AMAZ-O4EL3NG-172.31.66.78.pcap,01_pcap/Wednesday-21-02-2018/Wednesday-21-02-2018_191.pcap
Wednesday-21-02-2018,capEC2AMAZ-O4EL3NG-172.31.66.80.pcap,Wednesday-21-02-2018_192.pcap,01_pcap/Wednesday-21-02-2018/capEC2AMAZ-O4EL3NG-172.31.66.80.pcap,01_pcap/Wednesday-21-02-2018/Wednesday-21-02-2018_192.pcap
Wednesday-21-02-2018,capEC2AMAZ-O4EL3NG-172.31.66.81.pcap,Wednesday-21-02-2018_193.pcap,01_pcap/Wednesday-21-02-2018/capEC2AMAZ-O4EL3NG-172.31.66.81.pcap,01_pcap/Wednesday-21-02-2018/Wednesday-21-02-2018_193.pcap
Wednesday-21-02-2018,capEC2AMAZ-O4EL3NG-172.31.66.84.pcap,Wednesday-21-02-2018_194.pcap,01_pcap/Wednesday-21-02-2018/capEC2AMAZ-O4EL3NG-172.31.66.84.pcap,01_pcap/Wednesday-21-02-2018/Wednesday-21-02-2018_194.pcap
Wednesday-21-02-2018,capEC2AMAZ-O4EL3NG-172.31.66.86.pcap,Wednesday-21-02-2018_195.pcap,01_pcap/Wednesday-21-02-2018/capEC2AMAZ-O4EL3NG-172.31.66.86.pcap,01_pcap/Wednesday-21-02-2018/Wednesday-21-02-2018_195.pcap
Wednesday-21-02-2018,capEC2AMAZ-O4EL3NG-172.31.66.87.pcap,Wednesday-21-02-2018_196.pcap,01_pcap/Wednesday-21-02-2018/capEC2AMAZ-O4EL3NG-172.31.66.87.pcap,01_pcap/Wednesday-21-02-2018/Wednesday-21-02-2018_196.pcap
Wednesday-21-02-2018,capEC2AMAZ-O4EL3NG-172.31.66.91.pcap,Wednesday-21-02-2018_197.pcap,01_pcap/Wednesday-21-02-2018/capEC2AMAZ-O4EL3NG-172.31.66.91.pcap,01_pcap/Wednesday-21-02-2018/Wednesday-21-02-2018_197.pcap
Wednesday-21-02-2018,capEC2AMAZ-O4EL3NG-172.31.66.94.pcap,Wednesday-21-02-2018_198.pcap,01_pcap/Wednesday-21-02-2018/capEC2AMAZ-O4EL3NG-172.31.66.94.pcap,01_pcap/Wednesday-21-02-2018/Wednesday-21-02-2018_198.pcap
Wednesday-21-02-2018,capEC2AMAZ-O4EL3NG-172.31.66.95.pcap,Wednesday-21-02-2018_199.pcap,01_pcap/Wednesday-21-02-2018/capEC2AMAZ-O4EL3NG-172.31.66.95.pcap,01_pcap/Wednesday-21-02-2018/Wednesday-21-02-2018_199.pcap
Wednesday-21-02-2018,capEC2AMAZ-O4EL3NG-172.31.66.97.pcap,Wednesday-21-02-2018_200.pcap,01_pcap/Wednesday-21-02-2018/capEC2AMAZ-O4EL3NG-172.31.66.97.pcap,01_pcap/Wednesday-21-02-2018/Wednesday-21-02-2018_200.pcap
Wednesday-21-02-2018,capEC2AMAZ-O4EL3NG-172.31.66.98.pcap,Wednesday-21-02-2018_201.pcap,01_pcap/Wednesday-21-02-2018/capEC2AMAZ-O4EL3NG-172.31.66.98.pcap,01_pcap/Wednesday-21-02-2018/Wednesday-21-02-2018_201.pcap
Wednesday-21-02-2018,capEC2AMAZ-O4EL3NG-172.31.66.105.pcap,Wednesday-21-02-2018_202.pcap,01_pcap/Wednesday-21-02-2018/capEC2AMAZ-O4EL3NG-172.31.66.105.pcap,01_pcap/Wednesday-21-02-2018/Wednesday-21-02-2018_202.pcap
Wednesday-21-02-2018,capEC2AMAZ-O4EL3NG-172.31.66.107.pcap,Wednesday-21-02-2018_203.pcap,01_pcap/Wednesday-21-02-2018/capEC2AMAZ-O4EL3NG-172.31.66.107.pcap,01_pcap/Wednesday-21-02-2018/Wednesday-21-02-2018_203.pcap
Wednesday-21-02-2018,capEC2AMAZ-O4EL3NG-172.31.66.108.pcap,Wednesday-21-02-2018_204.pcap,01_pcap/Wednesday-21-02-2018/capEC2AMAZ-O4EL3NG-172.31.66.108.pcap,01_pcap/Wednesday-21-02-2018/Wednesday-21-02-2018_204.pcap
Wednesday-21-02-2018,capEC2AMAZ-O4EL3NG-172.31.66.109.pcap,Wednesday-21-02-2018_205.pcap,01_pcap/Wednesday-21-02-2018/capEC2AMAZ-O4EL3NG-172.31.66.109.pcap,01_pcap/Wednesday-21-02-2018/Wednesday-21-02-2018_205.pcap
Wednesday-21-02-2018,capEC2AMAZ-O4EL3NG-172.31.66.113.pcap,Wednesday-21-02-2018_206.pcap,01_pcap/Wednesday-21-02-2018/capEC2AMAZ-O4EL3NG-172.31.66.113.pcap,01_pcap/Wednesday-21-02-2018/Wednesday-21-02-2018_206.pcap
Wednesday-21-02-2018,capEC2AMAZ-O4EL3NG-172.31.66.116.pcap,Wednesday-21-02-2018_207.pcap,01_pcap/Wednesday-21-02-2018/capEC2AMAZ-O4EL3NG-172.31.66.116.pcap,01_pcap/Wednesday-21-02-2018/Wednesday-21-02-2018_207.pcap
Wednesday-21-02-2018,capEC2AMAZ-O4EL3NG-172.31.66.119.pcap,Wednesday-21-02-2018_208.pcap,01_pcap/Wednesday-21-02-2018/capEC2AMAZ-O4EL3NG-172.31.66.119.pcap,01_pcap/Wednesday-21-02-2018/Wednesday-21-02-2018_208.pcap
Wednesday-21-02-2018,capEC2AMAZ-O4EL3NG-172.31.66.122.pcap,Wednesday-21-02-2018_209.pcap,01_pcap/Wednesday-21-02-2018/capEC2AMAZ-O4EL3NG-172.31.66.122.pcap,01_pcap/Wednesday-21-02-2018/Wednesday-21-02-2018_209.pcap
Wednesday-21-02-2018,capEC2AMAZ-O4EL3NG-172.31.66.124.pcap,Wednesday-21-02-2018_210.pcap,01_pcap/Wednesday-21-02-2018/capEC2AMAZ-O4EL3NG-172.31.66.124.pcap,01_pcap/Wednesday-21-02-2018/Wednesday-21-02-2018_210.pcap
Wednesday-21-02-2018,capEC2AMAZ-O4EL3NG-172.31.67.6.pcap,Wednesday-21-02-2018_211.pcap,01_pcap/Wednesday-21-02-2018/capEC2AMAZ-O4EL3NG-172.31.67.6.pcap,01_pcap/Wednesday-21-02-2018/Wednesday-21-02-2018_211.pcap
Wednesday-21-02-2018,capEC2AMAZ-O4EL3NG-172.31.67.7.pcap,Wednesday-21-02-2018_212.pcap,01_pcap/Wednesday-21-02-2018/capEC2AMAZ-O4EL3NG-172.31.67.7.pcap,01_pcap/Wednesday-21-02-2018/Wednesday-21-02-2018_212.pcap
Wednesday-21-02-2018,capEC2AMAZ-O4EL3NG-172.31.67.12.pcap,Wednesday-21-02-2018_213.pcap,01_pcap/Wednesday-21-02-2018/capEC2AMAZ-O4EL3NG-172.31.67.12.pcap,01_pcap/Wednesday-21-02-2018/Wednesday-21-02-2018_213.pcap
Wednesday-21-02-2018,capEC2AMAZ-O4EL3NG-172.31.67.16.pcap,Wednesday-21-02-2018_214.pcap,01_pcap/Wednesday-21-02-2018/capEC2AMAZ-O4EL3NG-172.31.67.16.pcap,01_pcap/Wednesday-21-02-2018/Wednesday-21-02-2018_214.pcap
Wednesday-21-02-2018,capEC2AMAZ-O4EL3NG-172.31.67.17.pcap,Wednesday-21-02-2018_215.pcap,01_pcap/Wednesday-21-02-2018/capEC2AMAZ-O4EL3NG-172.31.67.17.pcap,01_pcap/Wednesday-21-02-2018/Wednesday-21-02-2018_215.pcap
Wednesday-21-02-2018,capEC2AMAZ-O4EL3NG-172.31.67.18.pcap,Wednesday-21-02-2018_216.pcap,01_pcap/Wednesday-21-02-2018/capEC2AMAZ-O4EL3NG-172.31.67.18.pcap,01_pcap/Wednesday-21-02-2018/Wednesday-21-02-2018_216.pcap
Wednesday-21-02-2018,capEC2AMAZ-O4EL3NG-172.31.67.20.pcap,Wednesday-21-02-2018_217.pcap,01_pcap/Wednesday-21-02-2018/capEC2AMAZ-O4EL3NG-172.31.67.20.pcap,01_pcap/Wednesday-21-02-2018/Wednesday-21-02-2018_217.pcap
Wednesday-21-02-2018,capEC2AMAZ-O4EL3NG-172.31.67.24.pcap,Wednesday-21-02-2018_218.pcap,01_pcap/Wednesday-21-02-2018/capEC2AMAZ-O4EL3NG-172.31.67.24.pcap,01_pcap/Wednesday-21-02-2018/Wednesday-21-02-2018_218.pcap
Wednesday-21-02-2018,capEC2AMAZ-O4EL3NG-172.31.67.29.pcap,Wednesday-21-02-2018_219.pcap,01_pcap/Wednesday-21-02-2018/capEC2AMAZ-O4EL3NG-172.31.67.29.pcap,01_pcap/Wednesday-21-02-2018/Wednesday-21-02-2018_219.pcap
Wednesday-21-02-2018,capEC2AMAZ-O4EL3NG-172.31.67.31.pcap,Wednesday-21-02-2018_220.pcap,01_pcap/Wednesday-21-02-2018/capEC2AMAZ-O4EL3NG-172.31.67.31.pcap,01_pcap/Wednesday-21-02-2018/Wednesday-21-02-2018_220.pcap
Wednesday-21-02-2018,capEC2AMAZ-O4EL3NG-172.31.67.37.pcap,Wednesday-21-02-2018_221.pcap,01_pcap/Wednesday-21-02-2018/capEC2AMAZ-O4EL3NG-172.31.67.37.pcap,01_pcap/Wednesday-21-02-2018/Wednesday-21-02-2018_221.pcap
Wednesday-21-02-2018,capEC2AMAZ-O4EL3NG-172.31.67.38.pcap,Wednesday-21-02-2018_222.pcap,01_pcap/Wednesday-21-02-2018/capEC2AMAZ-O4EL3NG-172.31.67.38.pcap,01_pcap/Wednesday-21-02-2018/Wednesday-21-02-2018_222.pcap
Wednesday-21-02-2018,capEC2AMAZ-O4EL3NG-172.31.67.42.pcap,Wednesday-21-02-2018_223.pcap,01_pcap/Wednesday-21-02-2018/capEC2AMAZ-O4EL3NG-172.31.67.42.pcap,01_pcap/Wednesday-21-02-2018/Wednesday-21-02-2018_223.pcap
Wednesday-21-02-2018,capEC2AMAZ-O4EL3NG-172.31.67.45.pcap,Wednesday-21-02-2018_224.pcap,01_pcap/Wednesday-21-02-2018/capEC2AMAZ-O4EL3NG-172.31.67.45.pcap,01_pcap/Wednesday-21-02-2018/Wednesday-21-02-2018_224.pcap
Wednesday-21-02-2018,capEC2AMAZ-O4EL3NG-172.31.67.47.pcap,Wednesday-21-02-2018_225.pcap,01_pcap/Wednesday-21-02-2018/capEC2AMAZ-O4EL3NG-172.31.67.47.pcap,01_pcap/Wednesday-21-02-2018/Wednesday-21-02-2018_225.pcap
Wednesday-21-02-2018,capEC2AMAZ-O4EL3NG-172.31.67.48.pcap,Wednesday-21-02-2018_226.pcap,01_pcap/Wednesday-21-02-2018/capEC2AMAZ-O4EL3NG-172.31.67.48.pcap,01_pcap/Wednesday-21-02-2018/Wednesday-21-02-2018_226.pcap
Wednesday-21-02-2018,capEC2AMAZ-O4EL3NG-172.31.67.52.pcap,Wednesday-21-02-2018_227.pcap,01_pcap/Wednesday-21-02-2018/capEC2AMAZ-O4EL3NG-172.31.67.52.pcap,01_pcap/Wednesday-21-02-2018/Wednesday-21-02-2018_227.pcap
Wednesday-21-02-2018,capEC2AMAZ-O4EL3NG-172.31.67.53.pcap,Wednesday-21-02-2018_228.pcap,01_pcap/Wednesday-21-02-2018/capEC2AMAZ-O4EL3NG-172.31.67.53.pcap,01_pcap/Wednesday-21-02-2018/Wednesday-21-02-2018_228.pcap
Wednesday-21-02-2018,capEC2AMAZ-O4EL3NG-172.31.67.57.pcap,Wednesday-21-02-2018_229.pcap,01_pcap/Wednesday-21-02-2018/capEC2AMAZ-O4EL3NG-172.31.67.57.pcap,01_pcap/Wednesday-21-02-2018/Wednesday-21-02-2018_229.pcap
Wednesday-21-02-2018,capEC2AMAZ-O4EL3NG-172.31.67.58.pcap,Wednesday-21-02-2018_230.pcap,01_pcap/Wednesday-21-02-2018/capEC2AMAZ-O4EL3NG-172.31.67.58.pcap,01_pcap/Wednesday-21-02-2018/Wednesday-21-02-2018_230.pcap
Wednesday-21-02-2018,capEC2AMAZ-O4EL3NG-172.31.67.60.pcap,Wednesday-21-02-2018_231.pcap,01_pcap/Wednesday-21-02-2018/capEC2AMAZ-O4EL3NG-172.31.67.60.pcap,01_pcap/Wednesday-21-02-2018/Wednesday-21-02-2018_231.pcap
Wednesday-21-02-2018,capEC2AMAZ-O4EL3NG-172.31.67.61.pcap,Wednesday-21-02-2018_232.pcap,01_pcap/Wednesday-21-02-2018/capEC2AMAZ-O4EL3NG-172.31.67.61.pcap,01_pcap/Wednesday-21-02-2018/Wednesday-21-02-2018_232.pcap
Wednesday-21-02-2018,capEC2AMAZ-O4EL3NG-172.31.67.64.pcap,Wednesday-21-02-2018_233.pcap,01_pcap/Wednesday-21-02-2018/capEC2AMAZ-O4EL3NG-172.31.67.64.pcap,01_pcap/Wednesday-21-02-2018/Wednesday-21-02-2018_233.pcap
Wednesday-21-02-2018,capEC2AMAZ-O4EL3NG-172.31.67.66.pcap,Wednesday-21-02-2018_234.pcap,01_pcap/Wednesday-21-02-2018/capEC2AMAZ-O4EL3NG-172.31.67.66.pcap,01_pcap/Wednesday-21-02-2018/Wednesday-21-02-2018_234.pcap
Wednesday-21-02-2018,capEC2AMAZ-O4EL3NG-172.31.67.67.pcap,Wednesday-21-02-2018_235.pcap,01_pcap/Wednesday-21-02-2018/capEC2AMAZ-O4EL3NG-172.31.67.67.pcap,01_pcap/Wednesday-21-02-2018/Wednesday-21-02-2018_235.pcap
Wednesday-21-02-2018,capEC2AMAZ-O4EL3NG-172.31.67.73.pcap,Wednesday-21-02-2018_236.pcap,01_pcap/Wednesday-21-02-2018/capEC2AMAZ-O4EL3NG-172.31.67.73.pcap,01_pcap/Wednesday-21-02-2018/Wednesday-21-02-2018_236.pcap
Wednesday-21-02-2018,capEC2AMAZ-O4EL3NG-172.31.67.75.pcap,Wednesday-21-02-2018_237.pcap,01_pcap/Wednesday-21-02-2018/capEC2AMAZ-O4EL3NG-172.31.67.75.pcap,01_pcap/Wednesday-21-02-2018/Wednesday-21-02-2018_237.pcap
Wednesday-21-02-2018,capEC2AMAZ-O4EL3NG-172.31.67.77.pcap,Wednesday-21-02-2018_238.pcap,01_pcap/Wednesday-21-02-2018/capEC2AMAZ-O4EL3NG-172.31.67.77.pcap,01_pcap/Wednesday-21-02-2018/Wednesday-21-02-2018_238.pcap
Wednesday-21-02-2018,capEC2AMAZ-O4EL3NG-172.31.67.91.pcap,Wednesday-21-02-2018_239.pcap,01_pcap/Wednesday-21-02-2018/capEC2AMAZ-O4EL3NG-172.31.67.91.pcap,01_pcap/Wednesday-21-02-2018/Wednesday-21-02-2018_239.pcap
Wednesday-21-02-2018,capEC2AMAZ-O4EL3NG-172.31.67.92.pcap,Wednesday-21-02-2018_240.pcap,01_pcap/Wednesday-21-02-2018/capEC2AMAZ-O4EL3NG-172.31.67.92.pcap,01_pcap/Wednesday-21-02-2018/Wednesday-21-02-2018_240.pcap
Wednesday-21-02-2018,capEC2AMAZ-O4EL3NG-172.31.67.96.pcap,Wednesday-21-02-2018_241.pcap,01_pcap/Wednesday-21-02-2018/capEC2AMAZ-O4EL3NG-172.31.67.96.pcap,01_pcap/Wednesday-21-02-2018/Wednesday-21-02-2018_241.pcap
Wednesday-21-02-2018,capEC2AMAZ-O4EL3NG-172.31.67.99.pcap,Wednesday-21-02-2018_242.pcap,01_pcap/Wednesday-21-02-2018/capEC2AMAZ-O4EL3NG-172.31.67.99.pcap,01_pcap/Wednesday-21-02-2018/Wednesday-21-02-2018_242.pcap
Wednesday-21-02-2018,capEC2AMAZ-O4EL3NG-172.31.67.100.pcap,Wednesday-21-02-2018_243.pcap,01_pcap/Wednesday-21-02-2018/capEC2AMAZ-O4EL3NG-172.31.67.100.pcap,01_pcap/Wednesday-21-02-2018/Wednesday-21-02-2018_243.pcap
Wednesday-21-02-2018,capEC2AMAZ-O4EL3NG-172.31.67.112.pcap,Wednesday-21-02-2018_244.pcap,01_pcap/Wednesday-21-02-2018/capEC2AMAZ-O4EL3NG-172.31.67.112.pcap,01_pcap/Wednesday-21-02-2018/Wednesday-21-02-2018_244.pcap
Wednesday-21-02-2018,capEC2AMAZ-O4EL3NG-172.31.67.113.pcap,Wednesday-21-02-2018_245.pcap,01_pcap/Wednesday-21-02-2018/capEC2AMAZ-O4EL3NG-172.31.67.113.pcap,01_pcap/Wednesday-21-02-2018/Wednesday-21-02-2018_245.pcap
Wednesday-21-02-2018,capEC2AMAZ-O4EL3NG-172.31.67.117.pcap,Wednesday-21-02-2018_246.pcap,01_pcap/Wednesday-21-02-2018/capEC2AMAZ-O4EL3NG-172.31.67.117.pcap,01_pcap/Wednesday-21-02-2018/Wednesday-21-02-2018_246.pcap
Wednesday-21-02-2018,capEC2AMAZ-O4EL3NG-172.31.67.120.pcap,Wednesday-21-02-2018_247.pcap,01_pcap/Wednesday-21-02-2018/capEC2AMAZ-O4EL3NG-172.31.67.120.pcap,01_pcap/Wednesday-21-02-2018/Wednesday-21-02-2018_247.pcap
Wednesday-21-02-2018,capEC2AMAZ-O4EL3NG-172.31.67.122.pcap,Wednesday-21-02-2018_248.pcap,01_pcap/Wednesday-21-02-2018/capEC2AMAZ-O4EL3NG-172.31.67.122.pcap,01_pcap/Wednesday-21-02-2018/Wednesday-21-02-2018_248.pcap
Wednesday-21-02-2018,capEC2AMAZ-O4EL3NG-172.31.67.126.pcap,Wednesday-21-02-2018_249.pcap,01_pcap/Wednesday-21-02-2018/capEC2AMAZ-O4EL3NG-172.31.67.126.pcap,01_pcap/Wednesday-21-02-2018/Wednesday-21-02-2018_249.pcap
Wednesday-21-02-2018,capEC2AMAZ-O4EL3NG-172.31.68.4.pcap,Wednesday-21-02-2018_250.pcap,01_pcap/Wednesday-21-02-2018/capEC2AMAZ-O4EL3NG-172.31.68.4.pcap,01_pcap/Wednesday-21-02-2018/Wednesday-21-02-2018_250.pcap
Wednesday-21-02-2018,capEC2AMAZ-O4EL3NG-172.31.68.5.pcap,Wednesday-21-02-2018_251.pcap,01_pcap/Wednesday-21-02-2018/capEC2AMAZ-O4EL3NG-172.31.68.5.pcap,01_pcap/Wednesday-21-02-2018/Wednesday-21-02-2018_251.pcap
Wednesday-21-02-2018,capEC2AMAZ-O4EL3NG-172.31.68.6.pcap,Wednesday-21-02-2018_252.pcap,01_pcap/Wednesday-21-02-2018/capEC2AMAZ-O4EL3NG-172.31.68.6.pcap,01_pcap/Wednesday-21-02-2018/Wednesday-21-02-2018_252.pcap
Wednesday-21-02-2018,capEC2AMAZ-O4EL3NG-172.31.68.8.pcap,Wednesday-21-02-2018_253.pcap,01_pcap/Wednesday-21-02-2018/capEC2AMAZ-O4EL3NG-172.31.68.8.pcap,01_pcap/Wednesday-21-02-2018/Wednesday-21-02-2018_253.pcap
Wednesday-21-02-2018,capEC2AMAZ-O4EL3NG-172.31.68.9.pcap,Wednesday-21-02-2018_254.pcap,01_pcap/Wednesday-21-02-2018/capEC2AMAZ-O4EL3NG-172.31.68.9.pcap,01_pcap/Wednesday-21-02-2018/Wednesday-21-02-2018_254.pcap
Wednesday-21-02-2018,capEC2AMAZ-O4EL3NG-172.31.68.10.pcap,Wednesday-21-02-2018_255.pcap,01_pcap/Wednesday-21-02-2018/capEC2AMAZ-O4EL3NG-172.31.68.10.pcap,01_pcap/Wednesday-21-02-2018/Wednesday-21-02-2018_255.pcap
Wednesday-21-02-2018,capEC2AMAZ-O4EL3NG-172.31.68.11.pcap,Wednesday-21-02-2018_256.pcap,01_pcap/Wednesday-21-02-2018/capEC2AMAZ-O4EL3NG-172.31.68.11.pcap,01_pcap/Wednesday-21-02-2018/Wednesday-21-02-2018_256.pcap
Wednesday-21-02-2018,capEC2AMAZ-O4EL3NG-172.31.68.12.pcap,Wednesday-21-02-2018_257.pcap,01_pcap/Wednesday-21-02-2018/capEC2AMAZ-O4EL3NG-172.31.68.12.pcap,01_pcap/Wednesday-21-02-2018/Wednesday-21-02-2018_257.pcap
Wednesday-21-02-2018,capEC2AMAZ-O4EL3NG-172.31.68.13.pcap,Wednesday-21-02-2018_258.pcap,01_pcap/Wednesday-21-02-2018/capEC2AMAZ-O4EL3NG-172.31.68.13.pcap,01_pcap/Wednesday-21-02-2018/Wednesday-21-02-2018_258.pcap
Wednesday-21-02-2018,capEC2AMAZ-O4EL3NG-172.31.68.14.pcap,Wednesday-21-02-2018_259.pcap,01_pcap/Wednesday-21-02-2018/capEC2AMAZ-O4EL3NG-172.31.68.14.pcap,01_pcap/Wednesday-21-02-2018/Wednesday-21-02-2018_259.pcap
Wednesday-21-02-2018,capEC2AMAZ-O4EL3NG-172.31.68.15.pcap,Wednesday-21-02-2018_260.pcap,01_pcap/Wednesday-21-02-2018/capEC2AMAZ-O4EL3NG-172.31.68.15.pcap,01_pcap/Wednesday-21-02-2018/Wednesday-21-02-2018_260.pcap
Wednesday-21-02-2018,capEC2AMAZ-O4EL3NG-172.31.68.18.pcap,Wednesday-21-02-2018_261.pcap,01_pcap/Wednesday-21-02-2018/capEC2AMAZ-O4EL3NG-172.31.68.18.pcap,01_pcap/Wednesday-21-02-2018/Wednesday-21-02-2018_261.pcap
Wednesday-21-02-2018,capEC2AMAZ-O4EL3NG-172.31.68.19.pcap,Wednesday-21-02-2018_262.pcap,01_pcap/Wednesday-21-02-2018/capEC2AMAZ-O4EL3NG-172.31.68.19.pcap,01_pcap/Wednesday-21-02-2018/Wednesday-21-02-2018_262.pcap
Wednesday-21-02-2018,capEC2AMAZ-O4EL3NG-172.31.68.20.pcap,Wednesday-21-02-2018_263.pcap,01_pcap/Wednesday-21-02-2018/capEC2AMAZ-O4EL3NG-172.31.68.20.pcap,01_pcap/Wednesday-21-02-2018/Wednesday-21-02-2018_263.pcap
Wednesday-21-02-2018,capEC2AMAZ-O4EL3NG-172.31.68.21.pcap,Wednesday-21-02-2018_264.pcap,01_pcap/Wednesday-21-02-2018/capEC2AMAZ-O4EL3NG-172.31.68.21.pcap,01_pcap/Wednesday-21-02-2018/Wednesday-21-02-2018_264.pcap
Wednesday-21-02-2018,capEC2AMAZ-O4EL3NG-172.31.68.23.pcap,Wednesday-21-02-2018_265.pcap,01_pcap/Wednesday-21-02-2018/capEC2AMAZ-O4EL3NG-172.31.68.23.pcap,01_pcap/Wednesday-21-02-2018/Wednesday-21-02-2018_265.pcap
Wednesday-21-02-2018,capEC2AMAZ-O4EL3NG-172.31.68.25.pcap,Wednesday-21-02-2018_266.pcap,01_pcap/Wednesday-21-02-2018/capEC2AMAZ-O4EL3NG-172.31.68.25.pcap,01_pcap/Wednesday-21-02-2018/Wednesday-21-02-2018_266.pcap
Wednesday-21-02-2018,capEC2AMAZ-O4EL3NG-172.31.68.26.pcap,Wednesday-21-02-2018_267.pcap,01_pcap/Wednesday-21-02-2018/capEC2AMAZ-O4EL3NG-172.31.68.26.pcap,01_pcap/Wednesday-21-02-2018/Wednesday-21-02-2018_267.pcap
Wednesday-21-02-2018,capEC2AMAZ-O4EL3NG-172.31.68.28.pcap,Wednesday-21-02-2018_268.pcap,01_pcap/Wednesday-21-02-2018/capEC2AMAZ-O4EL3NG-172.31.68.28.pcap,01_pcap/Wednesday-21-02-2018/Wednesday-21-02-2018_268.pcap
Wednesday-21-02-2018,capEC2AMAZ-O4EL3NG-172.31.68.30.pcap,Wednesday-21-02-2018_269.pcap,01_pcap/Wednesday-21-02-2018/capEC2AMAZ-O4EL3NG-172.31.68.30.pcap,01_pcap/Wednesday-21-02-2018/Wednesday-21-02-2018_269.pcap
Wednesday-21-02-2018,capEC2AMAZ-O4EL3NG-172.31.69.4.pcap,Wednesday-21-02-2018_270.pcap,01_pcap/Wednesday-21-02-2018/capEC2AMAZ-O4EL3NG-172.31.69.4.pcap,01_pcap/Wednesday-21-02-2018/Wednesday-21-02-2018_270.pcap
Wednesday-21-02-2018,capEC2AMAZ-O4EL3NG-172.31.69.5.pcap,Wednesday-21-02-2018_271.pcap,01_pcap/Wednesday-21-02-2018/capEC2AMAZ-O4EL3NG-172.31.69.5.pcap,01_pcap/Wednesday-21-02-2018/Wednesday-21-02-2018_271.pcap
Wednesday-21-02-2018,capEC2AMAZ-O4EL3NG-172.31.69.6.pcap,Wednesday-21-02-2018_272.pcap,01_pcap/Wednesday-21-02-2018/capEC2AMAZ-O4EL3NG-172.31.69.6.pcap,01_pcap/Wednesday-21-02-2018/Wednesday-21-02-2018_272.pcap
Wednesday-21-02-2018,capEC2AMAZ-O4EL3NG-172.31.69.8.pcap,Wednesday-21-02-2018_273.pcap,01_pcap/Wednesday-21-02-2018/capEC2AMAZ-O4EL3NG-172.31.69.8.pcap,01_pcap/Wednesday-21-02-2018/Wednesday-21-02-2018_273.pcap
Wednesday-21-02-2018,capEC2AMAZ-O4EL3NG-172.31.69.9.pcap,Wednesday-21-02-2018_274.pcap,01_pcap/Wednesday-21-02-2018/capEC2AMAZ-O4EL3NG-172.31.69.9.pcap,01_pcap/Wednesday-21-02-2018/Wednesday-21-02-2018_274.pcap
Wednesday-21-02-2018,capEC2AMAZ-O4EL3NG-172.31.69.10.pcap,Wednesday-21-02-2018_275.pcap,01_pcap/Wednesday-21-02-2018/capEC2AMAZ-O4EL3NG-172.31.69.10.pcap,01_pcap/Wednesday-21-02-2018/Wednesday-21-02-2018_275.pcap
Wednesday-21-02-2018,capEC2AMAZ-O4EL3NG-172.31.69.11.pcap,Wednesday-21-02-2018_276.pcap,01_pcap/Wednesday-21-02-2018/capEC2AMAZ-O4EL3NG-172.31.69.11.pcap,01_pcap/Wednesday-21-02-2018/Wednesday-21-02-2018_276.pcap
Wednesday-21-02-2018,capEC2AMAZ-O4EL3NG-172.31.69.12.pcap,Wednesday-21-02-2018_277.pcap,01_pcap/Wednesday-21-02-2018/capEC2AMAZ-O4EL3NG-172.31.69.12.pcap,01_pcap/Wednesday-21-02-2018/Wednesday-21-02-2018_277.pcap
Wednesday-21-02-2018,capEC2AMAZ-O4EL3NG-172.31.69.13.pcap,Wednesday-21-02-2018_278.pcap,01_pcap/Wednesday-21-02-2018/capEC2AMAZ-O4EL3NG-172.31.69.13.pcap,01_pcap/Wednesday-21-02-2018/Wednesday-21-02-2018_278.pcap
Wednesday-21-02-2018,capEC2AMAZ-O4EL3NG-172.31.69.14.pcap,Wednesday-21-02-2018_279.pcap,01_pcap/Wednesday-21-02-2018/capEC2AMAZ-O4EL3NG-172.31.69.14.pcap,01_pcap/Wednesday-21-02-2018/Wednesday-21-02-2018_279.pcap
Wednesday-21-02-2018,capEC2AMAZ-O4EL3NG-172.31.69.16.pcap,Wednesday-21-02-2018_280.pcap,01_pcap/Wednesday-21-02-2018/capEC2AMAZ-O4EL3NG-172.31.69.16.pcap,01_pcap/Wednesday-21-02-2018/Wednesday-21-02-2018_280.pcap
Wednesday-21-02-2018,capEC2AMAZ-O4EL3NG-172.31.69.17.pcap,Wednesday-21-02-2018_281.pcap,01_pcap/Wednesday-21-02-2018/capEC2AMAZ-O4EL3NG-172.31.69.17.pcap,01_pcap/Wednesday-21-02-2018/Wednesday-21-02-2018_281.pcap
Wednesday-21-02-2018,capEC2AMAZ-O4EL3NG-172.31.69.19.pcap,Wednesday-21-02-2018_282.pcap,01_pcap/Wednesday-21-02-2018/capEC2AMAZ-O4EL3NG-172.31.69.19.pcap,01_pcap/Wednesday-21-02-2018/Wednesday-21-02-2018_282.pcap
Wednesday-21-02-2018,capEC2AMAZ-O4EL3NG-172.31.69.20.pcap,Wednesday-21-02-2018_283.pcap,01_pcap/Wednesday-21-02-2018/capEC2AMAZ-O4EL3NG-172.31.69.20.pcap,01_pcap/Wednesday-21-02-2018/Wednesday-21-02-2018_283.pcap
Wednesday-21-02-2018,capEC2AMAZ-O4EL3NG-172.31.69.23.pcap,Wednesday-21-02-2018_284.pcap,01_pcap/Wednesday-21-02-2018/capEC2AMAZ-O4EL3NG-172.31.69.23.pcap,01_pcap/Wednesday-21-02-2018/Wednesday-21-02-2018_284.pcap
Wednesday-21-02-2018,capEC2AMAZ-O4EL3NG-172.31.69.24.pcap,Wednesday-21-02-2018_285.pcap,01_pcap/Wednesday-21-02-2018/capEC2AMAZ-O4EL3NG-172.31.69.24.pcap,01_pcap/Wednesday-21-02-2018/Wednesday-21-02-2018_285.pcap
Wednesday-21-02-2018,capEC2AMAZ-O4EL3NG-172.31.69.26.pcap,Wednesday-21-02-2018_286.pcap,01_pcap/Wednesday-21-02-2018/capEC2AMAZ-O4EL3NG-172.31.69.26.pcap,01_pcap/Wednesday-21-02-2018/Wednesday-21-02-2018_286.pcap
Wednesday-21-02-2018,capEC2AMAZ-O4EL3NG-172.31.69.29.pcap,Wednesday-21-02-2018_287.pcap,01_pcap/Wednesday-21-02-2018/capEC2AMAZ-O4EL3NG-172.31.69.29.pcap,01_pcap/Wednesday-21-02-2018/Wednesday-21-02-2018_287.pcap
Wednesday-21-02-2018,capEC2AMAZ-O4EL3NG-172.31.69.30.pcap,Wednesday-21-02-2018_288.pcap,01_pcap/Wednesday-21-02-2018/capEC2AMAZ-O4EL3NG-172.31.69.30.pcap,01_pcap/Wednesday-21-02-2018/Wednesday-21-02-2018_288.pcap
Wednesday-21-02-2018,capPC1-172.31.64.15.pcap,Wednesday-21-02-2018_289.pcap,01_pcap/Wednesday-21-02-2018/capPC1-172.31.64.15.pcap,01_pcap/Wednesday-21-02-2018/Wednesday-21-02-2018_289.pcap
Wednesday-21-02-2018,capPC1-172.31.64.18.pcap,Wednesday-21-02-2018_290.pcap,01_pcap/Wednesday-21-02-2018/capPC1-172.31.64.18.pcap,01_pcap/Wednesday-21-02-2018/Wednesday-21-02-2018_290.pcap
Wednesday-21-02-2018,capPC1-172.31.64.21.pcap,Wednesday-21-02-2018_291.pcap,01_pcap/Wednesday-21-02-2018/capPC1-172.31.64.21.pcap,01_pcap/Wednesday-21-02-2018/Wednesday-21-02-2018_291.pcap
Wednesday-21-02-2018,capPC1-172.31.64.23.pcap,Wednesday-21-02-2018_292.pcap,01_pcap/Wednesday-21-02-2018/capPC1-172.31.64.23.pcap,01_pcap/Wednesday-21-02-2018/Wednesday-21-02-2018_292.pcap
Wednesday-21-02-2018,capPC1-172.31.64.31.pcap,Wednesday-21-02-2018_293.pcap,01_pcap/Wednesday-21-02-2018/capPC1-172.31.64.31.pcap,01_pcap/Wednesday-21-02-2018/Wednesday-21-02-2018_293.pcap
Wednesday-21-02-2018,capPC1-172.31.64.32.pcap,Wednesday-21-02-2018_294.pcap,01_pcap/Wednesday-21-02-2018/capPC1-172.31.64.32.pcap,01_pcap/Wednesday-21-02-2018/Wednesday-21-02-2018_294.pcap
Wednesday-21-02-2018,capPC1-172.31.64.33.pcap,Wednesday-21-02-2018_295.pcap,01_pcap/Wednesday-21-02-2018/capPC1-172.31.64.33.pcap,01_pcap/Wednesday-21-02-2018/Wednesday-21-02-2018_295.pcap
Wednesday-21-02-2018,capPC1-172.31.64.34.pcap,Wednesday-21-02-2018_296.pcap,01_pcap/Wednesday-21-02-2018/capPC1-172.31.64.34.pcap,01_pcap/Wednesday-21-02-2018/Wednesday-21-02-2018_296.pcap
Wednesday-21-02-2018,capPC1-172.31.64.37.pcap,Wednesday-21-02-2018_297.pcap,01_pcap/Wednesday-21-02-2018/capPC1-172.31.64.37.pcap,01_pcap/Wednesday-21-02-2018/Wednesday-21-02-2018_297.pcap
Wednesday-21-02-2018,capPC1-172.31.64.40.pcap,Wednesday-21-02-2018_298.pcap,01_pcap/Wednesday-21-02-2018/capPC1-172.31.64.40.pcap,01_pcap/Wednesday-21-02-2018/Wednesday-21-02-2018_298.pcap
Wednesday-21-02-2018,capPC1-172.31.64.41.pcap,Wednesday-21-02-2018_299.pcap,01_pcap/Wednesday-21-02-2018/capPC1-172.31.64.41.pcap,01_pcap/Wednesday-21-02-2018/Wednesday-21-02-2018_299.pcap
Wednesday-21-02-2018,capPC1-172.31.64.48.pcap,Wednesday-21-02-2018_300.pcap,01_pcap/Wednesday-21-02-2018/capPC1-172.31.64.48.pcap,01_pcap/Wednesday-21-02-2018/Wednesday-21-02-2018_300.pcap
Wednesday-21-02-2018,capPC1-172.31.64.52.pcap,Wednesday-21-02-2018_301.pcap,01_pcap/Wednesday-21-02-2018/capPC1-172.31.64.52.pcap,01_pcap/Wednesday-21-02-2018/Wednesday-21-02-2018_301.pcap
Wednesday-21-02-2018,capPC1-172.31.64.64.pcap,Wednesday-21-02-2018_302.pcap,01_pcap/Wednesday-21-02-2018/capPC1-172.31.64.64.pcap,01_pcap/Wednesday-21-02-2018/Wednesday-21-02-2018_302.pcap
Wednesday-21-02-2018,capPC1-172.31.64.94.pcap,Wednesday-21-02-2018_303.pcap,01_pcap/Wednesday-21-02-2018/capPC1-172.31.64.94.pcap,01_pcap/Wednesday-21-02-2018/Wednesday-21-02-2018_303.pcap
Wednesday-21-02-2018,capPC1-172.31.64.97.pcap,Wednesday-21-02-2018_304.pcap,01_pcap/Wednesday-21-02-2018/capPC1-172.31.64.97.pcap,01_pcap/Wednesday-21-02-2018/Wednesday-21-02-2018_304.pcap
Wednesday-21-02-2018,capPC1-172.31.64.106.pcap,Wednesday-21-02-2018_305.pcap,01_pcap/Wednesday-21-02-2018/capPC1-172.31.64.106.pcap,01_pcap/Wednesday-21-02-2018/Wednesday-21-02-2018_305.pcap
Wednesday-21-02-2018,capPC1-172.31.64.113.pcap,Wednesday-21-02-2018_306.pcap,01_pcap/Wednesday-21-02-2018/capPC1-172.31.64.113.pcap,01_pcap/Wednesday-21-02-2018/Wednesday-21-02-2018_306.pcap
Wednesday-21-02-2018,capPC1-172.31.64.114.pcap,Wednesday-21-02-2018_307.pcap,01_pcap/Wednesday-21-02-2018/capPC1-172.31.64.114.pcap,01_pcap/Wednesday-21-02-2018/Wednesday-21-02-2018_307.pcap
Wednesday-21-02-2018,capPC1-172.31.64.116.pcap,Wednesday-21-02-2018_308.pcap,01_pcap/Wednesday-21-02-2018/capPC1-172.31.64.116.pcap,01_pcap/Wednesday-21-02-2018/Wednesday-21-02-2018_308.pcap
Wednesday-21-02-2018,capPC1-172.31.64.121.pcap,Wednesday-21-02-2018_309.pcap,01_pcap/Wednesday-21-02-2018/capPC1-172.31.64.121.pcap,01_pcap/Wednesday-21-02-2018/Wednesday-21-02-2018_309.pcap
Wednesday-21-02-2018,capPC1-172.31.65.6.pcap,Wednesday-21-02-2018_310.pcap,01_pcap/Wednesday-21-02-2018/capPC1-172.31.65.6.pcap,01_pcap/Wednesday-21-02-2018/Wednesday-21-02-2018_310.pcap
Wednesday-21-02-2018,capPC1-172.31.65.13.pcap,Wednesday-21-02-2018_311.pcap,01_pcap/Wednesday-21-02-2018/capPC1-172.31.65.13.pcap,01_pcap/Wednesday-21-02-2018/Wednesday-21-02-2018_311.pcap
Wednesday-21-02-2018,capPC1-172.31.65.16.pcap,Wednesday-21-02-2018_312.pcap,01_pcap/Wednesday-21-02-2018/capPC1-172.31.65.16.pcap,01_pcap/Wednesday-21-02-2018/Wednesday-21-02-2018_312.pcap
Wednesday-21-02-2018,capPC1-172.31.65.20.pcap,Wednesday-21-02-2018_313.pcap,01_pcap/Wednesday-21-02-2018/capPC1-172.31.65.20.pcap,01_pcap/Wednesday-21-02-2018/Wednesday-21-02-2018_313.pcap
Wednesday-21-02-2018,capPC1-172.31.65.25.pcap,Wednesday-21-02-2018_314.pcap,01_pcap/Wednesday-21-02-2018/capPC1-172.31.65.25.pcap,01_pcap/Wednesday-21-02-2018/Wednesday-21-02-2018_314.pcap
Wednesday-21-02-2018,capPC1-172.31.65.49.pcap,Wednesday-21-02-2018_315.pcap,01_pcap/Wednesday-21-02-2018/capPC1-172.31.65.49.pcap,01_pcap/Wednesday-21-02-2018/Wednesday-21-02-2018_315.pcap
Wednesday-21-02-2018,capPC1-172.31.65.61.pcap,Wednesday-21-02-2018_316.pcap,01_pcap/Wednesday-21-02-2018/capPC1-172.31.65.61.pcap,01_pcap/Wednesday-21-02-2018/Wednesday-21-02-2018_316.pcap
Wednesday-21-02-2018,capPC1-172.31.65.67.pcap,Wednesday-21-02-2018_317.pcap,01_pcap/Wednesday-21-02-2018/capPC1-172.31.65.67.pcap,01_pcap/Wednesday-21-02-2018/Wednesday-21-02-2018_317.pcap
Wednesday-21-02-2018,capPC1-172.31.65.68.pcap,Wednesday-21-02-2018_318.pcap,01_pcap/Wednesday-21-02-2018/capPC1-172.31.65.68.pcap,01_pcap/Wednesday-21-02-2018/Wednesday-21-02-2018_318.pcap
Wednesday-21-02-2018,capPC1-172.31.65.77.pcap,Wednesday-21-02-2018_319.pcap,01_pcap/Wednesday-21-02-2018/capPC1-172.31.65.77.pcap,01_pcap/Wednesday-21-02-2018/Wednesday-21-02-2018_319.pcap
Wednesday-21-02-2018,capPC1-172.31.65.79.pcap,Wednesday-21-02-2018_320.pcap,01_pcap/Wednesday-21-02-2018/capPC1-172.31.65.79.pcap,01_pcap/Wednesday-21-02-2018/Wednesday-21-02-2018_320.pcap
Wednesday-21-02-2018,capPC1-172.31.65.80.pcap,Wednesday-21-02-2018_321.pcap,01_pcap/Wednesday-21-02-2018/capPC1-172.31.65.80.pcap,01_pcap/Wednesday-21-02-2018/Wednesday-21-02-2018_321.pcap
Wednesday-21-02-2018,capPC1-172.31.65.83.pcap,Wednesday-21-02-2018_322.pcap,01_pcap/Wednesday-21-02-2018/capPC1-172.31.65.83.pcap,01_pcap/Wednesday-21-02-2018/Wednesday-21-02-2018_322.pcap
Wednesday-21-02-2018,capPC1-172.31.65.100.pcap,Wednesday-21-02-2018_323.pcap,01_pcap/Wednesday-21-02-2018/capPC1-172.31.65.100.pcap,01_pcap/Wednesday-21-02-2018/Wednesday-21-02-2018_323.pcap
Wednesday-21-02-2018,capPC1-172.31.65.117.pcap,Wednesday-21-02-2018_324.pcap,01_pcap/Wednesday-21-02-2018/capPC1-172.31.65.117.pcap,01_pcap/Wednesday-21-02-2018/Wednesday-21-02-2018_324.pcap
Wednesday-21-02-2018,capPC1-172.31.66.9.pcap,Wednesday-21-02-2018_325.pcap,01_pcap/Wednesday-21-02-2018/capPC1-172.31.66.9.pcap,01_pcap/Wednesday-21-02-2018/Wednesday-21-02-2018_325.pcap
Wednesday-21-02-2018,capPC1-172.31.66.10.pcap,Wednesday-21-02-2018_326.pcap,01_pcap/Wednesday-21-02-2018/capPC1-172.31.66.10.pcap,01_pcap/Wednesday-21-02-2018/Wednesday-21-02-2018_326.pcap
Wednesday-21-02-2018,capPC1-172.31.66.15.pcap,Wednesday-21-02-2018_327.pcap,01_pcap/Wednesday-21-02-2018/capPC1-172.31.66.15.pcap,01_pcap/Wednesday-21-02-2018/Wednesday-21-02-2018_327.pcap
Wednesday-21-02-2018,capPC1-172.31.66.19.pcap,Wednesday-21-02-2018_328.pcap,01_pcap/Wednesday-21-02-2018/capPC1-172.31.66.19.pcap,01_pcap/Wednesday-21-02-2018/Wednesday-21-02-2018_328.pcap
Wednesday-21-02-2018,capPC1-172.31.66.24.pcap,Wednesday-21-02-2018_329.pcap,01_pcap/Wednesday-21-02-2018/capPC1-172.31.66.24.pcap,01_pcap/Wednesday-21-02-2018/Wednesday-21-02-2018_329.pcap
Wednesday-21-02-2018,capPC1-172.31.66.46.pcap,Wednesday-21-02-2018_330.pcap,01_pcap/Wednesday-21-02-2018/capPC1-172.31.66.46.pcap,01_pcap/Wednesday-21-02-2018/Wednesday-21-02-2018_330.pcap
Wednesday-21-02-2018,capPC1-172.31.66.58.pcap,Wednesday-21-02-2018_331.pcap,01_pcap/Wednesday-21-02-2018/capPC1-172.31.66.58.pcap,01_pcap/Wednesday-21-02-2018/Wednesday-21-02-2018_331.pcap
Wednesday-21-02-2018,capPC1-172.31.66.69.pcap,Wednesday-21-02-2018_332.pcap,01_pcap/Wednesday-21-02-2018/capPC1-172.31.66.69.pcap,01_pcap/Wednesday-21-02-2018/Wednesday-21-02-2018_332.pcap
Wednesday-21-02-2018,capPC1-172.31.66.79.pcap,Wednesday-21-02-2018_333.pcap,01_pcap/Wednesday-21-02-2018/capPC1-172.31.66.79.pcap,01_pcap/Wednesday-21-02-2018/Wednesday-21-02-2018_333.pcap
Wednesday-21-02-2018,capPC1-172.31.66.83.pcap,Wednesday-21-02-2018_334.pcap,01_pcap/Wednesday-21-02-2018/capPC1-172.31.66.83.pcap,01_pcap/Wednesday-21-02-2018/Wednesday-21-02-2018_334.pcap
Wednesday-21-02-2018,capPC1-172.31.66.90.pcap,Wednesday-21-02-2018_335.pcap,01_pcap/Wednesday-21-02-2018/capPC1-172.31.66.90.pcap,01_pcap/Wednesday-21-02-2018/Wednesday-21-02-2018_335.pcap
Wednesday-21-02-2018,capPC1-172.31.66.92.pcap,Wednesday-21-02-2018_336.pcap,01_pcap/Wednesday-21-02-2018/capPC1-172.31.66.92.pcap,01_pcap/Wednesday-21-02-2018/Wednesday-21-02-2018_336.pcap
Wednesday-21-02-2018,capPC1-172.31.66.96.pcap,Wednesday-21-02-2018_337.pcap,01_pcap/Wednesday-21-02-2018/capPC1-172.31.66.96.pcap,01_pcap/Wednesday-21-02-2018/Wednesday-21-02-2018_337.pcap
Wednesday-21-02-2018,capPC1-172.31.66.99.pcap,Wednesday-21-02-2018_338.pcap,01_pcap/Wednesday-21-02-2018/capPC1-172.31.66.99.pcap,01_pcap/Wednesday-21-02-2018/Wednesday-21-02-2018_338.pcap
Wednesday-21-02-2018,capPC1-172.31.66.102.pcap,Wednesday-21-02-2018_339.pcap,01_pcap/Wednesday-21-02-2018/capPC1-172.31.66.102.pcap,01_pcap/Wednesday-21-02-2018/Wednesday-21-02-2018_339.pcap
Wednesday-21-02-2018,capPC1-172.31.66.103.pcap,Wednesday-21-02-2018_340.pcap,01_pcap/Wednesday-21-02-2018/capPC1-172.31.66.103.pcap,01_pcap/Wednesday-21-02-2018/Wednesday-21-02-2018_340.pcap
Wednesday-21-02-2018,capPC1-172.31.66.110.pcap,Wednesday-21-02-2018_341.pcap,01_pcap/Wednesday-21-02-2018/capPC1-172.31.66.110.pcap,01_pcap/Wednesday-21-02-2018/Wednesday-21-02-2018_341.pcap
Wednesday-21-02-2018,capPC1-172.31.66.111.pcap,Wednesday-21-02-2018_342.pcap,01_pcap/Wednesday-21-02-2018/capPC1-172.31.66.111.pcap,01_pcap/Wednesday-21-02-2018/Wednesday-21-02-2018_342.pcap
Wednesday-21-02-2018,capPC1-172.31.66.118.pcap,Wednesday-21-02-2018_343.pcap,01_pcap/Wednesday-21-02-2018/capPC1-172.31.66.118.pcap,01_pcap/Wednesday-21-02-2018/Wednesday-21-02-2018_343.pcap
Wednesday-21-02-2018,capPC1-172.31.66.121.pcap,Wednesday-21-02-2018_344.pcap,01_pcap/Wednesday-21-02-2018/capPC1-172.31.66.121.pcap,01_pcap/Wednesday-21-02-2018/Wednesday-21-02-2018_344.pcap
Wednesday-21-02-2018,capPC1-172.31.67.9.pcap,Wednesday-21-02-2018_345.pcap,01_pcap/Wednesday-21-02-2018/capPC1-172.31.67.9.pcap,01_pcap/Wednesday-21-02-2018/Wednesday-21-02-2018_345.pcap
Wednesday-21-02-2018,capPC1-172.31.67.14.pcap,Wednesday-21-02-2018_346.pcap,01_pcap/Wednesday-21-02-2018/capPC1-172.31.67.14.pcap,01_pcap/Wednesday-21-02-2018/Wednesday-21-02-2018_346.pcap
Wednesday-21-02-2018,capPC1-172.31.67.23.pcap,Wednesday-21-02-2018_347.pcap,01_pcap/Wednesday-21-02-2018/capPC1-172.31.67.23.pcap,01_pcap/Wednesday-21-02-2018/Wednesday-21-02-2018_347.pcap
Wednesday-21-02-2018,capPC1-172.31.67.27.pcap,Wednesday-21-02-2018_348.pcap,01_pcap/Wednesday-21-02-2018/capPC1-172.31.67.27.pcap,01_pcap/Wednesday-21-02-2018/Wednesday-21-02-2018_348.pcap
Wednesday-21-02-2018,capPC1-172.31.67.33.pcap,Wednesday-21-02-2018_349.pcap,01_pcap/Wednesday-21-02-2018/capPC1-172.31.67.33.pcap,01_pcap/Wednesday-21-02-2018/Wednesday-21-02-2018_349.pcap
Wednesday-21-02-2018,capPC1-172.31.67.35.pcap,Wednesday-21-02-2018_350.pcap,01_pcap/Wednesday-21-02-2018/capPC1-172.31.67.35.pcap,01_pcap/Wednesday-21-02-2018/Wednesday-21-02-2018_350.pcap
Wednesday-21-02-2018,capPC1-172.31.67.56.pcap,Wednesday-21-02-2018_351.pcap,01_pcap/Wednesday-21-02-2018/capPC1-172.31.67.56.pcap,01_pcap/Wednesday-21-02-2018/Wednesday-21-02-2018_351.pcap
Wednesday-21-02-2018,capPC1-172.31.67.59.pcap,Wednesday-21-02-2018_352.pcap,01_pcap/Wednesday-21-02-2018/capPC1-172.31.67.59.pcap,01_pcap/Wednesday-21-02-2018/Wednesday-21-02-2018_352.pcap
Wednesday-21-02-2018,capPC1-172.31.67.76.pcap,Wednesday-21-02-2018_353.pcap,01_pcap/Wednesday-21-02-2018/capPC1-172.31.67.76.pcap,01_pcap/Wednesday-21-02-2018/Wednesday-21-02-2018_353.pcap
Wednesday-21-02-2018,capPC1-172.31.67.78.pcap,Wednesday-21-02-2018_354.pcap,01_pcap/Wednesday-21-02-2018/capPC1-172.31.67.78.pcap,01_pcap/Wednesday-21-02-2018/Wednesday-21-02-2018_354.pcap
Wednesday-21-02-2018,capPC1-172.31.67.97.pcap,Wednesday-21-02-2018_355.pcap,01_pcap/Wednesday-21-02-2018/capPC1-172.31.67.97.pcap,01_pcap/Wednesday-21-02-2018/Wednesday-21-02-2018_355.pcap
Wednesday-21-02-2018,capPC1-172.31.67.102.pcap,Wednesday-21-02-2018_356.pcap,01_pcap/Wednesday-21-02-2018/capPC1-172.31.67.102.pcap,01_pcap/Wednesday-21-02-2018/Wednesday-21-02-2018_356.pcap
Wednesday-21-02-2018,capPC1-172.31.67.104.pcap,Wednesday-21-02-2018_357.pcap,01_pcap/Wednesday-21-02-2018/capPC1-172.31.67.104.pcap,01_pcap/Wednesday-21-02-2018/Wednesday-21-02-2018_357.pcap
Wednesday-21-02-2018,capPC1-172.31.67.107.pcap,Wednesday-21-02-2018_358.pcap,01_pcap/Wednesday-21-02-2018/capPC1-172.31.67.107.pcap,01_pcap/Wednesday-21-02-2018/Wednesday-21-02-2018_358.pcap
Wednesday-21-02-2018,capPC1-172.31.67.108.pcap,Wednesday-21-02-2018_359.pcap,01_pcap/Wednesday-21-02-2018/capPC1-172.31.67.108.pcap,01_pcap/Wednesday-21-02-2018/Wednesday-21-02-2018_359.pcap
Wednesday-21-02-2018,capPC1-172.31.67.111.pcap,Wednesday-21-02-2018_360.pcap,01_pcap/Wednesday-21-02-2018/capPC1-172.31.67.111.pcap,01_pcap/Wednesday-21-02-2018/Wednesday-21-02-2018_360.pcap
Wednesday-21-02-2018,capPC1-172.31.67.118.pcap,Wednesday-21-02-2018_361.pcap,01_pcap/Wednesday-21-02-2018/capPC1-172.31.67.118.pcap,01_pcap/Wednesday-21-02-2018/Wednesday-21-02-2018_361.pcap
Wednesday-21-02-2018,capPC1-172.31.67.121.pcap,Wednesday-21-02-2018_362.pcap,01_pcap/Wednesday-21-02-2018/capPC1-172.31.67.121.pcap,01_pcap/Wednesday-21-02-2018/Wednesday-21-02-2018_362.pcap
Wednesday-21-02-2018,capPC1-172.31.67.123.pcap,Wednesday-21-02-2018_363.pcap,01_pcap/Wednesday-21-02-2018/capPC1-172.31.67.123.pcap,01_pcap/Wednesday-21-02-2018/Wednesday-21-02-2018_363.pcap
Wednesday-21-02-2018,capPC1-172.31.67.124.pcap,Wednesday-21-02-2018_364.pcap,01_pcap/Wednesday-21-02-2018/capPC1-172.31.67.124.pcap,01_pcap/Wednesday-21-02-2018/Wednesday-21-02-2018_364.pcap
Wednesday-21-02-2018,capWIN-J6GMIG1DQE5-172.31.64.12.pcap,Wednesday-21-02-2018_365.pcap,01_pcap/Wednesday-21-02-2018/capWIN-J6GMIG1DQE5-172.31.64.12.pcap,01_pcap/Wednesday-21-02-2018/Wednesday-21-02-2018_365.pcap
Wednesday-21-02-2018,capWIN-J6GMIG1DQE5-172.31.64.14.pcap,Wednesday-21-02-2018_366.pcap,01_pcap/Wednesday-21-02-2018/capWIN-J6GMIG1DQE5-172.31.64.14.pcap,01_pcap/Wednesday-21-02-2018/Wednesday-21-02-2018_366.pcap
Wednesday-21-02-2018,capWIN-J6GMIG1DQE5-172.31.64.20.pcap,Wednesday-21-02-2018_367.pcap,01_pcap/Wednesday-21-02-2018/capWIN-J6GMIG1DQE5-172.31.64.20.pcap,01_pcap/Wednesday-21-02-2018/Wednesday-21-02-2018_367.pcap
Wednesday-21-02-2018,capWIN-J6GMIG1DQE5-172.31.64.24.pcap,Wednesday-21-02-2018_368.pcap,01_pcap/Wednesday-21-02-2018/capWIN-J6GMIG1DQE5-172.31.64.24.pcap,01_pcap/Wednesday-21-02-2018/Wednesday-21-02-2018_368.pcap
Wednesday-21-02-2018,capWIN-J6GMIG1DQE5-172.31.64.36.pcap,Wednesday-21-02-2018_369.pcap,01_pcap/Wednesday-21-02-2018/capWIN-J6GMIG1DQE5-172.31.64.36.pcap,01_pcap/Wednesday-21-02-2018/Wednesday-21-02-2018_369.pcap
Wednesday-21-02-2018,capWIN-J6GMIG1DQE5-172.31.64.39.pcap,Wednesday-21-02-2018_370.pcap,01_pcap/Wednesday-21-02-2018/capWIN-J6GMIG1DQE5-172.31.64.39.pcap,01_pcap/Wednesday-21-02-2018/Wednesday-21-02-2018_370.pcap
Wednesday-21-02-2018,capWIN-J6GMIG1DQE5-172.31.64.47.pcap,Wednesday-21-02-2018_371.pcap,01_pcap/Wednesday-21-02-2018/capWIN-J6GMIG1DQE5-172.31.64.47.pcap,01_pcap/Wednesday-21-02-2018/Wednesday-21-02-2018_371.pcap
Wednesday-21-02-2018,capWIN-J6GMIG1DQE5-172.31.64.57.pcap,Wednesday-21-02-2018_372.pcap,01_pcap/Wednesday-21-02-2018/capWIN-J6GMIG1DQE5-172.31.64.57.pcap,01_pcap/Wednesday-21-02-2018/Wednesday-21-02-2018_372.pcap
Wednesday-21-02-2018,capWIN-J6GMIG1DQE5-172.31.64.61.pcap,Wednesday-21-02-2018_373.pcap,01_pcap/Wednesday-21-02-2018/capWIN-J6GMIG1DQE5-172.31.64.61.pcap,01_pcap/Wednesday-21-02-2018/Wednesday-21-02-2018_373.pcap
Wednesday-21-02-2018,capWIN-J6GMIG1DQE5-172.31.64.74.pcap,Wednesday-21-02-2018_374.pcap,01_pcap/Wednesday-21-02-2018/capWIN-J6GMIG1DQE5-172.31.64.74.pcap,01_pcap/Wednesday-21-02-2018/Wednesday-21-02-2018_374.pcap
Wednesday-21-02-2018,capWIN-J6GMIG1DQE5-172.31.64.78.pcap,Wednesday-21-02-2018_375.pcap,01_pcap/Wednesday-21-02-2018/capWIN-J6GMIG1DQE5-172.31.64.78.pcap,01_pcap/Wednesday-21-02-2018/Wednesday-21-02-2018_375.pcap
Wednesday-21-02-2018,capWIN-J6GMIG1DQE5-172.31.64.80.pcap,Wednesday-21-02-2018_376.pcap,01_pcap/Wednesday-21-02-2018/capWIN-J6GMIG1DQE5-172.31.64.80.pcap,01_pcap/Wednesday-21-02-2018/Wednesday-21-02-2018_376.pcap
Wednesday-21-02-2018,capWIN-J6GMIG1DQE5-172.31.64.86.pcap,Wednesday-21-02-2018_377.pcap,01_pcap/Wednesday-21-02-2018/capWIN-J6GMIG1DQE5-172.31.64.86.pcap,01_pcap/Wednesday-21-02-2018/Wednesday-21-02-2018_377.pcap
Wednesday-21-02-2018,capWIN-J6GMIG1DQE5-172.31.64.88.pcap,Wednesday-21-02-2018_378.pcap,01_pcap/Wednesday-21-02-2018/capWIN-J6GMIG1DQE5-172.31.64.88.pcap,01_pcap/Wednesday-21-02-2018/Wednesday-21-02-2018_378.pcap
Wednesday-21-02-2018,capWIN-J6GMIG1DQE5-172.31.64.89.pcap,Wednesday-21-02-2018_379.pcap,01_pcap/Wednesday-21-02-2018/capWIN-J6GMIG1DQE5-172.31.64.89.pcap,01_pcap/Wednesday-21-02-2018/Wednesday-21-02-2018_379.pcap
Wednesday-21-02-2018,capWIN-J6GMIG1DQE5-172.31.64.91.pcap,Wednesday-21-02-2018_380.pcap,01_pcap/Wednesday-21-02-2018/capWIN-J6GMIG1DQE5-172.31.64.91.pcap,01_pcap/Wednesday-21-02-2018/Wednesday-21-02-2018_380.pcap
Wednesday-21-02-2018,capWIN-J6GMIG1DQE5-172.31.64.93.pcap,Wednesday-21-02-2018_381.pcap,01_pcap/Wednesday-21-02-2018/capWIN-J6GMIG1DQE5-172.31.64.93.pcap,01_pcap/Wednesday-21-02-2018/Wednesday-21-02-2018_381.pcap
Wednesday-21-02-2018,capWIN-J6GMIG1DQE5-172.31.64.98.pcap,Wednesday-21-02-2018_382.pcap,01_pcap/Wednesday-21-02-2018/capWIN-J6GMIG1DQE5-172.31.64.98.pcap,01_pcap/Wednesday-21-02-2018/Wednesday-21-02-2018_382.pcap
Wednesday-21-02-2018,capWIN-J6GMIG1DQE5-172.31.64.112.pcap,Wednesday-21-02-2018_383.pcap,01_pcap/Wednesday-21-02-2018/capWIN-J6GMIG1DQE5-172.31.64.112.pcap,01_pcap/Wednesday-21-02-2018/Wednesday-21-02-2018_383.pcap
Wednesday-21-02-2018,capWIN-J6GMIG1DQE5-172.31.64.117.pcap,Wednesday-21-02-2018_384.pcap,01_pcap/Wednesday-21-02-2018/capWIN-J6GMIG1DQE5-172.31.64.117.pcap,01_pcap/Wednesday-21-02-2018/Wednesday-21-02-2018_384.pcap
Wednesday-21-02-2018,capWIN-J6GMIG1DQE5-172.31.64.120.pcap,Wednesday-21-02-2018_385.pcap,01_pcap/Wednesday-21-02-2018/capWIN-J6GMIG1DQE5-172.31.64.120.pcap,01_pcap/Wednesday-21-02-2018/Wednesday-21-02-2018_385.pcap
Wednesday-21-02-2018,capWIN-J6GMIG1DQE5-172.31.65.9.pcap,Wednesday-21-02-2018_386.pcap,01_pcap/Wednesday-21-02-2018/capWIN-J6GMIG1DQE5-172.31.65.9.pcap,01_pcap/Wednesday-21-02-2018/Wednesday-21-02-2018_386.pcap
Wednesday-21-02-2018,capWIN-J6GMIG1DQE5-172.31.65.11.pcap,Wednesday-21-02-2018_387.pcap,01_pcap/Wednesday-21-02-2018/capWIN-J6GMIG1DQE5-172.31.65.11.pcap,01_pcap/Wednesday-21-02-2018/Wednesday-21-02-2018_387.pcap
Wednesday-21-02-2018,capWIN-J6GMIG1DQE5-172.31.65.17.pcap,Wednesday-21-02-2018_388.pcap,01_pcap/Wednesday-21-02-2018/capWIN-J6GMIG1DQE5-172.31.65.17.pcap,01_pcap/Wednesday-21-02-2018/Wednesday-21-02-2018_388.pcap
Wednesday-21-02-2018,capWIN-J6GMIG1DQE5-172.31.65.19.pcap,Wednesday-21-02-2018_389.pcap,01_pcap/Wednesday-21-02-2018/capWIN-J6GMIG1DQE5-172.31.65.19.pcap,01_pcap/Wednesday-21-02-2018/Wednesday-21-02-2018_389.pcap
Wednesday-21-02-2018,capWIN-J6GMIG1DQE5-172.31.65.21.pcap,Wednesday-21-02-2018_390.pcap,01_pcap/Wednesday-21-02-2018/capWIN-J6GMIG1DQE5-172.31.65.21.pcap,01_pcap/Wednesday-21-02-2018/Wednesday-21-02-2018_390.pcap
Wednesday-21-02-2018,capWIN-J6GMIG1DQE5-172.31.65.23.pcap,Wednesday-21-02-2018_391.pcap,01_pcap/Wednesday-21-02-2018/capWIN-J6GMIG1DQE5-172.31.65.23.pcap,01_pcap/Wednesday-21-02-2018/Wednesday-21-02-2018_391.pcap
Wednesday-21-02-2018,capWIN-J6GMIG1DQE5-172.31.65.24.pcap,Wednesday-21-02-2018_392.pcap,01_pcap/Wednesday-21-02-2018/capWIN-J6GMIG1DQE5-172.31.65.24.pcap,01_pcap/Wednesday-21-02-2018/Wednesday-21-02-2018_392.pcap
Wednesday-21-02-2018,capWIN-J6GMIG1DQE5-172.31.65.35.pcap,Wednesday-21-02-2018_393.pcap,01_pcap/Wednesday-21-02-2018/capWIN-J6GMIG1DQE5-172.31.65.35.pcap,01_pcap/Wednesday-21-02-2018/Wednesday-21-02-2018_393.pcap
Wednesday-21-02-2018,capWIN-J6GMIG1DQE5-172.31.65.38.pcap,Wednesday-21-02-2018_394.pcap,01_pcap/Wednesday-21-02-2018/capWIN-J6GMIG1DQE5-172.31.65.38.pcap,01_pcap/Wednesday-21-02-2018/Wednesday-21-02-2018_394.pcap
Wednesday-21-02-2018,capWIN-J6GMIG1DQE5-172.31.65.42.pcap,Wednesday-21-02-2018_395.pcap,01_pcap/Wednesday-21-02-2018/capWIN-J6GMIG1DQE5-172.31.65.42.pcap,01_pcap/Wednesday-21-02-2018/Wednesday-21-02-2018_395.pcap
Wednesday-21-02-2018,capWIN-J6GMIG1DQE5-172.31.65.46.pcap,Wednesday-21-02-2018_396.pcap,01_pcap/Wednesday-21-02-2018/capWIN-J6GMIG1DQE5-172.31.65.46.pcap,01_pcap/Wednesday-21-02-2018/Wednesday-21-02-2018_396.pcap
Wednesday-21-02-2018,capWIN-J6GMIG1DQE5-172.31.65.47.pcap,Wednesday-21-02-2018_397.pcap,01_pcap/Wednesday-21-02-2018/capWIN-J6GMIG1DQE5-172.31.65.47.pcap,01_pcap/Wednesday-21-02-2018/Wednesday-21-02-2018_397.pcap
Wednesday-21-02-2018,capWIN-J6GMIG1DQE5-172.31.65.48.pcap,Wednesday-21-02-2018_398.pcap,01_pcap/Wednesday-21-02-2018/capWIN-J6GMIG1DQE5-172.31.65.48.pcap,01_pcap/Wednesday-21-02-2018/Wednesday-21-02-2018_398.pcap
Wednesday-21-02-2018,capWIN-J6GMIG1DQE5-172.31.65.51.pcap,Wednesday-21-02-2018_399.pcap,01_pcap/Wednesday-21-02-2018/capWIN-J6GMIG1DQE5-172.31.65.51.pcap,01_pcap/Wednesday-21-02-2018/Wednesday-21-02-2018_399.pcap
Wednesday-21-02-2018,capWIN-J6GMIG1DQE5-172.31.65.52.pcap,Wednesday-21-02-2018_400.pcap,01_pcap/Wednesday-21-02-2018/capWIN-J6GMIG1DQE5-172.31.65.52.pcap,01_pcap/Wednesday-21-02-2018/Wednesday-21-02-2018_400.pcap
Wednesday-21-02-2018,capWIN-J6GMIG1DQE5-172.31.65.55.pcap,Wednesday-21-02-2018_401.pcap,01_pcap/Wednesday-21-02-2018/capWIN-J6GMIG1DQE5-172.31.65.55.pcap,01_pcap/Wednesday-21-02-2018/Wednesday-21-02-2018_401.pcap
Wednesday-21-02-2018,capWIN-J6GMIG1DQE5-172.31.65.57.pcap,Wednesday-21-02-2018_402.pcap,01_pcap/Wednesday-21-02-2018/capWIN-J6GMIG1DQE5-172.31.65.57.pcap,01_pcap/Wednesday-21-02-2018/Wednesday-21-02-2018_402.pcap
Wednesday-21-02-2018,capWIN-J6GMIG1DQE5-172.31.65.58.pcap,Wednesday-21-02-2018_403.pcap,01_pcap/Wednesday-21-02-2018/capWIN-J6GMIG1DQE5-172.31.65.58.pcap,01_pcap/Wednesday-21-02-2018/Wednesday-21-02-2018_403.pcap
Wednesday-21-02-2018,capWIN-J6GMIG1DQE5-172.31.65.69.pcap,Wednesday-21-02-2018_404.pcap,01_pcap/Wednesday-21-02-2018/capWIN-J6GMIG1DQE5-172.31.65.69.pcap,01_pcap/Wednesday-21-02-2018/Wednesday-21-02-2018_404.pcap
Wednesday-21-02-2018,capWIN-J6GMIG1DQE5-172.31.65.70.pcap,Wednesday-21-02-2018_405.pcap,01_pcap/Wednesday-21-02-2018/capWIN-J6GMIG1DQE5-172.31.65.70.pcap,01_pcap/Wednesday-21-02-2018/Wednesday-21-02-2018_405.pcap
Wednesday-21-02-2018,capWIN-J6GMIG1DQE5-172.31.65.73.pcap,Wednesday-21-02-2018_406.pcap,01_pcap/Wednesday-21-02-2018/capWIN-J6GMIG1DQE5-172.31.65.73.pcap,01_pcap/Wednesday-21-02-2018/Wednesday-21-02-2018_406.pcap
Wednesday-21-02-2018,capWIN-J6GMIG1DQE5-172.31.65.78.pcap,Wednesday-21-02-2018_407.pcap,01_pcap/Wednesday-21-02-2018/capWIN-J6GMIG1DQE5-172.31.65.78.pcap,01_pcap/Wednesday-21-02-2018/Wednesday-21-02-2018_407.pcap
Wednesday-21-02-2018,capWIN-J6GMIG1DQE5-172.31.65.87.pcap,Wednesday-21-02-2018_408.pcap,01_pcap/Wednesday-21-02-2018/capWIN-J6GMIG1DQE5-172.31.65.87.pcap,01_pcap/Wednesday-21-02-2018/Wednesday-21-02-2018_408.pcap
Wednesday-21-02-2018,capWIN-J6GMIG1DQE5-172.31.65.89.pcap,Wednesday-21-02-2018_409.pcap,01_pcap/Wednesday-21-02-2018/capWIN-J6GMIG1DQE5-172.31.65.89.pcap,01_pcap/Wednesday-21-02-2018/Wednesday-21-02-2018_409.pcap
Wednesday-21-02-2018,capWIN-J6GMIG1DQE5-172.31.65.90.pcap,Wednesday-21-02-2018_410.pcap,01_pcap/Wednesday-21-02-2018/capWIN-J6GMIG1DQE5-172.31.65.90.pcap,01_pcap/Wednesday-21-02-2018/Wednesday-21-02-2018_410.pcap
Wednesday-21-02-2018,capWIN-J6GMIG1DQE5-172.31.65.99.pcap,Wednesday-21-02-2018_411.pcap,01_pcap/Wednesday-21-02-2018/capWIN-J6GMIG1DQE5-172.31.65.99.pcap,01_pcap/Wednesday-21-02-2018/Wednesday-21-02-2018_411.pcap
Wednesday-21-02-2018,capWIN-J6GMIG1DQE5-172.31.65.103.pcap,Wednesday-21-02-2018_412.pcap,01_pcap/Wednesday-21-02-2018/capWIN-J6GMIG1DQE5-172.31.65.103.pcap,01_pcap/Wednesday-21-02-2018/Wednesday-21-02-2018_412.pcap
Wednesday-21-02-2018,capWIN-J6GMIG1DQE5-172.31.65.104.pcap,Wednesday-21-02-2018_413.pcap,01_pcap/Wednesday-21-02-2018/capWIN-J6GMIG1DQE5-172.31.65.104.pcap,01_pcap/Wednesday-21-02-2018/Wednesday-21-02-2018_413.pcap
Wednesday-21-02-2018,capWIN-J6GMIG1DQE5-172.31.65.105.pcap,Wednesday-21-02-2018_414.pcap,01_pcap/Wednesday-21-02-2018/capWIN-J6GMIG1DQE5-172.31.65.105.pcap,01_pcap/Wednesday-21-02-2018/Wednesday-21-02-2018_414.pcap
Wednesday-21-02-2018,capWIN-J6GMIG1DQE5-172.31.65.108.pcap,Wednesday-21-02-2018_415.pcap,01_pcap/Wednesday-21-02-2018/capWIN-J6GMIG1DQE5-172.31.65.108.pcap,01_pcap/Wednesday-21-02-2018/Wednesday-21-02-2018_415.pcap
Wednesday-21-02-2018,capWIN-J6GMIG1DQE5-172.31.65.114.pcap,Wednesday-21-02-2018_416.pcap,01_pcap/Wednesday-21-02-2018/capWIN-J6GMIG1DQE5-172.31.65.114.pcap,01_pcap/Wednesday-21-02-2018/Wednesday-21-02-2018_416.pcap
Wednesday-21-02-2018,capWIN-J6GMIG1DQE5-172.31.65.115.pcap,Wednesday-21-02-2018_417.pcap,01_pcap/Wednesday-21-02-2018/capWIN-J6GMIG1DQE5-172.31.65.115.pcap,01_pcap/Wednesday-21-02-2018/Wednesday-21-02-2018_417.pcap
Wednesday-21-02-2018,capWIN-J6GMIG1DQE5-172.31.65.116.pcap,Wednesday-21-02-2018_418.pcap,01_pcap/Wednesday-21-02-2018/capWIN-J6GMIG1DQE5-172.31.65.116.pcap,01_pcap/Wednesday-21-02-2018/Wednesday-21-02-2018_418.pcap
Wednesday-21-02-2018,capWIN-J6GMIG1DQE5-172.31.65.125.pcap,Wednesday-21-02-2018_419.pcap,01_pcap/Wednesday-21-02-2018/capWIN-J6GMIG1DQE5-172.31.65.125.pcap,01_pcap/Wednesday-21-02-2018/Wednesday-21-02-2018_419.pcap
Wednesday-21-02-2018,capWIN-J6GMIG1DQE5-172.31.67.4.pcap,Wednesday-21-02-2018_420.pcap,01_pcap/Wednesday-21-02-2018/capWIN-J6GMIG1DQE5-172.31.67.4.pcap,01_pcap/Wednesday-21-02-2018/Wednesday-21-02-2018_420.pcap
Wednesday-21-02-2018,capWIN-J6GMIG1DQE5-172.31.67.8.pcap,Wednesday-21-02-2018_421.pcap,01_pcap/Wednesday-21-02-2018/capWIN-J6GMIG1DQE5-172.31.67.8.pcap,01_pcap/Wednesday-21-02-2018/Wednesday-21-02-2018_421.pcap
Wednesday-21-02-2018,capWIN-J6GMIG1DQE5-172.31.67.19.pcap,Wednesday-21-02-2018_422.pcap,01_pcap/Wednesday-21-02-2018/capWIN-J6GMIG1DQE5-172.31.67.19.pcap,01_pcap/Wednesday-21-02-2018/Wednesday-21-02-2018_422.pcap
Wednesday-21-02-2018,capWIN-J6GMIG1DQE5-172.31.67.22.pcap,Wednesday-21-02-2018_423.pcap,01_pcap/Wednesday-21-02-2018/capWIN-J6GMIG1DQE5-172.31.67.22.pcap,01_pcap/Wednesday-21-02-2018/Wednesday-21-02-2018_423.pcap
Wednesday-21-02-2018,capWIN-J6GMIG1DQE5-172.31.67.26.pcap,Wednesday-21-02-2018_424.pcap,01_pcap/Wednesday-21-02-2018/capWIN-J6GMIG1DQE5-172.31.67.26.pcap,01_pcap/Wednesday-21-02-2018/Wednesday-21-02-2018_424.pcap
Wednesday-21-02-2018,capWIN-J6GMIG1DQE5-172.31.67.30.pcap,Wednesday-21-02-2018_425.pcap,01_pcap/Wednesday-21-02-2018/capWIN-J6GMIG1DQE5-172.31.67.30.pcap,01_pcap/Wednesday-21-02-2018/Wednesday-21-02-2018_425.pcap
Wednesday-21-02-2018,capWIN-J6GMIG1DQE5-172.31.67.34.pcap,Wednesday-21-02-2018_426.pcap,01_pcap/Wednesday-21-02-2018/capWIN-J6GMIG1DQE5-172.31.67.34.pcap,01_pcap/Wednesday-21-02-2018/Wednesday-21-02-2018_426.pcap
Wednesday-21-02-2018,capWIN-J6GMIG1DQE5-172.31.67.40.pcap,Wednesday-21-02-2018_427.pcap,01_pcap/Wednesday-21-02-2018/capWIN-J6GMIG1DQE5-172.31.67.40.pcap,01_pcap/Wednesday-21-02-2018/Wednesday-21-02-2018_427.pcap
Wednesday-21-02-2018,capWIN-J6GMIG1DQE5-172.31.67.62.pcap,Wednesday-21-02-2018_428.pcap,01_pcap/Wednesday-21-02-2018/capWIN-J6GMIG1DQE5-172.31.67.62.pcap,01_pcap/Wednesday-21-02-2018/Wednesday-21-02-2018_428.pcap
Wednesday-21-02-2018,capWIN-J6GMIG1DQE5-172.31.67.70.pcap,Wednesday-21-02-2018_429.pcap,01_pcap/Wednesday-21-02-2018/capWIN-J6GMIG1DQE5-172.31.67.70.pcap,01_pcap/Wednesday-21-02-2018/Wednesday-21-02-2018_429.pcap
Wednesday-21-02-2018,capWIN-J6GMIG1DQE5-172.31.67.71.pcap,Wednesday-21-02-2018_430.pcap,01_pcap/Wednesday-21-02-2018/capWIN-J6GMIG1DQE5-172.31.67.71.pcap,01_pcap/Wednesday-21-02-2018/Wednesday-21-02-2018_430.pcap
Wednesday-21-02-2018,capWIN-J6GMIG1DQE5-172.31.67.72.pcap,Wednesday-21-02-2018_431.pcap,01_pcap/Wednesday-21-02-2018/capWIN-J6GMIG1DQE5-172.31.67.72.pcap,01_pcap/Wednesday-21-02-2018/Wednesday-21-02-2018_431.pcap
Wednesday-21-02-2018,capWIN-J6GMIG1DQE5-172.31.67.83.pcap,Wednesday-21-02-2018_432.pcap,01_pcap/Wednesday-21-02-2018/capWIN-J6GMIG1DQE5-172.31.67.83.pcap,01_pcap/Wednesday-21-02-2018/Wednesday-21-02-2018_432.pcap
Wednesday-21-02-2018,capWIN-J6GMIG1DQE5-172.31.67.89.pcap,Wednesday-21-02-2018_433.pcap,01_pcap/Wednesday-21-02-2018/capWIN-J6GMIG1DQE5-172.31.67.89.pcap,01_pcap/Wednesday-21-02-2018/Wednesday-21-02-2018_433.pcap
Wednesday-21-02-2018,capWIN-J6GMIG1DQE5-172.31.67.93.pcap,Wednesday-21-02-2018_434.pcap,01_pcap/Wednesday-21-02-2018/capWIN-J6GMIG1DQE5-172.31.67.93.pcap,01_pcap/Wednesday-21-02-2018/Wednesday-21-02-2018_434.pcap
Wednesday-21-02-2018,capWIN-J6GMIG1DQE5-172.31.67.95.pcap,Wednesday-21-02-2018_435.pcap,01_pcap/Wednesday-21-02-2018/capWIN-J6GMIG1DQE5-172.31.67.95.pcap,01_pcap/Wednesday-21-02-2018/Wednesday-21-02-2018_435.pcap
Wednesday-21-02-2018,capWIN-J6GMIG1DQE5-172.31.67.98.pcap,Wednesday-21-02-2018_436.pcap,01_pcap/Wednesday-21-02-2018/capWIN-J6GMIG1DQE5-172.31.67.98.pcap,01_pcap/Wednesday-21-02-2018/Wednesday-21-02-2018_436.pcap
Wednesday-21-02-2018,capWIN-J6GMIG1DQE5-172.31.67.105.pcap,Wednesday-21-02-2018_437.pcap,01_pcap/Wednesday-21-02-2018/capWIN-J6GMIG1DQE5-172.31.67.105.pcap,01_pcap/Wednesday-21-02-2018/Wednesday-21-02-2018_437.pcap
Wednesday-21-02-2018,capWIN-J6GMIG1DQE5-172.31.67.109.pcap,Wednesday-21-02-2018_438.pcap,01_pcap/Wednesday-21-02-2018/capWIN-J6GMIG1DQE5-172.31.67.109.pcap,01_pcap/Wednesday-21-02-2018/Wednesday-21-02-2018_438.pcap
Wednesday-21-02-2018,capWIN-J6GMIG1DQE5-172.31.67.114.pcap,Wednesday-21-02-2018_439.pcap,01_pcap/Wednesday-21-02-2018/capWIN-J6GMIG1DQE5-172.31.67.114.pcap,01_pcap/Wednesday-21-02-2018/Wednesday-21-02-2018_439.pcap
Wednesday-21-02-2018,UCAP172.31.69.7.pcap,Wednesday-21-02-2018_440.pcap,01_pcap/Wednesday-21-02-2018/UCAP172.31.69.7.pcap,01_pcap/Wednesday-21-02-2018/Wednesday-21-02-2018_440.pcap
Wednesday-21-02-2018,UCAP172.31.69.15.pcap,Wednesday-21-02-2018_441.pcap,01_pcap/Wednesday-21-02-2018/UCAP172.31.69.15.pcap,01_pcap/Wednesday-21-02-2018/Wednesday-21-02-2018_441.pcap
Wednesday-21-02-2018,UCAP172.31.69.18.pcap,Wednesday-21-02-2018_442.pcap,01_pcap/Wednesday-21-02-2018/UCAP172.31.69.18.pcap,01_pcap/Wednesday-21-02-2018/Wednesday-21-02-2018_442.pcap
Wednesday-21-02-2018,UCAP172.31.69.21.pcap,Wednesday-21-02-2018_443.pcap,01_pcap/Wednesday-21-02-2018/UCAP172.31.69.21.pcap,01_pcap/Wednesday-21-02-2018/Wednesday-21-02-2018_443.pcap
Wednesday-21-02-2018,UCAP172.31.69.22.pcap,Wednesday-21-02-2018_444.pcap,01_pcap/Wednesday-21-02-2018/UCAP172.31.69.22.pcap,01_pcap/Wednesday-21-02-2018/Wednesday-21-02-2018_444.pcap
Wednesday-21-02-2018,UCAP172.31.69.25.pcap,Wednesday-21-02-2018_445.pcap,01_pcap/Wednesday-21-02-2018/UCAP172.31.69.25.pcap,01_pcap/Wednesday-21-02-2018/Wednesday-21-02-2018_445.pcap
Wednesday-21-02-2018,UCAP172.31.69.28 part 1.pcap,Wednesday-21-02-2018_446.pcap,01_pcap/Wednesday-21-02-2018/UCAP172.31.69.28 part 1.pcap,01_pcap/Wednesday-21-02-2018/Wednesday-21-02-2018_446.pcap
Wednesday-21-02-2018,UCAP172.31.69.28 part 2.pcap,Wednesday-21-02-2018_447.pcap,01_pcap/Wednesday-21-02-2018/UCAP172.31.69.28 part 2.pcap,01_pcap/Wednesday-21-02-2018/Wednesday-21-02-2018_447.pcap
Wednesday-28-02-2018,capDESKTOP-AN3U28N-172.31.64.17.pcap,Wednesday-28-02-2018_1.pcap,01_pcap/Wednesday-28-02-2018/capDESKTOP-AN3U28N-172.31.64.17.pcap,01_pcap/Wednesday-28-02-2018/Wednesday-28-02-2018_1.pcap
Wednesday-28-02-2018,capDESKTOP-AN3U28N-172.31.64.26.pcap,Wednesday-28-02-2018_2.pcap,01_pcap/Wednesday-28-02-2018/capDESKTOP-AN3U28N-172.31.64.26.pcap,01_pcap/Wednesday-28-02-2018/Wednesday-28-02-2018_2.pcap
Wednesday-28-02-2018,capDESKTOP-AN3U28N-172.31.64.35.pcap,Wednesday-28-02-2018_3.pcap,01_pcap/Wednesday-28-02-2018/capDESKTOP-AN3U28N-172.31.64.35.pcap,01_pcap/Wednesday-28-02-2018/Wednesday-28-02-2018_3.pcap
Wednesday-28-02-2018,capDESKTOP-AN3U28N-172.31.64.38.pcap,Wednesday-28-02-2018_4.pcap,01_pcap/Wednesday-28-02-2018/capDESKTOP-AN3U28N-172.31.64.38.pcap,01_pcap/Wednesday-28-02-2018/Wednesday-28-02-2018_4.pcap
Wednesday-28-02-2018,capDESKTOP-AN3U28N-172.31.64.46.pcap,Wednesday-28-02-2018_5.pcap,01_pcap/Wednesday-28-02-2018/capDESKTOP-AN3U28N-172.31.64.46.pcap,01_pcap/Wednesday-28-02-2018/Wednesday-28-02-2018_5.pcap
Wednesday-28-02-2018,capDESKTOP-AN3U28N-172.31.64.54.pcap,Wednesday-28-02-2018_6.pcap,01_pcap/Wednesday-28-02-2018/capDESKTOP-AN3U28N-172.31.64.54.pcap,01_pcap/Wednesday-28-02-2018/Wednesday-28-02-2018_6.pcap
Wednesday-28-02-2018,capDESKTOP-AN3U28N-172.31.64.63.pcap,Wednesday-28-02-2018_7.pcap,01_pcap/Wednesday-28-02-2018/capDESKTOP-AN3U28N-172.31.64.63.pcap,01_pcap/Wednesday-28-02-2018/Wednesday-28-02-2018_7.pcap
Wednesday-28-02-2018,capDESKTOP-AN3U28N-172.31.64.65.pcap,Wednesday-28-02-2018_8.pcap,01_pcap/Wednesday-28-02-2018/capDESKTOP-AN3U28N-172.31.64.65.pcap,01_pcap/Wednesday-28-02-2018/Wednesday-28-02-2018_8.pcap
Wednesday-28-02-2018,capDESKTOP-AN3U28N-172.31.64.67.pcap,Wednesday-28-02-2018_9.pcap,01_pcap/Wednesday-28-02-2018/capDESKTOP-AN3U28N-172.31.64.67.pcap,01_pcap/Wednesday-28-02-2018/Wednesday-28-02-2018_9.pcap
Wednesday-28-02-2018,capDESKTOP-AN3U28N-172.31.64.71.pcap,Wednesday-28-02-2018_10.pcap,01_pcap/Wednesday-28-02-2018/capDESKTOP-AN3U28N-172.31.64.71.pcap,01_pcap/Wednesday-28-02-2018/Wednesday-28-02-2018_10.pcap
Wednesday-28-02-2018,capDESKTOP-AN3U28N-172.31.64.75.pcap,Wednesday-28-02-2018_11.pcap,01_pcap/Wednesday-28-02-2018/capDESKTOP-AN3U28N-172.31.64.75.pcap,01_pcap/Wednesday-28-02-2018/Wednesday-28-02-2018_11.pcap
Wednesday-28-02-2018,capDESKTOP-AN3U28N-172.31.64.76.pcap,Wednesday-28-02-2018_12.pcap,01_pcap/Wednesday-28-02-2018/capDESKTOP-AN3U28N-172.31.64.76.pcap,01_pcap/Wednesday-28-02-2018/Wednesday-28-02-2018_12.pcap
Wednesday-28-02-2018,capDESKTOP-AN3U28N-172.31.64.84.pcap,Wednesday-28-02-2018_13.pcap,01_pcap/Wednesday-28-02-2018/capDESKTOP-AN3U28N-172.31.64.84.pcap,01_pcap/Wednesday-28-02-2018/Wednesday-28-02-2018_13.pcap
Wednesday-28-02-2018,capDESKTOP-AN3U28N-172.31.64.95.pcap,Wednesday-28-02-2018_14.pcap,01_pcap/Wednesday-28-02-2018/capDESKTOP-AN3U28N-172.31.64.95.pcap,01_pcap/Wednesday-28-02-2018/Wednesday-28-02-2018_14.pcap
Wednesday-28-02-2018,capDESKTOP-AN3U28N-172.31.64.99.pcap,Wednesday-28-02-2018_15.pcap,01_pcap/Wednesday-28-02-2018/capDESKTOP-AN3U28N-172.31.64.99.pcap,01_pcap/Wednesday-28-02-2018/Wednesday-28-02-2018_15.pcap
Wednesday-28-02-2018,capDESKTOP-AN3U28N-172.31.64.111.pcap,Wednesday-28-02-2018_16.pcap,01_pcap/Wednesday-28-02-2018/capDESKTOP-AN3U28N-172.31.64.111.pcap,01_pcap/Wednesday-28-02-2018/Wednesday-28-02-2018_16.pcap
Wednesday-28-02-2018,capDESKTOP-AN3U28N-172.31.64.115.pcap,Wednesday-28-02-2018_17.pcap,01_pcap/Wednesday-28-02-2018/capDESKTOP-AN3U28N-172.31.64.115.pcap,01_pcap/Wednesday-28-02-2018/Wednesday-28-02-2018_17.pcap
Wednesday-28-02-2018,capDESKTOP-AN3U28N-172.31.64.118.pcap,Wednesday-28-02-2018_18.pcap,01_pcap/Wednesday-28-02-2018/capDESKTOP-AN3U28N-172.31.64.118.pcap,01_pcap/Wednesday-28-02-2018/Wednesday-28-02-2018_18.pcap
Wednesday-28-02-2018,capDESKTOP-AN3U28N-172.31.64.122.pcap,Wednesday-28-02-2018_19.pcap,01_pcap/Wednesday-28-02-2018/capDESKTOP-AN3U28N-172.31.64.122.pcap,01_pcap/Wednesday-28-02-2018/Wednesday-28-02-2018_19.pcap
Wednesday-28-02-2018,capDESKTOP-AN3U28N-172.31.64.125.pcap,Wednesday-28-02-2018_20.pcap,01_pcap/Wednesday-28-02-2018/capDESKTOP-AN3U28N-172.31.64.125.pcap,01_pcap/Wednesday-28-02-2018/Wednesday-28-02-2018_20.pcap
Wednesday-28-02-2018,capDESKTOP-AN3U28N-172.31.64.126.pcap,Wednesday-28-02-2018_21.pcap,01_pcap/Wednesday-28-02-2018/capDESKTOP-AN3U28N-172.31.64.126.pcap,01_pcap/Wednesday-28-02-2018/Wednesday-28-02-2018_21.pcap
Wednesday-28-02-2018,capDESKTOP-AN3U28N-172.31.65.10.pcap,Wednesday-28-02-2018_22.pcap,01_pcap/Wednesday-28-02-2018/capDESKTOP-AN3U28N-172.31.65.10.pcap,01_pcap/Wednesday-28-02-2018/Wednesday-28-02-2018_22.pcap
Wednesday-28-02-2018,capDESKTOP-AN3U28N-172.31.65.14.pcap,Wednesday-28-02-2018_23.pcap,01_pcap/Wednesday-28-02-2018/capDESKTOP-AN3U28N-172.31.65.14.pcap,01_pcap/Wednesday-28-02-2018/Wednesday-28-02-2018_23.pcap
Wednesday-28-02-2018,capDESKTOP-AN3U28N-172.31.65.28.pcap,Wednesday-28-02-2018_24.pcap,01_pcap/Wednesday-28-02-2018/capDESKTOP-AN3U28N-172.31.65.28.pcap,01_pcap/Wednesday-28-02-2018/Wednesday-28-02-2018_24.pcap
Wednesday-28-02-2018,capDESKTOP-AN3U28N-172.31.65.29.pcap,Wednesday-28-02-2018_25.pcap,01_pcap/Wednesday-28-02-2018/capDESKTOP-AN3U28N-172.31.65.29.pcap,01_pcap/Wednesday-28-02-2018/Wednesday-28-02-2018_25.pcap
Wednesday-28-02-2018,capDESKTOP-AN3U28N-172.31.65.34.pcap,Wednesday-28-02-2018_26.pcap,01_pcap/Wednesday-28-02-2018/capDESKTOP-AN3U28N-172.31.65.34.pcap,01_pcap/Wednesday-28-02-2018/Wednesday-28-02-2018_26.pcap
Wednesday-28-02-2018,capDESKTOP-AN3U28N-172.31.65.40.pcap,Wednesday-28-02-2018_27.pcap,01_pcap/Wednesday-28-02-2018/capDESKTOP-AN3U28N-172.31.65.40.pcap,01_pcap/Wednesday-28-02-2018/Wednesday-28-02-2018_27.pcap
Wednesday-28-02-2018,capDESKTOP-AN3U28N-172.31.65.50.pcap,Wednesday-28-02-2018_28.pcap,01_pcap/Wednesday-28-02-2018/capDESKTOP-AN3U28N-172.31.65.50.pcap,01_pcap/Wednesday-28-02-2018/Wednesday-28-02-2018_28.pcap
Wednesday-28-02-2018,capDESKTOP-AN3U28N-172.31.65.56.pcap,Wednesday-28-02-2018_29.pcap,01_pcap/Wednesday-28-02-2018/capDESKTOP-AN3U28N-172.31.65.56.pcap,01_pcap/Wednesday-28-02-2018/Wednesday-28-02-2018_29.pcap
Wednesday-28-02-2018,capDESKTOP-AN3U28N-172.31.65.66.pcap,Wednesday-28-02-2018_30.pcap,01_pcap/Wednesday-28-02-2018/capDESKTOP-AN3U28N-172.31.65.66.pcap,01_pcap/Wednesday-28-02-2018/Wednesday-28-02-2018_30.pcap
Wednesday-28-02-2018,capDESKTOP-AN3U28N-172.31.65.76.pcap,Wednesday-28-02-2018_31.pcap,01_pcap/Wednesday-28-02-2018/capDESKTOP-AN3U28N-172.31.65.76.pcap,01_pcap/Wednesday-28-02-2018/Wednesday-28-02-2018_31.pcap
Wednesday-28-02-2018,capDESKTOP-AN3U28N-172.31.65.81.pcap,Wednesday-28-02-2018_32.pcap,01_pcap/Wednesday-28-02-2018/capDESKTOP-AN3U28N-172.31.65.81.pcap,01_pcap/Wednesday-28-02-2018/Wednesday-28-02-2018_32.pcap
Wednesday-28-02-2018,capDESKTOP-AN3U28N-172.31.65.86.pcap,Wednesday-28-02-2018_33.pcap,01_pcap/Wednesday-28-02-2018/capDESKTOP-AN3U28N-172.31.65.86.pcap,01_pcap/Wednesday-28-02-2018/Wednesday-28-02-2018_33.pcap
Wednesday-28-02-2018,capDESKTOP-AN3U28N-172.31.65.88.pcap,Wednesday-28-02-2018_34.pcap,01_pcap/Wednesday-28-02-2018/capDESKTOP-AN3U28N-172.31.65.88.pcap,01_pcap/Wednesday-28-02-2018/Wednesday-28-02-2018_34.pcap
Wednesday-28-02-2018,capDESKTOP-AN3U28N-172.31.65.113.pcap,Wednesday-28-02-2018_35.pcap,01_pcap/Wednesday-28-02-2018/capDESKTOP-AN3U28N-172.31.65.113.pcap,01_pcap/Wednesday-28-02-2018/Wednesday-28-02-2018_35.pcap
Wednesday-28-02-2018,capDESKTOP-AN3U28N-172.31.65.123.pcap,Wednesday-28-02-2018_36.pcap,01_pcap/Wednesday-28-02-2018/capDESKTOP-AN3U28N-172.31.65.123.pcap,01_pcap/Wednesday-28-02-2018/Wednesday-28-02-2018_36.pcap
Wednesday-28-02-2018,capDESKTOP-AN3U28N-172.31.65.124.pcap,Wednesday-28-02-2018_37.pcap,01_pcap/Wednesday-28-02-2018/capDESKTOP-AN3U28N-172.31.65.124.pcap,01_pcap/Wednesday-28-02-2018/Wednesday-28-02-2018_37.pcap
Wednesday-28-02-2018,capDESKTOP-AN3U28N-172.31.65.126.pcap,Wednesday-28-02-2018_38.pcap,01_pcap/Wednesday-28-02-2018/capDESKTOP-AN3U28N-172.31.65.126.pcap,01_pcap/Wednesday-28-02-2018/Wednesday-28-02-2018_38.pcap
Wednesday-28-02-2018,capDESKTOP-AN3U28N-172.31.66.22.pcap,Wednesday-28-02-2018_39.pcap,01_pcap/Wednesday-28-02-2018/capDESKTOP-AN3U28N-172.31.66.22.pcap,01_pcap/Wednesday-28-02-2018/Wednesday-28-02-2018_39.pcap
Wednesday-28-02-2018,capDESKTOP-AN3U28N-172.31.66.41.pcap,Wednesday-28-02-2018_40.pcap,01_pcap/Wednesday-28-02-2018/capDESKTOP-AN3U28N-172.31.66.41.pcap,01_pcap/Wednesday-28-02-2018/Wednesday-28-02-2018_40.pcap
Wednesday-28-02-2018,capDESKTOP-AN3U28N-172.31.66.42.pcap,Wednesday-28-02-2018_41.pcap,01_pcap/Wednesday-28-02-2018/capDESKTOP-AN3U28N-172.31.66.42.pcap,01_pcap/Wednesday-28-02-2018/Wednesday-28-02-2018_41.pcap
Wednesday-28-02-2018,capDESKTOP-AN3U28N-172.31.66.43.pcap,Wednesday-28-02-2018_42.pcap,01_pcap/Wednesday-28-02-2018/capDESKTOP-AN3U28N-172.31.66.43.pcap,01_pcap/Wednesday-28-02-2018/Wednesday-28-02-2018_42.pcap
Wednesday-28-02-2018,capDESKTOP-AN3U28N-172.31.66.49.pcap,Wednesday-28-02-2018_43.pcap,01_pcap/Wednesday-28-02-2018/capDESKTOP-AN3U28N-172.31.66.49.pcap,01_pcap/Wednesday-28-02-2018/Wednesday-28-02-2018_43.pcap
Wednesday-28-02-2018,capDESKTOP-AN3U28N-172.31.66.54.pcap,Wednesday-28-02-2018_44.pcap,01_pcap/Wednesday-28-02-2018/capDESKTOP-AN3U28N-172.31.66.54.pcap,01_pcap/Wednesday-28-02-2018/Wednesday-28-02-2018_44.pcap
Wednesday-28-02-2018,capDESKTOP-AN3U28N-172.31.66.62.pcap,Wednesday-28-02-2018_45.pcap,01_pcap/Wednesday-28-02-2018/capDESKTOP-AN3U28N-172.31.66.62.pcap,01_pcap/Wednesday-28-02-2018/Wednesday-28-02-2018_45.pcap
Wednesday-28-02-2018,capDESKTOP-AN3U28N-172.31.66.72.pcap,Wednesday-28-02-2018_46.pcap,01_pcap/Wednesday-28-02-2018/capDESKTOP-AN3U28N-172.31.66.72.pcap,01_pcap/Wednesday-28-02-2018/Wednesday-28-02-2018_46.pcap
Wednesday-28-02-2018,capDESKTOP-AN3U28N-172.31.66.76.pcap,Wednesday-28-02-2018_47.pcap,01_pcap/Wednesday-28-02-2018/capDESKTOP-AN3U28N-172.31.66.76.pcap,01_pcap/Wednesday-28-02-2018/Wednesday-28-02-2018_47.pcap
Wednesday-28-02-2018,capDESKTOP-AN3U28N-172.31.66.82.pcap,Wednesday-28-02-2018_48.pcap,01_pcap/Wednesday-28-02-2018/capDESKTOP-AN3U28N-172.31.66.82.pcap,01_pcap/Wednesday-28-02-2018/Wednesday-28-02-2018_48.pcap
Wednesday-28-02-2018,capDESKTOP-AN3U28N-172.31.66.85.pcap,Wednesday-28-02-2018_49.pcap,01_pcap/Wednesday-28-02-2018/capDESKTOP-AN3U28N-172.31.66.85.pcap,01_pcap/Wednesday-28-02-2018/Wednesday-28-02-2018_49.pcap
Wednesday-28-02-2018,capDESKTOP-AN3U28N-172.31.66.89.pcap,Wednesday-28-02-2018_50.pcap,01_pcap/Wednesday-28-02-2018/capDESKTOP-AN3U28N-172.31.66.89.pcap,01_pcap/Wednesday-28-02-2018/Wednesday-28-02-2018_50.pcap
Wednesday-28-02-2018,capDESKTOP-AN3U28N-172.31.66.100.pcap,Wednesday-28-02-2018_51.pcap,01_pcap/Wednesday-28-02-2018/capDESKTOP-AN3U28N-172.31.66.100.pcap,01_pcap/Wednesday-28-02-2018/Wednesday-28-02-2018_51.pcap
Wednesday-28-02-2018,capDESKTOP-AN3U28N-172.31.66.101.pcap,Wednesday-28-02-2018_52.pcap,01_pcap/Wednesday-28-02-2018/capDESKTOP-AN3U28N-172.31.66.101.pcap,01_pcap/Wednesday-28-02-2018/Wednesday-28-02-2018_52.pcap
Wednesday-28-02-2018,capDESKTOP-AN3U28N-172.31.66.112.pcap,Wednesday-28-02-2018_53.pcap,01_pcap/Wednesday-28-02-2018/capDESKTOP-AN3U28N-172.31.66.112.pcap,01_pcap/Wednesday-28-02-2018/Wednesday-28-02-2018_53.pcap
Wednesday-28-02-2018,capDESKTOP-AN3U28N-172.31.66.114.pcap,Wednesday-28-02-2018_54.pcap,01_pcap/Wednesday-28-02-2018/capDESKTOP-AN3U28N-172.31.66.114.pcap,01_pcap/Wednesday-28-02-2018/Wednesday-28-02-2018_54.pcap
Wednesday-28-02-2018,capDESKTOP-AN3U28N-172.31.66.115.pcap,Wednesday-28-02-2018_55.pcap,01_pcap/Wednesday-28-02-2018/capDESKTOP-AN3U28N-172.31.66.115.pcap,01_pcap/Wednesday-28-02-2018/Wednesday-28-02-2018_55.pcap
Wednesday-28-02-2018,capDESKTOP-AN3U28N-172.31.66.120.pcap,Wednesday-28-02-2018_56.pcap,01_pcap/Wednesday-28-02-2018/capDESKTOP-AN3U28N-172.31.66.120.pcap,01_pcap/Wednesday-28-02-2018/Wednesday-28-02-2018_56.pcap
Wednesday-28-02-2018,capDESKTOP-AN3U28N-172.31.66.123.pcap,Wednesday-28-02-2018_57.pcap,01_pcap/Wednesday-28-02-2018/capDESKTOP-AN3U28N-172.31.66.123.pcap,01_pcap/Wednesday-28-02-2018/Wednesday-28-02-2018_57.pcap
Wednesday-28-02-2018,capDESKTOP-AN3U28N-172.31.67.10.pcap,Wednesday-28-02-2018_58.pcap,01_pcap/Wednesday-28-02-2018/capDESKTOP-AN3U28N-172.31.67.10.pcap,01_pcap/Wednesday-28-02-2018/Wednesday-28-02-2018_58.pcap
Wednesday-28-02-2018,capDESKTOP-AN3U28N-172.31.67.13.pcap,Wednesday-28-02-2018_59.pcap,01_pcap/Wednesday-28-02-2018/capDESKTOP-AN3U28N-172.31.67.13.pcap,01_pcap/Wednesday-28-02-2018/Wednesday-28-02-2018_59.pcap
Wednesday-28-02-2018,capDESKTOP-AN3U28N-172.31.67.15.pcap,Wednesday-28-02-2018_60.pcap,01_pcap/Wednesday-28-02-2018/capDESKTOP-AN3U28N-172.31.67.15.pcap,01_pcap/Wednesday-28-02-2018/Wednesday-28-02-2018_60.pcap
Wednesday-28-02-2018,capDESKTOP-AN3U28N-172.31.67.21.pcap,Wednesday-28-02-2018_61.pcap,01_pcap/Wednesday-28-02-2018/capDESKTOP-AN3U28N-172.31.67.21.pcap,01_pcap/Wednesday-28-02-2018/Wednesday-28-02-2018_61.pcap
Wednesday-28-02-2018,capDESKTOP-AN3U28N-172.31.67.28.pcap,Wednesday-28-02-2018_62.pcap,01_pcap/Wednesday-28-02-2018/capDESKTOP-AN3U28N-172.31.67.28.pcap,01_pcap/Wednesday-28-02-2018/Wednesday-28-02-2018_62.pcap
Wednesday-28-02-2018,capDESKTOP-AN3U28N-172.31.67.32.pcap,Wednesday-28-02-2018_63.pcap,01_pcap/Wednesday-28-02-2018/capDESKTOP-AN3U28N-172.31.67.32.pcap,01_pcap/Wednesday-28-02-2018/Wednesday-28-02-2018_63.pcap
Wednesday-28-02-2018,capDESKTOP-AN3U28N-172.31.67.41.pcap,Wednesday-28-02-2018_64.pcap,01_pcap/Wednesday-28-02-2018/capDESKTOP-AN3U28N-172.31.67.41.pcap,01_pcap/Wednesday-28-02-2018/Wednesday-28-02-2018_64.pcap
Wednesday-28-02-2018,capDESKTOP-AN3U28N-172.31.67.50.pcap,Wednesday-28-02-2018_65.pcap,01_pcap/Wednesday-28-02-2018/capDESKTOP-AN3U28N-172.31.67.50.pcap,01_pcap/Wednesday-28-02-2018/Wednesday-28-02-2018_65.pcap
Wednesday-28-02-2018,capDESKTOP-AN3U28N-172.31.67.54.pcap,Wednesday-28-02-2018_66.pcap,01_pcap/Wednesday-28-02-2018/capDESKTOP-AN3U28N-172.31.67.54.pcap,01_pcap/Wednesday-28-02-2018/Wednesday-28-02-2018_66.pcap
Wednesday-28-02-2018,capDESKTOP-AN3U28N-172.31.67.63.pcap,Wednesday-28-02-2018_67.pcap,01_pcap/Wednesday-28-02-2018/capDESKTOP-AN3U28N-172.31.67.63.pcap,01_pcap/Wednesday-28-02-2018/Wednesday-28-02-2018_67.pcap
Wednesday-28-02-2018,capDESKTOP-AN3U28N-172.31.67.80.pcap,Wednesday-28-02-2018_68.pcap,01_pcap/Wednesday-28-02-2018/capDESKTOP-AN3U28N-172.31.67.80.pcap,01_pcap/Wednesday-28-02-2018/Wednesday-28-02-2018_68.pcap
Wednesday-28-02-2018,capDESKTOP-AN3U28N-172.31.67.81.pcap,Wednesday-28-02-2018_69.pcap,01_pcap/Wednesday-28-02-2018/capDESKTOP-AN3U28N-172.31.67.81.pcap,01_pcap/Wednesday-28-02-2018/Wednesday-28-02-2018_69.pcap
Wednesday-28-02-2018,capDESKTOP-AN3U28N-172.31.67.82.pcap,Wednesday-28-02-2018_70.pcap,01_pcap/Wednesday-28-02-2018/capDESKTOP-AN3U28N-172.31.67.82.pcap,01_pcap/Wednesday-28-02-2018/Wednesday-28-02-2018_70.pcap
Wednesday-28-02-2018,capDESKTOP-AN3U28N-172.31.67.86.pcap,Wednesday-28-02-2018_71.pcap,01_pcap/Wednesday-28-02-2018/capDESKTOP-AN3U28N-172.31.67.86.pcap,01_pcap/Wednesday-28-02-2018/Wednesday-28-02-2018_71.pcap
Wednesday-28-02-2018,capDESKTOP-AN3U28N-172.31.67.94.pcap,Wednesday-28-02-2018_72.pcap,01_pcap/Wednesday-28-02-2018/capDESKTOP-AN3U28N-172.31.67.94.pcap,01_pcap/Wednesday-28-02-2018/Wednesday-28-02-2018_72.pcap
Wednesday-28-02-2018,capDESKTOP-AN3U28N-172.31.67.101.pcap,Wednesday-28-02-2018_73.pcap,01_pcap/Wednesday-28-02-2018/capDESKTOP-AN3U28N-172.31.67.101.pcap,01_pcap/Wednesday-28-02-2018/Wednesday-28-02-2018_73.pcap
Wednesday-28-02-2018,capDESKTOP-AN3U28N-172.31.67.116.pcap,Wednesday-28-02-2018_74.pcap,01_pcap/Wednesday-28-02-2018/capDESKTOP-AN3U28N-172.31.67.116.pcap,01_pcap/Wednesday-28-02-2018/Wednesday-28-02-2018_74.pcap
Wednesday-28-02-2018,capDESKTOP-AN3U28N-172.31.67.119.pcap,Wednesday-28-02-2018_75.pcap,01_pcap/Wednesday-28-02-2018/capDESKTOP-AN3U28N-172.31.67.119.pcap,01_pcap/Wednesday-28-02-2018/Wednesday-28-02-2018_75.pcap
Wednesday-28-02-2018,capDESKTOP-AN3U28N-172.31.67.125.pcap,Wednesday-28-02-2018_76.pcap,01_pcap/Wednesday-28-02-2018/capDESKTOP-AN3U28N-172.31.67.125.pcap,01_pcap/Wednesday-28-02-2018/Wednesday-28-02-2018_76.pcap
Wednesday-28-02-2018,capEC2AMAZ-O4EL3NG-172.31.64.4.pcap,Wednesday-28-02-2018_77.pcap,01_pcap/Wednesday-28-02-2018/capEC2AMAZ-O4EL3NG-172.31.64.4.pcap,01_pcap/Wednesday-28-02-2018/Wednesday-28-02-2018_77.pcap
Wednesday-28-02-2018,capEC2AMAZ-O4EL3NG-172.31.64.7.pcap,Wednesday-28-02-2018_78.pcap,01_pcap/Wednesday-28-02-2018/capEC2AMAZ-O4EL3NG-172.31.64.7.pcap,01_pcap/Wednesday-28-02-2018/Wednesday-28-02-2018_78.pcap
Wednesday-28-02-2018,capEC2AMAZ-O4EL3NG-172.31.64.8.pcap,Wednesday-28-02-2018_79.pcap,01_pcap/Wednesday-28-02-2018/capEC2AMAZ-O4EL3NG-172.31.64.8.pcap,01_pcap/Wednesday-28-02-2018/Wednesday-28-02-2018_79.pcap
Wednesday-28-02-2018,capEC2AMAZ-O4EL3NG-172.31.64.13.pcap,Wednesday-28-02-2018_80.pcap,01_pcap/Wednesday-28-02-2018/capEC2AMAZ-O4EL3NG-172.31.64.13.pcap,01_pcap/Wednesday-28-02-2018/Wednesday-28-02-2018_80.pcap
Wednesday-28-02-2018,capEC2AMAZ-O4EL3NG-172.31.64.16.pcap,Wednesday-28-02-2018_81.pcap,01_pcap/Wednesday-28-02-2018/capEC2AMAZ-O4EL3NG-172.31.64.16.pcap,01_pcap/Wednesday-28-02-2018/Wednesday-28-02-2018_81.pcap
Wednesday-28-02-2018,capEC2AMAZ-O4EL3NG-172.31.64.19.pcap,Wednesday-28-02-2018_82.pcap,01_pcap/Wednesday-28-02-2018/capEC2AMAZ-O4EL3NG-172.31.64.19.pcap,01_pcap/Wednesday-28-02-2018/Wednesday-28-02-2018_82.pcap
Wednesday-28-02-2018,capEC2AMAZ-O4EL3NG-172.31.64.27.pcap,Wednesday-28-02-2018_83.pcap,01_pcap/Wednesday-28-02-2018/capEC2AMAZ-O4EL3NG-172.31.64.27.pcap,01_pcap/Wednesday-28-02-2018/Wednesday-28-02-2018_83.pcap
Wednesday-28-02-2018,capEC2AMAZ-O4EL3NG-172.31.64.28.pcap,Wednesday-28-02-2018_84.pcap,01_pcap/Wednesday-28-02-2018/capEC2AMAZ-O4EL3NG-172.31.64.28.pcap,01_pcap/Wednesday-28-02-2018/Wednesday-28-02-2018_84.pcap
Wednesday-28-02-2018,capEC2AMAZ-O4EL3NG-172.31.64.29.pcap,Wednesday-28-02-2018_85.pcap,01_pcap/Wednesday-28-02-2018/capEC2AMAZ-O4EL3NG-172.31.64.29.pcap,01_pcap/Wednesday-28-02-2018/Wednesday-28-02-2018_85.pcap
Wednesday-28-02-2018,capEC2AMAZ-O4EL3NG-172.31.64.42.pcap,Wednesday-28-02-2018_86.pcap,01_pcap/Wednesday-28-02-2018/capEC2AMAZ-O4EL3NG-172.31.64.42.pcap,01_pcap/Wednesday-28-02-2018/Wednesday-28-02-2018_86.pcap
Wednesday-28-02-2018,capEC2AMAZ-O4EL3NG-172.31.64.44.pcap,Wednesday-28-02-2018_87.pcap,01_pcap/Wednesday-28-02-2018/capEC2AMAZ-O4EL3NG-172.31.64.44.pcap,01_pcap/Wednesday-28-02-2018/Wednesday-28-02-2018_87.pcap
Wednesday-28-02-2018,capEC2AMAZ-O4EL3NG-172.31.64.45.pcap,Wednesday-28-02-2018_88.pcap,01_pcap/Wednesday-28-02-2018/capEC2AMAZ-O4EL3NG-172.31.64.45.pcap,01_pcap/Wednesday-28-02-2018/Wednesday-28-02-2018_88.pcap
Wednesday-28-02-2018,capEC2AMAZ-O4EL3NG-172.31.64.49.pcap,Wednesday-28-02-2018_89.pcap,01_pcap/Wednesday-28-02-2018/capEC2AMAZ-O4EL3NG-172.31.64.49.pcap,01_pcap/Wednesday-28-02-2018/Wednesday-28-02-2018_89.pcap
Wednesday-28-02-2018,capEC2AMAZ-O4EL3NG-172.31.64.51.pcap,Wednesday-28-02-2018_90.pcap,01_pcap/Wednesday-28-02-2018/capEC2AMAZ-O4EL3NG-172.31.64.51.pcap,01_pcap/Wednesday-28-02-2018/Wednesday-28-02-2018_90.pcap
Wednesday-28-02-2018,capEC2AMAZ-O4EL3NG-172.31.64.58.pcap,Wednesday-28-02-2018_91.pcap,01_pcap/Wednesday-28-02-2018/capEC2AMAZ-O4EL3NG-172.31.64.58.pcap,01_pcap/Wednesday-28-02-2018/Wednesday-28-02-2018_91.pcap
Wednesday-28-02-2018,capEC2AMAZ-O4EL3NG-172.31.64.60.pcap,Wednesday-28-02-2018_92.pcap,01_pcap/Wednesday-28-02-2018/capEC2AMAZ-O4EL3NG-172.31.64.60.pcap,01_pcap/Wednesday-28-02-2018/Wednesday-28-02-2018_92.pcap
Wednesday-28-02-2018,capEC2AMAZ-O4EL3NG-172.31.64.68.pcap,Wednesday-28-02-2018_93.pcap,01_pcap/Wednesday-28-02-2018/capEC2AMAZ-O4EL3NG-172.31.64.68.pcap,01_pcap/Wednesday-28-02-2018/Wednesday-28-02-2018_93.pcap
Wednesday-28-02-2018,capEC2AMAZ-O4EL3NG-172.31.64.69.pcap,Wednesday-28-02-2018_94.pcap,01_pcap/Wednesday-28-02-2018/capEC2AMAZ-O4EL3NG-172.31.64.69.pcap,01_pcap/Wednesday-28-02-2018/Wednesday-28-02-2018_94.pcap
Wednesday-28-02-2018,capEC2AMAZ-O4EL3NG-172.31.64.70.pcap,Wednesday-28-02-2018_95.pcap,01_pcap/Wednesday-28-02-2018/capEC2AMAZ-O4EL3NG-172.31.64.70.pcap,01_pcap/Wednesday-28-02-2018/Wednesday-28-02-2018_95.pcap
Wednesday-28-02-2018,capEC2AMAZ-O4EL3NG-172.31.64.72.pcap,Wednesday-28-02-2018_96.pcap,01_pcap/Wednesday-28-02-2018/capEC2AMAZ-O4EL3NG-172.31.64.72.pcap,01_pcap/Wednesday-28-02-2018/Wednesday-28-02-2018_96.pcap
Wednesday-28-02-2018,capEC2AMAZ-O4EL3NG-172.31.64.73.pcap,Wednesday-28-02-2018_97.pcap,01_pcap/Wednesday-28-02-2018/capEC2AMAZ-O4EL3NG-172.31.64.73.pcap,01_pcap/Wednesday-28-02-2018/Wednesday-28-02-2018_97.pcap
Wednesday-28-02-2018,capEC2AMAZ-O4EL3NG-172.31.64.77.pcap,Wednesday-28-02-2018_98.pcap,01_pcap/Wednesday-28-02-2018/capEC2AMAZ-O4EL3NG-172.31.64.77.pcap,01_pcap/Wednesday-28-02-2018/Wednesday-28-02-2018_98.pcap
Wednesday-28-02-2018,capEC2AMAZ-O4EL3NG-172.31.64.79.pcap,Wednesday-28-02-2018_99.pcap,01_pcap/Wednesday-28-02-2018/capEC2AMAZ-O4EL3NG-172.31.64.79.pcap,01_pcap/Wednesday-28-02-2018/Wednesday-28-02-2018_99.pcap
Wednesday-28-02-2018,capEC2AMAZ-O4EL3NG-172.31.64.81.pcap,Wednesday-28-02-2018_100.pcap,01_pcap/Wednesday-28-02-2018/capEC2AMAZ-O4EL3NG-172.31.64.81.pcap,01_pcap/Wednesday-28-02-2018/Wednesday-28-02-2018_100.pcap
Wednesday-28-02-2018,capEC2AMAZ-O4EL3NG-172.31.64.83.pcap,Wednesday-28-02-2018_101.pcap,01_pcap/Wednesday-28-02-2018/capEC2AMAZ-O4EL3NG-172.31.64.83.pcap,01_pcap/Wednesday-28-02-2018/Wednesday-28-02-2018_101.pcap
Wednesday-28-02-2018,capEC2AMAZ-O4EL3NG-172.31.64.85.pcap,Wednesday-28-02-2018_102.pcap,01_pcap/Wednesday-28-02-2018/capEC2AMAZ-O4EL3NG-172.31.64.85.pcap,01_pcap/Wednesday-28-02-2018/Wednesday-28-02-2018_102.pcap
Wednesday-28-02-2018,capEC2AMAZ-O4EL3NG-172.31.64.87.pcap,Wednesday-28-02-2018_103.pcap,01_pcap/Wednesday-28-02-2018/capEC2AMAZ-O4EL3NG-172.31.64.87.pcap,01_pcap/Wednesday-28-02-2018/Wednesday-28-02-2018_103.pcap
Wednesday-28-02-2018,capEC2AMAZ-O4EL3NG-172.31.64.92.pcap,Wednesday-28-02-2018_104.pcap,01_pcap/Wednesday-28-02-2018/capEC2AMAZ-O4EL3NG-172.31.64.92.pcap,01_pcap/Wednesday-28-02-2018/Wednesday-28-02-2018_104.pcap
Wednesday-28-02-2018,capEC2AMAZ-O4EL3NG-172.31.64.96.pcap,Wednesday-28-02-2018_105.pcap,01_pcap/Wednesday-28-02-2018/capEC2AMAZ-O4EL3NG-172.31.64.96.pcap,01_pcap/Wednesday-28-02-2018/Wednesday-28-02-2018_105.pcap
Wednesday-28-02-2018,capEC2AMAZ-O4EL3NG-172.31.64.100.pcap,Wednesday-28-02-2018_106.pcap,01_pcap/Wednesday-28-02-2018/capEC2AMAZ-O4EL3NG-172.31.64.100.pcap,01_pcap/Wednesday-28-02-2018/Wednesday-28-02-2018_106.pcap
Wednesday-28-02-2018,capEC2AMAZ-O4EL3NG-172.31.64.101.pcap,Wednesday-28-02-2018_107.pcap,01_pcap/Wednesday-28-02-2018/capEC2AMAZ-O4EL3NG-172.31.64.101.pcap,01_pcap/Wednesday-28-02-2018/Wednesday-28-02-2018_107.pcap
Wednesday-28-02-2018,capEC2AMAZ-O4EL3NG-172.31.64.103.pcap,Wednesday-28-02-2018_108.pcap,01_pcap/Wednesday-28-02-2018/capEC2AMAZ-O4EL3NG-172.31.64.103.pcap,01_pcap/Wednesday-28-02-2018/Wednesday-28-02-2018_108.pcap
Wednesday-28-02-2018,capEC2AMAZ-O4EL3NG-172.31.64.104.pcap,Wednesday-28-02-2018_109.pcap,01_pcap/Wednesday-28-02-2018/capEC2AMAZ-O4EL3NG-172.31.64.104.pcap,01_pcap/Wednesday-28-02-2018/Wednesday-28-02-2018_109.pcap
Wednesday-28-02-2018,capEC2AMAZ-O4EL3NG-172.31.64.107.pcap,Wednesday-28-02-2018_110.pcap,01_pcap/Wednesday-28-02-2018/capEC2AMAZ-O4EL3NG-172.31.64.107.pcap,01_pcap/Wednesday-28-02-2018/Wednesday-28-02-2018_110.pcap
Wednesday-28-02-2018,capEC2AMAZ-O4EL3NG-172.31.64.108.pcap,Wednesday-28-02-2018_111.pcap,01_pcap/Wednesday-28-02-2018/capEC2AMAZ-O4EL3NG-172.31.64.108.pcap,01_pcap/Wednesday-28-02-2018/Wednesday-28-02-2018_111.pcap
Wednesday-28-02-2018,capEC2AMAZ-O4EL3NG-172.31.64.109.pcap,Wednesday-28-02-2018_112.pcap,01_pcap/Wednesday-28-02-2018/capEC2AMAZ-O4EL3NG-172.31.64.109.pcap,01_pcap/Wednesday-28-02-2018/Wednesday-28-02-2018_112.pcap
Wednesday-28-02-2018,capEC2AMAZ-O4EL3NG-172.31.64.110.pcap,Wednesday-28-02-2018_113.pcap,01_pcap/Wednesday-28-02-2018/capEC2AMAZ-O4EL3NG-172.31.64.110.pcap,01_pcap/Wednesday-28-02-2018/Wednesday-28-02-2018_113.pcap
Wednesday-28-02-2018,capEC2AMAZ-O4EL3NG-172.31.64.119.pcap,Wednesday-28-02-2018_114.pcap,01_pcap/Wednesday-28-02-2018/capEC2AMAZ-O4EL3NG-172.31.64.119.pcap,01_pcap/Wednesday-28-02-2018/Wednesday-28-02-2018_114.pcap
Wednesday-28-02-2018,capEC2AMAZ-O4EL3NG-172.31.64.123.pcap,Wednesday-28-02-2018_115.pcap,01_pcap/Wednesday-28-02-2018/capEC2AMAZ-O4EL3NG-172.31.64.123.pcap,01_pcap/Wednesday-28-02-2018/Wednesday-28-02-2018_115.pcap
Wednesday-28-02-2018,capEC2AMAZ-O4EL3NG-172.31.64.124.pcap,Wednesday-28-02-2018_116.pcap,01_pcap/Wednesday-28-02-2018/capEC2AMAZ-O4EL3NG-172.31.64.124.pcap,01_pcap/Wednesday-28-02-2018/Wednesday-28-02-2018_116.pcap
Wednesday-28-02-2018,capEC2AMAZ-O4EL3NG-172.31.65.5.pcap,Wednesday-28-02-2018_117.pcap,01_pcap/Wednesday-28-02-2018/capEC2AMAZ-O4EL3NG-172.31.65.5.pcap,01_pcap/Wednesday-28-02-2018/Wednesday-28-02-2018_117.pcap
Wednesday-28-02-2018,capEC2AMAZ-O4EL3NG-172.31.65.8.pcap,Wednesday-28-02-2018_118.pcap,01_pcap/Wednesday-28-02-2018/capEC2AMAZ-O4EL3NG-172.31.65.8.pcap,01_pcap/Wednesday-28-02-2018/Wednesday-28-02-2018_118.pcap
Wednesday-28-02-2018,capEC2AMAZ-O4EL3NG-172.31.65.18.pcap,Wednesday-28-02-2018_119.pcap,01_pcap/Wednesday-28-02-2018/capEC2AMAZ-O4EL3NG-172.31.65.18.pcap,01_pcap/Wednesday-28-02-2018/Wednesday-28-02-2018_119.pcap
Wednesday-28-02-2018,capEC2AMAZ-O4EL3NG-172.31.65.27.pcap,Wednesday-28-02-2018_120.pcap,01_pcap/Wednesday-28-02-2018/capEC2AMAZ-O4EL3NG-172.31.65.27.pcap,01_pcap/Wednesday-28-02-2018/Wednesday-28-02-2018_120.pcap
Wednesday-28-02-2018,capEC2AMAZ-O4EL3NG-172.31.65.30.pcap,Wednesday-28-02-2018_121.pcap,01_pcap/Wednesday-28-02-2018/capEC2AMAZ-O4EL3NG-172.31.65.30.pcap,01_pcap/Wednesday-28-02-2018/Wednesday-28-02-2018_121.pcap
Wednesday-28-02-2018,capEC2AMAZ-O4EL3NG-172.31.65.32.pcap,Wednesday-28-02-2018_122.pcap,01_pcap/Wednesday-28-02-2018/capEC2AMAZ-O4EL3NG-172.31.65.32.pcap,01_pcap/Wednesday-28-02-2018/Wednesday-28-02-2018_122.pcap
Wednesday-28-02-2018,capEC2AMAZ-O4EL3NG-172.31.65.33.pcap,Wednesday-28-02-2018_123.pcap,01_pcap/Wednesday-28-02-2018/capEC2AMAZ-O4EL3NG-172.31.65.33.pcap,01_pcap/Wednesday-28-02-2018/Wednesday-28-02-2018_123.pcap
Wednesday-28-02-2018,capEC2AMAZ-O4EL3NG-172.31.65.36.pcap,Wednesday-28-02-2018_124.pcap,01_pcap/Wednesday-28-02-2018/capEC2AMAZ-O4EL3NG-172.31.65.36.pcap,01_pcap/Wednesday-28-02-2018/Wednesday-28-02-2018_124.pcap
Wednesday-28-02-2018,capEC2AMAZ-O4EL3NG-172.31.65.37.pcap,Wednesday-28-02-2018_125.pcap,01_pcap/Wednesday-28-02-2018/capEC2AMAZ-O4EL3NG-172.31.65.37.pcap,01_pcap/Wednesday-28-02-2018/Wednesday-28-02-2018_125.pcap
Wednesday-28-02-2018,capEC2AMAZ-O4EL3NG-172.31.65.39.pcap,Wednesday-28-02-2018_126.pcap,01_pcap/Wednesday-28-02-2018/capEC2AMAZ-O4EL3NG-172.31.65.39.pcap,01_pcap/Wednesday-28-02-2018/Wednesday-28-02-2018_126.pcap
Wednesday-28-02-2018,capEC2AMAZ-O4EL3NG-172.31.65.41.pcap,Wednesday-28-02-2018_127.pcap,01_pcap/Wednesday-28-02-2018/capEC2AMAZ-O4EL3NG-172.31.65.41.pcap,01_pcap/Wednesday-28-02-2018/Wednesday-28-02-2018_127.pcap
Wednesday-28-02-2018,capEC2AMAZ-O4EL3NG-172.31.65.43.pcap,Wednesday-28-02-2018_128.pcap,01_pcap/Wednesday-28-02-2018/capEC2AMAZ-O4EL3NG-172.31.65.43.pcap,01_pcap/Wednesday-28-02-2018/Wednesday-28-02-2018_128.pcap
Wednesday-28-02-2018,capEC2AMAZ-O4EL3NG-172.31.65.44.pcap,Wednesday-28-02-2018_129.pcap,01_pcap/Wednesday-28-02-2018/capEC2AMAZ-O4EL3NG-172.31.65.44.pcap,01_pcap/Wednesday-28-02-2018/Wednesday-28-02-2018_129.pcap
Wednesday-28-02-2018,capEC2AMAZ-O4EL3NG-172.31.65.45.pcap,Wednesday-28-02-2018_130.pcap,01_pcap/Wednesday-28-02-2018/capEC2AMAZ-O4EL3NG-172.31.65.45.pcap,01_pcap/Wednesday-28-02-2018/Wednesday-28-02-2018_130.pcap
Wednesday-28-02-2018,capEC2AMAZ-O4EL3NG-172.31.65.59.pcap,Wednesday-28-02-2018_131.pcap,01_pcap/Wednesday-28-02-2018/capEC2AMAZ-O4EL3NG-172.31.65.59.pcap,01_pcap/Wednesday-28-02-2018/Wednesday-28-02-2018_131.pcap
Wednesday-28-02-2018,capEC2AMAZ-O4EL3NG-172.31.65.64.pcap,Wednesday-28-02-2018_132.pcap,01_pcap/Wednesday-28-02-2018/capEC2AMAZ-O4EL3NG-172.31.65.64.pcap,01_pcap/Wednesday-28-02-2018/Wednesday-28-02-2018_132.pcap
Wednesday-28-02-2018,capEC2AMAZ-O4EL3NG-172.31.65.65.pcap,Wednesday-28-02-2018_133.pcap,01_pcap/Wednesday-28-02-2018/capEC2AMAZ-O4EL3NG-172.31.65.65.pcap,01_pcap/Wednesday-28-02-2018/Wednesday-28-02-2018_133.pcap
Wednesday-28-02-2018,capEC2AMAZ-O4EL3NG-172.31.65.71.pcap,Wednesday-28-02-2018_134.pcap,01_pcap/Wednesday-28-02-2018/capEC2AMAZ-O4EL3NG-172.31.65.71.pcap,01_pcap/Wednesday-28-02-2018/Wednesday-28-02-2018_134.pcap
Wednesday-28-02-2018,capEC2AMAZ-O4EL3NG-172.31.65.72.pcap,Wednesday-28-02-2018_135.pcap,01_pcap/Wednesday-28-02-2018/capEC2AMAZ-O4EL3NG-172.31.65.72.pcap,01_pcap/Wednesday-28-02-2018/Wednesday-28-02-2018_135.pcap
Wednesday-28-02-2018,capEC2AMAZ-O4EL3NG-172.31.65.75.pcap,Wednesday-28-02-2018_136.pcap,01_pcap/Wednesday-28-02-2018/capEC2AMAZ-O4EL3NG-172.31.65.75.pcap,01_pcap/Wednesday-28-02-2018/Wednesday-28-02-2018_136.pcap
Wednesday-28-02-2018,capEC2AMAZ-O4EL3NG-172.31.65.82.pcap,Wednesday-28-02-2018_137.pcap,01_pcap/Wednesday-28-02-2018/capEC2AMAZ-O4EL3NG-172.31.65.82.pcap,01_pcap/Wednesday-28-02-2018/Wednesday-28-02-2018_137.pcap
Wednesday-28-02-2018,capEC2AMAZ-O4EL3NG-172.31.65.84.pcap,Wednesday-28-02-2018_138.pcap,01_pcap/Wednesday-28-02-2018/capEC2AMAZ-O4EL3NG-172.31.65.84.pcap,01_pcap/Wednesday-28-02-2018/Wednesday-28-02-2018_138.pcap
Wednesday-28-02-2018,capEC2AMAZ-O4EL3NG-172.31.65.85.pcap,Wednesday-28-02-2018_139.pcap,01_pcap/Wednesday-28-02-2018/capEC2AMAZ-O4EL3NG-172.31.65.85.pcap,01_pcap/Wednesday-28-02-2018/Wednesday-28-02-2018_139.pcap
Wednesday-28-02-2018,capEC2AMAZ-O4EL3NG-172.31.65.91.pcap,Wednesday-28-02-2018_140.pcap,01_pcap/Wednesday-28-02-2018/capEC2AMAZ-O4EL3NG-172.31.65.91.pcap,01_pcap/Wednesday-28-02-2018/Wednesday-28-02-2018_140.pcap
Wednesday-28-02-2018,capEC2AMAZ-O4EL3NG-172.31.65.93.pcap,Wednesday-28-02-2018_141.pcap,01_pcap/Wednesday-28-02-2018/capEC2AMAZ-O4EL3NG-172.31.65.93.pcap,01_pcap/Wednesday-28-02-2018/Wednesday-28-02-2018_141.pcap
Wednesday-28-02-2018,capEC2AMAZ-O4EL3NG-172.31.65.96.pcap,Wednesday-28-02-2018_142.pcap,01_pcap/Wednesday-28-02-2018/capEC2AMAZ-O4EL3NG-172.31.65.96.pcap,01_pcap/Wednesday-28-02-2018/Wednesday-28-02-2018_142.pcap
Wednesday-28-02-2018,capEC2AMAZ-O4EL3NG-172.31.65.98.pcap,Wednesday-28-02-2018_143.pcap,01_pcap/Wednesday-28-02-2018/capEC2AMAZ-O4EL3NG-172.31.65.98.pcap,01_pcap/Wednesday-28-02-2018/Wednesday-28-02-2018_143.pcap
Wednesday-28-02-2018,capEC2AMAZ-O4EL3NG-172.31.65.107.pcap,Wednesday-28-02-2018_144.pcap,01_pcap/Wednesday-28-02-2018/capEC2AMAZ-O4EL3NG-172.31.65.107.pcap,01_pcap/Wednesday-28-02-2018/Wednesday-28-02-2018_144.pcap
Wednesday-28-02-2018,capEC2AMAZ-O4EL3NG-172.31.65.109.pcap,Wednesday-28-02-2018_145.pcap,01_pcap/Wednesday-28-02-2018/capEC2AMAZ-O4EL3NG-172.31.65.109.pcap,01_pcap/Wednesday-28-02-2018/Wednesday-28-02-2018_145.pcap
Wednesday-28-02-2018,capEC2AMAZ-O4EL3NG-172.31.65.112.pcap,Wednesday-28-02-2018_146.pcap,01_pcap/Wednesday-28-02-2018/capEC2AMAZ-O4EL3NG-172.31.65.112.pcap,01_pcap/Wednesday-28-02-2018/Wednesday-28-02-2018_146.pcap
Wednesday-28-02-2018,capEC2AMAZ-O4EL3NG-172.31.65.118.pcap,Wednesday-28-02-2018_147.pcap,01_pcap/Wednesday-28-02-2018/capEC2AMAZ-O4EL3NG-172.31.65.118.pcap,01_pcap/Wednesday-28-02-2018/Wednesday-28-02-2018_147.pcap
Wednesday-28-02-2018,capEC2AMAZ-O4EL3NG-172.31.65.119.pcap,Wednesday-28-02-2018_148.pcap,01_pcap/Wednesday-28-02-2018/capEC2AMAZ-O4EL3NG-172.31.65.119.pcap,01_pcap/Wednesday-28-02-2018/Wednesday-28-02-2018_148.pcap
Wednesday-28-02-2018,capEC2AMAZ-O4EL3NG-172.31.65.121.pcap,Wednesday-28-02-2018_149.pcap,01_pcap/Wednesday-28-02-2018/capEC2AMAZ-O4EL3NG-172.31.65.121.pcap,01_pcap/Wednesday-28-02-2018/Wednesday-28-02-2018_149.pcap
Wednesday-28-02-2018,capEC2AMAZ-O4EL3NG-172.31.65.122.pcap,Wednesday-28-02-2018_150.pcap,01_pcap/Wednesday-28-02-2018/capEC2AMAZ-O4EL3NG-172.31.65.122.pcap,01_pcap/Wednesday-28-02-2018/Wednesday-28-02-2018_150.pcap
Wednesday-28-02-2018,capEC2AMAZ-O4EL3NG-172.31.66.5.pcap,Wednesday-28-02-2018_151.pcap,01_pcap/Wednesday-28-02-2018/capEC2AMAZ-O4EL3NG-172.31.66.5.pcap,01_pcap/Wednesday-28-02-2018/Wednesday-28-02-2018_151.pcap
Wednesday-28-02-2018,capEC2AMAZ-O4EL3NG-172.31.66.7.pcap,Wednesday-28-02-2018_152.pcap,01_pcap/Wednesday-28-02-2018/capEC2AMAZ-O4EL3NG-172.31.66.7.pcap,01_pcap/Wednesday-28-02-2018/Wednesday-28-02-2018_152.pcap
Wednesday-28-02-2018,capEC2AMAZ-O4EL3NG-172.31.66.8.pcap,Wednesday-28-02-2018_153.pcap,01_pcap/Wednesday-28-02-2018/capEC2AMAZ-O4EL3NG-172.31.66.8.pcap,01_pcap/Wednesday-28-02-2018/Wednesday-28-02-2018_153.pcap
Wednesday-28-02-2018,capEC2AMAZ-O4EL3NG-172.31.66.12.pcap,Wednesday-28-02-2018_154.pcap,01_pcap/Wednesday-28-02-2018/capEC2AMAZ-O4EL3NG-172.31.66.12.pcap,01_pcap/Wednesday-28-02-2018/Wednesday-28-02-2018_154.pcap
Wednesday-28-02-2018,capEC2AMAZ-O4EL3NG-172.31.66.13.pcap,Wednesday-28-02-2018_155.pcap,01_pcap/Wednesday-28-02-2018/capEC2AMAZ-O4EL3NG-172.31.66.13.pcap,01_pcap/Wednesday-28-02-2018/Wednesday-28-02-2018_155.pcap
Wednesday-28-02-2018,capEC2AMAZ-O4EL3NG-172.31.66.14.pcap,Wednesday-28-02-2018_156.pcap,01_pcap/Wednesday-28-02-2018/capEC2AMAZ-O4EL3NG-172.31.66.14.pcap,01_pcap/Wednesday-28-02-2018/Wednesday-28-02-2018_156.pcap
Wednesday-28-02-2018,capEC2AMAZ-O4EL3NG-172.31.66.16.pcap,Wednesday-28-02-2018_157.pcap,01_pcap/Wednesday-28-02-2018/capEC2AMAZ-O4EL3NG-172.31.66.16.pcap,01_pcap/Wednesday-28-02-2018/Wednesday-28-02-2018_157.pcap
Wednesday-28-02-2018,capEC2AMAZ-O4EL3NG-172.31.66.17.pcap,Wednesday-28-02-2018_158.pcap,01_pcap/Wednesday-28-02-2018/capEC2AMAZ-O4EL3NG-172.31.66.17.pcap,01_pcap/Wednesday-28-02-2018/Wednesday-28-02-2018_158.pcap
Wednesday-28-02-2018,capEC2AMAZ-O4EL3NG-172.31.66.20.pcap,Wednesday-28-02-2018_159.pcap,01_pcap/Wednesday-28-02-2018/capEC2AMAZ-O4EL3NG-172.31.66.20.pcap,01_pcap/Wednesday-28-02-2018/Wednesday-28-02-2018_159.pcap
Wednesday-28-02-2018,capEC2AMAZ-O4EL3NG-172.31.66.25.pcap,Wednesday-28-02-2018_160.pcap,01_pcap/Wednesday-28-02-2018/capEC2AMAZ-O4EL3NG-172.31.66.25.pcap,01_pcap/Wednesday-28-02-2018/Wednesday-28-02-2018_160.pcap
Wednesday-28-02-2018,capEC2AMAZ-O4EL3NG-172.31.66.26.pcap,Wednesday-28-02-2018_161.pcap,01_pcap/Wednesday-28-02-2018/capEC2AMAZ-O4EL3NG-172.31.66.26.pcap,01_pcap/Wednesday-28-02-2018/Wednesday-28-02-2018_161.pcap
Wednesday-28-02-2018,capEC2AMAZ-O4EL3NG-172.31.66.28.pcap,Wednesday-28-02-2018_162.pcap,01_pcap/Wednesday-28-02-2018/capEC2AMAZ-O4EL3NG-172.31.66.28.pcap,01_pcap/Wednesday-28-02-2018/Wednesday-28-02-2018_162.pcap
Wednesday-28-02-2018,capEC2AMAZ-O4EL3NG-172.31.66.29.pcap,Wednesday-28-02-2018_163.pcap,01_pcap/Wednesday-28-02-2018/capEC2AMAZ-O4EL3NG-172.31.66.29.pcap,01_pcap/Wednesday-28-02-2018/Wednesday-28-02-2018_163.pcap
Wednesday-28-02-2018,capEC2AMAZ-O4EL3NG-172.31.66.34.pcap,Wednesday-28-02-2018_164.pcap,01_pcap/Wednesday-28-02-2018/capEC2AMAZ-O4EL3NG-172.31.66.34.pcap,01_pcap/Wednesday-28-02-2018/Wednesday-28-02-2018_164.pcap
Wednesday-28-02-2018,capEC2AMAZ-O4EL3NG-172.31.66.35.pcap,Wednesday-28-02-2018_165.pcap,01_pcap/Wednesday-28-02-2018/capEC2AMAZ-O4EL3NG-172.31.66.35.pcap,01_pcap/Wednesday-28-02-2018/Wednesday-28-02-2018_165.pcap
Wednesday-28-02-2018,capEC2AMAZ-O4EL3NG-172.31.66.37.pcap,Wednesday-28-02-2018_166.pcap,01_pcap/Wednesday-28-02-2018/capEC2AMAZ-O4EL3NG-172.31.66.37.pcap,01_pcap/Wednesday-28-02-2018/Wednesday-28-02-2018_166.pcap
Wednesday-28-02-2018,capEC2AMAZ-O4EL3NG-172.31.66.38.pcap,Wednesday-28-02-2018_167.pcap,01_pcap/Wednesday-28-02-2018/capEC2AMAZ-O4EL3NG-172.31.66.38.pcap,01_pcap/Wednesday-28-02-2018/Wednesday-28-02-2018_167.pcap
Wednesday-28-02-2018,capEC2AMAZ-O4EL3NG-172.31.66.40.pcap,Wednesday-28-02-2018_168.pcap,01_pcap/Wednesday-28-02-2018/capEC2AMAZ-O4EL3NG-172.31.66.40.pcap,01_pcap/Wednesday-28-02-2018/Wednesday-28-02-2018_168.pcap
Wednesday-28-02-2018,capEC2AMAZ-O4EL3NG-172.31.66.44.pcap,Wednesday-28-02-2018_169.pcap,01_pcap/Wednesday-28-02-2018/capEC2AMAZ-O4EL3NG-172.31.66.44.pcap,01_pcap/Wednesday-28-02-2018/Wednesday-28-02-2018_169.pcap
Wednesday-28-02-2018,capEC2AMAZ-O4EL3NG-172.31.66.48.pcap,Wednesday-28-02-2018_170.pcap,01_pcap/Wednesday-28-02-2018/capEC2AMAZ-O4EL3NG-172.31.66.48.pcap,01_pcap/Wednesday-28-02-2018/Wednesday-28-02-2018_170.pcap
Wednesday-28-02-2018,capEC2AMAZ-O4EL3NG-172.31.66.51.pcap,Wednesday-28-02-2018_171.pcap,01_pcap/Wednesday-28-02-2018/capEC2AMAZ-O4EL3NG-172.31.66.51.pcap,01_pcap/Wednesday-28-02-2018/Wednesday-28-02-2018_171.pcap
Wednesday-28-02-2018,capEC2AMAZ-O4EL3NG-172.31.66.53.pcap,Wednesday-28-02-2018_172.pcap,01_pcap/Wednesday-28-02-2018/capEC2AMAZ-O4EL3NG-172.31.66.53.pcap,01_pcap/Wednesday-28-02-2018/Wednesday-28-02-2018_172.pcap
Wednesday-28-02-2018,capEC2AMAZ-O4EL3NG-172.31.66.55.pcap,Wednesday-28-02-2018_173.pcap,01_pcap/Wednesday-28-02-2018/capEC2AMAZ-O4EL3NG-172.31.66.55.pcap,01_pcap/Wednesday-28-02-2018/Wednesday-28-02-2018_173.pcap
Wednesday-28-02-2018,capEC2AMAZ-O4EL3NG-172.31.66.56.pcap,Wednesday-28-02-2018_174.pcap,01_pcap/Wednesday-28-02-2018/capEC2AMAZ-O4EL3NG-172.31.66.56.pcap,01_pcap/Wednesday-28-02-2018/Wednesday-28-02-2018_174.pcap
Wednesday-28-02-2018,capEC2AMAZ-O4EL3NG-172.31.66.57.pcap,Wednesday-28-02-2018_175.pcap,01_pcap/Wednesday-28-02-2018/capEC2AMAZ-O4EL3NG-172.31.66.57.pcap,01_pcap/Wednesday-28-02-2018/Wednesday-28-02-2018_175.pcap
Wednesday-28-02-2018,capEC2AMAZ-O4EL3NG-172.31.66.60.pcap,Wednesday-28-02-2018_176.pcap,01_pcap/Wednesday-28-02-2018/capEC2AMAZ-O4EL3NG-172.31.66.60.pcap,01_pcap/Wednesday-28-02-2018/Wednesday-28-02-2018_176.pcap
Wednesday-28-02-2018,capEC2AMAZ-O4EL3NG-172.31.66.61.pcap,Wednesday-28-02-2018_177.pcap,01_pcap/Wednesday-28-02-2018/capEC2AMAZ-O4EL3NG-172.31.66.61.pcap,01_pcap/Wednesday-28-02-2018/Wednesday-28-02-2018_177.pcap
Wednesday-28-02-2018,capEC2AMAZ-O4EL3NG-172.31.66.64.pcap,Wednesday-28-02-2018_178.pcap,01_pcap/Wednesday-28-02-2018/capEC2AMAZ-O4EL3NG-172.31.66.64.pcap,01_pcap/Wednesday-28-02-2018/Wednesday-28-02-2018_178.pcap
Wednesday-28-02-2018,capEC2AMAZ-O4EL3NG-172.31.66.65.pcap,Wednesday-28-02-2018_179.pcap,01_pcap/Wednesday-28-02-2018/capEC2AMAZ-O4EL3NG-172.31.66.65.pcap,01_pcap/Wednesday-28-02-2018/Wednesday-28-02-2018_179.pcap
Wednesday-28-02-2018,capEC2AMAZ-O4EL3NG-172.31.66.66.pcap,Wednesday-28-02-2018_180.pcap,01_pcap/Wednesday-28-02-2018/capEC2AMAZ-O4EL3NG-172.31.66.66.pcap,01_pcap/Wednesday-28-02-2018/Wednesday-28-02-2018_180.pcap
Wednesday-28-02-2018,capEC2AMAZ-O4EL3NG-172.31.66.68.pcap,Wednesday-28-02-2018_181.pcap,01_pcap/Wednesday-28-02-2018/capEC2AMAZ-O4EL3NG-172.31.66.68.pcap,01_pcap/Wednesday-28-02-2018/Wednesday-28-02-2018_181.pcap
Wednesday-28-02-2018,capEC2AMAZ-O4EL3NG-172.31.66.70.pcap,Wednesday-28-02-2018_182.pcap,01_pcap/Wednesday-28-02-2018/capEC2AMAZ-O4EL3NG-172.31.66.70.pcap,01_pcap/Wednesday-28-02-2018/Wednesday-28-02-2018_182.pcap
Wednesday-28-02-2018,capEC2AMAZ-O4EL3NG-172.31.66.71.pcap,Wednesday-28-02-2018_183.pcap,01_pcap/Wednesday-28-02-2018/capEC2AMAZ-O4EL3NG-172.31.66.71.pcap,01_pcap/Wednesday-28-02-2018/Wednesday-28-02-2018_183.pcap
Wednesday-28-02-2018,capEC2AMAZ-O4EL3NG-172.31.66.73.pcap,Wednesday-28-02-2018_184.pcap,01_pcap/Wednesday-28-02-2018/capEC2AMAZ-O4EL3NG-172.31.66.73.pcap,01_pcap/Wednesday-28-02-2018/Wednesday-28-02-2018_184.pcap
Wednesday-28-02-2018,capEC2AMAZ-O4EL3NG-172.31.66.74.pcap,Wednesday-28-02-2018_185.pcap,01_pcap/Wednesday-28-02-2018/capEC2AMAZ-O4EL3NG-172.31.66.74.pcap,01_pcap/Wednesday-28-02-2018/Wednesday-28-02-2018_185.pcap
Wednesday-28-02-2018,capEC2AMAZ-O4EL3NG-172.31.66.75.pcap,Wednesday-28-02-2018_186.pcap,01_pcap/Wednesday-28-02-2018/capEC2AMAZ-O4EL3NG-172.31.66.75.pcap,01_pcap/Wednesday-28-02-2018/Wednesday-28-02-2018_186.pcap
Wednesday-28-02-2018,capEC2AMAZ-O4EL3NG-172.31.66.77.pcap,Wednesday-28-02-2018_187.pcap,01_pcap/Wednesday-28-02-2018/capEC2AMAZ-O4EL3NG-172.31.66.77.pcap,01_pcap/Wednesday-28-02-2018/Wednesday-28-02-2018_187.pcap
Wednesday-28-02-2018,capEC2AMAZ-O4EL3NG-172.31.66.78.pcap,Wednesday-28-02-2018_188.pcap,01_pcap/Wednesday-28-02-2018/capEC2AMAZ-O4EL3NG-172.31.66.78.pcap,01_pcap/Wednesday-28-02-2018/Wednesday-28-02-2018_188.pcap
Wednesday-28-02-2018,capEC2AMAZ-O4EL3NG-172.31.66.80.pcap,Wednesday-28-02-2018_189.pcap,01_pcap/Wednesday-28-02-2018/capEC2AMAZ-O4EL3NG-172.31.66.80.pcap,01_pcap/Wednesday-28-02-2018/Wednesday-28-02-2018_189.pcap
Wednesday-28-02-2018,capEC2AMAZ-O4EL3NG-172.31.66.81.pcap,Wednesday-28-02-2018_190.pcap,01_pcap/Wednesday-28-02-2018/capEC2AMAZ-O4EL3NG-172.31.66.81.pcap,01_pcap/Wednesday-28-02-2018/Wednesday-28-02-2018_190.pcap
Wednesday-28-02-2018,capEC2AMAZ-O4EL3NG-172.31.66.84.pcap,Wednesday-28-02-2018_191.pcap,01_pcap/Wednesday-28-02-2018/capEC2AMAZ-O4EL3NG-172.31.66.84.pcap,01_pcap/Wednesday-28-02-2018/Wednesday-28-02-2018_191.pcap
Wednesday-28-02-2018,capEC2AMAZ-O4EL3NG-172.31.66.86.pcap,Wednesday-28-02-2018_192.pcap,01_pcap/Wednesday-28-02-2018/capEC2AMAZ-O4EL3NG-172.31.66.86.pcap,01_pcap/Wednesday-28-02-2018/Wednesday-28-02-2018_192.pcap
Wednesday-28-02-2018,capEC2AMAZ-O4EL3NG-172.31.66.87.pcap,Wednesday-28-02-2018_193.pcap,01_pcap/Wednesday-28-02-2018/capEC2AMAZ-O4EL3NG-172.31.66.87.pcap,01_pcap/Wednesday-28-02-2018/Wednesday-28-02-2018_193.pcap
Wednesday-28-02-2018,capEC2AMAZ-O4EL3NG-172.31.66.91.pcap,Wednesday-28-02-2018_194.pcap,01_pcap/Wednesday-28-02-2018/capEC2AMAZ-O4EL3NG-172.31.66.91.pcap,01_pcap/Wednesday-28-02-2018/Wednesday-28-02-2018_194.pcap
Wednesday-28-02-2018,capEC2AMAZ-O4EL3NG-172.31.66.94.pcap,Wednesday-28-02-2018_195.pcap,01_pcap/Wednesday-28-02-2018/capEC2AMAZ-O4EL3NG-172.31.66.94.pcap,01_pcap/Wednesday-28-02-2018/Wednesday-28-02-2018_195.pcap
Wednesday-28-02-2018,capEC2AMAZ-O4EL3NG-172.31.66.95.pcap,Wednesday-28-02-2018_196.pcap,01_pcap/Wednesday-28-02-2018/capEC2AMAZ-O4EL3NG-172.31.66.95.pcap,01_pcap/Wednesday-28-02-2018/Wednesday-28-02-2018_196.pcap
Wednesday-28-02-2018,capEC2AMAZ-O4EL3NG-172.31.66.97.pcap,Wednesday-28-02-2018_197.pcap,01_pcap/Wednesday-28-02-2018/capEC2AMAZ-O4EL3NG-172.31.66.97.pcap,01_pcap/Wednesday-28-02-2018/Wednesday-28-02-2018_197.pcap
Wednesday-28-02-2018,capEC2AMAZ-O4EL3NG-172.31.66.98.pcap,Wednesday-28-02-2018_198.pcap,01_pcap/Wednesday-28-02-2018/capEC2AMAZ-O4EL3NG-172.31.66.98.pcap,01_pcap/Wednesday-28-02-2018/Wednesday-28-02-2018_198.pcap
Wednesday-28-02-2018,capEC2AMAZ-O4EL3NG-172.31.66.105.pcap,Wednesday-28-02-2018_199.pcap,01_pcap/Wednesday-28-02-2018/capEC2AMAZ-O4EL3NG-172.31.66.105.pcap,01_pcap/Wednesday-28-02-2018/Wednesday-28-02-2018_199.pcap
Wednesday-28-02-2018,capEC2AMAZ-O4EL3NG-172.31.66.107.pcap,Wednesday-28-02-2018_200.pcap,01_pcap/Wednesday-28-02-2018/capEC2AMAZ-O4EL3NG-172.31.66.107.pcap,01_pcap/Wednesday-28-02-2018/Wednesday-28-02-2018_200.pcap
Wednesday-28-02-2018,capEC2AMAZ-O4EL3NG-172.31.66.108.pcap,Wednesday-28-02-2018_201.pcap,01_pcap/Wednesday-28-02-2018/capEC2AMAZ-O4EL3NG-172.31.66.108.pcap,01_pcap/Wednesday-28-02-2018/Wednesday-28-02-2018_201.pcap
Wednesday-28-02-2018,capEC2AMAZ-O4EL3NG-172.31.66.116.pcap,Wednesday-28-02-2018_202.pcap,01_pcap/Wednesday-28-02-2018/capEC2AMAZ-O4EL3NG-172.31.66.116.pcap,01_pcap/Wednesday-28-02-2018/Wednesday-28-02-2018_202.pcap
Wednesday-28-02-2018,capEC2AMAZ-O4EL3NG-172.31.66.119.pcap,Wednesday-28-02-2018_203.pcap,01_pcap/Wednesday-28-02-2018/capEC2AMAZ-O4EL3NG-172.31.66.119.pcap,01_pcap/Wednesday-28-02-2018/Wednesday-28-02-2018_203.pcap
Wednesday-28-02-2018,capEC2AMAZ-O4EL3NG-172.31.66.122.pcap,Wednesday-28-02-2018_204.pcap,01_pcap/Wednesday-28-02-2018/capEC2AMAZ-O4EL3NG-172.31.66.122.pcap,01_pcap/Wednesday-28-02-2018/Wednesday-28-02-2018_204.pcap
Wednesday-28-02-2018,capEC2AMAZ-O4EL3NG-172.31.66.124.pcap,Wednesday-28-02-2018_205.pcap,01_pcap/Wednesday-28-02-2018/capEC2AMAZ-O4EL3NG-172.31.66.124.pcap,01_pcap/Wednesday-28-02-2018/Wednesday-28-02-2018_205.pcap
Wednesday-28-02-2018,capEC2AMAZ-O4EL3NG-172.31.67.6.pcap,Wednesday-28-02-2018_206.pcap,01_pcap/Wednesday-28-02-2018/capEC2AMAZ-O4EL3NG-172.31.67.6.pcap,01_pcap/Wednesday-28-02-2018/Wednesday-28-02-2018_206.pcap
Wednesday-28-02-2018,capEC2AMAZ-O4EL3NG-172.31.67.7.pcap,Wednesday-28-02-2018_207.pcap,01_pcap/Wednesday-28-02-2018/capEC2AMAZ-O4EL3NG-172.31.67.7.pcap,01_pcap/Wednesday-28-02-2018/Wednesday-28-02-2018_207.pcap
Wednesday-28-02-2018,capEC2AMAZ-O4EL3NG-172.31.67.12.pcap,Wednesday-28-02-2018_208.pcap,01_pcap/Wednesday-28-02-2018/capEC2AMAZ-O4EL3NG-172.31.67.12.pcap,01_pcap/Wednesday-28-02-2018/Wednesday-28-02-2018_208.pcap
Wednesday-28-02-2018,capEC2AMAZ-O4EL3NG-172.31.67.16.pcap,Wednesday-28-02-2018_209.pcap,01_pcap/Wednesday-28-02-2018/capEC2AMAZ-O4EL3NG-172.31.67.16.pcap,01_pcap/Wednesday-28-02-2018/Wednesday-28-02-2018_209.pcap
Wednesday-28-02-2018,capEC2AMAZ-O4EL3NG-172.31.67.17.pcap,Wednesday-28-02-2018_210.pcap,01_pcap/Wednesday-28-02-2018/capEC2AMAZ-O4EL3NG-172.31.67.17.pcap,01_pcap/Wednesday-28-02-2018/Wednesday-28-02-2018_210.pcap
Wednesday-28-02-2018,capEC2AMAZ-O4EL3NG-172.31.67.18.pcap,Wednesday-28-02-2018_211.pcap,01_pcap/Wednesday-28-02-2018/capEC2AMAZ-O4EL3NG-172.31.67.18.pcap,01_pcap/Wednesday-28-02-2018/Wednesday-28-02-2018_211.pcap
Wednesday-28-02-2018,capEC2AMAZ-O4EL3NG-172.31.67.20.pcap,Wednesday-28-02-2018_212.pcap,01_pcap/Wednesday-28-02-2018/capEC2AMAZ-O4EL3NG-172.31.67.20.pcap,01_pcap/Wednesday-28-02-2018/Wednesday-28-02-2018_212.pcap
Wednesday-28-02-2018,capEC2AMAZ-O4EL3NG-172.31.67.29.pcap,Wednesday-28-02-2018_213.pcap,01_pcap/Wednesday-28-02-2018/capEC2AMAZ-O4EL3NG-172.31.67.29.pcap,01_pcap/Wednesday-28-02-2018/Wednesday-28-02-2018_213.pcap
Wednesday-28-02-2018,capEC2AMAZ-O4EL3NG-172.31.67.31.pcap,Wednesday-28-02-2018_214.pcap,01_pcap/Wednesday-28-02-2018/capEC2AMAZ-O4EL3NG-172.31.67.31.pcap,01_pcap/Wednesday-28-02-2018/Wednesday-28-02-2018_214.pcap
Wednesday-28-02-2018,capEC2AMAZ-O4EL3NG-172.31.67.37.pcap,Wednesday-28-02-2018_215.pcap,01_pcap/Wednesday-28-02-2018/capEC2AMAZ-O4EL3NG-172.31.67.37.pcap,01_pcap/Wednesday-28-02-2018/Wednesday-28-02-2018_215.pcap
Wednesday-28-02-2018,capEC2AMAZ-O4EL3NG-172.31.67.38.pcap,Wednesday-28-02-2018_216.pcap,01_pcap/Wednesday-28-02-2018/capEC2AMAZ-O4EL3NG-172.31.67.38.pcap,01_pcap/Wednesday-28-02-2018/Wednesday-28-02-2018_216.pcap
Wednesday-28-02-2018,capEC2AMAZ-O4EL3NG-172.31.67.42.pcap,Wednesday-28-02-2018_217.pcap,01_pcap/Wednesday-28-02-2018/capEC2AMAZ-O4EL3NG-172.31.67.42.pcap,01_pcap/Wednesday-28-02-2018/Wednesday-28-02-2018_217.pcap
Wednesday-28-02-2018,capEC2AMAZ-O4EL3NG-172.31.67.45.pcap,Wednesday-28-02-2018_218.pcap,01_pcap/Wednesday-28-02-2018/capEC2AMAZ-O4EL3NG-172.31.67.45.pcap,01_pcap/Wednesday-28-02-2018/Wednesday-28-02-2018_218.pcap
Wednesday-28-02-2018,capEC2AMAZ-O4EL3NG-172.31.67.47.pcap,Wednesday-28-02-2018_219.pcap,01_pcap/Wednesday-28-02-2018/capEC2AMAZ-O4EL3NG-172.31.67.47.pcap,01_pcap/Wednesday-28-02-2018/Wednesday-28-02-2018_219.pcap
Wednesday-28-02-2018,capEC2AMAZ-O4EL3NG-172.31.67.48.pcap,Wednesday-28-02-2018_220.pcap,01_pcap/Wednesday-28-02-2018/capEC2AMAZ-O4EL3NG-172.31.67.48.pcap,01_pcap/Wednesday-28-02-2018/Wednesday-28-02-2018_220.pcap
Wednesday-28-02-2018,capEC2AMAZ-O4EL3NG-172.31.67.52.pcap,Wednesday-28-02-2018_221.pcap,01_pcap/Wednesday-28-02-2018/capEC2AMAZ-O4EL3NG-172.31.67.52.pcap,01_pcap/Wednesday-28-02-2018/Wednesday-28-02-2018_221.pcap
Wednesday-28-02-2018,capEC2AMAZ-O4EL3NG-172.31.67.53.pcap,Wednesday-28-02-2018_222.pcap,01_pcap/Wednesday-28-02-2018/capEC2AMAZ-O4EL3NG-172.31.67.53.pcap,01_pcap/Wednesday-28-02-2018/Wednesday-28-02-2018_222.pcap
Wednesday-28-02-2018,capEC2AMAZ-O4EL3NG-172.31.67.57.pcap,Wednesday-28-02-2018_223.pcap,01_pcap/Wednesday-28-02-2018/capEC2AMAZ-O4EL3NG-172.31.67.57.pcap,01_pcap/Wednesday-28-02-2018/Wednesday-28-02-2018_223.pcap
Wednesday-28-02-2018,capEC2AMAZ-O4EL3NG-172.31.67.58.pcap,Wednesday-28-02-2018_224.pcap,01_pcap/Wednesday-28-02-2018/capEC2AMAZ-O4EL3NG-172.31.67.58.pcap,01_pcap/Wednesday-28-02-2018/Wednesday-28-02-2018_224.pcap
Wednesday-28-02-2018,capEC2AMAZ-O4EL3NG-172.31.67.60.pcap,Wednesday-28-02-2018_225.pcap,01_pcap/Wednesday-28-02-2018/capEC2AMAZ-O4EL3NG-172.31.67.60.pcap,01_pcap/Wednesday-28-02-2018/Wednesday-28-02-2018_225.pcap
Wednesday-28-02-2018,capEC2AMAZ-O4EL3NG-172.31.67.61.pcap,Wednesday-28-02-2018_226.pcap,01_pcap/Wednesday-28-02-2018/capEC2AMAZ-O4EL3NG-172.31.67.61.pcap,01_pcap/Wednesday-28-02-2018/Wednesday-28-02-2018_226.pcap
Wednesday-28-02-2018,capEC2AMAZ-O4EL3NG-172.31.67.64.pcap,Wednesday-28-02-2018_227.pcap,01_pcap/Wednesday-28-02-2018/capEC2AMAZ-O4EL3NG-172.31.67.64.pcap,01_pcap/Wednesday-28-02-2018/Wednesday-28-02-2018_227.pcap
Wednesday-28-02-2018,capEC2AMAZ-O4EL3NG-172.31.67.66.pcap,Wednesday-28-02-2018_228.pcap,01_pcap/Wednesday-28-02-2018/capEC2AMAZ-O4EL3NG-172.31.67.66.pcap,01_pcap/Wednesday-28-02-2018/Wednesday-28-02-2018_228.pcap
Wednesday-28-02-2018,capEC2AMAZ-O4EL3NG-172.31.67.67.pcap,Wednesday-28-02-2018_229.pcap,01_pcap/Wednesday-28-02-2018/capEC2AMAZ-O4EL3NG-172.31.67.67.pcap,01_pcap/Wednesday-28-02-2018/Wednesday-28-02-2018_229.pcap
Wednesday-28-02-2018,capEC2AMAZ-O4EL3NG-172.31.67.73.pcap,Wednesday-28-02-2018_230.pcap,01_pcap/Wednesday-28-02-2018/capEC2AMAZ-O4EL3NG-172.31.67.73.pcap,01_pcap/Wednesday-28-02-2018/Wednesday-28-02-2018_230.pcap
Wednesday-28-02-2018,capEC2AMAZ-O4EL3NG-172.31.67.75.pcap,Wednesday-28-02-2018_231.pcap,01_pcap/Wednesday-28-02-2018/capEC2AMAZ-O4EL3NG-172.31.67.75.pcap,01_pcap/Wednesday-28-02-2018/Wednesday-28-02-2018_231.pcap
Wednesday-28-02-2018,capEC2AMAZ-O4EL3NG-172.31.67.91.pcap,Wednesday-28-02-2018_232.pcap,01_pcap/Wednesday-28-02-2018/capEC2AMAZ-O4EL3NG-172.31.67.91.pcap,01_pcap/Wednesday-28-02-2018/Wednesday-28-02-2018_232.pcap
Wednesday-28-02-2018,capEC2AMAZ-O4EL3NG-172.31.67.92.pcap,Wednesday-28-02-2018_233.pcap,01_pcap/Wednesday-28-02-2018/capEC2AMAZ-O4EL3NG-172.31.67.92.pcap,01_pcap/Wednesday-28-02-2018/Wednesday-28-02-2018_233.pcap
Wednesday-28-02-2018,capEC2AMAZ-O4EL3NG-172.31.67.96.pcap,Wednesday-28-02-2018_234.pcap,01_pcap/Wednesday-28-02-2018/capEC2AMAZ-O4EL3NG-172.31.67.96.pcap,01_pcap/Wednesday-28-02-2018/Wednesday-28-02-2018_234.pcap
Wednesday-28-02-2018,capEC2AMAZ-O4EL3NG-172.31.67.99.pcap,Wednesday-28-02-2018_235.pcap,01_pcap/Wednesday-28-02-2018/capEC2AMAZ-O4EL3NG-172.31.67.99.pcap,01_pcap/Wednesday-28-02-2018/Wednesday-28-02-2018_235.pcap
Wednesday-28-02-2018,capEC2AMAZ-O4EL3NG-172.31.67.100.pcap,Wednesday-28-02-2018_236.pcap,01_pcap/Wednesday-28-02-2018/capEC2AMAZ-O4EL3NG-172.31.67.100.pcap,01_pcap/Wednesday-28-02-2018/Wednesday-28-02-2018_236.pcap
Wednesday-28-02-2018,capEC2AMAZ-O4EL3NG-172.31.67.112.pcap,Wednesday-28-02-2018_237.pcap,01_pcap/Wednesday-28-02-2018/capEC2AMAZ-O4EL3NG-172.31.67.112.pcap,01_pcap/Wednesday-28-02-2018/Wednesday-28-02-2018_237.pcap
Wednesday-28-02-2018,capEC2AMAZ-O4EL3NG-172.31.67.113.pcap,Wednesday-28-02-2018_238.pcap,01_pcap/Wednesday-28-02-2018/capEC2AMAZ-O4EL3NG-172.31.67.113.pcap,01_pcap/Wednesday-28-02-2018/Wednesday-28-02-2018_238.pcap
Wednesday-28-02-2018,capEC2AMAZ-O4EL3NG-172.31.67.115.pcap,Wednesday-28-02-2018_239.pcap,01_pcap/Wednesday-28-02-2018/capEC2AMAZ-O4EL3NG-172.31.67.115.pcap,01_pcap/Wednesday-28-02-2018/Wednesday-28-02-2018_239.pcap
Wednesday-28-02-2018,capEC2AMAZ-O4EL3NG-172.31.67.117.pcap,Wednesday-28-02-2018_240.pcap,01_pcap/Wednesday-28-02-2018/capEC2AMAZ-O4EL3NG-172.31.67.117.pcap,01_pcap/Wednesday-28-02-2018/Wednesday-28-02-2018_240.pcap
Wednesday-28-02-2018,capEC2AMAZ-O4EL3NG-172.31.67.120.pcap,Wednesday-28-02-2018_241.pcap,01_pcap/Wednesday-28-02-2018/capEC2AMAZ-O4EL3NG-172.31.67.120.pcap,01_pcap/Wednesday-28-02-2018/Wednesday-28-02-2018_241.pcap
Wednesday-28-02-2018,capEC2AMAZ-O4EL3NG-172.31.67.122.pcap,Wednesday-28-02-2018_242.pcap,01_pcap/Wednesday-28-02-2018/capEC2AMAZ-O4EL3NG-172.31.67.122.pcap,01_pcap/Wednesday-28-02-2018/Wednesday-28-02-2018_242.pcap
Wednesday-28-02-2018,capEC2AMAZ-O4EL3NG-172.31.67.126.pcap,Wednesday-28-02-2018_243.pcap,01_pcap/Wednesday-28-02-2018/capEC2AMAZ-O4EL3NG-172.31.67.126.pcap,01_pcap/Wednesday-28-02-2018/Wednesday-28-02-2018_243.pcap
Wednesday-28-02-2018,capEC2AMAZ-O4EL3NG-172.31.68.4.pcap,Wednesday-28-02-2018_244.pcap,01_pcap/Wednesday-28-02-2018/capEC2AMAZ-O4EL3NG-172.31.68.4.pcap,01_pcap/Wednesday-28-02-2018/Wednesday-28-02-2018_244.pcap
Wednesday-28-02-2018,capEC2AMAZ-O4EL3NG-172.31.68.5.pcap,Wednesday-28-02-2018_245.pcap,01_pcap/Wednesday-28-02-2018/capEC2AMAZ-O4EL3NG-172.31.68.5.pcap,01_pcap/Wednesday-28-02-2018/Wednesday-28-02-2018_245.pcap
Wednesday-28-02-2018,capEC2AMAZ-O4EL3NG-172.31.68.6.pcap,Wednesday-28-02-2018_246.pcap,01_pcap/Wednesday-28-02-2018/capEC2AMAZ-O4EL3NG-172.31.68.6.pcap,01_pcap/Wednesday-28-02-2018/Wednesday-28-02-2018_246.pcap
Wednesday-28-02-2018,capEC2AMAZ-O4EL3NG-172.31.68.8.pcap,Wednesday-28-02-2018_247.pcap,01_pcap/Wednesday-28-02-2018/capEC2AMAZ-O4EL3NG-172.31.68.8.pcap,01_pcap/Wednesday-28-02-2018/Wednesday-28-02-2018_247.pcap
Wednesday-28-02-2018,capEC2AMAZ-O4EL3NG-172.31.68.9.pcap,Wednesday-28-02-2018_248.pcap,01_pcap/Wednesday-28-02-2018/capEC2AMAZ-O4EL3NG-172.31.68.9.pcap,01_pcap/Wednesday-28-02-2018/Wednesday-28-02-2018_248.pcap
Wednesday-28-02-2018,capEC2AMAZ-O4EL3NG-172.31.68.10.pcap,Wednesday-28-02-2018_249.pcap,01_pcap/Wednesday-28-02-2018/capEC2AMAZ-O4EL3NG-172.31.68.10.pcap,01_pcap/Wednesday-28-02-2018/Wednesday-28-02-2018_249.pcap
Wednesday-28-02-2018,capEC2AMAZ-O4EL3NG-172.31.68.11.pcap,Wednesday-28-02-2018_250.pcap,01_pcap/Wednesday-28-02-2018/capEC2AMAZ-O4EL3NG-172.31.68.11.pcap,01_pcap/Wednesday-28-02-2018/Wednesday-28-02-2018_250.pcap
Wednesday-28-02-2018,capEC2AMAZ-O4EL3NG-172.31.68.12.pcap,Wednesday-28-02-2018_251.pcap,01_pcap/Wednesday-28-02-2018/capEC2AMAZ-O4EL3NG-172.31.68.12.pcap,01_pcap/Wednesday-28-02-2018/Wednesday-28-02-2018_251.pcap
Wednesday-28-02-2018,capEC2AMAZ-O4EL3NG-172.31.68.13.pcap,Wednesday-28-02-2018_252.pcap,01_pcap/Wednesday-28-02-2018/capEC2AMAZ-O4EL3NG-172.31.68.13.pcap,01_pcap/Wednesday-28-02-2018/Wednesday-28-02-2018_252.pcap
Wednesday-28-02-2018,capEC2AMAZ-O4EL3NG-172.31.68.14.pcap,Wednesday-28-02-2018_253.pcap,01_pcap/Wednesday-28-02-2018/capEC2AMAZ-O4EL3NG-172.31.68.14.pcap,01_pcap/Wednesday-28-02-2018/Wednesday-28-02-2018_253.pcap
Wednesday-28-02-2018,capEC2AMAZ-O4EL3NG-172.31.68.15.pcap,Wednesday-28-02-2018_254.pcap,01_pcap/Wednesday-28-02-2018/capEC2AMAZ-O4EL3NG-172.31.68.15.pcap,01_pcap/Wednesday-28-02-2018/Wednesday-28-02-2018_254.pcap
Wednesday-28-02-2018,capEC2AMAZ-O4EL3NG-172.31.68.18.pcap,Wednesday-28-02-2018_255.pcap,01_pcap/Wednesday-28-02-2018/capEC2AMAZ-O4EL3NG-172.31.68.18.pcap,01_pcap/Wednesday-28-02-2018/Wednesday-28-02-2018_255.pcap
Wednesday-28-02-2018,capEC2AMAZ-O4EL3NG-172.31.68.19.pcap,Wednesday-28-02-2018_256.pcap,01_pcap/Wednesday-28-02-2018/capEC2AMAZ-O4EL3NG-172.31.68.19.pcap,01_pcap/Wednesday-28-02-2018/Wednesday-28-02-2018_256.pcap
Wednesday-28-02-2018,capEC2AMAZ-O4EL3NG-172.31.68.20.pcap,Wednesday-28-02-2018_257.pcap,01_pcap/Wednesday-28-02-2018/capEC2AMAZ-O4EL3NG-172.31.68.20.pcap,01_pcap/Wednesday-28-02-2018/Wednesday-28-02-2018_257.pcap
Wednesday-28-02-2018,capEC2AMAZ-O4EL3NG-172.31.68.21.pcap,Wednesday-28-02-2018_258.pcap,01_pcap/Wednesday-28-02-2018/capEC2AMAZ-O4EL3NG-172.31.68.21.pcap,01_pcap/Wednesday-28-02-2018/Wednesday-28-02-2018_258.pcap
Wednesday-28-02-2018,capEC2AMAZ-O4EL3NG-172.31.68.23.pcap,Wednesday-28-02-2018_259.pcap,01_pcap/Wednesday-28-02-2018/capEC2AMAZ-O4EL3NG-172.31.68.23.pcap,01_pcap/Wednesday-28-02-2018/Wednesday-28-02-2018_259.pcap
Wednesday-28-02-2018,capEC2AMAZ-O4EL3NG-172.31.68.25.pcap,Wednesday-28-02-2018_260.pcap,01_pcap/Wednesday-28-02-2018/capEC2AMAZ-O4EL3NG-172.31.68.25.pcap,01_pcap/Wednesday-28-02-2018/Wednesday-28-02-2018_260.pcap
Wednesday-28-02-2018,capEC2AMAZ-O4EL3NG-172.31.68.26.pcap,Wednesday-28-02-2018_261.pcap,01_pcap/Wednesday-28-02-2018/capEC2AMAZ-O4EL3NG-172.31.68.26.pcap,01_pcap/Wednesday-28-02-2018/Wednesday-28-02-2018_261.pcap
Wednesday-28-02-2018,capEC2AMAZ-O4EL3NG-172.31.68.28.pcap,Wednesday-28-02-2018_262.pcap,01_pcap/Wednesday-28-02-2018/capEC2AMAZ-O4EL3NG-172.31.68.28.pcap,01_pcap/Wednesday-28-02-2018/Wednesday-28-02-2018_262.pcap
Wednesday-28-02-2018,capEC2AMAZ-O4EL3NG-172.31.68.30.pcap,Wednesday-28-02-2018_263.pcap,01_pcap/Wednesday-28-02-2018/capEC2AMAZ-O4EL3NG-172.31.68.30.pcap,01_pcap/Wednesday-28-02-2018/Wednesday-28-02-2018_263.pcap
Wednesday-28-02-2018,capEC2AMAZ-O4EL3NG-172.31.69.5.pcap,Wednesday-28-02-2018_264.pcap,01_pcap/Wednesday-28-02-2018/capEC2AMAZ-O4EL3NG-172.31.69.5.pcap,01_pcap/Wednesday-28-02-2018/Wednesday-28-02-2018_264.pcap
Wednesday-28-02-2018,capEC2AMAZ-O4EL3NG-172.31.69.6.pcap,Wednesday-28-02-2018_265.pcap,01_pcap/Wednesday-28-02-2018/capEC2AMAZ-O4EL3NG-172.31.69.6.pcap,01_pcap/Wednesday-28-02-2018/Wednesday-28-02-2018_265.pcap
Wednesday-28-02-2018,capEC2AMAZ-O4EL3NG-172.31.69.8.pcap,Wednesday-28-02-2018_266.pcap,01_pcap/Wednesday-28-02-2018/capEC2AMAZ-O4EL3NG-172.31.69.8.pcap,01_pcap/Wednesday-28-02-2018/Wednesday-28-02-2018_266.pcap
Wednesday-28-02-2018,capEC2AMAZ-O4EL3NG-172.31.69.9.pcap,Wednesday-28-02-2018_267.pcap,01_pcap/Wednesday-28-02-2018/capEC2AMAZ-O4EL3NG-172.31.69.9.pcap,01_pcap/Wednesday-28-02-2018/Wednesday-28-02-2018_267.pcap
Wednesday-28-02-2018,capEC2AMAZ-O4EL3NG-172.31.69.10.pcap,Wednesday-28-02-2018_268.pcap,01_pcap/Wednesday-28-02-2018/capEC2AMAZ-O4EL3NG-172.31.69.10.pcap,01_pcap/Wednesday-28-02-2018/Wednesday-28-02-2018_268.pcap
Wednesday-28-02-2018,capEC2AMAZ-O4EL3NG-172.31.69.12.pcap,Wednesday-28-02-2018_269.pcap,01_pcap/Wednesday-28-02-2018/capEC2AMAZ-O4EL3NG-172.31.69.12.pcap,01_pcap/Wednesday-28-02-2018/Wednesday-28-02-2018_269.pcap
Wednesday-28-02-2018,capEC2AMAZ-O4EL3NG-172.31.69.13.pcap,Wednesday-28-02-2018_270.pcap,01_pcap/Wednesday-28-02-2018/capEC2AMAZ-O4EL3NG-172.31.69.13.pcap,01_pcap/Wednesday-28-02-2018/Wednesday-28-02-2018_270.pcap
Wednesday-28-02-2018,capEC2AMAZ-O4EL3NG-172.31.69.14.pcap,Wednesday-28-02-2018_271.pcap,01_pcap/Wednesday-28-02-2018/capEC2AMAZ-O4EL3NG-172.31.69.14.pcap,01_pcap/Wednesday-28-02-2018/Wednesday-28-02-2018_271.pcap
Wednesday-28-02-2018,capEC2AMAZ-O4EL3NG-172.31.69.16.pcap,Wednesday-28-02-2018_272.pcap,01_pcap/Wednesday-28-02-2018/capEC2AMAZ-O4EL3NG-172.31.69.16.pcap,01_pcap/Wednesday-28-02-2018/Wednesday-28-02-2018_272.pcap
Wednesday-28-02-2018,capEC2AMAZ-O4EL3NG-172.31.69.17.pcap,Wednesday-28-02-2018_273.pcap,01_pcap/Wednesday-28-02-2018/capEC2AMAZ-O4EL3NG-172.31.69.17.pcap,01_pcap/Wednesday-28-02-2018/Wednesday-28-02-2018_273.pcap
Wednesday-28-02-2018,capEC2AMAZ-O4EL3NG-172.31.69.23.pcap,Wednesday-28-02-2018_274.pcap,01_pcap/Wednesday-28-02-2018/capEC2AMAZ-O4EL3NG-172.31.69.23.pcap,01_pcap/Wednesday-28-02-2018/Wednesday-28-02-2018_274.pcap
Wednesday-28-02-2018,capEC2AMAZ-O4EL3NG-172.31.69.24- part1.pcap,Wednesday-28-02-2018_275.pcap,01_pcap/Wednesday-28-02-2018/capEC2AMAZ-O4EL3NG-172.31.69.24- part1.pcap,01_pcap/Wednesday-28-02-2018/Wednesday-28-02-2018_275.pcap
Wednesday-28-02-2018,capEC2AMAZ-O4EL3NG-172.31.69.24-part2.pcap,Wednesday-28-02-2018_276.pcap,01_pcap/Wednesday-28-02-2018/capEC2AMAZ-O4EL3NG-172.31.69.24-part2.pcap,01_pcap/Wednesday-28-02-2018/Wednesday-28-02-2018_276.pcap
Wednesday-28-02-2018,capEC2AMAZ-O4EL3NG-172.31.69.26.pcap,Wednesday-28-02-2018_277.pcap,01_pcap/Wednesday-28-02-2018/capEC2AMAZ-O4EL3NG-172.31.69.26.pcap,01_pcap/Wednesday-28-02-2018/Wednesday-28-02-2018_277.pcap
Wednesday-28-02-2018,capEC2AMAZ-O4EL3NG-172.31.69.30.pcap,Wednesday-28-02-2018_278.pcap,01_pcap/Wednesday-28-02-2018/capEC2AMAZ-O4EL3NG-172.31.69.30.pcap,01_pcap/Wednesday-28-02-2018/Wednesday-28-02-2018_278.pcap
Wednesday-28-02-2018,capPC1-172.31.64.15.pcap,Wednesday-28-02-2018_279.pcap,01_pcap/Wednesday-28-02-2018/capPC1-172.31.64.15.pcap,01_pcap/Wednesday-28-02-2018/Wednesday-28-02-2018_279.pcap
Wednesday-28-02-2018,capPC1-172.31.64.18.pcap,Wednesday-28-02-2018_280.pcap,01_pcap/Wednesday-28-02-2018/capPC1-172.31.64.18.pcap,01_pcap/Wednesday-28-02-2018/Wednesday-28-02-2018_280.pcap
Wednesday-28-02-2018,capPC1-172.31.64.21.pcap,Wednesday-28-02-2018_281.pcap,01_pcap/Wednesday-28-02-2018/capPC1-172.31.64.21.pcap,01_pcap/Wednesday-28-02-2018/Wednesday-28-02-2018_281.pcap
Wednesday-28-02-2018,capPC1-172.31.64.23.pcap,Wednesday-28-02-2018_282.pcap,01_pcap/Wednesday-28-02-2018/capPC1-172.31.64.23.pcap,01_pcap/Wednesday-28-02-2018/Wednesday-28-02-2018_282.pcap
Wednesday-28-02-2018,capPC1-172.31.64.31.pcap,Wednesday-28-02-2018_283.pcap,01_pcap/Wednesday-28-02-2018/capPC1-172.31.64.31.pcap,01_pcap/Wednesday-28-02-2018/Wednesday-28-02-2018_283.pcap
Wednesday-28-02-2018,capPC1-172.31.64.32.pcap,Wednesday-28-02-2018_284.pcap,01_pcap/Wednesday-28-02-2018/capPC1-172.31.64.32.pcap,01_pcap/Wednesday-28-02-2018/Wednesday-28-02-2018_284.pcap
Wednesday-28-02-2018,capPC1-172.31.64.33.pcap,Wednesday-28-02-2018_285.pcap,01_pcap/Wednesday-28-02-2018/capPC1-172.31.64.33.pcap,01_pcap/Wednesday-28-02-2018/Wednesday-28-02-2018_285.pcap
Wednesday-28-02-2018,capPC1-172.31.64.34.pcap,Wednesday-28-02-2018_286.pcap,01_pcap/Wednesday-28-02-2018/capPC1-172.31.64.34.pcap,01_pcap/Wednesday-28-02-2018/Wednesday-28-02-2018_286.pcap
Wednesday-28-02-2018,capPC1-172.31.64.37.pcap,Wednesday-28-02-2018_287.pcap,01_pcap/Wednesday-28-02-2018/capPC1-172.31.64.37.pcap,01_pcap/Wednesday-28-02-2018/Wednesday-28-02-2018_287.pcap
Wednesday-28-02-2018,capPC1-172.31.64.40.pcap,Wednesday-28-02-2018_288.pcap,01_pcap/Wednesday-28-02-2018/capPC1-172.31.64.40.pcap,01_pcap/Wednesday-28-02-2018/Wednesday-28-02-2018_288.pcap
Wednesday-28-02-2018,capPC1-172.31.64.41.pcap,Wednesday-28-02-2018_289.pcap,01_pcap/Wednesday-28-02-2018/capPC1-172.31.64.41.pcap,01_pcap/Wednesday-28-02-2018/Wednesday-28-02-2018_289.pcap
Wednesday-28-02-2018,capPC1-172.31.64.48.pcap,Wednesday-28-02-2018_290.pcap,01_pcap/Wednesday-28-02-2018/capPC1-172.31.64.48.pcap,01_pcap/Wednesday-28-02-2018/Wednesday-28-02-2018_290.pcap
Wednesday-28-02-2018,capPC1-172.31.64.52.pcap,Wednesday-28-02-2018_291.pcap,01_pcap/Wednesday-28-02-2018/capPC1-172.31.64.52.pcap,01_pcap/Wednesday-28-02-2018/Wednesday-28-02-2018_291.pcap
Wednesday-28-02-2018,capPC1-172.31.64.64.pcap,Wednesday-28-02-2018_292.pcap,01_pcap/Wednesday-28-02-2018/capPC1-172.31.64.64.pcap,01_pcap/Wednesday-28-02-2018/Wednesday-28-02-2018_292.pcap
Wednesday-28-02-2018,capPC1-172.31.64.94.pcap,Wednesday-28-02-2018_293.pcap,01_pcap/Wednesday-28-02-2018/capPC1-172.31.64.94.pcap,01_pcap/Wednesday-28-02-2018/Wednesday-28-02-2018_293.pcap
Wednesday-28-02-2018,capPC1-172.31.64.97.pcap,Wednesday-28-02-2018_294.pcap,01_pcap/Wednesday-28-02-2018/capPC1-172.31.64.97.pcap,01_pcap/Wednesday-28-02-2018/Wednesday-28-02-2018_294.pcap
Wednesday-28-02-2018,capPC1-172.31.64.106.pcap,Wednesday-28-02-2018_295.pcap,01_pcap/Wednesday-28-02-2018/capPC1-172.31.64.106.pcap,01_pcap/Wednesday-28-02-2018/Wednesday-28-02-2018_295.pcap
Wednesday-28-02-2018,capPC1-172.31.64.113.pcap,Wednesday-28-02-2018_296.pcap,01_pcap/Wednesday-28-02-2018/capPC1-172.31.64.113.pcap,01_pcap/Wednesday-28-02-2018/Wednesday-28-02-2018_296.pcap
Wednesday-28-02-2018,capPC1-172.31.64.114.pcap,Wednesday-28-02-2018_297.pcap,01_pcap/Wednesday-28-02-2018/capPC1-172.31.64.114.pcap,01_pcap/Wednesday-28-02-2018/Wednesday-28-02-2018_297.pcap
Wednesday-28-02-2018,capPC1-172.31.64.116.pcap,Wednesday-28-02-2018_298.pcap,01_pcap/Wednesday-28-02-2018/capPC1-172.31.64.116.pcap,01_pcap/Wednesday-28-02-2018/Wednesday-28-02-2018_298.pcap
Wednesday-28-02-2018,capPC1-172.31.64.121.pcap,Wednesday-28-02-2018_299.pcap,01_pcap/Wednesday-28-02-2018/capPC1-172.31.64.121.pcap,01_pcap/Wednesday-28-02-2018/Wednesday-28-02-2018_299.pcap
Wednesday-28-02-2018,capPC1-172.31.65.6.pcap,Wednesday-28-02-2018_300.pcap,01_pcap/Wednesday-28-02-2018/capPC1-172.31.65.6.pcap,01_pcap/Wednesday-28-02-2018/Wednesday-28-02-2018_300.pcap
Wednesday-28-02-2018,capPC1-172.31.65.13.pcap,Wednesday-28-02-2018_301.pcap,01_pcap/Wednesday-28-02-2018/capPC1-172.31.65.13.pcap,01_pcap/Wednesday-28-02-2018/Wednesday-28-02-2018_301.pcap
Wednesday-28-02-2018,capPC1-172.31.65.16.pcap,Wednesday-28-02-2018_302.pcap,01_pcap/Wednesday-28-02-2018/capPC1-172.31.65.16.pcap,01_pcap/Wednesday-28-02-2018/Wednesday-28-02-2018_302.pcap
Wednesday-28-02-2018,capPC1-172.31.65.20.pcap,Wednesday-28-02-2018_303.pcap,01_pcap/Wednesday-28-02-2018/capPC1-172.31.65.20.pcap,01_pcap/Wednesday-28-02-2018/Wednesday-28-02-2018_303.pcap
Wednesday-28-02-2018,capPC1-172.31.65.25.pcap,Wednesday-28-02-2018_304.pcap,01_pcap/Wednesday-28-02-2018/capPC1-172.31.65.25.pcap,01_pcap/Wednesday-28-02-2018/Wednesday-28-02-2018_304.pcap
Wednesday-28-02-2018,capPC1-172.31.65.49.pcap,Wednesday-28-02-2018_305.pcap,01_pcap/Wednesday-28-02-2018/capPC1-172.31.65.49.pcap,01_pcap/Wednesday-28-02-2018/Wednesday-28-02-2018_305.pcap
Wednesday-28-02-2018,capPC1-172.31.65.61.pcap,Wednesday-28-02-2018_306.pcap,01_pcap/Wednesday-28-02-2018/capPC1-172.31.65.61.pcap,01_pcap/Wednesday-28-02-2018/Wednesday-28-02-2018_306.pcap
Wednesday-28-02-2018,capPC1-172.31.65.67.pcap,Wednesday-28-02-2018_307.pcap,01_pcap/Wednesday-28-02-2018/capPC1-172.31.65.67.pcap,01_pcap/Wednesday-28-02-2018/Wednesday-28-02-2018_307.pcap
Wednesday-28-02-2018,capPC1-172.31.65.68.pcap,Wednesday-28-02-2018_308.pcap,01_pcap/Wednesday-28-02-2018/capPC1-172.31.65.68.pcap,01_pcap/Wednesday-28-02-2018/Wednesday-28-02-2018_308.pcap
Wednesday-28-02-2018,capPC1-172.31.65.77.pcap,Wednesday-28-02-2018_309.pcap,01_pcap/Wednesday-28-02-2018/capPC1-172.31.65.77.pcap,01_pcap/Wednesday-28-02-2018/Wednesday-28-02-2018_309.pcap
Wednesday-28-02-2018,capPC1-172.31.65.79.pcap,Wednesday-28-02-2018_310.pcap,01_pcap/Wednesday-28-02-2018/capPC1-172.31.65.79.pcap,01_pcap/Wednesday-28-02-2018/Wednesday-28-02-2018_310.pcap
Wednesday-28-02-2018,capPC1-172.31.65.80.pcap,Wednesday-28-02-2018_311.pcap,01_pcap/Wednesday-28-02-2018/capPC1-172.31.65.80.pcap,01_pcap/Wednesday-28-02-2018/Wednesday-28-02-2018_311.pcap
Wednesday-28-02-2018,capPC1-172.31.65.83.pcap,Wednesday-28-02-2018_312.pcap,01_pcap/Wednesday-28-02-2018/capPC1-172.31.65.83.pcap,01_pcap/Wednesday-28-02-2018/Wednesday-28-02-2018_312.pcap
Wednesday-28-02-2018,capPC1-172.31.65.100.pcap,Wednesday-28-02-2018_313.pcap,01_pcap/Wednesday-28-02-2018/capPC1-172.31.65.100.pcap,01_pcap/Wednesday-28-02-2018/Wednesday-28-02-2018_313.pcap
Wednesday-28-02-2018,capPC1-172.31.65.117.pcap,Wednesday-28-02-2018_314.pcap,01_pcap/Wednesday-28-02-2018/capPC1-172.31.65.117.pcap,01_pcap/Wednesday-28-02-2018/Wednesday-28-02-2018_314.pcap
Wednesday-28-02-2018,capPC1-172.31.66.9.pcap,Wednesday-28-02-2018_315.pcap,01_pcap/Wednesday-28-02-2018/capPC1-172.31.66.9.pcap,01_pcap/Wednesday-28-02-2018/Wednesday-28-02-2018_315.pcap
Wednesday-28-02-2018,capPC1-172.31.66.10.pcap,Wednesday-28-02-2018_316.pcap,01_pcap/Wednesday-28-02-2018/capPC1-172.31.66.10.pcap,01_pcap/Wednesday-28-02-2018/Wednesday-28-02-2018_316.pcap
Wednesday-28-02-2018,capPC1-172.31.66.15.pcap,Wednesday-28-02-2018_317.pcap,01_pcap/Wednesday-28-02-2018/capPC1-172.31.66.15.pcap,01_pcap/Wednesday-28-02-2018/Wednesday-28-02-2018_317.pcap
Wednesday-28-02-2018,capPC1-172.31.66.19.pcap,Wednesday-28-02-2018_318.pcap,01_pcap/Wednesday-28-02-2018/capPC1-172.31.66.19.pcap,01_pcap/Wednesday-28-02-2018/Wednesday-28-02-2018_318.pcap
Wednesday-28-02-2018,capPC1-172.31.66.24.pcap,Wednesday-28-02-2018_319.pcap,01_pcap/Wednesday-28-02-2018/capPC1-172.31.66.24.pcap,01_pcap/Wednesday-28-02-2018/Wednesday-28-02-2018_319.pcap
Wednesday-28-02-2018,capPC1-172.31.66.46.pcap,Wednesday-28-02-2018_320.pcap,01_pcap/Wednesday-28-02-2018/capPC1-172.31.66.46.pcap,01_pcap/Wednesday-28-02-2018/Wednesday-28-02-2018_320.pcap
Wednesday-28-02-2018,capPC1-172.31.66.58.pcap,Wednesday-28-02-2018_321.pcap,01_pcap/Wednesday-28-02-2018/capPC1-172.31.66.58.pcap,01_pcap/Wednesday-28-02-2018/Wednesday-28-02-2018_321.pcap
Wednesday-28-02-2018,capPC1-172.31.66.69.pcap,Wednesday-28-02-2018_322.pcap,01_pcap/Wednesday-28-02-2018/capPC1-172.31.66.69.pcap,01_pcap/Wednesday-28-02-2018/Wednesday-28-02-2018_322.pcap
Wednesday-28-02-2018,capPC1-172.31.66.79.pcap,Wednesday-28-02-2018_323.pcap,01_pcap/Wednesday-28-02-2018/capPC1-172.31.66.79.pcap,01_pcap/Wednesday-28-02-2018/Wednesday-28-02-2018_323.pcap
Wednesday-28-02-2018,capPC1-172.31.66.83.pcap,Wednesday-28-02-2018_324.pcap,01_pcap/Wednesday-28-02-2018/capPC1-172.31.66.83.pcap,01_pcap/Wednesday-28-02-2018/Wednesday-28-02-2018_324.pcap
Wednesday-28-02-2018,capPC1-172.31.66.90.pcap,Wednesday-28-02-2018_325.pcap,01_pcap/Wednesday-28-02-2018/capPC1-172.31.66.90.pcap,01_pcap/Wednesday-28-02-2018/Wednesday-28-02-2018_325.pcap
Wednesday-28-02-2018,capPC1-172.31.66.92.pcap,Wednesday-28-02-2018_326.pcap,01_pcap/Wednesday-28-02-2018/capPC1-172.31.66.92.pcap,01_pcap/Wednesday-28-02-2018/Wednesday-28-02-2018_326.pcap
Wednesday-28-02-2018,capPC1-172.31.66.96.pcap,Wednesday-28-02-2018_327.pcap,01_pcap/Wednesday-28-02-2018/capPC1-172.31.66.96.pcap,01_pcap/Wednesday-28-02-2018/Wednesday-28-02-2018_327.pcap
Wednesday-28-02-2018,capPC1-172.31.66.99.pcap,Wednesday-28-02-2018_328.pcap,01_pcap/Wednesday-28-02-2018/capPC1-172.31.66.99.pcap,01_pcap/Wednesday-28-02-2018/Wednesday-28-02-2018_328.pcap
Wednesday-28-02-2018,capPC1-172.31.66.102.pcap,Wednesday-28-02-2018_329.pcap,01_pcap/Wednesday-28-02-2018/capPC1-172.31.66.102.pcap,01_pcap/Wednesday-28-02-2018/Wednesday-28-02-2018_329.pcap
Wednesday-28-02-2018,capPC1-172.31.66.103.pcap,Wednesday-28-02-2018_330.pcap,01_pcap/Wednesday-28-02-2018/capPC1-172.31.66.103.pcap,01_pcap/Wednesday-28-02-2018/Wednesday-28-02-2018_330.pcap
Wednesday-28-02-2018,capPC1-172.31.66.110.pcap,Wednesday-28-02-2018_331.pcap,01_pcap/Wednesday-28-02-2018/capPC1-172.31.66.110.pcap,01_pcap/Wednesday-28-02-2018/Wednesday-28-02-2018_331.pcap
Wednesday-28-02-2018,capPC1-172.31.66.111.pcap,Wednesday-28-02-2018_332.pcap,01_pcap/Wednesday-28-02-2018/capPC1-172.31.66.111.pcap,01_pcap/Wednesday-28-02-2018/Wednesday-28-02-2018_332.pcap
Wednesday-28-02-2018,capPC1-172.31.66.118.pcap,Wednesday-28-02-2018_333.pcap,01_pcap/Wednesday-28-02-2018/capPC1-172.31.66.118.pcap,01_pcap/Wednesday-28-02-2018/Wednesday-28-02-2018_333.pcap
Wednesday-28-02-2018,capPC1-172.31.66.121.pcap,Wednesday-28-02-2018_334.pcap,01_pcap/Wednesday-28-02-2018/capPC1-172.31.66.121.pcap,01_pcap/Wednesday-28-02-2018/Wednesday-28-02-2018_334.pcap
Wednesday-28-02-2018,capPC1-172.31.67.9.pcap,Wednesday-28-02-2018_335.pcap,01_pcap/Wednesday-28-02-2018/capPC1-172.31.67.9.pcap,01_pcap/Wednesday-28-02-2018/Wednesday-28-02-2018_335.pcap
Wednesday-28-02-2018,capPC1-172.31.67.14.pcap,Wednesday-28-02-2018_336.pcap,01_pcap/Wednesday-28-02-2018/capPC1-172.31.67.14.pcap,01_pcap/Wednesday-28-02-2018/Wednesday-28-02-2018_336.pcap
Wednesday-28-02-2018,capPC1-172.31.67.23.pcap,Wednesday-28-02-2018_337.pcap,01_pcap/Wednesday-28-02-2018/capPC1-172.31.67.23.pcap,01_pcap/Wednesday-28-02-2018/Wednesday-28-02-2018_337.pcap
Wednesday-28-02-2018,capPC1-172.31.67.27.pcap,Wednesday-28-02-2018_338.pcap,01_pcap/Wednesday-28-02-2018/capPC1-172.31.67.27.pcap,01_pcap/Wednesday-28-02-2018/Wednesday-28-02-2018_338.pcap
Wednesday-28-02-2018,capPC1-172.31.67.33.pcap,Wednesday-28-02-2018_339.pcap,01_pcap/Wednesday-28-02-2018/capPC1-172.31.67.33.pcap,01_pcap/Wednesday-28-02-2018/Wednesday-28-02-2018_339.pcap
Wednesday-28-02-2018,capPC1-172.31.67.35.pcap,Wednesday-28-02-2018_340.pcap,01_pcap/Wednesday-28-02-2018/capPC1-172.31.67.35.pcap,01_pcap/Wednesday-28-02-2018/Wednesday-28-02-2018_340.pcap
Wednesday-28-02-2018,capPC1-172.31.67.59.pcap,Wednesday-28-02-2018_341.pcap,01_pcap/Wednesday-28-02-2018/capPC1-172.31.67.59.pcap,01_pcap/Wednesday-28-02-2018/Wednesday-28-02-2018_341.pcap
Wednesday-28-02-2018,capPC1-172.31.67.76.pcap,Wednesday-28-02-2018_342.pcap,01_pcap/Wednesday-28-02-2018/capPC1-172.31.67.76.pcap,01_pcap/Wednesday-28-02-2018/Wednesday-28-02-2018_342.pcap
Wednesday-28-02-2018,capPC1-172.31.67.78.pcap,Wednesday-28-02-2018_343.pcap,01_pcap/Wednesday-28-02-2018/capPC1-172.31.67.78.pcap,01_pcap/Wednesday-28-02-2018/Wednesday-28-02-2018_343.pcap
Wednesday-28-02-2018,capPC1-172.31.67.97.pcap,Wednesday-28-02-2018_344.pcap,01_pcap/Wednesday-28-02-2018/capPC1-172.31.67.97.pcap,01_pcap/Wednesday-28-02-2018/Wednesday-28-02-2018_344.pcap
Wednesday-28-02-2018,capPC1-172.31.67.102.pcap,Wednesday-28-02-2018_345.pcap,01_pcap/Wednesday-28-02-2018/capPC1-172.31.67.102.pcap,01_pcap/Wednesday-28-02-2018/Wednesday-28-02-2018_345.pcap
Wednesday-28-02-2018,capPC1-172.31.67.104.pcap,Wednesday-28-02-2018_346.pcap,01_pcap/Wednesday-28-02-2018/capPC1-172.31.67.104.pcap,01_pcap/Wednesday-28-02-2018/Wednesday-28-02-2018_346.pcap
Wednesday-28-02-2018,capPC1-172.31.67.107.pcap,Wednesday-28-02-2018_347.pcap,01_pcap/Wednesday-28-02-2018/capPC1-172.31.67.107.pcap,01_pcap/Wednesday-28-02-2018/Wednesday-28-02-2018_347.pcap
Wednesday-28-02-2018,capPC1-172.31.67.108.pcap,Wednesday-28-02-2018_348.pcap,01_pcap/Wednesday-28-02-2018/capPC1-172.31.67.108.pcap,01_pcap/Wednesday-28-02-2018/Wednesday-28-02-2018_348.pcap
Wednesday-28-02-2018,capPC1-172.31.67.111.pcap,Wednesday-28-02-2018_349.pcap,01_pcap/Wednesday-28-02-2018/capPC1-172.31.67.111.pcap,01_pcap/Wednesday-28-02-2018/Wednesday-28-02-2018_349.pcap
Wednesday-28-02-2018,capPC1-172.31.67.118.pcap,Wednesday-28-02-2018_350.pcap,01_pcap/Wednesday-28-02-2018/capPC1-172.31.67.118.pcap,01_pcap/Wednesday-28-02-2018/Wednesday-28-02-2018_350.pcap
Wednesday-28-02-2018,capPC1-172.31.67.121.pcap,Wednesday-28-02-2018_351.pcap,01_pcap/Wednesday-28-02-2018/capPC1-172.31.67.121.pcap,01_pcap/Wednesday-28-02-2018/Wednesday-28-02-2018_351.pcap
Wednesday-28-02-2018,capPC1-172.31.67.123.pcap,Wednesday-28-02-2018_352.pcap,01_pcap/Wednesday-28-02-2018/capPC1-172.31.67.123.pcap,01_pcap/Wednesday-28-02-2018/Wednesday-28-02-2018_352.pcap
Wednesday-28-02-2018,capPC1-172.31.67.124.pcap,Wednesday-28-02-2018_353.pcap,01_pcap/Wednesday-28-02-2018/capPC1-172.31.67.124.pcap,01_pcap/Wednesday-28-02-2018/Wednesday-28-02-2018_353.pcap
Wednesday-28-02-2018,capWIN-J6GMIG1DQE5-172.31.64.12.pcap,Wednesday-28-02-2018_354.pcap,01_pcap/Wednesday-28-02-2018/capWIN-J6GMIG1DQE5-172.31.64.12.pcap,01_pcap/Wednesday-28-02-2018/Wednesday-28-02-2018_354.pcap
Wednesday-28-02-2018,capWIN-J6GMIG1DQE5-172.31.64.14.pcap,Wednesday-28-02-2018_355.pcap,01_pcap/Wednesday-28-02-2018/capWIN-J6GMIG1DQE5-172.31.64.14.pcap,01_pcap/Wednesday-28-02-2018/Wednesday-28-02-2018_355.pcap
Wednesday-28-02-2018,capWIN-J6GMIG1DQE5-172.31.64.20.pcap,Wednesday-28-02-2018_356.pcap,01_pcap/Wednesday-28-02-2018/capWIN-J6GMIG1DQE5-172.31.64.20.pcap,01_pcap/Wednesday-28-02-2018/Wednesday-28-02-2018_356.pcap
Wednesday-28-02-2018,capWIN-J6GMIG1DQE5-172.31.64.24.pcap,Wednesday-28-02-2018_357.pcap,01_pcap/Wednesday-28-02-2018/capWIN-J6GMIG1DQE5-172.31.64.24.pcap,01_pcap/Wednesday-28-02-2018/Wednesday-28-02-2018_357.pcap
Wednesday-28-02-2018,capWIN-J6GMIG1DQE5-172.31.64.36.pcap,Wednesday-28-02-2018_358.pcap,01_pcap/Wednesday-28-02-2018/capWIN-J6GMIG1DQE5-172.31.64.36.pcap,01_pcap/Wednesday-28-02-2018/Wednesday-28-02-2018_358.pcap
Wednesday-28-02-2018,capWIN-J6GMIG1DQE5-172.31.64.39.pcap,Wednesday-28-02-2018_359.pcap,01_pcap/Wednesday-28-02-2018/capWIN-J6GMIG1DQE5-172.31.64.39.pcap,01_pcap/Wednesday-28-02-2018/Wednesday-28-02-2018_359.pcap
Wednesday-28-02-2018,capWIN-J6GMIG1DQE5-172.31.64.47.pcap,Wednesday-28-02-2018_360.pcap,01_pcap/Wednesday-28-02-2018/capWIN-J6GMIG1DQE5-172.31.64.47.pcap,01_pcap/Wednesday-28-02-2018/Wednesday-28-02-2018_360.pcap
Wednesday-28-02-2018,capWIN-J6GMIG1DQE5-172.31.64.57.pcap,Wednesday-28-02-2018_361.pcap,01_pcap/Wednesday-28-02-2018/capWIN-J6GMIG1DQE5-172.31.64.57.pcap,01_pcap/Wednesday-28-02-2018/Wednesday-28-02-2018_361.pcap
Wednesday-28-02-2018,capWIN-J6GMIG1DQE5-172.31.64.61.pcap,Wednesday-28-02-2018_362.pcap,01_pcap/Wednesday-28-02-2018/capWIN-J6GMIG1DQE5-172.31.64.61.pcap,01_pcap/Wednesday-28-02-2018/Wednesday-28-02-2018_362.pcap
Wednesday-28-02-2018,capWIN-J6GMIG1DQE5-172.31.64.74.pcap,Wednesday-28-02-2018_363.pcap,01_pcap/Wednesday-28-02-2018/capWIN-J6GMIG1DQE5-172.31.64.74.pcap,01_pcap/Wednesday-28-02-2018/Wednesday-28-02-2018_363.pcap
Wednesday-28-02-2018,capWIN-J6GMIG1DQE5-172.31.64.78.pcap,Wednesday-28-02-2018_364.pcap,01_pcap/Wednesday-28-02-2018/capWIN-J6GMIG1DQE5-172.31.64.78.pcap,01_pcap/Wednesday-28-02-2018/Wednesday-28-02-2018_364.pcap
Wednesday-28-02-2018,capWIN-J6GMIG1DQE5-172.31.64.80.pcap,Wednesday-28-02-2018_365.pcap,01_pcap/Wednesday-28-02-2018/capWIN-J6GMIG1DQE5-172.31.64.80.pcap,01_pcap/Wednesday-28-02-2018/Wednesday-28-02-2018_365.pcap
Wednesday-28-02-2018,capWIN-J6GMIG1DQE5-172.31.64.86.pcap,Wednesday-28-02-2018_366.pcap,01_pcap/Wednesday-28-02-2018/capWIN-J6GMIG1DQE5-172.31.64.86.pcap,01_pcap/Wednesday-28-02-2018/Wednesday-28-02-2018_366.pcap
Wednesday-28-02-2018,capWIN-J6GMIG1DQE5-172.31.64.88.pcap,Wednesday-28-02-2018_367.pcap,01_pcap/Wednesday-28-02-2018/capWIN-J6GMIG1DQE5-172.31.64.88.pcap,01_pcap/Wednesday-28-02-2018/Wednesday-28-02-2018_367.pcap
Wednesday-28-02-2018,capWIN-J6GMIG1DQE5-172.31.64.89.pcap,Wednesday-28-02-2018_368.pcap,01_pcap/Wednesday-28-02-2018/capWIN-J6GMIG1DQE5-172.31.64.89.pcap,01_pcap/Wednesday-28-02-2018/Wednesday-28-02-2018_368.pcap
Wednesday-28-02-2018,capWIN-J6GMIG1DQE5-172.31.64.91.pcap,Wednesday-28-02-2018_369.pcap,01_pcap/Wednesday-28-02-2018/capWIN-J6GMIG1DQE5-172.31.64.91.pcap,01_pcap/Wednesday-28-02-2018/Wednesday-28-02-2018_369.pcap
Wednesday-28-02-2018,capWIN-J6GMIG1DQE5-172.31.64.93.pcap,Wednesday-28-02-2018_370.pcap,01_pcap/Wednesday-28-02-2018/capWIN-J6GMIG1DQE5-172.31.64.93.pcap,01_pcap/Wednesday-28-02-2018/Wednesday-28-02-2018_370.pcap
Wednesday-28-02-2018,capWIN-J6GMIG1DQE5-172.31.64.98.pcap,Wednesday-28-02-2018_371.pcap,01_pcap/Wednesday-28-02-2018/capWIN-J6GMIG1DQE5-172.31.64.98.pcap,01_pcap/Wednesday-28-02-2018/Wednesday-28-02-2018_371.pcap
Wednesday-28-02-2018,capWIN-J6GMIG1DQE5-172.31.64.112.pcap,Wednesday-28-02-2018_372.pcap,01_pcap/Wednesday-28-02-2018/capWIN-J6GMIG1DQE5-172.31.64.112.pcap,01_pcap/Wednesday-28-02-2018/Wednesday-28-02-2018_372.pcap
Wednesday-28-02-2018,capWIN-J6GMIG1DQE5-172.31.64.117.pcap,Wednesday-28-02-2018_373.pcap,01_pcap/Wednesday-28-02-2018/capWIN-J6GMIG1DQE5-172.31.64.117.pcap,01_pcap/Wednesday-28-02-2018/Wednesday-28-02-2018_373.pcap
Wednesday-28-02-2018,capWIN-J6GMIG1DQE5-172.31.64.120.pcap,Wednesday-28-02-2018_374.pcap,01_pcap/Wednesday-28-02-2018/capWIN-J6GMIG1DQE5-172.31.64.120.pcap,01_pcap/Wednesday-28-02-2018/Wednesday-28-02-2018_374.pcap
Wednesday-28-02-2018,capWIN-J6GMIG1DQE5-172.31.65.9.pcap,Wednesday-28-02-2018_375.pcap,01_pcap/Wednesday-28-02-2018/capWIN-J6GMIG1DQE5-172.31.65.9.pcap,01_pcap/Wednesday-28-02-2018/Wednesday-28-02-2018_375.pcap
Wednesday-28-02-2018,capWIN-J6GMIG1DQE5-172.31.65.11.pcap,Wednesday-28-02-2018_376.pcap,01_pcap/Wednesday-28-02-2018/capWIN-J6GMIG1DQE5-172.31.65.11.pcap,01_pcap/Wednesday-28-02-2018/Wednesday-28-02-2018_376.pcap
Wednesday-28-02-2018,capWIN-J6GMIG1DQE5-172.31.65.17.pcap,Wednesday-28-02-2018_377.pcap,01_pcap/Wednesday-28-02-2018/capWIN-J6GMIG1DQE5-172.31.65.17.pcap,01_pcap/Wednesday-28-02-2018/Wednesday-28-02-2018_377.pcap
Wednesday-28-02-2018,capWIN-J6GMIG1DQE5-172.31.65.19.pcap,Wednesday-28-02-2018_378.pcap,01_pcap/Wednesday-28-02-2018/capWIN-J6GMIG1DQE5-172.31.65.19.pcap,01_pcap/Wednesday-28-02-2018/Wednesday-28-02-2018_378.pcap
Wednesday-28-02-2018,capWIN-J6GMIG1DQE5-172.31.65.21.pcap,Wednesday-28-02-2018_379.pcap,01_pcap/Wednesday-28-02-2018/capWIN-J6GMIG1DQE5-172.31.65.21.pcap,01_pcap/Wednesday-28-02-2018/Wednesday-28-02-2018_379.pcap
Wednesday-28-02-2018,capWIN-J6GMIG1DQE5-172.31.65.23.pcap,Wednesday-28-02-2018_380.pcap,01_pcap/Wednesday-28-02-2018/capWIN-J6GMIG1DQE5-172.31.65.23.pcap,01_pcap/Wednesday-28-02-2018/Wednesday-28-02-2018_380.pcap
Wednesday-28-02-2018,capWIN-J6GMIG1DQE5-172.31.65.24.pcap,Wednesday-28-02-2018_381.pcap,01_pcap/Wednesday-28-02-2018/capWIN-J6GMIG1DQE5-172.31.65.24.pcap,01_pcap/Wednesday-28-02-2018/Wednesday-28-02-2018_381.pcap
Wednesday-28-02-2018,capWIN-J6GMIG1DQE5-172.31.65.35.pcap,Wednesday-28-02-2018_382.pcap,01_pcap/Wednesday-28-02-2018/capWIN-J6GMIG1DQE5-172.31.65.35.pcap,01_pcap/Wednesday-28-02-2018/Wednesday-28-02-2018_382.pcap
Wednesday-28-02-2018,capWIN-J6GMIG1DQE5-172.31.65.38.pcap,Wednesday-28-02-2018_383.pcap,01_pcap/Wednesday-28-02-2018/capWIN-J6GMIG1DQE5-172.31.65.38.pcap,01_pcap/Wednesday-28-02-2018/Wednesday-28-02-2018_383.pcap
Wednesday-28-02-2018,capWIN-J6GMIG1DQE5-172.31.65.42.pcap,Wednesday-28-02-2018_384.pcap,01_pcap/Wednesday-28-02-2018/capWIN-J6GMIG1DQE5-172.31.65.42.pcap,01_pcap/Wednesday-28-02-2018/Wednesday-28-02-2018_384.pcap
Wednesday-28-02-2018,capWIN-J6GMIG1DQE5-172.31.65.46.pcap,Wednesday-28-02-2018_385.pcap,01_pcap/Wednesday-28-02-2018/capWIN-J6GMIG1DQE5-172.31.65.46.pcap,01_pcap/Wednesday-28-02-2018/Wednesday-28-02-2018_385.pcap
Wednesday-28-02-2018,capWIN-J6GMIG1DQE5-172.31.65.47.pcap,Wednesday-28-02-2018_386.pcap,01_pcap/Wednesday-28-02-2018/capWIN-J6GMIG1DQE5-172.31.65.47.pcap,01_pcap/Wednesday-28-02-2018/Wednesday-28-02-2018_386.pcap
Wednesday-28-02-2018,capWIN-J6GMIG1DQE5-172.31.65.48.pcap,Wednesday-28-02-2018_387.pcap,01_pcap/Wednesday-28-02-2018/capWIN-J6GMIG1DQE5-172.31.65.48.pcap,01_pcap/Wednesday-28-02-2018/Wednesday-28-02-2018_387.pcap
Wednesday-28-02-2018,capWIN-J6GMIG1DQE5-172.31.65.51.pcap,Wednesday-28-02-2018_388.pcap,01_pcap/Wednesday-28-02-2018/capWIN-J6GMIG1DQE5-172.31.65.51.pcap,01_pcap/Wednesday-28-02-2018/Wednesday-28-02-2018_388.pcap
Wednesday-28-02-2018,capWIN-J6GMIG1DQE5-172.31.65.52.pcap,Wednesday-28-02-2018_389.pcap,01_pcap/Wednesday-28-02-2018/capWIN-J6GMIG1DQE5-172.31.65.52.pcap,01_pcap/Wednesday-28-02-2018/Wednesday-28-02-2018_389.pcap
Wednesday-28-02-2018,capWIN-J6GMIG1DQE5-172.31.65.55.pcap,Wednesday-28-02-2018_390.pcap,01_pcap/Wednesday-28-02-2018/capWIN-J6GMIG1DQE5-172.31.65.55.pcap,01_pcap/Wednesday-28-02-2018/Wednesday-28-02-2018_390.pcap
Wednesday-28-02-2018,capWIN-J6GMIG1DQE5-172.31.65.57.pcap,Wednesday-28-02-2018_391.pcap,01_pcap/Wednesday-28-02-2018/capWIN-J6GMIG1DQE5-172.31.65.57.pcap,01_pcap/Wednesday-28-02-2018/Wednesday-28-02-2018_391.pcap
Wednesday-28-02-2018,capWIN-J6GMIG1DQE5-172.31.65.58.pcap,Wednesday-28-02-2018_392.pcap,01_pcap/Wednesday-28-02-2018/capWIN-J6GMIG1DQE5-172.31.65.58.pcap,01_pcap/Wednesday-28-02-2018/Wednesday-28-02-2018_392.pcap
Wednesday-28-02-2018,capWIN-J6GMIG1DQE5-172.31.65.69.pcap,Wednesday-28-02-2018_393.pcap,01_pcap/Wednesday-28-02-2018/capWIN-J6GMIG1DQE5-172.31.65.69.pcap,01_pcap/Wednesday-28-02-2018/Wednesday-28-02-2018_393.pcap
Wednesday-28-02-2018,capWIN-J6GMIG1DQE5-172.31.65.70.pcap,Wednesday-28-02-2018_394.pcap,01_pcap/Wednesday-28-02-2018/capWIN-J6GMIG1DQE5-172.31.65.70.pcap,01_pcap/Wednesday-28-02-2018/Wednesday-28-02-2018_394.pcap
Wednesday-28-02-2018,capWIN-J6GMIG1DQE5-172.31.65.73.pcap,Wednesday-28-02-2018_395.pcap,01_pcap/Wednesday-28-02-2018/capWIN-J6GMIG1DQE5-172.31.65.73.pcap,01_pcap/Wednesday-28-02-2018/Wednesday-28-02-2018_395.pcap
Wednesday-28-02-2018,capWIN-J6GMIG1DQE5-172.31.65.78.pcap,Wednesday-28-02-2018_396.pcap,01_pcap/Wednesday-28-02-2018/capWIN-J6GMIG1DQE5-172.31.65.78.pcap,01_pcap/Wednesday-28-02-2018/Wednesday-28-02-2018_396.pcap
Wednesday-28-02-2018,capWIN-J6GMIG1DQE5-172.31.65.87.pcap,Wednesday-28-02-2018_397.pcap,01_pcap/Wednesday-28-02-2018/capWIN-J6GMIG1DQE5-172.31.65.87.pcap,01_pcap/Wednesday-28-02-2018/Wednesday-28-02-2018_397.pcap
Wednesday-28-02-2018,capWIN-J6GMIG1DQE5-172.31.65.89.pcap,Wednesday-28-02-2018_398.pcap,01_pcap/Wednesday-28-02-2018/capWIN-J6GMIG1DQE5-172.31.65.89.pcap,01_pcap/Wednesday-28-02-2018/Wednesday-28-02-2018_398.pcap
Wednesday-28-02-2018,capWIN-J6GMIG1DQE5-172.31.65.90.pcap,Wednesday-28-02-2018_399.pcap,01_pcap/Wednesday-28-02-2018/capWIN-J6GMIG1DQE5-172.31.65.90.pcap,01_pcap/Wednesday-28-02-2018/Wednesday-28-02-2018_399.pcap
Wednesday-28-02-2018,capWIN-J6GMIG1DQE5-172.31.65.99.pcap,Wednesday-28-02-2018_400.pcap,01_pcap/Wednesday-28-02-2018/capWIN-J6GMIG1DQE5-172.31.65.99.pcap,01_pcap/Wednesday-28-02-2018/Wednesday-28-02-2018_400.pcap
Wednesday-28-02-2018,capWIN-J6GMIG1DQE5-172.31.65.103.pcap,Wednesday-28-02-2018_401.pcap,01_pcap/Wednesday-28-02-2018/capWIN-J6GMIG1DQE5-172.31.65.103.pcap,01_pcap/Wednesday-28-02-2018/Wednesday-28-02-2018_401.pcap
Wednesday-28-02-2018,capWIN-J6GMIG1DQE5-172.31.65.104.pcap,Wednesday-28-02-2018_402.pcap,01_pcap/Wednesday-28-02-2018/capWIN-J6GMIG1DQE5-172.31.65.104.pcap,01_pcap/Wednesday-28-02-2018/Wednesday-28-02-2018_402.pcap
Wednesday-28-02-2018,capWIN-J6GMIG1DQE5-172.31.65.105.pcap,Wednesday-28-02-2018_403.pcap,01_pcap/Wednesday-28-02-2018/capWIN-J6GMIG1DQE5-172.31.65.105.pcap,01_pcap/Wednesday-28-02-2018/Wednesday-28-02-2018_403.pcap
Wednesday-28-02-2018,capWIN-J6GMIG1DQE5-172.31.65.108.pcap,Wednesday-28-02-2018_404.pcap,01_pcap/Wednesday-28-02-2018/capWIN-J6GMIG1DQE5-172.31.65.108.pcap,01_pcap/Wednesday-28-02-2018/Wednesday-28-02-2018_404.pcap
Wednesday-28-02-2018,capWIN-J6GMIG1DQE5-172.31.65.114.pcap,Wednesday-28-02-2018_405.pcap,01_pcap/Wednesday-28-02-2018/capWIN-J6GMIG1DQE5-172.31.65.114.pcap,01_pcap/Wednesday-28-02-2018/Wednesday-28-02-2018_405.pcap
Wednesday-28-02-2018,capWIN-J6GMIG1DQE5-172.31.65.115.pcap,Wednesday-28-02-2018_406.pcap,01_pcap/Wednesday-28-02-2018/capWIN-J6GMIG1DQE5-172.31.65.115.pcap,01_pcap/Wednesday-28-02-2018/Wednesday-28-02-2018_406.pcap
Wednesday-28-02-2018,capWIN-J6GMIG1DQE5-172.31.65.116.pcap,Wednesday-28-02-2018_407.pcap,01_pcap/Wednesday-28-02-2018/capWIN-J6GMIG1DQE5-172.31.65.116.pcap,01_pcap/Wednesday-28-02-2018/Wednesday-28-02-2018_407.pcap
Wednesday-28-02-2018,capWIN-J6GMIG1DQE5-172.31.65.125.pcap,Wednesday-28-02-2018_408.pcap,01_pcap/Wednesday-28-02-2018/capWIN-J6GMIG1DQE5-172.31.65.125.pcap,01_pcap/Wednesday-28-02-2018/Wednesday-28-02-2018_408.pcap
Wednesday-28-02-2018,capWIN-J6GMIG1DQE5-172.31.67.4.pcap,Wednesday-28-02-2018_409.pcap,01_pcap/Wednesday-28-02-2018/capWIN-J6GMIG1DQE5-172.31.67.4.pcap,01_pcap/Wednesday-28-02-2018/Wednesday-28-02-2018_409.pcap
Wednesday-28-02-2018,capWIN-J6GMIG1DQE5-172.31.67.8.pcap,Wednesday-28-02-2018_410.pcap,01_pcap/Wednesday-28-02-2018/capWIN-J6GMIG1DQE5-172.31.67.8.pcap,01_pcap/Wednesday-28-02-2018/Wednesday-28-02-2018_410.pcap
Wednesday-28-02-2018,capWIN-J6GMIG1DQE5-172.31.67.19.pcap,Wednesday-28-02-2018_411.pcap,01_pcap/Wednesday-28-02-2018/capWIN-J6GMIG1DQE5-172.31.67.19.pcap,01_pcap/Wednesday-28-02-2018/Wednesday-28-02-2018_411.pcap
Wednesday-28-02-2018,capWIN-J6GMIG1DQE5-172.31.67.22.pcap,Wednesday-28-02-2018_412.pcap,01_pcap/Wednesday-28-02-2018/capWIN-J6GMIG1DQE5-172.31.67.22.pcap,01_pcap/Wednesday-28-02-2018/Wednesday-28-02-2018_412.pcap
Wednesday-28-02-2018,capWIN-J6GMIG1DQE5-172.31.67.26.pcap,Wednesday-28-02-2018_413.pcap,01_pcap/Wednesday-28-02-2018/capWIN-J6GMIG1DQE5-172.31.67.26.pcap,01_pcap/Wednesday-28-02-2018/Wednesday-28-02-2018_413.pcap
Wednesday-28-02-2018,capWIN-J6GMIG1DQE5-172.31.67.30.pcap,Wednesday-28-02-2018_414.pcap,01_pcap/Wednesday-28-02-2018/capWIN-J6GMIG1DQE5-172.31.67.30.pcap,01_pcap/Wednesday-28-02-2018/Wednesday-28-02-2018_414.pcap
Wednesday-28-02-2018,capWIN-J6GMIG1DQE5-172.31.67.34.pcap,Wednesday-28-02-2018_415.pcap,01_pcap/Wednesday-28-02-2018/capWIN-J6GMIG1DQE5-172.31.67.34.pcap,01_pcap/Wednesday-28-02-2018/Wednesday-28-02-2018_415.pcap
Wednesday-28-02-2018,capWIN-J6GMIG1DQE5-172.31.67.40.pcap,Wednesday-28-02-2018_416.pcap,01_pcap/Wednesday-28-02-2018/capWIN-J6GMIG1DQE5-172.31.67.40.pcap,01_pcap/Wednesday-28-02-2018/Wednesday-28-02-2018_416.pcap
Wednesday-28-02-2018,capWIN-J6GMIG1DQE5-172.31.67.62.pcap,Wednesday-28-02-2018_417.pcap,01_pcap/Wednesday-28-02-2018/capWIN-J6GMIG1DQE5-172.31.67.62.pcap,01_pcap/Wednesday-28-02-2018/Wednesday-28-02-2018_417.pcap
Wednesday-28-02-2018,capWIN-J6GMIG1DQE5-172.31.67.70.pcap,Wednesday-28-02-2018_418.pcap,01_pcap/Wednesday-28-02-2018/capWIN-J6GMIG1DQE5-172.31.67.70.pcap,01_pcap/Wednesday-28-02-2018/Wednesday-28-02-2018_418.pcap
Wednesday-28-02-2018,capWIN-J6GMIG1DQE5-172.31.67.71.pcap,Wednesday-28-02-2018_419.pcap,01_pcap/Wednesday-28-02-2018/capWIN-J6GMIG1DQE5-172.31.67.71.pcap,01_pcap/Wednesday-28-02-2018/Wednesday-28-02-2018_419.pcap
Wednesday-28-02-2018,capWIN-J6GMIG1DQE5-172.31.67.72.pcap,Wednesday-28-02-2018_420.pcap,01_pcap/Wednesday-28-02-2018/capWIN-J6GMIG1DQE5-172.31.67.72.pcap,01_pcap/Wednesday-28-02-2018/Wednesday-28-02-2018_420.pcap
Wednesday-28-02-2018,capWIN-J6GMIG1DQE5-172.31.67.83.pcap,Wednesday-28-02-2018_421.pcap,01_pcap/Wednesday-28-02-2018/capWIN-J6GMIG1DQE5-172.31.67.83.pcap,01_pcap/Wednesday-28-02-2018/Wednesday-28-02-2018_421.pcap
Wednesday-28-02-2018,capWIN-J6GMIG1DQE5-172.31.67.89.pcap,Wednesday-28-02-2018_422.pcap,01_pcap/Wednesday-28-02-2018/capWIN-J6GMIG1DQE5-172.31.67.89.pcap,01_pcap/Wednesday-28-02-2018/Wednesday-28-02-2018_422.pcap
Wednesday-28-02-2018,capWIN-J6GMIG1DQE5-172.31.67.93.pcap,Wednesday-28-02-2018_423.pcap,01_pcap/Wednesday-28-02-2018/capWIN-J6GMIG1DQE5-172.31.67.93.pcap,01_pcap/Wednesday-28-02-2018/Wednesday-28-02-2018_423.pcap
Wednesday-28-02-2018,capWIN-J6GMIG1DQE5-172.31.67.95.pcap,Wednesday-28-02-2018_424.pcap,01_pcap/Wednesday-28-02-2018/capWIN-J6GMIG1DQE5-172.31.67.95.pcap,01_pcap/Wednesday-28-02-2018/Wednesday-28-02-2018_424.pcap
Wednesday-28-02-2018,capWIN-J6GMIG1DQE5-172.31.67.98.pcap,Wednesday-28-02-2018_425.pcap,01_pcap/Wednesday-28-02-2018/capWIN-J6GMIG1DQE5-172.31.67.98.pcap,01_pcap/Wednesday-28-02-2018/Wednesday-28-02-2018_425.pcap
Wednesday-28-02-2018,capWIN-J6GMIG1DQE5-172.31.67.105.pcap,Wednesday-28-02-2018_426.pcap,01_pcap/Wednesday-28-02-2018/capWIN-J6GMIG1DQE5-172.31.67.105.pcap,01_pcap/Wednesday-28-02-2018/Wednesday-28-02-2018_426.pcap
Wednesday-28-02-2018,capWIN-J6GMIG1DQE5-172.31.67.109.pcap,Wednesday-28-02-2018_427.pcap,01_pcap/Wednesday-28-02-2018/capWIN-J6GMIG1DQE5-172.31.67.109.pcap,01_pcap/Wednesday-28-02-2018/Wednesday-28-02-2018_427.pcap
Wednesday-28-02-2018,capWIN-J6GMIG1DQE5-172.31.67.114.pcap,Wednesday-28-02-2018_428.pcap,01_pcap/Wednesday-28-02-2018/capWIN-J6GMIG1DQE5-172.31.67.114.pcap,01_pcap/Wednesday-28-02-2018/Wednesday-28-02-2018_428.pcap
Wednesday-28-02-2018,capWIN-J6GMIG1DQE5-.pcap,Wednesday-28-02-2018_429.pcap,01_pcap/Wednesday-28-02-2018/capWIN-J6GMIG1DQE5-.pcap,01_pcap/Wednesday-28-02-2018/Wednesday-28-02-2018_429.pcap
Wednesday-28-02-2018,UCAP172.31.69.7.pcap,Wednesday-28-02-2018_430.pcap,01_pcap/Wednesday-28-02-2018/UCAP172.31.69.7.pcap,01_pcap/Wednesday-28-02-2018/Wednesday-28-02-2018_430.pcap
Wednesday-28-02-2018,UCAP172.31.69.15.pcap,Wednesday-28-02-2018_431.pcap,01_pcap/Wednesday-28-02-2018/UCAP172.31.69.15.pcap,01_pcap/Wednesday-28-02-2018/Wednesday-28-02-2018_431.pcap
Wednesday-28-02-2018,UCAP172.31.69.18.pcap,Wednesday-28-02-2018_432.pcap,01_pcap/Wednesday-28-02-2018/UCAP172.31.69.18.pcap,01_pcap/Wednesday-28-02-2018/Wednesday-28-02-2018_432.pcap
Wednesday-28-02-2018,UCAP172.31.69.21.pcap,Wednesday-28-02-2018_433.pcap,01_pcap/Wednesday-28-02-2018/UCAP172.31.69.21.pcap,01_pcap/Wednesday-28-02-2018/Wednesday-28-02-2018_433.pcap
Wednesday-28-02-2018,UCAP172.31.69.22.pcap,Wednesday-28-02-2018_434.pcap,01_pcap/Wednesday-28-02-2018/UCAP172.31.69.22.pcap,01_pcap/Wednesday-28-02-2018/Wednesday-28-02-2018_434.pcap
Wednesday-28-02-2018,UCAP172.31.69.25.pcap,Wednesday-28-02-2018_435.pcap,01_pcap/Wednesday-28-02-2018/UCAP172.31.69.25.pcap,01_pcap/Wednesday-28-02-2018/Wednesday-28-02-2018_435.pcap
Wednesday-28-02-2018,UCAP172.31.69.27.pcap,Wednesday-28-02-2018_436.pcap,01_pcap/Wednesday-28-02-2018/UCAP172.31.69.27.pcap,01_pcap/Wednesday-28-02-2018/Wednesday-28-02-2018_436.pcap
Wednesday-28-02-2018,UCAP172.31.69.28.pcap,Wednesday-28-02-2018_437.pcap,01_pcap/Wednesday-28-02-2018/UCAP172.31.69.28.pcap,01_pcap/Wednesday-28-02-2018/Wednesday-28-02-2018_437.pcap
