filename,session_id,proto,stream,group_key,task1,task2,task3
Wednesday-14-02-2018_114.pcap,udp_3080,udp,3080,Benign,Benign,Benign,Benign
Wednesday-14-02-2018_114.pcap,udp_2168,udp,2168,Benign,Benign,Benign,Benign
Wednesday-14-02-2018_114.pcap,udp_3331,udp,3331,Benign,Benign,Benign,Benign
Wednesday-14-02-2018_114.pcap,tcp_2147,tcp,2147,Benign,Benign,Benign,Benign
Wednesday-14-02-2018_114.pcap,udp_2817,udp,2817,Benign,Benign,Benign,Benign
Wednesday-14-02-2018_114.pcap,udp_3022,udp,3022,Benign,Benign,Benign,Benign
Wednesday-14-02-2018_114.pcap,udp_3550,udp,3550,Benign,Benign,Benign,Benign
Wednesday-14-02-2018_114.pcap,tcp_3031,tcp,3031,Benign,Benign,Benign,Benign
Wednesday-14-02-2018_114.pcap,tcp_2912,tcp,2912,Benign,Benign,Benign,Benign
Wednesday-14-02-2018_114.pcap,tcp_2674,tcp,2674,Benign,Benign,Benign,Benign
Wednesday-14-02-2018_114.pcap,udp_3061,udp,3061,Benign,Benign,Benign,Benign
Wednesday-14-02-2018_114.pcap,udp_3263,udp,3263,Benign,Benign,Benign,Benign
Wednesday-14-02-2018_114.pcap,udp_2170,udp,2170,Benign,Benign,Benign,Benign
Wednesday-14-02-2018_114.pcap,tcp_3317,tcp,3317,Benign,Benign,Benign,Benign
Wednesday-14-02-2018_114.pcap,tcp_3528,tcp,3528,Benign,Benign,Benign,Benign
Wednesday-14-02-2018_114.pcap,tcp_2160,tcp,2160,Benign,Benign,Benign,Benign
Wednesday-14-02-2018_114.pcap,tcp_2846,tcp,2846,Benign,Benign,Benign,Benign
Wednesday-14-02-2018_114.pcap,tcp_2701,tcp,2701,Benign,Benign,Benign,Benign
Wednesday-14-02-2018_114.pcap,tcp_2985,tcp,2985,Benign,Benign,Benign,Benign
Wednesday-14-02-2018_114.pcap,udp_2697,udp,2697,Benign,Benign,Benign,Benign
Wednesday-14-02-2018_114.pcap,udp_3530,udp,3530,Benign,Benign,Benign,Benign
Wednesday-14-02-2018_114.pcap,tcp_3246,tcp,3246,Benign,Benign,Benign,Benign
Wednesday-14-02-2018_114.pcap,udp_2171,udp,2171,Benign,Benign,Benign,Benign
Wednesday-14-02-2018_114.pcap,tcp_3551,tcp,3551,Benign,Benign,Benign,Benign
Wednesday-14-02-2018_114.pcap,tcp_2883,tcp,2883,Benign,Benign,Benign,Benign
Wednesday-14-02-2018_114.pcap,tcp_3079,tcp,3079,Benign,Benign,Benign,Benign
Wednesday-14-02-2018_114.pcap,tcp_2974,tcp,2974,Benign,Benign,Benign,Benign
Wednesday-14-02-2018_114.pcap,tcp_3125,tcp,3125,Benign,Benign,Benign,Benign
Wednesday-14-02-2018_114.pcap,tcp_2172,tcp,2172,Benign,Benign,Benign,Benign
Wednesday-14-02-2018_114.pcap,tcp_3348,tcp,3348,Benign,Benign,Benign,Benign
Wednesday-14-02-2018_114.pcap,udp_3526,udp,3526,Benign,Benign,Benign,Benign
Wednesday-14-02-2018_114.pcap,tcp_2975,tcp,2975,Benign,Benign,Benign,Benign
Wednesday-14-02-2018_114.pcap,tcp_3106,tcp,3106,Benign,Benign,Benign,Benign
Wednesday-14-02-2018_114.pcap,tcp_2866,tcp,2866,Benign,Benign,Benign,Benign
Wednesday-14-02-2018_114.pcap,tcp_3302,tcp,3302,Benign,Benign,Benign,Benign
Wednesday-14-02-2018_114.pcap,tcp_2178,tcp,2178,Benign,Benign,Benign,Benign
Wednesday-14-02-2018_114.pcap,udp_2912,udp,2912,Benign,Benign,Benign,Benign
Wednesday-14-02-2018_114.pcap,udp_3026,udp,3026,Benign,Benign,Benign,Benign
Wednesday-14-02-2018_114.pcap,udp_2899,udp,2899,Benign,Benign,Benign,Benign
Wednesday-14-02-2018_114.pcap,tcp_3139,tcp,3139,Benign,Benign,Benign,Benign
Wednesday-14-02-2018_114.pcap,udp_3387,udp,3387,Benign,Benign,Benign,Benign
Wednesday-14-02-2018_114.pcap,tcp_3702,tcp,3702,Benign,Benign,Benign,Benign
Wednesday-14-02-2018_114.pcap,udp_2819,udp,2819,Benign,Benign,Benign,Benign
Wednesday-14-02-2018_114.pcap,udp_2901,udp,2901,Benign,Benign,Benign,Benign
Wednesday-14-02-2018_114.pcap,tcp_2183,tcp,2183,Benign,Benign,Benign,Benign
Wednesday-14-02-2018_114.pcap,udp_3498,udp,3498,Benign,Benign,Benign,Benign
Wednesday-14-02-2018_114.pcap,tcp_2797,tcp,2797,Benign,Benign,Benign,Benign
Wednesday-14-02-2018_114.pcap,udp_2185,udp,2185,Benign,Benign,Benign,Benign
Wednesday-14-02-2018_114.pcap,tcp_3408,tcp,3408,Benign,Benign,Benign,Benign
Wednesday-14-02-2018_114.pcap,tcp_3251,tcp,3251,Benign,Benign,Benign,Benign
Wednesday-14-02-2018_114.pcap,tcp_2187,tcp,2187,Benign,Benign,Benign,Benign
Wednesday-14-02-2018_114.pcap,tcp_2188,tcp,2188,Benign,Benign,Benign,Benign
Wednesday-14-02-2018_114.pcap,tcp_2691,tcp,2691,Benign,Benign,Benign,Benign
Wednesday-14-02-2018_114.pcap,udp_2909,udp,2909,Benign,Benign,Benign,Benign
Wednesday-14-02-2018_114.pcap,tcp_2191,tcp,2191,Benign,Benign,Benign,Benign
Wednesday-14-02-2018_114.pcap,tcp_2192,tcp,2192,Benign,Benign,Benign,Benign
Wednesday-14-02-2018_114.pcap,tcp_3339,tcp,3339,Benign,Benign,Benign,Benign
Wednesday-14-02-2018_114.pcap,tcp_2719,tcp,2719,Benign,Benign,Benign,Benign
Wednesday-14-02-2018_114.pcap,udp_2187,udp,2187,Benign,Benign,Benign,Benign
Wednesday-14-02-2018_114.pcap,udp_3196,udp,3196,Benign,Benign,Benign,Benign
Wednesday-14-02-2018_114.pcap,tcp_2196,tcp,2196,Benign,Benign,Benign,Benign
Wednesday-14-02-2018_114.pcap,tcp_2976,tcp,2976,Benign,Benign,Benign,Benign
Wednesday-14-02-2018_114.pcap,tcp_3286,tcp,3286,Benign,Benign,Benign,Benign
Wednesday-14-02-2018_114.pcap,udp_3445,udp,3445,Benign,Benign,Benign,Benign
Wednesday-14-02-2018_114.pcap,tcp_2742,tcp,2742,Benign,Benign,Benign,Benign
Wednesday-14-02-2018_114.pcap,udp_3083,udp,3083,Benign,Benign,Benign,Benign
Wednesday-14-02-2018_114.pcap,udp_2193,udp,2193,Benign,Benign,Benign,Benign
Wednesday-14-02-2018_114.pcap,udp_3424,udp,3424,Benign,Benign,Benign,Benign
Wednesday-14-02-2018_114.pcap,udp_2760,udp,2760,Benign,Benign,Benign,Benign
Wednesday-14-02-2018_114.pcap,tcp_2201,tcp,2201,Benign,Benign,Benign,Benign
Wednesday-14-02-2018_114.pcap,udp_2878,udp,2878,Benign,Benign,Benign,Benign
Wednesday-14-02-2018_114.pcap,tcp_2203,tcp,2203,Benign,Benign,Benign,Benign
Wednesday-14-02-2018_114.pcap,tcp_3416,tcp,3416,Benign,Benign,Benign,Benign
Wednesday-14-02-2018_114.pcap,udp_2197,udp,2197,Benign,Benign,Benign,Benign
Wednesday-14-02-2018_114.pcap,tcp_2205,tcp,2205,Benign,Benign,Benign,Benign
Wednesday-14-02-2018_114.pcap,udp_2950,udp,2950,Benign,Benign,Benign,Benign
Wednesday-14-02-2018_114.pcap,tcp_3468,tcp,3468,Benign,Benign,Benign,Benign
Wednesday-14-02-2018_114.pcap,udp_3048,udp,3048,Benign,Benign,Benign,Benign
Wednesday-14-02-2018_114.pcap,tcp_3577,tcp,3577,Benign,Benign,Benign,Benign
Wednesday-14-02-2018_114.pcap,tcp_3173,tcp,3173,Benign,Benign,Benign,Benign
Wednesday-14-02-2018_114.pcap,udp_3239,udp,3239,Benign,Benign,Benign,Benign
Wednesday-14-02-2018_114.pcap,udp_3148,udp,3148,Benign,Benign,Benign,Benign
Wednesday-14-02-2018_114.pcap,tcp_2212,tcp,2212,Benign,Benign,Benign,Benign
Wednesday-14-02-2018_114.pcap,tcp_2213,tcp,2213,Benign,Benign,Benign,Benign
Wednesday-14-02-2018_114.pcap,tcp_3082,tcp,3082,Benign,Benign,Benign,Benign
Wednesday-14-02-2018_114.pcap,tcp_3234,tcp,3234,Benign,Benign,Benign,Benign
Wednesday-14-02-2018_114.pcap,udp_3235,udp,3235,Benign,Benign,Benign,Benign
Wednesday-14-02-2018_114.pcap,udp_3346,udp,3346,Benign,Benign,Benign,Benign
Wednesday-14-02-2018_114.pcap,tcp_3608,tcp,3608,Benign,Benign,Benign,Benign
Wednesday-14-02-2018_114.pcap,tcp_3046,tcp,3046,Benign,Benign,Benign,Benign
Wednesday-14-02-2018_114.pcap,udp_3041,udp,3041,Benign,Benign,Benign,Benign
Wednesday-14-02-2018_114.pcap,udp_2896,udp,2896,Benign,Benign,Benign,Benign
Wednesday-14-02-2018_114.pcap,udp_2205,udp,2205,Benign,Benign,Benign,Benign
Wednesday-14-02-2018_114.pcap,udp_2206,udp,2206,Benign,Benign,Benign,Benign
Wednesday-14-02-2018_114.pcap,udp_3147,udp,3147,Benign,Benign,Benign,Benign
Wednesday-14-02-2018_114.pcap,tcp_3628,tcp,3628,Benign,Benign,Benign,Benign
Wednesday-14-02-2018_114.pcap,tcp_3420,tcp,3420,Benign,Benign,Benign,Benign
Wednesday-14-02-2018_114.pcap,udp_3131,udp,3131,Benign,Benign,Benign,Benign
Wednesday-14-02-2018_114.pcap,tcp_2224,tcp,2224,Benign,Benign,Benign,Benign
Wednesday-14-02-2018_114.pcap,tcp_3469,tcp,3469,Benign,Benign,Benign,Benign
Wednesday-14-02-2018_114.pcap,udp_3197,udp,3197,Benign,Benign,Benign,Benign
Wednesday-14-02-2018_114.pcap,tcp_2960,tcp,2960,Benign,Benign,Benign,Benign
Wednesday-14-02-2018_114.pcap,udp_3025,udp,3025,Benign,Benign,Benign,Benign
Wednesday-14-02-2018_114.pcap,tcp_2672,tcp,2672,Benign,Benign,Benign,Benign
Wednesday-14-02-2018_114.pcap,udp_2209,udp,2209,Benign,Benign,Benign,Benign
Wednesday-14-02-2018_114.pcap,tcp_2228,tcp,2228,Benign,Benign,Benign,Benign
Wednesday-14-02-2018_114.pcap,tcp_3677,tcp,3677,Benign,Benign,Benign,Benign
Wednesday-14-02-2018_114.pcap,udp_3222,udp,3222,Benign,Benign,Benign,Benign
Wednesday-14-02-2018_114.pcap,udp_3230,udp,3230,Benign,Benign,Benign,Benign
Wednesday-14-02-2018_114.pcap,udp_2943,udp,2943,Benign,Benign,Benign,Benign
Wednesday-14-02-2018_114.pcap,tcp_2977,tcp,2977,Benign,Benign,Benign,Benign
Wednesday-14-02-2018_114.pcap,udp_3443,udp,3443,Benign,Benign,Benign,Benign
Wednesday-14-02-2018_114.pcap,tcp_2237,tcp,2237,Benign,Benign,Benign,Benign
Wednesday-14-02-2018_114.pcap,udp_3057,udp,3057,Benign,Benign,Benign,Benign
Wednesday-14-02-2018_114.pcap,udp_2907,udp,2907,Benign,Benign,Benign,Benign
Wednesday-14-02-2018_114.pcap,tcp_3001,tcp,3001,Benign,Benign,Benign,Benign
Wednesday-14-02-2018_114.pcap,tcp_3020,tcp,3020,Benign,Benign,Benign,Benign
Wednesday-14-02-2018_114.pcap,udp_3316,udp,3316,Benign,Benign,Benign,Benign
Wednesday-14-02-2018_114.pcap,tcp_3022,tcp,3022,Benign,Benign,Benign,Benign
Wednesday-14-02-2018_114.pcap,tcp_3193,tcp,3193,Benign,Benign,Benign,Benign
Wednesday-14-02-2018_114.pcap,tcp_3118,tcp,3118,Benign,Benign,Benign,Benign
Wednesday-14-02-2018_114.pcap,tcp_3110,tcp,3110,Benign,Benign,Benign,Benign
Wednesday-14-02-2018_114.pcap,tcp_3080,tcp,3080,Benign,Benign,Benign,Benign
Wednesday-14-02-2018_114.pcap,tcp_2794,tcp,2794,Benign,Benign,Benign,Benign
Wednesday-14-02-2018_114.pcap,tcp_2248,tcp,2248,Benign,Benign,Benign,Benign
Wednesday-14-02-2018_114.pcap,udp_2850,udp,2850,Benign,Benign,Benign,Benign
Wednesday-14-02-2018_114.pcap,udp_2889,udp,2889,Benign,Benign,Benign,Benign
Wednesday-14-02-2018_114.pcap,tcp_3048,tcp,3048,Benign,Benign,Benign,Benign
Wednesday-14-02-2018_114.pcap,tcp_2253,tcp,2253,Benign,Benign,Benign,Benign
Wednesday-14-02-2018_114.pcap,udp_3461,udp,3461,Benign,Benign,Benign,Benign
Wednesday-14-02-2018_114.pcap,tcp_3531,tcp,3531,Benign,Benign,Benign,Benign
Wednesday-14-02-2018_114.pcap,tcp_2254,tcp,2254,Benign,Benign,Benign,Benign
Wednesday-14-02-2018_114.pcap,tcp_3250,tcp,3250,Benign,Benign,Benign,Benign
Wednesday-14-02-2018_114.pcap,udp_2221,udp,2221,Benign,Benign,Benign,Benign
Wednesday-14-02-2018_114.pcap,tcp_3668,tcp,3668,Benign,Benign,Benign,Benign
Wednesday-14-02-2018_114.pcap,tcp_2258,tcp,2258,Benign,Benign,Benign,Benign
Wednesday-14-02-2018_114.pcap,tcp_3684,tcp,3684,Benign,Benign,Benign,Benign
Wednesday-14-02-2018_114.pcap,udp_2948,udp,2948,Benign,Benign,Benign,Benign
Wednesday-14-02-2018_114.pcap,udp_2984,udp,2984,Benign,Benign,Benign,Benign
Wednesday-14-02-2018_114.pcap,tcp_2263,tcp,2263,Benign,Benign,Benign,Benign
Wednesday-14-02-2018_114.pcap,udp_2915,udp,2915,Benign,Benign,Benign,Benign
Wednesday-14-02-2018_114.pcap,tcp_3045,tcp,3045,Benign,Benign,Benign,Benign
Wednesday-14-02-2018_114.pcap,tcp_3653,tcp,3653,Benign,Benign,Benign,Benign
Wednesday-14-02-2018_114.pcap,tcp_3415,tcp,3415,Benign,Benign,Benign,Benign
Wednesday-14-02-2018_114.pcap,tcp_2267,tcp,2267,Benign,Benign,Benign,Benign
Wednesday-14-02-2018_114.pcap,udp_2701,udp,2701,Benign,Benign,Benign,Benign
Wednesday-14-02-2018_114.pcap,udp_2767,udp,2767,Benign,Benign,Benign,Benign
Wednesday-14-02-2018_114.pcap,tcp_2270,tcp,2270,Benign,Benign,Benign,Benign
Wednesday-14-02-2018_114.pcap,tcp_2978,tcp,2978,Benign,Benign,Benign,Benign
Wednesday-14-02-2018_114.pcap,tcp_2272,tcp,2272,Benign,Benign,Benign,Benign
Wednesday-14-02-2018_114.pcap,tcp_3454,tcp,3454,Benign,Benign,Benign,Benign
Wednesday-14-02-2018_114.pcap,tcp_3717,tcp,3717,Benign,Benign,Benign,Benign
Wednesday-14-02-2018_114.pcap,tcp_3122,tcp,3122,Benign,Benign,Benign,Benign
Wednesday-14-02-2018_114.pcap,tcp_3445,tcp,3445,Benign,Benign,Benign,Benign
Wednesday-14-02-2018_114.pcap,tcp_3025,tcp,3025,Benign,Benign,Benign,Benign
Wednesday-14-02-2018_114.pcap,udp_2779,udp,2779,Benign,Benign,Benign,Benign
Wednesday-14-02-2018_114.pcap,tcp_3101,tcp,3101,Benign,Benign,Benign,Benign
Wednesday-14-02-2018_114.pcap,udp_2225,udp,2225,Benign,Benign,Benign,Benign
Wednesday-14-02-2018_114.pcap,tcp_3368,tcp,3368,Benign,Benign,Benign,Benign
Wednesday-14-02-2018_114.pcap,tcp_3455,tcp,3455,Benign,Benign,Benign,Benign
Wednesday-14-02-2018_114.pcap,tcp_2281,tcp,2281,Benign,Benign,Benign,Benign
Wednesday-14-02-2018_114.pcap,udp_3038,udp,3038,Benign,Benign,Benign,Benign
Wednesday-14-02-2018_114.pcap,tcp_3410,tcp,3410,Benign,Benign,Benign,Benign
Wednesday-14-02-2018_114.pcap,tcp_3084,tcp,3084,Benign,Benign,Benign,Benign
Wednesday-14-02-2018_114.pcap,tcp_2285,tcp,2285,Benign,Benign,Benign,Benign
Wednesday-14-02-2018_114.pcap,tcp_3530,tcp,3530,Benign,Benign,Benign,Benign
Wednesday-14-02-2018_114.pcap,tcp_3402,tcp,3402,Benign,Benign,Benign,Benign
Wednesday-14-02-2018_114.pcap,tcp_2288,tcp,2288,Benign,Benign,Benign,Benign
Wednesday-14-02-2018_114.pcap,tcp_2289,tcp,2289,Benign,Benign,Benign,Benign
Wednesday-14-02-2018_114.pcap,tcp_3194,tcp,3194,Benign,Benign,Benign,Benign
Wednesday-14-02-2018_114.pcap,tcp_2290,tcp,2290,Benign,Benign,Benign,Benign
Wednesday-14-02-2018_114.pcap,tcp_2291,tcp,2291,Benign,Benign,Benign,Benign
Wednesday-14-02-2018_114.pcap,udp_2720,udp,2720,Benign,Benign,Benign,Benign
Wednesday-14-02-2018_114.pcap,udp_2726,udp,2726,Benign,Benign,Benign,Benign
Wednesday-14-02-2018_114.pcap,tcp_2757,tcp,2757,Benign,Benign,Benign,Benign
Wednesday-14-02-2018_114.pcap,tcp_2296,tcp,2296,Benign,Benign,Benign,Benign
Wednesday-14-02-2018_114.pcap,udp_2922,udp,2922,Benign,Benign,Benign,Benign
Wednesday-14-02-2018_114.pcap,tcp_2298,tcp,2298,Benign,Benign,Benign,Benign
Wednesday-14-02-2018_114.pcap,tcp_2299,tcp,2299,Benign,Benign,Benign,Benign
Wednesday-14-02-2018_114.pcap,udp_3100,udp,3100,Benign,Benign,Benign,Benign
Wednesday-14-02-2018_114.pcap,udp_3151,udp,3151,Benign,Benign,Benign,Benign
Wednesday-14-02-2018_114.pcap,tcp_3244,tcp,3244,Benign,Benign,Benign,Benign
Wednesday-14-02-2018_114.pcap,udp_3467,udp,3467,Benign,Benign,Benign,Benign
Wednesday-14-02-2018_114.pcap,tcp_3236,tcp,3236,Benign,Benign,Benign,Benign
Wednesday-14-02-2018_114.pcap,tcp_3280,tcp,3280,Benign,Benign,Benign,Benign
Wednesday-14-02-2018_114.pcap,tcp_3687,tcp,3687,Benign,Benign,Benign,Benign
Wednesday-14-02-2018_114.pcap,tcp_2837,tcp,2837,Benign,Benign,Benign,Benign
Wednesday-14-02-2018_114.pcap,tcp_2309,tcp,2309,Benign,Benign,Benign,Benign
Wednesday-14-02-2018_114.pcap,udp_3245,udp,3245,Benign,Benign,Benign,Benign
Wednesday-14-02-2018_114.pcap,tcp_3010,tcp,3010,Benign,Benign,Benign,Benign
Wednesday-14-02-2018_114.pcap,udp_3122,udp,3122,Benign,Benign,Benign,Benign
Wednesday-14-02-2018_114.pcap,udp_3318,udp,3318,Benign,Benign,Benign,Benign
Wednesday-14-02-2018_114.pcap,tcp_2315,tcp,2315,Benign,Benign,Benign,Benign
Wednesday-14-02-2018_114.pcap,tcp_2316,tcp,2316,Benign,Benign,Benign,Benign
Wednesday-14-02-2018_114.pcap,udp_2917,udp,2917,Benign,Benign,Benign,Benign
Wednesday-14-02-2018_114.pcap,tcp_3492,tcp,3492,Benign,Benign,Benign,Benign
Wednesday-14-02-2018_114.pcap,tcp_3263,tcp,3263,Benign,Benign,Benign,Benign
Wednesday-14-02-2018_114.pcap,tcp_2754,tcp,2754,Benign,Benign,Benign,Benign
Wednesday-14-02-2018_114.pcap,tcp_2322,tcp,2322,Benign,Benign,Benign,Benign
Wednesday-14-02-2018_114.pcap,tcp_3294,tcp,3294,Benign,Benign,Benign,Benign
Wednesday-14-02-2018_114.pcap,tcp_2323,tcp,2323,Benign,Benign,Benign,Benign
Wednesday-14-02-2018_114.pcap,tcp_3532,tcp,3532,Benign,Benign,Benign,Benign
Wednesday-14-02-2018_114.pcap,udp_3253,udp,3253,Benign,Benign,Benign,Benign
Wednesday-14-02-2018_114.pcap,udp_2826,udp,2826,Benign,Benign,Benign,Benign
Wednesday-14-02-2018_114.pcap,udp_2239,udp,2239,Benign,Benign,Benign,Benign
Wednesday-14-02-2018_114.pcap,tcp_2325,tcp,2325,Benign,Benign,Benign,Benign
Wednesday-14-02-2018_114.pcap,udp_3525,udp,3525,Benign,Benign,Benign,Benign
Wednesday-14-02-2018_114.pcap,tcp_3016,tcp,3016,Benign,Benign,Benign,Benign
Wednesday-14-02-2018_114.pcap,udp_2242,udp,2242,Benign,Benign,Benign,Benign
Wednesday-14-02-2018_114.pcap,udp_2933,udp,2933,Benign,Benign,Benign,Benign
Wednesday-14-02-2018_114.pcap,udp_2713,udp,2713,Benign,Benign,Benign,Benign
Wednesday-14-02-2018_114.pcap,udp_3463,udp,3463,Benign,Benign,Benign,Benign
Wednesday-14-02-2018_114.pcap,udp_3028,udp,3028,Benign,Benign,Benign,Benign
Wednesday-14-02-2018_114.pcap,tcp_2944,tcp,2944,Benign,Benign,Benign,Benign
Wednesday-14-02-2018_114.pcap,udp_3070,udp,3070,Benign,Benign,Benign,Benign
Wednesday-14-02-2018_114.pcap,udp_3453,udp,3453,Benign,Benign,Benign,Benign
Wednesday-14-02-2018_114.pcap,udp_2763,udp,2763,Benign,Benign,Benign,Benign
Wednesday-14-02-2018_114.pcap,tcp_2678,tcp,2678,Benign,Benign,Benign,Benign
Wednesday-14-02-2018_114.pcap,udp_2247,udp,2247,Benign,Benign,Benign,Benign
Wednesday-14-02-2018_114.pcap,udp_2877,udp,2877,Benign,Benign,Benign,Benign
Wednesday-14-02-2018_114.pcap,tcp_2876,tcp,2876,Benign,Benign,Benign,Benign
Wednesday-14-02-2018_114.pcap,tcp_3574,tcp,3574,Benign,Benign,Benign,Benign
Wednesday-14-02-2018_114.pcap,udp_2252,udp,2252,Benign,Benign,Benign,Benign
Wednesday-14-02-2018_114.pcap,udp_3020,udp,3020,Benign,Benign,Benign,Benign
Wednesday-14-02-2018_114.pcap,udp_3144,udp,3144,Benign,Benign,Benign,Benign
Wednesday-14-02-2018_114.pcap,tcp_3642,tcp,3642,Benign,Benign,Benign,Benign
Wednesday-14-02-2018_114.pcap,tcp_3604,tcp,3604,Benign,Benign,Benign,Benign
Wednesday-14-02-2018_114.pcap,udp_2257,udp,2257,Benign,Benign,Benign,Benign
Wednesday-14-02-2018_114.pcap,udp_2258,udp,2258,Benign,Benign,Benign,Benign
Wednesday-14-02-2018_114.pcap,udp_2260,udp,2260,Benign,Benign,Benign,Benign
Wednesday-14-02-2018_114.pcap,tcp_2803,tcp,2803,Benign,Benign,Benign,Benign
Wednesday-14-02-2018_114.pcap,udp_2964,udp,2964,Benign,Benign,Benign,Benign
Wednesday-14-02-2018_114.pcap,tcp_3688,tcp,3688,Benign,Benign,Benign,Benign
Wednesday-14-02-2018_114.pcap,tcp_2953,tcp,2953,Benign,Benign,Benign,Benign
Wednesday-14-02-2018_114.pcap,udp_2270,udp,2270,Benign,Benign,Benign,Benign
Wednesday-14-02-2018_114.pcap,tcp_3336,tcp,3336,Benign,Benign,Benign,Benign
Wednesday-14-02-2018_114.pcap,udp_2273,udp,2273,Benign,Benign,Benign,Benign
Wednesday-14-02-2018_114.pcap,udp_2274,udp,2274,Benign,Benign,Benign,Benign
Wednesday-14-02-2018_114.pcap,udp_2275,udp,2275,Benign,Benign,Benign,Benign
Wednesday-14-02-2018_114.pcap,udp_3440,udp,3440,Benign,Benign,Benign,Benign
Wednesday-14-02-2018_114.pcap,tcp_3290,tcp,3290,Benign,Benign,Benign,Benign
Wednesday-14-02-2018_114.pcap,udp_2833,udp,2833,Benign,Benign,Benign,Benign
Wednesday-14-02-2018_114.pcap,udp_2903,udp,2903,Benign,Benign,Benign,Benign
Wednesday-14-02-2018_114.pcap,tcp_2699,tcp,2699,Benign,Benign,Benign,Benign
Wednesday-14-02-2018_114.pcap,tcp_3544,tcp,3544,Benign,Benign,Benign,Benign
Wednesday-14-02-2018_114.pcap,udp_2284,udp,2284,Benign,Benign,Benign,Benign
Wednesday-14-02-2018_114.pcap,udp_3210,udp,3210,Benign,Benign,Benign,Benign
Wednesday-14-02-2018_114.pcap,udp_3301,udp,3301,Benign,Benign,Benign,Benign
Wednesday-14-02-2018_114.pcap,udp_2288,udp,2288,Benign,Benign,Benign,Benign
Wednesday-14-02-2018_114.pcap,udp_2289,udp,2289,Benign,Benign,Benign,Benign
Wednesday-14-02-2018_114.pcap,tcp_3119,tcp,3119,Benign,Benign,Benign,Benign
Wednesday-14-02-2018_114.pcap,udp_2291,udp,2291,Benign,Benign,Benign,Benign
Wednesday-14-02-2018_114.pcap,udp_3165,udp,3165,Benign,Benign,Benign,Benign
Wednesday-14-02-2018_114.pcap,udp_2999,udp,2999,Benign,Benign,Benign,Benign
Wednesday-14-02-2018_114.pcap,udp_3046,udp,3046,Benign,Benign,Benign,Benign
Wednesday-14-02-2018_114.pcap,tcp_2683,tcp,2683,Benign,Benign,Benign,Benign
Wednesday-14-02-2018_114.pcap,udp_2297,udp,2297,Benign,Benign,Benign,Benign
Wednesday-14-02-2018_114.pcap,udp_2298,udp,2298,Benign,Benign,Benign,Benign
Wednesday-14-02-2018_114.pcap,udp_2299,udp,2299,Benign,Benign,Benign,Benign
Wednesday-14-02-2018_114.pcap,udp_3354,udp,3354,Benign,Benign,Benign,Benign
Wednesday-14-02-2018_114.pcap,tcp_3043,tcp,3043,Benign,Benign,Benign,Benign
Wednesday-14-02-2018_114.pcap,tcp_2333,tcp,2333,Benign,Benign,Benign,Benign
Wednesday-14-02-2018_114.pcap,tcp_3369,tcp,3369,Benign,Benign,Benign,Benign
Wednesday-14-02-2018_114.pcap,udp_3370,udp,3370,Benign,Benign,Benign,Benign
Wednesday-14-02-2018_114.pcap,udp_3139,udp,3139,Benign,Benign,Benign,Benign
Wednesday-14-02-2018_114.pcap,tcp_2721,tcp,2721,Benign,Benign,Benign,Benign
Wednesday-14-02-2018_114.pcap,udp_2728,udp,2728,Benign,Benign,Benign,Benign
Wednesday-14-02-2018_114.pcap,tcp_2801,tcp,2801,Benign,Benign,Benign,Benign
Wednesday-14-02-2018_114.pcap,udp_2303,udp,2303,Benign,Benign,Benign,Benign
Wednesday-14-02-2018_114.pcap,udp_2732,udp,2732,Benign,Benign,Benign,Benign
Wednesday-14-02-2018_114.pcap,udp_3349,udp,3349,Benign,Benign,Benign,Benign
Wednesday-14-02-2018_114.pcap,udp_2724,udp,2724,Benign,Benign,Benign,Benign
Wednesday-14-02-2018_114.pcap,udp_3194,udp,3194,Benign,Benign,Benign,Benign
Wednesday-14-02-2018_114.pcap,tcp_3367,tcp,3367,Benign,Benign,Benign,Benign
Wednesday-14-02-2018_114.pcap,udp_3516,udp,3516,Benign,Benign,Benign,Benign
Wednesday-14-02-2018_114.pcap,tcp_2344,tcp,2344,Benign,Benign,Benign,Benign
Wednesday-14-02-2018_114.pcap,udp_3067,udp,3067,Benign,Benign,Benign,Benign
Wednesday-14-02-2018_114.pcap,tcp_3555,tcp,3555,Benign,Benign,Benign,Benign
Wednesday-14-02-2018_114.pcap,tcp_2346,tcp,2346,Benign,Benign,Benign,Benign
Wednesday-14-02-2018_114.pcap,udp_3271,udp,3271,Benign,Benign,Benign,Benign
Wednesday-14-02-2018_114.pcap,udp_3094,udp,3094,Benign,Benign,Benign,Benign
Wednesday-14-02-2018_114.pcap,tcp_2888,tcp,2888,Benign,Benign,Benign,Benign
Wednesday-14-02-2018_114.pcap,udp_2801,udp,2801,Benign,Benign,Benign,Benign
Wednesday-14-02-2018_114.pcap,udp_3169,udp,3169,Benign,Benign,Benign,Benign
Wednesday-14-02-2018_114.pcap,tcp_3514,tcp,3514,Benign,Benign,Benign,Benign
Wednesday-14-02-2018_114.pcap,tcp_2352,tcp,2352,Benign,Benign,Benign,Benign
Wednesday-14-02-2018_114.pcap,tcp_2353,tcp,2353,Benign,Benign,Benign,Benign
Wednesday-14-02-2018_114.pcap,tcp_2354,tcp,2354,Benign,Benign,Benign,Benign
Wednesday-14-02-2018_114.pcap,udp_3429,udp,3429,Benign,Benign,Benign,Benign
Wednesday-14-02-2018_114.pcap,tcp_2356,tcp,2356,Benign,Benign,Benign,Benign
Wednesday-14-02-2018_114.pcap,tcp_2357,tcp,2357,Benign,Benign,Benign,Benign
Wednesday-14-02-2018_114.pcap,udp_3514,udp,3514,Benign,Benign,Benign,Benign
Wednesday-14-02-2018_114.pcap,tcp_3560,tcp,3560,Benign,Benign,Benign,Benign
Wednesday-14-02-2018_114.pcap,udp_2905,udp,2905,Benign,Benign,Benign,Benign
Wednesday-14-02-2018_114.pcap,tcp_2362,tcp,2362,Benign,Benign,Benign,Benign
Wednesday-14-02-2018_114.pcap,tcp_2363,tcp,2363,Benign,Benign,Benign,Benign
Wednesday-14-02-2018_114.pcap,tcp_2364,tcp,2364,Benign,Benign,Benign,Benign
Wednesday-14-02-2018_114.pcap,tcp_2687,tcp,2687,Benign,Benign,Benign,Benign
Wednesday-14-02-2018_114.pcap,tcp_2367,tcp,2367,Benign,Benign,Benign,Benign
Wednesday-14-02-2018_114.pcap,udp_2313,udp,2313,Benign,Benign,Benign,Benign
Wednesday-14-02-2018_114.pcap,tcp_2728,tcp,2728,Benign,Benign,Benign,Benign
Wednesday-14-02-2018_114.pcap,tcp_2370,tcp,2370,Benign,Benign,Benign,Benign
Wednesday-14-02-2018_114.pcap,udp_3267,udp,3267,Benign,Benign,Benign,Benign
Wednesday-14-02-2018_114.pcap,tcp_2371,tcp,2371,Benign,Benign,Benign,Benign
Wednesday-14-02-2018_114.pcap,tcp_3055,tcp,3055,Benign,Benign,Benign,Benign
Wednesday-14-02-2018_114.pcap,udp_3063,udp,3063,Benign,Benign,Benign,Benign
Wednesday-14-02-2018_114.pcap,udp_3261,udp,3261,Benign,Benign,Benign,Benign
Wednesday-14-02-2018_114.pcap,udp_2316,udp,2316,Benign,Benign,Benign,Benign
Wednesday-14-02-2018_114.pcap,tcp_2946,tcp,2946,Benign,Benign,Benign,Benign
Wednesday-14-02-2018_114.pcap,tcp_2707,tcp,2707,Benign,Benign,Benign,Benign
Wednesday-14-02-2018_114.pcap,tcp_2378,tcp,2378,Benign,Benign,Benign,Benign
Wednesday-14-02-2018_114.pcap,udp_2317,udp,2317,Benign,Benign,Benign,Benign
Wednesday-14-02-2018_114.pcap,udp_2913,udp,2913,Benign,Benign,Benign,Benign
Wednesday-14-02-2018_114.pcap,udp_2320,udp,2320,Benign,Benign,Benign,Benign
Wednesday-14-02-2018_114.pcap,udp_2321,udp,2321,Benign,Benign,Benign,Benign
Wednesday-14-02-2018_114.pcap,udp_2954,udp,2954,Benign,Benign,Benign,Benign
Wednesday-14-02-2018_114.pcap,udp_2773,udp,2773,Benign,Benign,Benign,Benign
Wednesday-14-02-2018_114.pcap,udp_2991,udp,2991,Benign,Benign,Benign,Benign
Wednesday-14-02-2018_114.pcap,udp_2323,udp,2323,Benign,Benign,Benign,Benign
Wednesday-14-02-2018_114.pcap,tcp_3475,tcp,3475,Benign,Benign,Benign,Benign
Wednesday-14-02-2018_114.pcap,tcp_2383,tcp,2383,Benign,Benign,Benign,Benign
Wednesday-14-02-2018_114.pcap,udp_2709,udp,2709,Benign,Benign,Benign,Benign
Wednesday-14-02-2018_114.pcap,tcp_3554,tcp,3554,Benign,Benign,Benign,Benign
Wednesday-14-02-2018_114.pcap,udp_2328,udp,2328,Benign,Benign,Benign,Benign
Wednesday-14-02-2018_114.pcap,udp_2329,udp,2329,Benign,Benign,Benign,Benign
Wednesday-14-02-2018_114.pcap,tcp_2894,tcp,2894,Benign,Benign,Benign,Benign
Wednesday-14-02-2018_114.pcap,tcp_2717,tcp,2717,Benign,Benign,Benign,Benign
Wednesday-14-02-2018_114.pcap,tcp_2385,tcp,2385,Benign,Benign,Benign,Benign
Wednesday-14-02-2018_114.pcap,tcp_2840,tcp,2840,Benign,Benign,Benign,Benign
Wednesday-14-02-2018_114.pcap,tcp_3728,tcp,3728,Benign,Benign,Benign,Benign
Wednesday-14-02-2018_114.pcap,tcp_3090,tcp,3090,Benign,Benign,Benign,Benign
Wednesday-14-02-2018_114.pcap,tcp_2389,tcp,2389,Benign,Benign,Benign,Benign
Wednesday-14-02-2018_114.pcap,tcp_2390,tcp,2390,Benign,Benign,Benign,Benign
Wednesday-14-02-2018_114.pcap,udp_2333,udp,2333,Benign,Benign,Benign,Benign
Wednesday-14-02-2018_114.pcap,udp_2944,udp,2944,Benign,Benign,Benign,Benign
Wednesday-14-02-2018_114.pcap,udp_3068,udp,3068,Benign,Benign,Benign,Benign
Wednesday-14-02-2018_114.pcap,udp_3008,udp,3008,Benign,Benign,Benign,Benign
Wednesday-14-02-2018_114.pcap,tcp_3601,tcp,3601,Benign,Benign,Benign,Benign
Wednesday-14-02-2018_114.pcap,udp_2336,udp,2336,Benign,Benign,Benign,Benign
Wednesday-14-02-2018_114.pcap,udp_2844,udp,2844,Benign,Benign,Benign,Benign
Wednesday-14-02-2018_114.pcap,udp_2828,udp,2828,Benign,Benign,Benign,Benign
Wednesday-14-02-2018_114.pcap,tcp_3228,tcp,3228,Benign,Benign,Benign,Benign
Wednesday-14-02-2018_114.pcap,udp_3140,udp,3140,Benign,Benign,Benign,Benign
Wednesday-14-02-2018_114.pcap,tcp_3238,tcp,3238,Benign,Benign,Benign,Benign
Wednesday-14-02-2018_114.pcap,tcp_2399,tcp,2399,Benign,Benign,Benign,Benign
Wednesday-14-02-2018_114.pcap,udp_3405,udp,3405,Benign,Benign,Benign,Benign
Wednesday-14-02-2018_114.pcap,tcp_2401,tcp,2401,Benign,Benign,Benign,Benign
Wednesday-14-02-2018_114.pcap,udp_2339,udp,2339,Benign,Benign,Benign,Benign
Wednesday-14-02-2018_114.pcap,tcp_3690,tcp,3690,Benign,Benign,Benign,Benign
Wednesday-14-02-2018_114.pcap,tcp_2402,tcp,2402,Benign,Benign,Benign,Benign
Wednesday-14-02-2018_114.pcap,udp_3294,udp,3294,Benign,Benign,Benign,Benign
Wednesday-14-02-2018_114.pcap,tcp_3077,tcp,3077,Benign,Benign,Benign,Benign
Wednesday-14-02-2018_114.pcap,udp_2342,udp,2342,Benign,Benign,Benign,Benign
Wednesday-14-02-2018_114.pcap,tcp_3098,tcp,3098,Benign,Benign,Benign,Benign
Wednesday-14-02-2018_114.pcap,udp_2344,udp,2344,Benign,Benign,Benign,Benign
Wednesday-14-02-2018_114.pcap,udp_2347,udp,2347,Benign,Benign,Benign,Benign
Wednesday-14-02-2018_114.pcap,udp_2348,udp,2348,Benign,Benign,Benign,Benign
Wednesday-14-02-2018_114.pcap,tcp_2973,tcp,2973,Benign,Benign,Benign,Benign
Wednesday-14-02-2018_114.pcap,udp_2350,udp,2350,Benign,Benign,Benign,Benign
Wednesday-14-02-2018_114.pcap,udp_2352,udp,2352,Benign,Benign,Benign,Benign
Wednesday-14-02-2018_114.pcap,udp_2353,udp,2353,Benign,Benign,Benign,Benign
Wednesday-14-02-2018_114.pcap,udp_2354,udp,2354,Benign,Benign,Benign,Benign
Wednesday-14-02-2018_114.pcap,udp_3134,udp,3134,Benign,Benign,Benign,Benign
Wednesday-14-02-2018_114.pcap,udp_2842,udp,2842,Benign,Benign,Benign,Benign
Wednesday-14-02-2018_114.pcap,udp_2358,udp,2358,Benign,Benign,Benign,Benign
Wednesday-14-02-2018_114.pcap,udp_2360,udp,2360,Benign,Benign,Benign,Benign
Wednesday-14-02-2018_114.pcap,tcp_3513,tcp,3513,Benign,Benign,Benign,Benign
Wednesday-14-02-2018_114.pcap,udp_3442,udp,3442,Benign,Benign,Benign,Benign
Wednesday-14-02-2018_114.pcap,tcp_2854,tcp,2854,Benign,Benign,Benign,Benign
Wednesday-14-02-2018_114.pcap,tcp_3179,tcp,3179,Benign,Benign,Benign,Benign
Wednesday-14-02-2018_114.pcap,udp_3361,udp,3361,Benign,Benign,Benign,Benign
Wednesday-14-02-2018_114.pcap,tcp_3344,tcp,3344,Benign,Benign,Benign,Benign
Wednesday-14-02-2018_114.pcap,tcp_3383,tcp,3383,Benign,Benign,Benign,Benign
Wednesday-14-02-2018_114.pcap,udp_3398,udp,3398,Benign,Benign,Benign,Benign
Wednesday-14-02-2018_114.pcap,tcp_3167,tcp,3167,Benign,Benign,Benign,Benign
Wednesday-14-02-2018_114.pcap,udp_2372,udp,2372,Benign,Benign,Benign,Benign
Wednesday-14-02-2018_114.pcap,tcp_2842,tcp,2842,Benign,Benign,Benign,Benign
Wednesday-14-02-2018_114.pcap,udp_2374,udp,2374,Benign,Benign,Benign,Benign
Wednesday-14-02-2018_114.pcap,tcp_2993,tcp,2993,Benign,Benign,Benign,Benign
Wednesday-14-02-2018_114.pcap,udp_2378,udp,2378,Benign,Benign,Benign,Benign
Wednesday-14-02-2018_114.pcap,tcp_3706,tcp,3706,Benign,Benign,Benign,Benign
Wednesday-14-02-2018_114.pcap,udp_3541,udp,3541,Benign,Benign,Benign,Benign
Wednesday-14-02-2018_114.pcap,udp_3438,udp,3438,Benign,Benign,Benign,Benign
Wednesday-14-02-2018_114.pcap,tcp_3449,tcp,3449,Benign,Benign,Benign,Benign
Wednesday-14-02-2018_114.pcap,udp_3494,udp,3494,Benign,Benign,Benign,Benign
Wednesday-14-02-2018_114.pcap,udp_2956,udp,2956,Benign,Benign,Benign,Benign
Wednesday-14-02-2018_114.pcap,udp_2857,udp,2857,Benign,Benign,Benign,Benign
Wednesday-14-02-2018_114.pcap,tcp_3473,tcp,3473,Benign,Benign,Benign,Benign
Wednesday-14-02-2018_114.pcap,tcp_2675,tcp,2675,Benign,Benign,Benign,Benign
Wednesday-14-02-2018_114.pcap,udp_3170,udp,3170,Benign,Benign,Benign,Benign
Wednesday-14-02-2018_114.pcap,tcp_3210,tcp,3210,Benign,Benign,Benign,Benign
Wednesday-14-02-2018_114.pcap,tcp_3568,tcp,3568,Benign,Benign,Benign,Benign
Wednesday-14-02-2018_114.pcap,tcp_3596,tcp,3596,Benign,Benign,Benign,Benign
Wednesday-14-02-2018_114.pcap,udp_3524,udp,3524,Benign,Benign,Benign,Benign
Wednesday-14-02-2018_114.pcap,tcp_2417,tcp,2417,Benign,Benign,Benign,Benign
Wednesday-14-02-2018_114.pcap,udp_3106,udp,3106,Benign,Benign,Benign,Benign
Wednesday-14-02-2018_114.pcap,tcp_2419,tcp,2419,Benign,Benign,Benign,Benign
Wednesday-14-02-2018_114.pcap,tcp_2420,tcp,2420,Benign,Benign,Benign,Benign
Wednesday-14-02-2018_114.pcap,tcp_2421,tcp,2421,Benign,Benign,Benign,Benign
Wednesday-14-02-2018_114.pcap,udp_2384,udp,2384,Benign,Benign,Benign,Benign
Wednesday-14-02-2018_114.pcap,tcp_3692,tcp,3692,Benign,Benign,Benign,Benign
Wednesday-14-02-2018_114.pcap,udp_2866,udp,2866,Benign,Benign,Benign,Benign
Wednesday-14-02-2018_114.pcap,tcp_2425,tcp,2425,Benign,Benign,Benign,Benign
Wednesday-14-02-2018_114.pcap,udp_2862,udp,2862,Benign,Benign,Benign,Benign
Wednesday-14-02-2018_114.pcap,udp_3030,udp,3030,Benign,Benign,Benign,Benign
Wednesday-14-02-2018_114.pcap,udp_3283,udp,3283,Benign,Benign,Benign,Benign
Wednesday-14-02-2018_114.pcap,tcp_2431,tcp,2431,Benign,Benign,Benign,Benign
Wednesday-14-02-2018_114.pcap,tcp_3264,tcp,3264,Benign,Benign,Benign,Benign
Wednesday-14-02-2018_114.pcap,tcp_3735,tcp,3735,Benign,Benign,Benign,Benign
Wednesday-14-02-2018_114.pcap,udp_2694,udp,2694,Benign,Benign,Benign,Benign
Wednesday-14-02-2018_114.pcap,tcp_2436,tcp,2436,Benign,Benign,Benign,Benign
Wednesday-14-02-2018_114.pcap,tcp_2437,tcp,2437,Benign,Benign,Benign,Benign
Wednesday-14-02-2018_114.pcap,udp_2919,udp,2919,Benign,Benign,Benign,Benign
Wednesday-14-02-2018_114.pcap,udp_3168,udp,3168,Benign,Benign,Benign,Benign
Wednesday-14-02-2018_114.pcap,udp_3486,udp,3486,Benign,Benign,Benign,Benign
Wednesday-14-02-2018_114.pcap,udp_3560,udp,3560,Benign,Benign,Benign,Benign
Wednesday-14-02-2018_114.pcap,tcp_3109,tcp,3109,Benign,Benign,Benign,Benign
Wednesday-14-02-2018_114.pcap,tcp_2443,tcp,2443,Benign,Benign,Benign,Benign
Wednesday-14-02-2018_114.pcap,udp_2863,udp,2863,Benign,Benign,Benign,Benign
Wednesday-14-02-2018_114.pcap,tcp_3151,tcp,3151,Benign,Benign,Benign,Benign
Wednesday-14-02-2018_114.pcap,udp_3509,udp,3509,Benign,Benign,Benign,Benign
Wednesday-14-02-2018_114.pcap,tcp_3241,tcp,3241,Benign,Benign,Benign,Benign
Wednesday-14-02-2018_114.pcap,udp_2829,udp,2829,Benign,Benign,Benign,Benign
Wednesday-14-02-2018_114.pcap,tcp_2820,tcp,2820,Benign,Benign,Benign,Benign
Wednesday-14-02-2018_114.pcap,tcp_3450,tcp,3450,Benign,Benign,Benign,Benign
Wednesday-14-02-2018_114.pcap,tcp_3398,tcp,3398,Benign,Benign,Benign,Benign
Wednesday-14-02-2018_114.pcap,tcp_3216,tcp,3216,Benign,Benign,Benign,Benign
Wednesday-14-02-2018_114.pcap,udp_2764,udp,2764,Benign,Benign,Benign,Benign
Wednesday-14-02-2018_114.pcap,udp_2388,udp,2388,Benign,Benign,Benign,Benign
Wednesday-14-02-2018_114.pcap,tcp_3582,tcp,3582,Benign,Benign,Benign,Benign
Wednesday-14-02-2018_114.pcap,tcp_3729,tcp,3729,Benign,Benign,Benign,Benign
Wednesday-14-02-2018_114.pcap,tcp_2824,tcp,2824,Benign,Benign,Benign,Benign
Wednesday-14-02-2018_114.pcap,tcp_3063,tcp,3063,Benign,Benign,Benign,Benign
Wednesday-14-02-2018_114.pcap,udp_2389,udp,2389,Benign,Benign,Benign,Benign
Wednesday-14-02-2018_114.pcap,udp_2390,udp,2390,Benign,Benign,Benign,Benign
Wednesday-14-02-2018_114.pcap,udp_2740,udp,2740,Benign,Benign,Benign,Benign
Wednesday-14-02-2018_114.pcap,udp_2391,udp,2391,Benign,Benign,Benign,Benign
Wednesday-14-02-2018_114.pcap,udp_3451,udp,3451,Benign,Benign,Benign,Benign
Wednesday-14-02-2018_114.pcap,udp_3546,udp,3546,Benign,Benign,Benign,Benign
Wednesday-14-02-2018_114.pcap,tcp_2462,tcp,2462,Benign,Benign,Benign,Benign
Wednesday-14-02-2018_114.pcap,tcp_2463,tcp,2463,Benign,Benign,Benign,Benign
Wednesday-14-02-2018_114.pcap,udp_2394,udp,2394,Benign,Benign,Benign,Benign
Wednesday-14-02-2018_114.pcap,udp_2395,udp,2395,Benign,Benign,Benign,Benign
Wednesday-14-02-2018_114.pcap,udp_3219,udp,3219,Benign,Benign,Benign,Benign
Wednesday-14-02-2018_114.pcap,tcp_3019,tcp,3019,Benign,Benign,Benign,Benign
Wednesday-14-02-2018_114.pcap,tcp_2464,tcp,2464,Benign,Benign,Benign,Benign
Wednesday-14-02-2018_114.pcap,udp_3505,udp,3505,Benign,Benign,Benign,Benign
Wednesday-14-02-2018_114.pcap,udp_2742,udp,2742,Benign,Benign,Benign,Benign
Wednesday-14-02-2018_114.pcap,tcp_2768,tcp,2768,Benign,Benign,Benign,Benign
Wednesday-14-02-2018_114.pcap,tcp_3149,tcp,3149,Benign,Benign,Benign,Benign
Wednesday-14-02-2018_114.pcap,udp_2401,udp,2401,Benign,Benign,Benign,Benign
Wednesday-14-02-2018_114.pcap,tcp_2648,tcp,2648,Benign,Benign,Benign,Benign
Wednesday-14-02-2018_114.pcap,udp_3217,udp,3217,Benign,Benign,Benign,Benign
Wednesday-14-02-2018_114.pcap,udp_2405,udp,2405,Benign,Benign,Benign,Benign
Wednesday-14-02-2018_114.pcap,udp_2406,udp,2406,Benign,Benign,Benign,Benign
Wednesday-14-02-2018_114.pcap,udp_2407,udp,2407,Benign,Benign,Benign,Benign
Wednesday-14-02-2018_114.pcap,tcp_2756,tcp,2756,Benign,Benign,Benign,Benign
Wednesday-14-02-2018_114.pcap,tcp_2713,tcp,2713,Benign,Benign,Benign,Benign
Wednesday-14-02-2018_114.pcap,udp_3342,udp,3342,Benign,Benign,Benign,Benign
Wednesday-14-02-2018_114.pcap,tcp_3435,tcp,3435,Benign,Benign,Benign,Benign
Wednesday-14-02-2018_114.pcap,tcp_2467,tcp,2467,Benign,Benign,Benign,Benign
Wednesday-14-02-2018_114.pcap,tcp_2957,tcp,2957,Benign,Benign,Benign,Benign
Wednesday-14-02-2018_114.pcap,tcp_2913,tcp,2913,Benign,Benign,Benign,Benign
Wednesday-14-02-2018_114.pcap,tcp_3349,tcp,3349,Benign,Benign,Benign,Benign
Wednesday-14-02-2018_114.pcap,tcp_3224,tcp,3224,Benign,Benign,Benign,Benign
Wednesday-14-02-2018_114.pcap,udp_3254,udp,3254,Benign,Benign,Benign,Benign
Wednesday-14-02-2018_114.pcap,tcp_3392,tcp,3392,Benign,Benign,Benign,Benign
Wednesday-14-02-2018_114.pcap,tcp_2821,tcp,2821,Benign,Benign,Benign,Benign
Wednesday-14-02-2018_114.pcap,udp_2417,udp,2417,Benign,Benign,Benign,Benign
Wednesday-14-02-2018_114.pcap,udp_3128,udp,3128,Benign,Benign,Benign,Benign
Wednesday-14-02-2018_114.pcap,tcp_2474,tcp,2474,Benign,Benign,Benign,Benign
Wednesday-14-02-2018_114.pcap,udp_2419,udp,2419,Benign,Benign,Benign,Benign
Wednesday-14-02-2018_114.pcap,udp_2420,udp,2420,Benign,Benign,Benign,Benign
Wednesday-14-02-2018_114.pcap,udp_2421,udp,2421,Benign,Benign,Benign,Benign
Wednesday-14-02-2018_114.pcap,udp_3120,udp,3120,Benign,Benign,Benign,Benign
Wednesday-14-02-2018_114.pcap,udp_3520,udp,3520,Benign,Benign,Benign,Benign
Wednesday-14-02-2018_114.pcap,udp_2425,udp,2425,Benign,Benign,Benign,Benign
Wednesday-14-02-2018_114.pcap,tcp_3182,tcp,3182,Benign,Benign,Benign,Benign
Wednesday-14-02-2018_114.pcap,tcp_2817,tcp,2817,Benign,Benign,Benign,Benign
Wednesday-14-02-2018_114.pcap,tcp_2743,tcp,2743,Benign,Benign,Benign,Benign
Wednesday-14-02-2018_114.pcap,tcp_3704,tcp,3704,Benign,Benign,Benign,Benign
Wednesday-14-02-2018_114.pcap,udp_3024,udp,3024,Benign,Benign,Benign,Benign
Wednesday-14-02-2018_114.pcap,tcp_3144,tcp,3144,Benign,Benign,Benign,Benign
Wednesday-14-02-2018_114.pcap,tcp_3375,tcp,3375,Benign,Benign,Benign,Benign
Wednesday-14-02-2018_114.pcap,udp_2435,udp,2435,Benign,Benign,Benign,Benign
Wednesday-14-02-2018_114.pcap,tcp_2812,tcp,2812,Benign,Benign,Benign,Benign
Wednesday-14-02-2018_114.pcap,tcp_2744,tcp,2744,Benign,Benign,Benign,Benign
Wednesday-14-02-2018_114.pcap,udp_3557,udp,3557,Benign,Benign,Benign,Benign
Wednesday-14-02-2018_114.pcap,udp_2440,udp,2440,Benign,Benign,Benign,Benign
Wednesday-14-02-2018_114.pcap,udp_2442,udp,2442,Benign,Benign,Benign,Benign
Wednesday-14-02-2018_114.pcap,udp_3383,udp,3383,Benign,Benign,Benign,Benign
Wednesday-14-02-2018_114.pcap,udp_3000,udp,3000,Benign,Benign,Benign,Benign
Wednesday-14-02-2018_114.pcap,udp_3469,udp,3469,Benign,Benign,Benign,Benign
Wednesday-14-02-2018_114.pcap,udp_2985,udp,2985,Benign,Benign,Benign,Benign
Wednesday-14-02-2018_114.pcap,udp_3492,udp,3492,Benign,Benign,Benign,Benign
Wednesday-14-02-2018_114.pcap,udp_2450,udp,2450,Benign,Benign,Benign,Benign
Wednesday-14-02-2018_114.pcap,tcp_3273,tcp,3273,Benign,Benign,Benign,Benign
Wednesday-14-02-2018_114.pcap,udp_3224,udp,3224,Benign,Benign,Benign,Benign
Wednesday-14-02-2018_114.pcap,tcp_3493,tcp,3493,Benign,Benign,Benign,Benign
Wednesday-14-02-2018_114.pcap,tcp_3345,tcp,3345,Benign,Benign,Benign,Benign
Wednesday-14-02-2018_114.pcap,udp_2940,udp,2940,Benign,Benign,Benign,Benign
Wednesday-14-02-2018_114.pcap,tcp_3538,tcp,3538,Benign,Benign,Benign,Benign
Wednesday-14-02-2018_114.pcap,udp_2753,udp,2753,Benign,Benign,Benign,Benign
Wednesday-14-02-2018_114.pcap,udp_2460,udp,2460,Benign,Benign,Benign,Benign
Wednesday-14-02-2018_114.pcap,udp_2946,udp,2946,Benign,Benign,Benign,Benign
Wednesday-14-02-2018_114.pcap,tcp_3614,tcp,3614,Benign,Benign,Benign,Benign
Wednesday-14-02-2018_114.pcap,tcp_2478,tcp,2478,Benign,Benign,Benign,Benign
Wednesday-14-02-2018_114.pcap,tcp_3500,tcp,3500,Benign,Benign,Benign,Benign
Wednesday-14-02-2018_114.pcap,udp_3358,udp,3358,Benign,Benign,Benign,Benign
Wednesday-14-02-2018_114.pcap,udp_3543,udp,3543,Benign,Benign,Benign,Benign
Wednesday-14-02-2018_114.pcap,udp_3535,udp,3535,Benign,Benign,Benign,Benign
Wednesday-14-02-2018_114.pcap,udp_2468,udp,2468,Benign,Benign,Benign,Benign
Wednesday-14-02-2018_114.pcap,tcp_2481,tcp,2481,Benign,Benign,Benign,Benign
Wednesday-14-02-2018_114.pcap,tcp_3111,tcp,3111,Benign,Benign,Benign,Benign
Wednesday-14-02-2018_114.pcap,udp_2870,udp,2870,Benign,Benign,Benign,Benign
Wednesday-14-02-2018_114.pcap,tcp_2484,tcp,2484,Benign,Benign,Benign,Benign
Wednesday-14-02-2018_114.pcap,udp_2471,udp,2471,Benign,Benign,Benign,Benign
Wednesday-14-02-2018_114.pcap,tcp_3521,tcp,3521,Benign,Benign,Benign,Benign
Wednesday-14-02-2018_114.pcap,udp_3501,udp,3501,Benign,Benign,Benign,Benign
Wednesday-14-02-2018_114.pcap,tcp_2488,tcp,2488,Benign,Benign,Benign,Benign
Wednesday-14-02-2018_114.pcap,tcp_2489,tcp,2489,Benign,Benign,Benign,Benign
Wednesday-14-02-2018_114.pcap,udp_2474,udp,2474,Benign,Benign,Benign,Benign
Wednesday-14-02-2018_114.pcap,udp_3269,udp,3269,Benign,Benign,Benign,Benign
Wednesday-14-02-2018_114.pcap,udp_3565,udp,3565,Benign,Benign,Benign,Benign
Wednesday-14-02-2018_114.pcap,udp_2477,udp,2477,Benign,Benign,Benign,Benign
Wednesday-14-02-2018_114.pcap,tcp_3296,tcp,3296,Benign,Benign,Benign,Benign
Wednesday-14-02-2018_114.pcap,tcp_2492,tcp,2492,Benign,Benign,Benign,Benign
Wednesday-14-02-2018_114.pcap,tcp_2494,tcp,2494,Benign,Benign,Benign,Benign
Wednesday-14-02-2018_114.pcap,tcp_2495,tcp,2495,Benign,Benign,Benign,Benign
Wednesday-14-02-2018_114.pcap,tcp_2496,tcp,2496,Benign,Benign,Benign,Benign
Wednesday-14-02-2018_114.pcap,tcp_3386,tcp,3386,Benign,Benign,Benign,Benign
Wednesday-14-02-2018_114.pcap,udp_2847,udp,2847,Benign,Benign,Benign,Benign
Wednesday-14-02-2018_114.pcap,tcp_2499,tcp,2499,Benign,Benign,Benign,Benign
Wednesday-14-02-2018_114.pcap,tcp_2501,tcp,2501,Benign,Benign,Benign,Benign
Wednesday-14-02-2018_114.pcap,udp_3087,udp,3087,Benign,Benign,Benign,Benign
Wednesday-14-02-2018_114.pcap,udp_3314,udp,3314,Benign,Benign,Benign,Benign
Wednesday-14-02-2018_114.pcap,tcp_3457,tcp,3457,Benign,Benign,Benign,Benign
Wednesday-14-02-2018_114.pcap,tcp_2505,tcp,2505,Benign,Benign,Benign,Benign
Wednesday-14-02-2018_114.pcap,udp_2813,udp,2813,Benign,Benign,Benign,Benign
Wednesday-14-02-2018_114.pcap,tcp_2507,tcp,2507,Benign,Benign,Benign,Benign
Wednesday-14-02-2018_114.pcap,udp_3001,udp,3001,Benign,Benign,Benign,Benign
Wednesday-14-02-2018_114.pcap,udp_3396,udp,3396,Benign,Benign,Benign,Benign
Wednesday-14-02-2018_114.pcap,tcp_2511,tcp,2511,Benign,Benign,Benign,Benign
Wednesday-14-02-2018_114.pcap,tcp_3219,tcp,3219,Benign,Benign,Benign,Benign
Wednesday-14-02-2018_114.pcap,tcp_3471,tcp,3471,Benign,Benign,Benign,Benign
Wednesday-14-02-2018_114.pcap,udp_3310,udp,3310,Benign,Benign,Benign,Benign
Wednesday-14-02-2018_114.pcap,tcp_2516,tcp,2516,Benign,Benign,Benign,Benign
Wednesday-14-02-2018_114.pcap,tcp_2517,tcp,2517,Benign,Benign,Benign,Benign
Wednesday-14-02-2018_114.pcap,udp_2717,udp,2717,Benign,Benign,Benign,Benign
Wednesday-14-02-2018_114.pcap,udp_2479,udp,2479,Benign,Benign,Benign,Benign
Wednesday-14-02-2018_114.pcap,tcp_2924,tcp,2924,Benign,Benign,Benign,Benign
Wednesday-14-02-2018_114.pcap,tcp_3312,tcp,3312,Benign,Benign,Benign,Benign
Wednesday-14-02-2018_114.pcap,udp_2481,udp,2481,Benign,Benign,Benign,Benign
Wednesday-14-02-2018_114.pcap,tcp_2519,tcp,2519,Benign,Benign,Benign,Benign
Wednesday-14-02-2018_114.pcap,tcp_3000,tcp,3000,Benign,Benign,Benign,Benign
Wednesday-14-02-2018_114.pcap,tcp_2520,tcp,2520,Benign,Benign,Benign,Benign
Wednesday-14-02-2018_114.pcap,udp_3571,udp,3571,Benign,Benign,Benign,Benign
Wednesday-14-02-2018_114.pcap,udp_3365,udp,3365,Benign,Benign,Benign,Benign
Wednesday-14-02-2018_114.pcap,udp_2932,udp,2932,Benign,Benign,Benign,Benign
Wednesday-14-02-2018_114.pcap,udp_3528,udp,3528,Benign,Benign,Benign,Benign
Wednesday-14-02-2018_114.pcap,udp_3449,udp,3449,Benign,Benign,Benign,Benign
Wednesday-14-02-2018_114.pcap,tcp_3540,tcp,3540,Benign,Benign,Benign,Benign
Wednesday-14-02-2018_114.pcap,udp_2489,udp,2489,Benign,Benign,Benign,Benign
Wednesday-14-02-2018_114.pcap,udp_2490,udp,2490,Benign,Benign,Benign,Benign
Wednesday-14-02-2018_114.pcap,tcp_3165,tcp,3165,Benign,Benign,Benign,Benign
Wednesday-14-02-2018_114.pcap,tcp_2523,tcp,2523,Benign,Benign,Benign,Benign
Wednesday-14-02-2018_114.pcap,tcp_2822,tcp,2822,Benign,Benign,Benign,Benign
Wednesday-14-02-2018_114.pcap,udp_2491,udp,2491,Benign,Benign,Benign,Benign
Wednesday-14-02-2018_114.pcap,tcp_2526,tcp,2526,Benign,Benign,Benign,Benign
Wednesday-14-02-2018_114.pcap,udp_3569,udp,3569,Benign,Benign,Benign,Benign
Wednesday-14-02-2018_114.pcap,tcp_2527,tcp,2527,Benign,Benign,Benign,Benign
Wednesday-14-02-2018_114.pcap,udp_3104,udp,3104,Benign,Benign,Benign,Benign
Wednesday-14-02-2018_114.pcap,tcp_3453,tcp,3453,Benign,Benign,Benign,Benign
Wednesday-14-02-2018_114.pcap,tcp_2887,tcp,2887,Benign,Benign,Benign,Benign
Wednesday-14-02-2018_114.pcap,udp_2496,udp,2496,Benign,Benign,Benign,Benign
Wednesday-14-02-2018_114.pcap,tcp_2531,tcp,2531,Benign,Benign,Benign,Benign
Wednesday-14-02-2018_114.pcap,udp_2497,udp,2497,Benign,Benign,Benign,Benign
Wednesday-14-02-2018_114.pcap,tcp_2981,tcp,2981,Benign,Benign,Benign,Benign
Wednesday-14-02-2018_114.pcap,tcp_2740,tcp,2740,Benign,Benign,Benign,Benign
Wednesday-14-02-2018_114.pcap,udp_2499,udp,2499,Benign,Benign,Benign,Benign
Wednesday-14-02-2018_114.pcap,tcp_3148,tcp,3148,Benign,Benign,Benign,Benign
Wednesday-14-02-2018_114.pcap,udp_3328,udp,3328,Benign,Benign,Benign,Benign
Wednesday-14-02-2018_114.pcap,udp_2502,udp,2502,Benign,Benign,Benign,Benign
Wednesday-14-02-2018_114.pcap,tcp_3411,tcp,3411,Benign,Benign,Benign,Benign
Wednesday-14-02-2018_114.pcap,udp_2503,udp,2503,Benign,Benign,Benign,Benign
Wednesday-14-02-2018_114.pcap,udp_2875,udp,2875,Benign,Benign,Benign,Benign
Wednesday-14-02-2018_114.pcap,tcp_3594,tcp,3594,Benign,Benign,Benign,Benign
Wednesday-14-02-2018_114.pcap,udp_2505,udp,2505,Benign,Benign,Benign,Benign
Wednesday-14-02-2018_114.pcap,tcp_2870,tcp,2870,Benign,Benign,Benign,Benign
Wednesday-14-02-2018_114.pcap,tcp_3038,tcp,3038,Benign,Benign,Benign,Benign
Wednesday-14-02-2018_114.pcap,tcp_2926,tcp,2926,Benign,Benign,Benign,Benign
Wednesday-14-02-2018_114.pcap,tcp_3425,tcp,3425,Benign,Benign,Benign,Benign
Wednesday-14-02-2018_114.pcap,tcp_3701,tcp,3701,Benign,Benign,Benign,Benign
Wednesday-14-02-2018_114.pcap,tcp_2539,tcp,2539,Benign,Benign,Benign,Benign
Wednesday-14-02-2018_114.pcap,tcp_2542,tcp,2542,Benign,Benign,Benign,Benign
Wednesday-14-02-2018_114.pcap,tcp_2543,tcp,2543,Benign,Benign,Benign,Benign
Wednesday-14-02-2018_114.pcap,tcp_2635,tcp,2635,Benign,Benign,Benign,Benign
Wednesday-14-02-2018_114.pcap,udp_3435,udp,3435,Benign,Benign,Benign,Benign
Wednesday-14-02-2018_114.pcap,tcp_3009,tcp,3009,Benign,Benign,Benign,Benign
Wednesday-14-02-2018_114.pcap,tcp_3318,tcp,3318,Benign,Benign,Benign,Benign
Wednesday-14-02-2018_114.pcap,udp_3554,udp,3554,Benign,Benign,Benign,Benign
Wednesday-14-02-2018_114.pcap,udp_2960,udp,2960,Benign,Benign,Benign,Benign
Wednesday-14-02-2018_114.pcap,udp_3573,udp,3573,Benign,Benign,Benign,Benign
Wednesday-14-02-2018_114.pcap,udp_2517,udp,2517,Benign,Benign,Benign,Benign
Wednesday-14-02-2018_114.pcap,udp_3371,udp,3371,Benign,Benign,Benign,Benign
Wednesday-14-02-2018_114.pcap,tcp_2548,tcp,2548,Benign,Benign,Benign,Benign
Wednesday-14-02-2018_114.pcap,udp_2519,udp,2519,Benign,Benign,Benign,Benign
Wednesday-14-02-2018_114.pcap,tcp_3550,tcp,3550,Benign,Benign,Benign,Benign
Wednesday-14-02-2018_114.pcap,udp_2521,udp,2521,Benign,Benign,Benign,Benign
Wednesday-14-02-2018_114.pcap,udp_2522,udp,2522,Benign,Benign,Benign,Benign
Wednesday-14-02-2018_114.pcap,udp_2523,udp,2523,Benign,Benign,Benign,Benign
Wednesday-14-02-2018_114.pcap,udp_2524,udp,2524,Benign,Benign,Benign,Benign
Wednesday-14-02-2018_114.pcap,udp_2525,udp,2525,Benign,Benign,Benign,Benign
Wednesday-14-02-2018_114.pcap,tcp_2650,tcp,2650,Benign,Benign,Benign,Benign
Wednesday-14-02-2018_114.pcap,udp_2527,udp,2527,Benign,Benign,Benign,Benign
Wednesday-14-02-2018_114.pcap,udp_2529,udp,2529,Benign,Benign,Benign,Benign
Wednesday-14-02-2018_114.pcap,udp_3369,udp,3369,Benign,Benign,Benign,Benign
Wednesday-14-02-2018_114.pcap,tcp_3641,tcp,3641,Benign,Benign,Benign,Benign
Wednesday-14-02-2018_114.pcap,tcp_3112,tcp,3112,Benign,Benign,Benign,Benign
Wednesday-14-02-2018_114.pcap,udp_2536,udp,2536,Benign,Benign,Benign,Benign
Wednesday-14-02-2018_114.pcap,udp_2793,udp,2793,Benign,Benign,Benign,Benign
Wednesday-14-02-2018_114.pcap,udp_3536,udp,3536,Benign,Benign,Benign,Benign
Wednesday-14-02-2018_114.pcap,udp_2539,udp,2539,Benign,Benign,Benign,Benign
Wednesday-14-02-2018_114.pcap,udp_3012,udp,3012,Benign,Benign,Benign,Benign
Wednesday-14-02-2018_114.pcap,udp_3167,udp,3167,Benign,Benign,Benign,Benign
Wednesday-14-02-2018_114.pcap,udp_2543,udp,2543,Benign,Benign,Benign,Benign
Wednesday-14-02-2018_114.pcap,udp_2544,udp,2544,Benign,Benign,Benign,Benign
Wednesday-14-02-2018_114.pcap,tcp_3231,tcp,3231,Benign,Benign,Benign,Benign
Wednesday-14-02-2018_114.pcap,udp_2546,udp,2546,Benign,Benign,Benign,Benign
Wednesday-14-02-2018_114.pcap,udp_2548,udp,2548,Benign,Benign,Benign,Benign
Wednesday-14-02-2018_114.pcap,udp_3275,udp,3275,Benign,Benign,Benign,Benign
Wednesday-14-02-2018_114.pcap,udp_2550,udp,2550,Benign,Benign,Benign,Benign
Wednesday-14-02-2018_114.pcap,udp_3045,udp,3045,Benign,Benign,Benign,Benign
Wednesday-14-02-2018_114.pcap,udp_2553,udp,2553,Benign,Benign,Benign,Benign
Wednesday-14-02-2018_114.pcap,udp_3416,udp,3416,Benign,Benign,Benign,Benign
Wednesday-14-02-2018_114.pcap,tcp_2677,tcp,2677,Benign,Benign,Benign,Benign
Wednesday-14-02-2018_114.pcap,udp_2557,udp,2557,Benign,Benign,Benign,Benign
Wednesday-14-02-2018_114.pcap,udp_3112,udp,3112,Benign,Benign,Benign,Benign
Wednesday-14-02-2018_114.pcap,udp_2884,udp,2884,Benign,Benign,Benign,Benign
Wednesday-14-02-2018_114.pcap,udp_3006,udp,3006,Benign,Benign,Benign,Benign
Wednesday-14-02-2018_114.pcap,tcp_3593,tcp,3593,Benign,Benign,Benign,Benign
Wednesday-14-02-2018_114.pcap,tcp_2664,tcp,2664,Benign,Benign,Benign,Benign
Wednesday-14-02-2018_114.pcap,udp_3510,udp,3510,Benign,Benign,Benign,Benign
Wednesday-14-02-2018_114.pcap,udp_2872,udp,2872,Benign,Benign,Benign,Benign
Wednesday-14-02-2018_114.pcap,udp_2560,udp,2560,Benign,Benign,Benign,Benign
Wednesday-14-02-2018_114.pcap,tcp_2558,tcp,2558,Benign,Benign,Benign,Benign
Wednesday-14-02-2018_114.pcap,tcp_2795,tcp,2795,Benign,Benign,Benign,Benign
Wednesday-14-02-2018_114.pcap,tcp_3044,tcp,3044,Benign,Benign,Benign,Benign
Wednesday-14-02-2018_114.pcap,tcp_2774,tcp,2774,Benign,Benign,Benign,Benign
Wednesday-14-02-2018_114.pcap,tcp_3417,tcp,3417,Benign,Benign,Benign,Benign
Wednesday-14-02-2018_114.pcap,udp_2562,udp,2562,Benign,Benign,Benign,Benign
Wednesday-14-02-2018_114.pcap,tcp_2896,tcp,2896,Benign,Benign,Benign,Benign
Wednesday-14-02-2018_114.pcap,udp_2564,udp,2564,Benign,Benign,Benign,Benign
Wednesday-14-02-2018_114.pcap,tcp_2833,tcp,2833,Benign,Benign,Benign,Benign
Wednesday-14-02-2018_114.pcap,tcp_2813,tcp,2813,Benign,Benign,Benign,Benign
Wednesday-14-02-2018_114.pcap,tcp_2564,tcp,2564,Benign,Benign,Benign,Benign
Wednesday-14-02-2018_114.pcap,udp_3459,udp,3459,Benign,Benign,Benign,Benign
Wednesday-14-02-2018_114.pcap,udp_3193,udp,3193,Benign,Benign,Benign,Benign
Wednesday-14-02-2018_114.pcap,tcp_3579,tcp,3579,Benign,Benign,Benign,Benign
Wednesday-14-02-2018_114.pcap,udp_2860,udp,2860,Benign,Benign,Benign,Benign
Wednesday-14-02-2018_114.pcap,udp_2837,udp,2837,Benign,Benign,Benign,Benign
Wednesday-14-02-2018_114.pcap,udp_3145,udp,3145,Benign,Benign,Benign,Benign
Wednesday-14-02-2018_114.pcap,tcp_3712,tcp,3712,Benign,Benign,Benign,Benign
Wednesday-14-02-2018_114.pcap,udp_2573,udp,2573,Benign,Benign,Benign,Benign
Wednesday-14-02-2018_114.pcap,tcp_3097,tcp,3097,Benign,Benign,Benign,Benign
Wednesday-14-02-2018_114.pcap,udp_3513,udp,3513,Benign,Benign,Benign,Benign
Wednesday-14-02-2018_114.pcap,tcp_2799,tcp,2799,Benign,Benign,Benign,Benign
Wednesday-14-02-2018_114.pcap,udp_2577,udp,2577,Benign,Benign,Benign,Benign
Wednesday-14-02-2018_114.pcap,udp_3098,udp,3098,Benign,Benign,Benign,Benign
Wednesday-14-02-2018_114.pcap,udp_2722,udp,2722,Benign,Benign,Benign,Benign
Wednesday-14-02-2018_114.pcap,udp_2579,udp,2579,Benign,Benign,Benign,Benign
Wednesday-14-02-2018_114.pcap,udp_2815,udp,2815,Benign,Benign,Benign,Benign
Wednesday-14-02-2018_114.pcap,tcp_3011,tcp,3011,Benign,Benign,Benign,Benign
Wednesday-14-02-2018_114.pcap,tcp_3124,tcp,3124,Benign,Benign,Benign,Benign
Wednesday-14-02-2018_114.pcap,udp_3146,udp,3146,Benign,Benign,Benign,Benign
Wednesday-14-02-2018_114.pcap,udp_3029,udp,3029,Benign,Benign,Benign,Benign
Wednesday-14-02-2018_114.pcap,udp_3251,udp,3251,Benign,Benign,Benign,Benign
Wednesday-14-02-2018_114.pcap,udp_2587,udp,2587,Benign,Benign,Benign,Benign
Wednesday-14-02-2018_114.pcap,udp_3464,udp,3464,Benign,Benign,Benign,Benign
Wednesday-14-02-2018_114.pcap,udp_2589,udp,2589,Benign,Benign,Benign,Benign
Wednesday-14-02-2018_114.pcap,udp_2590,udp,2590,Benign,Benign,Benign,Benign
Wednesday-14-02-2018_114.pcap,udp_2591,udp,2591,Benign,Benign,Benign,Benign
Wednesday-14-02-2018_114.pcap,tcp_3270,tcp,3270,Benign,Benign,Benign,Benign
Wednesday-14-02-2018_114.pcap,udp_3050,udp,3050,Benign,Benign,Benign,Benign
Wednesday-14-02-2018_114.pcap,udp_2916,udp,2916,Benign,Benign,Benign,Benign
Wednesday-14-02-2018_114.pcap,udp_2595,udp,2595,Benign,Benign,Benign,Benign
Wednesday-14-02-2018_114.pcap,udp_2597,udp,2597,Benign,Benign,Benign,Benign
Wednesday-14-02-2018_114.pcap,udp_2598,udp,2598,Benign,Benign,Benign,Benign
Wednesday-14-02-2018_114.pcap,udp_3418,udp,3418,Benign,Benign,Benign,Benign
Wednesday-14-02-2018_114.pcap,udp_3257,udp,3257,Benign,Benign,Benign,Benign
Wednesday-14-02-2018_114.pcap,tcp_2576,tcp,2576,Benign,Benign,Benign,Benign
Wednesday-14-02-2018_114.pcap,tcp_2577,tcp,2577,Benign,Benign,Benign,Benign
Wednesday-14-02-2018_114.pcap,udp_3415,udp,3415,Benign,Benign,Benign,Benign
Wednesday-14-02-2018_114.pcap,tcp_3569,tcp,3569,Benign,Benign,Benign,Benign
Wednesday-14-02-2018_114.pcap,tcp_2698,tcp,2698,Benign,Benign,Benign,Benign
Wednesday-14-02-2018_114.pcap,tcp_3309,tcp,3309,Benign,Benign,Benign,Benign
Wednesday-14-02-2018_114.pcap,tcp_3013,tcp,3013,Benign,Benign,Benign,Benign
Wednesday-14-02-2018_114.pcap,udp_3265,udp,3265,Benign,Benign,Benign,Benign
Wednesday-14-02-2018_114.pcap,udp_2599,udp,2599,Benign,Benign,Benign,Benign
Wednesday-14-02-2018_114.pcap,udp_3470,udp,3470,Benign,Benign,Benign,Benign
Wednesday-14-02-2018_114.pcap,tcp_3715,tcp,3715,Benign,Benign,Benign,Benign
Wednesday-14-02-2018_114.pcap,tcp_3158,tcp,3158,Benign,Benign,Benign,Benign
Wednesday-14-02-2018_114.pcap,tcp_2863,tcp,2863,Benign,Benign,Benign,Benign
Wednesday-14-02-2018_114.pcap,tcp_2589,tcp,2589,Benign,Benign,Benign,Benign
Wednesday-14-02-2018_114.pcap,udp_3431,udp,3431,Benign,Benign,Benign,Benign
Wednesday-14-02-2018_114.pcap,tcp_2997,tcp,2997,Benign,Benign,Benign,Benign
Wednesday-14-02-2018_114.pcap,udp_2603,udp,2603,Benign,Benign,Benign,Benign
Wednesday-14-02-2018_114.pcap,udp_3298,udp,3298,Benign,Benign,Benign,Benign
Wednesday-14-02-2018_114.pcap,tcp_3039,tcp,3039,Benign,Benign,Benign,Benign
Wednesday-14-02-2018_114.pcap,tcp_3477,tcp,3477,Benign,Benign,Benign,Benign
Wednesday-14-02-2018_114.pcap,tcp_2856,tcp,2856,Benign,Benign,Benign,Benign
Wednesday-14-02-2018_114.pcap,tcp_3070,tcp,3070,Benign,Benign,Benign,Benign
Wednesday-14-02-2018_114.pcap,tcp_3490,tcp,3490,Benign,Benign,Benign,Benign
Wednesday-14-02-2018_114.pcap,tcp_3736,tcp,3736,Benign,Benign,Benign,Benign
Wednesday-14-02-2018_114.pcap,tcp_2593,tcp,2593,Benign,Benign,Benign,Benign
Wednesday-14-02-2018_114.pcap,tcp_3501,tcp,3501,Benign,Benign,Benign,Benign
Wednesday-14-02-2018_114.pcap,udp_3086,udp,3086,Benign,Benign,Benign,Benign
Wednesday-14-02-2018_114.pcap,tcp_3586,tcp,3586,Benign,Benign,Benign,Benign
Wednesday-14-02-2018_114.pcap,tcp_3709,tcp,3709,Benign,Benign,Benign,Benign
Wednesday-14-02-2018_114.pcap,tcp_2758,tcp,2758,Benign,Benign,Benign,Benign
Wednesday-14-02-2018_114.pcap,udp_2613,udp,2613,Benign,Benign,Benign,Benign
Wednesday-14-02-2018_114.pcap,udp_3074,udp,3074,Benign,Benign,Benign,Benign
Wednesday-14-02-2018_114.pcap,tcp_3606,tcp,3606,Benign,Benign,Benign,Benign
Wednesday-14-02-2018_114.pcap,tcp_3351,tcp,3351,Benign,Benign,Benign,Benign
Wednesday-14-02-2018_114.pcap,tcp_2598,tcp,2598,Benign,Benign,Benign,Benign
Wednesday-14-02-2018_114.pcap,tcp_2599,tcp,2599,Benign,Benign,Benign,Benign
Wednesday-14-02-2018_114.pcap,udp_3186,udp,3186,Benign,Benign,Benign,Benign
Wednesday-14-02-2018_114.pcap,udp_3260,udp,3260,Benign,Benign,Benign,Benign
Wednesday-14-02-2018_114.pcap,udp_2617,udp,2617,Benign,Benign,Benign,Benign
Wednesday-14-02-2018_114.pcap,udp_3208,udp,3208,Benign,Benign,Benign,Benign
Wednesday-14-02-2018_114.pcap,tcp_3645,tcp,3645,Benign,Benign,Benign,Benign
Wednesday-14-02-2018_114.pcap,udp_2698,udp,2698,Benign,Benign,Benign,Benign
Wednesday-14-02-2018_114.pcap,tcp_3679,tcp,3679,Benign,Benign,Benign,Benign
Wednesday-14-02-2018_114.pcap,udp_2619,udp,2619,Benign,Benign,Benign,Benign
Wednesday-14-02-2018_114.pcap,udp_2620,udp,2620,Benign,Benign,Benign,Benign
Wednesday-14-02-2018_114.pcap,udp_2621,udp,2621,Benign,Benign,Benign,Benign
Wednesday-14-02-2018_114.pcap,udp_2622,udp,2622,Benign,Benign,Benign,Benign
Wednesday-14-02-2018_114.pcap,udp_2623,udp,2623,Benign,Benign,Benign,Benign
Wednesday-14-02-2018_114.pcap,tcp_2880,tcp,2880,Benign,Benign,Benign,Benign
Wednesday-14-02-2018_114.pcap,udp_3343,udp,3343,Benign,Benign,Benign,Benign
Wednesday-14-02-2018_114.pcap,udp_3211,udp,3211,Benign,Benign,Benign,Benign
Wednesday-14-02-2018_114.pcap,tcp_2609,tcp,2609,Benign,Benign,Benign,Benign
Wednesday-14-02-2018_114.pcap,udp_2997,udp,2997,Benign,Benign,Benign,Benign
Wednesday-14-02-2018_114.pcap,udp_2625,udp,2625,Benign,Benign,Benign,Benign
Wednesday-14-02-2018_114.pcap,udp_2958,udp,2958,Benign,Benign,Benign,Benign
Wednesday-14-02-2018_114.pcap,udp_2627,udp,2627,Benign,Benign,Benign,Benign
Wednesday-14-02-2018_114.pcap,udp_3511,udp,3511,Benign,Benign,Benign,Benign
Wednesday-14-02-2018_114.pcap,tcp_3438,tcp,3438,Benign,Benign,Benign,Benign
Wednesday-14-02-2018_114.pcap,tcp_3708,tcp,3708,Benign,Benign,Benign,Benign
Wednesday-14-02-2018_114.pcap,udp_3002,udp,3002,Benign,Benign,Benign,Benign
Wednesday-14-02-2018_114.pcap,udp_3539,udp,3539,Benign,Benign,Benign,Benign
Wednesday-14-02-2018_114.pcap,udp_2867,udp,2867,Benign,Benign,Benign,Benign
Wednesday-14-02-2018_114.pcap,udp_3286,udp,3286,Benign,Benign,Benign,Benign
Wednesday-14-02-2018_114.pcap,udp_2632,udp,2632,Benign,Benign,Benign,Benign
Wednesday-14-02-2018_114.pcap,udp_3479,udp,3479,Benign,Benign,Benign,Benign
Wednesday-14-02-2018_114.pcap,tcp_3718,tcp,3718,Benign,Benign,Benign,Benign
Wednesday-14-02-2018_114.pcap,udp_3330,udp,3330,Benign,Benign,Benign,Benign
Wednesday-14-02-2018_114.pcap,tcp_3549,tcp,3549,Benign,Benign,Benign,Benign
Wednesday-14-02-2018_114.pcap,udp_2639,udp,2639,Benign,Benign,Benign,Benign
Wednesday-14-02-2018_114.pcap,tcp_3305,tcp,3305,Benign,Benign,Benign,Benign
Wednesday-14-02-2018_114.pcap,udp_3043,udp,3043,Benign,Benign,Benign,Benign
Wednesday-14-02-2018_114.pcap,udp_2642,udp,2642,Benign,Benign,Benign,Benign
Wednesday-14-02-2018_114.pcap,udp_2643,udp,2643,Benign,Benign,Benign,Benign
Wednesday-14-02-2018_114.pcap,udp_2644,udp,2644,Benign,Benign,Benign,Benign
Wednesday-14-02-2018_114.pcap,udp_2646,udp,2646,Benign,Benign,Benign,Benign
Wednesday-14-02-2018_114.pcap,tcp_3405,tcp,3405,Benign,Benign,Benign,Benign
Wednesday-14-02-2018_114.pcap,udp_2648,udp,2648,Benign,Benign,Benign,Benign
Wednesday-14-02-2018_114.pcap,udp_2650,udp,2650,Benign,Benign,Benign,Benign
Wednesday-14-02-2018_114.pcap,tcp_3458,tcp,3458,Benign,Benign,Benign,Benign
Wednesday-14-02-2018_114.pcap,udp_3374,udp,3374,Benign,Benign,Benign,Benign
Wednesday-14-02-2018_114.pcap,tcp_3061,tcp,3061,Benign,Benign,Benign,Benign
Wednesday-14-02-2018_114.pcap,udp_2654,udp,2654,Benign,Benign,Benign,Benign
Wednesday-14-02-2018_114.pcap,udp_2953,udp,2953,Benign,Benign,Benign,Benign
Wednesday-14-02-2018_114.pcap,tcp_3625,tcp,3625,Benign,Benign,Benign,Benign
Wednesday-14-02-2018_114.pcap,udp_3305,udp,3305,Benign,Benign,Benign,Benign
Wednesday-14-02-2018_114.pcap,tcp_2988,tcp,2988,Benign,Benign,Benign,Benign
Wednesday-14-02-2018_114.pcap,tcp_2620,tcp,2620,Benign,Benign,Benign,Benign
Wednesday-14-02-2018_114.pcap,tcp_2621,tcp,2621,Benign,Benign,Benign,Benign
Wednesday-14-02-2018_114.pcap,udp_3021,udp,3021,Benign,Benign,Benign,Benign
Wednesday-14-02-2018_114.pcap,tcp_3036,tcp,3036,Benign,Benign,Benign,Benign
Wednesday-14-02-2018_114.pcap,tcp_3255,tcp,3255,Benign,Benign,Benign,Benign
Wednesday-14-02-2018_114.pcap,tcp_2625,tcp,2625,Benign,Benign,Benign,Benign
Wednesday-14-02-2018_114.pcap,tcp_3326,tcp,3326,Benign,Benign,Benign,Benign
Wednesday-14-02-2018_114.pcap,udp_2662,udp,2662,Benign,Benign,Benign,Benign
Wednesday-14-02-2018_114.pcap,tcp_2702,tcp,2702,Benign,Benign,Benign,Benign
Wednesday-14-02-2018_114.pcap,tcp_3442,tcp,3442,Benign,Benign,Benign,Benign
Wednesday-14-02-2018_114.pcap,udp_3183,udp,3183,Benign,Benign,Benign,Benign
Wednesday-14-02-2018_114.pcap,tcp_3300,tcp,3300,Benign,Benign,Benign,Benign
Wednesday-14-02-2018_114.pcap,tcp_3093,tcp,3093,Benign,Benign,Benign,Benign
Wednesday-14-02-2018_114.pcap,udp_3182,udp,3182,Benign,Benign,Benign,Benign
Wednesday-14-02-2018_114.pcap,tcp_2632,tcp,2632,Benign,Benign,Benign,Benign
Wednesday-14-02-2018_114.pcap,udp_2666,udp,2666,Benign,Benign,Benign,Benign
Wednesday-14-02-2018_114.pcap,udp_2667,udp,2667,Benign,Benign,Benign,Benign
Wednesday-14-02-2018_114.pcap,udp_2702,udp,2702,Benign,Benign,Benign,Benign
Wednesday-14-02-2018_114.pcap,tcp_3575,tcp,3575,Benign,Benign,Benign,Benign
Wednesday-14-02-2018_114.pcap,udp_2671,udp,2671,Benign,Benign,Benign,Benign
Wednesday-14-02-2018_114.pcap,tcp_3430,tcp,3430,Benign,Benign,Benign,Benign
Wednesday-14-02-2018_114.pcap,tcp_2633,tcp,2633,Benign,Benign,Benign,Benign
Wednesday-14-02-2018_114.pcap,udp_2674,udp,2674,Benign,Benign,Benign,Benign
Wednesday-14-02-2018_114.pcap,udp_3177,udp,3177,Benign,Benign,Benign,Benign
Wednesday-14-02-2018_114.pcap,tcp_2891,tcp,2891,Benign,Benign,Benign,Benign
Wednesday-14-02-2018_26.pcap,udp_22,udp,22,Benign,Benign,Benign,Benign
Thursday-22-02-2018_209.pcap,tcp_4775,tcp,4775,Benign,Benign,Benign,Benign
Friday-23-02-2018_35.pcap,tcp_3865,tcp,3865,Benign,Benign,Benign,Benign
Wednesday-14-02-2018_448.pcap,tcp_2762,tcp,2762,FTP-Patator,Malware,Patator,FTP-Patator
Wednesday-14-02-2018_448.pcap,tcp_3016,tcp,3016,FTP-Patator,Malware,Patator,FTP-Patator
Wednesday-14-02-2018_448.pcap,tcp_1603,tcp,1603,FTP-Patator,Malware,Patator,FTP-Patator
Wednesday-14-02-2018_448.pcap,tcp_340,tcp,340,FTP-Patator,Malware,Patator,FTP-Patator
Wednesday-14-02-2018_448.pcap,tcp_1455,tcp,1455,FTP-Patator,Malware,Patator,FTP-Patator
Wednesday-14-02-2018_448.pcap,tcp_1960,tcp,1960,FTP-Patator,Malware,Patator,FTP-Patator
Wednesday-14-02-2018_448.pcap,tcp_3317,tcp,3317,FTP-Patator,Malware,Patator,FTP-Patator
Wednesday-14-02-2018_448.pcap,tcp_3171,tcp,3171,FTP-Patator,Malware,Patator,FTP-Patator
Wednesday-14-02-2018_448.pcap,tcp_1381,tcp,1381,FTP-Patator,Malware,Patator,FTP-Patator
Wednesday-14-02-2018_448.pcap,tcp_2251,tcp,2251,FTP-Patator,Malware,Patator,FTP-Patator
Wednesday-14-02-2018_448.pcap,tcp_2982,tcp,2982,FTP-Patator,Malware,Patator,FTP-Patator
Wednesday-14-02-2018_448.pcap,tcp_350,tcp,350,FTP-Patator,Malware,Patator,FTP-Patator
Wednesday-14-02-2018_448.pcap,tcp_1633,tcp,1633,FTP-Patator,Malware,Patator,FTP-Patator
Wednesday-14-02-2018_448.pcap,tcp_3106,tcp,3106,FTP-Patator,Malware,Patator,FTP-Patator
Wednesday-14-02-2018_448.pcap,tcp_2634,tcp,2634,FTP-Patator,Malware,Patator,FTP-Patator
Wednesday-14-02-2018_448.pcap,tcp_1435,tcp,1435,FTP-Patator,Malware,Patator,FTP-Patator
Wednesday-14-02-2018_448.pcap,tcp_1361,tcp,1361,FTP-Patator,Malware,Patator,FTP-Patator
Wednesday-14-02-2018_448.pcap,tcp_1418,tcp,1418,FTP-Patator,Malware,Patator,FTP-Patator
Wednesday-14-02-2018_448.pcap,tcp_1733,tcp,1733,FTP-Patator,Malware,Patator,FTP-Patator
Wednesday-14-02-2018_448.pcap,tcp_2703,tcp,2703,FTP-Patator,Malware,Patator,FTP-Patator
Wednesday-14-02-2018_448.pcap,tcp_361,tcp,361,FTP-Patator,Malware,Patator,FTP-Patator
Wednesday-14-02-2018_448.pcap,tcp_362,tcp,362,FTP-Patator,Malware,Patator,FTP-Patator
Wednesday-14-02-2018_448.pcap,tcp_2097,tcp,2097,FTP-Patator,Malware,Patator,FTP-Patator
Wednesday-14-02-2018_448.pcap,tcp_1657,tcp,1657,FTP-Patator,Malware,Patator,FTP-Patator
Wednesday-14-02-2018_448.pcap,tcp_2972,tcp,2972,FTP-Patator,Malware,Patator,FTP-Patator
Wednesday-14-02-2018_448.pcap,tcp_366,tcp,366,FTP-Patator,Malware,Patator,FTP-Patator
Wednesday-14-02-2018_448.pcap,tcp_2291,tcp,2291,FTP-Patator,Malware,Patator,FTP-Patator
Wednesday-14-02-2018_448.pcap,tcp_2948,tcp,2948,FTP-Patator,Malware,Patator,FTP-Patator
Wednesday-14-02-2018_448.pcap,tcp_370,tcp,370,FTP-Patator,Malware,Patator,FTP-Patator
Wednesday-14-02-2018_448.pcap,tcp_371,tcp,371,FTP-Patator,Malware,Patator,FTP-Patator
Wednesday-14-02-2018_448.pcap,tcp_3227,tcp,3227,FTP-Patator,Malware,Patator,FTP-Patator
Wednesday-14-02-2018_448.pcap,tcp_3188,tcp,3188,FTP-Patator,Malware,Patator,FTP-Patator
Wednesday-14-02-2018_448.pcap,tcp_1771,tcp,1771,FTP-Patator,Malware,Patator,FTP-Patator
Wednesday-14-02-2018_448.pcap,tcp_3023,tcp,3023,FTP-Patator,Malware,Patator,FTP-Patator
Wednesday-14-02-2018_448.pcap,tcp_376,tcp,376,FTP-Patator,Malware,Patator,FTP-Patator
Wednesday-14-02-2018_448.pcap,tcp_1693,tcp,1693,FTP-Patator,Malware,Patator,FTP-Patator
Wednesday-14-02-2018_448.pcap,tcp_1861,tcp,1861,FTP-Patator,Malware,Patator,FTP-Patator
Wednesday-14-02-2018_448.pcap,tcp_1629,tcp,1629,FTP-Patator,Malware,Patator,FTP-Patator
Wednesday-14-02-2018_448.pcap,tcp_382,tcp,382,FTP-Patator,Malware,Patator,FTP-Patator
Wednesday-14-02-2018_448.pcap,tcp_385,tcp,385,FTP-Patator,Malware,Patator,FTP-Patator
Wednesday-14-02-2018_448.pcap,tcp_386,tcp,386,FTP-Patator,Malware,Patator,FTP-Patator
Wednesday-14-02-2018_448.pcap,tcp_1454,tcp,1454,FTP-Patator,Malware,Patator,FTP-Patator
Wednesday-14-02-2018_448.pcap,tcp_1675,tcp,1675,FTP-Patator,Malware,Patator,FTP-Patator
Wednesday-14-02-2018_448.pcap,tcp_2599,tcp,2599,FTP-Patator,Malware,Patator,FTP-Patator
Wednesday-14-02-2018_448.pcap,tcp_3049,tcp,3049,FTP-Patator,Malware,Patator,FTP-Patator
Wednesday-14-02-2018_448.pcap,tcp_1978,tcp,1978,FTP-Patator,Malware,Patator,FTP-Patator
Wednesday-14-02-2018_448.pcap,tcp_392,tcp,392,FTP-Patator,Malware,Patator,FTP-Patator
Wednesday-14-02-2018_448.pcap,tcp_393,tcp,393,FTP-Patator,Malware,Patator,FTP-Patator
Wednesday-14-02-2018_448.pcap,tcp_2513,tcp,2513,FTP-Patator,Malware,Patator,FTP-Patator
Wednesday-14-02-2018_448.pcap,tcp_396,tcp,396,FTP-Patator,Malware,Patator,FTP-Patator
Wednesday-14-02-2018_448.pcap,tcp_2062,tcp,2062,FTP-Patator,Malware,Patator,FTP-Patator
Wednesday-14-02-2018_448.pcap,tcp_1503,tcp,1503,FTP-Patator,Malware,Patator,FTP-Patator
Wednesday-14-02-2018_448.pcap,tcp_2265,tcp,2265,FTP-Patator,Malware,Patator,FTP-Patator
Wednesday-14-02-2018_448.pcap,tcp_2670,tcp,2670,FTP-Patator,Malware,Patator,FTP-Patator
Wednesday-14-02-2018_448.pcap,tcp_1460,tcp,1460,FTP-Patator,Malware,Patator,FTP-Patator
Wednesday-14-02-2018_448.pcap,tcp_402,tcp,402,FTP-Patator,Malware,Patator,FTP-Patator
Wednesday-14-02-2018_448.pcap,tcp_2766,tcp,2766,FTP-Patator,Malware,Patator,FTP-Patator
Wednesday-14-02-2018_448.pcap,tcp_2923,tcp,2923,FTP-Patator,Malware,Patator,FTP-Patator
Wednesday-14-02-2018_448.pcap,tcp_2250,tcp,2250,FTP-Patator,Malware,Patator,FTP-Patator
Wednesday-14-02-2018_448.pcap,tcp_1806,tcp,1806,FTP-Patator,Malware,Patator,FTP-Patator
Wednesday-14-02-2018_448.pcap,tcp_2951,tcp,2951,FTP-Patator,Malware,Patator,FTP-Patator
Wednesday-14-02-2018_448.pcap,tcp_411,tcp,411,FTP-Patator,Malware,Patator,FTP-Patator
Wednesday-14-02-2018_448.pcap,tcp_2327,tcp,2327,FTP-Patator,Malware,Patator,FTP-Patator
Wednesday-14-02-2018_448.pcap,tcp_2159,tcp,2159,FTP-Patator,Malware,Patator,FTP-Patator
Wednesday-14-02-2018_448.pcap,tcp_1574,tcp,1574,FTP-Patator,Malware,Patator,FTP-Patator
Wednesday-14-02-2018_448.pcap,tcp_418,tcp,418,FTP-Patator,Malware,Patator,FTP-Patator
Wednesday-14-02-2018_448.pcap,tcp_1425,tcp,1425,FTP-Patator,Malware,Patator,FTP-Patator
Wednesday-14-02-2018_448.pcap,tcp_423,tcp,423,FTP-Patator,Malware,Patator,FTP-Patator
Wednesday-14-02-2018_448.pcap,tcp_2699,tcp,2699,FTP-Patator,Malware,Patator,FTP-Patator
Wednesday-14-02-2018_448.pcap,tcp_2045,tcp,2045,FTP-Patator,Malware,Patator,FTP-Patator
Wednesday-14-02-2018_448.pcap,tcp_1440,tcp,1440,FTP-Patator,Malware,Patator,FTP-Patator
Wednesday-14-02-2018_448.pcap,tcp_428,tcp,428,FTP-Patator,Malware,Patator,FTP-Patator
Wednesday-14-02-2018_448.pcap,tcp_429,tcp,429,FTP-Patator,Malware,Patator,FTP-Patator
Wednesday-14-02-2018_448.pcap,tcp_2819,tcp,2819,FTP-Patator,Malware,Patator,FTP-Patator
Wednesday-14-02-2018_448.pcap,tcp_1472,tcp,1472,FTP-Patator,Malware,Patator,FTP-Patator
Wednesday-14-02-2018_448.pcap,tcp_2233,tcp,2233,FTP-Patator,Malware,Patator,FTP-Patator
Wednesday-14-02-2018_448.pcap,tcp_433,tcp,433,FTP-Patator,Malware,Patator,FTP-Patator
Wednesday-14-02-2018_448.pcap,tcp_434,tcp,434,FTP-Patator,Malware,Patator,FTP-Patator
Wednesday-14-02-2018_448.pcap,tcp_2946,tcp,2946,FTP-Patator,Malware,Patator,FTP-Patator
Wednesday-14-02-2018_448.pcap,tcp_438,tcp,438,FTP-Patator,Malware,Patator,FTP-Patator
Wednesday-14-02-2018_448.pcap,tcp_3263,tcp,3263,FTP-Patator,Malware,Patator,FTP-Patator
Wednesday-14-02-2018_448.pcap,tcp_2911,tcp,2911,FTP-Patator,Malware,Patator,FTP-Patator
Wednesday-14-02-2018_448.pcap,tcp_2444,tcp,2444,FTP-Patator,Malware,Patator,FTP-Patator
Wednesday-14-02-2018_448.pcap,tcp_442,tcp,442,FTP-Patator,Malware,Patator,FTP-Patator
Wednesday-14-02-2018_448.pcap,tcp_2511,tcp,2511,FTP-Patator,Malware,Patator,FTP-Patator
Wednesday-14-02-2018_448.pcap,tcp_3086,tcp,3086,FTP-Patator,Malware,Patator,FTP-Patator
Wednesday-14-02-2018_448.pcap,tcp_1793,tcp,1793,FTP-Patator,Malware,Patator,FTP-Patator
Wednesday-14-02-2018_448.pcap,tcp_2870,tcp,2870,FTP-Patator,Malware,Patator,FTP-Patator
Wednesday-14-02-2018_448.pcap,tcp_2538,tcp,2538,FTP-Patator,Malware,Patator,FTP-Patator
Wednesday-14-02-2018_448.pcap,tcp_1641,tcp,1641,FTP-Patator,Malware,Patator,FTP-Patator
Wednesday-14-02-2018_448.pcap,tcp_1400,tcp,1400,FTP-Patator,Malware,Patator,FTP-Patator
Wednesday-14-02-2018_448.pcap,tcp_453,tcp,453,FTP-Patator,Malware,Patator,FTP-Patator
Wednesday-14-02-2018_448.pcap,tcp_454,tcp,454,FTP-Patator,Malware,Patator,FTP-Patator
Wednesday-14-02-2018_448.pcap,tcp_2539,tcp,2539,FTP-Patator,Malware,Patator,FTP-Patator
Wednesday-14-02-2018_448.pcap,tcp_456,tcp,456,FTP-Patator,Malware,Patator,FTP-Patator
Wednesday-14-02-2018_448.pcap,tcp_3179,tcp,3179,FTP-Patator,Malware,Patator,FTP-Patator
Wednesday-14-02-2018_448.pcap,tcp_1814,tcp,1814,FTP-Patator,Malware,Patator,FTP-Patator
Wednesday-14-02-2018_448.pcap,tcp_2824,tcp,2824,FTP-Patator,Malware,Patator,FTP-Patator
Wednesday-14-02-2018_448.pcap,tcp_1968,tcp,1968,FTP-Patator,Malware,Patator,FTP-Patator
Wednesday-14-02-2018_448.pcap,tcp_462,tcp,462,FTP-Patator,Malware,Patator,FTP-Patator
Wednesday-14-02-2018_448.pcap,tcp_2881,tcp,2881,FTP-Patator,Malware,Patator,FTP-Patator
Wednesday-14-02-2018_448.pcap,tcp_464,tcp,464,FTP-Patator,Malware,Patator,FTP-Patator
Wednesday-14-02-2018_448.pcap,tcp_1549,tcp,1549,FTP-Patator,Malware,Patator,FTP-Patator
Wednesday-14-02-2018_448.pcap,tcp_466,tcp,466,FTP-Patator,Malware,Patator,FTP-Patator
Wednesday-14-02-2018_448.pcap,tcp_2820,tcp,2820,FTP-Patator,Malware,Patator,FTP-Patator
Wednesday-14-02-2018_448.pcap,tcp_468,tcp,468,FTP-Patator,Malware,Patator,FTP-Patator
Wednesday-14-02-2018_448.pcap,tcp_1713,tcp,1713,FTP-Patator,Malware,Patator,FTP-Patator
Wednesday-14-02-2018_448.pcap,tcp_2774,tcp,2774,FTP-Patator,Malware,Patator,FTP-Patator
Wednesday-14-02-2018_448.pcap,tcp_2845,tcp,2845,FTP-Patator,Malware,Patator,FTP-Patator
Wednesday-14-02-2018_448.pcap,tcp_2889,tcp,2889,FTP-Patator,Malware,Patator,FTP-Patator
Wednesday-14-02-2018_448.pcap,tcp_1896,tcp,1896,FTP-Patator,Malware,Patator,FTP-Patator
Wednesday-14-02-2018_448.pcap,tcp_2264,tcp,2264,FTP-Patator,Malware,Patator,FTP-Patator
Wednesday-14-02-2018_448.pcap,tcp_3002,tcp,3002,FTP-Patator,Malware,Patator,FTP-Patator
Wednesday-14-02-2018_448.pcap,tcp_2986,tcp,2986,FTP-Patator,Malware,Patator,FTP-Patator
Wednesday-14-02-2018_448.pcap,tcp_2351,tcp,2351,FTP-Patator,Malware,Patator,FTP-Patator
Wednesday-14-02-2018_448.pcap,tcp_1725,tcp,1725,FTP-Patator,Malware,Patator,FTP-Patator
Wednesday-14-02-2018_448.pcap,tcp_2976,tcp,2976,FTP-Patator,Malware,Patator,FTP-Patator
Wednesday-14-02-2018_448.pcap,tcp_2176,tcp,2176,FTP-Patator,Malware,Patator,FTP-Patator
Wednesday-14-02-2018_448.pcap,tcp_3299,tcp,3299,FTP-Patator,Malware,Patator,FTP-Patator
Wednesday-14-02-2018_448.pcap,tcp_2995,tcp,2995,FTP-Patator,Malware,Patator,FTP-Patator
Wednesday-14-02-2018_448.pcap,tcp_489,tcp,489,FTP-Patator,Malware,Patator,FTP-Patator
Wednesday-14-02-2018_448.pcap,tcp_2503,tcp,2503,FTP-Patator,Malware,Patator,FTP-Patator
Wednesday-14-02-2018_448.pcap,tcp_492,tcp,492,FTP-Patator,Malware,Patator,FTP-Patator
Wednesday-14-02-2018_448.pcap,tcp_1486,tcp,1486,FTP-Patator,Malware,Patator,FTP-Patator
Wednesday-14-02-2018_448.pcap,tcp_1407,tcp,1407,FTP-Patator,Malware,Patator,FTP-Patator
Wednesday-14-02-2018_448.pcap,tcp_3203,tcp,3203,FTP-Patator,Malware,Patator,FTP-Patator
Wednesday-14-02-2018_448.pcap,tcp_3200,tcp,3200,FTP-Patator,Malware,Patator,FTP-Patator
Wednesday-14-02-2018_448.pcap,tcp_2109,tcp,2109,FTP-Patator,Malware,Patator,FTP-Patator
Wednesday-14-02-2018_448.pcap,tcp_2089,tcp,2089,FTP-Patator,Malware,Patator,FTP-Patator
Wednesday-14-02-2018_448.pcap,tcp_1619,tcp,1619,FTP-Patator,Malware,Patator,FTP-Patator
Wednesday-14-02-2018_448.pcap,tcp_3090,tcp,3090,FTP-Patator,Malware,Patator,FTP-Patator
Wednesday-14-02-2018_448.pcap,tcp_1493,tcp,1493,FTP-Patator,Malware,Patator,FTP-Patator
Wednesday-14-02-2018_448.pcap,tcp_1804,tcp,1804,FTP-Patator,Malware,Patator,FTP-Patator
Wednesday-14-02-2018_448.pcap,tcp_2323,tcp,2323,FTP-Patator,Malware,Patator,FTP-Patator
Wednesday-14-02-2018_448.pcap,tcp_1739,tcp,1739,FTP-Patator,Malware,Patator,FTP-Patator
Wednesday-14-02-2018_448.pcap,tcp_506,tcp,506,FTP-Patator,Malware,Patator,FTP-Patator
Wednesday-14-02-2018_448.pcap,tcp_1974,tcp,1974,FTP-Patator,Malware,Patator,FTP-Patator
Wednesday-14-02-2018_448.pcap,tcp_510,tcp,510,FTP-Patator,Malware,Patator,FTP-Patator
Wednesday-14-02-2018_448.pcap,tcp_3169,tcp,3169,FTP-Patator,Malware,Patator,FTP-Patator
Wednesday-14-02-2018_448.pcap,tcp_2558,tcp,2558,FTP-Patator,Malware,Patator,FTP-Patator
Wednesday-14-02-2018_448.pcap,tcp_513,tcp,513,FTP-Patator,Malware,Patator,FTP-Patator
Wednesday-14-02-2018_448.pcap,tcp_514,tcp,514,FTP-Patator,Malware,Patator,FTP-Patator
Wednesday-14-02-2018_448.pcap,tcp_515,tcp,515,FTP-Patator,Malware,Patator,FTP-Patator
Wednesday-14-02-2018_448.pcap,tcp_517,tcp,517,FTP-Patator,Malware,Patator,FTP-Patator
Wednesday-14-02-2018_448.pcap,tcp_2100,tcp,2100,FTP-Patator,Malware,Patator,FTP-Patator
Wednesday-14-02-2018_448.pcap,tcp_2218,tcp,2218,FTP-Patator,Malware,Patator,FTP-Patator
Wednesday-14-02-2018_448.pcap,tcp_521,tcp,521,FTP-Patator,Malware,Patator,FTP-Patator
Wednesday-14-02-2018_448.pcap,tcp_2213,tcp,2213,FTP-Patator,Malware,Patator,FTP-Patator
Wednesday-14-02-2018_448.pcap,tcp_2685,tcp,2685,FTP-Patator,Malware,Patator,FTP-Patator
Wednesday-14-02-2018_448.pcap,tcp_1962,tcp,1962,FTP-Patator,Malware,Patator,FTP-Patator
Wednesday-14-02-2018_448.pcap,tcp_2376,tcp,2376,FTP-Patator,Malware,Patator,FTP-Patator
Wednesday-14-02-2018_448.pcap,tcp_1874,tcp,1874,FTP-Patator,Malware,Patator,FTP-Patator
Wednesday-14-02-2018_448.pcap,tcp_527,tcp,527,FTP-Patator,Malware,Patator,FTP-Patator
Wednesday-14-02-2018_448.pcap,tcp_529,tcp,529,FTP-Patator,Malware,Patator,FTP-Patator
Wednesday-14-02-2018_448.pcap,tcp_530,tcp,530,FTP-Patator,Malware,Patator,FTP-Patator
Wednesday-14-02-2018_448.pcap,tcp_2692,tcp,2692,FTP-Patator,Malware,Patator,FTP-Patator
Wednesday-14-02-2018_448.pcap,tcp_2014,tcp,2014,FTP-Patator,Malware,Patator,FTP-Patator
Wednesday-14-02-2018_448.pcap,tcp_2771,tcp,2771,FTP-Patator,Malware,Patator,FTP-Patator
Wednesday-14-02-2018_448.pcap,tcp_538,tcp,538,FTP-Patator,Malware,Patator,FTP-Patator
Wednesday-14-02-2018_448.pcap,tcp_539,tcp,539,FTP-Patator,Malware,Patator,FTP-Patator
Wednesday-14-02-2018_448.pcap,tcp_2038,tcp,2038,FTP-Patator,Malware,Patator,FTP-Patator
Wednesday-14-02-2018_448.pcap,tcp_1401,tcp,1401,FTP-Patator,Malware,Patator,FTP-Patator
Wednesday-14-02-2018_448.pcap,tcp_1601,tcp,1601,FTP-Patator,Malware,Patator,FTP-Patator
Wednesday-14-02-2018_448.pcap,tcp_2693,tcp,2693,FTP-Patator,Malware,Patator,FTP-Patator
Wednesday-14-02-2018_448.pcap,tcp_2074,tcp,2074,FTP-Patator,Malware,Patator,FTP-Patator
Wednesday-14-02-2018_448.pcap,tcp_546,tcp,546,FTP-Patator,Malware,Patator,FTP-Patator
Wednesday-14-02-2018_448.pcap,tcp_2072,tcp,2072,FTP-Patator,Malware,Patator,FTP-Patator
Wednesday-14-02-2018_448.pcap,tcp_2568,tcp,2568,FTP-Patator,Malware,Patator,FTP-Patator
Wednesday-14-02-2018_448.pcap,tcp_550,tcp,550,FTP-Patator,Malware,Patator,FTP-Patator
Wednesday-14-02-2018_448.pcap,tcp_2846,tcp,2846,FTP-Patator,Malware,Patator,FTP-Patator
Wednesday-14-02-2018_448.pcap,tcp_553,tcp,553,FTP-Patator,Malware,Patator,FTP-Patator
Wednesday-14-02-2018_448.pcap,tcp_554,tcp,554,FTP-Patator,Malware,Patator,FTP-Patator
Wednesday-14-02-2018_448.pcap,tcp_2027,tcp,2027,FTP-Patator,Malware,Patator,FTP-Patator
Wednesday-14-02-2018_448.pcap,tcp_556,tcp,556,FTP-Patator,Malware,Patator,FTP-Patator
Wednesday-14-02-2018_448.pcap,tcp_3102,tcp,3102,FTP-Patator,Malware,Patator,FTP-Patator
Wednesday-14-02-2018_448.pcap,tcp_2337,tcp,2337,FTP-Patator,Malware,Patator,FTP-Patator
Wednesday-14-02-2018_448.pcap,tcp_560,tcp,560,FTP-Patator,Malware,Patator,FTP-Patator
Wednesday-14-02-2018_448.pcap,tcp_561,tcp,561,FTP-Patator,Malware,Patator,FTP-Patator
Wednesday-14-02-2018_448.pcap,tcp_562,tcp,562,FTP-Patator,Malware,Patator,FTP-Patator
Wednesday-14-02-2018_448.pcap,tcp_2455,tcp,2455,FTP-Patator,Malware,Patator,FTP-Patator
Wednesday-14-02-2018_448.pcap,tcp_2800,tcp,2800,FTP-Patator,Malware,Patator,FTP-Patator
Wednesday-14-02-2018_448.pcap,tcp_565,tcp,565,FTP-Patator,Malware,Patator,FTP-Patator
Wednesday-14-02-2018_448.pcap,tcp_3196,tcp,3196,FTP-Patator,Malware,Patator,FTP-Patator
Wednesday-14-02-2018_448.pcap,tcp_2185,tcp,2185,FTP-Patator,Malware,Patator,FTP-Patator
Wednesday-14-02-2018_448.pcap,tcp_1759,tcp,1759,FTP-Patator,Malware,Patator,FTP-Patator
Wednesday-14-02-2018_448.pcap,tcp_571,tcp,571,FTP-Patator,Malware,Patator,FTP-Patator
Wednesday-14-02-2018_448.pcap,tcp_3212,tcp,3212,FTP-Patator,Malware,Patator,FTP-Patator
Wednesday-14-02-2018_448.pcap,tcp_2449,tcp,2449,FTP-Patator,Malware,Patator,FTP-Patator
Wednesday-14-02-2018_448.pcap,tcp_575,tcp,575,FTP-Patator,Malware,Patator,FTP-Patator
Wednesday-14-02-2018_448.pcap,tcp_576,tcp,576,FTP-Patator,Malware,Patator,FTP-Patator
Wednesday-14-02-2018_448.pcap,tcp_3010,tcp,3010,FTP-Patator,Malware,Patator,FTP-Patator
Wednesday-14-02-2018_448.pcap,tcp_578,tcp,578,FTP-Patator,Malware,Patator,FTP-Patator
Wednesday-14-02-2018_448.pcap,tcp_2139,tcp,2139,FTP-Patator,Malware,Patator,FTP-Patator
Wednesday-14-02-2018_448.pcap,tcp_2137,tcp,2137,FTP-Patator,Malware,Patator,FTP-Patator
Wednesday-14-02-2018_448.pcap,tcp_2576,tcp,2576,FTP-Patator,Malware,Patator,FTP-Patator
Wednesday-14-02-2018_448.pcap,tcp_2155,tcp,2155,FTP-Patator,Malware,Patator,FTP-Patator
Wednesday-14-02-2018_448.pcap,tcp_585,tcp,585,FTP-Patator,Malware,Patator,FTP-Patator
Wednesday-14-02-2018_448.pcap,tcp_2430,tcp,2430,FTP-Patator,Malware,Patator,FTP-Patator
Wednesday-14-02-2018_448.pcap,tcp_587,tcp,587,FTP-Patator,Malware,Patator,FTP-Patator
Wednesday-14-02-2018_448.pcap,tcp_2249,tcp,2249,FTP-Patator,Malware,Patator,FTP-Patator
Wednesday-14-02-2018_448.pcap,tcp_3110,tcp,3110,FTP-Patator,Malware,Patator,FTP-Patator
Wednesday-14-02-2018_448.pcap,tcp_2823,tcp,2823,FTP-Patator,Malware,Patator,FTP-Patator
Wednesday-14-02-2018_448.pcap,tcp_591,tcp,591,FTP-Patator,Malware,Patator,FTP-Patator
Wednesday-14-02-2018_448.pcap,tcp_1796,tcp,1796,FTP-Patator,Malware,Patator,FTP-Patator
Wednesday-14-02-2018_448.pcap,tcp_2496,tcp,2496,FTP-Patator,Malware,Patator,FTP-Patator
Wednesday-14-02-2018_448.pcap,tcp_2731,tcp,2731,FTP-Patator,Malware,Patator,FTP-Patator
Wednesday-14-02-2018_448.pcap,tcp_596,tcp,596,FTP-Patator,Malware,Patator,FTP-Patator
Wednesday-14-02-2018_448.pcap,tcp_1395,tcp,1395,FTP-Patator,Malware,Patator,FTP-Patator
Wednesday-14-02-2018_448.pcap,tcp_2333,tcp,2333,FTP-Patator,Malware,Patator,FTP-Patator
Wednesday-14-02-2018_448.pcap,tcp_599,tcp,599,FTP-Patator,Malware,Patator,FTP-Patator
Wednesday-14-02-2018_448.pcap,tcp_600,tcp,600,FTP-Patator,Malware,Patator,FTP-Patator
Wednesday-14-02-2018_448.pcap,tcp_601,tcp,601,FTP-Patator,Malware,Patator,FTP-Patator
Wednesday-14-02-2018_448.pcap,tcp_602,tcp,602,FTP-Patator,Malware,Patator,FTP-Patator
Wednesday-14-02-2018_448.pcap,tcp_603,tcp,603,FTP-Patator,Malware,Patator,FTP-Patator
Wednesday-14-02-2018_448.pcap,tcp_2954,tcp,2954,FTP-Patator,Malware,Patator,FTP-Patator
Wednesday-14-02-2018_448.pcap,tcp_2147,tcp,2147,FTP-Patator,Malware,Patator,FTP-Patator
Wednesday-14-02-2018_448.pcap,tcp_1378,tcp,1378,FTP-Patator,Malware,Patator,FTP-Patator
Wednesday-14-02-2018_448.pcap,tcp_3241,tcp,3241,FTP-Patator,Malware,Patator,FTP-Patator
Wednesday-14-02-2018_448.pcap,tcp_1352,tcp,1352,FTP-Patator,Malware,Patator,FTP-Patator
Wednesday-14-02-2018_448.pcap,tcp_2689,tcp,2689,FTP-Patator,Malware,Patator,FTP-Patator
Wednesday-14-02-2018_448.pcap,tcp_1919,tcp,1919,FTP-Patator,Malware,Patator,FTP-Patator
Wednesday-14-02-2018_448.pcap,tcp_3222,tcp,3222,FTP-Patator,Malware,Patator,FTP-Patator
Wednesday-14-02-2018_448.pcap,tcp_614,tcp,614,FTP-Patator,Malware,Patator,FTP-Patator
Wednesday-14-02-2018_448.pcap,tcp_615,tcp,615,FTP-Patator,Malware,Patator,FTP-Patator
Wednesday-14-02-2018_448.pcap,tcp_1774,tcp,1774,FTP-Patator,Malware,Patator,FTP-Patator
Wednesday-14-02-2018_448.pcap,tcp_1769,tcp,1769,FTP-Patator,Malware,Patator,FTP-Patator
Wednesday-14-02-2018_448.pcap,tcp_2086,tcp,2086,FTP-Patator,Malware,Patator,FTP-Patator
Wednesday-14-02-2018_448.pcap,tcp_620,tcp,620,FTP-Patator,Malware,Patator,FTP-Patator
Wednesday-14-02-2018_448.pcap,tcp_2111,tcp,2111,FTP-Patator,Malware,Patator,FTP-Patator
Wednesday-14-02-2018_448.pcap,tcp_1339,tcp,1339,FTP-Patator,Malware,Patator,FTP-Patator
Wednesday-14-02-2018_448.pcap,tcp_624,tcp,624,FTP-Patator,Malware,Patator,FTP-Patator
Wednesday-14-02-2018_448.pcap,tcp_2760,tcp,2760,FTP-Patator,Malware,Patator,FTP-Patator
Wednesday-14-02-2018_448.pcap,tcp_1820,tcp,1820,FTP-Patator,Malware,Patator,FTP-Patator
Wednesday-14-02-2018_448.pcap,tcp_1562,tcp,1562,FTP-Patator,Malware,Patator,FTP-Patator
Wednesday-14-02-2018_448.pcap,tcp_629,tcp,629,FTP-Patator,Malware,Patator,FTP-Patator
Wednesday-14-02-2018_448.pcap,tcp_1419,tcp,1419,FTP-Patator,Malware,Patator,FTP-Patator
Wednesday-14-02-2018_448.pcap,tcp_1965,tcp,1965,FTP-Patator,Malware,Patator,FTP-Patator
Wednesday-14-02-2018_448.pcap,tcp_3034,tcp,3034,FTP-Patator,Malware,Patator,FTP-Patator
Wednesday-14-02-2018_448.pcap,tcp_2516,tcp,2516,FTP-Patator,Malware,Patator,FTP-Patator
Wednesday-14-02-2018_448.pcap,tcp_2815,tcp,2815,FTP-Patator,Malware,Patator,FTP-Patator
Wednesday-14-02-2018_448.pcap,tcp_2856,tcp,2856,FTP-Patator,Malware,Patator,FTP-Patator
Wednesday-14-02-2018_448.pcap,tcp_637,tcp,637,FTP-Patator,Malware,Patator,FTP-Patator
Wednesday-14-02-2018_448.pcap,tcp_1434,tcp,1434,FTP-Patator,Malware,Patator,FTP-Patator
Wednesday-14-02-2018_448.pcap,tcp_3251,tcp,3251,FTP-Patator,Malware,Patator,FTP-Patator
Wednesday-14-02-2018_448.pcap,tcp_640,tcp,640,FTP-Patator,Malware,Patator,FTP-Patator
Wednesday-14-02-2018_448.pcap,tcp_2460,tcp,2460,FTP-Patator,Malware,Patator,FTP-Patator
Wednesday-14-02-2018_448.pcap,tcp_1509,tcp,1509,FTP-Patator,Malware,Patator,FTP-Patator
Wednesday-14-02-2018_448.pcap,tcp_644,tcp,644,FTP-Patator,Malware,Patator,FTP-Patator
Wednesday-14-02-2018_448.pcap,tcp_646,tcp,646,FTP-Patator,Malware,Patator,FTP-Patator
Wednesday-14-02-2018_448.pcap,tcp_2274,tcp,2274,FTP-Patator,Malware,Patator,FTP-Patator
Wednesday-14-02-2018_448.pcap,tcp_3072,tcp,3072,FTP-Patator,Malware,Patator,FTP-Patator
Wednesday-14-02-2018_448.pcap,tcp_2712,tcp,2712,FTP-Patator,Malware,Patator,FTP-Patator
Wednesday-14-02-2018_448.pcap,tcp_650,tcp,650,FTP-Patator,Malware,Patator,FTP-Patator
Wednesday-14-02-2018_448.pcap,tcp_652,tcp,652,FTP-Patator,Malware,Patator,FTP-Patator
Wednesday-14-02-2018_448.pcap,tcp_653,tcp,653,FTP-Patator,Malware,Patator,FTP-Patator
Wednesday-14-02-2018_448.pcap,tcp_3217,tcp,3217,FTP-Patator,Malware,Patator,FTP-Patator
Wednesday-14-02-2018_448.pcap,tcp_1625,tcp,1625,FTP-Patator,Malware,Patator,FTP-Patator
Wednesday-14-02-2018_448.pcap,tcp_2410,tcp,2410,FTP-Patator,Malware,Patator,FTP-Patator
Wednesday-14-02-2018_448.pcap,tcp_2296,tcp,2296,FTP-Patator,Malware,Patator,FTP-Patator
Wednesday-14-02-2018_448.pcap,tcp_1761,tcp,1761,FTP-Patator,Malware,Patator,FTP-Patator
Wednesday-14-02-2018_448.pcap,tcp_1666,tcp,1666,FTP-Patator,Malware,Patator,FTP-Patator
Wednesday-14-02-2018_448.pcap,tcp_661,tcp,661,FTP-Patator,Malware,Patator,FTP-Patator
Wednesday-14-02-2018_448.pcap,tcp_2495,tcp,2495,FTP-Patator,Malware,Patator,FTP-Patator
Wednesday-14-02-2018_448.pcap,tcp_2171,tcp,2171,FTP-Patator,Malware,Patator,FTP-Patator
Wednesday-14-02-2018_448.pcap,tcp_664,tcp,664,FTP-Patator,Malware,Patator,FTP-Patator
Wednesday-14-02-2018_448.pcap,tcp_3177,tcp,3177,FTP-Patator,Malware,Patator,FTP-Patator
Wednesday-14-02-2018_448.pcap,tcp_666,tcp,666,FTP-Patator,Malware,Patator,FTP-Patator
Wednesday-14-02-2018_448.pcap,tcp_669,tcp,669,FTP-Patator,Malware,Patator,FTP-Patator
Wednesday-14-02-2018_448.pcap,tcp_670,tcp,670,FTP-Patator,Malware,Patator,FTP-Patator
Wednesday-14-02-2018_448.pcap,tcp_671,tcp,671,FTP-Patator,Malware,Patator,FTP-Patator
Wednesday-14-02-2018_448.pcap,tcp_3028,tcp,3028,FTP-Patator,Malware,Patator,FTP-Patator
Wednesday-14-02-2018_448.pcap,tcp_2379,tcp,2379,FTP-Patator,Malware,Patator,FTP-Patator
Wednesday-14-02-2018_448.pcap,tcp_676,tcp,676,FTP-Patator,Malware,Patator,FTP-Patator
Wednesday-14-02-2018_448.pcap,tcp_2891,tcp,2891,FTP-Patator,Malware,Patator,FTP-Patator
Wednesday-14-02-2018_448.pcap,tcp_678,tcp,678,FTP-Patator,Malware,Patator,FTP-Patator
Wednesday-14-02-2018_448.pcap,tcp_679,tcp,679,FTP-Patator,Malware,Patator,FTP-Patator
Wednesday-14-02-2018_448.pcap,tcp_2372,tcp,2372,FTP-Patator,Malware,Patator,FTP-Patator
Wednesday-14-02-2018_448.pcap,tcp_2300,tcp,2300,FTP-Patator,Malware,Patator,FTP-Patator
Wednesday-14-02-2018_448.pcap,tcp_2352,tcp,2352,FTP-Patator,Malware,Patator,FTP-Patator
Wednesday-14-02-2018_448.pcap,tcp_3136,tcp,3136,FTP-Patator,Malware,Patator,FTP-Patator
Wednesday-14-02-2018_448.pcap,tcp_3308,tcp,3308,FTP-Patator,Malware,Patator,FTP-Patator
Wednesday-14-02-2018_448.pcap,tcp_687,tcp,687,FTP-Patator,Malware,Patator,FTP-Patator
Wednesday-14-02-2018_448.pcap,tcp_2983,tcp,2983,FTP-Patator,Malware,Patator,FTP-Patator
Wednesday-14-02-2018_448.pcap,tcp_2748,tcp,2748,FTP-Patator,Malware,Patator,FTP-Patator
Wednesday-14-02-2018_448.pcap,tcp_692,tcp,692,FTP-Patator,Malware,Patator,FTP-Patator
Wednesday-14-02-2018_448.pcap,tcp_1685,tcp,1685,FTP-Patator,Malware,Patator,FTP-Patator
Wednesday-14-02-2018_448.pcap,tcp_1772,tcp,1772,FTP-Patator,Malware,Patator,FTP-Patator
Wednesday-14-02-2018_448.pcap,tcp_695,tcp,695,FTP-Patator,Malware,Patator,FTP-Patator
Wednesday-14-02-2018_448.pcap,tcp_696,tcp,696,FTP-Patator,Malware,Patator,FTP-Patator
Wednesday-14-02-2018_448.pcap,tcp_3337,tcp,3337,FTP-Patator,Malware,Patator,FTP-Patator
Wednesday-14-02-2018_448.pcap,tcp_1531,tcp,1531,FTP-Patator,Malware,Patator,FTP-Patator
Wednesday-14-02-2018_448.pcap,tcp_699,tcp,699,FTP-Patator,Malware,Patator,FTP-Patator
Wednesday-14-02-2018_448.pcap,tcp_2933,tcp,2933,FTP-Patator,Malware,Patator,FTP-Patator
Wednesday-14-02-2018_448.pcap,tcp_1607,tcp,1607,FTP-Patator,Malware,Patator,FTP-Patator
Wednesday-14-02-2018_448.pcap,tcp_702,tcp,702,FTP-Patator,Malware,Patator,FTP-Patator
Wednesday-14-02-2018_448.pcap,tcp_1661,tcp,1661,FTP-Patator,Malware,Patator,FTP-Patator
Wednesday-14-02-2018_448.pcap,tcp_704,tcp,704,FTP-Patator,Malware,Patator,FTP-Patator
Wednesday-14-02-2018_448.pcap,tcp_705,tcp,705,FTP-Patator,Malware,Patator,FTP-Patator
Wednesday-14-02-2018_448.pcap,tcp_2235,tcp,2235,FTP-Patator,Malware,Patator,FTP-Patator
Wednesday-14-02-2018_448.pcap,tcp_707,tcp,707,FTP-Patator,Malware,Patator,FTP-Patator
Wednesday-14-02-2018_448.pcap,tcp_2939,tcp,2939,FTP-Patator,Malware,Patator,FTP-Patator
Wednesday-14-02-2018_448.pcap,tcp_709,tcp,709,FTP-Patator,Malware,Patator,FTP-Patator
Wednesday-14-02-2018_448.pcap,tcp_710,tcp,710,FTP-Patator,Malware,Patator,FTP-Patator
Wednesday-14-02-2018_448.pcap,tcp_2164,tcp,2164,FTP-Patator,Malware,Patator,FTP-Patator
Wednesday-14-02-2018_448.pcap,tcp_1452,tcp,1452,FTP-Patator,Malware,Patator,FTP-Patator
Wednesday-14-02-2018_448.pcap,tcp_713,tcp,713,FTP-Patator,Malware,Patator,FTP-Patator
Wednesday-14-02-2018_448.pcap,tcp_3193,tcp,3193,FTP-Patator,Malware,Patator,FTP-Patator
Wednesday-14-02-2018_448.pcap,tcp_715,tcp,715,FTP-Patator,Malware,Patator,FTP-Patator
Wednesday-14-02-2018_448.pcap,tcp_2674,tcp,2674,FTP-Patator,Malware,Patator,FTP-Patator
Wednesday-14-02-2018_448.pcap,tcp_717,tcp,717,FTP-Patator,Malware,Patator,FTP-Patator
Wednesday-14-02-2018_448.pcap,tcp_718,tcp,718,FTP-Patator,Malware,Patator,FTP-Patator
Wednesday-14-02-2018_448.pcap,tcp_720,tcp,720,FTP-Patator,Malware,Patator,FTP-Patator
Wednesday-14-02-2018_448.pcap,tcp_721,tcp,721,FTP-Patator,Malware,Patator,FTP-Patator
Wednesday-14-02-2018_448.pcap,tcp_2293,tcp,2293,FTP-Patator,Malware,Patator,FTP-Patator
Wednesday-14-02-2018_448.pcap,tcp_1444,tcp,1444,FTP-Patator,Malware,Patator,FTP-Patator
Wednesday-14-02-2018_448.pcap,tcp_724,tcp,724,FTP-Patator,Malware,Patator,FTP-Patator
Wednesday-14-02-2018_448.pcap,tcp_1527,tcp,1527,FTP-Patator,Malware,Patator,FTP-Patator
Wednesday-14-02-2018_448.pcap,tcp_727,tcp,727,FTP-Patator,Malware,Patator,FTP-Patator
Wednesday-14-02-2018_448.pcap,tcp_728,tcp,728,FTP-Patator,Malware,Patator,FTP-Patator
Wednesday-14-02-2018_448.pcap,tcp_729,tcp,729,FTP-Patator,Malware,Patator,FTP-Patator
Wednesday-14-02-2018_448.pcap,tcp_2644,tcp,2644,FTP-Patator,Malware,Patator,FTP-Patator
Wednesday-14-02-2018_448.pcap,tcp_2668,tcp,2668,FTP-Patator,Malware,Patator,FTP-Patator
Wednesday-14-02-2018_448.pcap,tcp_733,tcp,733,FTP-Patator,Malware,Patator,FTP-Patator
Wednesday-14-02-2018_448.pcap,tcp_734,tcp,734,FTP-Patator,Malware,Patator,FTP-Patator
Wednesday-14-02-2018_448.pcap,tcp_735,tcp,735,FTP-Patator,Malware,Patator,FTP-Patator
Wednesday-14-02-2018_448.pcap,tcp_737,tcp,737,FTP-Patator,Malware,Patator,FTP-Patator
Wednesday-14-02-2018_448.pcap,tcp_1453,tcp,1453,FTP-Patator,Malware,Patator,FTP-Patator
Wednesday-14-02-2018_448.pcap,tcp_2187,tcp,2187,FTP-Patator,Malware,Patator,FTP-Patator
Wednesday-14-02-2018_448.pcap,tcp_740,tcp,740,FTP-Patator,Malware,Patator,FTP-Patator
Wednesday-14-02-2018_448.pcap,tcp_1915,tcp,1915,FTP-Patator,Malware,Patator,FTP-Patator
Wednesday-14-02-2018_448.pcap,tcp_742,tcp,742,FTP-Patator,Malware,Patator,FTP-Patator
Wednesday-14-02-2018_448.pcap,tcp_744,tcp,744,FTP-Patator,Malware,Patator,FTP-Patator
Wednesday-14-02-2018_448.pcap,tcp_745,tcp,745,FTP-Patator,Malware,Patator,FTP-Patator
Wednesday-14-02-2018_448.pcap,tcp_2833,tcp,2833,FTP-Patator,Malware,Patator,FTP-Patator
Wednesday-14-02-2018_448.pcap,tcp_2203,tcp,2203,FTP-Patator,Malware,Patator,FTP-Patator
Wednesday-14-02-2018_448.pcap,tcp_1468,tcp,1468,FTP-Patator,Malware,Patator,FTP-Patator
Wednesday-14-02-2018_448.pcap,tcp_2169,tcp,2169,FTP-Patator,Malware,Patator,FTP-Patator
Wednesday-14-02-2018_448.pcap,tcp_1975,tcp,1975,FTP-Patator,Malware,Patator,FTP-Patator
Wednesday-14-02-2018_448.pcap,tcp_3252,tcp,3252,FTP-Patator,Malware,Patator,FTP-Patator
Wednesday-14-02-2018_448.pcap,tcp_2828,tcp,2828,FTP-Patator,Malware,Patator,FTP-Patator
Wednesday-14-02-2018_448.pcap,tcp_2521,tcp,2521,FTP-Patator,Malware,Patator,FTP-Patator
Wednesday-14-02-2018_448.pcap,tcp_754,tcp,754,FTP-Patator,Malware,Patator,FTP-Patator
Wednesday-14-02-2018_448.pcap,tcp_1714,tcp,1714,FTP-Patator,Malware,Patator,FTP-Patator
Wednesday-14-02-2018_448.pcap,tcp_2437,tcp,2437,FTP-Patator,Malware,Patator,FTP-Patator
Wednesday-14-02-2018_448.pcap,tcp_2243,tcp,2243,FTP-Patator,Malware,Patator,FTP-Patator
Wednesday-14-02-2018_448.pcap,tcp_759,tcp,759,FTP-Patator,Malware,Patator,FTP-Patator
Wednesday-14-02-2018_448.pcap,tcp_761,tcp,761,FTP-Patator,Malware,Patator,FTP-Patator
Wednesday-14-02-2018_448.pcap,tcp_762,tcp,762,FTP-Patator,Malware,Patator,FTP-Patator
Wednesday-14-02-2018_448.pcap,tcp_3145,tcp,3145,FTP-Patator,Malware,Patator,FTP-Patator
Wednesday-14-02-2018_448.pcap,tcp_2065,tcp,2065,FTP-Patator,Malware,Patator,FTP-Patator
Wednesday-14-02-2018_448.pcap,tcp_1423,tcp,1423,FTP-Patator,Malware,Patator,FTP-Patator
Wednesday-14-02-2018_448.pcap,tcp_2301,tcp,2301,FTP-Patator,Malware,Patator,FTP-Patator
Wednesday-14-02-2018_448.pcap,tcp_3256,tcp,3256,FTP-Patator,Malware,Patator,FTP-Patator
Wednesday-14-02-2018_448.pcap,tcp_770,tcp,770,FTP-Patator,Malware,Patator,FTP-Patator
Wednesday-14-02-2018_448.pcap,tcp_1897,tcp,1897,FTP-Patator,Malware,Patator,FTP-Patator
Wednesday-14-02-2018_448.pcap,tcp_2016,tcp,2016,FTP-Patator,Malware,Patator,FTP-Patator
Wednesday-14-02-2018_448.pcap,tcp_2020,tcp,2020,FTP-Patator,Malware,Patator,FTP-Patator
Wednesday-14-02-2018_448.pcap,tcp_2349,tcp,2349,FTP-Patator,Malware,Patator,FTP-Patator
Wednesday-14-02-2018_448.pcap,tcp_775,tcp,775,FTP-Patator,Malware,Patator,FTP-Patator
Wednesday-14-02-2018_448.pcap,tcp_1470,tcp,1470,FTP-Patator,Malware,Patator,FTP-Patator
Wednesday-14-02-2018_448.pcap,tcp_1907,tcp,1907,FTP-Patator,Malware,Patator,FTP-Patator
Wednesday-14-02-2018_448.pcap,tcp_782,tcp,782,FTP-Patator,Malware,Patator,FTP-Patator
Wednesday-14-02-2018_448.pcap,tcp_1471,tcp,1471,FTP-Patator,Malware,Patator,FTP-Patator
Wednesday-14-02-2018_448.pcap,tcp_3297,tcp,3297,FTP-Patator,Malware,Patator,FTP-Patator
Wednesday-14-02-2018_448.pcap,tcp_2093,tcp,2093,FTP-Patator,Malware,Patator,FTP-Patator
Wednesday-14-02-2018_448.pcap,tcp_1566,tcp,1566,FTP-Patator,Malware,Patator,FTP-Patator
Wednesday-14-02-2018_448.pcap,tcp_789,tcp,789,FTP-Patator,Malware,Patator,FTP-Patator
Wednesday-14-02-2018_448.pcap,tcp_3134,tcp,3134,FTP-Patator,Malware,Patator,FTP-Patator
Wednesday-14-02-2018_448.pcap,tcp_3103,tcp,3103,FTP-Patator,Malware,Patator,FTP-Patator
Wednesday-14-02-2018_448.pcap,tcp_792,tcp,792,FTP-Patator,Malware,Patator,FTP-Patator
Wednesday-14-02-2018_448.pcap,tcp_2813,tcp,2813,FTP-Patator,Malware,Patator,FTP-Patator
Wednesday-14-02-2018_448.pcap,tcp_2493,tcp,2493,FTP-Patator,Malware,Patator,FTP-Patator
Wednesday-14-02-2018_448.pcap,tcp_796,tcp,796,FTP-Patator,Malware,Patator,FTP-Patator
Wednesday-14-02-2018_448.pcap,tcp_1659,tcp,1659,FTP-Patator,Malware,Patator,FTP-Patator
Wednesday-14-02-2018_448.pcap,tcp_3292,tcp,3292,FTP-Patator,Malware,Patator,FTP-Patator
Wednesday-14-02-2018_448.pcap,tcp_2168,tcp,2168,FTP-Patator,Malware,Patator,FTP-Patator
Wednesday-14-02-2018_448.pcap,tcp_3065,tcp,3065,FTP-Patator,Malware,Patator,FTP-Patator
Wednesday-14-02-2018_448.pcap,tcp_2131,tcp,2131,FTP-Patator,Malware,Patator,FTP-Patator
Wednesday-14-02-2018_448.pcap,tcp_2614,tcp,2614,FTP-Patator,Malware,Patator,FTP-Patator
Wednesday-14-02-2018_448.pcap,tcp_2719,tcp,2719,FTP-Patator,Malware,Patator,FTP-Patator
Wednesday-14-02-2018_448.pcap,tcp_2914,tcp,2914,FTP-Patator,Malware,Patator,FTP-Patator
Wednesday-14-02-2018_448.pcap,tcp_2930,tcp,2930,FTP-Patator,Malware,Patator,FTP-Patator
Wednesday-14-02-2018_448.pcap,tcp_1852,tcp,1852,FTP-Patator,Malware,Patator,FTP-Patator
Wednesday-14-02-2018_448.pcap,tcp_807,tcp,807,FTP-Patator,Malware,Patator,FTP-Patator
Wednesday-14-02-2018_448.pcap,tcp_3141,tcp,3141,FTP-Patator,Malware,Patator,FTP-Patator
Wednesday-14-02-2018_448.pcap,tcp_1931,tcp,1931,FTP-Patator,Malware,Patator,FTP-Patator
Wednesday-14-02-2018_448.pcap,tcp_810,tcp,810,FTP-Patator,Malware,Patator,FTP-Patator
Wednesday-14-02-2018_448.pcap,tcp_1938,tcp,1938,FTP-Patator,Malware,Patator,FTP-Patator
Wednesday-14-02-2018_448.pcap,tcp_2330,tcp,2330,FTP-Patator,Malware,Patator,FTP-Patator
Wednesday-14-02-2018_448.pcap,tcp_3246,tcp,3246,FTP-Patator,Malware,Patator,FTP-Patator
Wednesday-14-02-2018_448.pcap,tcp_2655,tcp,2655,FTP-Patator,Malware,Patator,FTP-Patator
Wednesday-14-02-2018_448.pcap,tcp_2275,tcp,2275,FTP-Patator,Malware,Patator,FTP-Patator
Wednesday-14-02-2018_448.pcap,tcp_817,tcp,817,FTP-Patator,Malware,Patator,FTP-Patator
Wednesday-14-02-2018_448.pcap,tcp_3224,tcp,3224,FTP-Patator,Malware,Patator,FTP-Patator
Wednesday-14-02-2018_448.pcap,tcp_2559,tcp,2559,FTP-Patator,Malware,Patator,FTP-Patator
Wednesday-14-02-2018_448.pcap,tcp_820,tcp,820,FTP-Patator,Malware,Patator,FTP-Patator
Wednesday-14-02-2018_448.pcap,tcp_2476,tcp,2476,FTP-Patator,Malware,Patator,FTP-Patator
Wednesday-14-02-2018_448.pcap,tcp_2497,tcp,2497,FTP-Patator,Malware,Patator,FTP-Patator
Wednesday-14-02-2018_448.pcap,tcp_3147,tcp,3147,FTP-Patator,Malware,Patator,FTP-Patator
Wednesday-14-02-2018_448.pcap,tcp_824,tcp,824,FTP-Patator,Malware,Patator,FTP-Patator
Wednesday-14-02-2018_448.pcap,tcp_825,tcp,825,FTP-Patator,Malware,Patator,FTP-Patator
Wednesday-14-02-2018_448.pcap,tcp_2391,tcp,2391,FTP-Patator,Malware,Patator,FTP-Patator
Wednesday-14-02-2018_448.pcap,tcp_827,tcp,827,FTP-Patator,Malware,Patator,FTP-Patator
Wednesday-14-02-2018_448.pcap,tcp_828,tcp,828,FTP-Patator,Malware,Patator,FTP-Patator
Wednesday-14-02-2018_448.pcap,tcp_2874,tcp,2874,FTP-Patator,Malware,Patator,FTP-Patator
Wednesday-14-02-2018_448.pcap,tcp_1865,tcp,1865,FTP-Patator,Malware,Patator,FTP-Patator
Wednesday-14-02-2018_448.pcap,tcp_1683,tcp,1683,FTP-Patator,Malware,Patator,FTP-Patator
Wednesday-14-02-2018_448.pcap,tcp_833,tcp,833,FTP-Patator,Malware,Patator,FTP-Patator
Wednesday-14-02-2018_448.pcap,tcp_3123,tcp,3123,FTP-Patator,Malware,Patator,FTP-Patator
Wednesday-14-02-2018_448.pcap,tcp_835,tcp,835,FTP-Patator,Malware,Patator,FTP-Patator
Wednesday-14-02-2018_448.pcap,tcp_3003,tcp,3003,FTP-Patator,Malware,Patator,FTP-Patator
Wednesday-14-02-2018_448.pcap,tcp_837,tcp,837,FTP-Patator,Malware,Patator,FTP-Patator
Wednesday-14-02-2018_448.pcap,tcp_838,tcp,838,FTP-Patator,Malware,Patator,FTP-Patator
Wednesday-14-02-2018_448.pcap,tcp_2938,tcp,2938,FTP-Patator,Malware,Patator,FTP-Patator
Wednesday-14-02-2018_448.pcap,tcp_2127,tcp,2127,FTP-Patator,Malware,Patator,FTP-Patator
Wednesday-14-02-2018_448.pcap,tcp_2381,tcp,2381,FTP-Patator,Malware,Patator,FTP-Patator
Wednesday-14-02-2018_448.pcap,tcp_842,tcp,842,FTP-Patator,Malware,Patator,FTP-Patator
Wednesday-14-02-2018_448.pcap,tcp_1561,tcp,1561,FTP-Patator,Malware,Patator,FTP-Patator
Wednesday-14-02-2018_448.pcap,tcp_2965,tcp,2965,FTP-Patator,Malware,Patator,FTP-Patator
Wednesday-14-02-2018_448.pcap,tcp_846,tcp,846,FTP-Patator,Malware,Patator,FTP-Patator
Wednesday-14-02-2018_448.pcap,tcp_1766,tcp,1766,FTP-Patator,Malware,Patator,FTP-Patator
Wednesday-14-02-2018_448.pcap,tcp_850,tcp,850,FTP-Patator,Malware,Patator,FTP-Patator
Wednesday-14-02-2018_448.pcap,tcp_3112,tcp,3112,FTP-Patator,Malware,Patator,FTP-Patator
Wednesday-14-02-2018_448.pcap,tcp_1487,tcp,1487,FTP-Patator,Malware,Patator,FTP-Patator
Wednesday-14-02-2018_448.pcap,tcp_853,tcp,853,FTP-Patator,Malware,Patator,FTP-Patator
Wednesday-14-02-2018_448.pcap,tcp_1442,tcp,1442,FTP-Patator,Malware,Patator,FTP-Patator
Wednesday-14-02-2018_448.pcap,tcp_855,tcp,855,FTP-Patator,Malware,Patator,FTP-Patator
Wednesday-14-02-2018_448.pcap,tcp_856,tcp,856,FTP-Patator,Malware,Patator,FTP-Patator
Wednesday-14-02-2018_448.pcap,tcp_857,tcp,857,FTP-Patator,Malware,Patator,FTP-Patator
Wednesday-14-02-2018_448.pcap,tcp_2940,tcp,2940,FTP-Patator,Malware,Patator,FTP-Patator
Wednesday-14-02-2018_448.pcap,tcp_1878,tcp,1878,FTP-Patator,Malware,Patator,FTP-Patator
Wednesday-14-02-2018_448.pcap,tcp_1711,tcp,1711,FTP-Patator,Malware,Patator,FTP-Patator
Wednesday-14-02-2018_448.pcap,tcp_3234,tcp,3234,FTP-Patator,Malware,Patator,FTP-Patator
Wednesday-14-02-2018_448.pcap,tcp_2387,tcp,2387,FTP-Patator,Malware,Patator,FTP-Patator
Wednesday-14-02-2018_448.pcap,tcp_2542,tcp,2542,FTP-Patator,Malware,Patator,FTP-Patator
Wednesday-14-02-2018_448.pcap,tcp_864,tcp,864,FTP-Patator,Malware,Patator,FTP-Patator
Wednesday-14-02-2018_448.pcap,tcp_1448,tcp,1448,FTP-Patator,Malware,Patator,FTP-Patator
Wednesday-14-02-2018_448.pcap,tcp_1628,tcp,1628,FTP-Patator,Malware,Patator,FTP-Patator
Wednesday-14-02-2018_448.pcap,tcp_2095,tcp,2095,FTP-Patator,Malware,Patator,FTP-Patator
Wednesday-14-02-2018_448.pcap,tcp_2829,tcp,2829,FTP-Patator,Malware,Patator,FTP-Patator
Wednesday-14-02-2018_448.pcap,tcp_1456,tcp,1456,FTP-Patator,Malware,Patator,FTP-Patator
Wednesday-14-02-2018_448.pcap,tcp_2286,tcp,2286,FTP-Patator,Malware,Patator,FTP-Patator
Wednesday-14-02-2018_448.pcap,tcp_2900,tcp,2900,FTP-Patator,Malware,Patator,FTP-Patator
Wednesday-14-02-2018_448.pcap,tcp_2775,tcp,2775,FTP-Patator,Malware,Patator,FTP-Patator
Wednesday-14-02-2018_448.pcap,tcp_2341,tcp,2341,FTP-Patator,Malware,Patator,FTP-Patator
Wednesday-14-02-2018_448.pcap,tcp_875,tcp,875,FTP-Patator,Malware,Patator,FTP-Patator
Wednesday-14-02-2018_448.pcap,tcp_1851,tcp,1851,FTP-Patator,Malware,Patator,FTP-Patator
Wednesday-14-02-2018_448.pcap,tcp_1765,tcp,1765,FTP-Patator,Malware,Patator,FTP-Patator
Wednesday-14-02-2018_448.pcap,tcp_2866,tcp,2866,FTP-Patator,Malware,Patator,FTP-Patator
Wednesday-14-02-2018_448.pcap,tcp_1554,tcp,1554,FTP-Patator,Malware,Patator,FTP-Patator
Wednesday-14-02-2018_448.pcap,tcp_1964,tcp,1964,FTP-Patator,Malware,Patator,FTP-Patator
Wednesday-14-02-2018_448.pcap,tcp_1842,tcp,1842,FTP-Patator,Malware,Patator,FTP-Patator
Wednesday-14-02-2018_448.pcap,tcp_1369,tcp,1369,FTP-Patator,Malware,Patator,FTP-Patator
Wednesday-14-02-2018_448.pcap,tcp_889,tcp,889,FTP-Patator,Malware,Patator,FTP-Patator
Wednesday-14-02-2018_448.pcap,tcp_3327,tcp,3327,FTP-Patator,Malware,Patator,FTP-Patator
Wednesday-14-02-2018_448.pcap,tcp_2400,tcp,2400,FTP-Patator,Malware,Patator,FTP-Patator
Wednesday-14-02-2018_448.pcap,tcp_892,tcp,892,FTP-Patator,Malware,Patator,FTP-Patator
Wednesday-14-02-2018_448.pcap,tcp_3006,tcp,3006,FTP-Patator,Malware,Patator,FTP-Patator
Wednesday-14-02-2018_448.pcap,tcp_2329,tcp,2329,FTP-Patator,Malware,Patator,FTP-Patator
Wednesday-14-02-2018_448.pcap,tcp_2971,tcp,2971,FTP-Patator,Malware,Patator,FTP-Patator
Wednesday-14-02-2018_448.pcap,tcp_1413,tcp,1413,FTP-Patator,Malware,Patator,FTP-Patator
Wednesday-14-02-2018_448.pcap,tcp_3281,tcp,3281,FTP-Patator,Malware,Patator,FTP-Patator
Wednesday-14-02-2018_448.pcap,tcp_899,tcp,899,FTP-Patator,Malware,Patator,FTP-Patator
Wednesday-14-02-2018_448.pcap,tcp_901,tcp,901,FTP-Patator,Malware,Patator,FTP-Patator
Wednesday-14-02-2018_448.pcap,tcp_902,tcp,902,FTP-Patator,Malware,Patator,FTP-Patator
Wednesday-14-02-2018_448.pcap,tcp_3128,tcp,3128,FTP-Patator,Malware,Patator,FTP-Patator
Wednesday-14-02-2018_448.pcap,tcp_904,tcp,904,FTP-Patator,Malware,Patator,FTP-Patator
Wednesday-14-02-2018_448.pcap,tcp_1414,tcp,1414,FTP-Patator,Malware,Patator,FTP-Patator
Wednesday-14-02-2018_448.pcap,tcp_906,tcp,906,FTP-Patator,Malware,Patator,FTP-Patator
Wednesday-14-02-2018_448.pcap,tcp_1550,tcp,1550,FTP-Patator,Malware,Patator,FTP-Patator
Wednesday-14-02-2018_448.pcap,tcp_908,tcp,908,FTP-Patator,Malware,Patator,FTP-Patator
Wednesday-14-02-2018_448.pcap,tcp_909,tcp,909,FTP-Patator,Malware,Patator,FTP-Patator
Wednesday-14-02-2018_448.pcap,tcp_3098,tcp,3098,FTP-Patator,Malware,Patator,FTP-Patator
Wednesday-14-02-2018_448.pcap,tcp_2844,tcp,2844,FTP-Patator,Malware,Patator,FTP-Patator
Wednesday-14-02-2018_448.pcap,tcp_1389,tcp,1389,FTP-Patator,Malware,Patator,FTP-Patator
Wednesday-14-02-2018_448.pcap,tcp_913,tcp,913,FTP-Patator,Malware,Patator,FTP-Patator
Wednesday-14-02-2018_448.pcap,tcp_914,tcp,914,FTP-Patator,Malware,Patator,FTP-Patator
Wednesday-14-02-2018_448.pcap,tcp_2030,tcp,2030,FTP-Patator,Malware,Patator,FTP-Patator
Wednesday-14-02-2018_448.pcap,tcp_2604,tcp,2604,FTP-Patator,Malware,Patator,FTP-Patator
Wednesday-14-02-2018_448.pcap,tcp_2660,tcp,2660,FTP-Patator,Malware,Patator,FTP-Patator
Wednesday-14-02-2018_448.pcap,tcp_918,tcp,918,FTP-Patator,Malware,Patator,FTP-Patator
Wednesday-14-02-2018_448.pcap,tcp_1910,tcp,1910,FTP-Patator,Malware,Patator,FTP-Patator
Wednesday-14-02-2018_448.pcap,tcp_2464,tcp,2464,FTP-Patator,Malware,Patator,FTP-Patator
Wednesday-14-02-2018_448.pcap,tcp_2483,tcp,2483,FTP-Patator,Malware,Patator,FTP-Patator
Wednesday-14-02-2018_448.pcap,tcp_2782,tcp,2782,FTP-Patator,Malware,Patator,FTP-Patator
Wednesday-14-02-2018_448.pcap,tcp_1779,tcp,1779,FTP-Patator,Malware,Patator,FTP-Patator
Wednesday-14-02-2018_448.pcap,tcp_2717,tcp,2717,FTP-Patator,Malware,Patator,FTP-Patator
Wednesday-14-02-2018_448.pcap,tcp_927,tcp,927,FTP-Patator,Malware,Patator,FTP-Patator
Wednesday-14-02-2018_448.pcap,tcp_2364,tcp,2364,FTP-Patator,Malware,Patator,FTP-Patator
Wednesday-14-02-2018_448.pcap,tcp_929,tcp,929,FTP-Patator,Malware,Patator,FTP-Patator
Wednesday-14-02-2018_448.pcap,tcp_1914,tcp,1914,FTP-Patator,Malware,Patator,FTP-Patator
Wednesday-14-02-2018_448.pcap,tcp_931,tcp,931,FTP-Patator,Malware,Patator,FTP-Patator
Wednesday-14-02-2018_448.pcap,tcp_1945,tcp,1945,FTP-Patator,Malware,Patator,FTP-Patator
Wednesday-14-02-2018_448.pcap,tcp_2408,tcp,2408,FTP-Patator,Malware,Patator,FTP-Patator
Wednesday-14-02-2018_448.pcap,tcp_1809,tcp,1809,FTP-Patator,Malware,Patator,FTP-Patator
Wednesday-14-02-2018_448.pcap,tcp_1501,tcp,1501,FTP-Patator,Malware,Patator,FTP-Patator
Wednesday-14-02-2018_448.pcap,tcp_2182,tcp,2182,FTP-Patator,Malware,Patator,FTP-Patator
Wednesday-14-02-2018_448.pcap,tcp_1800,tcp,1800,FTP-Patator,Malware,Patator,FTP-Patator
Wednesday-14-02-2018_448.pcap,tcp_1971,tcp,1971,FTP-Patator,Malware,Patator,FTP-Patator
Wednesday-14-02-2018_448.pcap,tcp_941,tcp,941,FTP-Patator,Malware,Patator,FTP-Patator
Wednesday-14-02-2018_448.pcap,tcp_2204,tcp,2204,FTP-Patator,Malware,Patator,FTP-Patator
Wednesday-14-02-2018_448.pcap,tcp_3191,tcp,3191,FTP-Patator,Malware,Patator,FTP-Patator
Wednesday-14-02-2018_448.pcap,tcp_2240,tcp,2240,FTP-Patator,Malware,Patator,FTP-Patator
Wednesday-14-02-2018_448.pcap,tcp_949,tcp,949,FTP-Patator,Malware,Patator,FTP-Patator
Wednesday-14-02-2018_448.pcap,tcp_3117,tcp,3117,FTP-Patator,Malware,Patator,FTP-Patator
Wednesday-14-02-2018_448.pcap,tcp_951,tcp,951,FTP-Patator,Malware,Patator,FTP-Patator
Wednesday-14-02-2018_448.pcap,tcp_1840,tcp,1840,FTP-Patator,Malware,Patator,FTP-Patator
Wednesday-14-02-2018_448.pcap,tcp_1951,tcp,1951,FTP-Patator,Malware,Patator,FTP-Patator
Wednesday-14-02-2018_448.pcap,tcp_2334,tcp,2334,FTP-Patator,Malware,Patator,FTP-Patator
Wednesday-14-02-2018_448.pcap,tcp_955,tcp,955,FTP-Patator,Malware,Patator,FTP-Patator
Wednesday-14-02-2018_448.pcap,tcp_956,tcp,956,FTP-Patator,Malware,Patator,FTP-Patator
Wednesday-14-02-2018_448.pcap,tcp_2552,tcp,2552,FTP-Patator,Malware,Patator,FTP-Patator
Wednesday-14-02-2018_448.pcap,tcp_3121,tcp,3121,FTP-Patator,Malware,Patator,FTP-Patator
Wednesday-14-02-2018_448.pcap,tcp_961,tcp,961,FTP-Patator,Malware,Patator,FTP-Patator
Wednesday-14-02-2018_448.pcap,tcp_2654,tcp,2654,FTP-Patator,Malware,Patator,FTP-Patator
Wednesday-14-02-2018_448.pcap,tcp_2541,tcp,2541,FTP-Patator,Malware,Patator,FTP-Patator
Wednesday-14-02-2018_448.pcap,tcp_2492,tcp,2492,FTP-Patator,Malware,Patator,FTP-Patator
Wednesday-14-02-2018_448.pcap,tcp_3007,tcp,3007,FTP-Patator,Malware,Patator,FTP-Patator
Wednesday-14-02-2018_448.pcap,tcp_3304,tcp,3304,FTP-Patator,Malware,Patator,FTP-Patator
Wednesday-14-02-2018_448.pcap,tcp_968,tcp,968,FTP-Patator,Malware,Patator,FTP-Patator
Wednesday-14-02-2018_448.pcap,tcp_1505,tcp,1505,FTP-Patator,Malware,Patator,FTP-Patator
Wednesday-14-02-2018_448.pcap,tcp_2416,tcp,2416,FTP-Patator,Malware,Patator,FTP-Patator
Wednesday-14-02-2018_448.pcap,tcp_1393,tcp,1393,FTP-Patator,Malware,Patator,FTP-Patator
Wednesday-14-02-2018_448.pcap,tcp_1764,tcp,1764,FTP-Patator,Malware,Patator,FTP-Patator
Wednesday-14-02-2018_448.pcap,tcp_2924,tcp,2924,FTP-Patator,Malware,Patator,FTP-Patator
Wednesday-14-02-2018_448.pcap,tcp_976,tcp,976,FTP-Patator,Malware,Patator,FTP-Patator
Wednesday-14-02-2018_448.pcap,tcp_3333,tcp,3333,FTP-Patator,Malware,Patator,FTP-Patator
Wednesday-14-02-2018_448.pcap,tcp_2008,tcp,2008,FTP-Patator,Malware,Patator,FTP-Patator
Wednesday-14-02-2018_448.pcap,tcp_2459,tcp,2459,FTP-Patator,Malware,Patator,FTP-Patator
Wednesday-14-02-2018_448.pcap,tcp_981,tcp,981,FTP-Patator,Malware,Patator,FTP-Patator
Wednesday-14-02-2018_448.pcap,tcp_982,tcp,982,FTP-Patator,Malware,Patator,FTP-Patator
Wednesday-14-02-2018_448.pcap,tcp_2285,tcp,2285,FTP-Patator,Malware,Patator,FTP-Patator
Wednesday-14-02-2018_448.pcap,tcp_2413,tcp,2413,FTP-Patator,Malware,Patator,FTP-Patator
Wednesday-14-02-2018_448.pcap,tcp_2029,tcp,2029,FTP-Patator,Malware,Patator,FTP-Patator
Wednesday-14-02-2018_448.pcap,tcp_1529,tcp,1529,FTP-Patator,Malware,Patator,FTP-Patator
Wednesday-14-02-2018_448.pcap,tcp_1691,tcp,1691,FTP-Patator,Malware,Patator,FTP-Patator
Wednesday-14-02-2018_448.pcap,tcp_1689,tcp,1689,FTP-Patator,Malware,Patator,FTP-Patator
Wednesday-14-02-2018_448.pcap,tcp_3024,tcp,3024,FTP-Patator,Malware,Patator,FTP-Patator
Wednesday-14-02-2018_448.pcap,tcp_2734,tcp,2734,FTP-Patator,Malware,Patator,FTP-Patator
Wednesday-14-02-2018_448.pcap,tcp_3069,tcp,3069,FTP-Patator,Malware,Patator,FTP-Patator
Wednesday-14-02-2018_448.pcap,tcp_2424,tcp,2424,FTP-Patator,Malware,Patator,FTP-Patator
Wednesday-14-02-2018_448.pcap,tcp_3313,tcp,3313,FTP-Patator,Malware,Patator,FTP-Patator
Wednesday-14-02-2018_448.pcap,tcp_2055,tcp,2055,FTP-Patator,Malware,Patator,FTP-Patator
Wednesday-14-02-2018_448.pcap,tcp_3170,tcp,3170,FTP-Patator,Malware,Patator,FTP-Patator
Wednesday-14-02-2018_448.pcap,tcp_2551,tcp,2551,FTP-Patator,Malware,Patator,FTP-Patator
Wednesday-14-02-2018_448.pcap,tcp_2985,tcp,2985,FTP-Patator,Malware,Patator,FTP-Patator
Wednesday-14-02-2018_448.pcap,tcp_1001,tcp,1001,FTP-Patator,Malware,Patator,FTP-Patator
Wednesday-14-02-2018_448.pcap,tcp_1695,tcp,1695,FTP-Patator,Malware,Patator,FTP-Patator
Wednesday-14-02-2018_448.pcap,tcp_1004,tcp,1004,FTP-Patator,Malware,Patator,FTP-Patator
Wednesday-14-02-2018_448.pcap,tcp_1005,tcp,1005,FTP-Patator,Malware,Patator,FTP-Patator
Wednesday-14-02-2018_448.pcap,tcp_1983,tcp,1983,FTP-Patator,Malware,Patator,FTP-Patator
Wednesday-14-02-2018_448.pcap,tcp_1007,tcp,1007,FTP-Patator,Malware,Patator,FTP-Patator
Wednesday-14-02-2018_448.pcap,tcp_1008,tcp,1008,FTP-Patator,Malware,Patator,FTP-Patator
Wednesday-14-02-2018_448.pcap,tcp_2401,tcp,2401,FTP-Patator,Malware,Patator,FTP-Patator
Wednesday-14-02-2018_448.pcap,tcp_1010,tcp,1010,FTP-Patator,Malware,Patator,FTP-Patator
Wednesday-14-02-2018_448.pcap,tcp_1011,tcp,1011,FTP-Patator,Malware,Patator,FTP-Patator
Wednesday-14-02-2018_448.pcap,tcp_1013,tcp,1013,FTP-Patator,Malware,Patator,FTP-Patator
Wednesday-14-02-2018_448.pcap,tcp_1544,tcp,1544,FTP-Patator,Malware,Patator,FTP-Patator
Wednesday-14-02-2018_448.pcap,tcp_2076,tcp,2076,FTP-Patator,Malware,Patator,FTP-Patator
Wednesday-14-02-2018_448.pcap,tcp_1017,tcp,1017,FTP-Patator,Malware,Patator,FTP-Patator
Wednesday-14-02-2018_448.pcap,tcp_1019,tcp,1019,FTP-Patator,Malware,Patator,FTP-Patator
Wednesday-14-02-2018_448.pcap,tcp_1482,tcp,1482,FTP-Patator,Malware,Patator,FTP-Patator
Wednesday-14-02-2018_448.pcap,tcp_3061,tcp,3061,FTP-Patator,Malware,Patator,FTP-Patator
Wednesday-14-02-2018_448.pcap,tcp_2130,tcp,2130,FTP-Patator,Malware,Patator,FTP-Patator
Wednesday-14-02-2018_448.pcap,tcp_1023,tcp,1023,FTP-Patator,Malware,Patator,FTP-Patator
Wednesday-14-02-2018_448.pcap,tcp_1024,tcp,1024,FTP-Patator,Malware,Patator,FTP-Patator
Wednesday-14-02-2018_448.pcap,tcp_1027,tcp,1027,FTP-Patator,Malware,Patator,FTP-Patator
Wednesday-14-02-2018_448.pcap,tcp_1028,tcp,1028,FTP-Patator,Malware,Patator,FTP-Patator
Wednesday-14-02-2018_448.pcap,tcp_1611,tcp,1611,FTP-Patator,Malware,Patator,FTP-Patator
Wednesday-14-02-2018_448.pcap,tcp_1034,tcp,1034,FTP-Patator,Malware,Patator,FTP-Patator
Wednesday-14-02-2018_448.pcap,tcp_1035,tcp,1035,FTP-Patator,Malware,Patator,FTP-Patator
Wednesday-14-02-2018_448.pcap,tcp_2960,tcp,2960,FTP-Patator,Malware,Patator,FTP-Patator
Wednesday-14-02-2018_448.pcap,tcp_1038,tcp,1038,FTP-Patator,Malware,Patator,FTP-Patator
Wednesday-14-02-2018_448.pcap,tcp_1039,tcp,1039,FTP-Patator,Malware,Patator,FTP-Patator
Wednesday-14-02-2018_448.pcap,tcp_1040,tcp,1040,FTP-Patator,Malware,Patator,FTP-Patator
Wednesday-14-02-2018_448.pcap,tcp_1041,tcp,1041,FTP-Patator,Malware,Patator,FTP-Patator
Wednesday-14-02-2018_448.pcap,tcp_1042,tcp,1042,FTP-Patator,Malware,Patator,FTP-Patator
Wednesday-14-02-2018_448.pcap,tcp_1044,tcp,1044,FTP-Patator,Malware,Patator,FTP-Patator
Wednesday-14-02-2018_448.pcap,tcp_1918,tcp,1918,FTP-Patator,Malware,Patator,FTP-Patator
Wednesday-14-02-2018_448.pcap,tcp_2501,tcp,2501,FTP-Patator,Malware,Patator,FTP-Patator
Wednesday-14-02-2018_448.pcap,tcp_2842,tcp,2842,FTP-Patator,Malware,Patator,FTP-Patator
Wednesday-14-02-2018_448.pcap,tcp_1565,tcp,1565,FTP-Patator,Malware,Patator,FTP-Patator
Wednesday-14-02-2018_448.pcap,tcp_2354,tcp,2354,FTP-Patator,Malware,Patator,FTP-Patator
Wednesday-14-02-2018_448.pcap,tcp_2021,tcp,2021,FTP-Patator,Malware,Patator,FTP-Patator
Wednesday-14-02-2018_448.pcap,tcp_2066,tcp,2066,FTP-Patator,Malware,Patator,FTP-Patator
Wednesday-14-02-2018_448.pcap,tcp_1504,tcp,1504,FTP-Patator,Malware,Patator,FTP-Patator
Wednesday-14-02-2018_448.pcap,tcp_1813,tcp,1813,FTP-Patator,Malware,Patator,FTP-Patator
Wednesday-14-02-2018_448.pcap,tcp_1055,tcp,1055,FTP-Patator,Malware,Patator,FTP-Patator
Wednesday-14-02-2018_448.pcap,tcp_1057,tcp,1057,FTP-Patator,Malware,Patator,FTP-Patator
Wednesday-14-02-2018_448.pcap,tcp_2616,tcp,2616,FTP-Patator,Malware,Patator,FTP-Patator
Wednesday-14-02-2018_448.pcap,tcp_2239,tcp,2239,FTP-Patator,Malware,Patator,FTP-Patator
Wednesday-14-02-2018_448.pcap,tcp_2768,tcp,2768,FTP-Patator,Malware,Patator,FTP-Patator
Wednesday-14-02-2018_448.pcap,tcp_1061,tcp,1061,FTP-Patator,Malware,Patator,FTP-Patator
Wednesday-14-02-2018_448.pcap,tcp_1062,tcp,1062,FTP-Patator,Malware,Patator,FTP-Patator
Wednesday-14-02-2018_448.pcap,tcp_2585,tcp,2585,FTP-Patator,Malware,Patator,FTP-Patator
Wednesday-14-02-2018_448.pcap,tcp_1064,tcp,1064,FTP-Patator,Malware,Patator,FTP-Patator
Wednesday-14-02-2018_448.pcap,tcp_1651,tcp,1651,FTP-Patator,Malware,Patator,FTP-Patator
Wednesday-14-02-2018_448.pcap,tcp_1368,tcp,1368,FTP-Patator,Malware,Patator,FTP-Patator
Wednesday-14-02-2018_448.pcap,tcp_2040,tcp,2040,FTP-Patator,Malware,Patator,FTP-Patator
Wednesday-14-02-2018_448.pcap,tcp_2389,tcp,2389,FTP-Patator,Malware,Patator,FTP-Patator
Wednesday-14-02-2018_448.pcap,tcp_2583,tcp,2583,FTP-Patator,Malware,Patator,FTP-Patator
Wednesday-14-02-2018_448.pcap,tcp_1071,tcp,1071,FTP-Patator,Malware,Patator,FTP-Patator
Wednesday-14-02-2018_448.pcap,tcp_2871,tcp,2871,FTP-Patator,Malware,Patator,FTP-Patator
Wednesday-14-02-2018_448.pcap,tcp_1708,tcp,1708,FTP-Patator,Malware,Patator,FTP-Patator
Wednesday-14-02-2018_448.pcap,tcp_2451,tcp,2451,FTP-Patator,Malware,Patator,FTP-Patator
Wednesday-14-02-2018_448.pcap,tcp_1075,tcp,1075,FTP-Patator,Malware,Patator,FTP-Patator
Wednesday-14-02-2018_448.pcap,tcp_1076,tcp,1076,FTP-Patator,Malware,Patator,FTP-Patator
Wednesday-14-02-2018_448.pcap,tcp_2887,tcp,2887,FTP-Patator,Malware,Patator,FTP-Patator
Wednesday-14-02-2018_448.pcap,tcp_1078,tcp,1078,FTP-Patator,Malware,Patator,FTP-Patator
Wednesday-14-02-2018_448.pcap,tcp_1079,tcp,1079,FTP-Patator,Malware,Patator,FTP-Patator
Wednesday-14-02-2018_448.pcap,tcp_1342,tcp,1342,FTP-Patator,Malware,Patator,FTP-Patator
Wednesday-14-02-2018_448.pcap,tcp_2970,tcp,2970,FTP-Patator,Malware,Patator,FTP-Patator
Wednesday-14-02-2018_448.pcap,tcp_1082,tcp,1082,FTP-Patator,Malware,Patator,FTP-Patator
Wednesday-14-02-2018_448.pcap,tcp_1429,tcp,1429,FTP-Patator,Malware,Patator,FTP-Patator
Wednesday-14-02-2018_448.pcap,tcp_1748,tcp,1748,FTP-Patator,Malware,Patator,FTP-Patator
Wednesday-14-02-2018_448.pcap,tcp_1085,tcp,1085,FTP-Patator,Malware,Patator,FTP-Patator
Wednesday-14-02-2018_448.pcap,tcp_2427,tcp,2427,FTP-Patator,Malware,Patator,FTP-Patator
Wednesday-14-02-2018_448.pcap,tcp_1340,tcp,1340,FTP-Patator,Malware,Patator,FTP-Patator
Wednesday-14-02-2018_448.pcap,tcp_1807,tcp,1807,FTP-Patator,Malware,Patator,FTP-Patator
Wednesday-14-02-2018_448.pcap,tcp_3199,tcp,3199,FTP-Patator,Malware,Patator,FTP-Patator
Wednesday-14-02-2018_448.pcap,tcp_1092,tcp,1092,FTP-Patator,Malware,Patator,FTP-Patator
Wednesday-14-02-2018_448.pcap,tcp_1093,tcp,1093,FTP-Patator,Malware,Patator,FTP-Patator
Wednesday-14-02-2018_448.pcap,tcp_2769,tcp,2769,FTP-Patator,Malware,Patator,FTP-Patator
Wednesday-14-02-2018_448.pcap,tcp_1095,tcp,1095,FTP-Patator,Malware,Patator,FTP-Patator
Wednesday-14-02-2018_448.pcap,tcp_3185,tcp,3185,FTP-Patator,Malware,Patator,FTP-Patator
Wednesday-14-02-2018_448.pcap,tcp_2149,tcp,2149,FTP-Patator,Malware,Patator,FTP-Patator
Wednesday-14-02-2018_448.pcap,tcp_1101,tcp,1101,FTP-Patator,Malware,Patator,FTP-Patator
Wednesday-14-02-2018_448.pcap,tcp_1102,tcp,1102,FTP-Patator,Malware,Patator,FTP-Patator
Wednesday-14-02-2018_448.pcap,tcp_1103,tcp,1103,FTP-Patator,Malware,Patator,FTP-Patator
Wednesday-14-02-2018_448.pcap,tcp_1481,tcp,1481,FTP-Patator,Malware,Patator,FTP-Patator
Wednesday-14-02-2018_448.pcap,tcp_1105,tcp,1105,FTP-Patator,Malware,Patator,FTP-Patator
Wednesday-14-02-2018_448.pcap,tcp_2711,tcp,2711,FTP-Patator,Malware,Patator,FTP-Patator
Wednesday-14-02-2018_448.pcap,tcp_2175,tcp,2175,FTP-Patator,Malware,Patator,FTP-Patator
Wednesday-14-02-2018_448.pcap,tcp_1738,tcp,1738,FTP-Patator,Malware,Patator,FTP-Patator
Wednesday-14-02-2018_448.pcap,tcp_1113,tcp,1113,FTP-Patator,Malware,Patator,FTP-Patator
Wednesday-14-02-2018_448.pcap,tcp_3323,tcp,3323,FTP-Patator,Malware,Patator,FTP-Patator
Wednesday-14-02-2018_448.pcap,tcp_2403,tcp,2403,FTP-Patator,Malware,Patator,FTP-Patator
Wednesday-14-02-2018_448.pcap,tcp_2075,tcp,2075,FTP-Patator,Malware,Patator,FTP-Patator
Wednesday-14-02-2018_448.pcap,tcp_1630,tcp,1630,FTP-Patator,Malware,Patator,FTP-Patator
Wednesday-14-02-2018_448.pcap,tcp_1119,tcp,1119,FTP-Patator,Malware,Patator,FTP-Patator
Wednesday-14-02-2018_448.pcap,tcp_1120,tcp,1120,FTP-Patator,Malware,Patator,FTP-Patator
Wednesday-14-02-2018_448.pcap,tcp_1121,tcp,1121,FTP-Patator,Malware,Patator,FTP-Patator
Wednesday-14-02-2018_448.pcap,tcp_3286,tcp,3286,FTP-Patator,Malware,Patator,FTP-Patator
Wednesday-14-02-2018_448.pcap,tcp_1591,tcp,1591,FTP-Patator,Malware,Patator,FTP-Patator
Wednesday-14-02-2018_448.pcap,tcp_1129,tcp,1129,FTP-Patator,Malware,Patator,FTP-Patator
Wednesday-14-02-2018_448.pcap,tcp_1624,tcp,1624,FTP-Patator,Malware,Patator,FTP-Patator
Wednesday-14-02-2018_448.pcap,tcp_1474,tcp,1474,FTP-Patator,Malware,Patator,FTP-Patator
Wednesday-14-02-2018_448.pcap,tcp_3163,tcp,3163,FTP-Patator,Malware,Patator,FTP-Patator
Wednesday-14-02-2018_448.pcap,tcp_1133,tcp,1133,FTP-Patator,Malware,Patator,FTP-Patator
Wednesday-14-02-2018_448.pcap,tcp_2850,tcp,2850,FTP-Patator,Malware,Patator,FTP-Patator
Wednesday-14-02-2018_448.pcap,tcp_1961,tcp,1961,FTP-Patator,Malware,Patator,FTP-Patator
Wednesday-14-02-2018_448.pcap,tcp_1137,tcp,1137,FTP-Patator,Malware,Patator,FTP-Patator
Wednesday-14-02-2018_448.pcap,tcp_1138,tcp,1138,FTP-Patator,Malware,Patator,FTP-Patator
Wednesday-14-02-2018_448.pcap,tcp_2382,tcp,2382,FTP-Patator,Malware,Patator,FTP-Patator
Wednesday-14-02-2018_448.pcap,tcp_1140,tcp,1140,FTP-Patator,Malware,Patator,FTP-Patator
Wednesday-14-02-2018_448.pcap,tcp_1141,tcp,1141,FTP-Patator,Malware,Patator,FTP-Patator
Wednesday-14-02-2018_448.pcap,tcp_3192,tcp,3192,FTP-Patator,Malware,Patator,FTP-Patator
Wednesday-14-02-2018_448.pcap,tcp_1824,tcp,1824,FTP-Patator,Malware,Patator,FTP-Patator
Wednesday-14-02-2018_448.pcap,tcp_1146,tcp,1146,FTP-Patator,Malware,Patator,FTP-Patator
Wednesday-14-02-2018_448.pcap,tcp_2281,tcp,2281,FTP-Patator,Malware,Patator,FTP-Patator
Wednesday-14-02-2018_448.pcap,tcp_2174,tcp,2174,FTP-Patator,Malware,Patator,FTP-Patator
Wednesday-14-02-2018_448.pcap,tcp_1151,tcp,1151,FTP-Patator,Malware,Patator,FTP-Patator
Wednesday-14-02-2018_448.pcap,tcp_2119,tcp,2119,FTP-Patator,Malware,Patator,FTP-Patator
Wednesday-14-02-2018_448.pcap,tcp_1154,tcp,1154,FTP-Patator,Malware,Patator,FTP-Patator
Wednesday-14-02-2018_448.pcap,tcp_1155,tcp,1155,FTP-Patator,Malware,Patator,FTP-Patator
Wednesday-14-02-2018_448.pcap,tcp_1156,tcp,1156,FTP-Patator,Malware,Patator,FTP-Patator
Wednesday-14-02-2018_448.pcap,tcp_1991,tcp,1991,FTP-Patator,Malware,Patator,FTP-Patator
Wednesday-14-02-2018_448.pcap,tcp_1158,tcp,1158,FTP-Patator,Malware,Patator,FTP-Patator
Wednesday-14-02-2018_448.pcap,tcp_1159,tcp,1159,FTP-Patator,Malware,Patator,FTP-Patator
Wednesday-14-02-2018_448.pcap,tcp_2851,tcp,2851,FTP-Patator,Malware,Patator,FTP-Patator
Wednesday-14-02-2018_448.pcap,tcp_1162,tcp,1162,FTP-Patator,Malware,Patator,FTP-Patator
Wednesday-14-02-2018_448.pcap,tcp_1362,tcp,1362,FTP-Patator,Malware,Patator,FTP-Patator
Wednesday-14-02-2018_448.pcap,tcp_1165,tcp,1165,FTP-Patator,Malware,Patator,FTP-Patator
Wednesday-14-02-2018_448.pcap,tcp_1437,tcp,1437,FTP-Patator,Malware,Patator,FTP-Patator
Wednesday-14-02-2018_448.pcap,tcp_2517,tcp,2517,FTP-Patator,Malware,Patator,FTP-Patator
Wednesday-14-02-2018_448.pcap,tcp_1168,tcp,1168,FTP-Patator,Malware,Patator,FTP-Patator
Wednesday-14-02-2018_448.pcap,tcp_1882,tcp,1882,FTP-Patator,Malware,Patator,FTP-Patator
Wednesday-14-02-2018_448.pcap,tcp_1845,tcp,1845,FTP-Patator,Malware,Patator,FTP-Patator
Wednesday-14-02-2018_448.pcap,tcp_2786,tcp,2786,FTP-Patator,Malware,Patator,FTP-Patator
Wednesday-14-02-2018_448.pcap,tcp_1944,tcp,1944,FTP-Patator,Malware,Patator,FTP-Patator
Wednesday-14-02-2018_448.pcap,tcp_1175,tcp,1175,FTP-Patator,Malware,Patator,FTP-Patator
Wednesday-14-02-2018_448.pcap,tcp_2640,tcp,2640,FTP-Patator,Malware,Patator,FTP-Patator
Wednesday-14-02-2018_448.pcap,tcp_3237,tcp,3237,FTP-Patator,Malware,Patator,FTP-Patator
Wednesday-14-02-2018_448.pcap,tcp_1178,tcp,1178,FTP-Patator,Malware,Patator,FTP-Patator
Wednesday-14-02-2018_448.pcap,tcp_3298,tcp,3298,FTP-Patator,Malware,Patator,FTP-Patator
Wednesday-14-02-2018_448.pcap,tcp_1634,tcp,1634,FTP-Patator,Malware,Patator,FTP-Patator
Wednesday-14-02-2018_448.pcap,tcp_2805,tcp,2805,FTP-Patator,Malware,Patator,FTP-Patator
Wednesday-14-02-2018_448.pcap,tcp_2907,tcp,2907,FTP-Patator,Malware,Patator,FTP-Patator
Wednesday-14-02-2018_448.pcap,tcp_2909,tcp,2909,FTP-Patator,Malware,Patator,FTP-Patator
Wednesday-14-02-2018_448.pcap,tcp_2949,tcp,2949,FTP-Patator,Malware,Patator,FTP-Patator
Wednesday-14-02-2018_448.pcap,tcp_1187,tcp,1187,FTP-Patator,Malware,Patator,FTP-Patator
Wednesday-14-02-2018_448.pcap,tcp_2862,tcp,2862,FTP-Patator,Malware,Patator,FTP-Patator
Wednesday-14-02-2018_448.pcap,tcp_1189,tcp,1189,FTP-Patator,Malware,Patator,FTP-Patator
Wednesday-14-02-2018_448.pcap,tcp_2848,tcp,2848,FTP-Patator,Malware,Patator,FTP-Patator
Wednesday-14-02-2018_448.pcap,tcp_2415,tcp,2415,FTP-Patator,Malware,Patator,FTP-Patator
Wednesday-14-02-2018_448.pcap,tcp_2989,tcp,2989,FTP-Patator,Malware,Patator,FTP-Patator
Wednesday-14-02-2018_448.pcap,tcp_1195,tcp,1195,FTP-Patator,Malware,Patator,FTP-Patator
Wednesday-14-02-2018_448.pcap,tcp_3206,tcp,3206,FTP-Patator,Malware,Patator,FTP-Patator
Wednesday-14-02-2018_448.pcap,tcp_1197,tcp,1197,FTP-Patator,Malware,Patator,FTP-Patator
Wednesday-14-02-2018_448.pcap,tcp_2429,tcp,2429,FTP-Patator,Malware,Patator,FTP-Patator
Wednesday-14-02-2018_448.pcap,tcp_2928,tcp,2928,FTP-Patator,Malware,Patator,FTP-Patator
Wednesday-14-02-2018_448.pcap,tcp_1203,tcp,1203,FTP-Patator,Malware,Patator,FTP-Patator
Wednesday-14-02-2018_448.pcap,tcp_2248,tcp,2248,FTP-Patator,Malware,Patator,FTP-Patator
Wednesday-14-02-2018_448.pcap,tcp_2287,tcp,2287,FTP-Patator,Malware,Patator,FTP-Patator
Wednesday-14-02-2018_448.pcap,tcp_2219,tcp,2219,FTP-Patator,Malware,Patator,FTP-Patator
Wednesday-14-02-2018_448.pcap,tcp_1210,tcp,1210,FTP-Patator,Malware,Patator,FTP-Patator
Wednesday-14-02-2018_448.pcap,tcp_1211,tcp,1211,FTP-Patator,Malware,Patator,FTP-Patator
Wednesday-14-02-2018_448.pcap,tcp_2631,tcp,2631,FTP-Patator,Malware,Patator,FTP-Patator
Wednesday-14-02-2018_448.pcap,tcp_1214,tcp,1214,FTP-Patator,Malware,Patator,FTP-Patator
Wednesday-14-02-2018_448.pcap,tcp_1215,tcp,1215,FTP-Patator,Malware,Patator,FTP-Patator
Wednesday-14-02-2018_448.pcap,tcp_1217,tcp,1217,FTP-Patator,Malware,Patator,FTP-Patator
Wednesday-14-02-2018_448.pcap,tcp_2012,tcp,2012,FTP-Patator,Malware,Patator,FTP-Patator
Wednesday-14-02-2018_448.pcap,tcp_1220,tcp,1220,FTP-Patator,Malware,Patator,FTP-Patator
Wednesday-14-02-2018_448.pcap,tcp_2297,tcp,2297,FTP-Patator,Malware,Patator,FTP-Patator
Wednesday-14-02-2018_448.pcap,tcp_2320,tcp,2320,FTP-Patator,Malware,Patator,FTP-Patator
Wednesday-14-02-2018_448.pcap,tcp_1441,tcp,1441,FTP-Patator,Malware,Patator,FTP-Patator
Wednesday-14-02-2018_448.pcap,tcp_2118,tcp,2118,FTP-Patator,Malware,Patator,FTP-Patator
Wednesday-14-02-2018_448.pcap,tcp_1570,tcp,1570,FTP-Patator,Malware,Patator,FTP-Patator
Wednesday-14-02-2018_448.pcap,tcp_1397,tcp,1397,FTP-Patator,Malware,Patator,FTP-Patator
Wednesday-14-02-2018_448.pcap,tcp_1228,tcp,1228,FTP-Patator,Malware,Patator,FTP-Patator
Wednesday-14-02-2018_448.pcap,tcp_1623,tcp,1623,FTP-Patator,Malware,Patator,FTP-Patator
Wednesday-14-02-2018_448.pcap,tcp_1724,tcp,1724,FTP-Patator,Malware,Patator,FTP-Patator
Wednesday-14-02-2018_448.pcap,tcp_2528,tcp,2528,FTP-Patator,Malware,Patator,FTP-Patator
Wednesday-14-02-2018_448.pcap,tcp_1233,tcp,1233,FTP-Patator,Malware,Patator,FTP-Patator
Wednesday-14-02-2018_448.pcap,tcp_3326,tcp,3326,FTP-Patator,Malware,Patator,FTP-Patator
Wednesday-14-02-2018_448.pcap,tcp_2230,tcp,2230,FTP-Patator,Malware,Patator,FTP-Patator
Wednesday-14-02-2018_448.pcap,tcp_2527,tcp,2527,FTP-Patator,Malware,Patator,FTP-Patator
Wednesday-14-02-2018_448.pcap,tcp_1237,tcp,1237,FTP-Patator,Malware,Patator,FTP-Patator
Wednesday-14-02-2018_448.pcap,tcp_2141,tcp,2141,FTP-Patator,Malware,Patator,FTP-Patator
Wednesday-14-02-2018_448.pcap,tcp_1240,tcp,1240,FTP-Patator,Malware,Patator,FTP-Patator
Wednesday-14-02-2018_448.pcap,tcp_1241,tcp,1241,FTP-Patator,Malware,Patator,FTP-Patator
Wednesday-14-02-2018_448.pcap,tcp_1242,tcp,1242,FTP-Patator,Malware,Patator,FTP-Patator
Wednesday-14-02-2018_448.pcap,tcp_1648,tcp,1648,FTP-Patator,Malware,Patator,FTP-Patator
Wednesday-14-02-2018_448.pcap,tcp_1245,tcp,1245,FTP-Patator,Malware,Patator,FTP-Patator
Wednesday-14-02-2018_448.pcap,tcp_1246,tcp,1246,FTP-Patator,Malware,Patator,FTP-Patator
Wednesday-14-02-2018_448.pcap,tcp_1248,tcp,1248,FTP-Patator,Malware,Patator,FTP-Patator
Wednesday-14-02-2018_448.pcap,tcp_2597,tcp,2597,FTP-Patator,Malware,Patator,FTP-Patator
Wednesday-14-02-2018_448.pcap,tcp_1496,tcp,1496,FTP-Patator,Malware,Patator,FTP-Patator
Wednesday-14-02-2018_448.pcap,tcp_2079,tcp,2079,FTP-Patator,Malware,Patator,FTP-Patator
Wednesday-14-02-2018_448.pcap,tcp_2751,tcp,2751,FTP-Patator,Malware,Patator,FTP-Patator
Wednesday-14-02-2018_448.pcap,tcp_2978,tcp,2978,FTP-Patator,Malware,Patator,FTP-Patator
Wednesday-14-02-2018_448.pcap,tcp_1818,tcp,1818,FTP-Patator,Malware,Patator,FTP-Patator
Wednesday-14-02-2018_448.pcap,tcp_3306,tcp,3306,FTP-Patator,Malware,Patator,FTP-Patator
Wednesday-14-02-2018_448.pcap,tcp_1258,tcp,1258,FTP-Patator,Malware,Patator,FTP-Patator
Wednesday-14-02-2018_448.pcap,tcp_1259,tcp,1259,FTP-Patator,Malware,Patator,FTP-Patator
Wednesday-14-02-2018_448.pcap,tcp_1260,tcp,1260,FTP-Patator,Malware,Patator,FTP-Patator
Wednesday-14-02-2018_448.pcap,tcp_2299,tcp,2299,FTP-Patator,Malware,Patator,FTP-Patator
Wednesday-14-02-2018_448.pcap,tcp_1262,tcp,1262,FTP-Patator,Malware,Patator,FTP-Patator
Wednesday-14-02-2018_448.pcap,tcp_2919,tcp,2919,FTP-Patator,Malware,Patator,FTP-Patator
Wednesday-14-02-2018_448.pcap,tcp_2669,tcp,2669,FTP-Patator,Malware,Patator,FTP-Patator
Wednesday-14-02-2018_448.pcap,tcp_2831,tcp,2831,FTP-Patator,Malware,Patator,FTP-Patator
Wednesday-14-02-2018_448.pcap,tcp_2110,tcp,2110,FTP-Patator,Malware,Patator,FTP-Patator
Wednesday-14-02-2018_448.pcap,tcp_2562,tcp,2562,FTP-Patator,Malware,Patator,FTP-Patator
Wednesday-14-02-2018_448.pcap,tcp_1269,tcp,1269,FTP-Patator,Malware,Patator,FTP-Patator
Wednesday-14-02-2018_448.pcap,tcp_3223,tcp,3223,FTP-Patator,Malware,Patator,FTP-Patator
Wednesday-14-02-2018_448.pcap,tcp_1833,tcp,1833,FTP-Patator,Malware,Patator,FTP-Patator
Wednesday-14-02-2018_448.pcap,tcp_2046,tcp,2046,FTP-Patator,Malware,Patator,FTP-Patator
Wednesday-14-02-2018_448.pcap,tcp_1969,tcp,1969,FTP-Patator,Malware,Patator,FTP-Patator
Wednesday-14-02-2018_448.pcap,tcp_2365,tcp,2365,FTP-Patator,Malware,Patator,FTP-Patator
Wednesday-14-02-2018_448.pcap,tcp_2512,tcp,2512,FTP-Patator,Malware,Patator,FTP-Patator
Wednesday-14-02-2018_448.pcap,tcp_1556,tcp,1556,FTP-Patator,Malware,Patator,FTP-Patator
Wednesday-14-02-2018_448.pcap,tcp_1279,tcp,1279,FTP-Patator,Malware,Patator,FTP-Patator
Wednesday-14-02-2018_448.pcap,tcp_2860,tcp,2860,FTP-Patator,Malware,Patator,FTP-Patator
Wednesday-14-02-2018_448.pcap,tcp_1282,tcp,1282,FTP-Patator,Malware,Patator,FTP-Patator
Wednesday-14-02-2018_448.pcap,tcp_1644,tcp,1644,FTP-Patator,Malware,Patator,FTP-Patator
Wednesday-14-02-2018_448.pcap,tcp_3290,tcp,3290,FTP-Patator,Malware,Patator,FTP-Patator
Wednesday-14-02-2018_448.pcap,tcp_2313,tcp,2313,FTP-Patator,Malware,Patator,FTP-Patator
Wednesday-14-02-2018_448.pcap,tcp_1720,tcp,1720,FTP-Patator,Malware,Patator,FTP-Patator
Wednesday-14-02-2018_448.pcap,tcp_1613,tcp,1613,FTP-Patator,Malware,Patator,FTP-Patator
Wednesday-14-02-2018_448.pcap,tcp_1291,tcp,1291,FTP-Patator,Malware,Patator,FTP-Patator
Wednesday-14-02-2018_448.pcap,tcp_1292,tcp,1292,FTP-Patator,Malware,Patator,FTP-Patator
Wednesday-14-02-2018_448.pcap,tcp_1679,tcp,1679,FTP-Patator,Malware,Patator,FTP-Patator
Wednesday-14-02-2018_448.pcap,tcp_2981,tcp,2981,FTP-Patator,Malware,Patator,FTP-Patator
Wednesday-14-02-2018_448.pcap,tcp_2600,tcp,2600,FTP-Patator,Malware,Patator,FTP-Patator
Wednesday-14-02-2018_448.pcap,tcp_1992,tcp,1992,FTP-Patator,Malware,Patator,FTP-Patator
Wednesday-14-02-2018_448.pcap,tcp_1299,tcp,1299,FTP-Patator,Malware,Patator,FTP-Patator
Wednesday-14-02-2018_448.pcap,tcp_1349,tcp,1349,FTP-Patator,Malware,Patator,FTP-Patator
Wednesday-14-02-2018_448.pcap,tcp_1901,tcp,1901,FTP-Patator,Malware,Patator,FTP-Patator
Wednesday-14-02-2018_448.pcap,tcp_1302,tcp,1302,FTP-Patator,Malware,Patator,FTP-Patator
Wednesday-14-02-2018_448.pcap,tcp_2555,tcp,2555,FTP-Patator,Malware,Patator,FTP-Patator
Wednesday-14-02-2018_448.pcap,tcp_1304,tcp,1304,FTP-Patator,Malware,Patator,FTP-Patator
Wednesday-14-02-2018_448.pcap,tcp_2858,tcp,2858,FTP-Patator,Malware,Patator,FTP-Patator
Wednesday-14-02-2018_448.pcap,tcp_1307,tcp,1307,FTP-Patator,Malware,Patator,FTP-Patator
Wednesday-14-02-2018_448.pcap,tcp_2758,tcp,2758,FTP-Patator,Malware,Patator,FTP-Patator
Wednesday-14-02-2018_448.pcap,tcp_1309,tcp,1309,FTP-Patator,Malware,Patator,FTP-Patator
Wednesday-14-02-2018_448.pcap,tcp_1310,tcp,1310,FTP-Patator,Malware,Patator,FTP-Patator
Wednesday-14-02-2018_448.pcap,tcp_3324,tcp,3324,FTP-Patator,Malware,Patator,FTP-Patator
Wednesday-14-02-2018_448.pcap,tcp_2723,tcp,2723,FTP-Patator,Malware,Patator,FTP-Patator
Wednesday-14-02-2018_448.pcap,tcp_2505,tcp,2505,FTP-Patator,Malware,Patator,FTP-Patator
Wednesday-14-02-2018_448.pcap,tcp_2620,tcp,2620,FTP-Patator,Malware,Patator,FTP-Patator
Wednesday-14-02-2018_448.pcap,tcp_2245,tcp,2245,FTP-Patator,Malware,Patator,FTP-Patator
Wednesday-14-02-2018_448.pcap,tcp_2419,tcp,2419,FTP-Patator,Malware,Patator,FTP-Patator
Wednesday-14-02-2018_448.pcap,tcp_1431,tcp,1431,FTP-Patator,Malware,Patator,FTP-Patator
Wednesday-14-02-2018_448.pcap,tcp_1669,tcp,1669,FTP-Patator,Malware,Patator,FTP-Patator
Wednesday-14-02-2018_448.pcap,tcp_1319,tcp,1319,FTP-Patator,Malware,Patator,FTP-Patator
Wednesday-14-02-2018_448.pcap,tcp_1320,tcp,1320,FTP-Patator,Malware,Patator,FTP-Patator
Wednesday-14-02-2018_448.pcap,tcp_1546,tcp,1546,FTP-Patator,Malware,Patator,FTP-Patator
Wednesday-14-02-2018_448.pcap,tcp_2013,tcp,2013,FTP-Patator,Malware,Patator,FTP-Patator
Wednesday-14-02-2018_448.pcap,tcp_2747,tcp,2747,FTP-Patator,Malware,Patator,FTP-Patator
Wednesday-14-02-2018_448.pcap,tcp_1681,tcp,1681,FTP-Patator,Malware,Patator,FTP-Patator
Wednesday-14-02-2018_448.pcap,tcp_2386,tcp,2386,FTP-Patator,Malware,Patator,FTP-Patator
Wednesday-14-02-2018_448.pcap,tcp_2017,tcp,2017,FTP-Patator,Malware,Patator,FTP-Patator
Wednesday-14-02-2018_448.pcap,tcp_1329,tcp,1329,FTP-Patator,Malware,Patator,FTP-Patator
Wednesday-14-02-2018_448.pcap,tcp_1330,tcp,1330,FTP-Patator,Malware,Patator,FTP-Patator
Wednesday-14-02-2018_448.pcap,tcp_2059,tcp,2059,FTP-Patator,Malware,Patator,FTP-Patator
Wednesday-14-02-2018_448.pcap,tcp_1333,tcp,1333,FTP-Patator,Malware,Patator,FTP-Patator
Wednesday-14-02-2018_448.pcap,tcp_1334,tcp,1334,FTP-Patator,Malware,Patator,FTP-Patator
Wednesday-14-02-2018_448.pcap,tcp_2531,tcp,2531,FTP-Patator,Malware,Patator,FTP-Patator
Wednesday-14-02-2018_448.pcap,tcp_196472,tcp,196472,SSH-Patator,Malware,Patator,SSH-Patator
Wednesday-14-02-2018_448.pcap,tcp_195614,tcp,195614,SSH-Patator,Malware,Patator,SSH-Patator
Wednesday-14-02-2018_448.pcap,tcp_196617,tcp,196617,SSH-Patator,Malware,Patator,SSH-Patator
Wednesday-14-02-2018_448.pcap,tcp_195452,tcp,195452,SSH-Patator,Malware,Patator,SSH-Patator
Wednesday-14-02-2018_448.pcap,tcp_196079,tcp,196079,SSH-Patator,Malware,Patator,SSH-Patator
Wednesday-14-02-2018_448.pcap,tcp_196092,tcp,196092,SSH-Patator,Malware,Patator,SSH-Patator
Wednesday-14-02-2018_448.pcap,tcp_194225,tcp,194225,SSH-Patator,Malware,Patator,SSH-Patator
Wednesday-14-02-2018_448.pcap,tcp_196608,tcp,196608,SSH-Patator,Malware,Patator,SSH-Patator
Wednesday-14-02-2018_448.pcap,tcp_197106,tcp,197106,SSH-Patator,Malware,Patator,SSH-Patator
Wednesday-14-02-2018_448.pcap,tcp_195488,tcp,195488,SSH-Patator,Malware,Patator,SSH-Patator
Wednesday-14-02-2018_448.pcap,tcp_194229,tcp,194229,SSH-Patator,Malware,Patator,SSH-Patator
Wednesday-14-02-2018_448.pcap,tcp_196460,tcp,196460,SSH-Patator,Malware,Patator,SSH-Patator
Wednesday-14-02-2018_448.pcap,tcp_195847,tcp,195847,SSH-Patator,Malware,Patator,SSH-Patator
Wednesday-14-02-2018_448.pcap,tcp_197070,tcp,197070,SSH-Patator,Malware,Patator,SSH-Patator
Wednesday-14-02-2018_448.pcap,tcp_194234,tcp,194234,SSH-Patator,Malware,Patator,SSH-Patator
Wednesday-14-02-2018_448.pcap,tcp_194237,tcp,194237,SSH-Patator,Malware,Patator,SSH-Patator
Wednesday-14-02-2018_448.pcap,tcp_194238,tcp,194238,SSH-Patator,Malware,Patator,SSH-Patator
Wednesday-14-02-2018_448.pcap,tcp_197057,tcp,197057,SSH-Patator,Malware,Patator,SSH-Patator
Wednesday-14-02-2018_448.pcap,tcp_196788,tcp,196788,SSH-Patator,Malware,Patator,SSH-Patator
Wednesday-14-02-2018_448.pcap,tcp_196545,tcp,196545,SSH-Patator,Malware,Patator,SSH-Patator
Wednesday-14-02-2018_448.pcap,tcp_194242,tcp,194242,SSH-Patator,Malware,Patator,SSH-Patator
Wednesday-14-02-2018_448.pcap,tcp_194243,tcp,194243,SSH-Patator,Malware,Patator,SSH-Patator
Wednesday-14-02-2018_448.pcap,tcp_195893,tcp,195893,SSH-Patator,Malware,Patator,SSH-Patator
Wednesday-14-02-2018_448.pcap,tcp_196560,tcp,196560,SSH-Patator,Malware,Patator,SSH-Patator
Wednesday-14-02-2018_448.pcap,tcp_196889,tcp,196889,SSH-Patator,Malware,Patator,SSH-Patator
Wednesday-14-02-2018_448.pcap,tcp_194248,tcp,194248,SSH-Patator,Malware,Patator,SSH-Patator
Wednesday-14-02-2018_448.pcap,tcp_195973,tcp,195973,SSH-Patator,Malware,Patator,SSH-Patator
Wednesday-14-02-2018_448.pcap,tcp_194250,tcp,194250,SSH-Patator,Malware,Patator,SSH-Patator
Wednesday-14-02-2018_448.pcap,tcp_196496,tcp,196496,SSH-Patator,Malware,Patator,SSH-Patator
Wednesday-14-02-2018_448.pcap,tcp_195695,tcp,195695,SSH-Patator,Malware,Patator,SSH-Patator
Wednesday-14-02-2018_448.pcap,tcp_196220,tcp,196220,SSH-Patator,Malware,Patator,SSH-Patator
Wednesday-14-02-2018_448.pcap,tcp_194254,tcp,194254,SSH-Patator,Malware,Patator,SSH-Patator
Wednesday-14-02-2018_448.pcap,tcp_194255,tcp,194255,SSH-Patator,Malware,Patator,SSH-Patator
Wednesday-14-02-2018_448.pcap,tcp_196356,tcp,196356,SSH-Patator,Malware,Patator,SSH-Patator
Wednesday-14-02-2018_448.pcap,tcp_195289,tcp,195289,SSH-Patator,Malware,Patator,SSH-Patator
Wednesday-14-02-2018_448.pcap,tcp_194260,tcp,194260,SSH-Patator,Malware,Patator,SSH-Patator
Wednesday-14-02-2018_448.pcap,tcp_194261,tcp,194261,SSH-Patator,Malware,Patator,SSH-Patator
Wednesday-14-02-2018_448.pcap,tcp_196243,tcp,196243,SSH-Patator,Malware,Patator,SSH-Patator
Wednesday-14-02-2018_448.pcap,tcp_195510,tcp,195510,SSH-Patator,Malware,Patator,SSH-Patator
Wednesday-14-02-2018_448.pcap,tcp_194266,tcp,194266,SSH-Patator,Malware,Patator,SSH-Patator
Wednesday-14-02-2018_448.pcap,tcp_196451,tcp,196451,SSH-Patator,Malware,Patator,SSH-Patator
Wednesday-14-02-2018_448.pcap,tcp_196253,tcp,196253,SSH-Patator,Malware,Patator,SSH-Patator
Wednesday-14-02-2018_448.pcap,tcp_194269,tcp,194269,SSH-Patator,Malware,Patator,SSH-Patator
Wednesday-14-02-2018_448.pcap,tcp_194270,tcp,194270,SSH-Patator,Malware,Patator,SSH-Patator
Wednesday-14-02-2018_448.pcap,tcp_196303,tcp,196303,SSH-Patator,Malware,Patator,SSH-Patator
Wednesday-14-02-2018_448.pcap,tcp_196823,tcp,196823,SSH-Patator,Malware,Patator,SSH-Patator
Wednesday-14-02-2018_448.pcap,tcp_195749,tcp,195749,SSH-Patator,Malware,Patator,SSH-Patator
Wednesday-14-02-2018_448.pcap,tcp_196680,tcp,196680,SSH-Patator,Malware,Patator,SSH-Patator
Wednesday-14-02-2018_448.pcap,tcp_195656,tcp,195656,SSH-Patator,Malware,Patator,SSH-Patator
Wednesday-14-02-2018_448.pcap,tcp_196589,tcp,196589,SSH-Patator,Malware,Patator,SSH-Patator
Wednesday-14-02-2018_448.pcap,tcp_195961,tcp,195961,SSH-Patator,Malware,Patator,SSH-Patator
Wednesday-14-02-2018_448.pcap,tcp_196130,tcp,196130,SSH-Patator,Malware,Patator,SSH-Patator
Wednesday-14-02-2018_448.pcap,tcp_194282,tcp,194282,SSH-Patator,Malware,Patator,SSH-Patator
Wednesday-14-02-2018_448.pcap,tcp_194283,tcp,194283,SSH-Patator,Malware,Patator,SSH-Patator
Wednesday-14-02-2018_448.pcap,tcp_195826,tcp,195826,SSH-Patator,Malware,Patator,SSH-Patator
Wednesday-14-02-2018_448.pcap,tcp_196769,tcp,196769,SSH-Patator,Malware,Patator,SSH-Patator
Wednesday-14-02-2018_448.pcap,tcp_195747,tcp,195747,SSH-Patator,Malware,Patator,SSH-Patator
Wednesday-14-02-2018_448.pcap,tcp_196017,tcp,196017,SSH-Patator,Malware,Patator,SSH-Patator
Wednesday-14-02-2018_448.pcap,tcp_195514,tcp,195514,SSH-Patator,Malware,Patator,SSH-Patator
Wednesday-14-02-2018_448.pcap,tcp_194291,tcp,194291,SSH-Patator,Malware,Patator,SSH-Patator
Wednesday-14-02-2018_448.pcap,tcp_195595,tcp,195595,SSH-Patator,Malware,Patator,SSH-Patator
Wednesday-14-02-2018_448.pcap,tcp_195818,tcp,195818,SSH-Patator,Malware,Patator,SSH-Patator
Wednesday-14-02-2018_448.pcap,tcp_195234,tcp,195234,SSH-Patator,Malware,Patator,SSH-Patator
Wednesday-14-02-2018_448.pcap,tcp_196410,tcp,196410,SSH-Patator,Malware,Patator,SSH-Patator
Wednesday-14-02-2018_448.pcap,tcp_196366,tcp,196366,SSH-Patator,Malware,Patator,SSH-Patator
Wednesday-14-02-2018_448.pcap,tcp_194299,tcp,194299,SSH-Patator,Malware,Patator,SSH-Patator
Wednesday-14-02-2018_448.pcap,tcp_194300,tcp,194300,SSH-Patator,Malware,Patator,SSH-Patator
Wednesday-14-02-2018_448.pcap,tcp_194301,tcp,194301,SSH-Patator,Malware,Patator,SSH-Patator
Wednesday-14-02-2018_448.pcap,tcp_195825,tcp,195825,SSH-Patator,Malware,Patator,SSH-Patator
Wednesday-14-02-2018_448.pcap,tcp_196168,tcp,196168,SSH-Patator,Malware,Patator,SSH-Patator
Wednesday-14-02-2018_448.pcap,tcp_196267,tcp,196267,SSH-Patator,Malware,Patator,SSH-Patator
Wednesday-14-02-2018_448.pcap,tcp_196755,tcp,196755,SSH-Patator,Malware,Patator,SSH-Patator
Wednesday-14-02-2018_448.pcap,tcp_195537,tcp,195537,SSH-Patator,Malware,Patator,SSH-Patator
Wednesday-14-02-2018_448.pcap,tcp_195759,tcp,195759,SSH-Patator,Malware,Patator,SSH-Patator
Wednesday-14-02-2018_448.pcap,tcp_196902,tcp,196902,SSH-Patator,Malware,Patator,SSH-Patator
Wednesday-14-02-2018_448.pcap,tcp_194311,tcp,194311,SSH-Patator,Malware,Patator,SSH-Patator
Wednesday-14-02-2018_448.pcap,tcp_194312,tcp,194312,SSH-Patator,Malware,Patator,SSH-Patator
Wednesday-14-02-2018_448.pcap,tcp_194313,tcp,194313,SSH-Patator,Malware,Patator,SSH-Patator
Wednesday-14-02-2018_448.pcap,tcp_195427,tcp,195427,SSH-Patator,Malware,Patator,SSH-Patator
Wednesday-14-02-2018_448.pcap,tcp_194316,tcp,194316,SSH-Patator,Malware,Patator,SSH-Patator
Wednesday-14-02-2018_448.pcap,tcp_195270,tcp,195270,SSH-Patator,Malware,Patator,SSH-Patator
Wednesday-14-02-2018_448.pcap,tcp_196971,tcp,196971,SSH-Patator,Malware,Patator,SSH-Patator
Wednesday-14-02-2018_448.pcap,tcp_194321,tcp,194321,SSH-Patator,Malware,Patator,SSH-Patator
Wednesday-14-02-2018_448.pcap,tcp_196994,tcp,196994,SSH-Patator,Malware,Patator,SSH-Patator
Wednesday-14-02-2018_448.pcap,tcp_194323,tcp,194323,SSH-Patator,Malware,Patator,SSH-Patator
Wednesday-14-02-2018_448.pcap,tcp_194324,tcp,194324,SSH-Patator,Malware,Patator,SSH-Patator
Wednesday-14-02-2018_448.pcap,tcp_196214,tcp,196214,SSH-Patator,Malware,Patator,SSH-Patator
Wednesday-14-02-2018_448.pcap,tcp_195979,tcp,195979,SSH-Patator,Malware,Patator,SSH-Patator
Wednesday-14-02-2018_448.pcap,tcp_196436,tcp,196436,SSH-Patator,Malware,Patator,SSH-Patator
Wednesday-14-02-2018_448.pcap,tcp_197001,tcp,197001,SSH-Patator,Malware,Patator,SSH-Patator
Wednesday-14-02-2018_448.pcap,tcp_194329,tcp,194329,SSH-Patator,Malware,Patator,SSH-Patator
Wednesday-14-02-2018_448.pcap,tcp_195355,tcp,195355,SSH-Patator,Malware,Patator,SSH-Patator
Wednesday-14-02-2018_448.pcap,tcp_194331,tcp,194331,SSH-Patator,Malware,Patator,SSH-Patator
Wednesday-14-02-2018_448.pcap,tcp_196459,tcp,196459,SSH-Patator,Malware,Patator,SSH-Patator
Wednesday-14-02-2018_448.pcap,tcp_196582,tcp,196582,SSH-Patator,Malware,Patator,SSH-Patator
Wednesday-14-02-2018_448.pcap,tcp_196576,tcp,196576,SSH-Patator,Malware,Patator,SSH-Patator
Wednesday-14-02-2018_448.pcap,tcp_196264,tcp,196264,SSH-Patator,Malware,Patator,SSH-Patator
Wednesday-14-02-2018_448.pcap,tcp_194337,tcp,194337,SSH-Patator,Malware,Patator,SSH-Patator
Wednesday-14-02-2018_448.pcap,tcp_194338,tcp,194338,SSH-Patator,Malware,Patator,SSH-Patator
Wednesday-14-02-2018_448.pcap,tcp_194339,tcp,194339,SSH-Patator,Malware,Patator,SSH-Patator
Wednesday-14-02-2018_448.pcap,tcp_196592,tcp,196592,SSH-Patator,Malware,Patator,SSH-Patator
Wednesday-14-02-2018_448.pcap,tcp_194344,tcp,194344,SSH-Patator,Malware,Patator,SSH-Patator
Wednesday-14-02-2018_448.pcap,tcp_195442,tcp,195442,SSH-Patator,Malware,Patator,SSH-Patator
Wednesday-14-02-2018_448.pcap,tcp_195857,tcp,195857,SSH-Patator,Malware,Patator,SSH-Patator
Wednesday-14-02-2018_448.pcap,tcp_196549,tcp,196549,SSH-Patator,Malware,Patator,SSH-Patator
Wednesday-14-02-2018_448.pcap,tcp_196924,tcp,196924,SSH-Patator,Malware,Patator,SSH-Patator
Wednesday-14-02-2018_448.pcap,tcp_196279,tcp,196279,SSH-Patator,Malware,Patator,SSH-Patator
Wednesday-14-02-2018_448.pcap,tcp_195897,tcp,195897,SSH-Patator,Malware,Patator,SSH-Patator
Wednesday-14-02-2018_448.pcap,tcp_196695,tcp,196695,SSH-Patator,Malware,Patator,SSH-Patator
Wednesday-14-02-2018_448.pcap,tcp_195900,tcp,195900,SSH-Patator,Malware,Patator,SSH-Patator
Wednesday-14-02-2018_448.pcap,tcp_194355,tcp,194355,SSH-Patator,Malware,Patator,SSH-Patator
Wednesday-14-02-2018_448.pcap,tcp_194356,tcp,194356,SSH-Patator,Malware,Patator,SSH-Patator
Wednesday-14-02-2018_448.pcap,tcp_196775,tcp,196775,SSH-Patator,Malware,Patator,SSH-Patator
Wednesday-14-02-2018_448.pcap,tcp_194359,tcp,194359,SSH-Patator,Malware,Patator,SSH-Patator
Wednesday-14-02-2018_448.pcap,tcp_194360,tcp,194360,SSH-Patator,Malware,Patator,SSH-Patator
Wednesday-14-02-2018_448.pcap,tcp_194361,tcp,194361,SSH-Patator,Malware,Patator,SSH-Patator
Wednesday-14-02-2018_448.pcap,tcp_194362,tcp,194362,SSH-Patator,Malware,Patator,SSH-Patator
Wednesday-14-02-2018_448.pcap,tcp_197089,tcp,197089,SSH-Patator,Malware,Patator,SSH-Patator
Wednesday-14-02-2018_448.pcap,tcp_195862,tcp,195862,SSH-Patator,Malware,Patator,SSH-Patator
Wednesday-14-02-2018_448.pcap,tcp_194368,tcp,194368,SSH-Patator,Malware,Patator,SSH-Patator
Wednesday-14-02-2018_448.pcap,tcp_195933,tcp,195933,SSH-Patator,Malware,Patator,SSH-Patator
Wednesday-14-02-2018_448.pcap,tcp_195830,tcp,195830,SSH-Patator,Malware,Patator,SSH-Patator
Wednesday-14-02-2018_448.pcap,tcp_197024,tcp,197024,SSH-Patator,Malware,Patator,SSH-Patator
Wednesday-14-02-2018_448.pcap,tcp_194375,tcp,194375,SSH-Patator,Malware,Patator,SSH-Patator
Wednesday-14-02-2018_448.pcap,tcp_194376,tcp,194376,SSH-Patator,Malware,Patator,SSH-Patator
Wednesday-14-02-2018_448.pcap,tcp_196596,tcp,196596,SSH-Patator,Malware,Patator,SSH-Patator
Wednesday-14-02-2018_448.pcap,tcp_196813,tcp,196813,SSH-Patator,Malware,Patator,SSH-Patator
Wednesday-14-02-2018_448.pcap,tcp_195780,tcp,195780,SSH-Patator,Malware,Patator,SSH-Patator
Wednesday-14-02-2018_448.pcap,tcp_196426,tcp,196426,SSH-Patator,Malware,Patator,SSH-Patator
Wednesday-14-02-2018_448.pcap,tcp_194382,tcp,194382,SSH-Patator,Malware,Patator,SSH-Patator
Wednesday-14-02-2018_448.pcap,tcp_195221,tcp,195221,SSH-Patator,Malware,Patator,SSH-Patator
Wednesday-14-02-2018_448.pcap,tcp_197111,tcp,197111,SSH-Patator,Malware,Patator,SSH-Patator
Wednesday-14-02-2018_448.pcap,tcp_196286,tcp,196286,SSH-Patator,Malware,Patator,SSH-Patator
Wednesday-14-02-2018_448.pcap,tcp_196328,tcp,196328,SSH-Patator,Malware,Patator,SSH-Patator
Wednesday-14-02-2018_448.pcap,tcp_194389,tcp,194389,SSH-Patator,Malware,Patator,SSH-Patator
Wednesday-14-02-2018_448.pcap,tcp_196899,tcp,196899,SSH-Patator,Malware,Patator,SSH-Patator
Wednesday-14-02-2018_448.pcap,tcp_194391,tcp,194391,SSH-Patator,Malware,Patator,SSH-Patator
Wednesday-14-02-2018_448.pcap,tcp_196166,tcp,196166,SSH-Patator,Malware,Patator,SSH-Patator
Wednesday-14-02-2018_448.pcap,tcp_194393,tcp,194393,SSH-Patator,Malware,Patator,SSH-Patator
Wednesday-14-02-2018_448.pcap,tcp_196431,tcp,196431,SSH-Patator,Malware,Patator,SSH-Patator
Wednesday-14-02-2018_448.pcap,tcp_194396,tcp,194396,SSH-Patator,Malware,Patator,SSH-Patator
Wednesday-14-02-2018_448.pcap,tcp_194397,tcp,194397,SSH-Patator,Malware,Patator,SSH-Patator
Wednesday-14-02-2018_448.pcap,tcp_196743,tcp,196743,SSH-Patator,Malware,Patator,SSH-Patator
Wednesday-14-02-2018_448.pcap,tcp_196132,tcp,196132,SSH-Patator,Malware,Patator,SSH-Patator
Wednesday-14-02-2018_448.pcap,tcp_194401,tcp,194401,SSH-Patator,Malware,Patator,SSH-Patator
Wednesday-14-02-2018_448.pcap,tcp_196671,tcp,196671,SSH-Patator,Malware,Patator,SSH-Patator
Wednesday-14-02-2018_448.pcap,tcp_194404,tcp,194404,SSH-Patator,Malware,Patator,SSH-Patator
Wednesday-14-02-2018_448.pcap,tcp_194405,tcp,194405,SSH-Patator,Malware,Patator,SSH-Patator
Wednesday-14-02-2018_448.pcap,tcp_196164,tcp,196164,SSH-Patator,Malware,Patator,SSH-Patator
Wednesday-14-02-2018_448.pcap,tcp_194407,tcp,194407,SSH-Patator,Malware,Patator,SSH-Patator
Wednesday-14-02-2018_448.pcap,tcp_195849,tcp,195849,SSH-Patator,Malware,Patator,SSH-Patator
Wednesday-14-02-2018_448.pcap,tcp_195627,tcp,195627,SSH-Patator,Malware,Patator,SSH-Patator
Wednesday-14-02-2018_448.pcap,tcp_195503,tcp,195503,SSH-Patator,Malware,Patator,SSH-Patator
Wednesday-14-02-2018_448.pcap,tcp_196342,tcp,196342,SSH-Patator,Malware,Patator,SSH-Patator
Wednesday-14-02-2018_448.pcap,tcp_194416,tcp,194416,SSH-Patator,Malware,Patator,SSH-Patator
Wednesday-14-02-2018_448.pcap,tcp_195357,tcp,195357,SSH-Patator,Malware,Patator,SSH-Patator
Wednesday-14-02-2018_448.pcap,tcp_194418,tcp,194418,SSH-Patator,Malware,Patator,SSH-Patator
Wednesday-14-02-2018_448.pcap,tcp_196568,tcp,196568,SSH-Patator,Malware,Patator,SSH-Patator
Wednesday-14-02-2018_448.pcap,tcp_194420,tcp,194420,SSH-Patator,Malware,Patator,SSH-Patator
Wednesday-14-02-2018_448.pcap,tcp_194421,tcp,194421,SSH-Patator,Malware,Patator,SSH-Patator
Wednesday-14-02-2018_448.pcap,tcp_196959,tcp,196959,SSH-Patator,Malware,Patator,SSH-Patator
Wednesday-14-02-2018_448.pcap,tcp_196939,tcp,196939,SSH-Patator,Malware,Patator,SSH-Patator
Wednesday-14-02-2018_448.pcap,tcp_194425,tcp,194425,SSH-Patator,Malware,Patator,SSH-Patator
Wednesday-14-02-2018_448.pcap,tcp_197139,tcp,197139,SSH-Patator,Malware,Patator,SSH-Patator
Wednesday-14-02-2018_448.pcap,tcp_194429,tcp,194429,SSH-Patator,Malware,Patator,SSH-Patator
Wednesday-14-02-2018_448.pcap,tcp_194430,tcp,194430,SSH-Patator,Malware,Patator,SSH-Patator
Wednesday-14-02-2018_448.pcap,tcp_194431,tcp,194431,SSH-Patator,Malware,Patator,SSH-Patator
Wednesday-14-02-2018_448.pcap,tcp_195763,tcp,195763,SSH-Patator,Malware,Patator,SSH-Patator
Wednesday-14-02-2018_448.pcap,tcp_195307,tcp,195307,SSH-Patator,Malware,Patator,SSH-Patator
Wednesday-14-02-2018_448.pcap,tcp_196857,tcp,196857,SSH-Patator,Malware,Patator,SSH-Patator
Wednesday-14-02-2018_448.pcap,tcp_194435,tcp,194435,SSH-Patator,Malware,Patator,SSH-Patator
Wednesday-14-02-2018_448.pcap,tcp_195927,tcp,195927,SSH-Patator,Malware,Patator,SSH-Patator
Wednesday-14-02-2018_448.pcap,tcp_194437,tcp,194437,SSH-Patator,Malware,Patator,SSH-Patator
Wednesday-14-02-2018_448.pcap,tcp_196489,tcp,196489,SSH-Patator,Malware,Patator,SSH-Patator
Wednesday-14-02-2018_448.pcap,tcp_194439,tcp,194439,SSH-Patator,Malware,Patator,SSH-Patator
Wednesday-14-02-2018_448.pcap,tcp_194440,tcp,194440,SSH-Patator,Malware,Patator,SSH-Patator
Wednesday-14-02-2018_448.pcap,tcp_194441,tcp,194441,SSH-Patator,Malware,Patator,SSH-Patator
Wednesday-14-02-2018_448.pcap,tcp_196064,tcp,196064,SSH-Patator,Malware,Patator,SSH-Patator
Wednesday-14-02-2018_448.pcap,tcp_196445,tcp,196445,SSH-Patator,Malware,Patator,SSH-Patator
Wednesday-14-02-2018_448.pcap,tcp_194444,tcp,194444,SSH-Patator,Malware,Patator,SSH-Patator
Wednesday-14-02-2018_448.pcap,tcp_196718,tcp,196718,SSH-Patator,Malware,Patator,SSH-Patator
Wednesday-14-02-2018_448.pcap,tcp_197093,tcp,197093,SSH-Patator,Malware,Patator,SSH-Patator
Wednesday-14-02-2018_448.pcap,tcp_195528,tcp,195528,SSH-Patator,Malware,Patator,SSH-Patator
Wednesday-14-02-2018_448.pcap,tcp_194451,tcp,194451,SSH-Patator,Malware,Patator,SSH-Patator
Wednesday-14-02-2018_448.pcap,tcp_196541,tcp,196541,SSH-Patator,Malware,Patator,SSH-Patator
Wednesday-14-02-2018_448.pcap,tcp_196834,tcp,196834,SSH-Patator,Malware,Patator,SSH-Patator
Wednesday-14-02-2018_448.pcap,tcp_196518,tcp,196518,SSH-Patator,Malware,Patator,SSH-Patator
Wednesday-14-02-2018_448.pcap,tcp_197199,tcp,197199,SSH-Patator,Malware,Patator,SSH-Patator
Wednesday-14-02-2018_448.pcap,tcp_197017,tcp,197017,SSH-Patator,Malware,Patator,SSH-Patator
Wednesday-14-02-2018_448.pcap,tcp_194459,tcp,194459,SSH-Patator,Malware,Patator,SSH-Patator
Wednesday-14-02-2018_448.pcap,tcp_196836,tcp,196836,SSH-Patator,Malware,Patator,SSH-Patator
Wednesday-14-02-2018_448.pcap,tcp_195674,tcp,195674,SSH-Patator,Malware,Patator,SSH-Patator
Wednesday-14-02-2018_448.pcap,tcp_195732,tcp,195732,SSH-Patator,Malware,Patator,SSH-Patator
Wednesday-14-02-2018_448.pcap,tcp_195910,tcp,195910,SSH-Patator,Malware,Patator,SSH-Patator
Wednesday-14-02-2018_448.pcap,tcp_196304,tcp,196304,SSH-Patator,Malware,Patator,SSH-Patator
Wednesday-14-02-2018_448.pcap,tcp_196636,tcp,196636,SSH-Patator,Malware,Patator,SSH-Patator
Wednesday-14-02-2018_448.pcap,tcp_195838,tcp,195838,SSH-Patator,Malware,Patator,SSH-Patator
Wednesday-14-02-2018_448.pcap,tcp_194468,tcp,194468,SSH-Patator,Malware,Patator,SSH-Patator
Wednesday-14-02-2018_448.pcap,tcp_196291,tcp,196291,SSH-Patator,Malware,Patator,SSH-Patator
Wednesday-14-02-2018_448.pcap,tcp_197010,tcp,197010,SSH-Patator,Malware,Patator,SSH-Patator
Wednesday-14-02-2018_448.pcap,tcp_195553,tcp,195553,SSH-Patator,Malware,Patator,SSH-Patator
Wednesday-14-02-2018_448.pcap,tcp_195898,tcp,195898,SSH-Patator,Malware,Patator,SSH-Patator
Wednesday-14-02-2018_448.pcap,tcp_196099,tcp,196099,SSH-Patator,Malware,Patator,SSH-Patator
Wednesday-14-02-2018_448.pcap,tcp_196134,tcp,196134,SSH-Patator,Malware,Patator,SSH-Patator
Wednesday-14-02-2018_448.pcap,tcp_194476,tcp,194476,SSH-Patator,Malware,Patator,SSH-Patator
Wednesday-14-02-2018_448.pcap,tcp_196095,tcp,196095,SSH-Patator,Malware,Patator,SSH-Patator
Wednesday-14-02-2018_448.pcap,tcp_194478,tcp,194478,SSH-Patator,Malware,Patator,SSH-Patator
Wednesday-14-02-2018_448.pcap,tcp_196230,tcp,196230,SSH-Patator,Malware,Patator,SSH-Patator
Wednesday-14-02-2018_448.pcap,tcp_195472,tcp,195472,SSH-Patator,Malware,Patator,SSH-Patator
Wednesday-14-02-2018_448.pcap,tcp_194481,tcp,194481,SSH-Patator,Malware,Patator,SSH-Patator
Wednesday-14-02-2018_448.pcap,tcp_194482,tcp,194482,SSH-Patator,Malware,Patator,SSH-Patator
Wednesday-14-02-2018_448.pcap,tcp_195902,tcp,195902,SSH-Patator,Malware,Patator,SSH-Patator
Wednesday-14-02-2018_448.pcap,tcp_197062,tcp,197062,SSH-Patator,Malware,Patator,SSH-Patator
Wednesday-14-02-2018_448.pcap,tcp_195942,tcp,195942,SSH-Patator,Malware,Patator,SSH-Patator
Wednesday-14-02-2018_448.pcap,tcp_195590,tcp,195590,SSH-Patator,Malware,Patator,SSH-Patator
Wednesday-14-02-2018_448.pcap,tcp_195837,tcp,195837,SSH-Patator,Malware,Patator,SSH-Patator
Wednesday-14-02-2018_448.pcap,tcp_195822,tcp,195822,SSH-Patator,Malware,Patator,SSH-Patator
Wednesday-14-02-2018_448.pcap,tcp_194492,tcp,194492,SSH-Patator,Malware,Patator,SSH-Patator
Wednesday-14-02-2018_448.pcap,tcp_194493,tcp,194493,SSH-Patator,Malware,Patator,SSH-Patator
Wednesday-14-02-2018_448.pcap,tcp_197018,tcp,197018,SSH-Patator,Malware,Patator,SSH-Patator
Wednesday-14-02-2018_448.pcap,tcp_196781,tcp,196781,SSH-Patator,Malware,Patator,SSH-Patator
Wednesday-14-02-2018_448.pcap,tcp_196043,tcp,196043,SSH-Patator,Malware,Patator,SSH-Patator
Wednesday-14-02-2018_448.pcap,tcp_196171,tcp,196171,SSH-Patator,Malware,Patator,SSH-Patator
Wednesday-14-02-2018_448.pcap,tcp_194499,tcp,194499,SSH-Patator,Malware,Patator,SSH-Patator
Wednesday-14-02-2018_448.pcap,tcp_196308,tcp,196308,SSH-Patator,Malware,Patator,SSH-Patator
Wednesday-14-02-2018_448.pcap,tcp_194501,tcp,194501,SSH-Patator,Malware,Patator,SSH-Patator
Wednesday-14-02-2018_448.pcap,tcp_196242,tcp,196242,SSH-Patator,Malware,Patator,SSH-Patator
Wednesday-14-02-2018_448.pcap,tcp_196089,tcp,196089,SSH-Patator,Malware,Patator,SSH-Patator
Wednesday-14-02-2018_448.pcap,tcp_195382,tcp,195382,SSH-Patator,Malware,Patator,SSH-Patator
Wednesday-14-02-2018_448.pcap,tcp_195351,tcp,195351,SSH-Patator,Malware,Patator,SSH-Patator
Wednesday-14-02-2018_448.pcap,tcp_194510,tcp,194510,SSH-Patator,Malware,Patator,SSH-Patator
Wednesday-14-02-2018_448.pcap,tcp_194512,tcp,194512,SSH-Patator,Malware,Patator,SSH-Patator
Wednesday-14-02-2018_448.pcap,tcp_194515,tcp,194515,SSH-Patator,Malware,Patator,SSH-Patator
Wednesday-14-02-2018_448.pcap,tcp_196408,tcp,196408,SSH-Patator,Malware,Patator,SSH-Patator
Wednesday-14-02-2018_448.pcap,tcp_194517,tcp,194517,SSH-Patator,Malware,Patator,SSH-Patator
Wednesday-14-02-2018_448.pcap,tcp_194518,tcp,194518,SSH-Patator,Malware,Patator,SSH-Patator
Wednesday-14-02-2018_448.pcap,tcp_196432,tcp,196432,SSH-Patator,Malware,Patator,SSH-Patator
Wednesday-14-02-2018_448.pcap,tcp_196007,tcp,196007,SSH-Patator,Malware,Patator,SSH-Patator
Wednesday-14-02-2018_448.pcap,tcp_194521,tcp,194521,SSH-Patator,Malware,Patator,SSH-Patator
Wednesday-14-02-2018_448.pcap,tcp_196780,tcp,196780,SSH-Patator,Malware,Patator,SSH-Patator
Wednesday-14-02-2018_448.pcap,tcp_195784,tcp,195784,SSH-Patator,Malware,Patator,SSH-Patator
Wednesday-14-02-2018_448.pcap,tcp_194524,tcp,194524,SSH-Patator,Malware,Patator,SSH-Patator
Wednesday-14-02-2018_448.pcap,tcp_196226,tcp,196226,SSH-Patator,Malware,Patator,SSH-Patator
Wednesday-14-02-2018_448.pcap,tcp_196767,tcp,196767,SSH-Patator,Malware,Patator,SSH-Patator
Wednesday-14-02-2018_448.pcap,tcp_194527,tcp,194527,SSH-Patator,Malware,Patator,SSH-Patator
Wednesday-14-02-2018_448.pcap,tcp_195294,tcp,195294,SSH-Patator,Malware,Patator,SSH-Patator
Wednesday-14-02-2018_448.pcap,tcp_194529,tcp,194529,SSH-Patator,Malware,Patator,SSH-Patator
Wednesday-14-02-2018_448.pcap,tcp_197075,tcp,197075,SSH-Patator,Malware,Patator,SSH-Patator
Wednesday-14-02-2018_448.pcap,tcp_194531,tcp,194531,SSH-Patator,Malware,Patator,SSH-Patator
Wednesday-14-02-2018_448.pcap,tcp_194533,tcp,194533,SSH-Patator,Malware,Patator,SSH-Patator
Wednesday-14-02-2018_448.pcap,tcp_195456,tcp,195456,SSH-Patator,Malware,Patator,SSH-Patator
Wednesday-14-02-2018_448.pcap,tcp_196284,tcp,196284,SSH-Patator,Malware,Patator,SSH-Patator
Wednesday-14-02-2018_448.pcap,tcp_197068,tcp,197068,SSH-Patator,Malware,Patator,SSH-Patator
Wednesday-14-02-2018_448.pcap,tcp_196742,tcp,196742,SSH-Patator,Malware,Patator,SSH-Patator
Wednesday-14-02-2018_448.pcap,tcp_194540,tcp,194540,SSH-Patator,Malware,Patator,SSH-Patator
Wednesday-14-02-2018_448.pcap,tcp_194541,tcp,194541,SSH-Patator,Malware,Patator,SSH-Patator
Wednesday-14-02-2018_448.pcap,tcp_196934,tcp,196934,SSH-Patator,Malware,Patator,SSH-Patator
Wednesday-14-02-2018_448.pcap,tcp_194544,tcp,194544,SSH-Patator,Malware,Patator,SSH-Patator
Wednesday-14-02-2018_448.pcap,tcp_194545,tcp,194545,SSH-Patator,Malware,Patator,SSH-Patator
Wednesday-14-02-2018_448.pcap,tcp_195885,tcp,195885,SSH-Patator,Malware,Patator,SSH-Patator
Wednesday-14-02-2018_448.pcap,tcp_196618,tcp,196618,SSH-Patator,Malware,Patator,SSH-Patator
Wednesday-14-02-2018_448.pcap,tcp_194548,tcp,194548,SSH-Patator,Malware,Patator,SSH-Patator
Wednesday-14-02-2018_448.pcap,tcp_195498,tcp,195498,SSH-Patator,Malware,Patator,SSH-Patator
Wednesday-14-02-2018_448.pcap,tcp_195673,tcp,195673,SSH-Patator,Malware,Patator,SSH-Patator
Wednesday-14-02-2018_448.pcap,tcp_196180,tcp,196180,SSH-Patator,Malware,Patator,SSH-Patator
Wednesday-14-02-2018_448.pcap,tcp_197183,tcp,197183,SSH-Patator,Malware,Patator,SSH-Patator
Wednesday-14-02-2018_448.pcap,tcp_195280,tcp,195280,SSH-Patator,Malware,Patator,SSH-Patator
Wednesday-14-02-2018_448.pcap,tcp_194555,tcp,194555,SSH-Patator,Malware,Patator,SSH-Patator
Wednesday-14-02-2018_448.pcap,tcp_194556,tcp,194556,SSH-Patator,Malware,Patator,SSH-Patator
Wednesday-14-02-2018_448.pcap,tcp_194558,tcp,194558,SSH-Patator,Malware,Patator,SSH-Patator
Wednesday-14-02-2018_448.pcap,tcp_196949,tcp,196949,SSH-Patator,Malware,Patator,SSH-Patator
Wednesday-14-02-2018_448.pcap,tcp_195761,tcp,195761,SSH-Patator,Malware,Patator,SSH-Patator
Wednesday-14-02-2018_448.pcap,tcp_194561,tcp,194561,SSH-Patator,Malware,Patator,SSH-Patator
Wednesday-14-02-2018_448.pcap,tcp_197206,tcp,197206,SSH-Patator,Malware,Patator,SSH-Patator
Wednesday-14-02-2018_448.pcap,tcp_195567,tcp,195567,SSH-Patator,Malware,Patator,SSH-Patator
Wednesday-14-02-2018_448.pcap,tcp_194565,tcp,194565,SSH-Patator,Malware,Patator,SSH-Patator
Wednesday-14-02-2018_448.pcap,tcp_196566,tcp,196566,SSH-Patator,Malware,Patator,SSH-Patator
Wednesday-14-02-2018_448.pcap,tcp_196499,tcp,196499,SSH-Patator,Malware,Patator,SSH-Patator
Wednesday-14-02-2018_448.pcap,tcp_194568,tcp,194568,SSH-Patator,Malware,Patator,SSH-Patator
Wednesday-14-02-2018_448.pcap,tcp_194571,tcp,194571,SSH-Patator,Malware,Patator,SSH-Patator
Wednesday-14-02-2018_448.pcap,tcp_195880,tcp,195880,SSH-Patator,Malware,Patator,SSH-Patator
Wednesday-14-02-2018_448.pcap,tcp_194574,tcp,194574,SSH-Patator,Malware,Patator,SSH-Patator
Wednesday-14-02-2018_448.pcap,tcp_194575,tcp,194575,SSH-Patator,Malware,Patator,SSH-Patator
Wednesday-14-02-2018_448.pcap,tcp_194576,tcp,194576,SSH-Patator,Malware,Patator,SSH-Patator
Wednesday-14-02-2018_448.pcap,tcp_196532,tcp,196532,SSH-Patator,Malware,Patator,SSH-Patator
Wednesday-14-02-2018_448.pcap,tcp_194579,tcp,194579,SSH-Patator,Malware,Patator,SSH-Patator
Wednesday-14-02-2018_448.pcap,tcp_194581,tcp,194581,SSH-Patator,Malware,Patator,SSH-Patator
Wednesday-14-02-2018_448.pcap,tcp_194582,tcp,194582,SSH-Patator,Malware,Patator,SSH-Patator
Wednesday-14-02-2018_448.pcap,tcp_194583,tcp,194583,SSH-Patator,Malware,Patator,SSH-Patator
Wednesday-14-02-2018_448.pcap,tcp_197033,tcp,197033,SSH-Patator,Malware,Patator,SSH-Patator
Wednesday-14-02-2018_448.pcap,tcp_197181,tcp,197181,SSH-Patator,Malware,Patator,SSH-Patator
Wednesday-14-02-2018_448.pcap,tcp_194587,tcp,194587,SSH-Patator,Malware,Patator,SSH-Patator
Wednesday-14-02-2018_448.pcap,tcp_194589,tcp,194589,SSH-Patator,Malware,Patator,SSH-Patator
Wednesday-14-02-2018_448.pcap,tcp_196785,tcp,196785,SSH-Patator,Malware,Patator,SSH-Patator
Wednesday-14-02-2018_448.pcap,tcp_196981,tcp,196981,SSH-Patator,Malware,Patator,SSH-Patator
Wednesday-14-02-2018_448.pcap,tcp_194592,tcp,194592,SSH-Patator,Malware,Patator,SSH-Patator
Wednesday-14-02-2018_448.pcap,tcp_194593,tcp,194593,SSH-Patator,Malware,Patator,SSH-Patator
Wednesday-14-02-2018_448.pcap,tcp_197039,tcp,197039,SSH-Patator,Malware,Patator,SSH-Patator
Wednesday-14-02-2018_448.pcap,tcp_196730,tcp,196730,SSH-Patator,Malware,Patator,SSH-Patator
Wednesday-14-02-2018_448.pcap,tcp_195534,tcp,195534,SSH-Patator,Malware,Patator,SSH-Patator
Wednesday-14-02-2018_448.pcap,tcp_196038,tcp,196038,SSH-Patator,Malware,Patator,SSH-Patator
Wednesday-14-02-2018_448.pcap,tcp_196482,tcp,196482,SSH-Patator,Malware,Patator,SSH-Patator
Wednesday-14-02-2018_448.pcap,tcp_194600,tcp,194600,SSH-Patator,Malware,Patator,SSH-Patator
Wednesday-14-02-2018_448.pcap,tcp_195707,tcp,195707,SSH-Patator,Malware,Patator,SSH-Patator
Wednesday-14-02-2018_448.pcap,tcp_196347,tcp,196347,SSH-Patator,Malware,Patator,SSH-Patator
Wednesday-14-02-2018_448.pcap,tcp_196947,tcp,196947,SSH-Patator,Malware,Patator,SSH-Patator
Wednesday-14-02-2018_448.pcap,tcp_195408,tcp,195408,SSH-Patator,Malware,Patator,SSH-Patator
Wednesday-14-02-2018_448.pcap,tcp_194608,tcp,194608,SSH-Patator,Malware,Patator,SSH-Patator
Wednesday-14-02-2018_448.pcap,tcp_195647,tcp,195647,SSH-Patator,Malware,Patator,SSH-Patator
Wednesday-14-02-2018_448.pcap,tcp_194611,tcp,194611,SSH-Patator,Malware,Patator,SSH-Patator
Wednesday-14-02-2018_448.pcap,tcp_194612,tcp,194612,SSH-Patator,Malware,Patator,SSH-Patator
Wednesday-14-02-2018_448.pcap,tcp_197076,tcp,197076,SSH-Patator,Malware,Patator,SSH-Patator
Wednesday-14-02-2018_448.pcap,tcp_194614,tcp,194614,SSH-Patator,Malware,Patator,SSH-Patator
Wednesday-14-02-2018_448.pcap,tcp_196703,tcp,196703,SSH-Patator,Malware,Patator,SSH-Patator
Wednesday-14-02-2018_448.pcap,tcp_194617,tcp,194617,SSH-Patator,Malware,Patator,SSH-Patator
Wednesday-14-02-2018_448.pcap,tcp_195861,tcp,195861,SSH-Patator,Malware,Patator,SSH-Patator
Wednesday-14-02-2018_448.pcap,tcp_196020,tcp,196020,SSH-Patator,Malware,Patator,SSH-Patator
Wednesday-14-02-2018_448.pcap,tcp_195423,tcp,195423,SSH-Patator,Malware,Patator,SSH-Patator
Wednesday-14-02-2018_448.pcap,tcp_196288,tcp,196288,SSH-Patator,Malware,Patator,SSH-Patator
Wednesday-14-02-2018_448.pcap,tcp_195702,tcp,195702,SSH-Patator,Malware,Patator,SSH-Patator
Wednesday-14-02-2018_448.pcap,tcp_195737,tcp,195737,SSH-Patator,Malware,Patator,SSH-Patator
Wednesday-14-02-2018_448.pcap,tcp_195926,tcp,195926,SSH-Patator,Malware,Patator,SSH-Patator
Wednesday-14-02-2018_448.pcap,tcp_196696,tcp,196696,SSH-Patator,Malware,Patator,SSH-Patator
Wednesday-14-02-2018_448.pcap,tcp_196061,tcp,196061,SSH-Patator,Malware,Patator,SSH-Patator
Wednesday-14-02-2018_448.pcap,tcp_194629,tcp,194629,SSH-Patator,Malware,Patator,SSH-Patator
Wednesday-14-02-2018_448.pcap,tcp_195256,tcp,195256,SSH-Patator,Malware,Patator,SSH-Patator
Wednesday-14-02-2018_448.pcap,tcp_196795,tcp,196795,SSH-Patator,Malware,Patator,SSH-Patator
Wednesday-14-02-2018_448.pcap,tcp_194634,tcp,194634,SSH-Patator,Malware,Patator,SSH-Patator
Wednesday-14-02-2018_448.pcap,tcp_194635,tcp,194635,SSH-Patator,Malware,Patator,SSH-Patator
Wednesday-14-02-2018_448.pcap,tcp_197118,tcp,197118,SSH-Patator,Malware,Patator,SSH-Patator
Wednesday-14-02-2018_448.pcap,tcp_195327,tcp,195327,SSH-Patator,Malware,Patator,SSH-Patator
Wednesday-14-02-2018_448.pcap,tcp_194639,tcp,194639,SSH-Patator,Malware,Patator,SSH-Patator
Wednesday-14-02-2018_448.pcap,tcp_195424,tcp,195424,SSH-Patator,Malware,Patator,SSH-Patator
Wednesday-14-02-2018_448.pcap,tcp_196666,tcp,196666,SSH-Patator,Malware,Patator,SSH-Patator
Wednesday-14-02-2018_448.pcap,tcp_194642,tcp,194642,SSH-Patator,Malware,Patator,SSH-Patator
Wednesday-14-02-2018_448.pcap,tcp_194643,tcp,194643,SSH-Patator,Malware,Patator,SSH-Patator
Wednesday-14-02-2018_448.pcap,tcp_194644,tcp,194644,SSH-Patator,Malware,Patator,SSH-Patator
Wednesday-14-02-2018_448.pcap,tcp_196757,tcp,196757,SSH-Patator,Malware,Patator,SSH-Patator
Wednesday-14-02-2018_448.pcap,tcp_196832,tcp,196832,SSH-Patator,Malware,Patator,SSH-Patator
Wednesday-14-02-2018_448.pcap,tcp_195536,tcp,195536,SSH-Patator,Malware,Patator,SSH-Patator
Wednesday-14-02-2018_448.pcap,tcp_196784,tcp,196784,SSH-Patator,Malware,Patator,SSH-Patator
Wednesday-14-02-2018_448.pcap,tcp_196856,tcp,196856,SSH-Patator,Malware,Patator,SSH-Patator
Wednesday-14-02-2018_448.pcap,tcp_195363,tcp,195363,SSH-Patator,Malware,Patator,SSH-Patator
Wednesday-14-02-2018_448.pcap,tcp_196323,tcp,196323,SSH-Patator,Malware,Patator,SSH-Patator
Wednesday-14-02-2018_448.pcap,tcp_196652,tcp,196652,SSH-Patator,Malware,Patator,SSH-Patator
Wednesday-14-02-2018_448.pcap,tcp_196826,tcp,196826,SSH-Patator,Malware,Patator,SSH-Patator
Wednesday-14-02-2018_448.pcap,tcp_196047,tcp,196047,SSH-Patator,Malware,Patator,SSH-Patator
Wednesday-14-02-2018_448.pcap,tcp_197178,tcp,197178,SSH-Patator,Malware,Patator,SSH-Patator
Wednesday-14-02-2018_448.pcap,tcp_195704,tcp,195704,SSH-Patator,Malware,Patator,SSH-Patator
Wednesday-14-02-2018_448.pcap,tcp_195726,tcp,195726,SSH-Patator,Malware,Patator,SSH-Patator
Wednesday-14-02-2018_448.pcap,tcp_197197,tcp,197197,SSH-Patator,Malware,Patator,SSH-Patator
Wednesday-14-02-2018_448.pcap,tcp_195814,tcp,195814,SSH-Patator,Malware,Patator,SSH-Patator
Wednesday-14-02-2018_448.pcap,tcp_195526,tcp,195526,SSH-Patator,Malware,Patator,SSH-Patator
Wednesday-14-02-2018_448.pcap,tcp_194664,tcp,194664,SSH-Patator,Malware,Patator,SSH-Patator
Wednesday-14-02-2018_448.pcap,tcp_196386,tcp,196386,SSH-Patator,Malware,Patator,SSH-Patator
Wednesday-14-02-2018_448.pcap,tcp_195786,tcp,195786,SSH-Patator,Malware,Patator,SSH-Patator
Wednesday-14-02-2018_448.pcap,tcp_196139,tcp,196139,SSH-Patator,Malware,Patator,SSH-Patator
Wednesday-14-02-2018_448.pcap,tcp_196108,tcp,196108,SSH-Patator,Malware,Patator,SSH-Patator
Wednesday-14-02-2018_448.pcap,tcp_194674,tcp,194674,SSH-Patator,Malware,Patator,SSH-Patator
Wednesday-14-02-2018_448.pcap,tcp_196085,tcp,196085,SSH-Patator,Malware,Patator,SSH-Patator
Wednesday-14-02-2018_448.pcap,tcp_195913,tcp,195913,SSH-Patator,Malware,Patator,SSH-Patator
Wednesday-14-02-2018_448.pcap,tcp_194679,tcp,194679,SSH-Patator,Malware,Patator,SSH-Patator
Wednesday-14-02-2018_448.pcap,tcp_196804,tcp,196804,SSH-Patator,Malware,Patator,SSH-Patator
Wednesday-14-02-2018_448.pcap,tcp_195729,tcp,195729,SSH-Patator,Malware,Patator,SSH-Patator
Wednesday-14-02-2018_448.pcap,tcp_194683,tcp,194683,SSH-Patator,Malware,Patator,SSH-Patator
Wednesday-14-02-2018_448.pcap,tcp_195337,tcp,195337,SSH-Patator,Malware,Patator,SSH-Patator
Wednesday-14-02-2018_448.pcap,tcp_196299,tcp,196299,SSH-Patator,Malware,Patator,SSH-Patator
Wednesday-14-02-2018_448.pcap,tcp_194687,tcp,194687,SSH-Patator,Malware,Patator,SSH-Patator
Wednesday-14-02-2018_448.pcap,tcp_194689,tcp,194689,SSH-Patator,Malware,Patator,SSH-Patator
Wednesday-14-02-2018_448.pcap,tcp_196534,tcp,196534,SSH-Patator,Malware,Patator,SSH-Patator
Wednesday-14-02-2018_448.pcap,tcp_194691,tcp,194691,SSH-Patator,Malware,Patator,SSH-Patator
Wednesday-14-02-2018_448.pcap,tcp_194692,tcp,194692,SSH-Patator,Malware,Patator,SSH-Patator
Wednesday-14-02-2018_448.pcap,tcp_195222,tcp,195222,SSH-Patator,Malware,Patator,SSH-Patator
Wednesday-14-02-2018_448.pcap,tcp_194695,tcp,194695,SSH-Patator,Malware,Patator,SSH-Patator
Wednesday-14-02-2018_448.pcap,tcp_197195,tcp,197195,SSH-Patator,Malware,Patator,SSH-Patator
Wednesday-14-02-2018_448.pcap,tcp_196167,tcp,196167,SSH-Patator,Malware,Patator,SSH-Patator
Wednesday-14-02-2018_448.pcap,tcp_194699,tcp,194699,SSH-Patator,Malware,Patator,SSH-Patator
Wednesday-14-02-2018_448.pcap,tcp_196895,tcp,196895,SSH-Patator,Malware,Patator,SSH-Patator
Wednesday-14-02-2018_448.pcap,tcp_195751,tcp,195751,SSH-Patator,Malware,Patator,SSH-Patator
Wednesday-14-02-2018_448.pcap,tcp_194703,tcp,194703,SSH-Patator,Malware,Patator,SSH-Patator
Wednesday-14-02-2018_448.pcap,tcp_196090,tcp,196090,SSH-Patator,Malware,Patator,SSH-Patator
Wednesday-14-02-2018_448.pcap,tcp_196910,tcp,196910,SSH-Patator,Malware,Patator,SSH-Patator
Wednesday-14-02-2018_448.pcap,tcp_194707,tcp,194707,SSH-Patator,Malware,Patator,SSH-Patator
Wednesday-14-02-2018_448.pcap,tcp_195362,tcp,195362,SSH-Patator,Malware,Patator,SSH-Patator
Wednesday-14-02-2018_448.pcap,tcp_194709,tcp,194709,SSH-Patator,Malware,Patator,SSH-Patator
Wednesday-14-02-2018_448.pcap,tcp_196552,tcp,196552,SSH-Patator,Malware,Patator,SSH-Patator
Wednesday-14-02-2018_448.pcap,tcp_196072,tcp,196072,SSH-Patator,Malware,Patator,SSH-Patator
Wednesday-14-02-2018_448.pcap,tcp_194712,tcp,194712,SSH-Patator,Malware,Patator,SSH-Patator
Wednesday-14-02-2018_448.pcap,tcp_194713,tcp,194713,SSH-Patator,Malware,Patator,SSH-Patator
Wednesday-14-02-2018_448.pcap,tcp_197030,tcp,197030,SSH-Patator,Malware,Patator,SSH-Patator
Wednesday-14-02-2018_448.pcap,tcp_196726,tcp,196726,SSH-Patator,Malware,Patator,SSH-Patator
Wednesday-14-02-2018_448.pcap,tcp_194717,tcp,194717,SSH-Patator,Malware,Patator,SSH-Patator
Wednesday-14-02-2018_448.pcap,tcp_195690,tcp,195690,SSH-Patator,Malware,Patator,SSH-Patator
Wednesday-14-02-2018_448.pcap,tcp_195308,tcp,195308,SSH-Patator,Malware,Patator,SSH-Patator
Wednesday-14-02-2018_448.pcap,tcp_197207,tcp,197207,SSH-Patator,Malware,Patator,SSH-Patator
Wednesday-14-02-2018_448.pcap,tcp_196484,tcp,196484,SSH-Patator,Malware,Patator,SSH-Patator
Wednesday-14-02-2018_448.pcap,tcp_195252,tcp,195252,SSH-Patator,Malware,Patator,SSH-Patator
Wednesday-14-02-2018_448.pcap,tcp_196945,tcp,196945,SSH-Patator,Malware,Patator,SSH-Patator
Wednesday-14-02-2018_448.pcap,tcp_194725,tcp,194725,SSH-Patator,Malware,Patator,SSH-Patator
Wednesday-14-02-2018_448.pcap,tcp_196363,tcp,196363,SSH-Patator,Malware,Patator,SSH-Patator
Wednesday-14-02-2018_448.pcap,tcp_196951,tcp,196951,SSH-Patator,Malware,Patator,SSH-Patator
Wednesday-14-02-2018_448.pcap,tcp_196964,tcp,196964,SSH-Patator,Malware,Patator,SSH-Patator
Wednesday-14-02-2018_448.pcap,tcp_195575,tcp,195575,SSH-Patator,Malware,Patator,SSH-Patator
Wednesday-14-02-2018_448.pcap,tcp_195484,tcp,195484,SSH-Patator,Malware,Patator,SSH-Patator
Wednesday-14-02-2018_448.pcap,tcp_194737,tcp,194737,SSH-Patator,Malware,Patator,SSH-Patator
Wednesday-14-02-2018_448.pcap,tcp_194738,tcp,194738,SSH-Patator,Malware,Patator,SSH-Patator
Wednesday-14-02-2018_448.pcap,tcp_196096,tcp,196096,SSH-Patator,Malware,Patator,SSH-Patator
Wednesday-14-02-2018_448.pcap,tcp_194740,tcp,194740,SSH-Patator,Malware,Patator,SSH-Patator
Wednesday-14-02-2018_448.pcap,tcp_194741,tcp,194741,SSH-Patator,Malware,Patator,SSH-Patator
Wednesday-14-02-2018_448.pcap,tcp_195657,tcp,195657,SSH-Patator,Malware,Patator,SSH-Patator
Wednesday-14-02-2018_448.pcap,tcp_195446,tcp,195446,SSH-Patator,Malware,Patator,SSH-Patator
Wednesday-14-02-2018_448.pcap,tcp_196771,tcp,196771,SSH-Patator,Malware,Patator,SSH-Patator
Wednesday-14-02-2018_448.pcap,tcp_197044,tcp,197044,SSH-Patator,Malware,Patator,SSH-Patator
Wednesday-14-02-2018_448.pcap,tcp_195969,tcp,195969,SSH-Patator,Malware,Patator,SSH-Patator
Wednesday-14-02-2018_448.pcap,tcp_195988,tcp,195988,SSH-Patator,Malware,Patator,SSH-Patator
Wednesday-14-02-2018_448.pcap,tcp_196973,tcp,196973,SSH-Patator,Malware,Patator,SSH-Patator
Wednesday-14-02-2018_448.pcap,tcp_195502,tcp,195502,SSH-Patator,Malware,Patator,SSH-Patator
Wednesday-14-02-2018_448.pcap,tcp_194751,tcp,194751,SSH-Patator,Malware,Patator,SSH-Patator
Wednesday-14-02-2018_448.pcap,tcp_196049,tcp,196049,SSH-Patator,Malware,Patator,SSH-Patator
Wednesday-14-02-2018_448.pcap,tcp_194754,tcp,194754,SSH-Patator,Malware,Patator,SSH-Patator
Wednesday-14-02-2018_448.pcap,tcp_194755,tcp,194755,SSH-Patator,Malware,Patator,SSH-Patator
Wednesday-14-02-2018_448.pcap,tcp_195613,tcp,195613,SSH-Patator,Malware,Patator,SSH-Patator
Wednesday-14-02-2018_448.pcap,tcp_194759,tcp,194759,SSH-Patator,Malware,Patator,SSH-Patator
Wednesday-14-02-2018_448.pcap,tcp_195681,tcp,195681,SSH-Patator,Malware,Patator,SSH-Patator
Wednesday-14-02-2018_448.pcap,tcp_195970,tcp,195970,SSH-Patator,Malware,Patator,SSH-Patator
Wednesday-14-02-2018_448.pcap,tcp_195413,tcp,195413,SSH-Patator,Malware,Patator,SSH-Patator
Wednesday-14-02-2018_448.pcap,tcp_195785,tcp,195785,SSH-Patator,Malware,Patator,SSH-Patator
Wednesday-14-02-2018_448.pcap,tcp_194765,tcp,194765,SSH-Patator,Malware,Patator,SSH-Patator
Wednesday-14-02-2018_448.pcap,tcp_195686,tcp,195686,SSH-Patator,Malware,Patator,SSH-Patator
Wednesday-14-02-2018_448.pcap,tcp_195967,tcp,195967,SSH-Patator,Malware,Patator,SSH-Patator
Wednesday-14-02-2018_448.pcap,tcp_196986,tcp,196986,SSH-Patator,Malware,Patator,SSH-Patator
Wednesday-14-02-2018_448.pcap,tcp_196169,tcp,196169,SSH-Patator,Malware,Patator,SSH-Patator
Wednesday-14-02-2018_448.pcap,tcp_195597,tcp,195597,SSH-Patator,Malware,Patator,SSH-Patator
Wednesday-14-02-2018_448.pcap,tcp_194771,tcp,194771,SSH-Patator,Malware,Patator,SSH-Patator
Wednesday-14-02-2018_448.pcap,tcp_196382,tcp,196382,SSH-Patator,Malware,Patator,SSH-Patator
Wednesday-14-02-2018_448.pcap,tcp_196520,tcp,196520,SSH-Patator,Malware,Patator,SSH-Patator
Wednesday-14-02-2018_448.pcap,tcp_196938,tcp,196938,SSH-Patator,Malware,Patator,SSH-Patator
Wednesday-14-02-2018_448.pcap,tcp_194776,tcp,194776,SSH-Patator,Malware,Patator,SSH-Patator
Wednesday-14-02-2018_448.pcap,tcp_196022,tcp,196022,SSH-Patator,Malware,Patator,SSH-Patator
Wednesday-14-02-2018_448.pcap,tcp_196820,tcp,196820,SSH-Patator,Malware,Patator,SSH-Patator
Wednesday-14-02-2018_448.pcap,tcp_197146,tcp,197146,SSH-Patator,Malware,Patator,SSH-Patator
Wednesday-14-02-2018_448.pcap,tcp_195703,tcp,195703,SSH-Patator,Malware,Patator,SSH-Patator
Wednesday-14-02-2018_448.pcap,tcp_196142,tcp,196142,SSH-Patator,Malware,Patator,SSH-Patator
Wednesday-14-02-2018_448.pcap,tcp_196268,tcp,196268,SSH-Patator,Malware,Patator,SSH-Patator
Wednesday-14-02-2018_448.pcap,tcp_195342,tcp,195342,SSH-Patator,Malware,Patator,SSH-Patator
Wednesday-14-02-2018_448.pcap,tcp_196026,tcp,196026,SSH-Patator,Malware,Patator,SSH-Patator
Wednesday-14-02-2018_448.pcap,tcp_196338,tcp,196338,SSH-Patator,Malware,Patator,SSH-Patator
Wednesday-14-02-2018_448.pcap,tcp_195765,tcp,195765,SSH-Patator,Malware,Patator,SSH-Patator
Wednesday-14-02-2018_448.pcap,tcp_195559,tcp,195559,SSH-Patator,Malware,Patator,SSH-Patator
Wednesday-14-02-2018_448.pcap,tcp_195694,tcp,195694,SSH-Patator,Malware,Patator,SSH-Patator
Wednesday-14-02-2018_448.pcap,tcp_196131,tcp,196131,SSH-Patator,Malware,Patator,SSH-Patator
Wednesday-14-02-2018_448.pcap,tcp_194793,tcp,194793,SSH-Patator,Malware,Patator,SSH-Patator
Wednesday-14-02-2018_448.pcap,tcp_196916,tcp,196916,SSH-Patator,Malware,Patator,SSH-Patator
Wednesday-14-02-2018_448.pcap,tcp_196188,tcp,196188,SSH-Patator,Malware,Patator,SSH-Patator
Wednesday-14-02-2018_448.pcap,tcp_194797,tcp,194797,SSH-Patator,Malware,Patator,SSH-Patator
Wednesday-14-02-2018_448.pcap,tcp_195963,tcp,195963,SSH-Patator,Malware,Patator,SSH-Patator
Wednesday-14-02-2018_448.pcap,tcp_195646,tcp,195646,SSH-Patator,Malware,Patator,SSH-Patator
Wednesday-14-02-2018_448.pcap,tcp_194800,tcp,194800,SSH-Patator,Malware,Patator,SSH-Patator
Wednesday-14-02-2018_448.pcap,tcp_194801,tcp,194801,SSH-Patator,Malware,Patator,SSH-Patator
Wednesday-14-02-2018_448.pcap,tcp_196694,tcp,196694,SSH-Patator,Malware,Patator,SSH-Patator
Wednesday-14-02-2018_448.pcap,tcp_196295,tcp,196295,SSH-Patator,Malware,Patator,SSH-Patator
Wednesday-14-02-2018_448.pcap,tcp_196585,tcp,196585,SSH-Patator,Malware,Patator,SSH-Patator
Wednesday-14-02-2018_448.pcap,tcp_195982,tcp,195982,SSH-Patator,Malware,Patator,SSH-Patator
Wednesday-14-02-2018_448.pcap,tcp_196571,tcp,196571,SSH-Patator,Malware,Patator,SSH-Patator
Wednesday-14-02-2018_448.pcap,tcp_194810,tcp,194810,SSH-Patator,Malware,Patator,SSH-Patator
Wednesday-14-02-2018_448.pcap,tcp_195655,tcp,195655,SSH-Patator,Malware,Patator,SSH-Patator
Wednesday-14-02-2018_448.pcap,tcp_195600,tcp,195600,SSH-Patator,Malware,Patator,SSH-Patator
Wednesday-14-02-2018_448.pcap,tcp_194813,tcp,194813,SSH-Patator,Malware,Patator,SSH-Patator
Wednesday-14-02-2018_448.pcap,tcp_196985,tcp,196985,SSH-Patator,Malware,Patator,SSH-Patator
Wednesday-14-02-2018_448.pcap,tcp_196647,tcp,196647,SSH-Patator,Malware,Patator,SSH-Patator
Wednesday-14-02-2018_448.pcap,tcp_194818,tcp,194818,SSH-Patator,Malware,Patator,SSH-Patator
Wednesday-14-02-2018_448.pcap,tcp_194819,tcp,194819,SSH-Patator,Malware,Patator,SSH-Patator
Wednesday-14-02-2018_448.pcap,tcp_196883,tcp,196883,SSH-Patator,Malware,Patator,SSH-Patator
Wednesday-14-02-2018_448.pcap,tcp_194821,tcp,194821,SSH-Patator,Malware,Patator,SSH-Patator
Wednesday-14-02-2018_448.pcap,tcp_195894,tcp,195894,SSH-Patator,Malware,Patator,SSH-Patator
Wednesday-14-02-2018_448.pcap,tcp_194823,tcp,194823,SSH-Patator,Malware,Patator,SSH-Patator
Wednesday-14-02-2018_448.pcap,tcp_196123,tcp,196123,SSH-Patator,Malware,Patator,SSH-Patator
Wednesday-14-02-2018_448.pcap,tcp_197099,tcp,197099,SSH-Patator,Malware,Patator,SSH-Patator
Wednesday-14-02-2018_448.pcap,tcp_196014,tcp,196014,SSH-Patator,Malware,Patator,SSH-Patator
Wednesday-14-02-2018_448.pcap,tcp_194827,tcp,194827,SSH-Patator,Malware,Patator,SSH-Patator
Wednesday-14-02-2018_448.pcap,tcp_194828,tcp,194828,SSH-Patator,Malware,Patator,SSH-Patator
Wednesday-14-02-2018_448.pcap,tcp_194830,tcp,194830,SSH-Patator,Malware,Patator,SSH-Patator
Wednesday-14-02-2018_448.pcap,tcp_195588,tcp,195588,SSH-Patator,Malware,Patator,SSH-Patator
Wednesday-14-02-2018_448.pcap,tcp_196600,tcp,196600,SSH-Patator,Malware,Patator,SSH-Patator
Wednesday-14-02-2018_448.pcap,tcp_194833,tcp,194833,SSH-Patator,Malware,Patator,SSH-Patator
Wednesday-14-02-2018_448.pcap,tcp_196841,tcp,196841,SSH-Patator,Malware,Patator,SSH-Patator
Wednesday-14-02-2018_448.pcap,tcp_197151,tcp,197151,SSH-Patator,Malware,Patator,SSH-Patator
Wednesday-14-02-2018_448.pcap,tcp_196326,tcp,196326,SSH-Patator,Malware,Patator,SSH-Patator
Wednesday-14-02-2018_448.pcap,tcp_194838,tcp,194838,SSH-Patator,Malware,Patator,SSH-Patator
Wednesday-14-02-2018_448.pcap,tcp_195924,tcp,195924,SSH-Patator,Malware,Patator,SSH-Patator
Wednesday-14-02-2018_448.pcap,tcp_194840,tcp,194840,SSH-Patator,Malware,Patator,SSH-Patator
Wednesday-14-02-2018_448.pcap,tcp_195453,tcp,195453,SSH-Patator,Malware,Patator,SSH-Patator
Wednesday-14-02-2018_448.pcap,tcp_196322,tcp,196322,SSH-Patator,Malware,Patator,SSH-Patator
Wednesday-14-02-2018_448.pcap,tcp_196890,tcp,196890,SSH-Patator,Malware,Patator,SSH-Patator
Wednesday-14-02-2018_448.pcap,tcp_196852,tcp,196852,SSH-Patator,Malware,Patator,SSH-Patator
Wednesday-14-02-2018_448.pcap,tcp_196716,tcp,196716,SSH-Patator,Malware,Patator,SSH-Patator
Wednesday-14-02-2018_448.pcap,tcp_196057,tcp,196057,SSH-Patator,Malware,Patator,SSH-Patator
Wednesday-14-02-2018_448.pcap,tcp_196331,tcp,196331,SSH-Patator,Malware,Patator,SSH-Patator
Wednesday-14-02-2018_448.pcap,tcp_195916,tcp,195916,SSH-Patator,Malware,Patator,SSH-Patator
Wednesday-14-02-2018_448.pcap,tcp_197148,tcp,197148,SSH-Patator,Malware,Patator,SSH-Patator
Wednesday-14-02-2018_448.pcap,tcp_196923,tcp,196923,SSH-Patator,Malware,Patator,SSH-Patator
Wednesday-14-02-2018_448.pcap,tcp_195608,tcp,195608,SSH-Patator,Malware,Patator,SSH-Patator
Wednesday-14-02-2018_448.pcap,tcp_195853,tcp,195853,SSH-Patator,Malware,Patator,SSH-Patator
Wednesday-14-02-2018_448.pcap,tcp_194856,tcp,194856,SSH-Patator,Malware,Patator,SSH-Patator
Wednesday-14-02-2018_448.pcap,tcp_194858,tcp,194858,SSH-Patator,Malware,Patator,SSH-Patator
Wednesday-14-02-2018_448.pcap,tcp_196199,tcp,196199,SSH-Patator,Malware,Patator,SSH-Patator
Wednesday-14-02-2018_448.pcap,tcp_194860,tcp,194860,SSH-Patator,Malware,Patator,SSH-Patator
Wednesday-14-02-2018_448.pcap,tcp_195330,tcp,195330,SSH-Patator,Malware,Patator,SSH-Patator
Wednesday-14-02-2018_448.pcap,tcp_194862,tcp,194862,SSH-Patator,Malware,Patator,SSH-Patator
Wednesday-14-02-2018_448.pcap,tcp_197138,tcp,197138,SSH-Patator,Malware,Patator,SSH-Patator
Wednesday-14-02-2018_448.pcap,tcp_196280,tcp,196280,SSH-Patator,Malware,Patator,SSH-Patator
Wednesday-14-02-2018_448.pcap,tcp_196807,tcp,196807,SSH-Patator,Malware,Patator,SSH-Patator
Wednesday-14-02-2018_448.pcap,tcp_197172,tcp,197172,SSH-Patator,Malware,Patator,SSH-Patator
Wednesday-14-02-2018_448.pcap,tcp_194868,tcp,194868,SSH-Patator,Malware,Patator,SSH-Patator
Wednesday-14-02-2018_448.pcap,tcp_196031,tcp,196031,SSH-Patator,Malware,Patator,SSH-Patator
Wednesday-14-02-2018_448.pcap,tcp_195223,tcp,195223,SSH-Patator,Malware,Patator,SSH-Patator
Wednesday-14-02-2018_448.pcap,tcp_195706,tcp,195706,SSH-Patator,Malware,Patator,SSH-Patator
Wednesday-14-02-2018_448.pcap,tcp_195984,tcp,195984,SSH-Patator,Malware,Patator,SSH-Patator
Wednesday-14-02-2018_448.pcap,tcp_196266,tcp,196266,SSH-Patator,Malware,Patator,SSH-Patator
Wednesday-14-02-2018_448.pcap,tcp_196028,tcp,196028,SSH-Patator,Malware,Patator,SSH-Patator
Wednesday-14-02-2018_448.pcap,tcp_194875,tcp,194875,SSH-Patator,Malware,Patator,SSH-Patator
Wednesday-14-02-2018_448.pcap,tcp_196118,tcp,196118,SSH-Patator,Malware,Patator,SSH-Patator
Wednesday-14-02-2018_448.pcap,tcp_195797,tcp,195797,SSH-Patator,Malware,Patator,SSH-Patator
Wednesday-14-02-2018_448.pcap,tcp_196961,tcp,196961,SSH-Patator,Malware,Patator,SSH-Patator
Wednesday-14-02-2018_448.pcap,tcp_196263,tcp,196263,SSH-Patator,Malware,Patator,SSH-Patator
Wednesday-14-02-2018_448.pcap,tcp_195666,tcp,195666,SSH-Patator,Malware,Patator,SSH-Patator
Wednesday-14-02-2018_448.pcap,tcp_195228,tcp,195228,SSH-Patator,Malware,Patator,SSH-Patator
Wednesday-14-02-2018_448.pcap,tcp_195288,tcp,195288,SSH-Patator,Malware,Patator,SSH-Patator
Wednesday-14-02-2018_448.pcap,tcp_195682,tcp,195682,SSH-Patator,Malware,Patator,SSH-Patator
Wednesday-14-02-2018_448.pcap,tcp_195432,tcp,195432,SSH-Patator,Malware,Patator,SSH-Patator
Wednesday-14-02-2018_448.pcap,tcp_196504,tcp,196504,SSH-Patator,Malware,Patator,SSH-Patator
Wednesday-14-02-2018_448.pcap,tcp_196675,tcp,196675,SSH-Patator,Malware,Patator,SSH-Patator
Wednesday-14-02-2018_448.pcap,tcp_196963,tcp,196963,SSH-Patator,Malware,Patator,SSH-Patator
Wednesday-14-02-2018_448.pcap,tcp_194892,tcp,194892,SSH-Patator,Malware,Patator,SSH-Patator
Wednesday-14-02-2018_448.pcap,tcp_196110,tcp,196110,SSH-Patator,Malware,Patator,SSH-Patator
Wednesday-14-02-2018_448.pcap,tcp_196465,tcp,196465,SSH-Patator,Malware,Patator,SSH-Patator
Wednesday-14-02-2018_448.pcap,tcp_196443,tcp,196443,SSH-Patator,Malware,Patator,SSH-Patator
Wednesday-14-02-2018_448.pcap,tcp_194896,tcp,194896,SSH-Patator,Malware,Patator,SSH-Patator
Wednesday-14-02-2018_448.pcap,tcp_194899,tcp,194899,SSH-Patator,Malware,Patator,SSH-Patator
Wednesday-14-02-2018_448.pcap,tcp_194901,tcp,194901,SSH-Patator,Malware,Patator,SSH-Patator
Wednesday-14-02-2018_448.pcap,tcp_195480,tcp,195480,SSH-Patator,Malware,Patator,SSH-Patator
Wednesday-14-02-2018_448.pcap,tcp_196514,tcp,196514,SSH-Patator,Malware,Patator,SSH-Patator
Wednesday-14-02-2018_448.pcap,tcp_196512,tcp,196512,SSH-Patator,Malware,Patator,SSH-Patator
Wednesday-14-02-2018_448.pcap,tcp_194907,tcp,194907,SSH-Patator,Malware,Patator,SSH-Patator
Wednesday-14-02-2018_448.pcap,tcp_195617,tcp,195617,SSH-Patator,Malware,Patator,SSH-Patator
Wednesday-14-02-2018_448.pcap,tcp_196516,tcp,196516,SSH-Patator,Malware,Patator,SSH-Patator
Wednesday-14-02-2018_448.pcap,tcp_195593,tcp,195593,SSH-Patator,Malware,Patator,SSH-Patator
Wednesday-14-02-2018_448.pcap,tcp_196869,tcp,196869,SSH-Patator,Malware,Patator,SSH-Patator
Wednesday-14-02-2018_448.pcap,tcp_196006,tcp,196006,SSH-Patator,Malware,Patator,SSH-Patator
Wednesday-14-02-2018_448.pcap,tcp_197051,tcp,197051,SSH-Patator,Malware,Patator,SSH-Patator
Wednesday-14-02-2018_448.pcap,tcp_194914,tcp,194914,SSH-Patator,Malware,Patator,SSH-Patator
Wednesday-14-02-2018_448.pcap,tcp_196194,tcp,196194,SSH-Patator,Malware,Patator,SSH-Patator
Wednesday-14-02-2018_448.pcap,tcp_195802,tcp,195802,SSH-Patator,Malware,Patator,SSH-Patator
Wednesday-14-02-2018_448.pcap,tcp_196455,tcp,196455,SSH-Patator,Malware,Patator,SSH-Patator
Wednesday-14-02-2018_448.pcap,tcp_195876,tcp,195876,SSH-Patator,Malware,Patator,SSH-Patator
Wednesday-14-02-2018_448.pcap,tcp_194920,tcp,194920,SSH-Patator,Malware,Patator,SSH-Patator
Wednesday-14-02-2018_448.pcap,tcp_196822,tcp,196822,SSH-Patator,Malware,Patator,SSH-Patator
Wednesday-14-02-2018_448.pcap,tcp_195381,tcp,195381,SSH-Patator,Malware,Patator,SSH-Patator
Wednesday-14-02-2018_448.pcap,tcp_195972,tcp,195972,SSH-Patator,Malware,Patator,SSH-Patator
Wednesday-14-02-2018_448.pcap,tcp_194927,tcp,194927,SSH-Patator,Malware,Patator,SSH-Patator
Wednesday-14-02-2018_448.pcap,tcp_195671,tcp,195671,SSH-Patator,Malware,Patator,SSH-Patator
Wednesday-14-02-2018_448.pcap,tcp_194930,tcp,194930,SSH-Patator,Malware,Patator,SSH-Patator
Wednesday-14-02-2018_448.pcap,tcp_195896,tcp,195896,SSH-Patator,Malware,Patator,SSH-Patator
Wednesday-14-02-2018_448.pcap,tcp_196403,tcp,196403,SSH-Patator,Malware,Patator,SSH-Patator
Wednesday-14-02-2018_448.pcap,tcp_194934,tcp,194934,SSH-Patator,Malware,Patator,SSH-Patator
Wednesday-14-02-2018_448.pcap,tcp_194935,tcp,194935,SSH-Patator,Malware,Patator,SSH-Patator
Wednesday-14-02-2018_448.pcap,tcp_194938,tcp,194938,SSH-Patator,Malware,Patator,SSH-Patator
Wednesday-14-02-2018_448.pcap,tcp_196942,tcp,196942,SSH-Patator,Malware,Patator,SSH-Patator
Wednesday-14-02-2018_448.pcap,tcp_194940,tcp,194940,SSH-Patator,Malware,Patator,SSH-Patator
Wednesday-14-02-2018_448.pcap,tcp_195552,tcp,195552,SSH-Patator,Malware,Patator,SSH-Patator
Wednesday-14-02-2018_448.pcap,tcp_196355,tcp,196355,SSH-Patator,Malware,Patator,SSH-Patator
Wednesday-14-02-2018_448.pcap,tcp_195866,tcp,195866,SSH-Patator,Malware,Patator,SSH-Patator
Wednesday-14-02-2018_448.pcap,tcp_194944,tcp,194944,SSH-Patator,Malware,Patator,SSH-Patator
Wednesday-14-02-2018_448.pcap,tcp_194945,tcp,194945,SSH-Patator,Malware,Patator,SSH-Patator
Wednesday-14-02-2018_448.pcap,tcp_195865,tcp,195865,SSH-Patator,Malware,Patator,SSH-Patator
Wednesday-14-02-2018_448.pcap,tcp_194947,tcp,194947,SSH-Patator,Malware,Patator,SSH-Patator
Wednesday-14-02-2018_448.pcap,tcp_195477,tcp,195477,SSH-Patator,Malware,Patator,SSH-Patator
Wednesday-14-02-2018_448.pcap,tcp_194949,tcp,194949,SSH-Patator,Malware,Patator,SSH-Patator
Wednesday-14-02-2018_448.pcap,tcp_196984,tcp,196984,SSH-Patator,Malware,Patator,SSH-Patator
Wednesday-14-02-2018_448.pcap,tcp_194951,tcp,194951,SSH-Patator,Malware,Patator,SSH-Patator
Wednesday-14-02-2018_448.pcap,tcp_194952,tcp,194952,SSH-Patator,Malware,Patator,SSH-Patator
Wednesday-14-02-2018_448.pcap,tcp_196091,tcp,196091,SSH-Patator,Malware,Patator,SSH-Patator
Wednesday-14-02-2018_448.pcap,tcp_194954,tcp,194954,SSH-Patator,Malware,Patator,SSH-Patator
Wednesday-14-02-2018_448.pcap,tcp_196159,tcp,196159,SSH-Patator,Malware,Patator,SSH-Patator
Wednesday-14-02-2018_448.pcap,tcp_195542,tcp,195542,SSH-Patator,Malware,Patator,SSH-Patator
Wednesday-14-02-2018_448.pcap,tcp_194959,tcp,194959,SSH-Patator,Malware,Patator,SSH-Patator
Wednesday-14-02-2018_448.pcap,tcp_196960,tcp,196960,SSH-Patator,Malware,Patator,SSH-Patator
Wednesday-14-02-2018_448.pcap,tcp_196913,tcp,196913,SSH-Patator,Malware,Patator,SSH-Patator
Wednesday-14-02-2018_448.pcap,tcp_197004,tcp,197004,SSH-Patator,Malware,Patator,SSH-Patator
Wednesday-14-02-2018_448.pcap,tcp_194965,tcp,194965,SSH-Patator,Malware,Patator,SSH-Patator
Wednesday-14-02-2018_448.pcap,tcp_194966,tcp,194966,SSH-Patator,Malware,Patator,SSH-Patator
Wednesday-14-02-2018_448.pcap,tcp_195428,tcp,195428,SSH-Patator,Malware,Patator,SSH-Patator
Wednesday-14-02-2018_448.pcap,tcp_194969,tcp,194969,SSH-Patator,Malware,Patator,SSH-Patator
Wednesday-14-02-2018_448.pcap,tcp_195962,tcp,195962,SSH-Patator,Malware,Patator,SSH-Patator
Wednesday-14-02-2018_448.pcap,tcp_195669,tcp,195669,SSH-Patator,Malware,Patator,SSH-Patator
Wednesday-14-02-2018_448.pcap,tcp_194974,tcp,194974,SSH-Patator,Malware,Patator,SSH-Patator
Wednesday-14-02-2018_448.pcap,tcp_196753,tcp,196753,SSH-Patator,Malware,Patator,SSH-Patator
Wednesday-14-02-2018_448.pcap,tcp_197020,tcp,197020,SSH-Patator,Malware,Patator,SSH-Patator
Wednesday-14-02-2018_448.pcap,tcp_194978,tcp,194978,SSH-Patator,Malware,Patator,SSH-Patator
Wednesday-14-02-2018_448.pcap,tcp_195272,tcp,195272,SSH-Patator,Malware,Patator,SSH-Patator
Wednesday-14-02-2018_448.pcap,tcp_194983,tcp,194983,SSH-Patator,Malware,Patator,SSH-Patator
Wednesday-14-02-2018_448.pcap,tcp_195634,tcp,195634,SSH-Patator,Malware,Patator,SSH-Patator
Wednesday-14-02-2018_448.pcap,tcp_194985,tcp,194985,SSH-Patator,Malware,Patator,SSH-Patator
Wednesday-14-02-2018_448.pcap,tcp_194986,tcp,194986,SSH-Patator,Malware,Patator,SSH-Patator
Wednesday-14-02-2018_448.pcap,tcp_196413,tcp,196413,SSH-Patator,Malware,Patator,SSH-Patator
Wednesday-14-02-2018_448.pcap,tcp_194989,tcp,194989,SSH-Patator,Malware,Patator,SSH-Patator
Wednesday-14-02-2018_448.pcap,tcp_194991,tcp,194991,SSH-Patator,Malware,Patator,SSH-Patator
Wednesday-14-02-2018_448.pcap,tcp_194992,tcp,194992,SSH-Patator,Malware,Patator,SSH-Patator
Wednesday-14-02-2018_448.pcap,tcp_196736,tcp,196736,SSH-Patator,Malware,Patator,SSH-Patator
Wednesday-14-02-2018_448.pcap,tcp_195326,tcp,195326,SSH-Patator,Malware,Patator,SSH-Patator
Wednesday-14-02-2018_448.pcap,tcp_194995,tcp,194995,SSH-Patator,Malware,Patator,SSH-Patator
Wednesday-14-02-2018_448.pcap,tcp_195394,tcp,195394,SSH-Patator,Malware,Patator,SSH-Patator
Wednesday-14-02-2018_448.pcap,tcp_196810,tcp,196810,SSH-Patator,Malware,Patator,SSH-Patator
Wednesday-14-02-2018_448.pcap,tcp_196995,tcp,196995,SSH-Patator,Malware,Patator,SSH-Patator
Wednesday-14-02-2018_448.pcap,tcp_195980,tcp,195980,SSH-Patator,Malware,Patator,SSH-Patator
Wednesday-14-02-2018_448.pcap,tcp_196941,tcp,196941,SSH-Patator,Malware,Patator,SSH-Patator
Wednesday-14-02-2018_448.pcap,tcp_195233,tcp,195233,SSH-Patator,Malware,Patator,SSH-Patator
Wednesday-14-02-2018_448.pcap,tcp_197155,tcp,197155,SSH-Patator,Malware,Patator,SSH-Patator
Wednesday-14-02-2018_448.pcap,tcp_196485,tcp,196485,SSH-Patator,Malware,Patator,SSH-Patator
Wednesday-14-02-2018_448.pcap,tcp_195007,tcp,195007,SSH-Patator,Malware,Patator,SSH-Patator
Wednesday-14-02-2018_448.pcap,tcp_196632,tcp,196632,SSH-Patator,Malware,Patator,SSH-Patator
Wednesday-14-02-2018_448.pcap,tcp_196262,tcp,196262,SSH-Patator,Malware,Patator,SSH-Patator
Wednesday-14-02-2018_448.pcap,tcp_197128,tcp,197128,SSH-Patator,Malware,Patator,SSH-Patator
Wednesday-14-02-2018_448.pcap,tcp_195745,tcp,195745,SSH-Patator,Malware,Patator,SSH-Patator
Wednesday-14-02-2018_448.pcap,tcp_195014,tcp,195014,SSH-Patator,Malware,Patator,SSH-Patator
Wednesday-14-02-2018_448.pcap,tcp_195845,tcp,195845,SSH-Patator,Malware,Patator,SSH-Patator
Wednesday-14-02-2018_448.pcap,tcp_196203,tcp,196203,SSH-Patator,Malware,Patator,SSH-Patator
Wednesday-14-02-2018_448.pcap,tcp_196314,tcp,196314,SSH-Patator,Malware,Patator,SSH-Patator
Wednesday-14-02-2018_448.pcap,tcp_196462,tcp,196462,SSH-Patator,Malware,Patator,SSH-Patator
Wednesday-14-02-2018_448.pcap,tcp_197082,tcp,197082,SSH-Patator,Malware,Patator,SSH-Patator
Wednesday-14-02-2018_448.pcap,tcp_195023,tcp,195023,SSH-Patator,Malware,Patator,SSH-Patator
Wednesday-14-02-2018_448.pcap,tcp_195314,tcp,195314,SSH-Patator,Malware,Patator,SSH-Patator
Wednesday-14-02-2018_448.pcap,tcp_197046,tcp,197046,SSH-Patator,Malware,Patator,SSH-Patator
Wednesday-14-02-2018_448.pcap,tcp_195027,tcp,195027,SSH-Patator,Malware,Patator,SSH-Patator
Wednesday-14-02-2018_448.pcap,tcp_195028,tcp,195028,SSH-Patator,Malware,Patator,SSH-Patator
Wednesday-14-02-2018_448.pcap,tcp_195030,tcp,195030,SSH-Patator,Malware,Patator,SSH-Patator
Wednesday-14-02-2018_448.pcap,tcp_196679,tcp,196679,SSH-Patator,Malware,Patator,SSH-Patator
Wednesday-14-02-2018_448.pcap,tcp_196849,tcp,196849,SSH-Patator,Malware,Patator,SSH-Patator
Wednesday-14-02-2018_448.pcap,tcp_197041,tcp,197041,SSH-Patator,Malware,Patator,SSH-Patator
Wednesday-14-02-2018_448.pcap,tcp_197131,tcp,197131,SSH-Patator,Malware,Patator,SSH-Patator
Wednesday-14-02-2018_448.pcap,tcp_196416,tcp,196416,SSH-Patator,Malware,Patator,SSH-Patator
Wednesday-14-02-2018_448.pcap,tcp_195038,tcp,195038,SSH-Patator,Malware,Patator,SSH-Patator
Wednesday-14-02-2018_448.pcap,tcp_196084,tcp,196084,SSH-Patator,Malware,Patator,SSH-Patator
Wednesday-14-02-2018_448.pcap,tcp_195041,tcp,195041,SSH-Patator,Malware,Patator,SSH-Patator
Wednesday-14-02-2018_448.pcap,tcp_196380,tcp,196380,SSH-Patator,Malware,Patator,SSH-Patator
Wednesday-14-02-2018_448.pcap,tcp_196375,tcp,196375,SSH-Patator,Malware,Patator,SSH-Patator
Wednesday-14-02-2018_448.pcap,tcp_197191,tcp,197191,SSH-Patator,Malware,Patator,SSH-Patator
Wednesday-14-02-2018_448.pcap,tcp_195046,tcp,195046,SSH-Patator,Malware,Patator,SSH-Patator
Wednesday-14-02-2018_448.pcap,tcp_195049,tcp,195049,SSH-Patator,Malware,Patator,SSH-Patator
Wednesday-14-02-2018_448.pcap,tcp_196528,tcp,196528,SSH-Patator,Malware,Patator,SSH-Patator
Wednesday-14-02-2018_448.pcap,tcp_195476,tcp,195476,SSH-Patator,Malware,Patator,SSH-Patator
Wednesday-14-02-2018_448.pcap,tcp_195506,tcp,195506,SSH-Patator,Malware,Patator,SSH-Patator
Wednesday-14-02-2018_448.pcap,tcp_196898,tcp,196898,SSH-Patator,Malware,Patator,SSH-Patator
Wednesday-14-02-2018_448.pcap,tcp_195821,tcp,195821,SSH-Patator,Malware,Patator,SSH-Patator
Wednesday-14-02-2018_448.pcap,tcp_196396,tcp,196396,SSH-Patator,Malware,Patator,SSH-Patator
Wednesday-14-02-2018_448.pcap,tcp_195546,tcp,195546,SSH-Patator,Malware,Patator,SSH-Patator
Wednesday-14-02-2018_448.pcap,tcp_196424,tcp,196424,SSH-Patator,Malware,Patator,SSH-Patator
Wednesday-14-02-2018_448.pcap,tcp_197150,tcp,197150,SSH-Patator,Malware,Patator,SSH-Patator
Wednesday-14-02-2018_448.pcap,tcp_196723,tcp,196723,SSH-Patator,Malware,Patator,SSH-Patator
Wednesday-14-02-2018_448.pcap,tcp_195882,tcp,195882,SSH-Patator,Malware,Patator,SSH-Patator
Wednesday-14-02-2018_448.pcap,tcp_196077,tcp,196077,SSH-Patator,Malware,Patator,SSH-Patator
Wednesday-14-02-2018_448.pcap,tcp_195066,tcp,195066,SSH-Patator,Malware,Patator,SSH-Patator
Wednesday-14-02-2018_448.pcap,tcp_195755,tcp,195755,SSH-Patator,Malware,Patator,SSH-Patator
Wednesday-14-02-2018_448.pcap,tcp_195069,tcp,195069,SSH-Patator,Malware,Patator,SSH-Patator
Wednesday-14-02-2018_448.pcap,tcp_195070,tcp,195070,SSH-Patator,Malware,Patator,SSH-Patator
Wednesday-14-02-2018_448.pcap,tcp_195071,tcp,195071,SSH-Patator,Malware,Patator,SSH-Patator
Wednesday-14-02-2018_448.pcap,tcp_196983,tcp,196983,SSH-Patator,Malware,Patator,SSH-Patator
Wednesday-14-02-2018_448.pcap,tcp_195074,tcp,195074,SSH-Patator,Malware,Patator,SSH-Patator
Wednesday-14-02-2018_448.pcap,tcp_195076,tcp,195076,SSH-Patator,Malware,Patator,SSH-Patator
Wednesday-14-02-2018_448.pcap,tcp_195824,tcp,195824,SSH-Patator,Malware,Patator,SSH-Patator
Wednesday-14-02-2018_448.pcap,tcp_195079,tcp,195079,SSH-Patator,Malware,Patator,SSH-Patator
Wednesday-14-02-2018_448.pcap,tcp_196360,tcp,196360,SSH-Patator,Malware,Patator,SSH-Patator
Wednesday-14-02-2018_448.pcap,tcp_195863,tcp,195863,SSH-Patator,Malware,Patator,SSH-Patator
Wednesday-14-02-2018_448.pcap,tcp_196086,tcp,196086,SSH-Patator,Malware,Patator,SSH-Patator
Wednesday-14-02-2018_448.pcap,tcp_197083,tcp,197083,SSH-Patator,Malware,Patator,SSH-Patator
Wednesday-14-02-2018_448.pcap,tcp_195085,tcp,195085,SSH-Patator,Malware,Patator,SSH-Patator
Wednesday-14-02-2018_448.pcap,tcp_195086,tcp,195086,SSH-Patator,Malware,Patator,SSH-Patator
Wednesday-14-02-2018_448.pcap,tcp_196018,tcp,196018,SSH-Patator,Malware,Patator,SSH-Patator
Wednesday-14-02-2018_448.pcap,tcp_196569,tcp,196569,SSH-Patator,Malware,Patator,SSH-Patator
Wednesday-14-02-2018_448.pcap,tcp_195091,tcp,195091,SSH-Patator,Malware,Patator,SSH-Patator
Wednesday-14-02-2018_448.pcap,tcp_195092,tcp,195092,SSH-Patator,Malware,Patator,SSH-Patator
Wednesday-14-02-2018_448.pcap,tcp_195317,tcp,195317,SSH-Patator,Malware,Patator,SSH-Patator
Wednesday-14-02-2018_448.pcap,tcp_195094,tcp,195094,SSH-Patator,Malware,Patator,SSH-Patator
Wednesday-14-02-2018_448.pcap,tcp_196607,tcp,196607,SSH-Patator,Malware,Patator,SSH-Patator
Wednesday-14-02-2018_448.pcap,tcp_195096,tcp,195096,SSH-Patator,Malware,Patator,SSH-Patator
Wednesday-14-02-2018_448.pcap,tcp_195429,tcp,195429,SSH-Patator,Malware,Patator,SSH-Patator
Wednesday-14-02-2018_448.pcap,tcp_196933,tcp,196933,SSH-Patator,Malware,Patator,SSH-Patator
Wednesday-14-02-2018_448.pcap,tcp_195420,tcp,195420,SSH-Patator,Malware,Patator,SSH-Patator
Wednesday-14-02-2018_448.pcap,tcp_195100,tcp,195100,SSH-Patator,Malware,Patator,SSH-Patator
Wednesday-14-02-2018_448.pcap,tcp_196122,tcp,196122,SSH-Patator,Malware,Patator,SSH-Patator
Wednesday-14-02-2018_448.pcap,tcp_195103,tcp,195103,SSH-Patator,Malware,Patator,SSH-Patator
Wednesday-14-02-2018_448.pcap,tcp_196173,tcp,196173,SSH-Patator,Malware,Patator,SSH-Patator
Wednesday-14-02-2018_448.pcap,tcp_195347,tcp,195347,SSH-Patator,Malware,Patator,SSH-Patator
Wednesday-14-02-2018_448.pcap,tcp_195106,tcp,195106,SSH-Patator,Malware,Patator,SSH-Patator
Wednesday-14-02-2018_448.pcap,tcp_195107,tcp,195107,SSH-Patator,Malware,Patator,SSH-Patator
Wednesday-14-02-2018_448.pcap,tcp_195108,tcp,195108,SSH-Patator,Malware,Patator,SSH-Patator
Wednesday-14-02-2018_448.pcap,tcp_197171,tcp,197171,SSH-Patator,Malware,Patator,SSH-Patator
Wednesday-14-02-2018_448.pcap,tcp_195112,tcp,195112,SSH-Patator,Malware,Patator,SSH-Patator
Wednesday-14-02-2018_448.pcap,tcp_195113,tcp,195113,SSH-Patator,Malware,Patator,SSH-Patator
Wednesday-14-02-2018_448.pcap,tcp_197217,tcp,197217,SSH-Patator,Malware,Patator,SSH-Patator
Wednesday-14-02-2018_448.pcap,tcp_195257,tcp,195257,SSH-Patator,Malware,Patator,SSH-Patator
Wednesday-14-02-2018_448.pcap,tcp_196507,tcp,196507,SSH-Patator,Malware,Patator,SSH-Patator
Wednesday-14-02-2018_448.pcap,tcp_197025,tcp,197025,SSH-Patator,Malware,Patator,SSH-Patator
Wednesday-14-02-2018_448.pcap,tcp_196543,tcp,196543,SSH-Patator,Malware,Patator,SSH-Patator
Wednesday-14-02-2018_448.pcap,tcp_195120,tcp,195120,SSH-Patator,Malware,Patator,SSH-Patator
Wednesday-14-02-2018_448.pcap,tcp_196471,tcp,196471,SSH-Patator,Malware,Patator,SSH-Patator
Wednesday-14-02-2018_448.pcap,tcp_195612,tcp,195612,SSH-Patator,Malware,Patator,SSH-Patator
Wednesday-14-02-2018_448.pcap,tcp_196871,tcp,196871,SSH-Patator,Malware,Patator,SSH-Patator
Wednesday-14-02-2018_448.pcap,tcp_195124,tcp,195124,SSH-Patator,Malware,Patator,SSH-Patator
Wednesday-14-02-2018_448.pcap,tcp_196908,tcp,196908,SSH-Patator,Malware,Patator,SSH-Patator
Wednesday-14-02-2018_448.pcap,tcp_195127,tcp,195127,SSH-Patator,Malware,Patator,SSH-Patator
Wednesday-14-02-2018_448.pcap,tcp_195274,tcp,195274,SSH-Patator,Malware,Patator,SSH-Patator
Wednesday-14-02-2018_448.pcap,tcp_195129,tcp,195129,SSH-Patator,Malware,Patator,SSH-Patator
Wednesday-14-02-2018_448.pcap,tcp_196427,tcp,196427,SSH-Patator,Malware,Patator,SSH-Patator
Wednesday-14-02-2018_448.pcap,tcp_196762,tcp,196762,SSH-Patator,Malware,Patator,SSH-Patator
Wednesday-14-02-2018_448.pcap,tcp_196294,tcp,196294,SSH-Patator,Malware,Patator,SSH-Patator
Wednesday-14-02-2018_448.pcap,tcp_195945,tcp,195945,SSH-Patator,Malware,Patator,SSH-Patator
Wednesday-14-02-2018_448.pcap,tcp_197204,tcp,197204,SSH-Patator,Malware,Patator,SSH-Patator
Wednesday-14-02-2018_448.pcap,tcp_197152,tcp,197152,SSH-Patator,Malware,Patator,SSH-Patator
Wednesday-14-02-2018_448.pcap,tcp_195937,tcp,195937,SSH-Patator,Malware,Patator,SSH-Patator
Wednesday-14-02-2018_448.pcap,tcp_195345,tcp,195345,SSH-Patator,Malware,Patator,SSH-Patator
Wednesday-14-02-2018_448.pcap,tcp_195482,tcp,195482,SSH-Patator,Malware,Patator,SSH-Patator
Wednesday-14-02-2018_448.pcap,tcp_196628,tcp,196628,SSH-Patator,Malware,Patator,SSH-Patator
Wednesday-14-02-2018_448.pcap,tcp_196027,tcp,196027,SSH-Patator,Malware,Patator,SSH-Patator
Wednesday-14-02-2018_448.pcap,tcp_195873,tcp,195873,SSH-Patator,Malware,Patator,SSH-Patator
Wednesday-14-02-2018_448.pcap,tcp_196120,tcp,196120,SSH-Patator,Malware,Patator,SSH-Patator
Wednesday-14-02-2018_448.pcap,tcp_196404,tcp,196404,SSH-Patator,Malware,Patator,SSH-Patator
Wednesday-14-02-2018_448.pcap,tcp_195789,tcp,195789,SSH-Patator,Malware,Patator,SSH-Patator
Wednesday-14-02-2018_448.pcap,tcp_195153,tcp,195153,SSH-Patator,Malware,Patator,SSH-Patator
Wednesday-14-02-2018_448.pcap,tcp_195155,tcp,195155,SSH-Patator,Malware,Patator,SSH-Patator
Wednesday-14-02-2018_448.pcap,tcp_195156,tcp,195156,SSH-Patator,Malware,Patator,SSH-Patator
Wednesday-14-02-2018_448.pcap,tcp_196772,tcp,196772,SSH-Patator,Malware,Patator,SSH-Patator
Wednesday-14-02-2018_448.pcap,tcp_196069,tcp,196069,SSH-Patator,Malware,Patator,SSH-Patator
Wednesday-14-02-2018_448.pcap,tcp_196847,tcp,196847,SSH-Patator,Malware,Patator,SSH-Patator
Wednesday-14-02-2018_448.pcap,tcp_195162,tcp,195162,SSH-Patator,Malware,Patator,SSH-Patator
Wednesday-14-02-2018_448.pcap,tcp_195742,tcp,195742,SSH-Patator,Malware,Patator,SSH-Patator
Wednesday-14-02-2018_448.pcap,tcp_195165,tcp,195165,SSH-Patator,Malware,Patator,SSH-Patator
Wednesday-14-02-2018_448.pcap,tcp_196383,tcp,196383,SSH-Patator,Malware,Patator,SSH-Patator
Wednesday-14-02-2018_448.pcap,tcp_196435,tcp,196435,SSH-Patator,Malware,Patator,SSH-Patator
Wednesday-14-02-2018_448.pcap,tcp_195402,tcp,195402,SSH-Patator,Malware,Patator,SSH-Patator
Wednesday-14-02-2018_448.pcap,tcp_195385,tcp,195385,SSH-Patator,Malware,Patator,SSH-Patator
Wednesday-14-02-2018_448.pcap,tcp_195918,tcp,195918,SSH-Patator,Malware,Patator,SSH-Patator
Wednesday-14-02-2018_448.pcap,tcp_195618,tcp,195618,SSH-Patator,Malware,Patator,SSH-Patator
Wednesday-14-02-2018_448.pcap,tcp_195172,tcp,195172,SSH-Patator,Malware,Patator,SSH-Patator
Wednesday-14-02-2018_448.pcap,tcp_195173,tcp,195173,SSH-Patator,Malware,Patator,SSH-Patator
Wednesday-14-02-2018_448.pcap,tcp_196117,tcp,196117,SSH-Patator,Malware,Patator,SSH-Patator
Wednesday-14-02-2018_448.pcap,tcp_196039,tcp,196039,SSH-Patator,Malware,Patator,SSH-Patator
Wednesday-14-02-2018_448.pcap,tcp_196433,tcp,196433,SSH-Patator,Malware,Patator,SSH-Patator
Wednesday-14-02-2018_448.pcap,tcp_195884,tcp,195884,SSH-Patator,Malware,Patator,SSH-Patator
Wednesday-14-02-2018_448.pcap,tcp_197042,tcp,197042,SSH-Patator,Malware,Patator,SSH-Patator
Wednesday-14-02-2018_448.pcap,tcp_196838,tcp,196838,SSH-Patator,Malware,Patator,SSH-Patator
Wednesday-14-02-2018_448.pcap,tcp_197192,tcp,197192,SSH-Patator,Malware,Patator,SSH-Patator
Wednesday-14-02-2018_448.pcap,tcp_197208,tcp,197208,SSH-Patator,Malware,Patator,SSH-Patator
Wednesday-14-02-2018_448.pcap,tcp_195184,tcp,195184,SSH-Patator,Malware,Patator,SSH-Patator
Wednesday-14-02-2018_448.pcap,tcp_195185,tcp,195185,SSH-Patator,Malware,Patator,SSH-Patator
Wednesday-14-02-2018_448.pcap,tcp_196275,tcp,196275,SSH-Patator,Malware,Patator,SSH-Patator
Wednesday-14-02-2018_448.pcap,tcp_195188,tcp,195188,SSH-Patator,Malware,Patator,SSH-Patator
Wednesday-14-02-2018_448.pcap,tcp_195189,tcp,195189,SSH-Patator,Malware,Patator,SSH-Patator
Wednesday-14-02-2018_448.pcap,tcp_196490,tcp,196490,SSH-Patator,Malware,Patator,SSH-Patator
Wednesday-14-02-2018_448.pcap,tcp_195191,tcp,195191,SSH-Patator,Malware,Patator,SSH-Patator
Wednesday-14-02-2018_448.pcap,tcp_195192,tcp,195192,SSH-Patator,Malware,Patator,SSH-Patator
Wednesday-14-02-2018_448.pcap,tcp_197064,tcp,197064,SSH-Patator,Malware,Patator,SSH-Patator
Wednesday-14-02-2018_448.pcap,tcp_195620,tcp,195620,SSH-Patator,Malware,Patator,SSH-Patator
Wednesday-14-02-2018_448.pcap,tcp_195441,tcp,195441,SSH-Patator,Malware,Patator,SSH-Patator
Wednesday-14-02-2018_448.pcap,tcp_195196,tcp,195196,SSH-Patator,Malware,Patator,SSH-Patator
Wednesday-14-02-2018_448.pcap,tcp_195197,tcp,195197,SSH-Patator,Malware,Patator,SSH-Patator
Wednesday-14-02-2018_448.pcap,tcp_195198,tcp,195198,SSH-Patator,Malware,Patator,SSH-Patator
Wednesday-14-02-2018_448.pcap,tcp_195199,tcp,195199,SSH-Patator,Malware,Patator,SSH-Patator
Wednesday-14-02-2018_448.pcap,tcp_195297,tcp,195297,SSH-Patator,Malware,Patator,SSH-Patator
Wednesday-14-02-2018_448.pcap,tcp_196663,tcp,196663,SSH-Patator,Malware,Patator,SSH-Patator
Wednesday-14-02-2018_448.pcap,tcp_195202,tcp,195202,SSH-Patator,Malware,Patator,SSH-Patator
Wednesday-14-02-2018_448.pcap,tcp_196731,tcp,196731,SSH-Patator,Malware,Patator,SSH-Patator
Wednesday-14-02-2018_448.pcap,tcp_195204,tcp,195204,SSH-Patator,Malware,Patator,SSH-Patator
Wednesday-14-02-2018_448.pcap,tcp_195304,tcp,195304,SSH-Patator,Malware,Patator,SSH-Patator
Wednesday-14-02-2018_448.pcap,tcp_195649,tcp,195649,SSH-Patator,Malware,Patator,SSH-Patator
Wednesday-14-02-2018_448.pcap,tcp_195207,tcp,195207,SSH-Patator,Malware,Patator,SSH-Patator
Wednesday-14-02-2018_448.pcap,tcp_195377,tcp,195377,SSH-Patator,Malware,Patator,SSH-Patator
Wednesday-14-02-2018_448.pcap,tcp_195470,tcp,195470,SSH-Patator,Malware,Patator,SSH-Patator
Wednesday-14-02-2018_448.pcap,tcp_195210,tcp,195210,SSH-Patator,Malware,Patator,SSH-Patator
Wednesday-14-02-2018_448.pcap,tcp_195928,tcp,195928,SSH-Patator,Malware,Patator,SSH-Patator
Wednesday-14-02-2018_448.pcap,tcp_195213,tcp,195213,SSH-Patator,Malware,Patator,SSH-Patator
Wednesday-14-02-2018_448.pcap,tcp_196586,tcp,196586,SSH-Patator,Malware,Patator,SSH-Patator
Friday-23-02-2018_446.pcap,tcp_227,tcp,227,Brute-Force,Malware,Web-Attack,Brute-Force
Friday-23-02-2018_446.pcap,tcp_228,tcp,228,Brute-Force,Malware,Web-Attack,Brute-Force
Friday-23-02-2018_446.pcap,tcp_229,tcp,229,Brute-Force,Malware,Web-Attack,Brute-Force
Friday-23-02-2018_446.pcap,tcp_230,tcp,230,Brute-Force,Malware,Web-Attack,Brute-Force
Friday-23-02-2018_446.pcap,tcp_231,tcp,231,Brute-Force,Malware,Web-Attack,Brute-Force
Friday-23-02-2018_446.pcap,tcp_233,tcp,233,Brute-Force,Malware,Web-Attack,Brute-Force
Friday-23-02-2018_446.pcap,tcp_235,tcp,235,Brute-Force,Malware,Web-Attack,Brute-Force
Friday-23-02-2018_446.pcap,tcp_239,tcp,239,Brute-Force,Malware,Web-Attack,Brute-Force
Friday-23-02-2018_446.pcap,tcp_240,tcp,240,Brute-Force,Malware,Web-Attack,Brute-Force
Friday-23-02-2018_446.pcap,tcp_241,tcp,241,Brute-Force,Malware,Web-Attack,Brute-Force
Friday-23-02-2018_446.pcap,tcp_242,tcp,242,Brute-Force,Malware,Web-Attack,Brute-Force
Friday-23-02-2018_446.pcap,tcp_244,tcp,244,Brute-Force,Malware,Web-Attack,Brute-Force
Friday-23-02-2018_446.pcap,tcp_245,tcp,245,Brute-Force,Malware,Web-Attack,Brute-Force
Friday-23-02-2018_446.pcap,tcp_246,tcp,246,Brute-Force,Malware,Web-Attack,Brute-Force
Friday-23-02-2018_446.pcap,tcp_251,tcp,251,Brute-Force,Malware,Web-Attack,Brute-Force
Friday-23-02-2018_446.pcap,tcp_252,tcp,252,Brute-Force,Malware,Web-Attack,Brute-Force
Friday-23-02-2018_446.pcap,tcp_256,tcp,256,Brute-Force,Malware,Web-Attack,Brute-Force
Friday-23-02-2018_446.pcap,tcp_257,tcp,257,Brute-Force,Malware,Web-Attack,Brute-Force
Friday-23-02-2018_446.pcap,tcp_259,tcp,259,Brute-Force,Malware,Web-Attack,Brute-Force
Friday-23-02-2018_446.pcap,tcp_260,tcp,260,Brute-Force,Malware,Web-Attack,Brute-Force
Friday-23-02-2018_446.pcap,tcp_264,tcp,264,Brute-Force,Malware,Web-Attack,Brute-Force
Friday-23-02-2018_446.pcap,tcp_265,tcp,265,Brute-Force,Malware,Web-Attack,Brute-Force
Friday-23-02-2018_446.pcap,tcp_266,tcp,266,Brute-Force,Malware,Web-Attack,Brute-Force
Friday-23-02-2018_446.pcap,tcp_271,tcp,271,Brute-Force,Malware,Web-Attack,Brute-Force
Friday-23-02-2018_446.pcap,tcp_272,tcp,272,Brute-Force,Malware,Web-Attack,Brute-Force
Friday-23-02-2018_446.pcap,tcp_276,tcp,276,Brute-Force,Malware,Web-Attack,Brute-Force
Friday-23-02-2018_446.pcap,tcp_279,tcp,279,Brute-Force,Malware,Web-Attack,Brute-Force
Friday-23-02-2018_446.pcap,tcp_281,tcp,281,Brute-Force,Malware,Web-Attack,Brute-Force
Friday-23-02-2018_446.pcap,tcp_282,tcp,282,Brute-Force,Malware,Web-Attack,Brute-Force
Friday-23-02-2018_446.pcap,tcp_285,tcp,285,Brute-Force,Malware,Web-Attack,Brute-Force
Friday-23-02-2018_446.pcap,tcp_286,tcp,286,Brute-Force,Malware,Web-Attack,Brute-Force
Friday-23-02-2018_446.pcap,tcp_289,tcp,289,Brute-Force,Malware,Web-Attack,Brute-Force
Friday-23-02-2018_446.pcap,tcp_293,tcp,293,Brute-Force,Malware,Web-Attack,Brute-Force
Friday-23-02-2018_446.pcap,tcp_300,tcp,300,Brute-Force,Malware,Web-Attack,Brute-Force
Friday-23-02-2018_446.pcap,tcp_301,tcp,301,Brute-Force,Malware,Web-Attack,Brute-Force
Friday-23-02-2018_446.pcap,tcp_302,tcp,302,Brute-Force,Malware,Web-Attack,Brute-Force
Friday-23-02-2018_446.pcap,tcp_303,tcp,303,Brute-Force,Malware,Web-Attack,Brute-Force
Friday-23-02-2018_446.pcap,tcp_304,tcp,304,Brute-Force,Malware,Web-Attack,Brute-Force
Friday-23-02-2018_446.pcap,tcp_305,tcp,305,Brute-Force,Malware,Web-Attack,Brute-Force
Friday-23-02-2018_446.pcap,tcp_307,tcp,307,Brute-Force,Malware,Web-Attack,Brute-Force
Friday-23-02-2018_446.pcap,tcp_308,tcp,308,Brute-Force,Malware,Web-Attack,Brute-Force
Friday-23-02-2018_446.pcap,tcp_311,tcp,311,Brute-Force,Malware,Web-Attack,Brute-Force
Friday-23-02-2018_446.pcap,tcp_314,tcp,314,Brute-Force,Malware,Web-Attack,Brute-Force
Friday-23-02-2018_446.pcap,tcp_315,tcp,315,Brute-Force,Malware,Web-Attack,Brute-Force
Friday-23-02-2018_446.pcap,tcp_317,tcp,317,Brute-Force,Malware,Web-Attack,Brute-Force
Friday-23-02-2018_446.pcap,tcp_319,tcp,319,Brute-Force,Malware,Web-Attack,Brute-Force
Friday-23-02-2018_446.pcap,tcp_320,tcp,320,Brute-Force,Malware,Web-Attack,Brute-Force
Friday-23-02-2018_446.pcap,tcp_323,tcp,323,Brute-Force,Malware,Web-Attack,Brute-Force
Friday-23-02-2018_446.pcap,tcp_324,tcp,324,Brute-Force,Malware,Web-Attack,Brute-Force
Friday-23-02-2018_446.pcap,tcp_329,tcp,329,Brute-Force,Malware,Web-Attack,Brute-Force
Friday-23-02-2018_446.pcap,tcp_330,tcp,330,Brute-Force,Malware,Web-Attack,Brute-Force
Friday-23-02-2018_446.pcap,tcp_333,tcp,333,Brute-Force,Malware,Web-Attack,Brute-Force
Friday-23-02-2018_446.pcap,tcp_334,tcp,334,Brute-Force,Malware,Web-Attack,Brute-Force
Friday-23-02-2018_446.pcap,tcp_335,tcp,335,Brute-Force,Malware,Web-Attack,Brute-Force
Friday-23-02-2018_446.pcap,tcp_337,tcp,337,Brute-Force,Malware,Web-Attack,Brute-Force
Friday-23-02-2018_446.pcap,tcp_338,tcp,338,Brute-Force,Malware,Web-Attack,Brute-Force
Friday-23-02-2018_446.pcap,tcp_339,tcp,339,Brute-Force,Malware,Web-Attack,Brute-Force
Friday-23-02-2018_446.pcap,tcp_340,tcp,340,Brute-Force,Malware,Web-Attack,Brute-Force
Friday-23-02-2018_446.pcap,tcp_344,tcp,344,Brute-Force,Malware,Web-Attack,Brute-Force
Friday-23-02-2018_446.pcap,tcp_351,tcp,351,Brute-Force,Malware,Web-Attack,Brute-Force
Friday-23-02-2018_446.pcap,tcp_352,tcp,352,Brute-Force,Malware,Web-Attack,Brute-Force
Friday-23-02-2018_446.pcap,tcp_356,tcp,356,Brute-Force,Malware,Web-Attack,Brute-Force
Friday-23-02-2018_446.pcap,tcp_357,tcp,357,Brute-Force,Malware,Web-Attack,Brute-Force
Friday-23-02-2018_446.pcap,tcp_366,tcp,366,Brute-Force,Malware,Web-Attack,Brute-Force
Friday-23-02-2018_446.pcap,tcp_370,tcp,370,Brute-Force,Malware,Web-Attack,Brute-Force
Friday-23-02-2018_446.pcap,tcp_371,tcp,371,Brute-Force,Malware,Web-Attack,Brute-Force
Friday-23-02-2018_446.pcap,tcp_374,tcp,374,Brute-Force,Malware,Web-Attack,Brute-Force
Friday-23-02-2018_446.pcap,tcp_375,tcp,375,Brute-Force,Malware,Web-Attack,Brute-Force
Friday-23-02-2018_446.pcap,tcp_376,tcp,376,Brute-Force,Malware,Web-Attack,Brute-Force
Friday-23-02-2018_446.pcap,tcp_382,tcp,382,Brute-Force,Malware,Web-Attack,Brute-Force
Friday-23-02-2018_446.pcap,tcp_383,tcp,383,Brute-Force,Malware,Web-Attack,Brute-Force
Friday-23-02-2018_446.pcap,tcp_385,tcp,385,Brute-Force,Malware,Web-Attack,Brute-Force
Friday-23-02-2018_446.pcap,tcp_389,tcp,389,Brute-Force,Malware,Web-Attack,Brute-Force
Friday-23-02-2018_446.pcap,tcp_391,tcp,391,Brute-Force,Malware,Web-Attack,Brute-Force
Friday-23-02-2018_446.pcap,tcp_393,tcp,393,Brute-Force,Malware,Web-Attack,Brute-Force
Friday-23-02-2018_446.pcap,tcp_397,tcp,397,Brute-Force,Malware,Web-Attack,Brute-Force
Friday-23-02-2018_446.pcap,tcp_399,tcp,399,Brute-Force,Malware,Web-Attack,Brute-Force
Friday-23-02-2018_446.pcap,tcp_400,tcp,400,Brute-Force,Malware,Web-Attack,Brute-Force
Friday-23-02-2018_446.pcap,tcp_403,tcp,403,Brute-Force,Malware,Web-Attack,Brute-Force
Friday-23-02-2018_446.pcap,tcp_404,tcp,404,Brute-Force,Malware,Web-Attack,Brute-Force
Friday-23-02-2018_446.pcap,tcp_405,tcp,405,Brute-Force,Malware,Web-Attack,Brute-Force
Friday-23-02-2018_446.pcap,tcp_406,tcp,406,Brute-Force,Malware,Web-Attack,Brute-Force
Friday-23-02-2018_446.pcap,tcp_410,tcp,410,Brute-Force,Malware,Web-Attack,Brute-Force
Friday-23-02-2018_446.pcap,tcp_411,tcp,411,Brute-Force,Malware,Web-Attack,Brute-Force
Friday-23-02-2018_446.pcap,tcp_415,tcp,415,Brute-Force,Malware,Web-Attack,Brute-Force
Friday-23-02-2018_446.pcap,tcp_418,tcp,418,Brute-Force,Malware,Web-Attack,Brute-Force
Friday-23-02-2018_446.pcap,tcp_419,tcp,419,Brute-Force,Malware,Web-Attack,Brute-Force
Friday-23-02-2018_446.pcap,tcp_421,tcp,421,Brute-Force,Malware,Web-Attack,Brute-Force
Friday-23-02-2018_446.pcap,tcp_425,tcp,425,Brute-Force,Malware,Web-Attack,Brute-Force
Friday-23-02-2018_446.pcap,tcp_428,tcp,428,Brute-Force,Malware,Web-Attack,Brute-Force
Friday-23-02-2018_446.pcap,tcp_429,tcp,429,Brute-Force,Malware,Web-Attack,Brute-Force
Friday-23-02-2018_446.pcap,tcp_439,tcp,439,Brute-Force,Malware,Web-Attack,Brute-Force
Friday-23-02-2018_446.pcap,tcp_440,tcp,440,Brute-Force,Malware,Web-Attack,Brute-Force
Friday-23-02-2018_446.pcap,tcp_441,tcp,441,Brute-Force,Malware,Web-Attack,Brute-Force
Friday-23-02-2018_446.pcap,tcp_442,tcp,442,Brute-Force,Malware,Web-Attack,Brute-Force
Friday-23-02-2018_446.pcap,tcp_444,tcp,444,Brute-Force,Malware,Web-Attack,Brute-Force
Friday-23-02-2018_446.pcap,tcp_448,tcp,448,Brute-Force,Malware,Web-Attack,Brute-Force
Friday-23-02-2018_446.pcap,tcp_451,tcp,451,Brute-Force,Malware,Web-Attack,Brute-Force
Friday-23-02-2018_446.pcap,tcp_452,tcp,452,Brute-Force,Malware,Web-Attack,Brute-Force
Friday-23-02-2018_446.pcap,tcp_699,tcp,699,XSS,Malware,Web-Attack,XSS
Friday-23-02-2018_446.pcap,tcp_703,tcp,703,XSS,Malware,Web-Attack,XSS
Friday-23-02-2018_446.pcap,tcp_706,tcp,706,XSS,Malware,Web-Attack,XSS
Friday-23-02-2018_446.pcap,tcp_713,tcp,713,XSS,Malware,Web-Attack,XSS
Friday-23-02-2018_446.pcap,tcp_715,tcp,715,XSS,Malware,Web-Attack,XSS
Friday-23-02-2018_446.pcap,tcp_723,tcp,723,XSS,Malware,Web-Attack,XSS
Friday-23-02-2018_446.pcap,tcp_727,tcp,727,XSS,Malware,Web-Attack,XSS
Friday-23-02-2018_446.pcap,tcp_735,tcp,735,XSS,Malware,Web-Attack,XSS
Friday-23-02-2018_446.pcap,tcp_738,tcp,738,XSS,Malware,Web-Attack,XSS
Friday-23-02-2018_446.pcap,tcp_742,tcp,742,XSS,Malware,Web-Attack,XSS
Friday-23-02-2018_446.pcap,tcp_745,tcp,745,XSS,Malware,Web-Attack,XSS
Friday-23-02-2018_446.pcap,tcp_751,tcp,751,XSS,Malware,Web-Attack,XSS
Friday-23-02-2018_446.pcap,tcp_754,tcp,754,XSS,Malware,Web-Attack,XSS
Friday-23-02-2018_446.pcap,tcp_760,tcp,760,XSS,Malware,Web-Attack,XSS
Friday-23-02-2018_446.pcap,tcp_766,tcp,766,XSS,Malware,Web-Attack,XSS
Friday-23-02-2018_446.pcap,tcp_770,tcp,770,XSS,Malware,Web-Attack,XSS
Friday-23-02-2018_446.pcap,tcp_771,tcp,771,XSS,Malware,Web-Attack,XSS
Friday-23-02-2018_446.pcap,tcp_772,tcp,772,XSS,Malware,Web-Attack,XSS
Friday-23-02-2018_446.pcap,tcp_776,tcp,776,XSS,Malware,Web-Attack,XSS
Friday-23-02-2018_446.pcap,tcp_803,tcp,803,XSS,Malware,Web-Attack,XSS
Friday-23-02-2018_446.pcap,tcp_808,tcp,808,XSS,Malware,Web-Attack,XSS
Friday-23-02-2018_446.pcap,tcp_819,tcp,819,XSS,Malware,Web-Attack,XSS
Friday-23-02-2018_446.pcap,tcp_821,tcp,821,XSS,Malware,Web-Attack,XSS
Friday-23-02-2018_446.pcap,tcp_823,tcp,823,XSS,Malware,Web-Attack,XSS
Friday-23-02-2018_446.pcap,tcp_824,tcp,824,XSS,Malware,Web-Attack,XSS
Friday-23-02-2018_446.pcap,tcp_828,tcp,828,XSS,Malware,Web-Attack,XSS
Friday-23-02-2018_446.pcap,tcp_834,tcp,834,XSS,Malware,Web-Attack,XSS
Friday-23-02-2018_446.pcap,tcp_837,tcp,837,XSS,Malware,Web-Attack,XSS
Friday-23-02-2018_446.pcap,tcp_839,tcp,839,XSS,Malware,Web-Attack,XSS
Friday-23-02-2018_446.pcap,tcp_844,tcp,844,XSS,Malware,Web-Attack,XSS
Friday-23-02-2018_446.pcap,tcp_850,tcp,850,XSS,Malware,Web-Attack,XSS
Friday-23-02-2018_446.pcap,tcp_852,tcp,852,XSS,Malware,Web-Attack,XSS
Friday-23-02-2018_446.pcap,tcp_855,tcp,855,XSS,Malware,Web-Attack,XSS
Friday-23-02-2018_446.pcap,tcp_857,tcp,857,XSS,Malware,Web-Attack,XSS
Friday-23-02-2018_446.pcap,tcp_861,tcp,861,XSS,Malware,Web-Attack,XSS
Friday-23-02-2018_446.pcap,tcp_866,tcp,866,XSS,Malware,Web-Attack,XSS
Friday-23-02-2018_446.pcap,tcp_874,tcp,874,XSS,Malware,Web-Attack,XSS
Friday-23-02-2018_446.pcap,tcp_878,tcp,878,XSS,Malware,Web-Attack,XSS
Friday-23-02-2018_446.pcap,tcp_881,tcp,881,XSS,Malware,Web-Attack,XSS
Friday-23-02-2018_446.pcap,tcp_883,tcp,883,XSS,Malware,Web-Attack,XSS
Friday-23-02-2018_446.pcap,tcp_885,tcp,885,XSS,Malware,Web-Attack,XSS
Friday-23-02-2018_446.pcap,tcp_891,tcp,891,XSS,Malware,Web-Attack,XSS
Friday-23-02-2018_446.pcap,tcp_893,tcp,893,XSS,Malware,Web-Attack,XSS
Friday-23-02-2018_446.pcap,tcp_896,tcp,896,XSS,Malware,Web-Attack,XSS
Friday-23-02-2018_446.pcap,tcp_900,tcp,900,XSS,Malware,Web-Attack,XSS
Friday-23-02-2018_446.pcap,tcp_902,tcp,902,XSS,Malware,Web-Attack,XSS
Friday-23-02-2018_446.pcap,tcp_905,tcp,905,XSS,Malware,Web-Attack,XSS
Friday-23-02-2018_446.pcap,tcp_906,tcp,906,XSS,Malware,Web-Attack,XSS
Friday-23-02-2018_446.pcap,tcp_907,tcp,907,XSS,Malware,Web-Attack,XSS
Friday-23-02-2018_446.pcap,tcp_909,tcp,909,XSS,Malware,Web-Attack,XSS
Friday-23-02-2018_446.pcap,tcp_911,tcp,911,XSS,Malware,Web-Attack,XSS
Friday-23-02-2018_446.pcap,tcp_914,tcp,914,XSS,Malware,Web-Attack,XSS
Friday-23-02-2018_446.pcap,tcp_915,tcp,915,XSS,Malware,Web-Attack,XSS
Friday-23-02-2018_446.pcap,tcp_919,tcp,919,XSS,Malware,Web-Attack,XSS
Friday-23-02-2018_446.pcap,tcp_920,tcp,920,XSS,Malware,Web-Attack,XSS
Friday-23-02-2018_446.pcap,tcp_921,tcp,921,XSS,Malware,Web-Attack,XSS
Friday-23-02-2018_446.pcap,tcp_924,tcp,924,XSS,Malware,Web-Attack,XSS
Friday-23-02-2018_446.pcap,tcp_1009,tcp,1009,Sql-Injection,Malware,Web-Attack,Sql-Injection
Friday-23-02-2018_446.pcap,tcp_1012,tcp,1012,Sql-Injection,Malware,Web-Attack,Sql-Injection
Friday-23-02-2018_446.pcap,tcp_1014,tcp,1014,Sql-Injection,Malware,Web-Attack,Sql-Injection
Friday-23-02-2018_446.pcap,tcp_1017,tcp,1017,Sql-Injection,Malware,Web-Attack,Sql-Injection
Friday-23-02-2018_446.pcap,tcp_1018,tcp,1018,Sql-Injection,Malware,Web-Attack,Sql-Injection
Friday-23-02-2018_446.pcap,tcp_1020,tcp,1020,Sql-Injection,Malware,Web-Attack,Sql-Injection
Friday-23-02-2018_446.pcap,tcp_1028,tcp,1028,Sql-Injection,Malware,Web-Attack,Sql-Injection
Friday-23-02-2018_446.pcap,tcp_1030,tcp,1030,Sql-Injection,Malware,Web-Attack,Sql-Injection
Friday-23-02-2018_446.pcap,tcp_1032,tcp,1032,Sql-Injection,Malware,Web-Attack,Sql-Injection
Friday-23-02-2018_446.pcap,tcp_1042,tcp,1042,Sql-Injection,Malware,Web-Attack,Sql-Injection
Friday-23-02-2018_446.pcap,tcp_1046,tcp,1046,Sql-Injection,Malware,Web-Attack,Sql-Injection
Friday-23-02-2018_446.pcap,tcp_1049,tcp,1049,Sql-Injection,Malware,Web-Attack,Sql-Injection
Friday-23-02-2018_446.pcap,tcp_1051,tcp,1051,Sql-Injection,Malware,Web-Attack,Sql-Injection
Friday-23-02-2018_446.pcap,tcp_1054,tcp,1054,Sql-Injection,Malware,Web-Attack,Sql-Injection
Friday-23-02-2018_446.pcap,tcp_1056,tcp,1056,Sql-Injection,Malware,Web-Attack,Sql-Injection
Friday-23-02-2018_446.pcap,tcp_1057,tcp,1057,Sql-Injection,Malware,Web-Attack,Sql-Injection
Friday-23-02-2018_446.pcap,tcp_1059,tcp,1059,Sql-Injection,Malware,Web-Attack,Sql-Injection
Friday-23-02-2018_446.pcap,tcp_1061,tcp,1061,Sql-Injection,Malware,Web-Attack,Sql-Injection
Friday-23-02-2018_446.pcap,tcp_1062,tcp,1062,Sql-Injection,Malware,Web-Attack,Sql-Injection
Friday-23-02-2018_446.pcap,tcp_1063,tcp,1063,Sql-Injection,Malware,Web-Attack,Sql-Injection
Friday-23-02-2018_446.pcap,tcp_1065,tcp,1065,Sql-Injection,Malware,Web-Attack,Sql-Injection
Friday-23-02-2018_446.pcap,tcp_1069,tcp,1069,Sql-Injection,Malware,Web-Attack,Sql-Injection
Friday-23-02-2018_446.pcap,tcp_1071,tcp,1071,Sql-Injection,Malware,Web-Attack,Sql-Injection
Friday-23-02-2018_446.pcap,tcp_1073,tcp,1073,Sql-Injection,Malware,Web-Attack,Sql-Injection
Thursday-22-02-2018_447.pcap,tcp_266,tcp,266,Brute-Force,Malware,Web-Attack,Brute-Force
Thursday-22-02-2018_447.pcap,tcp_267,tcp,267,Brute-Force,Malware,Web-Attack,Brute-Force
Thursday-22-02-2018_447.pcap,tcp_268,tcp,268,Brute-Force,Malware,Web-Attack,Brute-Force
Thursday-22-02-2018_447.pcap,tcp_269,tcp,269,Brute-Force,Malware,Web-Attack,Brute-Force
Thursday-22-02-2018_447.pcap,tcp_272,tcp,272,Brute-Force,Malware,Web-Attack,Brute-Force
Thursday-22-02-2018_447.pcap,tcp_273,tcp,273,Brute-Force,Malware,Web-Attack,Brute-Force
Thursday-22-02-2018_447.pcap,tcp_274,tcp,274,Brute-Force,Malware,Web-Attack,Brute-Force
Thursday-22-02-2018_447.pcap,tcp_277,tcp,277,Brute-Force,Malware,Web-Attack,Brute-Force
Thursday-22-02-2018_447.pcap,tcp_278,tcp,278,Brute-Force,Malware,Web-Attack,Brute-Force
Thursday-22-02-2018_447.pcap,tcp_283,tcp,283,Brute-Force,Malware,Web-Attack,Brute-Force
Thursday-22-02-2018_447.pcap,tcp_284,tcp,284,Brute-Force,Malware,Web-Attack,Brute-Force
Thursday-22-02-2018_447.pcap,tcp_285,tcp,285,Brute-Force,Malware,Web-Attack,Brute-Force
Thursday-22-02-2018_447.pcap,tcp_286,tcp,286,Brute-Force,Malware,Web-Attack,Brute-Force
Thursday-22-02-2018_447.pcap,tcp_288,tcp,288,Brute-Force,Malware,Web-Attack,Brute-Force
Thursday-22-02-2018_447.pcap,tcp_289,tcp,289,Brute-Force,Malware,Web-Attack,Brute-Force
Thursday-22-02-2018_447.pcap,tcp_290,tcp,290,Brute-Force,Malware,Web-Attack,Brute-Force
Thursday-22-02-2018_447.pcap,tcp_291,tcp,291,Brute-Force,Malware,Web-Attack,Brute-Force
Thursday-22-02-2018_447.pcap,tcp_293,tcp,293,Brute-Force,Malware,Web-Attack,Brute-Force
Thursday-22-02-2018_447.pcap,tcp_294,tcp,294,Brute-Force,Malware,Web-Attack,Brute-Force
Thursday-22-02-2018_447.pcap,tcp_295,tcp,295,Brute-Force,Malware,Web-Attack,Brute-Force
Thursday-22-02-2018_447.pcap,tcp_297,tcp,297,Brute-Force,Malware,Web-Attack,Brute-Force
Thursday-22-02-2018_447.pcap,tcp_298,tcp,298,Brute-Force,Malware,Web-Attack,Brute-Force
Thursday-22-02-2018_447.pcap,tcp_301,tcp,301,Brute-Force,Malware,Web-Attack,Brute-Force
Thursday-22-02-2018_447.pcap,tcp_302,tcp,302,Brute-Force,Malware,Web-Attack,Brute-Force
Thursday-22-02-2018_447.pcap,tcp_305,tcp,305,Brute-Force,Malware,Web-Attack,Brute-Force
Thursday-22-02-2018_447.pcap,tcp_309,tcp,309,Brute-Force,Malware,Web-Attack,Brute-Force
Thursday-22-02-2018_447.pcap,tcp_311,tcp,311,Brute-Force,Malware,Web-Attack,Brute-Force
Thursday-22-02-2018_447.pcap,tcp_312,tcp,312,Brute-Force,Malware,Web-Attack,Brute-Force
Thursday-22-02-2018_447.pcap,tcp_315,tcp,315,Brute-Force,Malware,Web-Attack,Brute-Force
Thursday-22-02-2018_447.pcap,tcp_319,tcp,319,Brute-Force,Malware,Web-Attack,Brute-Force
Thursday-22-02-2018_447.pcap,tcp_321,tcp,321,Brute-Force,Malware,Web-Attack,Brute-Force
Thursday-22-02-2018_447.pcap,tcp_331,tcp,331,Brute-Force,Malware,Web-Attack,Brute-Force
Thursday-22-02-2018_447.pcap,tcp_332,tcp,332,Brute-Force,Malware,Web-Attack,Brute-Force
Thursday-22-02-2018_447.pcap,tcp_334,tcp,334,Brute-Force,Malware,Web-Attack,Brute-Force
Thursday-22-02-2018_447.pcap,tcp_335,tcp,335,Brute-Force,Malware,Web-Attack,Brute-Force
Thursday-22-02-2018_447.pcap,tcp_342,tcp,342,Brute-Force,Malware,Web-Attack,Brute-Force
Thursday-22-02-2018_447.pcap,tcp_343,tcp,343,Brute-Force,Malware,Web-Attack,Brute-Force
Thursday-22-02-2018_447.pcap,tcp_346,tcp,346,Brute-Force,Malware,Web-Attack,Brute-Force
Thursday-22-02-2018_447.pcap,tcp_347,tcp,347,Brute-Force,Malware,Web-Attack,Brute-Force
Thursday-22-02-2018_447.pcap,tcp_352,tcp,352,Brute-Force,Malware,Web-Attack,Brute-Force
Thursday-22-02-2018_447.pcap,tcp_353,tcp,353,Brute-Force,Malware,Web-Attack,Brute-Force
Thursday-22-02-2018_447.pcap,tcp_356,tcp,356,Brute-Force,Malware,Web-Attack,Brute-Force
Thursday-22-02-2018_447.pcap,tcp_361,tcp,361,Brute-Force,Malware,Web-Attack,Brute-Force
Thursday-22-02-2018_447.pcap,tcp_362,tcp,362,Brute-Force,Malware,Web-Attack,Brute-Force
Thursday-22-02-2018_447.pcap,tcp_363,tcp,363,Brute-Force,Malware,Web-Attack,Brute-Force
Thursday-22-02-2018_447.pcap,tcp_364,tcp,364,Brute-Force,Malware,Web-Attack,Brute-Force
Thursday-22-02-2018_447.pcap,tcp_366,tcp,366,Brute-Force,Malware,Web-Attack,Brute-Force
Thursday-22-02-2018_447.pcap,tcp_367,tcp,367,Brute-Force,Malware,Web-Attack,Brute-Force
Thursday-22-02-2018_447.pcap,tcp_374,tcp,374,Brute-Force,Malware,Web-Attack,Brute-Force
Thursday-22-02-2018_447.pcap,tcp_380,tcp,380,Brute-Force,Malware,Web-Attack,Brute-Force
Thursday-22-02-2018_447.pcap,tcp_381,tcp,381,Brute-Force,Malware,Web-Attack,Brute-Force
Thursday-22-02-2018_447.pcap,tcp_382,tcp,382,Brute-Force,Malware,Web-Attack,Brute-Force
Thursday-22-02-2018_447.pcap,tcp_383,tcp,383,Brute-Force,Malware,Web-Attack,Brute-Force
Thursday-22-02-2018_447.pcap,tcp_384,tcp,384,Brute-Force,Malware,Web-Attack,Brute-Force
Thursday-22-02-2018_447.pcap,tcp_393,tcp,393,Brute-Force,Malware,Web-Attack,Brute-Force
Thursday-22-02-2018_447.pcap,tcp_399,tcp,399,Brute-Force,Malware,Web-Attack,Brute-Force
Thursday-22-02-2018_447.pcap,tcp_405,tcp,405,Brute-Force,Malware,Web-Attack,Brute-Force
Thursday-22-02-2018_447.pcap,tcp_409,tcp,409,Brute-Force,Malware,Web-Attack,Brute-Force
Thursday-22-02-2018_447.pcap,tcp_411,tcp,411,Brute-Force,Malware,Web-Attack,Brute-Force
Thursday-22-02-2018_447.pcap,tcp_419,tcp,419,Brute-Force,Malware,Web-Attack,Brute-Force
Thursday-22-02-2018_447.pcap,tcp_422,tcp,422,Brute-Force,Malware,Web-Attack,Brute-Force
Thursday-22-02-2018_447.pcap,tcp_423,tcp,423,Brute-Force,Malware,Web-Attack,Brute-Force
Thursday-22-02-2018_447.pcap,tcp_425,tcp,425,Brute-Force,Malware,Web-Attack,Brute-Force
Thursday-22-02-2018_447.pcap,tcp_429,tcp,429,Brute-Force,Malware,Web-Attack,Brute-Force
Thursday-22-02-2018_447.pcap,tcp_435,tcp,435,Brute-Force,Malware,Web-Attack,Brute-Force
Thursday-22-02-2018_447.pcap,tcp_436,tcp,436,Brute-Force,Malware,Web-Attack,Brute-Force
Thursday-22-02-2018_447.pcap,tcp_440,tcp,440,Brute-Force,Malware,Web-Attack,Brute-Force
Thursday-22-02-2018_447.pcap,tcp_443,tcp,443,Brute-Force,Malware,Web-Attack,Brute-Force
Thursday-22-02-2018_447.pcap,tcp_444,tcp,444,Brute-Force,Malware,Web-Attack,Brute-Force
Thursday-22-02-2018_447.pcap,tcp_446,tcp,446,Brute-Force,Malware,Web-Attack,Brute-Force
Thursday-22-02-2018_447.pcap,tcp_447,tcp,447,Brute-Force,Malware,Web-Attack,Brute-Force
Thursday-22-02-2018_447.pcap,tcp_450,tcp,450,Brute-Force,Malware,Web-Attack,Brute-Force
Thursday-22-02-2018_447.pcap,tcp_452,tcp,452,Brute-Force,Malware,Web-Attack,Brute-Force
Thursday-22-02-2018_447.pcap,tcp_453,tcp,453,Brute-Force,Malware,Web-Attack,Brute-Force
Thursday-22-02-2018_447.pcap,tcp_457,tcp,457,Brute-Force,Malware,Web-Attack,Brute-Force
Thursday-22-02-2018_447.pcap,tcp_458,tcp,458,Brute-Force,Malware,Web-Attack,Brute-Force
Thursday-22-02-2018_447.pcap,tcp_461,tcp,461,Brute-Force,Malware,Web-Attack,Brute-Force
Thursday-22-02-2018_447.pcap,tcp_462,tcp,462,Brute-Force,Malware,Web-Attack,Brute-Force
Thursday-22-02-2018_447.pcap,tcp_463,tcp,463,Brute-Force,Malware,Web-Attack,Brute-Force
Thursday-22-02-2018_447.pcap,tcp_464,tcp,464,Brute-Force,Malware,Web-Attack,Brute-Force
Thursday-22-02-2018_447.pcap,tcp_472,tcp,472,Brute-Force,Malware,Web-Attack,Brute-Force
Thursday-22-02-2018_447.pcap,tcp_473,tcp,473,Brute-Force,Malware,Web-Attack,Brute-Force
Thursday-22-02-2018_447.pcap,tcp_481,tcp,481,Brute-Force,Malware,Web-Attack,Brute-Force
Thursday-22-02-2018_447.pcap,tcp_482,tcp,482,Brute-Force,Malware,Web-Attack,Brute-Force
Thursday-22-02-2018_447.pcap,tcp_487,tcp,487,Brute-Force,Malware,Web-Attack,Brute-Force
Thursday-22-02-2018_447.pcap,tcp_488,tcp,488,Brute-Force,Malware,Web-Attack,Brute-Force
Thursday-22-02-2018_447.pcap,tcp_489,tcp,489,Brute-Force,Malware,Web-Attack,Brute-Force
Thursday-22-02-2018_447.pcap,tcp_490,tcp,490,Brute-Force,Malware,Web-Attack,Brute-Force
Thursday-22-02-2018_447.pcap,tcp_491,tcp,491,Brute-Force,Malware,Web-Attack,Brute-Force
Thursday-22-02-2018_447.pcap,tcp_501,tcp,501,Brute-Force,Malware,Web-Attack,Brute-Force
Thursday-22-02-2018_447.pcap,tcp_505,tcp,505,Brute-Force,Malware,Web-Attack,Brute-Force
Thursday-22-02-2018_447.pcap,tcp_506,tcp,506,Brute-Force,Malware,Web-Attack,Brute-Force
Thursday-22-02-2018_447.pcap,tcp_509,tcp,509,Brute-Force,Malware,Web-Attack,Brute-Force
Thursday-22-02-2018_447.pcap,tcp_513,tcp,513,Brute-Force,Malware,Web-Attack,Brute-Force
Thursday-22-02-2018_447.pcap,tcp_519,tcp,519,Brute-Force,Malware,Web-Attack,Brute-Force
Thursday-22-02-2018_447.pcap,tcp_526,tcp,526,Brute-Force,Malware,Web-Attack,Brute-Force
Thursday-22-02-2018_447.pcap,tcp_527,tcp,527,Brute-Force,Malware,Web-Attack,Brute-Force
Thursday-22-02-2018_447.pcap,tcp_530,tcp,530,Brute-Force,Malware,Web-Attack,Brute-Force
Thursday-22-02-2018_447.pcap,tcp_531,tcp,531,Brute-Force,Malware,Web-Attack,Brute-Force
Thursday-22-02-2018_447.pcap,tcp_535,tcp,535,Brute-Force,Malware,Web-Attack,Brute-Force
Thursday-22-02-2018_447.pcap,tcp_539,tcp,539,Brute-Force,Malware,Web-Attack,Brute-Force
Thursday-22-02-2018_447.pcap,tcp_540,tcp,540,Brute-Force,Malware,Web-Attack,Brute-Force
Thursday-22-02-2018_447.pcap,tcp_543,tcp,543,Brute-Force,Malware,Web-Attack,Brute-Force
Thursday-22-02-2018_447.pcap,tcp_544,tcp,544,Brute-Force,Malware,Web-Attack,Brute-Force
Thursday-22-02-2018_447.pcap,tcp_548,tcp,548,Brute-Force,Malware,Web-Attack,Brute-Force
Thursday-22-02-2018_447.pcap,tcp_550,tcp,550,Brute-Force,Malware,Web-Attack,Brute-Force
Thursday-22-02-2018_447.pcap,tcp_554,tcp,554,Brute-Force,Malware,Web-Attack,Brute-Force
Thursday-22-02-2018_447.pcap,tcp_561,tcp,561,Brute-Force,Malware,Web-Attack,Brute-Force
Thursday-22-02-2018_447.pcap,tcp_562,tcp,562,Brute-Force,Malware,Web-Attack,Brute-Force
Thursday-22-02-2018_447.pcap,tcp_906,tcp,906,XSS,Malware,Web-Attack,XSS
Thursday-22-02-2018_447.pcap,tcp_907,tcp,907,XSS,Malware,Web-Attack,XSS
Thursday-22-02-2018_447.pcap,tcp_915,tcp,915,XSS,Malware,Web-Attack,XSS
Thursday-22-02-2018_447.pcap,tcp_917,tcp,917,XSS,Malware,Web-Attack,XSS
Thursday-22-02-2018_447.pcap,tcp_922,tcp,922,XSS,Malware,Web-Attack,XSS
Thursday-22-02-2018_447.pcap,tcp_923,tcp,923,XSS,Malware,Web-Attack,XSS
Thursday-22-02-2018_447.pcap,tcp_925,tcp,925,XSS,Malware,Web-Attack,XSS
Thursday-22-02-2018_447.pcap,tcp_926,tcp,926,XSS,Malware,Web-Attack,XSS
Thursday-22-02-2018_447.pcap,tcp_929,tcp,929,XSS,Malware,Web-Attack,XSS
Thursday-22-02-2018_447.pcap,tcp_931,tcp,931,XSS,Malware,Web-Attack,XSS
Thursday-22-02-2018_447.pcap,tcp_936,tcp,936,XSS,Malware,Web-Attack,XSS
Thursday-22-02-2018_447.pcap,tcp_940,tcp,940,XSS,Malware,Web-Attack,XSS
Thursday-22-02-2018_447.pcap,tcp_944,tcp,944,XSS,Malware,Web-Attack,XSS
Thursday-22-02-2018_447.pcap,tcp_948,tcp,948,XSS,Malware,Web-Attack,XSS
Thursday-22-02-2018_447.pcap,tcp_952,tcp,952,XSS,Malware,Web-Attack,XSS
Thursday-22-02-2018_447.pcap,tcp_954,tcp,954,XSS,Malware,Web-Attack,XSS
Thursday-22-02-2018_447.pcap,tcp_960,tcp,960,XSS,Malware,Web-Attack,XSS
Thursday-22-02-2018_447.pcap,tcp_963,tcp,963,XSS,Malware,Web-Attack,XSS
Thursday-22-02-2018_447.pcap,tcp_967,tcp,967,XSS,Malware,Web-Attack,XSS
Thursday-22-02-2018_447.pcap,tcp_970,tcp,970,XSS,Malware,Web-Attack,XSS
Thursday-22-02-2018_447.pcap,tcp_972,tcp,972,XSS,Malware,Web-Attack,XSS
Thursday-22-02-2018_447.pcap,tcp_978,tcp,978,XSS,Malware,Web-Attack,XSS
Thursday-22-02-2018_447.pcap,tcp_980,tcp,980,XSS,Malware,Web-Attack,XSS
Thursday-22-02-2018_447.pcap,tcp_981,tcp,981,XSS,Malware,Web-Attack,XSS
Thursday-22-02-2018_447.pcap,tcp_985,tcp,985,XSS,Malware,Web-Attack,XSS
Thursday-22-02-2018_447.pcap,tcp_986,tcp,986,XSS,Malware,Web-Attack,XSS
Thursday-22-02-2018_447.pcap,tcp_987,tcp,987,XSS,Malware,Web-Attack,XSS
Thursday-22-02-2018_447.pcap,tcp_990,tcp,990,XSS,Malware,Web-Attack,XSS
Thursday-22-02-2018_447.pcap,tcp_999,tcp,999,XSS,Malware,Web-Attack,XSS
Thursday-22-02-2018_447.pcap,tcp_1002,tcp,1002,XSS,Malware,Web-Attack,XSS
Thursday-22-02-2018_447.pcap,tcp_1003,tcp,1003,XSS,Malware,Web-Attack,XSS
Thursday-22-02-2018_447.pcap,tcp_1006,tcp,1006,XSS,Malware,Web-Attack,XSS
Thursday-22-02-2018_447.pcap,tcp_1008,tcp,1008,XSS,Malware,Web-Attack,XSS
Thursday-22-02-2018_447.pcap,tcp_1013,tcp,1013,XSS,Malware,Web-Attack,XSS
Thursday-22-02-2018_447.pcap,tcp_1014,tcp,1014,XSS,Malware,Web-Attack,XSS
Thursday-22-02-2018_447.pcap,tcp_1299,tcp,1299,Sql-Injection,Malware,Web-Attack,Sql-Injection
Thursday-22-02-2018_447.pcap,tcp_1300,tcp,1300,Sql-Injection,Malware,Web-Attack,Sql-Injection
Thursday-22-02-2018_447.pcap,tcp_1301,tcp,1301,Sql-Injection,Malware,Web-Attack,Sql-Injection
Thursday-22-02-2018_447.pcap,tcp_1303,tcp,1303,Sql-Injection,Malware,Web-Attack,Sql-Injection
Thursday-22-02-2018_447.pcap,tcp_1306,tcp,1306,Sql-Injection,Malware,Web-Attack,Sql-Injection
Thursday-22-02-2018_447.pcap,tcp_1307,tcp,1307,Sql-Injection,Malware,Web-Attack,Sql-Injection
Thursday-22-02-2018_447.pcap,tcp_1308,tcp,1308,Sql-Injection,Malware,Web-Attack,Sql-Injection
Thursday-22-02-2018_447.pcap,tcp_1310,tcp,1310,Sql-Injection,Malware,Web-Attack,Sql-Injection
Thursday-22-02-2018_447.pcap,tcp_1312,tcp,1312,Sql-Injection,Malware,Web-Attack,Sql-Injection
Thursday-22-02-2018_447.pcap,tcp_1314,tcp,1314,Sql-Injection,Malware,Web-Attack,Sql-Injection
Thursday-22-02-2018_447.pcap,tcp_1323,tcp,1323,Sql-Injection,Malware,Web-Attack,Sql-Injection
Thursday-22-02-2018_447.pcap,tcp_1332,tcp,1332,Sql-Injection,Malware,Web-Attack,Sql-Injection
Thursday-22-02-2018_447.pcap,tcp_1338,tcp,1338,Sql-Injection,Malware,Web-Attack,Sql-Injection
Friday-16-02-2018_442.pcap,tcp_181240,tcp,181240,Hulk,Malware,DoS,Hulk
Friday-16-02-2018_442.pcap,tcp_180596,tcp,180596,Hulk,Malware,DoS,Hulk
Friday-16-02-2018_442.pcap,tcp_179293,tcp,179293,Hulk,Malware,DoS,Hulk
Friday-16-02-2018_442.pcap,tcp_182174,tcp,182174,Hulk,Malware,DoS,Hulk
Friday-16-02-2018_442.pcap,tcp_179295,tcp,179295,Hulk,Malware,DoS,Hulk
Friday-16-02-2018_442.pcap,tcp_180488,tcp,180488,Hulk,Malware,DoS,Hulk
Friday-16-02-2018_442.pcap,tcp_181158,tcp,181158,Hulk,Malware,DoS,Hulk
Friday-16-02-2018_442.pcap,tcp_180857,tcp,180857,Hulk,Malware,DoS,Hulk
Friday-16-02-2018_442.pcap,tcp_181951,tcp,181951,Hulk,Malware,DoS,Hulk
Friday-16-02-2018_442.pcap,tcp_181909,tcp,181909,Hulk,Malware,DoS,Hulk
Friday-16-02-2018_442.pcap,tcp_179301,tcp,179301,Hulk,Malware,DoS,Hulk
Friday-16-02-2018_442.pcap,tcp_179302,tcp,179302,Hulk,Malware,DoS,Hulk
Friday-16-02-2018_442.pcap,tcp_181337,tcp,181337,Hulk,Malware,DoS,Hulk
Friday-16-02-2018_442.pcap,tcp_181650,tcp,181650,Hulk,Malware,DoS,Hulk
Friday-16-02-2018_442.pcap,tcp_179305,tcp,179305,Hulk,Malware,DoS,Hulk
Friday-16-02-2018_442.pcap,tcp_182115,tcp,182115,Hulk,Malware,DoS,Hulk
Friday-16-02-2018_442.pcap,tcp_180586,tcp,180586,Hulk,Malware,DoS,Hulk
Friday-16-02-2018_442.pcap,tcp_181448,tcp,181448,Hulk,Malware,DoS,Hulk
Friday-16-02-2018_442.pcap,tcp_179311,tcp,179311,Hulk,Malware,DoS,Hulk
Friday-16-02-2018_442.pcap,tcp_181259,tcp,181259,Hulk,Malware,DoS,Hulk
Friday-16-02-2018_442.pcap,tcp_182072,tcp,182072,Hulk,Malware,DoS,Hulk
Friday-16-02-2018_442.pcap,tcp_179315,tcp,179315,Hulk,Malware,DoS,Hulk
Friday-16-02-2018_442.pcap,tcp_179316,tcp,179316,Hulk,Malware,DoS,Hulk
Friday-16-02-2018_442.pcap,tcp_182105,tcp,182105,Hulk,Malware,DoS,Hulk
Friday-16-02-2018_442.pcap,tcp_180513,tcp,180513,Hulk,Malware,DoS,Hulk
Friday-16-02-2018_442.pcap,tcp_181072,tcp,181072,Hulk,Malware,DoS,Hulk
Friday-16-02-2018_442.pcap,tcp_181289,tcp,181289,Hulk,Malware,DoS,Hulk
Friday-16-02-2018_442.pcap,tcp_181293,tcp,181293,Hulk,Malware,DoS,Hulk
Friday-16-02-2018_442.pcap,tcp_180998,tcp,180998,Hulk,Malware,DoS,Hulk
Friday-16-02-2018_442.pcap,tcp_181966,tcp,181966,Hulk,Malware,DoS,Hulk
Friday-16-02-2018_442.pcap,tcp_181437,tcp,181437,Hulk,Malware,DoS,Hulk
Friday-16-02-2018_442.pcap,tcp_181527,tcp,181527,Hulk,Malware,DoS,Hulk
Friday-16-02-2018_442.pcap,tcp_181045,tcp,181045,Hulk,Malware,DoS,Hulk
Friday-16-02-2018_442.pcap,tcp_181013,tcp,181013,Hulk,Malware,DoS,Hulk
Friday-16-02-2018_442.pcap,tcp_180995,tcp,180995,Hulk,Malware,DoS,Hulk
Friday-16-02-2018_442.pcap,tcp_181855,tcp,181855,Hulk,Malware,DoS,Hulk
Friday-16-02-2018_442.pcap,tcp_179332,tcp,179332,Hulk,Malware,DoS,Hulk
Friday-16-02-2018_442.pcap,tcp_180352,tcp,180352,Hulk,Malware,DoS,Hulk
Friday-16-02-2018_442.pcap,tcp_180807,tcp,180807,Hulk,Malware,DoS,Hulk
Friday-16-02-2018_442.pcap,tcp_180714,tcp,180714,Hulk,Malware,DoS,Hulk
Friday-16-02-2018_442.pcap,tcp_179336,tcp,179336,Hulk,Malware,DoS,Hulk
Friday-16-02-2018_442.pcap,tcp_181921,tcp,181921,Hulk,Malware,DoS,Hulk
Friday-16-02-2018_442.pcap,tcp_179338,tcp,179338,Hulk,Malware,DoS,Hulk
Friday-16-02-2018_442.pcap,tcp_179339,tcp,179339,Hulk,Malware,DoS,Hulk
Friday-16-02-2018_442.pcap,tcp_182071,tcp,182071,Hulk,Malware,DoS,Hulk
Friday-16-02-2018_442.pcap,tcp_179341,tcp,179341,Hulk,Malware,DoS,Hulk
Friday-16-02-2018_442.pcap,tcp_179343,tcp,179343,Hulk,Malware,DoS,Hulk
Friday-16-02-2018_442.pcap,tcp_181383,tcp,181383,Hulk,Malware,DoS,Hulk
Friday-16-02-2018_442.pcap,tcp_181133,tcp,181133,Hulk,Malware,DoS,Hulk
Friday-16-02-2018_442.pcap,tcp_181831,tcp,181831,Hulk,Malware,DoS,Hulk
Friday-16-02-2018_442.pcap,tcp_182183,tcp,182183,Hulk,Malware,DoS,Hulk
Friday-16-02-2018_442.pcap,tcp_180872,tcp,180872,Hulk,Malware,DoS,Hulk
Friday-16-02-2018_442.pcap,tcp_181504,tcp,181504,Hulk,Malware,DoS,Hulk
Friday-16-02-2018_442.pcap,tcp_181978,tcp,181978,Hulk,Malware,DoS,Hulk
Friday-16-02-2018_442.pcap,tcp_179354,tcp,179354,Hulk,Malware,DoS,Hulk
Friday-16-02-2018_442.pcap,tcp_179355,tcp,179355,Hulk,Malware,DoS,Hulk
Friday-16-02-2018_442.pcap,tcp_182035,tcp,182035,Hulk,Malware,DoS,Hulk
Friday-16-02-2018_442.pcap,tcp_179358,tcp,179358,Hulk,Malware,DoS,Hulk
Friday-16-02-2018_442.pcap,tcp_179359,tcp,179359,Hulk,Malware,DoS,Hulk
Friday-16-02-2018_442.pcap,tcp_181865,tcp,181865,Hulk,Malware,DoS,Hulk
Friday-16-02-2018_442.pcap,tcp_181105,tcp,181105,Hulk,Malware,DoS,Hulk
Friday-16-02-2018_442.pcap,tcp_181066,tcp,181066,Hulk,Malware,DoS,Hulk
Friday-16-02-2018_442.pcap,tcp_180616,tcp,180616,Hulk,Malware,DoS,Hulk
Friday-16-02-2018_442.pcap,tcp_180742,tcp,180742,Hulk,Malware,DoS,Hulk
Friday-16-02-2018_442.pcap,tcp_179367,tcp,179367,Hulk,Malware,DoS,Hulk
Friday-16-02-2018_442.pcap,tcp_180328,tcp,180328,Hulk,Malware,DoS,Hulk
Friday-16-02-2018_442.pcap,tcp_179369,tcp,179369,Hulk,Malware,DoS,Hulk
Friday-16-02-2018_442.pcap,tcp_179370,tcp,179370,Hulk,Malware,DoS,Hulk
Friday-16-02-2018_442.pcap,tcp_179371,tcp,179371,Hulk,Malware,DoS,Hulk
Friday-16-02-2018_442.pcap,tcp_181820,tcp,181820,Hulk,Malware,DoS,Hulk
Friday-16-02-2018_442.pcap,tcp_179373,tcp,179373,Hulk,Malware,DoS,Hulk
Friday-16-02-2018_442.pcap,tcp_180788,tcp,180788,Hulk,Malware,DoS,Hulk
Friday-16-02-2018_442.pcap,tcp_180837,tcp,180837,Hulk,Malware,DoS,Hulk
Friday-16-02-2018_442.pcap,tcp_180687,tcp,180687,Hulk,Malware,DoS,Hulk
Friday-16-02-2018_442.pcap,tcp_179377,tcp,179377,Hulk,Malware,DoS,Hulk
Friday-16-02-2018_442.pcap,tcp_179378,tcp,179378,Hulk,Malware,DoS,Hulk
Friday-16-02-2018_442.pcap,tcp_181056,tcp,181056,Hulk,Malware,DoS,Hulk
Friday-16-02-2018_442.pcap,tcp_180951,tcp,180951,Hulk,Malware,DoS,Hulk
Friday-16-02-2018_442.pcap,tcp_180432,tcp,180432,Hulk,Malware,DoS,Hulk
Friday-16-02-2018_442.pcap,tcp_181040,tcp,181040,Hulk,Malware,DoS,Hulk
Friday-16-02-2018_442.pcap,tcp_180436,tcp,180436,Hulk,Malware,DoS,Hulk
Friday-16-02-2018_442.pcap,tcp_179386,tcp,179386,Hulk,Malware,DoS,Hulk
Friday-16-02-2018_442.pcap,tcp_181476,tcp,181476,Hulk,Malware,DoS,Hulk
Friday-16-02-2018_442.pcap,tcp_180517,tcp,180517,Hulk,Malware,DoS,Hulk
Friday-16-02-2018_442.pcap,tcp_181508,tcp,181508,Hulk,Malware,DoS,Hulk
Friday-16-02-2018_442.pcap,tcp_179390,tcp,179390,Hulk,Malware,DoS,Hulk
Friday-16-02-2018_442.pcap,tcp_179391,tcp,179391,Hulk,Malware,DoS,Hulk
Friday-16-02-2018_442.pcap,tcp_181519,tcp,181519,Hulk,Malware,DoS,Hulk
Friday-16-02-2018_442.pcap,tcp_179393,tcp,179393,Hulk,Malware,DoS,Hulk
Friday-16-02-2018_442.pcap,tcp_180388,tcp,180388,Hulk,Malware,DoS,Hulk
Friday-16-02-2018_442.pcap,tcp_181282,tcp,181282,Hulk,Malware,DoS,Hulk
Friday-16-02-2018_442.pcap,tcp_181848,tcp,181848,Hulk,Malware,DoS,Hulk
Friday-16-02-2018_442.pcap,tcp_182129,tcp,182129,Hulk,Malware,DoS,Hulk
Friday-16-02-2018_442.pcap,tcp_181899,tcp,181899,Hulk,Malware,DoS,Hulk
Friday-16-02-2018_442.pcap,tcp_180943,tcp,180943,Hulk,Malware,DoS,Hulk
Friday-16-02-2018_442.pcap,tcp_180917,tcp,180917,Hulk,Malware,DoS,Hulk
Friday-16-02-2018_442.pcap,tcp_181471,tcp,181471,Hulk,Malware,DoS,Hulk
Friday-16-02-2018_442.pcap,tcp_181369,tcp,181369,Hulk,Malware,DoS,Hulk
Friday-16-02-2018_442.pcap,tcp_181759,tcp,181759,Hulk,Malware,DoS,Hulk
Friday-16-02-2018_442.pcap,tcp_180800,tcp,180800,Hulk,Malware,DoS,Hulk
Friday-16-02-2018_442.pcap,tcp_182220,tcp,182220,Hulk,Malware,DoS,Hulk
Friday-16-02-2018_442.pcap,tcp_180562,tcp,180562,Hulk,Malware,DoS,Hulk
Friday-16-02-2018_442.pcap,tcp_179408,tcp,179408,Hulk,Malware,DoS,Hulk
Friday-16-02-2018_442.pcap,tcp_181405,tcp,181405,Hulk,Malware,DoS,Hulk
Friday-16-02-2018_442.pcap,tcp_180310,tcp,180310,Hulk,Malware,DoS,Hulk
Friday-16-02-2018_442.pcap,tcp_180437,tcp,180437,Hulk,Malware,DoS,Hulk
Friday-16-02-2018_442.pcap,tcp_181693,tcp,181693,Hulk,Malware,DoS,Hulk
Friday-16-02-2018_442.pcap,tcp_181850,tcp,181850,Hulk,Malware,DoS,Hulk
Friday-16-02-2018_442.pcap,tcp_179418,tcp,179418,Hulk,Malware,DoS,Hulk
Friday-16-02-2018_442.pcap,tcp_181055,tcp,181055,Hulk,Malware,DoS,Hulk
Friday-16-02-2018_442.pcap,tcp_182141,tcp,182141,Hulk,Malware,DoS,Hulk
Friday-16-02-2018_442.pcap,tcp_179421,tcp,179421,Hulk,Malware,DoS,Hulk
Friday-16-02-2018_442.pcap,tcp_179422,tcp,179422,Hulk,Malware,DoS,Hulk
Friday-16-02-2018_442.pcap,tcp_180939,tcp,180939,Hulk,Malware,DoS,Hulk
Friday-16-02-2018_442.pcap,tcp_181082,tcp,181082,Hulk,Malware,DoS,Hulk
Friday-16-02-2018_442.pcap,tcp_179425,tcp,179425,Hulk,Malware,DoS,Hulk
Friday-16-02-2018_442.pcap,tcp_181537,tcp,181537,Hulk,Malware,DoS,Hulk
Friday-16-02-2018_442.pcap,tcp_179428,tcp,179428,Hulk,Malware,DoS,Hulk
Friday-16-02-2018_442.pcap,tcp_181779,tcp,181779,Hulk,Malware,DoS,Hulk
Friday-16-02-2018_442.pcap,tcp_182029,tcp,182029,Hulk,Malware,DoS,Hulk
Friday-16-02-2018_442.pcap,tcp_179431,tcp,179431,Hulk,Malware,DoS,Hulk
Friday-16-02-2018_442.pcap,tcp_181700,tcp,181700,Hulk,Malware,DoS,Hulk
Friday-16-02-2018_442.pcap,tcp_180373,tcp,180373,Hulk,Malware,DoS,Hulk
Friday-16-02-2018_442.pcap,tcp_181252,tcp,181252,Hulk,Malware,DoS,Hulk
Friday-16-02-2018_442.pcap,tcp_179436,tcp,179436,Hulk,Malware,DoS,Hulk
Friday-16-02-2018_442.pcap,tcp_181364,tcp,181364,Hulk,Malware,DoS,Hulk
Friday-16-02-2018_442.pcap,tcp_180716,tcp,180716,Hulk,Malware,DoS,Hulk
Friday-16-02-2018_442.pcap,tcp_182099,tcp,182099,Hulk,Malware,DoS,Hulk
Friday-16-02-2018_442.pcap,tcp_181078,tcp,181078,Hulk,Malware,DoS,Hulk
Friday-16-02-2018_442.pcap,tcp_179441,tcp,179441,Hulk,Malware,DoS,Hulk
Friday-16-02-2018_442.pcap,tcp_179443,tcp,179443,Hulk,Malware,DoS,Hulk
Friday-16-02-2018_442.pcap,tcp_180298,tcp,180298,Hulk,Malware,DoS,Hulk
Friday-16-02-2018_442.pcap,tcp_1181389,tcp,1181389,Hulk,Malware,DoS,Hulk
Friday-16-02-2018_442.pcap,tcp_181214,tcp,181214,Hulk,Malware,DoS,Hulk
Friday-16-02-2018_442.pcap,tcp_179448,tcp,179448,Hulk,Malware,DoS,Hulk
Friday-16-02-2018_442.pcap,tcp_181796,tcp,181796,Hulk,Malware,DoS,Hulk
Friday-16-02-2018_442.pcap,tcp_180588,tcp,180588,Hulk,Malware,DoS,Hulk
Friday-16-02-2018_442.pcap,tcp_180700,tcp,180700,Hulk,Malware,DoS,Hulk
Friday-16-02-2018_442.pcap,tcp_181911,tcp,181911,Hulk,Malware,DoS,Hulk
Friday-16-02-2018_442.pcap,tcp_180489,tcp,180489,Hulk,Malware,DoS,Hulk
Friday-16-02-2018_442.pcap,tcp_180860,tcp,180860,Hulk,Malware,DoS,Hulk
Friday-16-02-2018_442.pcap,tcp_179457,tcp,179457,Hulk,Malware,DoS,Hulk
Friday-16-02-2018_442.pcap,tcp_181886,tcp,181886,Hulk,Malware,DoS,Hulk
Friday-16-02-2018_442.pcap,tcp_181146,tcp,181146,Hulk,Malware,DoS,Hulk
Friday-16-02-2018_442.pcap,tcp_179460,tcp,179460,Hulk,Malware,DoS,Hulk
Friday-16-02-2018_442.pcap,tcp_180812,tcp,180812,Hulk,Malware,DoS,Hulk
Friday-16-02-2018_442.pcap,tcp_179463,tcp,179463,Hulk,Malware,DoS,Hulk
Friday-16-02-2018_442.pcap,tcp_181408,tcp,181408,Hulk,Malware,DoS,Hulk
Friday-16-02-2018_442.pcap,tcp_179465,tcp,179465,Hulk,Malware,DoS,Hulk
Friday-16-02-2018_442.pcap,tcp_182228,tcp,182228,Hulk,Malware,DoS,Hulk
Friday-16-02-2018_442.pcap,tcp_180822,tcp,180822,Hulk,Malware,DoS,Hulk
Friday-16-02-2018_442.pcap,tcp_181602,tcp,181602,Hulk,Malware,DoS,Hulk
Friday-16-02-2018_442.pcap,tcp_179470,tcp,179470,Hulk,Malware,DoS,Hulk
Friday-16-02-2018_442.pcap,tcp_181357,tcp,181357,Hulk,Malware,DoS,Hulk
Friday-16-02-2018_442.pcap,tcp_180435,tcp,180435,Hulk,Malware,DoS,Hulk
Friday-16-02-2018_442.pcap,tcp_181875,tcp,181875,Hulk,Malware,DoS,Hulk
Friday-16-02-2018_442.pcap,tcp_179477,tcp,179477,Hulk,Malware,DoS,Hulk
Friday-16-02-2018_442.pcap,tcp_181591,tcp,181591,Hulk,Malware,DoS,Hulk
Friday-16-02-2018_442.pcap,tcp_181425,tcp,181425,Hulk,Malware,DoS,Hulk
Friday-16-02-2018_442.pcap,tcp_181908,tcp,181908,Hulk,Malware,DoS,Hulk
Friday-16-02-2018_442.pcap,tcp_180787,tcp,180787,Hulk,Malware,DoS,Hulk
Friday-16-02-2018_442.pcap,tcp_181686,tcp,181686,Hulk,Malware,DoS,Hulk
Friday-16-02-2018_442.pcap,tcp_179484,tcp,179484,Hulk,Malware,DoS,Hulk
Friday-16-02-2018_442.pcap,tcp_180528,tcp,180528,Hulk,Malware,DoS,Hulk
Friday-16-02-2018_442.pcap,tcp_180841,tcp,180841,Hulk,Malware,DoS,Hulk
Friday-16-02-2018_442.pcap,tcp_179488,tcp,179488,Hulk,Malware,DoS,Hulk
Friday-16-02-2018_442.pcap,tcp_181876,tcp,181876,Hulk,Malware,DoS,Hulk
Friday-16-02-2018_442.pcap,tcp_180986,tcp,180986,Hulk,Malware,DoS,Hulk
Friday-16-02-2018_442.pcap,tcp_180741,tcp,180741,Hulk,Malware,DoS,Hulk
Friday-16-02-2018_442.pcap,tcp_180557,tcp,180557,Hulk,Malware,DoS,Hulk
Friday-16-02-2018_442.pcap,tcp_182281,tcp,182281,Hulk,Malware,DoS,Hulk
Friday-16-02-2018_442.pcap,tcp_179494,tcp,179494,Hulk,Malware,DoS,Hulk
Friday-16-02-2018_442.pcap,tcp_179495,tcp,179495,Hulk,Malware,DoS,Hulk
Friday-16-02-2018_442.pcap,tcp_180866,tcp,180866,Hulk,Malware,DoS,Hulk
Friday-16-02-2018_442.pcap,tcp_181096,tcp,181096,Hulk,Malware,DoS,Hulk
Friday-16-02-2018_442.pcap,tcp_179498,tcp,179498,Hulk,Malware,DoS,Hulk
Friday-16-02-2018_442.pcap,tcp_180628,tcp,180628,Hulk,Malware,DoS,Hulk
Friday-16-02-2018_442.pcap,tcp_179500,tcp,179500,Hulk,Malware,DoS,Hulk
Friday-16-02-2018_442.pcap,tcp_179502,tcp,179502,Hulk,Malware,DoS,Hulk
Friday-16-02-2018_442.pcap,tcp_181524,tcp,181524,Hulk,Malware,DoS,Hulk
Friday-16-02-2018_442.pcap,tcp_179505,tcp,179505,Hulk,Malware,DoS,Hulk
Friday-16-02-2018_442.pcap,tcp_179506,tcp,179506,Hulk,Malware,DoS,Hulk
Friday-16-02-2018_442.pcap,tcp_179508,tcp,179508,Hulk,Malware,DoS,Hulk
Friday-16-02-2018_442.pcap,tcp_179509,tcp,179509,Hulk,Malware,DoS,Hulk
Friday-16-02-2018_442.pcap,tcp_180922,tcp,180922,Hulk,Malware,DoS,Hulk
Friday-16-02-2018_442.pcap,tcp_181808,tcp,181808,Hulk,Malware,DoS,Hulk
Friday-16-02-2018_442.pcap,tcp_180776,tcp,180776,Hulk,Malware,DoS,Hulk
Friday-16-02-2018_442.pcap,tcp_182249,tcp,182249,Hulk,Malware,DoS,Hulk
Friday-16-02-2018_442.pcap,tcp_179515,tcp,179515,Hulk,Malware,DoS,Hulk
Friday-16-02-2018_442.pcap,tcp_180417,tcp,180417,Hulk,Malware,DoS,Hulk
Friday-16-02-2018_442.pcap,tcp_182171,tcp,182171,Hulk,Malware,DoS,Hulk
Friday-16-02-2018_442.pcap,tcp_179518,tcp,179518,Hulk,Malware,DoS,Hulk
Friday-16-02-2018_442.pcap,tcp_181703,tcp,181703,Hulk,Malware,DoS,Hulk
Friday-16-02-2018_442.pcap,tcp_180589,tcp,180589,Hulk,Malware,DoS,Hulk
Friday-16-02-2018_442.pcap,tcp_180965,tcp,180965,Hulk,Malware,DoS,Hulk
Friday-16-02-2018_442.pcap,tcp_179525,tcp,179525,Hulk,Malware,DoS,Hulk
Friday-16-02-2018_442.pcap,tcp_179526,tcp,179526,Hulk,Malware,DoS,Hulk
Friday-16-02-2018_442.pcap,tcp_181375,tcp,181375,Hulk,Malware,DoS,Hulk
Friday-16-02-2018_442.pcap,tcp_179528,tcp,179528,Hulk,Malware,DoS,Hulk
Friday-16-02-2018_442.pcap,tcp_179529,tcp,179529,Hulk,Malware,DoS,Hulk
Friday-16-02-2018_442.pcap,tcp_180613,tcp,180613,Hulk,Malware,DoS,Hulk
Friday-16-02-2018_442.pcap,tcp_181297,tcp,181297,Hulk,Malware,DoS,Hulk
Friday-16-02-2018_442.pcap,tcp_181958,tcp,181958,Hulk,Malware,DoS,Hulk
Friday-16-02-2018_442.pcap,tcp_179534,tcp,179534,Hulk,Malware,DoS,Hulk
Friday-16-02-2018_442.pcap,tcp_181954,tcp,181954,Hulk,Malware,DoS,Hulk
Friday-16-02-2018_442.pcap,tcp_181376,tcp,181376,Hulk,Malware,DoS,Hulk
Friday-16-02-2018_442.pcap,tcp_180789,tcp,180789,Hulk,Malware,DoS,Hulk
Friday-16-02-2018_442.pcap,tcp_179538,tcp,179538,Hulk,Malware,DoS,Hulk
Friday-16-02-2018_442.pcap,tcp_179539,tcp,179539,Hulk,Malware,DoS,Hulk
Friday-16-02-2018_442.pcap,tcp_179540,tcp,179540,Hulk,Malware,DoS,Hulk
Friday-16-02-2018_442.pcap,tcp_182017,tcp,182017,Hulk,Malware,DoS,Hulk
Friday-16-02-2018_442.pcap,tcp_180955,tcp,180955,Hulk,Malware,DoS,Hulk
Friday-16-02-2018_442.pcap,tcp_180920,tcp,180920,Hulk,Malware,DoS,Hulk
Friday-16-02-2018_442.pcap,tcp_180368,tcp,180368,Hulk,Malware,DoS,Hulk
Friday-16-02-2018_442.pcap,tcp_181935,tcp,181935,Hulk,Malware,DoS,Hulk
Friday-16-02-2018_442.pcap,tcp_182170,tcp,182170,Hulk,Malware,DoS,Hulk
Friday-16-02-2018_442.pcap,tcp_180723,tcp,180723,Hulk,Malware,DoS,Hulk
Friday-16-02-2018_442.pcap,tcp_182062,tcp,182062,Hulk,Malware,DoS,Hulk
Friday-16-02-2018_442.pcap,tcp_179550,tcp,179550,Hulk,Malware,DoS,Hulk
Friday-16-02-2018_442.pcap,tcp_181962,tcp,181962,Hulk,Malware,DoS,Hulk
Friday-16-02-2018_442.pcap,tcp_181981,tcp,181981,Hulk,Malware,DoS,Hulk
Friday-16-02-2018_442.pcap,tcp_179553,tcp,179553,Hulk,Malware,DoS,Hulk
Friday-16-02-2018_442.pcap,tcp_181738,tcp,181738,Hulk,Malware,DoS,Hulk
Friday-16-02-2018_442.pcap,tcp_181864,tcp,181864,Hulk,Malware,DoS,Hulk
Friday-16-02-2018_442.pcap,tcp_180481,tcp,180481,Hulk,Malware,DoS,Hulk
Friday-16-02-2018_442.pcap,tcp_182265,tcp,182265,Hulk,Malware,DoS,Hulk
Friday-16-02-2018_442.pcap,tcp_182279,tcp,182279,Hulk,Malware,DoS,Hulk
Friday-16-02-2018_442.pcap,tcp_182195,tcp,182195,Hulk,Malware,DoS,Hulk
Friday-16-02-2018_442.pcap,tcp_179561,tcp,179561,Hulk,Malware,DoS,Hulk
Friday-16-02-2018_442.pcap,tcp_181507,tcp,181507,Hulk,Malware,DoS,Hulk
Friday-16-02-2018_442.pcap,tcp_179563,tcp,179563,Hulk,Malware,DoS,Hulk
Friday-16-02-2018_442.pcap,tcp_181053,tcp,181053,Hulk,Malware,DoS,Hulk
Friday-16-02-2018_442.pcap,tcp_181878,tcp,181878,Hulk,Malware,DoS,Hulk
Friday-16-02-2018_442.pcap,tcp_180887,tcp,180887,Hulk,Malware,DoS,Hulk
Friday-16-02-2018_442.pcap,tcp_181457,tcp,181457,Hulk,Malware,DoS,Hulk
Friday-16-02-2018_442.pcap,tcp_181953,tcp,181953,Hulk,Malware,DoS,Hulk
Friday-16-02-2018_442.pcap,tcp_181017,tcp,181017,Hulk,Malware,DoS,Hulk
Friday-16-02-2018_442.pcap,tcp_182192,tcp,182192,Hulk,Malware,DoS,Hulk
Friday-16-02-2018_442.pcap,tcp_181824,tcp,181824,Hulk,Malware,DoS,Hulk
Friday-16-02-2018_442.pcap,tcp_180765,tcp,180765,Hulk,Malware,DoS,Hulk
Friday-16-02-2018_442.pcap,tcp_179573,tcp,179573,Hulk,Malware,DoS,Hulk
Friday-16-02-2018_442.pcap,tcp_181324,tcp,181324,Hulk,Malware,DoS,Hulk
Friday-16-02-2018_442.pcap,tcp_180506,tcp,180506,Hulk,Malware,DoS,Hulk
Friday-16-02-2018_442.pcap,tcp_181965,tcp,181965,Hulk,Malware,DoS,Hulk
Friday-16-02-2018_442.pcap,tcp_179578,tcp,179578,Hulk,Malware,DoS,Hulk
Friday-16-02-2018_442.pcap,tcp_181397,tcp,181397,Hulk,Malware,DoS,Hulk
Friday-16-02-2018_442.pcap,tcp_180414,tcp,180414,Hulk,Malware,DoS,Hulk
Friday-16-02-2018_442.pcap,tcp_181733,tcp,181733,Hulk,Malware,DoS,Hulk
Friday-16-02-2018_442.pcap,tcp_181610,tcp,181610,Hulk,Malware,DoS,Hulk
Friday-16-02-2018_442.pcap,tcp_181882,tcp,181882,Hulk,Malware,DoS,Hulk
Friday-16-02-2018_442.pcap,tcp_181774,tcp,181774,Hulk,Malware,DoS,Hulk
Friday-16-02-2018_442.pcap,tcp_182065,tcp,182065,Hulk,Malware,DoS,Hulk
Friday-16-02-2018_442.pcap,tcp_181365,tcp,181365,Hulk,Malware,DoS,Hulk
Friday-16-02-2018_442.pcap,tcp_181756,tcp,181756,Hulk,Malware,DoS,Hulk
Friday-16-02-2018_442.pcap,tcp_181187,tcp,181187,Hulk,Malware,DoS,Hulk
Friday-16-02-2018_442.pcap,tcp_182155,tcp,182155,Hulk,Malware,DoS,Hulk
Friday-16-02-2018_442.pcap,tcp_181827,tcp,181827,Hulk,Malware,DoS,Hulk
Friday-16-02-2018_442.pcap,tcp_179598,tcp,179598,Hulk,Malware,DoS,Hulk
Friday-16-02-2018_442.pcap,tcp_182245,tcp,182245,Hulk,Malware,DoS,Hulk
Friday-16-02-2018_442.pcap,tcp_180572,tcp,180572,Hulk,Malware,DoS,Hulk
Friday-16-02-2018_442.pcap,tcp_180662,tcp,180662,Hulk,Malware,DoS,Hulk
Friday-16-02-2018_442.pcap,tcp_179602,tcp,179602,Hulk,Malware,DoS,Hulk
Friday-16-02-2018_442.pcap,tcp_181869,tcp,181869,Hulk,Malware,DoS,Hulk
Friday-16-02-2018_442.pcap,tcp_179604,tcp,179604,Hulk,Malware,DoS,Hulk
Friday-16-02-2018_442.pcap,tcp_179605,tcp,179605,Hulk,Malware,DoS,Hulk
Friday-16-02-2018_442.pcap,tcp_182044,tcp,182044,Hulk,Malware,DoS,Hulk
Friday-16-02-2018_442.pcap,tcp_180614,tcp,180614,Hulk,Malware,DoS,Hulk
Friday-16-02-2018_442.pcap,tcp_179609,tcp,179609,Hulk,Malware,DoS,Hulk
Friday-16-02-2018_442.pcap,tcp_181870,tcp,181870,Hulk,Malware,DoS,Hulk
Friday-16-02-2018_442.pcap,tcp_181885,tcp,181885,Hulk,Malware,DoS,Hulk
Friday-16-02-2018_442.pcap,tcp_180445,tcp,180445,Hulk,Malware,DoS,Hulk
Friday-16-02-2018_442.pcap,tcp_179615,tcp,179615,Hulk,Malware,DoS,Hulk
Friday-16-02-2018_442.pcap,tcp_179616,tcp,179616,Hulk,Malware,DoS,Hulk
Friday-16-02-2018_442.pcap,tcp_181103,tcp,181103,Hulk,Malware,DoS,Hulk
Friday-16-02-2018_442.pcap,tcp_181310,tcp,181310,Hulk,Malware,DoS,Hulk
Friday-16-02-2018_442.pcap,tcp_180592,tcp,180592,Hulk,Malware,DoS,Hulk
Friday-16-02-2018_442.pcap,tcp_179620,tcp,179620,Hulk,Malware,DoS,Hulk
Friday-16-02-2018_442.pcap,tcp_179621,tcp,179621,Hulk,Malware,DoS,Hulk
Friday-16-02-2018_442.pcap,tcp_182144,tcp,182144,Hulk,Malware,DoS,Hulk
Friday-16-02-2018_442.pcap,tcp_181313,tcp,181313,Hulk,Malware,DoS,Hulk
Friday-16-02-2018_442.pcap,tcp_181382,tcp,181382,Hulk,Malware,DoS,Hulk
Friday-16-02-2018_442.pcap,tcp_180560,tcp,180560,Hulk,Malware,DoS,Hulk
Friday-16-02-2018_442.pcap,tcp_182223,tcp,182223,Hulk,Malware,DoS,Hulk
Friday-16-02-2018_442.pcap,tcp_182193,tcp,182193,Hulk,Malware,DoS,Hulk
Friday-16-02-2018_442.pcap,tcp_180308,tcp,180308,Hulk,Malware,DoS,Hulk
Friday-16-02-2018_442.pcap,tcp_181568,tcp,181568,Hulk,Malware,DoS,Hulk
Friday-16-02-2018_442.pcap,tcp_179632,tcp,179632,Hulk,Malware,DoS,Hulk
Friday-16-02-2018_442.pcap,tcp_179634,tcp,179634,Hulk,Malware,DoS,Hulk
Friday-16-02-2018_442.pcap,tcp_179635,tcp,179635,Hulk,Malware,DoS,Hulk
Friday-16-02-2018_442.pcap,tcp_180598,tcp,180598,Hulk,Malware,DoS,Hulk
Friday-16-02-2018_442.pcap,tcp_179639,tcp,179639,Hulk,Malware,DoS,Hulk
Friday-16-02-2018_442.pcap,tcp_181992,tcp,181992,Hulk,Malware,DoS,Hulk
Friday-16-02-2018_442.pcap,tcp_180514,tcp,180514,Hulk,Malware,DoS,Hulk
Friday-16-02-2018_442.pcap,tcp_181279,tcp,181279,Hulk,Malware,DoS,Hulk
Friday-16-02-2018_442.pcap,tcp_182159,tcp,182159,Hulk,Malware,DoS,Hulk
Friday-16-02-2018_442.pcap,tcp_181560,tcp,181560,Hulk,Malware,DoS,Hulk
Friday-16-02-2018_442.pcap,tcp_182274,tcp,182274,Hulk,Malware,DoS,Hulk
Friday-16-02-2018_442.pcap,tcp_181538,tcp,181538,Hulk,Malware,DoS,Hulk
Friday-16-02-2018_442.pcap,tcp_181351,tcp,181351,Hulk,Malware,DoS,Hulk
Friday-16-02-2018_442.pcap,tcp_181201,tcp,181201,Hulk,Malware,DoS,Hulk
Friday-16-02-2018_442.pcap,tcp_179654,tcp,179654,Hulk,Malware,DoS,Hulk
Friday-16-02-2018_442.pcap,tcp_181705,tcp,181705,Hulk,Malware,DoS,Hulk
Friday-16-02-2018_442.pcap,tcp_180961,tcp,180961,Hulk,Malware,DoS,Hulk
Friday-16-02-2018_442.pcap,tcp_181224,tcp,181224,Hulk,Malware,DoS,Hulk
Friday-16-02-2018_442.pcap,tcp_179659,tcp,179659,Hulk,Malware,DoS,Hulk
Friday-16-02-2018_442.pcap,tcp_182096,tcp,182096,Hulk,Malware,DoS,Hulk
Friday-16-02-2018_442.pcap,tcp_179661,tcp,179661,Hulk,Malware,DoS,Hulk
Friday-16-02-2018_442.pcap,tcp_182145,tcp,182145,Hulk,Malware,DoS,Hulk
Friday-16-02-2018_442.pcap,tcp_181006,tcp,181006,Hulk,Malware,DoS,Hulk
Friday-16-02-2018_442.pcap,tcp_180945,tcp,180945,Hulk,Malware,DoS,Hulk
Friday-16-02-2018_442.pcap,tcp_181266,tcp,181266,Hulk,Malware,DoS,Hulk
Friday-16-02-2018_442.pcap,tcp_180666,tcp,180666,Hulk,Malware,DoS,Hulk
Friday-16-02-2018_442.pcap,tcp_181281,tcp,181281,Hulk,Malware,DoS,Hulk
Friday-16-02-2018_442.pcap,tcp_180307,tcp,180307,Hulk,Malware,DoS,Hulk
Friday-16-02-2018_442.pcap,tcp_181681,tcp,181681,Hulk,Malware,DoS,Hulk
Friday-16-02-2018_442.pcap,tcp_181502,tcp,181502,Hulk,Malware,DoS,Hulk
Friday-16-02-2018_442.pcap,tcp_180957,tcp,180957,Hulk,Malware,DoS,Hulk
Friday-16-02-2018_442.pcap,tcp_179674,tcp,179674,Hulk,Malware,DoS,Hulk
Friday-16-02-2018_442.pcap,tcp_179675,tcp,179675,Hulk,Malware,DoS,Hulk
Friday-16-02-2018_442.pcap,tcp_179676,tcp,179676,Hulk,Malware,DoS,Hulk
Friday-16-02-2018_442.pcap,tcp_182248,tcp,182248,Hulk,Malware,DoS,Hulk
Friday-16-02-2018_442.pcap,tcp_182039,tcp,182039,Hulk,Malware,DoS,Hulk
Friday-16-02-2018_442.pcap,tcp_182052,tcp,182052,Hulk,Malware,DoS,Hulk
Friday-16-02-2018_442.pcap,tcp_181648,tcp,181648,Hulk,Malware,DoS,Hulk
Friday-16-02-2018_442.pcap,tcp_179682,tcp,179682,Hulk,Malware,DoS,Hulk
Friday-16-02-2018_442.pcap,tcp_181360,tcp,181360,Hulk,Malware,DoS,Hulk
Friday-16-02-2018_442.pcap,tcp_181783,tcp,181783,Hulk,Malware,DoS,Hulk
Friday-16-02-2018_442.pcap,tcp_181200,tcp,181200,Hulk,Malware,DoS,Hulk
Friday-16-02-2018_442.pcap,tcp_179687,tcp,179687,Hulk,Malware,DoS,Hulk
Friday-16-02-2018_442.pcap,tcp_181633,tcp,181633,Hulk,Malware,DoS,Hulk
Friday-16-02-2018_442.pcap,tcp_181449,tcp,181449,Hulk,Malware,DoS,Hulk
Friday-16-02-2018_442.pcap,tcp_181344,tcp,181344,Hulk,Malware,DoS,Hulk
Friday-16-02-2018_442.pcap,tcp_180564,tcp,180564,Hulk,Malware,DoS,Hulk
Friday-16-02-2018_442.pcap,tcp_181896,tcp,181896,Hulk,Malware,DoS,Hulk
Friday-16-02-2018_442.pcap,tcp_179696,tcp,179696,Hulk,Malware,DoS,Hulk
Friday-16-02-2018_442.pcap,tcp_179697,tcp,179697,Hulk,Malware,DoS,Hulk
Friday-16-02-2018_442.pcap,tcp_180584,tcp,180584,Hulk,Malware,DoS,Hulk
Friday-16-02-2018_442.pcap,tcp_180295,tcp,180295,Hulk,Malware,DoS,Hulk
Friday-16-02-2018_442.pcap,tcp_179701,tcp,179701,Hulk,Malware,DoS,Hulk
Friday-16-02-2018_442.pcap,tcp_181428,tcp,181428,Hulk,Malware,DoS,Hulk
Friday-16-02-2018_442.pcap,tcp_179704,tcp,179704,Hulk,Malware,DoS,Hulk
Friday-16-02-2018_442.pcap,tcp_179705,tcp,179705,Hulk,Malware,DoS,Hulk
Friday-16-02-2018_442.pcap,tcp_182007,tcp,182007,Hulk,Malware,DoS,Hulk
Friday-16-02-2018_442.pcap,tcp_182250,tcp,182250,Hulk,Malware,DoS,Hulk
Friday-16-02-2018_442.pcap,tcp_181651,tcp,181651,Hulk,Malware,DoS,Hulk
Friday-16-02-2018_442.pcap,tcp_179711,tcp,179711,Hulk,Malware,DoS,Hulk
Friday-16-02-2018_442.pcap,tcp_180630,tcp,180630,Hulk,Malware,DoS,Hulk
Friday-16-02-2018_442.pcap,tcp_180545,tcp,180545,Hulk,Malware,DoS,Hulk
Friday-16-02-2018_442.pcap,tcp_182060,tcp,182060,Hulk,Malware,DoS,Hulk
Friday-16-02-2018_442.pcap,tcp_179716,tcp,179716,Hulk,Malware,DoS,Hulk
Friday-16-02-2018_442.pcap,tcp_181237,tcp,181237,Hulk,Malware,DoS,Hulk
Friday-16-02-2018_442.pcap,tcp_181340,tcp,181340,Hulk,Malware,DoS,Hulk
Friday-16-02-2018_442.pcap,tcp_181420,tcp,181420,Hulk,Malware,DoS,Hulk
Friday-16-02-2018_442.pcap,tcp_181060,tcp,181060,Hulk,Malware,DoS,Hulk
Friday-16-02-2018_442.pcap,tcp_180482,tcp,180482,Hulk,Malware,DoS,Hulk
Friday-16-02-2018_442.pcap,tcp_181435,tcp,181435,Hulk,Malware,DoS,Hulk
Friday-16-02-2018_442.pcap,tcp_181160,tcp,181160,Hulk,Malware,DoS,Hulk
Friday-16-02-2018_442.pcap,tcp_181095,tcp,181095,Hulk,Malware,DoS,Hulk
Friday-16-02-2018_442.pcap,tcp_180842,tcp,180842,Hulk,Malware,DoS,Hulk
Friday-16-02-2018_442.pcap,tcp_180502,tcp,180502,Hulk,Malware,DoS,Hulk
Friday-16-02-2018_442.pcap,tcp_182160,tcp,182160,Hulk,Malware,DoS,Hulk
Friday-16-02-2018_442.pcap,tcp_181887,tcp,181887,Hulk,Malware,DoS,Hulk
Friday-16-02-2018_442.pcap,tcp_179732,tcp,179732,Hulk,Malware,DoS,Hulk
Friday-16-02-2018_442.pcap,tcp_180720,tcp,180720,Hulk,Malware,DoS,Hulk
Friday-16-02-2018_442.pcap,tcp_179734,tcp,179734,Hulk,Malware,DoS,Hulk
Friday-16-02-2018_442.pcap,tcp_181529,tcp,181529,Hulk,Malware,DoS,Hulk
Friday-16-02-2018_442.pcap,tcp_180335,tcp,180335,Hulk,Malware,DoS,Hulk
Friday-16-02-2018_442.pcap,tcp_179738,tcp,179738,Hulk,Malware,DoS,Hulk
Friday-16-02-2018_442.pcap,tcp_180366,tcp,180366,Hulk,Malware,DoS,Hulk
Friday-16-02-2018_442.pcap,tcp_179740,tcp,179740,Hulk,Malware,DoS,Hulk
Friday-16-02-2018_442.pcap,tcp_181245,tcp,181245,Hulk,Malware,DoS,Hulk
Friday-16-02-2018_442.pcap,tcp_179745,tcp,179745,Hulk,Malware,DoS,Hulk
Friday-16-02-2018_442.pcap,tcp_182261,tcp,182261,Hulk,Malware,DoS,Hulk
Friday-16-02-2018_442.pcap,tcp_181291,tcp,181291,Hulk,Malware,DoS,Hulk
Friday-16-02-2018_442.pcap,tcp_181250,tcp,181250,Hulk,Malware,DoS,Hulk
Friday-16-02-2018_442.pcap,tcp_180302,tcp,180302,Hulk,Malware,DoS,Hulk
Friday-16-02-2018_442.pcap,tcp_180927,tcp,180927,Hulk,Malware,DoS,Hulk
Friday-16-02-2018_442.pcap,tcp_181623,tcp,181623,Hulk,Malware,DoS,Hulk
Friday-16-02-2018_442.pcap,tcp_181825,tcp,181825,Hulk,Malware,DoS,Hulk
Friday-16-02-2018_442.pcap,tcp_180606,tcp,180606,Hulk,Malware,DoS,Hulk
Friday-16-02-2018_442.pcap,tcp_179761,tcp,179761,Hulk,Malware,DoS,Hulk
Friday-16-02-2018_442.pcap,tcp_181439,tcp,181439,Hulk,Malware,DoS,Hulk
Friday-16-02-2018_442.pcap,tcp_181839,tcp,181839,Hulk,Malware,DoS,Hulk
Friday-16-02-2018_442.pcap,tcp_182107,tcp,182107,Hulk,Malware,DoS,Hulk
Friday-16-02-2018_442.pcap,tcp_179768,tcp,179768,Hulk,Malware,DoS,Hulk
Friday-16-02-2018_442.pcap,tcp_179769,tcp,179769,Hulk,Malware,DoS,Hulk
Friday-16-02-2018_442.pcap,tcp_181325,tcp,181325,Hulk,Malware,DoS,Hulk
Friday-16-02-2018_442.pcap,tcp_179771,tcp,179771,Hulk,Malware,DoS,Hulk
Friday-16-02-2018_442.pcap,tcp_180669,tcp,180669,Hulk,Malware,DoS,Hulk
Friday-16-02-2018_442.pcap,tcp_179776,tcp,179776,Hulk,Malware,DoS,Hulk
Friday-16-02-2018_442.pcap,tcp_179778,tcp,179778,Hulk,Malware,DoS,Hulk
Friday-16-02-2018_442.pcap,tcp_179779,tcp,179779,Hulk,Malware,DoS,Hulk
Friday-16-02-2018_442.pcap,tcp_182283,tcp,182283,Hulk,Malware,DoS,Hulk
Friday-16-02-2018_442.pcap,tcp_179782,tcp,179782,Hulk,Malware,DoS,Hulk
Friday-16-02-2018_442.pcap,tcp_180336,tcp,180336,Hulk,Malware,DoS,Hulk
Friday-16-02-2018_442.pcap,tcp_179784,tcp,179784,Hulk,Malware,DoS,Hulk
Friday-16-02-2018_442.pcap,tcp_179786,tcp,179786,Hulk,Malware,DoS,Hulk
Friday-16-02-2018_442.pcap,tcp_180735,tcp,180735,Hulk,Malware,DoS,Hulk
Friday-16-02-2018_442.pcap,tcp_181500,tcp,181500,Hulk,Malware,DoS,Hulk
Friday-16-02-2018_442.pcap,tcp_182218,tcp,182218,Hulk,Malware,DoS,Hulk
Friday-16-02-2018_442.pcap,tcp_181285,tcp,181285,Hulk,Malware,DoS,Hulk
Friday-16-02-2018_442.pcap,tcp_182289,tcp,182289,Hulk,Malware,DoS,Hulk
Friday-16-02-2018_442.pcap,tcp_181897,tcp,181897,Hulk,Malware,DoS,Hulk
Friday-16-02-2018_442.pcap,tcp_179799,tcp,179799,Hulk,Malware,DoS,Hulk
Friday-16-02-2018_442.pcap,tcp_180969,tcp,180969,Hulk,Malware,DoS,Hulk
Friday-16-02-2018_442.pcap,tcp_179801,tcp,179801,Hulk,Malware,DoS,Hulk
Friday-16-02-2018_442.pcap,tcp_181544,tcp,181544,Hulk,Malware,DoS,Hulk
Friday-16-02-2018_442.pcap,tcp_181942,tcp,181942,Hulk,Malware,DoS,Hulk
Friday-16-02-2018_442.pcap,tcp_182109,tcp,182109,Hulk,Malware,DoS,Hulk
Friday-16-02-2018_442.pcap,tcp_179806,tcp,179806,Hulk,Malware,DoS,Hulk
Friday-16-02-2018_442.pcap,tcp_180747,tcp,180747,Hulk,Malware,DoS,Hulk
Friday-16-02-2018_442.pcap,tcp_180734,tcp,180734,Hulk,Malware,DoS,Hulk
Friday-16-02-2018_442.pcap,tcp_181735,tcp,181735,Hulk,Malware,DoS,Hulk
Friday-16-02-2018_442.pcap,tcp_179812,tcp,179812,Hulk,Malware,DoS,Hulk
Friday-16-02-2018_442.pcap,tcp_181068,tcp,181068,Hulk,Malware,DoS,Hulk
Friday-16-02-2018_442.pcap,tcp_179815,tcp,179815,Hulk,Malware,DoS,Hulk
Friday-16-02-2018_442.pcap,tcp_179816,tcp,179816,Hulk,Malware,DoS,Hulk
Friday-16-02-2018_442.pcap,tcp_181753,tcp,181753,Hulk,Malware,DoS,Hulk
Friday-16-02-2018_442.pcap,tcp_180365,tcp,180365,Hulk,Malware,DoS,Hulk
Friday-16-02-2018_442.pcap,tcp_181358,tcp,181358,Hulk,Malware,DoS,Hulk
Friday-16-02-2018_442.pcap,tcp_179822,tcp,179822,Hulk,Malware,DoS,Hulk
Friday-16-02-2018_442.pcap,tcp_179823,tcp,179823,Hulk,Malware,DoS,Hulk
Friday-16-02-2018_442.pcap,tcp_181427,tcp,181427,Hulk,Malware,DoS,Hulk
Friday-16-02-2018_442.pcap,tcp_180712,tcp,180712,Hulk,Malware,DoS,Hulk
Friday-16-02-2018_442.pcap,tcp_179826,tcp,179826,Hulk,Malware,DoS,Hulk
Friday-16-02-2018_442.pcap,tcp_179827,tcp,179827,Hulk,Malware,DoS,Hulk
Friday-16-02-2018_442.pcap,tcp_179828,tcp,179828,Hulk,Malware,DoS,Hulk
Friday-16-02-2018_442.pcap,tcp_179829,tcp,179829,Hulk,Malware,DoS,Hulk
Friday-16-02-2018_442.pcap,tcp_179830,tcp,179830,Hulk,Malware,DoS,Hulk
Friday-16-02-2018_442.pcap,tcp_181949,tcp,181949,Hulk,Malware,DoS,Hulk
Friday-16-02-2018_442.pcap,tcp_181817,tcp,181817,Hulk,Malware,DoS,Hulk
Friday-16-02-2018_442.pcap,tcp_181724,tcp,181724,Hulk,Malware,DoS,Hulk
Friday-16-02-2018_442.pcap,tcp_179834,tcp,179834,Hulk,Malware,DoS,Hulk
Friday-16-02-2018_442.pcap,tcp_179835,tcp,179835,Hulk,Malware,DoS,Hulk
Friday-16-02-2018_442.pcap,tcp_182069,tcp,182069,Hulk,Malware,DoS,Hulk
Friday-16-02-2018_442.pcap,tcp_180698,tcp,180698,Hulk,Malware,DoS,Hulk
Friday-16-02-2018_442.pcap,tcp_179838,tcp,179838,Hulk,Malware,DoS,Hulk
Friday-16-02-2018_442.pcap,tcp_181930,tcp,181930,Hulk,Malware,DoS,Hulk
Friday-16-02-2018_442.pcap,tcp_182178,tcp,182178,Hulk,Malware,DoS,Hulk
Friday-16-02-2018_442.pcap,tcp_179841,tcp,179841,Hulk,Malware,DoS,Hulk
Friday-16-02-2018_442.pcap,tcp_181142,tcp,181142,Hulk,Malware,DoS,Hulk
Friday-16-02-2018_442.pcap,tcp_181506,tcp,181506,Hulk,Malware,DoS,Hulk
Friday-16-02-2018_442.pcap,tcp_181421,tcp,181421,Hulk,Malware,DoS,Hulk
Friday-16-02-2018_442.pcap,tcp_180843,tcp,180843,Hulk,Malware,DoS,Hulk
Friday-16-02-2018_442.pcap,tcp_179849,tcp,179849,Hulk,Malware,DoS,Hulk
Friday-16-02-2018_442.pcap,tcp_181417,tcp,181417,Hulk,Malware,DoS,Hulk
Friday-16-02-2018_442.pcap,tcp_180996,tcp,180996,Hulk,Malware,DoS,Hulk
Friday-16-02-2018_442.pcap,tcp_182258,tcp,182258,Hulk,Malware,DoS,Hulk
Friday-16-02-2018_442.pcap,tcp_179854,tcp,179854,Hulk,Malware,DoS,Hulk
Friday-16-02-2018_442.pcap,tcp_180875,tcp,180875,Hulk,Malware,DoS,Hulk
Friday-16-02-2018_442.pcap,tcp_179858,tcp,179858,Hulk,Malware,DoS,Hulk
Friday-16-02-2018_442.pcap,tcp_180472,tcp,180472,Hulk,Malware,DoS,Hulk
Friday-16-02-2018_442.pcap,tcp_181159,tcp,181159,Hulk,Malware,DoS,Hulk
Friday-16-02-2018_442.pcap,tcp_179863,tcp,179863,Hulk,Malware,DoS,Hulk
Friday-16-02-2018_442.pcap,tcp_180420,tcp,180420,Hulk,Malware,DoS,Hulk
Friday-16-02-2018_442.pcap,tcp_181750,tcp,181750,Hulk,Malware,DoS,Hulk
Friday-16-02-2018_442.pcap,tcp_181917,tcp,181917,Hulk,Malware,DoS,Hulk
Friday-16-02-2018_442.pcap,tcp_180737,tcp,180737,Hulk,Malware,DoS,Hulk
Friday-16-02-2018_442.pcap,tcp_179868,tcp,179868,Hulk,Malware,DoS,Hulk
Friday-16-02-2018_442.pcap,tcp_180926,tcp,180926,Hulk,Malware,DoS,Hulk
Friday-16-02-2018_442.pcap,tcp_179870,tcp,179870,Hulk,Malware,DoS,Hulk
Friday-16-02-2018_442.pcap,tcp_181054,tcp,181054,Hulk,Malware,DoS,Hulk
Friday-16-02-2018_442.pcap,tcp_180883,tcp,180883,Hulk,Malware,DoS,Hulk
Friday-16-02-2018_442.pcap,tcp_182081,tcp,182081,Hulk,Malware,DoS,Hulk
Friday-16-02-2018_442.pcap,tcp_179875,tcp,179875,Hulk,Malware,DoS,Hulk
Friday-16-02-2018_442.pcap,tcp_181761,tcp,181761,Hulk,Malware,DoS,Hulk
Friday-16-02-2018_442.pcap,tcp_180657,tcp,180657,Hulk,Malware,DoS,Hulk
Friday-16-02-2018_442.pcap,tcp_181348,tcp,181348,Hulk,Malware,DoS,Hulk
Friday-16-02-2018_442.pcap,tcp_181769,tcp,181769,Hulk,Malware,DoS,Hulk
Friday-16-02-2018_442.pcap,tcp_181723,tcp,181723,Hulk,Malware,DoS,Hulk
Friday-16-02-2018_442.pcap,tcp_180507,tcp,180507,Hulk,Malware,DoS,Hulk
Friday-16-02-2018_442.pcap,tcp_180806,tcp,180806,Hulk,Malware,DoS,Hulk
Friday-16-02-2018_442.pcap,tcp_181209,tcp,181209,Hulk,Malware,DoS,Hulk
Friday-16-02-2018_442.pcap,tcp_182205,tcp,182205,Hulk,Malware,DoS,Hulk
Friday-16-02-2018_442.pcap,tcp_181838,tcp,181838,Hulk,Malware,DoS,Hulk
Friday-16-02-2018_442.pcap,tcp_182238,tcp,182238,Hulk,Malware,DoS,Hulk
Friday-16-02-2018_442.pcap,tcp_181244,tcp,181244,Hulk,Malware,DoS,Hulk
Friday-16-02-2018_442.pcap,tcp_181076,tcp,181076,Hulk,Malware,DoS,Hulk
Friday-16-02-2018_442.pcap,tcp_181583,tcp,181583,Hulk,Malware,DoS,Hulk
Friday-16-02-2018_442.pcap,tcp_181350,tcp,181350,Hulk,Malware,DoS,Hulk
Friday-16-02-2018_442.pcap,tcp_181258,tcp,181258,Hulk,Malware,DoS,Hulk
Friday-16-02-2018_442.pcap,tcp_180465,tcp,180465,Hulk,Malware,DoS,Hulk
Friday-16-02-2018_442.pcap,tcp_180918,tcp,180918,Hulk,Malware,DoS,Hulk
Friday-16-02-2018_442.pcap,tcp_180673,tcp,180673,Hulk,Malware,DoS,Hulk
Friday-16-02-2018_442.pcap,tcp_179900,tcp,179900,Hulk,Malware,DoS,Hulk
Friday-16-02-2018_442.pcap,tcp_179901,tcp,179901,Hulk,Malware,DoS,Hulk
Friday-16-02-2018_442.pcap,tcp_179902,tcp,179902,Hulk,Malware,DoS,Hulk
Friday-16-02-2018_442.pcap,tcp_180971,tcp,180971,Hulk,Malware,DoS,Hulk
Friday-16-02-2018_442.pcap,tcp_180322,tcp,180322,Hulk,Malware,DoS,Hulk
Friday-16-02-2018_442.pcap,tcp_181741,tcp,181741,Hulk,Malware,DoS,Hulk
Friday-16-02-2018_442.pcap,tcp_180953,tcp,180953,Hulk,Malware,DoS,Hulk
Friday-16-02-2018_442.pcap,tcp_179908,tcp,179908,Hulk,Malware,DoS,Hulk
Friday-16-02-2018_442.pcap,tcp_179909,tcp,179909,Hulk,Malware,DoS,Hulk
Friday-16-02-2018_442.pcap,tcp_179910,tcp,179910,Hulk,Malware,DoS,Hulk
Friday-16-02-2018_442.pcap,tcp_182121,tcp,182121,Hulk,Malware,DoS,Hulk
Friday-16-02-2018_442.pcap,tcp_180780,tcp,180780,Hulk,Malware,DoS,Hulk
Friday-16-02-2018_442.pcap,tcp_180485,tcp,180485,Hulk,Malware,DoS,Hulk
Friday-16-02-2018_442.pcap,tcp_181272,tcp,181272,Hulk,Malware,DoS,Hulk
Friday-16-02-2018_442.pcap,tcp_179916,tcp,179916,Hulk,Malware,DoS,Hulk
Friday-16-02-2018_442.pcap,tcp_181905,tcp,181905,Hulk,Malware,DoS,Hulk
Friday-16-02-2018_442.pcap,tcp_181868,tcp,181868,Hulk,Malware,DoS,Hulk
Friday-16-02-2018_442.pcap,tcp_182254,tcp,182254,Hulk,Malware,DoS,Hulk
Friday-16-02-2018_442.pcap,tcp_179920,tcp,179920,Hulk,Malware,DoS,Hulk
Friday-16-02-2018_442.pcap,tcp_181349,tcp,181349,Hulk,Malware,DoS,Hulk
Friday-16-02-2018_442.pcap,tcp_180665,tcp,180665,Hulk,Malware,DoS,Hulk
Friday-16-02-2018_442.pcap,tcp_181235,tcp,181235,Hulk,Malware,DoS,Hulk
Friday-16-02-2018_442.pcap,tcp_181458,tcp,181458,Hulk,Malware,DoS,Hulk
Friday-16-02-2018_442.pcap,tcp_179926,tcp,179926,Hulk,Malware,DoS,Hulk
Friday-16-02-2018_442.pcap,tcp_179927,tcp,179927,Hulk,Malware,DoS,Hulk
Friday-16-02-2018_442.pcap,tcp_179928,tcp,179928,Hulk,Malware,DoS,Hulk
Friday-16-02-2018_442.pcap,tcp_180851,tcp,180851,Hulk,Malware,DoS,Hulk
Friday-16-02-2018_442.pcap,tcp_181368,tcp,181368,Hulk,Malware,DoS,Hulk
Friday-16-02-2018_442.pcap,tcp_181320,tcp,181320,Hulk,Malware,DoS,Hulk
Friday-16-02-2018_442.pcap,tcp_179935,tcp,179935,Hulk,Malware,DoS,Hulk
Friday-16-02-2018_442.pcap,tcp_179936,tcp,179936,Hulk,Malware,DoS,Hulk
Friday-16-02-2018_442.pcap,tcp_181409,tcp,181409,Hulk,Malware,DoS,Hulk
Friday-16-02-2018_442.pcap,tcp_181315,tcp,181315,Hulk,Malware,DoS,Hulk
Friday-16-02-2018_442.pcap,tcp_180300,tcp,180300,Hulk,Malware,DoS,Hulk
Friday-16-02-2018_442.pcap,tcp_181961,tcp,181961,Hulk,Malware,DoS,Hulk
Friday-16-02-2018_442.pcap,tcp_180353,tcp,180353,Hulk,Malware,DoS,Hulk
Friday-16-02-2018_442.pcap,tcp_180967,tcp,180967,Hulk,Malware,DoS,Hulk
Friday-16-02-2018_442.pcap,tcp_180487,tcp,180487,Hulk,Malware,DoS,Hulk
Friday-16-02-2018_442.pcap,tcp_181378,tcp,181378,Hulk,Malware,DoS,Hulk
Friday-16-02-2018_442.pcap,tcp_180362,tcp,180362,Hulk,Malware,DoS,Hulk
Friday-16-02-2018_442.pcap,tcp_179948,tcp,179948,Hulk,Malware,DoS,Hulk
Friday-16-02-2018_442.pcap,tcp_180779,tcp,180779,Hulk,Malware,DoS,Hulk
Friday-16-02-2018_442.pcap,tcp_181466,tcp,181466,Hulk,Malware,DoS,Hulk
Friday-16-02-2018_442.pcap,tcp_181168,tcp,181168,Hulk,Malware,DoS,Hulk
Friday-16-02-2018_442.pcap,tcp_182234,tcp,182234,Hulk,Malware,DoS,Hulk
Friday-16-02-2018_442.pcap,tcp_181655,tcp,181655,Hulk,Malware,DoS,Hulk
Friday-16-02-2018_442.pcap,tcp_181145,tcp,181145,Hulk,Malware,DoS,Hulk
Friday-16-02-2018_442.pcap,tcp_179957,tcp,179957,Hulk,Malware,DoS,Hulk
Friday-16-02-2018_442.pcap,tcp_182270,tcp,182270,Hulk,Malware,DoS,Hulk
Friday-16-02-2018_442.pcap,tcp_181345,tcp,181345,Hulk,Malware,DoS,Hulk
Friday-16-02-2018_442.pcap,tcp_179961,tcp,179961,Hulk,Malware,DoS,Hulk
Friday-16-02-2018_442.pcap,tcp_180891,tcp,180891,Hulk,Malware,DoS,Hulk
Friday-16-02-2018_442.pcap,tcp_181411,tcp,181411,Hulk,Malware,DoS,Hulk
Friday-16-02-2018_442.pcap,tcp_180907,tcp,180907,Hulk,Malware,DoS,Hulk
Friday-16-02-2018_442.pcap,tcp_179965,tcp,179965,Hulk,Malware,DoS,Hulk
Friday-16-02-2018_442.pcap,tcp_179967,tcp,179967,Hulk,Malware,DoS,Hulk
Friday-16-02-2018_442.pcap,tcp_179969,tcp,179969,Hulk,Malware,DoS,Hulk
Friday-16-02-2018_442.pcap,tcp_179970,tcp,179970,Hulk,Malware,DoS,Hulk
Friday-16-02-2018_442.pcap,tcp_180853,tcp,180853,Hulk,Malware,DoS,Hulk
Friday-16-02-2018_442.pcap,tcp_181255,tcp,181255,Hulk,Malware,DoS,Hulk
Friday-16-02-2018_442.pcap,tcp_179973,tcp,179973,Hulk,Malware,DoS,Hulk
Friday-16-02-2018_442.pcap,tcp_180407,tcp,180407,Hulk,Malware,DoS,Hulk
Friday-16-02-2018_442.pcap,tcp_181119,tcp,181119,Hulk,Malware,DoS,Hulk
Friday-16-02-2018_442.pcap,tcp_180332,tcp,180332,Hulk,Malware,DoS,Hulk
Friday-16-02-2018_442.pcap,tcp_181927,tcp,181927,Hulk,Malware,DoS,Hulk
Friday-16-02-2018_442.pcap,tcp_181661,tcp,181661,Hulk,Malware,DoS,Hulk
Friday-16-02-2018_442.pcap,tcp_181811,tcp,181811,Hulk,Malware,DoS,Hulk
Friday-16-02-2018_442.pcap,tcp_179982,tcp,179982,Hulk,Malware,DoS,Hulk
Friday-16-02-2018_442.pcap,tcp_181652,tcp,181652,Hulk,Malware,DoS,Hulk
Friday-16-02-2018_442.pcap,tcp_181130,tcp,181130,Hulk,Malware,DoS,Hulk
Friday-16-02-2018_442.pcap,tcp_180372,tcp,180372,Hulk,Malware,DoS,Hulk
Friday-16-02-2018_442.pcap,tcp_180341,tcp,180341,Hulk,Malware,DoS,Hulk
Friday-16-02-2018_442.pcap,tcp_179987,tcp,179987,Hulk,Malware,DoS,Hulk
Friday-16-02-2018_442.pcap,tcp_180475,tcp,180475,Hulk,Malware,DoS,Hulk
Friday-16-02-2018_442.pcap,tcp_181821,tcp,181821,Hulk,Malware,DoS,Hulk
Friday-16-02-2018_442.pcap,tcp_179990,tcp,179990,Hulk,Malware,DoS,Hulk
Friday-16-02-2018_442.pcap,tcp_181423,tcp,181423,Hulk,Malware,DoS,Hulk
Friday-16-02-2018_442.pcap,tcp_182185,tcp,182185,Hulk,Malware,DoS,Hulk
Friday-16-02-2018_442.pcap,tcp_179993,tcp,179993,Hulk,Malware,DoS,Hulk
Friday-16-02-2018_442.pcap,tcp_181330,tcp,181330,Hulk,Malware,DoS,Hulk
Friday-16-02-2018_442.pcap,tcp_179995,tcp,179995,Hulk,Malware,DoS,Hulk
Friday-16-02-2018_442.pcap,tcp_179996,tcp,179996,Hulk,Malware,DoS,Hulk
Friday-16-02-2018_442.pcap,tcp_181306,tcp,181306,Hulk,Malware,DoS,Hulk
Friday-16-02-2018_442.pcap,tcp_181101,tcp,181101,Hulk,Malware,DoS,Hulk
Friday-16-02-2018_442.pcap,tcp_180846,tcp,180846,Hulk,Malware,DoS,Hulk
Friday-16-02-2018_442.pcap,tcp_180343,tcp,180343,Hulk,Malware,DoS,Hulk
Friday-16-02-2018_442.pcap,tcp_182042,tcp,182042,Hulk,Malware,DoS,Hulk
Friday-16-02-2018_442.pcap,tcp_181221,tcp,181221,Hulk,Malware,DoS,Hulk
Friday-16-02-2018_442.pcap,tcp_181223,tcp,181223,Hulk,Malware,DoS,Hulk
Friday-16-02-2018_442.pcap,tcp_181028,tcp,181028,Hulk,Malware,DoS,Hulk
Friday-16-02-2018_442.pcap,tcp_180010,tcp,180010,Hulk,Malware,DoS,Hulk
Friday-16-02-2018_442.pcap,tcp_180718,tcp,180718,Hulk,Malware,DoS,Hulk
Friday-16-02-2018_442.pcap,tcp_182079,tcp,182079,Hulk,Malware,DoS,Hulk
Friday-16-02-2018_442.pcap,tcp_180016,tcp,180016,Hulk,Malware,DoS,Hulk
Friday-16-02-2018_442.pcap,tcp_180020,tcp,180020,Hulk,Malware,DoS,Hulk
Friday-16-02-2018_442.pcap,tcp_180022,tcp,180022,Hulk,Malware,DoS,Hulk
Friday-16-02-2018_442.pcap,tcp_180023,tcp,180023,Hulk,Malware,DoS,Hulk
Friday-16-02-2018_442.pcap,tcp_180024,tcp,180024,Hulk,Malware,DoS,Hulk
Friday-16-02-2018_442.pcap,tcp_180026,tcp,180026,Hulk,Malware,DoS,Hulk
Friday-16-02-2018_442.pcap,tcp_182116,tcp,182116,Hulk,Malware,DoS,Hulk
Friday-16-02-2018_442.pcap,tcp_180685,tcp,180685,Hulk,Malware,DoS,Hulk
Friday-16-02-2018_442.pcap,tcp_180031,tcp,180031,Hulk,Malware,DoS,Hulk
Friday-16-02-2018_442.pcap,tcp_181230,tcp,181230,Hulk,Malware,DoS,Hulk
Friday-16-02-2018_442.pcap,tcp_180033,tcp,180033,Hulk,Malware,DoS,Hulk
Friday-16-02-2018_442.pcap,tcp_182137,tcp,182137,Hulk,Malware,DoS,Hulk
Friday-16-02-2018_442.pcap,tcp_180730,tcp,180730,Hulk,Malware,DoS,Hulk
Friday-16-02-2018_442.pcap,tcp_181319,tcp,181319,Hulk,Malware,DoS,Hulk
Friday-16-02-2018_442.pcap,tcp_180037,tcp,180037,Hulk,Malware,DoS,Hulk
Friday-16-02-2018_442.pcap,tcp_181993,tcp,181993,Hulk,Malware,DoS,Hulk
Friday-16-02-2018_442.pcap,tcp_180039,tcp,180039,Hulk,Malware,DoS,Hulk
Friday-16-02-2018_442.pcap,tcp_181161,tcp,181161,Hulk,Malware,DoS,Hulk
Friday-16-02-2018_442.pcap,tcp_180041,tcp,180041,Hulk,Malware,DoS,Hulk
Friday-16-02-2018_442.pcap,tcp_180043,tcp,180043,Hulk,Malware,DoS,Hulk
Friday-16-02-2018_442.pcap,tcp_180045,tcp,180045,Hulk,Malware,DoS,Hulk
Friday-16-02-2018_442.pcap,tcp_180973,tcp,180973,Hulk,Malware,DoS,Hulk
Friday-16-02-2018_442.pcap,tcp_180047,tcp,180047,Hulk,Malware,DoS,Hulk
Friday-16-02-2018_442.pcap,tcp_180755,tcp,180755,Hulk,Malware,DoS,Hulk
Friday-16-02-2018_442.pcap,tcp_180975,tcp,180975,Hulk,Malware,DoS,Hulk
Friday-16-02-2018_442.pcap,tcp_182233,tcp,182233,Hulk,Malware,DoS,Hulk
Friday-16-02-2018_442.pcap,tcp_180052,tcp,180052,Hulk,Malware,DoS,Hulk
Friday-16-02-2018_442.pcap,tcp_181530,tcp,181530,Hulk,Malware,DoS,Hulk
Friday-16-02-2018_442.pcap,tcp_180942,tcp,180942,Hulk,Malware,DoS,Hulk
Friday-16-02-2018_442.pcap,tcp_180923,tcp,180923,Hulk,Malware,DoS,Hulk
Friday-16-02-2018_442.pcap,tcp_181108,tcp,181108,Hulk,Malware,DoS,Hulk
Friday-16-02-2018_442.pcap,tcp_180624,tcp,180624,Hulk,Malware,DoS,Hulk
Friday-16-02-2018_442.pcap,tcp_180059,tcp,180059,Hulk,Malware,DoS,Hulk
Friday-16-02-2018_442.pcap,tcp_182125,tcp,182125,Hulk,Malware,DoS,Hulk
Friday-16-02-2018_442.pcap,tcp_180543,tcp,180543,Hulk,Malware,DoS,Hulk
Friday-16-02-2018_442.pcap,tcp_180063,tcp,180063,Hulk,Malware,DoS,Hulk
Friday-16-02-2018_442.pcap,tcp_181379,tcp,181379,Hulk,Malware,DoS,Hulk
Friday-16-02-2018_442.pcap,tcp_180314,tcp,180314,Hulk,Malware,DoS,Hulk
Friday-16-02-2018_442.pcap,tcp_180066,tcp,180066,Hulk,Malware,DoS,Hulk
Friday-16-02-2018_442.pcap,tcp_181883,tcp,181883,Hulk,Malware,DoS,Hulk
Friday-16-02-2018_442.pcap,tcp_181972,tcp,181972,Hulk,Malware,DoS,Hulk
Friday-16-02-2018_442.pcap,tcp_180467,tcp,180467,Hulk,Malware,DoS,Hulk
Friday-16-02-2018_442.pcap,tcp_180777,tcp,180777,Hulk,Malware,DoS,Hulk
Friday-16-02-2018_442.pcap,tcp_181175,tcp,181175,Hulk,Malware,DoS,Hulk
Friday-16-02-2018_442.pcap,tcp_182162,tcp,182162,Hulk,Malware,DoS,Hulk
Friday-16-02-2018_442.pcap,tcp_180690,tcp,180690,Hulk,Malware,DoS,Hulk
Friday-16-02-2018_442.pcap,tcp_181830,tcp,181830,Hulk,Malware,DoS,Hulk
Friday-16-02-2018_442.pcap,tcp_180077,tcp,180077,Hulk,Malware,DoS,Hulk
Friday-16-02-2018_442.pcap,tcp_180079,tcp,180079,Hulk,Malware,DoS,Hulk
Friday-16-02-2018_442.pcap,tcp_180385,tcp,180385,Hulk,Malware,DoS,Hulk
Friday-16-02-2018_442.pcap,tcp_182128,tcp,182128,Hulk,Malware,DoS,Hulk
Friday-16-02-2018_442.pcap,tcp_180684,tcp,180684,Hulk,Malware,DoS,Hulk
Friday-16-02-2018_442.pcap,tcp_180083,tcp,180083,Hulk,Malware,DoS,Hulk
Friday-16-02-2018_442.pcap,tcp_182027,tcp,182027,Hulk,Malware,DoS,Hulk
Friday-16-02-2018_442.pcap,tcp_181944,tcp,181944,Hulk,Malware,DoS,Hulk
Friday-16-02-2018_442.pcap,tcp_181268,tcp,181268,Hulk,Malware,DoS,Hulk
Friday-16-02-2018_442.pcap,tcp_180088,tcp,180088,Hulk,Malware,DoS,Hulk
Friday-16-02-2018_442.pcap,tcp_180526,tcp,180526,Hulk,Malware,DoS,Hulk
Friday-16-02-2018_442.pcap,tcp_180090,tcp,180090,Hulk,Malware,DoS,Hulk
Friday-16-02-2018_442.pcap,tcp_180091,tcp,180091,Hulk,Malware,DoS,Hulk
Friday-16-02-2018_442.pcap,tcp_181599,tcp,181599,Hulk,Malware,DoS,Hulk
Friday-16-02-2018_442.pcap,tcp_180094,tcp,180094,Hulk,Malware,DoS,Hulk
Friday-16-02-2018_442.pcap,tcp_181758,tcp,181758,Hulk,Malware,DoS,Hulk
Friday-16-02-2018_442.pcap,tcp_181150,tcp,181150,Hulk,Malware,DoS,Hulk
Friday-16-02-2018_442.pcap,tcp_180766,tcp,180766,Hulk,Malware,DoS,Hulk
Friday-16-02-2018_442.pcap,tcp_180099,tcp,180099,Hulk,Malware,DoS,Hulk
Friday-16-02-2018_442.pcap,tcp_180903,tcp,180903,Hulk,Malware,DoS,Hulk
Friday-16-02-2018_442.pcap,tcp_180102,tcp,180102,Hulk,Malware,DoS,Hulk
Friday-16-02-2018_442.pcap,tcp_180446,tcp,180446,Hulk,Malware,DoS,Hulk
Friday-16-02-2018_442.pcap,tcp_180104,tcp,180104,Hulk,Malware,DoS,Hulk
Friday-16-02-2018_442.pcap,tcp_180106,tcp,180106,Hulk,Malware,DoS,Hulk
Friday-16-02-2018_442.pcap,tcp_180107,tcp,180107,Hulk,Malware,DoS,Hulk
Friday-16-02-2018_442.pcap,tcp_180108,tcp,180108,Hulk,Malware,DoS,Hulk
Friday-16-02-2018_442.pcap,tcp_181027,tcp,181027,Hulk,Malware,DoS,Hulk
Friday-16-02-2018_442.pcap,tcp_180110,tcp,180110,Hulk,Malware,DoS,Hulk
Friday-16-02-2018_442.pcap,tcp_180112,tcp,180112,Hulk,Malware,DoS,Hulk
Friday-16-02-2018_442.pcap,tcp_180113,tcp,180113,Hulk,Malware,DoS,Hulk
Friday-16-02-2018_442.pcap,tcp_181699,tcp,181699,Hulk,Malware,DoS,Hulk
Friday-16-02-2018_442.pcap,tcp_180696,tcp,180696,Hulk,Malware,DoS,Hulk
Friday-16-02-2018_442.pcap,tcp_182021,tcp,182021,Hulk,Malware,DoS,Hulk
Friday-16-02-2018_442.pcap,tcp_180610,tcp,180610,Hulk,Malware,DoS,Hulk
Friday-16-02-2018_442.pcap,tcp_180120,tcp,180120,Hulk,Malware,DoS,Hulk
Friday-16-02-2018_442.pcap,tcp_182287,tcp,182287,Hulk,Malware,DoS,Hulk
Friday-16-02-2018_442.pcap,tcp_181557,tcp,181557,Hulk,Malware,DoS,Hulk
Friday-16-02-2018_442.pcap,tcp_181248,tcp,181248,Hulk,Malware,DoS,Hulk
Friday-16-02-2018_442.pcap,tcp_180126,tcp,180126,Hulk,Malware,DoS,Hulk
Friday-16-02-2018_442.pcap,tcp_181572,tcp,181572,Hulk,Malware,DoS,Hulk
Friday-16-02-2018_442.pcap,tcp_181517,tcp,181517,Hulk,Malware,DoS,Hulk
Friday-16-02-2018_442.pcap,tcp_180131,tcp,180131,Hulk,Malware,DoS,Hulk
Friday-16-02-2018_442.pcap,tcp_181033,tcp,181033,Hulk,Malware,DoS,Hulk
Friday-16-02-2018_442.pcap,tcp_180133,tcp,180133,Hulk,Malware,DoS,Hulk
Friday-16-02-2018_442.pcap,tcp_180134,tcp,180134,Hulk,Malware,DoS,Hulk
Friday-16-02-2018_442.pcap,tcp_181092,tcp,181092,Hulk,Malware,DoS,Hulk
Friday-16-02-2018_442.pcap,tcp_182008,tcp,182008,Hulk,Malware,DoS,Hulk
Friday-16-02-2018_442.pcap,tcp_180137,tcp,180137,Hulk,Malware,DoS,Hulk
Friday-16-02-2018_442.pcap,tcp_181539,tcp,181539,Hulk,Malware,DoS,Hulk
Friday-16-02-2018_442.pcap,tcp_180139,tcp,180139,Hulk,Malware,DoS,Hulk
Friday-16-02-2018_442.pcap,tcp_180141,tcp,180141,Hulk,Malware,DoS,Hulk
Friday-16-02-2018_442.pcap,tcp_181085,tcp,181085,Hulk,Malware,DoS,Hulk
Friday-16-02-2018_442.pcap,tcp_182130,tcp,182130,Hulk,Malware,DoS,Hulk
Friday-16-02-2018_442.pcap,tcp_181196,tcp,181196,Hulk,Malware,DoS,Hulk
Friday-16-02-2018_442.pcap,tcp_181008,tcp,181008,Hulk,Malware,DoS,Hulk
Friday-16-02-2018_442.pcap,tcp_180928,tcp,180928,Hulk,Malware,DoS,Hulk
Friday-16-02-2018_442.pcap,tcp_180790,tcp,180790,Hulk,Malware,DoS,Hulk
Friday-16-02-2018_442.pcap,tcp_180151,tcp,180151,Hulk,Malware,DoS,Hulk
Friday-16-02-2018_442.pcap,tcp_180152,tcp,180152,Hulk,Malware,DoS,Hulk
Friday-16-02-2018_442.pcap,tcp_180153,tcp,180153,Hulk,Malware,DoS,Hulk
Friday-16-02-2018_442.pcap,tcp_182189,tcp,182189,Hulk,Malware,DoS,Hulk
Friday-16-02-2018_442.pcap,tcp_181195,tcp,181195,Hulk,Malware,DoS,Hulk
Friday-16-02-2018_442.pcap,tcp_181024,tcp,181024,Hulk,Malware,DoS,Hulk
Friday-16-02-2018_442.pcap,tcp_180775,tcp,180775,Hulk,Malware,DoS,Hulk
Friday-16-02-2018_442.pcap,tcp_181851,tcp,181851,Hulk,Malware,DoS,Hulk
Friday-16-02-2018_442.pcap,tcp_180162,tcp,180162,Hulk,Malware,DoS,Hulk
Friday-16-02-2018_442.pcap,tcp_180163,tcp,180163,Hulk,Malware,DoS,Hulk
Friday-16-02-2018_442.pcap,tcp_181574,tcp,181574,Hulk,Malware,DoS,Hulk
Friday-16-02-2018_442.pcap,tcp_180165,tcp,180165,Hulk,Malware,DoS,Hulk
Friday-16-02-2018_442.pcap,tcp_180166,tcp,180166,Hulk,Malware,DoS,Hulk
Friday-16-02-2018_442.pcap,tcp_181679,tcp,181679,Hulk,Malware,DoS,Hulk
Friday-16-02-2018_442.pcap,tcp_181452,tcp,181452,Hulk,Malware,DoS,Hulk
Friday-16-02-2018_442.pcap,tcp_181819,tcp,181819,Hulk,Malware,DoS,Hulk
Friday-16-02-2018_442.pcap,tcp_180934,tcp,180934,Hulk,Malware,DoS,Hulk
Friday-16-02-2018_442.pcap,tcp_181355,tcp,181355,Hulk,Malware,DoS,Hulk
Friday-16-02-2018_442.pcap,tcp_180176,tcp,180176,Hulk,Malware,DoS,Hulk
Friday-16-02-2018_442.pcap,tcp_180645,tcp,180645,Hulk,Malware,DoS,Hulk
Friday-16-02-2018_442.pcap,tcp_180179,tcp,180179,Hulk,Malware,DoS,Hulk
Friday-16-02-2018_442.pcap,tcp_180180,tcp,180180,Hulk,Malware,DoS,Hulk
Friday-16-02-2018_442.pcap,tcp_180182,tcp,180182,Hulk,Malware,DoS,Hulk
Friday-16-02-2018_442.pcap,tcp_181445,tcp,181445,Hulk,Malware,DoS,Hulk
Friday-16-02-2018_442.pcap,tcp_181521,tcp,181521,Hulk,Malware,DoS,Hulk
Friday-16-02-2018_442.pcap,tcp_181041,tcp,181041,Hulk,Malware,DoS,Hulk
Friday-16-02-2018_442.pcap,tcp_181731,tcp,181731,Hulk,Malware,DoS,Hulk
Friday-16-02-2018_442.pcap,tcp_181353,tcp,181353,Hulk,Malware,DoS,Hulk
Friday-16-02-2018_442.pcap,tcp_180188,tcp,180188,Hulk,Malware,DoS,Hulk
Friday-16-02-2018_442.pcap,tcp_181903,tcp,181903,Hulk,Malware,DoS,Hulk
Friday-16-02-2018_442.pcap,tcp_180522,tcp,180522,Hulk,Malware,DoS,Hulk
Friday-16-02-2018_442.pcap,tcp_180192,tcp,180192,Hulk,Malware,DoS,Hulk
Friday-16-02-2018_442.pcap,tcp_181192,tcp,181192,Hulk,Malware,DoS,Hulk
Friday-16-02-2018_442.pcap,tcp_180194,tcp,180194,Hulk,Malware,DoS,Hulk
Friday-16-02-2018_442.pcap,tcp_180195,tcp,180195,Hulk,Malware,DoS,Hulk
Friday-16-02-2018_442.pcap,tcp_180728,tcp,180728,Hulk,Malware,DoS,Hulk
Friday-16-02-2018_442.pcap,tcp_1181852,tcp,1181852,Hulk,Malware,DoS,Hulk
Friday-16-02-2018_442.pcap,tcp_180200,tcp,180200,Hulk,Malware,DoS,Hulk
Friday-16-02-2018_442.pcap,tcp_180202,tcp,180202,Hulk,Malware,DoS,Hulk
Friday-16-02-2018_442.pcap,tcp_182272,tcp,182272,Hulk,Malware,DoS,Hulk
Friday-16-02-2018_442.pcap,tcp_180516,tcp,180516,Hulk,Malware,DoS,Hulk
Friday-16-02-2018_442.pcap,tcp_180206,tcp,180206,Hulk,Malware,DoS,Hulk
Friday-16-02-2018_442.pcap,tcp_181856,tcp,181856,Hulk,Malware,DoS,Hulk
Friday-16-02-2018_442.pcap,tcp_182003,tcp,182003,Hulk,Malware,DoS,Hulk
Friday-16-02-2018_442.pcap,tcp_180553,tcp,180553,Hulk,Malware,DoS,Hulk
Friday-16-02-2018_442.pcap,tcp_180627,tcp,180627,Hulk,Malware,DoS,Hulk
Friday-16-02-2018_442.pcap,tcp_181309,tcp,181309,Hulk,Malware,DoS,Hulk
Friday-16-02-2018_442.pcap,tcp_181304,tcp,181304,Hulk,Malware,DoS,Hulk
Friday-16-02-2018_442.pcap,tcp_180468,tcp,180468,Hulk,Malware,DoS,Hulk
Friday-16-02-2018_442.pcap,tcp_180217,tcp,180217,Hulk,Malware,DoS,Hulk
Friday-16-02-2018_442.pcap,tcp_180218,tcp,180218,Hulk,Malware,DoS,Hulk
Friday-16-02-2018_442.pcap,tcp_182037,tcp,182037,Hulk,Malware,DoS,Hulk
Friday-16-02-2018_442.pcap,tcp_180906,tcp,180906,Hulk,Malware,DoS,Hulk
Friday-16-02-2018_442.pcap,tcp_180222,tcp,180222,Hulk,Malware,DoS,Hulk
Friday-16-02-2018_442.pcap,tcp_180223,tcp,180223,Hulk,Malware,DoS,Hulk
Friday-16-02-2018_442.pcap,tcp_182158,tcp,182158,Hulk,Malware,DoS,Hulk
Friday-16-02-2018_442.pcap,tcp_180581,tcp,180581,Hulk,Malware,DoS,Hulk
Friday-16-02-2018_442.pcap,tcp_180226,tcp,180226,Hulk,Malware,DoS,Hulk
Friday-16-02-2018_442.pcap,tcp_180979,tcp,180979,Hulk,Malware,DoS,Hulk
Friday-16-02-2018_442.pcap,tcp_180668,tcp,180668,Hulk,Malware,DoS,Hulk
Friday-16-02-2018_442.pcap,tcp_180346,tcp,180346,Hulk,Malware,DoS,Hulk
Friday-16-02-2018_442.pcap,tcp_181862,tcp,181862,Hulk,Malware,DoS,Hulk
Friday-16-02-2018_442.pcap,tcp_181553,tcp,181553,Hulk,Malware,DoS,Hulk
Friday-16-02-2018_442.pcap,tcp_182214,tcp,182214,Hulk,Malware,DoS,Hulk
Friday-16-02-2018_442.pcap,tcp_180646,tcp,180646,Hulk,Malware,DoS,Hulk
Friday-16-02-2018_442.pcap,tcp_180299,tcp,180299,Hulk,Malware,DoS,Hulk
Friday-16-02-2018_442.pcap,tcp_180237,tcp,180237,Hulk,Malware,DoS,Hulk
Friday-16-02-2018_442.pcap,tcp_180238,tcp,180238,Hulk,Malware,DoS,Hulk
Friday-16-02-2018_442.pcap,tcp_181271,tcp,181271,Hulk,Malware,DoS,Hulk
Friday-16-02-2018_442.pcap,tcp_180241,tcp,180241,Hulk,Malware,DoS,Hulk
Friday-16-02-2018_442.pcap,tcp_180242,tcp,180242,Hulk,Malware,DoS,Hulk
Friday-16-02-2018_442.pcap,tcp_180243,tcp,180243,Hulk,Malware,DoS,Hulk
Friday-16-02-2018_442.pcap,tcp_180845,tcp,180845,Hulk,Malware,DoS,Hulk
Friday-16-02-2018_442.pcap,tcp_180245,tcp,180245,Hulk,Malware,DoS,Hulk
Friday-16-02-2018_442.pcap,tcp_180246,tcp,180246,Hulk,Malware,DoS,Hulk
Friday-16-02-2018_442.pcap,tcp_180247,tcp,180247,Hulk,Malware,DoS,Hulk
Friday-16-02-2018_442.pcap,tcp_181986,tcp,181986,Hulk,Malware,DoS,Hulk
Friday-16-02-2018_442.pcap,tcp_180864,tcp,180864,Hulk,Malware,DoS,Hulk
Friday-16-02-2018_442.pcap,tcp_181104,tcp,181104,Hulk,Malware,DoS,Hulk
Friday-16-02-2018_442.pcap,tcp_180253,tcp,180253,Hulk,Malware,DoS,Hulk
Friday-16-02-2018_442.pcap,tcp_181666,tcp,181666,Hulk,Malware,DoS,Hulk
Friday-16-02-2018_442.pcap,tcp_180585,tcp,180585,Hulk,Malware,DoS,Hulk
Friday-16-02-2018_442.pcap,tcp_180727,tcp,180727,Hulk,Malware,DoS,Hulk
Friday-16-02-2018_442.pcap,tcp_180257,tcp,180257,Hulk,Malware,DoS,Hulk
Friday-16-02-2018_442.pcap,tcp_181793,tcp,181793,Hulk,Malware,DoS,Hulk
Friday-16-02-2018_442.pcap,tcp_180259,tcp,180259,Hulk,Malware,DoS,Hulk
Friday-16-02-2018_442.pcap,tcp_182055,tcp,182055,Hulk,Malware,DoS,Hulk
Friday-16-02-2018_442.pcap,tcp_182049,tcp,182049,Hulk,Malware,DoS,Hulk
Friday-16-02-2018_442.pcap,tcp_181151,tcp,181151,Hulk,Malware,DoS,Hulk
Friday-16-02-2018_442.pcap,tcp_180292,tcp,180292,Hulk,Malware,DoS,Hulk
Friday-16-02-2018_442.pcap,tcp_181745,tcp,181745,Hulk,Malware,DoS,Hulk
Friday-16-02-2018_442.pcap,tcp_181592,tcp,181592,Hulk,Malware,DoS,Hulk
Friday-16-02-2018_442.pcap,tcp_180266,tcp,180266,Hulk,Malware,DoS,Hulk
Friday-16-02-2018_442.pcap,tcp_180982,tcp,180982,Hulk,Malware,DoS,Hulk
Friday-16-02-2018_442.pcap,tcp_180268,tcp,180268,Hulk,Malware,DoS,Hulk
Friday-16-02-2018_442.pcap,tcp_181570,tcp,181570,Hulk,Malware,DoS,Hulk
Friday-16-02-2018_442.pcap,tcp_180271,tcp,180271,Hulk,Malware,DoS,Hulk
Friday-16-02-2018_442.pcap,tcp_181924,tcp,181924,Hulk,Malware,DoS,Hulk
Friday-16-02-2018_442.pcap,tcp_180273,tcp,180273,Hulk,Malware,DoS,Hulk
Friday-16-02-2018_442.pcap,tcp_180932,tcp,180932,Hulk,Malware,DoS,Hulk
Friday-16-02-2018_442.pcap,tcp_181156,tcp,181156,Hulk,Malware,DoS,Hulk
Friday-16-02-2018_442.pcap,tcp_180276,tcp,180276,Hulk,Malware,DoS,Hulk
Friday-16-02-2018_442.pcap,tcp_180277,tcp,180277,Hulk,Malware,DoS,Hulk
Friday-16-02-2018_442.pcap,tcp_180279,tcp,180279,Hulk,Malware,DoS,Hulk
Friday-16-02-2018_442.pcap,tcp_180280,tcp,180280,Hulk,Malware,DoS,Hulk
Friday-16-02-2018_442.pcap,tcp_182131,tcp,182131,Hulk,Malware,DoS,Hulk
Friday-16-02-2018_442.pcap,tcp_181987,tcp,181987,Hulk,Malware,DoS,Hulk
Friday-16-02-2018_442.pcap,tcp_180283,tcp,180283,Hulk,Malware,DoS,Hulk
Friday-16-02-2018_442.pcap,tcp_181999,tcp,181999,Hulk,Malware,DoS,Hulk
Friday-16-02-2018_442.pcap,tcp_180527,tcp,180527,Hulk,Malware,DoS,Hulk
Friday-16-02-2018_442.pcap,tcp_181645,tcp,181645,Hulk,Malware,DoS,Hulk
Friday-16-02-2018_442.pcap,tcp_181552,tcp,181552,Hulk,Malware,DoS,Hulk
Friday-16-02-2018_442.pcap,tcp_181483,tcp,181483,Hulk,Malware,DoS,Hulk
Wednesday-21-02-2018_447.pcap,tcp_949022,tcp,949022,HOIC,Malware,DDoS,HOIC
Wednesday-21-02-2018_447.pcap,tcp_948623,tcp,948623,HOIC,Malware,DDoS,HOIC
Wednesday-21-02-2018_447.pcap,tcp_949784,tcp,949784,HOIC,Malware,DDoS,HOIC
Wednesday-21-02-2018_447.pcap,tcp_948715,tcp,948715,HOIC,Malware,DDoS,HOIC
Wednesday-21-02-2018_447.pcap,tcp_949155,tcp,949155,HOIC,Malware,DDoS,HOIC
Wednesday-21-02-2018_447.pcap,tcp_947307,tcp,947307,HOIC,Malware,DDoS,HOIC
Wednesday-21-02-2018_447.pcap,tcp_949064,tcp,949064,HOIC,Malware,DDoS,HOIC
Wednesday-21-02-2018_447.pcap,tcp_947310,tcp,947310,HOIC,Malware,DDoS,HOIC
Wednesday-21-02-2018_447.pcap,tcp_947312,tcp,947312,HOIC,Malware,DDoS,HOIC
Wednesday-21-02-2018_447.pcap,tcp_947313,tcp,947313,HOIC,Malware,DDoS,HOIC
Wednesday-21-02-2018_447.pcap,tcp_947314,tcp,947314,HOIC,Malware,DDoS,HOIC
Wednesday-21-02-2018_447.pcap,tcp_949424,tcp,949424,HOIC,Malware,DDoS,HOIC
Wednesday-21-02-2018_447.pcap,tcp_948477,tcp,948477,HOIC,Malware,DDoS,HOIC
Wednesday-21-02-2018_447.pcap,tcp_949592,tcp,949592,HOIC,Malware,DDoS,HOIC
Wednesday-21-02-2018_447.pcap,tcp_949204,tcp,949204,HOIC,Malware,DDoS,HOIC
Wednesday-21-02-2018_447.pcap,tcp_947320,tcp,947320,HOIC,Malware,DDoS,HOIC
Wednesday-21-02-2018_447.pcap,tcp_949695,tcp,949695,HOIC,Malware,DDoS,HOIC
Wednesday-21-02-2018_447.pcap,tcp_948739,tcp,948739,HOIC,Malware,DDoS,HOIC
Wednesday-21-02-2018_447.pcap,tcp_948502,tcp,948502,HOIC,Malware,DDoS,HOIC
Wednesday-21-02-2018_447.pcap,tcp_947324,tcp,947324,HOIC,Malware,DDoS,HOIC
Wednesday-21-02-2018_447.pcap,tcp_947325,tcp,947325,HOIC,Malware,DDoS,HOIC
Wednesday-21-02-2018_447.pcap,tcp_949874,tcp,949874,HOIC,Malware,DDoS,HOIC
Wednesday-21-02-2018_447.pcap,tcp_950086,tcp,950086,HOIC,Malware,DDoS,HOIC
Wednesday-21-02-2018_447.pcap,tcp_949809,tcp,949809,HOIC,Malware,DDoS,HOIC
Wednesday-21-02-2018_447.pcap,tcp_948752,tcp,948752,HOIC,Malware,DDoS,HOIC
Wednesday-21-02-2018_447.pcap,tcp_947330,tcp,947330,HOIC,Malware,DDoS,HOIC
Wednesday-21-02-2018_447.pcap,tcp_948701,tcp,948701,HOIC,Malware,DDoS,HOIC
Wednesday-21-02-2018_447.pcap,tcp_950204,tcp,950204,HOIC,Malware,DDoS,HOIC
Wednesday-21-02-2018_447.pcap,tcp_950215,tcp,950215,HOIC,Malware,DDoS,HOIC
Wednesday-21-02-2018_447.pcap,tcp_949167,tcp,949167,HOIC,Malware,DDoS,HOIC
Wednesday-21-02-2018_447.pcap,tcp_949651,tcp,949651,HOIC,Malware,DDoS,HOIC
Wednesday-21-02-2018_447.pcap,tcp_947338,tcp,947338,HOIC,Malware,DDoS,HOIC
Wednesday-21-02-2018_447.pcap,tcp_950161,tcp,950161,HOIC,Malware,DDoS,HOIC
Wednesday-21-02-2018_447.pcap,tcp_947342,tcp,947342,HOIC,Malware,DDoS,HOIC
Wednesday-21-02-2018_447.pcap,tcp_950189,tcp,950189,HOIC,Malware,DDoS,HOIC
Wednesday-21-02-2018_447.pcap,tcp_947346,tcp,947346,HOIC,Malware,DDoS,HOIC
Wednesday-21-02-2018_447.pcap,tcp_948564,tcp,948564,HOIC,Malware,DDoS,HOIC
Wednesday-21-02-2018_447.pcap,tcp_948602,tcp,948602,HOIC,Malware,DDoS,HOIC
Wednesday-21-02-2018_447.pcap,tcp_948716,tcp,948716,HOIC,Malware,DDoS,HOIC
Wednesday-21-02-2018_447.pcap,tcp_947351,tcp,947351,HOIC,Malware,DDoS,HOIC
Wednesday-21-02-2018_447.pcap,tcp_950289,tcp,950289,HOIC,Malware,DDoS,HOIC
Wednesday-21-02-2018_447.pcap,tcp_949495,tcp,949495,HOIC,Malware,DDoS,HOIC
Wednesday-21-02-2018_447.pcap,tcp_948611,tcp,948611,HOIC,Malware,DDoS,HOIC
Wednesday-21-02-2018_447.pcap,tcp_949919,tcp,949919,HOIC,Malware,DDoS,HOIC
Wednesday-21-02-2018_447.pcap,tcp_950149,tcp,950149,HOIC,Malware,DDoS,HOIC
Wednesday-21-02-2018_447.pcap,tcp_949043,tcp,949043,HOIC,Malware,DDoS,HOIC
Wednesday-21-02-2018_447.pcap,tcp_948643,tcp,948643,HOIC,Malware,DDoS,HOIC
Wednesday-21-02-2018_447.pcap,tcp_948417,tcp,948417,HOIC,Malware,DDoS,HOIC
Wednesday-21-02-2018_447.pcap,tcp_947363,tcp,947363,HOIC,Malware,DDoS,HOIC
Wednesday-21-02-2018_447.pcap,tcp_947365,tcp,947365,HOIC,Malware,DDoS,HOIC
Wednesday-21-02-2018_447.pcap,tcp_949372,tcp,949372,HOIC,Malware,DDoS,HOIC
Wednesday-21-02-2018_447.pcap,tcp_947367,tcp,947367,HOIC,Malware,DDoS,HOIC
Wednesday-21-02-2018_447.pcap,tcp_950233,tcp,950233,HOIC,Malware,DDoS,HOIC
Wednesday-21-02-2018_447.pcap,tcp_947371,tcp,947371,HOIC,Malware,DDoS,HOIC
Wednesday-21-02-2018_447.pcap,tcp_948673,tcp,948673,HOIC,Malware,DDoS,HOIC
Wednesday-21-02-2018_447.pcap,tcp_950074,tcp,950074,HOIC,Malware,DDoS,HOIC
Wednesday-21-02-2018_447.pcap,tcp_949350,tcp,949350,HOIC,Malware,DDoS,HOIC
Wednesday-21-02-2018_447.pcap,tcp_947375,tcp,947375,HOIC,Malware,DDoS,HOIC
Wednesday-21-02-2018_447.pcap,tcp_947376,tcp,947376,HOIC,Malware,DDoS,HOIC
Wednesday-21-02-2018_447.pcap,tcp_950025,tcp,950025,HOIC,Malware,DDoS,HOIC
Wednesday-21-02-2018_447.pcap,tcp_947378,tcp,947378,HOIC,Malware,DDoS,HOIC
Wednesday-21-02-2018_447.pcap,tcp_948576,tcp,948576,HOIC,Malware,DDoS,HOIC
Wednesday-21-02-2018_447.pcap,tcp_949009,tcp,949009,HOIC,Malware,DDoS,HOIC
Wednesday-21-02-2018_447.pcap,tcp_948990,tcp,948990,HOIC,Malware,DDoS,HOIC
Wednesday-21-02-2018_447.pcap,tcp_949888,tcp,949888,HOIC,Malware,DDoS,HOIC
Wednesday-21-02-2018_447.pcap,tcp_947384,tcp,947384,HOIC,Malware,DDoS,HOIC
Wednesday-21-02-2018_447.pcap,tcp_949369,tcp,949369,HOIC,Malware,DDoS,HOIC
Wednesday-21-02-2018_447.pcap,tcp_948898,tcp,948898,HOIC,Malware,DDoS,HOIC
Wednesday-21-02-2018_447.pcap,tcp_948631,tcp,948631,HOIC,Malware,DDoS,HOIC
Wednesday-21-02-2018_447.pcap,tcp_949232,tcp,949232,HOIC,Malware,DDoS,HOIC
Wednesday-21-02-2018_447.pcap,tcp_947391,tcp,947391,HOIC,Malware,DDoS,HOIC
Wednesday-21-02-2018_447.pcap,tcp_947393,tcp,947393,HOIC,Malware,DDoS,HOIC
Wednesday-21-02-2018_447.pcap,tcp_949264,tcp,949264,HOIC,Malware,DDoS,HOIC
Wednesday-21-02-2018_447.pcap,tcp_947395,tcp,947395,HOIC,Malware,DDoS,HOIC
Wednesday-21-02-2018_447.pcap,tcp_949797,tcp,949797,HOIC,Malware,DDoS,HOIC
Wednesday-21-02-2018_447.pcap,tcp_950186,tcp,950186,HOIC,Malware,DDoS,HOIC
Wednesday-21-02-2018_447.pcap,tcp_949472,tcp,949472,HOIC,Malware,DDoS,HOIC
Wednesday-21-02-2018_447.pcap,tcp_950248,tcp,950248,HOIC,Malware,DDoS,HOIC
Wednesday-21-02-2018_447.pcap,tcp_949100,tcp,949100,HOIC,Malware,DDoS,HOIC
Wednesday-21-02-2018_447.pcap,tcp_949978,tcp,949978,HOIC,Malware,DDoS,HOIC
Wednesday-21-02-2018_447.pcap,tcp_949728,tcp,949728,HOIC,Malware,DDoS,HOIC
Wednesday-21-02-2018_447.pcap,tcp_950110,tcp,950110,HOIC,Malware,DDoS,HOIC
Wednesday-21-02-2018_447.pcap,tcp_949277,tcp,949277,HOIC,Malware,DDoS,HOIC
Wednesday-21-02-2018_447.pcap,tcp_949136,tcp,949136,HOIC,Malware,DDoS,HOIC
Wednesday-21-02-2018_447.pcap,tcp_949823,tcp,949823,HOIC,Malware,DDoS,HOIC
Wednesday-21-02-2018_447.pcap,tcp_949453,tcp,949453,HOIC,Malware,DDoS,HOIC
Wednesday-21-02-2018_447.pcap,tcp_949206,tcp,949206,HOIC,Malware,DDoS,HOIC
Wednesday-21-02-2018_447.pcap,tcp_948472,tcp,948472,HOIC,Malware,DDoS,HOIC
Wednesday-21-02-2018_447.pcap,tcp_947414,tcp,947414,HOIC,Malware,DDoS,HOIC
Wednesday-21-02-2018_447.pcap,tcp_950253,tcp,950253,HOIC,Malware,DDoS,HOIC
Wednesday-21-02-2018_447.pcap,tcp_949141,tcp,949141,HOIC,Malware,DDoS,HOIC
Wednesday-21-02-2018_447.pcap,tcp_948907,tcp,948907,HOIC,Malware,DDoS,HOIC
Wednesday-21-02-2018_447.pcap,tcp_949908,tcp,949908,HOIC,Malware,DDoS,HOIC
Wednesday-21-02-2018_447.pcap,tcp_947420,tcp,947420,HOIC,Malware,DDoS,HOIC
Wednesday-21-02-2018_447.pcap,tcp_947421,tcp,947421,HOIC,Malware,DDoS,HOIC
Wednesday-21-02-2018_447.pcap,tcp_947423,tcp,947423,HOIC,Malware,DDoS,HOIC
Wednesday-21-02-2018_447.pcap,tcp_947424,tcp,947424,HOIC,Malware,DDoS,HOIC
Wednesday-21-02-2018_447.pcap,tcp_950081,tcp,950081,HOIC,Malware,DDoS,HOIC
Wednesday-21-02-2018_447.pcap,tcp_947426,tcp,947426,HOIC,Malware,DDoS,HOIC
Wednesday-21-02-2018_447.pcap,tcp_947427,tcp,947427,HOIC,Malware,DDoS,HOIC
Wednesday-21-02-2018_447.pcap,tcp_947428,tcp,947428,HOIC,Malware,DDoS,HOIC
Wednesday-21-02-2018_447.pcap,tcp_949830,tcp,949830,HOIC,Malware,DDoS,HOIC
Wednesday-21-02-2018_447.pcap,tcp_948405,tcp,948405,HOIC,Malware,DDoS,HOIC
Wednesday-21-02-2018_447.pcap,tcp_949448,tcp,949448,HOIC,Malware,DDoS,HOIC
Wednesday-21-02-2018_447.pcap,tcp_949974,tcp,949974,HOIC,Malware,DDoS,HOIC
Wednesday-21-02-2018_447.pcap,tcp_949034,tcp,949034,HOIC,Malware,DDoS,HOIC
Wednesday-21-02-2018_447.pcap,tcp_947434,tcp,947434,HOIC,Malware,DDoS,HOIC
Wednesday-21-02-2018_447.pcap,tcp_948591,tcp,948591,HOIC,Malware,DDoS,HOIC
Wednesday-21-02-2018_447.pcap,tcp_949884,tcp,949884,HOIC,Malware,DDoS,HOIC
Wednesday-21-02-2018_447.pcap,tcp_947437,tcp,947437,HOIC,Malware,DDoS,HOIC
Wednesday-21-02-2018_447.pcap,tcp_947438,tcp,947438,HOIC,Malware,DDoS,HOIC
Wednesday-21-02-2018_447.pcap,tcp_949332,tcp,949332,HOIC,Malware,DDoS,HOIC
Wednesday-21-02-2018_447.pcap,tcp_949235,tcp,949235,HOIC,Malware,DDoS,HOIC
Wednesday-21-02-2018_447.pcap,tcp_948646,tcp,948646,HOIC,Malware,DDoS,HOIC
Wednesday-21-02-2018_447.pcap,tcp_949934,tcp,949934,HOIC,Malware,DDoS,HOIC
Wednesday-21-02-2018_447.pcap,tcp_949275,tcp,949275,HOIC,Malware,DDoS,HOIC
Wednesday-21-02-2018_447.pcap,tcp_949780,tcp,949780,HOIC,Malware,DDoS,HOIC
Wednesday-21-02-2018_447.pcap,tcp_948762,tcp,948762,HOIC,Malware,DDoS,HOIC
Wednesday-21-02-2018_447.pcap,tcp_948829,tcp,948829,HOIC,Malware,DDoS,HOIC
Wednesday-21-02-2018_447.pcap,tcp_948822,tcp,948822,HOIC,Malware,DDoS,HOIC
Wednesday-21-02-2018_447.pcap,tcp_948419,tcp,948419,HOIC,Malware,DDoS,HOIC
Wednesday-21-02-2018_447.pcap,tcp_948456,tcp,948456,HOIC,Malware,DDoS,HOIC
Wednesday-21-02-2018_447.pcap,tcp_949283,tcp,949283,HOIC,Malware,DDoS,HOIC
Wednesday-21-02-2018_447.pcap,tcp_947457,tcp,947457,HOIC,Malware,DDoS,HOIC
Wednesday-21-02-2018_447.pcap,tcp_947459,tcp,947459,HOIC,Malware,DDoS,HOIC
Wednesday-21-02-2018_447.pcap,tcp_949706,tcp,949706,HOIC,Malware,DDoS,HOIC
Wednesday-21-02-2018_447.pcap,tcp_947462,tcp,947462,HOIC,Malware,DDoS,HOIC
Wednesday-21-02-2018_447.pcap,tcp_949774,tcp,949774,HOIC,Malware,DDoS,HOIC
Wednesday-21-02-2018_447.pcap,tcp_948885,tcp,948885,HOIC,Malware,DDoS,HOIC
Wednesday-21-02-2018_447.pcap,tcp_949401,tcp,949401,HOIC,Malware,DDoS,HOIC
Wednesday-21-02-2018_447.pcap,tcp_950200,tcp,950200,HOIC,Malware,DDoS,HOIC
Wednesday-21-02-2018_447.pcap,tcp_950038,tcp,950038,HOIC,Malware,DDoS,HOIC
Wednesday-21-02-2018_447.pcap,tcp_950162,tcp,950162,HOIC,Malware,DDoS,HOIC
Wednesday-21-02-2018_447.pcap,tcp_949475,tcp,949475,HOIC,Malware,DDoS,HOIC
Wednesday-21-02-2018_447.pcap,tcp_948857,tcp,948857,HOIC,Malware,DDoS,HOIC
Wednesday-21-02-2018_447.pcap,tcp_947477,tcp,947477,HOIC,Malware,DDoS,HOIC
Wednesday-21-02-2018_447.pcap,tcp_947478,tcp,947478,HOIC,Malware,DDoS,HOIC
Wednesday-21-02-2018_447.pcap,tcp_947479,tcp,947479,HOIC,Malware,DDoS,HOIC
Wednesday-21-02-2018_447.pcap,tcp_947480,tcp,947480,HOIC,Malware,DDoS,HOIC
Wednesday-21-02-2018_447.pcap,tcp_950044,tcp,950044,HOIC,Malware,DDoS,HOIC
Wednesday-21-02-2018_447.pcap,tcp_948488,tcp,948488,HOIC,Malware,DDoS,HOIC
Wednesday-21-02-2018_447.pcap,tcp_950041,tcp,950041,HOIC,Malware,DDoS,HOIC
Wednesday-21-02-2018_447.pcap,tcp_950108,tcp,950108,HOIC,Malware,DDoS,HOIC
Wednesday-21-02-2018_447.pcap,tcp_948617,tcp,948617,HOIC,Malware,DDoS,HOIC
Wednesday-21-02-2018_447.pcap,tcp_947488,tcp,947488,HOIC,Malware,DDoS,HOIC
Wednesday-21-02-2018_447.pcap,tcp_947489,tcp,947489,HOIC,Malware,DDoS,HOIC
Wednesday-21-02-2018_447.pcap,tcp_947490,tcp,947490,HOIC,Malware,DDoS,HOIC
Wednesday-21-02-2018_447.pcap,tcp_948993,tcp,948993,HOIC,Malware,DDoS,HOIC
Wednesday-21-02-2018_447.pcap,tcp_947492,tcp,947492,HOIC,Malware,DDoS,HOIC
Wednesday-21-02-2018_447.pcap,tcp_949075,tcp,949075,HOIC,Malware,DDoS,HOIC
Wednesday-21-02-2018_447.pcap,tcp_947495,tcp,947495,HOIC,Malware,DDoS,HOIC
Wednesday-21-02-2018_447.pcap,tcp_947496,tcp,947496,HOIC,Malware,DDoS,HOIC
Wednesday-21-02-2018_447.pcap,tcp_947497,tcp,947497,HOIC,Malware,DDoS,HOIC
Wednesday-21-02-2018_447.pcap,tcp_950196,tcp,950196,HOIC,Malware,DDoS,HOIC
Wednesday-21-02-2018_447.pcap,tcp_949629,tcp,949629,HOIC,Malware,DDoS,HOIC
Wednesday-21-02-2018_447.pcap,tcp_950000,tcp,950000,HOIC,Malware,DDoS,HOIC
Wednesday-21-02-2018_447.pcap,tcp_948864,tcp,948864,HOIC,Malware,DDoS,HOIC
Wednesday-21-02-2018_447.pcap,tcp_948637,tcp,948637,HOIC,Malware,DDoS,HOIC
Wednesday-21-02-2018_447.pcap,tcp_949576,tcp,949576,HOIC,Malware,DDoS,HOIC
Wednesday-21-02-2018_447.pcap,tcp_947506,tcp,947506,HOIC,Malware,DDoS,HOIC
Wednesday-21-02-2018_447.pcap,tcp_947507,tcp,947507,HOIC,Malware,DDoS,HOIC
Wednesday-21-02-2018_447.pcap,tcp_947508,tcp,947508,HOIC,Malware,DDoS,HOIC
Wednesday-21-02-2018_447.pcap,tcp_947510,tcp,947510,HOIC,Malware,DDoS,HOIC
Wednesday-21-02-2018_447.pcap,tcp_948483,tcp,948483,HOIC,Malware,DDoS,HOIC
Wednesday-21-02-2018_447.pcap,tcp_949963,tcp,949963,HOIC,Malware,DDoS,HOIC
Wednesday-21-02-2018_447.pcap,tcp_947513,tcp,947513,HOIC,Malware,DDoS,HOIC
Wednesday-21-02-2018_447.pcap,tcp_948305,tcp,948305,HOIC,Malware,DDoS,HOIC
Wednesday-21-02-2018_447.pcap,tcp_949271,tcp,949271,HOIC,Malware,DDoS,HOIC
Wednesday-21-02-2018_447.pcap,tcp_949329,tcp,949329,HOIC,Malware,DDoS,HOIC
Wednesday-21-02-2018_447.pcap,tcp_950218,tcp,950218,HOIC,Malware,DDoS,HOIC
Wednesday-21-02-2018_447.pcap,tcp_947520,tcp,947520,HOIC,Malware,DDoS,HOIC
Wednesday-21-02-2018_447.pcap,tcp_947521,tcp,947521,HOIC,Malware,DDoS,HOIC
Wednesday-21-02-2018_447.pcap,tcp_947522,tcp,947522,HOIC,Malware,DDoS,HOIC
Wednesday-21-02-2018_447.pcap,tcp_949854,tcp,949854,HOIC,Malware,DDoS,HOIC
Wednesday-21-02-2018_447.pcap,tcp_947524,tcp,947524,HOIC,Malware,DDoS,HOIC
Wednesday-21-02-2018_447.pcap,tcp_949325,tcp,949325,HOIC,Malware,DDoS,HOIC
Wednesday-21-02-2018_447.pcap,tcp_948937,tcp,948937,HOIC,Malware,DDoS,HOIC
Wednesday-21-02-2018_447.pcap,tcp_947527,tcp,947527,HOIC,Malware,DDoS,HOIC
Wednesday-21-02-2018_447.pcap,tcp_950093,tcp,950093,HOIC,Malware,DDoS,HOIC
Wednesday-21-02-2018_447.pcap,tcp_948758,tcp,948758,HOIC,Malware,DDoS,HOIC
Wednesday-21-02-2018_447.pcap,tcp_949196,tcp,949196,HOIC,Malware,DDoS,HOIC
Wednesday-21-02-2018_447.pcap,tcp_950157,tcp,950157,HOIC,Malware,DDoS,HOIC
Wednesday-21-02-2018_447.pcap,tcp_947533,tcp,947533,HOIC,Malware,DDoS,HOIC
Wednesday-21-02-2018_447.pcap,tcp_949773,tcp,949773,HOIC,Malware,DDoS,HOIC
Wednesday-21-02-2018_447.pcap,tcp_948372,tcp,948372,HOIC,Malware,DDoS,HOIC
Wednesday-21-02-2018_447.pcap,tcp_948812,tcp,948812,HOIC,Malware,DDoS,HOIC
Wednesday-21-02-2018_447.pcap,tcp_947537,tcp,947537,HOIC,Malware,DDoS,HOIC
Wednesday-21-02-2018_447.pcap,tcp_947538,tcp,947538,HOIC,Malware,DDoS,HOIC
Wednesday-21-02-2018_447.pcap,tcp_950064,tcp,950064,HOIC,Malware,DDoS,HOIC
Wednesday-21-02-2018_447.pcap,tcp_947542,tcp,947542,HOIC,Malware,DDoS,HOIC
Wednesday-21-02-2018_447.pcap,tcp_949764,tcp,949764,HOIC,Malware,DDoS,HOIC
Wednesday-21-02-2018_447.pcap,tcp_949172,tcp,949172,HOIC,Malware,DDoS,HOIC
Wednesday-21-02-2018_447.pcap,tcp_948711,tcp,948711,HOIC,Malware,DDoS,HOIC
Wednesday-21-02-2018_447.pcap,tcp_947546,tcp,947546,HOIC,Malware,DDoS,HOIC
Wednesday-21-02-2018_447.pcap,tcp_947547,tcp,947547,HOIC,Malware,DDoS,HOIC
Wednesday-21-02-2018_447.pcap,tcp_948815,tcp,948815,HOIC,Malware,DDoS,HOIC
Wednesday-21-02-2018_447.pcap,tcp_949418,tcp,949418,HOIC,Malware,DDoS,HOIC
Wednesday-21-02-2018_447.pcap,tcp_948960,tcp,948960,HOIC,Malware,DDoS,HOIC
Wednesday-21-02-2018_447.pcap,tcp_948387,tcp,948387,HOIC,Malware,DDoS,HOIC
Wednesday-21-02-2018_447.pcap,tcp_947552,tcp,947552,HOIC,Malware,DDoS,HOIC
Wednesday-21-02-2018_447.pcap,tcp_949816,tcp,949816,HOIC,Malware,DDoS,HOIC
Wednesday-21-02-2018_447.pcap,tcp_948756,tcp,948756,HOIC,Malware,DDoS,HOIC
Wednesday-21-02-2018_447.pcap,tcp_949236,tcp,949236,HOIC,Malware,DDoS,HOIC
Wednesday-21-02-2018_447.pcap,tcp_947556,tcp,947556,HOIC,Malware,DDoS,HOIC
Wednesday-21-02-2018_447.pcap,tcp_949701,tcp,949701,HOIC,Malware,DDoS,HOIC
Wednesday-21-02-2018_447.pcap,tcp_949582,tcp,949582,HOIC,Malware,DDoS,HOIC
Wednesday-21-02-2018_447.pcap,tcp_948394,tcp,948394,HOIC,Malware,DDoS,HOIC
Wednesday-21-02-2018_447.pcap,tcp_948521,tcp,948521,HOIC,Malware,DDoS,HOIC
Wednesday-21-02-2018_447.pcap,tcp_947562,tcp,947562,HOIC,Malware,DDoS,HOIC
Wednesday-21-02-2018_447.pcap,tcp_948535,tcp,948535,HOIC,Malware,DDoS,HOIC
Wednesday-21-02-2018_447.pcap,tcp_947565,tcp,947565,HOIC,Malware,DDoS,HOIC
Wednesday-21-02-2018_447.pcap,tcp_949512,tcp,949512,HOIC,Malware,DDoS,HOIC
Wednesday-21-02-2018_447.pcap,tcp_948880,tcp,948880,HOIC,Malware,DDoS,HOIC
Wednesday-21-02-2018_447.pcap,tcp_949877,tcp,949877,HOIC,Malware,DDoS,HOIC
Wednesday-21-02-2018_447.pcap,tcp_947570,tcp,947570,HOIC,Malware,DDoS,HOIC
Wednesday-21-02-2018_447.pcap,tcp_950060,tcp,950060,HOIC,Malware,DDoS,HOIC
Wednesday-21-02-2018_447.pcap,tcp_948523,tcp,948523,HOIC,Malware,DDoS,HOIC
Wednesday-21-02-2018_447.pcap,tcp_947574,tcp,947574,HOIC,Malware,DDoS,HOIC
Wednesday-21-02-2018_447.pcap,tcp_950301,tcp,950301,HOIC,Malware,DDoS,HOIC
Wednesday-21-02-2018_447.pcap,tcp_947577,tcp,947577,HOIC,Malware,DDoS,HOIC
Wednesday-21-02-2018_447.pcap,tcp_950105,tcp,950105,HOIC,Malware,DDoS,HOIC
Wednesday-21-02-2018_447.pcap,tcp_948709,tcp,948709,HOIC,Malware,DDoS,HOIC
Wednesday-21-02-2018_447.pcap,tcp_947581,tcp,947581,HOIC,Malware,DDoS,HOIC
Wednesday-21-02-2018_447.pcap,tcp_950075,tcp,950075,HOIC,Malware,DDoS,HOIC
Wednesday-21-02-2018_447.pcap,tcp_947584,tcp,947584,HOIC,Malware,DDoS,HOIC
Wednesday-21-02-2018_447.pcap,tcp_948363,tcp,948363,HOIC,Malware,DDoS,HOIC
Wednesday-21-02-2018_447.pcap,tcp_947588,tcp,947588,HOIC,Malware,DDoS,HOIC
Wednesday-21-02-2018_447.pcap,tcp_949948,tcp,949948,HOIC,Malware,DDoS,HOIC
Wednesday-21-02-2018_447.pcap,tcp_947591,tcp,947591,HOIC,Malware,DDoS,HOIC
Wednesday-21-02-2018_447.pcap,tcp_947592,tcp,947592,HOIC,Malware,DDoS,HOIC
Wednesday-21-02-2018_447.pcap,tcp_949192,tcp,949192,HOIC,Malware,DDoS,HOIC
Wednesday-21-02-2018_447.pcap,tcp_949412,tcp,949412,HOIC,Malware,DDoS,HOIC
Wednesday-21-02-2018_447.pcap,tcp_950113,tcp,950113,HOIC,Malware,DDoS,HOIC
Wednesday-21-02-2018_447.pcap,tcp_949377,tcp,949377,HOIC,Malware,DDoS,HOIC
Wednesday-21-02-2018_447.pcap,tcp_948422,tcp,948422,HOIC,Malware,DDoS,HOIC
Wednesday-21-02-2018_447.pcap,tcp_949293,tcp,949293,HOIC,Malware,DDoS,HOIC
Wednesday-21-02-2018_447.pcap,tcp_949798,tcp,949798,HOIC,Malware,DDoS,HOIC
Wednesday-21-02-2018_447.pcap,tcp_947600,tcp,947600,HOIC,Malware,DDoS,HOIC
Wednesday-21-02-2018_447.pcap,tcp_949771,tcp,949771,HOIC,Malware,DDoS,HOIC
Wednesday-21-02-2018_447.pcap,tcp_950242,tcp,950242,HOIC,Malware,DDoS,HOIC
Wednesday-21-02-2018_447.pcap,tcp_947604,tcp,947604,HOIC,Malware,DDoS,HOIC
Wednesday-21-02-2018_447.pcap,tcp_947606,tcp,947606,HOIC,Malware,DDoS,HOIC
Wednesday-21-02-2018_447.pcap,tcp_949673,tcp,949673,HOIC,Malware,DDoS,HOIC
Wednesday-21-02-2018_447.pcap,tcp_947608,tcp,947608,HOIC,Malware,DDoS,HOIC
Wednesday-21-02-2018_447.pcap,tcp_949000,tcp,949000,HOIC,Malware,DDoS,HOIC
Wednesday-21-02-2018_447.pcap,tcp_949871,tcp,949871,HOIC,Malware,DDoS,HOIC
Wednesday-21-02-2018_447.pcap,tcp_949883,tcp,949883,HOIC,Malware,DDoS,HOIC
Wednesday-21-02-2018_447.pcap,tcp_949368,tcp,949368,HOIC,Malware,DDoS,HOIC
Wednesday-21-02-2018_447.pcap,tcp_950166,tcp,950166,HOIC,Malware,DDoS,HOIC
Wednesday-21-02-2018_447.pcap,tcp_949072,tcp,949072,HOIC,Malware,DDoS,HOIC
Wednesday-21-02-2018_447.pcap,tcp_948626,tcp,948626,HOIC,Malware,DDoS,HOIC
Wednesday-21-02-2018_447.pcap,tcp_949098,tcp,949098,HOIC,Malware,DDoS,HOIC
Wednesday-21-02-2018_447.pcap,tcp_949244,tcp,949244,HOIC,Malware,DDoS,HOIC
Wednesday-21-02-2018_447.pcap,tcp_949726,tcp,949726,HOIC,Malware,DDoS,HOIC
Wednesday-21-02-2018_447.pcap,tcp_947621,tcp,947621,HOIC,Malware,DDoS,HOIC
Wednesday-21-02-2018_447.pcap,tcp_950082,tcp,950082,HOIC,Malware,DDoS,HOIC
Wednesday-21-02-2018_447.pcap,tcp_949118,tcp,949118,HOIC,Malware,DDoS,HOIC
Wednesday-21-02-2018_447.pcap,tcp_949340,tcp,949340,HOIC,Malware,DDoS,HOIC
Wednesday-21-02-2018_447.pcap,tcp_949858,tcp,949858,HOIC,Malware,DDoS,HOIC
Wednesday-21-02-2018_447.pcap,tcp_947626,tcp,947626,HOIC,Malware,DDoS,HOIC
Wednesday-21-02-2018_447.pcap,tcp_949069,tcp,949069,HOIC,Malware,DDoS,HOIC
Wednesday-21-02-2018_447.pcap,tcp_949254,tcp,949254,HOIC,Malware,DDoS,HOIC
Wednesday-21-02-2018_447.pcap,tcp_947630,tcp,947630,HOIC,Malware,DDoS,HOIC
Wednesday-21-02-2018_447.pcap,tcp_949759,tcp,949759,HOIC,Malware,DDoS,HOIC
Wednesday-21-02-2018_447.pcap,tcp_947632,tcp,947632,HOIC,Malware,DDoS,HOIC
Wednesday-21-02-2018_447.pcap,tcp_947633,tcp,947633,HOIC,Malware,DDoS,HOIC
Wednesday-21-02-2018_447.pcap,tcp_947634,tcp,947634,HOIC,Malware,DDoS,HOIC
Wednesday-21-02-2018_447.pcap,tcp_948693,tcp,948693,HOIC,Malware,DDoS,HOIC
Wednesday-21-02-2018_447.pcap,tcp_949297,tcp,949297,HOIC,Malware,DDoS,HOIC
Wednesday-21-02-2018_447.pcap,tcp_947637,tcp,947637,HOIC,Malware,DDoS,HOIC
Wednesday-21-02-2018_447.pcap,tcp_947638,tcp,947638,HOIC,Malware,DDoS,HOIC
Wednesday-21-02-2018_447.pcap,tcp_949055,tcp,949055,HOIC,Malware,DDoS,HOIC
Wednesday-21-02-2018_447.pcap,tcp_948714,tcp,948714,HOIC,Malware,DDoS,HOIC
Wednesday-21-02-2018_447.pcap,tcp_947642,tcp,947642,HOIC,Malware,DDoS,HOIC
Wednesday-21-02-2018_447.pcap,tcp_949095,tcp,949095,HOIC,Malware,DDoS,HOIC
Wednesday-21-02-2018_447.pcap,tcp_949602,tcp,949602,HOIC,Malware,DDoS,HOIC
Wednesday-21-02-2018_447.pcap,tcp_947647,tcp,947647,HOIC,Malware,DDoS,HOIC
Wednesday-21-02-2018_447.pcap,tcp_949510,tcp,949510,HOIC,Malware,DDoS,HOIC
Wednesday-21-02-2018_447.pcap,tcp_949047,tcp,949047,HOIC,Malware,DDoS,HOIC
Wednesday-21-02-2018_447.pcap,tcp_949959,tcp,949959,HOIC,Malware,DDoS,HOIC
Wednesday-21-02-2018_447.pcap,tcp_950279,tcp,950279,HOIC,Malware,DDoS,HOIC
Wednesday-21-02-2018_447.pcap,tcp_950297,tcp,950297,HOIC,Malware,DDoS,HOIC
Wednesday-21-02-2018_447.pcap,tcp_947655,tcp,947655,HOIC,Malware,DDoS,HOIC
Wednesday-21-02-2018_447.pcap,tcp_948794,tcp,948794,HOIC,Malware,DDoS,HOIC
Wednesday-21-02-2018_447.pcap,tcp_949387,tcp,949387,HOIC,Malware,DDoS,HOIC
Wednesday-21-02-2018_447.pcap,tcp_948543,tcp,948543,HOIC,Malware,DDoS,HOIC
Wednesday-21-02-2018_447.pcap,tcp_949540,tcp,949540,HOIC,Malware,DDoS,HOIC
Wednesday-21-02-2018_447.pcap,tcp_949924,tcp,949924,HOIC,Malware,DDoS,HOIC
Wednesday-21-02-2018_447.pcap,tcp_947663,tcp,947663,HOIC,Malware,DDoS,HOIC
Wednesday-21-02-2018_447.pcap,tcp_948473,tcp,948473,HOIC,Malware,DDoS,HOIC
Wednesday-21-02-2018_447.pcap,tcp_949049,tcp,949049,HOIC,Malware,DDoS,HOIC
Wednesday-21-02-2018_447.pcap,tcp_948897,tcp,948897,HOIC,Malware,DDoS,HOIC
Wednesday-21-02-2018_447.pcap,tcp_947669,tcp,947669,HOIC,Malware,DDoS,HOIC
Wednesday-21-02-2018_447.pcap,tcp_947670,tcp,947670,HOIC,Malware,DDoS,HOIC
Wednesday-21-02-2018_447.pcap,tcp_949511,tcp,949511,HOIC,Malware,DDoS,HOIC
Wednesday-21-02-2018_447.pcap,tcp_950100,tcp,950100,HOIC,Malware,DDoS,HOIC
Wednesday-21-02-2018_447.pcap,tcp_947673,tcp,947673,HOIC,Malware,DDoS,HOIC
Wednesday-21-02-2018_447.pcap,tcp_950004,tcp,950004,HOIC,Malware,DDoS,HOIC
Wednesday-21-02-2018_447.pcap,tcp_947676,tcp,947676,HOIC,Malware,DDoS,HOIC
Wednesday-21-02-2018_447.pcap,tcp_948963,tcp,948963,HOIC,Malware,DDoS,HOIC
Wednesday-21-02-2018_447.pcap,tcp_947678,tcp,947678,HOIC,Malware,DDoS,HOIC
Wednesday-21-02-2018_447.pcap,tcp_948754,tcp,948754,HOIC,Malware,DDoS,HOIC
Wednesday-21-02-2018_447.pcap,tcp_948321,tcp,948321,HOIC,Malware,DDoS,HOIC
Wednesday-21-02-2018_447.pcap,tcp_948878,tcp,948878,HOIC,Malware,DDoS,HOIC
Wednesday-21-02-2018_447.pcap,tcp_947684,tcp,947684,HOIC,Malware,DDoS,HOIC
Wednesday-21-02-2018_447.pcap,tcp_947686,tcp,947686,HOIC,Malware,DDoS,HOIC
Wednesday-21-02-2018_447.pcap,tcp_948526,tcp,948526,HOIC,Malware,DDoS,HOIC
Wednesday-21-02-2018_447.pcap,tcp_947688,tcp,947688,HOIC,Malware,DDoS,HOIC
Wednesday-21-02-2018_447.pcap,tcp_947690,tcp,947690,HOIC,Malware,DDoS,HOIC
Wednesday-21-02-2018_447.pcap,tcp_948940,tcp,948940,HOIC,Malware,DDoS,HOIC
Wednesday-21-02-2018_447.pcap,tcp_949032,tcp,949032,HOIC,Malware,DDoS,HOIC
Wednesday-21-02-2018_447.pcap,tcp_948723,tcp,948723,HOIC,Malware,DDoS,HOIC
Wednesday-21-02-2018_447.pcap,tcp_949176,tcp,949176,HOIC,Malware,DDoS,HOIC
Wednesday-21-02-2018_447.pcap,tcp_948773,tcp,948773,HOIC,Malware,DDoS,HOIC
Wednesday-21-02-2018_447.pcap,tcp_947697,tcp,947697,HOIC,Malware,DDoS,HOIC
Wednesday-21-02-2018_447.pcap,tcp_950124,tcp,950124,HOIC,Malware,DDoS,HOIC
Wednesday-21-02-2018_447.pcap,tcp_948505,tcp,948505,HOIC,Malware,DDoS,HOIC
Wednesday-21-02-2018_447.pcap,tcp_947700,tcp,947700,HOIC,Malware,DDoS,HOIC
Wednesday-21-02-2018_447.pcap,tcp_949534,tcp,949534,HOIC,Malware,DDoS,HOIC
Wednesday-21-02-2018_447.pcap,tcp_949622,tcp,949622,HOIC,Malware,DDoS,HOIC
Wednesday-21-02-2018_447.pcap,tcp_949616,tcp,949616,HOIC,Malware,DDoS,HOIC
Wednesday-21-02-2018_447.pcap,tcp_950121,tcp,950121,HOIC,Malware,DDoS,HOIC
Wednesday-21-02-2018_447.pcap,tcp_949577,tcp,949577,HOIC,Malware,DDoS,HOIC
Wednesday-21-02-2018_447.pcap,tcp_948967,tcp,948967,HOIC,Malware,DDoS,HOIC
Wednesday-21-02-2018_447.pcap,tcp_949559,tcp,949559,HOIC,Malware,DDoS,HOIC
Wednesday-21-02-2018_447.pcap,tcp_950231,tcp,950231,HOIC,Malware,DDoS,HOIC
Wednesday-21-02-2018_447.pcap,tcp_948703,tcp,948703,HOIC,Malware,DDoS,HOIC
Wednesday-21-02-2018_447.pcap,tcp_947714,tcp,947714,HOIC,Malware,DDoS,HOIC
Wednesday-21-02-2018_447.pcap,tcp_949044,tcp,949044,HOIC,Malware,DDoS,HOIC
Wednesday-21-02-2018_447.pcap,tcp_947717,tcp,947717,HOIC,Malware,DDoS,HOIC
Wednesday-21-02-2018_447.pcap,tcp_950111,tcp,950111,HOIC,Malware,DDoS,HOIC
Wednesday-21-02-2018_447.pcap,tcp_950087,tcp,950087,HOIC,Malware,DDoS,HOIC
Wednesday-21-02-2018_447.pcap,tcp_948463,tcp,948463,HOIC,Malware,DDoS,HOIC
Wednesday-21-02-2018_447.pcap,tcp_949541,tcp,949541,HOIC,Malware,DDoS,HOIC
Wednesday-21-02-2018_447.pcap,tcp_947724,tcp,947724,HOIC,Malware,DDoS,HOIC
Wednesday-21-02-2018_447.pcap,tcp_948894,tcp,948894,HOIC,Malware,DDoS,HOIC
Wednesday-21-02-2018_447.pcap,tcp_948636,tcp,948636,HOIC,Malware,DDoS,HOIC
Wednesday-21-02-2018_447.pcap,tcp_949416,tcp,949416,HOIC,Malware,DDoS,HOIC
Wednesday-21-02-2018_447.pcap,tcp_949524,tcp,949524,HOIC,Malware,DDoS,HOIC
Wednesday-21-02-2018_447.pcap,tcp_949732,tcp,949732,HOIC,Malware,DDoS,HOIC
Wednesday-21-02-2018_447.pcap,tcp_950005,tcp,950005,HOIC,Malware,DDoS,HOIC
Wednesday-21-02-2018_447.pcap,tcp_949604,tcp,949604,HOIC,Malware,DDoS,HOIC
Wednesday-21-02-2018_447.pcap,tcp_947734,tcp,947734,HOIC,Malware,DDoS,HOIC
Wednesday-21-02-2018_447.pcap,tcp_947736,tcp,947736,HOIC,Malware,DDoS,HOIC
Wednesday-21-02-2018_447.pcap,tcp_950010,tcp,950010,HOIC,Malware,DDoS,HOIC
Wednesday-21-02-2018_447.pcap,tcp_947738,tcp,947738,HOIC,Malware,DDoS,HOIC
Wednesday-21-02-2018_447.pcap,tcp_950046,tcp,950046,HOIC,Malware,DDoS,HOIC
Wednesday-21-02-2018_447.pcap,tcp_947743,tcp,947743,HOIC,Malware,DDoS,HOIC
Wednesday-21-02-2018_447.pcap,tcp_948722,tcp,948722,HOIC,Malware,DDoS,HOIC
Wednesday-21-02-2018_447.pcap,tcp_949860,tcp,949860,HOIC,Malware,DDoS,HOIC
Wednesday-21-02-2018_447.pcap,tcp_947747,tcp,947747,HOIC,Malware,DDoS,HOIC
Wednesday-21-02-2018_447.pcap,tcp_948791,tcp,948791,HOIC,Malware,DDoS,HOIC
Wednesday-21-02-2018_447.pcap,tcp_947749,tcp,947749,HOIC,Malware,DDoS,HOIC
Wednesday-21-02-2018_447.pcap,tcp_949068,tcp,949068,HOIC,Malware,DDoS,HOIC
Wednesday-21-02-2018_447.pcap,tcp_947751,tcp,947751,HOIC,Malware,DDoS,HOIC
Wednesday-21-02-2018_447.pcap,tcp_947752,tcp,947752,HOIC,Malware,DDoS,HOIC
Wednesday-21-02-2018_447.pcap,tcp_947753,tcp,947753,HOIC,Malware,DDoS,HOIC
Wednesday-21-02-2018_447.pcap,tcp_950269,tcp,950269,HOIC,Malware,DDoS,HOIC
Wednesday-21-02-2018_447.pcap,tcp_949493,tcp,949493,HOIC,Malware,DDoS,HOIC
Wednesday-21-02-2018_447.pcap,tcp_947757,tcp,947757,HOIC,Malware,DDoS,HOIC
Wednesday-21-02-2018_447.pcap,tcp_949394,tcp,949394,HOIC,Malware,DDoS,HOIC
Wednesday-21-02-2018_447.pcap,tcp_947761,tcp,947761,HOIC,Malware,DDoS,HOIC
Wednesday-21-02-2018_447.pcap,tcp_949572,tcp,949572,HOIC,Malware,DDoS,HOIC
Wednesday-21-02-2018_447.pcap,tcp_948549,tcp,948549,HOIC,Malware,DDoS,HOIC
Wednesday-21-02-2018_447.pcap,tcp_949414,tcp,949414,HOIC,Malware,DDoS,HOIC
Wednesday-21-02-2018_447.pcap,tcp_949970,tcp,949970,HOIC,Malware,DDoS,HOIC
Wednesday-21-02-2018_447.pcap,tcp_949239,tcp,949239,HOIC,Malware,DDoS,HOIC
Wednesday-21-02-2018_447.pcap,tcp_947769,tcp,947769,HOIC,Malware,DDoS,HOIC
Wednesday-21-02-2018_447.pcap,tcp_949653,tcp,949653,HOIC,Malware,DDoS,HOIC
Wednesday-21-02-2018_447.pcap,tcp_950191,tcp,950191,HOIC,Malware,DDoS,HOIC
Wednesday-21-02-2018_447.pcap,tcp_948925,tcp,948925,HOIC,Malware,DDoS,HOIC
Wednesday-21-02-2018_447.pcap,tcp_948852,tcp,948852,HOIC,Malware,DDoS,HOIC
Wednesday-21-02-2018_447.pcap,tcp_947777,tcp,947777,HOIC,Malware,DDoS,HOIC
Wednesday-21-02-2018_447.pcap,tcp_948899,tcp,948899,HOIC,Malware,DDoS,HOIC
Wednesday-21-02-2018_447.pcap,tcp_948403,tcp,948403,HOIC,Malware,DDoS,HOIC
Wednesday-21-02-2018_447.pcap,tcp_948957,tcp,948957,HOIC,Malware,DDoS,HOIC
Wednesday-21-02-2018_447.pcap,tcp_949921,tcp,949921,HOIC,Malware,DDoS,HOIC
Wednesday-21-02-2018_447.pcap,tcp_947784,tcp,947784,HOIC,Malware,DDoS,HOIC
Wednesday-21-02-2018_447.pcap,tcp_947785,tcp,947785,HOIC,Malware,DDoS,HOIC
Wednesday-21-02-2018_447.pcap,tcp_949165,tcp,949165,HOIC,Malware,DDoS,HOIC
Wednesday-21-02-2018_447.pcap,tcp_948799,tcp,948799,HOIC,Malware,DDoS,HOIC
Wednesday-21-02-2018_447.pcap,tcp_949714,tcp,949714,HOIC,Malware,DDoS,HOIC
Wednesday-21-02-2018_447.pcap,tcp_947791,tcp,947791,HOIC,Malware,DDoS,HOIC
Wednesday-21-02-2018_447.pcap,tcp_949263,tcp,949263,HOIC,Malware,DDoS,HOIC
Wednesday-21-02-2018_447.pcap,tcp_947794,tcp,947794,HOIC,Malware,DDoS,HOIC
Wednesday-21-02-2018_447.pcap,tcp_947795,tcp,947795,HOIC,Malware,DDoS,HOIC
Wednesday-21-02-2018_447.pcap,tcp_947796,tcp,947796,HOIC,Malware,DDoS,HOIC
Wednesday-21-02-2018_447.pcap,tcp_947797,tcp,947797,HOIC,Malware,DDoS,HOIC
Wednesday-21-02-2018_447.pcap,tcp_949976,tcp,949976,HOIC,Malware,DDoS,HOIC
Wednesday-21-02-2018_447.pcap,tcp_947799,tcp,947799,HOIC,Malware,DDoS,HOIC
Wednesday-21-02-2018_447.pcap,tcp_947800,tcp,947800,HOIC,Malware,DDoS,HOIC
Wednesday-21-02-2018_447.pcap,tcp_949406,tcp,949406,HOIC,Malware,DDoS,HOIC
Wednesday-21-02-2018_447.pcap,tcp_949553,tcp,949553,HOIC,Malware,DDoS,HOIC
Wednesday-21-02-2018_447.pcap,tcp_947804,tcp,947804,HOIC,Malware,DDoS,HOIC
Wednesday-21-02-2018_447.pcap,tcp_949531,tcp,949531,HOIC,Malware,DDoS,HOIC
Wednesday-21-02-2018_447.pcap,tcp_949849,tcp,949849,HOIC,Malware,DDoS,HOIC
Wednesday-21-02-2018_447.pcap,tcp_948402,tcp,948402,HOIC,Malware,DDoS,HOIC
Wednesday-21-02-2018_447.pcap,tcp_948662,tcp,948662,HOIC,Malware,DDoS,HOIC
Wednesday-21-02-2018_447.pcap,tcp_948984,tcp,948984,HOIC,Malware,DDoS,HOIC
Wednesday-21-02-2018_447.pcap,tcp_949229,tcp,949229,HOIC,Malware,DDoS,HOIC
Wednesday-21-02-2018_447.pcap,tcp_948616,tcp,948616,HOIC,Malware,DDoS,HOIC
Wednesday-21-02-2018_447.pcap,tcp_947812,tcp,947812,HOIC,Malware,DDoS,HOIC
Wednesday-21-02-2018_447.pcap,tcp_948977,tcp,948977,HOIC,Malware,DDoS,HOIC
Wednesday-21-02-2018_447.pcap,tcp_948398,tcp,948398,HOIC,Malware,DDoS,HOIC
Wednesday-21-02-2018_447.pcap,tcp_947816,tcp,947816,HOIC,Malware,DDoS,HOIC
Wednesday-21-02-2018_447.pcap,tcp_949336,tcp,949336,HOIC,Malware,DDoS,HOIC
Wednesday-21-02-2018_447.pcap,tcp_950068,tcp,950068,HOIC,Malware,DDoS,HOIC
Wednesday-21-02-2018_447.pcap,tcp_949178,tcp,949178,HOIC,Malware,DDoS,HOIC
Wednesday-21-02-2018_447.pcap,tcp_948552,tcp,948552,HOIC,Malware,DDoS,HOIC
Wednesday-21-02-2018_447.pcap,tcp_949015,tcp,949015,HOIC,Malware,DDoS,HOIC
Wednesday-21-02-2018_447.pcap,tcp_949108,tcp,949108,HOIC,Malware,DDoS,HOIC
Wednesday-21-02-2018_447.pcap,tcp_950066,tcp,950066,HOIC,Malware,DDoS,HOIC
Wednesday-21-02-2018_447.pcap,tcp_949361,tcp,949361,HOIC,Malware,DDoS,HOIC
Wednesday-21-02-2018_447.pcap,tcp_947826,tcp,947826,HOIC,Malware,DDoS,HOIC
Wednesday-21-02-2018_447.pcap,tcp_949050,tcp,949050,HOIC,Malware,DDoS,HOIC
Wednesday-21-02-2018_447.pcap,tcp_947828,tcp,947828,HOIC,Malware,DDoS,HOIC
Wednesday-21-02-2018_447.pcap,tcp_949950,tcp,949950,HOIC,Malware,DDoS,HOIC
Wednesday-21-02-2018_447.pcap,tcp_947830,tcp,947830,HOIC,Malware,DDoS,HOIC
Wednesday-21-02-2018_447.pcap,tcp_949014,tcp,949014,HOIC,Malware,DDoS,HOIC
Wednesday-21-02-2018_447.pcap,tcp_950250,tcp,950250,HOIC,Malware,DDoS,HOIC
Wednesday-21-02-2018_447.pcap,tcp_947833,tcp,947833,HOIC,Malware,DDoS,HOIC
Wednesday-21-02-2018_447.pcap,tcp_949041,tcp,949041,HOIC,Malware,DDoS,HOIC
Wednesday-21-02-2018_447.pcap,tcp_948316,tcp,948316,HOIC,Malware,DDoS,HOIC
Wednesday-21-02-2018_447.pcap,tcp_947837,tcp,947837,HOIC,Malware,DDoS,HOIC
Wednesday-21-02-2018_447.pcap,tcp_947838,tcp,947838,HOIC,Malware,DDoS,HOIC
Wednesday-21-02-2018_447.pcap,tcp_950206,tcp,950206,HOIC,Malware,DDoS,HOIC
Wednesday-21-02-2018_447.pcap,tcp_950246,tcp,950246,HOIC,Malware,DDoS,HOIC
Wednesday-21-02-2018_447.pcap,tcp_949687,tcp,949687,HOIC,Malware,DDoS,HOIC
Wednesday-21-02-2018_447.pcap,tcp_947843,tcp,947843,HOIC,Malware,DDoS,HOIC
Wednesday-21-02-2018_447.pcap,tcp_948848,tcp,948848,HOIC,Malware,DDoS,HOIC
Wednesday-21-02-2018_447.pcap,tcp_949887,tcp,949887,HOIC,Malware,DDoS,HOIC
Wednesday-21-02-2018_447.pcap,tcp_950029,tcp,950029,HOIC,Malware,DDoS,HOIC
Wednesday-21-02-2018_447.pcap,tcp_947849,tcp,947849,HOIC,Malware,DDoS,HOIC
Wednesday-21-02-2018_447.pcap,tcp_947851,tcp,947851,HOIC,Malware,DDoS,HOIC
Wednesday-21-02-2018_447.pcap,tcp_950170,tcp,950170,HOIC,Malware,DDoS,HOIC
Wednesday-21-02-2018_447.pcap,tcp_947853,tcp,947853,HOIC,Malware,DDoS,HOIC
Wednesday-21-02-2018_447.pcap,tcp_948706,tcp,948706,HOIC,Malware,DDoS,HOIC
Wednesday-21-02-2018_447.pcap,tcp_949083,tcp,949083,HOIC,Malware,DDoS,HOIC
Wednesday-21-02-2018_447.pcap,tcp_949838,tcp,949838,HOIC,Malware,DDoS,HOIC
Wednesday-21-02-2018_447.pcap,tcp_949467,tcp,949467,HOIC,Malware,DDoS,HOIC
Wednesday-21-02-2018_447.pcap,tcp_948867,tcp,948867,HOIC,Malware,DDoS,HOIC
Wednesday-21-02-2018_447.pcap,tcp_950076,tcp,950076,HOIC,Malware,DDoS,HOIC
Wednesday-21-02-2018_447.pcap,tcp_947862,tcp,947862,HOIC,Malware,DDoS,HOIC
Wednesday-21-02-2018_447.pcap,tcp_947863,tcp,947863,HOIC,Malware,DDoS,HOIC
Wednesday-21-02-2018_447.pcap,tcp_947865,tcp,947865,HOIC,Malware,DDoS,HOIC
Wednesday-21-02-2018_447.pcap,tcp_947866,tcp,947866,HOIC,Malware,DDoS,HOIC
Wednesday-21-02-2018_447.pcap,tcp_947867,tcp,947867,HOIC,Malware,DDoS,HOIC
Wednesday-21-02-2018_447.pcap,tcp_947869,tcp,947869,HOIC,Malware,DDoS,HOIC
Wednesday-21-02-2018_447.pcap,tcp_950083,tcp,950083,HOIC,Malware,DDoS,HOIC
Wednesday-21-02-2018_447.pcap,tcp_950050,tcp,950050,HOIC,Malware,DDoS,HOIC
Wednesday-21-02-2018_447.pcap,tcp_948901,tcp,948901,HOIC,Malware,DDoS,HOIC
Wednesday-21-02-2018_447.pcap,tcp_947874,tcp,947874,HOIC,Malware,DDoS,HOIC
Wednesday-21-02-2018_447.pcap,tcp_948560,tcp,948560,HOIC,Malware,DDoS,HOIC
Wednesday-21-02-2018_447.pcap,tcp_949882,tcp,949882,HOIC,Malware,DDoS,HOIC
Wednesday-21-02-2018_447.pcap,tcp_947877,tcp,947877,HOIC,Malware,DDoS,HOIC
Wednesday-21-02-2018_447.pcap,tcp_949111,tcp,949111,HOIC,Malware,DDoS,HOIC
Wednesday-21-02-2018_447.pcap,tcp_947879,tcp,947879,HOIC,Malware,DDoS,HOIC
Wednesday-21-02-2018_447.pcap,tcp_949082,tcp,949082,HOIC,Malware,DDoS,HOIC
Wednesday-21-02-2018_447.pcap,tcp_949549,tcp,949549,HOIC,Malware,DDoS,HOIC
Wednesday-21-02-2018_447.pcap,tcp_949583,tcp,949583,HOIC,Malware,DDoS,HOIC
Wednesday-21-02-2018_447.pcap,tcp_947888,tcp,947888,HOIC,Malware,DDoS,HOIC
Wednesday-21-02-2018_447.pcap,tcp_949426,tcp,949426,HOIC,Malware,DDoS,HOIC
Wednesday-21-02-2018_447.pcap,tcp_947890,tcp,947890,HOIC,Malware,DDoS,HOIC
Wednesday-21-02-2018_447.pcap,tcp_947891,tcp,947891,HOIC,Malware,DDoS,HOIC
Wednesday-21-02-2018_447.pcap,tcp_947892,tcp,947892,HOIC,Malware,DDoS,HOIC
Wednesday-21-02-2018_447.pcap,tcp_949641,tcp,949641,HOIC,Malware,DDoS,HOIC
Wednesday-21-02-2018_447.pcap,tcp_949186,tcp,949186,HOIC,Malware,DDoS,HOIC
Wednesday-21-02-2018_447.pcap,tcp_948998,tcp,948998,HOIC,Malware,DDoS,HOIC
Wednesday-21-02-2018_447.pcap,tcp_947896,tcp,947896,HOIC,Malware,DDoS,HOIC
Wednesday-21-02-2018_447.pcap,tcp_948891,tcp,948891,HOIC,Malware,DDoS,HOIC
Wednesday-21-02-2018_447.pcap,tcp_948635,tcp,948635,HOIC,Malware,DDoS,HOIC
Wednesday-21-02-2018_447.pcap,tcp_948936,tcp,948936,HOIC,Malware,DDoS,HOIC
Wednesday-21-02-2018_447.pcap,tcp_950252,tcp,950252,HOIC,Malware,DDoS,HOIC
Wednesday-21-02-2018_447.pcap,tcp_947903,tcp,947903,HOIC,Malware,DDoS,HOIC
Wednesday-21-02-2018_447.pcap,tcp_948802,tcp,948802,HOIC,Malware,DDoS,HOIC
Wednesday-21-02-2018_447.pcap,tcp_948801,tcp,948801,HOIC,Malware,DDoS,HOIC
Wednesday-21-02-2018_447.pcap,tcp_949991,tcp,949991,HOIC,Malware,DDoS,HOIC
Wednesday-21-02-2018_447.pcap,tcp_947907,tcp,947907,HOIC,Malware,DDoS,HOIC
Wednesday-21-02-2018_447.pcap,tcp_949932,tcp,949932,HOIC,Malware,DDoS,HOIC
Wednesday-21-02-2018_447.pcap,tcp_948932,tcp,948932,HOIC,Malware,DDoS,HOIC
Wednesday-21-02-2018_447.pcap,tcp_949021,tcp,949021,HOIC,Malware,DDoS,HOIC
Wednesday-21-02-2018_447.pcap,tcp_949443,tcp,949443,HOIC,Malware,DDoS,HOIC
Wednesday-21-02-2018_447.pcap,tcp_947913,tcp,947913,HOIC,Malware,DDoS,HOIC
Wednesday-21-02-2018_447.pcap,tcp_947914,tcp,947914,HOIC,Malware,DDoS,HOIC
Wednesday-21-02-2018_447.pcap,tcp_948742,tcp,948742,HOIC,Malware,DDoS,HOIC
Wednesday-21-02-2018_447.pcap,tcp_949873,tcp,949873,HOIC,Malware,DDoS,HOIC
Wednesday-21-02-2018_447.pcap,tcp_947917,tcp,947917,HOIC,Malware,DDoS,HOIC
Wednesday-21-02-2018_447.pcap,tcp_950101,tcp,950101,HOIC,Malware,DDoS,HOIC
Wednesday-21-02-2018_447.pcap,tcp_948327,tcp,948327,HOIC,Malware,DDoS,HOIC
Wednesday-21-02-2018_447.pcap,tcp_949659,tcp,949659,HOIC,Malware,DDoS,HOIC
Wednesday-21-02-2018_447.pcap,tcp_949943,tcp,949943,HOIC,Malware,DDoS,HOIC
Wednesday-21-02-2018_447.pcap,tcp_949419,tcp,949419,HOIC,Malware,DDoS,HOIC
Wednesday-21-02-2018_447.pcap,tcp_949154,tcp,949154,HOIC,Malware,DDoS,HOIC
Wednesday-21-02-2018_447.pcap,tcp_949983,tcp,949983,HOIC,Malware,DDoS,HOIC
Wednesday-21-02-2018_447.pcap,tcp_948480,tcp,948480,HOIC,Malware,DDoS,HOIC
Wednesday-21-02-2018_447.pcap,tcp_948574,tcp,948574,HOIC,Malware,DDoS,HOIC
Wednesday-21-02-2018_447.pcap,tcp_947929,tcp,947929,HOIC,Malware,DDoS,HOIC
Wednesday-21-02-2018_447.pcap,tcp_950003,tcp,950003,HOIC,Malware,DDoS,HOIC
Wednesday-21-02-2018_447.pcap,tcp_947933,tcp,947933,HOIC,Malware,DDoS,HOIC
Wednesday-21-02-2018_447.pcap,tcp_948622,tcp,948622,HOIC,Malware,DDoS,HOIC
Wednesday-21-02-2018_447.pcap,tcp_949173,tcp,949173,HOIC,Malware,DDoS,HOIC
Wednesday-21-02-2018_447.pcap,tcp_948512,tcp,948512,HOIC,Malware,DDoS,HOIC
Wednesday-21-02-2018_447.pcap,tcp_947938,tcp,947938,HOIC,Malware,DDoS,HOIC
Wednesday-21-02-2018_447.pcap,tcp_950244,tcp,950244,HOIC,Malware,DDoS,HOIC
Wednesday-21-02-2018_447.pcap,tcp_949657,tcp,949657,HOIC,Malware,DDoS,HOIC
Wednesday-21-02-2018_447.pcap,tcp_947945,tcp,947945,HOIC,Malware,DDoS,HOIC
Wednesday-21-02-2018_447.pcap,tcp_948660,tcp,948660,HOIC,Malware,DDoS,HOIC
Wednesday-21-02-2018_447.pcap,tcp_949750,tcp,949750,HOIC,Malware,DDoS,HOIC
Wednesday-21-02-2018_447.pcap,tcp_949977,tcp,949977,HOIC,Malware,DDoS,HOIC
Wednesday-21-02-2018_447.pcap,tcp_948811,tcp,948811,HOIC,Malware,DDoS,HOIC
Wednesday-21-02-2018_447.pcap,tcp_949544,tcp,949544,HOIC,Malware,DDoS,HOIC
Wednesday-21-02-2018_447.pcap,tcp_947955,tcp,947955,HOIC,Malware,DDoS,HOIC
Wednesday-21-02-2018_447.pcap,tcp_948719,tcp,948719,HOIC,Malware,DDoS,HOIC
Wednesday-21-02-2018_447.pcap,tcp_949018,tcp,949018,HOIC,Malware,DDoS,HOIC
Wednesday-21-02-2018_447.pcap,tcp_947959,tcp,947959,HOIC,Malware,DDoS,HOIC
Wednesday-21-02-2018_447.pcap,tcp_948860,tcp,948860,HOIC,Malware,DDoS,HOIC
Wednesday-21-02-2018_447.pcap,tcp_948311,tcp,948311,HOIC,Malware,DDoS,HOIC
Wednesday-21-02-2018_447.pcap,tcp_949654,tcp,949654,HOIC,Malware,DDoS,HOIC
Wednesday-21-02-2018_447.pcap,tcp_947965,tcp,947965,HOIC,Malware,DDoS,HOIC
Wednesday-21-02-2018_447.pcap,tcp_947966,tcp,947966,HOIC,Malware,DDoS,HOIC
Wednesday-21-02-2018_447.pcap,tcp_950130,tcp,950130,HOIC,Malware,DDoS,HOIC
Wednesday-21-02-2018_447.pcap,tcp_947969,tcp,947969,HOIC,Malware,DDoS,HOIC
Wednesday-21-02-2018_447.pcap,tcp_948877,tcp,948877,HOIC,Malware,DDoS,HOIC
Wednesday-21-02-2018_447.pcap,tcp_947972,tcp,947972,HOIC,Malware,DDoS,HOIC
Wednesday-21-02-2018_447.pcap,tcp_947973,tcp,947973,HOIC,Malware,DDoS,HOIC
Wednesday-21-02-2018_447.pcap,tcp_949035,tcp,949035,HOIC,Malware,DDoS,HOIC
Wednesday-21-02-2018_447.pcap,tcp_949782,tcp,949782,HOIC,Malware,DDoS,HOIC
Wednesday-21-02-2018_447.pcap,tcp_948429,tcp,948429,HOIC,Malware,DDoS,HOIC
Wednesday-21-02-2018_447.pcap,tcp_948987,tcp,948987,HOIC,Malware,DDoS,HOIC
Wednesday-21-02-2018_447.pcap,tcp_947978,tcp,947978,HOIC,Malware,DDoS,HOIC
Wednesday-21-02-2018_447.pcap,tcp_947979,tcp,947979,HOIC,Malware,DDoS,HOIC
Wednesday-21-02-2018_447.pcap,tcp_949094,tcp,949094,HOIC,Malware,DDoS,HOIC
Wednesday-21-02-2018_447.pcap,tcp_950011,tcp,950011,HOIC,Malware,DDoS,HOIC
Wednesday-21-02-2018_447.pcap,tcp_947982,tcp,947982,HOIC,Malware,DDoS,HOIC
Wednesday-21-02-2018_447.pcap,tcp_950201,tcp,950201,HOIC,Malware,DDoS,HOIC
Wednesday-21-02-2018_447.pcap,tcp_949371,tcp,949371,HOIC,Malware,DDoS,HOIC
Wednesday-21-02-2018_447.pcap,tcp_947985,tcp,947985,HOIC,Malware,DDoS,HOIC
Wednesday-21-02-2018_447.pcap,tcp_947986,tcp,947986,HOIC,Malware,DDoS,HOIC
Wednesday-21-02-2018_447.pcap,tcp_947988,tcp,947988,HOIC,Malware,DDoS,HOIC
Wednesday-21-02-2018_447.pcap,tcp_947990,tcp,947990,HOIC,Malware,DDoS,HOIC
Wednesday-21-02-2018_447.pcap,tcp_949096,tcp,949096,HOIC,Malware,DDoS,HOIC
Wednesday-21-02-2018_447.pcap,tcp_947993,tcp,947993,HOIC,Malware,DDoS,HOIC
Wednesday-21-02-2018_447.pcap,tcp_949757,tcp,949757,HOIC,Malware,DDoS,HOIC
Wednesday-21-02-2018_447.pcap,tcp_947995,tcp,947995,HOIC,Malware,DDoS,HOIC
Wednesday-21-02-2018_447.pcap,tcp_947996,tcp,947996,HOIC,Malware,DDoS,HOIC
Wednesday-21-02-2018_447.pcap,tcp_949328,tcp,949328,HOIC,Malware,DDoS,HOIC
Wednesday-21-02-2018_447.pcap,tcp_947999,tcp,947999,HOIC,Malware,DDoS,HOIC
Wednesday-21-02-2018_447.pcap,tcp_949444,tcp,949444,HOIC,Malware,DDoS,HOIC
Wednesday-21-02-2018_447.pcap,tcp_948002,tcp,948002,HOIC,Malware,DDoS,HOIC
Wednesday-21-02-2018_447.pcap,tcp_948003,tcp,948003,HOIC,Malware,DDoS,HOIC
Wednesday-21-02-2018_447.pcap,tcp_948005,tcp,948005,HOIC,Malware,DDoS,HOIC
Wednesday-21-02-2018_447.pcap,tcp_948378,tcp,948378,HOIC,Malware,DDoS,HOIC
Wednesday-21-02-2018_447.pcap,tcp_948007,tcp,948007,HOIC,Malware,DDoS,HOIC
Wednesday-21-02-2018_447.pcap,tcp_948322,tcp,948322,HOIC,Malware,DDoS,HOIC
Wednesday-21-02-2018_447.pcap,tcp_948009,tcp,948009,HOIC,Malware,DDoS,HOIC
Wednesday-21-02-2018_447.pcap,tcp_948584,tcp,948584,HOIC,Malware,DDoS,HOIC
Wednesday-21-02-2018_447.pcap,tcp_948012,tcp,948012,HOIC,Malware,DDoS,HOIC
Wednesday-21-02-2018_447.pcap,tcp_948493,tcp,948493,HOIC,Malware,DDoS,HOIC
Wednesday-21-02-2018_447.pcap,tcp_948014,tcp,948014,HOIC,Malware,DDoS,HOIC
Wednesday-21-02-2018_447.pcap,tcp_949729,tcp,949729,HOIC,Malware,DDoS,HOIC
Wednesday-21-02-2018_447.pcap,tcp_949845,tcp,949845,HOIC,Malware,DDoS,HOIC
Wednesday-21-02-2018_447.pcap,tcp_949634,tcp,949634,HOIC,Malware,DDoS,HOIC
Wednesday-21-02-2018_447.pcap,tcp_948019,tcp,948019,HOIC,Malware,DDoS,HOIC
Wednesday-21-02-2018_447.pcap,tcp_949715,tcp,949715,HOIC,Malware,DDoS,HOIC
Wednesday-21-02-2018_447.pcap,tcp_948991,tcp,948991,HOIC,Malware,DDoS,HOIC
Wednesday-21-02-2018_447.pcap,tcp_950127,tcp,950127,HOIC,Malware,DDoS,HOIC
Wednesday-21-02-2018_447.pcap,tcp_948023,tcp,948023,HOIC,Malware,DDoS,HOIC
Wednesday-21-02-2018_447.pcap,tcp_948025,tcp,948025,HOIC,Malware,DDoS,HOIC
Wednesday-21-02-2018_447.pcap,tcp_949429,tcp,949429,HOIC,Malware,DDoS,HOIC
Wednesday-21-02-2018_447.pcap,tcp_949936,tcp,949936,HOIC,Malware,DDoS,HOIC
Wednesday-21-02-2018_447.pcap,tcp_950033,tcp,950033,HOIC,Malware,DDoS,HOIC
Wednesday-21-02-2018_447.pcap,tcp_948029,tcp,948029,HOIC,Malware,DDoS,HOIC
Wednesday-21-02-2018_447.pcap,tcp_948333,tcp,948333,HOIC,Malware,DDoS,HOIC
Wednesday-21-02-2018_447.pcap,tcp_948031,tcp,948031,HOIC,Malware,DDoS,HOIC
Wednesday-21-02-2018_447.pcap,tcp_949084,tcp,949084,HOIC,Malware,DDoS,HOIC
Wednesday-21-02-2018_447.pcap,tcp_948381,tcp,948381,HOIC,Malware,DDoS,HOIC
Wednesday-21-02-2018_447.pcap,tcp_948035,tcp,948035,HOIC,Malware,DDoS,HOIC
Wednesday-21-02-2018_447.pcap,tcp_948911,tcp,948911,HOIC,Malware,DDoS,HOIC
Wednesday-21-02-2018_447.pcap,tcp_949288,tcp,949288,HOIC,Malware,DDoS,HOIC
Wednesday-21-02-2018_447.pcap,tcp_948040,tcp,948040,HOIC,Malware,DDoS,HOIC
Wednesday-21-02-2018_447.pcap,tcp_948041,tcp,948041,HOIC,Malware,DDoS,HOIC
Wednesday-21-02-2018_447.pcap,tcp_949382,tcp,949382,HOIC,Malware,DDoS,HOIC
Wednesday-21-02-2018_447.pcap,tcp_950140,tcp,950140,HOIC,Malware,DDoS,HOIC
Wednesday-21-02-2018_447.pcap,tcp_948044,tcp,948044,HOIC,Malware,DDoS,HOIC
Wednesday-21-02-2018_447.pcap,tcp_948983,tcp,948983,HOIC,Malware,DDoS,HOIC
Wednesday-21-02-2018_447.pcap,tcp_948046,tcp,948046,HOIC,Malware,DDoS,HOIC
Wednesday-21-02-2018_447.pcap,tcp_949808,tcp,949808,HOIC,Malware,DDoS,HOIC
Wednesday-21-02-2018_447.pcap,tcp_948518,tcp,948518,HOIC,Malware,DDoS,HOIC
Wednesday-21-02-2018_447.pcap,tcp_950262,tcp,950262,HOIC,Malware,DDoS,HOIC
Wednesday-21-02-2018_447.pcap,tcp_949315,tcp,949315,HOIC,Malware,DDoS,HOIC
Wednesday-21-02-2018_447.pcap,tcp_950205,tcp,950205,HOIC,Malware,DDoS,HOIC
Wednesday-21-02-2018_447.pcap,tcp_948994,tcp,948994,HOIC,Malware,DDoS,HOIC
Wednesday-21-02-2018_447.pcap,tcp_949769,tcp,949769,HOIC,Malware,DDoS,HOIC
Wednesday-21-02-2018_447.pcap,tcp_949719,tcp,949719,HOIC,Malware,DDoS,HOIC
Wednesday-21-02-2018_447.pcap,tcp_948057,tcp,948057,HOIC,Malware,DDoS,HOIC
Wednesday-21-02-2018_447.pcap,tcp_949398,tcp,949398,HOIC,Malware,DDoS,HOIC
Wednesday-21-02-2018_447.pcap,tcp_949002,tcp,949002,HOIC,Malware,DDoS,HOIC
Wednesday-21-02-2018_447.pcap,tcp_949070,tcp,949070,HOIC,Malware,DDoS,HOIC
Wednesday-21-02-2018_447.pcap,tcp_948062,tcp,948062,HOIC,Malware,DDoS,HOIC
Wednesday-21-02-2018_447.pcap,tcp_950220,tcp,950220,HOIC,Malware,DDoS,HOIC
Wednesday-21-02-2018_447.pcap,tcp_948467,tcp,948467,HOIC,Malware,DDoS,HOIC
Wednesday-21-02-2018_447.pcap,tcp_948364,tcp,948364,HOIC,Malware,DDoS,HOIC
Wednesday-21-02-2018_447.pcap,tcp_949997,tcp,949997,HOIC,Malware,DDoS,HOIC
Wednesday-21-02-2018_447.pcap,tcp_948070,tcp,948070,HOIC,Malware,DDoS,HOIC
Wednesday-21-02-2018_447.pcap,tcp_949194,tcp,949194,HOIC,Malware,DDoS,HOIC
Wednesday-21-02-2018_447.pcap,tcp_948073,tcp,948073,HOIC,Malware,DDoS,HOIC
Wednesday-21-02-2018_447.pcap,tcp_948654,tcp,948654,HOIC,Malware,DDoS,HOIC
Wednesday-21-02-2018_447.pcap,tcp_948076,tcp,948076,HOIC,Malware,DDoS,HOIC
Wednesday-21-02-2018_447.pcap,tcp_950154,tcp,950154,HOIC,Malware,DDoS,HOIC
Wednesday-21-02-2018_447.pcap,tcp_949610,tcp,949610,HOIC,Malware,DDoS,HOIC
Wednesday-21-02-2018_447.pcap,tcp_948413,tcp,948413,HOIC,Malware,DDoS,HOIC
Wednesday-21-02-2018_447.pcap,tcp_949404,tcp,949404,HOIC,Malware,DDoS,HOIC
Wednesday-21-02-2018_447.pcap,tcp_948509,tcp,948509,HOIC,Malware,DDoS,HOIC
Wednesday-21-02-2018_447.pcap,tcp_950035,tcp,950035,HOIC,Malware,DDoS,HOIC
Wednesday-21-02-2018_447.pcap,tcp_948084,tcp,948084,HOIC,Malware,DDoS,HOIC
Wednesday-21-02-2018_447.pcap,tcp_948494,tcp,948494,HOIC,Malware,DDoS,HOIC
Wednesday-21-02-2018_447.pcap,tcp_949971,tcp,949971,HOIC,Malware,DDoS,HOIC
Wednesday-21-02-2018_447.pcap,tcp_949741,tcp,949741,HOIC,Malware,DDoS,HOIC
Wednesday-21-02-2018_447.pcap,tcp_950193,tcp,950193,HOIC,Malware,DDoS,HOIC
Wednesday-21-02-2018_447.pcap,tcp_948840,tcp,948840,HOIC,Malware,DDoS,HOIC
Wednesday-21-02-2018_447.pcap,tcp_950017,tcp,950017,HOIC,Malware,DDoS,HOIC
Wednesday-21-02-2018_447.pcap,tcp_948093,tcp,948093,HOIC,Malware,DDoS,HOIC
Wednesday-21-02-2018_447.pcap,tcp_948095,tcp,948095,HOIC,Malware,DDoS,HOIC
Wednesday-21-02-2018_447.pcap,tcp_949115,tcp,949115,HOIC,Malware,DDoS,HOIC
Wednesday-21-02-2018_447.pcap,tcp_948097,tcp,948097,HOIC,Malware,DDoS,HOIC
Wednesday-21-02-2018_447.pcap,tcp_948098,tcp,948098,HOIC,Malware,DDoS,HOIC
Wednesday-21-02-2018_447.pcap,tcp_948099,tcp,948099,HOIC,Malware,DDoS,HOIC
Wednesday-21-02-2018_447.pcap,tcp_948594,tcp,948594,HOIC,Malware,DDoS,HOIC
Wednesday-21-02-2018_447.pcap,tcp_948599,tcp,948599,HOIC,Malware,DDoS,HOIC
Wednesday-21-02-2018_447.pcap,tcp_948744,tcp,948744,HOIC,Malware,DDoS,HOIC
Wednesday-21-02-2018_447.pcap,tcp_949725,tcp,949725,HOIC,Malware,DDoS,HOIC
Wednesday-21-02-2018_447.pcap,tcp_948105,tcp,948105,HOIC,Malware,DDoS,HOIC
Wednesday-21-02-2018_447.pcap,tcp_948106,tcp,948106,HOIC,Malware,DDoS,HOIC
Wednesday-21-02-2018_447.pcap,tcp_948107,tcp,948107,HOIC,Malware,DDoS,HOIC
Wednesday-21-02-2018_447.pcap,tcp_949261,tcp,949261,HOIC,Malware,DDoS,HOIC
Wednesday-21-02-2018_447.pcap,tcp_950133,tcp,950133,HOIC,Malware,DDoS,HOIC
Wednesday-21-02-2018_447.pcap,tcp_949609,tcp,949609,HOIC,Malware,DDoS,HOIC
Wednesday-21-02-2018_447.pcap,tcp_949693,tcp,949693,HOIC,Malware,DDoS,HOIC
Wednesday-21-02-2018_447.pcap,tcp_949640,tcp,949640,HOIC,Malware,DDoS,HOIC
Wednesday-21-02-2018_447.pcap,tcp_948115,tcp,948115,HOIC,Malware,DDoS,HOIC
Wednesday-21-02-2018_447.pcap,tcp_949120,tcp,949120,HOIC,Malware,DDoS,HOIC
Wednesday-21-02-2018_447.pcap,tcp_948119,tcp,948119,HOIC,Malware,DDoS,HOIC
Wednesday-21-02-2018_447.pcap,tcp_949776,tcp,949776,HOIC,Malware,DDoS,HOIC
Wednesday-21-02-2018_447.pcap,tcp_949131,tcp,949131,HOIC,Malware,DDoS,HOIC
Wednesday-21-02-2018_447.pcap,tcp_949960,tcp,949960,HOIC,Malware,DDoS,HOIC
Wednesday-21-02-2018_447.pcap,tcp_948125,tcp,948125,HOIC,Malware,DDoS,HOIC
Wednesday-21-02-2018_447.pcap,tcp_948126,tcp,948126,HOIC,Malware,DDoS,HOIC
Wednesday-21-02-2018_447.pcap,tcp_949532,tcp,949532,HOIC,Malware,DDoS,HOIC
Wednesday-21-02-2018_447.pcap,tcp_948129,tcp,948129,HOIC,Malware,DDoS,HOIC
Wednesday-21-02-2018_447.pcap,tcp_948943,tcp,948943,HOIC,Malware,DDoS,HOIC
Wednesday-21-02-2018_447.pcap,tcp_949353,tcp,949353,HOIC,Malware,DDoS,HOIC
Wednesday-21-02-2018_447.pcap,tcp_948135,tcp,948135,HOIC,Malware,DDoS,HOIC
Wednesday-21-02-2018_447.pcap,tcp_949390,tcp,949390,HOIC,Malware,DDoS,HOIC
Wednesday-21-02-2018_447.pcap,tcp_948139,tcp,948139,HOIC,Malware,DDoS,HOIC
Wednesday-21-02-2018_447.pcap,tcp_948140,tcp,948140,HOIC,Malware,DDoS,HOIC
Wednesday-21-02-2018_447.pcap,tcp_948141,tcp,948141,HOIC,Malware,DDoS,HOIC
Wednesday-21-02-2018_447.pcap,tcp_948143,tcp,948143,HOIC,Malware,DDoS,HOIC
Wednesday-21-02-2018_447.pcap,tcp_948747,tcp,948747,HOIC,Malware,DDoS,HOIC
Wednesday-21-02-2018_447.pcap,tcp_949040,tcp,949040,HOIC,Malware,DDoS,HOIC
Wednesday-21-02-2018_447.pcap,tcp_948146,tcp,948146,HOIC,Malware,DDoS,HOIC
Wednesday-21-02-2018_447.pcap,tcp_949151,tcp,949151,HOIC,Malware,DDoS,HOIC
Wednesday-21-02-2018_447.pcap,tcp_948148,tcp,948148,HOIC,Malware,DDoS,HOIC
Wednesday-21-02-2018_447.pcap,tcp_950153,tcp,950153,HOIC,Malware,DDoS,HOIC
Wednesday-21-02-2018_447.pcap,tcp_949265,tcp,949265,HOIC,Malware,DDoS,HOIC
Wednesday-21-02-2018_447.pcap,tcp_949373,tcp,949373,HOIC,Malware,DDoS,HOIC
Wednesday-21-02-2018_447.pcap,tcp_949698,tcp,949698,HOIC,Malware,DDoS,HOIC
Wednesday-21-02-2018_447.pcap,tcp_948153,tcp,948153,HOIC,Malware,DDoS,HOIC
Wednesday-21-02-2018_447.pcap,tcp_949679,tcp,949679,HOIC,Malware,DDoS,HOIC
Wednesday-21-02-2018_447.pcap,tcp_949450,tcp,949450,HOIC,Malware,DDoS,HOIC
Wednesday-21-02-2018_447.pcap,tcp_949861,tcp,949861,HOIC,Malware,DDoS,HOIC
Wednesday-21-02-2018_447.pcap,tcp_948157,tcp,948157,HOIC,Malware,DDoS,HOIC
Wednesday-21-02-2018_447.pcap,tcp_948158,tcp,948158,HOIC,Malware,DDoS,HOIC
Wednesday-21-02-2018_447.pcap,tcp_948427,tcp,948427,HOIC,Malware,DDoS,HOIC
Wednesday-21-02-2018_447.pcap,tcp_949078,tcp,949078,HOIC,Malware,DDoS,HOIC
Wednesday-21-02-2018_447.pcap,tcp_948162,tcp,948162,HOIC,Malware,DDoS,HOIC
Wednesday-21-02-2018_447.pcap,tcp_950260,tcp,950260,HOIC,Malware,DDoS,HOIC
Wednesday-21-02-2018_447.pcap,tcp_948164,tcp,948164,HOIC,Malware,DDoS,HOIC
Wednesday-21-02-2018_447.pcap,tcp_949822,tcp,949822,HOIC,Malware,DDoS,HOIC
Wednesday-21-02-2018_447.pcap,tcp_948922,tcp,948922,HOIC,Malware,DDoS,HOIC
Wednesday-21-02-2018_447.pcap,tcp_949106,tcp,949106,HOIC,Malware,DDoS,HOIC
Wednesday-21-02-2018_447.pcap,tcp_949195,tcp,949195,HOIC,Malware,DDoS,HOIC
Wednesday-21-02-2018_447.pcap,tcp_950072,tcp,950072,HOIC,Malware,DDoS,HOIC
Wednesday-21-02-2018_447.pcap,tcp_948803,tcp,948803,HOIC,Malware,DDoS,HOIC
Wednesday-21-02-2018_447.pcap,tcp_948345,tcp,948345,HOIC,Malware,DDoS,HOIC
Wednesday-21-02-2018_447.pcap,tcp_949820,tcp,949820,HOIC,Malware,DDoS,HOIC
Wednesday-21-02-2018_447.pcap,tcp_949821,tcp,949821,HOIC,Malware,DDoS,HOIC
Wednesday-21-02-2018_447.pcap,tcp_949661,tcp,949661,HOIC,Malware,DDoS,HOIC
Wednesday-21-02-2018_447.pcap,tcp_948180,tcp,948180,HOIC,Malware,DDoS,HOIC
Wednesday-21-02-2018_447.pcap,tcp_949826,tcp,949826,HOIC,Malware,DDoS,HOIC
Wednesday-21-02-2018_447.pcap,tcp_949376,tcp,949376,HOIC,Malware,DDoS,HOIC
Wednesday-21-02-2018_447.pcap,tcp_948183,tcp,948183,HOIC,Malware,DDoS,HOIC
Wednesday-21-02-2018_447.pcap,tcp_949625,tcp,949625,HOIC,Malware,DDoS,HOIC
Wednesday-21-02-2018_447.pcap,tcp_948185,tcp,948185,HOIC,Malware,DDoS,HOIC
Wednesday-21-02-2018_447.pcap,tcp_949672,tcp,949672,HOIC,Malware,DDoS,HOIC
Wednesday-21-02-2018_447.pcap,tcp_948187,tcp,948187,HOIC,Malware,DDoS,HOIC
Wednesday-21-02-2018_447.pcap,tcp_949686,tcp,949686,HOIC,Malware,DDoS,HOIC
Wednesday-21-02-2018_447.pcap,tcp_948853,tcp,948853,HOIC,Malware,DDoS,HOIC
Wednesday-21-02-2018_447.pcap,tcp_948315,tcp,948315,HOIC,Malware,DDoS,HOIC
Wednesday-21-02-2018_447.pcap,tcp_949880,tcp,949880,HOIC,Malware,DDoS,HOIC
Wednesday-21-02-2018_447.pcap,tcp_949188,tcp,949188,HOIC,Malware,DDoS,HOIC
Wednesday-21-02-2018_447.pcap,tcp_948195,tcp,948195,HOIC,Malware,DDoS,HOIC
Wednesday-21-02-2018_447.pcap,tcp_948197,tcp,948197,HOIC,Malware,DDoS,HOIC
Wednesday-21-02-2018_447.pcap,tcp_949199,tcp,949199,HOIC,Malware,DDoS,HOIC
Wednesday-21-02-2018_447.pcap,tcp_948667,tcp,948667,HOIC,Malware,DDoS,HOIC
Wednesday-21-02-2018_447.pcap,tcp_949425,tcp,949425,HOIC,Malware,DDoS,HOIC
Wednesday-21-02-2018_447.pcap,tcp_948391,tcp,948391,HOIC,Malware,DDoS,HOIC
Wednesday-21-02-2018_447.pcap,tcp_948916,tcp,948916,HOIC,Malware,DDoS,HOIC
Wednesday-21-02-2018_447.pcap,tcp_948203,tcp,948203,HOIC,Malware,DDoS,HOIC
Wednesday-21-02-2018_447.pcap,tcp_949468,tcp,949468,HOIC,Malware,DDoS,HOIC
Wednesday-21-02-2018_447.pcap,tcp_949525,tcp,949525,HOIC,Malware,DDoS,HOIC
Wednesday-21-02-2018_447.pcap,tcp_948206,tcp,948206,HOIC,Malware,DDoS,HOIC
Wednesday-21-02-2018_447.pcap,tcp_948207,tcp,948207,HOIC,Malware,DDoS,HOIC
Wednesday-21-02-2018_447.pcap,tcp_948209,tcp,948209,HOIC,Malware,DDoS,HOIC
Wednesday-21-02-2018_447.pcap,tcp_949276,tcp,949276,HOIC,Malware,DDoS,HOIC
Wednesday-21-02-2018_447.pcap,tcp_948211,tcp,948211,HOIC,Malware,DDoS,HOIC
Wednesday-21-02-2018_447.pcap,tcp_948741,tcp,948741,HOIC,Malware,DDoS,HOIC
Wednesday-21-02-2018_447.pcap,tcp_950078,tcp,950078,HOIC,Malware,DDoS,HOIC
Wednesday-21-02-2018_447.pcap,tcp_948650,tcp,948650,HOIC,Malware,DDoS,HOIC
Wednesday-21-02-2018_447.pcap,tcp_948778,tcp,948778,HOIC,Malware,DDoS,HOIC
Wednesday-21-02-2018_447.pcap,tcp_949628,tcp,949628,HOIC,Malware,DDoS,HOIC
Wednesday-21-02-2018_447.pcap,tcp_948595,tcp,948595,HOIC,Malware,DDoS,HOIC
Wednesday-21-02-2018_447.pcap,tcp_948221,tcp,948221,HOIC,Malware,DDoS,HOIC
Wednesday-21-02-2018_447.pcap,tcp_949724,tcp,949724,HOIC,Malware,DDoS,HOIC
Wednesday-21-02-2018_447.pcap,tcp_949311,tcp,949311,HOIC,Malware,DDoS,HOIC
Wednesday-21-02-2018_447.pcap,tcp_948225,tcp,948225,HOIC,Malware,DDoS,HOIC
Wednesday-21-02-2018_447.pcap,tcp_948226,tcp,948226,HOIC,Malware,DDoS,HOIC
Wednesday-21-02-2018_447.pcap,tcp_949464,tcp,949464,HOIC,Malware,DDoS,HOIC
Wednesday-21-02-2018_447.pcap,tcp_948733,tcp,948733,HOIC,Malware,DDoS,HOIC
Wednesday-21-02-2018_447.pcap,tcp_949922,tcp,949922,HOIC,Malware,DDoS,HOIC
Wednesday-21-02-2018_447.pcap,tcp_948231,tcp,948231,HOIC,Malware,DDoS,HOIC
Wednesday-21-02-2018_447.pcap,tcp_948232,tcp,948232,HOIC,Malware,DDoS,HOIC
Wednesday-21-02-2018_447.pcap,tcp_948233,tcp,948233,HOIC,Malware,DDoS,HOIC
Wednesday-21-02-2018_447.pcap,tcp_948235,tcp,948235,HOIC,Malware,DDoS,HOIC
Wednesday-21-02-2018_447.pcap,tcp_949536,tcp,949536,HOIC,Malware,DDoS,HOIC
Wednesday-21-02-2018_447.pcap,tcp_948237,tcp,948237,HOIC,Malware,DDoS,HOIC
Wednesday-21-02-2018_447.pcap,tcp_948401,tcp,948401,HOIC,Malware,DDoS,HOIC
Wednesday-21-02-2018_447.pcap,tcp_949300,tcp,949300,HOIC,Malware,DDoS,HOIC
Wednesday-21-02-2018_447.pcap,tcp_948444,tcp,948444,HOIC,Malware,DDoS,HOIC
Wednesday-21-02-2018_447.pcap,tcp_948242,tcp,948242,HOIC,Malware,DDoS,HOIC
Wednesday-21-02-2018_447.pcap,tcp_949321,tcp,949321,HOIC,Malware,DDoS,HOIC
Wednesday-21-02-2018_447.pcap,tcp_948244,tcp,948244,HOIC,Malware,DDoS,HOIC
Wednesday-21-02-2018_447.pcap,tcp_948246,tcp,948246,HOIC,Malware,DDoS,HOIC
Wednesday-21-02-2018_447.pcap,tcp_948247,tcp,948247,HOIC,Malware,DDoS,HOIC
Wednesday-21-02-2018_447.pcap,tcp_950211,tcp,950211,HOIC,Malware,DDoS,HOIC
Wednesday-21-02-2018_447.pcap,tcp_949735,tcp,949735,HOIC,Malware,DDoS,HOIC
Wednesday-21-02-2018_447.pcap,tcp_948250,tcp,948250,HOIC,Malware,DDoS,HOIC
Wednesday-21-02-2018_447.pcap,tcp_950254,tcp,950254,HOIC,Malware,DDoS,HOIC
Wednesday-21-02-2018_447.pcap,tcp_948252,tcp,948252,HOIC,Malware,DDoS,HOIC
Wednesday-21-02-2018_447.pcap,tcp_950264,tcp,950264,HOIC,Malware,DDoS,HOIC
Wednesday-21-02-2018_447.pcap,tcp_949778,tcp,949778,HOIC,Malware,DDoS,HOIC
Wednesday-21-02-2018_447.pcap,tcp_948514,tcp,948514,HOIC,Malware,DDoS,HOIC
Wednesday-21-02-2018_447.pcap,tcp_949270,tcp,949270,HOIC,Malware,DDoS,HOIC
Wednesday-21-02-2018_447.pcap,tcp_948258,tcp,948258,HOIC,Malware,DDoS,HOIC
Wednesday-21-02-2018_447.pcap,tcp_949760,tcp,949760,HOIC,Malware,DDoS,HOIC
Wednesday-21-02-2018_447.pcap,tcp_950175,tcp,950175,HOIC,Malware,DDoS,HOIC
Wednesday-21-02-2018_447.pcap,tcp_948302,tcp,948302,HOIC,Malware,DDoS,HOIC
Wednesday-21-02-2018_447.pcap,tcp_949979,tcp,949979,HOIC,Malware,DDoS,HOIC
Wednesday-21-02-2018_447.pcap,tcp_949711,tcp,949711,HOIC,Malware,DDoS,HOIC
Wednesday-21-02-2018_447.pcap,tcp_948454,tcp,948454,HOIC,Malware,DDoS,HOIC
Wednesday-21-02-2018_447.pcap,tcp_949663,tcp,949663,HOIC,Malware,DDoS,HOIC
Wednesday-21-02-2018_447.pcap,tcp_950195,tcp,950195,HOIC,Malware,DDoS,HOIC
Wednesday-21-02-2018_447.pcap,tcp_948760,tcp,948760,HOIC,Malware,DDoS,HOIC
Wednesday-21-02-2018_447.pcap,tcp_949806,tcp,949806,HOIC,Malware,DDoS,HOIC
Wednesday-21-02-2018_447.pcap,tcp_950155,tcp,950155,HOIC,Malware,DDoS,HOIC
Wednesday-21-02-2018_447.pcap,tcp_948270,tcp,948270,HOIC,Malware,DDoS,HOIC
Wednesday-21-02-2018_447.pcap,tcp_949740,tcp,949740,HOIC,Malware,DDoS,HOIC
Wednesday-21-02-2018_447.pcap,tcp_949697,tcp,949697,HOIC,Malware,DDoS,HOIC
Wednesday-21-02-2018_447.pcap,tcp_948367,tcp,948367,HOIC,Malware,DDoS,HOIC
Wednesday-21-02-2018_447.pcap,tcp_948658,tcp,948658,HOIC,Malware,DDoS,HOIC
Wednesday-21-02-2018_447.pcap,tcp_948452,tcp,948452,HOIC,Malware,DDoS,HOIC
Wednesday-21-02-2018_447.pcap,tcp_948766,tcp,948766,HOIC,Malware,DDoS,HOIC
Wednesday-21-02-2018_447.pcap,tcp_948410,tcp,948410,HOIC,Malware,DDoS,HOIC
Wednesday-21-02-2018_447.pcap,tcp_948281,tcp,948281,HOIC,Malware,DDoS,HOIC
Wednesday-21-02-2018_447.pcap,tcp_949935,tcp,949935,HOIC,Malware,DDoS,HOIC
Wednesday-21-02-2018_447.pcap,tcp_948283,tcp,948283,HOIC,Malware,DDoS,HOIC
Wednesday-21-02-2018_447.pcap,tcp_948284,tcp,948284,HOIC,Malware,DDoS,HOIC
Wednesday-21-02-2018_447.pcap,tcp_948285,tcp,948285,HOIC,Malware,DDoS,HOIC
Wednesday-21-02-2018_447.pcap,tcp_948287,tcp,948287,HOIC,Malware,DDoS,HOIC
Wednesday-21-02-2018_447.pcap,tcp_948288,tcp,948288,HOIC,Malware,DDoS,HOIC
Wednesday-21-02-2018_447.pcap,tcp_948289,tcp,948289,HOIC,Malware,DDoS,HOIC
Wednesday-21-02-2018_447.pcap,tcp_949500,tcp,949500,HOIC,Malware,DDoS,HOIC
Wednesday-21-02-2018_447.pcap,tcp_948597,tcp,948597,HOIC,Malware,DDoS,HOIC
Wednesday-21-02-2018_447.pcap,tcp_949122,tcp,949122,HOIC,Malware,DDoS,HOIC
Wednesday-21-02-2018_447.pcap,tcp_949758,tcp,949758,HOIC,Malware,DDoS,HOIC
Wednesday-21-02-2018_447.pcap,tcp_948294,tcp,948294,HOIC,Malware,DDoS,HOIC
Wednesday-21-02-2018_447.pcap,tcp_948497,tcp,948497,HOIC,Malware,DDoS,HOIC
Wednesday-21-02-2018_447.pcap,tcp_949627,tcp,949627,HOIC,Malware,DDoS,HOIC
Wednesday-21-02-2018_447.pcap,tcp_948297,tcp,948297,HOIC,Malware,DDoS,HOIC
Wednesday-21-02-2018_447.pcap,tcp_949682,tcp,949682,HOIC,Malware,DDoS,HOIC
Wednesday-21-02-2018_447.pcap,tcp_948827,tcp,948827,HOIC,Malware,DDoS,HOIC
