filename,session_id,proto,stream,group_key,task1,task2,task3
Thursday-01-03-2018_354.pcap,tcp_4518,tcp,4518,Benign,Benign,Benign,Benign
Wednesday-21-02-2018_179.pcap,udp_787,udp,787,Benign,Benign,Benign,Benign
Wednesday-28-02-2018_94.pcap,tcp_2631,tcp,2631,Benign,Benign,Benign,Benign
Friday-16-02-2018_304.pcap,tcp_1129,tcp,1129,Benign,Benign,Benign,Benign
Thursday-15-02-2018_157.pcap,udp_4278,udp,4278,Benign,Benign,Benign,Benign
Wednesday-14-02-2018_156.pcap,tcp_872,tcp,872,Benign,Benign,Benign,Benign
Wednesday-21-02-2018_277.pcap,tcp_23,tcp,23,Benign,Benign,Benign,Benign
Wednesday-21-02-2018_217.pcap,tcp_2532,tcp,2532,Benign,Benign,Benign,Benign
Thursday-15-02-2018_136.pcap,tcp_6350,tcp,6350,Benign,Benign,Benign,Benign
Friday-16-02-2018_102.pcap,udp_3745,udp,3745,Benign,Benign,Benign,Benign
Wednesday-14-02-2018_144.pcap,udp_3075,udp,3075,Benign,Benign,Benign,Benign
Friday-23-02-2018_311.pcap,udp_5240,udp,5240,Benign,Benign,Benign,Benign
Friday-23-02-2018_302.pcap,tcp_1116,tcp,1116,Benign,Benign,Benign,Benign
Wednesday-21-02-2018_308.pcap,udp_3258,udp,3258,Benign,Benign,Benign,Benign
Friday-02-03-2018_65.pcap,tcp_10624,tcp,10624,Benign,Benign,Benign,Benign
Friday-02-03-2018_74.pcap,tcp_809,tcp,809,Benign,Benign,Benign,Benign
Wednesday-21-02-2018_128.pcap,tcp_9,tcp,9,Benign,Benign,Benign,Benign
Friday-02-03-2018_75.pcap,tcp_9405,tcp,9405,Benign,Benign,Benign,Benign
Wednesday-21-02-2018_313.pcap,tcp_1699,tcp,1699,Benign,Benign,Benign,Benign
Wednesday-21-02-2018_300.pcap,tcp_4515,tcp,4515,Benign,Benign,Benign,Benign
Thursday-01-03-2018_415.pcap,tcp_2804,tcp,2804,Benign,Benign,Benign,Benign
Thursday-01-03-2018_356.pcap,tcp_1362,tcp,1362,Benign,Benign,Benign,Benign
Friday-23-02-2018_206.pcap,udp_4647,udp,4647,Benign,Benign,Benign,Benign
Wednesday-21-02-2018_285.pcap,tcp_3986,tcp,3986,Benign,Benign,Benign,Benign
Friday-23-02-2018_28.pcap,tcp_3778,tcp,3778,Benign,Benign,Benign,Benign
Friday-23-02-2018_228.pcap,tcp_6807,tcp,6807,Benign,Benign,Benign,Benign
Wednesday-21-02-2018_146.pcap,tcp_4828,tcp,4828,Benign,Benign,Benign,Benign
Wednesday-21-02-2018_214.pcap,udp_1888,udp,1888,Benign,Benign,Benign,Benign
Thursday-15-02-2018_122.pcap,tcp_979,tcp,979,Benign,Benign,Benign,Benign
Friday-16-02-2018_268.pcap,udp_5398,udp,5398,Benign,Benign,Benign,Benign
Thursday-15-02-2018_123.pcap,udp_1204,udp,1204,Benign,Benign,Benign,Benign
Wednesday-21-02-2018_254.pcap,tcp_5047,tcp,5047,Benign,Benign,Benign,Benign
Wednesday-14-02-2018_149.pcap,udp_1754,udp,1754,Benign,Benign,Benign,Benign
Wednesday-14-02-2018_94.pcap,udp_1454,udp,1454,Benign,Benign,Benign,Benign
Wednesday-21-02-2018_296.pcap,udp_3560,udp,3560,Benign,Benign,Benign,Benign
Thursday-22-02-2018_117.pcap,udp_1746,udp,1746,Benign,Benign,Benign,Benign
Thursday-01-03-2018_435.pcap,tcp_13948,tcp,13948,Benign,Benign,Benign,Benign
Thursday-15-02-2018_126.pcap,tcp_1429,tcp,1429,Benign,Benign,Benign,Benign
Thursday-01-03-2018_396.pcap,tcp_3073,tcp,3073,Benign,Benign,Benign,Benign
Friday-02-03-2018_59.pcap,udp_5284,udp,5284,Benign,Benign,Benign,Benign
Wednesday-21-02-2018_320.pcap,tcp_7216,tcp,7216,Benign,Benign,Benign,Benign
Wednesday-21-02-2018_192.pcap,tcp_4045,tcp,4045,Benign,Benign,Benign,Benign
Thursday-01-03-2018_365.pcap,udp_524,udp,524,Benign,Benign,Benign,Benign
Wednesday-21-02-2018_160.pcap,tcp_5597,tcp,5597,Benign,Benign,Benign,Benign
Thursday-22-02-2018_141.pcap,tcp_4335,tcp,4335,Benign,Benign,Benign,Benign
Friday-16-02-2018_10.pcap,tcp_288,tcp,288,Benign,Benign,Benign,Benign
Wednesday-21-02-2018_169.pcap,udp_947,udp,947,Benign,Benign,Benign,Benign
Thursday-15-02-2018_192.pcap,udp_2801,udp,2801,Benign,Benign,Benign,Benign
Wednesday-21-02-2018_252.pcap,tcp_3960,tcp,3960,Benign,Benign,Benign,Benign
Wednesday-21-02-2018_317.pcap,tcp_155,tcp,155,Benign,Benign,Benign,Benign
Friday-23-02-2018_347.pcap,tcp_3528,tcp,3528,Benign,Benign,Benign,Benign
Wednesday-21-02-2018_150.pcap,tcp_4746,tcp,4746,Benign,Benign,Benign,Benign
Friday-16-02-2018_273.pcap,udp_4964,udp,4964,Benign,Benign,Benign,Benign
Thursday-15-02-2018_196.pcap,udp_4793,udp,4793,Benign,Benign,Benign,Benign
Thursday-15-02-2018_87.pcap,tcp_5788,tcp,5788,Benign,Benign,Benign,Benign
Thursday-15-02-2018_190.pcap,udp_372,udp,372,Benign,Benign,Benign,Benign
Wednesday-21-02-2018_301.pcap,udp_2852,udp,2852,Benign,Benign,Benign,Benign
Thursday-01-03-2018_42.pcap,udp_2255,udp,2255,Benign,Benign,Benign,Benign
Thursday-22-02-2018_125.pcap,udp_6058,udp,6058,Benign,Benign,Benign,Benign
Friday-23-02-2018_250.pcap,tcp_2116,tcp,2116,Benign,Benign,Benign,Benign
Friday-23-02-2018_330.pcap,udp_3785,udp,3785,Benign,Benign,Benign,Benign
Wednesday-14-02-2018_127.pcap,tcp_208,tcp,208,Benign,Benign,Benign,Benign
Wednesday-21-02-2018_307.pcap,tcp_37,tcp,37,Benign,Benign,Benign,Benign
Thursday-01-03-2018_386.pcap,tcp_2949,tcp,2949,Benign,Benign,Benign,Benign
Thursday-01-03-2018_404.pcap,tcp_1409,tcp,1409,Benign,Benign,Benign,Benign
Wednesday-21-02-2018_253.pcap,tcp_4699,tcp,4699,Benign,Benign,Benign,Benign
Thursday-01-03-2018_364.pcap,tcp_325,tcp,325,Benign,Benign,Benign,Benign
Friday-23-02-2018_343.pcap,udp_748,udp,748,Benign,Benign,Benign,Benign
Wednesday-21-02-2018_315.pcap,tcp_2737,tcp,2737,Benign,Benign,Benign,Benign
Friday-23-02-2018_293.pcap,udp_2601,udp,2601,Benign,Benign,Benign,Benign
Friday-23-02-2018_238.pcap,udp_1018,udp,1018,Benign,Benign,Benign,Benign
Wednesday-21-02-2018_206.pcap,udp_119,udp,119,Benign,Benign,Benign,Benign
Wednesday-21-02-2018_195.pcap,tcp_56,tcp,56,Benign,Benign,Benign,Benign
Friday-23-02-2018_256.pcap,tcp_0,tcp,0,Benign,Benign,Benign,Benign
Wednesday-21-02-2018_171.pcap,udp_5327,udp,5327,Benign,Benign,Benign,Benign
Wednesday-21-02-2018_213.pcap,tcp_1886,tcp,1886,Benign,Benign,Benign,Benign
Friday-16-02-2018_332.pcap,tcp_479,tcp,479,Benign,Benign,Benign,Benign
Wednesday-21-02-2018_146.pcap,udp_2859,udp,2859,Benign,Benign,Benign,Benign
Wednesday-21-02-2018_165.pcap,tcp_3176,tcp,3176,Benign,Benign,Benign,Benign
Friday-23-02-2018_330.pcap,udp_283,udp,283,Benign,Benign,Benign,Benign
Thursday-15-02-2018_185.pcap,udp_5662,udp,5662,Benign,Benign,Benign,Benign
Thursday-15-02-2018_154.pcap,udp_2035,udp,2035,Benign,Benign,Benign,Benign
Friday-23-02-2018_3.pcap,tcp_1456,tcp,1456,Benign,Benign,Benign,Benign
Thursday-22-02-2018_114.pcap,tcp_923,tcp,923,Benign,Benign,Benign,Benign
Thursday-22-02-2018_143.pcap,tcp_4496,tcp,4496,Benign,Benign,Benign,Benign
Wednesday-21-02-2018_101.pcap,udp_4092,udp,4092,Benign,Benign,Benign,Benign
Thursday-15-02-2018_170.pcap,udp_4342,udp,4342,Benign,Benign,Benign,Benign
Thursday-15-02-2018_141.pcap,udp_4694,udp,4694,Benign,Benign,Benign,Benign
Friday-16-02-2018_269.pcap,tcp_7576,tcp,7576,Benign,Benign,Benign,Benign
Friday-23-02-2018_257.pcap,tcp_2075,tcp,2075,Benign,Benign,Benign,Benign
Friday-16-02-2018_327.pcap,tcp_2886,tcp,2886,Benign,Benign,Benign,Benign
Wednesday-21-02-2018_134.pcap,udp_2530,udp,2530,Benign,Benign,Benign,Benign
Friday-23-02-2018_314.pcap,udp_2426,udp,2426,Benign,Benign,Benign,Benign
Wednesday-21-02-2018_317.pcap,tcp_1603,tcp,1603,Benign,Benign,Benign,Benign
Wednesday-21-02-2018_170.pcap,tcp_1458,tcp,1458,Benign,Benign,Benign,Benign
Friday-23-02-2018_219.pcap,tcp_4700,tcp,4700,Benign,Benign,Benign,Benign
Wednesday-21-02-2018_122.pcap,tcp_5188,tcp,5188,Benign,Benign,Benign,Benign
Wednesday-21-02-2018_147.pcap,tcp_5038,tcp,5038,Benign,Benign,Benign,Benign
Wednesday-14-02-2018_180.pcap,tcp_5474,tcp,5474,Benign,Benign,Benign,Benign
Friday-02-03-2018_95.pcap,tcp_5959,tcp,5959,Benign,Benign,Benign,Benign
Wednesday-21-02-2018_105.pcap,tcp_4009,tcp,4009,Benign,Benign,Benign,Benign
Friday-16-02-2018_26.pcap,tcp_3939,tcp,3939,Benign,Benign,Benign,Benign
Wednesday-21-02-2018_233.pcap,udp_1789,udp,1789,Benign,Benign,Benign,Benign
Thursday-15-02-2018_90.pcap,tcp_5521,tcp,5521,Benign,Benign,Benign,Benign
Friday-23-02-2018_315.pcap,udp_614,udp,614,Benign,Benign,Benign,Benign
Wednesday-14-02-2018_103.pcap,tcp_14380,tcp,14380,Benign,Benign,Benign,Benign
Wednesday-21-02-2018_327.pcap,tcp_2181,tcp,2181,Benign,Benign,Benign,Benign
Thursday-15-02-2018_126.pcap,udp_6126,udp,6126,Benign,Benign,Benign,Benign
Wednesday-21-02-2018_164.pcap,tcp_4704,tcp,4704,Benign,Benign,Benign,Benign
Wednesday-21-02-2018_237.pcap,udp_5662,udp,5662,Benign,Benign,Benign,Benign
Wednesday-21-02-2018_23.pcap,udp_2981,udp,2981,Benign,Benign,Benign,Benign
Wednesday-14-02-2018_7.pcap,udp_1644,udp,1644,Benign,Benign,Benign,Benign
Friday-23-02-2018_236.pcap,tcp_6993,tcp,6993,Benign,Benign,Benign,Benign
Wednesday-21-02-2018_222.pcap,tcp_2767,tcp,2767,Benign,Benign,Benign,Benign
Wednesday-21-02-2018_106.pcap,tcp_543,tcp,543,Benign,Benign,Benign,Benign
Friday-23-02-2018_237.pcap,tcp_3102,tcp,3102,Benign,Benign,Benign,Benign
Friday-02-03-2018_93.pcap,udp_613,udp,613,Benign,Benign,Benign,Benign
Wednesday-21-02-2018_215.pcap,udp_5702,udp,5702,Benign,Benign,Benign,Benign
Wednesday-21-02-2018_249.pcap,udp_2774,udp,2774,Benign,Benign,Benign,Benign
Friday-16-02-2018_328.pcap,tcp_1660,tcp,1660,Benign,Benign,Benign,Benign
Wednesday-21-02-2018_219.pcap,udp_4630,udp,4630,Benign,Benign,Benign,Benign
Wednesday-21-02-2018_16.pcap,tcp_1030,tcp,1030,Benign,Benign,Benign,Benign
Friday-16-02-2018_310.pcap,tcp_284,tcp,284,Benign,Benign,Benign,Benign
Friday-16-02-2018_280.pcap,udp_1124,udp,1124,Benign,Benign,Benign,Benign
Wednesday-21-02-2018_222.pcap,tcp_7296,tcp,7296,Benign,Benign,Benign,Benign
Thursday-22-02-2018_103.pcap,tcp_6586,tcp,6586,Benign,Benign,Benign,Benign
Friday-02-03-2018_70.pcap,udp_4137,udp,4137,Benign,Benign,Benign,Benign
Wednesday-14-02-2018_127.pcap,udp_218,udp,218,Benign,Benign,Benign,Benign
Wednesday-14-02-2018_124.pcap,tcp_2511,tcp,2511,Benign,Benign,Benign,Benign
Friday-23-02-2018_316.pcap,tcp_1219,tcp,1219,Benign,Benign,Benign,Benign
Wednesday-21-02-2018_323.pcap,udp_2586,udp,2586,Benign,Benign,Benign,Benign
Thursday-01-03-2018_418.pcap,tcp_5137,tcp,5137,Benign,Benign,Benign,Benign
Thursday-22-02-2018_101.pcap,udp_3720,udp,3720,Benign,Benign,Benign,Benign
Thursday-01-03-2018_368.pcap,tcp_3185,tcp,3185,Benign,Benign,Benign,Benign
Thursday-22-02-2018_1.pcap,tcp_1440,tcp,1440,Benign,Benign,Benign,Benign
Thursday-01-03-2018_437.pcap,tcp_3702,tcp,3702,Benign,Benign,Benign,Benign
Friday-16-02-2018_103.pcap,tcp_4832,tcp,4832,Benign,Benign,Benign,Benign
Thursday-15-02-2018_122.pcap,tcp_4689,tcp,4689,Benign,Benign,Benign,Benign
Wednesday-21-02-2018_240.pcap,tcp_555,tcp,555,Benign,Benign,Benign,Benign
Wednesday-21-02-2018_286.pcap,tcp_6264,tcp,6264,Benign,Benign,Benign,Benign
Wednesday-14-02-2018_156.pcap,tcp_3145,tcp,3145,Benign,Benign,Benign,Benign
Thursday-15-02-2018_176.pcap,udp_1118,udp,1118,Benign,Benign,Benign,Benign
Friday-23-02-2018_291.pcap,tcp_2772,tcp,2772,Benign,Benign,Benign,Benign
Friday-23-02-2018_312.pcap,udp_2855,udp,2855,Benign,Benign,Benign,Benign
Friday-16-02-2018_279.pcap,udp_6022,udp,6022,Benign,Benign,Benign,Benign
Wednesday-21-02-2018_191.pcap,tcp_1877,tcp,1877,Benign,Benign,Benign,Benign
Thursday-01-03-2018_416.pcap,tcp_809,tcp,809,Benign,Benign,Benign,Benign
Wednesday-21-02-2018_193.pcap,tcp_116,tcp,116,Benign,Benign,Benign,Benign
Friday-16-02-2018_303.pcap,tcp_19750,tcp,19750,Benign,Benign,Benign,Benign
Wednesday-21-02-2018_322.pcap,udp_4195,udp,4195,Benign,Benign,Benign,Benign
Friday-16-02-2018_100.pcap,udp_6387,udp,6387,Benign,Benign,Benign,Benign
Thursday-22-02-2018_103.pcap,tcp_2281,tcp,2281,Benign,Benign,Benign,Benign
Wednesday-21-02-2018_138.pcap,udp_4910,udp,4910,Benign,Benign,Benign,Benign
Wednesday-14-02-2018_118.pcap,tcp_673,tcp,673,Benign,Benign,Benign,Benign
Thursday-01-03-2018_384.pcap,tcp_503,tcp,503,Benign,Benign,Benign,Benign
Friday-02-03-2018_84.pcap,tcp_2439,tcp,2439,Benign,Benign,Benign,Benign
Wednesday-14-02-2018_146.pcap,tcp_1823,tcp,1823,Benign,Benign,Benign,Benign
Friday-23-02-2018_320.pcap,tcp_6686,tcp,6686,Benign,Benign,Benign,Benign
Thursday-15-02-2018_13.pcap,tcp_259,tcp,259,Benign,Benign,Benign,Benign
Friday-23-02-2018_297.pcap,udp_2400,udp,2400,Benign,Benign,Benign,Benign
Wednesday-21-02-2018_312.pcap,tcp_5394,tcp,5394,Benign,Benign,Benign,Benign
Thursday-22-02-2018_116.pcap,tcp_5640,tcp,5640,Benign,Benign,Benign,Benign
Friday-23-02-2018_337.pcap,tcp_12065,tcp,12065,Benign,Benign,Benign,Benign
Thursday-15-02-2018_189.pcap,udp_947,udp,947,Benign,Benign,Benign,Benign
Thursday-22-02-2018_142.pcap,tcp_877,tcp,877,Benign,Benign,Benign,Benign
Friday-02-03-2018_47.pcap,tcp_8940,tcp,8940,Benign,Benign,Benign,Benign
Friday-16-02-2018_274.pcap,tcp_4757,tcp,4757,Benign,Benign,Benign,Benign
Friday-16-02-2018_264.pcap,tcp_2671,tcp,2671,Benign,Benign,Benign,Benign
Friday-02-03-2018_82.pcap,udp_2460,udp,2460,Benign,Benign,Benign,Benign
Wednesday-21-02-2018_260.pcap,tcp_1888,tcp,1888,Benign,Benign,Benign,Benign
Wednesday-21-02-2018_212.pcap,tcp_1157,tcp,1157,Benign,Benign,Benign,Benign
Wednesday-21-02-2018_323.pcap,udp_716,udp,716,Benign,Benign,Benign,Benign
Wednesday-21-02-2018_218.pcap,tcp_808,tcp,808,Benign,Benign,Benign,Benign
Thursday-01-03-2018_388.pcap,tcp_2571,tcp,2571,Benign,Benign,Benign,Benign
Wednesday-21-02-2018_230.pcap,tcp_71,tcp,71,Benign,Benign,Benign,Benign
Wednesday-14-02-2018_97.pcap,udp_2109,udp,2109,Benign,Benign,Benign,Benign
Wednesday-14-02-2018_134.pcap,tcp_3927,tcp,3927,Benign,Benign,Benign,Benign
Wednesday-21-02-2018_133.pcap,tcp_7333,tcp,7333,Benign,Benign,Benign,Benign
Wednesday-21-02-2018_265.pcap,udp_4317,udp,4317,Benign,Benign,Benign,Benign
Friday-16-02-2018_102.pcap,tcp_5062,tcp,5062,Benign,Benign,Benign,Benign
Thursday-22-02-2018_137.pcap,udp_1181,udp,1181,Benign,Benign,Benign,Benign
Thursday-22-02-2018_125.pcap,udp_773,udp,773,Benign,Benign,Benign,Benign
Wednesday-21-02-2018_327.pcap,tcp_3581,tcp,3581,Benign,Benign,Benign,Benign
Friday-23-02-2018_281.pcap,udp_5023,udp,5023,Benign,Benign,Benign,Benign
Friday-23-02-2018_297.pcap,tcp_546,tcp,546,Benign,Benign,Benign,Benign
Wednesday-28-02-2018_90.pcap,udp_3859,udp,3859,Benign,Benign,Benign,Benign
Wednesday-21-02-2018_119.pcap,tcp_2900,tcp,2900,Benign,Benign,Benign,Benign
Wednesday-21-02-2018_170.pcap,udp_5084,udp,5084,Benign,Benign,Benign,Benign
Wednesday-21-02-2018_100.pcap,tcp_902,tcp,902,Benign,Benign,Benign,Benign
Wednesday-21-02-2018_145.pcap,tcp_3981,tcp,3981,Benign,Benign,Benign,Benign
Friday-23-02-2018_326.pcap,udp_574,udp,574,Benign,Benign,Benign,Benign
Wednesday-21-02-2018_199.pcap,udp_6446,udp,6446,Benign,Benign,Benign,Benign
Wednesday-14-02-2018_74.pcap,tcp_2796,tcp,2796,Benign,Benign,Benign,Benign
Wednesday-28-02-2018_96.pcap,udp_1950,udp,1950,Benign,Benign,Benign,Benign
Friday-23-02-2018_254.pcap,tcp_1701,tcp,1701,Benign,Benign,Benign,Benign
Thursday-01-03-2018_354.pcap,tcp_13263,tcp,13263,Benign,Benign,Benign,Benign
Wednesday-21-02-2018_126.pcap,tcp_1218,tcp,1218,Benign,Benign,Benign,Benign
Thursday-15-02-2018_172.pcap,tcp_5140,tcp,5140,Benign,Benign,Benign,Benign
Thursday-15-02-2018_192.pcap,udp_2884,udp,2884,Benign,Benign,Benign,Benign
Wednesday-14-02-2018_161.pcap,tcp_5710,tcp,5710,Benign,Benign,Benign,Benign
Friday-23-02-2018_28.pcap,tcp_5190,tcp,5190,Benign,Benign,Benign,Benign
Wednesday-21-02-2018_22.pcap,udp_5196,udp,5196,Benign,Benign,Benign,Benign
Wednesday-14-02-2018_103.pcap,tcp_24617,tcp,24617,Benign,Benign,Benign,Benign
Wednesday-21-02-2018_102.pcap,tcp_6160,tcp,6160,Benign,Benign,Benign,Benign
Thursday-15-02-2018_129.pcap,tcp_5694,tcp,5694,Benign,Benign,Benign,Benign
Friday-16-02-2018_335.pcap,udp_4135,udp,4135,Benign,Benign,Benign,Benign
Thursday-01-03-2018_371.pcap,tcp_8247,tcp,8247,Benign,Benign,Benign,Benign
Wednesday-21-02-2018_297.pcap,udp_1810,udp,1810,Benign,Benign,Benign,Benign
Wednesday-14-02-2018_146.pcap,udp_5556,udp,5556,Benign,Benign,Benign,Benign
Wednesday-21-02-2018_144.pcap,tcp_1318,tcp,1318,Benign,Benign,Benign,Benign
Wednesday-21-02-2018_274.pcap,tcp_5028,tcp,5028,Benign,Benign,Benign,Benign
Friday-23-02-2018_258.pcap,udp_418,udp,418,Benign,Benign,Benign,Benign
Thursday-15-02-2018_158.pcap,tcp_600,tcp,600,Benign,Benign,Benign,Benign
Friday-23-02-2018_226.pcap,tcp_3958,tcp,3958,Benign,Benign,Benign,Benign
Thursday-15-02-2018_146.pcap,udp_1395,udp,1395,Benign,Benign,Benign,Benign
Friday-02-03-2018_59.pcap,udp_3437,udp,3437,Benign,Benign,Benign,Benign
Wednesday-21-02-2018_182.pcap,tcp_6923,tcp,6923,Benign,Benign,Benign,Benign
Friday-23-02-2018_29.pcap,udp_1334,udp,1334,Benign,Benign,Benign,Benign
Wednesday-21-02-2018_271.pcap,udp_2072,udp,2072,Benign,Benign,Benign,Benign
Wednesday-14-02-2018_103.pcap,tcp_32973,tcp,32973,Benign,Benign,Benign,Benign
Wednesday-14-02-2018_128.pcap,tcp_1481,tcp,1481,Benign,Benign,Benign,Benign
Friday-16-02-2018_107.pcap,tcp_8160,tcp,8160,Benign,Benign,Benign,Benign
Friday-16-02-2018_303.pcap,tcp_9323,tcp,9323,Benign,Benign,Benign,Benign
Wednesday-21-02-2018_218.pcap,udp_6034,udp,6034,Benign,Benign,Benign,Benign
Friday-16-02-2018_323.pcap,tcp_3754,tcp,3754,Benign,Benign,Benign,Benign
Wednesday-28-02-2018_89.pcap,udp_2017,udp,2017,Benign,Benign,Benign,Benign
Friday-23-02-2018_248.pcap,udp_256,udp,256,Benign,Benign,Benign,Benign
Thursday-22-02-2018_125.pcap,tcp_71,tcp,71,Benign,Benign,Benign,Benign
Friday-02-03-2018_91.pcap,udp_2659,udp,2659,Benign,Benign,Benign,Benign
Friday-23-02-2018_288.pcap,udp_3025,udp,3025,Benign,Benign,Benign,Benign
Friday-23-02-2018_295.pcap,tcp_3338,tcp,3338,Benign,Benign,Benign,Benign
Wednesday-21-02-2018_159.pcap,tcp_3392,tcp,3392,Benign,Benign,Benign,Benign
Wednesday-21-02-2018_246.pcap,udp_1173,udp,1173,Benign,Benign,Benign,Benign
Wednesday-14-02-2018_165.pcap,udp_397,udp,397,Benign,Benign,Benign,Benign
Friday-02-03-2018_92.pcap,tcp_16,tcp,16,Benign,Benign,Benign,Benign
Wednesday-21-02-2018_138.pcap,tcp_1824,tcp,1824,Benign,Benign,Benign,Benign
Friday-02-03-2018_47.pcap,tcp_2120,tcp,2120,Benign,Benign,Benign,Benign
Friday-23-02-2018_247.pcap,tcp_3986,tcp,3986,Benign,Benign,Benign,Benign
Thursday-01-03-2018_366.pcap,tcp_4347,tcp,4347,Benign,Benign,Benign,Benign
Wednesday-21-02-2018_3.pcap,tcp_3526,tcp,3526,Benign,Benign,Benign,Benign
Wednesday-21-02-2018_194.pcap,tcp_5895,tcp,5895,Benign,Benign,Benign,Benign
Wednesday-21-02-2018_158.pcap,udp_3914,udp,3914,Benign,Benign,Benign,Benign
Wednesday-14-02-2018_179.pcap,tcp_5197,tcp,5197,Benign,Benign,Benign,Benign
Friday-02-03-2018_47.pcap,tcp_7359,tcp,7359,Benign,Benign,Benign,Benign
Wednesday-21-02-2018_311.pcap,tcp_4686,tcp,4686,Benign,Benign,Benign,Benign
Wednesday-14-02-2018_121.pcap,udp_1027,udp,1027,Benign,Benign,Benign,Benign
Thursday-01-03-2018_382.pcap,tcp_7790,tcp,7790,Benign,Benign,Benign,Benign
Wednesday-14-02-2018_162.pcap,tcp_5163,tcp,5163,Benign,Benign,Benign,Benign
Wednesday-28-02-2018_89.pcap,tcp_3817,tcp,3817,Benign,Benign,Benign,Benign
Friday-02-03-2018_98.pcap,tcp_4069,tcp,4069,Benign,Benign,Benign,Benign
Friday-16-02-2018_325.pcap,udp_2166,udp,2166,Benign,Benign,Benign,Benign
Thursday-01-03-2018_391.pcap,tcp_3669,tcp,3669,Benign,Benign,Benign,Benign
Friday-02-03-2018_78.pcap,tcp_4450,tcp,4450,Benign,Benign,Benign,Benign
Friday-23-02-2018_223.pcap,udp_4798,udp,4798,Benign,Benign,Benign,Benign
Thursday-01-03-2018_417.pcap,tcp_6849,tcp,6849,Benign,Benign,Benign,Benign
Wednesday-21-02-2018_298.pcap,tcp_2608,tcp,2608,Benign,Benign,Benign,Benign
Thursday-15-02-2018_160.pcap,tcp_4599,tcp,4599,Benign,Benign,Benign,Benign
Wednesday-21-02-2018_188.pcap,tcp_6823,tcp,6823,Benign,Benign,Benign,Benign
Wednesday-21-02-2018_166.pcap,udp_4047,udp,4047,Benign,Benign,Benign,Benign
Wednesday-21-02-2018_270.pcap,tcp_2153,tcp,2153,Benign,Benign,Benign,Benign
Friday-16-02-2018_262.pcap,tcp_600,tcp,600,Benign,Benign,Benign,Benign
Wednesday-21-02-2018_166.pcap,tcp_1554,tcp,1554,Benign,Benign,Benign,Benign
Friday-23-02-2018_341.pcap,tcp_537,tcp,537,Benign,Benign,Benign,Benign
Wednesday-21-02-2018_161.pcap,tcp_2752,tcp,2752,Benign,Benign,Benign,Benign
Thursday-15-02-2018_97.pcap,udp_4991,udp,4991,Benign,Benign,Benign,Benign
Friday-16-02-2018_33.pcap,tcp_2713,tcp,2713,Benign,Benign,Benign,Benign
Wednesday-14-02-2018_135.pcap,tcp_1888,tcp,1888,Benign,Benign,Benign,Benign
Wednesday-21-02-2018_115.pcap,udp_601,udp,601,Benign,Benign,Benign,Benign
Friday-23-02-2018_29.pcap,tcp_8601,tcp,8601,Benign,Benign,Benign,Benign
Wednesday-14-02-2018_99.pcap,tcp_3138,tcp,3138,Benign,Benign,Benign,Benign
Wednesday-21-02-2018_192.pcap,udp_2761,udp,2761,Benign,Benign,Benign,Benign
Wednesday-21-02-2018_239.pcap,tcp_1190,tcp,1190,Benign,Benign,Benign,Benign
Wednesday-21-02-2018_154.pcap,tcp_4072,tcp,4072,Benign,Benign,Benign,Benign
Thursday-22-02-2018_12.pcap,udp_508,udp,508,Benign,Benign,Benign,Benign
Wednesday-21-02-2018_148.pcap,tcp_7412,tcp,7412,Benign,Benign,Benign,Benign
Thursday-01-03-2018_358.pcap,tcp_2719,tcp,2719,Benign,Benign,Benign,Benign
Wednesday-21-02-2018_315.pcap,udp_1873,udp,1873,Benign,Benign,Benign,Benign
Friday-16-02-2018_305.pcap,tcp_1975,tcp,1975,Benign,Benign,Benign,Benign
Friday-16-02-2018_300.pcap,udp_4529,udp,4529,Benign,Benign,Benign,Benign
Thursday-15-02-2018_141.pcap,udp_5762,udp,5762,Benign,Benign,Benign,Benign
Friday-16-02-2018_272.pcap,udp_1733,udp,1733,Benign,Benign,Benign,Benign
Wednesday-21-02-2018_203.pcap,tcp_7244,tcp,7244,Benign,Benign,Benign,Benign
Wednesday-21-02-2018_273.pcap,udp_1633,udp,1633,Benign,Benign,Benign,Benign
Friday-23-02-2018_211.pcap,tcp_6990,tcp,6990,Benign,Benign,Benign,Benign
Wednesday-14-02-2018_127.pcap,tcp_1898,tcp,1898,Benign,Benign,Benign,Benign
Thursday-15-02-2018_88.pcap,tcp_574,tcp,574,Benign,Benign,Benign,Benign
Friday-16-02-2018_101.pcap,tcp_5851,tcp,5851,Benign,Benign,Benign,Benign
Friday-16-02-2018_303.pcap,tcp_1459,tcp,1459,Benign,Benign,Benign,Benign
Wednesday-14-02-2018_129.pcap,udp_2395,udp,2395,Benign,Benign,Benign,Benign
Friday-16-02-2018_326.pcap,tcp_3359,tcp,3359,Benign,Benign,Benign,Benign
Wednesday-21-02-2018_130.pcap,udp_3761,udp,3761,Benign,Benign,Benign,Benign
Wednesday-14-02-2018_95.pcap,tcp_1983,tcp,1983,Benign,Benign,Benign,Benign
Wednesday-21-02-2018_121.pcap,udp_3097,udp,3097,Benign,Benign,Benign,Benign
Wednesday-21-02-2018_297.pcap,tcp_795,tcp,795,Benign,Benign,Benign,Benign
Wednesday-21-02-2018_236.pcap,tcp_5946,tcp,5946,Benign,Benign,Benign,Benign
Thursday-15-02-2018_140.pcap,udp_965,udp,965,Benign,Benign,Benign,Benign
Wednesday-14-02-2018_14.pcap,tcp_1616,tcp,1616,Benign,Benign,Benign,Benign
Wednesday-21-02-2018_241.pcap,tcp_2770,tcp,2770,Benign,Benign,Benign,Benign
Wednesday-21-02-2018_266.pcap,udp_5387,udp,5387,Benign,Benign,Benign,Benign
Wednesday-21-02-2018_325.pcap,tcp_3261,tcp,3261,Benign,Benign,Benign,Benign
Wednesday-21-02-2018_257.pcap,udp_896,udp,896,Benign,Benign,Benign,Benign
Thursday-15-02-2018_149.pcap,udp_6713,udp,6713,Benign,Benign,Benign,Benign
Thursday-15-02-2018_140.pcap,udp_1254,udp,1254,Benign,Benign,Benign,Benign
Thursday-22-02-2018_12.pcap,tcp_1889,tcp,1889,Benign,Benign,Benign,Benign
Thursday-01-03-2018_38.pcap,tcp_1301,tcp,1301,Benign,Benign,Benign,Benign
Wednesday-21-02-2018_247.pcap,tcp_416,tcp,416,Benign,Benign,Benign,Benign
Wednesday-14-02-2018_132.pcap,tcp_1982,tcp,1982,Benign,Benign,Benign,Benign
Wednesday-21-02-2018_236.pcap,udp_6045,udp,6045,Benign,Benign,Benign,Benign
Wednesday-21-02-2018_17.pcap,tcp_2852,tcp,2852,Benign,Benign,Benign,Benign
Friday-23-02-2018_324.pcap,udp_207,udp,207,Benign,Benign,Benign,Benign
Friday-23-02-2018_336.pcap,udp_2955,udp,2955,Benign,Benign,Benign,Benign
Friday-16-02-2018_314.pcap,tcp_2315,tcp,2315,Benign,Benign,Benign,Benign
Thursday-01-03-2018_410.pcap,tcp_7417,tcp,7417,Benign,Benign,Benign,Benign
Thursday-15-02-2018_147.pcap,tcp_3927,tcp,3927,Benign,Benign,Benign,Benign
Thursday-15-02-2018_93.pcap,udp_399,udp,399,Benign,Benign,Benign,Benign
Friday-16-02-2018_330.pcap,tcp_708,tcp,708,Benign,Benign,Benign,Benign
Friday-16-02-2018_284.pcap,tcp_156,tcp,156,Benign,Benign,Benign,Benign
Friday-02-03-2018_82.pcap,udp_3377,udp,3377,Benign,Benign,Benign,Benign
Friday-02-03-2018_49.pcap,tcp_49,tcp,49,Benign,Benign,Benign,Benign
Wednesday-14-02-2018_152.pcap,tcp_3786,tcp,3786,Benign,Benign,Benign,Benign
Wednesday-21-02-2018_118.pcap,udp_3796,udp,3796,Benign,Benign,Benign,Benign
Wednesday-14-02-2018_81.pcap,tcp_22,tcp,22,Benign,Benign,Benign,Benign
Wednesday-14-02-2018_126.pcap,udp_4188,udp,4188,Benign,Benign,Benign,Benign
Thursday-22-02-2018_104.pcap,udp_137,udp,137,Benign,Benign,Benign,Benign
Wednesday-14-02-2018_141.pcap,udp_753,udp,753,Benign,Benign,Benign,Benign
Wednesday-14-02-2018_180.pcap,udp_11,udp,11,Benign,Benign,Benign,Benign
Wednesday-21-02-2018_111.pcap,udp_734,udp,734,Benign,Benign,Benign,Benign
Wednesday-21-02-2018_248.pcap,tcp_3892,tcp,3892,Benign,Benign,Benign,Benign
Friday-16-02-2018_10.pcap,udp_2860,udp,2860,Benign,Benign,Benign,Benign
Thursday-01-03-2018_379.pcap,tcp_40,tcp,40,Benign,Benign,Benign,Benign
Wednesday-28-02-2018_90.pcap,tcp_7114,tcp,7114,Benign,Benign,Benign,Benign
Thursday-22-02-2018_113.pcap,udp_829,udp,829,Benign,Benign,Benign,Benign
Wednesday-21-02-2018_201.pcap,tcp_7568,tcp,7568,Benign,Benign,Benign,Benign
Wednesday-21-02-2018_309.pcap,tcp_1680,tcp,1680,Benign,Benign,Benign,Benign
Wednesday-14-02-2018_92.pcap,udp_2821,udp,2821,Benign,Benign,Benign,Benign
Wednesday-21-02-2018_153.pcap,tcp_1890,tcp,1890,Benign,Benign,Benign,Benign
Friday-16-02-2018_108.pcap,tcp_7261,tcp,7261,Benign,Benign,Benign,Benign
Thursday-22-02-2018_128.pcap,udp_3515,udp,3515,Benign,Benign,Benign,Benign
Thursday-01-03-2018_387.pcap,udp_215,udp,215,Benign,Benign,Benign,Benign
Friday-23-02-2018_205.pcap,tcp_1797,tcp,1797,Benign,Benign,Benign,Benign
Friday-16-02-2018_278.pcap,tcp_2853,tcp,2853,Benign,Benign,Benign,Benign
Thursday-22-02-2018_136.pcap,tcp_6941,tcp,6941,Benign,Benign,Benign,Benign
Wednesday-14-02-2018_146.pcap,tcp_4008,tcp,4008,Benign,Benign,Benign,Benign
Wednesday-21-02-2018_284.pcap,udp_5843,udp,5843,Benign,Benign,Benign,Benign
Friday-23-02-2018_243.pcap,udp_4664,udp,4664,Benign,Benign,Benign,Benign
Wednesday-14-02-2018_139.pcap,udp_1036,udp,1036,Benign,Benign,Benign,Benign
Friday-23-02-2018_284.pcap,udp_5782,udp,5782,Benign,Benign,Benign,Benign
Wednesday-14-02-2018_94.pcap,udp_3100,udp,3100,Benign,Benign,Benign,Benign
Wednesday-21-02-2018_14.pcap,udp_3004,udp,3004,Benign,Benign,Benign,Benign
Friday-02-03-2018_60.pcap,tcp_2378,tcp,2378,Benign,Benign,Benign,Benign
Friday-23-02-2018_202.pcap,tcp_1878,tcp,1878,Benign,Benign,Benign,Benign
Friday-23-02-2018_280.pcap,tcp_4992,tcp,4992,Benign,Benign,Benign,Benign
Wednesday-21-02-2018_290.pcap,udp_200,udp,200,Benign,Benign,Benign,Benign
Thursday-01-03-2018_365.pcap,tcp_3253,tcp,3253,Benign,Benign,Benign,Benign
Thursday-15-02-2018_85.pcap,tcp_1404,tcp,1404,Benign,Benign,Benign,Benign
Friday-16-02-2018_335.pcap,tcp_4674,tcp,4674,Benign,Benign,Benign,Benign
Wednesday-21-02-2018_176.pcap,tcp_1754,tcp,1754,Benign,Benign,Benign,Benign
Wednesday-28-02-2018_86.pcap,tcp_1717,tcp,1717,Benign,Benign,Benign,Benign
Thursday-01-03-2018_408.pcap,tcp_5302,tcp,5302,Benign,Benign,Benign,Benign
Wednesday-14-02-2018_115.pcap,udp_3328,udp,3328,Benign,Benign,Benign,Benign
Friday-16-02-2018_30.pcap,udp_238,udp,238,Benign,Benign,Benign,Benign
Thursday-15-02-2018_157.pcap,tcp_586,tcp,586,Benign,Benign,Benign,Benign
Wednesday-14-02-2018_85.pcap,tcp_1892,tcp,1892,Benign,Benign,Benign,Benign
Friday-23-02-2018_322.pcap,tcp_6710,tcp,6710,Benign,Benign,Benign,Benign
Friday-16-02-2018_261.pcap,tcp_1401,tcp,1401,Benign,Benign,Benign,Benign
Wednesday-21-02-2018_151.pcap,tcp_6535,tcp,6535,Benign,Benign,Benign,Benign
Thursday-01-03-2018_395.pcap,tcp_5520,tcp,5520,Benign,Benign,Benign,Benign
Thursday-15-02-2018_160.pcap,tcp_2907,tcp,2907,Benign,Benign,Benign,Benign
Wednesday-21-02-2018_103.pcap,udp_559,udp,559,Benign,Benign,Benign,Benign
Friday-23-02-2018_341.pcap,tcp_1328,tcp,1328,Benign,Benign,Benign,Benign
Friday-23-02-2018_309.pcap,udp_730,udp,730,Benign,Benign,Benign,Benign
Friday-16-02-2018_270.pcap,tcp_6113,tcp,6113,Benign,Benign,Benign,Benign
Wednesday-14-02-2018_54.pcap,udp_919,udp,919,Benign,Benign,Benign,Benign
Wednesday-21-02-2018_111.pcap,tcp_2829,tcp,2829,Benign,Benign,Benign,Benign
Wednesday-21-02-2018_113.pcap,tcp_7593,tcp,7593,Benign,Benign,Benign,Benign
Friday-23-02-2018_344.pcap,tcp_3833,tcp,3833,Benign,Benign,Benign,Benign
Wednesday-21-02-2018_29.pcap,tcp_6221,tcp,6221,Benign,Benign,Benign,Benign
Wednesday-14-02-2018_181.pcap,udp_418,udp,418,Benign,Benign,Benign,Benign
Thursday-01-03-2018_354.pcap,udp_567,udp,567,Benign,Benign,Benign,Benign
Friday-16-02-2018_317.pcap,tcp_824,tcp,824,Benign,Benign,Benign,Benign
Wednesday-28-02-2018_92.pcap,tcp_10108,tcp,10108,Benign,Benign,Benign,Benign
Thursday-15-02-2018_87.pcap,tcp_1010,tcp,1010,Benign,Benign,Benign,Benign
Wednesday-14-02-2018_96.pcap,udp_4903,udp,4903,Benign,Benign,Benign,Benign
Wednesday-21-02-2018_154.pcap,tcp_6226,tcp,6226,Benign,Benign,Benign,Benign
Wednesday-14-02-2018_96.pcap,tcp_1585,tcp,1585,Benign,Benign,Benign,Benign
Friday-23-02-2018_335.pcap,udp_932,udp,932,Benign,Benign,Benign,Benign
Friday-16-02-2018_302.pcap,udp_1268,udp,1268,Benign,Benign,Benign,Benign
Friday-16-02-2018_298.pcap,udp_3461,udp,3461,Benign,Benign,Benign,Benign
Wednesday-21-02-2018_10.pcap,tcp_5233,tcp,5233,Benign,Benign,Benign,Benign
Thursday-01-03-2018_38.pcap,udp_1012,udp,1012,Benign,Benign,Benign,Benign
Wednesday-21-02-2018_305.pcap,tcp_1799,tcp,1799,Benign,Benign,Benign,Benign
Wednesday-21-02-2018_188.pcap,udp_2744,udp,2744,Benign,Benign,Benign,Benign
Wednesday-21-02-2018_194.pcap,tcp_1616,tcp,1616,Benign,Benign,Benign,Benign
Thursday-22-02-2018_110.pcap,tcp_3693,tcp,3693,Benign,Benign,Benign,Benign
Wednesday-14-02-2018_163.pcap,tcp_1763,tcp,1763,Benign,Benign,Benign,Benign
Friday-23-02-2018_283.pcap,tcp_930,tcp,930,Benign,Benign,Benign,Benign
Thursday-15-02-2018_98.pcap,tcp_1877,tcp,1877,Benign,Benign,Benign,Benign
Thursday-15-02-2018_193.pcap,udp_5479,udp,5479,Benign,Benign,Benign,Benign
Thursday-22-02-2018_122.pcap,tcp_2510,tcp,2510,Benign,Benign,Benign,Benign
Friday-23-02-2018_302.pcap,tcp_7848,tcp,7848,Benign,Benign,Benign,Benign
Thursday-22-02-2018_101.pcap,udp_4377,udp,4377,Benign,Benign,Benign,Benign
Wednesday-21-02-2018_248.pcap,udp_3048,udp,3048,Benign,Benign,Benign,Benign
Friday-16-02-2018_279.pcap,tcp_3280,tcp,3280,Benign,Benign,Benign,Benign
Thursday-22-02-2018_121.pcap,udp_6217,udp,6217,Benign,Benign,Benign,Benign
Friday-16-02-2018_272.pcap,udp_2957,udp,2957,Benign,Benign,Benign,Benign
Thursday-22-02-2018_106.pcap,tcp_210,tcp,210,Benign,Benign,Benign,Benign
Wednesday-21-02-2018_113.pcap,udp_5701,udp,5701,Benign,Benign,Benign,Benign
Thursday-01-03-2018_358.pcap,udp_2064,udp,2064,Benign,Benign,Benign,Benign
Thursday-22-02-2018_110.pcap,udp_304,udp,304,Benign,Benign,Benign,Benign
Wednesday-14-02-2018_138.pcap,udp_39,udp,39,Benign,Benign,Benign,Benign
Friday-23-02-2018_280.pcap,tcp_2017,tcp,2017,Benign,Benign,Benign,Benign
Friday-16-02-2018_103.pcap,udp_2736,udp,2736,Benign,Benign,Benign,Benign
Thursday-22-02-2018_111.pcap,udp_4008,udp,4008,Benign,Benign,Benign,Benign
Wednesday-21-02-2018_170.pcap,tcp_6004,tcp,6004,Benign,Benign,Benign,Benign
Wednesday-28-02-2018_88.pcap,tcp_524,tcp,524,Benign,Benign,Benign,Benign
Wednesday-14-02-2018_119.pcap,udp_7013,udp,7013,Benign,Benign,Benign,Benign
Friday-23-02-2018_289.pcap,udp_1764,udp,1764,Benign,Benign,Benign,Benign
Wednesday-21-02-2018_154.pcap,udp_5258,udp,5258,Benign,Benign,Benign,Benign
Wednesday-14-02-2018_75.pcap,tcp_3105,tcp,3105,Benign,Benign,Benign,Benign
Wednesday-14-02-2018_145.pcap,tcp_1860,tcp,1860,Benign,Benign,Benign,Benign
Wednesday-14-02-2018_66.pcap,udp_1571,udp,1571,Benign,Benign,Benign,Benign
Thursday-01-03-2018_373.pcap,tcp_1132,tcp,1132,Benign,Benign,Benign,Benign
Thursday-22-02-2018_114.pcap,tcp_6855,tcp,6855,Benign,Benign,Benign,Benign
Thursday-22-02-2018_141.pcap,tcp_8331,tcp,8331,Benign,Benign,Benign,Benign
Friday-23-02-2018_325.pcap,udp_2064,udp,2064,Benign,Benign,Benign,Benign
Thursday-22-02-2018_142.pcap,udp_4936,udp,4936,Benign,Benign,Benign,Benign
Wednesday-21-02-2018_270.pcap,udp_5005,udp,5005,Benign,Benign,Benign,Benign
Wednesday-21-02-2018_288.pcap,udp_136,udp,136,Benign,Benign,Benign,Benign
Friday-23-02-2018_322.pcap,tcp_4438,tcp,4438,Benign,Benign,Benign,Benign
Wednesday-21-02-2018_170.pcap,udp_2206,udp,2206,Benign,Benign,Benign,Benign
Thursday-22-02-2018_136.pcap,tcp_10520,tcp,10520,Benign,Benign,Benign,Benign
Thursday-15-02-2018_134.pcap,udp_5572,udp,5572,Benign,Benign,Benign,Benign
Thursday-15-02-2018_148.pcap,tcp_4913,tcp,4913,Benign,Benign,Benign,Benign
Friday-16-02-2018_315.pcap,tcp_3925,tcp,3925,Benign,Benign,Benign,Benign
Thursday-15-02-2018_131.pcap,tcp_3043,tcp,3043,Benign,Benign,Benign,Benign
Friday-02-03-2018_8.pcap,udp_5304,udp,5304,Benign,Benign,Benign,Benign
Friday-23-02-2018_235.pcap,tcp_6298,tcp,6298,Benign,Benign,Benign,Benign
Thursday-22-02-2018_129.pcap,tcp_3103,tcp,3103,Benign,Benign,Benign,Benign
Friday-23-02-2018_202.pcap,udp_6474,udp,6474,Benign,Benign,Benign,Benign
Friday-16-02-2018_321.pcap,tcp_4893,tcp,4893,Benign,Benign,Benign,Benign
Wednesday-21-02-2018_174.pcap,udp_2903,udp,2903,Benign,Benign,Benign,Benign
Wednesday-21-02-2018_260.pcap,tcp_7635,tcp,7635,Benign,Benign,Benign,Benign
Thursday-01-03-2018_429.pcap,tcp_2571,tcp,2571,Benign,Benign,Benign,Benign
Wednesday-21-02-2018_125.pcap,udp_4877,udp,4877,Benign,Benign,Benign,Benign
Friday-23-02-2018_330.pcap,udp_1094,udp,1094,Benign,Benign,Benign,Benign
Friday-23-02-2018_329.pcap,udp_114,udp,114,Benign,Benign,Benign,Benign
Friday-02-03-2018_98.pcap,udp_1962,udp,1962,Benign,Benign,Benign,Benign
Wednesday-21-02-2018_273.pcap,udp_889,udp,889,Benign,Benign,Benign,Benign
Thursday-15-02-2018_98.pcap,tcp_6979,tcp,6979,Benign,Benign,Benign,Benign
Friday-02-03-2018_58.pcap,tcp_6686,tcp,6686,Benign,Benign,Benign,Benign
Friday-23-02-2018_210.pcap,tcp_2134,tcp,2134,Benign,Benign,Benign,Benign
Wednesday-14-02-2018_103.pcap,tcp_52416,tcp,52416,Benign,Benign,Benign,Benign
Wednesday-21-02-2018_251.pcap,udp_1435,udp,1435,Benign,Benign,Benign,Benign
Thursday-22-02-2018_125.pcap,tcp_5672,tcp,5672,Benign,Benign,Benign,Benign
Friday-23-02-2018_212.pcap,tcp_5724,tcp,5724,Benign,Benign,Benign,Benign
Wednesday-21-02-2018_283.pcap,tcp_5675,tcp,5675,Benign,Benign,Benign,Benign
Thursday-01-03-2018_407.pcap,tcp_8923,tcp,8923,Benign,Benign,Benign,Benign
Wednesday-21-02-2018_209.pcap,udp_2398,udp,2398,Benign,Benign,Benign,Benign
Wednesday-14-02-2018_55.pcap,udp_657,udp,657,Benign,Benign,Benign,Benign
Friday-02-03-2018_47.pcap,tcp_5035,tcp,5035,Benign,Benign,Benign,Benign
Wednesday-21-02-2018_148.pcap,tcp_1750,tcp,1750,Benign,Benign,Benign,Benign
Wednesday-14-02-2018_85.pcap,tcp_3028,tcp,3028,Benign,Benign,Benign,Benign
Wednesday-21-02-2018_114.pcap,tcp_4326,tcp,4326,Benign,Benign,Benign,Benign
Wednesday-14-02-2018_171.pcap,tcp_563,tcp,563,Benign,Benign,Benign,Benign
Friday-23-02-2018_207.pcap,tcp_10930,tcp,10930,Benign,Benign,Benign,Benign
Friday-23-02-2018_335.pcap,tcp_7850,tcp,7850,Benign,Benign,Benign,Benign
Wednesday-21-02-2018_239.pcap,udp_3272,udp,3272,Benign,Benign,Benign,Benign
Wednesday-14-02-2018_130.pcap,tcp_988,tcp,988,Benign,Benign,Benign,Benign
Wednesday-21-02-2018_241.pcap,udp_2856,udp,2856,Benign,Benign,Benign,Benign
Wednesday-21-02-2018_149.pcap,tcp_2815,tcp,2815,Benign,Benign,Benign,Benign
Friday-16-02-2018_301.pcap,udp_1468,udp,1468,Benign,Benign,Benign,Benign
Wednesday-21-02-2018_309.pcap,udp_3317,udp,3317,Benign,Benign,Benign,Benign
Wednesday-21-02-2018_105.pcap,tcp_3998,tcp,3998,Benign,Benign,Benign,Benign
Wednesday-21-02-2018_227.pcap,udp_4495,udp,4495,Benign,Benign,Benign,Benign
Wednesday-21-02-2018_141.pcap,tcp_5120,tcp,5120,Benign,Benign,Benign,Benign
Friday-02-03-2018_97.pcap,tcp_1845,tcp,1845,Benign,Benign,Benign,Benign
Wednesday-14-02-2018_160.pcap,tcp_4619,tcp,4619,Benign,Benign,Benign,Benign
Wednesday-21-02-2018_246.pcap,udp_5361,udp,5361,Benign,Benign,Benign,Benign
Thursday-22-02-2018_127.pcap,tcp_130,tcp,130,Benign,Benign,Benign,Benign
Friday-23-02-2018_240.pcap,udp_5671,udp,5671,Benign,Benign,Benign,Benign
Friday-02-03-2018_60.pcap,tcp_4126,tcp,4126,Benign,Benign,Benign,Benign
Thursday-15-02-2018_96.pcap,udp_3353,udp,3353,Benign,Benign,Benign,Benign
Wednesday-21-02-2018_243.pcap,udp_3615,udp,3615,Benign,Benign,Benign,Benign
Wednesday-21-02-2018_171.pcap,tcp_6737,tcp,6737,Benign,Benign,Benign,Benign
Wednesday-14-02-2018_158.pcap,tcp_2070,tcp,2070,Benign,Benign,Benign,Benign
Thursday-22-02-2018_112.pcap,tcp_2730,tcp,2730,Benign,Benign,Benign,Benign
Friday-23-02-2018_255.pcap,tcp_2217,tcp,2217,Benign,Benign,Benign,Benign
Thursday-15-02-2018_143.pcap,udp_2024,udp,2024,Benign,Benign,Benign,Benign
Friday-23-02-2018_316.pcap,tcp_5424,tcp,5424,Benign,Benign,Benign,Benign
Friday-02-03-2018_55.pcap,tcp_4338,tcp,4338,Benign,Benign,Benign,Benign
Wednesday-21-02-2018_257.pcap,udp_5590,udp,5590,Benign,Benign,Benign,Benign
Thursday-22-02-2018_11.pcap,udp_5884,udp,5884,Benign,Benign,Benign,Benign
Wednesday-14-02-2018_70.pcap,udp_905,udp,905,Benign,Benign,Benign,Benign
Friday-23-02-2018_237.pcap,udp_357,udp,357,Benign,Benign,Benign,Benign
Thursday-15-02-2018_182.pcap,tcp_3953,tcp,3953,Benign,Benign,Benign,Benign
Friday-23-02-2018_349.pcap,udp_2266,udp,2266,Benign,Benign,Benign,Benign
Friday-16-02-2018_324.pcap,tcp_3725,tcp,3725,Benign,Benign,Benign,Benign
Wednesday-14-02-2018_85.pcap,udp_2591,udp,2591,Benign,Benign,Benign,Benign
Friday-23-02-2018_259.pcap,tcp_5475,tcp,5475,Benign,Benign,Benign,Benign
Friday-23-02-2018_292.pcap,udp_219,udp,219,Benign,Benign,Benign,Benign
Wednesday-21-02-2018_203.pcap,tcp_1708,tcp,1708,Benign,Benign,Benign,Benign
Wednesday-14-02-2018_148.pcap,udp_2812,udp,2812,Benign,Benign,Benign,Benign
Thursday-15-02-2018_174.pcap,tcp_1118,tcp,1118,Benign,Benign,Benign,Benign
Friday-23-02-2018_218.pcap,udp_712,udp,712,Benign,Benign,Benign,Benign
Wednesday-14-02-2018_96.pcap,tcp_4065,tcp,4065,Benign,Benign,Benign,Benign
Wednesday-21-02-2018_265.pcap,tcp_2236,tcp,2236,Benign,Benign,Benign,Benign
Friday-23-02-2018_254.pcap,tcp_807,tcp,807,Benign,Benign,Benign,Benign
Wednesday-21-02-2018_252.pcap,udp_4849,udp,4849,Benign,Benign,Benign,Benign
Friday-23-02-2018_219.pcap,udp_4096,udp,4096,Benign,Benign,Benign,Benign
Friday-23-02-2018_285.pcap,tcp_5093,tcp,5093,Benign,Benign,Benign,Benign
Wednesday-21-02-2018_104.pcap,tcp_5139,tcp,5139,Benign,Benign,Benign,Benign
Friday-23-02-2018_348.pcap,tcp_2582,tcp,2582,Benign,Benign,Benign,Benign
Thursday-22-02-2018_134.pcap,udp_4643,udp,4643,Benign,Benign,Benign,Benign
Wednesday-21-02-2018_13.pcap,udp_3848,udp,3848,Benign,Benign,Benign,Benign
Friday-23-02-2018_235.pcap,tcp_3190,tcp,3190,Benign,Benign,Benign,Benign
Wednesday-14-02-2018_157.pcap,udp_5130,udp,5130,Benign,Benign,Benign,Benign
Thursday-22-02-2018_106.pcap,tcp_7666,tcp,7666,Benign,Benign,Benign,Benign
Thursday-15-02-2018_133.pcap,tcp_5249,tcp,5249,Benign,Benign,Benign,Benign
Wednesday-14-02-2018_117.pcap,tcp_5263,tcp,5263,Benign,Benign,Benign,Benign
Wednesday-14-02-2018_165.pcap,tcp_6043,tcp,6043,Benign,Benign,Benign,Benign
Friday-23-02-2018_337.pcap,tcp_7348,tcp,7348,Benign,Benign,Benign,Benign
Friday-16-02-2018_295.pcap,tcp_3319,tcp,3319,Benign,Benign,Benign,Benign
Friday-16-02-2018_33.pcap,udp_3439,udp,3439,Benign,Benign,Benign,Benign
Wednesday-21-02-2018_140.pcap,tcp_3653,tcp,3653,Benign,Benign,Benign,Benign
Friday-23-02-2018_285.pcap,udp_5885,udp,5885,Benign,Benign,Benign,Benign
Friday-23-02-2018_255.pcap,tcp_3866,tcp,3866,Benign,Benign,Benign,Benign
Thursday-15-02-2018_163.pcap,tcp_1406,tcp,1406,Benign,Benign,Benign,Benign
Wednesday-14-02-2018_133.pcap,tcp_3161,tcp,3161,Benign,Benign,Benign,Benign
Thursday-01-03-2018_362.pcap,tcp_3055,tcp,3055,Benign,Benign,Benign,Benign
Thursday-22-02-2018_11.pcap,udp_5798,udp,5798,Benign,Benign,Benign,Benign
Friday-23-02-2018_249.pcap,tcp_5243,tcp,5243,Benign,Benign,Benign,Benign
Wednesday-14-02-2018_99.pcap,tcp_6921,tcp,6921,Benign,Benign,Benign,Benign
Wednesday-14-02-2018_158.pcap,udp_3522,udp,3522,Benign,Benign,Benign,Benign
Thursday-22-02-2018_11.pcap,tcp_4405,tcp,4405,Benign,Benign,Benign,Benign
Wednesday-14-02-2018_124.pcap,udp_3059,udp,3059,Benign,Benign,Benign,Benign
Friday-16-02-2018_322.pcap,tcp_3711,tcp,3711,Benign,Benign,Benign,Benign
Thursday-15-02-2018_126.pcap,tcp_3043,tcp,3043,Benign,Benign,Benign,Benign
Wednesday-21-02-2018_283.pcap,udp_34,udp,34,Benign,Benign,Benign,Benign
Friday-02-03-2018_84.pcap,tcp_201,tcp,201,Benign,Benign,Benign,Benign
Wednesday-21-02-2018_101.pcap,tcp_5821,tcp,5821,Benign,Benign,Benign,Benign
Thursday-01-03-2018_424.pcap,tcp_6774,tcp,6774,Benign,Benign,Benign,Benign
Wednesday-21-02-2018_210.pcap,tcp_67,tcp,67,Benign,Benign,Benign,Benign
Friday-23-02-2018_300.pcap,tcp_1164,tcp,1164,Benign,Benign,Benign,Benign
Friday-02-03-2018_54.pcap,tcp_5565,tcp,5565,Benign,Benign,Benign,Benign
Friday-23-02-2018_208.pcap,udp_3370,udp,3370,Benign,Benign,Benign,Benign
Wednesday-21-02-2018_245.pcap,udp_2219,udp,2219,Benign,Benign,Benign,Benign
Wednesday-21-02-2018_154.pcap,udp_6,udp,6,Benign,Benign,Benign,Benign
Friday-23-02-2018_291.pcap,udp_5040,udp,5040,Benign,Benign,Benign,Benign
Friday-23-02-2018_301.pcap,udp_1025,udp,1025,Benign,Benign,Benign,Benign
Thursday-01-03-2018_410.pcap,tcp_4807,tcp,4807,Benign,Benign,Benign,Benign
Wednesday-14-02-2018_93.pcap,udp_5714,udp,5714,Benign,Benign,Benign,Benign
Friday-23-02-2018_342.pcap,tcp_4806,tcp,4806,Benign,Benign,Benign,Benign
Wednesday-21-02-2018_208.pcap,udp_6029,udp,6029,Benign,Benign,Benign,Benign
Friday-02-03-2018_58.pcap,udp_938,udp,938,Benign,Benign,Benign,Benign
Thursday-22-02-2018_121.pcap,tcp_3672,tcp,3672,Benign,Benign,Benign,Benign
Thursday-15-02-2018_95.pcap,udp_84,udp,84,Benign,Benign,Benign,Benign
Friday-23-02-2018_342.pcap,tcp_5577,tcp,5577,Benign,Benign,Benign,Benign
Friday-23-02-2018_326.pcap,udp_469,udp,469,Benign,Benign,Benign,Benign
Friday-02-03-2018_57.pcap,tcp_483,tcp,483,Benign,Benign,Benign,Benign
Wednesday-14-02-2018_122.pcap,tcp_3006,tcp,3006,Benign,Benign,Benign,Benign
Friday-16-02-2018_302.pcap,tcp_5783,tcp,5783,Benign,Benign,Benign,Benign
Wednesday-14-02-2018_89.pcap,tcp_4790,tcp,4790,Benign,Benign,Benign,Benign
Wednesday-21-02-2018_200.pcap,udp_2799,udp,2799,Benign,Benign,Benign,Benign
Wednesday-21-02-2018_194.pcap,tcp_275,tcp,275,Benign,Benign,Benign,Benign
Wednesday-14-02-2018_99.pcap,tcp_5414,tcp,5414,Benign,Benign,Benign,Benign
Wednesday-21-02-2018_250.pcap,tcp_3801,tcp,3801,Benign,Benign,Benign,Benign
Friday-23-02-2018_333.pcap,tcp_4406,tcp,4406,Benign,Benign,Benign,Benign
Thursday-22-02-2018_131.pcap,tcp_2732,tcp,2732,Benign,Benign,Benign,Benign
Friday-23-02-2018_298.pcap,tcp_6435,tcp,6435,Benign,Benign,Benign,Benign
Wednesday-21-02-2018_306.pcap,udp_2983,udp,2983,Benign,Benign,Benign,Benign
Thursday-01-03-2018_435.pcap,udp_559,udp,559,Benign,Benign,Benign,Benign
Friday-23-02-2018_298.pcap,tcp_7073,tcp,7073,Benign,Benign,Benign,Benign
Friday-23-02-2018_344.pcap,udp_4470,udp,4470,Benign,Benign,Benign,Benign
Wednesday-14-02-2018_159.pcap,tcp_4484,tcp,4484,Benign,Benign,Benign,Benign
Friday-16-02-2018_112.pcap,udp_2959,udp,2959,Benign,Benign,Benign,Benign
Wednesday-21-02-2018_222.pcap,udp_1847,udp,1847,Benign,Benign,Benign,Benign
Wednesday-21-02-2018_143.pcap,tcp_300,tcp,300,Benign,Benign,Benign,Benign
Friday-23-02-2018_256.pcap,tcp_5113,tcp,5113,Benign,Benign,Benign,Benign
Friday-23-02-2018_290.pcap,tcp_6245,tcp,6245,Benign,Benign,Benign,Benign
Wednesday-14-02-2018_53.pcap,udp_1299,udp,1299,Benign,Benign,Benign,Benign
Thursday-22-02-2018_133.pcap,udp_2766,udp,2766,Benign,Benign,Benign,Benign
Thursday-01-03-2018_429.pcap,tcp_3296,tcp,3296,Benign,Benign,Benign,Benign
Thursday-01-03-2018_366.pcap,tcp_32,tcp,32,Benign,Benign,Benign,Benign
Wednesday-21-02-2018_19.pcap,udp_523,udp,523,Benign,Benign,Benign,Benign
Wednesday-14-02-2018_55.pcap,tcp_2434,tcp,2434,Benign,Benign,Benign,Benign
Wednesday-21-02-2018_283.pcap,udp_2399,udp,2399,Benign,Benign,Benign,Benign
Wednesday-14-02-2018_125.pcap,udp_6198,udp,6198,Benign,Benign,Benign,Benign
Wednesday-21-02-2018_275.pcap,udp_2201,udp,2201,Benign,Benign,Benign,Benign
Friday-02-03-2018_90.pcap,udp_4328,udp,4328,Benign,Benign,Benign,Benign
Friday-23-02-2018_207.pcap,tcp_6286,tcp,6286,Benign,Benign,Benign,Benign
Thursday-15-02-2018_132.pcap,tcp_3611,tcp,3611,Benign,Benign,Benign,Benign
Thursday-15-02-2018_129.pcap,tcp_5773,tcp,5773,Benign,Benign,Benign,Benign
Wednesday-21-02-2018_262.pcap,tcp_2483,tcp,2483,Benign,Benign,Benign,Benign
Friday-23-02-2018_325.pcap,tcp_295,tcp,295,Benign,Benign,Benign,Benign
Wednesday-21-02-2018_183.pcap,udp_2359,udp,2359,Benign,Benign,Benign,Benign
Thursday-01-03-2018_43.pcap,tcp_8152,tcp,8152,Benign,Benign,Benign,Benign
Wednesday-21-02-2018_247.pcap,tcp_6035,tcp,6035,Benign,Benign,Benign,Benign
Friday-16-02-2018_271.pcap,udp_4694,udp,4694,Benign,Benign,Benign,Benign
Thursday-15-02-2018_183.pcap,udp_4782,udp,4782,Benign,Benign,Benign,Benign
Thursday-22-02-2018_10.pcap,tcp_2648,tcp,2648,Benign,Benign,Benign,Benign
Friday-23-02-2018_207.pcap,tcp_5023,tcp,5023,Benign,Benign,Benign,Benign
Thursday-01-03-2018_392.pcap,tcp_476,tcp,476,Benign,Benign,Benign,Benign
Friday-02-03-2018_54.pcap,tcp_9144,tcp,9144,Benign,Benign,Benign,Benign
Wednesday-21-02-2018_259.pcap,udp_4047,udp,4047,Benign,Benign,Benign,Benign
Friday-02-03-2018_84.pcap,tcp_529,tcp,529,Benign,Benign,Benign,Benign
Friday-16-02-2018_290.pcap,udp_300,udp,300,Benign,Benign,Benign,Benign
Thursday-15-02-2018_145.pcap,udp_4451,udp,4451,Benign,Benign,Benign,Benign
Friday-23-02-2018_34.pcap,tcp_115,tcp,115,Benign,Benign,Benign,Benign
Thursday-22-02-2018_128.pcap,udp_849,udp,849,Benign,Benign,Benign,Benign
Friday-23-02-2018_303.pcap,tcp_1724,tcp,1724,Benign,Benign,Benign,Benign
Wednesday-21-02-2018_129.pcap,udp_5834,udp,5834,Benign,Benign,Benign,Benign
Wednesday-21-02-2018_327.pcap,tcp_4581,tcp,4581,Benign,Benign,Benign,Benign
Thursday-22-02-2018_119.pcap,tcp_2302,tcp,2302,Benign,Benign,Benign,Benign
Friday-23-02-2018_288.pcap,tcp_3636,tcp,3636,Benign,Benign,Benign,Benign
Wednesday-14-02-2018_81.pcap,tcp_2292,tcp,2292,Benign,Benign,Benign,Benign
Thursday-22-02-2018_118.pcap,udp_1631,udp,1631,Benign,Benign,Benign,Benign
Friday-16-02-2018_293.pcap,udp_2352,udp,2352,Benign,Benign,Benign,Benign
Wednesday-21-02-2018_236.pcap,udp_1899,udp,1899,Benign,Benign,Benign,Benign
Thursday-15-02-2018_165.pcap,tcp_4196,tcp,4196,Benign,Benign,Benign,Benign
Wednesday-14-02-2018_181.pcap,udp_555,udp,555,Benign,Benign,Benign,Benign
Wednesday-28-02-2018_89.pcap,tcp_7263,tcp,7263,Benign,Benign,Benign,Benign
Thursday-01-03-2018_428.pcap,tcp_3721,tcp,3721,Benign,Benign,Benign,Benign
Thursday-01-03-2018_374.pcap,tcp_4316,tcp,4316,Benign,Benign,Benign,Benign
Friday-02-03-2018_95.pcap,tcp_1347,tcp,1347,Benign,Benign,Benign,Benign
Friday-02-03-2018_62.pcap,tcp_2526,tcp,2526,Benign,Benign,Benign,Benign
Friday-02-03-2018_5.pcap,tcp_4252,tcp,4252,Benign,Benign,Benign,Benign
Wednesday-21-02-2018_107.pcap,tcp_5517,tcp,5517,Benign,Benign,Benign,Benign
Thursday-15-02-2018_185.pcap,udp_5609,udp,5609,Benign,Benign,Benign,Benign
Wednesday-21-02-2018_247.pcap,tcp_509,tcp,509,Benign,Benign,Benign,Benign
Friday-16-02-2018_106.pcap,udp_3271,udp,3271,Benign,Benign,Benign,Benign
Thursday-15-02-2018_163.pcap,tcp_1004,tcp,1004,Benign,Benign,Benign,Benign
Wednesday-14-02-2018_165.pcap,udp_4663,udp,4663,Benign,Benign,Benign,Benign
Thursday-15-02-2018_160.pcap,udp_4426,udp,4426,Benign,Benign,Benign,Benign
Wednesday-14-02-2018_173.pcap,tcp_3799,tcp,3799,Benign,Benign,Benign,Benign
Thursday-01-03-2018_357.pcap,tcp_1300,tcp,1300,Benign,Benign,Benign,Benign
Wednesday-21-02-2018_215.pcap,tcp_5610,tcp,5610,Benign,Benign,Benign,Benign
Wednesday-21-02-2018_149.pcap,tcp_8442,tcp,8442,Benign,Benign,Benign,Benign
Friday-23-02-2018_231.pcap,udp_3345,udp,3345,Benign,Benign,Benign,Benign
Friday-16-02-2018_274.pcap,udp_2820,udp,2820,Benign,Benign,Benign,Benign
Wednesday-21-02-2018_25.pcap,tcp_806,tcp,806,Benign,Benign,Benign,Benign
Wednesday-21-02-2018_157.pcap,tcp_803,tcp,803,Benign,Benign,Benign,Benign
Friday-02-03-2018_83.pcap,tcp_614,tcp,614,Benign,Benign,Benign,Benign
Thursday-22-02-2018_1.pcap,udp_3908,udp,3908,Benign,Benign,Benign,Benign
Wednesday-21-02-2018_149.pcap,udp_1608,udp,1608,Benign,Benign,Benign,Benign
Friday-23-02-2018_32.pcap,udp_835,udp,835,Benign,Benign,Benign,Benign
Wednesday-21-02-2018_101.pcap,tcp_9904,tcp,9904,Benign,Benign,Benign,Benign
Thursday-22-02-2018_107.pcap,tcp_7962,tcp,7962,Benign,Benign,Benign,Benign
Friday-23-02-2018_219.pcap,tcp_904,tcp,904,Benign,Benign,Benign,Benign
Friday-16-02-2018_272.pcap,tcp_1769,tcp,1769,Benign,Benign,Benign,Benign
Friday-02-03-2018_57.pcap,udp_360,udp,360,Benign,Benign,Benign,Benign
Friday-23-02-2018_232.pcap,tcp_2043,tcp,2043,Benign,Benign,Benign,Benign
Thursday-01-03-2018_356.pcap,tcp_4603,tcp,4603,Benign,Benign,Benign,Benign
Thursday-15-02-2018_17.pcap,udp_786,udp,786,Benign,Benign,Benign,Benign
Wednesday-14-02-2018_138.pcap,tcp_1604,tcp,1604,Benign,Benign,Benign,Benign
Wednesday-21-02-2018_151.pcap,tcp_2697,tcp,2697,Benign,Benign,Benign,Benign
Wednesday-28-02-2018_91.pcap,udp_2412,udp,2412,Benign,Benign,Benign,Benign
Wednesday-21-02-2018_282.pcap,tcp_218,tcp,218,Benign,Benign,Benign,Benign
Wednesday-14-02-2018_176.pcap,udp_1571,udp,1571,Benign,Benign,Benign,Benign
Thursday-15-02-2018_196.pcap,tcp_286,tcp,286,Benign,Benign,Benign,Benign
Thursday-22-02-2018_102.pcap,tcp_6295,tcp,6295,Benign,Benign,Benign,Benign
Wednesday-14-02-2018_62.pcap,udp_756,udp,756,Benign,Benign,Benign,Benign
Friday-16-02-2018_305.pcap,tcp_1530,tcp,1530,Benign,Benign,Benign,Benign
Friday-23-02-2018_251.pcap,udp_1315,udp,1315,Benign,Benign,Benign,Benign
Friday-02-03-2018_86.pcap,udp_4514,udp,4514,Benign,Benign,Benign,Benign
Thursday-22-02-2018_145.pcap,udp_419,udp,419,Benign,Benign,Benign,Benign
Thursday-01-03-2018_422.pcap,tcp_9378,tcp,9378,Benign,Benign,Benign,Benign
Friday-16-02-2018_280.pcap,tcp_4372,tcp,4372,Benign,Benign,Benign,Benign
Wednesday-14-02-2018_170.pcap,tcp_1725,tcp,1725,Benign,Benign,Benign,Benign
Thursday-01-03-2018_393.pcap,tcp_5784,tcp,5784,Benign,Benign,Benign,Benign
Friday-16-02-2018_306.pcap,udp_2915,udp,2915,Benign,Benign,Benign,Benign
Friday-02-03-2018_66.pcap,tcp_10107,tcp,10107,Benign,Benign,Benign,Benign
Thursday-15-02-2018_92.pcap,udp_2293,udp,2293,Benign,Benign,Benign,Benign
Thursday-15-02-2018_122.pcap,udp_470,udp,470,Benign,Benign,Benign,Benign
Friday-02-03-2018_93.pcap,tcp_5704,tcp,5704,Benign,Benign,Benign,Benign
Wednesday-21-02-2018_296.pcap,tcp_1160,tcp,1160,Benign,Benign,Benign,Benign
Wednesday-21-02-2018_151.pcap,udp_871,udp,871,Benign,Benign,Benign,Benign
Friday-02-03-2018_60.pcap,tcp_5100,tcp,5100,Benign,Benign,Benign,Benign
Friday-23-02-2018_290.pcap,tcp_3662,tcp,3662,Benign,Benign,Benign,Benign
Friday-23-02-2018_221.pcap,udp_5369,udp,5369,Benign,Benign,Benign,Benign
Thursday-22-02-2018_133.pcap,tcp_2574,tcp,2574,Benign,Benign,Benign,Benign
Friday-23-02-2018_238.pcap,udp_4610,udp,4610,Benign,Benign,Benign,Benign
Friday-16-02-2018_298.pcap,tcp_2746,tcp,2746,Benign,Benign,Benign,Benign
Wednesday-21-02-2018_316.pcap,tcp_4838,tcp,4838,Benign,Benign,Benign,Benign
Wednesday-21-02-2018_170.pcap,udp_5801,udp,5801,Benign,Benign,Benign,Benign
Wednesday-21-02-2018_154.pcap,tcp_5867,tcp,5867,Benign,Benign,Benign,Benign
Friday-23-02-2018_210.pcap,udp_2586,udp,2586,Benign,Benign,Benign,Benign
Friday-23-02-2018_257.pcap,udp_4675,udp,4675,Benign,Benign,Benign,Benign
Thursday-01-03-2018_379.pcap,tcp_634,tcp,634,Benign,Benign,Benign,Benign
Thursday-22-02-2018_104.pcap,tcp_5410,tcp,5410,Benign,Benign,Benign,Benign
Friday-23-02-2018_282.pcap,udp_2711,udp,2711,Benign,Benign,Benign,Benign
Friday-23-02-2018_258.pcap,udp_2400,udp,2400,Benign,Benign,Benign,Benign
Wednesday-21-02-2018_144.pcap,udp_1055,udp,1055,Benign,Benign,Benign,Benign
Thursday-01-03-2018_414.pcap,tcp_4362,tcp,4362,Benign,Benign,Benign,Benign
Wednesday-21-02-2018_213.pcap,udp_5214,udp,5214,Benign,Benign,Benign,Benign
Friday-16-02-2018_289.pcap,tcp_718,tcp,718,Benign,Benign,Benign,Benign
Thursday-15-02-2018_181.pcap,udp_1834,udp,1834,Benign,Benign,Benign,Benign
Thursday-15-02-2018_136.pcap,udp_3398,udp,3398,Benign,Benign,Benign,Benign
Wednesday-21-02-2018_242.pcap,udp_405,udp,405,Benign,Benign,Benign,Benign
Friday-02-03-2018_68.pcap,udp_4316,udp,4316,Benign,Benign,Benign,Benign
Wednesday-21-02-2018_176.pcap,tcp_2855,tcp,2855,Benign,Benign,Benign,Benign
Wednesday-14-02-2018_150.pcap,tcp_3911,tcp,3911,Benign,Benign,Benign,Benign
Thursday-22-02-2018_101.pcap,udp_335,udp,335,Benign,Benign,Benign,Benign
Wednesday-28-02-2018_92.pcap,tcp_2273,tcp,2273,Benign,Benign,Benign,Benign
Wednesday-21-02-2018_147.pcap,tcp_4082,tcp,4082,Benign,Benign,Benign,Benign
Thursday-15-02-2018_181.pcap,tcp_1730,tcp,1730,Benign,Benign,Benign,Benign
Friday-23-02-2018_218.pcap,udp_43,udp,43,Benign,Benign,Benign,Benign
Wednesday-14-02-2018_128.pcap,udp_73,udp,73,Benign,Benign,Benign,Benign
Wednesday-21-02-2018_125.pcap,tcp_2735,tcp,2735,Benign,Benign,Benign,Benign
Wednesday-21-02-2018_210.pcap,tcp_1086,tcp,1086,Benign,Benign,Benign,Benign
Wednesday-21-02-2018_223.pcap,udp_5634,udp,5634,Benign,Benign,Benign,Benign
Thursday-15-02-2018_153.pcap,udp_4842,udp,4842,Benign,Benign,Benign,Benign
Thursday-15-02-2018_86.pcap,udp_5353,udp,5353,Benign,Benign,Benign,Benign
Wednesday-21-02-2018_120.pcap,udp_2401,udp,2401,Benign,Benign,Benign,Benign
Thursday-01-03-2018_41.pcap,tcp_9792,tcp,9792,Benign,Benign,Benign,Benign
Thursday-15-02-2018_193.pcap,udp_2587,udp,2587,Benign,Benign,Benign,Benign
Friday-23-02-2018_229.pcap,udp_3456,udp,3456,Benign,Benign,Benign,Benign
Wednesday-21-02-2018_214.pcap,tcp_6675,tcp,6675,Benign,Benign,Benign,Benign
Wednesday-14-02-2018_8.pcap,udp_2271,udp,2271,Benign,Benign,Benign,Benign
Wednesday-21-02-2018_112.pcap,udp_116,udp,116,Benign,Benign,Benign,Benign
Wednesday-21-02-2018_293.pcap,tcp_4822,tcp,4822,Benign,Benign,Benign,Benign
Thursday-01-03-2018_422.pcap,tcp_13524,tcp,13524,Benign,Benign,Benign,Benign
Friday-23-02-2018_304.pcap,udp_1036,udp,1036,Benign,Benign,Benign,Benign
Friday-23-02-2018_348.pcap,tcp_187,tcp,187,Benign,Benign,Benign,Benign
Friday-16-02-2018_300.pcap,tcp_2438,tcp,2438,Benign,Benign,Benign,Benign
Wednesday-21-02-2018_236.pcap,tcp_2845,tcp,2845,Benign,Benign,Benign,Benign
Thursday-22-02-2018_11.pcap,tcp_645,tcp,645,Benign,Benign,Benign,Benign
Wednesday-21-02-2018_177.pcap,udp_1566,udp,1566,Benign,Benign,Benign,Benign
Friday-23-02-2018_213.pcap,tcp_3994,tcp,3994,Benign,Benign,Benign,Benign
Wednesday-14-02-2018_98.pcap,udp_301,udp,301,Benign,Benign,Benign,Benign
Thursday-15-02-2018_163.pcap,udp_2942,udp,2942,Benign,Benign,Benign,Benign
Friday-23-02-2018_305.pcap,tcp_2863,tcp,2863,Benign,Benign,Benign,Benign
Wednesday-21-02-2018_184.pcap,tcp_3330,tcp,3330,Benign,Benign,Benign,Benign
Friday-16-02-2018_265.pcap,tcp_5064,tcp,5064,Benign,Benign,Benign,Benign
Friday-16-02-2018_28.pcap,tcp_985,tcp,985,Benign,Benign,Benign,Benign
Friday-16-02-2018_264.pcap,udp_1985,udp,1985,Benign,Benign,Benign,Benign
Wednesday-21-02-2018_324.pcap,tcp_5892,tcp,5892,Benign,Benign,Benign,Benign
Thursday-15-02-2018_143.pcap,tcp_3499,tcp,3499,Benign,Benign,Benign,Benign
Wednesday-21-02-2018_162.pcap,tcp_7270,tcp,7270,Benign,Benign,Benign,Benign
Thursday-15-02-2018_196.pcap,udp_6745,udp,6745,Benign,Benign,Benign,Benign
Friday-16-02-2018_105.pcap,udp_4302,udp,4302,Benign,Benign,Benign,Benign
Wednesday-21-02-2018_159.pcap,tcp_2156,tcp,2156,Benign,Benign,Benign,Benign
Thursday-15-02-2018_126.pcap,tcp_2273,tcp,2273,Benign,Benign,Benign,Benign
Friday-23-02-2018_211.pcap,tcp_2046,tcp,2046,Benign,Benign,Benign,Benign
Friday-23-02-2018_331.pcap,tcp_4388,tcp,4388,Benign,Benign,Benign,Benign
Friday-23-02-2018_283.pcap,tcp_5563,tcp,5563,Benign,Benign,Benign,Benign
Thursday-15-02-2018_158.pcap,udp_152,udp,152,Benign,Benign,Benign,Benign
Wednesday-21-02-2018_102.pcap,tcp_3240,tcp,3240,Benign,Benign,Benign,Benign
Friday-23-02-2018_225.pcap,tcp_509,tcp,509,Benign,Benign,Benign,Benign
Friday-23-02-2018_250.pcap,tcp_6834,tcp,6834,Benign,Benign,Benign,Benign
Friday-02-03-2018_74.pcap,tcp_3454,tcp,3454,Benign,Benign,Benign,Benign
Friday-23-02-2018_21.pcap,tcp_5466,tcp,5466,Benign,Benign,Benign,Benign
Wednesday-21-02-2018_158.pcap,udp_4815,udp,4815,Benign,Benign,Benign,Benign
Wednesday-21-02-2018_230.pcap,tcp_2982,tcp,2982,Benign,Benign,Benign,Benign
Wednesday-21-02-2018_139.pcap,udp_5540,udp,5540,Benign,Benign,Benign,Benign
Thursday-15-02-2018_98.pcap,udp_3271,udp,3271,Benign,Benign,Benign,Benign
Wednesday-21-02-2018_154.pcap,udp_966,udp,966,Benign,Benign,Benign,Benign
Wednesday-14-02-2018_179.pcap,udp_1943,udp,1943,Benign,Benign,Benign,Benign
Friday-23-02-2018_300.pcap,tcp_8511,tcp,8511,Benign,Benign,Benign,Benign
Wednesday-21-02-2018_195.pcap,tcp_1178,tcp,1178,Benign,Benign,Benign,Benign
Friday-16-02-2018_322.pcap,tcp_1473,tcp,1473,Benign,Benign,Benign,Benign
Friday-23-02-2018_320.pcap,tcp_1460,tcp,1460,Benign,Benign,Benign,Benign
Friday-16-02-2018_28.pcap,udp_49,udp,49,Benign,Benign,Benign,Benign
Friday-16-02-2018_264.pcap,tcp_2999,tcp,2999,Benign,Benign,Benign,Benign
Thursday-15-02-2018_176.pcap,tcp_2600,tcp,2600,Benign,Benign,Benign,Benign
Wednesday-14-02-2018_92.pcap,udp_2961,udp,2961,Benign,Benign,Benign,Benign
Wednesday-28-02-2018_99.pcap,udp_2958,udp,2958,Benign,Benign,Benign,Benign
Thursday-01-03-2018_429.pcap,tcp_4987,tcp,4987,Benign,Benign,Benign,Benign
Thursday-22-02-2018_127.pcap,tcp_7051,tcp,7051,Benign,Benign,Benign,Benign
Wednesday-21-02-2018_265.pcap,udp_473,udp,473,Benign,Benign,Benign,Benign
Friday-16-02-2018_328.pcap,tcp_1374,tcp,1374,Benign,Benign,Benign,Benign
Wednesday-14-02-2018_91.pcap,udp_2501,udp,2501,Benign,Benign,Benign,Benign
Friday-16-02-2018_285.pcap,tcp_789,tcp,789,Benign,Benign,Benign,Benign
Wednesday-21-02-2018_2.pcap,udp_2325,udp,2325,Benign,Benign,Benign,Benign
Wednesday-14-02-2018_114.pcap,udp_2650,udp,2650,Benign,Benign,Benign,Benign
Wednesday-14-02-2018_87.pcap,udp_2897,udp,2897,Benign,Benign,Benign,Benign
Thursday-15-02-2018_158.pcap,tcp_5813,tcp,5813,Benign,Benign,Benign,Benign
Friday-23-02-2018_208.pcap,tcp_5623,tcp,5623,Benign,Benign,Benign,Benign
Friday-23-02-2018_259.pcap,udp_1690,udp,1690,Benign,Benign,Benign,Benign
Wednesday-14-02-2018_83.pcap,udp_5424,udp,5424,Benign,Benign,Benign,Benign
Wednesday-21-02-2018_253.pcap,tcp_4739,tcp,4739,Benign,Benign,Benign,Benign
Friday-23-02-2018_330.pcap,tcp_118,tcp,118,Benign,Benign,Benign,Benign
Friday-23-02-2018_328.pcap,tcp_2329,tcp,2329,Benign,Benign,Benign,Benign
Friday-16-02-2018_104.pcap,tcp_4665,tcp,4665,Benign,Benign,Benign,Benign
Wednesday-21-02-2018_25.pcap,udp_3669,udp,3669,Benign,Benign,Benign,Benign
Wednesday-21-02-2018_282.pcap,tcp_186,tcp,186,Benign,Benign,Benign,Benign
Wednesday-21-02-2018_200.pcap,udp_1076,udp,1076,Benign,Benign,Benign,Benign
Friday-02-03-2018_81.pcap,udp_12727,udp,12727,Benign,Benign,Benign,Benign
Wednesday-21-02-2018_132.pcap,udp_798,udp,798,Benign,Benign,Benign,Benign
Thursday-15-02-2018_146.pcap,tcp_469,tcp,469,Benign,Benign,Benign,Benign
Friday-16-02-2018_290.pcap,udp_1810,udp,1810,Benign,Benign,Benign,Benign
Friday-23-02-2018_211.pcap,tcp_1906,tcp,1906,Benign,Benign,Benign,Benign
Friday-16-02-2018_270.pcap,udp_5056,udp,5056,Benign,Benign,Benign,Benign
Friday-02-03-2018_85.pcap,udp_273,udp,273,Benign,Benign,Benign,Benign
Wednesday-21-02-2018_133.pcap,tcp_2078,tcp,2078,Benign,Benign,Benign,Benign
Wednesday-21-02-2018_192.pcap,tcp_4606,tcp,4606,Benign,Benign,Benign,Benign
Friday-02-03-2018_82.pcap,udp_3114,udp,3114,Benign,Benign,Benign,Benign
Thursday-01-03-2018_390.pcap,udp_610,udp,610,Benign,Benign,Benign,Benign
Thursday-15-02-2018_159.pcap,tcp_4182,tcp,4182,Benign,Benign,Benign,Benign
Friday-23-02-2018_315.pcap,udp_2253,udp,2253,Benign,Benign,Benign,Benign
Wednesday-21-02-2018_290.pcap,udp_5852,udp,5852,Benign,Benign,Benign,Benign
Thursday-15-02-2018_170.pcap,udp_2465,udp,2465,Benign,Benign,Benign,Benign
Thursday-15-02-2018_120.pcap,tcp_1298,tcp,1298,Benign,Benign,Benign,Benign
Wednesday-14-02-2018_96.pcap,tcp_6620,tcp,6620,Benign,Benign,Benign,Benign
Wednesday-21-02-2018_163.pcap,tcp_5620,tcp,5620,Benign,Benign,Benign,Benign
Friday-23-02-2018_285.pcap,tcp_3221,tcp,3221,Benign,Benign,Benign,Benign
Friday-23-02-2018_318.pcap,udp_1142,udp,1142,Benign,Benign,Benign,Benign
Wednesday-21-02-2018_130.pcap,udp_2747,udp,2747,Benign,Benign,Benign,Benign
Wednesday-21-02-2018_166.pcap,udp_4041,udp,4041,Benign,Benign,Benign,Benign
Wednesday-21-02-2018_446.pcap,udp_31,udp,31,LOIC-UDP,Malware,DDoS,LOIC-UDP
Wednesday-21-02-2018_446.pcap,udp_40,udp,40,LOIC-UDP,Malware,DDoS,LOIC-UDP
Wednesday-21-02-2018_446.pcap,udp_60,udp,60,LOIC-UDP,Malware,DDoS,LOIC-UDP
Wednesday-21-02-2018_446.pcap,udp_66,udp,66,LOIC-UDP,Malware,DDoS,LOIC-UDP
Wednesday-21-02-2018_446.pcap,udp_96,udp,96,LOIC-UDP,Malware,DDoS,LOIC-UDP
Wednesday-21-02-2018_446.pcap,udp_100,udp,100,LOIC-UDP,Malware,DDoS,LOIC-UDP
Wednesday-21-02-2018_446.pcap,udp_109,udp,109,LOIC-UDP,Malware,DDoS,LOIC-UDP
Friday-16-02-2018_442.pcap,tcp_150576,tcp,150576,Hulk,Malware,DoS,Hulk
Friday-16-02-2018_442.pcap,tcp_116176,tcp,116176,Hulk,Malware,DoS,Hulk
Friday-16-02-2018_442.pcap,tcp_177196,tcp,177196,Hulk,Malware,DoS,Hulk
Friday-16-02-2018_442.pcap,tcp_160185,tcp,160185,Hulk,Malware,DoS,Hulk
Friday-16-02-2018_442.pcap,tcp_178156,tcp,178156,Hulk,Malware,DoS,Hulk
Friday-16-02-2018_442.pcap,tcp_176997,tcp,176997,Hulk,Malware,DoS,Hulk
Friday-16-02-2018_442.pcap,tcp_128420,tcp,128420,Hulk,Malware,DoS,Hulk
Friday-16-02-2018_442.pcap,tcp_138425,tcp,138425,Hulk,Malware,DoS,Hulk
Friday-16-02-2018_442.pcap,tcp_129218,tcp,129218,Hulk,Malware,DoS,Hulk
Friday-16-02-2018_442.pcap,tcp_126292,tcp,126292,Hulk,Malware,DoS,Hulk
Friday-16-02-2018_442.pcap,tcp_144906,tcp,144906,Hulk,Malware,DoS,Hulk
Friday-16-02-2018_442.pcap,tcp_146478,tcp,146478,Hulk,Malware,DoS,Hulk
Friday-16-02-2018_442.pcap,tcp_145488,tcp,145488,Hulk,Malware,DoS,Hulk
Friday-16-02-2018_442.pcap,tcp_143778,tcp,143778,Hulk,Malware,DoS,Hulk
Friday-16-02-2018_442.pcap,tcp_171665,tcp,171665,Hulk,Malware,DoS,Hulk
Friday-16-02-2018_442.pcap,tcp_125825,tcp,125825,Hulk,Malware,DoS,Hulk
Friday-16-02-2018_442.pcap,tcp_154722,tcp,154722,Hulk,Malware,DoS,Hulk
Friday-16-02-2018_442.pcap,tcp_147125,tcp,147125,Hulk,Malware,DoS,Hulk
Friday-16-02-2018_442.pcap,tcp_114269,tcp,114269,Hulk,Malware,DoS,Hulk
Friday-16-02-2018_442.pcap,tcp_125003,tcp,125003,Hulk,Malware,DoS,Hulk
Friday-16-02-2018_442.pcap,tcp_163323,tcp,163323,Hulk,Malware,DoS,Hulk
Friday-16-02-2018_442.pcap,tcp_117655,tcp,117655,Hulk,Malware,DoS,Hulk
Friday-16-02-2018_442.pcap,tcp_132822,tcp,132822,Hulk,Malware,DoS,Hulk
Friday-16-02-2018_442.pcap,tcp_139608,tcp,139608,Hulk,Malware,DoS,Hulk
Friday-16-02-2018_442.pcap,tcp_112150,tcp,112150,Hulk,Malware,DoS,Hulk
Friday-16-02-2018_442.pcap,tcp_179083,tcp,179083,Hulk,Malware,DoS,Hulk
Friday-16-02-2018_442.pcap,tcp_126173,tcp,126173,Hulk,Malware,DoS,Hulk
Friday-16-02-2018_442.pcap,tcp_174749,tcp,174749,Hulk,Malware,DoS,Hulk
Friday-16-02-2018_442.pcap,tcp_134311,tcp,134311,Hulk,Malware,DoS,Hulk
Friday-16-02-2018_442.pcap,tcp_110434,tcp,110434,Hulk,Malware,DoS,Hulk
Friday-16-02-2018_442.pcap,tcp_160092,tcp,160092,Hulk,Malware,DoS,Hulk
Friday-16-02-2018_442.pcap,tcp_152597,tcp,152597,Hulk,Malware,DoS,Hulk
Friday-16-02-2018_442.pcap,tcp_165966,tcp,165966,Hulk,Malware,DoS,Hulk
Friday-16-02-2018_442.pcap,tcp_159608,tcp,159608,Hulk,Malware,DoS,Hulk
Friday-16-02-2018_442.pcap,tcp_160239,tcp,160239,Hulk,Malware,DoS,Hulk
Friday-16-02-2018_442.pcap,tcp_168166,tcp,168166,Hulk,Malware,DoS,Hulk
Friday-16-02-2018_442.pcap,tcp_115390,tcp,115390,Hulk,Malware,DoS,Hulk
Friday-16-02-2018_442.pcap,tcp_129904,tcp,129904,Hulk,Malware,DoS,Hulk
Friday-16-02-2018_442.pcap,tcp_170359,tcp,170359,Hulk,Malware,DoS,Hulk
Friday-16-02-2018_442.pcap,tcp_116508,tcp,116508,Hulk,Malware,DoS,Hulk
Friday-16-02-2018_442.pcap,tcp_142764,tcp,142764,Hulk,Malware,DoS,Hulk
Friday-16-02-2018_442.pcap,tcp_140921,tcp,140921,Hulk,Malware,DoS,Hulk
Friday-16-02-2018_442.pcap,tcp_137463,tcp,137463,Hulk,Malware,DoS,Hulk
Friday-16-02-2018_442.pcap,tcp_175900,tcp,175900,Hulk,Malware,DoS,Hulk
Friday-16-02-2018_442.pcap,tcp_110010,tcp,110010,Hulk,Malware,DoS,Hulk
Friday-16-02-2018_442.pcap,tcp_155308,tcp,155308,Hulk,Malware,DoS,Hulk
Friday-16-02-2018_442.pcap,tcp_178649,tcp,178649,Hulk,Malware,DoS,Hulk
Friday-16-02-2018_442.pcap,tcp_151421,tcp,151421,Hulk,Malware,DoS,Hulk
Friday-16-02-2018_442.pcap,tcp_139537,tcp,139537,Hulk,Malware,DoS,Hulk
Friday-16-02-2018_442.pcap,tcp_174031,tcp,174031,Hulk,Malware,DoS,Hulk
Friday-16-02-2018_442.pcap,tcp_163907,tcp,163907,Hulk,Malware,DoS,Hulk
Friday-16-02-2018_442.pcap,tcp_163637,tcp,163637,Hulk,Malware,DoS,Hulk
Friday-16-02-2018_442.pcap,tcp_129995,tcp,129995,Hulk,Malware,DoS,Hulk
Friday-16-02-2018_442.pcap,tcp_173819,tcp,173819,Hulk,Malware,DoS,Hulk
Friday-16-02-2018_442.pcap,tcp_137450,tcp,137450,Hulk,Malware,DoS,Hulk
Friday-16-02-2018_442.pcap,tcp_115914,tcp,115914,Hulk,Malware,DoS,Hulk
Friday-16-02-2018_442.pcap,tcp_173769,tcp,173769,Hulk,Malware,DoS,Hulk
Friday-16-02-2018_442.pcap,tcp_164890,tcp,164890,Hulk,Malware,DoS,Hulk
Friday-16-02-2018_442.pcap,tcp_114764,tcp,114764,Hulk,Malware,DoS,Hulk
Friday-16-02-2018_442.pcap,tcp_127649,tcp,127649,Hulk,Malware,DoS,Hulk
Friday-16-02-2018_442.pcap,tcp_132029,tcp,132029,Hulk,Malware,DoS,Hulk
Friday-16-02-2018_442.pcap,tcp_113225,tcp,113225,Hulk,Malware,DoS,Hulk
Friday-16-02-2018_442.pcap,tcp_127793,tcp,127793,Hulk,Malware,DoS,Hulk
Friday-16-02-2018_442.pcap,tcp_165072,tcp,165072,Hulk,Malware,DoS,Hulk
Friday-16-02-2018_442.pcap,tcp_108109,tcp,108109,Hulk,Malware,DoS,Hulk
Friday-16-02-2018_442.pcap,tcp_156259,tcp,156259,Hulk,Malware,DoS,Hulk
Friday-16-02-2018_442.pcap,tcp_108559,tcp,108559,Hulk,Malware,DoS,Hulk
Friday-16-02-2018_442.pcap,tcp_117023,tcp,117023,Hulk,Malware,DoS,Hulk
Friday-16-02-2018_442.pcap,tcp_151121,tcp,151121,Hulk,Malware,DoS,Hulk
Friday-16-02-2018_442.pcap,tcp_115675,tcp,115675,Hulk,Malware,DoS,Hulk
Friday-16-02-2018_442.pcap,tcp_1456772,tcp,1456772,Hulk,Malware,DoS,Hulk
Friday-16-02-2018_442.pcap,tcp_173720,tcp,173720,Hulk,Malware,DoS,Hulk
Friday-16-02-2018_442.pcap,tcp_171392,tcp,171392,Hulk,Malware,DoS,Hulk
Friday-16-02-2018_442.pcap,tcp_176772,tcp,176772,Hulk,Malware,DoS,Hulk
Friday-16-02-2018_442.pcap,tcp_179273,tcp,179273,Hulk,Malware,DoS,Hulk
Friday-16-02-2018_442.pcap,tcp_146090,tcp,146090,Hulk,Malware,DoS,Hulk
Friday-16-02-2018_442.pcap,tcp_107566,tcp,107566,Hulk,Malware,DoS,Hulk
Friday-16-02-2018_442.pcap,tcp_133972,tcp,133972,Hulk,Malware,DoS,Hulk
Friday-16-02-2018_442.pcap,tcp_108436,tcp,108436,Hulk,Malware,DoS,Hulk
Friday-16-02-2018_442.pcap,tcp_135483,tcp,135483,Hulk,Malware,DoS,Hulk
Friday-16-02-2018_442.pcap,tcp_161783,tcp,161783,Hulk,Malware,DoS,Hulk
Friday-16-02-2018_442.pcap,tcp_162092,tcp,162092,Hulk,Malware,DoS,Hulk
Friday-16-02-2018_442.pcap,tcp_123767,tcp,123767,Hulk,Malware,DoS,Hulk
Friday-16-02-2018_442.pcap,tcp_153606,tcp,153606,Hulk,Malware,DoS,Hulk
Friday-16-02-2018_442.pcap,tcp_123595,tcp,123595,Hulk,Malware,DoS,Hulk
Friday-16-02-2018_442.pcap,tcp_128795,tcp,128795,Hulk,Malware,DoS,Hulk
Friday-16-02-2018_442.pcap,tcp_125534,tcp,125534,Hulk,Malware,DoS,Hulk
Friday-16-02-2018_442.pcap,tcp_110986,tcp,110986,Hulk,Malware,DoS,Hulk
Friday-16-02-2018_442.pcap,tcp_123760,tcp,123760,Hulk,Malware,DoS,Hulk
Friday-16-02-2018_442.pcap,tcp_107828,tcp,107828,Hulk,Malware,DoS,Hulk
Friday-16-02-2018_442.pcap,tcp_143961,tcp,143961,Hulk,Malware,DoS,Hulk
Friday-16-02-2018_442.pcap,tcp_113161,tcp,113161,Hulk,Malware,DoS,Hulk
Friday-16-02-2018_442.pcap,tcp_107675,tcp,107675,Hulk,Malware,DoS,Hulk
Friday-16-02-2018_442.pcap,tcp_140073,tcp,140073,Hulk,Malware,DoS,Hulk
Friday-16-02-2018_442.pcap,tcp_151906,tcp,151906,Hulk,Malware,DoS,Hulk
Friday-16-02-2018_442.pcap,tcp_173965,tcp,173965,Hulk,Malware,DoS,Hulk
Friday-16-02-2018_442.pcap,tcp_113890,tcp,113890,Hulk,Malware,DoS,Hulk
Friday-16-02-2018_442.pcap,tcp_115400,tcp,115400,Hulk,Malware,DoS,Hulk
Friday-16-02-2018_442.pcap,tcp_121072,tcp,121072,Hulk,Malware,DoS,Hulk
Friday-16-02-2018_442.pcap,tcp_173950,tcp,173950,Hulk,Malware,DoS,Hulk
Friday-16-02-2018_442.pcap,tcp_153886,tcp,153886,Hulk,Malware,DoS,Hulk
Friday-16-02-2018_442.pcap,tcp_144513,tcp,144513,Hulk,Malware,DoS,Hulk
Friday-16-02-2018_442.pcap,tcp_109737,tcp,109737,Hulk,Malware,DoS,Hulk
Friday-16-02-2018_442.pcap,tcp_137910,tcp,137910,Hulk,Malware,DoS,Hulk
Friday-16-02-2018_442.pcap,tcp_121528,tcp,121528,Hulk,Malware,DoS,Hulk
Friday-16-02-2018_442.pcap,tcp_132001,tcp,132001,Hulk,Malware,DoS,Hulk
Friday-16-02-2018_442.pcap,tcp_167165,tcp,167165,Hulk,Malware,DoS,Hulk
Friday-16-02-2018_442.pcap,tcp_122538,tcp,122538,Hulk,Malware,DoS,Hulk
Friday-16-02-2018_442.pcap,tcp_168352,tcp,168352,Hulk,Malware,DoS,Hulk
Friday-16-02-2018_442.pcap,tcp_175009,tcp,175009,Hulk,Malware,DoS,Hulk
Friday-16-02-2018_442.pcap,tcp_116062,tcp,116062,Hulk,Malware,DoS,Hulk
Friday-16-02-2018_442.pcap,tcp_139464,tcp,139464,Hulk,Malware,DoS,Hulk
Friday-16-02-2018_442.pcap,tcp_119602,tcp,119602,Hulk,Malware,DoS,Hulk
Friday-16-02-2018_442.pcap,tcp_132425,tcp,132425,Hulk,Malware,DoS,Hulk
Friday-16-02-2018_442.pcap,tcp_141529,tcp,141529,Hulk,Malware,DoS,Hulk
Friday-16-02-2018_442.pcap,tcp_110366,tcp,110366,Hulk,Malware,DoS,Hulk
Friday-16-02-2018_442.pcap,tcp_139633,tcp,139633,Hulk,Malware,DoS,Hulk
Friday-16-02-2018_442.pcap,tcp_122422,tcp,122422,Hulk,Malware,DoS,Hulk
Friday-16-02-2018_442.pcap,tcp_179155,tcp,179155,Hulk,Malware,DoS,Hulk
Friday-16-02-2018_442.pcap,tcp_161016,tcp,161016,Hulk,Malware,DoS,Hulk
Friday-16-02-2018_442.pcap,tcp_155275,tcp,155275,Hulk,Malware,DoS,Hulk
Friday-16-02-2018_442.pcap,tcp_144273,tcp,144273,Hulk,Malware,DoS,Hulk
Friday-16-02-2018_442.pcap,tcp_133109,tcp,133109,Hulk,Malware,DoS,Hulk
Friday-16-02-2018_442.pcap,tcp_138487,tcp,138487,Hulk,Malware,DoS,Hulk
Friday-16-02-2018_442.pcap,tcp_118586,tcp,118586,Hulk,Malware,DoS,Hulk
Friday-16-02-2018_442.pcap,tcp_108572,tcp,108572,Hulk,Malware,DoS,Hulk
Friday-16-02-2018_442.pcap,tcp_131402,tcp,131402,Hulk,Malware,DoS,Hulk
Friday-16-02-2018_442.pcap,tcp_168570,tcp,168570,Hulk,Malware,DoS,Hulk
Friday-16-02-2018_442.pcap,tcp_131749,tcp,131749,Hulk,Malware,DoS,Hulk
Friday-16-02-2018_442.pcap,tcp_166462,tcp,166462,Hulk,Malware,DoS,Hulk
Friday-16-02-2018_442.pcap,tcp_126092,tcp,126092,Hulk,Malware,DoS,Hulk
Friday-16-02-2018_442.pcap,tcp_133367,tcp,133367,Hulk,Malware,DoS,Hulk
Friday-16-02-2018_442.pcap,tcp_134054,tcp,134054,Hulk,Malware,DoS,Hulk
Friday-16-02-2018_442.pcap,tcp_133964,tcp,133964,Hulk,Malware,DoS,Hulk
Friday-16-02-2018_442.pcap,tcp_126432,tcp,126432,Hulk,Malware,DoS,Hulk
Friday-16-02-2018_442.pcap,tcp_127388,tcp,127388,Hulk,Malware,DoS,Hulk
Friday-16-02-2018_442.pcap,tcp_112387,tcp,112387,Hulk,Malware,DoS,Hulk
Friday-16-02-2018_442.pcap,tcp_140030,tcp,140030,Hulk,Malware,DoS,Hulk
Friday-16-02-2018_442.pcap,tcp_166754,tcp,166754,Hulk,Malware,DoS,Hulk
Friday-16-02-2018_442.pcap,tcp_109725,tcp,109725,Hulk,Malware,DoS,Hulk
Friday-16-02-2018_442.pcap,tcp_156831,tcp,156831,Hulk,Malware,DoS,Hulk
Friday-16-02-2018_442.pcap,tcp_127643,tcp,127643,Hulk,Malware,DoS,Hulk
Friday-16-02-2018_442.pcap,tcp_151516,tcp,151516,Hulk,Malware,DoS,Hulk
Friday-16-02-2018_442.pcap,tcp_155845,tcp,155845,Hulk,Malware,DoS,Hulk
Friday-16-02-2018_442.pcap,tcp_134536,tcp,134536,Hulk,Malware,DoS,Hulk
Friday-16-02-2018_442.pcap,tcp_175201,tcp,175201,Hulk,Malware,DoS,Hulk
Friday-16-02-2018_442.pcap,tcp_151383,tcp,151383,Hulk,Malware,DoS,Hulk
Friday-16-02-2018_442.pcap,tcp_168558,tcp,168558,Hulk,Malware,DoS,Hulk
Friday-16-02-2018_442.pcap,tcp_142789,tcp,142789,Hulk,Malware,DoS,Hulk
Friday-16-02-2018_442.pcap,tcp_124335,tcp,124335,Hulk,Malware,DoS,Hulk
Friday-16-02-2018_442.pcap,tcp_161902,tcp,161902,Hulk,Malware,DoS,Hulk
Friday-16-02-2018_442.pcap,tcp_109181,tcp,109181,Hulk,Malware,DoS,Hulk
Friday-16-02-2018_442.pcap,tcp_120602,tcp,120602,Hulk,Malware,DoS,Hulk
Friday-16-02-2018_442.pcap,tcp_162759,tcp,162759,Hulk,Malware,DoS,Hulk
Friday-16-02-2018_442.pcap,tcp_176531,tcp,176531,Hulk,Malware,DoS,Hulk
Friday-16-02-2018_442.pcap,tcp_122745,tcp,122745,Hulk,Malware,DoS,Hulk
Friday-16-02-2018_442.pcap,tcp_149605,tcp,149605,Hulk,Malware,DoS,Hulk
Friday-16-02-2018_442.pcap,tcp_124522,tcp,124522,Hulk,Malware,DoS,Hulk
Friday-16-02-2018_442.pcap,tcp_157090,tcp,157090,Hulk,Malware,DoS,Hulk
Friday-16-02-2018_442.pcap,tcp_165585,tcp,165585,Hulk,Malware,DoS,Hulk
Friday-16-02-2018_442.pcap,tcp_141763,tcp,141763,Hulk,Malware,DoS,Hulk
Friday-16-02-2018_442.pcap,tcp_110157,tcp,110157,Hulk,Malware,DoS,Hulk
Friday-16-02-2018_442.pcap,tcp_123705,tcp,123705,Hulk,Malware,DoS,Hulk
Friday-16-02-2018_442.pcap,tcp_129038,tcp,129038,Hulk,Malware,DoS,Hulk
Friday-16-02-2018_442.pcap,tcp_142501,tcp,142501,Hulk,Malware,DoS,Hulk
Friday-16-02-2018_442.pcap,tcp_149566,tcp,149566,Hulk,Malware,DoS,Hulk
Friday-16-02-2018_442.pcap,tcp_171189,tcp,171189,Hulk,Malware,DoS,Hulk
Friday-16-02-2018_442.pcap,tcp_108053,tcp,108053,Hulk,Malware,DoS,Hulk
Friday-16-02-2018_442.pcap,tcp_132628,tcp,132628,Hulk,Malware,DoS,Hulk
Friday-16-02-2018_442.pcap,tcp_134930,tcp,134930,Hulk,Malware,DoS,Hulk
Friday-16-02-2018_442.pcap,tcp_174185,tcp,174185,Hulk,Malware,DoS,Hulk
Friday-16-02-2018_442.pcap,tcp_171241,tcp,171241,Hulk,Malware,DoS,Hulk
Friday-16-02-2018_442.pcap,tcp_160010,tcp,160010,Hulk,Malware,DoS,Hulk
Friday-16-02-2018_442.pcap,tcp_175940,tcp,175940,Hulk,Malware,DoS,Hulk
Friday-16-02-2018_442.pcap,tcp_114435,tcp,114435,Hulk,Malware,DoS,Hulk
Friday-16-02-2018_442.pcap,tcp_148545,tcp,148545,Hulk,Malware,DoS,Hulk
Friday-16-02-2018_442.pcap,tcp_137204,tcp,137204,Hulk,Malware,DoS,Hulk
Friday-16-02-2018_442.pcap,tcp_113693,tcp,113693,Hulk,Malware,DoS,Hulk
Friday-16-02-2018_442.pcap,tcp_165825,tcp,165825,Hulk,Malware,DoS,Hulk
Friday-16-02-2018_442.pcap,tcp_169275,tcp,169275,Hulk,Malware,DoS,Hulk
Friday-16-02-2018_442.pcap,tcp_135352,tcp,135352,Hulk,Malware,DoS,Hulk
Friday-16-02-2018_442.pcap,tcp_179230,tcp,179230,Hulk,Malware,DoS,Hulk
Friday-16-02-2018_442.pcap,tcp_150463,tcp,150463,Hulk,Malware,DoS,Hulk
Friday-16-02-2018_442.pcap,tcp_155103,tcp,155103,Hulk,Malware,DoS,Hulk
Friday-16-02-2018_442.pcap,tcp_153118,tcp,153118,Hulk,Malware,DoS,Hulk
Friday-16-02-2018_442.pcap,tcp_147417,tcp,147417,Hulk,Malware,DoS,Hulk
Friday-16-02-2018_442.pcap,tcp_176737,tcp,176737,Hulk,Malware,DoS,Hulk
Friday-16-02-2018_442.pcap,tcp_122018,tcp,122018,Hulk,Malware,DoS,Hulk
Friday-16-02-2018_442.pcap,tcp_133103,tcp,133103,Hulk,Malware,DoS,Hulk
Friday-16-02-2018_442.pcap,tcp_178368,tcp,178368,Hulk,Malware,DoS,Hulk
Friday-16-02-2018_442.pcap,tcp_115365,tcp,115365,Hulk,Malware,DoS,Hulk
Friday-16-02-2018_442.pcap,tcp_128233,tcp,128233,Hulk,Malware,DoS,Hulk
Friday-16-02-2018_442.pcap,tcp_132680,tcp,132680,Hulk,Malware,DoS,Hulk
Friday-16-02-2018_442.pcap,tcp_145930,tcp,145930,Hulk,Malware,DoS,Hulk
Friday-16-02-2018_442.pcap,tcp_131236,tcp,131236,Hulk,Malware,DoS,Hulk
Friday-16-02-2018_442.pcap,tcp_175779,tcp,175779,Hulk,Malware,DoS,Hulk
Friday-16-02-2018_442.pcap,tcp_148376,tcp,148376,Hulk,Malware,DoS,Hulk
Friday-16-02-2018_442.pcap,tcp_108098,tcp,108098,Hulk,Malware,DoS,Hulk
Friday-16-02-2018_442.pcap,tcp_158027,tcp,158027,Hulk,Malware,DoS,Hulk
Friday-16-02-2018_442.pcap,tcp_112756,tcp,112756,Hulk,Malware,DoS,Hulk
Friday-16-02-2018_442.pcap,tcp_159946,tcp,159946,Hulk,Malware,DoS,Hulk
Friday-16-02-2018_442.pcap,tcp_128079,tcp,128079,Hulk,Malware,DoS,Hulk
Friday-16-02-2018_442.pcap,tcp_120145,tcp,120145,Hulk,Malware,DoS,Hulk
Friday-16-02-2018_442.pcap,tcp_152891,tcp,152891,Hulk,Malware,DoS,Hulk
Friday-16-02-2018_442.pcap,tcp_123966,tcp,123966,Hulk,Malware,DoS,Hulk
Friday-16-02-2018_442.pcap,tcp_170365,tcp,170365,Hulk,Malware,DoS,Hulk
Friday-16-02-2018_442.pcap,tcp_111942,tcp,111942,Hulk,Malware,DoS,Hulk
Friday-16-02-2018_442.pcap,tcp_155544,tcp,155544,Hulk,Malware,DoS,Hulk
Friday-16-02-2018_442.pcap,tcp_117238,tcp,117238,Hulk,Malware,DoS,Hulk
Friday-16-02-2018_442.pcap,tcp_109497,tcp,109497,Hulk,Malware,DoS,Hulk
Friday-16-02-2018_442.pcap,tcp_150492,tcp,150492,Hulk,Malware,DoS,Hulk
Friday-16-02-2018_442.pcap,tcp_159374,tcp,159374,Hulk,Malware,DoS,Hulk
Friday-16-02-2018_442.pcap,tcp_106646,tcp,106646,Hulk,Malware,DoS,Hulk
Friday-16-02-2018_442.pcap,tcp_168031,tcp,168031,Hulk,Malware,DoS,Hulk
Friday-16-02-2018_442.pcap,tcp_113124,tcp,113124,Hulk,Malware,DoS,Hulk
Friday-16-02-2018_442.pcap,tcp_150157,tcp,150157,Hulk,Malware,DoS,Hulk
Friday-16-02-2018_442.pcap,tcp_173740,tcp,173740,Hulk,Malware,DoS,Hulk
Friday-16-02-2018_442.pcap,tcp_172749,tcp,172749,Hulk,Malware,DoS,Hulk
Friday-16-02-2018_442.pcap,tcp_171617,tcp,171617,Hulk,Malware,DoS,Hulk
Friday-16-02-2018_442.pcap,tcp_151148,tcp,151148,Hulk,Malware,DoS,Hulk
Friday-16-02-2018_442.pcap,tcp_107593,tcp,107593,Hulk,Malware,DoS,Hulk
Friday-16-02-2018_442.pcap,tcp_116449,tcp,116449,Hulk,Malware,DoS,Hulk
Friday-16-02-2018_442.pcap,tcp_126940,tcp,126940,Hulk,Malware,DoS,Hulk
Friday-16-02-2018_442.pcap,tcp_138824,tcp,138824,Hulk,Malware,DoS,Hulk
Friday-16-02-2018_442.pcap,tcp_133874,tcp,133874,Hulk,Malware,DoS,Hulk
Friday-16-02-2018_442.pcap,tcp_172106,tcp,172106,Hulk,Malware,DoS,Hulk
Friday-16-02-2018_442.pcap,tcp_136640,tcp,136640,Hulk,Malware,DoS,Hulk
Friday-16-02-2018_442.pcap,tcp_160401,tcp,160401,Hulk,Malware,DoS,Hulk
Friday-16-02-2018_442.pcap,tcp_177900,tcp,177900,Hulk,Malware,DoS,Hulk
Friday-16-02-2018_442.pcap,tcp_109463,tcp,109463,Hulk,Malware,DoS,Hulk
Friday-16-02-2018_442.pcap,tcp_168831,tcp,168831,Hulk,Malware,DoS,Hulk
Friday-16-02-2018_442.pcap,tcp_124243,tcp,124243,Hulk,Malware,DoS,Hulk
Friday-16-02-2018_442.pcap,tcp_131709,tcp,131709,Hulk,Malware,DoS,Hulk
Friday-16-02-2018_442.pcap,tcp_123303,tcp,123303,Hulk,Malware,DoS,Hulk
Friday-16-02-2018_442.pcap,tcp_128348,tcp,128348,Hulk,Malware,DoS,Hulk
Friday-16-02-2018_442.pcap,tcp_133323,tcp,133323,Hulk,Malware,DoS,Hulk
Friday-16-02-2018_442.pcap,tcp_163650,tcp,163650,Hulk,Malware,DoS,Hulk
Friday-16-02-2018_442.pcap,tcp_170850,tcp,170850,Hulk,Malware,DoS,Hulk
Friday-16-02-2018_442.pcap,tcp_118894,tcp,118894,Hulk,Malware,DoS,Hulk
Friday-16-02-2018_442.pcap,tcp_157160,tcp,157160,Hulk,Malware,DoS,Hulk
Friday-16-02-2018_442.pcap,tcp_125957,tcp,125957,Hulk,Malware,DoS,Hulk
Friday-16-02-2018_442.pcap,tcp_165605,tcp,165605,Hulk,Malware,DoS,Hulk
Friday-16-02-2018_442.pcap,tcp_119161,tcp,119161,Hulk,Malware,DoS,Hulk
Friday-16-02-2018_442.pcap,tcp_159008,tcp,159008,Hulk,Malware,DoS,Hulk
Friday-16-02-2018_442.pcap,tcp_118336,tcp,118336,Hulk,Malware,DoS,Hulk
Friday-16-02-2018_442.pcap,tcp_166395,tcp,166395,Hulk,Malware,DoS,Hulk
Friday-16-02-2018_442.pcap,tcp_165846,tcp,165846,Hulk,Malware,DoS,Hulk
Friday-16-02-2018_442.pcap,tcp_162603,tcp,162603,Hulk,Malware,DoS,Hulk
Friday-16-02-2018_442.pcap,tcp_149292,tcp,149292,Hulk,Malware,DoS,Hulk
Friday-16-02-2018_442.pcap,tcp_173605,tcp,173605,Hulk,Malware,DoS,Hulk
Friday-16-02-2018_442.pcap,tcp_118028,tcp,118028,Hulk,Malware,DoS,Hulk
Friday-16-02-2018_442.pcap,tcp_144750,tcp,144750,Hulk,Malware,DoS,Hulk
Friday-16-02-2018_442.pcap,tcp_174856,tcp,174856,Hulk,Malware,DoS,Hulk
Friday-16-02-2018_442.pcap,tcp_112799,tcp,112799,Hulk,Malware,DoS,Hulk
Friday-16-02-2018_442.pcap,tcp_161571,tcp,161571,Hulk,Malware,DoS,Hulk
Friday-16-02-2018_442.pcap,tcp_177678,tcp,177678,Hulk,Malware,DoS,Hulk
Friday-16-02-2018_442.pcap,tcp_153828,tcp,153828,Hulk,Malware,DoS,Hulk
Friday-16-02-2018_442.pcap,tcp_158641,tcp,158641,Hulk,Malware,DoS,Hulk
Friday-16-02-2018_442.pcap,tcp_167095,tcp,167095,Hulk,Malware,DoS,Hulk
Friday-16-02-2018_442.pcap,tcp_141964,tcp,141964,Hulk,Malware,DoS,Hulk
Friday-16-02-2018_442.pcap,tcp_164549,tcp,164549,Hulk,Malware,DoS,Hulk
Friday-16-02-2018_442.pcap,tcp_146122,tcp,146122,Hulk,Malware,DoS,Hulk
Friday-16-02-2018_442.pcap,tcp_176916,tcp,176916,Hulk,Malware,DoS,Hulk
Friday-16-02-2018_442.pcap,tcp_134391,tcp,134391,Hulk,Malware,DoS,Hulk
Friday-16-02-2018_442.pcap,tcp_159065,tcp,159065,Hulk,Malware,DoS,Hulk
Friday-16-02-2018_442.pcap,tcp_178385,tcp,178385,Hulk,Malware,DoS,Hulk
Friday-16-02-2018_442.pcap,tcp_158691,tcp,158691,Hulk,Malware,DoS,Hulk
Friday-16-02-2018_442.pcap,tcp_162869,tcp,162869,Hulk,Malware,DoS,Hulk
Friday-16-02-2018_442.pcap,tcp_130453,tcp,130453,Hulk,Malware,DoS,Hulk
Friday-16-02-2018_442.pcap,tcp_146408,tcp,146408,Hulk,Malware,DoS,Hulk
Friday-16-02-2018_442.pcap,tcp_166121,tcp,166121,Hulk,Malware,DoS,Hulk
Friday-16-02-2018_442.pcap,tcp_173454,tcp,173454,Hulk,Malware,DoS,Hulk
Friday-16-02-2018_442.pcap,tcp_111209,tcp,111209,Hulk,Malware,DoS,Hulk
Friday-16-02-2018_442.pcap,tcp_145695,tcp,145695,Hulk,Malware,DoS,Hulk
Friday-16-02-2018_442.pcap,tcp_138876,tcp,138876,Hulk,Malware,DoS,Hulk
Friday-16-02-2018_442.pcap,tcp_125853,tcp,125853,Hulk,Malware,DoS,Hulk
Friday-16-02-2018_442.pcap,tcp_145428,tcp,145428,Hulk,Malware,DoS,Hulk
Friday-16-02-2018_442.pcap,tcp_109841,tcp,109841,Hulk,Malware,DoS,Hulk
Friday-16-02-2018_442.pcap,tcp_148841,tcp,148841,Hulk,Malware,DoS,Hulk
Friday-16-02-2018_442.pcap,tcp_137622,tcp,137622,Hulk,Malware,DoS,Hulk
Friday-16-02-2018_442.pcap,tcp_150761,tcp,150761,Hulk,Malware,DoS,Hulk
Friday-16-02-2018_442.pcap,tcp_155036,tcp,155036,Hulk,Malware,DoS,Hulk
Friday-16-02-2018_442.pcap,tcp_156934,tcp,156934,Hulk,Malware,DoS,Hulk
Friday-16-02-2018_442.pcap,tcp_155830,tcp,155830,Hulk,Malware,DoS,Hulk
Friday-16-02-2018_442.pcap,tcp_130473,tcp,130473,Hulk,Malware,DoS,Hulk
Friday-16-02-2018_442.pcap,tcp_163414,tcp,163414,Hulk,Malware,DoS,Hulk
Friday-16-02-2018_442.pcap,tcp_151918,tcp,151918,Hulk,Malware,DoS,Hulk
Friday-16-02-2018_442.pcap,tcp_111168,tcp,111168,Hulk,Malware,DoS,Hulk
Friday-16-02-2018_442.pcap,tcp_110046,tcp,110046,Hulk,Malware,DoS,Hulk
Friday-16-02-2018_442.pcap,tcp_115285,tcp,115285,Hulk,Malware,DoS,Hulk
Friday-16-02-2018_442.pcap,tcp_160821,tcp,160821,Hulk,Malware,DoS,Hulk
Friday-16-02-2018_442.pcap,tcp_111186,tcp,111186,Hulk,Malware,DoS,Hulk
Friday-16-02-2018_442.pcap,tcp_159515,tcp,159515,Hulk,Malware,DoS,Hulk
Friday-16-02-2018_442.pcap,tcp_164508,tcp,164508,Hulk,Malware,DoS,Hulk
Friday-16-02-2018_442.pcap,tcp_156805,tcp,156805,Hulk,Malware,DoS,Hulk
Friday-16-02-2018_442.pcap,tcp_113243,tcp,113243,Hulk,Malware,DoS,Hulk
Friday-16-02-2018_442.pcap,tcp_173192,tcp,173192,Hulk,Malware,DoS,Hulk
Friday-16-02-2018_442.pcap,tcp_174791,tcp,174791,Hulk,Malware,DoS,Hulk
Friday-16-02-2018_442.pcap,tcp_134518,tcp,134518,Hulk,Malware,DoS,Hulk
Friday-16-02-2018_442.pcap,tcp_152913,tcp,152913,Hulk,Malware,DoS,Hulk
Friday-16-02-2018_442.pcap,tcp_142072,tcp,142072,Hulk,Malware,DoS,Hulk
Friday-16-02-2018_442.pcap,tcp_162022,tcp,162022,Hulk,Malware,DoS,Hulk
Friday-16-02-2018_442.pcap,tcp_122996,tcp,122996,Hulk,Malware,DoS,Hulk
Friday-16-02-2018_442.pcap,tcp_169288,tcp,169288,Hulk,Malware,DoS,Hulk
Friday-16-02-2018_442.pcap,tcp_114333,tcp,114333,Hulk,Malware,DoS,Hulk
Friday-16-02-2018_442.pcap,tcp_157797,tcp,157797,Hulk,Malware,DoS,Hulk
Friday-16-02-2018_442.pcap,tcp_131463,tcp,131463,Hulk,Malware,DoS,Hulk
Friday-16-02-2018_442.pcap,tcp_111838,tcp,111838,Hulk,Malware,DoS,Hulk
Friday-16-02-2018_442.pcap,tcp_139365,tcp,139365,Hulk,Malware,DoS,Hulk
Friday-16-02-2018_442.pcap,tcp_148961,tcp,148961,Hulk,Malware,DoS,Hulk
Friday-16-02-2018_442.pcap,tcp_109043,tcp,109043,Hulk,Malware,DoS,Hulk
Friday-16-02-2018_442.pcap,tcp_163155,tcp,163155,Hulk,Malware,DoS,Hulk
Friday-16-02-2018_442.pcap,tcp_139534,tcp,139534,Hulk,Malware,DoS,Hulk
Friday-16-02-2018_442.pcap,tcp_178484,tcp,178484,Hulk,Malware,DoS,Hulk
Friday-16-02-2018_442.pcap,tcp_127232,tcp,127232,Hulk,Malware,DoS,Hulk
Friday-16-02-2018_442.pcap,tcp_163000,tcp,163000,Hulk,Malware,DoS,Hulk
Friday-16-02-2018_442.pcap,tcp_133754,tcp,133754,Hulk,Malware,DoS,Hulk
Friday-16-02-2018_442.pcap,tcp_136187,tcp,136187,Hulk,Malware,DoS,Hulk
Friday-16-02-2018_442.pcap,tcp_139760,tcp,139760,Hulk,Malware,DoS,Hulk
Friday-16-02-2018_442.pcap,tcp_132919,tcp,132919,Hulk,Malware,DoS,Hulk
Friday-16-02-2018_442.pcap,tcp_159295,tcp,159295,Hulk,Malware,DoS,Hulk
Friday-16-02-2018_442.pcap,tcp_124171,tcp,124171,Hulk,Malware,DoS,Hulk
Friday-16-02-2018_442.pcap,tcp_116306,tcp,116306,Hulk,Malware,DoS,Hulk
Friday-16-02-2018_442.pcap,tcp_129928,tcp,129928,Hulk,Malware,DoS,Hulk
Friday-16-02-2018_442.pcap,tcp_157563,tcp,157563,Hulk,Malware,DoS,Hulk
Friday-16-02-2018_442.pcap,tcp_156145,tcp,156145,Hulk,Malware,DoS,Hulk
Friday-16-02-2018_442.pcap,tcp_117735,tcp,117735,Hulk,Malware,DoS,Hulk
Friday-16-02-2018_442.pcap,tcp_173713,tcp,173713,Hulk,Malware,DoS,Hulk
Friday-16-02-2018_442.pcap,tcp_127180,tcp,127180,Hulk,Malware,DoS,Hulk
Friday-16-02-2018_442.pcap,tcp_142111,tcp,142111,Hulk,Malware,DoS,Hulk
Friday-16-02-2018_442.pcap,tcp_133611,tcp,133611,Hulk,Malware,DoS,Hulk
Friday-16-02-2018_442.pcap,tcp_132253,tcp,132253,Hulk,Malware,DoS,Hulk
Friday-16-02-2018_442.pcap,tcp_175482,tcp,175482,Hulk,Malware,DoS,Hulk
Friday-16-02-2018_442.pcap,tcp_162421,tcp,162421,Hulk,Malware,DoS,Hulk
Friday-16-02-2018_442.pcap,tcp_121248,tcp,121248,Hulk,Malware,DoS,Hulk
Friday-16-02-2018_442.pcap,tcp_177106,tcp,177106,Hulk,Malware,DoS,Hulk
Friday-16-02-2018_442.pcap,tcp_146551,tcp,146551,Hulk,Malware,DoS,Hulk
Friday-16-02-2018_442.pcap,tcp_148484,tcp,148484,Hulk,Malware,DoS,Hulk
Friday-16-02-2018_442.pcap,tcp_127794,tcp,127794,Hulk,Malware,DoS,Hulk
Friday-16-02-2018_442.pcap,tcp_158933,tcp,158933,Hulk,Malware,DoS,Hulk
Friday-16-02-2018_442.pcap,tcp_163259,tcp,163259,Hulk,Malware,DoS,Hulk
Friday-16-02-2018_442.pcap,tcp_155474,tcp,155474,Hulk,Malware,DoS,Hulk
Friday-16-02-2018_442.pcap,tcp_166901,tcp,166901,Hulk,Malware,DoS,Hulk
Friday-16-02-2018_442.pcap,tcp_146761,tcp,146761,Hulk,Malware,DoS,Hulk
Friday-16-02-2018_442.pcap,tcp_158753,tcp,158753,Hulk,Malware,DoS,Hulk
Friday-16-02-2018_442.pcap,tcp_141078,tcp,141078,Hulk,Malware,DoS,Hulk
Friday-16-02-2018_442.pcap,tcp_174680,tcp,174680,Hulk,Malware,DoS,Hulk
Friday-16-02-2018_442.pcap,tcp_132800,tcp,132800,Hulk,Malware,DoS,Hulk
Friday-16-02-2018_442.pcap,tcp_147490,tcp,147490,Hulk,Malware,DoS,Hulk
Friday-16-02-2018_442.pcap,tcp_158398,tcp,158398,Hulk,Malware,DoS,Hulk
Friday-16-02-2018_442.pcap,tcp_110013,tcp,110013,Hulk,Malware,DoS,Hulk
Friday-16-02-2018_442.pcap,tcp_140773,tcp,140773,Hulk,Malware,DoS,Hulk
Friday-16-02-2018_442.pcap,tcp_126776,tcp,126776,Hulk,Malware,DoS,Hulk
Friday-16-02-2018_442.pcap,tcp_166178,tcp,166178,Hulk,Malware,DoS,Hulk
Friday-16-02-2018_442.pcap,tcp_139846,tcp,139846,Hulk,Malware,DoS,Hulk
Friday-16-02-2018_442.pcap,tcp_151458,tcp,151458,Hulk,Malware,DoS,Hulk
Friday-16-02-2018_442.pcap,tcp_111560,tcp,111560,Hulk,Malware,DoS,Hulk
Friday-16-02-2018_442.pcap,tcp_114565,tcp,114565,Hulk,Malware,DoS,Hulk
Friday-16-02-2018_442.pcap,tcp_176508,tcp,176508,Hulk,Malware,DoS,Hulk
Friday-16-02-2018_442.pcap,tcp_158167,tcp,158167,Hulk,Malware,DoS,Hulk
Friday-16-02-2018_442.pcap,tcp_155802,tcp,155802,Hulk,Malware,DoS,Hulk
Friday-16-02-2018_442.pcap,tcp_153840,tcp,153840,Hulk,Malware,DoS,Hulk
Friday-16-02-2018_442.pcap,tcp_110398,tcp,110398,Hulk,Malware,DoS,Hulk
Friday-16-02-2018_442.pcap,tcp_172301,tcp,172301,Hulk,Malware,DoS,Hulk
Friday-16-02-2018_442.pcap,tcp_176793,tcp,176793,Hulk,Malware,DoS,Hulk
Friday-16-02-2018_442.pcap,tcp_167096,tcp,167096,Hulk,Malware,DoS,Hulk
Friday-16-02-2018_442.pcap,tcp_172485,tcp,172485,Hulk,Malware,DoS,Hulk
Friday-16-02-2018_442.pcap,tcp_137994,tcp,137994,Hulk,Malware,DoS,Hulk
Friday-16-02-2018_442.pcap,tcp_112670,tcp,112670,Hulk,Malware,DoS,Hulk
Friday-16-02-2018_442.pcap,tcp_163685,tcp,163685,Hulk,Malware,DoS,Hulk
Friday-16-02-2018_442.pcap,tcp_134687,tcp,134687,Hulk,Malware,DoS,Hulk
Friday-16-02-2018_442.pcap,tcp_124577,tcp,124577,Hulk,Malware,DoS,Hulk
Friday-16-02-2018_442.pcap,tcp_114262,tcp,114262,Hulk,Malware,DoS,Hulk
Friday-16-02-2018_442.pcap,tcp_145526,tcp,145526,Hulk,Malware,DoS,Hulk
Friday-16-02-2018_442.pcap,tcp_134122,tcp,134122,Hulk,Malware,DoS,Hulk
Friday-16-02-2018_442.pcap,tcp_135203,tcp,135203,Hulk,Malware,DoS,Hulk
Friday-16-02-2018_442.pcap,tcp_148962,tcp,148962,Hulk,Malware,DoS,Hulk
Friday-16-02-2018_442.pcap,tcp_163833,tcp,163833,Hulk,Malware,DoS,Hulk
Friday-16-02-2018_442.pcap,tcp_141140,tcp,141140,Hulk,Malware,DoS,Hulk
Friday-16-02-2018_442.pcap,tcp_125117,tcp,125117,Hulk,Malware,DoS,Hulk
Friday-16-02-2018_442.pcap,tcp_120953,tcp,120953,Hulk,Malware,DoS,Hulk
Friday-16-02-2018_442.pcap,tcp_157213,tcp,157213,Hulk,Malware,DoS,Hulk
Friday-16-02-2018_442.pcap,tcp_130889,tcp,130889,Hulk,Malware,DoS,Hulk
Friday-16-02-2018_442.pcap,tcp_165713,tcp,165713,Hulk,Malware,DoS,Hulk
Friday-16-02-2018_442.pcap,tcp_151250,tcp,151250,Hulk,Malware,DoS,Hulk
Friday-16-02-2018_442.pcap,tcp_109864,tcp,109864,Hulk,Malware,DoS,Hulk
Friday-16-02-2018_442.pcap,tcp_166444,tcp,166444,Hulk,Malware,DoS,Hulk
Friday-16-02-2018_442.pcap,tcp_169767,tcp,169767,Hulk,Malware,DoS,Hulk
Friday-16-02-2018_442.pcap,tcp_161637,tcp,161637,Hulk,Malware,DoS,Hulk
Friday-16-02-2018_442.pcap,tcp_120385,tcp,120385,Hulk,Malware,DoS,Hulk
Friday-16-02-2018_442.pcap,tcp_128137,tcp,128137,Hulk,Malware,DoS,Hulk
Friday-16-02-2018_442.pcap,tcp_167433,tcp,167433,Hulk,Malware,DoS,Hulk
Friday-16-02-2018_442.pcap,tcp_114165,tcp,114165,Hulk,Malware,DoS,Hulk
Friday-16-02-2018_442.pcap,tcp_165276,tcp,165276,Hulk,Malware,DoS,Hulk
Friday-16-02-2018_442.pcap,tcp_166832,tcp,166832,Hulk,Malware,DoS,Hulk
Friday-16-02-2018_442.pcap,tcp_172790,tcp,172790,Hulk,Malware,DoS,Hulk
Friday-16-02-2018_442.pcap,tcp_170493,tcp,170493,Hulk,Malware,DoS,Hulk
Friday-16-02-2018_442.pcap,tcp_161482,tcp,161482,Hulk,Malware,DoS,Hulk
Friday-16-02-2018_442.pcap,tcp_126635,tcp,126635,Hulk,Malware,DoS,Hulk
Friday-16-02-2018_442.pcap,tcp_134126,tcp,134126,Hulk,Malware,DoS,Hulk
Friday-16-02-2018_442.pcap,tcp_165973,tcp,165973,Hulk,Malware,DoS,Hulk
Friday-16-02-2018_442.pcap,tcp_168753,tcp,168753,Hulk,Malware,DoS,Hulk
Friday-16-02-2018_442.pcap,tcp_142213,tcp,142213,Hulk,Malware,DoS,Hulk
Friday-16-02-2018_442.pcap,tcp_117244,tcp,117244,Hulk,Malware,DoS,Hulk
Friday-16-02-2018_442.pcap,tcp_150727,tcp,150727,Hulk,Malware,DoS,Hulk
Friday-16-02-2018_442.pcap,tcp_166946,tcp,166946,Hulk,Malware,DoS,Hulk
Friday-16-02-2018_442.pcap,tcp_158989,tcp,158989,Hulk,Malware,DoS,Hulk
Friday-16-02-2018_442.pcap,tcp_129917,tcp,129917,Hulk,Malware,DoS,Hulk
Friday-16-02-2018_442.pcap,tcp_127736,tcp,127736,Hulk,Malware,DoS,Hulk
Friday-16-02-2018_442.pcap,tcp_167786,tcp,167786,Hulk,Malware,DoS,Hulk
Friday-16-02-2018_442.pcap,tcp_174833,tcp,174833,Hulk,Malware,DoS,Hulk
Friday-16-02-2018_442.pcap,tcp_113155,tcp,113155,Hulk,Malware,DoS,Hulk
Friday-16-02-2018_442.pcap,tcp_150963,tcp,150963,Hulk,Malware,DoS,Hulk
Friday-16-02-2018_442.pcap,tcp_114625,tcp,114625,Hulk,Malware,DoS,Hulk
Friday-16-02-2018_442.pcap,tcp_133628,tcp,133628,Hulk,Malware,DoS,Hulk
Friday-16-02-2018_442.pcap,tcp_119743,tcp,119743,Hulk,Malware,DoS,Hulk
Friday-16-02-2018_442.pcap,tcp_151414,tcp,151414,Hulk,Malware,DoS,Hulk
Friday-16-02-2018_442.pcap,tcp_136115,tcp,136115,Hulk,Malware,DoS,Hulk
Friday-16-02-2018_442.pcap,tcp_136132,tcp,136132,Hulk,Malware,DoS,Hulk
Friday-16-02-2018_442.pcap,tcp_127978,tcp,127978,Hulk,Malware,DoS,Hulk
Friday-16-02-2018_442.pcap,tcp_135333,tcp,135333,Hulk,Malware,DoS,Hulk
Friday-16-02-2018_442.pcap,tcp_119937,tcp,119937,Hulk,Malware,DoS,Hulk
Friday-16-02-2018_442.pcap,tcp_142946,tcp,142946,Hulk,Malware,DoS,Hulk
Friday-16-02-2018_442.pcap,tcp_125103,tcp,125103,Hulk,Malware,DoS,Hulk
Friday-16-02-2018_442.pcap,tcp_164962,tcp,164962,Hulk,Malware,DoS,Hulk
Friday-16-02-2018_442.pcap,tcp_152816,tcp,152816,Hulk,Malware,DoS,Hulk
Friday-16-02-2018_442.pcap,tcp_167365,tcp,167365,Hulk,Malware,DoS,Hulk
Friday-16-02-2018_442.pcap,tcp_132963,tcp,132963,Hulk,Malware,DoS,Hulk
Friday-16-02-2018_442.pcap,tcp_110212,tcp,110212,Hulk,Malware,DoS,Hulk
Friday-16-02-2018_442.pcap,tcp_128966,tcp,128966,Hulk,Malware,DoS,Hulk
Friday-16-02-2018_442.pcap,tcp_117500,tcp,117500,Hulk,Malware,DoS,Hulk
Friday-16-02-2018_442.pcap,tcp_127626,tcp,127626,Hulk,Malware,DoS,Hulk
Friday-16-02-2018_442.pcap,tcp_154412,tcp,154412,Hulk,Malware,DoS,Hulk
Friday-16-02-2018_442.pcap,tcp_151018,tcp,151018,Hulk,Malware,DoS,Hulk
Friday-16-02-2018_442.pcap,tcp_157419,tcp,157419,Hulk,Malware,DoS,Hulk
Friday-16-02-2018_442.pcap,tcp_165278,tcp,165278,Hulk,Malware,DoS,Hulk
Friday-16-02-2018_442.pcap,tcp_125097,tcp,125097,Hulk,Malware,DoS,Hulk
Friday-16-02-2018_442.pcap,tcp_128019,tcp,128019,Hulk,Malware,DoS,Hulk
Friday-16-02-2018_442.pcap,tcp_169369,tcp,169369,Hulk,Malware,DoS,Hulk
Friday-16-02-2018_442.pcap,tcp_142773,tcp,142773,Hulk,Malware,DoS,Hulk
Friday-16-02-2018_442.pcap,tcp_109678,tcp,109678,Hulk,Malware,DoS,Hulk
Friday-16-02-2018_442.pcap,tcp_137189,tcp,137189,Hulk,Malware,DoS,Hulk
Friday-16-02-2018_442.pcap,tcp_164527,tcp,164527,Hulk,Malware,DoS,Hulk
Friday-16-02-2018_442.pcap,tcp_168486,tcp,168486,Hulk,Malware,DoS,Hulk
Friday-16-02-2018_442.pcap,tcp_134115,tcp,134115,Hulk,Malware,DoS,Hulk
Friday-16-02-2018_442.pcap,tcp_108604,tcp,108604,Hulk,Malware,DoS,Hulk
Friday-16-02-2018_442.pcap,tcp_165100,tcp,165100,Hulk,Malware,DoS,Hulk
Friday-16-02-2018_442.pcap,tcp_139930,tcp,139930,Hulk,Malware,DoS,Hulk
Friday-16-02-2018_442.pcap,tcp_145883,tcp,145883,Hulk,Malware,DoS,Hulk
Friday-16-02-2018_442.pcap,tcp_133492,tcp,133492,Hulk,Malware,DoS,Hulk
Friday-16-02-2018_442.pcap,tcp_133997,tcp,133997,Hulk,Malware,DoS,Hulk
Friday-16-02-2018_442.pcap,tcp_115252,tcp,115252,Hulk,Malware,DoS,Hulk
Friday-16-02-2018_442.pcap,tcp_153706,tcp,153706,Hulk,Malware,DoS,Hulk
Friday-16-02-2018_442.pcap,tcp_159681,tcp,159681,Hulk,Malware,DoS,Hulk
Friday-16-02-2018_442.pcap,tcp_150355,tcp,150355,Hulk,Malware,DoS,Hulk
Friday-16-02-2018_442.pcap,tcp_150724,tcp,150724,Hulk,Malware,DoS,Hulk
Friday-16-02-2018_442.pcap,tcp_138408,tcp,138408,Hulk,Malware,DoS,Hulk
Friday-16-02-2018_442.pcap,tcp_127006,tcp,127006,Hulk,Malware,DoS,Hulk
Friday-16-02-2018_442.pcap,tcp_168163,tcp,168163,Hulk,Malware,DoS,Hulk
Friday-16-02-2018_442.pcap,tcp_163018,tcp,163018,Hulk,Malware,DoS,Hulk
Friday-16-02-2018_442.pcap,tcp_156929,tcp,156929,Hulk,Malware,DoS,Hulk
Friday-16-02-2018_442.pcap,tcp_115824,tcp,115824,Hulk,Malware,DoS,Hulk
Friday-16-02-2018_442.pcap,tcp_165442,tcp,165442,Hulk,Malware,DoS,Hulk
Friday-16-02-2018_442.pcap,tcp_167162,tcp,167162,Hulk,Malware,DoS,Hulk
Friday-16-02-2018_442.pcap,tcp_173442,tcp,173442,Hulk,Malware,DoS,Hulk
Friday-16-02-2018_442.pcap,tcp_156274,tcp,156274,Hulk,Malware,DoS,Hulk
Friday-16-02-2018_442.pcap,tcp_151770,tcp,151770,Hulk,Malware,DoS,Hulk
Friday-16-02-2018_442.pcap,tcp_129851,tcp,129851,Hulk,Malware,DoS,Hulk
Friday-16-02-2018_442.pcap,tcp_118324,tcp,118324,Hulk,Malware,DoS,Hulk
Friday-16-02-2018_442.pcap,tcp_146294,tcp,146294,Hulk,Malware,DoS,Hulk
Friday-16-02-2018_442.pcap,tcp_116252,tcp,116252,Hulk,Malware,DoS,Hulk
Friday-16-02-2018_442.pcap,tcp_107701,tcp,107701,Hulk,Malware,DoS,Hulk
Friday-16-02-2018_442.pcap,tcp_130436,tcp,130436,Hulk,Malware,DoS,Hulk
Friday-16-02-2018_442.pcap,tcp_138476,tcp,138476,Hulk,Malware,DoS,Hulk
Friday-16-02-2018_442.pcap,tcp_138309,tcp,138309,Hulk,Malware,DoS,Hulk
Friday-16-02-2018_442.pcap,tcp_177151,tcp,177151,Hulk,Malware,DoS,Hulk
Friday-16-02-2018_442.pcap,tcp_165101,tcp,165101,Hulk,Malware,DoS,Hulk
Friday-16-02-2018_442.pcap,tcp_169644,tcp,169644,Hulk,Malware,DoS,Hulk
Friday-16-02-2018_442.pcap,tcp_123483,tcp,123483,Hulk,Malware,DoS,Hulk
Friday-16-02-2018_442.pcap,tcp_169579,tcp,169579,Hulk,Malware,DoS,Hulk
Friday-16-02-2018_442.pcap,tcp_131211,tcp,131211,Hulk,Malware,DoS,Hulk
Friday-16-02-2018_442.pcap,tcp_121780,tcp,121780,Hulk,Malware,DoS,Hulk
Friday-16-02-2018_442.pcap,tcp_127138,tcp,127138,Hulk,Malware,DoS,Hulk
Friday-16-02-2018_442.pcap,tcp_114089,tcp,114089,Hulk,Malware,DoS,Hulk
Friday-16-02-2018_442.pcap,tcp_149592,tcp,149592,Hulk,Malware,DoS,Hulk
Friday-16-02-2018_442.pcap,tcp_124449,tcp,124449,Hulk,Malware,DoS,Hulk
Friday-16-02-2018_442.pcap,tcp_151177,tcp,151177,Hulk,Malware,DoS,Hulk
Friday-16-02-2018_442.pcap,tcp_145212,tcp,145212,Hulk,Malware,DoS,Hulk
Friday-16-02-2018_442.pcap,tcp_135315,tcp,135315,Hulk,Malware,DoS,Hulk
Friday-16-02-2018_442.pcap,tcp_142715,tcp,142715,Hulk,Malware,DoS,Hulk
Friday-16-02-2018_442.pcap,tcp_156105,tcp,156105,Hulk,Malware,DoS,Hulk
Friday-16-02-2018_442.pcap,tcp_125357,tcp,125357,Hulk,Malware,DoS,Hulk
Friday-16-02-2018_442.pcap,tcp_172523,tcp,172523,Hulk,Malware,DoS,Hulk
Friday-16-02-2018_442.pcap,tcp_149829,tcp,149829,Hulk,Malware,DoS,Hulk
Friday-16-02-2018_442.pcap,tcp_113189,tcp,113189,Hulk,Malware,DoS,Hulk
Friday-16-02-2018_442.pcap,tcp_149102,tcp,149102,Hulk,Malware,DoS,Hulk
Friday-16-02-2018_442.pcap,tcp_153194,tcp,153194,Hulk,Malware,DoS,Hulk
Friday-16-02-2018_442.pcap,tcp_108919,tcp,108919,Hulk,Malware,DoS,Hulk
Friday-16-02-2018_442.pcap,tcp_177330,tcp,177330,Hulk,Malware,DoS,Hulk
Friday-16-02-2018_442.pcap,tcp_173929,tcp,173929,Hulk,Malware,DoS,Hulk
Friday-16-02-2018_442.pcap,tcp_140861,tcp,140861,Hulk,Malware,DoS,Hulk
Friday-16-02-2018_442.pcap,tcp_167100,tcp,167100,Hulk,Malware,DoS,Hulk
Friday-16-02-2018_442.pcap,tcp_143065,tcp,143065,Hulk,Malware,DoS,Hulk
Friday-16-02-2018_442.pcap,tcp_161543,tcp,161543,Hulk,Malware,DoS,Hulk
Friday-16-02-2018_442.pcap,tcp_168188,tcp,168188,Hulk,Malware,DoS,Hulk
Friday-16-02-2018_442.pcap,tcp_175170,tcp,175170,Hulk,Malware,DoS,Hulk
Friday-16-02-2018_442.pcap,tcp_153136,tcp,153136,Hulk,Malware,DoS,Hulk
Friday-16-02-2018_442.pcap,tcp_145655,tcp,145655,Hulk,Malware,DoS,Hulk
Friday-16-02-2018_442.pcap,tcp_129357,tcp,129357,Hulk,Malware,DoS,Hulk
Friday-16-02-2018_442.pcap,tcp_123150,tcp,123150,Hulk,Malware,DoS,Hulk
Friday-16-02-2018_442.pcap,tcp_127445,tcp,127445,Hulk,Malware,DoS,Hulk
Friday-16-02-2018_442.pcap,tcp_159576,tcp,159576,Hulk,Malware,DoS,Hulk
Friday-16-02-2018_442.pcap,tcp_169645,tcp,169645,Hulk,Malware,DoS,Hulk
Friday-16-02-2018_442.pcap,tcp_117184,tcp,117184,Hulk,Malware,DoS,Hulk
Friday-16-02-2018_442.pcap,tcp_143453,tcp,143453,Hulk,Malware,DoS,Hulk
Friday-16-02-2018_442.pcap,tcp_175496,tcp,175496,Hulk,Malware,DoS,Hulk
Friday-16-02-2018_442.pcap,tcp_141144,tcp,141144,Hulk,Malware,DoS,Hulk
Friday-16-02-2018_442.pcap,tcp_113847,tcp,113847,Hulk,Malware,DoS,Hulk
Friday-16-02-2018_442.pcap,tcp_152354,tcp,152354,Hulk,Malware,DoS,Hulk
Friday-16-02-2018_442.pcap,tcp_123405,tcp,123405,Hulk,Malware,DoS,Hulk
Friday-16-02-2018_442.pcap,tcp_132811,tcp,132811,Hulk,Malware,DoS,Hulk
Friday-16-02-2018_442.pcap,tcp_152188,tcp,152188,Hulk,Malware,DoS,Hulk
Friday-16-02-2018_442.pcap,tcp_118859,tcp,118859,Hulk,Malware,DoS,Hulk
Friday-16-02-2018_442.pcap,tcp_114339,tcp,114339,Hulk,Malware,DoS,Hulk
Friday-16-02-2018_442.pcap,tcp_157031,tcp,157031,Hulk,Malware,DoS,Hulk
Friday-16-02-2018_442.pcap,tcp_150953,tcp,150953,Hulk,Malware,DoS,Hulk
Friday-16-02-2018_442.pcap,tcp_146419,tcp,146419,Hulk,Malware,DoS,Hulk
Friday-16-02-2018_442.pcap,tcp_172057,tcp,172057,Hulk,Malware,DoS,Hulk
Friday-16-02-2018_442.pcap,tcp_151732,tcp,151732,Hulk,Malware,DoS,Hulk
Friday-16-02-2018_442.pcap,tcp_129307,tcp,129307,Hulk,Malware,DoS,Hulk
Friday-16-02-2018_442.pcap,tcp_152954,tcp,152954,Hulk,Malware,DoS,Hulk
Friday-16-02-2018_442.pcap,tcp_141263,tcp,141263,Hulk,Malware,DoS,Hulk
Friday-16-02-2018_442.pcap,tcp_143905,tcp,143905,Hulk,Malware,DoS,Hulk
Friday-16-02-2018_442.pcap,tcp_170537,tcp,170537,Hulk,Malware,DoS,Hulk
Friday-16-02-2018_442.pcap,tcp_124102,tcp,124102,Hulk,Malware,DoS,Hulk
Friday-16-02-2018_442.pcap,tcp_128575,tcp,128575,Hulk,Malware,DoS,Hulk
Friday-16-02-2018_442.pcap,tcp_165133,tcp,165133,Hulk,Malware,DoS,Hulk
Friday-16-02-2018_442.pcap,tcp_128610,tcp,128610,Hulk,Malware,DoS,Hulk
Friday-16-02-2018_442.pcap,tcp_155324,tcp,155324,Hulk,Malware,DoS,Hulk
Friday-16-02-2018_442.pcap,tcp_151481,tcp,151481,Hulk,Malware,DoS,Hulk
Friday-16-02-2018_442.pcap,tcp_150119,tcp,150119,Hulk,Malware,DoS,Hulk
Friday-16-02-2018_442.pcap,tcp_154938,tcp,154938,Hulk,Malware,DoS,Hulk
Friday-16-02-2018_442.pcap,tcp_121260,tcp,121260,Hulk,Malware,DoS,Hulk
Friday-16-02-2018_442.pcap,tcp_137561,tcp,137561,Hulk,Malware,DoS,Hulk
Friday-16-02-2018_442.pcap,tcp_138899,tcp,138899,Hulk,Malware,DoS,Hulk
Friday-16-02-2018_442.pcap,tcp_172672,tcp,172672,Hulk,Malware,DoS,Hulk
Friday-16-02-2018_442.pcap,tcp_177995,tcp,177995,Hulk,Malware,DoS,Hulk
Friday-16-02-2018_442.pcap,tcp_150650,tcp,150650,Hulk,Malware,DoS,Hulk
Friday-16-02-2018_442.pcap,tcp_128742,tcp,128742,Hulk,Malware,DoS,Hulk
Friday-16-02-2018_442.pcap,tcp_107059,tcp,107059,Hulk,Malware,DoS,Hulk
Friday-16-02-2018_442.pcap,tcp_147847,tcp,147847,Hulk,Malware,DoS,Hulk
Friday-16-02-2018_442.pcap,tcp_117540,tcp,117540,Hulk,Malware,DoS,Hulk
Friday-16-02-2018_442.pcap,tcp_143421,tcp,143421,Hulk,Malware,DoS,Hulk
Friday-16-02-2018_442.pcap,tcp_173381,tcp,173381,Hulk,Malware,DoS,Hulk
Friday-16-02-2018_442.pcap,tcp_168101,tcp,168101,Hulk,Malware,DoS,Hulk
Friday-16-02-2018_442.pcap,tcp_114826,tcp,114826,Hulk,Malware,DoS,Hulk
Friday-16-02-2018_442.pcap,tcp_155496,tcp,155496,Hulk,Malware,DoS,Hulk
Friday-16-02-2018_442.pcap,tcp_113410,tcp,113410,Hulk,Malware,DoS,Hulk
Friday-16-02-2018_442.pcap,tcp_124077,tcp,124077,Hulk,Malware,DoS,Hulk
Friday-16-02-2018_442.pcap,tcp_165707,tcp,165707,Hulk,Malware,DoS,Hulk
Friday-16-02-2018_442.pcap,tcp_149371,tcp,149371,Hulk,Malware,DoS,Hulk
Friday-16-02-2018_442.pcap,tcp_124802,tcp,124802,Hulk,Malware,DoS,Hulk
Friday-16-02-2018_442.pcap,tcp_128144,tcp,128144,Hulk,Malware,DoS,Hulk
Friday-16-02-2018_442.pcap,tcp_145131,tcp,145131,Hulk,Malware,DoS,Hulk
Friday-16-02-2018_442.pcap,tcp_127136,tcp,127136,Hulk,Malware,DoS,Hulk
Friday-16-02-2018_442.pcap,tcp_114517,tcp,114517,Hulk,Malware,DoS,Hulk
Friday-16-02-2018_442.pcap,tcp_162130,tcp,162130,Hulk,Malware,DoS,Hulk
Friday-16-02-2018_442.pcap,tcp_159940,tcp,159940,Hulk,Malware,DoS,Hulk
Friday-16-02-2018_442.pcap,tcp_163905,tcp,163905,Hulk,Malware,DoS,Hulk
Friday-16-02-2018_442.pcap,tcp_168938,tcp,168938,Hulk,Malware,DoS,Hulk
Friday-16-02-2018_442.pcap,tcp_153094,tcp,153094,Hulk,Malware,DoS,Hulk
Friday-16-02-2018_442.pcap,tcp_134163,tcp,134163,Hulk,Malware,DoS,Hulk
Friday-16-02-2018_442.pcap,tcp_173417,tcp,173417,Hulk,Malware,DoS,Hulk
Friday-16-02-2018_442.pcap,tcp_113982,tcp,113982,Hulk,Malware,DoS,Hulk
Friday-16-02-2018_442.pcap,tcp_128199,tcp,128199,Hulk,Malware,DoS,Hulk
Friday-16-02-2018_442.pcap,tcp_168793,tcp,168793,Hulk,Malware,DoS,Hulk
Friday-16-02-2018_442.pcap,tcp_140980,tcp,140980,Hulk,Malware,DoS,Hulk
Friday-16-02-2018_442.pcap,tcp_164520,tcp,164520,Hulk,Malware,DoS,Hulk
Friday-16-02-2018_442.pcap,tcp_172994,tcp,172994,Hulk,Malware,DoS,Hulk
Friday-16-02-2018_442.pcap,tcp_142031,tcp,142031,Hulk,Malware,DoS,Hulk
Friday-16-02-2018_442.pcap,tcp_138281,tcp,138281,Hulk,Malware,DoS,Hulk
Friday-16-02-2018_442.pcap,tcp_123142,tcp,123142,Hulk,Malware,DoS,Hulk
Friday-16-02-2018_442.pcap,tcp_162547,tcp,162547,Hulk,Malware,DoS,Hulk
Friday-16-02-2018_442.pcap,tcp_136974,tcp,136974,Hulk,Malware,DoS,Hulk
Friday-16-02-2018_442.pcap,tcp_178049,tcp,178049,Hulk,Malware,DoS,Hulk
Friday-16-02-2018_442.pcap,tcp_137974,tcp,137974,Hulk,Malware,DoS,Hulk
Friday-16-02-2018_442.pcap,tcp_159777,tcp,159777,Hulk,Malware,DoS,Hulk
Friday-16-02-2018_442.pcap,tcp_140360,tcp,140360,Hulk,Malware,DoS,Hulk
Friday-16-02-2018_442.pcap,tcp_161275,tcp,161275,Hulk,Malware,DoS,Hulk
Friday-16-02-2018_442.pcap,tcp_110077,tcp,110077,Hulk,Malware,DoS,Hulk
Friday-16-02-2018_442.pcap,tcp_123319,tcp,123319,Hulk,Malware,DoS,Hulk
Friday-16-02-2018_442.pcap,tcp_135384,tcp,135384,Hulk,Malware,DoS,Hulk
Friday-16-02-2018_442.pcap,tcp_160737,tcp,160737,Hulk,Malware,DoS,Hulk
Friday-16-02-2018_442.pcap,tcp_116198,tcp,116198,Hulk,Malware,DoS,Hulk
Friday-16-02-2018_442.pcap,tcp_131078,tcp,131078,Hulk,Malware,DoS,Hulk
Friday-16-02-2018_442.pcap,tcp_164913,tcp,164913,Hulk,Malware,DoS,Hulk
Friday-16-02-2018_442.pcap,tcp_153869,tcp,153869,Hulk,Malware,DoS,Hulk
Friday-16-02-2018_442.pcap,tcp_149242,tcp,149242,Hulk,Malware,DoS,Hulk
Friday-16-02-2018_442.pcap,tcp_110628,tcp,110628,Hulk,Malware,DoS,Hulk
Friday-16-02-2018_442.pcap,tcp_119812,tcp,119812,Hulk,Malware,DoS,Hulk
Friday-16-02-2018_442.pcap,tcp_1821376,tcp,1821376,Hulk,Malware,DoS,Hulk
Friday-16-02-2018_442.pcap,tcp_169444,tcp,169444,Hulk,Malware,DoS,Hulk
Friday-16-02-2018_442.pcap,tcp_134735,tcp,134735,Hulk,Malware,DoS,Hulk
Friday-16-02-2018_442.pcap,tcp_113790,tcp,113790,Hulk,Malware,DoS,Hulk
Friday-16-02-2018_442.pcap,tcp_131871,tcp,131871,Hulk,Malware,DoS,Hulk
Friday-16-02-2018_442.pcap,tcp_128879,tcp,128879,Hulk,Malware,DoS,Hulk
Friday-16-02-2018_442.pcap,tcp_156743,tcp,156743,Hulk,Malware,DoS,Hulk
Friday-16-02-2018_442.pcap,tcp_134293,tcp,134293,Hulk,Malware,DoS,Hulk
Friday-16-02-2018_442.pcap,tcp_128490,tcp,128490,Hulk,Malware,DoS,Hulk
Friday-16-02-2018_442.pcap,tcp_153436,tcp,153436,Hulk,Malware,DoS,Hulk
Friday-16-02-2018_442.pcap,tcp_150853,tcp,150853,Hulk,Malware,DoS,Hulk
Friday-16-02-2018_442.pcap,tcp_138017,tcp,138017,Hulk,Malware,DoS,Hulk
Friday-16-02-2018_442.pcap,tcp_148659,tcp,148659,Hulk,Malware,DoS,Hulk
Friday-16-02-2018_442.pcap,tcp_176043,tcp,176043,Hulk,Malware,DoS,Hulk
Friday-16-02-2018_442.pcap,tcp_174071,tcp,174071,Hulk,Malware,DoS,Hulk
Friday-16-02-2018_442.pcap,tcp_140451,tcp,140451,Hulk,Malware,DoS,Hulk
Friday-16-02-2018_442.pcap,tcp_168295,tcp,168295,Hulk,Malware,DoS,Hulk
Friday-16-02-2018_442.pcap,tcp_176227,tcp,176227,Hulk,Malware,DoS,Hulk
Friday-16-02-2018_442.pcap,tcp_156278,tcp,156278,Hulk,Malware,DoS,Hulk
Friday-16-02-2018_442.pcap,tcp_115828,tcp,115828,Hulk,Malware,DoS,Hulk
Friday-16-02-2018_442.pcap,tcp_154873,tcp,154873,Hulk,Malware,DoS,Hulk
Friday-16-02-2018_442.pcap,tcp_166813,tcp,166813,Hulk,Malware,DoS,Hulk
Friday-16-02-2018_442.pcap,tcp_111361,tcp,111361,Hulk,Malware,DoS,Hulk
Friday-16-02-2018_442.pcap,tcp_166421,tcp,166421,Hulk,Malware,DoS,Hulk
Friday-16-02-2018_442.pcap,tcp_120293,tcp,120293,Hulk,Malware,DoS,Hulk
Friday-16-02-2018_442.pcap,tcp_152685,tcp,152685,Hulk,Malware,DoS,Hulk
Friday-16-02-2018_442.pcap,tcp_121061,tcp,121061,Hulk,Malware,DoS,Hulk
Friday-16-02-2018_442.pcap,tcp_120272,tcp,120272,Hulk,Malware,DoS,Hulk
Friday-16-02-2018_442.pcap,tcp_173918,tcp,173918,Hulk,Malware,DoS,Hulk
Friday-16-02-2018_442.pcap,tcp_155700,tcp,155700,Hulk,Malware,DoS,Hulk
Friday-16-02-2018_442.pcap,tcp_140239,tcp,140239,Hulk,Malware,DoS,Hulk
Friday-16-02-2018_442.pcap,tcp_158724,tcp,158724,Hulk,Malware,DoS,Hulk
Friday-16-02-2018_442.pcap,tcp_125113,tcp,125113,Hulk,Malware,DoS,Hulk
Friday-16-02-2018_442.pcap,tcp_168309,tcp,168309,Hulk,Malware,DoS,Hulk
Friday-16-02-2018_442.pcap,tcp_124287,tcp,124287,Hulk,Malware,DoS,Hulk
Friday-16-02-2018_442.pcap,tcp_134800,tcp,134800,Hulk,Malware,DoS,Hulk
Friday-16-02-2018_442.pcap,tcp_169550,tcp,169550,Hulk,Malware,DoS,Hulk
Friday-16-02-2018_442.pcap,tcp_161914,tcp,161914,Hulk,Malware,DoS,Hulk
Friday-16-02-2018_442.pcap,tcp_153633,tcp,153633,Hulk,Malware,DoS,Hulk
Friday-16-02-2018_442.pcap,tcp_118902,tcp,118902,Hulk,Malware,DoS,Hulk
Friday-16-02-2018_442.pcap,tcp_157858,tcp,157858,Hulk,Malware,DoS,Hulk
Friday-16-02-2018_442.pcap,tcp_149660,tcp,149660,Hulk,Malware,DoS,Hulk
Friday-16-02-2018_442.pcap,tcp_138442,tcp,138442,Hulk,Malware,DoS,Hulk
Friday-16-02-2018_442.pcap,tcp_154863,tcp,154863,Hulk,Malware,DoS,Hulk
Friday-16-02-2018_442.pcap,tcp_125867,tcp,125867,Hulk,Malware,DoS,Hulk
Friday-16-02-2018_442.pcap,tcp_127382,tcp,127382,Hulk,Malware,DoS,Hulk
Friday-16-02-2018_442.pcap,tcp_126709,tcp,126709,Hulk,Malware,DoS,Hulk
Friday-16-02-2018_442.pcap,tcp_170693,tcp,170693,Hulk,Malware,DoS,Hulk
Friday-16-02-2018_442.pcap,tcp_143925,tcp,143925,Hulk,Malware,DoS,Hulk
Friday-16-02-2018_442.pcap,tcp_135018,tcp,135018,Hulk,Malware,DoS,Hulk
Friday-16-02-2018_442.pcap,tcp_132843,tcp,132843,Hulk,Malware,DoS,Hulk
Friday-16-02-2018_442.pcap,tcp_176075,tcp,176075,Hulk,Malware,DoS,Hulk
Friday-16-02-2018_442.pcap,tcp_174653,tcp,174653,Hulk,Malware,DoS,Hulk
Friday-16-02-2018_442.pcap,tcp_134448,tcp,134448,Hulk,Malware,DoS,Hulk
Friday-16-02-2018_442.pcap,tcp_135637,tcp,135637,Hulk,Malware,DoS,Hulk
Friday-16-02-2018_442.pcap,tcp_168643,tcp,168643,Hulk,Malware,DoS,Hulk
Friday-16-02-2018_442.pcap,tcp_139914,tcp,139914,Hulk,Malware,DoS,Hulk
Friday-16-02-2018_442.pcap,tcp_155155,tcp,155155,Hulk,Malware,DoS,Hulk
Friday-16-02-2018_442.pcap,tcp_169894,tcp,169894,Hulk,Malware,DoS,Hulk
Friday-16-02-2018_442.pcap,tcp_177898,tcp,177898,Hulk,Malware,DoS,Hulk
Friday-16-02-2018_442.pcap,tcp_139179,tcp,139179,Hulk,Malware,DoS,Hulk
Friday-16-02-2018_442.pcap,tcp_159387,tcp,159387,Hulk,Malware,DoS,Hulk
Friday-16-02-2018_442.pcap,tcp_113882,tcp,113882,Hulk,Malware,DoS,Hulk
Friday-16-02-2018_442.pcap,tcp_122019,tcp,122019,Hulk,Malware,DoS,Hulk
Friday-16-02-2018_442.pcap,tcp_116950,tcp,116950,Hulk,Malware,DoS,Hulk
Friday-16-02-2018_442.pcap,tcp_169996,tcp,169996,Hulk,Malware,DoS,Hulk
Friday-16-02-2018_442.pcap,tcp_167691,tcp,167691,Hulk,Malware,DoS,Hulk
Friday-16-02-2018_442.pcap,tcp_136907,tcp,136907,Hulk,Malware,DoS,Hulk
Friday-16-02-2018_442.pcap,tcp_114856,tcp,114856,Hulk,Malware,DoS,Hulk
Friday-16-02-2018_442.pcap,tcp_135002,tcp,135002,Hulk,Malware,DoS,Hulk
Friday-16-02-2018_442.pcap,tcp_133246,tcp,133246,Hulk,Malware,DoS,Hulk
Friday-16-02-2018_442.pcap,tcp_125254,tcp,125254,Hulk,Malware,DoS,Hulk
Friday-16-02-2018_442.pcap,tcp_176471,tcp,176471,Hulk,Malware,DoS,Hulk
Friday-16-02-2018_442.pcap,tcp_114637,tcp,114637,Hulk,Malware,DoS,Hulk
Friday-16-02-2018_442.pcap,tcp_174455,tcp,174455,Hulk,Malware,DoS,Hulk
Friday-16-02-2018_442.pcap,tcp_108930,tcp,108930,Hulk,Malware,DoS,Hulk
Friday-16-02-2018_442.pcap,tcp_122609,tcp,122609,Hulk,Malware,DoS,Hulk
Friday-16-02-2018_442.pcap,tcp_117215,tcp,117215,Hulk,Malware,DoS,Hulk
Friday-16-02-2018_442.pcap,tcp_137505,tcp,137505,Hulk,Malware,DoS,Hulk
Friday-16-02-2018_442.pcap,tcp_160141,tcp,160141,Hulk,Malware,DoS,Hulk
Friday-16-02-2018_442.pcap,tcp_155787,tcp,155787,Hulk,Malware,DoS,Hulk
Friday-16-02-2018_442.pcap,tcp_113580,tcp,113580,Hulk,Malware,DoS,Hulk
Friday-16-02-2018_442.pcap,tcp_168703,tcp,168703,Hulk,Malware,DoS,Hulk
Friday-16-02-2018_442.pcap,tcp_127182,tcp,127182,Hulk,Malware,DoS,Hulk
Friday-16-02-2018_442.pcap,tcp_145469,tcp,145469,Hulk,Malware,DoS,Hulk
Friday-16-02-2018_442.pcap,tcp_137953,tcp,137953,Hulk,Malware,DoS,Hulk
Friday-16-02-2018_442.pcap,tcp_152833,tcp,152833,Hulk,Malware,DoS,Hulk
Friday-16-02-2018_442.pcap,tcp_132218,tcp,132218,Hulk,Malware,DoS,Hulk
Friday-16-02-2018_442.pcap,tcp_150032,tcp,150032,Hulk,Malware,DoS,Hulk
Friday-16-02-2018_442.pcap,tcp_127650,tcp,127650,Hulk,Malware,DoS,Hulk
Friday-16-02-2018_442.pcap,tcp_172520,tcp,172520,Hulk,Malware,DoS,Hulk
Friday-16-02-2018_442.pcap,tcp_125317,tcp,125317,Hulk,Malware,DoS,Hulk
Friday-16-02-2018_442.pcap,tcp_172179,tcp,172179,Hulk,Malware,DoS,Hulk
Friday-16-02-2018_442.pcap,tcp_133253,tcp,133253,Hulk,Malware,DoS,Hulk
Friday-16-02-2018_442.pcap,tcp_139632,tcp,139632,Hulk,Malware,DoS,Hulk
Friday-16-02-2018_442.pcap,tcp_122610,tcp,122610,Hulk,Malware,DoS,Hulk
Friday-16-02-2018_442.pcap,tcp_165097,tcp,165097,Hulk,Malware,DoS,Hulk
Friday-16-02-2018_442.pcap,tcp_133048,tcp,133048,Hulk,Malware,DoS,Hulk
Friday-16-02-2018_442.pcap,tcp_150126,tcp,150126,Hulk,Malware,DoS,Hulk
Friday-16-02-2018_442.pcap,tcp_153340,tcp,153340,Hulk,Malware,DoS,Hulk
Friday-16-02-2018_442.pcap,tcp_111013,tcp,111013,Hulk,Malware,DoS,Hulk
Friday-16-02-2018_442.pcap,tcp_135933,tcp,135933,Hulk,Malware,DoS,Hulk
Friday-16-02-2018_442.pcap,tcp_146636,tcp,146636,Hulk,Malware,DoS,Hulk
Friday-16-02-2018_442.pcap,tcp_123550,tcp,123550,Hulk,Malware,DoS,Hulk
Friday-16-02-2018_442.pcap,tcp_143448,tcp,143448,Hulk,Malware,DoS,Hulk
Friday-16-02-2018_442.pcap,tcp_143048,tcp,143048,Hulk,Malware,DoS,Hulk
Friday-16-02-2018_442.pcap,tcp_164884,tcp,164884,Hulk,Malware,DoS,Hulk
Friday-16-02-2018_442.pcap,tcp_111303,tcp,111303,Hulk,Malware,DoS,Hulk
Friday-16-02-2018_442.pcap,tcp_138225,tcp,138225,Hulk,Malware,DoS,Hulk
Friday-16-02-2018_442.pcap,tcp_176004,tcp,176004,Hulk,Malware,DoS,Hulk
Friday-16-02-2018_442.pcap,tcp_162966,tcp,162966,Hulk,Malware,DoS,Hulk
Friday-16-02-2018_442.pcap,tcp_169282,tcp,169282,Hulk,Malware,DoS,Hulk
Friday-16-02-2018_442.pcap,tcp_142484,tcp,142484,Hulk,Malware,DoS,Hulk
Friday-16-02-2018_442.pcap,tcp_120218,tcp,120218,Hulk,Malware,DoS,Hulk
Friday-16-02-2018_442.pcap,tcp_173263,tcp,173263,Hulk,Malware,DoS,Hulk
Friday-16-02-2018_442.pcap,tcp_176101,tcp,176101,Hulk,Malware,DoS,Hulk
Friday-16-02-2018_442.pcap,tcp_150080,tcp,150080,Hulk,Malware,DoS,Hulk
Friday-16-02-2018_442.pcap,tcp_140480,tcp,140480,Hulk,Malware,DoS,Hulk
Friday-16-02-2018_442.pcap,tcp_137564,tcp,137564,Hulk,Malware,DoS,Hulk
Friday-16-02-2018_442.pcap,tcp_178399,tcp,178399,Hulk,Malware,DoS,Hulk
Friday-16-02-2018_442.pcap,tcp_150375,tcp,150375,Hulk,Malware,DoS,Hulk
Friday-16-02-2018_442.pcap,tcp_175821,tcp,175821,Hulk,Malware,DoS,Hulk
Friday-16-02-2018_442.pcap,tcp_143286,tcp,143286,Hulk,Malware,DoS,Hulk
Friday-16-02-2018_442.pcap,tcp_174568,tcp,174568,Hulk,Malware,DoS,Hulk
Friday-16-02-2018_442.pcap,tcp_117138,tcp,117138,Hulk,Malware,DoS,Hulk
Friday-16-02-2018_442.pcap,tcp_125709,tcp,125709,Hulk,Malware,DoS,Hulk
Friday-16-02-2018_442.pcap,tcp_147554,tcp,147554,Hulk,Malware,DoS,Hulk
Friday-16-02-2018_442.pcap,tcp_130242,tcp,130242,Hulk,Malware,DoS,Hulk
Friday-16-02-2018_442.pcap,tcp_109507,tcp,109507,Hulk,Malware,DoS,Hulk
Friday-16-02-2018_442.pcap,tcp_114170,tcp,114170,Hulk,Malware,DoS,Hulk
Friday-16-02-2018_442.pcap,tcp_107272,tcp,107272,Hulk,Malware,DoS,Hulk
Friday-16-02-2018_442.pcap,tcp_135452,tcp,135452,Hulk,Malware,DoS,Hulk
Friday-16-02-2018_442.pcap,tcp_146220,tcp,146220,Hulk,Malware,DoS,Hulk
Friday-16-02-2018_442.pcap,tcp_157957,tcp,157957,Hulk,Malware,DoS,Hulk
Friday-16-02-2018_442.pcap,tcp_111764,tcp,111764,Hulk,Malware,DoS,Hulk
Friday-16-02-2018_442.pcap,tcp_144802,tcp,144802,Hulk,Malware,DoS,Hulk
Friday-16-02-2018_442.pcap,tcp_146916,tcp,146916,Hulk,Malware,DoS,Hulk
Friday-16-02-2018_442.pcap,tcp_692238,tcp,692238,Hulk,Malware,DoS,Hulk
Friday-16-02-2018_442.pcap,tcp_120133,tcp,120133,Hulk,Malware,DoS,Hulk
Friday-16-02-2018_442.pcap,tcp_121180,tcp,121180,Hulk,Malware,DoS,Hulk
Friday-16-02-2018_442.pcap,tcp_148157,tcp,148157,Hulk,Malware,DoS,Hulk
Friday-16-02-2018_442.pcap,tcp_156443,tcp,156443,Hulk,Malware,DoS,Hulk
Friday-16-02-2018_442.pcap,tcp_169207,tcp,169207,Hulk,Malware,DoS,Hulk
Friday-16-02-2018_442.pcap,tcp_119077,tcp,119077,Hulk,Malware,DoS,Hulk
Friday-16-02-2018_442.pcap,tcp_151426,tcp,151426,Hulk,Malware,DoS,Hulk
Friday-16-02-2018_442.pcap,tcp_108816,tcp,108816,Hulk,Malware,DoS,Hulk
Friday-16-02-2018_442.pcap,tcp_153198,tcp,153198,Hulk,Malware,DoS,Hulk
Friday-16-02-2018_442.pcap,tcp_156731,tcp,156731,Hulk,Malware,DoS,Hulk
Friday-16-02-2018_442.pcap,tcp_136936,tcp,136936,Hulk,Malware,DoS,Hulk
Friday-16-02-2018_442.pcap,tcp_166072,tcp,166072,Hulk,Malware,DoS,Hulk
Friday-16-02-2018_442.pcap,tcp_171084,tcp,171084,Hulk,Malware,DoS,Hulk
Friday-16-02-2018_442.pcap,tcp_136170,tcp,136170,Hulk,Malware,DoS,Hulk
Friday-16-02-2018_442.pcap,tcp_149475,tcp,149475,Hulk,Malware,DoS,Hulk
Friday-16-02-2018_442.pcap,tcp_107304,tcp,107304,Hulk,Malware,DoS,Hulk
Friday-16-02-2018_442.pcap,tcp_142123,tcp,142123,Hulk,Malware,DoS,Hulk
Friday-16-02-2018_442.pcap,tcp_136235,tcp,136235,Hulk,Malware,DoS,Hulk
Friday-16-02-2018_442.pcap,tcp_169235,tcp,169235,Hulk,Malware,DoS,Hulk
Friday-16-02-2018_442.pcap,tcp_118790,tcp,118790,Hulk,Malware,DoS,Hulk
Friday-16-02-2018_442.pcap,tcp_133335,tcp,133335,Hulk,Malware,DoS,Hulk
Friday-16-02-2018_442.pcap,tcp_148952,tcp,148952,Hulk,Malware,DoS,Hulk
Friday-16-02-2018_442.pcap,tcp_130529,tcp,130529,Hulk,Malware,DoS,Hulk
Friday-16-02-2018_442.pcap,tcp_165209,tcp,165209,Hulk,Malware,DoS,Hulk
Friday-16-02-2018_442.pcap,tcp_148632,tcp,148632,Hulk,Malware,DoS,Hulk
Friday-16-02-2018_442.pcap,tcp_173140,tcp,173140,Hulk,Malware,DoS,Hulk
Friday-16-02-2018_442.pcap,tcp_138530,tcp,138530,Hulk,Malware,DoS,Hulk
Friday-16-02-2018_442.pcap,tcp_130403,tcp,130403,Hulk,Malware,DoS,Hulk
Friday-16-02-2018_442.pcap,tcp_171026,tcp,171026,Hulk,Malware,DoS,Hulk
Friday-16-02-2018_442.pcap,tcp_160960,tcp,160960,Hulk,Malware,DoS,Hulk
Friday-16-02-2018_442.pcap,tcp_130083,tcp,130083,Hulk,Malware,DoS,Hulk
Friday-16-02-2018_442.pcap,tcp_149017,tcp,149017,Hulk,Malware,DoS,Hulk
Friday-16-02-2018_442.pcap,tcp_156214,tcp,156214,Hulk,Malware,DoS,Hulk
Friday-16-02-2018_442.pcap,tcp_117313,tcp,117313,Hulk,Malware,DoS,Hulk
Friday-16-02-2018_442.pcap,tcp_149776,tcp,149776,Hulk,Malware,DoS,Hulk
Friday-16-02-2018_442.pcap,tcp_164161,tcp,164161,Hulk,Malware,DoS,Hulk
Friday-16-02-2018_442.pcap,tcp_122366,tcp,122366,Hulk,Malware,DoS,Hulk
Friday-16-02-2018_442.pcap,tcp_137815,tcp,137815,Hulk,Malware,DoS,Hulk
Friday-16-02-2018_442.pcap,tcp_159342,tcp,159342,Hulk,Malware,DoS,Hulk
Friday-16-02-2018_442.pcap,tcp_159937,tcp,159937,Hulk,Malware,DoS,Hulk
Friday-16-02-2018_442.pcap,tcp_129742,tcp,129742,Hulk,Malware,DoS,Hulk
Friday-16-02-2018_442.pcap,tcp_113417,tcp,113417,Hulk,Malware,DoS,Hulk
Friday-16-02-2018_442.pcap,tcp_161839,tcp,161839,Hulk,Malware,DoS,Hulk
Friday-16-02-2018_442.pcap,tcp_150351,tcp,150351,Hulk,Malware,DoS,Hulk
Friday-16-02-2018_442.pcap,tcp_135778,tcp,135778,Hulk,Malware,DoS,Hulk
Friday-16-02-2018_442.pcap,tcp_152442,tcp,152442,Hulk,Malware,DoS,Hulk
Friday-16-02-2018_442.pcap,tcp_158599,tcp,158599,Hulk,Malware,DoS,Hulk
Friday-16-02-2018_442.pcap,tcp_162384,tcp,162384,Hulk,Malware,DoS,Hulk
Friday-16-02-2018_442.pcap,tcp_113800,tcp,113800,Hulk,Malware,DoS,Hulk
Friday-16-02-2018_442.pcap,tcp_145712,tcp,145712,Hulk,Malware,DoS,Hulk
Friday-16-02-2018_442.pcap,tcp_128064,tcp,128064,Hulk,Malware,DoS,Hulk
Friday-16-02-2018_442.pcap,tcp_137231,tcp,137231,Hulk,Malware,DoS,Hulk
Friday-16-02-2018_442.pcap,tcp_130831,tcp,130831,Hulk,Malware,DoS,Hulk
Friday-16-02-2018_442.pcap,tcp_136489,tcp,136489,Hulk,Malware,DoS,Hulk
Friday-16-02-2018_442.pcap,tcp_170615,tcp,170615,Hulk,Malware,DoS,Hulk
Friday-16-02-2018_442.pcap,tcp_145427,tcp,145427,Hulk,Malware,DoS,Hulk
Friday-16-02-2018_442.pcap,tcp_144311,tcp,144311,Hulk,Malware,DoS,Hulk
Friday-16-02-2018_442.pcap,tcp_122004,tcp,122004,Hulk,Malware,DoS,Hulk
Friday-16-02-2018_442.pcap,tcp_114468,tcp,114468,Hulk,Malware,DoS,Hulk
Friday-16-02-2018_442.pcap,tcp_114613,tcp,114613,Hulk,Malware,DoS,Hulk
Friday-16-02-2018_442.pcap,tcp_143264,tcp,143264,Hulk,Malware,DoS,Hulk
Friday-16-02-2018_442.pcap,tcp_132454,tcp,132454,Hulk,Malware,DoS,Hulk
Friday-16-02-2018_442.pcap,tcp_125761,tcp,125761,Hulk,Malware,DoS,Hulk
Friday-16-02-2018_442.pcap,tcp_151226,tcp,151226,Hulk,Malware,DoS,Hulk
Friday-16-02-2018_442.pcap,tcp_145593,tcp,145593,Hulk,Malware,DoS,Hulk
Friday-16-02-2018_442.pcap,tcp_165927,tcp,165927,Hulk,Malware,DoS,Hulk
Friday-16-02-2018_442.pcap,tcp_135785,tcp,135785,Hulk,Malware,DoS,Hulk
Friday-16-02-2018_442.pcap,tcp_150783,tcp,150783,Hulk,Malware,DoS,Hulk
Friday-16-02-2018_442.pcap,tcp_132539,tcp,132539,Hulk,Malware,DoS,Hulk
Friday-16-02-2018_442.pcap,tcp_118436,tcp,118436,Hulk,Malware,DoS,Hulk
Friday-16-02-2018_442.pcap,tcp_166401,tcp,166401,Hulk,Malware,DoS,Hulk
Friday-16-02-2018_442.pcap,tcp_145377,tcp,145377,Hulk,Malware,DoS,Hulk
Friday-16-02-2018_442.pcap,tcp_156978,tcp,156978,Hulk,Malware,DoS,Hulk
Friday-16-02-2018_442.pcap,tcp_125362,tcp,125362,Hulk,Malware,DoS,Hulk
Friday-16-02-2018_442.pcap,tcp_148022,tcp,148022,Hulk,Malware,DoS,Hulk
Friday-16-02-2018_442.pcap,tcp_159207,tcp,159207,Hulk,Malware,DoS,Hulk
Friday-16-02-2018_442.pcap,tcp_137892,tcp,137892,Hulk,Malware,DoS,Hulk
Friday-16-02-2018_442.pcap,tcp_141511,tcp,141511,Hulk,Malware,DoS,Hulk
Friday-16-02-2018_442.pcap,tcp_116275,tcp,116275,Hulk,Malware,DoS,Hulk
Friday-16-02-2018_442.pcap,tcp_179279,tcp,179279,Hulk,Malware,DoS,Hulk
Wednesday-14-02-2018_448.pcap,tcp_273933,tcp,273933,SSH-Patator,Malware,Patator,SSH-Patator
Wednesday-14-02-2018_448.pcap,tcp_275838,tcp,275838,SSH-Patator,Malware,Patator,SSH-Patator
Wednesday-14-02-2018_448.pcap,tcp_265732,tcp,265732,SSH-Patator,Malware,Patator,SSH-Patator
Wednesday-14-02-2018_448.pcap,tcp_228241,tcp,228241,SSH-Patator,Malware,Patator,SSH-Patator
Wednesday-14-02-2018_448.pcap,tcp_229650,tcp,229650,SSH-Patator,Malware,Patator,SSH-Patator
Wednesday-14-02-2018_448.pcap,tcp_214899,tcp,214899,SSH-Patator,Malware,Patator,SSH-Patator
Wednesday-14-02-2018_448.pcap,tcp_201929,tcp,201929,SSH-Patator,Malware,Patator,SSH-Patator
Wednesday-14-02-2018_448.pcap,tcp_239595,tcp,239595,SSH-Patator,Malware,Patator,SSH-Patator
Wednesday-14-02-2018_448.pcap,tcp_286776,tcp,286776,SSH-Patator,Malware,Patator,SSH-Patator
Wednesday-14-02-2018_448.pcap,tcp_273712,tcp,273712,SSH-Patator,Malware,Patator,SSH-Patator
Wednesday-14-02-2018_448.pcap,tcp_239654,tcp,239654,SSH-Patator,Malware,Patator,SSH-Patator
Wednesday-14-02-2018_448.pcap,tcp_216534,tcp,216534,SSH-Patator,Malware,Patator,SSH-Patator
Wednesday-14-02-2018_448.pcap,tcp_197951,tcp,197951,SSH-Patator,Malware,Patator,SSH-Patator
Wednesday-14-02-2018_448.pcap,tcp_224239,tcp,224239,SSH-Patator,Malware,Patator,SSH-Patator
Wednesday-14-02-2018_448.pcap,tcp_214241,tcp,214241,SSH-Patator,Malware,Patator,SSH-Patator
Wednesday-14-02-2018_448.pcap,tcp_254740,tcp,254740,SSH-Patator,Malware,Patator,SSH-Patator
Wednesday-14-02-2018_448.pcap,tcp_266332,tcp,266332,SSH-Patator,Malware,Patator,SSH-Patator
Wednesday-14-02-2018_448.pcap,tcp_277871,tcp,277871,SSH-Patator,Malware,Patator,SSH-Patator
Wednesday-14-02-2018_448.pcap,tcp_273643,tcp,273643,SSH-Patator,Malware,Patator,SSH-Patator
Wednesday-14-02-2018_448.pcap,tcp_212615,tcp,212615,SSH-Patator,Malware,Patator,SSH-Patator
Wednesday-14-02-2018_448.pcap,tcp_259343,tcp,259343,SSH-Patator,Malware,Patator,SSH-Patator
Wednesday-14-02-2018_448.pcap,tcp_227810,tcp,227810,SSH-Patator,Malware,Patator,SSH-Patator
Wednesday-14-02-2018_448.pcap,tcp_209116,tcp,209116,SSH-Patator,Malware,Patator,SSH-Patator
Wednesday-14-02-2018_448.pcap,tcp_196889,tcp,196889,SSH-Patator,Malware,Patator,SSH-Patator
Wednesday-14-02-2018_448.pcap,tcp_274644,tcp,274644,SSH-Patator,Malware,Patator,SSH-Patator
Wednesday-14-02-2018_448.pcap,tcp_213587,tcp,213587,SSH-Patator,Malware,Patator,SSH-Patator
Wednesday-14-02-2018_448.pcap,tcp_269172,tcp,269172,SSH-Patator,Malware,Patator,SSH-Patator
Wednesday-14-02-2018_448.pcap,tcp_198396,tcp,198396,SSH-Patator,Malware,Patator,SSH-Patator
Wednesday-14-02-2018_448.pcap,tcp_219710,tcp,219710,SSH-Patator,Malware,Patator,SSH-Patator
Wednesday-14-02-2018_448.pcap,tcp_264420,tcp,264420,SSH-Patator,Malware,Patator,SSH-Patator
Wednesday-14-02-2018_448.pcap,tcp_206800,tcp,206800,SSH-Patator,Malware,Patator,SSH-Patator
Wednesday-14-02-2018_448.pcap,tcp_228821,tcp,228821,SSH-Patator,Malware,Patator,SSH-Patator
Wednesday-14-02-2018_448.pcap,tcp_224448,tcp,224448,SSH-Patator,Malware,Patator,SSH-Patator
Wednesday-14-02-2018_448.pcap,tcp_225808,tcp,225808,SSH-Patator,Malware,Patator,SSH-Patator
Wednesday-14-02-2018_448.pcap,tcp_241275,tcp,241275,SSH-Patator,Malware,Patator,SSH-Patator
Wednesday-14-02-2018_448.pcap,tcp_252222,tcp,252222,SSH-Patator,Malware,Patator,SSH-Patator
Wednesday-14-02-2018_448.pcap,tcp_245840,tcp,245840,SSH-Patator,Malware,Patator,SSH-Patator
Wednesday-14-02-2018_448.pcap,tcp_279975,tcp,279975,SSH-Patator,Malware,Patator,SSH-Patator
Wednesday-14-02-2018_448.pcap,tcp_254237,tcp,254237,SSH-Patator,Malware,Patator,SSH-Patator
Wednesday-14-02-2018_448.pcap,tcp_276000,tcp,276000,SSH-Patator,Malware,Patator,SSH-Patator
Wednesday-14-02-2018_448.pcap,tcp_216821,tcp,216821,SSH-Patator,Malware,Patator,SSH-Patator
Wednesday-14-02-2018_448.pcap,tcp_275922,tcp,275922,SSH-Patator,Malware,Patator,SSH-Patator
Wednesday-14-02-2018_448.pcap,tcp_212182,tcp,212182,SSH-Patator,Malware,Patator,SSH-Patator
Wednesday-14-02-2018_448.pcap,tcp_224246,tcp,224246,SSH-Patator,Malware,Patator,SSH-Patator
Wednesday-14-02-2018_448.pcap,tcp_217341,tcp,217341,SSH-Patator,Malware,Patator,SSH-Patator
Wednesday-14-02-2018_448.pcap,tcp_210055,tcp,210055,SSH-Patator,Malware,Patator,SSH-Patator
Wednesday-14-02-2018_448.pcap,tcp_215392,tcp,215392,SSH-Patator,Malware,Patator,SSH-Patator
Wednesday-14-02-2018_448.pcap,tcp_250847,tcp,250847,SSH-Patator,Malware,Patator,SSH-Patator
Wednesday-14-02-2018_448.pcap,tcp_248723,tcp,248723,SSH-Patator,Malware,Patator,SSH-Patator
Wednesday-14-02-2018_448.pcap,tcp_224337,tcp,224337,SSH-Patator,Malware,Patator,SSH-Patator
Wednesday-14-02-2018_448.pcap,tcp_285703,tcp,285703,SSH-Patator,Malware,Patator,SSH-Patator
Wednesday-14-02-2018_448.pcap,tcp_194283,tcp,194283,SSH-Patator,Malware,Patator,SSH-Patator
Wednesday-14-02-2018_448.pcap,tcp_198339,tcp,198339,SSH-Patator,Malware,Patator,SSH-Patator
Wednesday-14-02-2018_448.pcap,tcp_248999,tcp,248999,SSH-Patator,Malware,Patator,SSH-Patator
Wednesday-14-02-2018_448.pcap,tcp_206141,tcp,206141,SSH-Patator,Malware,Patator,SSH-Patator
Wednesday-14-02-2018_448.pcap,tcp_232601,tcp,232601,SSH-Patator,Malware,Patator,SSH-Patator
Wednesday-14-02-2018_448.pcap,tcp_282607,tcp,282607,SSH-Patator,Malware,Patator,SSH-Patator
Wednesday-14-02-2018_448.pcap,tcp_217577,tcp,217577,SSH-Patator,Malware,Patator,SSH-Patator
Wednesday-14-02-2018_448.pcap,tcp_283869,tcp,283869,SSH-Patator,Malware,Patator,SSH-Patator
Wednesday-14-02-2018_448.pcap,tcp_282063,tcp,282063,SSH-Patator,Malware,Patator,SSH-Patator
Wednesday-14-02-2018_448.pcap,tcp_242895,tcp,242895,SSH-Patator,Malware,Patator,SSH-Patator
Wednesday-14-02-2018_448.pcap,tcp_271485,tcp,271485,SSH-Patator,Malware,Patator,SSH-Patator
Wednesday-14-02-2018_448.pcap,tcp_204443,tcp,204443,SSH-Patator,Malware,Patator,SSH-Patator
Wednesday-14-02-2018_448.pcap,tcp_205870,tcp,205870,SSH-Patator,Malware,Patator,SSH-Patator
Wednesday-14-02-2018_448.pcap,tcp_220013,tcp,220013,SSH-Patator,Malware,Patator,SSH-Patator
Wednesday-14-02-2018_448.pcap,tcp_266783,tcp,266783,SSH-Patator,Malware,Patator,SSH-Patator
Wednesday-14-02-2018_448.pcap,tcp_246986,tcp,246986,SSH-Patator,Malware,Patator,SSH-Patator
Wednesday-14-02-2018_448.pcap,tcp_209692,tcp,209692,SSH-Patator,Malware,Patator,SSH-Patator
Wednesday-14-02-2018_448.pcap,tcp_273057,tcp,273057,SSH-Patator,Malware,Patator,SSH-Patator
Wednesday-14-02-2018_448.pcap,tcp_285189,tcp,285189,SSH-Patator,Malware,Patator,SSH-Patator
Wednesday-14-02-2018_448.pcap,tcp_278977,tcp,278977,SSH-Patator,Malware,Patator,SSH-Patator
Wednesday-14-02-2018_448.pcap,tcp_224676,tcp,224676,SSH-Patator,Malware,Patator,SSH-Patator
Wednesday-14-02-2018_448.pcap,tcp_236335,tcp,236335,SSH-Patator,Malware,Patator,SSH-Patator
Wednesday-14-02-2018_448.pcap,tcp_250735,tcp,250735,SSH-Patator,Malware,Patator,SSH-Patator
Wednesday-14-02-2018_448.pcap,tcp_286139,tcp,286139,SSH-Patator,Malware,Patator,SSH-Patator
Wednesday-14-02-2018_448.pcap,tcp_257839,tcp,257839,SSH-Patator,Malware,Patator,SSH-Patator
Wednesday-14-02-2018_448.pcap,tcp_206620,tcp,206620,SSH-Patator,Malware,Patator,SSH-Patator
Wednesday-14-02-2018_448.pcap,tcp_286419,tcp,286419,SSH-Patator,Malware,Patator,SSH-Patator
Wednesday-14-02-2018_448.pcap,tcp_209169,tcp,209169,SSH-Patator,Malware,Patator,SSH-Patator
Wednesday-14-02-2018_448.pcap,tcp_211651,tcp,211651,SSH-Patator,Malware,Patator,SSH-Patator
Wednesday-14-02-2018_448.pcap,tcp_239121,tcp,239121,SSH-Patator,Malware,Patator,SSH-Patator
Wednesday-14-02-2018_448.pcap,tcp_280851,tcp,280851,SSH-Patator,Malware,Patator,SSH-Patator
Wednesday-14-02-2018_448.pcap,tcp_247538,tcp,247538,SSH-Patator,Malware,Patator,SSH-Patator
Wednesday-14-02-2018_448.pcap,tcp_284410,tcp,284410,SSH-Patator,Malware,Patator,SSH-Patator
Wednesday-14-02-2018_448.pcap,tcp_205135,tcp,205135,SSH-Patator,Malware,Patator,SSH-Patator
Wednesday-14-02-2018_448.pcap,tcp_232613,tcp,232613,SSH-Patator,Malware,Patator,SSH-Patator
Wednesday-14-02-2018_448.pcap,tcp_262969,tcp,262969,SSH-Patator,Malware,Patator,SSH-Patator
Wednesday-14-02-2018_448.pcap,tcp_226628,tcp,226628,SSH-Patator,Malware,Patator,SSH-Patator
Wednesday-14-02-2018_448.pcap,tcp_281405,tcp,281405,SSH-Patator,Malware,Patator,SSH-Patator
Wednesday-14-02-2018_448.pcap,tcp_256690,tcp,256690,SSH-Patator,Malware,Patator,SSH-Patator
Wednesday-14-02-2018_448.pcap,tcp_283261,tcp,283261,SSH-Patator,Malware,Patator,SSH-Patator
Wednesday-14-02-2018_448.pcap,tcp_216174,tcp,216174,SSH-Patator,Malware,Patator,SSH-Patator
Wednesday-14-02-2018_448.pcap,tcp_261614,tcp,261614,SSH-Patator,Malware,Patator,SSH-Patator
Wednesday-14-02-2018_448.pcap,tcp_242075,tcp,242075,SSH-Patator,Malware,Patator,SSH-Patator
Wednesday-14-02-2018_448.pcap,tcp_199739,tcp,199739,SSH-Patator,Malware,Patator,SSH-Patator
Wednesday-14-02-2018_448.pcap,tcp_275126,tcp,275126,SSH-Patator,Malware,Patator,SSH-Patator
Wednesday-14-02-2018_448.pcap,tcp_200342,tcp,200342,SSH-Patator,Malware,Patator,SSH-Patator
Wednesday-14-02-2018_448.pcap,tcp_266936,tcp,266936,SSH-Patator,Malware,Patator,SSH-Patator
Wednesday-14-02-2018_448.pcap,tcp_236216,tcp,236216,SSH-Patator,Malware,Patator,SSH-Patator
Wednesday-14-02-2018_448.pcap,tcp_257354,tcp,257354,SSH-Patator,Malware,Patator,SSH-Patator
Wednesday-14-02-2018_448.pcap,tcp_211089,tcp,211089,SSH-Patator,Malware,Patator,SSH-Patator
Wednesday-14-02-2018_448.pcap,tcp_238553,tcp,238553,SSH-Patator,Malware,Patator,SSH-Patator
Wednesday-14-02-2018_448.pcap,tcp_283099,tcp,283099,SSH-Patator,Malware,Patator,SSH-Patator
Wednesday-14-02-2018_448.pcap,tcp_223686,tcp,223686,SSH-Patator,Malware,Patator,SSH-Patator
Wednesday-14-02-2018_448.pcap,tcp_245463,tcp,245463,SSH-Patator,Malware,Patator,SSH-Patator
Wednesday-14-02-2018_448.pcap,tcp_218966,tcp,218966,SSH-Patator,Malware,Patator,SSH-Patator
Wednesday-14-02-2018_448.pcap,tcp_233343,tcp,233343,SSH-Patator,Malware,Patator,SSH-Patator
Wednesday-14-02-2018_448.pcap,tcp_219055,tcp,219055,SSH-Patator,Malware,Patator,SSH-Patator
Wednesday-14-02-2018_448.pcap,tcp_223736,tcp,223736,SSH-Patator,Malware,Patator,SSH-Patator
Wednesday-14-02-2018_448.pcap,tcp_212448,tcp,212448,SSH-Patator,Malware,Patator,SSH-Patator
Wednesday-14-02-2018_448.pcap,tcp_217833,tcp,217833,SSH-Patator,Malware,Patator,SSH-Patator
Wednesday-14-02-2018_448.pcap,tcp_236410,tcp,236410,SSH-Patator,Malware,Patator,SSH-Patator
Wednesday-14-02-2018_448.pcap,tcp_235205,tcp,235205,SSH-Patator,Malware,Patator,SSH-Patator
Wednesday-14-02-2018_448.pcap,tcp_272168,tcp,272168,SSH-Patator,Malware,Patator,SSH-Patator
Wednesday-14-02-2018_448.pcap,tcp_254040,tcp,254040,SSH-Patator,Malware,Patator,SSH-Patator
Wednesday-14-02-2018_448.pcap,tcp_278092,tcp,278092,SSH-Patator,Malware,Patator,SSH-Patator
Wednesday-14-02-2018_448.pcap,tcp_240980,tcp,240980,SSH-Patator,Malware,Patator,SSH-Patator
Wednesday-14-02-2018_448.pcap,tcp_252005,tcp,252005,SSH-Patator,Malware,Patator,SSH-Patator
Wednesday-14-02-2018_448.pcap,tcp_235965,tcp,235965,SSH-Patator,Malware,Patator,SSH-Patator
Wednesday-14-02-2018_448.pcap,tcp_267423,tcp,267423,SSH-Patator,Malware,Patator,SSH-Patator
Wednesday-14-02-2018_448.pcap,tcp_206752,tcp,206752,SSH-Patator,Malware,Patator,SSH-Patator
Wednesday-14-02-2018_448.pcap,tcp_273067,tcp,273067,SSH-Patator,Malware,Patator,SSH-Patator
Wednesday-14-02-2018_448.pcap,tcp_199266,tcp,199266,SSH-Patator,Malware,Patator,SSH-Patator
Wednesday-14-02-2018_448.pcap,tcp_280905,tcp,280905,SSH-Patator,Malware,Patator,SSH-Patator
Wednesday-14-02-2018_448.pcap,tcp_249385,tcp,249385,SSH-Patator,Malware,Patator,SSH-Patator
Wednesday-14-02-2018_448.pcap,tcp_203566,tcp,203566,SSH-Patator,Malware,Patator,SSH-Patator
Wednesday-14-02-2018_448.pcap,tcp_208383,tcp,208383,SSH-Patator,Malware,Patator,SSH-Patator
Wednesday-14-02-2018_448.pcap,tcp_208760,tcp,208760,SSH-Patator,Malware,Patator,SSH-Patator
Wednesday-14-02-2018_448.pcap,tcp_222763,tcp,222763,SSH-Patator,Malware,Patator,SSH-Patator
Wednesday-14-02-2018_448.pcap,tcp_209708,tcp,209708,SSH-Patator,Malware,Patator,SSH-Patator
Wednesday-14-02-2018_448.pcap,tcp_231742,tcp,231742,SSH-Patator,Malware,Patator,SSH-Patator
Wednesday-14-02-2018_448.pcap,tcp_249042,tcp,249042,SSH-Patator,Malware,Patator,SSH-Patator
Wednesday-14-02-2018_448.pcap,tcp_223890,tcp,223890,SSH-Patator,Malware,Patator,SSH-Patator
Wednesday-14-02-2018_448.pcap,tcp_282275,tcp,282275,SSH-Patator,Malware,Patator,SSH-Patator
Wednesday-14-02-2018_448.pcap,tcp_198850,tcp,198850,SSH-Patator,Malware,Patator,SSH-Patator
Wednesday-14-02-2018_448.pcap,tcp_243270,tcp,243270,SSH-Patator,Malware,Patator,SSH-Patator
Wednesday-14-02-2018_448.pcap,tcp_200558,tcp,200558,SSH-Patator,Malware,Patator,SSH-Patator
Wednesday-14-02-2018_448.pcap,tcp_219985,tcp,219985,SSH-Patator,Malware,Patator,SSH-Patator
Wednesday-14-02-2018_448.pcap,tcp_234702,tcp,234702,SSH-Patator,Malware,Patator,SSH-Patator
Wednesday-14-02-2018_448.pcap,tcp_260956,tcp,260956,SSH-Patator,Malware,Patator,SSH-Patator
Wednesday-14-02-2018_448.pcap,tcp_286439,tcp,286439,SSH-Patator,Malware,Patator,SSH-Patator
Wednesday-14-02-2018_448.pcap,tcp_257796,tcp,257796,SSH-Patator,Malware,Patator,SSH-Patator
Wednesday-14-02-2018_448.pcap,tcp_235153,tcp,235153,SSH-Patator,Malware,Patator,SSH-Patator
Wednesday-14-02-2018_448.pcap,tcp_267528,tcp,267528,SSH-Patator,Malware,Patator,SSH-Patator
Wednesday-14-02-2018_448.pcap,tcp_254836,tcp,254836,SSH-Patator,Malware,Patator,SSH-Patator
Wednesday-14-02-2018_448.pcap,tcp_278032,tcp,278032,SSH-Patator,Malware,Patator,SSH-Patator
Wednesday-14-02-2018_448.pcap,tcp_283081,tcp,283081,SSH-Patator,Malware,Patator,SSH-Patator
Wednesday-14-02-2018_448.pcap,tcp_254433,tcp,254433,SSH-Patator,Malware,Patator,SSH-Patator
Wednesday-14-02-2018_448.pcap,tcp_197340,tcp,197340,SSH-Patator,Malware,Patator,SSH-Patator
Wednesday-14-02-2018_448.pcap,tcp_287063,tcp,287063,SSH-Patator,Malware,Patator,SSH-Patator
Wednesday-14-02-2018_448.pcap,tcp_224099,tcp,224099,SSH-Patator,Malware,Patator,SSH-Patator
Wednesday-14-02-2018_448.pcap,tcp_196743,tcp,196743,SSH-Patator,Malware,Patator,SSH-Patator
Wednesday-14-02-2018_448.pcap,tcp_202926,tcp,202926,SSH-Patator,Malware,Patator,SSH-Patator
Wednesday-14-02-2018_448.pcap,tcp_202655,tcp,202655,SSH-Patator,Malware,Patator,SSH-Patator
Wednesday-14-02-2018_448.pcap,tcp_230804,tcp,230804,SSH-Patator,Malware,Patator,SSH-Patator
Wednesday-14-02-2018_448.pcap,tcp_238505,tcp,238505,SSH-Patator,Malware,Patator,SSH-Patator
Wednesday-14-02-2018_448.pcap,tcp_266696,tcp,266696,SSH-Patator,Malware,Patator,SSH-Patator
Wednesday-14-02-2018_448.pcap,tcp_275282,tcp,275282,SSH-Patator,Malware,Patator,SSH-Patator
Wednesday-14-02-2018_448.pcap,tcp_201824,tcp,201824,SSH-Patator,Malware,Patator,SSH-Patator
Wednesday-14-02-2018_448.pcap,tcp_195627,tcp,195627,SSH-Patator,Malware,Patator,SSH-Patator
Wednesday-14-02-2018_448.pcap,tcp_249977,tcp,249977,SSH-Patator,Malware,Patator,SSH-Patator
Wednesday-14-02-2018_448.pcap,tcp_285596,tcp,285596,SSH-Patator,Malware,Patator,SSH-Patator
Wednesday-14-02-2018_448.pcap,tcp_240000,tcp,240000,SSH-Patator,Malware,Patator,SSH-Patator
Wednesday-14-02-2018_448.pcap,tcp_211622,tcp,211622,SSH-Patator,Malware,Patator,SSH-Patator
Wednesday-14-02-2018_448.pcap,tcp_254233,tcp,254233,SSH-Patator,Malware,Patator,SSH-Patator
Wednesday-14-02-2018_448.pcap,tcp_250866,tcp,250866,SSH-Patator,Malware,Patator,SSH-Patator
Wednesday-14-02-2018_448.pcap,tcp_244755,tcp,244755,SSH-Patator,Malware,Patator,SSH-Patator
Wednesday-14-02-2018_448.pcap,tcp_234103,tcp,234103,SSH-Patator,Malware,Patator,SSH-Patator
Wednesday-14-02-2018_448.pcap,tcp_267344,tcp,267344,SSH-Patator,Malware,Patator,SSH-Patator
Wednesday-14-02-2018_448.pcap,tcp_280419,tcp,280419,SSH-Patator,Malware,Patator,SSH-Patator
Wednesday-14-02-2018_448.pcap,tcp_262448,tcp,262448,SSH-Patator,Malware,Patator,SSH-Patator
Wednesday-14-02-2018_448.pcap,tcp_257840,tcp,257840,SSH-Patator,Malware,Patator,SSH-Patator
Wednesday-14-02-2018_448.pcap,tcp_249842,tcp,249842,SSH-Patator,Malware,Patator,SSH-Patator
Wednesday-14-02-2018_448.pcap,tcp_234228,tcp,234228,SSH-Patator,Malware,Patator,SSH-Patator
Wednesday-14-02-2018_448.pcap,tcp_223088,tcp,223088,SSH-Patator,Malware,Patator,SSH-Patator
Wednesday-14-02-2018_448.pcap,tcp_227514,tcp,227514,SSH-Patator,Malware,Patator,SSH-Patator
Wednesday-14-02-2018_448.pcap,tcp_285075,tcp,285075,SSH-Patator,Malware,Patator,SSH-Patator
Wednesday-14-02-2018_448.pcap,tcp_198208,tcp,198208,SSH-Patator,Malware,Patator,SSH-Patator
Wednesday-14-02-2018_448.pcap,tcp_261132,tcp,261132,SSH-Patator,Malware,Patator,SSH-Patator
Wednesday-14-02-2018_448.pcap,tcp_196857,tcp,196857,SSH-Patator,Malware,Patator,SSH-Patator
Wednesday-14-02-2018_448.pcap,tcp_260573,tcp,260573,SSH-Patator,Malware,Patator,SSH-Patator
Wednesday-14-02-2018_448.pcap,tcp_247448,tcp,247448,SSH-Patator,Malware,Patator,SSH-Patator
Wednesday-14-02-2018_448.pcap,tcp_271541,tcp,271541,SSH-Patator,Malware,Patator,SSH-Patator
Wednesday-14-02-2018_448.pcap,tcp_204998,tcp,204998,SSH-Patator,Malware,Patator,SSH-Patator
Wednesday-14-02-2018_448.pcap,tcp_227842,tcp,227842,SSH-Patator,Malware,Patator,SSH-Patator
Wednesday-14-02-2018_448.pcap,tcp_221062,tcp,221062,SSH-Patator,Malware,Patator,SSH-Patator
Wednesday-14-02-2018_448.pcap,tcp_256783,tcp,256783,SSH-Patator,Malware,Patator,SSH-Patator
Wednesday-14-02-2018_448.pcap,tcp_206270,tcp,206270,SSH-Patator,Malware,Patator,SSH-Patator
Wednesday-14-02-2018_448.pcap,tcp_227032,tcp,227032,SSH-Patator,Malware,Patator,SSH-Patator
Wednesday-14-02-2018_448.pcap,tcp_219075,tcp,219075,SSH-Patator,Malware,Patator,SSH-Patator
Wednesday-14-02-2018_448.pcap,tcp_223544,tcp,223544,SSH-Patator,Malware,Patator,SSH-Patator
Wednesday-14-02-2018_448.pcap,tcp_206234,tcp,206234,SSH-Patator,Malware,Patator,SSH-Patator
Wednesday-14-02-2018_448.pcap,tcp_236135,tcp,236135,SSH-Patator,Malware,Patator,SSH-Patator
Wednesday-14-02-2018_448.pcap,tcp_207069,tcp,207069,SSH-Patator,Malware,Patator,SSH-Patator
Wednesday-14-02-2018_448.pcap,tcp_229683,tcp,229683,SSH-Patator,Malware,Patator,SSH-Patator
Wednesday-14-02-2018_448.pcap,tcp_207349,tcp,207349,SSH-Patator,Malware,Patator,SSH-Patator
Wednesday-14-02-2018_448.pcap,tcp_286954,tcp,286954,SSH-Patator,Malware,Patator,SSH-Patator
Wednesday-14-02-2018_448.pcap,tcp_268501,tcp,268501,SSH-Patator,Malware,Patator,SSH-Patator
Wednesday-14-02-2018_448.pcap,tcp_255970,tcp,255970,SSH-Patator,Malware,Patator,SSH-Patator
Wednesday-14-02-2018_448.pcap,tcp_241619,tcp,241619,SSH-Patator,Malware,Patator,SSH-Patator
Wednesday-14-02-2018_448.pcap,tcp_245803,tcp,245803,SSH-Patator,Malware,Patator,SSH-Patator
Wednesday-14-02-2018_448.pcap,tcp_265565,tcp,265565,SSH-Patator,Malware,Patator,SSH-Patator
Wednesday-14-02-2018_448.pcap,tcp_238595,tcp,238595,SSH-Patator,Malware,Patator,SSH-Patator
Wednesday-14-02-2018_448.pcap,tcp_274403,tcp,274403,SSH-Patator,Malware,Patator,SSH-Patator
Wednesday-14-02-2018_448.pcap,tcp_211547,tcp,211547,SSH-Patator,Malware,Patator,SSH-Patator
Wednesday-14-02-2018_448.pcap,tcp_257178,tcp,257178,SSH-Patator,Malware,Patator,SSH-Patator
Wednesday-14-02-2018_448.pcap,tcp_233926,tcp,233926,SSH-Patator,Malware,Patator,SSH-Patator
Wednesday-14-02-2018_448.pcap,tcp_229127,tcp,229127,SSH-Patator,Malware,Patator,SSH-Patator
Wednesday-14-02-2018_448.pcap,tcp_196134,tcp,196134,SSH-Patator,Malware,Patator,SSH-Patator
Wednesday-14-02-2018_448.pcap,tcp_200471,tcp,200471,SSH-Patator,Malware,Patator,SSH-Patator
Wednesday-14-02-2018_448.pcap,tcp_286125,tcp,286125,SSH-Patator,Malware,Patator,SSH-Patator
Wednesday-14-02-2018_448.pcap,tcp_274199,tcp,274199,SSH-Patator,Malware,Patator,SSH-Patator
Wednesday-14-02-2018_448.pcap,tcp_282323,tcp,282323,SSH-Patator,Malware,Patator,SSH-Patator
Wednesday-14-02-2018_448.pcap,tcp_256801,tcp,256801,SSH-Patator,Malware,Patator,SSH-Patator
Wednesday-14-02-2018_448.pcap,tcp_213431,tcp,213431,SSH-Patator,Malware,Patator,SSH-Patator
Wednesday-14-02-2018_448.pcap,tcp_263727,tcp,263727,SSH-Patator,Malware,Patator,SSH-Patator
Wednesday-14-02-2018_448.pcap,tcp_284621,tcp,284621,SSH-Patator,Malware,Patator,SSH-Patator
Wednesday-14-02-2018_448.pcap,tcp_247461,tcp,247461,SSH-Patator,Malware,Patator,SSH-Patator
Wednesday-14-02-2018_448.pcap,tcp_269978,tcp,269978,SSH-Patator,Malware,Patator,SSH-Patator
Wednesday-14-02-2018_448.pcap,tcp_213901,tcp,213901,SSH-Patator,Malware,Patator,SSH-Patator
Wednesday-14-02-2018_448.pcap,tcp_264710,tcp,264710,SSH-Patator,Malware,Patator,SSH-Patator
Wednesday-14-02-2018_448.pcap,tcp_244916,tcp,244916,SSH-Patator,Malware,Patator,SSH-Patator
Wednesday-14-02-2018_448.pcap,tcp_283639,tcp,283639,SSH-Patator,Malware,Patator,SSH-Patator
Wednesday-14-02-2018_448.pcap,tcp_258285,tcp,258285,SSH-Patator,Malware,Patator,SSH-Patator
Wednesday-14-02-2018_448.pcap,tcp_277354,tcp,277354,SSH-Patator,Malware,Patator,SSH-Patator
Wednesday-14-02-2018_448.pcap,tcp_246978,tcp,246978,SSH-Patator,Malware,Patator,SSH-Patator
Wednesday-14-02-2018_448.pcap,tcp_208224,tcp,208224,SSH-Patator,Malware,Patator,SSH-Patator
Wednesday-14-02-2018_448.pcap,tcp_264862,tcp,264862,SSH-Patator,Malware,Patator,SSH-Patator
Wednesday-14-02-2018_448.pcap,tcp_256349,tcp,256349,SSH-Patator,Malware,Patator,SSH-Patator
Wednesday-14-02-2018_448.pcap,tcp_226260,tcp,226260,SSH-Patator,Malware,Patator,SSH-Patator
Wednesday-14-02-2018_448.pcap,tcp_262986,tcp,262986,SSH-Patator,Malware,Patator,SSH-Patator
Wednesday-14-02-2018_448.pcap,tcp_277398,tcp,277398,SSH-Patator,Malware,Patator,SSH-Patator
Wednesday-14-02-2018_448.pcap,tcp_251660,tcp,251660,SSH-Patator,Malware,Patator,SSH-Patator
Wednesday-14-02-2018_448.pcap,tcp_231316,tcp,231316,SSH-Patator,Malware,Patator,SSH-Patator
Wednesday-14-02-2018_448.pcap,tcp_271195,tcp,271195,SSH-Patator,Malware,Patator,SSH-Patator
Wednesday-14-02-2018_448.pcap,tcp_199312,tcp,199312,SSH-Patator,Malware,Patator,SSH-Patator
Wednesday-14-02-2018_448.pcap,tcp_280833,tcp,280833,SSH-Patator,Malware,Patator,SSH-Patator
Wednesday-14-02-2018_448.pcap,tcp_271572,tcp,271572,SSH-Patator,Malware,Patator,SSH-Patator
Wednesday-14-02-2018_448.pcap,tcp_275016,tcp,275016,SSH-Patator,Malware,Patator,SSH-Patator
Wednesday-14-02-2018_448.pcap,tcp_262139,tcp,262139,SSH-Patator,Malware,Patator,SSH-Patator
Wednesday-14-02-2018_448.pcap,tcp_208892,tcp,208892,SSH-Patator,Malware,Patator,SSH-Patator
Wednesday-14-02-2018_448.pcap,tcp_202969,tcp,202969,SSH-Patator,Malware,Patator,SSH-Patator
Wednesday-14-02-2018_448.pcap,tcp_253454,tcp,253454,SSH-Patator,Malware,Patator,SSH-Patator
Wednesday-14-02-2018_448.pcap,tcp_220928,tcp,220928,SSH-Patator,Malware,Patator,SSH-Patator
Wednesday-14-02-2018_448.pcap,tcp_258543,tcp,258543,SSH-Patator,Malware,Patator,SSH-Patator
Wednesday-14-02-2018_448.pcap,tcp_245740,tcp,245740,SSH-Patator,Malware,Patator,SSH-Patator
Wednesday-14-02-2018_448.pcap,tcp_266400,tcp,266400,SSH-Patator,Malware,Patator,SSH-Patator
Wednesday-14-02-2018_448.pcap,tcp_276528,tcp,276528,SSH-Patator,Malware,Patator,SSH-Patator
Wednesday-14-02-2018_448.pcap,tcp_198848,tcp,198848,SSH-Patator,Malware,Patator,SSH-Patator
Wednesday-14-02-2018_448.pcap,tcp_229844,tcp,229844,SSH-Patator,Malware,Patator,SSH-Patator
Wednesday-14-02-2018_448.pcap,tcp_242251,tcp,242251,SSH-Patator,Malware,Patator,SSH-Patator
Wednesday-14-02-2018_448.pcap,tcp_195294,tcp,195294,SSH-Patator,Malware,Patator,SSH-Patator
Wednesday-14-02-2018_448.pcap,tcp_265390,tcp,265390,SSH-Patator,Malware,Patator,SSH-Patator
Wednesday-14-02-2018_448.pcap,tcp_222022,tcp,222022,SSH-Patator,Malware,Patator,SSH-Patator
Wednesday-14-02-2018_448.pcap,tcp_255897,tcp,255897,SSH-Patator,Malware,Patator,SSH-Patator
Wednesday-14-02-2018_448.pcap,tcp_271243,tcp,271243,SSH-Patator,Malware,Patator,SSH-Patator
Wednesday-14-02-2018_448.pcap,tcp_284953,tcp,284953,SSH-Patator,Malware,Patator,SSH-Patator
Wednesday-14-02-2018_448.pcap,tcp_250466,tcp,250466,SSH-Patator,Malware,Patator,SSH-Patator
Wednesday-14-02-2018_448.pcap,tcp_269250,tcp,269250,SSH-Patator,Malware,Patator,SSH-Patator
Wednesday-14-02-2018_448.pcap,tcp_208756,tcp,208756,SSH-Patator,Malware,Patator,SSH-Patator
Wednesday-14-02-2018_448.pcap,tcp_225630,tcp,225630,SSH-Patator,Malware,Patator,SSH-Patator
Wednesday-14-02-2018_448.pcap,tcp_204247,tcp,204247,SSH-Patator,Malware,Patator,SSH-Patator
Wednesday-14-02-2018_448.pcap,tcp_210241,tcp,210241,SSH-Patator,Malware,Patator,SSH-Patator
Wednesday-14-02-2018_448.pcap,tcp_204171,tcp,204171,SSH-Patator,Malware,Patator,SSH-Patator
Wednesday-14-02-2018_448.pcap,tcp_231939,tcp,231939,SSH-Patator,Malware,Patator,SSH-Patator
Wednesday-14-02-2018_448.pcap,tcp_216933,tcp,216933,SSH-Patator,Malware,Patator,SSH-Patator
Wednesday-14-02-2018_448.pcap,tcp_282862,tcp,282862,SSH-Patator,Malware,Patator,SSH-Patator
Wednesday-14-02-2018_448.pcap,tcp_246688,tcp,246688,SSH-Patator,Malware,Patator,SSH-Patator
Wednesday-14-02-2018_448.pcap,tcp_246662,tcp,246662,SSH-Patator,Malware,Patator,SSH-Patator
Wednesday-14-02-2018_448.pcap,tcp_274666,tcp,274666,SSH-Patator,Malware,Patator,SSH-Patator
Wednesday-14-02-2018_448.pcap,tcp_251345,tcp,251345,SSH-Patator,Malware,Patator,SSH-Patator
Wednesday-14-02-2018_448.pcap,tcp_247261,tcp,247261,SSH-Patator,Malware,Patator,SSH-Patator
Wednesday-14-02-2018_448.pcap,tcp_198970,tcp,198970,SSH-Patator,Malware,Patator,SSH-Patator
Wednesday-14-02-2018_448.pcap,tcp_232501,tcp,232501,SSH-Patator,Malware,Patator,SSH-Patator
Wednesday-14-02-2018_448.pcap,tcp_263972,tcp,263972,SSH-Patator,Malware,Patator,SSH-Patator
Wednesday-14-02-2018_448.pcap,tcp_201830,tcp,201830,SSH-Patator,Malware,Patator,SSH-Patator
Wednesday-14-02-2018_448.pcap,tcp_273267,tcp,273267,SSH-Patator,Malware,Patator,SSH-Patator
Wednesday-14-02-2018_448.pcap,tcp_285918,tcp,285918,SSH-Patator,Malware,Patator,SSH-Patator
Wednesday-14-02-2018_448.pcap,tcp_246078,tcp,246078,SSH-Patator,Malware,Patator,SSH-Patator
Wednesday-14-02-2018_448.pcap,tcp_234174,tcp,234174,SSH-Patator,Malware,Patator,SSH-Patator
Wednesday-14-02-2018_448.pcap,tcp_272703,tcp,272703,SSH-Patator,Malware,Patator,SSH-Patator
Wednesday-14-02-2018_448.pcap,tcp_245426,tcp,245426,SSH-Patator,Malware,Patator,SSH-Patator
Wednesday-14-02-2018_448.pcap,tcp_210410,tcp,210410,SSH-Patator,Malware,Patator,SSH-Patator
Wednesday-14-02-2018_448.pcap,tcp_257829,tcp,257829,SSH-Patator,Malware,Patator,SSH-Patator
Wednesday-14-02-2018_448.pcap,tcp_216353,tcp,216353,SSH-Patator,Malware,Patator,SSH-Patator
Wednesday-14-02-2018_448.pcap,tcp_205810,tcp,205810,SSH-Patator,Malware,Patator,SSH-Patator
Wednesday-14-02-2018_448.pcap,tcp_224631,tcp,224631,SSH-Patator,Malware,Patator,SSH-Patator
Wednesday-14-02-2018_448.pcap,tcp_257575,tcp,257575,SSH-Patator,Malware,Patator,SSH-Patator
Wednesday-14-02-2018_448.pcap,tcp_278941,tcp,278941,SSH-Patator,Malware,Patator,SSH-Patator
Wednesday-14-02-2018_448.pcap,tcp_254265,tcp,254265,SSH-Patator,Malware,Patator,SSH-Patator
Wednesday-14-02-2018_448.pcap,tcp_203215,tcp,203215,SSH-Patator,Malware,Patator,SSH-Patator
Wednesday-14-02-2018_448.pcap,tcp_204108,tcp,204108,SSH-Patator,Malware,Patator,SSH-Patator
Wednesday-14-02-2018_448.pcap,tcp_223525,tcp,223525,SSH-Patator,Malware,Patator,SSH-Patator
Wednesday-14-02-2018_448.pcap,tcp_255523,tcp,255523,SSH-Patator,Malware,Patator,SSH-Patator
Wednesday-14-02-2018_448.pcap,tcp_271858,tcp,271858,SSH-Patator,Malware,Patator,SSH-Patator
Wednesday-14-02-2018_448.pcap,tcp_226970,tcp,226970,SSH-Patator,Malware,Patator,SSH-Patator
Wednesday-14-02-2018_448.pcap,tcp_218347,tcp,218347,SSH-Patator,Malware,Patator,SSH-Patator
Wednesday-14-02-2018_448.pcap,tcp_212351,tcp,212351,SSH-Patator,Malware,Patator,SSH-Patator
Wednesday-14-02-2018_448.pcap,tcp_259453,tcp,259453,SSH-Patator,Malware,Patator,SSH-Patator
Wednesday-14-02-2018_448.pcap,tcp_216805,tcp,216805,SSH-Patator,Malware,Patator,SSH-Patator
Wednesday-14-02-2018_448.pcap,tcp_238598,tcp,238598,SSH-Patator,Malware,Patator,SSH-Patator
Wednesday-14-02-2018_448.pcap,tcp_225735,tcp,225735,SSH-Patator,Malware,Patator,SSH-Patator
Wednesday-14-02-2018_448.pcap,tcp_198810,tcp,198810,SSH-Patator,Malware,Patator,SSH-Patator
Wednesday-14-02-2018_448.pcap,tcp_199281,tcp,199281,SSH-Patator,Malware,Patator,SSH-Patator
Wednesday-14-02-2018_448.pcap,tcp_209219,tcp,209219,SSH-Patator,Malware,Patator,SSH-Patator
Wednesday-14-02-2018_448.pcap,tcp_202355,tcp,202355,SSH-Patator,Malware,Patator,SSH-Patator
Wednesday-14-02-2018_448.pcap,tcp_266752,tcp,266752,SSH-Patator,Malware,Patator,SSH-Patator
Wednesday-14-02-2018_448.pcap,tcp_196730,tcp,196730,SSH-Patator,Malware,Patator,SSH-Patator
Wednesday-14-02-2018_448.pcap,tcp_195534,tcp,195534,SSH-Patator,Malware,Patator,SSH-Patator
Wednesday-14-02-2018_448.pcap,tcp_239079,tcp,239079,SSH-Patator,Malware,Patator,SSH-Patator
Wednesday-14-02-2018_448.pcap,tcp_241322,tcp,241322,SSH-Patator,Malware,Patator,SSH-Patator
Wednesday-14-02-2018_448.pcap,tcp_202945,tcp,202945,SSH-Patator,Malware,Patator,SSH-Patator
Wednesday-14-02-2018_448.pcap,tcp_271510,tcp,271510,SSH-Patator,Malware,Patator,SSH-Patator
Wednesday-14-02-2018_448.pcap,tcp_242936,tcp,242936,SSH-Patator,Malware,Patator,SSH-Patator
Wednesday-14-02-2018_448.pcap,tcp_238537,tcp,238537,SSH-Patator,Malware,Patator,SSH-Patator
Wednesday-14-02-2018_448.pcap,tcp_284589,tcp,284589,SSH-Patator,Malware,Patator,SSH-Patator
Wednesday-14-02-2018_448.pcap,tcp_253686,tcp,253686,SSH-Patator,Malware,Patator,SSH-Patator
Wednesday-14-02-2018_448.pcap,tcp_239895,tcp,239895,SSH-Patator,Malware,Patator,SSH-Patator
Wednesday-14-02-2018_448.pcap,tcp_255872,tcp,255872,SSH-Patator,Malware,Patator,SSH-Patator
Wednesday-14-02-2018_448.pcap,tcp_239433,tcp,239433,SSH-Patator,Malware,Patator,SSH-Patator
Wednesday-14-02-2018_448.pcap,tcp_212192,tcp,212192,SSH-Patator,Malware,Patator,SSH-Patator
Wednesday-14-02-2018_448.pcap,tcp_247779,tcp,247779,SSH-Patator,Malware,Patator,SSH-Patator
Wednesday-14-02-2018_448.pcap,tcp_253330,tcp,253330,SSH-Patator,Malware,Patator,SSH-Patator
Wednesday-14-02-2018_448.pcap,tcp_230874,tcp,230874,SSH-Patator,Malware,Patator,SSH-Patator
Wednesday-14-02-2018_448.pcap,tcp_215299,tcp,215299,SSH-Patator,Malware,Patator,SSH-Patator
Wednesday-14-02-2018_448.pcap,tcp_229038,tcp,229038,SSH-Patator,Malware,Patator,SSH-Patator
Wednesday-14-02-2018_448.pcap,tcp_249123,tcp,249123,SSH-Patator,Malware,Patator,SSH-Patator
Wednesday-14-02-2018_448.pcap,tcp_263532,tcp,263532,SSH-Patator,Malware,Patator,SSH-Patator
Wednesday-14-02-2018_448.pcap,tcp_226609,tcp,226609,SSH-Patator,Malware,Patator,SSH-Patator
Wednesday-14-02-2018_448.pcap,tcp_216761,tcp,216761,SSH-Patator,Malware,Patator,SSH-Patator
Wednesday-14-02-2018_448.pcap,tcp_211289,tcp,211289,SSH-Patator,Malware,Patator,SSH-Patator
Wednesday-14-02-2018_448.pcap,tcp_227467,tcp,227467,SSH-Patator,Malware,Patator,SSH-Patator
Wednesday-14-02-2018_448.pcap,tcp_285029,tcp,285029,SSH-Patator,Malware,Patator,SSH-Patator
Wednesday-14-02-2018_448.pcap,tcp_214814,tcp,214814,SSH-Patator,Malware,Patator,SSH-Patator
Wednesday-14-02-2018_448.pcap,tcp_210170,tcp,210170,SSH-Patator,Malware,Patator,SSH-Patator
Wednesday-14-02-2018_448.pcap,tcp_264518,tcp,264518,SSH-Patator,Malware,Patator,SSH-Patator
Wednesday-14-02-2018_448.pcap,tcp_228380,tcp,228380,SSH-Patator,Malware,Patator,SSH-Patator
Wednesday-14-02-2018_448.pcap,tcp_255146,tcp,255146,SSH-Patator,Malware,Patator,SSH-Patator
Wednesday-14-02-2018_448.pcap,tcp_224283,tcp,224283,SSH-Patator,Malware,Patator,SSH-Patator
Wednesday-14-02-2018_448.pcap,tcp_208044,tcp,208044,SSH-Patator,Malware,Patator,SSH-Patator
Wednesday-14-02-2018_448.pcap,tcp_194639,tcp,194639,SSH-Patator,Malware,Patator,SSH-Patator
Wednesday-14-02-2018_448.pcap,tcp_247131,tcp,247131,SSH-Patator,Malware,Patator,SSH-Patator
Wednesday-14-02-2018_448.pcap,tcp_277540,tcp,277540,SSH-Patator,Malware,Patator,SSH-Patator
Wednesday-14-02-2018_448.pcap,tcp_206328,tcp,206328,SSH-Patator,Malware,Patator,SSH-Patator
Wednesday-14-02-2018_448.pcap,tcp_281214,tcp,281214,SSH-Patator,Malware,Patator,SSH-Patator
Wednesday-14-02-2018_448.pcap,tcp_262552,tcp,262552,SSH-Patator,Malware,Patator,SSH-Patator
Wednesday-14-02-2018_448.pcap,tcp_275624,tcp,275624,SSH-Patator,Malware,Patator,SSH-Patator
Wednesday-14-02-2018_448.pcap,tcp_216179,tcp,216179,SSH-Patator,Malware,Patator,SSH-Patator
Wednesday-14-02-2018_448.pcap,tcp_250342,tcp,250342,SSH-Patator,Malware,Patator,SSH-Patator
Wednesday-14-02-2018_448.pcap,tcp_260485,tcp,260485,SSH-Patator,Malware,Patator,SSH-Patator
Wednesday-14-02-2018_448.pcap,tcp_235626,tcp,235626,SSH-Patator,Malware,Patator,SSH-Patator
Wednesday-14-02-2018_448.pcap,tcp_237022,tcp,237022,SSH-Patator,Malware,Patator,SSH-Patator
Wednesday-14-02-2018_448.pcap,tcp_278619,tcp,278619,SSH-Patator,Malware,Patator,SSH-Patator
Wednesday-14-02-2018_448.pcap,tcp_271070,tcp,271070,SSH-Patator,Malware,Patator,SSH-Patator
Wednesday-14-02-2018_448.pcap,tcp_233344,tcp,233344,SSH-Patator,Malware,Patator,SSH-Patator
Wednesday-14-02-2018_448.pcap,tcp_268235,tcp,268235,SSH-Patator,Malware,Patator,SSH-Patator
Wednesday-14-02-2018_448.pcap,tcp_226875,tcp,226875,SSH-Patator,Malware,Patator,SSH-Patator
Wednesday-14-02-2018_448.pcap,tcp_277751,tcp,277751,SSH-Patator,Malware,Patator,SSH-Patator
Wednesday-14-02-2018_448.pcap,tcp_243376,tcp,243376,SSH-Patator,Malware,Patator,SSH-Patator
Wednesday-14-02-2018_448.pcap,tcp_210978,tcp,210978,SSH-Patator,Malware,Patator,SSH-Patator
Wednesday-14-02-2018_448.pcap,tcp_261529,tcp,261529,SSH-Patator,Malware,Patator,SSH-Patator
Wednesday-14-02-2018_448.pcap,tcp_243345,tcp,243345,SSH-Patator,Malware,Patator,SSH-Patator
Wednesday-14-02-2018_448.pcap,tcp_205965,tcp,205965,SSH-Patator,Malware,Patator,SSH-Patator
Wednesday-14-02-2018_448.pcap,tcp_213045,tcp,213045,SSH-Patator,Malware,Patator,SSH-Patator
Wednesday-14-02-2018_448.pcap,tcp_251740,tcp,251740,SSH-Patator,Malware,Patator,SSH-Patator
Wednesday-14-02-2018_448.pcap,tcp_283029,tcp,283029,SSH-Patator,Malware,Patator,SSH-Patator
Wednesday-14-02-2018_448.pcap,tcp_200847,tcp,200847,SSH-Patator,Malware,Patator,SSH-Patator
Wednesday-14-02-2018_448.pcap,tcp_214176,tcp,214176,SSH-Patator,Malware,Patator,SSH-Patator
Wednesday-14-02-2018_448.pcap,tcp_274650,tcp,274650,SSH-Patator,Malware,Patator,SSH-Patator
Wednesday-14-02-2018_448.pcap,tcp_282666,tcp,282666,SSH-Patator,Malware,Patator,SSH-Patator
Wednesday-14-02-2018_448.pcap,tcp_203723,tcp,203723,SSH-Patator,Malware,Patator,SSH-Patator
Wednesday-14-02-2018_448.pcap,tcp_216804,tcp,216804,SSH-Patator,Malware,Patator,SSH-Patator
Wednesday-14-02-2018_448.pcap,tcp_277623,tcp,277623,SSH-Patator,Malware,Patator,SSH-Patator
Wednesday-14-02-2018_448.pcap,tcp_261565,tcp,261565,SSH-Patator,Malware,Patator,SSH-Patator
Wednesday-14-02-2018_448.pcap,tcp_217680,tcp,217680,SSH-Patator,Malware,Patator,SSH-Patator
Wednesday-14-02-2018_448.pcap,tcp_258816,tcp,258816,SSH-Patator,Malware,Patator,SSH-Patator
Wednesday-14-02-2018_448.pcap,tcp_214300,tcp,214300,SSH-Patator,Malware,Patator,SSH-Patator
Wednesday-14-02-2018_448.pcap,tcp_254206,tcp,254206,SSH-Patator,Malware,Patator,SSH-Patator
Wednesday-14-02-2018_448.pcap,tcp_264948,tcp,264948,SSH-Patator,Malware,Patator,SSH-Patator
Wednesday-14-02-2018_448.pcap,tcp_257830,tcp,257830,SSH-Patator,Malware,Patator,SSH-Patator
Wednesday-14-02-2018_448.pcap,tcp_272145,tcp,272145,SSH-Patator,Malware,Patator,SSH-Patator
Wednesday-14-02-2018_448.pcap,tcp_204472,tcp,204472,SSH-Patator,Malware,Patator,SSH-Patator
Wednesday-14-02-2018_448.pcap,tcp_231876,tcp,231876,SSH-Patator,Malware,Patator,SSH-Patator
Wednesday-14-02-2018_448.pcap,tcp_234284,tcp,234284,SSH-Patator,Malware,Patator,SSH-Patator
Wednesday-14-02-2018_448.pcap,tcp_240416,tcp,240416,SSH-Patator,Malware,Patator,SSH-Patator
Wednesday-14-02-2018_448.pcap,tcp_205981,tcp,205981,SSH-Patator,Malware,Patator,SSH-Patator
Wednesday-14-02-2018_448.pcap,tcp_235824,tcp,235824,SSH-Patator,Malware,Patator,SSH-Patator
Wednesday-14-02-2018_448.pcap,tcp_245416,tcp,245416,SSH-Patator,Malware,Patator,SSH-Patator
Wednesday-14-02-2018_448.pcap,tcp_270389,tcp,270389,SSH-Patator,Malware,Patator,SSH-Patator
Wednesday-14-02-2018_448.pcap,tcp_209987,tcp,209987,SSH-Patator,Malware,Patator,SSH-Patator
Wednesday-14-02-2018_448.pcap,tcp_270266,tcp,270266,SSH-Patator,Malware,Patator,SSH-Patator
Wednesday-14-02-2018_448.pcap,tcp_208543,tcp,208543,SSH-Patator,Malware,Patator,SSH-Patator
Wednesday-14-02-2018_448.pcap,tcp_216351,tcp,216351,SSH-Patator,Malware,Patator,SSH-Patator
Wednesday-14-02-2018_448.pcap,tcp_247467,tcp,247467,SSH-Patator,Malware,Patator,SSH-Patator
Wednesday-14-02-2018_448.pcap,tcp_254311,tcp,254311,SSH-Patator,Malware,Patator,SSH-Patator
Wednesday-14-02-2018_448.pcap,tcp_262842,tcp,262842,SSH-Patator,Malware,Patator,SSH-Patator
Wednesday-14-02-2018_448.pcap,tcp_232116,tcp,232116,SSH-Patator,Malware,Patator,SSH-Patator
Wednesday-14-02-2018_448.pcap,tcp_239137,tcp,239137,SSH-Patator,Malware,Patator,SSH-Patator
Wednesday-14-02-2018_448.pcap,tcp_216214,tcp,216214,SSH-Patator,Malware,Patator,SSH-Patator
Wednesday-14-02-2018_448.pcap,tcp_254831,tcp,254831,SSH-Patator,Malware,Patator,SSH-Patator
Wednesday-14-02-2018_448.pcap,tcp_279383,tcp,279383,SSH-Patator,Malware,Patator,SSH-Patator
Wednesday-14-02-2018_448.pcap,tcp_255833,tcp,255833,SSH-Patator,Malware,Patator,SSH-Patator
Wednesday-14-02-2018_448.pcap,tcp_261131,tcp,261131,SSH-Patator,Malware,Patator,SSH-Patator
Wednesday-14-02-2018_448.pcap,tcp_233776,tcp,233776,SSH-Patator,Malware,Patator,SSH-Patator
Wednesday-14-02-2018_448.pcap,tcp_275741,tcp,275741,SSH-Patator,Malware,Patator,SSH-Patator
Wednesday-14-02-2018_448.pcap,tcp_265663,tcp,265663,SSH-Patator,Malware,Patator,SSH-Patator
Wednesday-14-02-2018_448.pcap,tcp_222217,tcp,222217,SSH-Patator,Malware,Patator,SSH-Patator
Wednesday-14-02-2018_448.pcap,tcp_227694,tcp,227694,SSH-Patator,Malware,Patator,SSH-Patator
Wednesday-14-02-2018_448.pcap,tcp_226409,tcp,226409,SSH-Patator,Malware,Patator,SSH-Patator
Wednesday-14-02-2018_448.pcap,tcp_231391,tcp,231391,SSH-Patator,Malware,Patator,SSH-Patator
Wednesday-14-02-2018_448.pcap,tcp_283870,tcp,283870,SSH-Patator,Malware,Patator,SSH-Patator
Wednesday-14-02-2018_448.pcap,tcp_267325,tcp,267325,SSH-Patator,Malware,Patator,SSH-Patator
Wednesday-14-02-2018_448.pcap,tcp_247374,tcp,247374,SSH-Patator,Malware,Patator,SSH-Patator
Wednesday-14-02-2018_448.pcap,tcp_262134,tcp,262134,SSH-Patator,Malware,Patator,SSH-Patator
Wednesday-14-02-2018_448.pcap,tcp_242169,tcp,242169,SSH-Patator,Malware,Patator,SSH-Patator
Wednesday-14-02-2018_448.pcap,tcp_201479,tcp,201479,SSH-Patator,Malware,Patator,SSH-Patator
Wednesday-14-02-2018_448.pcap,tcp_256129,tcp,256129,SSH-Patator,Malware,Patator,SSH-Patator
Wednesday-14-02-2018_448.pcap,tcp_227002,tcp,227002,SSH-Patator,Malware,Patator,SSH-Patator
Wednesday-14-02-2018_448.pcap,tcp_262676,tcp,262676,SSH-Patator,Malware,Patator,SSH-Patator
Wednesday-14-02-2018_448.pcap,tcp_213423,tcp,213423,SSH-Patator,Malware,Patator,SSH-Patator
Wednesday-14-02-2018_448.pcap,tcp_223708,tcp,223708,SSH-Patator,Malware,Patator,SSH-Patator
Wednesday-14-02-2018_448.pcap,tcp_254219,tcp,254219,SSH-Patator,Malware,Patator,SSH-Patator
Wednesday-14-02-2018_448.pcap,tcp_252936,tcp,252936,SSH-Patator,Malware,Patator,SSH-Patator
Wednesday-14-02-2018_448.pcap,tcp_199925,tcp,199925,SSH-Patator,Malware,Patator,SSH-Patator
Wednesday-14-02-2018_448.pcap,tcp_220404,tcp,220404,SSH-Patator,Malware,Patator,SSH-Patator
Wednesday-14-02-2018_448.pcap,tcp_194751,tcp,194751,SSH-Patator,Malware,Patator,SSH-Patator
Wednesday-14-02-2018_448.pcap,tcp_271260,tcp,271260,SSH-Patator,Malware,Patator,SSH-Patator
Wednesday-14-02-2018_448.pcap,tcp_194754,tcp,194754,SSH-Patator,Malware,Patator,SSH-Patator
Wednesday-14-02-2018_448.pcap,tcp_242474,tcp,242474,SSH-Patator,Malware,Patator,SSH-Patator
Wednesday-14-02-2018_448.pcap,tcp_278379,tcp,278379,SSH-Patator,Malware,Patator,SSH-Patator
Wednesday-14-02-2018_448.pcap,tcp_215961,tcp,215961,SSH-Patator,Malware,Patator,SSH-Patator
Wednesday-14-02-2018_448.pcap,tcp_243488,tcp,243488,SSH-Patator,Malware,Patator,SSH-Patator
Wednesday-14-02-2018_448.pcap,tcp_276346,tcp,276346,SSH-Patator,Malware,Patator,SSH-Patator
Wednesday-14-02-2018_448.pcap,tcp_271643,tcp,271643,SSH-Patator,Malware,Patator,SSH-Patator
Wednesday-14-02-2018_448.pcap,tcp_228222,tcp,228222,SSH-Patator,Malware,Patator,SSH-Patator
Wednesday-14-02-2018_448.pcap,tcp_239933,tcp,239933,SSH-Patator,Malware,Patator,SSH-Patator
Wednesday-14-02-2018_448.pcap,tcp_279097,tcp,279097,SSH-Patator,Malware,Patator,SSH-Patator
Wednesday-14-02-2018_448.pcap,tcp_213687,tcp,213687,SSH-Patator,Malware,Patator,SSH-Patator
Wednesday-14-02-2018_448.pcap,tcp_206497,tcp,206497,SSH-Patator,Malware,Patator,SSH-Patator
Wednesday-14-02-2018_448.pcap,tcp_272993,tcp,272993,SSH-Patator,Malware,Patator,SSH-Patator
Wednesday-14-02-2018_448.pcap,tcp_200905,tcp,200905,SSH-Patator,Malware,Patator,SSH-Patator
Wednesday-14-02-2018_448.pcap,tcp_276703,tcp,276703,SSH-Patator,Malware,Patator,SSH-Patator
Wednesday-14-02-2018_448.pcap,tcp_211901,tcp,211901,SSH-Patator,Malware,Patator,SSH-Patator
Wednesday-14-02-2018_448.pcap,tcp_220061,tcp,220061,SSH-Patator,Malware,Patator,SSH-Patator
Wednesday-14-02-2018_448.pcap,tcp_286033,tcp,286033,SSH-Patator,Malware,Patator,SSH-Patator
Wednesday-14-02-2018_448.pcap,tcp_222605,tcp,222605,SSH-Patator,Malware,Patator,SSH-Patator
Wednesday-14-02-2018_448.pcap,tcp_251186,tcp,251186,SSH-Patator,Malware,Patator,SSH-Patator
Wednesday-14-02-2018_448.pcap,tcp_209665,tcp,209665,SSH-Patator,Malware,Patator,SSH-Patator
Wednesday-14-02-2018_448.pcap,tcp_276594,tcp,276594,SSH-Patator,Malware,Patator,SSH-Patator
Wednesday-14-02-2018_448.pcap,tcp_252571,tcp,252571,SSH-Patator,Malware,Patator,SSH-Patator
Wednesday-14-02-2018_448.pcap,tcp_196142,tcp,196142,SSH-Patator,Malware,Patator,SSH-Patator
Wednesday-14-02-2018_448.pcap,tcp_195342,tcp,195342,SSH-Patator,Malware,Patator,SSH-Patator
Wednesday-14-02-2018_448.pcap,tcp_232068,tcp,232068,SSH-Patator,Malware,Patator,SSH-Patator
Wednesday-14-02-2018_448.pcap,tcp_285196,tcp,285196,SSH-Patator,Malware,Patator,SSH-Patator
Wednesday-14-02-2018_448.pcap,tcp_245591,tcp,245591,SSH-Patator,Malware,Patator,SSH-Patator
Wednesday-14-02-2018_448.pcap,tcp_279542,tcp,279542,SSH-Patator,Malware,Patator,SSH-Patator
Wednesday-14-02-2018_448.pcap,tcp_285014,tcp,285014,SSH-Patator,Malware,Patator,SSH-Patator
Wednesday-14-02-2018_448.pcap,tcp_285947,tcp,285947,SSH-Patator,Malware,Patator,SSH-Patator
Wednesday-14-02-2018_448.pcap,tcp_280467,tcp,280467,SSH-Patator,Malware,Patator,SSH-Patator
Wednesday-14-02-2018_448.pcap,tcp_221356,tcp,221356,SSH-Patator,Malware,Patator,SSH-Patator
Wednesday-14-02-2018_448.pcap,tcp_277341,tcp,277341,SSH-Patator,Malware,Patator,SSH-Patator
Wednesday-14-02-2018_448.pcap,tcp_204318,tcp,204318,SSH-Patator,Malware,Patator,SSH-Patator
Wednesday-14-02-2018_448.pcap,tcp_214046,tcp,214046,SSH-Patator,Malware,Patator,SSH-Patator
Wednesday-14-02-2018_448.pcap,tcp_234732,tcp,234732,SSH-Patator,Malware,Patator,SSH-Patator
Wednesday-14-02-2018_448.pcap,tcp_215741,tcp,215741,SSH-Patator,Malware,Patator,SSH-Patator
Wednesday-14-02-2018_448.pcap,tcp_286417,tcp,286417,SSH-Patator,Malware,Patator,SSH-Patator
Wednesday-14-02-2018_448.pcap,tcp_252188,tcp,252188,SSH-Patator,Malware,Patator,SSH-Patator
Wednesday-14-02-2018_448.pcap,tcp_251425,tcp,251425,SSH-Patator,Malware,Patator,SSH-Patator
Wednesday-14-02-2018_448.pcap,tcp_222417,tcp,222417,SSH-Patator,Malware,Patator,SSH-Patator
Wednesday-14-02-2018_448.pcap,tcp_261634,tcp,261634,SSH-Patator,Malware,Patator,SSH-Patator
Wednesday-14-02-2018_448.pcap,tcp_280548,tcp,280548,SSH-Patator,Malware,Patator,SSH-Patator
Wednesday-14-02-2018_448.pcap,tcp_255397,tcp,255397,SSH-Patator,Malware,Patator,SSH-Patator
Wednesday-14-02-2018_448.pcap,tcp_281833,tcp,281833,SSH-Patator,Malware,Patator,SSH-Patator
Wednesday-14-02-2018_448.pcap,tcp_245448,tcp,245448,SSH-Patator,Malware,Patator,SSH-Patator
Wednesday-14-02-2018_448.pcap,tcp_201670,tcp,201670,SSH-Patator,Malware,Patator,SSH-Patator
Wednesday-14-02-2018_448.pcap,tcp_281861,tcp,281861,SSH-Patator,Malware,Patator,SSH-Patator
Wednesday-14-02-2018_448.pcap,tcp_257384,tcp,257384,SSH-Patator,Malware,Patator,SSH-Patator
Wednesday-14-02-2018_448.pcap,tcp_217656,tcp,217656,SSH-Patator,Malware,Patator,SSH-Patator
Wednesday-14-02-2018_448.pcap,tcp_285634,tcp,285634,SSH-Patator,Malware,Patator,SSH-Patator
Wednesday-14-02-2018_448.pcap,tcp_207943,tcp,207943,SSH-Patator,Malware,Patator,SSH-Patator
Wednesday-14-02-2018_448.pcap,tcp_274286,tcp,274286,SSH-Patator,Malware,Patator,SSH-Patator
Wednesday-14-02-2018_448.pcap,tcp_207202,tcp,207202,SSH-Patator,Malware,Patator,SSH-Patator
Wednesday-14-02-2018_448.pcap,tcp_274781,tcp,274781,SSH-Patator,Malware,Patator,SSH-Patator
Wednesday-14-02-2018_448.pcap,tcp_237817,tcp,237817,SSH-Patator,Malware,Patator,SSH-Patator
Wednesday-14-02-2018_448.pcap,tcp_206883,tcp,206883,SSH-Patator,Malware,Patator,SSH-Patator
Wednesday-14-02-2018_448.pcap,tcp_265525,tcp,265525,SSH-Patator,Malware,Patator,SSH-Patator
Wednesday-14-02-2018_448.pcap,tcp_202035,tcp,202035,SSH-Patator,Malware,Patator,SSH-Patator
Wednesday-14-02-2018_448.pcap,tcp_278811,tcp,278811,SSH-Patator,Malware,Patator,SSH-Patator
Wednesday-14-02-2018_448.pcap,tcp_226770,tcp,226770,SSH-Patator,Malware,Patator,SSH-Patator
Wednesday-14-02-2018_448.pcap,tcp_248924,tcp,248924,SSH-Patator,Malware,Patator,SSH-Patator
Wednesday-14-02-2018_448.pcap,tcp_205950,tcp,205950,SSH-Patator,Malware,Patator,SSH-Patator
Wednesday-14-02-2018_448.pcap,tcp_221536,tcp,221536,SSH-Patator,Malware,Patator,SSH-Patator
Wednesday-14-02-2018_448.pcap,tcp_272583,tcp,272583,SSH-Patator,Malware,Patator,SSH-Patator
Wednesday-14-02-2018_448.pcap,tcp_197418,tcp,197418,SSH-Patator,Malware,Patator,SSH-Patator
Wednesday-14-02-2018_448.pcap,tcp_224877,tcp,224877,SSH-Patator,Malware,Patator,SSH-Patator
Wednesday-14-02-2018_448.pcap,tcp_270999,tcp,270999,SSH-Patator,Malware,Patator,SSH-Patator
Wednesday-14-02-2018_448.pcap,tcp_285909,tcp,285909,SSH-Patator,Malware,Patator,SSH-Patator
Wednesday-14-02-2018_448.pcap,tcp_200824,tcp,200824,SSH-Patator,Malware,Patator,SSH-Patator
Wednesday-14-02-2018_448.pcap,tcp_253826,tcp,253826,SSH-Patator,Malware,Patator,SSH-Patator
Wednesday-14-02-2018_448.pcap,tcp_233230,tcp,233230,SSH-Patator,Malware,Patator,SSH-Patator
Wednesday-14-02-2018_448.pcap,tcp_217177,tcp,217177,SSH-Patator,Malware,Patator,SSH-Patator
Wednesday-14-02-2018_448.pcap,tcp_203078,tcp,203078,SSH-Patator,Malware,Patator,SSH-Patator
Wednesday-14-02-2018_448.pcap,tcp_196890,tcp,196890,SSH-Patator,Malware,Patator,SSH-Patator
Wednesday-14-02-2018_448.pcap,tcp_207142,tcp,207142,SSH-Patator,Malware,Patator,SSH-Patator
Wednesday-14-02-2018_448.pcap,tcp_245190,tcp,245190,SSH-Patator,Malware,Patator,SSH-Patator
Wednesday-14-02-2018_448.pcap,tcp_282247,tcp,282247,SSH-Patator,Malware,Patator,SSH-Patator
Wednesday-14-02-2018_448.pcap,tcp_202008,tcp,202008,SSH-Patator,Malware,Patator,SSH-Patator
Wednesday-14-02-2018_448.pcap,tcp_227811,tcp,227811,SSH-Patator,Malware,Patator,SSH-Patator
Wednesday-14-02-2018_448.pcap,tcp_283938,tcp,283938,SSH-Patator,Malware,Patator,SSH-Patator
Wednesday-14-02-2018_448.pcap,tcp_221235,tcp,221235,SSH-Patator,Malware,Patator,SSH-Patator
Wednesday-14-02-2018_448.pcap,tcp_244638,tcp,244638,SSH-Patator,Malware,Patator,SSH-Patator
Wednesday-14-02-2018_448.pcap,tcp_204661,tcp,204661,SSH-Patator,Malware,Patator,SSH-Patator
Wednesday-14-02-2018_448.pcap,tcp_281507,tcp,281507,SSH-Patator,Malware,Patator,SSH-Patator
Wednesday-14-02-2018_448.pcap,tcp_254443,tcp,254443,SSH-Patator,Malware,Patator,SSH-Patator
Wednesday-14-02-2018_448.pcap,tcp_208956,tcp,208956,SSH-Patator,Malware,Patator,SSH-Patator
Wednesday-14-02-2018_448.pcap,tcp_205278,tcp,205278,SSH-Patator,Malware,Patator,SSH-Patator
Wednesday-14-02-2018_448.pcap,tcp_246515,tcp,246515,SSH-Patator,Malware,Patator,SSH-Patator
Wednesday-14-02-2018_448.pcap,tcp_241865,tcp,241865,SSH-Patator,Malware,Patator,SSH-Patator
Wednesday-14-02-2018_448.pcap,tcp_222201,tcp,222201,SSH-Patator,Malware,Patator,SSH-Patator
Wednesday-14-02-2018_448.pcap,tcp_224437,tcp,224437,SSH-Patator,Malware,Patator,SSH-Patator
Wednesday-14-02-2018_448.pcap,tcp_232003,tcp,232003,SSH-Patator,Malware,Patator,SSH-Patator
Wednesday-14-02-2018_448.pcap,tcp_202681,tcp,202681,SSH-Patator,Malware,Patator,SSH-Patator
Wednesday-14-02-2018_448.pcap,tcp_217722,tcp,217722,SSH-Patator,Malware,Patator,SSH-Patator
Wednesday-14-02-2018_448.pcap,tcp_242477,tcp,242477,SSH-Patator,Malware,Patator,SSH-Patator
Wednesday-14-02-2018_448.pcap,tcp_266059,tcp,266059,SSH-Patator,Malware,Patator,SSH-Patator
Wednesday-14-02-2018_448.pcap,tcp_225615,tcp,225615,SSH-Patator,Malware,Patator,SSH-Patator
Wednesday-14-02-2018_448.pcap,tcp_277231,tcp,277231,SSH-Patator,Malware,Patator,SSH-Patator
Wednesday-14-02-2018_448.pcap,tcp_276436,tcp,276436,SSH-Patator,Malware,Patator,SSH-Patator
Wednesday-14-02-2018_448.pcap,tcp_270207,tcp,270207,SSH-Patator,Malware,Patator,SSH-Patator
Wednesday-14-02-2018_448.pcap,tcp_255607,tcp,255607,SSH-Patator,Malware,Patator,SSH-Patator
Wednesday-14-02-2018_448.pcap,tcp_249801,tcp,249801,SSH-Patator,Malware,Patator,SSH-Patator
Wednesday-14-02-2018_448.pcap,tcp_249063,tcp,249063,SSH-Patator,Malware,Patator,SSH-Patator
Wednesday-14-02-2018_448.pcap,tcp_198625,tcp,198625,SSH-Patator,Malware,Patator,SSH-Patator
Wednesday-14-02-2018_448.pcap,tcp_283011,tcp,283011,SSH-Patator,Malware,Patator,SSH-Patator
Wednesday-14-02-2018_448.pcap,tcp_283705,tcp,283705,SSH-Patator,Malware,Patator,SSH-Patator
Wednesday-14-02-2018_448.pcap,tcp_195288,tcp,195288,SSH-Patator,Malware,Patator,SSH-Patator
Wednesday-14-02-2018_448.pcap,tcp_204336,tcp,204336,SSH-Patator,Malware,Patator,SSH-Patator
Wednesday-14-02-2018_448.pcap,tcp_254873,tcp,254873,SSH-Patator,Malware,Patator,SSH-Patator
Wednesday-14-02-2018_448.pcap,tcp_268298,tcp,268298,SSH-Patator,Malware,Patator,SSH-Patator
Wednesday-14-02-2018_448.pcap,tcp_235213,tcp,235213,SSH-Patator,Malware,Patator,SSH-Patator
Wednesday-14-02-2018_448.pcap,tcp_224299,tcp,224299,SSH-Patator,Malware,Patator,SSH-Patator
Wednesday-14-02-2018_448.pcap,tcp_202780,tcp,202780,SSH-Patator,Malware,Patator,SSH-Patator
Wednesday-14-02-2018_448.pcap,tcp_196465,tcp,196465,SSH-Patator,Malware,Patator,SSH-Patator
Wednesday-14-02-2018_448.pcap,tcp_208117,tcp,208117,SSH-Patator,Malware,Patator,SSH-Patator
Wednesday-14-02-2018_448.pcap,tcp_216808,tcp,216808,SSH-Patator,Malware,Patator,SSH-Patator
Wednesday-14-02-2018_448.pcap,tcp_267674,tcp,267674,SSH-Patator,Malware,Patator,SSH-Patator
Wednesday-14-02-2018_448.pcap,tcp_282636,tcp,282636,SSH-Patator,Malware,Patator,SSH-Patator
Wednesday-14-02-2018_448.pcap,tcp_199535,tcp,199535,SSH-Patator,Malware,Patator,SSH-Patator
Wednesday-14-02-2018_448.pcap,tcp_217777,tcp,217777,SSH-Patator,Malware,Patator,SSH-Patator
Wednesday-14-02-2018_448.pcap,tcp_198109,tcp,198109,SSH-Patator,Malware,Patator,SSH-Patator
Wednesday-14-02-2018_448.pcap,tcp_206055,tcp,206055,SSH-Patator,Malware,Patator,SSH-Patator
Wednesday-14-02-2018_448.pcap,tcp_249038,tcp,249038,SSH-Patator,Malware,Patator,SSH-Patator
Wednesday-14-02-2018_448.pcap,tcp_227887,tcp,227887,SSH-Patator,Malware,Patator,SSH-Patator
Wednesday-14-02-2018_448.pcap,tcp_281434,tcp,281434,SSH-Patator,Malware,Patator,SSH-Patator
Wednesday-14-02-2018_448.pcap,tcp_205684,tcp,205684,SSH-Patator,Malware,Patator,SSH-Patator
Wednesday-14-02-2018_448.pcap,tcp_250381,tcp,250381,SSH-Patator,Malware,Patator,SSH-Patator
Wednesday-14-02-2018_448.pcap,tcp_248285,tcp,248285,SSH-Patator,Malware,Patator,SSH-Patator
Wednesday-14-02-2018_448.pcap,tcp_274697,tcp,274697,SSH-Patator,Malware,Patator,SSH-Patator
Wednesday-14-02-2018_448.pcap,tcp_272531,tcp,272531,SSH-Patator,Malware,Patator,SSH-Patator
Wednesday-14-02-2018_448.pcap,tcp_219615,tcp,219615,SSH-Patator,Malware,Patator,SSH-Patator
Wednesday-14-02-2018_448.pcap,tcp_206823,tcp,206823,SSH-Patator,Malware,Patator,SSH-Patator
Wednesday-14-02-2018_448.pcap,tcp_264797,tcp,264797,SSH-Patator,Malware,Patator,SSH-Patator
Wednesday-14-02-2018_448.pcap,tcp_200482,tcp,200482,SSH-Patator,Malware,Patator,SSH-Patator
Wednesday-14-02-2018_448.pcap,tcp_262048,tcp,262048,SSH-Patator,Malware,Patator,SSH-Patator
Wednesday-14-02-2018_448.pcap,tcp_269137,tcp,269137,SSH-Patator,Malware,Patator,SSH-Patator
Wednesday-14-02-2018_448.pcap,tcp_210080,tcp,210080,SSH-Patator,Malware,Patator,SSH-Patator
Wednesday-14-02-2018_448.pcap,tcp_284241,tcp,284241,SSH-Patator,Malware,Patator,SSH-Patator
Wednesday-14-02-2018_448.pcap,tcp_260030,tcp,260030,SSH-Patator,Malware,Patator,SSH-Patator
Wednesday-14-02-2018_448.pcap,tcp_220844,tcp,220844,SSH-Patator,Malware,Patator,SSH-Patator
Wednesday-14-02-2018_448.pcap,tcp_280129,tcp,280129,SSH-Patator,Malware,Patator,SSH-Patator
Wednesday-14-02-2018_448.pcap,tcp_213637,tcp,213637,SSH-Patator,Malware,Patator,SSH-Patator
Wednesday-14-02-2018_448.pcap,tcp_204750,tcp,204750,SSH-Patator,Malware,Patator,SSH-Patator
Wednesday-14-02-2018_448.pcap,tcp_237577,tcp,237577,SSH-Patator,Malware,Patator,SSH-Patator
Wednesday-14-02-2018_448.pcap,tcp_227732,tcp,227732,SSH-Patator,Malware,Patator,SSH-Patator
Wednesday-14-02-2018_448.pcap,tcp_236140,tcp,236140,SSH-Patator,Malware,Patator,SSH-Patator
Wednesday-14-02-2018_448.pcap,tcp_206422,tcp,206422,SSH-Patator,Malware,Patator,SSH-Patator
Wednesday-14-02-2018_448.pcap,tcp_240532,tcp,240532,SSH-Patator,Malware,Patator,SSH-Patator
Wednesday-14-02-2018_448.pcap,tcp_241494,tcp,241494,SSH-Patator,Malware,Patator,SSH-Patator
Wednesday-14-02-2018_448.pcap,tcp_273104,tcp,273104,SSH-Patator,Malware,Patator,SSH-Patator
Wednesday-14-02-2018_448.pcap,tcp_204308,tcp,204308,SSH-Patator,Malware,Patator,SSH-Patator
Wednesday-14-02-2018_448.pcap,tcp_273857,tcp,273857,SSH-Patator,Malware,Patator,SSH-Patator
Wednesday-14-02-2018_448.pcap,tcp_277990,tcp,277990,SSH-Patator,Malware,Patator,SSH-Patator
Wednesday-14-02-2018_448.pcap,tcp_282727,tcp,282727,SSH-Patator,Malware,Patator,SSH-Patator
Wednesday-14-02-2018_448.pcap,tcp_246850,tcp,246850,SSH-Patator,Malware,Patator,SSH-Patator
Wednesday-14-02-2018_448.pcap,tcp_206734,tcp,206734,SSH-Patator,Malware,Patator,SSH-Patator
Wednesday-14-02-2018_448.pcap,tcp_233035,tcp,233035,SSH-Patator,Malware,Patator,SSH-Patator
Wednesday-14-02-2018_448.pcap,tcp_238261,tcp,238261,SSH-Patator,Malware,Patator,SSH-Patator
Wednesday-14-02-2018_448.pcap,tcp_221973,tcp,221973,SSH-Patator,Malware,Patator,SSH-Patator
Wednesday-14-02-2018_448.pcap,tcp_265980,tcp,265980,SSH-Patator,Malware,Patator,SSH-Patator
Wednesday-14-02-2018_448.pcap,tcp_227863,tcp,227863,SSH-Patator,Malware,Patator,SSH-Patator
Wednesday-14-02-2018_448.pcap,tcp_206399,tcp,206399,SSH-Patator,Malware,Patator,SSH-Patator
Wednesday-14-02-2018_448.pcap,tcp_269078,tcp,269078,SSH-Patator,Malware,Patator,SSH-Patator
Wednesday-14-02-2018_448.pcap,tcp_238117,tcp,238117,SSH-Patator,Malware,Patator,SSH-Patator
Wednesday-14-02-2018_448.pcap,tcp_282380,tcp,282380,SSH-Patator,Malware,Patator,SSH-Patator
Wednesday-14-02-2018_448.pcap,tcp_263246,tcp,263246,SSH-Patator,Malware,Patator,SSH-Patator
Wednesday-14-02-2018_448.pcap,tcp_280187,tcp,280187,SSH-Patator,Malware,Patator,SSH-Patator
Wednesday-14-02-2018_448.pcap,tcp_249949,tcp,249949,SSH-Patator,Malware,Patator,SSH-Patator
Wednesday-14-02-2018_448.pcap,tcp_237378,tcp,237378,SSH-Patator,Malware,Patator,SSH-Patator
Wednesday-14-02-2018_448.pcap,tcp_257080,tcp,257080,SSH-Patator,Malware,Patator,SSH-Patator
Wednesday-14-02-2018_448.pcap,tcp_194966,tcp,194966,SSH-Patator,Malware,Patator,SSH-Patator
Wednesday-14-02-2018_448.pcap,tcp_272550,tcp,272550,SSH-Patator,Malware,Patator,SSH-Patator
Wednesday-14-02-2018_448.pcap,tcp_266031,tcp,266031,SSH-Patator,Malware,Patator,SSH-Patator
Wednesday-14-02-2018_448.pcap,tcp_282115,tcp,282115,SSH-Patator,Malware,Patator,SSH-Patator
Wednesday-14-02-2018_448.pcap,tcp_238772,tcp,238772,SSH-Patator,Malware,Patator,SSH-Patator
Wednesday-14-02-2018_448.pcap,tcp_234395,tcp,234395,SSH-Patator,Malware,Patator,SSH-Patator
Wednesday-14-02-2018_448.pcap,tcp_237812,tcp,237812,SSH-Patator,Malware,Patator,SSH-Patator
Wednesday-14-02-2018_448.pcap,tcp_234367,tcp,234367,SSH-Patator,Malware,Patator,SSH-Patator
Wednesday-14-02-2018_448.pcap,tcp_230514,tcp,230514,SSH-Patator,Malware,Patator,SSH-Patator
Wednesday-14-02-2018_448.pcap,tcp_270576,tcp,270576,SSH-Patator,Malware,Patator,SSH-Patator
Wednesday-14-02-2018_448.pcap,tcp_263510,tcp,263510,SSH-Patator,Malware,Patator,SSH-Patator
Wednesday-14-02-2018_448.pcap,tcp_282763,tcp,282763,SSH-Patator,Malware,Patator,SSH-Patator
Wednesday-14-02-2018_448.pcap,tcp_267249,tcp,267249,SSH-Patator,Malware,Patator,SSH-Patator
Wednesday-14-02-2018_448.pcap,tcp_247568,tcp,247568,SSH-Patator,Malware,Patator,SSH-Patator
Wednesday-14-02-2018_448.pcap,tcp_208193,tcp,208193,SSH-Patator,Malware,Patator,SSH-Patator
Wednesday-14-02-2018_448.pcap,tcp_268124,tcp,268124,SSH-Patator,Malware,Patator,SSH-Patator
Wednesday-14-02-2018_448.pcap,tcp_206295,tcp,206295,SSH-Patator,Malware,Patator,SSH-Patator
Wednesday-14-02-2018_448.pcap,tcp_237886,tcp,237886,SSH-Patator,Malware,Patator,SSH-Patator
Wednesday-14-02-2018_448.pcap,tcp_281180,tcp,281180,SSH-Patator,Malware,Patator,SSH-Patator
Wednesday-14-02-2018_448.pcap,tcp_249313,tcp,249313,SSH-Patator,Malware,Patator,SSH-Patator
Wednesday-14-02-2018_448.pcap,tcp_227197,tcp,227197,SSH-Patator,Malware,Patator,SSH-Patator
Wednesday-14-02-2018_448.pcap,tcp_256114,tcp,256114,SSH-Patator,Malware,Patator,SSH-Patator
Wednesday-14-02-2018_448.pcap,tcp_220550,tcp,220550,SSH-Patator,Malware,Patator,SSH-Patator
Wednesday-14-02-2018_448.pcap,tcp_225671,tcp,225671,SSH-Patator,Malware,Patator,SSH-Patator
Wednesday-14-02-2018_448.pcap,tcp_245689,tcp,245689,SSH-Patator,Malware,Patator,SSH-Patator
Wednesday-14-02-2018_448.pcap,tcp_219280,tcp,219280,SSH-Patator,Malware,Patator,SSH-Patator
Wednesday-14-02-2018_448.pcap,tcp_205155,tcp,205155,SSH-Patator,Malware,Patator,SSH-Patator
Wednesday-14-02-2018_448.pcap,tcp_247307,tcp,247307,SSH-Patator,Malware,Patator,SSH-Patator
Wednesday-14-02-2018_448.pcap,tcp_197755,tcp,197755,SSH-Patator,Malware,Patator,SSH-Patator
Wednesday-14-02-2018_448.pcap,tcp_274175,tcp,274175,SSH-Patator,Malware,Patator,SSH-Patator
Wednesday-14-02-2018_448.pcap,tcp_246335,tcp,246335,SSH-Patator,Malware,Patator,SSH-Patator
Wednesday-14-02-2018_448.pcap,tcp_261721,tcp,261721,SSH-Patator,Malware,Patator,SSH-Patator
Wednesday-14-02-2018_448.pcap,tcp_217031,tcp,217031,SSH-Patator,Malware,Patator,SSH-Patator
Wednesday-14-02-2018_448.pcap,tcp_276059,tcp,276059,SSH-Patator,Malware,Patator,SSH-Patator
Wednesday-14-02-2018_448.pcap,tcp_220714,tcp,220714,SSH-Patator,Malware,Patator,SSH-Patator
Wednesday-14-02-2018_448.pcap,tcp_264272,tcp,264272,SSH-Patator,Malware,Patator,SSH-Patator
Wednesday-14-02-2018_448.pcap,tcp_277023,tcp,277023,SSH-Patator,Malware,Patator,SSH-Patator
Wednesday-14-02-2018_448.pcap,tcp_258950,tcp,258950,SSH-Patator,Malware,Patator,SSH-Patator
Wednesday-14-02-2018_448.pcap,tcp_234529,tcp,234529,SSH-Patator,Malware,Patator,SSH-Patator
Wednesday-14-02-2018_448.pcap,tcp_222338,tcp,222338,SSH-Patator,Malware,Patator,SSH-Patator
Wednesday-14-02-2018_448.pcap,tcp_276720,tcp,276720,SSH-Patator,Malware,Patator,SSH-Patator
Wednesday-14-02-2018_448.pcap,tcp_211504,tcp,211504,SSH-Patator,Malware,Patator,SSH-Patator
Wednesday-14-02-2018_448.pcap,tcp_261438,tcp,261438,SSH-Patator,Malware,Patator,SSH-Patator
Wednesday-14-02-2018_448.pcap,tcp_252421,tcp,252421,SSH-Patator,Malware,Patator,SSH-Patator
Wednesday-14-02-2018_448.pcap,tcp_277448,tcp,277448,SSH-Patator,Malware,Patator,SSH-Patator
Wednesday-14-02-2018_448.pcap,tcp_222403,tcp,222403,SSH-Patator,Malware,Patator,SSH-Patator
Wednesday-14-02-2018_448.pcap,tcp_262998,tcp,262998,SSH-Patator,Malware,Patator,SSH-Patator
Wednesday-14-02-2018_448.pcap,tcp_241209,tcp,241209,SSH-Patator,Malware,Patator,SSH-Patator
Wednesday-14-02-2018_448.pcap,tcp_241189,tcp,241189,SSH-Patator,Malware,Patator,SSH-Patator
Wednesday-14-02-2018_448.pcap,tcp_245499,tcp,245499,SSH-Patator,Malware,Patator,SSH-Patator
Wednesday-14-02-2018_448.pcap,tcp_272615,tcp,272615,SSH-Patator,Malware,Patator,SSH-Patator
Wednesday-14-02-2018_448.pcap,tcp_275008,tcp,275008,SSH-Patator,Malware,Patator,SSH-Patator
Wednesday-14-02-2018_448.pcap,tcp_226393,tcp,226393,SSH-Patator,Malware,Patator,SSH-Patator
Wednesday-14-02-2018_448.pcap,tcp_200216,tcp,200216,SSH-Patator,Malware,Patator,SSH-Patator
Wednesday-14-02-2018_448.pcap,tcp_279948,tcp,279948,SSH-Patator,Malware,Patator,SSH-Patator
Wednesday-14-02-2018_448.pcap,tcp_266677,tcp,266677,SSH-Patator,Malware,Patator,SSH-Patator
Wednesday-14-02-2018_448.pcap,tcp_224317,tcp,224317,SSH-Patator,Malware,Patator,SSH-Patator
Wednesday-14-02-2018_448.pcap,tcp_196380,tcp,196380,SSH-Patator,Malware,Patator,SSH-Patator
Wednesday-14-02-2018_448.pcap,tcp_228667,tcp,228667,SSH-Patator,Malware,Patator,SSH-Patator
Wednesday-14-02-2018_448.pcap,tcp_200101,tcp,200101,SSH-Patator,Malware,Patator,SSH-Patator
Wednesday-14-02-2018_448.pcap,tcp_267037,tcp,267037,SSH-Patator,Malware,Patator,SSH-Patator
Wednesday-14-02-2018_448.pcap,tcp_287085,tcp,287085,SSH-Patator,Malware,Patator,SSH-Patator
Wednesday-14-02-2018_448.pcap,tcp_282842,tcp,282842,SSH-Patator,Malware,Patator,SSH-Patator
Wednesday-14-02-2018_448.pcap,tcp_254966,tcp,254966,SSH-Patator,Malware,Patator,SSH-Patator
Wednesday-14-02-2018_448.pcap,tcp_238362,tcp,238362,SSH-Patator,Malware,Patator,SSH-Patator
Wednesday-14-02-2018_448.pcap,tcp_250778,tcp,250778,SSH-Patator,Malware,Patator,SSH-Patator
Wednesday-14-02-2018_448.pcap,tcp_263591,tcp,263591,SSH-Patator,Malware,Patator,SSH-Patator
Wednesday-14-02-2018_448.pcap,tcp_243176,tcp,243176,SSH-Patator,Malware,Patator,SSH-Patator
Wednesday-14-02-2018_448.pcap,tcp_258413,tcp,258413,SSH-Patator,Malware,Patator,SSH-Patator
Wednesday-14-02-2018_448.pcap,tcp_208376,tcp,208376,SSH-Patator,Malware,Patator,SSH-Patator
Wednesday-14-02-2018_448.pcap,tcp_270677,tcp,270677,SSH-Patator,Malware,Patator,SSH-Patator
Wednesday-14-02-2018_448.pcap,tcp_276433,tcp,276433,SSH-Patator,Malware,Patator,SSH-Patator
Wednesday-14-02-2018_448.pcap,tcp_268644,tcp,268644,SSH-Patator,Malware,Patator,SSH-Patator
Wednesday-14-02-2018_448.pcap,tcp_277227,tcp,277227,SSH-Patator,Malware,Patator,SSH-Patator
Wednesday-14-02-2018_448.pcap,tcp_267303,tcp,267303,SSH-Patator,Malware,Patator,SSH-Patator
Wednesday-14-02-2018_448.pcap,tcp_251218,tcp,251218,SSH-Patator,Malware,Patator,SSH-Patator
Wednesday-14-02-2018_448.pcap,tcp_195755,tcp,195755,SSH-Patator,Malware,Patator,SSH-Patator
Wednesday-14-02-2018_448.pcap,tcp_263553,tcp,263553,SSH-Patator,Malware,Patator,SSH-Patator
Wednesday-14-02-2018_448.pcap,tcp_206690,tcp,206690,SSH-Patator,Malware,Patator,SSH-Patator
Wednesday-14-02-2018_448.pcap,tcp_226670,tcp,226670,SSH-Patator,Malware,Patator,SSH-Patator
Wednesday-14-02-2018_448.pcap,tcp_229612,tcp,229612,SSH-Patator,Malware,Patator,SSH-Patator
Wednesday-14-02-2018_448.pcap,tcp_281101,tcp,281101,SSH-Patator,Malware,Patator,SSH-Patator
Wednesday-14-02-2018_448.pcap,tcp_238475,tcp,238475,SSH-Patator,Malware,Patator,SSH-Patator
Wednesday-14-02-2018_448.pcap,tcp_261591,tcp,261591,SSH-Patator,Malware,Patator,SSH-Patator
Wednesday-14-02-2018_448.pcap,tcp_278220,tcp,278220,SSH-Patator,Malware,Patator,SSH-Patator
Wednesday-14-02-2018_448.pcap,tcp_257876,tcp,257876,SSH-Patator,Malware,Patator,SSH-Patator
Wednesday-14-02-2018_448.pcap,tcp_258275,tcp,258275,SSH-Patator,Malware,Patator,SSH-Patator
Wednesday-14-02-2018_448.pcap,tcp_210310,tcp,210310,SSH-Patator,Malware,Patator,SSH-Patator
Wednesday-14-02-2018_448.pcap,tcp_240446,tcp,240446,SSH-Patator,Malware,Patator,SSH-Patator
Wednesday-14-02-2018_448.pcap,tcp_196086,tcp,196086,SSH-Patator,Malware,Patator,SSH-Patator
Wednesday-14-02-2018_448.pcap,tcp_235622,tcp,235622,SSH-Patator,Malware,Patator,SSH-Patator
Wednesday-14-02-2018_448.pcap,tcp_259227,tcp,259227,SSH-Patator,Malware,Patator,SSH-Patator
Wednesday-14-02-2018_448.pcap,tcp_195085,tcp,195085,SSH-Patator,Malware,Patator,SSH-Patator
Wednesday-14-02-2018_448.pcap,tcp_195086,tcp,195086,SSH-Patator,Malware,Patator,SSH-Patator
Wednesday-14-02-2018_448.pcap,tcp_220746,tcp,220746,SSH-Patator,Malware,Patator,SSH-Patator
Wednesday-14-02-2018_448.pcap,tcp_248072,tcp,248072,SSH-Patator,Malware,Patator,SSH-Patator
Wednesday-14-02-2018_448.pcap,tcp_261376,tcp,261376,SSH-Patator,Malware,Patator,SSH-Patator
Wednesday-14-02-2018_448.pcap,tcp_273828,tcp,273828,SSH-Patator,Malware,Patator,SSH-Patator
Wednesday-14-02-2018_448.pcap,tcp_208629,tcp,208629,SSH-Patator,Malware,Patator,SSH-Patator
Wednesday-14-02-2018_448.pcap,tcp_213440,tcp,213440,SSH-Patator,Malware,Patator,SSH-Patator
Wednesday-14-02-2018_448.pcap,tcp_278790,tcp,278790,SSH-Patator,Malware,Patator,SSH-Patator
Wednesday-14-02-2018_448.pcap,tcp_257239,tcp,257239,SSH-Patator,Malware,Patator,SSH-Patator
Wednesday-14-02-2018_448.pcap,tcp_254278,tcp,254278,SSH-Patator,Malware,Patator,SSH-Patator
Wednesday-14-02-2018_448.pcap,tcp_207527,tcp,207527,SSH-Patator,Malware,Patator,SSH-Patator
Wednesday-14-02-2018_448.pcap,tcp_247832,tcp,247832,SSH-Patator,Malware,Patator,SSH-Patator
Wednesday-14-02-2018_448.pcap,tcp_229782,tcp,229782,SSH-Patator,Malware,Patator,SSH-Patator
Wednesday-14-02-2018_448.pcap,tcp_242209,tcp,242209,SSH-Patator,Malware,Patator,SSH-Patator
Wednesday-14-02-2018_448.pcap,tcp_286638,tcp,286638,SSH-Patator,Malware,Patator,SSH-Patator
Wednesday-14-02-2018_448.pcap,tcp_268157,tcp,268157,SSH-Patator,Malware,Patator,SSH-Patator
Wednesday-14-02-2018_448.pcap,tcp_247704,tcp,247704,SSH-Patator,Malware,Patator,SSH-Patator
Wednesday-14-02-2018_448.pcap,tcp_274525,tcp,274525,SSH-Patator,Malware,Patator,SSH-Patator
Wednesday-14-02-2018_448.pcap,tcp_221126,tcp,221126,SSH-Patator,Malware,Patator,SSH-Patator
Wednesday-14-02-2018_448.pcap,tcp_254916,tcp,254916,SSH-Patator,Malware,Patator,SSH-Patator
Wednesday-14-02-2018_448.pcap,tcp_225281,tcp,225281,SSH-Patator,Malware,Patator,SSH-Patator
Wednesday-14-02-2018_448.pcap,tcp_225368,tcp,225368,SSH-Patator,Malware,Patator,SSH-Patator
Wednesday-14-02-2018_448.pcap,tcp_272352,tcp,272352,SSH-Patator,Malware,Patator,SSH-Patator
Wednesday-14-02-2018_448.pcap,tcp_284012,tcp,284012,SSH-Patator,Malware,Patator,SSH-Patator
Wednesday-14-02-2018_448.pcap,tcp_260682,tcp,260682,SSH-Patator,Malware,Patator,SSH-Patator
Wednesday-14-02-2018_448.pcap,tcp_261682,tcp,261682,SSH-Patator,Malware,Patator,SSH-Patator
Wednesday-14-02-2018_448.pcap,tcp_201162,tcp,201162,SSH-Patator,Malware,Patator,SSH-Patator
Wednesday-14-02-2018_448.pcap,tcp_258117,tcp,258117,SSH-Patator,Malware,Patator,SSH-Patator
Wednesday-14-02-2018_448.pcap,tcp_250432,tcp,250432,SSH-Patator,Malware,Patator,SSH-Patator
Wednesday-14-02-2018_448.pcap,tcp_235548,tcp,235548,SSH-Patator,Malware,Patator,SSH-Patator
Wednesday-14-02-2018_448.pcap,tcp_222970,tcp,222970,SSH-Patator,Malware,Patator,SSH-Patator
Wednesday-14-02-2018_448.pcap,tcp_253970,tcp,253970,SSH-Patator,Malware,Patator,SSH-Patator
Wednesday-14-02-2018_448.pcap,tcp_277350,tcp,277350,SSH-Patator,Malware,Patator,SSH-Patator
Wednesday-14-02-2018_448.pcap,tcp_233954,tcp,233954,SSH-Patator,Malware,Patator,SSH-Patator
Wednesday-14-02-2018_448.pcap,tcp_197538,tcp,197538,SSH-Patator,Malware,Patator,SSH-Patator
Wednesday-14-02-2018_448.pcap,tcp_231678,tcp,231678,SSH-Patator,Malware,Patator,SSH-Patator
Wednesday-14-02-2018_448.pcap,tcp_227674,tcp,227674,SSH-Patator,Malware,Patator,SSH-Patator
Wednesday-14-02-2018_448.pcap,tcp_225814,tcp,225814,SSH-Patator,Malware,Patator,SSH-Patator
Wednesday-14-02-2018_448.pcap,tcp_271569,tcp,271569,SSH-Patator,Malware,Patator,SSH-Patator
Wednesday-14-02-2018_448.pcap,tcp_211308,tcp,211308,SSH-Patator,Malware,Patator,SSH-Patator
Wednesday-14-02-2018_448.pcap,tcp_257878,tcp,257878,SSH-Patator,Malware,Patator,SSH-Patator
Wednesday-14-02-2018_448.pcap,tcp_205479,tcp,205479,SSH-Patator,Malware,Patator,SSH-Patator
Wednesday-14-02-2018_448.pcap,tcp_262294,tcp,262294,SSH-Patator,Malware,Patator,SSH-Patator
Wednesday-14-02-2018_448.pcap,tcp_241765,tcp,241765,SSH-Patator,Malware,Patator,SSH-Patator
Wednesday-14-02-2018_448.pcap,tcp_230801,tcp,230801,SSH-Patator,Malware,Patator,SSH-Patator
Wednesday-14-02-2018_448.pcap,tcp_254419,tcp,254419,SSH-Patator,Malware,Patator,SSH-Patator
Wednesday-14-02-2018_448.pcap,tcp_197871,tcp,197871,SSH-Patator,Malware,Patator,SSH-Patator
Wednesday-14-02-2018_448.pcap,tcp_282094,tcp,282094,SSH-Patator,Malware,Patator,SSH-Patator
Wednesday-14-02-2018_448.pcap,tcp_255497,tcp,255497,SSH-Patator,Malware,Patator,SSH-Patator
Wednesday-14-02-2018_448.pcap,tcp_234809,tcp,234809,SSH-Patator,Malware,Patator,SSH-Patator
Wednesday-14-02-2018_448.pcap,tcp_212053,tcp,212053,SSH-Patator,Malware,Patator,SSH-Patator
Wednesday-14-02-2018_448.pcap,tcp_274693,tcp,274693,SSH-Patator,Malware,Patator,SSH-Patator
Wednesday-14-02-2018_448.pcap,tcp_247959,tcp,247959,SSH-Patator,Malware,Patator,SSH-Patator
Wednesday-14-02-2018_448.pcap,tcp_236612,tcp,236612,SSH-Patator,Malware,Patator,SSH-Patator
Wednesday-14-02-2018_448.pcap,tcp_216097,tcp,216097,SSH-Patator,Malware,Patator,SSH-Patator
Wednesday-14-02-2018_448.pcap,tcp_210875,tcp,210875,SSH-Patator,Malware,Patator,SSH-Patator
Wednesday-14-02-2018_448.pcap,tcp_241664,tcp,241664,SSH-Patator,Malware,Patator,SSH-Patator
Wednesday-14-02-2018_448.pcap,tcp_195155,tcp,195155,SSH-Patator,Malware,Patator,SSH-Patator
Wednesday-14-02-2018_448.pcap,tcp_230382,tcp,230382,SSH-Patator,Malware,Patator,SSH-Patator
Wednesday-14-02-2018_448.pcap,tcp_217779,tcp,217779,SSH-Patator,Malware,Patator,SSH-Patator
Wednesday-14-02-2018_448.pcap,tcp_283213,tcp,283213,SSH-Patator,Malware,Patator,SSH-Patator
Wednesday-14-02-2018_448.pcap,tcp_199063,tcp,199063,SSH-Patator,Malware,Patator,SSH-Patator
Wednesday-14-02-2018_448.pcap,tcp_272840,tcp,272840,SSH-Patator,Malware,Patator,SSH-Patator
Wednesday-14-02-2018_448.pcap,tcp_258883,tcp,258883,SSH-Patator,Malware,Patator,SSH-Patator
Wednesday-14-02-2018_448.pcap,tcp_227453,tcp,227453,SSH-Patator,Malware,Patator,SSH-Patator
Wednesday-14-02-2018_448.pcap,tcp_269267,tcp,269267,SSH-Patator,Malware,Patator,SSH-Patator
Wednesday-14-02-2018_448.pcap,tcp_277534,tcp,277534,SSH-Patator,Malware,Patator,SSH-Patator
Wednesday-14-02-2018_448.pcap,tcp_242465,tcp,242465,SSH-Patator,Malware,Patator,SSH-Patator
Wednesday-14-02-2018_448.pcap,tcp_195402,tcp,195402,SSH-Patator,Malware,Patator,SSH-Patator
Wednesday-14-02-2018_448.pcap,tcp_215295,tcp,215295,SSH-Patator,Malware,Patator,SSH-Patator
Wednesday-14-02-2018_448.pcap,tcp_237150,tcp,237150,SSH-Patator,Malware,Patator,SSH-Patator
Wednesday-14-02-2018_448.pcap,tcp_254748,tcp,254748,SSH-Patator,Malware,Patator,SSH-Patator
Wednesday-14-02-2018_448.pcap,tcp_267514,tcp,267514,SSH-Patator,Malware,Patator,SSH-Patator
Wednesday-14-02-2018_448.pcap,tcp_280645,tcp,280645,SSH-Patator,Malware,Patator,SSH-Patator
Wednesday-14-02-2018_448.pcap,tcp_261520,tcp,261520,SSH-Patator,Malware,Patator,SSH-Patator
Wednesday-14-02-2018_448.pcap,tcp_210218,tcp,210218,SSH-Patator,Malware,Patator,SSH-Patator
Wednesday-14-02-2018_448.pcap,tcp_280632,tcp,280632,SSH-Patator,Malware,Patator,SSH-Patator
Wednesday-14-02-2018_448.pcap,tcp_201453,tcp,201453,SSH-Patator,Malware,Patator,SSH-Patator
Wednesday-14-02-2018_448.pcap,tcp_209650,tcp,209650,SSH-Patator,Malware,Patator,SSH-Patator
Wednesday-14-02-2018_448.pcap,tcp_254992,tcp,254992,SSH-Patator,Malware,Patator,SSH-Patator
Wednesday-14-02-2018_448.pcap,tcp_250072,tcp,250072,SSH-Patator,Malware,Patator,SSH-Patator
Wednesday-14-02-2018_448.pcap,tcp_223060,tcp,223060,SSH-Patator,Malware,Patator,SSH-Patator
Wednesday-14-02-2018_448.pcap,tcp_267391,tcp,267391,SSH-Patator,Malware,Patator,SSH-Patator
Wednesday-14-02-2018_448.pcap,tcp_212908,tcp,212908,SSH-Patator,Malware,Patator,SSH-Patator
Wednesday-14-02-2018_448.pcap,tcp_278368,tcp,278368,SSH-Patator,Malware,Patator,SSH-Patator
Wednesday-14-02-2018_448.pcap,tcp_203431,tcp,203431,SSH-Patator,Malware,Patator,SSH-Patator
Wednesday-14-02-2018_448.pcap,tcp_215561,tcp,215561,SSH-Patator,Malware,Patator,SSH-Patator
Wednesday-14-02-2018_448.pcap,tcp_223332,tcp,223332,SSH-Patator,Malware,Patator,SSH-Patator
Wednesday-14-02-2018_448.pcap,tcp_226778,tcp,226778,SSH-Patator,Malware,Patator,SSH-Patator
Wednesday-14-02-2018_448.pcap,tcp_207023,tcp,207023,SSH-Patator,Malware,Patator,SSH-Patator
Wednesday-14-02-2018_448.pcap,tcp_206498,tcp,206498,SSH-Patator,Malware,Patator,SSH-Patator
Wednesday-14-02-2018_448.pcap,tcp_276215,tcp,276215,SSH-Patator,Malware,Patator,SSH-Patator
Wednesday-14-02-2018_448.pcap,tcp_268397,tcp,268397,SSH-Patator,Malware,Patator,SSH-Patator
Wednesday-14-02-2018_448.pcap,tcp_226231,tcp,226231,SSH-Patator,Malware,Patator,SSH-Patator
Wednesday-14-02-2018_448.pcap,tcp_270370,tcp,270370,SSH-Patator,Malware,Patator,SSH-Patator
Wednesday-14-02-2018_448.pcap,tcp_266784,tcp,266784,SSH-Patator,Malware,Patator,SSH-Patator
Wednesday-14-02-2018_448.pcap,tcp_270100,tcp,270100,SSH-Patator,Malware,Patator,SSH-Patator
Wednesday-14-02-2018_448.pcap,tcp_276607,tcp,276607,SSH-Patator,Malware,Patator,SSH-Patator
Wednesday-14-02-2018_448.pcap,tcp_200587,tcp,200587,SSH-Patator,Malware,Patator,SSH-Patator
Wednesday-14-02-2018_448.pcap,tcp_266524,tcp,266524,SSH-Patator,Malware,Patator,SSH-Patator
Wednesday-14-02-2018_448.pcap,tcp_222356,tcp,222356,SSH-Patator,Malware,Patator,SSH-Patator
Wednesday-14-02-2018_448.pcap,tcp_264828,tcp,264828,SSH-Patator,Malware,Patator,SSH-Patator
Wednesday-14-02-2018_448.pcap,tcp_228871,tcp,228871,SSH-Patator,Malware,Patator,SSH-Patator
Wednesday-14-02-2018_448.pcap,tcp_280670,tcp,280670,SSH-Patator,Malware,Patator,SSH-Patator
Wednesday-14-02-2018_448.pcap,tcp_235442,tcp,235442,SSH-Patator,Malware,Patator,SSH-Patator
Wednesday-14-02-2018_448.pcap,tcp_244904,tcp,244904,SSH-Patator,Malware,Patator,SSH-Patator
Wednesday-14-02-2018_448.pcap,tcp_240207,tcp,240207,SSH-Patator,Malware,Patator,SSH-Patator
Wednesday-14-02-2018_448.pcap,tcp_195213,tcp,195213,SSH-Patator,Malware,Patator,SSH-Patator
Wednesday-14-02-2018_448.pcap,tcp_262898,tcp,262898,SSH-Patator,Malware,Patator,SSH-Patator
Wednesday-14-02-2018_448.pcap,tcp_265572,tcp,265572,SSH-Patator,Malware,Patator,SSH-Patator
Friday-23-02-2018_446.pcap,tcp_227,tcp,227,Brute-Force,Malware,Web-Attack,Brute-Force
Friday-23-02-2018_446.pcap,tcp_228,tcp,228,Brute-Force,Malware,Web-Attack,Brute-Force
Friday-23-02-2018_446.pcap,tcp_229,tcp,229,Brute-Force,Malware,Web-Attack,Brute-Force
Friday-23-02-2018_446.pcap,tcp_230,tcp,230,Brute-Force,Malware,Web-Attack,Brute-Force
Friday-23-02-2018_446.pcap,tcp_231,tcp,231,Brute-Force,Malware,Web-Attack,Brute-Force
Friday-23-02-2018_446.pcap,tcp_233,tcp,233,Brute-Force,Malware,Web-Attack,Brute-Force
Friday-23-02-2018_446.pcap,tcp_235,tcp,235,Brute-Force,Malware,Web-Attack,Brute-Force
Friday-23-02-2018_446.pcap,tcp_239,tcp,239,Brute-Force,Malware,Web-Attack,Brute-Force
Friday-23-02-2018_446.pcap,tcp_240,tcp,240,Brute-Force,Malware,Web-Attack,Brute-Force
Friday-23-02-2018_446.pcap,tcp_241,tcp,241,Brute-Force,Malware,Web-Attack,Brute-Force
Friday-23-02-2018_446.pcap,tcp_242,tcp,242,Brute-Force,Malware,Web-Attack,Brute-Force
Friday-23-02-2018_446.pcap,tcp_244,tcp,244,Brute-Force,Malware,Web-Attack,Brute-Force
Friday-23-02-2018_446.pcap,tcp_245,tcp,245,Brute-Force,Malware,Web-Attack,Brute-Force
Friday-23-02-2018_446.pcap,tcp_246,tcp,246,Brute-Force,Malware,Web-Attack,Brute-Force
Friday-23-02-2018_446.pcap,tcp_251,tcp,251,Brute-Force,Malware,Web-Attack,Brute-Force
Friday-23-02-2018_446.pcap,tcp_252,tcp,252,Brute-Force,Malware,Web-Attack,Brute-Force
Friday-23-02-2018_446.pcap,tcp_256,tcp,256,Brute-Force,Malware,Web-Attack,Brute-Force
Friday-23-02-2018_446.pcap,tcp_257,tcp,257,Brute-Force,Malware,Web-Attack,Brute-Force
Friday-23-02-2018_446.pcap,tcp_259,tcp,259,Brute-Force,Malware,Web-Attack,Brute-Force
Friday-23-02-2018_446.pcap,tcp_260,tcp,260,Brute-Force,Malware,Web-Attack,Brute-Force
Friday-23-02-2018_446.pcap,tcp_264,tcp,264,Brute-Force,Malware,Web-Attack,Brute-Force
Friday-23-02-2018_446.pcap,tcp_265,tcp,265,Brute-Force,Malware,Web-Attack,Brute-Force
Friday-23-02-2018_446.pcap,tcp_266,tcp,266,Brute-Force,Malware,Web-Attack,Brute-Force
Friday-23-02-2018_446.pcap,tcp_271,tcp,271,Brute-Force,Malware,Web-Attack,Brute-Force
Friday-23-02-2018_446.pcap,tcp_272,tcp,272,Brute-Force,Malware,Web-Attack,Brute-Force
Friday-23-02-2018_446.pcap,tcp_276,tcp,276,Brute-Force,Malware,Web-Attack,Brute-Force
Friday-23-02-2018_446.pcap,tcp_279,tcp,279,Brute-Force,Malware,Web-Attack,Brute-Force
Friday-23-02-2018_446.pcap,tcp_281,tcp,281,Brute-Force,Malware,Web-Attack,Brute-Force
Friday-23-02-2018_446.pcap,tcp_282,tcp,282,Brute-Force,Malware,Web-Attack,Brute-Force
Friday-23-02-2018_446.pcap,tcp_285,tcp,285,Brute-Force,Malware,Web-Attack,Brute-Force
Friday-23-02-2018_446.pcap,tcp_286,tcp,286,Brute-Force,Malware,Web-Attack,Brute-Force
Friday-23-02-2018_446.pcap,tcp_289,tcp,289,Brute-Force,Malware,Web-Attack,Brute-Force
Friday-23-02-2018_446.pcap,tcp_293,tcp,293,Brute-Force,Malware,Web-Attack,Brute-Force
Friday-23-02-2018_446.pcap,tcp_300,tcp,300,Brute-Force,Malware,Web-Attack,Brute-Force
Friday-23-02-2018_446.pcap,tcp_301,tcp,301,Brute-Force,Malware,Web-Attack,Brute-Force
Friday-23-02-2018_446.pcap,tcp_302,tcp,302,Brute-Force,Malware,Web-Attack,Brute-Force
Friday-23-02-2018_446.pcap,tcp_303,tcp,303,Brute-Force,Malware,Web-Attack,Brute-Force
Friday-23-02-2018_446.pcap,tcp_304,tcp,304,Brute-Force,Malware,Web-Attack,Brute-Force
Friday-23-02-2018_446.pcap,tcp_305,tcp,305,Brute-Force,Malware,Web-Attack,Brute-Force
Friday-23-02-2018_446.pcap,tcp_307,tcp,307,Brute-Force,Malware,Web-Attack,Brute-Force
Friday-23-02-2018_446.pcap,tcp_308,tcp,308,Brute-Force,Malware,Web-Attack,Brute-Force
Friday-23-02-2018_446.pcap,tcp_311,tcp,311,Brute-Force,Malware,Web-Attack,Brute-Force
Friday-23-02-2018_446.pcap,tcp_314,tcp,314,Brute-Force,Malware,Web-Attack,Brute-Force
Friday-23-02-2018_446.pcap,tcp_315,tcp,315,Brute-Force,Malware,Web-Attack,Brute-Force
Friday-23-02-2018_446.pcap,tcp_317,tcp,317,Brute-Force,Malware,Web-Attack,Brute-Force
Friday-23-02-2018_446.pcap,tcp_319,tcp,319,Brute-Force,Malware,Web-Attack,Brute-Force
Friday-23-02-2018_446.pcap,tcp_320,tcp,320,Brute-Force,Malware,Web-Attack,Brute-Force
Friday-23-02-2018_446.pcap,tcp_323,tcp,323,Brute-Force,Malware,Web-Attack,Brute-Force
Friday-23-02-2018_446.pcap,tcp_324,tcp,324,Brute-Force,Malware,Web-Attack,Brute-Force
Friday-23-02-2018_446.pcap,tcp_329,tcp,329,Brute-Force,Malware,Web-Attack,Brute-Force
Friday-23-02-2018_446.pcap,tcp_330,tcp,330,Brute-Force,Malware,Web-Attack,Brute-Force
Friday-23-02-2018_446.pcap,tcp_333,tcp,333,Brute-Force,Malware,Web-Attack,Brute-Force
Friday-23-02-2018_446.pcap,tcp_334,tcp,334,Brute-Force,Malware,Web-Attack,Brute-Force
Friday-23-02-2018_446.pcap,tcp_335,tcp,335,Brute-Force,Malware,Web-Attack,Brute-Force
Friday-23-02-2018_446.pcap,tcp_337,tcp,337,Brute-Force,Malware,Web-Attack,Brute-Force
Friday-23-02-2018_446.pcap,tcp_338,tcp,338,Brute-Force,Malware,Web-Attack,Brute-Force
Friday-23-02-2018_446.pcap,tcp_339,tcp,339,Brute-Force,Malware,Web-Attack,Brute-Force
Friday-23-02-2018_446.pcap,tcp_340,tcp,340,Brute-Force,Malware,Web-Attack,Brute-Force
Friday-23-02-2018_446.pcap,tcp_344,tcp,344,Brute-Force,Malware,Web-Attack,Brute-Force
Friday-23-02-2018_446.pcap,tcp_351,tcp,351,Brute-Force,Malware,Web-Attack,Brute-Force
Friday-23-02-2018_446.pcap,tcp_352,tcp,352,Brute-Force,Malware,Web-Attack,Brute-Force
Friday-23-02-2018_446.pcap,tcp_356,tcp,356,Brute-Force,Malware,Web-Attack,Brute-Force
Friday-23-02-2018_446.pcap,tcp_357,tcp,357,Brute-Force,Malware,Web-Attack,Brute-Force
Friday-23-02-2018_446.pcap,tcp_366,tcp,366,Brute-Force,Malware,Web-Attack,Brute-Force
Friday-23-02-2018_446.pcap,tcp_370,tcp,370,Brute-Force,Malware,Web-Attack,Brute-Force
Friday-23-02-2018_446.pcap,tcp_371,tcp,371,Brute-Force,Malware,Web-Attack,Brute-Force
Friday-23-02-2018_446.pcap,tcp_374,tcp,374,Brute-Force,Malware,Web-Attack,Brute-Force
Friday-23-02-2018_446.pcap,tcp_375,tcp,375,Brute-Force,Malware,Web-Attack,Brute-Force
Friday-23-02-2018_446.pcap,tcp_376,tcp,376,Brute-Force,Malware,Web-Attack,Brute-Force
Friday-23-02-2018_446.pcap,tcp_382,tcp,382,Brute-Force,Malware,Web-Attack,Brute-Force
Friday-23-02-2018_446.pcap,tcp_383,tcp,383,Brute-Force,Malware,Web-Attack,Brute-Force
Friday-23-02-2018_446.pcap,tcp_385,tcp,385,Brute-Force,Malware,Web-Attack,Brute-Force
Friday-23-02-2018_446.pcap,tcp_389,tcp,389,Brute-Force,Malware,Web-Attack,Brute-Force
Friday-23-02-2018_446.pcap,tcp_391,tcp,391,Brute-Force,Malware,Web-Attack,Brute-Force
Friday-23-02-2018_446.pcap,tcp_393,tcp,393,Brute-Force,Malware,Web-Attack,Brute-Force
Friday-23-02-2018_446.pcap,tcp_397,tcp,397,Brute-Force,Malware,Web-Attack,Brute-Force
Friday-23-02-2018_446.pcap,tcp_399,tcp,399,Brute-Force,Malware,Web-Attack,Brute-Force
Friday-23-02-2018_446.pcap,tcp_400,tcp,400,Brute-Force,Malware,Web-Attack,Brute-Force
Friday-23-02-2018_446.pcap,tcp_403,tcp,403,Brute-Force,Malware,Web-Attack,Brute-Force
Friday-23-02-2018_446.pcap,tcp_404,tcp,404,Brute-Force,Malware,Web-Attack,Brute-Force
Friday-23-02-2018_446.pcap,tcp_405,tcp,405,Brute-Force,Malware,Web-Attack,Brute-Force
Friday-23-02-2018_446.pcap,tcp_406,tcp,406,Brute-Force,Malware,Web-Attack,Brute-Force
Friday-23-02-2018_446.pcap,tcp_410,tcp,410,Brute-Force,Malware,Web-Attack,Brute-Force
Friday-23-02-2018_446.pcap,tcp_411,tcp,411,Brute-Force,Malware,Web-Attack,Brute-Force
Friday-23-02-2018_446.pcap,tcp_415,tcp,415,Brute-Force,Malware,Web-Attack,Brute-Force
Friday-23-02-2018_446.pcap,tcp_418,tcp,418,Brute-Force,Malware,Web-Attack,Brute-Force
Friday-23-02-2018_446.pcap,tcp_419,tcp,419,Brute-Force,Malware,Web-Attack,Brute-Force
Friday-23-02-2018_446.pcap,tcp_421,tcp,421,Brute-Force,Malware,Web-Attack,Brute-Force
Friday-23-02-2018_446.pcap,tcp_425,tcp,425,Brute-Force,Malware,Web-Attack,Brute-Force
Friday-23-02-2018_446.pcap,tcp_428,tcp,428,Brute-Force,Malware,Web-Attack,Brute-Force
Friday-23-02-2018_446.pcap,tcp_429,tcp,429,Brute-Force,Malware,Web-Attack,Brute-Force
Friday-23-02-2018_446.pcap,tcp_439,tcp,439,Brute-Force,Malware,Web-Attack,Brute-Force
Friday-23-02-2018_446.pcap,tcp_440,tcp,440,Brute-Force,Malware,Web-Attack,Brute-Force
Friday-23-02-2018_446.pcap,tcp_441,tcp,441,Brute-Force,Malware,Web-Attack,Brute-Force
Friday-23-02-2018_446.pcap,tcp_442,tcp,442,Brute-Force,Malware,Web-Attack,Brute-Force
Friday-23-02-2018_446.pcap,tcp_444,tcp,444,Brute-Force,Malware,Web-Attack,Brute-Force
Friday-23-02-2018_446.pcap,tcp_448,tcp,448,Brute-Force,Malware,Web-Attack,Brute-Force
Friday-23-02-2018_446.pcap,tcp_451,tcp,451,Brute-Force,Malware,Web-Attack,Brute-Force
Friday-23-02-2018_446.pcap,tcp_452,tcp,452,Brute-Force,Malware,Web-Attack,Brute-Force
Thursday-22-02-2018_447.pcap,tcp_266,tcp,266,Brute-Force,Malware,Web-Attack,Brute-Force
Thursday-22-02-2018_447.pcap,tcp_267,tcp,267,Brute-Force,Malware,Web-Attack,Brute-Force
Thursday-22-02-2018_447.pcap,tcp_268,tcp,268,Brute-Force,Malware,Web-Attack,Brute-Force
Thursday-22-02-2018_447.pcap,tcp_269,tcp,269,Brute-Force,Malware,Web-Attack,Brute-Force
Thursday-22-02-2018_447.pcap,tcp_272,tcp,272,Brute-Force,Malware,Web-Attack,Brute-Force
Thursday-22-02-2018_447.pcap,tcp_273,tcp,273,Brute-Force,Malware,Web-Attack,Brute-Force
Thursday-22-02-2018_447.pcap,tcp_274,tcp,274,Brute-Force,Malware,Web-Attack,Brute-Force
Thursday-22-02-2018_447.pcap,tcp_277,tcp,277,Brute-Force,Malware,Web-Attack,Brute-Force
Thursday-22-02-2018_447.pcap,tcp_278,tcp,278,Brute-Force,Malware,Web-Attack,Brute-Force
Thursday-22-02-2018_447.pcap,tcp_283,tcp,283,Brute-Force,Malware,Web-Attack,Brute-Force
Thursday-22-02-2018_447.pcap,tcp_284,tcp,284,Brute-Force,Malware,Web-Attack,Brute-Force
Thursday-22-02-2018_447.pcap,tcp_285,tcp,285,Brute-Force,Malware,Web-Attack,Brute-Force
Thursday-22-02-2018_447.pcap,tcp_286,tcp,286,Brute-Force,Malware,Web-Attack,Brute-Force
Thursday-22-02-2018_447.pcap,tcp_288,tcp,288,Brute-Force,Malware,Web-Attack,Brute-Force
Thursday-22-02-2018_447.pcap,tcp_289,tcp,289,Brute-Force,Malware,Web-Attack,Brute-Force
Thursday-22-02-2018_447.pcap,tcp_290,tcp,290,Brute-Force,Malware,Web-Attack,Brute-Force
Thursday-22-02-2018_447.pcap,tcp_291,tcp,291,Brute-Force,Malware,Web-Attack,Brute-Force
Thursday-22-02-2018_447.pcap,tcp_293,tcp,293,Brute-Force,Malware,Web-Attack,Brute-Force
Thursday-22-02-2018_447.pcap,tcp_294,tcp,294,Brute-Force,Malware,Web-Attack,Brute-Force
Thursday-22-02-2018_447.pcap,tcp_295,tcp,295,Brute-Force,Malware,Web-Attack,Brute-Force
Thursday-22-02-2018_447.pcap,tcp_297,tcp,297,Brute-Force,Malware,Web-Attack,Brute-Force
Thursday-22-02-2018_447.pcap,tcp_298,tcp,298,Brute-Force,Malware,Web-Attack,Brute-Force
Thursday-22-02-2018_447.pcap,tcp_301,tcp,301,Brute-Force,Malware,Web-Attack,Brute-Force
Thursday-22-02-2018_447.pcap,tcp_302,tcp,302,Brute-Force,Malware,Web-Attack,Brute-Force
Thursday-22-02-2018_447.pcap,tcp_305,tcp,305,Brute-Force,Malware,Web-Attack,Brute-Force
Thursday-22-02-2018_447.pcap,tcp_309,tcp,309,Brute-Force,Malware,Web-Attack,Brute-Force
Thursday-22-02-2018_447.pcap,tcp_311,tcp,311,Brute-Force,Malware,Web-Attack,Brute-Force
Thursday-22-02-2018_447.pcap,tcp_312,tcp,312,Brute-Force,Malware,Web-Attack,Brute-Force
Thursday-22-02-2018_447.pcap,tcp_315,tcp,315,Brute-Force,Malware,Web-Attack,Brute-Force
Thursday-22-02-2018_447.pcap,tcp_319,tcp,319,Brute-Force,Malware,Web-Attack,Brute-Force
Thursday-22-02-2018_447.pcap,tcp_321,tcp,321,Brute-Force,Malware,Web-Attack,Brute-Force
Thursday-22-02-2018_447.pcap,tcp_331,tcp,331,Brute-Force,Malware,Web-Attack,Brute-Force
Thursday-22-02-2018_447.pcap,tcp_332,tcp,332,Brute-Force,Malware,Web-Attack,Brute-Force
Thursday-22-02-2018_447.pcap,tcp_334,tcp,334,Brute-Force,Malware,Web-Attack,Brute-Force
Thursday-22-02-2018_447.pcap,tcp_335,tcp,335,Brute-Force,Malware,Web-Attack,Brute-Force
Thursday-22-02-2018_447.pcap,tcp_342,tcp,342,Brute-Force,Malware,Web-Attack,Brute-Force
Thursday-22-02-2018_447.pcap,tcp_343,tcp,343,Brute-Force,Malware,Web-Attack,Brute-Force
Thursday-22-02-2018_447.pcap,tcp_346,tcp,346,Brute-Force,Malware,Web-Attack,Brute-Force
Thursday-22-02-2018_447.pcap,tcp_347,tcp,347,Brute-Force,Malware,Web-Attack,Brute-Force
Thursday-22-02-2018_447.pcap,tcp_352,tcp,352,Brute-Force,Malware,Web-Attack,Brute-Force
Thursday-22-02-2018_447.pcap,tcp_353,tcp,353,Brute-Force,Malware,Web-Attack,Brute-Force
Thursday-22-02-2018_447.pcap,tcp_356,tcp,356,Brute-Force,Malware,Web-Attack,Brute-Force
Thursday-22-02-2018_447.pcap,tcp_361,tcp,361,Brute-Force,Malware,Web-Attack,Brute-Force
Thursday-22-02-2018_447.pcap,tcp_362,tcp,362,Brute-Force,Malware,Web-Attack,Brute-Force
Thursday-22-02-2018_447.pcap,tcp_363,tcp,363,Brute-Force,Malware,Web-Attack,Brute-Force
Thursday-22-02-2018_447.pcap,tcp_364,tcp,364,Brute-Force,Malware,Web-Attack,Brute-Force
Thursday-22-02-2018_447.pcap,tcp_366,tcp,366,Brute-Force,Malware,Web-Attack,Brute-Force
Thursday-22-02-2018_447.pcap,tcp_367,tcp,367,Brute-Force,Malware,Web-Attack,Brute-Force
Thursday-22-02-2018_447.pcap,tcp_374,tcp,374,Brute-Force,Malware,Web-Attack,Brute-Force
Thursday-22-02-2018_447.pcap,tcp_380,tcp,380,Brute-Force,Malware,Web-Attack,Brute-Force
Thursday-22-02-2018_447.pcap,tcp_381,tcp,381,Brute-Force,Malware,Web-Attack,Brute-Force
Thursday-22-02-2018_447.pcap,tcp_382,tcp,382,Brute-Force,Malware,Web-Attack,Brute-Force
Thursday-22-02-2018_447.pcap,tcp_383,tcp,383,Brute-Force,Malware,Web-Attack,Brute-Force
Thursday-22-02-2018_447.pcap,tcp_384,tcp,384,Brute-Force,Malware,Web-Attack,Brute-Force
Thursday-22-02-2018_447.pcap,tcp_393,tcp,393,Brute-Force,Malware,Web-Attack,Brute-Force
Thursday-22-02-2018_447.pcap,tcp_399,tcp,399,Brute-Force,Malware,Web-Attack,Brute-Force
Thursday-22-02-2018_447.pcap,tcp_405,tcp,405,Brute-Force,Malware,Web-Attack,Brute-Force
Thursday-22-02-2018_447.pcap,tcp_409,tcp,409,Brute-Force,Malware,Web-Attack,Brute-Force
Thursday-22-02-2018_447.pcap,tcp_411,tcp,411,Brute-Force,Malware,Web-Attack,Brute-Force
Thursday-22-02-2018_447.pcap,tcp_419,tcp,419,Brute-Force,Malware,Web-Attack,Brute-Force
Thursday-22-02-2018_447.pcap,tcp_422,tcp,422,Brute-Force,Malware,Web-Attack,Brute-Force
Thursday-22-02-2018_447.pcap,tcp_423,tcp,423,Brute-Force,Malware,Web-Attack,Brute-Force
Thursday-22-02-2018_447.pcap,tcp_425,tcp,425,Brute-Force,Malware,Web-Attack,Brute-Force
Thursday-22-02-2018_447.pcap,tcp_429,tcp,429,Brute-Force,Malware,Web-Attack,Brute-Force
Thursday-22-02-2018_447.pcap,tcp_435,tcp,435,Brute-Force,Malware,Web-Attack,Brute-Force
Thursday-22-02-2018_447.pcap,tcp_436,tcp,436,Brute-Force,Malware,Web-Attack,Brute-Force
Thursday-22-02-2018_447.pcap,tcp_440,tcp,440,Brute-Force,Malware,Web-Attack,Brute-Force
Thursday-22-02-2018_447.pcap,tcp_443,tcp,443,Brute-Force,Malware,Web-Attack,Brute-Force
Thursday-22-02-2018_447.pcap,tcp_444,tcp,444,Brute-Force,Malware,Web-Attack,Brute-Force
Thursday-22-02-2018_447.pcap,tcp_446,tcp,446,Brute-Force,Malware,Web-Attack,Brute-Force
Thursday-22-02-2018_447.pcap,tcp_447,tcp,447,Brute-Force,Malware,Web-Attack,Brute-Force
Thursday-22-02-2018_447.pcap,tcp_450,tcp,450,Brute-Force,Malware,Web-Attack,Brute-Force
Thursday-22-02-2018_447.pcap,tcp_452,tcp,452,Brute-Force,Malware,Web-Attack,Brute-Force
Thursday-22-02-2018_447.pcap,tcp_453,tcp,453,Brute-Force,Malware,Web-Attack,Brute-Force
Thursday-22-02-2018_447.pcap,tcp_457,tcp,457,Brute-Force,Malware,Web-Attack,Brute-Force
Thursday-22-02-2018_447.pcap,tcp_458,tcp,458,Brute-Force,Malware,Web-Attack,Brute-Force
Thursday-22-02-2018_447.pcap,tcp_461,tcp,461,Brute-Force,Malware,Web-Attack,Brute-Force
Thursday-22-02-2018_447.pcap,tcp_462,tcp,462,Brute-Force,Malware,Web-Attack,Brute-Force
Thursday-22-02-2018_447.pcap,tcp_463,tcp,463,Brute-Force,Malware,Web-Attack,Brute-Force
Thursday-22-02-2018_447.pcap,tcp_464,tcp,464,Brute-Force,Malware,Web-Attack,Brute-Force
Thursday-22-02-2018_447.pcap,tcp_472,tcp,472,Brute-Force,Malware,Web-Attack,Brute-Force
Thursday-22-02-2018_447.pcap,tcp_473,tcp,473,Brute-Force,Malware,Web-Attack,Brute-Force
Thursday-22-02-2018_447.pcap,tcp_481,tcp,481,Brute-Force,Malware,Web-Attack,Brute-Force
Thursday-22-02-2018_447.pcap,tcp_482,tcp,482,Brute-Force,Malware,Web-Attack,Brute-Force
Thursday-22-02-2018_447.pcap,tcp_487,tcp,487,Brute-Force,Malware,Web-Attack,Brute-Force
Thursday-22-02-2018_447.pcap,tcp_488,tcp,488,Brute-Force,Malware,Web-Attack,Brute-Force
Thursday-22-02-2018_447.pcap,tcp_489,tcp,489,Brute-Force,Malware,Web-Attack,Brute-Force
Thursday-22-02-2018_447.pcap,tcp_490,tcp,490,Brute-Force,Malware,Web-Attack,Brute-Force
Thursday-22-02-2018_447.pcap,tcp_491,tcp,491,Brute-Force,Malware,Web-Attack,Brute-Force
Thursday-22-02-2018_447.pcap,tcp_501,tcp,501,Brute-Force,Malware,Web-Attack,Brute-Force
Thursday-22-02-2018_447.pcap,tcp_505,tcp,505,Brute-Force,Malware,Web-Attack,Brute-Force
Thursday-22-02-2018_447.pcap,tcp_506,tcp,506,Brute-Force,Malware,Web-Attack,Brute-Force
Thursday-22-02-2018_447.pcap,tcp_509,tcp,509,Brute-Force,Malware,Web-Attack,Brute-Force
Thursday-22-02-2018_447.pcap,tcp_513,tcp,513,Brute-Force,Malware,Web-Attack,Brute-Force
Thursday-22-02-2018_447.pcap,tcp_519,tcp,519,Brute-Force,Malware,Web-Attack,Brute-Force
Thursday-22-02-2018_447.pcap,tcp_526,tcp,526,Brute-Force,Malware,Web-Attack,Brute-Force
Thursday-22-02-2018_447.pcap,tcp_527,tcp,527,Brute-Force,Malware,Web-Attack,Brute-Force
Thursday-22-02-2018_447.pcap,tcp_530,tcp,530,Brute-Force,Malware,Web-Attack,Brute-Force
Thursday-22-02-2018_447.pcap,tcp_531,tcp,531,Brute-Force,Malware,Web-Attack,Brute-Force
Thursday-22-02-2018_447.pcap,tcp_535,tcp,535,Brute-Force,Malware,Web-Attack,Brute-Force
Thursday-22-02-2018_447.pcap,tcp_539,tcp,539,Brute-Force,Malware,Web-Attack,Brute-Force
Thursday-22-02-2018_447.pcap,tcp_540,tcp,540,Brute-Force,Malware,Web-Attack,Brute-Force
Thursday-22-02-2018_447.pcap,tcp_543,tcp,543,Brute-Force,Malware,Web-Attack,Brute-Force
Thursday-22-02-2018_447.pcap,tcp_544,tcp,544,Brute-Force,Malware,Web-Attack,Brute-Force
Thursday-22-02-2018_447.pcap,tcp_548,tcp,548,Brute-Force,Malware,Web-Attack,Brute-Force
Thursday-22-02-2018_447.pcap,tcp_550,tcp,550,Brute-Force,Malware,Web-Attack,Brute-Force
Thursday-22-02-2018_447.pcap,tcp_554,tcp,554,Brute-Force,Malware,Web-Attack,Brute-Force
Thursday-22-02-2018_447.pcap,tcp_561,tcp,561,Brute-Force,Malware,Web-Attack,Brute-Force
Thursday-22-02-2018_447.pcap,tcp_562,tcp,562,Brute-Force,Malware,Web-Attack,Brute-Force
Friday-23-02-2018_446.pcap,tcp_699,tcp,699,XSS,Malware,Web-Attack,XSS
Friday-23-02-2018_446.pcap,tcp_703,tcp,703,XSS,Malware,Web-Attack,XSS
Friday-23-02-2018_446.pcap,tcp_706,tcp,706,XSS,Malware,Web-Attack,XSS
Friday-23-02-2018_446.pcap,tcp_713,tcp,713,XSS,Malware,Web-Attack,XSS
Friday-23-02-2018_446.pcap,tcp_715,tcp,715,XSS,Malware,Web-Attack,XSS
Friday-23-02-2018_446.pcap,tcp_723,tcp,723,XSS,Malware,Web-Attack,XSS
Friday-23-02-2018_446.pcap,tcp_727,tcp,727,XSS,Malware,Web-Attack,XSS
Friday-23-02-2018_446.pcap,tcp_735,tcp,735,XSS,Malware,Web-Attack,XSS
Friday-23-02-2018_446.pcap,tcp_738,tcp,738,XSS,Malware,Web-Attack,XSS
Friday-23-02-2018_446.pcap,tcp_742,tcp,742,XSS,Malware,Web-Attack,XSS
Friday-23-02-2018_446.pcap,tcp_745,tcp,745,XSS,Malware,Web-Attack,XSS
Friday-23-02-2018_446.pcap,tcp_751,tcp,751,XSS,Malware,Web-Attack,XSS
Friday-23-02-2018_446.pcap,tcp_754,tcp,754,XSS,Malware,Web-Attack,XSS
Friday-23-02-2018_446.pcap,tcp_760,tcp,760,XSS,Malware,Web-Attack,XSS
Friday-23-02-2018_446.pcap,tcp_766,tcp,766,XSS,Malware,Web-Attack,XSS
Friday-23-02-2018_446.pcap,tcp_771,tcp,771,XSS,Malware,Web-Attack,XSS
Friday-23-02-2018_446.pcap,tcp_772,tcp,772,XSS,Malware,Web-Attack,XSS
Friday-23-02-2018_446.pcap,tcp_776,tcp,776,XSS,Malware,Web-Attack,XSS
Friday-23-02-2018_446.pcap,tcp_803,tcp,803,XSS,Malware,Web-Attack,XSS
Friday-23-02-2018_446.pcap,tcp_808,tcp,808,XSS,Malware,Web-Attack,XSS
Friday-23-02-2018_446.pcap,tcp_819,tcp,819,XSS,Malware,Web-Attack,XSS
Friday-23-02-2018_446.pcap,tcp_821,tcp,821,XSS,Malware,Web-Attack,XSS
Friday-23-02-2018_446.pcap,tcp_823,tcp,823,XSS,Malware,Web-Attack,XSS
Friday-23-02-2018_446.pcap,tcp_828,tcp,828,XSS,Malware,Web-Attack,XSS
Friday-23-02-2018_446.pcap,tcp_834,tcp,834,XSS,Malware,Web-Attack,XSS
Friday-23-02-2018_446.pcap,tcp_837,tcp,837,XSS,Malware,Web-Attack,XSS
Friday-23-02-2018_446.pcap,tcp_839,tcp,839,XSS,Malware,Web-Attack,XSS
Friday-23-02-2018_446.pcap,tcp_844,tcp,844,XSS,Malware,Web-Attack,XSS
Friday-23-02-2018_446.pcap,tcp_850,tcp,850,XSS,Malware,Web-Attack,XSS
Friday-23-02-2018_446.pcap,tcp_852,tcp,852,XSS,Malware,Web-Attack,XSS
Friday-23-02-2018_446.pcap,tcp_855,tcp,855,XSS,Malware,Web-Attack,XSS
Friday-23-02-2018_446.pcap,tcp_857,tcp,857,XSS,Malware,Web-Attack,XSS
Friday-23-02-2018_446.pcap,tcp_861,tcp,861,XSS,Malware,Web-Attack,XSS
Friday-23-02-2018_446.pcap,tcp_866,tcp,866,XSS,Malware,Web-Attack,XSS
Friday-23-02-2018_446.pcap,tcp_874,tcp,874,XSS,Malware,Web-Attack,XSS
Friday-23-02-2018_446.pcap,tcp_878,tcp,878,XSS,Malware,Web-Attack,XSS
Friday-23-02-2018_446.pcap,tcp_881,tcp,881,XSS,Malware,Web-Attack,XSS
Friday-23-02-2018_446.pcap,tcp_883,tcp,883,XSS,Malware,Web-Attack,XSS
Friday-23-02-2018_446.pcap,tcp_885,tcp,885,XSS,Malware,Web-Attack,XSS
Friday-23-02-2018_446.pcap,tcp_891,tcp,891,XSS,Malware,Web-Attack,XSS
Friday-23-02-2018_446.pcap,tcp_893,tcp,893,XSS,Malware,Web-Attack,XSS
Friday-23-02-2018_446.pcap,tcp_896,tcp,896,XSS,Malware,Web-Attack,XSS
Friday-23-02-2018_446.pcap,tcp_900,tcp,900,XSS,Malware,Web-Attack,XSS
Friday-23-02-2018_446.pcap,tcp_902,tcp,902,XSS,Malware,Web-Attack,XSS
Friday-23-02-2018_446.pcap,tcp_905,tcp,905,XSS,Malware,Web-Attack,XSS
Friday-23-02-2018_446.pcap,tcp_906,tcp,906,XSS,Malware,Web-Attack,XSS
Friday-23-02-2018_446.pcap,tcp_907,tcp,907,XSS,Malware,Web-Attack,XSS
Friday-23-02-2018_446.pcap,tcp_909,tcp,909,XSS,Malware,Web-Attack,XSS
Friday-23-02-2018_446.pcap,tcp_911,tcp,911,XSS,Malware,Web-Attack,XSS
Friday-23-02-2018_446.pcap,tcp_914,tcp,914,XSS,Malware,Web-Attack,XSS
Friday-23-02-2018_446.pcap,tcp_915,tcp,915,XSS,Malware,Web-Attack,XSS
Friday-23-02-2018_446.pcap,tcp_919,tcp,919,XSS,Malware,Web-Attack,XSS
Friday-23-02-2018_446.pcap,tcp_920,tcp,920,XSS,Malware,Web-Attack,XSS
Friday-23-02-2018_446.pcap,tcp_921,tcp,921,XSS,Malware,Web-Attack,XSS
Friday-23-02-2018_446.pcap,tcp_924,tcp,924,XSS,Malware,Web-Attack,XSS
Thursday-22-02-2018_447.pcap,tcp_906,tcp,906,XSS,Malware,Web-Attack,XSS
Thursday-22-02-2018_447.pcap,tcp_907,tcp,907,XSS,Malware,Web-Attack,XSS
Thursday-22-02-2018_447.pcap,tcp_915,tcp,915,XSS,Malware,Web-Attack,XSS
Thursday-22-02-2018_447.pcap,tcp_917,tcp,917,XSS,Malware,Web-Attack,XSS
Thursday-22-02-2018_447.pcap,tcp_922,tcp,922,XSS,Malware,Web-Attack,XSS
Thursday-22-02-2018_447.pcap,tcp_923,tcp,923,XSS,Malware,Web-Attack,XSS
Thursday-22-02-2018_447.pcap,tcp_925,tcp,925,XSS,Malware,Web-Attack,XSS
Thursday-22-02-2018_447.pcap,tcp_926,tcp,926,XSS,Malware,Web-Attack,XSS
Thursday-22-02-2018_447.pcap,tcp_929,tcp,929,XSS,Malware,Web-Attack,XSS
Thursday-22-02-2018_447.pcap,tcp_931,tcp,931,XSS,Malware,Web-Attack,XSS
Thursday-22-02-2018_447.pcap,tcp_936,tcp,936,XSS,Malware,Web-Attack,XSS
Thursday-22-02-2018_447.pcap,tcp_940,tcp,940,XSS,Malware,Web-Attack,XSS
Thursday-22-02-2018_447.pcap,tcp_944,tcp,944,XSS,Malware,Web-Attack,XSS
Thursday-22-02-2018_447.pcap,tcp_948,tcp,948,XSS,Malware,Web-Attack,XSS
Thursday-22-02-2018_447.pcap,tcp_952,tcp,952,XSS,Malware,Web-Attack,XSS
Thursday-22-02-2018_447.pcap,tcp_954,tcp,954,XSS,Malware,Web-Attack,XSS
Thursday-22-02-2018_447.pcap,tcp_960,tcp,960,XSS,Malware,Web-Attack,XSS
Thursday-22-02-2018_447.pcap,tcp_963,tcp,963,XSS,Malware,Web-Attack,XSS
Thursday-22-02-2018_447.pcap,tcp_967,tcp,967,XSS,Malware,Web-Attack,XSS
Thursday-22-02-2018_447.pcap,tcp_970,tcp,970,XSS,Malware,Web-Attack,XSS
Thursday-22-02-2018_447.pcap,tcp_972,tcp,972,XSS,Malware,Web-Attack,XSS
Thursday-22-02-2018_447.pcap,tcp_978,tcp,978,XSS,Malware,Web-Attack,XSS
Thursday-22-02-2018_447.pcap,tcp_980,tcp,980,XSS,Malware,Web-Attack,XSS
Thursday-22-02-2018_447.pcap,tcp_981,tcp,981,XSS,Malware,Web-Attack,XSS
Thursday-22-02-2018_447.pcap,tcp_985,tcp,985,XSS,Malware,Web-Attack,XSS
Thursday-22-02-2018_447.pcap,tcp_986,tcp,986,XSS,Malware,Web-Attack,XSS
Thursday-22-02-2018_447.pcap,tcp_987,tcp,987,XSS,Malware,Web-Attack,XSS
Thursday-22-02-2018_447.pcap,tcp_990,tcp,990,XSS,Malware,Web-Attack,XSS
Thursday-22-02-2018_447.pcap,tcp_999,tcp,999,XSS,Malware,Web-Attack,XSS
Thursday-22-02-2018_447.pcap,tcp_1002,tcp,1002,XSS,Malware,Web-Attack,XSS
Thursday-22-02-2018_447.pcap,tcp_1003,tcp,1003,XSS,Malware,Web-Attack,XSS
Thursday-22-02-2018_447.pcap,tcp_1006,tcp,1006,XSS,Malware,Web-Attack,XSS
Thursday-22-02-2018_447.pcap,tcp_1008,tcp,1008,XSS,Malware,Web-Attack,XSS
Thursday-22-02-2018_447.pcap,tcp_1013,tcp,1013,XSS,Malware,Web-Attack,XSS
Thursday-22-02-2018_447.pcap,tcp_1014,tcp,1014,XSS,Malware,Web-Attack,XSS
Friday-23-02-2018_446.pcap,tcp_1009,tcp,1009,Sql-Injection,Malware,Web-Attack,Sql-Injection
Friday-23-02-2018_446.pcap,tcp_1012,tcp,1012,Sql-Injection,Malware,Web-Attack,Sql-Injection
Friday-23-02-2018_446.pcap,tcp_1014,tcp,1014,Sql-Injection,Malware,Web-Attack,Sql-Injection
Friday-23-02-2018_446.pcap,tcp_1017,tcp,1017,Sql-Injection,Malware,Web-Attack,Sql-Injection
Friday-23-02-2018_446.pcap,tcp_1018,tcp,1018,Sql-Injection,Malware,Web-Attack,Sql-Injection
Friday-23-02-2018_446.pcap,tcp_1020,tcp,1020,Sql-Injection,Malware,Web-Attack,Sql-Injection
Friday-23-02-2018_446.pcap,tcp_1028,tcp,1028,Sql-Injection,Malware,Web-Attack,Sql-Injection
Friday-23-02-2018_446.pcap,tcp_1030,tcp,1030,Sql-Injection,Malware,Web-Attack,Sql-Injection
Friday-23-02-2018_446.pcap,tcp_1032,tcp,1032,Sql-Injection,Malware,Web-Attack,Sql-Injection
Friday-23-02-2018_446.pcap,tcp_1042,tcp,1042,Sql-Injection,Malware,Web-Attack,Sql-Injection
Friday-23-02-2018_446.pcap,tcp_1046,tcp,1046,Sql-Injection,Malware,Web-Attack,Sql-Injection
Friday-23-02-2018_446.pcap,tcp_1049,tcp,1049,Sql-Injection,Malware,Web-Attack,Sql-Injection
Friday-23-02-2018_446.pcap,tcp_1051,tcp,1051,Sql-Injection,Malware,Web-Attack,Sql-Injection
Friday-23-02-2018_446.pcap,tcp_1054,tcp,1054,Sql-Injection,Malware,Web-Attack,Sql-Injection
Friday-23-02-2018_446.pcap,tcp_1056,tcp,1056,Sql-Injection,Malware,Web-Attack,Sql-Injection
Friday-23-02-2018_446.pcap,tcp_1057,tcp,1057,Sql-Injection,Malware,Web-Attack,Sql-Injection
Friday-23-02-2018_446.pcap,tcp_1059,tcp,1059,Sql-Injection,Malware,Web-Attack,Sql-Injection
Friday-23-02-2018_446.pcap,tcp_1061,tcp,1061,Sql-Injection,Malware,Web-Attack,Sql-Injection
Friday-23-02-2018_446.pcap,tcp_1062,tcp,1062,Sql-Injection,Malware,Web-Attack,Sql-Injection
Friday-23-02-2018_446.pcap,tcp_1063,tcp,1063,Sql-Injection,Malware,Web-Attack,Sql-Injection
Friday-23-02-2018_446.pcap,tcp_1065,tcp,1065,Sql-Injection,Malware,Web-Attack,Sql-Injection
Friday-23-02-2018_446.pcap,tcp_1069,tcp,1069,Sql-Injection,Malware,Web-Attack,Sql-Injection
Friday-23-02-2018_446.pcap,tcp_1071,tcp,1071,Sql-Injection,Malware,Web-Attack,Sql-Injection
Friday-23-02-2018_446.pcap,tcp_1073,tcp,1073,Sql-Injection,Malware,Web-Attack,Sql-Injection
Thursday-22-02-2018_447.pcap,tcp_1299,tcp,1299,Sql-Injection,Malware,Web-Attack,Sql-Injection
Thursday-22-02-2018_447.pcap,tcp_1300,tcp,1300,Sql-Injection,Malware,Web-Attack,Sql-Injection
Thursday-22-02-2018_447.pcap,tcp_1301,tcp,1301,Sql-Injection,Malware,Web-Attack,Sql-Injection
Thursday-22-02-2018_447.pcap,tcp_1303,tcp,1303,Sql-Injection,Malware,Web-Attack,Sql-Injection
Thursday-22-02-2018_447.pcap,tcp_1306,tcp,1306,Sql-Injection,Malware,Web-Attack,Sql-Injection
Thursday-22-02-2018_447.pcap,tcp_1307,tcp,1307,Sql-Injection,Malware,Web-Attack,Sql-Injection
Thursday-22-02-2018_447.pcap,tcp_1308,tcp,1308,Sql-Injection,Malware,Web-Attack,Sql-Injection
Thursday-22-02-2018_447.pcap,tcp_1310,tcp,1310,Sql-Injection,Malware,Web-Attack,Sql-Injection
Thursday-22-02-2018_447.pcap,tcp_1312,tcp,1312,Sql-Injection,Malware,Web-Attack,Sql-Injection
Thursday-22-02-2018_447.pcap,tcp_1314,tcp,1314,Sql-Injection,Malware,Web-Attack,Sql-Injection
Thursday-22-02-2018_447.pcap,tcp_1323,tcp,1323,Sql-Injection,Malware,Web-Attack,Sql-Injection
Thursday-22-02-2018_447.pcap,tcp_1332,tcp,1332,Sql-Injection,Malware,Web-Attack,Sql-Injection
Thursday-22-02-2018_447.pcap,tcp_1338,tcp,1338,Sql-Injection,Malware,Web-Attack,Sql-Injection
Wednesday-21-02-2018_447.pcap,tcp_1059201,tcp,1059201,HOIC,Malware,DDoS,HOIC
Wednesday-21-02-2018_447.pcap,tcp_787901,tcp,787901,HOIC,Malware,DDoS,HOIC
Wednesday-21-02-2018_447.pcap,tcp_834621,tcp,834621,HOIC,Malware,DDoS,HOIC
Wednesday-21-02-2018_447.pcap,tcp_757981,tcp,757981,HOIC,Malware,DDoS,HOIC
Wednesday-21-02-2018_447.pcap,tcp_528462,tcp,528462,HOIC,Malware,DDoS,HOIC
Wednesday-21-02-2018_447.pcap,tcp_443191,tcp,443191,HOIC,Malware,DDoS,HOIC
Wednesday-21-02-2018_447.pcap,tcp_932211,tcp,932211,HOIC,Malware,DDoS,HOIC
Wednesday-21-02-2018_447.pcap,tcp_3853,tcp,3853,HOIC,Malware,DDoS,HOIC
Wednesday-21-02-2018_447.pcap,tcp_523932,tcp,523932,HOIC,Malware,DDoS,HOIC
Wednesday-21-02-2018_447.pcap,tcp_371865,tcp,371865,HOIC,Malware,DDoS,HOIC
Wednesday-21-02-2018_447.pcap,tcp_589719,tcp,589719,HOIC,Malware,DDoS,HOIC
Wednesday-21-02-2018_447.pcap,tcp_166220,tcp,166220,HOIC,Malware,DDoS,HOIC
Wednesday-21-02-2018_447.pcap,tcp_151098,tcp,151098,HOIC,Malware,DDoS,HOIC
Wednesday-21-02-2018_447.pcap,tcp_422536,tcp,422536,HOIC,Malware,DDoS,HOIC
Wednesday-21-02-2018_447.pcap,tcp_920485,tcp,920485,HOIC,Malware,DDoS,HOIC
Wednesday-21-02-2018_447.pcap,tcp_1003618,tcp,1003618,HOIC,Malware,DDoS,HOIC
Wednesday-21-02-2018_447.pcap,tcp_756296,tcp,756296,HOIC,Malware,DDoS,HOIC
Wednesday-21-02-2018_447.pcap,tcp_828926,tcp,828926,HOIC,Malware,DDoS,HOIC
Wednesday-21-02-2018_447.pcap,tcp_1011032,tcp,1011032,HOIC,Malware,DDoS,HOIC
Wednesday-21-02-2018_447.pcap,tcp_826244,tcp,826244,HOIC,Malware,DDoS,HOIC
Wednesday-21-02-2018_447.pcap,tcp_689969,tcp,689969,HOIC,Malware,DDoS,HOIC
Wednesday-21-02-2018_447.pcap,tcp_482740,tcp,482740,HOIC,Malware,DDoS,HOIC
Wednesday-21-02-2018_447.pcap,tcp_1050706,tcp,1050706,HOIC,Malware,DDoS,HOIC
Wednesday-21-02-2018_447.pcap,tcp_190381,tcp,190381,HOIC,Malware,DDoS,HOIC
Wednesday-21-02-2018_447.pcap,tcp_776915,tcp,776915,HOIC,Malware,DDoS,HOIC
Wednesday-21-02-2018_447.pcap,tcp_520344,tcp,520344,HOIC,Malware,DDoS,HOIC
Wednesday-21-02-2018_447.pcap,tcp_207446,tcp,207446,HOIC,Malware,DDoS,HOIC
Wednesday-21-02-2018_447.pcap,tcp_281803,tcp,281803,HOIC,Malware,DDoS,HOIC
Wednesday-21-02-2018_447.pcap,tcp_385201,tcp,385201,HOIC,Malware,DDoS,HOIC
Wednesday-21-02-2018_447.pcap,tcp_89897,tcp,89897,HOIC,Malware,DDoS,HOIC
Wednesday-21-02-2018_447.pcap,tcp_706764,tcp,706764,HOIC,Malware,DDoS,HOIC
Wednesday-21-02-2018_447.pcap,tcp_258527,tcp,258527,HOIC,Malware,DDoS,HOIC
Wednesday-21-02-2018_447.pcap,tcp_157747,tcp,157747,HOIC,Malware,DDoS,HOIC
Wednesday-21-02-2018_447.pcap,tcp_615029,tcp,615029,HOIC,Malware,DDoS,HOIC
Wednesday-21-02-2018_447.pcap,tcp_158787,tcp,158787,HOIC,Malware,DDoS,HOIC
Wednesday-21-02-2018_447.pcap,tcp_959668,tcp,959668,HOIC,Malware,DDoS,HOIC
Wednesday-21-02-2018_447.pcap,tcp_1040581,tcp,1040581,HOIC,Malware,DDoS,HOIC
Wednesday-21-02-2018_447.pcap,tcp_442828,tcp,442828,HOIC,Malware,DDoS,HOIC
Wednesday-21-02-2018_447.pcap,tcp_613711,tcp,613711,HOIC,Malware,DDoS,HOIC
Wednesday-21-02-2018_447.pcap,tcp_116724,tcp,116724,HOIC,Malware,DDoS,HOIC
Wednesday-21-02-2018_447.pcap,tcp_844052,tcp,844052,HOIC,Malware,DDoS,HOIC
Wednesday-21-02-2018_447.pcap,tcp_386849,tcp,386849,HOIC,Malware,DDoS,HOIC
Wednesday-21-02-2018_447.pcap,tcp_625736,tcp,625736,HOIC,Malware,DDoS,HOIC
Wednesday-21-02-2018_447.pcap,tcp_95578,tcp,95578,HOIC,Malware,DDoS,HOIC
Wednesday-21-02-2018_447.pcap,tcp_423519,tcp,423519,HOIC,Malware,DDoS,HOIC
Wednesday-21-02-2018_447.pcap,tcp_670490,tcp,670490,HOIC,Malware,DDoS,HOIC
Wednesday-21-02-2018_447.pcap,tcp_897723,tcp,897723,HOIC,Malware,DDoS,HOIC
Wednesday-21-02-2018_447.pcap,tcp_625940,tcp,625940,HOIC,Malware,DDoS,HOIC
Wednesday-21-02-2018_447.pcap,tcp_593277,tcp,593277,HOIC,Malware,DDoS,HOIC
Wednesday-21-02-2018_447.pcap,tcp_949757,tcp,949757,HOIC,Malware,DDoS,HOIC
Wednesday-21-02-2018_447.pcap,tcp_59580,tcp,59580,HOIC,Malware,DDoS,HOIC
Wednesday-21-02-2018_447.pcap,tcp_338270,tcp,338270,HOIC,Malware,DDoS,HOIC
Wednesday-21-02-2018_447.pcap,tcp_767298,tcp,767298,HOIC,Malware,DDoS,HOIC
Wednesday-21-02-2018_447.pcap,tcp_686300,tcp,686300,HOIC,Malware,DDoS,HOIC
Wednesday-21-02-2018_447.pcap,tcp_70692,tcp,70692,HOIC,Malware,DDoS,HOIC
Wednesday-21-02-2018_447.pcap,tcp_33867,tcp,33867,HOIC,Malware,DDoS,HOIC
Wednesday-21-02-2018_447.pcap,tcp_70404,tcp,70404,HOIC,Malware,DDoS,HOIC
Wednesday-21-02-2018_447.pcap,tcp_379761,tcp,379761,HOIC,Malware,DDoS,HOIC
Wednesday-21-02-2018_447.pcap,tcp_937992,tcp,937992,HOIC,Malware,DDoS,HOIC
Wednesday-21-02-2018_447.pcap,tcp_427294,tcp,427294,HOIC,Malware,DDoS,HOIC
Wednesday-21-02-2018_447.pcap,tcp_769829,tcp,769829,HOIC,Malware,DDoS,HOIC
Wednesday-21-02-2018_447.pcap,tcp_125143,tcp,125143,HOIC,Malware,DDoS,HOIC
Wednesday-21-02-2018_447.pcap,tcp_474093,tcp,474093,HOIC,Malware,DDoS,HOIC
Wednesday-21-02-2018_447.pcap,tcp_412322,tcp,412322,HOIC,Malware,DDoS,HOIC
Wednesday-21-02-2018_447.pcap,tcp_188289,tcp,188289,HOIC,Malware,DDoS,HOIC
Wednesday-21-02-2018_447.pcap,tcp_23616,tcp,23616,HOIC,Malware,DDoS,HOIC
Wednesday-21-02-2018_447.pcap,tcp_614776,tcp,614776,HOIC,Malware,DDoS,HOIC
Wednesday-21-02-2018_447.pcap,tcp_77103,tcp,77103,HOIC,Malware,DDoS,HOIC
Wednesday-21-02-2018_447.pcap,tcp_7911,tcp,7911,HOIC,Malware,DDoS,HOIC
Wednesday-21-02-2018_447.pcap,tcp_102789,tcp,102789,HOIC,Malware,DDoS,HOIC
Wednesday-21-02-2018_447.pcap,tcp_407509,tcp,407509,HOIC,Malware,DDoS,HOIC
Wednesday-21-02-2018_447.pcap,tcp_1039041,tcp,1039041,HOIC,Malware,DDoS,HOIC
Wednesday-21-02-2018_447.pcap,tcp_934149,tcp,934149,HOIC,Malware,DDoS,HOIC
Wednesday-21-02-2018_447.pcap,tcp_361948,tcp,361948,HOIC,Malware,DDoS,HOIC
Wednesday-21-02-2018_447.pcap,tcp_366393,tcp,366393,HOIC,Malware,DDoS,HOIC
Wednesday-21-02-2018_447.pcap,tcp_471379,tcp,471379,HOIC,Malware,DDoS,HOIC
Wednesday-21-02-2018_447.pcap,tcp_1002905,tcp,1002905,HOIC,Malware,DDoS,HOIC
Wednesday-21-02-2018_447.pcap,tcp_801156,tcp,801156,HOIC,Malware,DDoS,HOIC
Wednesday-21-02-2018_447.pcap,tcp_812147,tcp,812147,HOIC,Malware,DDoS,HOIC
Wednesday-21-02-2018_447.pcap,tcp_176504,tcp,176504,HOIC,Malware,DDoS,HOIC
Wednesday-21-02-2018_447.pcap,tcp_589464,tcp,589464,HOIC,Malware,DDoS,HOIC
Wednesday-21-02-2018_447.pcap,tcp_23751,tcp,23751,HOIC,Malware,DDoS,HOIC
Wednesday-21-02-2018_447.pcap,tcp_871140,tcp,871140,HOIC,Malware,DDoS,HOIC
Wednesday-21-02-2018_447.pcap,tcp_937482,tcp,937482,HOIC,Malware,DDoS,HOIC
Wednesday-21-02-2018_447.pcap,tcp_663391,tcp,663391,HOIC,Malware,DDoS,HOIC
Wednesday-21-02-2018_447.pcap,tcp_794374,tcp,794374,HOIC,Malware,DDoS,HOIC
Wednesday-21-02-2018_447.pcap,tcp_73028,tcp,73028,HOIC,Malware,DDoS,HOIC
Wednesday-21-02-2018_447.pcap,tcp_887546,tcp,887546,HOIC,Malware,DDoS,HOIC
Wednesday-21-02-2018_447.pcap,tcp_208817,tcp,208817,HOIC,Malware,DDoS,HOIC
Wednesday-21-02-2018_447.pcap,tcp_433062,tcp,433062,HOIC,Malware,DDoS,HOIC
Wednesday-21-02-2018_447.pcap,tcp_780927,tcp,780927,HOIC,Malware,DDoS,HOIC
Wednesday-21-02-2018_447.pcap,tcp_366482,tcp,366482,HOIC,Malware,DDoS,HOIC
Wednesday-21-02-2018_447.pcap,tcp_100659,tcp,100659,HOIC,Malware,DDoS,HOIC
Wednesday-21-02-2018_447.pcap,tcp_326378,tcp,326378,HOIC,Malware,DDoS,HOIC
Wednesday-21-02-2018_447.pcap,tcp_91363,tcp,91363,HOIC,Malware,DDoS,HOIC
Wednesday-21-02-2018_447.pcap,tcp_49787,tcp,49787,HOIC,Malware,DDoS,HOIC
Wednesday-21-02-2018_447.pcap,tcp_255514,tcp,255514,HOIC,Malware,DDoS,HOIC
Wednesday-21-02-2018_447.pcap,tcp_766031,tcp,766031,HOIC,Malware,DDoS,HOIC
Wednesday-21-02-2018_447.pcap,tcp_149686,tcp,149686,HOIC,Malware,DDoS,HOIC
Wednesday-21-02-2018_447.pcap,tcp_914915,tcp,914915,HOIC,Malware,DDoS,HOIC
Wednesday-21-02-2018_447.pcap,tcp_458464,tcp,458464,HOIC,Malware,DDoS,HOIC
Wednesday-21-02-2018_447.pcap,tcp_371808,tcp,371808,HOIC,Malware,DDoS,HOIC
Wednesday-21-02-2018_447.pcap,tcp_33216,tcp,33216,HOIC,Malware,DDoS,HOIC
Wednesday-21-02-2018_447.pcap,tcp_231664,tcp,231664,HOIC,Malware,DDoS,HOIC
Wednesday-21-02-2018_447.pcap,tcp_459537,tcp,459537,HOIC,Malware,DDoS,HOIC
Wednesday-21-02-2018_447.pcap,tcp_540755,tcp,540755,HOIC,Malware,DDoS,HOIC
Wednesday-21-02-2018_447.pcap,tcp_370273,tcp,370273,HOIC,Malware,DDoS,HOIC
Wednesday-21-02-2018_447.pcap,tcp_177403,tcp,177403,HOIC,Malware,DDoS,HOIC
Wednesday-21-02-2018_447.pcap,tcp_503336,tcp,503336,HOIC,Malware,DDoS,HOIC
Wednesday-21-02-2018_447.pcap,tcp_944230,tcp,944230,HOIC,Malware,DDoS,HOIC
Wednesday-21-02-2018_447.pcap,tcp_602530,tcp,602530,HOIC,Malware,DDoS,HOIC
Wednesday-21-02-2018_447.pcap,tcp_392480,tcp,392480,HOIC,Malware,DDoS,HOIC
Wednesday-21-02-2018_447.pcap,tcp_12152,tcp,12152,HOIC,Malware,DDoS,HOIC
Wednesday-21-02-2018_447.pcap,tcp_16544,tcp,16544,HOIC,Malware,DDoS,HOIC
Wednesday-21-02-2018_447.pcap,tcp_611433,tcp,611433,HOIC,Malware,DDoS,HOIC
Wednesday-21-02-2018_447.pcap,tcp_42592,tcp,42592,HOIC,Malware,DDoS,HOIC
Wednesday-21-02-2018_447.pcap,tcp_980014,tcp,980014,HOIC,Malware,DDoS,HOIC
Wednesday-21-02-2018_447.pcap,tcp_228511,tcp,228511,HOIC,Malware,DDoS,HOIC
Wednesday-21-02-2018_447.pcap,tcp_1071403,tcp,1071403,HOIC,Malware,DDoS,HOIC
Wednesday-21-02-2018_447.pcap,tcp_536344,tcp,536344,HOIC,Malware,DDoS,HOIC
Wednesday-21-02-2018_447.pcap,tcp_433414,tcp,433414,HOIC,Malware,DDoS,HOIC
Wednesday-21-02-2018_447.pcap,tcp_64291,tcp,64291,HOIC,Malware,DDoS,HOIC
Wednesday-21-02-2018_447.pcap,tcp_488281,tcp,488281,HOIC,Malware,DDoS,HOIC
Wednesday-21-02-2018_447.pcap,tcp_447620,tcp,447620,HOIC,Malware,DDoS,HOIC
Wednesday-21-02-2018_447.pcap,tcp_206788,tcp,206788,HOIC,Malware,DDoS,HOIC
Wednesday-21-02-2018_447.pcap,tcp_97864,tcp,97864,HOIC,Malware,DDoS,HOIC
Wednesday-21-02-2018_447.pcap,tcp_283037,tcp,283037,HOIC,Malware,DDoS,HOIC
Wednesday-21-02-2018_447.pcap,tcp_743001,tcp,743001,HOIC,Malware,DDoS,HOIC
Wednesday-21-02-2018_447.pcap,tcp_643175,tcp,643175,HOIC,Malware,DDoS,HOIC
Wednesday-21-02-2018_447.pcap,tcp_668529,tcp,668529,HOIC,Malware,DDoS,HOIC
Wednesday-21-02-2018_447.pcap,tcp_252505,tcp,252505,HOIC,Malware,DDoS,HOIC
Wednesday-21-02-2018_447.pcap,tcp_251422,tcp,251422,HOIC,Malware,DDoS,HOIC
Wednesday-21-02-2018_447.pcap,tcp_959463,tcp,959463,HOIC,Malware,DDoS,HOIC
Wednesday-21-02-2018_447.pcap,tcp_521658,tcp,521658,HOIC,Malware,DDoS,HOIC
Wednesday-21-02-2018_447.pcap,tcp_503843,tcp,503843,HOIC,Malware,DDoS,HOIC
Wednesday-21-02-2018_447.pcap,tcp_203239,tcp,203239,HOIC,Malware,DDoS,HOIC
Wednesday-21-02-2018_447.pcap,tcp_175488,tcp,175488,HOIC,Malware,DDoS,HOIC
Wednesday-21-02-2018_447.pcap,tcp_759120,tcp,759120,HOIC,Malware,DDoS,HOIC
Wednesday-21-02-2018_447.pcap,tcp_280471,tcp,280471,HOIC,Malware,DDoS,HOIC
Wednesday-21-02-2018_447.pcap,tcp_193187,tcp,193187,HOIC,Malware,DDoS,HOIC
Wednesday-21-02-2018_447.pcap,tcp_270235,tcp,270235,HOIC,Malware,DDoS,HOIC
Wednesday-21-02-2018_447.pcap,tcp_80207,tcp,80207,HOIC,Malware,DDoS,HOIC
Wednesday-21-02-2018_447.pcap,tcp_385880,tcp,385880,HOIC,Malware,DDoS,HOIC
Wednesday-21-02-2018_447.pcap,tcp_251911,tcp,251911,HOIC,Malware,DDoS,HOIC
Wednesday-21-02-2018_447.pcap,tcp_686397,tcp,686397,HOIC,Malware,DDoS,HOIC
Wednesday-21-02-2018_447.pcap,tcp_712284,tcp,712284,HOIC,Malware,DDoS,HOIC
Wednesday-21-02-2018_447.pcap,tcp_607167,tcp,607167,HOIC,Malware,DDoS,HOIC
Wednesday-21-02-2018_447.pcap,tcp_914675,tcp,914675,HOIC,Malware,DDoS,HOIC
Wednesday-21-02-2018_447.pcap,tcp_678448,tcp,678448,HOIC,Malware,DDoS,HOIC
Wednesday-21-02-2018_447.pcap,tcp_818241,tcp,818241,HOIC,Malware,DDoS,HOIC
Wednesday-21-02-2018_447.pcap,tcp_1020395,tcp,1020395,HOIC,Malware,DDoS,HOIC
Wednesday-21-02-2018_447.pcap,tcp_385944,tcp,385944,HOIC,Malware,DDoS,HOIC
Wednesday-21-02-2018_447.pcap,tcp_658250,tcp,658250,HOIC,Malware,DDoS,HOIC
Wednesday-21-02-2018_447.pcap,tcp_590872,tcp,590872,HOIC,Malware,DDoS,HOIC
Wednesday-21-02-2018_447.pcap,tcp_917649,tcp,917649,HOIC,Malware,DDoS,HOIC
Wednesday-21-02-2018_447.pcap,tcp_870773,tcp,870773,HOIC,Malware,DDoS,HOIC
Wednesday-21-02-2018_447.pcap,tcp_301443,tcp,301443,HOIC,Malware,DDoS,HOIC
Wednesday-21-02-2018_447.pcap,tcp_1007209,tcp,1007209,HOIC,Malware,DDoS,HOIC
Wednesday-21-02-2018_447.pcap,tcp_925655,tcp,925655,HOIC,Malware,DDoS,HOIC
Wednesday-21-02-2018_447.pcap,tcp_696659,tcp,696659,HOIC,Malware,DDoS,HOIC
Wednesday-21-02-2018_447.pcap,tcp_228109,tcp,228109,HOIC,Malware,DDoS,HOIC
Wednesday-21-02-2018_447.pcap,tcp_220022,tcp,220022,HOIC,Malware,DDoS,HOIC
Wednesday-21-02-2018_447.pcap,tcp_325923,tcp,325923,HOIC,Malware,DDoS,HOIC
Wednesday-21-02-2018_447.pcap,tcp_617937,tcp,617937,HOIC,Malware,DDoS,HOIC
Wednesday-21-02-2018_447.pcap,tcp_363947,tcp,363947,HOIC,Malware,DDoS,HOIC
Wednesday-21-02-2018_447.pcap,tcp_377618,tcp,377618,HOIC,Malware,DDoS,HOIC
Wednesday-21-02-2018_447.pcap,tcp_783947,tcp,783947,HOIC,Malware,DDoS,HOIC
Wednesday-21-02-2018_447.pcap,tcp_108951,tcp,108951,HOIC,Malware,DDoS,HOIC
Wednesday-21-02-2018_447.pcap,tcp_258352,tcp,258352,HOIC,Malware,DDoS,HOIC
Wednesday-21-02-2018_447.pcap,tcp_208150,tcp,208150,HOIC,Malware,DDoS,HOIC
Wednesday-21-02-2018_447.pcap,tcp_154515,tcp,154515,HOIC,Malware,DDoS,HOIC
Wednesday-21-02-2018_447.pcap,tcp_500300,tcp,500300,HOIC,Malware,DDoS,HOIC
Wednesday-21-02-2018_447.pcap,tcp_187188,tcp,187188,HOIC,Malware,DDoS,HOIC
Wednesday-21-02-2018_447.pcap,tcp_780235,tcp,780235,HOIC,Malware,DDoS,HOIC
Wednesday-21-02-2018_447.pcap,tcp_395210,tcp,395210,HOIC,Malware,DDoS,HOIC
Wednesday-21-02-2018_447.pcap,tcp_905878,tcp,905878,HOIC,Malware,DDoS,HOIC
Wednesday-21-02-2018_447.pcap,tcp_634576,tcp,634576,HOIC,Malware,DDoS,HOIC
Wednesday-21-02-2018_447.pcap,tcp_441276,tcp,441276,HOIC,Malware,DDoS,HOIC
Wednesday-21-02-2018_447.pcap,tcp_966287,tcp,966287,HOIC,Malware,DDoS,HOIC
Wednesday-21-02-2018_447.pcap,tcp_730481,tcp,730481,HOIC,Malware,DDoS,HOIC
Wednesday-21-02-2018_447.pcap,tcp_779495,tcp,779495,HOIC,Malware,DDoS,HOIC
Wednesday-21-02-2018_447.pcap,tcp_896849,tcp,896849,HOIC,Malware,DDoS,HOIC
Wednesday-21-02-2018_447.pcap,tcp_196286,tcp,196286,HOIC,Malware,DDoS,HOIC
Wednesday-21-02-2018_447.pcap,tcp_131233,tcp,131233,HOIC,Malware,DDoS,HOIC
Wednesday-21-02-2018_447.pcap,tcp_584591,tcp,584591,HOIC,Malware,DDoS,HOIC
Wednesday-21-02-2018_447.pcap,tcp_678684,tcp,678684,HOIC,Malware,DDoS,HOIC
Wednesday-21-02-2018_447.pcap,tcp_586486,tcp,586486,HOIC,Malware,DDoS,HOIC
Wednesday-21-02-2018_447.pcap,tcp_860032,tcp,860032,HOIC,Malware,DDoS,HOIC
Wednesday-21-02-2018_447.pcap,tcp_530637,tcp,530637,HOIC,Malware,DDoS,HOIC
Wednesday-21-02-2018_447.pcap,tcp_731454,tcp,731454,HOIC,Malware,DDoS,HOIC
Wednesday-21-02-2018_447.pcap,tcp_773416,tcp,773416,HOIC,Malware,DDoS,HOIC
Wednesday-21-02-2018_447.pcap,tcp_899435,tcp,899435,HOIC,Malware,DDoS,HOIC
Wednesday-21-02-2018_447.pcap,tcp_73359,tcp,73359,HOIC,Malware,DDoS,HOIC
Wednesday-21-02-2018_447.pcap,tcp_592109,tcp,592109,HOIC,Malware,DDoS,HOIC
Wednesday-21-02-2018_447.pcap,tcp_731687,tcp,731687,HOIC,Malware,DDoS,HOIC
Wednesday-21-02-2018_447.pcap,tcp_848722,tcp,848722,HOIC,Malware,DDoS,HOIC
Wednesday-21-02-2018_447.pcap,tcp_654202,tcp,654202,HOIC,Malware,DDoS,HOIC
Wednesday-21-02-2018_447.pcap,tcp_676347,tcp,676347,HOIC,Malware,DDoS,HOIC
Wednesday-21-02-2018_447.pcap,tcp_528044,tcp,528044,HOIC,Malware,DDoS,HOIC
Wednesday-21-02-2018_447.pcap,tcp_225464,tcp,225464,HOIC,Malware,DDoS,HOIC
Wednesday-21-02-2018_447.pcap,tcp_555658,tcp,555658,HOIC,Malware,DDoS,HOIC
Wednesday-21-02-2018_447.pcap,tcp_461774,tcp,461774,HOIC,Malware,DDoS,HOIC
Wednesday-21-02-2018_447.pcap,tcp_553969,tcp,553969,HOIC,Malware,DDoS,HOIC
Wednesday-21-02-2018_447.pcap,tcp_648878,tcp,648878,HOIC,Malware,DDoS,HOIC
Wednesday-21-02-2018_447.pcap,tcp_972913,tcp,972913,HOIC,Malware,DDoS,HOIC
Wednesday-21-02-2018_447.pcap,tcp_106287,tcp,106287,HOIC,Malware,DDoS,HOIC
Wednesday-21-02-2018_447.pcap,tcp_957112,tcp,957112,HOIC,Malware,DDoS,HOIC
Wednesday-21-02-2018_447.pcap,tcp_713916,tcp,713916,HOIC,Malware,DDoS,HOIC
Wednesday-21-02-2018_447.pcap,tcp_229717,tcp,229717,HOIC,Malware,DDoS,HOIC
Wednesday-21-02-2018_447.pcap,tcp_925480,tcp,925480,HOIC,Malware,DDoS,HOIC
Wednesday-21-02-2018_447.pcap,tcp_662865,tcp,662865,HOIC,Malware,DDoS,HOIC
Wednesday-21-02-2018_447.pcap,tcp_982471,tcp,982471,HOIC,Malware,DDoS,HOIC
Wednesday-21-02-2018_447.pcap,tcp_465397,tcp,465397,HOIC,Malware,DDoS,HOIC
Wednesday-21-02-2018_447.pcap,tcp_406586,tcp,406586,HOIC,Malware,DDoS,HOIC
Wednesday-21-02-2018_447.pcap,tcp_174642,tcp,174642,HOIC,Malware,DDoS,HOIC
Wednesday-21-02-2018_447.pcap,tcp_322296,tcp,322296,HOIC,Malware,DDoS,HOIC
Wednesday-21-02-2018_447.pcap,tcp_15509,tcp,15509,HOIC,Malware,DDoS,HOIC
Wednesday-21-02-2018_447.pcap,tcp_793247,tcp,793247,HOIC,Malware,DDoS,HOIC
Wednesday-21-02-2018_447.pcap,tcp_151282,tcp,151282,HOIC,Malware,DDoS,HOIC
Wednesday-21-02-2018_447.pcap,tcp_917493,tcp,917493,HOIC,Malware,DDoS,HOIC
Wednesday-21-02-2018_447.pcap,tcp_579764,tcp,579764,HOIC,Malware,DDoS,HOIC
Wednesday-21-02-2018_447.pcap,tcp_754662,tcp,754662,HOIC,Malware,DDoS,HOIC
Wednesday-21-02-2018_447.pcap,tcp_429302,tcp,429302,HOIC,Malware,DDoS,HOIC
Wednesday-21-02-2018_447.pcap,tcp_344639,tcp,344639,HOIC,Malware,DDoS,HOIC
Wednesday-21-02-2018_447.pcap,tcp_587300,tcp,587300,HOIC,Malware,DDoS,HOIC
Wednesday-21-02-2018_447.pcap,tcp_353726,tcp,353726,HOIC,Malware,DDoS,HOIC
Wednesday-21-02-2018_447.pcap,tcp_734925,tcp,734925,HOIC,Malware,DDoS,HOIC
Wednesday-21-02-2018_447.pcap,tcp_850038,tcp,850038,HOIC,Malware,DDoS,HOIC
Wednesday-21-02-2018_447.pcap,tcp_549371,tcp,549371,HOIC,Malware,DDoS,HOIC
Wednesday-21-02-2018_447.pcap,tcp_947024,tcp,947024,HOIC,Malware,DDoS,HOIC
Wednesday-21-02-2018_447.pcap,tcp_28997,tcp,28997,HOIC,Malware,DDoS,HOIC
Wednesday-21-02-2018_447.pcap,tcp_689465,tcp,689465,HOIC,Malware,DDoS,HOIC
Wednesday-21-02-2018_447.pcap,tcp_678657,tcp,678657,HOIC,Malware,DDoS,HOIC
Wednesday-21-02-2018_447.pcap,tcp_1063130,tcp,1063130,HOIC,Malware,DDoS,HOIC
Wednesday-21-02-2018_447.pcap,tcp_385253,tcp,385253,HOIC,Malware,DDoS,HOIC
Wednesday-21-02-2018_447.pcap,tcp_743830,tcp,743830,HOIC,Malware,DDoS,HOIC
Wednesday-21-02-2018_447.pcap,tcp_174566,tcp,174566,HOIC,Malware,DDoS,HOIC
Wednesday-21-02-2018_447.pcap,tcp_1048642,tcp,1048642,HOIC,Malware,DDoS,HOIC
Wednesday-21-02-2018_447.pcap,tcp_884852,tcp,884852,HOIC,Malware,DDoS,HOIC
Wednesday-21-02-2018_447.pcap,tcp_411916,tcp,411916,HOIC,Malware,DDoS,HOIC
Wednesday-21-02-2018_447.pcap,tcp_997730,tcp,997730,HOIC,Malware,DDoS,HOIC
Wednesday-21-02-2018_447.pcap,tcp_84753,tcp,84753,HOIC,Malware,DDoS,HOIC
Wednesday-21-02-2018_447.pcap,tcp_335034,tcp,335034,HOIC,Malware,DDoS,HOIC
Wednesday-21-02-2018_447.pcap,tcp_1058192,tcp,1058192,HOIC,Malware,DDoS,HOIC
Wednesday-21-02-2018_447.pcap,tcp_956551,tcp,956551,HOIC,Malware,DDoS,HOIC
Wednesday-21-02-2018_447.pcap,tcp_641864,tcp,641864,HOIC,Malware,DDoS,HOIC
Wednesday-21-02-2018_447.pcap,tcp_850946,tcp,850946,HOIC,Malware,DDoS,HOIC
Wednesday-21-02-2018_447.pcap,tcp_877524,tcp,877524,HOIC,Malware,DDoS,HOIC
Wednesday-21-02-2018_447.pcap,tcp_893168,tcp,893168,HOIC,Malware,DDoS,HOIC
Wednesday-21-02-2018_447.pcap,tcp_857079,tcp,857079,HOIC,Malware,DDoS,HOIC
Wednesday-21-02-2018_447.pcap,tcp_571304,tcp,571304,HOIC,Malware,DDoS,HOIC
Wednesday-21-02-2018_447.pcap,tcp_639435,tcp,639435,HOIC,Malware,DDoS,HOIC
Wednesday-21-02-2018_447.pcap,tcp_21534,tcp,21534,HOIC,Malware,DDoS,HOIC
Wednesday-21-02-2018_447.pcap,tcp_100471,tcp,100471,HOIC,Malware,DDoS,HOIC
Wednesday-21-02-2018_447.pcap,tcp_967815,tcp,967815,HOIC,Malware,DDoS,HOIC
Wednesday-21-02-2018_447.pcap,tcp_276915,tcp,276915,HOIC,Malware,DDoS,HOIC
Wednesday-21-02-2018_447.pcap,tcp_124194,tcp,124194,HOIC,Malware,DDoS,HOIC
Wednesday-21-02-2018_447.pcap,tcp_281482,tcp,281482,HOIC,Malware,DDoS,HOIC
Wednesday-21-02-2018_447.pcap,tcp_263896,tcp,263896,HOIC,Malware,DDoS,HOIC
Wednesday-21-02-2018_447.pcap,tcp_366682,tcp,366682,HOIC,Malware,DDoS,HOIC
Wednesday-21-02-2018_447.pcap,tcp_322291,tcp,322291,HOIC,Malware,DDoS,HOIC
Wednesday-21-02-2018_447.pcap,tcp_761457,tcp,761457,HOIC,Malware,DDoS,HOIC
Wednesday-21-02-2018_447.pcap,tcp_623243,tcp,623243,HOIC,Malware,DDoS,HOIC
Wednesday-21-02-2018_447.pcap,tcp_612422,tcp,612422,HOIC,Malware,DDoS,HOIC
Wednesday-21-02-2018_447.pcap,tcp_752523,tcp,752523,HOIC,Malware,DDoS,HOIC
Wednesday-21-02-2018_447.pcap,tcp_387723,tcp,387723,HOIC,Malware,DDoS,HOIC
Wednesday-21-02-2018_447.pcap,tcp_1006728,tcp,1006728,HOIC,Malware,DDoS,HOIC
Wednesday-21-02-2018_447.pcap,tcp_606520,tcp,606520,HOIC,Malware,DDoS,HOIC
Wednesday-21-02-2018_447.pcap,tcp_452079,tcp,452079,HOIC,Malware,DDoS,HOIC
Wednesday-21-02-2018_447.pcap,tcp_8582,tcp,8582,HOIC,Malware,DDoS,HOIC
Wednesday-21-02-2018_447.pcap,tcp_30690,tcp,30690,HOIC,Malware,DDoS,HOIC
Wednesday-21-02-2018_447.pcap,tcp_868872,tcp,868872,HOIC,Malware,DDoS,HOIC
Wednesday-21-02-2018_447.pcap,tcp_728320,tcp,728320,HOIC,Malware,DDoS,HOIC
Wednesday-21-02-2018_447.pcap,tcp_287969,tcp,287969,HOIC,Malware,DDoS,HOIC
Wednesday-21-02-2018_447.pcap,tcp_1042148,tcp,1042148,HOIC,Malware,DDoS,HOIC
Wednesday-21-02-2018_447.pcap,tcp_364422,tcp,364422,HOIC,Malware,DDoS,HOIC
Wednesday-21-02-2018_447.pcap,tcp_260084,tcp,260084,HOIC,Malware,DDoS,HOIC
Wednesday-21-02-2018_447.pcap,tcp_348700,tcp,348700,HOIC,Malware,DDoS,HOIC
Wednesday-21-02-2018_447.pcap,tcp_393243,tcp,393243,HOIC,Malware,DDoS,HOIC
Wednesday-21-02-2018_447.pcap,tcp_487623,tcp,487623,HOIC,Malware,DDoS,HOIC
Wednesday-21-02-2018_447.pcap,tcp_971770,tcp,971770,HOIC,Malware,DDoS,HOIC
Wednesday-21-02-2018_447.pcap,tcp_725775,tcp,725775,HOIC,Malware,DDoS,HOIC
Wednesday-21-02-2018_447.pcap,tcp_759802,tcp,759802,HOIC,Malware,DDoS,HOIC
Wednesday-21-02-2018_447.pcap,tcp_237777,tcp,237777,HOIC,Malware,DDoS,HOIC
Wednesday-21-02-2018_447.pcap,tcp_477261,tcp,477261,HOIC,Malware,DDoS,HOIC
Wednesday-21-02-2018_447.pcap,tcp_299074,tcp,299074,HOIC,Malware,DDoS,HOIC
Wednesday-21-02-2018_447.pcap,tcp_108735,tcp,108735,HOIC,Malware,DDoS,HOIC
Wednesday-21-02-2018_447.pcap,tcp_535095,tcp,535095,HOIC,Malware,DDoS,HOIC
Wednesday-21-02-2018_447.pcap,tcp_764244,tcp,764244,HOIC,Malware,DDoS,HOIC
Wednesday-21-02-2018_447.pcap,tcp_861870,tcp,861870,HOIC,Malware,DDoS,HOIC
Wednesday-21-02-2018_447.pcap,tcp_420150,tcp,420150,HOIC,Malware,DDoS,HOIC
Wednesday-21-02-2018_447.pcap,tcp_627923,tcp,627923,HOIC,Malware,DDoS,HOIC
Wednesday-21-02-2018_447.pcap,tcp_666871,tcp,666871,HOIC,Malware,DDoS,HOIC
Wednesday-21-02-2018_447.pcap,tcp_478507,tcp,478507,HOIC,Malware,DDoS,HOIC
Wednesday-21-02-2018_447.pcap,tcp_113544,tcp,113544,HOIC,Malware,DDoS,HOIC
Wednesday-21-02-2018_447.pcap,tcp_1056321,tcp,1056321,HOIC,Malware,DDoS,HOIC
Wednesday-21-02-2018_447.pcap,tcp_46885,tcp,46885,HOIC,Malware,DDoS,HOIC
Wednesday-21-02-2018_447.pcap,tcp_471454,tcp,471454,HOIC,Malware,DDoS,HOIC
Wednesday-21-02-2018_447.pcap,tcp_311711,tcp,311711,HOIC,Malware,DDoS,HOIC
Wednesday-21-02-2018_447.pcap,tcp_298050,tcp,298050,HOIC,Malware,DDoS,HOIC
Wednesday-21-02-2018_447.pcap,tcp_716053,tcp,716053,HOIC,Malware,DDoS,HOIC
Wednesday-21-02-2018_447.pcap,tcp_193815,tcp,193815,HOIC,Malware,DDoS,HOIC
Wednesday-21-02-2018_447.pcap,tcp_328013,tcp,328013,HOIC,Malware,DDoS,HOIC
Wednesday-21-02-2018_447.pcap,tcp_201301,tcp,201301,HOIC,Malware,DDoS,HOIC
Wednesday-21-02-2018_447.pcap,tcp_892972,tcp,892972,HOIC,Malware,DDoS,HOIC
Wednesday-21-02-2018_447.pcap,tcp_992970,tcp,992970,HOIC,Malware,DDoS,HOIC
Wednesday-21-02-2018_447.pcap,tcp_926477,tcp,926477,HOIC,Malware,DDoS,HOIC
Wednesday-21-02-2018_447.pcap,tcp_170407,tcp,170407,HOIC,Malware,DDoS,HOIC
Wednesday-21-02-2018_447.pcap,tcp_26110,tcp,26110,HOIC,Malware,DDoS,HOIC
Wednesday-21-02-2018_447.pcap,tcp_928035,tcp,928035,HOIC,Malware,DDoS,HOIC
Wednesday-21-02-2018_447.pcap,tcp_492246,tcp,492246,HOIC,Malware,DDoS,HOIC
Wednesday-21-02-2018_447.pcap,tcp_177238,tcp,177238,HOIC,Malware,DDoS,HOIC
Wednesday-21-02-2018_447.pcap,tcp_187459,tcp,187459,HOIC,Malware,DDoS,HOIC
Wednesday-21-02-2018_447.pcap,tcp_254012,tcp,254012,HOIC,Malware,DDoS,HOIC
Wednesday-21-02-2018_447.pcap,tcp_670841,tcp,670841,HOIC,Malware,DDoS,HOIC
Wednesday-21-02-2018_447.pcap,tcp_965748,tcp,965748,HOIC,Malware,DDoS,HOIC
Wednesday-21-02-2018_447.pcap,tcp_812255,tcp,812255,HOIC,Malware,DDoS,HOIC
Wednesday-21-02-2018_447.pcap,tcp_736865,tcp,736865,HOIC,Malware,DDoS,HOIC
Wednesday-21-02-2018_447.pcap,tcp_175389,tcp,175389,HOIC,Malware,DDoS,HOIC
Wednesday-21-02-2018_447.pcap,tcp_519710,tcp,519710,HOIC,Malware,DDoS,HOIC
Wednesday-21-02-2018_447.pcap,tcp_1069382,tcp,1069382,HOIC,Malware,DDoS,HOIC
Wednesday-21-02-2018_447.pcap,tcp_188383,tcp,188383,HOIC,Malware,DDoS,HOIC
Wednesday-21-02-2018_447.pcap,tcp_815503,tcp,815503,HOIC,Malware,DDoS,HOIC
Wednesday-21-02-2018_447.pcap,tcp_356298,tcp,356298,HOIC,Malware,DDoS,HOIC
Wednesday-21-02-2018_447.pcap,tcp_711292,tcp,711292,HOIC,Malware,DDoS,HOIC
Wednesday-21-02-2018_447.pcap,tcp_680385,tcp,680385,HOIC,Malware,DDoS,HOIC
Wednesday-21-02-2018_447.pcap,tcp_263308,tcp,263308,HOIC,Malware,DDoS,HOIC
Wednesday-21-02-2018_447.pcap,tcp_290778,tcp,290778,HOIC,Malware,DDoS,HOIC
Wednesday-21-02-2018_447.pcap,tcp_866741,tcp,866741,HOIC,Malware,DDoS,HOIC
Wednesday-21-02-2018_447.pcap,tcp_1030256,tcp,1030256,HOIC,Malware,DDoS,HOIC
Wednesday-21-02-2018_447.pcap,tcp_663836,tcp,663836,HOIC,Malware,DDoS,HOIC
Wednesday-21-02-2018_447.pcap,tcp_25661,tcp,25661,HOIC,Malware,DDoS,HOIC
Wednesday-21-02-2018_447.pcap,tcp_510117,tcp,510117,HOIC,Malware,DDoS,HOIC
Wednesday-21-02-2018_447.pcap,tcp_12578,tcp,12578,HOIC,Malware,DDoS,HOIC
Wednesday-21-02-2018_447.pcap,tcp_505363,tcp,505363,HOIC,Malware,DDoS,HOIC
Wednesday-21-02-2018_447.pcap,tcp_269009,tcp,269009,HOIC,Malware,DDoS,HOIC
Wednesday-21-02-2018_447.pcap,tcp_564052,tcp,564052,HOIC,Malware,DDoS,HOIC
Wednesday-21-02-2018_447.pcap,tcp_662816,tcp,662816,HOIC,Malware,DDoS,HOIC
Wednesday-21-02-2018_447.pcap,tcp_245993,tcp,245993,HOIC,Malware,DDoS,HOIC
Wednesday-21-02-2018_447.pcap,tcp_10191,tcp,10191,HOIC,Malware,DDoS,HOIC
Wednesday-21-02-2018_447.pcap,tcp_1057742,tcp,1057742,HOIC,Malware,DDoS,HOIC
Wednesday-21-02-2018_447.pcap,tcp_24013,tcp,24013,HOIC,Malware,DDoS,HOIC
Wednesday-21-02-2018_447.pcap,tcp_1037656,tcp,1037656,HOIC,Malware,DDoS,HOIC
Wednesday-21-02-2018_447.pcap,tcp_282120,tcp,282120,HOIC,Malware,DDoS,HOIC
Wednesday-21-02-2018_447.pcap,tcp_194007,tcp,194007,HOIC,Malware,DDoS,HOIC
Wednesday-21-02-2018_447.pcap,tcp_156512,tcp,156512,HOIC,Malware,DDoS,HOIC
Wednesday-21-02-2018_447.pcap,tcp_799610,tcp,799610,HOIC,Malware,DDoS,HOIC
Wednesday-21-02-2018_447.pcap,tcp_930667,tcp,930667,HOIC,Malware,DDoS,HOIC
Wednesday-21-02-2018_447.pcap,tcp_85123,tcp,85123,HOIC,Malware,DDoS,HOIC
Wednesday-21-02-2018_447.pcap,tcp_822976,tcp,822976,HOIC,Malware,DDoS,HOIC
Wednesday-21-02-2018_447.pcap,tcp_485080,tcp,485080,HOIC,Malware,DDoS,HOIC
Wednesday-21-02-2018_447.pcap,tcp_884060,tcp,884060,HOIC,Malware,DDoS,HOIC
Wednesday-21-02-2018_447.pcap,tcp_392383,tcp,392383,HOIC,Malware,DDoS,HOIC
Wednesday-21-02-2018_447.pcap,tcp_618302,tcp,618302,HOIC,Malware,DDoS,HOIC
Wednesday-21-02-2018_447.pcap,tcp_535839,tcp,535839,HOIC,Malware,DDoS,HOIC
Wednesday-21-02-2018_447.pcap,tcp_621244,tcp,621244,HOIC,Malware,DDoS,HOIC
Wednesday-21-02-2018_447.pcap,tcp_895639,tcp,895639,HOIC,Malware,DDoS,HOIC
Wednesday-21-02-2018_447.pcap,tcp_488744,tcp,488744,HOIC,Malware,DDoS,HOIC
Wednesday-21-02-2018_447.pcap,tcp_954316,tcp,954316,HOIC,Malware,DDoS,HOIC
Wednesday-21-02-2018_447.pcap,tcp_884877,tcp,884877,HOIC,Malware,DDoS,HOIC
Wednesday-21-02-2018_447.pcap,tcp_832309,tcp,832309,HOIC,Malware,DDoS,HOIC
Wednesday-21-02-2018_447.pcap,tcp_590813,tcp,590813,HOIC,Malware,DDoS,HOIC
Wednesday-21-02-2018_447.pcap,tcp_169089,tcp,169089,HOIC,Malware,DDoS,HOIC
Wednesday-21-02-2018_447.pcap,tcp_39116,tcp,39116,HOIC,Malware,DDoS,HOIC
Wednesday-21-02-2018_447.pcap,tcp_21727,tcp,21727,HOIC,Malware,DDoS,HOIC
Wednesday-21-02-2018_447.pcap,tcp_608387,tcp,608387,HOIC,Malware,DDoS,HOIC
Wednesday-21-02-2018_447.pcap,tcp_645884,tcp,645884,HOIC,Malware,DDoS,HOIC
Wednesday-21-02-2018_447.pcap,tcp_492622,tcp,492622,HOIC,Malware,DDoS,HOIC
Wednesday-21-02-2018_447.pcap,tcp_164720,tcp,164720,HOIC,Malware,DDoS,HOIC
Wednesday-21-02-2018_447.pcap,tcp_701916,tcp,701916,HOIC,Malware,DDoS,HOIC
Wednesday-21-02-2018_447.pcap,tcp_984369,tcp,984369,HOIC,Malware,DDoS,HOIC
Wednesday-21-02-2018_447.pcap,tcp_582825,tcp,582825,HOIC,Malware,DDoS,HOIC
Wednesday-21-02-2018_447.pcap,tcp_837339,tcp,837339,HOIC,Malware,DDoS,HOIC
Wednesday-21-02-2018_447.pcap,tcp_342791,tcp,342791,HOIC,Malware,DDoS,HOIC
Wednesday-21-02-2018_447.pcap,tcp_351007,tcp,351007,HOIC,Malware,DDoS,HOIC
Wednesday-21-02-2018_447.pcap,tcp_89646,tcp,89646,HOIC,Malware,DDoS,HOIC
Wednesday-21-02-2018_447.pcap,tcp_602786,tcp,602786,HOIC,Malware,DDoS,HOIC
Wednesday-21-02-2018_447.pcap,tcp_164475,tcp,164475,HOIC,Malware,DDoS,HOIC
Wednesday-21-02-2018_447.pcap,tcp_1048899,tcp,1048899,HOIC,Malware,DDoS,HOIC
Wednesday-21-02-2018_447.pcap,tcp_896393,tcp,896393,HOIC,Malware,DDoS,HOIC
Wednesday-21-02-2018_447.pcap,tcp_79415,tcp,79415,HOIC,Malware,DDoS,HOIC
Wednesday-21-02-2018_447.pcap,tcp_304846,tcp,304846,HOIC,Malware,DDoS,HOIC
Wednesday-21-02-2018_447.pcap,tcp_916844,tcp,916844,HOIC,Malware,DDoS,HOIC
Wednesday-21-02-2018_447.pcap,tcp_133984,tcp,133984,HOIC,Malware,DDoS,HOIC
Wednesday-21-02-2018_447.pcap,tcp_206823,tcp,206823,HOIC,Malware,DDoS,HOIC
Wednesday-21-02-2018_447.pcap,tcp_529851,tcp,529851,HOIC,Malware,DDoS,HOIC
Wednesday-21-02-2018_447.pcap,tcp_758225,tcp,758225,HOIC,Malware,DDoS,HOIC
Wednesday-21-02-2018_447.pcap,tcp_559030,tcp,559030,HOIC,Malware,DDoS,HOIC
Wednesday-21-02-2018_447.pcap,tcp_1065176,tcp,1065176,HOIC,Malware,DDoS,HOIC
Wednesday-21-02-2018_447.pcap,tcp_651738,tcp,651738,HOIC,Malware,DDoS,HOIC
Wednesday-21-02-2018_447.pcap,tcp_112746,tcp,112746,HOIC,Malware,DDoS,HOIC
Wednesday-21-02-2018_447.pcap,tcp_1037665,tcp,1037665,HOIC,Malware,DDoS,HOIC
Wednesday-21-02-2018_447.pcap,tcp_727079,tcp,727079,HOIC,Malware,DDoS,HOIC
Wednesday-21-02-2018_447.pcap,tcp_1069924,tcp,1069924,HOIC,Malware,DDoS,HOIC
Wednesday-21-02-2018_447.pcap,tcp_71391,tcp,71391,HOIC,Malware,DDoS,HOIC
Wednesday-21-02-2018_447.pcap,tcp_484053,tcp,484053,HOIC,Malware,DDoS,HOIC
Wednesday-21-02-2018_447.pcap,tcp_836725,tcp,836725,HOIC,Malware,DDoS,HOIC
Wednesday-21-02-2018_447.pcap,tcp_66919,tcp,66919,HOIC,Malware,DDoS,HOIC
Wednesday-21-02-2018_447.pcap,tcp_13711,tcp,13711,HOIC,Malware,DDoS,HOIC
Wednesday-21-02-2018_447.pcap,tcp_691355,tcp,691355,HOIC,Malware,DDoS,HOIC
Wednesday-21-02-2018_447.pcap,tcp_806582,tcp,806582,HOIC,Malware,DDoS,HOIC
Wednesday-21-02-2018_447.pcap,tcp_949126,tcp,949126,HOIC,Malware,DDoS,HOIC
Wednesday-21-02-2018_447.pcap,tcp_861328,tcp,861328,HOIC,Malware,DDoS,HOIC
Wednesday-21-02-2018_447.pcap,tcp_645483,tcp,645483,HOIC,Malware,DDoS,HOIC
Wednesday-21-02-2018_447.pcap,tcp_222450,tcp,222450,HOIC,Malware,DDoS,HOIC
Wednesday-21-02-2018_447.pcap,tcp_705083,tcp,705083,HOIC,Malware,DDoS,HOIC
Wednesday-21-02-2018_447.pcap,tcp_964422,tcp,964422,HOIC,Malware,DDoS,HOIC
Wednesday-21-02-2018_447.pcap,tcp_824622,tcp,824622,HOIC,Malware,DDoS,HOIC
Wednesday-21-02-2018_447.pcap,tcp_62840,tcp,62840,HOIC,Malware,DDoS,HOIC
Wednesday-21-02-2018_447.pcap,tcp_960565,tcp,960565,HOIC,Malware,DDoS,HOIC
Wednesday-21-02-2018_447.pcap,tcp_526270,tcp,526270,HOIC,Malware,DDoS,HOIC
Wednesday-21-02-2018_447.pcap,tcp_142284,tcp,142284,HOIC,Malware,DDoS,HOIC
Wednesday-21-02-2018_447.pcap,tcp_76020,tcp,76020,HOIC,Malware,DDoS,HOIC
Wednesday-21-02-2018_447.pcap,tcp_395226,tcp,395226,HOIC,Malware,DDoS,HOIC
Wednesday-21-02-2018_447.pcap,tcp_655398,tcp,655398,HOIC,Malware,DDoS,HOIC
Wednesday-21-02-2018_447.pcap,tcp_641455,tcp,641455,HOIC,Malware,DDoS,HOIC
Wednesday-21-02-2018_447.pcap,tcp_692371,tcp,692371,HOIC,Malware,DDoS,HOIC
Wednesday-21-02-2018_447.pcap,tcp_90170,tcp,90170,HOIC,Malware,DDoS,HOIC
Wednesday-21-02-2018_447.pcap,tcp_1052112,tcp,1052112,HOIC,Malware,DDoS,HOIC
Wednesday-21-02-2018_447.pcap,tcp_346696,tcp,346696,HOIC,Malware,DDoS,HOIC
Wednesday-21-02-2018_447.pcap,tcp_553742,tcp,553742,HOIC,Malware,DDoS,HOIC
Wednesday-21-02-2018_447.pcap,tcp_574863,tcp,574863,HOIC,Malware,DDoS,HOIC
Wednesday-21-02-2018_447.pcap,tcp_642651,tcp,642651,HOIC,Malware,DDoS,HOIC
Wednesday-21-02-2018_447.pcap,tcp_214079,tcp,214079,HOIC,Malware,DDoS,HOIC
Wednesday-21-02-2018_447.pcap,tcp_676195,tcp,676195,HOIC,Malware,DDoS,HOIC
Wednesday-21-02-2018_447.pcap,tcp_385713,tcp,385713,HOIC,Malware,DDoS,HOIC
Wednesday-21-02-2018_447.pcap,tcp_508522,tcp,508522,HOIC,Malware,DDoS,HOIC
Wednesday-21-02-2018_447.pcap,tcp_165466,tcp,165466,HOIC,Malware,DDoS,HOIC
Wednesday-21-02-2018_447.pcap,tcp_433095,tcp,433095,HOIC,Malware,DDoS,HOIC
Wednesday-21-02-2018_447.pcap,tcp_284681,tcp,284681,HOIC,Malware,DDoS,HOIC
Wednesday-21-02-2018_447.pcap,tcp_133334,tcp,133334,HOIC,Malware,DDoS,HOIC
Wednesday-21-02-2018_447.pcap,tcp_988113,tcp,988113,HOIC,Malware,DDoS,HOIC
Wednesday-21-02-2018_447.pcap,tcp_654812,tcp,654812,HOIC,Malware,DDoS,HOIC
Wednesday-21-02-2018_447.pcap,tcp_56445,tcp,56445,HOIC,Malware,DDoS,HOIC
Wednesday-21-02-2018_447.pcap,tcp_571077,tcp,571077,HOIC,Malware,DDoS,HOIC
Wednesday-21-02-2018_447.pcap,tcp_310826,tcp,310826,HOIC,Malware,DDoS,HOIC
Wednesday-21-02-2018_447.pcap,tcp_400740,tcp,400740,HOIC,Malware,DDoS,HOIC
Wednesday-21-02-2018_447.pcap,tcp_357694,tcp,357694,HOIC,Malware,DDoS,HOIC
Wednesday-21-02-2018_447.pcap,tcp_454800,tcp,454800,HOIC,Malware,DDoS,HOIC
Wednesday-21-02-2018_447.pcap,tcp_349077,tcp,349077,HOIC,Malware,DDoS,HOIC
Wednesday-21-02-2018_447.pcap,tcp_108974,tcp,108974,HOIC,Malware,DDoS,HOIC
Wednesday-21-02-2018_447.pcap,tcp_615460,tcp,615460,HOIC,Malware,DDoS,HOIC
Wednesday-21-02-2018_447.pcap,tcp_1048985,tcp,1048985,HOIC,Malware,DDoS,HOIC
Wednesday-21-02-2018_447.pcap,tcp_258996,tcp,258996,HOIC,Malware,DDoS,HOIC
Wednesday-21-02-2018_447.pcap,tcp_713956,tcp,713956,HOIC,Malware,DDoS,HOIC
Wednesday-21-02-2018_447.pcap,tcp_808133,tcp,808133,HOIC,Malware,DDoS,HOIC
Wednesday-21-02-2018_447.pcap,tcp_242785,tcp,242785,HOIC,Malware,DDoS,HOIC
Wednesday-21-02-2018_447.pcap,tcp_786839,tcp,786839,HOIC,Malware,DDoS,HOIC
Wednesday-21-02-2018_447.pcap,tcp_66109,tcp,66109,HOIC,Malware,DDoS,HOIC
Wednesday-21-02-2018_447.pcap,tcp_880740,tcp,880740,HOIC,Malware,DDoS,HOIC
Wednesday-21-02-2018_447.pcap,tcp_34305,tcp,34305,HOIC,Malware,DDoS,HOIC
Wednesday-21-02-2018_447.pcap,tcp_4958,tcp,4958,HOIC,Malware,DDoS,HOIC
Wednesday-21-02-2018_447.pcap,tcp_411550,tcp,411550,HOIC,Malware,DDoS,HOIC
Wednesday-21-02-2018_447.pcap,tcp_818233,tcp,818233,HOIC,Malware,DDoS,HOIC
Wednesday-21-02-2018_447.pcap,tcp_508778,tcp,508778,HOIC,Malware,DDoS,HOIC
Wednesday-21-02-2018_447.pcap,tcp_558489,tcp,558489,HOIC,Malware,DDoS,HOIC
Wednesday-21-02-2018_447.pcap,tcp_66624,tcp,66624,HOIC,Malware,DDoS,HOIC
Wednesday-21-02-2018_447.pcap,tcp_456386,tcp,456386,HOIC,Malware,DDoS,HOIC
Wednesday-21-02-2018_447.pcap,tcp_292109,tcp,292109,HOIC,Malware,DDoS,HOIC
Wednesday-21-02-2018_447.pcap,tcp_385704,tcp,385704,HOIC,Malware,DDoS,HOIC
Wednesday-21-02-2018_447.pcap,tcp_725436,tcp,725436,HOIC,Malware,DDoS,HOIC
Wednesday-21-02-2018_447.pcap,tcp_480732,tcp,480732,HOIC,Malware,DDoS,HOIC
Wednesday-21-02-2018_447.pcap,tcp_683218,tcp,683218,HOIC,Malware,DDoS,HOIC
Wednesday-21-02-2018_447.pcap,tcp_1042505,tcp,1042505,HOIC,Malware,DDoS,HOIC
Wednesday-21-02-2018_447.pcap,tcp_811547,tcp,811547,HOIC,Malware,DDoS,HOIC
Wednesday-21-02-2018_447.pcap,tcp_777699,tcp,777699,HOIC,Malware,DDoS,HOIC
Wednesday-21-02-2018_447.pcap,tcp_793519,tcp,793519,HOIC,Malware,DDoS,HOIC
Wednesday-21-02-2018_447.pcap,tcp_546884,tcp,546884,HOIC,Malware,DDoS,HOIC
Wednesday-21-02-2018_447.pcap,tcp_712725,tcp,712725,HOIC,Malware,DDoS,HOIC
Wednesday-21-02-2018_447.pcap,tcp_37109,tcp,37109,HOIC,Malware,DDoS,HOIC
Wednesday-21-02-2018_447.pcap,tcp_932401,tcp,932401,HOIC,Malware,DDoS,HOIC
Wednesday-21-02-2018_447.pcap,tcp_55671,tcp,55671,HOIC,Malware,DDoS,HOIC
Wednesday-21-02-2018_447.pcap,tcp_693437,tcp,693437,HOIC,Malware,DDoS,HOIC
Wednesday-21-02-2018_447.pcap,tcp_472990,tcp,472990,HOIC,Malware,DDoS,HOIC
Wednesday-21-02-2018_447.pcap,tcp_841198,tcp,841198,HOIC,Malware,DDoS,HOIC
Wednesday-21-02-2018_447.pcap,tcp_250006,tcp,250006,HOIC,Malware,DDoS,HOIC
Wednesday-21-02-2018_447.pcap,tcp_479991,tcp,479991,HOIC,Malware,DDoS,HOIC
Wednesday-21-02-2018_447.pcap,tcp_962102,tcp,962102,HOIC,Malware,DDoS,HOIC
Wednesday-21-02-2018_447.pcap,tcp_45911,tcp,45911,HOIC,Malware,DDoS,HOIC
Wednesday-21-02-2018_447.pcap,tcp_795284,tcp,795284,HOIC,Malware,DDoS,HOIC
Wednesday-21-02-2018_447.pcap,tcp_96383,tcp,96383,HOIC,Malware,DDoS,HOIC
Wednesday-21-02-2018_447.pcap,tcp_352862,tcp,352862,HOIC,Malware,DDoS,HOIC
Wednesday-21-02-2018_447.pcap,tcp_47117,tcp,47117,HOIC,Malware,DDoS,HOIC
Wednesday-21-02-2018_447.pcap,tcp_397368,tcp,397368,HOIC,Malware,DDoS,HOIC
Wednesday-21-02-2018_447.pcap,tcp_297183,tcp,297183,HOIC,Malware,DDoS,HOIC
Wednesday-21-02-2018_447.pcap,tcp_596920,tcp,596920,HOIC,Malware,DDoS,HOIC
Wednesday-21-02-2018_447.pcap,tcp_841229,tcp,841229,HOIC,Malware,DDoS,HOIC
Wednesday-21-02-2018_447.pcap,tcp_784755,tcp,784755,HOIC,Malware,DDoS,HOIC
Wednesday-21-02-2018_447.pcap,tcp_977822,tcp,977822,HOIC,Malware,DDoS,HOIC
Wednesday-21-02-2018_447.pcap,tcp_777503,tcp,777503,HOIC,Malware,DDoS,HOIC
Wednesday-21-02-2018_447.pcap,tcp_358769,tcp,358769,HOIC,Malware,DDoS,HOIC
Wednesday-21-02-2018_447.pcap,tcp_187600,tcp,187600,HOIC,Malware,DDoS,HOIC
Wednesday-21-02-2018_447.pcap,tcp_827840,tcp,827840,HOIC,Malware,DDoS,HOIC
Wednesday-21-02-2018_447.pcap,tcp_523756,tcp,523756,HOIC,Malware,DDoS,HOIC
Wednesday-21-02-2018_447.pcap,tcp_368782,tcp,368782,HOIC,Malware,DDoS,HOIC
Wednesday-21-02-2018_447.pcap,tcp_418606,tcp,418606,HOIC,Malware,DDoS,HOIC
Wednesday-21-02-2018_447.pcap,tcp_84764,tcp,84764,HOIC,Malware,DDoS,HOIC
Wednesday-21-02-2018_447.pcap,tcp_333055,tcp,333055,HOIC,Malware,DDoS,HOIC
Wednesday-21-02-2018_447.pcap,tcp_971152,tcp,971152,HOIC,Malware,DDoS,HOIC
Wednesday-21-02-2018_447.pcap,tcp_176095,tcp,176095,HOIC,Malware,DDoS,HOIC
Wednesday-21-02-2018_447.pcap,tcp_616725,tcp,616725,HOIC,Malware,DDoS,HOIC
Wednesday-21-02-2018_447.pcap,tcp_618163,tcp,618163,HOIC,Malware,DDoS,HOIC
Wednesday-21-02-2018_447.pcap,tcp_416360,tcp,416360,HOIC,Malware,DDoS,HOIC
Wednesday-21-02-2018_447.pcap,tcp_273508,tcp,273508,HOIC,Malware,DDoS,HOIC
Wednesday-21-02-2018_447.pcap,tcp_274584,tcp,274584,HOIC,Malware,DDoS,HOIC
Wednesday-21-02-2018_447.pcap,tcp_11298,tcp,11298,HOIC,Malware,DDoS,HOIC
Wednesday-21-02-2018_447.pcap,tcp_314116,tcp,314116,HOIC,Malware,DDoS,HOIC
Wednesday-21-02-2018_447.pcap,tcp_765187,tcp,765187,HOIC,Malware,DDoS,HOIC
Wednesday-21-02-2018_447.pcap,tcp_573696,tcp,573696,HOIC,Malware,DDoS,HOIC
Wednesday-21-02-2018_447.pcap,tcp_119126,tcp,119126,HOIC,Malware,DDoS,HOIC
Wednesday-21-02-2018_447.pcap,tcp_262230,tcp,262230,HOIC,Malware,DDoS,HOIC
Wednesday-21-02-2018_447.pcap,tcp_579308,tcp,579308,HOIC,Malware,DDoS,HOIC
Wednesday-21-02-2018_447.pcap,tcp_900123,tcp,900123,HOIC,Malware,DDoS,HOIC
Wednesday-21-02-2018_447.pcap,tcp_155071,tcp,155071,HOIC,Malware,DDoS,HOIC
Wednesday-21-02-2018_447.pcap,tcp_613504,tcp,613504,HOIC,Malware,DDoS,HOIC
Wednesday-21-02-2018_447.pcap,tcp_975158,tcp,975158,HOIC,Malware,DDoS,HOIC
Wednesday-21-02-2018_447.pcap,tcp_142673,tcp,142673,HOIC,Malware,DDoS,HOIC
Wednesday-21-02-2018_447.pcap,tcp_457544,tcp,457544,HOIC,Malware,DDoS,HOIC
Wednesday-21-02-2018_447.pcap,tcp_776093,tcp,776093,HOIC,Malware,DDoS,HOIC
Wednesday-21-02-2018_447.pcap,tcp_727431,tcp,727431,HOIC,Malware,DDoS,HOIC
Wednesday-21-02-2018_447.pcap,tcp_477658,tcp,477658,HOIC,Malware,DDoS,HOIC
Wednesday-21-02-2018_447.pcap,tcp_527364,tcp,527364,HOIC,Malware,DDoS,HOIC
Wednesday-21-02-2018_447.pcap,tcp_519633,tcp,519633,HOIC,Malware,DDoS,HOIC
Wednesday-21-02-2018_447.pcap,tcp_291862,tcp,291862,HOIC,Malware,DDoS,HOIC
Wednesday-21-02-2018_447.pcap,tcp_849332,tcp,849332,HOIC,Malware,DDoS,HOIC
Wednesday-21-02-2018_447.pcap,tcp_324877,tcp,324877,HOIC,Malware,DDoS,HOIC
Wednesday-21-02-2018_447.pcap,tcp_99941,tcp,99941,HOIC,Malware,DDoS,HOIC
Wednesday-21-02-2018_447.pcap,tcp_58626,tcp,58626,HOIC,Malware,DDoS,HOIC
Wednesday-21-02-2018_447.pcap,tcp_611553,tcp,611553,HOIC,Malware,DDoS,HOIC
Wednesday-21-02-2018_447.pcap,tcp_114384,tcp,114384,HOIC,Malware,DDoS,HOIC
Wednesday-21-02-2018_447.pcap,tcp_194807,tcp,194807,HOIC,Malware,DDoS,HOIC
Wednesday-21-02-2018_447.pcap,tcp_455661,tcp,455661,HOIC,Malware,DDoS,HOIC
Wednesday-21-02-2018_447.pcap,tcp_316869,tcp,316869,HOIC,Malware,DDoS,HOIC
Wednesday-21-02-2018_447.pcap,tcp_500499,tcp,500499,HOIC,Malware,DDoS,HOIC
Wednesday-21-02-2018_447.pcap,tcp_444795,tcp,444795,HOIC,Malware,DDoS,HOIC
Wednesday-21-02-2018_447.pcap,tcp_96193,tcp,96193,HOIC,Malware,DDoS,HOIC
Wednesday-21-02-2018_447.pcap,tcp_538773,tcp,538773,HOIC,Malware,DDoS,HOIC
Wednesday-21-02-2018_447.pcap,tcp_936475,tcp,936475,HOIC,Malware,DDoS,HOIC
Wednesday-21-02-2018_447.pcap,tcp_14626,tcp,14626,HOIC,Malware,DDoS,HOIC
Wednesday-21-02-2018_447.pcap,tcp_597634,tcp,597634,HOIC,Malware,DDoS,HOIC
Wednesday-21-02-2018_447.pcap,tcp_500337,tcp,500337,HOIC,Malware,DDoS,HOIC
Wednesday-21-02-2018_447.pcap,tcp_861762,tcp,861762,HOIC,Malware,DDoS,HOIC
Wednesday-21-02-2018_447.pcap,tcp_764922,tcp,764922,HOIC,Malware,DDoS,HOIC
Wednesday-21-02-2018_447.pcap,tcp_295094,tcp,295094,HOIC,Malware,DDoS,HOIC
Wednesday-21-02-2018_447.pcap,tcp_375787,tcp,375787,HOIC,Malware,DDoS,HOIC
Wednesday-21-02-2018_447.pcap,tcp_476019,tcp,476019,HOIC,Malware,DDoS,HOIC
Wednesday-21-02-2018_447.pcap,tcp_757223,tcp,757223,HOIC,Malware,DDoS,HOIC
Wednesday-21-02-2018_447.pcap,tcp_881675,tcp,881675,HOIC,Malware,DDoS,HOIC
Wednesday-21-02-2018_447.pcap,tcp_104973,tcp,104973,HOIC,Malware,DDoS,HOIC
Wednesday-21-02-2018_447.pcap,tcp_481793,tcp,481793,HOIC,Malware,DDoS,HOIC
Wednesday-21-02-2018_447.pcap,tcp_519785,tcp,519785,HOIC,Malware,DDoS,HOIC
Wednesday-21-02-2018_447.pcap,tcp_649399,tcp,649399,HOIC,Malware,DDoS,HOIC
Wednesday-21-02-2018_447.pcap,tcp_592279,tcp,592279,HOIC,Malware,DDoS,HOIC
Wednesday-21-02-2018_447.pcap,tcp_1001296,tcp,1001296,HOIC,Malware,DDoS,HOIC
Wednesday-21-02-2018_447.pcap,tcp_844490,tcp,844490,HOIC,Malware,DDoS,HOIC
Wednesday-21-02-2018_447.pcap,tcp_224006,tcp,224006,HOIC,Malware,DDoS,HOIC
Wednesday-21-02-2018_447.pcap,tcp_1023890,tcp,1023890,HOIC,Malware,DDoS,HOIC
Wednesday-21-02-2018_447.pcap,tcp_965396,tcp,965396,HOIC,Malware,DDoS,HOIC
Wednesday-21-02-2018_447.pcap,tcp_892022,tcp,892022,HOIC,Malware,DDoS,HOIC
Wednesday-21-02-2018_447.pcap,tcp_280106,tcp,280106,HOIC,Malware,DDoS,HOIC
Wednesday-21-02-2018_447.pcap,tcp_94369,tcp,94369,HOIC,Malware,DDoS,HOIC
Wednesday-21-02-2018_447.pcap,tcp_874193,tcp,874193,HOIC,Malware,DDoS,HOIC
Wednesday-21-02-2018_447.pcap,tcp_60563,tcp,60563,HOIC,Malware,DDoS,HOIC
Wednesday-21-02-2018_447.pcap,tcp_792381,tcp,792381,HOIC,Malware,DDoS,HOIC
Wednesday-21-02-2018_447.pcap,tcp_736165,tcp,736165,HOIC,Malware,DDoS,HOIC
Wednesday-21-02-2018_447.pcap,tcp_856376,tcp,856376,HOIC,Malware,DDoS,HOIC
Wednesday-21-02-2018_447.pcap,tcp_183913,tcp,183913,HOIC,Malware,DDoS,HOIC
Wednesday-21-02-2018_447.pcap,tcp_20863,tcp,20863,HOIC,Malware,DDoS,HOIC
Wednesday-21-02-2018_447.pcap,tcp_228708,tcp,228708,HOIC,Malware,DDoS,HOIC
Wednesday-21-02-2018_447.pcap,tcp_167892,tcp,167892,HOIC,Malware,DDoS,HOIC
Wednesday-21-02-2018_447.pcap,tcp_307125,tcp,307125,HOIC,Malware,DDoS,HOIC
Wednesday-21-02-2018_447.pcap,tcp_227175,tcp,227175,HOIC,Malware,DDoS,HOIC
Wednesday-21-02-2018_447.pcap,tcp_661346,tcp,661346,HOIC,Malware,DDoS,HOIC
Wednesday-21-02-2018_447.pcap,tcp_505290,tcp,505290,HOIC,Malware,DDoS,HOIC
Wednesday-21-02-2018_447.pcap,tcp_37607,tcp,37607,HOIC,Malware,DDoS,HOIC
Wednesday-21-02-2018_447.pcap,tcp_436531,tcp,436531,HOIC,Malware,DDoS,HOIC
Wednesday-21-02-2018_447.pcap,tcp_97963,tcp,97963,HOIC,Malware,DDoS,HOIC
Wednesday-21-02-2018_447.pcap,tcp_38721,tcp,38721,HOIC,Malware,DDoS,HOIC
Wednesday-21-02-2018_447.pcap,tcp_209387,tcp,209387,HOIC,Malware,DDoS,HOIC
Wednesday-21-02-2018_447.pcap,tcp_211949,tcp,211949,HOIC,Malware,DDoS,HOIC
Wednesday-21-02-2018_447.pcap,tcp_429922,tcp,429922,HOIC,Malware,DDoS,HOIC
Wednesday-21-02-2018_447.pcap,tcp_844278,tcp,844278,HOIC,Malware,DDoS,HOIC
Wednesday-21-02-2018_447.pcap,tcp_1029849,tcp,1029849,HOIC,Malware,DDoS,HOIC
Wednesday-21-02-2018_447.pcap,tcp_837077,tcp,837077,HOIC,Malware,DDoS,HOIC
Wednesday-21-02-2018_447.pcap,tcp_10153,tcp,10153,HOIC,Malware,DDoS,HOIC
Wednesday-21-02-2018_447.pcap,tcp_302182,tcp,302182,HOIC,Malware,DDoS,HOIC
Wednesday-21-02-2018_447.pcap,tcp_808587,tcp,808587,HOIC,Malware,DDoS,HOIC
Wednesday-21-02-2018_447.pcap,tcp_1015943,tcp,1015943,HOIC,Malware,DDoS,HOIC
Wednesday-21-02-2018_447.pcap,tcp_477144,tcp,477144,HOIC,Malware,DDoS,HOIC
Wednesday-21-02-2018_447.pcap,tcp_576617,tcp,576617,HOIC,Malware,DDoS,HOIC
Wednesday-21-02-2018_447.pcap,tcp_124380,tcp,124380,HOIC,Malware,DDoS,HOIC
Wednesday-21-02-2018_447.pcap,tcp_402219,tcp,402219,HOIC,Malware,DDoS,HOIC
Wednesday-21-02-2018_447.pcap,tcp_725620,tcp,725620,HOIC,Malware,DDoS,HOIC
Wednesday-21-02-2018_447.pcap,tcp_68718,tcp,68718,HOIC,Malware,DDoS,HOIC
Wednesday-21-02-2018_447.pcap,tcp_890457,tcp,890457,HOIC,Malware,DDoS,HOIC
Wednesday-21-02-2018_447.pcap,tcp_902948,tcp,902948,HOIC,Malware,DDoS,HOIC
Wednesday-21-02-2018_447.pcap,tcp_127174,tcp,127174,HOIC,Malware,DDoS,HOIC
Wednesday-21-02-2018_447.pcap,tcp_135267,tcp,135267,HOIC,Malware,DDoS,HOIC
Wednesday-21-02-2018_447.pcap,tcp_79886,tcp,79886,HOIC,Malware,DDoS,HOIC
Wednesday-21-02-2018_447.pcap,tcp_206176,tcp,206176,HOIC,Malware,DDoS,HOIC
Wednesday-21-02-2018_447.pcap,tcp_1015213,tcp,1015213,HOIC,Malware,DDoS,HOIC
Wednesday-21-02-2018_447.pcap,tcp_669163,tcp,669163,HOIC,Malware,DDoS,HOIC
Wednesday-21-02-2018_447.pcap,tcp_469392,tcp,469392,HOIC,Malware,DDoS,HOIC
Wednesday-21-02-2018_447.pcap,tcp_954643,tcp,954643,HOIC,Malware,DDoS,HOIC
Wednesday-21-02-2018_447.pcap,tcp_685251,tcp,685251,HOIC,Malware,DDoS,HOIC
Wednesday-21-02-2018_447.pcap,tcp_807075,tcp,807075,HOIC,Malware,DDoS,HOIC
Wednesday-21-02-2018_447.pcap,tcp_775044,tcp,775044,HOIC,Malware,DDoS,HOIC
Wednesday-21-02-2018_447.pcap,tcp_1036117,tcp,1036117,HOIC,Malware,DDoS,HOIC
Wednesday-21-02-2018_447.pcap,tcp_502130,tcp,502130,HOIC,Malware,DDoS,HOIC
Wednesday-21-02-2018_447.pcap,tcp_799184,tcp,799184,HOIC,Malware,DDoS,HOIC
Wednesday-21-02-2018_447.pcap,tcp_1044721,tcp,1044721,HOIC,Malware,DDoS,HOIC
Wednesday-21-02-2018_447.pcap,tcp_872430,tcp,872430,HOIC,Malware,DDoS,HOIC
Wednesday-21-02-2018_447.pcap,tcp_433908,tcp,433908,HOIC,Malware,DDoS,HOIC
Wednesday-21-02-2018_447.pcap,tcp_871593,tcp,871593,HOIC,Malware,DDoS,HOIC
Wednesday-21-02-2018_447.pcap,tcp_136263,tcp,136263,HOIC,Malware,DDoS,HOIC
Wednesday-21-02-2018_447.pcap,tcp_920537,tcp,920537,HOIC,Malware,DDoS,HOIC
Wednesday-21-02-2018_447.pcap,tcp_404533,tcp,404533,HOIC,Malware,DDoS,HOIC
Wednesday-21-02-2018_447.pcap,tcp_462596,tcp,462596,HOIC,Malware,DDoS,HOIC
Wednesday-21-02-2018_447.pcap,tcp_982397,tcp,982397,HOIC,Malware,DDoS,HOIC
Wednesday-21-02-2018_447.pcap,tcp_809,tcp,809,HOIC,Malware,DDoS,HOIC
Wednesday-21-02-2018_447.pcap,tcp_347205,tcp,347205,HOIC,Malware,DDoS,HOIC
Wednesday-21-02-2018_447.pcap,tcp_43819,tcp,43819,HOIC,Malware,DDoS,HOIC
Wednesday-21-02-2018_447.pcap,tcp_819891,tcp,819891,HOIC,Malware,DDoS,HOIC
Wednesday-21-02-2018_447.pcap,tcp_899111,tcp,899111,HOIC,Malware,DDoS,HOIC
Wednesday-21-02-2018_447.pcap,tcp_374941,tcp,374941,HOIC,Malware,DDoS,HOIC
Wednesday-21-02-2018_447.pcap,tcp_253949,tcp,253949,HOIC,Malware,DDoS,HOIC
Wednesday-21-02-2018_447.pcap,tcp_448943,tcp,448943,HOIC,Malware,DDoS,HOIC
Wednesday-21-02-2018_447.pcap,tcp_502472,tcp,502472,HOIC,Malware,DDoS,HOIC
Wednesday-21-02-2018_447.pcap,tcp_1040810,tcp,1040810,HOIC,Malware,DDoS,HOIC
Wednesday-21-02-2018_447.pcap,tcp_106989,tcp,106989,HOIC,Malware,DDoS,HOIC
Wednesday-21-02-2018_447.pcap,tcp_445302,tcp,445302,HOIC,Malware,DDoS,HOIC
Wednesday-21-02-2018_447.pcap,tcp_297611,tcp,297611,HOIC,Malware,DDoS,HOIC
Wednesday-21-02-2018_447.pcap,tcp_820334,tcp,820334,HOIC,Malware,DDoS,HOIC
Wednesday-21-02-2018_447.pcap,tcp_323707,tcp,323707,HOIC,Malware,DDoS,HOIC
Wednesday-21-02-2018_447.pcap,tcp_68797,tcp,68797,HOIC,Malware,DDoS,HOIC
Wednesday-21-02-2018_447.pcap,tcp_973880,tcp,973880,HOIC,Malware,DDoS,HOIC
Wednesday-21-02-2018_447.pcap,tcp_845588,tcp,845588,HOIC,Malware,DDoS,HOIC
Wednesday-21-02-2018_447.pcap,tcp_1058038,tcp,1058038,HOIC,Malware,DDoS,HOIC
Wednesday-21-02-2018_447.pcap,tcp_322862,tcp,322862,HOIC,Malware,DDoS,HOIC
Wednesday-21-02-2018_447.pcap,tcp_431271,tcp,431271,HOIC,Malware,DDoS,HOIC
Wednesday-21-02-2018_447.pcap,tcp_135818,tcp,135818,HOIC,Malware,DDoS,HOIC
Wednesday-21-02-2018_447.pcap,tcp_498507,tcp,498507,HOIC,Malware,DDoS,HOIC
Wednesday-21-02-2018_447.pcap,tcp_356117,tcp,356117,HOIC,Malware,DDoS,HOIC
Wednesday-21-02-2018_447.pcap,tcp_570186,tcp,570186,HOIC,Malware,DDoS,HOIC
Wednesday-21-02-2018_447.pcap,tcp_912960,tcp,912960,HOIC,Malware,DDoS,HOIC
Wednesday-21-02-2018_447.pcap,tcp_1020383,tcp,1020383,HOIC,Malware,DDoS,HOIC
Wednesday-21-02-2018_447.pcap,tcp_247402,tcp,247402,HOIC,Malware,DDoS,HOIC
Wednesday-21-02-2018_447.pcap,tcp_669099,tcp,669099,HOIC,Malware,DDoS,HOIC
Wednesday-21-02-2018_447.pcap,tcp_491353,tcp,491353,HOIC,Malware,DDoS,HOIC
Wednesday-21-02-2018_447.pcap,tcp_830553,tcp,830553,HOIC,Malware,DDoS,HOIC
Wednesday-21-02-2018_447.pcap,tcp_948883,tcp,948883,HOIC,Malware,DDoS,HOIC
Wednesday-21-02-2018_447.pcap,tcp_843463,tcp,843463,HOIC,Malware,DDoS,HOIC
Wednesday-21-02-2018_447.pcap,tcp_222904,tcp,222904,HOIC,Malware,DDoS,HOIC
Wednesday-21-02-2018_447.pcap,tcp_386675,tcp,386675,HOIC,Malware,DDoS,HOIC
Wednesday-21-02-2018_447.pcap,tcp_105185,tcp,105185,HOIC,Malware,DDoS,HOIC
Wednesday-21-02-2018_447.pcap,tcp_841215,tcp,841215,HOIC,Malware,DDoS,HOIC
Wednesday-21-02-2018_447.pcap,tcp_773573,tcp,773573,HOIC,Malware,DDoS,HOIC
Wednesday-21-02-2018_447.pcap,tcp_576395,tcp,576395,HOIC,Malware,DDoS,HOIC
Wednesday-21-02-2018_447.pcap,tcp_62643,tcp,62643,HOIC,Malware,DDoS,HOIC
Wednesday-21-02-2018_447.pcap,tcp_915937,tcp,915937,HOIC,Malware,DDoS,HOIC
Wednesday-21-02-2018_447.pcap,tcp_1066433,tcp,1066433,HOIC,Malware,DDoS,HOIC
Wednesday-21-02-2018_447.pcap,tcp_426559,tcp,426559,HOIC,Malware,DDoS,HOIC
Wednesday-21-02-2018_447.pcap,tcp_972803,tcp,972803,HOIC,Malware,DDoS,HOIC
Wednesday-21-02-2018_447.pcap,tcp_74371,tcp,74371,HOIC,Malware,DDoS,HOIC
Wednesday-21-02-2018_447.pcap,tcp_102232,tcp,102232,HOIC,Malware,DDoS,HOIC
Wednesday-21-02-2018_447.pcap,tcp_798889,tcp,798889,HOIC,Malware,DDoS,HOIC
Wednesday-21-02-2018_447.pcap,tcp_739023,tcp,739023,HOIC,Malware,DDoS,HOIC
Wednesday-21-02-2018_447.pcap,tcp_842508,tcp,842508,HOIC,Malware,DDoS,HOIC
Wednesday-21-02-2018_447.pcap,tcp_122249,tcp,122249,HOIC,Malware,DDoS,HOIC
Wednesday-21-02-2018_447.pcap,tcp_501552,tcp,501552,HOIC,Malware,DDoS,HOIC
Wednesday-21-02-2018_447.pcap,tcp_348692,tcp,348692,HOIC,Malware,DDoS,HOIC
Wednesday-21-02-2018_447.pcap,tcp_969104,tcp,969104,HOIC,Malware,DDoS,HOIC
Wednesday-21-02-2018_447.pcap,tcp_498404,tcp,498404,HOIC,Malware,DDoS,HOIC
Wednesday-21-02-2018_447.pcap,tcp_680261,tcp,680261,HOIC,Malware,DDoS,HOIC
Wednesday-21-02-2018_447.pcap,tcp_591661,tcp,591661,HOIC,Malware,DDoS,HOIC
Wednesday-21-02-2018_447.pcap,tcp_999861,tcp,999861,HOIC,Malware,DDoS,HOIC
Wednesday-21-02-2018_447.pcap,tcp_817380,tcp,817380,HOIC,Malware,DDoS,HOIC
Wednesday-21-02-2018_447.pcap,tcp_77076,tcp,77076,HOIC,Malware,DDoS,HOIC
Wednesday-21-02-2018_447.pcap,tcp_302835,tcp,302835,HOIC,Malware,DDoS,HOIC
Wednesday-21-02-2018_447.pcap,tcp_317436,tcp,317436,HOIC,Malware,DDoS,HOIC
Wednesday-21-02-2018_447.pcap,tcp_1060742,tcp,1060742,HOIC,Malware,DDoS,HOIC
Wednesday-21-02-2018_447.pcap,tcp_905426,tcp,905426,HOIC,Malware,DDoS,HOIC
Wednesday-21-02-2018_447.pcap,tcp_588170,tcp,588170,HOIC,Malware,DDoS,HOIC
Wednesday-21-02-2018_447.pcap,tcp_744032,tcp,744032,HOIC,Malware,DDoS,HOIC
Wednesday-21-02-2018_447.pcap,tcp_473736,tcp,473736,HOIC,Malware,DDoS,HOIC
Wednesday-21-02-2018_447.pcap,tcp_937272,tcp,937272,HOIC,Malware,DDoS,HOIC
Wednesday-21-02-2018_447.pcap,tcp_710721,tcp,710721,HOIC,Malware,DDoS,HOIC
Wednesday-21-02-2018_447.pcap,tcp_257372,tcp,257372,HOIC,Malware,DDoS,HOIC
Wednesday-21-02-2018_447.pcap,tcp_616451,tcp,616451,HOIC,Malware,DDoS,HOIC
Wednesday-21-02-2018_447.pcap,tcp_7786,tcp,7786,HOIC,Malware,DDoS,HOIC
Wednesday-21-02-2018_447.pcap,tcp_551303,tcp,551303,HOIC,Malware,DDoS,HOIC
Wednesday-21-02-2018_447.pcap,tcp_116599,tcp,116599,HOIC,Malware,DDoS,HOIC
Wednesday-21-02-2018_447.pcap,tcp_429492,tcp,429492,HOIC,Malware,DDoS,HOIC
Wednesday-21-02-2018_447.pcap,tcp_631840,tcp,631840,HOIC,Malware,DDoS,HOIC
Wednesday-21-02-2018_447.pcap,tcp_330552,tcp,330552,HOIC,Malware,DDoS,HOIC
Wednesday-21-02-2018_447.pcap,tcp_1031343,tcp,1031343,HOIC,Malware,DDoS,HOIC
Wednesday-21-02-2018_447.pcap,tcp_841120,tcp,841120,HOIC,Malware,DDoS,HOIC
Wednesday-21-02-2018_447.pcap,tcp_492853,tcp,492853,HOIC,Malware,DDoS,HOIC
Wednesday-21-02-2018_447.pcap,tcp_245474,tcp,245474,HOIC,Malware,DDoS,HOIC
Wednesday-21-02-2018_447.pcap,tcp_612416,tcp,612416,HOIC,Malware,DDoS,HOIC
Wednesday-21-02-2018_447.pcap,tcp_704160,tcp,704160,HOIC,Malware,DDoS,HOIC
Wednesday-21-02-2018_447.pcap,tcp_68497,tcp,68497,HOIC,Malware,DDoS,HOIC
Wednesday-21-02-2018_447.pcap,tcp_797211,tcp,797211,HOIC,Malware,DDoS,HOIC
Wednesday-21-02-2018_447.pcap,tcp_1028300,tcp,1028300,HOIC,Malware,DDoS,HOIC
Wednesday-21-02-2018_447.pcap,tcp_805846,tcp,805846,HOIC,Malware,DDoS,HOIC
Wednesday-21-02-2018_447.pcap,tcp_769338,tcp,769338,HOIC,Malware,DDoS,HOIC
Wednesday-21-02-2018_447.pcap,tcp_712610,tcp,712610,HOIC,Malware,DDoS,HOIC
Wednesday-21-02-2018_447.pcap,tcp_307552,tcp,307552,HOIC,Malware,DDoS,HOIC
Wednesday-21-02-2018_447.pcap,tcp_930908,tcp,930908,HOIC,Malware,DDoS,HOIC
Wednesday-21-02-2018_447.pcap,tcp_166867,tcp,166867,HOIC,Malware,DDoS,HOIC
Wednesday-21-02-2018_447.pcap,tcp_1007141,tcp,1007141,HOIC,Malware,DDoS,HOIC
Wednesday-21-02-2018_447.pcap,tcp_479218,tcp,479218,HOIC,Malware,DDoS,HOIC
Wednesday-21-02-2018_447.pcap,tcp_512560,tcp,512560,HOIC,Malware,DDoS,HOIC
Wednesday-21-02-2018_447.pcap,tcp_758450,tcp,758450,HOIC,Malware,DDoS,HOIC
Wednesday-21-02-2018_447.pcap,tcp_836032,tcp,836032,HOIC,Malware,DDoS,HOIC
Wednesday-21-02-2018_447.pcap,tcp_101179,tcp,101179,HOIC,Malware,DDoS,HOIC
Wednesday-21-02-2018_447.pcap,tcp_269674,tcp,269674,HOIC,Malware,DDoS,HOIC
Wednesday-21-02-2018_447.pcap,tcp_618486,tcp,618486,HOIC,Malware,DDoS,HOIC
Wednesday-21-02-2018_447.pcap,tcp_691410,tcp,691410,HOIC,Malware,DDoS,HOIC
Wednesday-21-02-2018_447.pcap,tcp_569079,tcp,569079,HOIC,Malware,DDoS,HOIC
Wednesday-21-02-2018_447.pcap,tcp_948016,tcp,948016,HOIC,Malware,DDoS,HOIC
Wednesday-21-02-2018_447.pcap,tcp_1040590,tcp,1040590,HOIC,Malware,DDoS,HOIC
Wednesday-21-02-2018_447.pcap,tcp_89546,tcp,89546,HOIC,Malware,DDoS,HOIC
Wednesday-21-02-2018_447.pcap,tcp_1031945,tcp,1031945,HOIC,Malware,DDoS,HOIC
Wednesday-21-02-2018_447.pcap,tcp_642306,tcp,642306,HOIC,Malware,DDoS,HOIC
Wednesday-21-02-2018_447.pcap,tcp_713443,tcp,713443,HOIC,Malware,DDoS,HOIC
Wednesday-21-02-2018_447.pcap,tcp_103020,tcp,103020,HOIC,Malware,DDoS,HOIC
Wednesday-21-02-2018_447.pcap,tcp_56895,tcp,56895,HOIC,Malware,DDoS,HOIC
Wednesday-21-02-2018_447.pcap,tcp_27238,tcp,27238,HOIC,Malware,DDoS,HOIC
Wednesday-21-02-2018_447.pcap,tcp_990815,tcp,990815,HOIC,Malware,DDoS,HOIC
Wednesday-21-02-2018_447.pcap,tcp_127540,tcp,127540,HOIC,Malware,DDoS,HOIC
Wednesday-21-02-2018_447.pcap,tcp_266405,tcp,266405,HOIC,Malware,DDoS,HOIC
Wednesday-21-02-2018_447.pcap,tcp_315878,tcp,315878,HOIC,Malware,DDoS,HOIC
Wednesday-21-02-2018_447.pcap,tcp_640325,tcp,640325,HOIC,Malware,DDoS,HOIC
Wednesday-21-02-2018_447.pcap,tcp_611995,tcp,611995,HOIC,Malware,DDoS,HOIC
Wednesday-21-02-2018_447.pcap,tcp_745619,tcp,745619,HOIC,Malware,DDoS,HOIC
Wednesday-21-02-2018_447.pcap,tcp_229785,tcp,229785,HOIC,Malware,DDoS,HOIC
Wednesday-21-02-2018_447.pcap,tcp_304822,tcp,304822,HOIC,Malware,DDoS,HOIC
Wednesday-21-02-2018_447.pcap,tcp_428067,tcp,428067,HOIC,Malware,DDoS,HOIC
Wednesday-21-02-2018_447.pcap,tcp_26831,tcp,26831,HOIC,Malware,DDoS,HOIC
Wednesday-21-02-2018_447.pcap,tcp_148954,tcp,148954,HOIC,Malware,DDoS,HOIC
Wednesday-21-02-2018_447.pcap,tcp_336576,tcp,336576,HOIC,Malware,DDoS,HOIC
Wednesday-21-02-2018_447.pcap,tcp_886666,tcp,886666,HOIC,Malware,DDoS,HOIC
Wednesday-21-02-2018_447.pcap,tcp_509554,tcp,509554,HOIC,Malware,DDoS,HOIC
Wednesday-21-02-2018_447.pcap,tcp_433372,tcp,433372,HOIC,Malware,DDoS,HOIC
Wednesday-21-02-2018_447.pcap,tcp_831511,tcp,831511,HOIC,Malware,DDoS,HOIC
Wednesday-21-02-2018_447.pcap,tcp_1054789,tcp,1054789,HOIC,Malware,DDoS,HOIC
Wednesday-21-02-2018_447.pcap,tcp_957389,tcp,957389,HOIC,Malware,DDoS,HOIC
Wednesday-21-02-2018_447.pcap,tcp_21775,tcp,21775,HOIC,Malware,DDoS,HOIC
Wednesday-21-02-2018_447.pcap,tcp_912377,tcp,912377,HOIC,Malware,DDoS,HOIC
Wednesday-21-02-2018_447.pcap,tcp_642939,tcp,642939,HOIC,Malware,DDoS,HOIC
Wednesday-21-02-2018_447.pcap,tcp_287750,tcp,287750,HOIC,Malware,DDoS,HOIC
Wednesday-21-02-2018_447.pcap,tcp_861809,tcp,861809,HOIC,Malware,DDoS,HOIC
Wednesday-21-02-2018_447.pcap,tcp_699680,tcp,699680,HOIC,Malware,DDoS,HOIC
Wednesday-21-02-2018_447.pcap,tcp_1048143,tcp,1048143,HOIC,Malware,DDoS,HOIC
Wednesday-21-02-2018_447.pcap,tcp_842498,tcp,842498,HOIC,Malware,DDoS,HOIC
Wednesday-21-02-2018_447.pcap,tcp_582475,tcp,582475,HOIC,Malware,DDoS,HOIC
Wednesday-21-02-2018_447.pcap,tcp_118150,tcp,118150,HOIC,Malware,DDoS,HOIC
Wednesday-21-02-2018_447.pcap,tcp_934824,tcp,934824,HOIC,Malware,DDoS,HOIC
Wednesday-21-02-2018_447.pcap,tcp_478992,tcp,478992,HOIC,Malware,DDoS,HOIC
Wednesday-21-02-2018_447.pcap,tcp_32306,tcp,32306,HOIC,Malware,DDoS,HOIC
Wednesday-21-02-2018_447.pcap,tcp_214459,tcp,214459,HOIC,Malware,DDoS,HOIC
Wednesday-21-02-2018_447.pcap,tcp_692689,tcp,692689,HOIC,Malware,DDoS,HOIC
Wednesday-21-02-2018_447.pcap,tcp_647219,tcp,647219,HOIC,Malware,DDoS,HOIC
Wednesday-21-02-2018_447.pcap,tcp_290016,tcp,290016,HOIC,Malware,DDoS,HOIC
Wednesday-21-02-2018_447.pcap,tcp_525823,tcp,525823,HOIC,Malware,DDoS,HOIC
Wednesday-21-02-2018_447.pcap,tcp_86902,tcp,86902,HOIC,Malware,DDoS,HOIC
Wednesday-21-02-2018_447.pcap,tcp_622805,tcp,622805,HOIC,Malware,DDoS,HOIC
Wednesday-21-02-2018_447.pcap,tcp_411054,tcp,411054,HOIC,Malware,DDoS,HOIC
Wednesday-21-02-2018_447.pcap,tcp_166990,tcp,166990,HOIC,Malware,DDoS,HOIC
Wednesday-21-02-2018_447.pcap,tcp_248190,tcp,248190,HOIC,Malware,DDoS,HOIC
Wednesday-21-02-2018_447.pcap,tcp_231726,tcp,231726,HOIC,Malware,DDoS,HOIC
Wednesday-21-02-2018_447.pcap,tcp_1066253,tcp,1066253,HOIC,Malware,DDoS,HOIC
Wednesday-21-02-2018_447.pcap,tcp_247366,tcp,247366,HOIC,Malware,DDoS,HOIC
Wednesday-21-02-2018_447.pcap,tcp_932100,tcp,932100,HOIC,Malware,DDoS,HOIC
Wednesday-21-02-2018_447.pcap,tcp_616671,tcp,616671,HOIC,Malware,DDoS,HOIC
Wednesday-21-02-2018_447.pcap,tcp_948942,tcp,948942,HOIC,Malware,DDoS,HOIC
Wednesday-21-02-2018_447.pcap,tcp_975774,tcp,975774,HOIC,Malware,DDoS,HOIC
Wednesday-21-02-2018_447.pcap,tcp_797661,tcp,797661,HOIC,Malware,DDoS,HOIC
Wednesday-21-02-2018_447.pcap,tcp_707078,tcp,707078,HOIC,Malware,DDoS,HOIC
Wednesday-21-02-2018_447.pcap,tcp_893404,tcp,893404,HOIC,Malware,DDoS,HOIC
Wednesday-21-02-2018_447.pcap,tcp_1005952,tcp,1005952,HOIC,Malware,DDoS,HOIC
Wednesday-21-02-2018_447.pcap,tcp_369351,tcp,369351,HOIC,Malware,DDoS,HOIC
Wednesday-21-02-2018_447.pcap,tcp_776483,tcp,776483,HOIC,Malware,DDoS,HOIC
Wednesday-21-02-2018_447.pcap,tcp_643985,tcp,643985,HOIC,Malware,DDoS,HOIC
Wednesday-21-02-2018_447.pcap,tcp_269831,tcp,269831,HOIC,Malware,DDoS,HOIC
Wednesday-21-02-2018_447.pcap,tcp_932778,tcp,932778,HOIC,Malware,DDoS,HOIC
Wednesday-21-02-2018_447.pcap,tcp_342442,tcp,342442,HOIC,Malware,DDoS,HOIC
Wednesday-21-02-2018_447.pcap,tcp_487105,tcp,487105,HOIC,Malware,DDoS,HOIC
Wednesday-21-02-2018_447.pcap,tcp_549370,tcp,549370,HOIC,Malware,DDoS,HOIC
Wednesday-21-02-2018_447.pcap,tcp_722328,tcp,722328,HOIC,Malware,DDoS,HOIC
Wednesday-21-02-2018_447.pcap,tcp_580843,tcp,580843,HOIC,Malware,DDoS,HOIC
Wednesday-21-02-2018_447.pcap,tcp_323570,tcp,323570,HOIC,Malware,DDoS,HOIC
Wednesday-21-02-2018_447.pcap,tcp_278637,tcp,278637,HOIC,Malware,DDoS,HOIC
Wednesday-21-02-2018_447.pcap,tcp_854483,tcp,854483,HOIC,Malware,DDoS,HOIC
Wednesday-21-02-2018_447.pcap,tcp_983321,tcp,983321,HOIC,Malware,DDoS,HOIC
Wednesday-21-02-2018_447.pcap,tcp_419052,tcp,419052,HOIC,Malware,DDoS,HOIC
Wednesday-21-02-2018_447.pcap,tcp_594704,tcp,594704,HOIC,Malware,DDoS,HOIC
Wednesday-21-02-2018_447.pcap,tcp_935130,tcp,935130,HOIC,Malware,DDoS,HOIC
Wednesday-21-02-2018_447.pcap,tcp_323319,tcp,323319,HOIC,Malware,DDoS,HOIC
Wednesday-21-02-2018_447.pcap,tcp_878174,tcp,878174,HOIC,Malware,DDoS,HOIC
Wednesday-21-02-2018_447.pcap,tcp_6963,tcp,6963,HOIC,Malware,DDoS,HOIC
Wednesday-21-02-2018_447.pcap,tcp_878130,tcp,878130,HOIC,Malware,DDoS,HOIC
Wednesday-21-02-2018_447.pcap,tcp_563446,tcp,563446,HOIC,Malware,DDoS,HOIC
Wednesday-21-02-2018_447.pcap,tcp_452921,tcp,452921,HOIC,Malware,DDoS,HOIC
Wednesday-21-02-2018_447.pcap,tcp_565652,tcp,565652,HOIC,Malware,DDoS,HOIC
Wednesday-21-02-2018_447.pcap,tcp_40815,tcp,40815,HOIC,Malware,DDoS,HOIC
Wednesday-21-02-2018_447.pcap,tcp_129842,tcp,129842,HOIC,Malware,DDoS,HOIC
Wednesday-21-02-2018_447.pcap,tcp_986989,tcp,986989,HOIC,Malware,DDoS,HOIC
Wednesday-21-02-2018_447.pcap,tcp_316787,tcp,316787,HOIC,Malware,DDoS,HOIC
Wednesday-21-02-2018_447.pcap,tcp_239992,tcp,239992,HOIC,Malware,DDoS,HOIC
Friday-02-03-2018_272.pcap,tcp_6563,tcp,6563,Bot,Malware,Bot,Bot
Friday-02-03-2018_284.pcap,tcp_14457,tcp,14457,Bot,Malware,Bot,Bot
Friday-02-03-2018_281.pcap,tcp_15959,tcp,15959,Bot,Malware,Bot,Bot
Friday-02-03-2018_281.pcap,tcp_4066,tcp,4066,Bot,Malware,Bot,Bot
Friday-02-03-2018_279.pcap,tcp_2317,tcp,2317,Bot,Malware,Bot,Bot
Friday-02-03-2018_281.pcap,tcp_4344,tcp,4344,Bot,Malware,Bot,Bot
Friday-02-03-2018_275.pcap,tcp_17073,tcp,17073,Bot,Malware,Bot,Bot
Friday-02-03-2018_275.pcap,tcp_15077,tcp,15077,Bot,Malware,Bot,Bot
Friday-02-03-2018_281.pcap,tcp_2733,tcp,2733,Bot,Malware,Bot,Bot
Friday-02-03-2018_277.pcap,tcp_5288,tcp,5288,Bot,Malware,Bot,Bot
Friday-02-03-2018_279.pcap,tcp_6239,tcp,6239,Bot,Malware,Bot,Bot
Friday-02-03-2018_270.pcap,tcp_4890,tcp,4890,Bot,Malware,Bot,Bot
Friday-02-03-2018_275.pcap,tcp_16164,tcp,16164,Bot,Malware,Bot,Bot
Friday-02-03-2018_283.pcap,tcp_13847,tcp,13847,Bot,Malware,Bot,Bot
Friday-02-03-2018_279.pcap,tcp_13908,tcp,13908,Bot,Malware,Bot,Bot
Friday-02-03-2018_279.pcap,tcp_16644,tcp,16644,Bot,Malware,Bot,Bot
Friday-02-03-2018_277.pcap,tcp_1977,tcp,1977,Bot,Malware,Bot,Bot
Friday-02-03-2018_270.pcap,tcp_5705,tcp,5705,Bot,Malware,Bot,Bot
Friday-02-03-2018_279.pcap,tcp_4588,tcp,4588,Bot,Malware,Bot,Bot
Friday-02-03-2018_283.pcap,tcp_17057,tcp,17057,Bot,Malware,Bot,Bot
Friday-02-03-2018_281.pcap,tcp_2717,tcp,2717,Bot,Malware,Bot,Bot
Friday-02-03-2018_279.pcap,tcp_6764,tcp,6764,Bot,Malware,Bot,Bot
Friday-02-03-2018_279.pcap,tcp_6468,tcp,6468,Bot,Malware,Bot,Bot
Friday-02-03-2018_277.pcap,tcp_11971,tcp,11971,Bot,Malware,Bot,Bot
Friday-02-03-2018_270.pcap,tcp_16806,tcp,16806,Bot,Malware,Bot,Bot
Friday-02-03-2018_281.pcap,tcp_12391,tcp,12391,Bot,Malware,Bot,Bot
Friday-02-03-2018_269.pcap,tcp_21251,tcp,21251,Bot,Malware,Bot,Bot
Friday-02-03-2018_269.pcap,tcp_18992,tcp,18992,Bot,Malware,Bot,Bot
Friday-02-03-2018_281.pcap,tcp_273,tcp,273,Bot,Malware,Bot,Bot
Friday-02-03-2018_270.pcap,tcp_16114,tcp,16114,Bot,Malware,Bot,Bot
Friday-02-03-2018_273.pcap,tcp_2039,tcp,2039,Bot,Malware,Bot,Bot
Friday-02-03-2018_284.pcap,tcp_19221,tcp,19221,Bot,Malware,Bot,Bot
Friday-02-03-2018_284.pcap,tcp_6588,tcp,6588,Bot,Malware,Bot,Bot
Friday-02-03-2018_277.pcap,tcp_3735,tcp,3735,Bot,Malware,Bot,Bot
Friday-02-03-2018_281.pcap,tcp_1059,tcp,1059,Bot,Malware,Bot,Bot
Friday-02-03-2018_270.pcap,tcp_5835,tcp,5835,Bot,Malware,Bot,Bot
Friday-02-03-2018_269.pcap,tcp_7113,tcp,7113,Bot,Malware,Bot,Bot
Friday-02-03-2018_281.pcap,tcp_16164,tcp,16164,Bot,Malware,Bot,Bot
Friday-02-03-2018_284.pcap,tcp_5835,tcp,5835,Bot,Malware,Bot,Bot
Friday-02-03-2018_272.pcap,tcp_5784,tcp,5784,Bot,Malware,Bot,Bot
Friday-02-03-2018_281.pcap,tcp_16073,tcp,16073,Bot,Malware,Bot,Bot
Friday-02-03-2018_269.pcap,tcp_19809,tcp,19809,Bot,Malware,Bot,Bot
Friday-02-03-2018_283.pcap,tcp_2816,tcp,2816,Bot,Malware,Bot,Bot
Friday-02-03-2018_279.pcap,tcp_16526,tcp,16526,Bot,Malware,Bot,Bot
Friday-02-03-2018_281.pcap,tcp_14739,tcp,14739,Bot,Malware,Bot,Bot
Friday-02-03-2018_269.pcap,tcp_15678,tcp,15678,Bot,Malware,Bot,Bot
Friday-02-03-2018_269.pcap,tcp_5228,tcp,5228,Bot,Malware,Bot,Bot
Friday-02-03-2018_269.pcap,tcp_3203,tcp,3203,Bot,Malware,Bot,Bot
Friday-02-03-2018_273.pcap,tcp_1453,tcp,1453,Bot,Malware,Bot,Bot
Friday-02-03-2018_277.pcap,tcp_2709,tcp,2709,Bot,Malware,Bot,Bot
Friday-02-03-2018_270.pcap,tcp_17091,tcp,17091,Bot,Malware,Bot,Bot
Friday-02-03-2018_279.pcap,tcp_16536,tcp,16536,Bot,Malware,Bot,Bot
Friday-02-03-2018_275.pcap,tcp_13076,tcp,13076,Bot,Malware,Bot,Bot
Friday-02-03-2018_277.pcap,tcp_2425,tcp,2425,Bot,Malware,Bot,Bot
Friday-02-03-2018_269.pcap,tcp_19685,tcp,19685,Bot,Malware,Bot,Bot
Friday-02-03-2018_283.pcap,tcp_5281,tcp,5281,Bot,Malware,Bot,Bot
Friday-02-03-2018_281.pcap,tcp_14452,tcp,14452,Bot,Malware,Bot,Bot
Friday-02-03-2018_270.pcap,tcp_15433,tcp,15433,Bot,Malware,Bot,Bot
Friday-02-03-2018_277.pcap,tcp_17357,tcp,17357,Bot,Malware,Bot,Bot
Friday-02-03-2018_277.pcap,tcp_15174,tcp,15174,Bot,Malware,Bot,Bot
Friday-02-03-2018_277.pcap,tcp_15752,tcp,15752,Bot,Malware,Bot,Bot
Friday-02-03-2018_270.pcap,tcp_16835,tcp,16835,Bot,Malware,Bot,Bot
Friday-02-03-2018_281.pcap,tcp_4322,tcp,4322,Bot,Malware,Bot,Bot
Friday-02-03-2018_279.pcap,tcp_3272,tcp,3272,Bot,Malware,Bot,Bot
Friday-02-03-2018_279.pcap,tcp_16774,tcp,16774,Bot,Malware,Bot,Bot
Friday-02-03-2018_272.pcap,tcp_17433,tcp,17433,Bot,Malware,Bot,Bot
Friday-02-03-2018_270.pcap,tcp_13529,tcp,13529,Bot,Malware,Bot,Bot
Friday-02-03-2018_277.pcap,tcp_16199,tcp,16199,Bot,Malware,Bot,Bot
Friday-02-03-2018_275.pcap,tcp_1815,tcp,1815,Bot,Malware,Bot,Bot
Friday-02-03-2018_279.pcap,tcp_3730,tcp,3730,Bot,Malware,Bot,Bot
Friday-02-03-2018_279.pcap,tcp_2903,tcp,2903,Bot,Malware,Bot,Bot
Friday-02-03-2018_283.pcap,tcp_5154,tcp,5154,Bot,Malware,Bot,Bot
Friday-02-03-2018_281.pcap,tcp_13194,tcp,13194,Bot,Malware,Bot,Bot
Friday-02-03-2018_275.pcap,tcp_14388,tcp,14388,Bot,Malware,Bot,Bot
Friday-02-03-2018_277.pcap,tcp_14419,tcp,14419,Bot,Malware,Bot,Bot
Friday-02-03-2018_283.pcap,tcp_5178,tcp,5178,Bot,Malware,Bot,Bot
Friday-02-03-2018_269.pcap,tcp_5308,tcp,5308,Bot,Malware,Bot,Bot
Friday-02-03-2018_284.pcap,tcp_6164,tcp,6164,Bot,Malware,Bot,Bot
Friday-02-03-2018_269.pcap,tcp_17681,tcp,17681,Bot,Malware,Bot,Bot
Friday-02-03-2018_273.pcap,tcp_4942,tcp,4942,Bot,Malware,Bot,Bot
Friday-02-03-2018_279.pcap,tcp_19518,tcp,19518,Bot,Malware,Bot,Bot
Friday-02-03-2018_277.pcap,tcp_17057,tcp,17057,Bot,Malware,Bot,Bot
Friday-02-03-2018_270.pcap,tcp_15150,tcp,15150,Bot,Malware,Bot,Bot
Friday-02-03-2018_281.pcap,tcp_16188,tcp,16188,Bot,Malware,Bot,Bot
Friday-02-03-2018_272.pcap,tcp_5031,tcp,5031,Bot,Malware,Bot,Bot
Friday-02-03-2018_284.pcap,tcp_17099,tcp,17099,Bot,Malware,Bot,Bot
Friday-02-03-2018_283.pcap,tcp_3394,tcp,3394,Bot,Malware,Bot,Bot
Friday-02-03-2018_275.pcap,tcp_4125,tcp,4125,Bot,Malware,Bot,Bot
Friday-02-03-2018_281.pcap,tcp_15821,tcp,15821,Bot,Malware,Bot,Bot
Friday-02-03-2018_275.pcap,tcp_15514,tcp,15514,Bot,Malware,Bot,Bot
Friday-02-03-2018_284.pcap,tcp_18662,tcp,18662,Bot,Malware,Bot,Bot
Friday-02-03-2018_281.pcap,tcp_4211,tcp,4211,Bot,Malware,Bot,Bot
Friday-02-03-2018_275.pcap,tcp_12997,tcp,12997,Bot,Malware,Bot,Bot
Friday-02-03-2018_273.pcap,tcp_5704,tcp,5704,Bot,Malware,Bot,Bot
Friday-02-03-2018_279.pcap,tcp_16046,tcp,16046,Bot,Malware,Bot,Bot
Friday-02-03-2018_272.pcap,tcp_18235,tcp,18235,Bot,Malware,Bot,Bot
Friday-02-03-2018_284.pcap,tcp_3274,tcp,3274,Bot,Malware,Bot,Bot
Friday-02-03-2018_281.pcap,tcp_14338,tcp,14338,Bot,Malware,Bot,Bot
Friday-02-03-2018_273.pcap,tcp_6225,tcp,6225,Bot,Malware,Bot,Bot
Friday-02-03-2018_283.pcap,tcp_3781,tcp,3781,Bot,Malware,Bot,Bot
Friday-02-03-2018_272.pcap,tcp_1916,tcp,1916,Bot,Malware,Bot,Bot
Friday-02-03-2018_283.pcap,tcp_16388,tcp,16388,Bot,Malware,Bot,Bot
Friday-02-03-2018_281.pcap,tcp_12950,tcp,12950,Bot,Malware,Bot,Bot
Friday-02-03-2018_272.pcap,tcp_19399,tcp,19399,Bot,Malware,Bot,Bot
Friday-02-03-2018_270.pcap,tcp_3464,tcp,3464,Bot,Malware,Bot,Bot
Friday-02-03-2018_273.pcap,tcp_3517,tcp,3517,Bot,Malware,Bot,Bot
Friday-02-03-2018_279.pcap,tcp_17882,tcp,17882,Bot,Malware,Bot,Bot
Friday-02-03-2018_269.pcap,tcp_15975,tcp,15975,Bot,Malware,Bot,Bot
Friday-02-03-2018_270.pcap,tcp_13400,tcp,13400,Bot,Malware,Bot,Bot
Friday-02-03-2018_275.pcap,tcp_17244,tcp,17244,Bot,Malware,Bot,Bot
Friday-02-03-2018_277.pcap,tcp_12909,tcp,12909,Bot,Malware,Bot,Bot
Friday-02-03-2018_270.pcap,tcp_2431,tcp,2431,Bot,Malware,Bot,Bot
Friday-02-03-2018_272.pcap,tcp_4186,tcp,4186,Bot,Malware,Bot,Bot
Friday-02-03-2018_284.pcap,tcp_19368,tcp,19368,Bot,Malware,Bot,Bot
Friday-02-03-2018_283.pcap,tcp_5180,tcp,5180,Bot,Malware,Bot,Bot
Friday-02-03-2018_270.pcap,tcp_1791,tcp,1791,Bot,Malware,Bot,Bot
Friday-02-03-2018_279.pcap,tcp_14230,tcp,14230,Bot,Malware,Bot,Bot
Friday-02-03-2018_275.pcap,tcp_5235,tcp,5235,Bot,Malware,Bot,Bot
Friday-02-03-2018_283.pcap,tcp_5758,tcp,5758,Bot,Malware,Bot,Bot
Friday-02-03-2018_284.pcap,tcp_19909,tcp,19909,Bot,Malware,Bot,Bot
Friday-02-03-2018_283.pcap,tcp_17386,tcp,17386,Bot,Malware,Bot,Bot
Friday-02-03-2018_270.pcap,tcp_3735,tcp,3735,Bot,Malware,Bot,Bot
Friday-02-03-2018_277.pcap,tcp_13502,tcp,13502,Bot,Malware,Bot,Bot
Friday-02-03-2018_283.pcap,tcp_12815,tcp,12815,Bot,Malware,Bot,Bot
Friday-02-03-2018_269.pcap,tcp_3913,tcp,3913,Bot,Malware,Bot,Bot
Friday-02-03-2018_269.pcap,tcp_4909,tcp,4909,Bot,Malware,Bot,Bot
Friday-02-03-2018_275.pcap,tcp_11752,tcp,11752,Bot,Malware,Bot,Bot
Friday-02-03-2018_270.pcap,tcp_12240,tcp,12240,Bot,Malware,Bot,Bot
Friday-02-03-2018_269.pcap,tcp_21614,tcp,21614,Bot,Malware,Bot,Bot
Friday-02-03-2018_283.pcap,tcp_3148,tcp,3148,Bot,Malware,Bot,Bot
Friday-02-03-2018_272.pcap,tcp_3984,tcp,3984,Bot,Malware,Bot,Bot
Friday-02-03-2018_284.pcap,tcp_16295,tcp,16295,Bot,Malware,Bot,Bot
Friday-02-03-2018_283.pcap,tcp_16377,tcp,16377,Bot,Malware,Bot,Bot
Friday-02-03-2018_275.pcap,tcp_13939,tcp,13939,Bot,Malware,Bot,Bot
Friday-02-03-2018_270.pcap,tcp_3893,tcp,3893,Bot,Malware,Bot,Bot
Friday-02-03-2018_279.pcap,tcp_6652,tcp,6652,Bot,Malware,Bot,Bot
Friday-02-03-2018_277.pcap,tcp_16940,tcp,16940,Bot,Malware,Bot,Bot
Friday-02-03-2018_277.pcap,tcp_14920,tcp,14920,Bot,Malware,Bot,Bot
Friday-02-03-2018_272.pcap,tcp_18101,tcp,18101,Bot,Malware,Bot,Bot
Friday-02-03-2018_284.pcap,tcp_2699,tcp,2699,Bot,Malware,Bot,Bot
Friday-02-03-2018_281.pcap,tcp_13145,tcp,13145,Bot,Malware,Bot,Bot
Friday-02-03-2018_277.pcap,tcp_13733,tcp,13733,Bot,Malware,Bot,Bot
Friday-02-03-2018_269.pcap,tcp_4618,tcp,4618,Bot,Malware,Bot,Bot
Friday-02-03-2018_283.pcap,tcp_6179,tcp,6179,Bot,Malware,Bot,Bot
Friday-02-03-2018_273.pcap,tcp_5376,tcp,5376,Bot,Malware,Bot,Bot
Friday-02-03-2018_277.pcap,tcp_12420,tcp,12420,Bot,Malware,Bot,Bot
Friday-02-03-2018_275.pcap,tcp_2411,tcp,2411,Bot,Malware,Bot,Bot
Friday-02-03-2018_283.pcap,tcp_18748,tcp,18748,Bot,Malware,Bot,Bot
Friday-02-03-2018_283.pcap,tcp_12882,tcp,12882,Bot,Malware,Bot,Bot
Friday-02-03-2018_277.pcap,tcp_1749,tcp,1749,Bot,Malware,Bot,Bot
Friday-02-03-2018_275.pcap,tcp_15465,tcp,15465,Bot,Malware,Bot,Bot
Friday-02-03-2018_284.pcap,tcp_2456,tcp,2456,Bot,Malware,Bot,Bot
Friday-02-03-2018_284.pcap,tcp_16400,tcp,16400,Bot,Malware,Bot,Bot
Friday-02-03-2018_272.pcap,tcp_4478,tcp,4478,Bot,Malware,Bot,Bot
Friday-02-03-2018_283.pcap,tcp_15256,tcp,15256,Bot,Malware,Bot,Bot
Friday-02-03-2018_275.pcap,tcp_4046,tcp,4046,Bot,Malware,Bot,Bot
Friday-02-03-2018_272.pcap,tcp_15106,tcp,15106,Bot,Malware,Bot,Bot
Friday-02-03-2018_272.pcap,tcp_7332,tcp,7332,Bot,Malware,Bot,Bot
Friday-02-03-2018_281.pcap,tcp_12154,tcp,12154,Bot,Malware,Bot,Bot
Friday-02-03-2018_272.pcap,tcp_20113,tcp,20113,Bot,Malware,Bot,Bot
Friday-02-03-2018_283.pcap,tcp_5650,tcp,5650,Bot,Malware,Bot,Bot
Friday-02-03-2018_281.pcap,tcp_3928,tcp,3928,Bot,Malware,Bot,Bot
Friday-02-03-2018_269.pcap,tcp_5281,tcp,5281,Bot,Malware,Bot,Bot
Friday-02-03-2018_273.pcap,tcp_4415,tcp,4415,Bot,Malware,Bot,Bot
Friday-02-03-2018_279.pcap,tcp_19442,tcp,19442,Bot,Malware,Bot,Bot
Friday-02-03-2018_269.pcap,tcp_4193,tcp,4193,Bot,Malware,Bot,Bot
Friday-02-03-2018_270.pcap,tcp_14527,tcp,14527,Bot,Malware,Bot,Bot
Friday-02-03-2018_269.pcap,tcp_4987,tcp,4987,Bot,Malware,Bot,Bot
Friday-02-03-2018_270.pcap,tcp_5504,tcp,5504,Bot,Malware,Bot,Bot
Friday-02-03-2018_284.pcap,tcp_18139,tcp,18139,Bot,Malware,Bot,Bot
Friday-02-03-2018_283.pcap,tcp_16576,tcp,16576,Bot,Malware,Bot,Bot
Friday-02-03-2018_284.pcap,tcp_19938,tcp,19938,Bot,Malware,Bot,Bot
Friday-02-03-2018_269.pcap,tcp_7403,tcp,7403,Bot,Malware,Bot,Bot
Friday-02-03-2018_284.pcap,tcp_18013,tcp,18013,Bot,Malware,Bot,Bot
Friday-02-03-2018_269.pcap,tcp_2011,tcp,2011,Bot,Malware,Bot,Bot
Friday-02-03-2018_272.pcap,tcp_4624,tcp,4624,Bot,Malware,Bot,Bot
Friday-02-03-2018_283.pcap,tcp_2366,tcp,2366,Bot,Malware,Bot,Bot
Friday-02-03-2018_269.pcap,tcp_5610,tcp,5610,Bot,Malware,Bot,Bot
Friday-02-03-2018_281.pcap,tcp_13567,tcp,13567,Bot,Malware,Bot,Bot
Friday-02-03-2018_279.pcap,tcp_4723,tcp,4723,Bot,Malware,Bot,Bot
Friday-02-03-2018_269.pcap,tcp_3125,tcp,3125,Bot,Malware,Bot,Bot
Friday-02-03-2018_283.pcap,tcp_18749,tcp,18749,Bot,Malware,Bot,Bot
Friday-02-03-2018_284.pcap,tcp_17434,tcp,17434,Bot,Malware,Bot,Bot
Friday-02-03-2018_284.pcap,tcp_2184,tcp,2184,Bot,Malware,Bot,Bot
Friday-02-03-2018_281.pcap,tcp_12431,tcp,12431,Bot,Malware,Bot,Bot
Friday-02-03-2018_273.pcap,tcp_4873,tcp,4873,Bot,Malware,Bot,Bot
Friday-02-03-2018_275.pcap,tcp_14001,tcp,14001,Bot,Malware,Bot,Bot
Friday-02-03-2018_277.pcap,tcp_2388,tcp,2388,Bot,Malware,Bot,Bot
Friday-02-03-2018_281.pcap,tcp_11102,tcp,11102,Bot,Malware,Bot,Bot
Friday-02-03-2018_284.pcap,tcp_1594,tcp,1594,Bot,Malware,Bot,Bot
Friday-02-03-2018_277.pcap,tcp_17449,tcp,17449,Bot,Malware,Bot,Bot
Friday-02-03-2018_279.pcap,tcp_18824,tcp,18824,Bot,Malware,Bot,Bot
Friday-02-03-2018_275.pcap,tcp_3891,tcp,3891,Bot,Malware,Bot,Bot
Friday-02-03-2018_269.pcap,tcp_20885,tcp,20885,Bot,Malware,Bot,Bot
Friday-02-03-2018_279.pcap,tcp_3691,tcp,3691,Bot,Malware,Bot,Bot
Friday-02-03-2018_277.pcap,tcp_5684,tcp,5684,Bot,Malware,Bot,Bot
Friday-02-03-2018_272.pcap,tcp_17078,tcp,17078,Bot,Malware,Bot,Bot
Friday-02-03-2018_281.pcap,tcp_2174,tcp,2174,Bot,Malware,Bot,Bot
Friday-02-03-2018_279.pcap,tcp_14277,tcp,14277,Bot,Malware,Bot,Bot
Friday-02-03-2018_281.pcap,tcp_13362,tcp,13362,Bot,Malware,Bot,Bot
Friday-02-03-2018_284.pcap,tcp_18715,tcp,18715,Bot,Malware,Bot,Bot
Friday-02-03-2018_269.pcap,tcp_18403,tcp,18403,Bot,Malware,Bot,Bot
Friday-02-03-2018_270.pcap,tcp_16858,tcp,16858,Bot,Malware,Bot,Bot
Friday-02-03-2018_281.pcap,tcp_12016,tcp,12016,Bot,Malware,Bot,Bot
Friday-02-03-2018_279.pcap,tcp_1920,tcp,1920,Bot,Malware,Bot,Bot
Friday-02-03-2018_273.pcap,tcp_3224,tcp,3224,Bot,Malware,Bot,Bot
Friday-02-03-2018_272.pcap,tcp_19124,tcp,19124,Bot,Malware,Bot,Bot
Friday-02-03-2018_272.pcap,tcp_15614,tcp,15614,Bot,Malware,Bot,Bot
Friday-02-03-2018_272.pcap,tcp_5199,tcp,5199,Bot,Malware,Bot,Bot
Friday-02-03-2018_284.pcap,tcp_4353,tcp,4353,Bot,Malware,Bot,Bot
Friday-02-03-2018_270.pcap,tcp_15262,tcp,15262,Bot,Malware,Bot,Bot
Friday-02-03-2018_272.pcap,tcp_2846,tcp,2846,Bot,Malware,Bot,Bot
Friday-02-03-2018_279.pcap,tcp_6664,tcp,6664,Bot,Malware,Bot,Bot
Friday-02-03-2018_277.pcap,tcp_12369,tcp,12369,Bot,Malware,Bot,Bot
Friday-02-03-2018_275.pcap,tcp_3949,tcp,3949,Bot,Malware,Bot,Bot
Friday-02-03-2018_277.pcap,tcp_4109,tcp,4109,Bot,Malware,Bot,Bot
Friday-02-03-2018_281.pcap,tcp_3325,tcp,3325,Bot,Malware,Bot,Bot
Friday-02-03-2018_270.pcap,tcp_12215,tcp,12215,Bot,Malware,Bot,Bot
Friday-02-03-2018_281.pcap,tcp_2062,tcp,2062,Bot,Malware,Bot,Bot
Friday-02-03-2018_272.pcap,tcp_16218,tcp,16218,Bot,Malware,Bot,Bot
Friday-02-03-2018_283.pcap,tcp_13654,tcp,13654,Bot,Malware,Bot,Bot
Friday-02-03-2018_272.pcap,tcp_20701,tcp,20701,Bot,Malware,Bot,Bot
Friday-02-03-2018_281.pcap,tcp_3075,tcp,3075,Bot,Malware,Bot,Bot
Friday-02-03-2018_283.pcap,tcp_17009,tcp,17009,Bot,Malware,Bot,Bot
Friday-02-03-2018_283.pcap,tcp_15612,tcp,15612,Bot,Malware,Bot,Bot
Friday-02-03-2018_283.pcap,tcp_3042,tcp,3042,Bot,Malware,Bot,Bot
Friday-02-03-2018_279.pcap,tcp_14678,tcp,14678,Bot,Malware,Bot,Bot
Friday-02-03-2018_277.pcap,tcp_2626,tcp,2626,Bot,Malware,Bot,Bot
Friday-02-03-2018_283.pcap,tcp_5707,tcp,5707,Bot,Malware,Bot,Bot
Friday-02-03-2018_284.pcap,tcp_6774,tcp,6774,Bot,Malware,Bot,Bot
Friday-02-03-2018_270.pcap,tcp_15597,tcp,15597,Bot,Malware,Bot,Bot
Friday-02-03-2018_281.pcap,tcp_436,tcp,436,Bot,Malware,Bot,Bot
Friday-02-03-2018_277.pcap,tcp_2268,tcp,2268,Bot,Malware,Bot,Bot
Friday-02-03-2018_284.pcap,tcp_14408,tcp,14408,Bot,Malware,Bot,Bot
Friday-02-03-2018_269.pcap,tcp_17905,tcp,17905,Bot,Malware,Bot,Bot
Friday-02-03-2018_275.pcap,tcp_14281,tcp,14281,Bot,Malware,Bot,Bot
Friday-02-03-2018_275.pcap,tcp_14429,tcp,14429,Bot,Malware,Bot,Bot
Friday-02-03-2018_279.pcap,tcp_3468,tcp,3468,Bot,Malware,Bot,Bot
Friday-02-03-2018_281.pcap,tcp_2074,tcp,2074,Bot,Malware,Bot,Bot
Friday-02-03-2018_270.pcap,tcp_2089,tcp,2089,Bot,Malware,Bot,Bot
Friday-02-03-2018_269.pcap,tcp_2120,tcp,2120,Bot,Malware,Bot,Bot
Friday-02-03-2018_273.pcap,tcp_5493,tcp,5493,Bot,Malware,Bot,Bot
Friday-02-03-2018_281.pcap,tcp_10869,tcp,10869,Bot,Malware,Bot,Bot
Friday-02-03-2018_279.pcap,tcp_3170,tcp,3170,Bot,Malware,Bot,Bot
Friday-02-03-2018_284.pcap,tcp_19791,tcp,19791,Bot,Malware,Bot,Bot
Friday-02-03-2018_269.pcap,tcp_7124,tcp,7124,Bot,Malware,Bot,Bot
Friday-02-03-2018_279.pcap,tcp_15968,tcp,15968,Bot,Malware,Bot,Bot
Friday-02-03-2018_281.pcap,tcp_12704,tcp,12704,Bot,Malware,Bot,Bot
Friday-02-03-2018_284.pcap,tcp_16842,tcp,16842,Bot,Malware,Bot,Bot
Friday-02-03-2018_283.pcap,tcp_2410,tcp,2410,Bot,Malware,Bot,Bot
Friday-02-03-2018_284.pcap,tcp_15013,tcp,15013,Bot,Malware,Bot,Bot
Friday-02-03-2018_270.pcap,tcp_2681,tcp,2681,Bot,Malware,Bot,Bot
Friday-02-03-2018_275.pcap,tcp_13910,tcp,13910,Bot,Malware,Bot,Bot
Friday-02-03-2018_281.pcap,tcp_14137,tcp,14137,Bot,Malware,Bot,Bot
Friday-02-03-2018_275.pcap,tcp_16668,tcp,16668,Bot,Malware,Bot,Bot
Friday-02-03-2018_279.pcap,tcp_3976,tcp,3976,Bot,Malware,Bot,Bot
Friday-02-03-2018_275.pcap,tcp_13163,tcp,13163,Bot,Malware,Bot,Bot
Friday-02-03-2018_275.pcap,tcp_15987,tcp,15987,Bot,Malware,Bot,Bot
Friday-02-03-2018_269.pcap,tcp_19852,tcp,19852,Bot,Malware,Bot,Bot
Friday-02-03-2018_284.pcap,tcp_2191,tcp,2191,Bot,Malware,Bot,Bot
Friday-02-03-2018_272.pcap,tcp_3372,tcp,3372,Bot,Malware,Bot,Bot
Friday-02-03-2018_279.pcap,tcp_14596,tcp,14596,Bot,Malware,Bot,Bot
Friday-02-03-2018_277.pcap,tcp_13231,tcp,13231,Bot,Malware,Bot,Bot
Friday-02-03-2018_270.pcap,tcp_16974,tcp,16974,Bot,Malware,Bot,Bot
Friday-02-03-2018_269.pcap,tcp_18280,tcp,18280,Bot,Malware,Bot,Bot
Friday-02-03-2018_275.pcap,tcp_15764,tcp,15764,Bot,Malware,Bot,Bot
Friday-02-03-2018_284.pcap,tcp_5179,tcp,5179,Bot,Malware,Bot,Bot
Friday-02-03-2018_279.pcap,tcp_19242,tcp,19242,Bot,Malware,Bot,Bot
Friday-02-03-2018_270.pcap,tcp_5450,tcp,5450,Bot,Malware,Bot,Bot
Friday-02-03-2018_273.pcap,tcp_1794,tcp,1794,Bot,Malware,Bot,Bot
Friday-02-03-2018_284.pcap,tcp_3316,tcp,3316,Bot,Malware,Bot,Bot
Friday-02-03-2018_270.pcap,tcp_13818,tcp,13818,Bot,Malware,Bot,Bot
Friday-02-03-2018_283.pcap,tcp_14801,tcp,14801,Bot,Malware,Bot,Bot
Friday-02-03-2018_284.pcap,tcp_19919,tcp,19919,Bot,Malware,Bot,Bot
Friday-02-03-2018_269.pcap,tcp_6610,tcp,6610,Bot,Malware,Bot,Bot
Friday-02-03-2018_275.pcap,tcp_15858,tcp,15858,Bot,Malware,Bot,Bot
Friday-02-03-2018_272.pcap,tcp_14844,tcp,14844,Bot,Malware,Bot,Bot
Friday-02-03-2018_283.pcap,tcp_18674,tcp,18674,Bot,Malware,Bot,Bot
Friday-02-03-2018_284.pcap,tcp_18854,tcp,18854,Bot,Malware,Bot,Bot
Friday-02-03-2018_284.pcap,tcp_15445,tcp,15445,Bot,Malware,Bot,Bot
Friday-02-03-2018_269.pcap,tcp_15865,tcp,15865,Bot,Malware,Bot,Bot
Friday-02-03-2018_269.pcap,tcp_7689,tcp,7689,Bot,Malware,Bot,Bot
Friday-02-03-2018_279.pcap,tcp_17565,tcp,17565,Bot,Malware,Bot,Bot
Friday-02-03-2018_270.pcap,tcp_12928,tcp,12928,Bot,Malware,Bot,Bot
Friday-02-03-2018_277.pcap,tcp_2833,tcp,2833,Bot,Malware,Bot,Bot
Friday-02-03-2018_283.pcap,tcp_18285,tcp,18285,Bot,Malware,Bot,Bot
Friday-02-03-2018_284.pcap,tcp_14768,tcp,14768,Bot,Malware,Bot,Bot
Friday-02-03-2018_272.pcap,tcp_2039,tcp,2039,Bot,Malware,Bot,Bot
Friday-02-03-2018_279.pcap,tcp_18454,tcp,18454,Bot,Malware,Bot,Bot
Friday-02-03-2018_284.pcap,tcp_2142,tcp,2142,Bot,Malware,Bot,Bot
Friday-02-03-2018_277.pcap,tcp_4673,tcp,4673,Bot,Malware,Bot,Bot
Friday-02-03-2018_269.pcap,tcp_7127,tcp,7127,Bot,Malware,Bot,Bot
Friday-02-03-2018_283.pcap,tcp_3440,tcp,3440,Bot,Malware,Bot,Bot
Friday-02-03-2018_281.pcap,tcp_2463,tcp,2463,Bot,Malware,Bot,Bot
Friday-02-03-2018_284.pcap,tcp_5393,tcp,5393,Bot,Malware,Bot,Bot
Friday-02-03-2018_284.pcap,tcp_20070,tcp,20070,Bot,Malware,Bot,Bot
Friday-02-03-2018_277.pcap,tcp_3929,tcp,3929,Bot,Malware,Bot,Bot
Friday-02-03-2018_279.pcap,tcp_2418,tcp,2418,Bot,Malware,Bot,Bot
Friday-02-03-2018_272.pcap,tcp_1793,tcp,1793,Bot,Malware,Bot,Bot
Friday-02-03-2018_269.pcap,tcp_20959,tcp,20959,Bot,Malware,Bot,Bot
Friday-02-03-2018_279.pcap,tcp_1716,tcp,1716,Bot,Malware,Bot,Bot
Friday-02-03-2018_277.pcap,tcp_4777,tcp,4777,Bot,Malware,Bot,Bot
Friday-02-03-2018_270.pcap,tcp_2167,tcp,2167,Bot,Malware,Bot,Bot
Friday-02-03-2018_269.pcap,tcp_6679,tcp,6679,Bot,Malware,Bot,Bot
Friday-02-03-2018_277.pcap,tcp_4490,tcp,4490,Bot,Malware,Bot,Bot
Friday-02-03-2018_277.pcap,tcp_14816,tcp,14816,Bot,Malware,Bot,Bot
Friday-02-03-2018_277.pcap,tcp_17044,tcp,17044,Bot,Malware,Bot,Bot
Friday-02-03-2018_279.pcap,tcp_6226,tcp,6226,Bot,Malware,Bot,Bot
Friday-02-03-2018_270.pcap,tcp_2129,tcp,2129,Bot,Malware,Bot,Bot
Friday-02-03-2018_284.pcap,tcp_16593,tcp,16593,Bot,Malware,Bot,Bot
Friday-02-03-2018_275.pcap,tcp_4994,tcp,4994,Bot,Malware,Bot,Bot
Friday-02-03-2018_281.pcap,tcp_2954,tcp,2954,Bot,Malware,Bot,Bot
Friday-02-03-2018_275.pcap,tcp_14298,tcp,14298,Bot,Malware,Bot,Bot
Friday-02-03-2018_270.pcap,tcp_12494,tcp,12494,Bot,Malware,Bot,Bot
Friday-02-03-2018_272.pcap,tcp_5131,tcp,5131,Bot,Malware,Bot,Bot
Friday-02-03-2018_273.pcap,tcp_1931,tcp,1931,Bot,Malware,Bot,Bot
Friday-02-03-2018_269.pcap,tcp_5640,tcp,5640,Bot,Malware,Bot,Bot
Friday-02-03-2018_275.pcap,tcp_4607,tcp,4607,Bot,Malware,Bot,Bot
Friday-02-03-2018_281.pcap,tcp_4609,tcp,4609,Bot,Malware,Bot,Bot
Friday-02-03-2018_283.pcap,tcp_4216,tcp,4216,Bot,Malware,Bot,Bot
Friday-02-03-2018_277.pcap,tcp_15842,tcp,15842,Bot,Malware,Bot,Bot
Friday-02-03-2018_275.pcap,tcp_4780,tcp,4780,Bot,Malware,Bot,Bot
Friday-02-03-2018_277.pcap,tcp_1864,tcp,1864,Bot,Malware,Bot,Bot
Friday-02-03-2018_279.pcap,tcp_2998,tcp,2998,Bot,Malware,Bot,Bot
Friday-02-03-2018_273.pcap,tcp_4791,tcp,4791,Bot,Malware,Bot,Bot
Friday-02-03-2018_275.pcap,tcp_4422,tcp,4422,Bot,Malware,Bot,Bot
Friday-02-03-2018_275.pcap,tcp_15298,tcp,15298,Bot,Malware,Bot,Bot
Friday-02-03-2018_275.pcap,tcp_3177,tcp,3177,Bot,Malware,Bot,Bot
Friday-02-03-2018_269.pcap,tcp_20892,tcp,20892,Bot,Malware,Bot,Bot
Friday-02-03-2018_272.pcap,tcp_2383,tcp,2383,Bot,Malware,Bot,Bot
Friday-02-03-2018_275.pcap,tcp_1543,tcp,1543,Bot,Malware,Bot,Bot
Friday-02-03-2018_281.pcap,tcp_247,tcp,247,Bot,Malware,Bot,Bot
Friday-02-03-2018_277.pcap,tcp_15750,tcp,15750,Bot,Malware,Bot,Bot
Friday-02-03-2018_284.pcap,tcp_18701,tcp,18701,Bot,Malware,Bot,Bot
Friday-02-03-2018_283.pcap,tcp_15218,tcp,15218,Bot,Malware,Bot,Bot
Friday-02-03-2018_269.pcap,tcp_5220,tcp,5220,Bot,Malware,Bot,Bot
Friday-02-03-2018_279.pcap,tcp_18579,tcp,18579,Bot,Malware,Bot,Bot
Friday-02-03-2018_272.pcap,tcp_17869,tcp,17869,Bot,Malware,Bot,Bot
Friday-02-03-2018_272.pcap,tcp_3078,tcp,3078,Bot,Malware,Bot,Bot
Friday-02-03-2018_269.pcap,tcp_15951,tcp,15951,Bot,Malware,Bot,Bot
Friday-02-03-2018_277.pcap,tcp_13334,tcp,13334,Bot,Malware,Bot,Bot
Friday-02-03-2018_270.pcap,tcp_14484,tcp,14484,Bot,Malware,Bot,Bot
Friday-02-03-2018_281.pcap,tcp_15022,tcp,15022,Bot,Malware,Bot,Bot
Friday-02-03-2018_283.pcap,tcp_13040,tcp,13040,Bot,Malware,Bot,Bot
Friday-02-03-2018_272.pcap,tcp_4878,tcp,4878,Bot,Malware,Bot,Bot
Friday-02-03-2018_272.pcap,tcp_14530,tcp,14530,Bot,Malware,Bot,Bot
Friday-02-03-2018_281.pcap,tcp_14903,tcp,14903,Bot,Malware,Bot,Bot
Friday-02-03-2018_269.pcap,tcp_2319,tcp,2319,Bot,Malware,Bot,Bot
Friday-02-03-2018_270.pcap,tcp_3839,tcp,3839,Bot,Malware,Bot,Bot
Friday-02-03-2018_281.pcap,tcp_15543,tcp,15543,Bot,Malware,Bot,Bot
Friday-02-03-2018_272.pcap,tcp_7110,tcp,7110,Bot,Malware,Bot,Bot
Friday-02-03-2018_272.pcap,tcp_18840,tcp,18840,Bot,Malware,Bot,Bot
Friday-02-03-2018_279.pcap,tcp_6237,tcp,6237,Bot,Malware,Bot,Bot
Friday-02-03-2018_279.pcap,tcp_6134,tcp,6134,Bot,Malware,Bot,Bot
Friday-02-03-2018_270.pcap,tcp_2448,tcp,2448,Bot,Malware,Bot,Bot
Friday-02-03-2018_273.pcap,tcp_3318,tcp,3318,Bot,Malware,Bot,Bot
Friday-02-03-2018_279.pcap,tcp_15866,tcp,15866,Bot,Malware,Bot,Bot
Friday-02-03-2018_284.pcap,tcp_15320,tcp,15320,Bot,Malware,Bot,Bot
Friday-02-03-2018_281.pcap,tcp_3825,tcp,3825,Bot,Malware,Bot,Bot
Friday-02-03-2018_269.pcap,tcp_3578,tcp,3578,Bot,Malware,Bot,Bot
Friday-02-03-2018_277.pcap,tcp_3146,tcp,3146,Bot,Malware,Bot,Bot
Friday-02-03-2018_281.pcap,tcp_12487,tcp,12487,Bot,Malware,Bot,Bot
Friday-02-03-2018_270.pcap,tcp_1992,tcp,1992,Bot,Malware,Bot,Bot
Friday-02-03-2018_283.pcap,tcp_5753,tcp,5753,Bot,Malware,Bot,Bot
Friday-02-03-2018_284.pcap,tcp_6894,tcp,6894,Bot,Malware,Bot,Bot
Friday-02-03-2018_272.pcap,tcp_6607,tcp,6607,Bot,Malware,Bot,Bot
Friday-02-03-2018_277.pcap,tcp_12869,tcp,12869,Bot,Malware,Bot,Bot
Friday-02-03-2018_269.pcap,tcp_6945,tcp,6945,Bot,Malware,Bot,Bot
Friday-02-03-2018_275.pcap,tcp_3509,tcp,3509,Bot,Malware,Bot,Bot
Friday-02-03-2018_281.pcap,tcp_627,tcp,627,Bot,Malware,Bot,Bot
Friday-02-03-2018_272.pcap,tcp_6683,tcp,6683,Bot,Malware,Bot,Bot
Friday-02-03-2018_275.pcap,tcp_4535,tcp,4535,Bot,Malware,Bot,Bot
Friday-02-03-2018_277.pcap,tcp_14436,tcp,14436,Bot,Malware,Bot,Bot
Friday-02-03-2018_270.pcap,tcp_12903,tcp,12903,Bot,Malware,Bot,Bot
Friday-02-03-2018_279.pcap,tcp_5334,tcp,5334,Bot,Malware,Bot,Bot
Friday-02-03-2018_277.pcap,tcp_4187,tcp,4187,Bot,Malware,Bot,Bot
Friday-02-03-2018_272.pcap,tcp_4044,tcp,4044,Bot,Malware,Bot,Bot
Friday-02-03-2018_277.pcap,tcp_5878,tcp,5878,Bot,Malware,Bot,Bot
Friday-02-03-2018_281.pcap,tcp_13368,tcp,13368,Bot,Malware,Bot,Bot
Friday-02-03-2018_272.pcap,tcp_3099,tcp,3099,Bot,Malware,Bot,Bot
Friday-02-03-2018_275.pcap,tcp_11726,tcp,11726,Bot,Malware,Bot,Bot
Friday-02-03-2018_275.pcap,tcp_2042,tcp,2042,Bot,Malware,Bot,Bot
Friday-02-03-2018_270.pcap,tcp_1812,tcp,1812,Bot,Malware,Bot,Bot
Friday-02-03-2018_283.pcap,tcp_3857,tcp,3857,Bot,Malware,Bot,Bot
Friday-02-03-2018_272.pcap,tcp_18087,tcp,18087,Bot,Malware,Bot,Bot
Friday-02-03-2018_284.pcap,tcp_2056,tcp,2056,Bot,Malware,Bot,Bot
Friday-02-03-2018_283.pcap,tcp_13603,tcp,13603,Bot,Malware,Bot,Bot
Friday-02-03-2018_277.pcap,tcp_3243,tcp,3243,Bot,Malware,Bot,Bot
Friday-02-03-2018_281.pcap,tcp_1127,tcp,1127,Bot,Malware,Bot,Bot
Friday-02-03-2018_283.pcap,tcp_3402,tcp,3402,Bot,Malware,Bot,Bot
Friday-02-03-2018_272.pcap,tcp_17087,tcp,17087,Bot,Malware,Bot,Bot
Friday-02-03-2018_272.pcap,tcp_5139,tcp,5139,Bot,Malware,Bot,Bot
Friday-02-03-2018_273.pcap,tcp_5480,tcp,5480,Bot,Malware,Bot,Bot
Friday-02-03-2018_275.pcap,tcp_11951,tcp,11951,Bot,Malware,Bot,Bot
Friday-02-03-2018_281.pcap,tcp_3290,tcp,3290,Bot,Malware,Bot,Bot
Friday-02-03-2018_269.pcap,tcp_17963,tcp,17963,Bot,Malware,Bot,Bot
Friday-02-03-2018_269.pcap,tcp_17958,tcp,17958,Bot,Malware,Bot,Bot
Friday-02-03-2018_273.pcap,tcp_2519,tcp,2519,Bot,Malware,Bot,Bot
Friday-02-03-2018_272.pcap,tcp_7298,tcp,7298,Bot,Malware,Bot,Bot
Friday-02-03-2018_283.pcap,tcp_13131,tcp,13131,Bot,Malware,Bot,Bot
Friday-02-03-2018_277.pcap,tcp_5039,tcp,5039,Bot,Malware,Bot,Bot
Friday-02-03-2018_281.pcap,tcp_12902,tcp,12902,Bot,Malware,Bot,Bot
Friday-02-03-2018_273.pcap,tcp_5884,tcp,5884,Bot,Malware,Bot,Bot
Friday-02-03-2018_284.pcap,tcp_19229,tcp,19229,Bot,Malware,Bot,Bot
Friday-02-03-2018_272.pcap,tcp_6940,tcp,6940,Bot,Malware,Bot,Bot
Friday-02-03-2018_269.pcap,tcp_20845,tcp,20845,Bot,Malware,Bot,Bot
Friday-02-03-2018_275.pcap,tcp_13551,tcp,13551,Bot,Malware,Bot,Bot
Friday-02-03-2018_275.pcap,tcp_3414,tcp,3414,Bot,Malware,Bot,Bot
Friday-02-03-2018_281.pcap,tcp_2687,tcp,2687,Bot,Malware,Bot,Bot
Friday-02-03-2018_270.pcap,tcp_2501,tcp,2501,Bot,Malware,Bot,Bot
Friday-02-03-2018_273.pcap,tcp_1683,tcp,1683,Bot,Malware,Bot,Bot
Friday-02-03-2018_273.pcap,tcp_5450,tcp,5450,Bot,Malware,Bot,Bot
Friday-02-03-2018_279.pcap,tcp_17864,tcp,17864,Bot,Malware,Bot,Bot
Friday-02-03-2018_284.pcap,tcp_3364,tcp,3364,Bot,Malware,Bot,Bot
Friday-02-03-2018_269.pcap,tcp_2425,tcp,2425,Bot,Malware,Bot,Bot
Friday-02-03-2018_284.pcap,tcp_16331,tcp,16331,Bot,Malware,Bot,Bot
Friday-02-03-2018_275.pcap,tcp_3593,tcp,3593,Bot,Malware,Bot,Bot
Friday-02-03-2018_279.pcap,tcp_2807,tcp,2807,Bot,Malware,Bot,Bot
Friday-02-03-2018_281.pcap,tcp_2162,tcp,2162,Bot,Malware,Bot,Bot
Friday-02-03-2018_281.pcap,tcp_11183,tcp,11183,Bot,Malware,Bot,Bot
Friday-02-03-2018_270.pcap,tcp_2812,tcp,2812,Bot,Malware,Bot,Bot
Friday-02-03-2018_275.pcap,tcp_4685,tcp,4685,Bot,Malware,Bot,Bot
Friday-02-03-2018_283.pcap,tcp_14338,tcp,14338,Bot,Malware,Bot,Bot
Friday-02-03-2018_277.pcap,tcp_12519,tcp,12519,Bot,Malware,Bot,Bot
Friday-02-03-2018_270.pcap,tcp_15828,tcp,15828,Bot,Malware,Bot,Bot
Friday-02-03-2018_284.pcap,tcp_5273,tcp,5273,Bot,Malware,Bot,Bot
Friday-02-03-2018_279.pcap,tcp_6875,tcp,6875,Bot,Malware,Bot,Bot
Friday-02-03-2018_284.pcap,tcp_3984,tcp,3984,Bot,Malware,Bot,Bot
Friday-02-03-2018_275.pcap,tcp_5157,tcp,5157,Bot,Malware,Bot,Bot
Friday-02-03-2018_275.pcap,tcp_13330,tcp,13330,Bot,Malware,Bot,Bot
Friday-02-03-2018_281.pcap,tcp_15628,tcp,15628,Bot,Malware,Bot,Bot
Friday-02-03-2018_269.pcap,tcp_15468,tcp,15468,Bot,Malware,Bot,Bot
Friday-02-03-2018_269.pcap,tcp_18545,tcp,18545,Bot,Malware,Bot,Bot
Friday-02-03-2018_281.pcap,tcp_2457,tcp,2457,Bot,Malware,Bot,Bot
Friday-02-03-2018_277.pcap,tcp_16722,tcp,16722,Bot,Malware,Bot,Bot
Friday-02-03-2018_281.pcap,tcp_12574,tcp,12574,Bot,Malware,Bot,Bot
Friday-02-03-2018_277.pcap,tcp_5963,tcp,5963,Bot,Malware,Bot,Bot
Friday-02-03-2018_281.pcap,tcp_15605,tcp,15605,Bot,Malware,Bot,Bot
Friday-02-03-2018_283.pcap,tcp_4978,tcp,4978,Bot,Malware,Bot,Bot
Friday-02-03-2018_277.pcap,tcp_12921,tcp,12921,Bot,Malware,Bot,Bot
Friday-02-03-2018_270.pcap,tcp_3021,tcp,3021,Bot,Malware,Bot,Bot
Friday-02-03-2018_281.pcap,tcp_11216,tcp,11216,Bot,Malware,Bot,Bot
Friday-02-03-2018_270.pcap,tcp_13872,tcp,13872,Bot,Malware,Bot,Bot
Friday-02-03-2018_284.pcap,tcp_18160,tcp,18160,Bot,Malware,Bot,Bot
Friday-02-03-2018_283.pcap,tcp_14824,tcp,14824,Bot,Malware,Bot,Bot
Friday-02-03-2018_270.pcap,tcp_4646,tcp,4646,Bot,Malware,Bot,Bot
Friday-02-03-2018_273.pcap,tcp_1995,tcp,1995,Bot,Malware,Bot,Bot
Friday-02-03-2018_284.pcap,tcp_17692,tcp,17692,Bot,Malware,Bot,Bot
Friday-02-03-2018_270.pcap,tcp_13562,tcp,13562,Bot,Malware,Bot,Bot
Friday-02-03-2018_283.pcap,tcp_17387,tcp,17387,Bot,Malware,Bot,Bot
Friday-02-03-2018_284.pcap,tcp_6993,tcp,6993,Bot,Malware,Bot,Bot
Friday-02-03-2018_269.pcap,tcp_6288,tcp,6288,Bot,Malware,Bot,Bot
Friday-02-03-2018_284.pcap,tcp_6838,tcp,6838,Bot,Malware,Bot,Bot
Friday-02-03-2018_275.pcap,tcp_13571,tcp,13571,Bot,Malware,Bot,Bot
Friday-02-03-2018_283.pcap,tcp_13295,tcp,13295,Bot,Malware,Bot,Bot
Friday-02-03-2018_275.pcap,tcp_3294,tcp,3294,Bot,Malware,Bot,Bot
Friday-02-03-2018_272.pcap,tcp_4678,tcp,4678,Bot,Malware,Bot,Bot
Friday-02-03-2018_269.pcap,tcp_5546,tcp,5546,Bot,Malware,Bot,Bot
Friday-02-03-2018_270.pcap,tcp_3496,tcp,3496,Bot,Malware,Bot,Bot
Friday-02-03-2018_270.pcap,tcp_13889,tcp,13889,Bot,Malware,Bot,Bot
Friday-02-03-2018_273.pcap,tcp_4239,tcp,4239,Bot,Malware,Bot,Bot
Friday-02-03-2018_277.pcap,tcp_2879,tcp,2879,Bot,Malware,Bot,Bot
Friday-02-03-2018_281.pcap,tcp_13730,tcp,13730,Bot,Malware,Bot,Bot
Friday-02-03-2018_279.pcap,tcp_5781,tcp,5781,Bot,Malware,Bot,Bot
Friday-02-03-2018_275.pcap,tcp_2766,tcp,2766,Bot,Malware,Bot,Bot
Friday-02-03-2018_277.pcap,tcp_12132,tcp,12132,Bot,Malware,Bot,Bot
Friday-02-03-2018_284.pcap,tcp_6824,tcp,6824,Bot,Malware,Bot,Bot
Friday-02-03-2018_284.pcap,tcp_17979,tcp,17979,Bot,Malware,Bot,Bot
Friday-02-03-2018_279.pcap,tcp_15015,tcp,15015,Bot,Malware,Bot,Bot
Friday-02-03-2018_273.pcap,tcp_5648,tcp,5648,Bot,Malware,Bot,Bot
Friday-02-03-2018_273.pcap,tcp_3867,tcp,3867,Bot,Malware,Bot,Bot
Friday-02-03-2018_272.pcap,tcp_19283,tcp,19283,Bot,Malware,Bot,Bot
Friday-02-03-2018_275.pcap,tcp_14072,tcp,14072,Bot,Malware,Bot,Bot
Friday-02-03-2018_284.pcap,tcp_20309,tcp,20309,Bot,Malware,Bot,Bot
Friday-02-03-2018_275.pcap,tcp_13471,tcp,13471,Bot,Malware,Bot,Bot
Friday-02-03-2018_269.pcap,tcp_17027,tcp,17027,Bot,Malware,Bot,Bot
Friday-02-03-2018_269.pcap,tcp_21672,tcp,21672,Bot,Malware,Bot,Bot
Friday-02-03-2018_279.pcap,tcp_6225,tcp,6225,Bot,Malware,Bot,Bot
Friday-02-03-2018_270.pcap,tcp_17288,tcp,17288,Bot,Malware,Bot,Bot
Friday-02-03-2018_270.pcap,tcp_3412,tcp,3412,Bot,Malware,Bot,Bot
Friday-02-03-2018_269.pcap,tcp_19976,tcp,19976,Bot,Malware,Bot,Bot
Friday-02-03-2018_284.pcap,tcp_3716,tcp,3716,Bot,Malware,Bot,Bot
Friday-02-03-2018_269.pcap,tcp_20938,tcp,20938,Bot,Malware,Bot,Bot
Friday-02-03-2018_284.pcap,tcp_17489,tcp,17489,Bot,Malware,Bot,Bot
Friday-02-03-2018_277.pcap,tcp_15689,tcp,15689,Bot,Malware,Bot,Bot
Friday-02-03-2018_284.pcap,tcp_2412,tcp,2412,Bot,Malware,Bot,Bot
Friday-02-03-2018_272.pcap,tcp_18616,tcp,18616,Bot,Malware,Bot,Bot
Friday-02-03-2018_273.pcap,tcp_5100,tcp,5100,Bot,Malware,Bot,Bot
Friday-02-03-2018_277.pcap,tcp_2414,tcp,2414,Bot,Malware,Bot,Bot
Friday-02-03-2018_270.pcap,tcp_15121,tcp,15121,Bot,Malware,Bot,Bot
Friday-02-03-2018_279.pcap,tcp_2961,tcp,2961,Bot,Malware,Bot,Bot
Friday-02-03-2018_275.pcap,tcp_16307,tcp,16307,Bot,Malware,Bot,Bot
Friday-02-03-2018_283.pcap,tcp_3567,tcp,3567,Bot,Malware,Bot,Bot
Friday-02-03-2018_272.pcap,tcp_16588,tcp,16588,Bot,Malware,Bot,Bot
Friday-02-03-2018_273.pcap,tcp_4895,tcp,4895,Bot,Malware,Bot,Bot
Friday-02-03-2018_273.pcap,tcp_5024,tcp,5024,Bot,Malware,Bot,Bot
Friday-02-03-2018_283.pcap,tcp_18597,tcp,18597,Bot,Malware,Bot,Bot
Friday-02-03-2018_284.pcap,tcp_19463,tcp,19463,Bot,Malware,Bot,Bot
Friday-02-03-2018_270.pcap,tcp_4701,tcp,4701,Bot,Malware,Bot,Bot
Friday-02-03-2018_283.pcap,tcp_15597,tcp,15597,Bot,Malware,Bot,Bot
Friday-02-03-2018_270.pcap,tcp_12685,tcp,12685,Bot,Malware,Bot,Bot
Friday-02-03-2018_283.pcap,tcp_17414,tcp,17414,Bot,Malware,Bot,Bot
Friday-02-03-2018_272.pcap,tcp_17205,tcp,17205,Bot,Malware,Bot,Bot
Friday-02-03-2018_270.pcap,tcp_2753,tcp,2753,Bot,Malware,Bot,Bot
Friday-02-03-2018_275.pcap,tcp_12832,tcp,12832,Bot,Malware,Bot,Bot
Friday-02-03-2018_281.pcap,tcp_15468,tcp,15468,Bot,Malware,Bot,Bot
Friday-02-03-2018_275.pcap,tcp_1380,tcp,1380,Bot,Malware,Bot,Bot
Friday-02-03-2018_284.pcap,tcp_17388,tcp,17388,Bot,Malware,Bot,Bot
Friday-02-03-2018_273.pcap,tcp_5297,tcp,5297,Bot,Malware,Bot,Bot
Friday-02-03-2018_275.pcap,tcp_5825,tcp,5825,Bot,Malware,Bot,Bot
Friday-02-03-2018_275.pcap,tcp_4554,tcp,4554,Bot,Malware,Bot,Bot
Friday-02-03-2018_270.pcap,tcp_13508,tcp,13508,Bot,Malware,Bot,Bot
Friday-02-03-2018_281.pcap,tcp_15601,tcp,15601,Bot,Malware,Bot,Bot
Friday-02-03-2018_273.pcap,tcp_2642,tcp,2642,Bot,Malware,Bot,Bot
Friday-02-03-2018_273.pcap,tcp_2636,tcp,2636,Bot,Malware,Bot,Bot
Friday-02-03-2018_269.pcap,tcp_3151,tcp,3151,Bot,Malware,Bot,Bot
Friday-02-03-2018_269.pcap,tcp_2631,tcp,2631,Bot,Malware,Bot,Bot
Friday-02-03-2018_270.pcap,tcp_15954,tcp,15954,Bot,Malware,Bot,Bot
Friday-02-03-2018_284.pcap,tcp_3518,tcp,3518,Bot,Malware,Bot,Bot
Friday-02-03-2018_279.pcap,tcp_3379,tcp,3379,Bot,Malware,Bot,Bot
Friday-02-03-2018_270.pcap,tcp_3219,tcp,3219,Bot,Malware,Bot,Bot
Friday-02-03-2018_284.pcap,tcp_18948,tcp,18948,Bot,Malware,Bot,Bot
Friday-02-03-2018_275.pcap,tcp_4789,tcp,4789,Bot,Malware,Bot,Bot
Friday-02-03-2018_284.pcap,tcp_6314,tcp,6314,Bot,Malware,Bot,Bot
Friday-02-03-2018_269.pcap,tcp_7425,tcp,7425,Bot,Malware,Bot,Bot
Friday-02-03-2018_275.pcap,tcp_4596,tcp,4596,Bot,Malware,Bot,Bot
Friday-02-03-2018_284.pcap,tcp_7344,tcp,7344,Bot,Malware,Bot,Bot
Friday-02-03-2018_283.pcap,tcp_16005,tcp,16005,Bot,Malware,Bot,Bot
Friday-02-03-2018_283.pcap,tcp_5461,tcp,5461,Bot,Malware,Bot,Bot
Friday-02-03-2018_279.pcap,tcp_17770,tcp,17770,Bot,Malware,Bot,Bot
Friday-02-03-2018_270.pcap,tcp_16656,tcp,16656,Bot,Malware,Bot,Bot
Friday-02-03-2018_283.pcap,tcp_15827,tcp,15827,Bot,Malware,Bot,Bot
Friday-02-03-2018_284.pcap,tcp_19490,tcp,19490,Bot,Malware,Bot,Bot
Friday-02-03-2018_283.pcap,tcp_14943,tcp,14943,Bot,Malware,Bot,Bot
Friday-02-03-2018_283.pcap,tcp_18657,tcp,18657,Bot,Malware,Bot,Bot
Friday-02-03-2018_283.pcap,tcp_17366,tcp,17366,Bot,Malware,Bot,Bot
Friday-02-03-2018_284.pcap,tcp_3232,tcp,3232,Bot,Malware,Bot,Bot
Friday-02-03-2018_284.pcap,tcp_1509,tcp,1509,Bot,Malware,Bot,Bot
Friday-02-03-2018_283.pcap,tcp_13431,tcp,13431,Bot,Malware,Bot,Bot
Friday-02-03-2018_284.pcap,tcp_5380,tcp,5380,Bot,Malware,Bot,Bot
Friday-02-03-2018_269.pcap,tcp_7335,tcp,7335,Bot,Malware,Bot,Bot
Friday-02-03-2018_277.pcap,tcp_4902,tcp,4902,Bot,Malware,Bot,Bot
Friday-02-03-2018_272.pcap,tcp_18718,tcp,18718,Bot,Malware,Bot,Bot
Friday-02-03-2018_270.pcap,tcp_4363,tcp,4363,Bot,Malware,Bot,Bot
Friday-02-03-2018_281.pcap,tcp_12316,tcp,12316,Bot,Malware,Bot,Bot
Friday-02-03-2018_275.pcap,tcp_4450,tcp,4450,Bot,Malware,Bot,Bot
Friday-02-03-2018_272.pcap,tcp_19899,tcp,19899,Bot,Malware,Bot,Bot
Friday-02-03-2018_279.pcap,tcp_18629,tcp,18629,Bot,Malware,Bot,Bot
Friday-02-03-2018_281.pcap,tcp_11666,tcp,11666,Bot,Malware,Bot,Bot
Friday-02-03-2018_284.pcap,tcp_6244,tcp,6244,Bot,Malware,Bot,Bot
Friday-02-03-2018_273.pcap,tcp_3308,tcp,3308,Bot,Malware,Bot,Bot
Friday-02-03-2018_279.pcap,tcp_4265,tcp,4265,Bot,Malware,Bot,Bot
Friday-02-03-2018_281.pcap,tcp_3151,tcp,3151,Bot,Malware,Bot,Bot
Friday-02-03-2018_270.pcap,tcp_1468,tcp,1468,Bot,Malware,Bot,Bot
Friday-02-03-2018_277.pcap,tcp_15807,tcp,15807,Bot,Malware,Bot,Bot
Friday-02-03-2018_283.pcap,tcp_4168,tcp,4168,Bot,Malware,Bot,Bot
Friday-02-03-2018_284.pcap,tcp_3116,tcp,3116,Bot,Malware,Bot,Bot
Friday-02-03-2018_279.pcap,tcp_14198,tcp,14198,Bot,Malware,Bot,Bot
Friday-02-03-2018_281.pcap,tcp_13502,tcp,13502,Bot,Malware,Bot,Bot
Friday-02-03-2018_269.pcap,tcp_6196,tcp,6196,Bot,Malware,Bot,Bot
Friday-02-03-2018_277.pcap,tcp_2983,tcp,2983,Bot,Malware,Bot,Bot
Friday-02-03-2018_284.pcap,tcp_20638,tcp,20638,Bot,Malware,Bot,Bot
Friday-02-03-2018_272.pcap,tcp_16728,tcp,16728,Bot,Malware,Bot,Bot
Friday-02-03-2018_272.pcap,tcp_3977,tcp,3977,Bot,Malware,Bot,Bot
Friday-02-03-2018_279.pcap,tcp_3437,tcp,3437,Bot,Malware,Bot,Bot
Friday-02-03-2018_284.pcap,tcp_16519,tcp,16519,Bot,Malware,Bot,Bot
Friday-02-03-2018_284.pcap,tcp_19197,tcp,19197,Bot,Malware,Bot,Bot
Friday-02-03-2018_273.pcap,tcp_2694,tcp,2694,Bot,Malware,Bot,Bot
Friday-02-03-2018_279.pcap,tcp_14849,tcp,14849,Bot,Malware,Bot,Bot
Friday-02-03-2018_284.pcap,tcp_6398,tcp,6398,Bot,Malware,Bot,Bot
Friday-02-03-2018_270.pcap,tcp_16100,tcp,16100,Bot,Malware,Bot,Bot
Friday-02-03-2018_272.pcap,tcp_16011,tcp,16011,Bot,Malware,Bot,Bot
Friday-02-03-2018_272.pcap,tcp_16576,tcp,16576,Bot,Malware,Bot,Bot
Friday-02-03-2018_283.pcap,tcp_4016,tcp,4016,Bot,Malware,Bot,Bot
Friday-02-03-2018_272.pcap,tcp_17533,tcp,17533,Bot,Malware,Bot,Bot
Friday-02-03-2018_281.pcap,tcp_11243,tcp,11243,Bot,Malware,Bot,Bot
Friday-02-03-2018_283.pcap,tcp_4770,tcp,4770,Bot,Malware,Bot,Bot
Friday-02-03-2018_270.pcap,tcp_4651,tcp,4651,Bot,Malware,Bot,Bot
Friday-02-03-2018_279.pcap,tcp_13717,tcp,13717,Bot,Malware,Bot,Bot
Friday-02-03-2018_272.pcap,tcp_5021,tcp,5021,Bot,Malware,Bot,Bot
Friday-02-03-2018_275.pcap,tcp_4940,tcp,4940,Bot,Malware,Bot,Bot
Friday-02-03-2018_279.pcap,tcp_4000,tcp,4000,Bot,Malware,Bot,Bot
Friday-02-03-2018_283.pcap,tcp_15510,tcp,15510,Bot,Malware,Bot,Bot
Friday-02-03-2018_279.pcap,tcp_4988,tcp,4988,Bot,Malware,Bot,Bot
Friday-02-03-2018_277.pcap,tcp_12888,tcp,12888,Bot,Malware,Bot,Bot
Friday-02-03-2018_277.pcap,tcp_15831,tcp,15831,Bot,Malware,Bot,Bot
Friday-02-03-2018_283.pcap,tcp_17298,tcp,17298,Bot,Malware,Bot,Bot
Friday-02-03-2018_283.pcap,tcp_12853,tcp,12853,Bot,Malware,Bot,Bot
Friday-02-03-2018_284.pcap,tcp_3674,tcp,3674,Bot,Malware,Bot,Bot
Friday-02-03-2018_273.pcap,tcp_5780,tcp,5780,Bot,Malware,Bot,Bot
Friday-02-03-2018_272.pcap,tcp_3454,tcp,3454,Bot,Malware,Bot,Bot
Friday-02-03-2018_277.pcap,tcp_13374,tcp,13374,Bot,Malware,Bot,Bot
Friday-02-03-2018_269.pcap,tcp_20131,tcp,20131,Bot,Malware,Bot,Bot
Friday-02-03-2018_269.pcap,tcp_19861,tcp,19861,Bot,Malware,Bot,Bot
Friday-02-03-2018_269.pcap,tcp_2758,tcp,2758,Bot,Malware,Bot,Bot
Friday-02-03-2018_273.pcap,tcp_4162,tcp,4162,Bot,Malware,Bot,Bot
Friday-02-03-2018_272.pcap,tcp_7097,tcp,7097,Bot,Malware,Bot,Bot
Friday-02-03-2018_284.pcap,tcp_3138,tcp,3138,Bot,Malware,Bot,Bot
Friday-02-03-2018_283.pcap,tcp_3953,tcp,3953,Bot,Malware,Bot,Bot
Friday-02-03-2018_277.pcap,tcp_2233,tcp,2233,Bot,Malware,Bot,Bot
Friday-02-03-2018_270.pcap,tcp_15701,tcp,15701,Bot,Malware,Bot,Bot
Friday-02-03-2018_275.pcap,tcp_4385,tcp,4385,Bot,Malware,Bot,Bot
Friday-02-03-2018_269.pcap,tcp_2769,tcp,2769,Bot,Malware,Bot,Bot
Friday-02-03-2018_284.pcap,tcp_16949,tcp,16949,Bot,Malware,Bot,Bot
Friday-02-03-2018_283.pcap,tcp_18555,tcp,18555,Bot,Malware,Bot,Bot
Friday-02-03-2018_272.pcap,tcp_5105,tcp,5105,Bot,Malware,Bot,Bot
Friday-02-03-2018_281.pcap,tcp_15758,tcp,15758,Bot,Malware,Bot,Bot
Friday-02-03-2018_269.pcap,tcp_16825,tcp,16825,Bot,Malware,Bot,Bot
Friday-02-03-2018_277.pcap,tcp_4256,tcp,4256,Bot,Malware,Bot,Bot
Friday-02-03-2018_279.pcap,tcp_4016,tcp,4016,Bot,Malware,Bot,Bot
Friday-02-03-2018_283.pcap,tcp_14844,tcp,14844,Bot,Malware,Bot,Bot
Friday-02-03-2018_277.pcap,tcp_14563,tcp,14563,Bot,Malware,Bot,Bot
Friday-02-03-2018_272.pcap,tcp_5660,tcp,5660,Bot,Malware,Bot,Bot
Friday-02-03-2018_279.pcap,tcp_1890,tcp,1890,Bot,Malware,Bot,Bot
Friday-02-03-2018_279.pcap,tcp_2645,tcp,2645,Bot,Malware,Bot,Bot
Friday-02-03-2018_281.pcap,tcp_14929,tcp,14929,Bot,Malware,Bot,Bot
Friday-02-03-2018_279.pcap,tcp_5960,tcp,5960,Bot,Malware,Bot,Bot
Friday-02-03-2018_283.pcap,tcp_5591,tcp,5591,Bot,Malware,Bot,Bot
Friday-02-03-2018_270.pcap,tcp_4458,tcp,4458,Bot,Malware,Bot,Bot
Friday-02-03-2018_283.pcap,tcp_17863,tcp,17863,Bot,Malware,Bot,Bot
Friday-02-03-2018_275.pcap,tcp_13765,tcp,13765,Bot,Malware,Bot,Bot
Friday-02-03-2018_281.pcap,tcp_2577,tcp,2577,Bot,Malware,Bot,Bot
Friday-02-03-2018_279.pcap,tcp_17593,tcp,17593,Bot,Malware,Bot,Bot
Friday-02-03-2018_275.pcap,tcp_2543,tcp,2543,Bot,Malware,Bot,Bot
Friday-02-03-2018_277.pcap,tcp_12202,tcp,12202,Bot,Malware,Bot,Bot
Friday-02-03-2018_270.pcap,tcp_13119,tcp,13119,Bot,Malware,Bot,Bot
Friday-02-03-2018_270.pcap,tcp_16275,tcp,16275,Bot,Malware,Bot,Bot
Friday-02-03-2018_275.pcap,tcp_5711,tcp,5711,Bot,Malware,Bot,Bot
Friday-02-03-2018_272.pcap,tcp_2108,tcp,2108,Bot,Malware,Bot,Bot
Friday-02-03-2018_272.pcap,tcp_3713,tcp,3713,Bot,Malware,Bot,Bot
Friday-02-03-2018_277.pcap,tcp_15407,tcp,15407,Bot,Malware,Bot,Bot
Friday-02-03-2018_277.pcap,tcp_16074,tcp,16074,Bot,Malware,Bot,Bot
Friday-02-03-2018_275.pcap,tcp_14947,tcp,14947,Bot,Malware,Bot,Bot
Friday-02-03-2018_283.pcap,tcp_5613,tcp,5613,Bot,Malware,Bot,Bot
Friday-02-03-2018_272.pcap,tcp_19723,tcp,19723,Bot,Malware,Bot,Bot
Friday-02-03-2018_270.pcap,tcp_12552,tcp,12552,Bot,Malware,Bot,Bot
Friday-02-03-2018_275.pcap,tcp_5835,tcp,5835,Bot,Malware,Bot,Bot
Friday-02-03-2018_275.pcap,tcp_16708,tcp,16708,Bot,Malware,Bot,Bot
Friday-02-03-2018_283.pcap,tcp_14839,tcp,14839,Bot,Malware,Bot,Bot
Friday-02-03-2018_272.pcap,tcp_18024,tcp,18024,Bot,Malware,Bot,Bot
Friday-02-03-2018_269.pcap,tcp_4293,tcp,4293,Bot,Malware,Bot,Bot
Friday-02-03-2018_272.pcap,tcp_15854,tcp,15854,Bot,Malware,Bot,Bot
Friday-02-03-2018_283.pcap,tcp_14922,tcp,14922,Bot,Malware,Bot,Bot
Friday-02-03-2018_279.pcap,tcp_15125,tcp,15125,Bot,Malware,Bot,Bot
Friday-02-03-2018_273.pcap,tcp_3770,tcp,3770,Bot,Malware,Bot,Bot
Friday-02-03-2018_270.pcap,tcp_14436,tcp,14436,Bot,Malware,Bot,Bot
Friday-02-03-2018_275.pcap,tcp_3938,tcp,3938,Bot,Malware,Bot,Bot
Friday-02-03-2018_283.pcap,tcp_14471,tcp,14471,Bot,Malware,Bot,Bot
Friday-02-03-2018_284.pcap,tcp_5606,tcp,5606,Bot,Malware,Bot,Bot
Friday-02-03-2018_269.pcap,tcp_3726,tcp,3726,Bot,Malware,Bot,Bot
Friday-02-03-2018_279.pcap,tcp_18637,tcp,18637,Bot,Malware,Bot,Bot
Friday-02-03-2018_277.pcap,tcp_15446,tcp,15446,Bot,Malware,Bot,Bot
Friday-02-03-2018_284.pcap,tcp_3267,tcp,3267,Bot,Malware,Bot,Bot
Friday-02-03-2018_277.pcap,tcp_13583,tcp,13583,Bot,Malware,Bot,Bot
Friday-02-03-2018_284.pcap,tcp_2027,tcp,2027,Bot,Malware,Bot,Bot
Friday-02-03-2018_273.pcap,tcp_6081,tcp,6081,Bot,Malware,Bot,Bot
Friday-02-03-2018_283.pcap,tcp_5888,tcp,5888,Bot,Malware,Bot,Bot
Friday-02-03-2018_284.pcap,tcp_7083,tcp,7083,Bot,Malware,Bot,Bot
Friday-02-03-2018_279.pcap,tcp_2828,tcp,2828,Bot,Malware,Bot,Bot
Friday-02-03-2018_272.pcap,tcp_4688,tcp,4688,Bot,Malware,Bot,Bot
Friday-02-03-2018_269.pcap,tcp_18747,tcp,18747,Bot,Malware,Bot,Bot
Friday-02-03-2018_272.pcap,tcp_18464,tcp,18464,Bot,Malware,Bot,Bot
Friday-02-03-2018_284.pcap,tcp_6338,tcp,6338,Bot,Malware,Bot,Bot
Friday-02-03-2018_277.pcap,tcp_14354,tcp,14354,Bot,Malware,Bot,Bot
Friday-02-03-2018_273.pcap,tcp_5202,tcp,5202,Bot,Malware,Bot,Bot
Friday-02-03-2018_279.pcap,tcp_3202,tcp,3202,Bot,Malware,Bot,Bot
Friday-02-03-2018_269.pcap,tcp_20519,tcp,20519,Bot,Malware,Bot,Bot
Friday-02-03-2018_281.pcap,tcp_13749,tcp,13749,Bot,Malware,Bot,Bot
Friday-02-03-2018_281.pcap,tcp_2883,tcp,2883,Bot,Malware,Bot,Bot
Friday-02-03-2018_279.pcap,tcp_6725,tcp,6725,Bot,Malware,Bot,Bot
Friday-02-03-2018_281.pcap,tcp_14674,tcp,14674,Bot,Malware,Bot,Bot
Friday-02-03-2018_275.pcap,tcp_3598,tcp,3598,Bot,Malware,Bot,Bot
Friday-02-03-2018_277.pcap,tcp_2216,tcp,2216,Bot,Malware,Bot,Bot
Friday-02-03-2018_275.pcap,tcp_4836,tcp,4836,Bot,Malware,Bot,Bot
Friday-02-03-2018_269.pcap,tcp_5548,tcp,5548,Bot,Malware,Bot,Bot
Friday-02-03-2018_283.pcap,tcp_3639,tcp,3639,Bot,Malware,Bot,Bot
Friday-02-03-2018_273.pcap,tcp_4444,tcp,4444,Bot,Malware,Bot,Bot
Friday-02-03-2018_275.pcap,tcp_3447,tcp,3447,Bot,Malware,Bot,Bot
Friday-02-03-2018_270.pcap,tcp_13491,tcp,13491,Bot,Malware,Bot,Bot
Friday-02-03-2018_277.pcap,tcp_17236,tcp,17236,Bot,Malware,Bot,Bot
Friday-02-03-2018_272.pcap,tcp_18461,tcp,18461,Bot,Malware,Bot,Bot
Friday-02-03-2018_277.pcap,tcp_15594,tcp,15594,Bot,Malware,Bot,Bot
Friday-02-03-2018_284.pcap,tcp_14561,tcp,14561,Bot,Malware,Bot,Bot
Friday-02-03-2018_283.pcap,tcp_13196,tcp,13196,Bot,Malware,Bot,Bot
Friday-02-03-2018_270.pcap,tcp_15417,tcp,15417,Bot,Malware,Bot,Bot
Friday-02-03-2018_277.pcap,tcp_2380,tcp,2380,Bot,Malware,Bot,Bot
Friday-02-03-2018_281.pcap,tcp_2239,tcp,2239,Bot,Malware,Bot,Bot
Friday-02-03-2018_270.pcap,tcp_14497,tcp,14497,Bot,Malware,Bot,Bot
Friday-02-03-2018_277.pcap,tcp_1476,tcp,1476,Bot,Malware,Bot,Bot
Friday-02-03-2018_284.pcap,tcp_18976,tcp,18976,Bot,Malware,Bot,Bot
Friday-02-03-2018_270.pcap,tcp_12724,tcp,12724,Bot,Malware,Bot,Bot
Friday-02-03-2018_283.pcap,tcp_4493,tcp,4493,Bot,Malware,Bot,Bot
Friday-02-03-2018_284.pcap,tcp_4212,tcp,4212,Bot,Malware,Bot,Bot
Friday-02-03-2018_281.pcap,tcp_11087,tcp,11087,Bot,Malware,Bot,Bot
Friday-02-03-2018_279.pcap,tcp_3566,tcp,3566,Bot,Malware,Bot,Bot
Friday-02-03-2018_269.pcap,tcp_7133,tcp,7133,Bot,Malware,Bot,Bot
Friday-02-03-2018_269.pcap,tcp_20144,tcp,20144,Bot,Malware,Bot,Bot
Friday-02-03-2018_270.pcap,tcp_2072,tcp,2072,Bot,Malware,Bot,Bot
Friday-02-03-2018_269.pcap,tcp_3176,tcp,3176,Bot,Malware,Bot,Bot
Friday-02-03-2018_273.pcap,tcp_2466,tcp,2466,Bot,Malware,Bot,Bot
Friday-02-03-2018_284.pcap,tcp_17357,tcp,17357,Bot,Malware,Bot,Bot
Friday-02-03-2018_272.pcap,tcp_17681,tcp,17681,Bot,Malware,Bot,Bot
Friday-02-03-2018_269.pcap,tcp_19858,tcp,19858,Bot,Malware,Bot,Bot
Friday-02-03-2018_277.pcap,tcp_14441,tcp,14441,Bot,Malware,Bot,Bot
Friday-02-03-2018_281.pcap,tcp_15318,tcp,15318,Bot,Malware,Bot,Bot
Friday-02-03-2018_272.pcap,tcp_20435,tcp,20435,Bot,Malware,Bot,Bot
Friday-02-03-2018_275.pcap,tcp_14362,tcp,14362,Bot,Malware,Bot,Bot
Friday-02-03-2018_272.pcap,tcp_17125,tcp,17125,Bot,Malware,Bot,Bot
Friday-02-03-2018_269.pcap,tcp_18071,tcp,18071,Bot,Malware,Bot,Bot
Friday-02-03-2018_272.pcap,tcp_15728,tcp,15728,Bot,Malware,Bot,Bot
Friday-02-03-2018_273.pcap,tcp_5319,tcp,5319,Bot,Malware,Bot,Bot
Friday-02-03-2018_273.pcap,tcp_3387,tcp,3387,Bot,Malware,Bot,Bot
Friday-02-03-2018_269.pcap,tcp_18660,tcp,18660,Bot,Malware,Bot,Bot
Friday-02-03-2018_275.pcap,tcp_4999,tcp,4999,Bot,Malware,Bot,Bot
Friday-02-03-2018_283.pcap,tcp_17560,tcp,17560,Bot,Malware,Bot,Bot
Friday-02-03-2018_270.pcap,tcp_2029,tcp,2029,Bot,Malware,Bot,Bot
Friday-02-03-2018_283.pcap,tcp_6191,tcp,6191,Bot,Malware,Bot,Bot
Friday-02-03-2018_272.pcap,tcp_2267,tcp,2267,Bot,Malware,Bot,Bot
Friday-02-03-2018_281.pcap,tcp_10964,tcp,10964,Bot,Malware,Bot,Bot
Friday-02-03-2018_269.pcap,tcp_6714,tcp,6714,Bot,Malware,Bot,Bot
Friday-02-03-2018_284.pcap,tcp_20277,tcp,20277,Bot,Malware,Bot,Bot
Friday-02-03-2018_283.pcap,tcp_5135,tcp,5135,Bot,Malware,Bot,Bot
Friday-02-03-2018_275.pcap,tcp_14401,tcp,14401,Bot,Malware,Bot,Bot
Friday-02-03-2018_275.pcap,tcp_2193,tcp,2193,Bot,Malware,Bot,Bot
Friday-02-03-2018_275.pcap,tcp_12147,tcp,12147,Bot,Malware,Bot,Bot
Friday-02-03-2018_279.pcap,tcp_14004,tcp,14004,Bot,Malware,Bot,Bot
Friday-02-03-2018_284.pcap,tcp_16728,tcp,16728,Bot,Malware,Bot,Bot
Friday-02-03-2018_269.pcap,tcp_2929,tcp,2929,Bot,Malware,Bot,Bot
Friday-02-03-2018_275.pcap,tcp_5598,tcp,5598,Bot,Malware,Bot,Bot
Friday-02-03-2018_279.pcap,tcp_16743,tcp,16743,Bot,Malware,Bot,Bot
Friday-02-03-2018_283.pcap,tcp_2666,tcp,2666,Bot,Malware,Bot,Bot
Friday-02-03-2018_279.pcap,tcp_16227,tcp,16227,Bot,Malware,Bot,Bot
Friday-02-03-2018_277.pcap,tcp_3558,tcp,3558,Bot,Malware,Bot,Bot
Friday-02-03-2018_284.pcap,tcp_1563,tcp,1563,Bot,Malware,Bot,Bot
Friday-02-03-2018_279.pcap,tcp_2959,tcp,2959,Bot,Malware,Bot,Bot
Friday-02-03-2018_269.pcap,tcp_6922,tcp,6922,Bot,Malware,Bot,Bot
Friday-02-03-2018_269.pcap,tcp_4029,tcp,4029,Bot,Malware,Bot,Bot
Friday-02-03-2018_279.pcap,tcp_5821,tcp,5821,Bot,Malware,Bot,Bot
Friday-02-03-2018_273.pcap,tcp_1129,tcp,1129,Bot,Malware,Bot,Bot
Friday-02-03-2018_279.pcap,tcp_5948,tcp,5948,Bot,Malware,Bot,Bot
Friday-02-03-2018_270.pcap,tcp_13840,tcp,13840,Bot,Malware,Bot,Bot
Friday-02-03-2018_270.pcap,tcp_15756,tcp,15756,Bot,Malware,Bot,Bot
Friday-02-03-2018_269.pcap,tcp_18664,tcp,18664,Bot,Malware,Bot,Bot
Friday-02-03-2018_269.pcap,tcp_6875,tcp,6875,Bot,Malware,Bot,Bot
Friday-02-03-2018_284.pcap,tcp_15368,tcp,15368,Bot,Malware,Bot,Bot
Friday-02-03-2018_284.pcap,tcp_19704,tcp,19704,Bot,Malware,Bot,Bot
Friday-02-03-2018_283.pcap,tcp_1918,tcp,1918,Bot,Malware,Bot,Bot
Friday-02-03-2018_281.pcap,tcp_15435,tcp,15435,Bot,Malware,Bot,Bot
Friday-02-03-2018_284.pcap,tcp_16379,tcp,16379,Bot,Malware,Bot,Bot
Friday-02-03-2018_283.pcap,tcp_12763,tcp,12763,Bot,Malware,Bot,Bot
Friday-02-03-2018_284.pcap,tcp_5158,tcp,5158,Bot,Malware,Bot,Bot
Friday-02-03-2018_269.pcap,tcp_17323,tcp,17323,Bot,Malware,Bot,Bot
Friday-02-03-2018_272.pcap,tcp_7314,tcp,7314,Bot,Malware,Bot,Bot
Friday-02-03-2018_272.pcap,tcp_6550,tcp,6550,Bot,Malware,Bot,Bot
Friday-02-03-2018_284.pcap,tcp_20330,tcp,20330,Bot,Malware,Bot,Bot
Friday-02-03-2018_269.pcap,tcp_5373,tcp,5373,Bot,Malware,Bot,Bot
Friday-02-03-2018_284.pcap,tcp_5322,tcp,5322,Bot,Malware,Bot,Bot
Friday-02-03-2018_275.pcap,tcp_12562,tcp,12562,Bot,Malware,Bot,Bot
Friday-02-03-2018_279.pcap,tcp_3610,tcp,3610,Bot,Malware,Bot,Bot
Friday-02-03-2018_275.pcap,tcp_5141,tcp,5141,Bot,Malware,Bot,Bot
Friday-02-03-2018_284.pcap,tcp_14656,tcp,14656,Bot,Malware,Bot,Bot
Friday-02-03-2018_284.pcap,tcp_6034,tcp,6034,Bot,Malware,Bot,Bot
Friday-02-03-2018_283.pcap,tcp_12728,tcp,12728,Bot,Malware,Bot,Bot
Friday-02-03-2018_279.pcap,tcp_2907,tcp,2907,Bot,Malware,Bot,Bot
Friday-02-03-2018_269.pcap,tcp_17850,tcp,17850,Bot,Malware,Bot,Bot
Friday-02-03-2018_281.pcap,tcp_2718,tcp,2718,Bot,Malware,Bot,Bot
Friday-02-03-2018_275.pcap,tcp_12177,tcp,12177,Bot,Malware,Bot,Bot
Friday-02-03-2018_283.pcap,tcp_13550,tcp,13550,Bot,Malware,Bot,Bot
Friday-02-03-2018_284.pcap,tcp_19171,tcp,19171,Bot,Malware,Bot,Bot
Friday-02-03-2018_283.pcap,tcp_15222,tcp,15222,Bot,Malware,Bot,Bot
Friday-02-03-2018_275.pcap,tcp_14739,tcp,14739,Bot,Malware,Bot,Bot
Friday-02-03-2018_284.pcap,tcp_19329,tcp,19329,Bot,Malware,Bot,Bot
Friday-02-03-2018_272.pcap,tcp_5674,tcp,5674,Bot,Malware,Bot,Bot
Friday-02-03-2018_270.pcap,tcp_15299,tcp,15299,Bot,Malware,Bot,Bot
Friday-02-03-2018_270.pcap,tcp_16392,tcp,16392,Bot,Malware,Bot,Bot
Friday-02-03-2018_270.pcap,tcp_5271,tcp,5271,Bot,Malware,Bot,Bot
Friday-02-03-2018_277.pcap,tcp_16153,tcp,16153,Bot,Malware,Bot,Bot
Friday-02-03-2018_284.pcap,tcp_5648,tcp,5648,Bot,Malware,Bot,Bot
Friday-02-03-2018_270.pcap,tcp_14696,tcp,14696,Bot,Malware,Bot,Bot
Friday-02-03-2018_273.pcap,tcp_5029,tcp,5029,Bot,Malware,Bot,Bot
Friday-02-03-2018_284.pcap,tcp_3993,tcp,3993,Bot,Malware,Bot,Bot
Friday-02-03-2018_269.pcap,tcp_18500,tcp,18500,Bot,Malware,Bot,Bot
Friday-02-03-2018_269.pcap,tcp_20435,tcp,20435,Bot,Malware,Bot,Bot
Friday-02-03-2018_273.pcap,tcp_6238,tcp,6238,Bot,Malware,Bot,Bot
Friday-02-03-2018_277.pcap,tcp_16883,tcp,16883,Bot,Malware,Bot,Bot
Thursday-01-03-2018_274.pcap,tcp_46,tcp,46,Infiltration,Malware,Infiltration,Infiltration
Thursday-01-03-2018_275.pcap,tcp_29,tcp,29,Infiltration,Malware,Infiltration,Infiltration
Thursday-15-02-2018_449.pcap,tcp_6008,tcp,6008,GoldenEye,Malware,DoS,GoldenEye
Thursday-15-02-2018_449.pcap,tcp_14021,tcp,14021,GoldenEye,Malware,DoS,GoldenEye
Thursday-15-02-2018_449.pcap,tcp_6866,tcp,6866,GoldenEye,Malware,DoS,GoldenEye
Thursday-15-02-2018_449.pcap,tcp_25128,tcp,25128,GoldenEye,Malware,DoS,GoldenEye
Thursday-15-02-2018_449.pcap,tcp_17931,tcp,17931,GoldenEye,Malware,DoS,GoldenEye
Thursday-15-02-2018_449.pcap,tcp_25533,tcp,25533,GoldenEye,Malware,DoS,GoldenEye
Thursday-15-02-2018_449.pcap,tcp_6864,tcp,6864,GoldenEye,Malware,DoS,GoldenEye
Thursday-15-02-2018_449.pcap,tcp_19638,tcp,19638,GoldenEye,Malware,DoS,GoldenEye
Thursday-15-02-2018_449.pcap,tcp_26344,tcp,26344,GoldenEye,Malware,DoS,GoldenEye
Thursday-15-02-2018_449.pcap,tcp_20411,tcp,20411,GoldenEye,Malware,DoS,GoldenEye
Thursday-15-02-2018_449.pcap,tcp_25887,tcp,25887,GoldenEye,Malware,DoS,GoldenEye
Thursday-15-02-2018_449.pcap,tcp_9092,tcp,9092,GoldenEye,Malware,DoS,GoldenEye
Thursday-15-02-2018_449.pcap,tcp_18047,tcp,18047,GoldenEye,Malware,DoS,GoldenEye
Thursday-15-02-2018_449.pcap,tcp_8973,tcp,8973,GoldenEye,Malware,DoS,GoldenEye
Thursday-15-02-2018_449.pcap,tcp_11558,tcp,11558,GoldenEye,Malware,DoS,GoldenEye
Thursday-15-02-2018_449.pcap,tcp_15067,tcp,15067,GoldenEye,Malware,DoS,GoldenEye
Thursday-15-02-2018_449.pcap,tcp_11273,tcp,11273,GoldenEye,Malware,DoS,GoldenEye
Thursday-15-02-2018_449.pcap,tcp_2926,tcp,2926,GoldenEye,Malware,DoS,GoldenEye
Thursday-15-02-2018_449.pcap,tcp_21673,tcp,21673,GoldenEye,Malware,DoS,GoldenEye
Thursday-15-02-2018_449.pcap,tcp_20189,tcp,20189,GoldenEye,Malware,DoS,GoldenEye
Thursday-15-02-2018_449.pcap,tcp_11585,tcp,11585,GoldenEye,Malware,DoS,GoldenEye
Thursday-15-02-2018_449.pcap,tcp_16971,tcp,16971,GoldenEye,Malware,DoS,GoldenEye
Thursday-15-02-2018_449.pcap,tcp_8775,tcp,8775,GoldenEye,Malware,DoS,GoldenEye
Thursday-15-02-2018_449.pcap,tcp_26416,tcp,26416,GoldenEye,Malware,DoS,GoldenEye
Thursday-15-02-2018_449.pcap,tcp_7034,tcp,7034,GoldenEye,Malware,DoS,GoldenEye
Thursday-15-02-2018_449.pcap,tcp_13134,tcp,13134,GoldenEye,Malware,DoS,GoldenEye
Thursday-15-02-2018_449.pcap,tcp_11301,tcp,11301,GoldenEye,Malware,DoS,GoldenEye
Thursday-15-02-2018_449.pcap,tcp_1337,tcp,1337,GoldenEye,Malware,DoS,GoldenEye
Thursday-15-02-2018_449.pcap,tcp_17768,tcp,17768,GoldenEye,Malware,DoS,GoldenEye
Thursday-15-02-2018_449.pcap,tcp_13815,tcp,13815,GoldenEye,Malware,DoS,GoldenEye
Thursday-15-02-2018_449.pcap,tcp_9197,tcp,9197,GoldenEye,Malware,DoS,GoldenEye
Thursday-15-02-2018_449.pcap,tcp_10492,tcp,10492,GoldenEye,Malware,DoS,GoldenEye
Thursday-15-02-2018_449.pcap,tcp_23186,tcp,23186,GoldenEye,Malware,DoS,GoldenEye
Thursday-15-02-2018_449.pcap,tcp_20592,tcp,20592,GoldenEye,Malware,DoS,GoldenEye
Thursday-15-02-2018_449.pcap,tcp_21761,tcp,21761,GoldenEye,Malware,DoS,GoldenEye
Thursday-15-02-2018_449.pcap,tcp_21365,tcp,21365,GoldenEye,Malware,DoS,GoldenEye
Thursday-15-02-2018_449.pcap,tcp_22647,tcp,22647,GoldenEye,Malware,DoS,GoldenEye
Thursday-15-02-2018_449.pcap,tcp_21832,tcp,21832,GoldenEye,Malware,DoS,GoldenEye
Thursday-15-02-2018_449.pcap,tcp_13805,tcp,13805,GoldenEye,Malware,DoS,GoldenEye
Thursday-15-02-2018_449.pcap,tcp_13130,tcp,13130,GoldenEye,Malware,DoS,GoldenEye
Thursday-15-02-2018_449.pcap,tcp_6883,tcp,6883,GoldenEye,Malware,DoS,GoldenEye
Thursday-15-02-2018_449.pcap,tcp_15102,tcp,15102,GoldenEye,Malware,DoS,GoldenEye
Thursday-15-02-2018_449.pcap,tcp_8033,tcp,8033,GoldenEye,Malware,DoS,GoldenEye
Thursday-15-02-2018_449.pcap,tcp_21688,tcp,21688,GoldenEye,Malware,DoS,GoldenEye
Thursday-15-02-2018_449.pcap,tcp_13315,tcp,13315,GoldenEye,Malware,DoS,GoldenEye
Thursday-15-02-2018_449.pcap,tcp_25255,tcp,25255,GoldenEye,Malware,DoS,GoldenEye
Thursday-15-02-2018_449.pcap,tcp_9082,tcp,9082,GoldenEye,Malware,DoS,GoldenEye
Thursday-15-02-2018_449.pcap,tcp_18360,tcp,18360,GoldenEye,Malware,DoS,GoldenEye
Thursday-15-02-2018_449.pcap,tcp_21112,tcp,21112,GoldenEye,Malware,DoS,GoldenEye
Thursday-15-02-2018_449.pcap,tcp_15773,tcp,15773,GoldenEye,Malware,DoS,GoldenEye
Thursday-15-02-2018_449.pcap,tcp_229,tcp,229,GoldenEye,Malware,DoS,GoldenEye
Thursday-15-02-2018_449.pcap,tcp_6792,tcp,6792,GoldenEye,Malware,DoS,GoldenEye
Thursday-15-02-2018_449.pcap,tcp_18155,tcp,18155,GoldenEye,Malware,DoS,GoldenEye
Thursday-15-02-2018_449.pcap,tcp_11050,tcp,11050,GoldenEye,Malware,DoS,GoldenEye
Thursday-15-02-2018_449.pcap,tcp_19701,tcp,19701,GoldenEye,Malware,DoS,GoldenEye
Thursday-15-02-2018_449.pcap,tcp_12483,tcp,12483,GoldenEye,Malware,DoS,GoldenEye
Thursday-15-02-2018_449.pcap,tcp_14705,tcp,14705,GoldenEye,Malware,DoS,GoldenEye
Thursday-15-02-2018_449.pcap,tcp_24243,tcp,24243,GoldenEye,Malware,DoS,GoldenEye
Thursday-15-02-2018_449.pcap,tcp_11383,tcp,11383,GoldenEye,Malware,DoS,GoldenEye
Thursday-15-02-2018_449.pcap,tcp_15087,tcp,15087,GoldenEye,Malware,DoS,GoldenEye
Thursday-15-02-2018_449.pcap,tcp_5624,tcp,5624,GoldenEye,Malware,DoS,GoldenEye
Thursday-15-02-2018_449.pcap,tcp_13426,tcp,13426,GoldenEye,Malware,DoS,GoldenEye
Thursday-15-02-2018_449.pcap,tcp_244,tcp,244,GoldenEye,Malware,DoS,GoldenEye
Thursday-15-02-2018_449.pcap,tcp_18787,tcp,18787,GoldenEye,Malware,DoS,GoldenEye
Thursday-15-02-2018_449.pcap,tcp_17929,tcp,17929,GoldenEye,Malware,DoS,GoldenEye
Thursday-15-02-2018_449.pcap,tcp_13943,tcp,13943,GoldenEye,Malware,DoS,GoldenEye
Thursday-15-02-2018_449.pcap,tcp_4952,tcp,4952,GoldenEye,Malware,DoS,GoldenEye
Thursday-15-02-2018_449.pcap,tcp_13705,tcp,13705,GoldenEye,Malware,DoS,GoldenEye
Thursday-15-02-2018_449.pcap,tcp_4652,tcp,4652,GoldenEye,Malware,DoS,GoldenEye
Thursday-15-02-2018_449.pcap,tcp_16153,tcp,16153,GoldenEye,Malware,DoS,GoldenEye
Thursday-15-02-2018_449.pcap,tcp_20274,tcp,20274,GoldenEye,Malware,DoS,GoldenEye
Thursday-15-02-2018_449.pcap,tcp_21647,tcp,21647,GoldenEye,Malware,DoS,GoldenEye
Thursday-15-02-2018_449.pcap,tcp_24843,tcp,24843,GoldenEye,Malware,DoS,GoldenEye
Thursday-15-02-2018_449.pcap,tcp_16811,tcp,16811,GoldenEye,Malware,DoS,GoldenEye
Thursday-15-02-2018_449.pcap,tcp_19559,tcp,19559,GoldenEye,Malware,DoS,GoldenEye
Thursday-15-02-2018_449.pcap,tcp_7584,tcp,7584,GoldenEye,Malware,DoS,GoldenEye
Thursday-15-02-2018_449.pcap,tcp_19808,tcp,19808,GoldenEye,Malware,DoS,GoldenEye
Thursday-15-02-2018_449.pcap,tcp_25630,tcp,25630,GoldenEye,Malware,DoS,GoldenEye
Thursday-15-02-2018_449.pcap,tcp_17819,tcp,17819,GoldenEye,Malware,DoS,GoldenEye
Thursday-15-02-2018_449.pcap,tcp_16702,tcp,16702,GoldenEye,Malware,DoS,GoldenEye
Thursday-15-02-2018_449.pcap,tcp_13105,tcp,13105,GoldenEye,Malware,DoS,GoldenEye
Thursday-15-02-2018_449.pcap,tcp_20050,tcp,20050,GoldenEye,Malware,DoS,GoldenEye
Thursday-15-02-2018_449.pcap,tcp_270,tcp,270,GoldenEye,Malware,DoS,GoldenEye
Thursday-15-02-2018_449.pcap,tcp_26819,tcp,26819,GoldenEye,Malware,DoS,GoldenEye
Thursday-15-02-2018_449.pcap,tcp_6392,tcp,6392,GoldenEye,Malware,DoS,GoldenEye
Thursday-15-02-2018_449.pcap,tcp_22890,tcp,22890,GoldenEye,Malware,DoS,GoldenEye
Thursday-15-02-2018_449.pcap,tcp_3508,tcp,3508,GoldenEye,Malware,DoS,GoldenEye
Thursday-15-02-2018_449.pcap,tcp_12927,tcp,12927,GoldenEye,Malware,DoS,GoldenEye
Thursday-15-02-2018_449.pcap,tcp_24464,tcp,24464,GoldenEye,Malware,DoS,GoldenEye
Thursday-15-02-2018_449.pcap,tcp_15372,tcp,15372,GoldenEye,Malware,DoS,GoldenEye
Thursday-15-02-2018_449.pcap,tcp_2695,tcp,2695,GoldenEye,Malware,DoS,GoldenEye
Thursday-15-02-2018_449.pcap,tcp_21233,tcp,21233,GoldenEye,Malware,DoS,GoldenEye
Thursday-15-02-2018_449.pcap,tcp_26140,tcp,26140,GoldenEye,Malware,DoS,GoldenEye
Thursday-15-02-2018_449.pcap,tcp_18059,tcp,18059,GoldenEye,Malware,DoS,GoldenEye
Thursday-15-02-2018_449.pcap,tcp_24016,tcp,24016,GoldenEye,Malware,DoS,GoldenEye
Thursday-15-02-2018_449.pcap,tcp_21267,tcp,21267,GoldenEye,Malware,DoS,GoldenEye
Thursday-15-02-2018_449.pcap,tcp_15805,tcp,15805,GoldenEye,Malware,DoS,GoldenEye
Thursday-15-02-2018_449.pcap,tcp_3564,tcp,3564,GoldenEye,Malware,DoS,GoldenEye
Thursday-15-02-2018_449.pcap,tcp_18656,tcp,18656,GoldenEye,Malware,DoS,GoldenEye
Thursday-15-02-2018_449.pcap,tcp_3387,tcp,3387,GoldenEye,Malware,DoS,GoldenEye
Thursday-15-02-2018_449.pcap,tcp_294,tcp,294,GoldenEye,Malware,DoS,GoldenEye
Thursday-15-02-2018_449.pcap,tcp_24194,tcp,24194,GoldenEye,Malware,DoS,GoldenEye
Thursday-15-02-2018_449.pcap,tcp_2745,tcp,2745,GoldenEye,Malware,DoS,GoldenEye
Thursday-15-02-2018_449.pcap,tcp_1884,tcp,1884,GoldenEye,Malware,DoS,GoldenEye
Thursday-15-02-2018_449.pcap,tcp_25187,tcp,25187,GoldenEye,Malware,DoS,GoldenEye
Thursday-15-02-2018_449.pcap,tcp_8628,tcp,8628,GoldenEye,Malware,DoS,GoldenEye
Thursday-15-02-2018_449.pcap,tcp_12754,tcp,12754,GoldenEye,Malware,DoS,GoldenEye
Thursday-15-02-2018_449.pcap,tcp_5804,tcp,5804,GoldenEye,Malware,DoS,GoldenEye
Thursday-15-02-2018_449.pcap,tcp_3574,tcp,3574,GoldenEye,Malware,DoS,GoldenEye
Thursday-15-02-2018_449.pcap,tcp_19252,tcp,19252,GoldenEye,Malware,DoS,GoldenEye
Thursday-15-02-2018_449.pcap,tcp_24639,tcp,24639,GoldenEye,Malware,DoS,GoldenEye
Thursday-15-02-2018_449.pcap,tcp_308,tcp,308,GoldenEye,Malware,DoS,GoldenEye
Thursday-15-02-2018_449.pcap,tcp_12421,tcp,12421,GoldenEye,Malware,DoS,GoldenEye
Thursday-15-02-2018_449.pcap,tcp_24184,tcp,24184,GoldenEye,Malware,DoS,GoldenEye
Thursday-15-02-2018_449.pcap,tcp_7173,tcp,7173,GoldenEye,Malware,DoS,GoldenEye
Thursday-15-02-2018_449.pcap,tcp_13329,tcp,13329,GoldenEye,Malware,DoS,GoldenEye
Thursday-15-02-2018_449.pcap,tcp_18128,tcp,18128,GoldenEye,Malware,DoS,GoldenEye
Thursday-15-02-2018_449.pcap,tcp_24669,tcp,24669,GoldenEye,Malware,DoS,GoldenEye
Thursday-15-02-2018_449.pcap,tcp_10731,tcp,10731,GoldenEye,Malware,DoS,GoldenEye
Thursday-15-02-2018_449.pcap,tcp_4552,tcp,4552,GoldenEye,Malware,DoS,GoldenEye
Thursday-15-02-2018_449.pcap,tcp_14325,tcp,14325,GoldenEye,Malware,DoS,GoldenEye
Thursday-15-02-2018_449.pcap,tcp_21885,tcp,21885,GoldenEye,Malware,DoS,GoldenEye
Thursday-15-02-2018_449.pcap,tcp_15169,tcp,15169,GoldenEye,Malware,DoS,GoldenEye
Thursday-15-02-2018_449.pcap,tcp_2114,tcp,2114,GoldenEye,Malware,DoS,GoldenEye
Thursday-15-02-2018_449.pcap,tcp_4555,tcp,4555,GoldenEye,Malware,DoS,GoldenEye
Thursday-15-02-2018_449.pcap,tcp_15318,tcp,15318,GoldenEye,Malware,DoS,GoldenEye
Thursday-15-02-2018_449.pcap,tcp_12894,tcp,12894,GoldenEye,Malware,DoS,GoldenEye
Thursday-15-02-2018_449.pcap,tcp_16908,tcp,16908,GoldenEye,Malware,DoS,GoldenEye
Thursday-15-02-2018_449.pcap,tcp_24061,tcp,24061,GoldenEye,Malware,DoS,GoldenEye
Thursday-15-02-2018_449.pcap,tcp_7913,tcp,7913,GoldenEye,Malware,DoS,GoldenEye
Thursday-15-02-2018_449.pcap,tcp_7638,tcp,7638,GoldenEye,Malware,DoS,GoldenEye
Thursday-15-02-2018_449.pcap,tcp_1269,tcp,1269,GoldenEye,Malware,DoS,GoldenEye
Thursday-15-02-2018_449.pcap,tcp_19107,tcp,19107,GoldenEye,Malware,DoS,GoldenEye
Thursday-15-02-2018_449.pcap,tcp_24782,tcp,24782,GoldenEye,Malware,DoS,GoldenEye
Thursday-15-02-2018_449.pcap,tcp_19662,tcp,19662,GoldenEye,Malware,DoS,GoldenEye
Thursday-15-02-2018_449.pcap,tcp_21285,tcp,21285,GoldenEye,Malware,DoS,GoldenEye
Thursday-15-02-2018_449.pcap,tcp_23331,tcp,23331,GoldenEye,Malware,DoS,GoldenEye
Thursday-15-02-2018_449.pcap,tcp_5005,tcp,5005,GoldenEye,Malware,DoS,GoldenEye
Thursday-15-02-2018_449.pcap,tcp_24189,tcp,24189,GoldenEye,Malware,DoS,GoldenEye
Thursday-15-02-2018_449.pcap,tcp_5195,tcp,5195,GoldenEye,Malware,DoS,GoldenEye
Thursday-15-02-2018_449.pcap,tcp_21569,tcp,21569,GoldenEye,Malware,DoS,GoldenEye
Thursday-15-02-2018_449.pcap,tcp_26104,tcp,26104,GoldenEye,Malware,DoS,GoldenEye
Thursday-15-02-2018_449.pcap,tcp_6940,tcp,6940,GoldenEye,Malware,DoS,GoldenEye
Thursday-15-02-2018_449.pcap,tcp_20538,tcp,20538,GoldenEye,Malware,DoS,GoldenEye
Thursday-15-02-2018_449.pcap,tcp_12707,tcp,12707,GoldenEye,Malware,DoS,GoldenEye
Thursday-15-02-2018_449.pcap,tcp_24259,tcp,24259,GoldenEye,Malware,DoS,GoldenEye
Thursday-15-02-2018_449.pcap,tcp_360,tcp,360,GoldenEye,Malware,DoS,GoldenEye
Thursday-15-02-2018_449.pcap,tcp_15863,tcp,15863,GoldenEye,Malware,DoS,GoldenEye
Thursday-15-02-2018_449.pcap,tcp_9338,tcp,9338,GoldenEye,Malware,DoS,GoldenEye
Thursday-15-02-2018_449.pcap,tcp_24356,tcp,24356,GoldenEye,Malware,DoS,GoldenEye
Thursday-15-02-2018_449.pcap,tcp_15874,tcp,15874,GoldenEye,Malware,DoS,GoldenEye
Thursday-15-02-2018_449.pcap,tcp_15235,tcp,15235,GoldenEye,Malware,DoS,GoldenEye
Thursday-15-02-2018_449.pcap,tcp_11677,tcp,11677,GoldenEye,Malware,DoS,GoldenEye
Thursday-15-02-2018_449.pcap,tcp_2128,tcp,2128,GoldenEye,Malware,DoS,GoldenEye
Thursday-15-02-2018_449.pcap,tcp_5940,tcp,5940,GoldenEye,Malware,DoS,GoldenEye
Thursday-15-02-2018_449.pcap,tcp_16045,tcp,16045,GoldenEye,Malware,DoS,GoldenEye
Thursday-15-02-2018_449.pcap,tcp_22471,tcp,22471,GoldenEye,Malware,DoS,GoldenEye
Thursday-15-02-2018_449.pcap,tcp_10432,tcp,10432,GoldenEye,Malware,DoS,GoldenEye
Thursday-15-02-2018_449.pcap,tcp_373,tcp,373,GoldenEye,Malware,DoS,GoldenEye
Thursday-15-02-2018_449.pcap,tcp_14349,tcp,14349,GoldenEye,Malware,DoS,GoldenEye
Thursday-15-02-2018_449.pcap,tcp_8021,tcp,8021,GoldenEye,Malware,DoS,GoldenEye
Thursday-15-02-2018_449.pcap,tcp_26944,tcp,26944,GoldenEye,Malware,DoS,GoldenEye
Thursday-15-02-2018_449.pcap,tcp_8695,tcp,8695,GoldenEye,Malware,DoS,GoldenEye
Thursday-15-02-2018_449.pcap,tcp_23483,tcp,23483,GoldenEye,Malware,DoS,GoldenEye
Thursday-15-02-2018_449.pcap,tcp_18752,tcp,18752,GoldenEye,Malware,DoS,GoldenEye
Thursday-15-02-2018_449.pcap,tcp_7495,tcp,7495,GoldenEye,Malware,DoS,GoldenEye
Thursday-15-02-2018_449.pcap,tcp_10132,tcp,10132,GoldenEye,Malware,DoS,GoldenEye
Thursday-15-02-2018_449.pcap,tcp_12289,tcp,12289,GoldenEye,Malware,DoS,GoldenEye
Thursday-15-02-2018_449.pcap,tcp_20165,tcp,20165,GoldenEye,Malware,DoS,GoldenEye
Thursday-15-02-2018_449.pcap,tcp_1496,tcp,1496,GoldenEye,Malware,DoS,GoldenEye
Thursday-15-02-2018_449.pcap,tcp_3449,tcp,3449,GoldenEye,Malware,DoS,GoldenEye
Thursday-15-02-2018_449.pcap,tcp_6213,tcp,6213,GoldenEye,Malware,DoS,GoldenEye
Thursday-15-02-2018_449.pcap,tcp_2320,tcp,2320,GoldenEye,Malware,DoS,GoldenEye
Thursday-15-02-2018_449.pcap,tcp_9086,tcp,9086,GoldenEye,Malware,DoS,GoldenEye
Thursday-15-02-2018_449.pcap,tcp_1220,tcp,1220,GoldenEye,Malware,DoS,GoldenEye
Thursday-15-02-2018_449.pcap,tcp_23682,tcp,23682,GoldenEye,Malware,DoS,GoldenEye
Thursday-15-02-2018_449.pcap,tcp_14684,tcp,14684,GoldenEye,Malware,DoS,GoldenEye
Thursday-15-02-2018_449.pcap,tcp_3099,tcp,3099,GoldenEye,Malware,DoS,GoldenEye
Thursday-15-02-2018_449.pcap,tcp_23018,tcp,23018,GoldenEye,Malware,DoS,GoldenEye
Thursday-15-02-2018_449.pcap,tcp_7863,tcp,7863,GoldenEye,Malware,DoS,GoldenEye
Thursday-15-02-2018_449.pcap,tcp_5796,tcp,5796,GoldenEye,Malware,DoS,GoldenEye
Thursday-15-02-2018_449.pcap,tcp_6039,tcp,6039,GoldenEye,Malware,DoS,GoldenEye
Thursday-15-02-2018_449.pcap,tcp_15619,tcp,15619,GoldenEye,Malware,DoS,GoldenEye
Thursday-15-02-2018_449.pcap,tcp_13563,tcp,13563,GoldenEye,Malware,DoS,GoldenEye
Thursday-15-02-2018_449.pcap,tcp_18246,tcp,18246,GoldenEye,Malware,DoS,GoldenEye
Thursday-15-02-2018_449.pcap,tcp_23460,tcp,23460,GoldenEye,Malware,DoS,GoldenEye
Thursday-15-02-2018_449.pcap,tcp_21566,tcp,21566,GoldenEye,Malware,DoS,GoldenEye
Thursday-15-02-2018_449.pcap,tcp_14677,tcp,14677,GoldenEye,Malware,DoS,GoldenEye
Thursday-15-02-2018_449.pcap,tcp_2281,tcp,2281,GoldenEye,Malware,DoS,GoldenEye
Thursday-15-02-2018_449.pcap,tcp_413,tcp,413,GoldenEye,Malware,DoS,GoldenEye
Thursday-15-02-2018_449.pcap,tcp_20052,tcp,20052,GoldenEye,Malware,DoS,GoldenEye
Thursday-15-02-2018_449.pcap,tcp_9202,tcp,9202,GoldenEye,Malware,DoS,GoldenEye
Thursday-15-02-2018_449.pcap,tcp_21172,tcp,21172,GoldenEye,Malware,DoS,GoldenEye
Thursday-15-02-2018_449.pcap,tcp_5584,tcp,5584,GoldenEye,Malware,DoS,GoldenEye
Thursday-15-02-2018_449.pcap,tcp_4842,tcp,4842,GoldenEye,Malware,DoS,GoldenEye
Thursday-15-02-2018_449.pcap,tcp_12923,tcp,12923,GoldenEye,Malware,DoS,GoldenEye
Thursday-15-02-2018_449.pcap,tcp_21022,tcp,21022,GoldenEye,Malware,DoS,GoldenEye
Thursday-15-02-2018_449.pcap,tcp_7536,tcp,7536,GoldenEye,Malware,DoS,GoldenEye
Thursday-15-02-2018_449.pcap,tcp_19319,tcp,19319,GoldenEye,Malware,DoS,GoldenEye
Thursday-15-02-2018_449.pcap,tcp_21134,tcp,21134,GoldenEye,Malware,DoS,GoldenEye
Thursday-15-02-2018_449.pcap,tcp_14776,tcp,14776,GoldenEye,Malware,DoS,GoldenEye
Thursday-15-02-2018_449.pcap,tcp_21642,tcp,21642,GoldenEye,Malware,DoS,GoldenEye
Thursday-15-02-2018_449.pcap,tcp_12584,tcp,12584,GoldenEye,Malware,DoS,GoldenEye
Thursday-15-02-2018_449.pcap,tcp_25897,tcp,25897,GoldenEye,Malware,DoS,GoldenEye
Thursday-15-02-2018_449.pcap,tcp_6124,tcp,6124,GoldenEye,Malware,DoS,GoldenEye
Thursday-15-02-2018_449.pcap,tcp_16148,tcp,16148,GoldenEye,Malware,DoS,GoldenEye
Thursday-15-02-2018_449.pcap,tcp_12016,tcp,12016,GoldenEye,Malware,DoS,GoldenEye
Thursday-15-02-2018_449.pcap,tcp_8807,tcp,8807,GoldenEye,Malware,DoS,GoldenEye
Thursday-15-02-2018_449.pcap,tcp_24992,tcp,24992,GoldenEye,Malware,DoS,GoldenEye
Thursday-15-02-2018_449.pcap,tcp_9979,tcp,9979,GoldenEye,Malware,DoS,GoldenEye
Thursday-15-02-2018_449.pcap,tcp_17060,tcp,17060,GoldenEye,Malware,DoS,GoldenEye
Thursday-15-02-2018_449.pcap,tcp_1490,tcp,1490,GoldenEye,Malware,DoS,GoldenEye
Thursday-15-02-2018_449.pcap,tcp_21103,tcp,21103,GoldenEye,Malware,DoS,GoldenEye
Thursday-15-02-2018_449.pcap,tcp_17689,tcp,17689,GoldenEye,Malware,DoS,GoldenEye
Thursday-15-02-2018_449.pcap,tcp_1841,tcp,1841,GoldenEye,Malware,DoS,GoldenEye
Thursday-15-02-2018_449.pcap,tcp_450,tcp,450,GoldenEye,Malware,DoS,GoldenEye
Thursday-15-02-2018_449.pcap,tcp_12612,tcp,12612,GoldenEye,Malware,DoS,GoldenEye
Thursday-15-02-2018_449.pcap,tcp_14968,tcp,14968,GoldenEye,Malware,DoS,GoldenEye
Thursday-15-02-2018_449.pcap,tcp_24828,tcp,24828,GoldenEye,Malware,DoS,GoldenEye
Thursday-15-02-2018_449.pcap,tcp_5596,tcp,5596,GoldenEye,Malware,DoS,GoldenEye
Thursday-15-02-2018_449.pcap,tcp_5951,tcp,5951,GoldenEye,Malware,DoS,GoldenEye
Thursday-15-02-2018_449.pcap,tcp_12160,tcp,12160,GoldenEye,Malware,DoS,GoldenEye
Thursday-15-02-2018_449.pcap,tcp_4736,tcp,4736,GoldenEye,Malware,DoS,GoldenEye
Thursday-15-02-2018_449.pcap,tcp_459,tcp,459,GoldenEye,Malware,DoS,GoldenEye
Thursday-15-02-2018_449.pcap,tcp_8622,tcp,8622,GoldenEye,Malware,DoS,GoldenEye
Thursday-15-02-2018_449.pcap,tcp_9447,tcp,9447,GoldenEye,Malware,DoS,GoldenEye
Thursday-15-02-2018_449.pcap,tcp_10716,tcp,10716,GoldenEye,Malware,DoS,GoldenEye
Thursday-15-02-2018_449.pcap,tcp_26701,tcp,26701,GoldenEye,Malware,DoS,GoldenEye
Thursday-15-02-2018_449.pcap,tcp_6093,tcp,6093,GoldenEye,Malware,DoS,GoldenEye
Thursday-15-02-2018_449.pcap,tcp_12357,tcp,12357,GoldenEye,Malware,DoS,GoldenEye
Thursday-15-02-2018_449.pcap,tcp_3009,tcp,3009,GoldenEye,Malware,DoS,GoldenEye
Thursday-15-02-2018_449.pcap,tcp_22186,tcp,22186,GoldenEye,Malware,DoS,GoldenEye
Thursday-15-02-2018_449.pcap,tcp_10621,tcp,10621,GoldenEye,Malware,DoS,GoldenEye
Thursday-15-02-2018_449.pcap,tcp_19819,tcp,19819,GoldenEye,Malware,DoS,GoldenEye
Thursday-15-02-2018_449.pcap,tcp_5241,tcp,5241,GoldenEye,Malware,DoS,GoldenEye
Thursday-15-02-2018_449.pcap,tcp_14821,tcp,14821,GoldenEye,Malware,DoS,GoldenEye
Thursday-15-02-2018_449.pcap,tcp_22602,tcp,22602,GoldenEye,Malware,DoS,GoldenEye
Thursday-15-02-2018_449.pcap,tcp_16137,tcp,16137,GoldenEye,Malware,DoS,GoldenEye
Thursday-15-02-2018_449.pcap,tcp_15227,tcp,15227,GoldenEye,Malware,DoS,GoldenEye
Thursday-15-02-2018_449.pcap,tcp_26162,tcp,26162,GoldenEye,Malware,DoS,GoldenEye
Thursday-15-02-2018_449.pcap,tcp_5883,tcp,5883,GoldenEye,Malware,DoS,GoldenEye
Thursday-15-02-2018_449.pcap,tcp_8292,tcp,8292,GoldenEye,Malware,DoS,GoldenEye
Thursday-15-02-2018_449.pcap,tcp_20735,tcp,20735,GoldenEye,Malware,DoS,GoldenEye
Thursday-15-02-2018_449.pcap,tcp_13644,tcp,13644,GoldenEye,Malware,DoS,GoldenEye
Thursday-15-02-2018_449.pcap,tcp_23021,tcp,23021,GoldenEye,Malware,DoS,GoldenEye
Thursday-15-02-2018_449.pcap,tcp_25129,tcp,25129,GoldenEye,Malware,DoS,GoldenEye
Thursday-15-02-2018_449.pcap,tcp_1232,tcp,1232,GoldenEye,Malware,DoS,GoldenEye
Thursday-15-02-2018_449.pcap,tcp_16690,tcp,16690,GoldenEye,Malware,DoS,GoldenEye
Thursday-15-02-2018_449.pcap,tcp_8321,tcp,8321,GoldenEye,Malware,DoS,GoldenEye
Thursday-15-02-2018_449.pcap,tcp_12678,tcp,12678,GoldenEye,Malware,DoS,GoldenEye
Thursday-15-02-2018_449.pcap,tcp_19675,tcp,19675,GoldenEye,Malware,DoS,GoldenEye
Thursday-15-02-2018_449.pcap,tcp_24816,tcp,24816,GoldenEye,Malware,DoS,GoldenEye
Thursday-15-02-2018_449.pcap,tcp_14564,tcp,14564,GoldenEye,Malware,DoS,GoldenEye
Thursday-15-02-2018_449.pcap,tcp_19800,tcp,19800,GoldenEye,Malware,DoS,GoldenEye
Thursday-15-02-2018_449.pcap,tcp_24879,tcp,24879,GoldenEye,Malware,DoS,GoldenEye
Thursday-15-02-2018_449.pcap,tcp_7477,tcp,7477,GoldenEye,Malware,DoS,GoldenEye
Thursday-15-02-2018_449.pcap,tcp_16238,tcp,16238,GoldenEye,Malware,DoS,GoldenEye
Thursday-15-02-2018_449.pcap,tcp_11288,tcp,11288,GoldenEye,Malware,DoS,GoldenEye
Thursday-15-02-2018_449.pcap,tcp_22212,tcp,22212,GoldenEye,Malware,DoS,GoldenEye
Thursday-15-02-2018_449.pcap,tcp_10444,tcp,10444,GoldenEye,Malware,DoS,GoldenEye
Thursday-15-02-2018_449.pcap,tcp_15910,tcp,15910,GoldenEye,Malware,DoS,GoldenEye
Thursday-15-02-2018_449.pcap,tcp_2728,tcp,2728,GoldenEye,Malware,DoS,GoldenEye
Thursday-15-02-2018_449.pcap,tcp_3466,tcp,3466,GoldenEye,Malware,DoS,GoldenEye
Thursday-15-02-2018_449.pcap,tcp_11737,tcp,11737,GoldenEye,Malware,DoS,GoldenEye
Thursday-15-02-2018_449.pcap,tcp_21657,tcp,21657,GoldenEye,Malware,DoS,GoldenEye
Thursday-15-02-2018_449.pcap,tcp_6811,tcp,6811,GoldenEye,Malware,DoS,GoldenEye
Thursday-15-02-2018_449.pcap,tcp_14666,tcp,14666,GoldenEye,Malware,DoS,GoldenEye
Thursday-15-02-2018_449.pcap,tcp_12284,tcp,12284,GoldenEye,Malware,DoS,GoldenEye
Thursday-15-02-2018_449.pcap,tcp_10803,tcp,10803,GoldenEye,Malware,DoS,GoldenEye
Thursday-15-02-2018_449.pcap,tcp_21681,tcp,21681,GoldenEye,Malware,DoS,GoldenEye
Thursday-15-02-2018_449.pcap,tcp_13588,tcp,13588,GoldenEye,Malware,DoS,GoldenEye
Thursday-15-02-2018_449.pcap,tcp_25060,tcp,25060,GoldenEye,Malware,DoS,GoldenEye
Thursday-15-02-2018_449.pcap,tcp_9844,tcp,9844,GoldenEye,Malware,DoS,GoldenEye
Thursday-15-02-2018_449.pcap,tcp_15451,tcp,15451,GoldenEye,Malware,DoS,GoldenEye
Thursday-15-02-2018_449.pcap,tcp_24673,tcp,24673,GoldenEye,Malware,DoS,GoldenEye
Thursday-15-02-2018_449.pcap,tcp_4506,tcp,4506,GoldenEye,Malware,DoS,GoldenEye
Thursday-15-02-2018_449.pcap,tcp_20696,tcp,20696,GoldenEye,Malware,DoS,GoldenEye
Thursday-15-02-2018_449.pcap,tcp_22207,tcp,22207,GoldenEye,Malware,DoS,GoldenEye
Thursday-15-02-2018_449.pcap,tcp_15155,tcp,15155,GoldenEye,Malware,DoS,GoldenEye
Thursday-15-02-2018_449.pcap,tcp_11593,tcp,11593,GoldenEye,Malware,DoS,GoldenEye
Thursday-15-02-2018_449.pcap,tcp_8392,tcp,8392,GoldenEye,Malware,DoS,GoldenEye
Thursday-15-02-2018_449.pcap,tcp_5982,tcp,5982,GoldenEye,Malware,DoS,GoldenEye
Thursday-15-02-2018_449.pcap,tcp_535,tcp,535,GoldenEye,Malware,DoS,GoldenEye
Thursday-15-02-2018_449.pcap,tcp_3085,tcp,3085,GoldenEye,Malware,DoS,GoldenEye
Thursday-15-02-2018_449.pcap,tcp_7716,tcp,7716,GoldenEye,Malware,DoS,GoldenEye
Thursday-15-02-2018_449.pcap,tcp_9353,tcp,9353,GoldenEye,Malware,DoS,GoldenEye
Thursday-15-02-2018_449.pcap,tcp_8667,tcp,8667,GoldenEye,Malware,DoS,GoldenEye
Thursday-15-02-2018_449.pcap,tcp_15495,tcp,15495,GoldenEye,Malware,DoS,GoldenEye
Thursday-15-02-2018_449.pcap,tcp_543,tcp,543,GoldenEye,Malware,DoS,GoldenEye
Thursday-15-02-2018_449.pcap,tcp_13790,tcp,13790,GoldenEye,Malware,DoS,GoldenEye
Thursday-15-02-2018_449.pcap,tcp_4755,tcp,4755,GoldenEye,Malware,DoS,GoldenEye
Thursday-15-02-2018_449.pcap,tcp_17809,tcp,17809,GoldenEye,Malware,DoS,GoldenEye
Thursday-15-02-2018_449.pcap,tcp_22636,tcp,22636,GoldenEye,Malware,DoS,GoldenEye
Thursday-15-02-2018_449.pcap,tcp_12639,tcp,12639,GoldenEye,Malware,DoS,GoldenEye
Thursday-15-02-2018_449.pcap,tcp_25554,tcp,25554,GoldenEye,Malware,DoS,GoldenEye
Thursday-15-02-2018_449.pcap,tcp_21947,tcp,21947,GoldenEye,Malware,DoS,GoldenEye
Thursday-15-02-2018_449.pcap,tcp_9797,tcp,9797,GoldenEye,Malware,DoS,GoldenEye
Thursday-15-02-2018_449.pcap,tcp_24491,tcp,24491,GoldenEye,Malware,DoS,GoldenEye
Thursday-15-02-2018_449.pcap,tcp_2316,tcp,2316,GoldenEye,Malware,DoS,GoldenEye
Thursday-15-02-2018_449.pcap,tcp_7243,tcp,7243,GoldenEye,Malware,DoS,GoldenEye
Thursday-15-02-2018_449.pcap,tcp_16616,tcp,16616,GoldenEye,Malware,DoS,GoldenEye
Thursday-15-02-2018_449.pcap,tcp_4345,tcp,4345,GoldenEye,Malware,DoS,GoldenEye
Thursday-15-02-2018_449.pcap,tcp_25695,tcp,25695,GoldenEye,Malware,DoS,GoldenEye
Thursday-15-02-2018_449.pcap,tcp_23758,tcp,23758,GoldenEye,Malware,DoS,GoldenEye
Thursday-15-02-2018_449.pcap,tcp_6994,tcp,6994,GoldenEye,Malware,DoS,GoldenEye
Thursday-15-02-2018_449.pcap,tcp_21852,tcp,21852,GoldenEye,Malware,DoS,GoldenEye
Thursday-15-02-2018_449.pcap,tcp_12135,tcp,12135,GoldenEye,Malware,DoS,GoldenEye
Thursday-15-02-2018_449.pcap,tcp_3948,tcp,3948,GoldenEye,Malware,DoS,GoldenEye
Thursday-15-02-2018_449.pcap,tcp_13080,tcp,13080,GoldenEye,Malware,DoS,GoldenEye
Thursday-15-02-2018_449.pcap,tcp_3964,tcp,3964,GoldenEye,Malware,DoS,GoldenEye
Thursday-15-02-2018_449.pcap,tcp_25606,tcp,25606,GoldenEye,Malware,DoS,GoldenEye
Thursday-15-02-2018_449.pcap,tcp_15524,tcp,15524,GoldenEye,Malware,DoS,GoldenEye
Thursday-15-02-2018_449.pcap,tcp_4786,tcp,4786,GoldenEye,Malware,DoS,GoldenEye
Thursday-15-02-2018_449.pcap,tcp_17054,tcp,17054,GoldenEye,Malware,DoS,GoldenEye
Thursday-15-02-2018_449.pcap,tcp_24403,tcp,24403,GoldenEye,Malware,DoS,GoldenEye
Thursday-15-02-2018_449.pcap,tcp_2189,tcp,2189,GoldenEye,Malware,DoS,GoldenEye
Thursday-15-02-2018_449.pcap,tcp_578,tcp,578,GoldenEye,Malware,DoS,GoldenEye
Thursday-15-02-2018_449.pcap,tcp_12607,tcp,12607,GoldenEye,Malware,DoS,GoldenEye
Thursday-15-02-2018_449.pcap,tcp_14480,tcp,14480,GoldenEye,Malware,DoS,GoldenEye
Thursday-15-02-2018_449.pcap,tcp_2333,tcp,2333,GoldenEye,Malware,DoS,GoldenEye
Thursday-15-02-2018_449.pcap,tcp_9273,tcp,9273,GoldenEye,Malware,DoS,GoldenEye
Thursday-15-02-2018_449.pcap,tcp_25062,tcp,25062,GoldenEye,Malware,DoS,GoldenEye
Thursday-15-02-2018_449.pcap,tcp_7703,tcp,7703,GoldenEye,Malware,DoS,GoldenEye
Thursday-15-02-2018_449.pcap,tcp_13647,tcp,13647,GoldenEye,Malware,DoS,GoldenEye
Thursday-15-02-2018_449.pcap,tcp_11397,tcp,11397,GoldenEye,Malware,DoS,GoldenEye
Thursday-15-02-2018_449.pcap,tcp_1523,tcp,1523,GoldenEye,Malware,DoS,GoldenEye
Thursday-15-02-2018_449.pcap,tcp_12952,tcp,12952,GoldenEye,Malware,DoS,GoldenEye
Thursday-15-02-2018_449.pcap,tcp_19056,tcp,19056,GoldenEye,Malware,DoS,GoldenEye
Thursday-15-02-2018_449.pcap,tcp_10988,tcp,10988,GoldenEye,Malware,DoS,GoldenEye
Thursday-15-02-2018_449.pcap,tcp_13011,tcp,13011,GoldenEye,Malware,DoS,GoldenEye
Thursday-15-02-2018_449.pcap,tcp_7918,tcp,7918,GoldenEye,Malware,DoS,GoldenEye
Thursday-15-02-2018_449.pcap,tcp_16109,tcp,16109,GoldenEye,Malware,DoS,GoldenEye
Thursday-15-02-2018_449.pcap,tcp_13187,tcp,13187,GoldenEye,Malware,DoS,GoldenEye
Thursday-15-02-2018_449.pcap,tcp_8168,tcp,8168,GoldenEye,Malware,DoS,GoldenEye
Thursday-15-02-2018_449.pcap,tcp_6224,tcp,6224,GoldenEye,Malware,DoS,GoldenEye
Thursday-15-02-2018_449.pcap,tcp_13758,tcp,13758,GoldenEye,Malware,DoS,GoldenEye
Thursday-15-02-2018_449.pcap,tcp_15414,tcp,15414,GoldenEye,Malware,DoS,GoldenEye
Thursday-15-02-2018_449.pcap,tcp_1689,tcp,1689,GoldenEye,Malware,DoS,GoldenEye
Thursday-15-02-2018_449.pcap,tcp_6521,tcp,6521,GoldenEye,Malware,DoS,GoldenEye
Thursday-15-02-2018_449.pcap,tcp_10336,tcp,10336,GoldenEye,Malware,DoS,GoldenEye
Thursday-15-02-2018_449.pcap,tcp_15887,tcp,15887,GoldenEye,Malware,DoS,GoldenEye
Thursday-15-02-2018_449.pcap,tcp_19905,tcp,19905,GoldenEye,Malware,DoS,GoldenEye
Thursday-15-02-2018_449.pcap,tcp_24908,tcp,24908,GoldenEye,Malware,DoS,GoldenEye
Thursday-15-02-2018_449.pcap,tcp_9360,tcp,9360,GoldenEye,Malware,DoS,GoldenEye
Thursday-15-02-2018_449.pcap,tcp_14142,tcp,14142,GoldenEye,Malware,DoS,GoldenEye
Thursday-15-02-2018_449.pcap,tcp_15973,tcp,15973,GoldenEye,Malware,DoS,GoldenEye
Thursday-15-02-2018_449.pcap,tcp_4201,tcp,4201,GoldenEye,Malware,DoS,GoldenEye
Thursday-15-02-2018_449.pcap,tcp_22599,tcp,22599,GoldenEye,Malware,DoS,GoldenEye
Thursday-15-02-2018_449.pcap,tcp_23774,tcp,23774,GoldenEye,Malware,DoS,GoldenEye
Thursday-15-02-2018_449.pcap,tcp_21208,tcp,21208,GoldenEye,Malware,DoS,GoldenEye
Thursday-15-02-2018_449.pcap,tcp_20890,tcp,20890,GoldenEye,Malware,DoS,GoldenEye
Thursday-15-02-2018_449.pcap,tcp_11927,tcp,11927,GoldenEye,Malware,DoS,GoldenEye
Thursday-15-02-2018_449.pcap,tcp_15261,tcp,15261,GoldenEye,Malware,DoS,GoldenEye
Thursday-15-02-2018_449.pcap,tcp_4598,tcp,4598,GoldenEye,Malware,DoS,GoldenEye
Thursday-15-02-2018_449.pcap,tcp_17674,tcp,17674,GoldenEye,Malware,DoS,GoldenEye
Thursday-15-02-2018_449.pcap,tcp_25544,tcp,25544,GoldenEye,Malware,DoS,GoldenEye
Thursday-15-02-2018_449.pcap,tcp_17222,tcp,17222,GoldenEye,Malware,DoS,GoldenEye
Thursday-15-02-2018_449.pcap,tcp_1194,tcp,1194,GoldenEye,Malware,DoS,GoldenEye
Thursday-15-02-2018_449.pcap,tcp_8784,tcp,8784,GoldenEye,Malware,DoS,GoldenEye
Thursday-15-02-2018_449.pcap,tcp_6618,tcp,6618,GoldenEye,Malware,DoS,GoldenEye
Thursday-15-02-2018_449.pcap,tcp_21788,tcp,21788,GoldenEye,Malware,DoS,GoldenEye
Thursday-15-02-2018_449.pcap,tcp_10179,tcp,10179,GoldenEye,Malware,DoS,GoldenEye
Thursday-15-02-2018_449.pcap,tcp_14422,tcp,14422,GoldenEye,Malware,DoS,GoldenEye
Thursday-15-02-2018_449.pcap,tcp_643,tcp,643,GoldenEye,Malware,DoS,GoldenEye
Thursday-15-02-2018_449.pcap,tcp_8768,tcp,8768,GoldenEye,Malware,DoS,GoldenEye
Thursday-15-02-2018_449.pcap,tcp_25318,tcp,25318,GoldenEye,Malware,DoS,GoldenEye
Thursday-15-02-2018_449.pcap,tcp_11346,tcp,11346,GoldenEye,Malware,DoS,GoldenEye
Thursday-15-02-2018_449.pcap,tcp_25641,tcp,25641,GoldenEye,Malware,DoS,GoldenEye
Thursday-15-02-2018_449.pcap,tcp_13759,tcp,13759,GoldenEye,Malware,DoS,GoldenEye
Thursday-15-02-2018_449.pcap,tcp_5764,tcp,5764,GoldenEye,Malware,DoS,GoldenEye
Thursday-15-02-2018_449.pcap,tcp_9128,tcp,9128,GoldenEye,Malware,DoS,GoldenEye
Thursday-15-02-2018_449.pcap,tcp_22918,tcp,22918,GoldenEye,Malware,DoS,GoldenEye
Thursday-15-02-2018_449.pcap,tcp_13859,tcp,13859,GoldenEye,Malware,DoS,GoldenEye
Thursday-15-02-2018_449.pcap,tcp_17078,tcp,17078,GoldenEye,Malware,DoS,GoldenEye
Thursday-15-02-2018_449.pcap,tcp_9602,tcp,9602,GoldenEye,Malware,DoS,GoldenEye
Thursday-15-02-2018_449.pcap,tcp_10008,tcp,10008,GoldenEye,Malware,DoS,GoldenEye
Thursday-15-02-2018_449.pcap,tcp_2826,tcp,2826,GoldenEye,Malware,DoS,GoldenEye
Thursday-15-02-2018_449.pcap,tcp_13993,tcp,13993,GoldenEye,Malware,DoS,GoldenEye
Thursday-15-02-2018_449.pcap,tcp_9771,tcp,9771,GoldenEye,Malware,DoS,GoldenEye
Thursday-15-02-2018_449.pcap,tcp_3279,tcp,3279,GoldenEye,Malware,DoS,GoldenEye
Thursday-15-02-2018_449.pcap,tcp_22195,tcp,22195,GoldenEye,Malware,DoS,GoldenEye
Thursday-15-02-2018_449.pcap,tcp_2161,tcp,2161,GoldenEye,Malware,DoS,GoldenEye
Thursday-15-02-2018_449.pcap,tcp_2580,tcp,2580,GoldenEye,Malware,DoS,GoldenEye
Thursday-15-02-2018_449.pcap,tcp_5435,tcp,5435,GoldenEye,Malware,DoS,GoldenEye
Thursday-15-02-2018_449.pcap,tcp_6886,tcp,6886,GoldenEye,Malware,DoS,GoldenEye
Thursday-15-02-2018_449.pcap,tcp_21385,tcp,21385,GoldenEye,Malware,DoS,GoldenEye
Thursday-15-02-2018_449.pcap,tcp_674,tcp,674,GoldenEye,Malware,DoS,GoldenEye
Thursday-15-02-2018_449.pcap,tcp_14535,tcp,14535,GoldenEye,Malware,DoS,GoldenEye
Thursday-15-02-2018_449.pcap,tcp_18681,tcp,18681,GoldenEye,Malware,DoS,GoldenEye
Thursday-15-02-2018_449.pcap,tcp_18249,tcp,18249,GoldenEye,Malware,DoS,GoldenEye
Thursday-15-02-2018_449.pcap,tcp_27085,tcp,27085,GoldenEye,Malware,DoS,GoldenEye
Thursday-15-02-2018_449.pcap,tcp_14418,tcp,14418,GoldenEye,Malware,DoS,GoldenEye
Thursday-15-02-2018_449.pcap,tcp_11366,tcp,11366,GoldenEye,Malware,DoS,GoldenEye
Thursday-15-02-2018_449.pcap,tcp_10411,tcp,10411,GoldenEye,Malware,DoS,GoldenEye
Thursday-15-02-2018_449.pcap,tcp_13613,tcp,13613,GoldenEye,Malware,DoS,GoldenEye
Thursday-15-02-2018_449.pcap,tcp_684,tcp,684,GoldenEye,Malware,DoS,GoldenEye
Thursday-15-02-2018_449.pcap,tcp_1318,tcp,1318,GoldenEye,Malware,DoS,GoldenEye
Thursday-15-02-2018_449.pcap,tcp_2091,tcp,2091,GoldenEye,Malware,DoS,GoldenEye
Thursday-15-02-2018_449.pcap,tcp_9306,tcp,9306,GoldenEye,Malware,DoS,GoldenEye
Thursday-15-02-2018_449.pcap,tcp_3244,tcp,3244,GoldenEye,Malware,DoS,GoldenEye
Thursday-15-02-2018_449.pcap,tcp_14148,tcp,14148,GoldenEye,Malware,DoS,GoldenEye
Thursday-15-02-2018_449.pcap,tcp_4088,tcp,4088,GoldenEye,Malware,DoS,GoldenEye
Thursday-15-02-2018_449.pcap,tcp_5852,tcp,5852,GoldenEye,Malware,DoS,GoldenEye
Thursday-15-02-2018_449.pcap,tcp_17477,tcp,17477,GoldenEye,Malware,DoS,GoldenEye
Thursday-15-02-2018_449.pcap,tcp_3652,tcp,3652,GoldenEye,Malware,DoS,GoldenEye
Thursday-15-02-2018_449.pcap,tcp_17794,tcp,17794,GoldenEye,Malware,DoS,GoldenEye
Thursday-15-02-2018_449.pcap,tcp_3644,tcp,3644,GoldenEye,Malware,DoS,GoldenEye
Thursday-15-02-2018_449.pcap,tcp_23642,tcp,23642,GoldenEye,Malware,DoS,GoldenEye
Thursday-15-02-2018_449.pcap,tcp_9510,tcp,9510,GoldenEye,Malware,DoS,GoldenEye
Thursday-15-02-2018_449.pcap,tcp_7227,tcp,7227,GoldenEye,Malware,DoS,GoldenEye
Thursday-15-02-2018_449.pcap,tcp_12006,tcp,12006,GoldenEye,Malware,DoS,GoldenEye
Thursday-15-02-2018_449.pcap,tcp_25186,tcp,25186,GoldenEye,Malware,DoS,GoldenEye
Thursday-15-02-2018_449.pcap,tcp_9883,tcp,9883,GoldenEye,Malware,DoS,GoldenEye
Thursday-15-02-2018_449.pcap,tcp_22371,tcp,22371,GoldenEye,Malware,DoS,GoldenEye
Thursday-15-02-2018_449.pcap,tcp_4861,tcp,4861,GoldenEye,Malware,DoS,GoldenEye
Thursday-15-02-2018_449.pcap,tcp_9954,tcp,9954,GoldenEye,Malware,DoS,GoldenEye
Thursday-15-02-2018_449.pcap,tcp_8812,tcp,8812,GoldenEye,Malware,DoS,GoldenEye
Thursday-15-02-2018_449.pcap,tcp_16288,tcp,16288,GoldenEye,Malware,DoS,GoldenEye
Thursday-15-02-2018_449.pcap,tcp_3019,tcp,3019,GoldenEye,Malware,DoS,GoldenEye
Thursday-15-02-2018_449.pcap,tcp_3425,tcp,3425,GoldenEye,Malware,DoS,GoldenEye
Thursday-15-02-2018_449.pcap,tcp_13020,tcp,13020,GoldenEye,Malware,DoS,GoldenEye
Thursday-15-02-2018_449.pcap,tcp_13096,tcp,13096,GoldenEye,Malware,DoS,GoldenEye
Thursday-15-02-2018_449.pcap,tcp_25895,tcp,25895,GoldenEye,Malware,DoS,GoldenEye
Thursday-15-02-2018_449.pcap,tcp_13619,tcp,13619,GoldenEye,Malware,DoS,GoldenEye
Thursday-15-02-2018_449.pcap,tcp_6587,tcp,6587,GoldenEye,Malware,DoS,GoldenEye
Thursday-15-02-2018_449.pcap,tcp_19534,tcp,19534,GoldenEye,Malware,DoS,GoldenEye
Thursday-15-02-2018_449.pcap,tcp_5542,tcp,5542,GoldenEye,Malware,DoS,GoldenEye
Thursday-15-02-2018_449.pcap,tcp_3104,tcp,3104,GoldenEye,Malware,DoS,GoldenEye
Thursday-15-02-2018_449.pcap,tcp_15549,tcp,15549,GoldenEye,Malware,DoS,GoldenEye
Thursday-15-02-2018_449.pcap,tcp_23413,tcp,23413,GoldenEye,Malware,DoS,GoldenEye
Thursday-15-02-2018_449.pcap,tcp_5832,tcp,5832,GoldenEye,Malware,DoS,GoldenEye
Thursday-15-02-2018_449.pcap,tcp_22971,tcp,22971,GoldenEye,Malware,DoS,GoldenEye
Thursday-15-02-2018_449.pcap,tcp_730,tcp,730,GoldenEye,Malware,DoS,GoldenEye
Thursday-15-02-2018_449.pcap,tcp_8972,tcp,8972,GoldenEye,Malware,DoS,GoldenEye
Thursday-15-02-2018_449.pcap,tcp_1552,tcp,1552,GoldenEye,Malware,DoS,GoldenEye
Thursday-15-02-2018_449.pcap,tcp_3355,tcp,3355,GoldenEye,Malware,DoS,GoldenEye
Thursday-15-02-2018_449.pcap,tcp_3166,tcp,3166,GoldenEye,Malware,DoS,GoldenEye
Thursday-15-02-2018_449.pcap,tcp_6918,tcp,6918,GoldenEye,Malware,DoS,GoldenEye
Thursday-15-02-2018_449.pcap,tcp_20605,tcp,20605,GoldenEye,Malware,DoS,GoldenEye
Thursday-15-02-2018_449.pcap,tcp_7555,tcp,7555,GoldenEye,Malware,DoS,GoldenEye
Thursday-15-02-2018_449.pcap,tcp_2453,tcp,2453,GoldenEye,Malware,DoS,GoldenEye
Thursday-15-02-2018_449.pcap,tcp_6185,tcp,6185,GoldenEye,Malware,DoS,GoldenEye
Thursday-15-02-2018_449.pcap,tcp_24289,tcp,24289,GoldenEye,Malware,DoS,GoldenEye
Thursday-15-02-2018_449.pcap,tcp_21985,tcp,21985,GoldenEye,Malware,DoS,GoldenEye
Thursday-15-02-2018_449.pcap,tcp_8648,tcp,8648,GoldenEye,Malware,DoS,GoldenEye
Thursday-15-02-2018_449.pcap,tcp_16584,tcp,16584,GoldenEye,Malware,DoS,GoldenEye
Thursday-15-02-2018_449.pcap,tcp_8315,tcp,8315,GoldenEye,Malware,DoS,GoldenEye
Thursday-15-02-2018_449.pcap,tcp_6356,tcp,6356,GoldenEye,Malware,DoS,GoldenEye
Thursday-15-02-2018_449.pcap,tcp_21665,tcp,21665,GoldenEye,Malware,DoS,GoldenEye
Thursday-15-02-2018_449.pcap,tcp_23356,tcp,23356,GoldenEye,Malware,DoS,GoldenEye
Thursday-15-02-2018_449.pcap,tcp_15916,tcp,15916,GoldenEye,Malware,DoS,GoldenEye
Thursday-15-02-2018_449.pcap,tcp_13215,tcp,13215,GoldenEye,Malware,DoS,GoldenEye
Thursday-15-02-2018_449.pcap,tcp_16414,tcp,16414,GoldenEye,Malware,DoS,GoldenEye
Thursday-15-02-2018_449.pcap,tcp_758,tcp,758,GoldenEye,Malware,DoS,GoldenEye
Thursday-15-02-2018_449.pcap,tcp_9394,tcp,9394,GoldenEye,Malware,DoS,GoldenEye
Thursday-15-02-2018_449.pcap,tcp_5791,tcp,5791,GoldenEye,Malware,DoS,GoldenEye
Thursday-15-02-2018_449.pcap,tcp_18659,tcp,18659,GoldenEye,Malware,DoS,GoldenEye
Thursday-15-02-2018_449.pcap,tcp_16002,tcp,16002,GoldenEye,Malware,DoS,GoldenEye
Thursday-15-02-2018_449.pcap,tcp_9317,tcp,9317,GoldenEye,Malware,DoS,GoldenEye
Thursday-15-02-2018_449.pcap,tcp_21728,tcp,21728,GoldenEye,Malware,DoS,GoldenEye
Thursday-15-02-2018_449.pcap,tcp_24296,tcp,24296,GoldenEye,Malware,DoS,GoldenEye
Thursday-15-02-2018_449.pcap,tcp_13757,tcp,13757,GoldenEye,Malware,DoS,GoldenEye
Thursday-15-02-2018_449.pcap,tcp_4589,tcp,4589,GoldenEye,Malware,DoS,GoldenEye
Thursday-15-02-2018_449.pcap,tcp_27072,tcp,27072,GoldenEye,Malware,DoS,GoldenEye
Thursday-15-02-2018_449.pcap,tcp_10840,tcp,10840,GoldenEye,Malware,DoS,GoldenEye
Thursday-15-02-2018_449.pcap,tcp_15149,tcp,15149,GoldenEye,Malware,DoS,GoldenEye
Thursday-15-02-2018_449.pcap,tcp_4230,tcp,4230,GoldenEye,Malware,DoS,GoldenEye
Thursday-15-02-2018_449.pcap,tcp_26700,tcp,26700,GoldenEye,Malware,DoS,GoldenEye
Thursday-15-02-2018_449.pcap,tcp_25793,tcp,25793,GoldenEye,Malware,DoS,GoldenEye
Thursday-15-02-2018_449.pcap,tcp_25071,tcp,25071,GoldenEye,Malware,DoS,GoldenEye
Thursday-15-02-2018_449.pcap,tcp_8995,tcp,8995,GoldenEye,Malware,DoS,GoldenEye
Thursday-15-02-2018_449.pcap,tcp_782,tcp,782,GoldenEye,Malware,DoS,GoldenEye
Thursday-15-02-2018_449.pcap,tcp_21437,tcp,21437,GoldenEye,Malware,DoS,GoldenEye
Thursday-15-02-2018_449.pcap,tcp_3751,tcp,3751,GoldenEye,Malware,DoS,GoldenEye
Thursday-15-02-2018_449.pcap,tcp_3321,tcp,3321,GoldenEye,Malware,DoS,GoldenEye
Thursday-15-02-2018_449.pcap,tcp_22916,tcp,22916,GoldenEye,Malware,DoS,GoldenEye
Thursday-15-02-2018_449.pcap,tcp_7796,tcp,7796,GoldenEye,Malware,DoS,GoldenEye
Thursday-15-02-2018_449.pcap,tcp_13710,tcp,13710,GoldenEye,Malware,DoS,GoldenEye
Thursday-15-02-2018_449.pcap,tcp_22361,tcp,22361,GoldenEye,Malware,DoS,GoldenEye
Thursday-15-02-2018_449.pcap,tcp_8379,tcp,8379,GoldenEye,Malware,DoS,GoldenEye
Thursday-15-02-2018_449.pcap,tcp_15757,tcp,15757,GoldenEye,Malware,DoS,GoldenEye
Thursday-15-02-2018_449.pcap,tcp_24561,tcp,24561,GoldenEye,Malware,DoS,GoldenEye
Thursday-15-02-2018_449.pcap,tcp_16078,tcp,16078,GoldenEye,Malware,DoS,GoldenEye
Thursday-15-02-2018_449.pcap,tcp_10753,tcp,10753,GoldenEye,Malware,DoS,GoldenEye
Thursday-15-02-2018_449.pcap,tcp_4443,tcp,4443,GoldenEye,Malware,DoS,GoldenEye
Thursday-15-02-2018_449.pcap,tcp_18257,tcp,18257,GoldenEye,Malware,DoS,GoldenEye
Thursday-15-02-2018_449.pcap,tcp_4305,tcp,4305,GoldenEye,Malware,DoS,GoldenEye
Thursday-15-02-2018_449.pcap,tcp_3257,tcp,3257,GoldenEye,Malware,DoS,GoldenEye
Thursday-15-02-2018_449.pcap,tcp_22941,tcp,22941,GoldenEye,Malware,DoS,GoldenEye
Thursday-15-02-2018_449.pcap,tcp_11006,tcp,11006,GoldenEye,Malware,DoS,GoldenEye
Thursday-15-02-2018_449.pcap,tcp_13626,tcp,13626,GoldenEye,Malware,DoS,GoldenEye
Thursday-15-02-2018_449.pcap,tcp_6291,tcp,6291,GoldenEye,Malware,DoS,GoldenEye
Thursday-15-02-2018_449.pcap,tcp_14264,tcp,14264,GoldenEye,Malware,DoS,GoldenEye
Thursday-15-02-2018_449.pcap,tcp_12043,tcp,12043,GoldenEye,Malware,DoS,GoldenEye
Thursday-15-02-2018_449.pcap,tcp_10743,tcp,10743,GoldenEye,Malware,DoS,GoldenEye
Thursday-15-02-2018_449.pcap,tcp_2712,tcp,2712,GoldenEye,Malware,DoS,GoldenEye
Thursday-15-02-2018_449.pcap,tcp_12757,tcp,12757,GoldenEye,Malware,DoS,GoldenEye
Thursday-15-02-2018_449.pcap,tcp_25420,tcp,25420,GoldenEye,Malware,DoS,GoldenEye
Thursday-15-02-2018_449.pcap,tcp_14013,tcp,14013,GoldenEye,Malware,DoS,GoldenEye
Thursday-15-02-2018_449.pcap,tcp_816,tcp,816,GoldenEye,Malware,DoS,GoldenEye
Thursday-15-02-2018_449.pcap,tcp_19554,tcp,19554,GoldenEye,Malware,DoS,GoldenEye
Thursday-15-02-2018_449.pcap,tcp_16040,tcp,16040,GoldenEye,Malware,DoS,GoldenEye
Thursday-15-02-2018_449.pcap,tcp_12895,tcp,12895,GoldenEye,Malware,DoS,GoldenEye
Thursday-15-02-2018_449.pcap,tcp_4536,tcp,4536,GoldenEye,Malware,DoS,GoldenEye
Thursday-15-02-2018_449.pcap,tcp_25469,tcp,25469,GoldenEye,Malware,DoS,GoldenEye
Thursday-15-02-2018_449.pcap,tcp_4075,tcp,4075,GoldenEye,Malware,DoS,GoldenEye
Thursday-15-02-2018_449.pcap,tcp_3627,tcp,3627,GoldenEye,Malware,DoS,GoldenEye
Thursday-15-02-2018_449.pcap,tcp_2302,tcp,2302,GoldenEye,Malware,DoS,GoldenEye
Thursday-15-02-2018_449.pcap,tcp_3703,tcp,3703,GoldenEye,Malware,DoS,GoldenEye
Thursday-15-02-2018_449.pcap,tcp_15224,tcp,15224,GoldenEye,Malware,DoS,GoldenEye
Thursday-15-02-2018_449.pcap,tcp_22828,tcp,22828,GoldenEye,Malware,DoS,GoldenEye
Thursday-15-02-2018_449.pcap,tcp_6935,tcp,6935,GoldenEye,Malware,DoS,GoldenEye
Thursday-15-02-2018_449.pcap,tcp_16111,tcp,16111,GoldenEye,Malware,DoS,GoldenEye
Thursday-15-02-2018_449.pcap,tcp_21845,tcp,21845,GoldenEye,Malware,DoS,GoldenEye
Thursday-15-02-2018_449.pcap,tcp_23314,tcp,23314,GoldenEye,Malware,DoS,GoldenEye
Thursday-15-02-2018_449.pcap,tcp_24466,tcp,24466,GoldenEye,Malware,DoS,GoldenEye
Thursday-15-02-2018_449.pcap,tcp_10908,tcp,10908,GoldenEye,Malware,DoS,GoldenEye
Thursday-15-02-2018_449.pcap,tcp_21522,tcp,21522,GoldenEye,Malware,DoS,GoldenEye
Thursday-15-02-2018_449.pcap,tcp_23872,tcp,23872,GoldenEye,Malware,DoS,GoldenEye
Thursday-15-02-2018_449.pcap,tcp_841,tcp,841,GoldenEye,Malware,DoS,GoldenEye
Thursday-15-02-2018_449.pcap,tcp_3865,tcp,3865,GoldenEye,Malware,DoS,GoldenEye
Thursday-15-02-2018_449.pcap,tcp_8911,tcp,8911,GoldenEye,Malware,DoS,GoldenEye
Thursday-15-02-2018_449.pcap,tcp_15373,tcp,15373,GoldenEye,Malware,DoS,GoldenEye
Thursday-15-02-2018_449.pcap,tcp_18338,tcp,18338,GoldenEye,Malware,DoS,GoldenEye
Thursday-15-02-2018_449.pcap,tcp_12273,tcp,12273,GoldenEye,Malware,DoS,GoldenEye
Thursday-15-02-2018_449.pcap,tcp_5564,tcp,5564,GoldenEye,Malware,DoS,GoldenEye
Thursday-15-02-2018_449.pcap,tcp_14323,tcp,14323,GoldenEye,Malware,DoS,GoldenEye
Thursday-15-02-2018_449.pcap,tcp_5039,tcp,5039,GoldenEye,Malware,DoS,GoldenEye
Thursday-15-02-2018_449.pcap,tcp_14727,tcp,14727,GoldenEye,Malware,DoS,GoldenEye
Thursday-15-02-2018_449.pcap,tcp_18487,tcp,18487,GoldenEye,Malware,DoS,GoldenEye
Thursday-15-02-2018_449.pcap,tcp_3675,tcp,3675,GoldenEye,Malware,DoS,GoldenEye
Thursday-15-02-2018_449.pcap,tcp_25031,tcp,25031,GoldenEye,Malware,DoS,GoldenEye
Thursday-15-02-2018_449.pcap,tcp_12716,tcp,12716,GoldenEye,Malware,DoS,GoldenEye
Thursday-15-02-2018_449.pcap,tcp_3706,tcp,3706,GoldenEye,Malware,DoS,GoldenEye
Thursday-15-02-2018_449.pcap,tcp_4528,tcp,4528,GoldenEye,Malware,DoS,GoldenEye
Thursday-15-02-2018_449.pcap,tcp_25597,tcp,25597,GoldenEye,Malware,DoS,GoldenEye
Thursday-15-02-2018_449.pcap,tcp_9540,tcp,9540,GoldenEye,Malware,DoS,GoldenEye
Thursday-15-02-2018_449.pcap,tcp_16036,tcp,16036,GoldenEye,Malware,DoS,GoldenEye
Thursday-15-02-2018_449.pcap,tcp_15868,tcp,15868,GoldenEye,Malware,DoS,GoldenEye
Thursday-15-02-2018_449.pcap,tcp_6228,tcp,6228,GoldenEye,Malware,DoS,GoldenEye
Thursday-15-02-2018_449.pcap,tcp_7956,tcp,7956,GoldenEye,Malware,DoS,GoldenEye
Thursday-15-02-2018_449.pcap,tcp_1720,tcp,1720,GoldenEye,Malware,DoS,GoldenEye
Thursday-15-02-2018_449.pcap,tcp_24051,tcp,24051,GoldenEye,Malware,DoS,GoldenEye
Thursday-15-02-2018_449.pcap,tcp_14010,tcp,14010,GoldenEye,Malware,DoS,GoldenEye
Thursday-15-02-2018_449.pcap,tcp_14984,tcp,14984,GoldenEye,Malware,DoS,GoldenEye
Thursday-15-02-2018_449.pcap,tcp_20068,tcp,20068,GoldenEye,Malware,DoS,GoldenEye
Thursday-15-02-2018_449.pcap,tcp_26791,tcp,26791,GoldenEye,Malware,DoS,GoldenEye
Thursday-15-02-2018_449.pcap,tcp_18380,tcp,18380,GoldenEye,Malware,DoS,GoldenEye
Thursday-15-02-2018_449.pcap,tcp_25474,tcp,25474,GoldenEye,Malware,DoS,GoldenEye
Thursday-15-02-2018_449.pcap,tcp_20483,tcp,20483,GoldenEye,Malware,DoS,GoldenEye
Thursday-15-02-2018_449.pcap,tcp_2351,tcp,2351,GoldenEye,Malware,DoS,GoldenEye
Thursday-15-02-2018_449.pcap,tcp_21780,tcp,21780,GoldenEye,Malware,DoS,GoldenEye
Thursday-15-02-2018_449.pcap,tcp_9398,tcp,9398,GoldenEye,Malware,DoS,GoldenEye
Thursday-15-02-2018_449.pcap,tcp_18064,tcp,18064,GoldenEye,Malware,DoS,GoldenEye
Thursday-15-02-2018_449.pcap,tcp_11027,tcp,11027,GoldenEye,Malware,DoS,GoldenEye
Thursday-15-02-2018_449.pcap,tcp_13274,tcp,13274,GoldenEye,Malware,DoS,GoldenEye
Thursday-15-02-2018_449.pcap,tcp_21851,tcp,21851,GoldenEye,Malware,DoS,GoldenEye
Thursday-15-02-2018_449.pcap,tcp_6050,tcp,6050,GoldenEye,Malware,DoS,GoldenEye
Thursday-15-02-2018_449.pcap,tcp_18834,tcp,18834,GoldenEye,Malware,DoS,GoldenEye
Thursday-15-02-2018_449.pcap,tcp_1332,tcp,1332,GoldenEye,Malware,DoS,GoldenEye
Thursday-15-02-2018_449.pcap,tcp_12477,tcp,12477,GoldenEye,Malware,DoS,GoldenEye
Thursday-15-02-2018_449.pcap,tcp_21523,tcp,21523,GoldenEye,Malware,DoS,GoldenEye
Thursday-15-02-2018_449.pcap,tcp_10408,tcp,10408,GoldenEye,Malware,DoS,GoldenEye
Thursday-15-02-2018_449.pcap,tcp_5621,tcp,5621,GoldenEye,Malware,DoS,GoldenEye
Thursday-15-02-2018_449.pcap,tcp_25999,tcp,25999,GoldenEye,Malware,DoS,GoldenEye
Thursday-15-02-2018_449.pcap,tcp_26118,tcp,26118,GoldenEye,Malware,DoS,GoldenEye
Thursday-15-02-2018_449.pcap,tcp_26589,tcp,26589,GoldenEye,Malware,DoS,GoldenEye
Thursday-15-02-2018_449.pcap,tcp_24873,tcp,24873,GoldenEye,Malware,DoS,GoldenEye
Thursday-15-02-2018_449.pcap,tcp_13650,tcp,13650,GoldenEye,Malware,DoS,GoldenEye
Thursday-15-02-2018_449.pcap,tcp_15744,tcp,15744,GoldenEye,Malware,DoS,GoldenEye
Thursday-15-02-2018_449.pcap,tcp_5113,tcp,5113,GoldenEye,Malware,DoS,GoldenEye
Thursday-15-02-2018_449.pcap,tcp_6798,tcp,6798,GoldenEye,Malware,DoS,GoldenEye
Thursday-15-02-2018_449.pcap,tcp_10363,tcp,10363,GoldenEye,Malware,DoS,GoldenEye
Thursday-15-02-2018_449.pcap,tcp_16314,tcp,16314,GoldenEye,Malware,DoS,GoldenEye
Thursday-15-02-2018_449.pcap,tcp_10751,tcp,10751,GoldenEye,Malware,DoS,GoldenEye
Thursday-15-02-2018_449.pcap,tcp_9526,tcp,9526,GoldenEye,Malware,DoS,GoldenEye
Thursday-15-02-2018_449.pcap,tcp_22628,tcp,22628,GoldenEye,Malware,DoS,GoldenEye
Thursday-15-02-2018_449.pcap,tcp_10812,tcp,10812,GoldenEye,Malware,DoS,GoldenEye
Thursday-15-02-2018_449.pcap,tcp_23027,tcp,23027,GoldenEye,Malware,DoS,GoldenEye
Thursday-15-02-2018_449.pcap,tcp_21398,tcp,21398,GoldenEye,Malware,DoS,GoldenEye
Thursday-15-02-2018_449.pcap,tcp_13279,tcp,13279,GoldenEye,Malware,DoS,GoldenEye
Thursday-15-02-2018_449.pcap,tcp_15791,tcp,15791,GoldenEye,Malware,DoS,GoldenEye
Thursday-15-02-2018_449.pcap,tcp_11716,tcp,11716,GoldenEye,Malware,DoS,GoldenEye
Thursday-15-02-2018_449.pcap,tcp_7994,tcp,7994,GoldenEye,Malware,DoS,GoldenEye
Thursday-15-02-2018_449.pcap,tcp_20624,tcp,20624,GoldenEye,Malware,DoS,GoldenEye
Thursday-15-02-2018_449.pcap,tcp_25207,tcp,25207,GoldenEye,Malware,DoS,GoldenEye
Thursday-15-02-2018_449.pcap,tcp_3396,tcp,3396,GoldenEye,Malware,DoS,GoldenEye
Thursday-15-02-2018_449.pcap,tcp_10129,tcp,10129,GoldenEye,Malware,DoS,GoldenEye
Thursday-15-02-2018_449.pcap,tcp_21810,tcp,21810,GoldenEye,Malware,DoS,GoldenEye
Thursday-15-02-2018_449.pcap,tcp_10502,tcp,10502,GoldenEye,Malware,DoS,GoldenEye
Thursday-15-02-2018_449.pcap,tcp_16749,tcp,16749,GoldenEye,Malware,DoS,GoldenEye
Thursday-15-02-2018_449.pcap,tcp_6164,tcp,6164,GoldenEye,Malware,DoS,GoldenEye
Thursday-15-02-2018_449.pcap,tcp_16355,tcp,16355,GoldenEye,Malware,DoS,GoldenEye
Thursday-15-02-2018_449.pcap,tcp_17489,tcp,17489,GoldenEye,Malware,DoS,GoldenEye
Thursday-15-02-2018_449.pcap,tcp_5540,tcp,5540,GoldenEye,Malware,DoS,GoldenEye
Thursday-15-02-2018_449.pcap,tcp_10722,tcp,10722,GoldenEye,Malware,DoS,GoldenEye
Thursday-15-02-2018_449.pcap,tcp_4080,tcp,4080,GoldenEye,Malware,DoS,GoldenEye
Thursday-15-02-2018_449.pcap,tcp_12743,tcp,12743,GoldenEye,Malware,DoS,GoldenEye
Thursday-15-02-2018_449.pcap,tcp_20475,tcp,20475,GoldenEye,Malware,DoS,GoldenEye
Thursday-15-02-2018_449.pcap,tcp_12302,tcp,12302,GoldenEye,Malware,DoS,GoldenEye
Thursday-15-02-2018_449.pcap,tcp_10124,tcp,10124,GoldenEye,Malware,DoS,GoldenEye
Thursday-15-02-2018_449.pcap,tcp_11727,tcp,11727,GoldenEye,Malware,DoS,GoldenEye
Thursday-15-02-2018_449.pcap,tcp_2337,tcp,2337,GoldenEye,Malware,DoS,GoldenEye
Thursday-15-02-2018_449.pcap,tcp_23442,tcp,23442,GoldenEye,Malware,DoS,GoldenEye
Thursday-15-02-2018_449.pcap,tcp_10355,tcp,10355,GoldenEye,Malware,DoS,GoldenEye
Thursday-15-02-2018_449.pcap,tcp_25700,tcp,25700,GoldenEye,Malware,DoS,GoldenEye
Thursday-15-02-2018_449.pcap,tcp_24172,tcp,24172,GoldenEye,Malware,DoS,GoldenEye
Thursday-15-02-2018_449.pcap,tcp_8421,tcp,8421,GoldenEye,Malware,DoS,GoldenEye
Thursday-15-02-2018_449.pcap,tcp_17583,tcp,17583,GoldenEye,Malware,DoS,GoldenEye
Thursday-15-02-2018_449.pcap,tcp_18157,tcp,18157,GoldenEye,Malware,DoS,GoldenEye
Thursday-15-02-2018_449.pcap,tcp_8506,tcp,8506,GoldenEye,Malware,DoS,GoldenEye
Thursday-15-02-2018_449.pcap,tcp_22795,tcp,22795,GoldenEye,Malware,DoS,GoldenEye
Thursday-15-02-2018_449.pcap,tcp_7365,tcp,7365,GoldenEye,Malware,DoS,GoldenEye
Thursday-15-02-2018_449.pcap,tcp_7949,tcp,7949,GoldenEye,Malware,DoS,GoldenEye
Thursday-15-02-2018_449.pcap,tcp_17027,tcp,17027,GoldenEye,Malware,DoS,GoldenEye
Thursday-15-02-2018_449.pcap,tcp_10425,tcp,10425,GoldenEye,Malware,DoS,GoldenEye
Thursday-15-02-2018_449.pcap,tcp_11402,tcp,11402,GoldenEye,Malware,DoS,GoldenEye
Thursday-15-02-2018_449.pcap,tcp_8356,tcp,8356,GoldenEye,Malware,DoS,GoldenEye
Thursday-15-02-2018_449.pcap,tcp_13071,tcp,13071,GoldenEye,Malware,DoS,GoldenEye
Thursday-15-02-2018_449.pcap,tcp_12666,tcp,12666,GoldenEye,Malware,DoS,GoldenEye
Thursday-15-02-2018_449.pcap,tcp_14847,tcp,14847,GoldenEye,Malware,DoS,GoldenEye
Thursday-15-02-2018_449.pcap,tcp_13984,tcp,13984,GoldenEye,Malware,DoS,GoldenEye
Thursday-15-02-2018_449.pcap,tcp_26556,tcp,26556,GoldenEye,Malware,DoS,GoldenEye
Thursday-15-02-2018_449.pcap,tcp_26639,tcp,26639,GoldenEye,Malware,DoS,GoldenEye
Thursday-15-02-2018_449.pcap,tcp_24877,tcp,24877,GoldenEye,Malware,DoS,GoldenEye
Thursday-15-02-2018_449.pcap,tcp_9373,tcp,9373,GoldenEye,Malware,DoS,GoldenEye
Thursday-15-02-2018_449.pcap,tcp_18061,tcp,18061,GoldenEye,Malware,DoS,GoldenEye
Thursday-15-02-2018_449.pcap,tcp_18594,tcp,18594,GoldenEye,Malware,DoS,GoldenEye
Thursday-15-02-2018_449.pcap,tcp_20177,tcp,20177,GoldenEye,Malware,DoS,GoldenEye
Thursday-15-02-2018_449.pcap,tcp_7330,tcp,7330,GoldenEye,Malware,DoS,GoldenEye
Thursday-15-02-2018_449.pcap,tcp_25908,tcp,25908,GoldenEye,Malware,DoS,GoldenEye
Thursday-15-02-2018_449.pcap,tcp_18137,tcp,18137,GoldenEye,Malware,DoS,GoldenEye
Thursday-15-02-2018_449.pcap,tcp_7245,tcp,7245,GoldenEye,Malware,DoS,GoldenEye
Thursday-15-02-2018_449.pcap,tcp_4913,tcp,4913,GoldenEye,Malware,DoS,GoldenEye
Thursday-15-02-2018_449.pcap,tcp_11183,tcp,11183,GoldenEye,Malware,DoS,GoldenEye
Thursday-15-02-2018_449.pcap,tcp_2038,tcp,2038,GoldenEye,Malware,DoS,GoldenEye
Thursday-15-02-2018_449.pcap,tcp_12916,tcp,12916,GoldenEye,Malware,DoS,GoldenEye
Thursday-15-02-2018_449.pcap,tcp_6435,tcp,6435,GoldenEye,Malware,DoS,GoldenEye
Thursday-15-02-2018_449.pcap,tcp_16362,tcp,16362,GoldenEye,Malware,DoS,GoldenEye
Thursday-15-02-2018_449.pcap,tcp_10004,tcp,10004,GoldenEye,Malware,DoS,GoldenEye
Thursday-15-02-2018_449.pcap,tcp_23693,tcp,23693,GoldenEye,Malware,DoS,GoldenEye
Thursday-15-02-2018_449.pcap,tcp_20656,tcp,20656,GoldenEye,Malware,DoS,GoldenEye
Thursday-15-02-2018_449.pcap,tcp_5632,tcp,5632,GoldenEye,Malware,DoS,GoldenEye
Thursday-15-02-2018_449.pcap,tcp_15883,tcp,15883,GoldenEye,Malware,DoS,GoldenEye
Thursday-15-02-2018_449.pcap,tcp_6385,tcp,6385,GoldenEye,Malware,DoS,GoldenEye
Thursday-15-02-2018_449.pcap,tcp_22673,tcp,22673,GoldenEye,Malware,DoS,GoldenEye
Thursday-15-02-2018_449.pcap,tcp_18239,tcp,18239,GoldenEye,Malware,DoS,GoldenEye
Thursday-15-02-2018_449.pcap,tcp_21586,tcp,21586,GoldenEye,Malware,DoS,GoldenEye
Thursday-15-02-2018_449.pcap,tcp_23131,tcp,23131,GoldenEye,Malware,DoS,GoldenEye
Thursday-15-02-2018_449.pcap,tcp_25631,tcp,25631,GoldenEye,Malware,DoS,GoldenEye
Thursday-15-02-2018_449.pcap,tcp_12181,tcp,12181,GoldenEye,Malware,DoS,GoldenEye
Thursday-15-02-2018_449.pcap,tcp_16571,tcp,16571,GoldenEye,Malware,DoS,GoldenEye
Thursday-15-02-2018_449.pcap,tcp_7457,tcp,7457,GoldenEye,Malware,DoS,GoldenEye
Thursday-15-02-2018_449.pcap,tcp_21543,tcp,21543,GoldenEye,Malware,DoS,GoldenEye
Thursday-15-02-2018_449.pcap,tcp_3325,tcp,3325,GoldenEye,Malware,DoS,GoldenEye
Thursday-15-02-2018_449.pcap,tcp_3320,tcp,3320,GoldenEye,Malware,DoS,GoldenEye
Thursday-15-02-2018_449.pcap,tcp_4027,tcp,4027,GoldenEye,Malware,DoS,GoldenEye
Thursday-15-02-2018_449.pcap,tcp_25937,tcp,25937,GoldenEye,Malware,DoS,GoldenEye
Thursday-15-02-2018_449.pcap,tcp_12980,tcp,12980,GoldenEye,Malware,DoS,GoldenEye
Thursday-15-02-2018_449.pcap,tcp_1567,tcp,1567,GoldenEye,Malware,DoS,GoldenEye
Thursday-15-02-2018_449.pcap,tcp_1780,tcp,1780,GoldenEye,Malware,DoS,GoldenEye
Thursday-15-02-2018_449.pcap,tcp_26985,tcp,26985,GoldenEye,Malware,DoS,GoldenEye
Thursday-15-02-2018_449.pcap,tcp_2188,tcp,2188,GoldenEye,Malware,DoS,GoldenEye
Thursday-15-02-2018_449.pcap,tcp_15392,tcp,15392,GoldenEye,Malware,DoS,GoldenEye
Thursday-15-02-2018_449.pcap,tcp_11213,tcp,11213,GoldenEye,Malware,DoS,GoldenEye
Thursday-15-02-2018_449.pcap,tcp_2791,tcp,2791,GoldenEye,Malware,DoS,GoldenEye
Thursday-15-02-2018_449.pcap,tcp_10915,tcp,10915,GoldenEye,Malware,DoS,GoldenEye
Thursday-15-02-2018_449.pcap,tcp_6537,tcp,6537,GoldenEye,Malware,DoS,GoldenEye
Thursday-15-02-2018_449.pcap,tcp_8678,tcp,8678,GoldenEye,Malware,DoS,GoldenEye
Thursday-15-02-2018_449.pcap,tcp_7647,tcp,7647,GoldenEye,Malware,DoS,GoldenEye
Thursday-15-02-2018_449.pcap,tcp_2034,tcp,2034,GoldenEye,Malware,DoS,GoldenEye
Thursday-15-02-2018_449.pcap,tcp_18877,tcp,18877,GoldenEye,Malware,DoS,GoldenEye
Thursday-15-02-2018_449.pcap,tcp_6928,tcp,6928,GoldenEye,Malware,DoS,GoldenEye
Thursday-15-02-2018_449.pcap,tcp_9765,tcp,9765,GoldenEye,Malware,DoS,GoldenEye
Thursday-15-02-2018_449.pcap,tcp_6049,tcp,6049,GoldenEye,Malware,DoS,GoldenEye
Thursday-15-02-2018_449.pcap,tcp_22047,tcp,22047,GoldenEye,Malware,DoS,GoldenEye
Thursday-15-02-2018_449.pcap,tcp_26679,tcp,26679,GoldenEye,Malware,DoS,GoldenEye
Thursday-15-02-2018_449.pcap,tcp_25537,tcp,25537,GoldenEye,Malware,DoS,GoldenEye
Thursday-15-02-2018_449.pcap,tcp_14272,tcp,14272,GoldenEye,Malware,DoS,GoldenEye
Thursday-15-02-2018_449.pcap,tcp_23587,tcp,23587,GoldenEye,Malware,DoS,GoldenEye
Thursday-15-02-2018_449.pcap,tcp_22891,tcp,22891,GoldenEye,Malware,DoS,GoldenEye
Thursday-15-02-2018_449.pcap,tcp_6351,tcp,6351,GoldenEye,Malware,DoS,GoldenEye
Thursday-15-02-2018_449.pcap,tcp_10950,tcp,10950,GoldenEye,Malware,DoS,GoldenEye
Thursday-15-02-2018_449.pcap,tcp_21227,tcp,21227,GoldenEye,Malware,DoS,GoldenEye
Thursday-15-02-2018_449.pcap,tcp_16851,tcp,16851,GoldenEye,Malware,DoS,GoldenEye
Thursday-15-02-2018_449.pcap,tcp_18353,tcp,18353,GoldenEye,Malware,DoS,GoldenEye
Thursday-15-02-2018_449.pcap,tcp_9361,tcp,9361,GoldenEye,Malware,DoS,GoldenEye
Thursday-15-02-2018_449.pcap,tcp_23596,tcp,23596,GoldenEye,Malware,DoS,GoldenEye
Thursday-15-02-2018_449.pcap,tcp_11126,tcp,11126,GoldenEye,Malware,DoS,GoldenEye
Thursday-15-02-2018_449.pcap,tcp_11088,tcp,11088,GoldenEye,Malware,DoS,GoldenEye
Thursday-15-02-2018_449.pcap,tcp_2339,tcp,2339,GoldenEye,Malware,DoS,GoldenEye
Thursday-15-02-2018_449.pcap,tcp_25909,tcp,25909,GoldenEye,Malware,DoS,GoldenEye
Thursday-15-02-2018_449.pcap,tcp_16192,tcp,16192,GoldenEye,Malware,DoS,GoldenEye
Thursday-15-02-2018_449.pcap,tcp_11246,tcp,11246,GoldenEye,Malware,DoS,GoldenEye
Thursday-15-02-2018_449.pcap,tcp_22243,tcp,22243,GoldenEye,Malware,DoS,GoldenEye
Thursday-15-02-2018_449.pcap,tcp_15240,tcp,15240,GoldenEye,Malware,DoS,GoldenEye
Thursday-15-02-2018_449.pcap,tcp_2030,tcp,2030,GoldenEye,Malware,DoS,GoldenEye
Thursday-15-02-2018_449.pcap,tcp_16254,tcp,16254,GoldenEye,Malware,DoS,GoldenEye
Thursday-15-02-2018_449.pcap,tcp_9516,tcp,9516,GoldenEye,Malware,DoS,GoldenEye
Thursday-15-02-2018_449.pcap,tcp_5263,tcp,5263,GoldenEye,Malware,DoS,GoldenEye
Thursday-15-02-2018_449.pcap,tcp_11013,tcp,11013,GoldenEye,Malware,DoS,GoldenEye
Thursday-15-02-2018_449.pcap,tcp_22732,tcp,22732,GoldenEye,Malware,DoS,GoldenEye
Thursday-15-02-2018_449.pcap,tcp_14058,tcp,14058,GoldenEye,Malware,DoS,GoldenEye
Thursday-15-02-2018_449.pcap,tcp_22682,tcp,22682,GoldenEye,Malware,DoS,GoldenEye
Thursday-15-02-2018_449.pcap,tcp_19272,tcp,19272,GoldenEye,Malware,DoS,GoldenEye
Thursday-15-02-2018_449.pcap,tcp_10345,tcp,10345,GoldenEye,Malware,DoS,GoldenEye
Thursday-15-02-2018_449.pcap,tcp_10482,tcp,10482,GoldenEye,Malware,DoS,GoldenEye
Thursday-15-02-2018_449.pcap,tcp_7666,tcp,7666,GoldenEye,Malware,DoS,GoldenEye
Thursday-15-02-2018_449.pcap,tcp_23613,tcp,23613,GoldenEye,Malware,DoS,GoldenEye
Thursday-15-02-2018_449.pcap,tcp_23707,tcp,23707,GoldenEye,Malware,DoS,GoldenEye
Thursday-15-02-2018_449.pcap,tcp_5041,tcp,5041,GoldenEye,Malware,DoS,GoldenEye
Thursday-15-02-2018_449.pcap,tcp_20989,tcp,20989,GoldenEye,Malware,DoS,GoldenEye
Thursday-15-02-2018_449.pcap,tcp_12517,tcp,12517,GoldenEye,Malware,DoS,GoldenEye
Thursday-15-02-2018_449.pcap,tcp_8936,tcp,8936,GoldenEye,Malware,DoS,GoldenEye
Thursday-15-02-2018_449.pcap,tcp_17299,tcp,17299,GoldenEye,Malware,DoS,GoldenEye
Thursday-15-02-2018_449.pcap,tcp_17187,tcp,17187,GoldenEye,Malware,DoS,GoldenEye
Thursday-15-02-2018_449.pcap,tcp_23854,tcp,23854,GoldenEye,Malware,DoS,GoldenEye
Thursday-15-02-2018_449.pcap,tcp_11102,tcp,11102,GoldenEye,Malware,DoS,GoldenEye
Thursday-15-02-2018_449.pcap,tcp_17352,tcp,17352,GoldenEye,Malware,DoS,GoldenEye
Thursday-15-02-2018_449.pcap,tcp_16170,tcp,16170,GoldenEye,Malware,DoS,GoldenEye
Thursday-15-02-2018_449.pcap,tcp_16894,tcp,16894,GoldenEye,Malware,DoS,GoldenEye
Thursday-15-02-2018_449.pcap,tcp_25692,tcp,25692,GoldenEye,Malware,DoS,GoldenEye
Thursday-15-02-2018_449.pcap,tcp_13960,tcp,13960,GoldenEye,Malware,DoS,GoldenEye
Thursday-15-02-2018_449.pcap,tcp_4836,tcp,4836,GoldenEye,Malware,DoS,GoldenEye
Thursday-15-02-2018_449.pcap,tcp_18034,tcp,18034,GoldenEye,Malware,DoS,GoldenEye
Thursday-15-02-2018_449.pcap,tcp_4147,tcp,4147,GoldenEye,Malware,DoS,GoldenEye
Thursday-15-02-2018_449.pcap,tcp_7138,tcp,7138,GoldenEye,Malware,DoS,GoldenEye
Thursday-15-02-2018_449.pcap,tcp_4761,tcp,4761,GoldenEye,Malware,DoS,GoldenEye
Thursday-15-02-2018_449.pcap,tcp_13534,tcp,13534,GoldenEye,Malware,DoS,GoldenEye
Thursday-15-02-2018_449.pcap,tcp_1107,tcp,1107,GoldenEye,Malware,DoS,GoldenEye
Thursday-15-02-2018_449.pcap,tcp_7415,tcp,7415,GoldenEye,Malware,DoS,GoldenEye
Thursday-15-02-2018_449.pcap,tcp_6879,tcp,6879,GoldenEye,Malware,DoS,GoldenEye
Thursday-15-02-2018_449.pcap,tcp_10708,tcp,10708,GoldenEye,Malware,DoS,GoldenEye
Thursday-15-02-2018_449.pcap,tcp_4976,tcp,4976,GoldenEye,Malware,DoS,GoldenEye
Thursday-15-02-2018_449.pcap,tcp_15082,tcp,15082,GoldenEye,Malware,DoS,GoldenEye
Thursday-15-02-2018_449.pcap,tcp_21120,tcp,21120,GoldenEye,Malware,DoS,GoldenEye
Thursday-15-02-2018_449.pcap,tcp_17816,tcp,17816,GoldenEye,Malware,DoS,GoldenEye
Thursday-15-02-2018_449.pcap,tcp_5238,tcp,5238,GoldenEye,Malware,DoS,GoldenEye
Thursday-15-02-2018_449.pcap,tcp_8907,tcp,8907,GoldenEye,Malware,DoS,GoldenEye
Thursday-15-02-2018_449.pcap,tcp_20500,tcp,20500,GoldenEye,Malware,DoS,GoldenEye
Thursday-15-02-2018_449.pcap,tcp_10451,tcp,10451,GoldenEye,Malware,DoS,GoldenEye
Thursday-15-02-2018_449.pcap,tcp_9286,tcp,9286,GoldenEye,Malware,DoS,GoldenEye
Thursday-15-02-2018_449.pcap,tcp_20717,tcp,20717,GoldenEye,Malware,DoS,GoldenEye
Thursday-15-02-2018_449.pcap,tcp_1352,tcp,1352,GoldenEye,Malware,DoS,GoldenEye
Thursday-15-02-2018_449.pcap,tcp_2657,tcp,2657,GoldenEye,Malware,DoS,GoldenEye
Thursday-15-02-2018_449.pcap,tcp_2564,tcp,2564,GoldenEye,Malware,DoS,GoldenEye
Thursday-15-02-2018_449.pcap,tcp_2953,tcp,2953,GoldenEye,Malware,DoS,GoldenEye
Thursday-15-02-2018_449.pcap,tcp_17412,tcp,17412,GoldenEye,Malware,DoS,GoldenEye
Thursday-15-02-2018_449.pcap,tcp_3944,tcp,3944,GoldenEye,Malware,DoS,GoldenEye
Thursday-15-02-2018_449.pcap,tcp_24207,tcp,24207,GoldenEye,Malware,DoS,GoldenEye
Thursday-15-02-2018_449.pcap,tcp_18580,tcp,18580,GoldenEye,Malware,DoS,GoldenEye
Thursday-15-02-2018_449.pcap,tcp_18853,tcp,18853,GoldenEye,Malware,DoS,GoldenEye
Thursday-15-02-2018_449.pcap,tcp_16100,tcp,16100,GoldenEye,Malware,DoS,GoldenEye
Thursday-15-02-2018_449.pcap,tcp_6170,tcp,6170,GoldenEye,Malware,DoS,GoldenEye
Thursday-15-02-2018_449.pcap,tcp_25159,tcp,25159,GoldenEye,Malware,DoS,GoldenEye
Thursday-15-02-2018_449.pcap,tcp_9059,tcp,9059,GoldenEye,Malware,DoS,GoldenEye
Thursday-15-02-2018_449.pcap,tcp_22110,tcp,22110,GoldenEye,Malware,DoS,GoldenEye
Thursday-15-02-2018_449.pcap,tcp_1142,tcp,1142,GoldenEye,Malware,DoS,GoldenEye
Thursday-15-02-2018_449.pcap,tcp_23845,tcp,23845,GoldenEye,Malware,DoS,GoldenEye
Thursday-15-02-2018_449.pcap,tcp_3810,tcp,3810,GoldenEye,Malware,DoS,GoldenEye
Thursday-15-02-2018_449.pcap,tcp_14973,tcp,14973,GoldenEye,Malware,DoS,GoldenEye
Thursday-15-02-2018_449.pcap,tcp_15104,tcp,15104,GoldenEye,Malware,DoS,GoldenEye
Thursday-15-02-2018_449.pcap,tcp_5376,tcp,5376,GoldenEye,Malware,DoS,GoldenEye
Thursday-15-02-2018_449.pcap,tcp_25776,tcp,25776,GoldenEye,Malware,DoS,GoldenEye
Thursday-15-02-2018_449.pcap,tcp_7291,tcp,7291,GoldenEye,Malware,DoS,GoldenEye
Thursday-15-02-2018_449.pcap,tcp_24028,tcp,24028,GoldenEye,Malware,DoS,GoldenEye
Thursday-15-02-2018_449.pcap,tcp_8323,tcp,8323,GoldenEye,Malware,DoS,GoldenEye
Thursday-15-02-2018_449.pcap,tcp_6592,tcp,6592,GoldenEye,Malware,DoS,GoldenEye
Thursday-15-02-2018_449.pcap,tcp_20507,tcp,20507,GoldenEye,Malware,DoS,GoldenEye
Thursday-15-02-2018_449.pcap,tcp_22288,tcp,22288,GoldenEye,Malware,DoS,GoldenEye
Thursday-15-02-2018_449.pcap,tcp_26796,tcp,26796,GoldenEye,Malware,DoS,GoldenEye
Thursday-15-02-2018_449.pcap,tcp_5288,tcp,5288,GoldenEye,Malware,DoS,GoldenEye
Thursday-15-02-2018_449.pcap,tcp_4991,tcp,4991,GoldenEye,Malware,DoS,GoldenEye
Thursday-15-02-2018_449.pcap,tcp_21059,tcp,21059,GoldenEye,Malware,DoS,GoldenEye
Thursday-15-02-2018_449.pcap,tcp_15893,tcp,15893,GoldenEye,Malware,DoS,GoldenEye
Thursday-15-02-2018_449.pcap,tcp_23141,tcp,23141,GoldenEye,Malware,DoS,GoldenEye
Thursday-15-02-2018_449.pcap,tcp_17068,tcp,17068,GoldenEye,Malware,DoS,GoldenEye
Thursday-15-02-2018_449.pcap,tcp_18167,tcp,18167,GoldenEye,Malware,DoS,GoldenEye
Thursday-15-02-2018_449.pcap,tcp_33221,tcp,33221,Slowloris,Malware,DoS,Slowloris
Thursday-15-02-2018_449.pcap,tcp_28452,tcp,28452,Slowloris,Malware,DoS,Slowloris
Thursday-15-02-2018_449.pcap,tcp_31759,tcp,31759,Slowloris,Malware,DoS,Slowloris
Thursday-15-02-2018_449.pcap,tcp_28391,tcp,28391,Slowloris,Malware,DoS,Slowloris
Thursday-15-02-2018_449.pcap,tcp_29970,tcp,29970,Slowloris,Malware,DoS,Slowloris
Thursday-15-02-2018_449.pcap,tcp_33271,tcp,33271,Slowloris,Malware,DoS,Slowloris
Thursday-15-02-2018_449.pcap,tcp_33395,tcp,33395,Slowloris,Malware,DoS,Slowloris
Thursday-15-02-2018_449.pcap,tcp_29997,tcp,29997,Slowloris,Malware,DoS,Slowloris
Thursday-15-02-2018_449.pcap,tcp_32672,tcp,32672,Slowloris,Malware,DoS,Slowloris
Thursday-15-02-2018_449.pcap,tcp_32397,tcp,32397,Slowloris,Malware,DoS,Slowloris
Thursday-15-02-2018_449.pcap,tcp_30015,tcp,30015,Slowloris,Malware,DoS,Slowloris
Thursday-15-02-2018_449.pcap,tcp_29168,tcp,29168,Slowloris,Malware,DoS,Slowloris
Thursday-15-02-2018_449.pcap,tcp_33576,tcp,33576,Slowloris,Malware,DoS,Slowloris
Thursday-15-02-2018_449.pcap,tcp_32569,tcp,32569,Slowloris,Malware,DoS,Slowloris
Thursday-15-02-2018_449.pcap,tcp_27277,tcp,27277,Slowloris,Malware,DoS,Slowloris
Thursday-15-02-2018_449.pcap,tcp_30600,tcp,30600,Slowloris,Malware,DoS,Slowloris
Thursday-15-02-2018_449.pcap,tcp_34255,tcp,34255,Slowloris,Malware,DoS,Slowloris
Thursday-15-02-2018_449.pcap,tcp_28467,tcp,28467,Slowloris,Malware,DoS,Slowloris
Thursday-15-02-2018_449.pcap,tcp_31077,tcp,31077,Slowloris,Malware,DoS,Slowloris
Thursday-15-02-2018_449.pcap,tcp_33028,tcp,33028,Slowloris,Malware,DoS,Slowloris
Thursday-15-02-2018_449.pcap,tcp_27284,tcp,27284,Slowloris,Malware,DoS,Slowloris
Thursday-15-02-2018_449.pcap,tcp_30675,tcp,30675,Slowloris,Malware,DoS,Slowloris
Thursday-15-02-2018_449.pcap,tcp_32453,tcp,32453,Slowloris,Malware,DoS,Slowloris
Thursday-15-02-2018_449.pcap,tcp_29502,tcp,29502,Slowloris,Malware,DoS,Slowloris
Thursday-15-02-2018_449.pcap,tcp_34306,tcp,34306,Slowloris,Malware,DoS,Slowloris
Thursday-15-02-2018_449.pcap,tcp_29099,tcp,29099,Slowloris,Malware,DoS,Slowloris
Thursday-15-02-2018_449.pcap,tcp_27293,tcp,27293,Slowloris,Malware,DoS,Slowloris
Thursday-15-02-2018_449.pcap,tcp_30105,tcp,30105,Slowloris,Malware,DoS,Slowloris
Thursday-15-02-2018_449.pcap,tcp_28803,tcp,28803,Slowloris,Malware,DoS,Slowloris
Thursday-15-02-2018_449.pcap,tcp_27298,tcp,27298,Slowloris,Malware,DoS,Slowloris
Thursday-15-02-2018_449.pcap,tcp_27299,tcp,27299,Slowloris,Malware,DoS,Slowloris
Thursday-15-02-2018_449.pcap,tcp_28658,tcp,28658,Slowloris,Malware,DoS,Slowloris
Thursday-15-02-2018_449.pcap,tcp_29380,tcp,29380,Slowloris,Malware,DoS,Slowloris
Thursday-15-02-2018_449.pcap,tcp_33996,tcp,33996,Slowloris,Malware,DoS,Slowloris
Thursday-15-02-2018_449.pcap,tcp_28489,tcp,28489,Slowloris,Malware,DoS,Slowloris
Thursday-15-02-2018_449.pcap,tcp_28283,tcp,28283,Slowloris,Malware,DoS,Slowloris
Thursday-15-02-2018_449.pcap,tcp_34086,tcp,34086,Slowloris,Malware,DoS,Slowloris
Thursday-15-02-2018_449.pcap,tcp_29238,tcp,29238,Slowloris,Malware,DoS,Slowloris
Thursday-15-02-2018_449.pcap,tcp_32277,tcp,32277,Slowloris,Malware,DoS,Slowloris
Thursday-15-02-2018_449.pcap,tcp_29804,tcp,29804,Slowloris,Malware,DoS,Slowloris
Thursday-15-02-2018_449.pcap,tcp_34132,tcp,34132,Slowloris,Malware,DoS,Slowloris
Thursday-15-02-2018_449.pcap,tcp_31227,tcp,31227,Slowloris,Malware,DoS,Slowloris
Thursday-15-02-2018_449.pcap,tcp_28752,tcp,28752,Slowloris,Malware,DoS,Slowloris
Thursday-15-02-2018_449.pcap,tcp_32594,tcp,32594,Slowloris,Malware,DoS,Slowloris
Thursday-15-02-2018_449.pcap,tcp_32566,tcp,32566,Slowloris,Malware,DoS,Slowloris
Thursday-15-02-2018_449.pcap,tcp_34275,tcp,34275,Slowloris,Malware,DoS,Slowloris
Thursday-15-02-2018_449.pcap,tcp_32549,tcp,32549,Slowloris,Malware,DoS,Slowloris
Thursday-15-02-2018_449.pcap,tcp_31589,tcp,31589,Slowloris,Malware,DoS,Slowloris
Thursday-15-02-2018_449.pcap,tcp_29516,tcp,29516,Slowloris,Malware,DoS,Slowloris
Thursday-15-02-2018_449.pcap,tcp_27321,tcp,27321,Slowloris,Malware,DoS,Slowloris
Thursday-15-02-2018_449.pcap,tcp_27322,tcp,27322,Slowloris,Malware,DoS,Slowloris
Thursday-15-02-2018_449.pcap,tcp_31006,tcp,31006,Slowloris,Malware,DoS,Slowloris
Thursday-15-02-2018_449.pcap,tcp_28594,tcp,28594,Slowloris,Malware,DoS,Slowloris
Thursday-15-02-2018_449.pcap,tcp_33759,tcp,33759,Slowloris,Malware,DoS,Slowloris
Thursday-15-02-2018_449.pcap,tcp_29902,tcp,29902,Slowloris,Malware,DoS,Slowloris
Thursday-15-02-2018_449.pcap,tcp_30989,tcp,30989,Slowloris,Malware,DoS,Slowloris
Thursday-15-02-2018_449.pcap,tcp_30605,tcp,30605,Slowloris,Malware,DoS,Slowloris
Thursday-15-02-2018_449.pcap,tcp_33789,tcp,33789,Slowloris,Malware,DoS,Slowloris
Thursday-15-02-2018_449.pcap,tcp_30810,tcp,30810,Slowloris,Malware,DoS,Slowloris
Thursday-15-02-2018_449.pcap,tcp_29309,tcp,29309,Slowloris,Malware,DoS,Slowloris
Thursday-15-02-2018_449.pcap,tcp_31447,tcp,31447,Slowloris,Malware,DoS,Slowloris
Thursday-15-02-2018_449.pcap,tcp_32396,tcp,32396,Slowloris,Malware,DoS,Slowloris
Thursday-15-02-2018_449.pcap,tcp_32580,tcp,32580,Slowloris,Malware,DoS,Slowloris
Thursday-15-02-2018_449.pcap,tcp_33569,tcp,33569,Slowloris,Malware,DoS,Slowloris
Thursday-15-02-2018_449.pcap,tcp_29032,tcp,29032,Slowloris,Malware,DoS,Slowloris
Thursday-15-02-2018_449.pcap,tcp_27343,tcp,27343,Slowloris,Malware,DoS,Slowloris
Thursday-15-02-2018_449.pcap,tcp_33570,tcp,33570,Slowloris,Malware,DoS,Slowloris
Thursday-15-02-2018_449.pcap,tcp_31469,tcp,31469,Slowloris,Malware,DoS,Slowloris
Thursday-15-02-2018_449.pcap,tcp_27347,tcp,27347,Slowloris,Malware,DoS,Slowloris
Thursday-15-02-2018_449.pcap,tcp_32900,tcp,32900,Slowloris,Malware,DoS,Slowloris
Thursday-15-02-2018_449.pcap,tcp_30292,tcp,30292,Slowloris,Malware,DoS,Slowloris
Thursday-15-02-2018_449.pcap,tcp_29751,tcp,29751,Slowloris,Malware,DoS,Slowloris
Thursday-15-02-2018_449.pcap,tcp_29941,tcp,29941,Slowloris,Malware,DoS,Slowloris
Thursday-15-02-2018_449.pcap,tcp_32089,tcp,32089,Slowloris,Malware,DoS,Slowloris
Thursday-15-02-2018_449.pcap,tcp_30495,tcp,30495,Slowloris,Malware,DoS,Slowloris
Thursday-15-02-2018_449.pcap,tcp_29009,tcp,29009,Slowloris,Malware,DoS,Slowloris
Thursday-15-02-2018_449.pcap,tcp_30071,tcp,30071,Slowloris,Malware,DoS,Slowloris
Thursday-15-02-2018_449.pcap,tcp_27362,tcp,27362,Slowloris,Malware,DoS,Slowloris
Thursday-15-02-2018_449.pcap,tcp_30327,tcp,30327,Slowloris,Malware,DoS,Slowloris
Thursday-15-02-2018_449.pcap,tcp_30706,tcp,30706,Slowloris,Malware,DoS,Slowloris
Thursday-15-02-2018_449.pcap,tcp_32779,tcp,32779,Slowloris,Malware,DoS,Slowloris
Thursday-15-02-2018_449.pcap,tcp_29994,tcp,29994,Slowloris,Malware,DoS,Slowloris
Thursday-15-02-2018_449.pcap,tcp_34237,tcp,34237,Slowloris,Malware,DoS,Slowloris
Thursday-15-02-2018_449.pcap,tcp_30402,tcp,30402,Slowloris,Malware,DoS,Slowloris
Thursday-15-02-2018_449.pcap,tcp_28552,tcp,28552,Slowloris,Malware,DoS,Slowloris
Thursday-15-02-2018_449.pcap,tcp_30992,tcp,30992,Slowloris,Malware,DoS,Slowloris
Thursday-15-02-2018_449.pcap,tcp_34326,tcp,34326,Slowloris,Malware,DoS,Slowloris
Thursday-15-02-2018_449.pcap,tcp_30571,tcp,30571,Slowloris,Malware,DoS,Slowloris
Thursday-15-02-2018_449.pcap,tcp_27377,tcp,27377,Slowloris,Malware,DoS,Slowloris
Thursday-15-02-2018_449.pcap,tcp_31962,tcp,31962,Slowloris,Malware,DoS,Slowloris
Thursday-15-02-2018_449.pcap,tcp_27379,tcp,27379,Slowloris,Malware,DoS,Slowloris
Thursday-15-02-2018_449.pcap,tcp_32930,tcp,32930,Slowloris,Malware,DoS,Slowloris
Thursday-15-02-2018_449.pcap,tcp_28515,tcp,28515,Slowloris,Malware,DoS,Slowloris
Thursday-15-02-2018_449.pcap,tcp_30619,tcp,30619,Slowloris,Malware,DoS,Slowloris
Thursday-15-02-2018_449.pcap,tcp_33201,tcp,33201,Slowloris,Malware,DoS,Slowloris
Thursday-15-02-2018_449.pcap,tcp_27386,tcp,27386,Slowloris,Malware,DoS,Slowloris
Thursday-15-02-2018_449.pcap,tcp_32430,tcp,32430,Slowloris,Malware,DoS,Slowloris
Thursday-15-02-2018_449.pcap,tcp_29524,tcp,29524,Slowloris,Malware,DoS,Slowloris
Thursday-15-02-2018_449.pcap,tcp_33903,tcp,33903,Slowloris,Malware,DoS,Slowloris
Thursday-15-02-2018_449.pcap,tcp_28456,tcp,28456,Slowloris,Malware,DoS,Slowloris
Thursday-15-02-2018_449.pcap,tcp_31516,tcp,31516,Slowloris,Malware,DoS,Slowloris
Thursday-15-02-2018_449.pcap,tcp_32224,tcp,32224,Slowloris,Malware,DoS,Slowloris
Thursday-15-02-2018_449.pcap,tcp_28316,tcp,28316,Slowloris,Malware,DoS,Slowloris
Thursday-15-02-2018_449.pcap,tcp_29411,tcp,29411,Slowloris,Malware,DoS,Slowloris
Thursday-15-02-2018_449.pcap,tcp_29415,tcp,29415,Slowloris,Malware,DoS,Slowloris
Thursday-15-02-2018_449.pcap,tcp_33459,tcp,33459,Slowloris,Malware,DoS,Slowloris
Thursday-15-02-2018_449.pcap,tcp_29539,tcp,29539,Slowloris,Malware,DoS,Slowloris
Thursday-15-02-2018_449.pcap,tcp_29240,tcp,29240,Slowloris,Malware,DoS,Slowloris
Thursday-15-02-2018_449.pcap,tcp_32912,tcp,32912,Slowloris,Malware,DoS,Slowloris
Thursday-15-02-2018_449.pcap,tcp_27404,tcp,27404,Slowloris,Malware,DoS,Slowloris
Thursday-15-02-2018_449.pcap,tcp_30362,tcp,30362,Slowloris,Malware,DoS,Slowloris
Thursday-15-02-2018_449.pcap,tcp_28815,tcp,28815,Slowloris,Malware,DoS,Slowloris
Thursday-15-02-2018_449.pcap,tcp_32808,tcp,32808,Slowloris,Malware,DoS,Slowloris
Thursday-15-02-2018_449.pcap,tcp_34075,tcp,34075,Slowloris,Malware,DoS,Slowloris
Thursday-15-02-2018_449.pcap,tcp_33620,tcp,33620,Slowloris,Malware,DoS,Slowloris
Thursday-15-02-2018_449.pcap,tcp_30465,tcp,30465,Slowloris,Malware,DoS,Slowloris
Thursday-15-02-2018_449.pcap,tcp_33405,tcp,33405,Slowloris,Malware,DoS,Slowloris
Thursday-15-02-2018_449.pcap,tcp_28443,tcp,28443,Slowloris,Malware,DoS,Slowloris
Thursday-15-02-2018_449.pcap,tcp_27417,tcp,27417,Slowloris,Malware,DoS,Slowloris
Thursday-15-02-2018_449.pcap,tcp_28903,tcp,28903,Slowloris,Malware,DoS,Slowloris
Thursday-15-02-2018_449.pcap,tcp_33268,tcp,33268,Slowloris,Malware,DoS,Slowloris
Thursday-15-02-2018_449.pcap,tcp_28637,tcp,28637,Slowloris,Malware,DoS,Slowloris
Thursday-15-02-2018_449.pcap,tcp_27422,tcp,27422,Slowloris,Malware,DoS,Slowloris
Thursday-15-02-2018_449.pcap,tcp_28839,tcp,28839,Slowloris,Malware,DoS,Slowloris
Thursday-15-02-2018_449.pcap,tcp_32881,tcp,32881,Slowloris,Malware,DoS,Slowloris
Thursday-15-02-2018_449.pcap,tcp_28810,tcp,28810,Slowloris,Malware,DoS,Slowloris
Thursday-15-02-2018_449.pcap,tcp_33748,tcp,33748,Slowloris,Malware,DoS,Slowloris
Thursday-15-02-2018_449.pcap,tcp_29348,tcp,29348,Slowloris,Malware,DoS,Slowloris
Thursday-15-02-2018_449.pcap,tcp_27428,tcp,27428,Slowloris,Malware,DoS,Slowloris
Thursday-15-02-2018_449.pcap,tcp_30121,tcp,30121,Slowloris,Malware,DoS,Slowloris
Thursday-15-02-2018_449.pcap,tcp_32882,tcp,32882,Slowloris,Malware,DoS,Slowloris
Thursday-15-02-2018_449.pcap,tcp_27434,tcp,27434,Slowloris,Malware,DoS,Slowloris
Thursday-15-02-2018_449.pcap,tcp_31406,tcp,31406,Slowloris,Malware,DoS,Slowloris
Thursday-15-02-2018_449.pcap,tcp_32297,tcp,32297,Slowloris,Malware,DoS,Slowloris
Thursday-15-02-2018_449.pcap,tcp_29192,tcp,29192,Slowloris,Malware,DoS,Slowloris
Thursday-15-02-2018_449.pcap,tcp_29465,tcp,29465,Slowloris,Malware,DoS,Slowloris
Thursday-15-02-2018_449.pcap,tcp_30993,tcp,30993,Slowloris,Malware,DoS,Slowloris
Thursday-15-02-2018_449.pcap,tcp_28395,tcp,28395,Slowloris,Malware,DoS,Slowloris
Thursday-15-02-2018_449.pcap,tcp_28621,tcp,28621,Slowloris,Malware,DoS,Slowloris
Thursday-15-02-2018_449.pcap,tcp_33812,tcp,33812,Slowloris,Malware,DoS,Slowloris
Thursday-15-02-2018_449.pcap,tcp_32657,tcp,32657,Slowloris,Malware,DoS,Slowloris
Thursday-15-02-2018_449.pcap,tcp_33241,tcp,33241,Slowloris,Malware,DoS,Slowloris
Thursday-15-02-2018_449.pcap,tcp_32908,tcp,32908,Slowloris,Malware,DoS,Slowloris
Thursday-15-02-2018_449.pcap,tcp_31155,tcp,31155,Slowloris,Malware,DoS,Slowloris
Thursday-15-02-2018_449.pcap,tcp_29586,tcp,29586,Slowloris,Malware,DoS,Slowloris
Thursday-15-02-2018_449.pcap,tcp_32790,tcp,32790,Slowloris,Malware,DoS,Slowloris
Thursday-15-02-2018_449.pcap,tcp_29183,tcp,29183,Slowloris,Malware,DoS,Slowloris
Thursday-15-02-2018_449.pcap,tcp_30849,tcp,30849,Slowloris,Malware,DoS,Slowloris
Thursday-15-02-2018_449.pcap,tcp_31349,tcp,31349,Slowloris,Malware,DoS,Slowloris
Thursday-15-02-2018_449.pcap,tcp_29023,tcp,29023,Slowloris,Malware,DoS,Slowloris
Thursday-15-02-2018_449.pcap,tcp_32810,tcp,32810,Slowloris,Malware,DoS,Slowloris
Thursday-15-02-2018_449.pcap,tcp_27463,tcp,27463,Slowloris,Malware,DoS,Slowloris
Thursday-15-02-2018_449.pcap,tcp_33403,tcp,33403,Slowloris,Malware,DoS,Slowloris
Thursday-15-02-2018_449.pcap,tcp_27465,tcp,27465,Slowloris,Malware,DoS,Slowloris
Thursday-15-02-2018_449.pcap,tcp_32502,tcp,32502,Slowloris,Malware,DoS,Slowloris
Thursday-15-02-2018_449.pcap,tcp_30355,tcp,30355,Slowloris,Malware,DoS,Slowloris
Thursday-15-02-2018_449.pcap,tcp_32146,tcp,32146,Slowloris,Malware,DoS,Slowloris
Thursday-15-02-2018_449.pcap,tcp_34310,tcp,34310,Slowloris,Malware,DoS,Slowloris
Thursday-15-02-2018_449.pcap,tcp_33070,tcp,33070,Slowloris,Malware,DoS,Slowloris
Thursday-15-02-2018_449.pcap,tcp_33318,tcp,33318,Slowloris,Malware,DoS,Slowloris
Thursday-15-02-2018_449.pcap,tcp_29574,tcp,29574,Slowloris,Malware,DoS,Slowloris
Thursday-15-02-2018_449.pcap,tcp_27473,tcp,27473,Slowloris,Malware,DoS,Slowloris
Thursday-15-02-2018_449.pcap,tcp_29497,tcp,29497,Slowloris,Malware,DoS,Slowloris
Thursday-15-02-2018_449.pcap,tcp_27475,tcp,27475,Slowloris,Malware,DoS,Slowloris
Thursday-15-02-2018_449.pcap,tcp_27478,tcp,27478,Slowloris,Malware,DoS,Slowloris
Thursday-15-02-2018_449.pcap,tcp_33378,tcp,33378,Slowloris,Malware,DoS,Slowloris
Thursday-15-02-2018_449.pcap,tcp_27480,tcp,27480,Slowloris,Malware,DoS,Slowloris
Thursday-15-02-2018_449.pcap,tcp_29673,tcp,29673,Slowloris,Malware,DoS,Slowloris
Thursday-15-02-2018_449.pcap,tcp_32832,tcp,32832,Slowloris,Malware,DoS,Slowloris
Thursday-15-02-2018_449.pcap,tcp_27486,tcp,27486,Slowloris,Malware,DoS,Slowloris
Thursday-15-02-2018_449.pcap,tcp_34213,tcp,34213,Slowloris,Malware,DoS,Slowloris
Thursday-15-02-2018_449.pcap,tcp_27489,tcp,27489,Slowloris,Malware,DoS,Slowloris
Thursday-15-02-2018_449.pcap,tcp_31128,tcp,31128,Slowloris,Malware,DoS,Slowloris
Thursday-15-02-2018_449.pcap,tcp_27491,tcp,27491,Slowloris,Malware,DoS,Slowloris
Thursday-15-02-2018_449.pcap,tcp_33978,tcp,33978,Slowloris,Malware,DoS,Slowloris
Thursday-15-02-2018_449.pcap,tcp_31943,tcp,31943,Slowloris,Malware,DoS,Slowloris
Thursday-15-02-2018_449.pcap,tcp_31557,tcp,31557,Slowloris,Malware,DoS,Slowloris
Thursday-15-02-2018_449.pcap,tcp_30705,tcp,30705,Slowloris,Malware,DoS,Slowloris
Thursday-15-02-2018_449.pcap,tcp_28401,tcp,28401,Slowloris,Malware,DoS,Slowloris
Thursday-15-02-2018_449.pcap,tcp_30150,tcp,30150,Slowloris,Malware,DoS,Slowloris
Thursday-15-02-2018_449.pcap,tcp_27502,tcp,27502,Slowloris,Malware,DoS,Slowloris
Thursday-15-02-2018_449.pcap,tcp_33375,tcp,33375,Slowloris,Malware,DoS,Slowloris
Thursday-15-02-2018_449.pcap,tcp_31575,tcp,31575,Slowloris,Malware,DoS,Slowloris
Thursday-15-02-2018_449.pcap,tcp_29757,tcp,29757,Slowloris,Malware,DoS,Slowloris
Thursday-15-02-2018_449.pcap,tcp_31743,tcp,31743,Slowloris,Malware,DoS,Slowloris
Thursday-15-02-2018_449.pcap,tcp_31100,tcp,31100,Slowloris,Malware,DoS,Slowloris
Thursday-15-02-2018_449.pcap,tcp_29102,tcp,29102,Slowloris,Malware,DoS,Slowloris
Thursday-15-02-2018_449.pcap,tcp_29932,tcp,29932,Slowloris,Malware,DoS,Slowloris
Thursday-15-02-2018_449.pcap,tcp_32176,tcp,32176,Slowloris,Malware,DoS,Slowloris
Thursday-15-02-2018_449.pcap,tcp_30145,tcp,30145,Slowloris,Malware,DoS,Slowloris
Thursday-15-02-2018_449.pcap,tcp_28885,tcp,28885,Slowloris,Malware,DoS,Slowloris
Thursday-15-02-2018_449.pcap,tcp_34023,tcp,34023,Slowloris,Malware,DoS,Slowloris
Thursday-15-02-2018_449.pcap,tcp_34136,tcp,34136,Slowloris,Malware,DoS,Slowloris
Thursday-15-02-2018_449.pcap,tcp_30582,tcp,30582,Slowloris,Malware,DoS,Slowloris
Thursday-15-02-2018_449.pcap,tcp_32520,tcp,32520,Slowloris,Malware,DoS,Slowloris
Thursday-15-02-2018_449.pcap,tcp_31346,tcp,31346,Slowloris,Malware,DoS,Slowloris
Thursday-15-02-2018_449.pcap,tcp_29329,tcp,29329,Slowloris,Malware,DoS,Slowloris
Thursday-15-02-2018_449.pcap,tcp_30737,tcp,30737,Slowloris,Malware,DoS,Slowloris
Thursday-15-02-2018_449.pcap,tcp_27525,tcp,27525,Slowloris,Malware,DoS,Slowloris
Thursday-15-02-2018_449.pcap,tcp_32684,tcp,32684,Slowloris,Malware,DoS,Slowloris
Thursday-15-02-2018_449.pcap,tcp_29112,tcp,29112,Slowloris,Malware,DoS,Slowloris
Thursday-15-02-2018_449.pcap,tcp_33619,tcp,33619,Slowloris,Malware,DoS,Slowloris
Thursday-15-02-2018_449.pcap,tcp_33776,tcp,33776,Slowloris,Malware,DoS,Slowloris
Thursday-15-02-2018_449.pcap,tcp_33133,tcp,33133,Slowloris,Malware,DoS,Slowloris
Thursday-15-02-2018_449.pcap,tcp_32676,tcp,32676,Slowloris,Malware,DoS,Slowloris
Thursday-15-02-2018_449.pcap,tcp_29074,tcp,29074,Slowloris,Malware,DoS,Slowloris
Thursday-15-02-2018_449.pcap,tcp_30799,tcp,30799,Slowloris,Malware,DoS,Slowloris
Thursday-15-02-2018_449.pcap,tcp_33583,tcp,33583,Slowloris,Malware,DoS,Slowloris
Thursday-15-02-2018_449.pcap,tcp_33030,tcp,33030,Slowloris,Malware,DoS,Slowloris
Thursday-15-02-2018_449.pcap,tcp_30549,tcp,30549,Slowloris,Malware,DoS,Slowloris
Thursday-15-02-2018_449.pcap,tcp_27538,tcp,27538,Slowloris,Malware,DoS,Slowloris
Thursday-15-02-2018_449.pcap,tcp_30310,tcp,30310,Slowloris,Malware,DoS,Slowloris
Thursday-15-02-2018_449.pcap,tcp_34027,tcp,34027,Slowloris,Malware,DoS,Slowloris
Thursday-15-02-2018_449.pcap,tcp_31512,tcp,31512,Slowloris,Malware,DoS,Slowloris
Thursday-15-02-2018_449.pcap,tcp_27546,tcp,27546,Slowloris,Malware,DoS,Slowloris
Thursday-15-02-2018_449.pcap,tcp_32866,tcp,32866,Slowloris,Malware,DoS,Slowloris
Thursday-15-02-2018_449.pcap,tcp_30739,tcp,30739,Slowloris,Malware,DoS,Slowloris
Thursday-15-02-2018_449.pcap,tcp_33469,tcp,33469,Slowloris,Malware,DoS,Slowloris
Thursday-15-02-2018_449.pcap,tcp_27551,tcp,27551,Slowloris,Malware,DoS,Slowloris
Thursday-15-02-2018_449.pcap,tcp_31891,tcp,31891,Slowloris,Malware,DoS,Slowloris
Thursday-15-02-2018_449.pcap,tcp_32418,tcp,32418,Slowloris,Malware,DoS,Slowloris
Thursday-15-02-2018_449.pcap,tcp_29744,tcp,29744,Slowloris,Malware,DoS,Slowloris
Thursday-15-02-2018_449.pcap,tcp_27557,tcp,27557,Slowloris,Malware,DoS,Slowloris
Thursday-15-02-2018_449.pcap,tcp_30059,tcp,30059,Slowloris,Malware,DoS,Slowloris
Thursday-15-02-2018_449.pcap,tcp_30791,tcp,30791,Slowloris,Malware,DoS,Slowloris
Thursday-15-02-2018_449.pcap,tcp_31698,tcp,31698,Slowloris,Malware,DoS,Slowloris
Thursday-15-02-2018_449.pcap,tcp_27561,tcp,27561,Slowloris,Malware,DoS,Slowloris
Thursday-15-02-2018_449.pcap,tcp_30762,tcp,30762,Slowloris,Malware,DoS,Slowloris
Thursday-15-02-2018_449.pcap,tcp_29114,tcp,29114,Slowloris,Malware,DoS,Slowloris
Thursday-15-02-2018_449.pcap,tcp_32842,tcp,32842,Slowloris,Malware,DoS,Slowloris
Thursday-15-02-2018_449.pcap,tcp_30470,tcp,30470,Slowloris,Malware,DoS,Slowloris
Thursday-15-02-2018_449.pcap,tcp_32925,tcp,32925,Slowloris,Malware,DoS,Slowloris
Thursday-15-02-2018_449.pcap,tcp_27570,tcp,27570,Slowloris,Malware,DoS,Slowloris
Thursday-15-02-2018_449.pcap,tcp_28980,tcp,28980,Slowloris,Malware,DoS,Slowloris
Thursday-15-02-2018_449.pcap,tcp_32622,tcp,32622,Slowloris,Malware,DoS,Slowloris
Thursday-15-02-2018_449.pcap,tcp_32997,tcp,32997,Slowloris,Malware,DoS,Slowloris
Thursday-15-02-2018_449.pcap,tcp_31988,tcp,31988,Slowloris,Malware,DoS,Slowloris
Thursday-15-02-2018_449.pcap,tcp_32853,tcp,32853,Slowloris,Malware,DoS,Slowloris
Thursday-15-02-2018_449.pcap,tcp_33725,tcp,33725,Slowloris,Malware,DoS,Slowloris
Thursday-15-02-2018_449.pcap,tcp_33470,tcp,33470,Slowloris,Malware,DoS,Slowloris
Thursday-15-02-2018_449.pcap,tcp_31403,tcp,31403,Slowloris,Malware,DoS,Slowloris
Thursday-15-02-2018_449.pcap,tcp_29051,tcp,29051,Slowloris,Malware,DoS,Slowloris
Thursday-15-02-2018_449.pcap,tcp_27582,tcp,27582,Slowloris,Malware,DoS,Slowloris
Thursday-15-02-2018_449.pcap,tcp_32362,tcp,32362,Slowloris,Malware,DoS,Slowloris
Thursday-15-02-2018_449.pcap,tcp_29721,tcp,29721,Slowloris,Malware,DoS,Slowloris
Thursday-15-02-2018_449.pcap,tcp_32692,tcp,32692,Slowloris,Malware,DoS,Slowloris
Thursday-15-02-2018_449.pcap,tcp_29968,tcp,29968,Slowloris,Malware,DoS,Slowloris
Thursday-15-02-2018_449.pcap,tcp_32394,tcp,32394,Slowloris,Malware,DoS,Slowloris
Thursday-15-02-2018_449.pcap,tcp_32633,tcp,32633,Slowloris,Malware,DoS,Slowloris
Thursday-15-02-2018_449.pcap,tcp_28673,tcp,28673,Slowloris,Malware,DoS,Slowloris
Thursday-15-02-2018_449.pcap,tcp_29783,tcp,29783,Slowloris,Malware,DoS,Slowloris
Thursday-15-02-2018_449.pcap,tcp_30823,tcp,30823,Slowloris,Malware,DoS,Slowloris
Thursday-15-02-2018_449.pcap,tcp_31822,tcp,31822,Slowloris,Malware,DoS,Slowloris
Thursday-15-02-2018_449.pcap,tcp_27595,tcp,27595,Slowloris,Malware,DoS,Slowloris
Thursday-15-02-2018_449.pcap,tcp_31733,tcp,31733,Slowloris,Malware,DoS,Slowloris
Thursday-15-02-2018_449.pcap,tcp_28280,tcp,28280,Slowloris,Malware,DoS,Slowloris
Thursday-15-02-2018_449.pcap,tcp_33561,tcp,33561,Slowloris,Malware,DoS,Slowloris
Thursday-15-02-2018_449.pcap,tcp_30666,tcp,30666,Slowloris,Malware,DoS,Slowloris
Thursday-15-02-2018_449.pcap,tcp_30466,tcp,30466,Slowloris,Malware,DoS,Slowloris
Thursday-15-02-2018_449.pcap,tcp_28367,tcp,28367,Slowloris,Malware,DoS,Slowloris
Thursday-15-02-2018_449.pcap,tcp_33700,tcp,33700,Slowloris,Malware,DoS,Slowloris
Thursday-15-02-2018_449.pcap,tcp_30111,tcp,30111,Slowloris,Malware,DoS,Slowloris
Thursday-15-02-2018_449.pcap,tcp_28737,tcp,28737,Slowloris,Malware,DoS,Slowloris
Thursday-15-02-2018_449.pcap,tcp_28952,tcp,28952,Slowloris,Malware,DoS,Slowloris
Thursday-15-02-2018_449.pcap,tcp_29426,tcp,29426,Slowloris,Malware,DoS,Slowloris
Thursday-15-02-2018_449.pcap,tcp_30048,tcp,30048,Slowloris,Malware,DoS,Slowloris
Thursday-15-02-2018_449.pcap,tcp_27612,tcp,27612,Slowloris,Malware,DoS,Slowloris
Thursday-15-02-2018_449.pcap,tcp_28921,tcp,28921,Slowloris,Malware,DoS,Slowloris
Thursday-15-02-2018_449.pcap,tcp_29093,tcp,29093,Slowloris,Malware,DoS,Slowloris
Thursday-15-02-2018_449.pcap,tcp_31452,tcp,31452,Slowloris,Malware,DoS,Slowloris
Thursday-15-02-2018_449.pcap,tcp_31818,tcp,31818,Slowloris,Malware,DoS,Slowloris
Thursday-15-02-2018_449.pcap,tcp_33315,tcp,33315,Slowloris,Malware,DoS,Slowloris
Thursday-15-02-2018_449.pcap,tcp_27618,tcp,27618,Slowloris,Malware,DoS,Slowloris
Thursday-15-02-2018_449.pcap,tcp_32800,tcp,32800,Slowloris,Malware,DoS,Slowloris
Thursday-15-02-2018_449.pcap,tcp_31112,tcp,31112,Slowloris,Malware,DoS,Slowloris
Thursday-15-02-2018_449.pcap,tcp_30233,tcp,30233,Slowloris,Malware,DoS,Slowloris
Thursday-15-02-2018_449.pcap,tcp_29234,tcp,29234,Slowloris,Malware,DoS,Slowloris
Thursday-15-02-2018_449.pcap,tcp_30920,tcp,30920,Slowloris,Malware,DoS,Slowloris
Thursday-15-02-2018_449.pcap,tcp_33769,tcp,33769,Slowloris,Malware,DoS,Slowloris
Thursday-15-02-2018_449.pcap,tcp_29883,tcp,29883,Slowloris,Malware,DoS,Slowloris
Thursday-15-02-2018_449.pcap,tcp_27627,tcp,27627,Slowloris,Malware,DoS,Slowloris
Thursday-15-02-2018_449.pcap,tcp_27628,tcp,27628,Slowloris,Malware,DoS,Slowloris
Thursday-15-02-2018_449.pcap,tcp_27630,tcp,27630,Slowloris,Malware,DoS,Slowloris
Thursday-15-02-2018_449.pcap,tcp_29563,tcp,29563,Slowloris,Malware,DoS,Slowloris
Thursday-15-02-2018_449.pcap,tcp_31836,tcp,31836,Slowloris,Malware,DoS,Slowloris
Thursday-15-02-2018_449.pcap,tcp_32007,tcp,32007,Slowloris,Malware,DoS,Slowloris
Thursday-15-02-2018_449.pcap,tcp_30745,tcp,30745,Slowloris,Malware,DoS,Slowloris
Thursday-15-02-2018_449.pcap,tcp_34037,tcp,34037,Slowloris,Malware,DoS,Slowloris
Thursday-15-02-2018_449.pcap,tcp_30886,tcp,30886,Slowloris,Malware,DoS,Slowloris
Thursday-15-02-2018_449.pcap,tcp_27638,tcp,27638,Slowloris,Malware,DoS,Slowloris
Thursday-15-02-2018_449.pcap,tcp_30862,tcp,30862,Slowloris,Malware,DoS,Slowloris
Thursday-15-02-2018_449.pcap,tcp_29947,tcp,29947,Slowloris,Malware,DoS,Slowloris
Thursday-15-02-2018_449.pcap,tcp_29035,tcp,29035,Slowloris,Malware,DoS,Slowloris
Thursday-15-02-2018_449.pcap,tcp_32933,tcp,32933,Slowloris,Malware,DoS,Slowloris
Thursday-15-02-2018_449.pcap,tcp_30102,tcp,30102,Slowloris,Malware,DoS,Slowloris
Thursday-15-02-2018_449.pcap,tcp_31102,tcp,31102,Slowloris,Malware,DoS,Slowloris
Thursday-15-02-2018_449.pcap,tcp_31477,tcp,31477,Slowloris,Malware,DoS,Slowloris
Thursday-15-02-2018_449.pcap,tcp_30869,tcp,30869,Slowloris,Malware,DoS,Slowloris
Thursday-15-02-2018_449.pcap,tcp_31386,tcp,31386,Slowloris,Malware,DoS,Slowloris
Thursday-15-02-2018_449.pcap,tcp_31739,tcp,31739,Slowloris,Malware,DoS,Slowloris
Thursday-15-02-2018_449.pcap,tcp_34215,tcp,34215,Slowloris,Malware,DoS,Slowloris
Thursday-15-02-2018_449.pcap,tcp_32874,tcp,32874,Slowloris,Malware,DoS,Slowloris
Thursday-15-02-2018_449.pcap,tcp_27655,tcp,27655,Slowloris,Malware,DoS,Slowloris
Thursday-15-02-2018_449.pcap,tcp_29827,tcp,29827,Slowloris,Malware,DoS,Slowloris
Thursday-15-02-2018_449.pcap,tcp_32738,tcp,32738,Slowloris,Malware,DoS,Slowloris
Thursday-15-02-2018_449.pcap,tcp_32270,tcp,32270,Slowloris,Malware,DoS,Slowloris
Thursday-15-02-2018_449.pcap,tcp_31876,tcp,31876,Slowloris,Malware,DoS,Slowloris
Thursday-15-02-2018_449.pcap,tcp_27663,tcp,27663,Slowloris,Malware,DoS,Slowloris
Thursday-15-02-2018_449.pcap,tcp_28348,tcp,28348,Slowloris,Malware,DoS,Slowloris
Thursday-15-02-2018_449.pcap,tcp_30476,tcp,30476,Slowloris,Malware,DoS,Slowloris
Thursday-15-02-2018_449.pcap,tcp_33111,tcp,33111,Slowloris,Malware,DoS,Slowloris
Thursday-15-02-2018_449.pcap,tcp_32924,tcp,32924,Slowloris,Malware,DoS,Slowloris
Thursday-15-02-2018_449.pcap,tcp_30519,tcp,30519,Slowloris,Malware,DoS,Slowloris
Thursday-15-02-2018_449.pcap,tcp_27673,tcp,27673,Slowloris,Malware,DoS,Slowloris
Thursday-15-02-2018_449.pcap,tcp_27674,tcp,27674,Slowloris,Malware,DoS,Slowloris
Thursday-15-02-2018_449.pcap,tcp_28797,tcp,28797,Slowloris,Malware,DoS,Slowloris
Thursday-15-02-2018_449.pcap,tcp_30369,tcp,30369,Slowloris,Malware,DoS,Slowloris
Thursday-15-02-2018_449.pcap,tcp_33782,tcp,33782,Slowloris,Malware,DoS,Slowloris
Thursday-15-02-2018_449.pcap,tcp_32557,tcp,32557,Slowloris,Malware,DoS,Slowloris
Thursday-15-02-2018_449.pcap,tcp_34157,tcp,34157,Slowloris,Malware,DoS,Slowloris
Thursday-15-02-2018_449.pcap,tcp_29914,tcp,29914,Slowloris,Malware,DoS,Slowloris
Thursday-15-02-2018_449.pcap,tcp_30000,tcp,30000,Slowloris,Malware,DoS,Slowloris
Thursday-15-02-2018_449.pcap,tcp_28587,tcp,28587,Slowloris,Malware,DoS,Slowloris
Thursday-15-02-2018_449.pcap,tcp_27684,tcp,27684,Slowloris,Malware,DoS,Slowloris
Thursday-15-02-2018_449.pcap,tcp_30797,tcp,30797,Slowloris,Malware,DoS,Slowloris
Thursday-15-02-2018_449.pcap,tcp_31139,tcp,31139,Slowloris,Malware,DoS,Slowloris
Thursday-15-02-2018_449.pcap,tcp_28509,tcp,28509,Slowloris,Malware,DoS,Slowloris
Thursday-15-02-2018_449.pcap,tcp_27689,tcp,27689,Slowloris,Malware,DoS,Slowloris
Thursday-15-02-2018_449.pcap,tcp_31514,tcp,31514,Slowloris,Malware,DoS,Slowloris
Thursday-15-02-2018_449.pcap,tcp_31794,tcp,31794,Slowloris,Malware,DoS,Slowloris
Thursday-15-02-2018_449.pcap,tcp_27692,tcp,27692,Slowloris,Malware,DoS,Slowloris
Thursday-15-02-2018_449.pcap,tcp_29019,tcp,29019,Slowloris,Malware,DoS,Slowloris
Thursday-15-02-2018_449.pcap,tcp_28740,tcp,28740,Slowloris,Malware,DoS,Slowloris
Thursday-15-02-2018_449.pcap,tcp_33311,tcp,33311,Slowloris,Malware,DoS,Slowloris
Thursday-15-02-2018_449.pcap,tcp_27696,tcp,27696,Slowloris,Malware,DoS,Slowloris
Thursday-15-02-2018_449.pcap,tcp_31471,tcp,31471,Slowloris,Malware,DoS,Slowloris
Thursday-15-02-2018_449.pcap,tcp_27698,tcp,27698,Slowloris,Malware,DoS,Slowloris
Thursday-15-02-2018_449.pcap,tcp_27699,tcp,27699,Slowloris,Malware,DoS,Slowloris
Thursday-15-02-2018_449.pcap,tcp_28668,tcp,28668,Slowloris,Malware,DoS,Slowloris
Thursday-15-02-2018_449.pcap,tcp_29294,tcp,29294,Slowloris,Malware,DoS,Slowloris
Thursday-15-02-2018_449.pcap,tcp_33915,tcp,33915,Slowloris,Malware,DoS,Slowloris
Thursday-15-02-2018_449.pcap,tcp_29812,tcp,29812,Slowloris,Malware,DoS,Slowloris
Thursday-15-02-2018_449.pcap,tcp_33192,tcp,33192,Slowloris,Malware,DoS,Slowloris
Thursday-15-02-2018_449.pcap,tcp_30687,tcp,30687,Slowloris,Malware,DoS,Slowloris
Thursday-15-02-2018_449.pcap,tcp_31220,tcp,31220,Slowloris,Malware,DoS,Slowloris
Thursday-15-02-2018_449.pcap,tcp_27707,tcp,27707,Slowloris,Malware,DoS,Slowloris
Thursday-15-02-2018_449.pcap,tcp_32814,tcp,32814,Slowloris,Malware,DoS,Slowloris
Thursday-15-02-2018_449.pcap,tcp_31161,tcp,31161,Slowloris,Malware,DoS,Slowloris
Thursday-15-02-2018_449.pcap,tcp_34040,tcp,34040,Slowloris,Malware,DoS,Slowloris
Thursday-15-02-2018_449.pcap,tcp_32630,tcp,32630,Slowloris,Malware,DoS,Slowloris
Thursday-15-02-2018_449.pcap,tcp_27712,tcp,27712,Slowloris,Malware,DoS,Slowloris
Thursday-15-02-2018_449.pcap,tcp_27713,tcp,27713,Slowloris,Malware,DoS,Slowloris
Thursday-15-02-2018_449.pcap,tcp_27714,tcp,27714,Slowloris,Malware,DoS,Slowloris
Thursday-15-02-2018_449.pcap,tcp_34182,tcp,34182,Slowloris,Malware,DoS,Slowloris
Thursday-15-02-2018_449.pcap,tcp_27716,tcp,27716,Slowloris,Malware,DoS,Slowloris
Thursday-15-02-2018_449.pcap,tcp_31343,tcp,31343,Slowloris,Malware,DoS,Slowloris
Thursday-15-02-2018_449.pcap,tcp_31935,tcp,31935,Slowloris,Malware,DoS,Slowloris
Thursday-15-02-2018_449.pcap,tcp_28407,tcp,28407,Slowloris,Malware,DoS,Slowloris
Thursday-15-02-2018_449.pcap,tcp_33481,tcp,33481,Slowloris,Malware,DoS,Slowloris
Thursday-15-02-2018_449.pcap,tcp_30364,tcp,30364,Slowloris,Malware,DoS,Slowloris
Thursday-15-02-2018_449.pcap,tcp_27724,tcp,27724,Slowloris,Malware,DoS,Slowloris
Thursday-15-02-2018_449.pcap,tcp_29265,tcp,29265,Slowloris,Malware,DoS,Slowloris
Thursday-15-02-2018_449.pcap,tcp_34211,tcp,34211,Slowloris,Malware,DoS,Slowloris
Thursday-15-02-2018_449.pcap,tcp_34333,tcp,34333,Slowloris,Malware,DoS,Slowloris
Thursday-15-02-2018_449.pcap,tcp_29143,tcp,29143,Slowloris,Malware,DoS,Slowloris
Thursday-15-02-2018_449.pcap,tcp_27730,tcp,27730,Slowloris,Malware,DoS,Slowloris
Thursday-15-02-2018_449.pcap,tcp_31233,tcp,31233,Slowloris,Malware,DoS,Slowloris
Thursday-15-02-2018_449.pcap,tcp_30860,tcp,30860,Slowloris,Malware,DoS,Slowloris
Thursday-15-02-2018_449.pcap,tcp_33916,tcp,33916,Slowloris,Malware,DoS,Slowloris
Thursday-15-02-2018_449.pcap,tcp_30958,tcp,30958,Slowloris,Malware,DoS,Slowloris
Thursday-15-02-2018_449.pcap,tcp_30459,tcp,30459,Slowloris,Malware,DoS,Slowloris
Thursday-15-02-2018_449.pcap,tcp_33386,tcp,33386,Slowloris,Malware,DoS,Slowloris
Thursday-15-02-2018_449.pcap,tcp_33854,tcp,33854,Slowloris,Malware,DoS,Slowloris
Thursday-15-02-2018_449.pcap,tcp_30991,tcp,30991,Slowloris,Malware,DoS,Slowloris
Thursday-15-02-2018_449.pcap,tcp_29176,tcp,29176,Slowloris,Malware,DoS,Slowloris
Thursday-15-02-2018_449.pcap,tcp_33868,tcp,33868,Slowloris,Malware,DoS,Slowloris
Thursday-15-02-2018_449.pcap,tcp_29912,tcp,29912,Slowloris,Malware,DoS,Slowloris
Thursday-15-02-2018_449.pcap,tcp_31996,tcp,31996,Slowloris,Malware,DoS,Slowloris
Thursday-15-02-2018_449.pcap,tcp_29177,tcp,29177,Slowloris,Malware,DoS,Slowloris
Thursday-15-02-2018_449.pcap,tcp_32457,tcp,32457,Slowloris,Malware,DoS,Slowloris
Thursday-15-02-2018_449.pcap,tcp_27747,tcp,27747,Slowloris,Malware,DoS,Slowloris
Thursday-15-02-2018_449.pcap,tcp_34218,tcp,34218,Slowloris,Malware,DoS,Slowloris
Thursday-15-02-2018_449.pcap,tcp_28933,tcp,28933,Slowloris,Malware,DoS,Slowloris
Thursday-15-02-2018_449.pcap,tcp_29068,tcp,29068,Slowloris,Malware,DoS,Slowloris
Thursday-15-02-2018_449.pcap,tcp_29439,tcp,29439,Slowloris,Malware,DoS,Slowloris
Thursday-15-02-2018_449.pcap,tcp_32863,tcp,32863,Slowloris,Malware,DoS,Slowloris
Thursday-15-02-2018_449.pcap,tcp_30130,tcp,30130,Slowloris,Malware,DoS,Slowloris
Thursday-15-02-2018_449.pcap,tcp_31838,tcp,31838,Slowloris,Malware,DoS,Slowloris
Thursday-15-02-2018_449.pcap,tcp_29202,tcp,29202,Slowloris,Malware,DoS,Slowloris
Thursday-15-02-2018_449.pcap,tcp_29890,tcp,29890,Slowloris,Malware,DoS,Slowloris
Thursday-15-02-2018_449.pcap,tcp_31295,tcp,31295,Slowloris,Malware,DoS,Slowloris
Thursday-15-02-2018_449.pcap,tcp_31004,tcp,31004,Slowloris,Malware,DoS,Slowloris
Thursday-15-02-2018_449.pcap,tcp_32381,tcp,32381,Slowloris,Malware,DoS,Slowloris
Thursday-15-02-2018_449.pcap,tcp_33103,tcp,33103,Slowloris,Malware,DoS,Slowloris
Thursday-15-02-2018_449.pcap,tcp_33601,tcp,33601,Slowloris,Malware,DoS,Slowloris
Thursday-15-02-2018_449.pcap,tcp_27769,tcp,27769,Slowloris,Malware,DoS,Slowloris
Thursday-15-02-2018_449.pcap,tcp_31657,tcp,31657,Slowloris,Malware,DoS,Slowloris
Thursday-15-02-2018_449.pcap,tcp_27771,tcp,27771,Slowloris,Malware,DoS,Slowloris
Thursday-15-02-2018_449.pcap,tcp_33644,tcp,33644,Slowloris,Malware,DoS,Slowloris
Thursday-15-02-2018_449.pcap,tcp_31163,tcp,31163,Slowloris,Malware,DoS,Slowloris
Thursday-15-02-2018_449.pcap,tcp_29991,tcp,29991,Slowloris,Malware,DoS,Slowloris
Thursday-15-02-2018_449.pcap,tcp_32851,tcp,32851,Slowloris,Malware,DoS,Slowloris
Thursday-15-02-2018_449.pcap,tcp_32127,tcp,32127,Slowloris,Malware,DoS,Slowloris
Thursday-15-02-2018_449.pcap,tcp_27778,tcp,27778,Slowloris,Malware,DoS,Slowloris
Thursday-15-02-2018_449.pcap,tcp_33825,tcp,33825,Slowloris,Malware,DoS,Slowloris
Thursday-15-02-2018_449.pcap,tcp_29582,tcp,29582,Slowloris,Malware,DoS,Slowloris
Thursday-15-02-2018_449.pcap,tcp_27782,tcp,27782,Slowloris,Malware,DoS,Slowloris
Thursday-15-02-2018_449.pcap,tcp_29695,tcp,29695,Slowloris,Malware,DoS,Slowloris
Thursday-15-02-2018_449.pcap,tcp_32528,tcp,32528,Slowloris,Malware,DoS,Slowloris
Thursday-15-02-2018_449.pcap,tcp_31357,tcp,31357,Slowloris,Malware,DoS,Slowloris
Thursday-15-02-2018_449.pcap,tcp_34110,tcp,34110,Slowloris,Malware,DoS,Slowloris
Thursday-15-02-2018_449.pcap,tcp_33658,tcp,33658,Slowloris,Malware,DoS,Slowloris
Thursday-15-02-2018_449.pcap,tcp_32991,tcp,32991,Slowloris,Malware,DoS,Slowloris
Thursday-15-02-2018_449.pcap,tcp_32794,tcp,32794,Slowloris,Malware,DoS,Slowloris
Thursday-15-02-2018_449.pcap,tcp_29578,tcp,29578,Slowloris,Malware,DoS,Slowloris
Thursday-15-02-2018_449.pcap,tcp_31866,tcp,31866,Slowloris,Malware,DoS,Slowloris
Thursday-15-02-2018_449.pcap,tcp_28572,tcp,28572,Slowloris,Malware,DoS,Slowloris
Thursday-15-02-2018_449.pcap,tcp_27794,tcp,27794,Slowloris,Malware,DoS,Slowloris
Thursday-15-02-2018_449.pcap,tcp_30887,tcp,30887,Slowloris,Malware,DoS,Slowloris
Thursday-15-02-2018_449.pcap,tcp_31872,tcp,31872,Slowloris,Malware,DoS,Slowloris
Thursday-15-02-2018_449.pcap,tcp_32855,tcp,32855,Slowloris,Malware,DoS,Slowloris
Thursday-15-02-2018_449.pcap,tcp_30964,tcp,30964,Slowloris,Malware,DoS,Slowloris
Thursday-15-02-2018_449.pcap,tcp_27800,tcp,27800,Slowloris,Malware,DoS,Slowloris
Thursday-15-02-2018_449.pcap,tcp_29175,tcp,29175,Slowloris,Malware,DoS,Slowloris
Thursday-15-02-2018_449.pcap,tcp_27802,tcp,27802,Slowloris,Malware,DoS,Slowloris
Thursday-15-02-2018_449.pcap,tcp_29900,tcp,29900,Slowloris,Malware,DoS,Slowloris
Thursday-15-02-2018_449.pcap,tcp_32878,tcp,32878,Slowloris,Malware,DoS,Slowloris
Thursday-15-02-2018_449.pcap,tcp_28970,tcp,28970,Slowloris,Malware,DoS,Slowloris
Thursday-15-02-2018_449.pcap,tcp_32196,tcp,32196,Slowloris,Malware,DoS,Slowloris
Thursday-15-02-2018_449.pcap,tcp_34181,tcp,34181,Slowloris,Malware,DoS,Slowloris
Thursday-15-02-2018_449.pcap,tcp_28742,tcp,28742,Slowloris,Malware,DoS,Slowloris
Thursday-15-02-2018_449.pcap,tcp_33152,tcp,33152,Slowloris,Malware,DoS,Slowloris
Thursday-15-02-2018_449.pcap,tcp_30391,tcp,30391,Slowloris,Malware,DoS,Slowloris
Thursday-15-02-2018_449.pcap,tcp_33766,tcp,33766,Slowloris,Malware,DoS,Slowloris
Thursday-15-02-2018_449.pcap,tcp_31563,tcp,31563,Slowloris,Malware,DoS,Slowloris
Thursday-15-02-2018_449.pcap,tcp_27817,tcp,27817,Slowloris,Malware,DoS,Slowloris
Thursday-15-02-2018_449.pcap,tcp_33714,tcp,33714,Slowloris,Malware,DoS,Slowloris
Thursday-15-02-2018_449.pcap,tcp_33200,tcp,33200,Slowloris,Malware,DoS,Slowloris
Thursday-15-02-2018_449.pcap,tcp_27820,tcp,27820,Slowloris,Malware,DoS,Slowloris
Thursday-15-02-2018_449.pcap,tcp_33645,tcp,33645,Slowloris,Malware,DoS,Slowloris
Thursday-15-02-2018_449.pcap,tcp_30324,tcp,30324,Slowloris,Malware,DoS,Slowloris
Thursday-15-02-2018_449.pcap,tcp_30697,tcp,30697,Slowloris,Malware,DoS,Slowloris
Thursday-15-02-2018_449.pcap,tcp_27826,tcp,27826,Slowloris,Malware,DoS,Slowloris
Thursday-15-02-2018_449.pcap,tcp_34114,tcp,34114,Slowloris,Malware,DoS,Slowloris
Thursday-15-02-2018_449.pcap,tcp_27828,tcp,27828,Slowloris,Malware,DoS,Slowloris
Thursday-15-02-2018_449.pcap,tcp_33896,tcp,33896,Slowloris,Malware,DoS,Slowloris
Thursday-15-02-2018_449.pcap,tcp_30709,tcp,30709,Slowloris,Malware,DoS,Slowloris
Thursday-15-02-2018_449.pcap,tcp_31023,tcp,31023,Slowloris,Malware,DoS,Slowloris
Thursday-15-02-2018_449.pcap,tcp_28929,tcp,28929,Slowloris,Malware,DoS,Slowloris
Thursday-15-02-2018_449.pcap,tcp_29998,tcp,29998,Slowloris,Malware,DoS,Slowloris
Thursday-15-02-2018_449.pcap,tcp_31283,tcp,31283,Slowloris,Malware,DoS,Slowloris
Thursday-15-02-2018_449.pcap,tcp_29271,tcp,29271,Slowloris,Malware,DoS,Slowloris
Thursday-15-02-2018_449.pcap,tcp_30370,tcp,30370,Slowloris,Malware,DoS,Slowloris
Thursday-15-02-2018_449.pcap,tcp_33791,tcp,33791,Slowloris,Malware,DoS,Slowloris
Thursday-15-02-2018_449.pcap,tcp_27841,tcp,27841,Slowloris,Malware,DoS,Slowloris
Thursday-15-02-2018_449.pcap,tcp_33310,tcp,33310,Slowloris,Malware,DoS,Slowloris
Thursday-15-02-2018_449.pcap,tcp_29282,tcp,29282,Slowloris,Malware,DoS,Slowloris
Thursday-15-02-2018_449.pcap,tcp_29701,tcp,29701,Slowloris,Malware,DoS,Slowloris
Thursday-15-02-2018_449.pcap,tcp_31181,tcp,31181,Slowloris,Malware,DoS,Slowloris
Thursday-15-02-2018_449.pcap,tcp_33672,tcp,33672,Slowloris,Malware,DoS,Slowloris
Thursday-15-02-2018_449.pcap,tcp_29665,tcp,29665,Slowloris,Malware,DoS,Slowloris
Thursday-15-02-2018_449.pcap,tcp_29431,tcp,29431,Slowloris,Malware,DoS,Slowloris
Thursday-15-02-2018_449.pcap,tcp_30717,tcp,30717,Slowloris,Malware,DoS,Slowloris
Thursday-15-02-2018_449.pcap,tcp_32194,tcp,32194,Slowloris,Malware,DoS,Slowloris
Thursday-15-02-2018_449.pcap,tcp_31968,tcp,31968,Slowloris,Malware,DoS,Slowloris
Thursday-15-02-2018_449.pcap,tcp_29208,tcp,29208,Slowloris,Malware,DoS,Slowloris
Thursday-15-02-2018_449.pcap,tcp_29028,tcp,29028,Slowloris,Malware,DoS,Slowloris
Thursday-15-02-2018_449.pcap,tcp_32836,tcp,32836,Slowloris,Malware,DoS,Slowloris
Thursday-15-02-2018_449.pcap,tcp_34016,tcp,34016,Slowloris,Malware,DoS,Slowloris
Thursday-15-02-2018_449.pcap,tcp_31464,tcp,31464,Slowloris,Malware,DoS,Slowloris
Thursday-15-02-2018_449.pcap,tcp_31107,tcp,31107,Slowloris,Malware,DoS,Slowloris
Thursday-15-02-2018_449.pcap,tcp_28513,tcp,28513,Slowloris,Malware,DoS,Slowloris
Thursday-15-02-2018_449.pcap,tcp_31465,tcp,31465,Slowloris,Malware,DoS,Slowloris
Thursday-15-02-2018_449.pcap,tcp_27862,tcp,27862,Slowloris,Malware,DoS,Slowloris
Thursday-15-02-2018_449.pcap,tcp_33589,tcp,33589,Slowloris,Malware,DoS,Slowloris
Thursday-15-02-2018_449.pcap,tcp_28345,tcp,28345,Slowloris,Malware,DoS,Slowloris
Thursday-15-02-2018_449.pcap,tcp_28837,tcp,28837,Slowloris,Malware,DoS,Slowloris
Thursday-15-02-2018_449.pcap,tcp_30603,tcp,30603,Slowloris,Malware,DoS,Slowloris
Thursday-15-02-2018_449.pcap,tcp_32361,tcp,32361,Slowloris,Malware,DoS,Slowloris
Thursday-15-02-2018_449.pcap,tcp_33078,tcp,33078,Slowloris,Malware,DoS,Slowloris
Thursday-15-02-2018_449.pcap,tcp_33976,tcp,33976,Slowloris,Malware,DoS,Slowloris
Thursday-15-02-2018_449.pcap,tcp_28922,tcp,28922,Slowloris,Malware,DoS,Slowloris
Thursday-15-02-2018_449.pcap,tcp_27872,tcp,27872,Slowloris,Malware,DoS,Slowloris
Thursday-15-02-2018_449.pcap,tcp_33055,tcp,33055,Slowloris,Malware,DoS,Slowloris
Thursday-15-02-2018_449.pcap,tcp_34236,tcp,34236,Slowloris,Malware,DoS,Slowloris
Thursday-15-02-2018_449.pcap,tcp_30215,tcp,30215,Slowloris,Malware,DoS,Slowloris
Thursday-15-02-2018_449.pcap,tcp_28940,tcp,28940,Slowloris,Malware,DoS,Slowloris
Thursday-15-02-2018_449.pcap,tcp_32806,tcp,32806,Slowloris,Malware,DoS,Slowloris
Thursday-15-02-2018_449.pcap,tcp_30149,tcp,30149,Slowloris,Malware,DoS,Slowloris
Thursday-15-02-2018_449.pcap,tcp_32722,tcp,32722,Slowloris,Malware,DoS,Slowloris
Thursday-15-02-2018_449.pcap,tcp_32845,tcp,32845,Slowloris,Malware,DoS,Slowloris
Thursday-15-02-2018_449.pcap,tcp_30523,tcp,30523,Slowloris,Malware,DoS,Slowloris
Thursday-15-02-2018_449.pcap,tcp_31266,tcp,31266,Slowloris,Malware,DoS,Slowloris
Thursday-15-02-2018_449.pcap,tcp_30064,tcp,30064,Slowloris,Malware,DoS,Slowloris
Thursday-15-02-2018_449.pcap,tcp_29555,tcp,29555,Slowloris,Malware,DoS,Slowloris
Thursday-15-02-2018_449.pcap,tcp_30134,tcp,30134,Slowloris,Malware,DoS,Slowloris
Thursday-15-02-2018_449.pcap,tcp_33001,tcp,33001,Slowloris,Malware,DoS,Slowloris
Thursday-15-02-2018_449.pcap,tcp_29954,tcp,29954,Slowloris,Malware,DoS,Slowloris
Thursday-15-02-2018_449.pcap,tcp_28718,tcp,28718,Slowloris,Malware,DoS,Slowloris
Thursday-15-02-2018_449.pcap,tcp_30052,tcp,30052,Slowloris,Malware,DoS,Slowloris
Thursday-15-02-2018_449.pcap,tcp_28540,tcp,28540,Slowloris,Malware,DoS,Slowloris
Thursday-15-02-2018_449.pcap,tcp_29440,tcp,29440,Slowloris,Malware,DoS,Slowloris
Thursday-15-02-2018_449.pcap,tcp_31314,tcp,31314,Slowloris,Malware,DoS,Slowloris
Thursday-15-02-2018_449.pcap,tcp_27898,tcp,27898,Slowloris,Malware,DoS,Slowloris
Thursday-15-02-2018_449.pcap,tcp_29518,tcp,29518,Slowloris,Malware,DoS,Slowloris
Thursday-15-02-2018_449.pcap,tcp_33734,tcp,33734,Slowloris,Malware,DoS,Slowloris
Thursday-15-02-2018_449.pcap,tcp_30623,tcp,30623,Slowloris,Malware,DoS,Slowloris
Thursday-15-02-2018_449.pcap,tcp_32730,tcp,32730,Slowloris,Malware,DoS,Slowloris
Thursday-15-02-2018_449.pcap,tcp_32138,tcp,32138,Slowloris,Malware,DoS,Slowloris
Thursday-15-02-2018_449.pcap,tcp_28768,tcp,28768,Slowloris,Malware,DoS,Slowloris
Thursday-15-02-2018_449.pcap,tcp_31062,tcp,31062,Slowloris,Malware,DoS,Slowloris
Thursday-15-02-2018_449.pcap,tcp_28642,tcp,28642,Slowloris,Malware,DoS,Slowloris
Thursday-15-02-2018_449.pcap,tcp_29226,tcp,29226,Slowloris,Malware,DoS,Slowloris
Thursday-15-02-2018_449.pcap,tcp_31680,tcp,31680,Slowloris,Malware,DoS,Slowloris
Thursday-15-02-2018_449.pcap,tcp_30772,tcp,30772,Slowloris,Malware,DoS,Slowloris
Thursday-15-02-2018_449.pcap,tcp_32922,tcp,32922,Slowloris,Malware,DoS,Slowloris
Thursday-15-02-2018_449.pcap,tcp_32941,tcp,32941,Slowloris,Malware,DoS,Slowloris
Thursday-15-02-2018_449.pcap,tcp_33525,tcp,33525,Slowloris,Malware,DoS,Slowloris
Thursday-15-02-2018_449.pcap,tcp_34166,tcp,34166,Slowloris,Malware,DoS,Slowloris
Thursday-15-02-2018_449.pcap,tcp_31412,tcp,31412,Slowloris,Malware,DoS,Slowloris
Thursday-15-02-2018_449.pcap,tcp_30193,tcp,30193,Slowloris,Malware,DoS,Slowloris
Thursday-15-02-2018_449.pcap,tcp_27920,tcp,27920,Slowloris,Malware,DoS,Slowloris
Thursday-15-02-2018_449.pcap,tcp_27921,tcp,27921,Slowloris,Malware,DoS,Slowloris
Thursday-15-02-2018_449.pcap,tcp_27922,tcp,27922,Slowloris,Malware,DoS,Slowloris
Thursday-15-02-2018_449.pcap,tcp_32049,tcp,32049,Slowloris,Malware,DoS,Slowloris
Thursday-15-02-2018_449.pcap,tcp_27925,tcp,27925,Slowloris,Malware,DoS,Slowloris
Thursday-15-02-2018_449.pcap,tcp_28999,tcp,28999,Slowloris,Malware,DoS,Slowloris
Thursday-15-02-2018_449.pcap,tcp_31053,tcp,31053,Slowloris,Malware,DoS,Slowloris
Thursday-15-02-2018_449.pcap,tcp_27928,tcp,27928,Slowloris,Malware,DoS,Slowloris
Thursday-15-02-2018_449.pcap,tcp_29544,tcp,29544,Slowloris,Malware,DoS,Slowloris
Thursday-15-02-2018_449.pcap,tcp_31727,tcp,31727,Slowloris,Malware,DoS,Slowloris
Thursday-15-02-2018_449.pcap,tcp_33266,tcp,33266,Slowloris,Malware,DoS,Slowloris
Thursday-15-02-2018_449.pcap,tcp_32804,tcp,32804,Slowloris,Malware,DoS,Slowloris
Thursday-15-02-2018_449.pcap,tcp_31389,tcp,31389,Slowloris,Malware,DoS,Slowloris
Thursday-15-02-2018_449.pcap,tcp_31427,tcp,31427,Slowloris,Malware,DoS,Slowloris
Thursday-15-02-2018_449.pcap,tcp_32341,tcp,32341,Slowloris,Malware,DoS,Slowloris
Thursday-15-02-2018_449.pcap,tcp_33352,tcp,33352,Slowloris,Malware,DoS,Slowloris
Thursday-15-02-2018_449.pcap,tcp_31612,tcp,31612,Slowloris,Malware,DoS,Slowloris
Thursday-15-02-2018_449.pcap,tcp_30393,tcp,30393,Slowloris,Malware,DoS,Slowloris
Thursday-15-02-2018_449.pcap,tcp_32057,tcp,32057,Slowloris,Malware,DoS,Slowloris
Thursday-15-02-2018_449.pcap,tcp_27943,tcp,27943,Slowloris,Malware,DoS,Slowloris
Thursday-15-02-2018_449.pcap,tcp_29765,tcp,29765,Slowloris,Malware,DoS,Slowloris
Thursday-15-02-2018_449.pcap,tcp_29767,tcp,29767,Slowloris,Malware,DoS,Slowloris
Thursday-15-02-2018_449.pcap,tcp_31073,tcp,31073,Slowloris,Malware,DoS,Slowloris
Thursday-15-02-2018_449.pcap,tcp_32093,tcp,32093,Slowloris,Malware,DoS,Slowloris
Thursday-15-02-2018_449.pcap,tcp_29490,tcp,29490,Slowloris,Malware,DoS,Slowloris
Thursday-15-02-2018_449.pcap,tcp_32552,tcp,32552,Slowloris,Malware,DoS,Slowloris
Thursday-15-02-2018_449.pcap,tcp_30014,tcp,30014,Slowloris,Malware,DoS,Slowloris
Thursday-15-02-2018_449.pcap,tcp_27953,tcp,27953,Slowloris,Malware,DoS,Slowloris
Thursday-15-02-2018_449.pcap,tcp_30539,tcp,30539,Slowloris,Malware,DoS,Slowloris
Thursday-15-02-2018_449.pcap,tcp_28333,tcp,28333,Slowloris,Malware,DoS,Slowloris
Thursday-15-02-2018_449.pcap,tcp_33633,tcp,33633,Slowloris,Malware,DoS,Slowloris
Thursday-15-02-2018_449.pcap,tcp_29559,tcp,29559,Slowloris,Malware,DoS,Slowloris
Thursday-15-02-2018_449.pcap,tcp_30579,tcp,30579,Slowloris,Malware,DoS,Slowloris
Thursday-15-02-2018_449.pcap,tcp_29670,tcp,29670,Slowloris,Malware,DoS,Slowloris
Thursday-15-02-2018_449.pcap,tcp_32980,tcp,32980,Slowloris,Malware,DoS,Slowloris
Thursday-15-02-2018_449.pcap,tcp_30896,tcp,30896,Slowloris,Malware,DoS,Slowloris
Thursday-15-02-2018_449.pcap,tcp_29010,tcp,29010,Slowloris,Malware,DoS,Slowloris
Thursday-15-02-2018_449.pcap,tcp_32592,tcp,32592,Slowloris,Malware,DoS,Slowloris
Thursday-15-02-2018_449.pcap,tcp_32403,tcp,32403,Slowloris,Malware,DoS,Slowloris
Thursday-15-02-2018_449.pcap,tcp_29645,tcp,29645,Slowloris,Malware,DoS,Slowloris
Thursday-15-02-2018_449.pcap,tcp_32785,tcp,32785,Slowloris,Malware,DoS,Slowloris
Thursday-15-02-2018_449.pcap,tcp_30475,tcp,30475,Slowloris,Malware,DoS,Slowloris
Thursday-15-02-2018_449.pcap,tcp_29828,tcp,29828,Slowloris,Malware,DoS,Slowloris
Thursday-15-02-2018_449.pcap,tcp_33510,tcp,33510,Slowloris,Malware,DoS,Slowloris
Thursday-15-02-2018_449.pcap,tcp_29749,tcp,29749,Slowloris,Malware,DoS,Slowloris
Thursday-15-02-2018_449.pcap,tcp_29029,tcp,29029,Slowloris,Malware,DoS,Slowloris
Thursday-15-02-2018_449.pcap,tcp_29860,tcp,29860,Slowloris,Malware,DoS,Slowloris
Thursday-15-02-2018_449.pcap,tcp_28758,tcp,28758,Slowloris,Malware,DoS,Slowloris
Thursday-15-02-2018_449.pcap,tcp_31036,tcp,31036,Slowloris,Malware,DoS,Slowloris
Thursday-15-02-2018_449.pcap,tcp_32386,tcp,32386,Slowloris,Malware,DoS,Slowloris
Thursday-15-02-2018_449.pcap,tcp_27986,tcp,27986,Slowloris,Malware,DoS,Slowloris
Thursday-15-02-2018_449.pcap,tcp_33356,tcp,33356,Slowloris,Malware,DoS,Slowloris
Thursday-15-02-2018_449.pcap,tcp_33939,tcp,33939,Slowloris,Malware,DoS,Slowloris
Thursday-15-02-2018_449.pcap,tcp_30838,tcp,30838,Slowloris,Malware,DoS,Slowloris
Thursday-15-02-2018_449.pcap,tcp_31157,tcp,31157,Slowloris,Malware,DoS,Slowloris
Thursday-15-02-2018_449.pcap,tcp_27991,tcp,27991,Slowloris,Malware,DoS,Slowloris
Thursday-15-02-2018_449.pcap,tcp_27992,tcp,27992,Slowloris,Malware,DoS,Slowloris
Thursday-15-02-2018_449.pcap,tcp_29716,tcp,29716,Slowloris,Malware,DoS,Slowloris
Thursday-15-02-2018_449.pcap,tcp_30982,tcp,30982,Slowloris,Malware,DoS,Slowloris
Thursday-15-02-2018_449.pcap,tcp_28425,tcp,28425,Slowloris,Malware,DoS,Slowloris
Thursday-15-02-2018_449.pcap,tcp_29682,tcp,29682,Slowloris,Malware,DoS,Slowloris
Thursday-15-02-2018_449.pcap,tcp_29864,tcp,29864,Slowloris,Malware,DoS,Slowloris
Thursday-15-02-2018_449.pcap,tcp_32652,tcp,32652,Slowloris,Malware,DoS,Slowloris
Thursday-15-02-2018_449.pcap,tcp_28003,tcp,28003,Slowloris,Malware,DoS,Slowloris
Thursday-15-02-2018_449.pcap,tcp_30452,tcp,30452,Slowloris,Malware,DoS,Slowloris
Thursday-15-02-2018_449.pcap,tcp_29554,tcp,29554,Slowloris,Malware,DoS,Slowloris
Thursday-15-02-2018_449.pcap,tcp_29449,tcp,29449,Slowloris,Malware,DoS,Slowloris
Thursday-15-02-2018_449.pcap,tcp_31114,tcp,31114,Slowloris,Malware,DoS,Slowloris
Thursday-15-02-2018_449.pcap,tcp_33176,tcp,33176,Slowloris,Malware,DoS,Slowloris
Thursday-15-02-2018_449.pcap,tcp_34327,tcp,34327,Slowloris,Malware,DoS,Slowloris
Thursday-15-02-2018_449.pcap,tcp_30752,tcp,30752,Slowloris,Malware,DoS,Slowloris
Thursday-15-02-2018_449.pcap,tcp_28995,tcp,28995,Slowloris,Malware,DoS,Slowloris
Thursday-15-02-2018_449.pcap,tcp_30400,tcp,30400,Slowloris,Malware,DoS,Slowloris
Thursday-15-02-2018_449.pcap,tcp_30899,tcp,30899,Slowloris,Malware,DoS,Slowloris
Thursday-15-02-2018_449.pcap,tcp_30851,tcp,30851,Slowloris,Malware,DoS,Slowloris
Thursday-15-02-2018_449.pcap,tcp_32813,tcp,32813,Slowloris,Malware,DoS,Slowloris
Thursday-15-02-2018_449.pcap,tcp_31798,tcp,31798,Slowloris,Malware,DoS,Slowloris
Thursday-15-02-2018_449.pcap,tcp_30699,tcp,30699,Slowloris,Malware,DoS,Slowloris
Thursday-15-02-2018_449.pcap,tcp_28023,tcp,28023,Slowloris,Malware,DoS,Slowloris
Thursday-15-02-2018_449.pcap,tcp_30796,tcp,30796,Slowloris,Malware,DoS,Slowloris
Thursday-15-02-2018_449.pcap,tcp_33396,tcp,33396,Slowloris,Malware,DoS,Slowloris
Thursday-15-02-2018_449.pcap,tcp_28027,tcp,28027,Slowloris,Malware,DoS,Slowloris
Thursday-15-02-2018_449.pcap,tcp_31566,tcp,31566,Slowloris,Malware,DoS,Slowloris
Thursday-15-02-2018_449.pcap,tcp_31231,tcp,31231,Slowloris,Malware,DoS,Slowloris
Thursday-15-02-2018_449.pcap,tcp_34191,tcp,34191,Slowloris,Malware,DoS,Slowloris
Thursday-15-02-2018_449.pcap,tcp_31169,tcp,31169,Slowloris,Malware,DoS,Slowloris
Thursday-15-02-2018_449.pcap,tcp_30155,tcp,30155,Slowloris,Malware,DoS,Slowloris
Thursday-15-02-2018_449.pcap,tcp_28033,tcp,28033,Slowloris,Malware,DoS,Slowloris
Thursday-15-02-2018_449.pcap,tcp_30654,tcp,30654,Slowloris,Malware,DoS,Slowloris
Thursday-15-02-2018_449.pcap,tcp_31571,tcp,31571,Slowloris,Malware,DoS,Slowloris
Thursday-15-02-2018_449.pcap,tcp_32546,tcp,32546,Slowloris,Malware,DoS,Slowloris
Thursday-15-02-2018_449.pcap,tcp_31280,tcp,31280,Slowloris,Malware,DoS,Slowloris
Thursday-15-02-2018_449.pcap,tcp_29247,tcp,29247,Slowloris,Malware,DoS,Slowloris
Thursday-15-02-2018_449.pcap,tcp_33255,tcp,33255,Slowloris,Malware,DoS,Slowloris
Thursday-15-02-2018_449.pcap,tcp_28041,tcp,28041,Slowloris,Malware,DoS,Slowloris
Thursday-15-02-2018_449.pcap,tcp_33043,tcp,33043,Slowloris,Malware,DoS,Slowloris
Thursday-15-02-2018_449.pcap,tcp_33530,tcp,33530,Slowloris,Malware,DoS,Slowloris
Thursday-15-02-2018_449.pcap,tcp_28046,tcp,28046,Slowloris,Malware,DoS,Slowloris
Thursday-15-02-2018_449.pcap,tcp_30024,tcp,30024,Slowloris,Malware,DoS,Slowloris
Thursday-15-02-2018_449.pcap,tcp_32799,tcp,32799,Slowloris,Malware,DoS,Slowloris
Thursday-15-02-2018_449.pcap,tcp_33962,tcp,33962,Slowloris,Malware,DoS,Slowloris
Thursday-15-02-2018_449.pcap,tcp_31279,tcp,31279,Slowloris,Malware,DoS,Slowloris
Thursday-15-02-2018_449.pcap,tcp_28505,tcp,28505,Slowloris,Malware,DoS,Slowloris
Thursday-15-02-2018_449.pcap,tcp_29526,tcp,29526,Slowloris,Malware,DoS,Slowloris
Thursday-15-02-2018_449.pcap,tcp_31763,tcp,31763,Slowloris,Malware,DoS,Slowloris
Thursday-15-02-2018_449.pcap,tcp_32934,tcp,32934,Slowloris,Malware,DoS,Slowloris
Thursday-15-02-2018_449.pcap,tcp_30235,tcp,30235,Slowloris,Malware,DoS,Slowloris
Thursday-15-02-2018_449.pcap,tcp_30740,tcp,30740,Slowloris,Malware,DoS,Slowloris
Thursday-15-02-2018_449.pcap,tcp_31030,tcp,31030,Slowloris,Malware,DoS,Slowloris
Thursday-15-02-2018_449.pcap,tcp_28597,tcp,28597,Slowloris,Malware,DoS,Slowloris
Thursday-15-02-2018_449.pcap,tcp_28066,tcp,28066,Slowloris,Malware,DoS,Slowloris
Thursday-15-02-2018_449.pcap,tcp_28067,tcp,28067,Slowloris,Malware,DoS,Slowloris
Thursday-15-02-2018_449.pcap,tcp_30183,tcp,30183,Slowloris,Malware,DoS,Slowloris
Thursday-15-02-2018_449.pcap,tcp_32227,tcp,32227,Slowloris,Malware,DoS,Slowloris
Thursday-15-02-2018_449.pcap,tcp_30086,tcp,30086,Slowloris,Malware,DoS,Slowloris
Thursday-15-02-2018_449.pcap,tcp_33385,tcp,33385,Slowloris,Malware,DoS,Slowloris
Thursday-15-02-2018_449.pcap,tcp_28072,tcp,28072,Slowloris,Malware,DoS,Slowloris
Thursday-15-02-2018_449.pcap,tcp_29154,tcp,29154,Slowloris,Malware,DoS,Slowloris
Thursday-15-02-2018_449.pcap,tcp_29960,tcp,29960,Slowloris,Malware,DoS,Slowloris
Thursday-15-02-2018_449.pcap,tcp_29683,tcp,29683,Slowloris,Malware,DoS,Slowloris
Thursday-15-02-2018_449.pcap,tcp_31985,tcp,31985,Slowloris,Malware,DoS,Slowloris
Thursday-15-02-2018_449.pcap,tcp_29805,tcp,29805,Slowloris,Malware,DoS,Slowloris
Thursday-15-02-2018_449.pcap,tcp_32321,tcp,32321,Slowloris,Malware,DoS,Slowloris
Thursday-15-02-2018_449.pcap,tcp_32304,tcp,32304,Slowloris,Malware,DoS,Slowloris
Thursday-15-02-2018_449.pcap,tcp_28610,tcp,28610,Slowloris,Malware,DoS,Slowloris
Thursday-15-02-2018_449.pcap,tcp_31614,tcp,31614,Slowloris,Malware,DoS,Slowloris
Thursday-15-02-2018_449.pcap,tcp_28087,tcp,28087,Slowloris,Malware,DoS,Slowloris
Thursday-15-02-2018_449.pcap,tcp_28089,tcp,28089,Slowloris,Malware,DoS,Slowloris
Thursday-15-02-2018_449.pcap,tcp_29908,tcp,29908,Slowloris,Malware,DoS,Slowloris
Thursday-15-02-2018_449.pcap,tcp_32975,tcp,32975,Slowloris,Malware,DoS,Slowloris
Thursday-15-02-2018_449.pcap,tcp_28535,tcp,28535,Slowloris,Malware,DoS,Slowloris
Thursday-15-02-2018_449.pcap,tcp_33618,tcp,33618,Slowloris,Malware,DoS,Slowloris
Thursday-15-02-2018_449.pcap,tcp_33662,tcp,33662,Slowloris,Malware,DoS,Slowloris
Thursday-15-02-2018_449.pcap,tcp_31998,tcp,31998,Slowloris,Malware,DoS,Slowloris
Thursday-15-02-2018_449.pcap,tcp_32308,tcp,32308,Slowloris,Malware,DoS,Slowloris
Thursday-15-02-2018_449.pcap,tcp_31322,tcp,31322,Slowloris,Malware,DoS,Slowloris
Thursday-15-02-2018_449.pcap,tcp_32069,tcp,32069,Slowloris,Malware,DoS,Slowloris
Thursday-15-02-2018_449.pcap,tcp_32896,tcp,32896,Slowloris,Malware,DoS,Slowloris
Thursday-15-02-2018_449.pcap,tcp_31706,tcp,31706,Slowloris,Malware,DoS,Slowloris
Thursday-15-02-2018_449.pcap,tcp_31194,tcp,31194,Slowloris,Malware,DoS,Slowloris
Thursday-15-02-2018_449.pcap,tcp_33045,tcp,33045,Slowloris,Malware,DoS,Slowloris
Thursday-15-02-2018_449.pcap,tcp_30613,tcp,30613,Slowloris,Malware,DoS,Slowloris
Thursday-15-02-2018_449.pcap,tcp_32977,tcp,32977,Slowloris,Malware,DoS,Slowloris
Thursday-15-02-2018_449.pcap,tcp_33881,tcp,33881,Slowloris,Malware,DoS,Slowloris
Thursday-15-02-2018_449.pcap,tcp_32591,tcp,32591,Slowloris,Malware,DoS,Slowloris
Thursday-15-02-2018_449.pcap,tcp_33737,tcp,33737,Slowloris,Malware,DoS,Slowloris
Thursday-15-02-2018_449.pcap,tcp_31126,tcp,31126,Slowloris,Malware,DoS,Slowloris
Thursday-15-02-2018_449.pcap,tcp_30968,tcp,30968,Slowloris,Malware,DoS,Slowloris
Thursday-15-02-2018_449.pcap,tcp_30564,tcp,30564,Slowloris,Malware,DoS,Slowloris
Thursday-15-02-2018_449.pcap,tcp_28118,tcp,28118,Slowloris,Malware,DoS,Slowloris
Thursday-15-02-2018_449.pcap,tcp_29987,tcp,29987,Slowloris,Malware,DoS,Slowloris
Thursday-15-02-2018_449.pcap,tcp_31936,tcp,31936,Slowloris,Malware,DoS,Slowloris
Thursday-15-02-2018_449.pcap,tcp_30219,tcp,30219,Slowloris,Malware,DoS,Slowloris
Thursday-15-02-2018_449.pcap,tcp_33681,tcp,33681,Slowloris,Malware,DoS,Slowloris
Thursday-15-02-2018_449.pcap,tcp_31930,tcp,31930,Slowloris,Malware,DoS,Slowloris
Thursday-15-02-2018_449.pcap,tcp_33860,tcp,33860,Slowloris,Malware,DoS,Slowloris
Thursday-15-02-2018_449.pcap,tcp_30456,tcp,30456,Slowloris,Malware,DoS,Slowloris
Thursday-15-02-2018_449.pcap,tcp_33559,tcp,33559,Slowloris,Malware,DoS,Slowloris
Thursday-15-02-2018_449.pcap,tcp_32256,tcp,32256,Slowloris,Malware,DoS,Slowloris
Thursday-15-02-2018_449.pcap,tcp_31523,tcp,31523,Slowloris,Malware,DoS,Slowloris
Thursday-15-02-2018_449.pcap,tcp_28133,tcp,28133,Slowloris,Malware,DoS,Slowloris
Thursday-15-02-2018_449.pcap,tcp_29820,tcp,29820,Slowloris,Malware,DoS,Slowloris
Thursday-15-02-2018_449.pcap,tcp_28998,tcp,28998,Slowloris,Malware,DoS,Slowloris
Thursday-15-02-2018_449.pcap,tcp_28139,tcp,28139,Slowloris,Malware,DoS,Slowloris
Thursday-15-02-2018_449.pcap,tcp_28140,tcp,28140,Slowloris,Malware,DoS,Slowloris
Thursday-15-02-2018_449.pcap,tcp_28141,tcp,28141,Slowloris,Malware,DoS,Slowloris
Thursday-15-02-2018_449.pcap,tcp_29758,tcp,29758,Slowloris,Malware,DoS,Slowloris
Thursday-15-02-2018_449.pcap,tcp_28143,tcp,28143,Slowloris,Malware,DoS,Slowloris
Thursday-15-02-2018_449.pcap,tcp_32373,tcp,32373,Slowloris,Malware,DoS,Slowloris
Thursday-15-02-2018_449.pcap,tcp_33770,tcp,33770,Slowloris,Malware,DoS,Slowloris
Thursday-15-02-2018_449.pcap,tcp_33487,tcp,33487,Slowloris,Malware,DoS,Slowloris
Thursday-15-02-2018_449.pcap,tcp_28832,tcp,28832,Slowloris,Malware,DoS,Slowloris
Thursday-15-02-2018_449.pcap,tcp_33435,tcp,33435,Slowloris,Malware,DoS,Slowloris
Thursday-15-02-2018_449.pcap,tcp_33859,tcp,33859,Slowloris,Malware,DoS,Slowloris
Thursday-15-02-2018_449.pcap,tcp_33447,tcp,33447,Slowloris,Malware,DoS,Slowloris
Thursday-15-02-2018_449.pcap,tcp_28356,tcp,28356,Slowloris,Malware,DoS,Slowloris
Thursday-15-02-2018_449.pcap,tcp_32043,tcp,32043,Slowloris,Malware,DoS,Slowloris
Thursday-15-02-2018_449.pcap,tcp_32076,tcp,32076,Slowloris,Malware,DoS,Slowloris
Thursday-15-02-2018_449.pcap,tcp_30161,tcp,30161,Slowloris,Malware,DoS,Slowloris
Thursday-15-02-2018_449.pcap,tcp_28157,tcp,28157,Slowloris,Malware,DoS,Slowloris
Thursday-15-02-2018_449.pcap,tcp_28158,tcp,28158,Slowloris,Malware,DoS,Slowloris
Thursday-15-02-2018_449.pcap,tcp_29906,tcp,29906,Slowloris,Malware,DoS,Slowloris
Thursday-15-02-2018_449.pcap,tcp_34018,tcp,34018,Slowloris,Malware,DoS,Slowloris
Thursday-15-02-2018_449.pcap,tcp_32026,tcp,32026,Slowloris,Malware,DoS,Slowloris
Thursday-15-02-2018_449.pcap,tcp_28163,tcp,28163,Slowloris,Malware,DoS,Slowloris
Thursday-15-02-2018_449.pcap,tcp_32092,tcp,32092,Slowloris,Malware,DoS,Slowloris
Thursday-15-02-2018_449.pcap,tcp_28715,tcp,28715,Slowloris,Malware,DoS,Slowloris
Thursday-15-02-2018_449.pcap,tcp_29847,tcp,29847,Slowloris,Malware,DoS,Slowloris
Thursday-15-02-2018_449.pcap,tcp_33471,tcp,33471,Slowloris,Malware,DoS,Slowloris
Thursday-15-02-2018_449.pcap,tcp_30768,tcp,30768,Slowloris,Malware,DoS,Slowloris
Thursday-15-02-2018_449.pcap,tcp_33056,tcp,33056,Slowloris,Malware,DoS,Slowloris
Thursday-15-02-2018_449.pcap,tcp_28172,tcp,28172,Slowloris,Malware,DoS,Slowloris
Thursday-15-02-2018_449.pcap,tcp_28495,tcp,28495,Slowloris,Malware,DoS,Slowloris
Thursday-15-02-2018_449.pcap,tcp_33629,tcp,33629,Slowloris,Malware,DoS,Slowloris
Thursday-15-02-2018_449.pcap,tcp_29969,tcp,29969,Slowloris,Malware,DoS,Slowloris
Thursday-15-02-2018_449.pcap,tcp_30097,tcp,30097,Slowloris,Malware,DoS,Slowloris
Thursday-15-02-2018_449.pcap,tcp_33751,tcp,33751,Slowloris,Malware,DoS,Slowloris
Thursday-15-02-2018_449.pcap,tcp_29341,tcp,29341,Slowloris,Malware,DoS,Slowloris
Thursday-15-02-2018_449.pcap,tcp_33558,tcp,33558,Slowloris,Malware,DoS,Slowloris
Thursday-15-02-2018_449.pcap,tcp_28180,tcp,28180,Slowloris,Malware,DoS,Slowloris
Thursday-15-02-2018_449.pcap,tcp_28183,tcp,28183,Slowloris,Malware,DoS,Slowloris
Thursday-15-02-2018_449.pcap,tcp_28184,tcp,28184,Slowloris,Malware,DoS,Slowloris
Thursday-15-02-2018_449.pcap,tcp_30608,tcp,30608,Slowloris,Malware,DoS,Slowloris
Thursday-15-02-2018_449.pcap,tcp_30104,tcp,30104,Slowloris,Malware,DoS,Slowloris
Thursday-15-02-2018_449.pcap,tcp_28188,tcp,28188,Slowloris,Malware,DoS,Slowloris
Thursday-15-02-2018_449.pcap,tcp_29263,tcp,29263,Slowloris,Malware,DoS,Slowloris
Thursday-15-02-2018_449.pcap,tcp_31596,tcp,31596,Slowloris,Malware,DoS,Slowloris
Thursday-15-02-2018_449.pcap,tcp_28191,tcp,28191,Slowloris,Malware,DoS,Slowloris
Thursday-15-02-2018_449.pcap,tcp_32081,tcp,32081,Slowloris,Malware,DoS,Slowloris
Thursday-15-02-2018_449.pcap,tcp_31531,tcp,31531,Slowloris,Malware,DoS,Slowloris
Thursday-15-02-2018_449.pcap,tcp_28846,tcp,28846,Slowloris,Malware,DoS,Slowloris
Thursday-15-02-2018_449.pcap,tcp_30900,tcp,30900,Slowloris,Malware,DoS,Slowloris
Thursday-15-02-2018_449.pcap,tcp_31208,tcp,31208,Slowloris,Malware,DoS,Slowloris
Thursday-15-02-2018_449.pcap,tcp_33327,tcp,33327,Slowloris,Malware,DoS,Slowloris
Thursday-15-02-2018_449.pcap,tcp_28201,tcp,28201,Slowloris,Malware,DoS,Slowloris
Thursday-15-02-2018_449.pcap,tcp_29116,tcp,29116,Slowloris,Malware,DoS,Slowloris
Thursday-15-02-2018_449.pcap,tcp_31518,tcp,31518,Slowloris,Malware,DoS,Slowloris
Thursday-15-02-2018_449.pcap,tcp_32618,tcp,32618,Slowloris,Malware,DoS,Slowloris
Thursday-15-02-2018_449.pcap,tcp_29606,tcp,29606,Slowloris,Malware,DoS,Slowloris
Thursday-15-02-2018_449.pcap,tcp_29506,tcp,29506,Slowloris,Malware,DoS,Slowloris
Thursday-15-02-2018_449.pcap,tcp_28997,tcp,28997,Slowloris,Malware,DoS,Slowloris
Thursday-15-02-2018_449.pcap,tcp_28211,tcp,28211,Slowloris,Malware,DoS,Slowloris
Thursday-15-02-2018_449.pcap,tcp_30868,tcp,30868,Slowloris,Malware,DoS,Slowloris
Thursday-15-02-2018_449.pcap,tcp_33218,tcp,33218,Slowloris,Malware,DoS,Slowloris
Thursday-15-02-2018_449.pcap,tcp_33961,tcp,33961,Slowloris,Malware,DoS,Slowloris
Thursday-15-02-2018_449.pcap,tcp_32972,tcp,32972,Slowloris,Malware,DoS,Slowloris
Thursday-15-02-2018_449.pcap,tcp_28217,tcp,28217,Slowloris,Malware,DoS,Slowloris
Thursday-15-02-2018_449.pcap,tcp_28218,tcp,28218,Slowloris,Malware,DoS,Slowloris
Thursday-15-02-2018_449.pcap,tcp_30721,tcp,30721,Slowloris,Malware,DoS,Slowloris
Thursday-15-02-2018_449.pcap,tcp_31451,tcp,31451,Slowloris,Malware,DoS,Slowloris
Thursday-15-02-2018_449.pcap,tcp_30829,tcp,30829,Slowloris,Malware,DoS,Slowloris
Thursday-15-02-2018_449.pcap,tcp_32378,tcp,32378,Slowloris,Malware,DoS,Slowloris
Thursday-15-02-2018_449.pcap,tcp_31947,tcp,31947,Slowloris,Malware,DoS,Slowloris
Thursday-15-02-2018_449.pcap,tcp_28226,tcp,28226,Slowloris,Malware,DoS,Slowloris
Thursday-15-02-2018_449.pcap,tcp_32963,tcp,32963,Slowloris,Malware,DoS,Slowloris
Thursday-15-02-2018_449.pcap,tcp_32347,tcp,32347,Slowloris,Malware,DoS,Slowloris
Thursday-15-02-2018_449.pcap,tcp_29936,tcp,29936,Slowloris,Malware,DoS,Slowloris
Thursday-15-02-2018_449.pcap,tcp_32436,tcp,32436,Slowloris,Malware,DoS,Slowloris
Thursday-15-02-2018_449.pcap,tcp_28232,tcp,28232,Slowloris,Malware,DoS,Slowloris
Thursday-15-02-2018_449.pcap,tcp_33591,tcp,33591,Slowloris,Malware,DoS,Slowloris
Thursday-15-02-2018_449.pcap,tcp_28237,tcp,28237,Slowloris,Malware,DoS,Slowloris
Thursday-15-02-2018_449.pcap,tcp_29201,tcp,29201,Slowloris,Malware,DoS,Slowloris
Thursday-15-02-2018_449.pcap,tcp_30101,tcp,30101,Slowloris,Malware,DoS,Slowloris
Thursday-15-02-2018_449.pcap,tcp_29616,tcp,29616,Slowloris,Malware,DoS,Slowloris
Thursday-15-02-2018_449.pcap,tcp_28354,tcp,28354,Slowloris,Malware,DoS,Slowloris
Thursday-15-02-2018_449.pcap,tcp_29921,tcp,29921,Slowloris,Malware,DoS,Slowloris
Thursday-15-02-2018_449.pcap,tcp_29106,tcp,29106,Slowloris,Malware,DoS,Slowloris
Thursday-15-02-2018_449.pcap,tcp_28244,tcp,28244,Slowloris,Malware,DoS,Slowloris
Thursday-15-02-2018_449.pcap,tcp_28247,tcp,28247,Slowloris,Malware,DoS,Slowloris
Thursday-15-02-2018_449.pcap,tcp_30872,tcp,30872,Slowloris,Malware,DoS,Slowloris
Thursday-15-02-2018_449.pcap,tcp_31000,tcp,31000,Slowloris,Malware,DoS,Slowloris
Thursday-15-02-2018_449.pcap,tcp_31843,tcp,31843,Slowloris,Malware,DoS,Slowloris
Thursday-15-02-2018_449.pcap,tcp_31776,tcp,31776,Slowloris,Malware,DoS,Slowloris
Thursday-15-02-2018_449.pcap,tcp_28253,tcp,28253,Slowloris,Malware,DoS,Slowloris
Thursday-15-02-2018_449.pcap,tcp_28772,tcp,28772,Slowloris,Malware,DoS,Slowloris
Thursday-15-02-2018_449.pcap,tcp_34233,tcp,34233,Slowloris,Malware,DoS,Slowloris
Thursday-15-02-2018_449.pcap,tcp_30609,tcp,30609,Slowloris,Malware,DoS,Slowloris
Thursday-15-02-2018_449.pcap,tcp_29147,tcp,29147,Slowloris,Malware,DoS,Slowloris
Thursday-15-02-2018_449.pcap,tcp_28583,tcp,28583,Slowloris,Malware,DoS,Slowloris
Thursday-15-02-2018_449.pcap,tcp_30855,tcp,30855,Slowloris,Malware,DoS,Slowloris
Thursday-15-02-2018_449.pcap,tcp_33392,tcp,33392,Slowloris,Malware,DoS,Slowloris
Thursday-15-02-2018_449.pcap,tcp_30096,tcp,30096,Slowloris,Malware,DoS,Slowloris
Thursday-15-02-2018_449.pcap,tcp_33544,tcp,33544,Slowloris,Malware,DoS,Slowloris
Thursday-15-02-2018_449.pcap,tcp_28264,tcp,28264,Slowloris,Malware,DoS,Slowloris
Thursday-15-02-2018_449.pcap,tcp_33234,tcp,33234,Slowloris,Malware,DoS,Slowloris
Thursday-15-02-2018_449.pcap,tcp_31823,tcp,31823,Slowloris,Malware,DoS,Slowloris
Thursday-15-02-2018_449.pcap,tcp_30249,tcp,30249,Slowloris,Malware,DoS,Slowloris
Thursday-15-02-2018_449.pcap,tcp_29464,tcp,29464,Slowloris,Malware,DoS,Slowloris
Thursday-15-02-2018_449.pcap,tcp_32024,tcp,32024,Slowloris,Malware,DoS,Slowloris
Thursday-15-02-2018_449.pcap,tcp_28272,tcp,28272,Slowloris,Malware,DoS,Slowloris
Thursday-15-02-2018_449.pcap,tcp_28916,tcp,28916,Slowloris,Malware,DoS,Slowloris
